time_ms,v_soma_mV,v_proximal_dendrite_mV,v_proximal_axon_candidate_mV
0.000000,-65.000000,-65.000000,-65.000000
0.050000,-65.009101,-65.006584,-65.010475
0.100000,-65.015875,-65.012499,-65.017095
0.150000,-65.021575,-65.017776,-65.022714
0.200000,-65.026655,-65.022602,-65.027748
0.250000,-65.031323,-65.027094,-65.032384
0.300000,-65.035690,-65.031331,-65.036728
0.350000,-65.039827,-65.035364,-65.040847
0.400000,-65.043779,-65.039232,-65.044785
0.450000,-65.047578,-65.042960,-65.048572
0.500000,-65.051249,-65.046570,-65.052232
0.550000,-65.054808,-65.050076,-65.055781
0.600000,-65.058269,-65.053492,-65.059234
0.650000,-65.061643,-65.056826,-65.062601
0.700000,-65.064940,-65.060086,-65.065890
0.750000,-65.068165,-65.063280,-65.069109
0.800000,-65.071326,-65.066412,-65.072263
0.850000,-65.074427,-65.069488,-65.075359
0.900000,-65.077474,-65.072511,-65.078400
0.950000,-65.080469,-65.075486,-65.081390
1.000000,-65.083416,-65.078414,-65.084332
1.050000,-65.086319,-65.081299,-65.087230
1.100000,-65.089179,-65.084144,-65.090086
1.150000,-65.092000,-65.086950,-65.092902
1.200000,-65.094783,-65.089720,-65.095681
1.250000,-65.097530,-65.092455,-65.098425
1.300000,-65.100244,-65.095157,-65.101134
1.350000,-65.102925,-65.097827,-65.103811
1.400000,-65.105575,-65.100468,-65.106458
1.450000,-65.108196,-65.103079,-65.109075
1.500000,-65.110789,-65.105663,-65.111664
1.550000,-65.113354,-65.108220,-65.114226
1.600000,-65.115894,-65.110751,-65.116762
1.650000,-65.118408,-65.113258,-65.119273
1.700000,-65.120898,-65.115741,-65.121760
1.750000,-65.123365,-65.118201,-65.124224
1.800000,-65.125809,-65.120639,-65.126665
1.850000,-65.128231,-65.123056,-65.129084
1.900000,-65.130633,-65.125451,-65.131483
1.950000,-65.133014,-65.127827,-65.133861
2.000000,-65.135375,-65.130183,-65.136220
2.050000,-65.137718,-65.132520,-65.138559
2.100000,-65.140041,-65.134839,-65.140880
2.150000,-65.142347,-65.137139,-65.143183
2.200000,-65.144635,-65.139423,-65.145468
2.250000,-65.146906,-65.141689,-65.147737
2.300000,-65.149161,-65.143939,-65.149989
2.350000,-65.151399,-65.146173,-65.152225
2.400000,-65.153621,-65.148392,-65.154445
2.450000,-65.155829,-65.150595,-65.156650
2.500000,-65.158021,-65.152784,-65.158839
2.550000,-65.160199,-65.154957,-65.161015
2.600000,-65.162362,-65.157117,-65.163176
2.650000,-65.164512,-65.159263,-65.165323
2.700000,-65.166648,-65.161396,-65.167457
2.750000,-65.168771,-65.163515,-65.169578
2.800000,-65.170881,-65.165622,-65.171686
2.850000,-65.172978,-65.167715,-65.173781
2.900000,-65.175063,-65.169797,-65.175863
2.950000,-65.177136,-65.171866,-65.177934
3.000000,-65.179196,-65.173924,-65.179992
3.050000,-65.181245,-65.175970,-65.182040
3.100000,-65.183283,-65.178005,-65.184075
3.150000,-65.185310,-65.180029,-65.186100
3.200000,-65.187326,-65.182042,-65.188114
3.250000,-65.189330,-65.184044,-65.190117
3.300000,-65.191325,-65.186035,-65.192109
3.350000,-65.193309,-65.188017,-65.194091
3.400000,-65.195283,-65.189988,-65.196063
3.450000,-65.197247,-65.191950,-65.198025
3.500000,-65.199201,-65.193901,-65.199978
3.550000,-65.201146,-65.195844,-65.201920
3.600000,-65.203081,-65.197776,-65.203854
3.650000,-65.205007,-65.199700,-65.205778
3.700000,-65.206924,-65.201615,-65.207693
3.750000,-65.208832,-65.203520,-65.209599
3.800000,-65.210731,-65.205417,-65.211497
3.850000,-65.212621,-65.207305,-65.213385
3.900000,-65.214503,-65.209185,-65.215266
3.950000,-65.216377,-65.211057,-65.217137
4.000000,-65.218242,-65.212920,-65.219001
4.050000,-65.220099,-65.214775,-65.220856
4.100000,-65.221948,-65.216623,-65.222704
4.150000,-65.223790,-65.218462,-65.224544
4.200000,-65.225623,-65.220294,-65.226376
4.250000,-65.227449,-65.222118,-65.228200
4.300000,-65.229267,-65.223934,-65.230017
4.350000,-65.231078,-65.225744,-65.231826
4.400000,-65.232882,-65.227546,-65.233628
4.450000,-65.234678,-65.229341,-65.235423
4.500000,-65.236467,-65.231128,-65.237210
4.550000,-65.238249,-65.232909,-65.238991
4.600000,-65.240025,-65.234683,-65.240765
4.650000,-65.241793,-65.236450,-65.242532
4.700000,-65.243555,-65.238210,-65.244292
4.750000,-65.245310,-65.239964,-65.246045
4.800000,-65.247058,-65.241711,-65.247792
4.850000,-65.248800,-65.243452,-65.249533
4.900000,-65.250535,-65.245186,-65.251267
4.950000,-65.252265,-65.246914,-65.252995
5.000000,-65.253987,-65.248636,-65.254716
5.050000,-65.255704,-65.250351,-65.256431
5.100000,-65.257414,-65.252061,-65.258140
5.150000,-65.259119,-65.253764,-65.259843
5.200000,-65.260817,-65.255462,-65.261540
5.250000,-65.262510,-65.257153,-65.263232
5.300000,-65.264197,-65.258839,-65.264917
5.350000,-65.265877,-65.260519,-65.266597
5.400000,-65.267553,-65.262194,-65.268270
5.450000,-65.269222,-65.263862,-65.269939
5.500000,-65.270886,-65.265526,-65.271601
5.550000,-65.272544,-65.267183,-65.273258
5.600000,-65.274197,-65.268835,-65.274910
5.650000,-65.275845,-65.270482,-65.276556
5.700000,-65.277487,-65.272124,-65.278197
5.750000,-65.279123,-65.273760,-65.279832
5.800000,-65.280755,-65.275391,-65.281462
5.850000,-65.282381,-65.277016,-65.283087
5.900000,-65.284002,-65.278637,-65.284707
5.950000,-65.285617,-65.280252,-65.286321
6.000000,-65.287228,-65.281863,-65.287931
6.050000,-65.288834,-65.283468,-65.289535
6.100000,-65.290435,-65.285068,-65.291135
6.150000,-65.292030,-65.286664,-65.292729
6.200000,-65.293621,-65.288254,-65.294319
6.250000,-65.295207,-65.289840,-65.295904
6.300000,-65.296788,-65.291421,-65.297484
6.350000,-65.298364,-65.292997,-65.299059
6.400000,-65.299936,-65.294569,-65.300629
6.450000,-65.301503,-65.296135,-65.302195
6.500000,-65.303065,-65.297698,-65.303756
6.550000,-65.304623,-65.299255,-65.305313
6.600000,-65.306176,-65.300808,-65.306864
6.650000,-65.307724,-65.302357,-65.308412
6.700000,-65.309268,-65.303901,-65.309955
6.750000,-65.310807,-65.305440,-65.311493
6.800000,-65.312342,-65.306975,-65.313027
6.850000,-65.313873,-65.308506,-65.314556
6.900000,-65.315399,-65.310032,-65.316081
6.950000,-65.316921,-65.311554,-65.317602
7.000000,-65.318438,-65.313072,-65.319118
7.050000,-65.319951,-65.314585,-65.320630
7.100000,-65.321460,-65.316094,-65.322138
7.150000,-65.322965,-65.317599,-65.323642
7.200000,-65.324465,-65.319100,-65.325141
7.250000,-65.325962,-65.320596,-65.326636
7.300000,-65.327454,-65.322089,-65.328127
7.350000,-65.328942,-65.323577,-65.329614
7.400000,-65.330426,-65.325061,-65.331097
7.450000,-65.331905,-65.326542,-65.332576
7.500000,-65.333381,-65.328018,-65.334051
7.550000,-65.334853,-65.329490,-65.335522
7.600000,-65.336321,-65.330958,-65.336988
7.650000,-65.337784,-65.332422,-65.338451
7.700000,-65.339244,-65.333883,-65.339910
7.750000,-65.340700,-65.335339,-65.341365
7.800000,-65.342152,-65.336792,-65.342816
7.850000,-65.343600,-65.338241,-65.344263
7.900000,-65.345045,-65.339685,-65.345707
7.950000,-65.346485,-65.341126,-65.347146
8.000000,-65.347922,-65.342564,-65.348582
8.050000,-65.349355,-65.343997,-65.350014
8.100000,-65.350784,-65.345427,-65.351442
8.150000,-65.352209,-65.346853,-65.352866
8.200000,-65.353631,-65.348276,-65.354287
8.250000,-65.355049,-65.349694,-65.355704
8.300000,-65.356463,-65.351109,-65.357118
8.350000,-65.357874,-65.352521,-65.358527
8.400000,-65.359281,-65.353928,-65.359933
8.450000,-65.360684,-65.355332,-65.361336
8.500000,-65.362084,-65.356733,-65.362735
8.550000,-65.363480,-65.358130,-65.364130
8.600000,-65.364873,-65.359523,-65.365522
8.650000,-65.366262,-65.360913,-65.366910
8.700000,-65.367647,-65.362300,-65.368295
8.750000,-65.369029,-65.363683,-65.369676
8.800000,-65.370408,-65.365062,-65.371053
8.850000,-65.371783,-65.366438,-65.372428
8.900000,-65.373155,-65.367810,-65.373798
8.950000,-65.374523,-65.369180,-65.375166
9.000000,-65.375888,-65.370545,-65.376530
9.050000,-65.377249,-65.371908,-65.377890
9.100000,-65.378607,-65.373266,-65.379247
9.150000,-65.379961,-65.374622,-65.380601
9.200000,-65.381313,-65.375974,-65.381951
9.250000,-65.382661,-65.377323,-65.383298
9.300000,-65.384005,-65.378669,-65.384642
9.350000,-65.385346,-65.380011,-65.385982
9.400000,-65.386684,-65.381350,-65.387319
9.450000,-65.388019,-65.382685,-65.388653
9.500000,-65.389350,-65.384018,-65.389984
9.550000,-65.390678,-65.385347,-65.391311
9.600000,-65.392003,-65.386673,-65.392635
9.650000,-65.393325,-65.387996,-65.393956
9.700000,-65.394643,-65.389315,-65.395274
9.750000,-65.395959,-65.390631,-65.396588
9.800000,-65.397271,-65.391945,-65.397899
9.850000,-65.398579,-65.393255,-65.399207
9.900000,-65.399885,-65.394561,-65.400512
9.950000,-65.401188,-65.395865,-65.401814
10.000000,-65.402487,-65.397166,-65.403113
10.050000,-65.403783,-65.398463,-65.404408
10.100000,-65.405077,-65.399757,-65.405701
10.150000,-65.406367,-65.401049,-65.406990
10.200000,-65.407654,-65.402337,-65.408276
10.250000,-65.408938,-65.403622,-65.409560
10.300000,-65.410219,-65.404904,-65.410840
10.350000,-65.411496,-65.406183,-65.412117
10.400000,-65.412771,-65.407459,-65.413391
10.450000,-65.414043,-65.408732,-65.414662
10.500000,-65.415312,-65.410002,-65.415930
10.550000,-65.416578,-65.411269,-65.417195
10.600000,-65.417840,-65.412533,-65.418457
10.650000,-65.419100,-65.413794,-65.419716
10.700000,-65.420357,-65.415052,-65.420972
10.750000,-65.421611,-65.416308,-65.422225
10.800000,-65.422862,-65.417560,-65.423476
10.850000,-65.424110,-65.418809,-65.424723
10.900000,-65.425355,-65.420056,-65.425967
10.950000,-65.426597,-65.421299,-65.427209
11.000000,-65.427837,-65.422540,-65.428448
11.050000,-65.429073,-65.423777,-65.429683
11.100000,-65.430307,-65.425012,-65.430916
11.150000,-65.431537,-65.426244,-65.432146
11.200000,-65.432765,-65.427473,-65.433373
11.250000,-65.433990,-65.428700,-65.434597
11.300000,-65.435212,-65.429923,-65.435819
11.350000,-65.436431,-65.431144,-65.437037
11.400000,-65.437648,-65.432361,-65.438253
11.450000,-65.438862,-65.433576,-65.439466
11.500000,-65.440072,-65.434789,-65.440676
11.550000,-65.441281,-65.435998,-65.441884
11.600000,-65.442486,-65.437205,-65.443088
11.650000,-65.443688,-65.438409,-65.444290
11.700000,-65.444888,-65.439610,-65.445489
11.750000,-65.446085,-65.440808,-65.446686
11.800000,-65.447280,-65.442004,-65.447879
11.850000,-65.448471,-65.443197,-65.449070
11.900000,-65.449660,-65.444387,-65.450258
11.950000,-65.450846,-65.445574,-65.451444
12.000000,-65.452029,-65.446759,-65.452627
12.050000,-65.453210,-65.447941,-65.453807
12.100000,-65.454388,-65.449121,-65.454984
12.150000,-65.455564,-65.450298,-65.456159
12.200000,-65.456736,-65.451472,-65.457331
12.250000,-65.457906,-65.452643,-65.458500
12.300000,-65.459074,-65.453812,-65.459667
12.350000,-65.460238,-65.454978,-65.460831
12.400000,-65.461400,-65.456141,-65.461993
12.450000,-65.462560,-65.457302,-65.463151
12.500000,-65.463717,-65.458461,-65.464308
12.550000,-65.464871,-65.459616,-65.465461
12.600000,-65.466023,-65.460769,-65.466612
12.650000,-65.467172,-65.461920,-65.467761
12.700000,-65.468318,-65.463068,-65.468907
12.750000,-65.469462,-65.464213,-65.470050
12.800000,-65.470603,-65.465356,-65.471191
12.850000,-65.471742,-65.466496,-65.472329
12.900000,-65.472878,-65.467634,-65.473464
12.950000,-65.474012,-65.468769,-65.474597
13.000000,-65.475143,-65.469901,-65.475728
13.050000,-65.476272,-65.471031,-65.476856
13.100000,-65.477398,-65.472159,-65.477981
13.150000,-65.478521,-65.473284,-65.479104
13.200000,-65.479642,-65.474406,-65.480225
13.250000,-65.480761,-65.475526,-65.481343
13.300000,-65.481877,-65.476644,-65.482458
13.350000,-65.482990,-65.477759,-65.483571
13.400000,-65.484101,-65.478871,-65.484682
13.450000,-65.485210,-65.479981,-65.485790
13.500000,-65.486316,-65.481089,-65.486895
13.550000,-65.487420,-65.482194,-65.487998
13.600000,-65.488521,-65.483297,-65.489099
13.650000,-65.489620,-65.484397,-65.490197
13.700000,-65.490716,-65.485495,-65.491293
13.750000,-65.491810,-65.486591,-65.492386
13.800000,-65.492902,-65.487684,-65.493477
13.850000,-65.493991,-65.488774,-65.494566
13.900000,-65.495078,-65.489862,-65.495652
13.950000,-65.496162,-65.490948,-65.496736
14.000000,-65.497244,-65.492032,-65.497817
14.050000,-65.498323,-65.493113,-65.498896
14.100000,-65.499401,-65.494191,-65.499973
14.150000,-65.500475,-65.495268,-65.501047
14.200000,-65.501548,-65.496341,-65.502119
14.250000,-65.502618,-65.497413,-65.503189
14.300000,-65.503686,-65.498482,-65.504256
14.350000,-65.504751,-65.499549,-65.505321
14.400000,-65.505814,-65.500614,-65.506383
14.450000,-65.506875,-65.501676,-65.507443
14.500000,-65.507933,-65.502736,-65.508501
14.550000,-65.508989,-65.503793,-65.509557
14.600000,-65.510043,-65.504848,-65.510610
14.650000,-65.511094,-65.505901,-65.511661
14.700000,-65.512144,-65.506952,-65.512709
14.750000,-65.513190,-65.508000,-65.513756
14.800000,-65.514235,-65.509046,-65.514800
14.850000,-65.515277,-65.510090,-65.515842
14.900000,-65.516317,-65.511132,-65.516881
14.950000,-65.517355,-65.512171,-65.517918
15.000000,-65.518391,-65.513208,-65.518953
15.050000,-65.519424,-65.514243,-65.519986
15.100000,-65.520455,-65.515275,-65.521017
15.150000,-65.521484,-65.516306,-65.522045
15.200000,-65.522510,-65.517334,-65.523071
15.250000,-65.523534,-65.518359,-65.524095
15.300000,-65.524556,-65.519383,-65.525116
15.350000,-65.525576,-65.520404,-65.526136
15.400000,-65.526594,-65.521423,-65.527153
15.450000,-65.527609,-65.522440,-65.528168
15.500000,-65.528623,-65.523455,-65.529180
15.550000,-65.529634,-65.524468,-65.530191
15.600000,-65.530642,-65.525478,-65.531199
15.650000,-65.531649,-65.526486,-65.532205
15.700000,-65.532654,-65.527492,-65.533210
15.750000,-65.533656,-65.528496,-65.534211
15.800000,-65.534656,-65.529497,-65.535211
15.850000,-65.535654,-65.530497,-65.536209
15.900000,-65.536650,-65.531494,-65.537204
15.950000,-65.537644,-65.532490,-65.538197
16.000000,-65.538635,-65.533483,-65.539188
16.050000,-65.539625,-65.534473,-65.540177
16.100000,-65.540612,-65.535462,-65.541164
16.150000,-65.541597,-65.536449,-65.542149
16.200000,-65.542580,-65.537433,-65.543131
16.250000,-65.543561,-65.538416,-65.544112
16.300000,-65.544540,-65.539396,-65.545090
16.350000,-65.545517,-65.540374,-65.546066
16.400000,-65.546491,-65.541351,-65.547041
16.450000,-65.547464,-65.542325,-65.548013
16.500000,-65.548434,-65.543296,-65.548983
16.550000,-65.549403,-65.544266,-65.549951
16.600000,-65.550369,-65.545234,-65.550916
16.650000,-65.551333,-65.546200,-65.551880
16.700000,-65.552295,-65.547163,-65.552842
16.750000,-65.553255,-65.548125,-65.553802
16.800000,-65.554213,-65.549085,-65.554759
16.850000,-65.555169,-65.550042,-65.555715
16.900000,-65.556123,-65.550997,-65.556668
16.950000,-65.557075,-65.551951,-65.557620
17.000000,-65.558025,-65.552902,-65.558569
17.050000,-65.558973,-65.553852,-65.559517
17.100000,-65.559919,-65.554799,-65.560462
17.150000,-65.560863,-65.555744,-65.561405
17.200000,-65.561804,-65.556687,-65.562347
17.250000,-65.562744,-65.557629,-65.563286
17.300000,-65.563682,-65.558568,-65.564224
17.350000,-65.564618,-65.559505,-65.565159
17.400000,-65.565552,-65.560441,-65.566092
17.450000,-65.566483,-65.561374,-65.567024
17.500000,-65.567413,-65.562305,-65.567953
17.550000,-65.568341,-65.563234,-65.568881
17.600000,-65.569267,-65.564162,-65.569806
17.650000,-65.570191,-65.565087,-65.570730
17.700000,-65.571113,-65.566011,-65.571651
17.750000,-65.572033,-65.566932,-65.572571
17.800000,-65.572951,-65.567852,-65.573488
17.850000,-65.573867,-65.568769,-65.574404
17.900000,-65.574781,-65.569685,-65.575318
17.950000,-65.575694,-65.570599,-65.576230
18.000000,-65.576604,-65.571510,-65.577140
18.050000,-65.577512,-65.572420,-65.578047
18.100000,-65.578419,-65.573328,-65.578954
18.150000,-65.579323,-65.574234,-65.579858
18.200000,-65.580226,-65.575138,-65.580760
18.250000,-65.581127,-65.576040,-65.581660
18.300000,-65.582025,-65.576940,-65.582559
18.350000,-65.582922,-65.577839,-65.583455
18.400000,-65.583817,-65.578735,-65.584350
18.450000,-65.584710,-65.579630,-65.585243
18.500000,-65.585602,-65.580523,-65.586133
18.550000,-65.586491,-65.581413,-65.587022
18.600000,-65.587378,-65.582302,-65.587909
18.650000,-65.588264,-65.583189,-65.588795
18.700000,-65.589148,-65.584074,-65.589678
18.750000,-65.590030,-65.584958,-65.590560
18.800000,-65.590910,-65.585839,-65.591439
18.850000,-65.591788,-65.586719,-65.592317
18.900000,-65.592664,-65.587597,-65.593193
18.950000,-65.593539,-65.588473,-65.594067
19.000000,-65.594411,-65.589347,-65.594939
19.050000,-65.595282,-65.590219,-65.595810
19.100000,-65.596151,-65.591089,-65.596678
19.150000,-65.597018,-65.591958,-65.597545
19.200000,-65.597884,-65.592825,-65.598410
19.250000,-65.598747,-65.593689,-65.599273
19.300000,-65.599609,-65.594553,-65.600135
19.350000,-65.600469,-65.595414,-65.600994
19.400000,-65.601327,-65.596273,-65.601852
19.450000,-65.602183,-65.597131,-65.602708
19.500000,-65.603038,-65.597987,-65.603562
19.550000,-65.603890,-65.598841,-65.604414
19.600000,-65.604741,-65.599694,-65.605265
19.650000,-65.605591,-65.600544,-65.606114
19.700000,-65.606438,-65.601393,-65.606961
19.750000,-65.607284,-65.602240,-65.607806
19.800000,-65.608127,-65.603085,-65.608649
19.850000,-65.608969,-65.603929,-65.609491
19.900000,-65.609810,-65.604770,-65.610331
19.950000,-65.610648,-65.605610,-65.611169
20.000000,-65.611485,-65.606448,-65.612006
20.050000,-65.612320,-65.607285,-65.612841
20.100000,-65.613153,-65.608119,-65.613673
20.150000,-65.613985,-65.608952,-65.614505
20.200000,-65.614815,-65.609784,-65.615334
20.250000,-65.615643,-65.610613,-65.616162
20.300000,-65.616469,-65.611441,-65.616988
20.350000,-65.617294,-65.612267,-65.617812
20.400000,-65.618117,-65.613091,-65.618635
20.450000,-65.618938,-65.613914,-65.619456
20.500000,-65.619758,-65.614735,-65.620275
20.550000,-65.620575,-65.615554,-65.621092
20.600000,-65.621392,-65.616371,-65.621908
20.650000,-65.622206,-65.617187,-65.622722
20.700000,-65.623019,-65.618001,-65.623535
20.750000,-65.623830,-65.618814,-65.624345
20.800000,-65.624639,-65.619624,-65.625154
20.850000,-65.625447,-65.620433,-65.625962
20.900000,-65.626253,-65.621241,-65.626767
20.950000,-65.627057,-65.622046,-65.627571
21.000000,-65.627860,-65.622850,-65.628374
21.050000,-65.628661,-65.623653,-65.629174
21.100000,-65.629460,-65.624453,-65.629973
21.150000,-65.630258,-65.625252,-65.630771
21.200000,-65.631054,-65.626050,-65.631566
21.250000,-65.631848,-65.626845,-65.632360
21.300000,-65.632641,-65.627639,-65.633153
21.350000,-65.633432,-65.628432,-65.633943
21.400000,-65.634221,-65.629222,-65.634733
21.450000,-65.635009,-65.630012,-65.635520
21.500000,-65.635795,-65.630799,-65.636306
21.550000,-65.636580,-65.631585,-65.637090
21.600000,-65.637362,-65.632369,-65.637873
21.650000,-65.638144,-65.633152,-65.638654
21.700000,-65.638923,-65.633933,-65.639433
21.750000,-65.639701,-65.634712,-65.640211
21.800000,-65.640478,-65.635490,-65.640987
21.850000,-65.641253,-65.636266,-65.641761
21.900000,-65.642026,-65.637041,-65.642534
21.950000,-65.642798,-65.637814,-65.643306
22.000000,-65.643568,-65.638585,-65.644075
22.050000,-65.644336,-65.639355,-65.644844
22.100000,-65.645103,-65.640123,-65.645610
22.150000,-65.645868,-65.640889,-65.646375
22.200000,-65.646632,-65.641654,-65.647139
22.250000,-65.647394,-65.642418,-65.647901
22.300000,-65.648155,-65.643180,-65.648661
22.350000,-65.648914,-65.643940,-65.649420
22.400000,-65.649671,-65.644699,-65.650177
22.450000,-65.650427,-65.645456,-65.650932
22.500000,-65.651181,-65.646212,-65.651686
22.550000,-65.651934,-65.646966,-65.652439
22.600000,-65.652685,-65.647718,-65.653190
22.650000,-65.653435,-65.648469,-65.653939
22.700000,-65.654183,-65.649218,-65.654687
22.750000,-65.654930,-65.649966,-65.655433
22.800000,-65.655675,-65.650713,-65.656178
22.850000,-65.656418,-65.651458,-65.656921
22.900000,-65.657160,-65.652201,-65.657663
22.950000,-65.657901,-65.652943,-65.658403
23.000000,-65.658640,-65.653683,-65.659142
23.050000,-65.659377,-65.654421,-65.659879
23.100000,-65.660113,-65.655159,-65.660615
23.150000,-65.660848,-65.655894,-65.661349
23.200000,-65.661581,-65.656628,-65.662081
23.250000,-65.662312,-65.657361,-65.662813
23.300000,-65.663042,-65.658092,-65.663542
23.350000,-65.663770,-65.658822,-65.664270
23.400000,-65.664497,-65.659550,-65.664997
23.450000,-65.665223,-65.660277,-65.665722
23.500000,-65.665947,-65.661002,-65.666446
23.550000,-65.666669,-65.661726,-65.667168
23.600000,-65.667390,-65.662448,-65.667889
23.650000,-65.668110,-65.663169,-65.668608
23.700000,-65.668828,-65.663888,-65.669326
23.750000,-65.669544,-65.664606,-65.670042
23.800000,-65.670259,-65.665322,-65.670757
23.850000,-65.670973,-65.666037,-65.671470
23.900000,-65.671685,-65.666750,-65.672182
23.950000,-65.672396,-65.667462,-65.672893
24.000000,-65.673105,-65.668173,-65.673602
24.050000,-65.673813,-65.668882,-65.674309
24.100000,-65.674519,-65.669589,-65.675015
24.150000,-65.675224,-65.670296,-65.675720
24.200000,-65.675928,-65.671000,-65.676423
24.250000,-65.676630,-65.671703,-65.677125
24.300000,-65.677330,-65.672405,-65.677825
24.350000,-65.678030,-65.673106,-65.678524
24.400000,-65.678727,-65.673805,-65.679222
24.450000,-65.679424,-65.674502,-65.679918
24.500000,-65.680119,-65.675198,-65.680613
24.550000,-65.680812,-65.675893,-65.681306
24.600000,-65.681504,-65.676586,-65.681998
24.650000,-65.682195,-65.677278,-65.682688
24.700000,-65.682884,-65.677969,-65.683377
24.750000,-65.683572,-65.678658,-65.684065
24.800000,-65.684259,-65.679345,-65.684751
24.850000,-65.684944,-65.680032,-65.685436
24.900000,-65.685627,-65.680717,-65.686119
24.950000,-65.686310,-65.681400,-65.686801
25.000000,-65.686990,-65.682082,-65.687482
25.050000,-65.687670,-65.682763,-65.688161
25.100000,-65.688348,-65.683442,-65.688839
25.150000,-65.689025,-65.684120,-65.689516
25.200000,-65.689700,-65.684797,-65.690191
25.250000,-65.690374,-65.685472,-65.690865
25.300000,-65.691047,-65.686145,-65.691537
25.350000,-65.691718,-65.686818,-65.692208
25.400000,-65.692388,-65.687489,-65.692878
25.450000,-65.693057,-65.688159,-65.693546
25.500000,-65.693724,-65.688827,-65.694213
25.550000,-65.694390,-65.689494,-65.694878
25.600000,-65.695054,-65.690160,-65.695543
25.650000,-65.695717,-65.690824,-65.696206
25.700000,-65.696379,-65.691487,-65.696867
25.750000,-65.697040,-65.692148,-65.697527
25.800000,-65.697699,-65.692809,-65.698186
25.850000,-65.698356,-65.693468,-65.698844
25.900000,-65.699013,-65.694125,-65.699500
25.950000,-65.699668,-65.694781,-65.700155
26.000000,-65.700322,-65.695436,-65.700809
26.050000,-65.700974,-65.696090,-65.701461
26.100000,-65.701625,-65.696742,-65.702112
26.150000,-65.702275,-65.697393,-65.702761
26.200000,-65.702924,-65.698043,-65.703410
26.250000,-65.703571,-65.698691,-65.704057
26.300000,-65.704217,-65.699338,-65.704702
26.350000,-65.704861,-65.699984,-65.705347
26.400000,-65.705505,-65.700628,-65.705990
26.450000,-65.706147,-65.701271,-65.706631
26.500000,-65.706787,-65.701913,-65.707272
26.550000,-65.707427,-65.702554,-65.707911
26.600000,-65.708065,-65.703193,-65.708549
26.650000,-65.708702,-65.703831,-65.709185
26.700000,-65.709337,-65.704467,-65.709821
26.750000,-65.709971,-65.705103,-65.710455
26.800000,-65.710604,-65.705737,-65.711087
26.850000,-65.711236,-65.706370,-65.711719
26.900000,-65.711866,-65.707001,-65.712349
26.950000,-65.712495,-65.707631,-65.712978
27.000000,-65.713123,-65.708260,-65.713606
27.050000,-65.713750,-65.708888,-65.714232
27.100000,-65.714375,-65.709514,-65.714857
27.150000,-65.714999,-65.710139,-65.715481
27.200000,-65.715622,-65.710763,-65.716104
27.250000,-65.716244,-65.711386,-65.716725
27.300000,-65.716864,-65.712007,-65.717345
27.350000,-65.717483,-65.712627,-65.717964
27.400000,-65.718101,-65.713246,-65.718582
27.450000,-65.718717,-65.713864,-65.719198
27.500000,-65.719333,-65.714480,-65.719813
27.550000,-65.719947,-65.715095,-65.720427
27.600000,-65.720560,-65.715709,-65.721040
27.650000,-65.721171,-65.716322,-65.721651
27.700000,-65.721782,-65.716934,-65.722261
27.750000,-65.722391,-65.717544,-65.722870
27.800000,-65.722999,-65.718153,-65.723478
27.850000,-65.723605,-65.718760,-65.724084
27.900000,-65.724211,-65.719367,-65.724690
27.950000,-65.724815,-65.719972,-65.725294
28.000000,-65.725418,-65.720576,-65.725897
28.050000,-65.726020,-65.721179,-65.726498
28.100000,-65.726621,-65.721781,-65.727099
28.150000,-65.727220,-65.722381,-65.727698
28.200000,-65.727818,-65.722981,-65.728296
28.250000,-65.728415,-65.723579,-65.728893
28.300000,-65.729011,-65.724176,-65.729488
28.350000,-65.729606,-65.724771,-65.730083
28.400000,-65.730199,-65.725366,-65.730676
28.450000,-65.730792,-65.725959,-65.731268
28.500000,-65.731383,-65.726551,-65.731859
28.550000,-65.731973,-65.727142,-65.732449
28.600000,-65.732561,-65.727732,-65.733037
28.650000,-65.733149,-65.728320,-65.733624
28.700000,-65.733735,-65.728908,-65.734211
28.750000,-65.734320,-65.729494,-65.734796
28.800000,-65.734904,-65.730079,-65.735379
28.850000,-65.735487,-65.730663,-65.735962
28.900000,-65.736069,-65.731245,-65.736543
28.950000,-65.736649,-65.731827,-65.737124
29.000000,-65.737228,-65.732407,-65.737703
29.050000,-65.737807,-65.732986,-65.738281
29.100000,-65.738384,-65.733564,-65.738858
29.150000,-65.738959,-65.734141,-65.739433
29.200000,-65.739534,-65.734717,-65.740008
29.250000,-65.740108,-65.735291,-65.740581
29.300000,-65.740680,-65.735865,-65.741153
29.350000,-65.741251,-65.736437,-65.741724
29.400000,-65.741821,-65.737008,-65.742294
29.450000,-65.742390,-65.737578,-65.742863
29.500000,-65.742958,-65.738147,-65.743431
29.550000,-65.743525,-65.738715,-65.743997
29.600000,-65.744091,-65.739281,-65.744563
29.650000,-65.744655,-65.739846,-65.745127
29.700000,-65.745218,-65.740411,-65.745690
29.750000,-65.745780,-65.740974,-65.746252
29.800000,-65.746342,-65.741536,-65.746813
29.850000,-65.746901,-65.742097,-65.747373
29.900000,-65.747460,-65.742657,-65.747931
29.950000,-65.748018,-65.743215,-65.748489
30.000000,-65.748575,-65.743773,-65.749045
30.050000,-65.749130,-65.744329,-65.749601
30.100000,-65.749685,-65.744885,-65.750155
30.150000,-65.750238,-65.745439,-65.750708
30.200000,-65.750790,-65.745992,-65.751260
30.250000,-65.751341,-65.746544,-65.751811
30.300000,-65.751891,-65.747095,-65.752361
30.350000,-65.752440,-65.747645,-65.752909
30.400000,-65.752988,-65.748194,-65.753457
30.450000,-65.753534,-65.748741,-65.754004
30.500000,-65.754080,-65.749288,-65.754549
30.550000,-65.754624,-65.749833,-65.755093
30.600000,-65.755168,-65.750378,-65.755637
30.650000,-65.755710,-65.750921,-65.756179
30.700000,-65.756252,-65.751463,-65.756720
30.750000,-65.756792,-65.752004,-65.757260
30.800000,-65.757331,-65.752544,-65.757799
30.850000,-65.757869,-65.753083,-65.758337
30.900000,-65.758406,-65.753621,-65.758874
30.950000,-65.758942,-65.754158,-65.759409
31.000000,-65.759477,-65.754694,-65.759944
31.050000,-65.760010,-65.755228,-65.760478
31.100000,-65.760543,-65.755762,-65.761010
31.150000,-65.761075,-65.756295,-65.761542
31.200000,-65.761605,-65.756826,-65.762072
31.250000,-65.762135,-65.757357,-65.762601
31.300000,-65.762663,-65.757886,-65.763130
31.350000,-65.763191,-65.758414,-65.763657
31.400000,-65.763717,-65.758942,-65.764183
31.450000,-65.764243,-65.759468,-65.764709
31.500000,-65.764767,-65.759993,-65.765233
31.550000,-65.765290,-65.760517,-65.765756
31.600000,-65.765812,-65.761040,-65.766278
31.650000,-65.766334,-65.761562,-65.766799
31.700000,-65.766854,-65.762084,-65.767319
31.750000,-65.767373,-65.762604,-65.767838
31.800000,-65.767891,-65.763123,-65.768356
31.850000,-65.768408,-65.763640,-65.768873
31.900000,-65.768924,-65.764157,-65.769389
31.950000,-65.769439,-65.764673,-65.769903
32.000000,-65.769953,-65.765188,-65.770417
32.050000,-65.770466,-65.765702,-65.770930
32.100000,-65.770978,-65.766215,-65.771442
32.150000,-65.771489,-65.766727,-65.771953
32.200000,-65.771999,-65.767238,-65.772463
32.250000,-65.772508,-65.767747,-65.772971
32.300000,-65.773016,-65.768256,-65.773479
32.350000,-65.773523,-65.768764,-65.773986
32.400000,-65.774029,-65.769271,-65.774492
32.450000,-65.774533,-65.769776,-65.774996
32.500000,-65.775037,-65.770281,-65.775500
32.550000,-65.775540,-65.770785,-65.776003
32.600000,-65.776042,-65.771288,-65.776505
32.650000,-65.776543,-65.771790,-65.777005
32.700000,-65.777043,-65.772290,-65.777505
32.750000,-65.777542,-65.772790,-65.778004
32.800000,-65.778040,-65.773289,-65.778502
32.850000,-65.778537,-65.773787,-65.778999
32.900000,-65.779033,-65.774284,-65.779494
32.950000,-65.779528,-65.774779,-65.779989
33.000000,-65.780022,-65.775274,-65.780483
33.050000,-65.780515,-65.775768,-65.780976
33.100000,-65.781007,-65.776261,-65.781468
33.150000,-65.781498,-65.776753,-65.781959
33.200000,-65.781988,-65.777244,-65.782449
33.250000,-65.782477,-65.777734,-65.782938
33.300000,-65.782966,-65.778223,-65.783426
33.350000,-65.783453,-65.778711,-65.783913
33.400000,-65.783939,-65.779198,-65.784399
33.450000,-65.784424,-65.779684,-65.784884
33.500000,-65.784909,-65.780170,-65.785369
33.550000,-65.785392,-65.780654,-65.785852
33.600000,-65.785875,-65.781137,-65.786334
33.650000,-65.786356,-65.781619,-65.786816
33.700000,-65.786837,-65.782101,-65.787296
33.750000,-65.787316,-65.782581,-65.787775
33.800000,-65.787795,-65.783061,-65.788254
33.850000,-65.788273,-65.783539,-65.788732
33.900000,-65.788749,-65.784017,-65.789208
33.950000,-65.789225,-65.784493,-65.789684
34.000000,-65.789700,-65.784969,-65.790159
34.050000,-65.790174,-65.785444,-65.790632
34.100000,-65.790647,-65.785918,-65.791105
34.150000,-65.791119,-65.786391,-65.791577
34.200000,-65.791590,-65.786863,-65.792048
34.250000,-65.792061,-65.787334,-65.792518
34.300000,-65.792530,-65.787804,-65.792988
34.350000,-65.792998,-65.788273,-65.793456
34.400000,-65.793466,-65.788741,-65.793923
34.450000,-65.793932,-65.789208,-65.794390
34.500000,-65.794398,-65.789675,-65.794855
34.550000,-65.794863,-65.790140,-65.795320
34.600000,-65.795326,-65.790605,-65.795783
34.650000,-65.795789,-65.791069,-65.796246
34.700000,-65.796251,-65.791531,-65.796708
34.750000,-65.796712,-65.791993,-65.797169
34.800000,-65.797172,-65.792454,-65.797629
34.850000,-65.797632,-65.792914,-65.798088
34.900000,-65.798090,-65.793373,-65.798546
34.950000,-65.798547,-65.793831,-65.799003
35.000000,-65.799004,-65.794289,-65.799460
35.050000,-65.799460,-65.794745,-65.799915
35.100000,-65.799914,-65.795201,-65.800370
35.150000,-65.800368,-65.795655,-65.800824
35.200000,-65.800821,-65.796109,-65.801277
35.250000,-65.801273,-65.796562,-65.801728
35.300000,-65.801724,-65.797014,-65.802180
35.350000,-65.802175,-65.797465,-65.802630
35.400000,-65.802624,-65.797915,-65.803079
35.450000,-65.803073,-65.798364,-65.803527
35.500000,-65.803520,-65.798813,-65.803975
35.550000,-65.803967,-65.799260,-65.804422
35.600000,-65.804413,-65.799707,-65.804867
35.650000,-65.804858,-65.800153,-65.805312
35.700000,-65.805302,-65.800598,-65.805756
35.750000,-65.805745,-65.801042,-65.806199
35.800000,-65.806188,-65.801485,-65.806642
35.850000,-65.806629,-65.801927,-65.807083
35.900000,-65.807070,-65.802369,-65.807524
35.950000,-65.807510,-65.802809,-65.807963
36.000000,-65.807949,-65.803249,-65.808402
36.050000,-65.808387,-65.803688,-65.808840
36.100000,-65.808824,-65.804126,-65.809277
36.150000,-65.809260,-65.804563,-65.809714
36.200000,-65.809696,-65.804999,-65.810149
36.250000,-65.810131,-65.805434,-65.810583
36.300000,-65.810564,-65.805869,-65.811017
36.350000,-65.810997,-65.806303,-65.811450
36.400000,-65.811429,-65.806735,-65.811882
36.450000,-65.811861,-65.807167,-65.812313
36.500000,-65.812291,-65.807599,-65.812743
36.550000,-65.812721,-65.808029,-65.813173
36.600000,-65.813149,-65.808458,-65.813602
36.650000,-65.813577,-65.808887,-65.814029
36.700000,-65.814004,-65.809315,-65.814456
36.750000,-65.814431,-65.809742,-65.814882
36.800000,-65.814856,-65.810168,-65.815308
36.850000,-65.815281,-65.810593,-65.815732
36.900000,-65.815704,-65.811017,-65.816156
36.950000,-65.816127,-65.811441,-65.816579
37.000000,-65.816549,-65.811864,-65.817001
37.050000,-65.816971,-65.812286,-65.817422
37.100000,-65.817391,-65.812707,-65.817842
37.150000,-65.817811,-65.813127,-65.818261
37.200000,-65.818229,-65.813547,-65.818680
37.250000,-65.818647,-65.813965,-65.819098
37.300000,-65.819064,-65.814383,-65.819515
37.350000,-65.819481,-65.814800,-65.819931
37.400000,-65.819896,-65.815216,-65.820347
37.450000,-65.820311,-65.815632,-65.820761
37.500000,-65.820725,-65.816046,-65.821175
37.550000,-65.821138,-65.816460,-65.821588
37.600000,-65.821550,-65.816873,-65.822000
37.650000,-65.821962,-65.817285,-65.822412
37.700000,-65.822372,-65.817697,-65.822822
37.750000,-65.822782,-65.818107,-65.823232
37.800000,-65.823191,-65.818517,-65.823641
37.850000,-65.823600,-65.818926,-65.824049
37.900000,-65.824007,-65.819334,-65.824456
37.950000,-65.824414,-65.819742,-65.824863
38.000000,-65.824820,-65.820148,-65.825269
38.050000,-65.825225,-65.820554,-65.825674
38.100000,-65.825629,-65.820959,-65.826078
38.150000,-65.826033,-65.821363,-65.826481
38.200000,-65.826435,-65.821766,-65.826884
38.250000,-65.826837,-65.822169,-65.827286
38.300000,-65.827238,-65.822571,-65.827687
38.350000,-65.827639,-65.822972,-65.828087
38.400000,-65.828038,-65.823372,-65.828487
38.450000,-65.828437,-65.823772,-65.828885
38.500000,-65.828835,-65.824170,-65.829283
38.550000,-65.829232,-65.824568,-65.829680
38.600000,-65.829629,-65.824965,-65.830077
38.650000,-65.830025,-65.825362,-65.830472
38.700000,-65.830420,-65.825757,-65.830867
38.750000,-65.830814,-65.826152,-65.831261
38.800000,-65.831207,-65.826546,-65.831655
38.850000,-65.831600,-65.826940,-65.832047
38.900000,-65.831992,-65.827332,-65.832439
38.950000,-65.832383,-65.827724,-65.832830
39.000000,-65.832773,-65.828115,-65.833220
39.050000,-65.833163,-65.828505,-65.833610
39.100000,-65.833552,-65.828895,-65.833999
39.150000,-65.833940,-65.829283,-65.834387
39.200000,-65.834327,-65.829671,-65.834774
39.250000,-65.834714,-65.830059,-65.835160
39.300000,-65.835099,-65.830445,-65.835546
39.350000,-65.835485,-65.830831,-65.835931
39.400000,-65.835869,-65.831216,-65.836315
39.450000,-65.836252,-65.831600,-65.836699
39.500000,-65.836635,-65.831983,-65.837081
39.550000,-65.837017,-65.832366,-65.837463
39.600000,-65.837399,-65.832748,-65.837845
39.650000,-65.837779,-65.833129,-65.838225
39.700000,-65.838159,-65.833510,-65.838605
39.750000,-65.838538,-65.833890,-65.838984
39.800000,-65.838917,-65.834269,-65.839362
39.850000,-65.839294,-65.834647,-65.839740
39.900000,-65.839671,-65.835024,-65.840117
39.950000,-65.840047,-65.835401,-65.840493
40.000000,-65.840423,-65.835777,-65.840868
40.050000,-65.840798,-65.836153,-65.841243
40.100000,-65.841172,-65.836527,-65.841617
40.150000,-65.841545,-65.836901,-65.841990
40.200000,-65.841917,-65.837274,-65.842362
40.250000,-65.842289,-65.837647,-65.842734
40.300000,-65.842660,-65.838018,-65.843105
40.350000,-65.843031,-65.838389,-65.843475
40.400000,-65.843400,-65.838760,-65.843845
40.450000,-65.843769,-65.839129,-65.844214
40.500000,-65.844137,-65.839498,-65.844582
40.550000,-65.844505,-65.839866,-65.844949
40.600000,-65.844872,-65.840234,-65.845316
40.650000,-65.845238,-65.840600,-65.845682
40.700000,-65.845603,-65.840966,-65.846047
40.750000,-65.845968,-65.841332,-65.846412
40.800000,-65.846332,-65.841696,-65.846776
40.850000,-65.846695,-65.842060,-65.847139
40.900000,-65.847058,-65.842423,-65.847501
40.950000,-65.847420,-65.842786,-65.847863
41.000000,-65.847781,-65.843147,-65.848224
41.050000,-65.848141,-65.843508,-65.848585
41.100000,-65.848501,-65.843869,-65.848944
41.150000,-65.848860,-65.844228,-65.849303
41.200000,-65.849218,-65.844587,-65.849661
41.250000,-65.849576,-65.844946,-65.850019
41.300000,-65.849933,-65.845303,-65.850376
41.350000,-65.850289,-65.845660,-65.850732
41.400000,-65.850645,-65.846016,-65.851088
41.450000,-65.851000,-65.846372,-65.851442
41.500000,-65.851354,-65.846726,-65.851797
41.550000,-65.851707,-65.847081,-65.852150
41.600000,-65.852060,-65.847434,-65.852503
41.650000,-65.852412,-65.847787,-65.852855
41.700000,-65.852764,-65.848139,-65.853206
41.750000,-65.853115,-65.848490,-65.853557
41.800000,-65.853465,-65.848841,-65.853907
41.850000,-65.853814,-65.849191,-65.854256
41.900000,-65.854163,-65.849540,-65.854605
41.950000,-65.854511,-65.849889,-65.854953
42.000000,-65.854859,-65.850237,-65.855300
42.050000,-65.855205,-65.850584,-65.855647
42.100000,-65.855551,-65.850931,-65.855993
42.150000,-65.855897,-65.851277,-65.856338
42.200000,-65.856241,-65.851622,-65.856683
42.250000,-65.856586,-65.851967,-65.857027
42.300000,-65.856929,-65.852311,-65.857370
42.350000,-65.857272,-65.852654,-65.857713
42.400000,-65.857614,-65.852997,-65.858055
42.450000,-65.857955,-65.853339,-65.858396
42.500000,-65.858296,-65.853680,-65.858737
42.550000,-65.858636,-65.854021,-65.859077
42.600000,-65.858975,-65.854361,-65.859416
42.650000,-65.859314,-65.854700,-65.859755
42.700000,-65.859652,-65.855039,-65.860093
42.750000,-65.859990,-65.855377,-65.860430
42.800000,-65.860327,-65.855714,-65.860767
42.850000,-65.860663,-65.856051,-65.861103
42.900000,-65.860998,-65.856387,-65.861439
42.950000,-65.861333,-65.856722,-65.861774
43.000000,-65.861668,-65.857057,-65.862108
43.050000,-65.862001,-65.857391,-65.862441
43.100000,-65.862334,-65.857725,-65.862774
43.150000,-65.862666,-65.858057,-65.863106
43.200000,-65.862998,-65.858390,-65.863438
43.250000,-65.863329,-65.858721,-65.863769
43.300000,-65.863659,-65.859052,-65.864099
43.350000,-65.863989,-65.859382,-65.864429
43.400000,-65.864318,-65.859712,-65.864758
43.450000,-65.864647,-65.860041,-65.865086
43.500000,-65.864975,-65.860369,-65.865414
43.550000,-65.865302,-65.860697,-65.865741
43.600000,-65.865628,-65.861024,-65.866068
43.650000,-65.865954,-65.861351,-65.866394
43.700000,-65.866280,-65.861676,-65.866719
43.750000,-65.866604,-65.862002,-65.867043
43.800000,-65.866928,-65.862326,-65.867367
43.850000,-65.867252,-65.862650,-65.867691
43.900000,-65.867575,-65.862974,-65.868013
43.950000,-65.867897,-65.863296,-65.868336
44.000000,-65.868218,-65.863618,-65.868657
44.050000,-65.868539,-65.863940,-65.868978
44.100000,-65.868860,-65.864261,-65.869298
44.150000,-65.869179,-65.864581,-65.869618
44.200000,-65.869498,-65.864901,-65.869937
44.250000,-65.869817,-65.865220,-65.870255
44.300000,-65.870135,-65.865538,-65.870573
44.350000,-65.870452,-65.865856,-65.870890
44.400000,-65.870769,-65.866173,-65.871207
44.450000,-65.871085,-65.866489,-65.871523
44.500000,-65.871400,-65.866805,-65.871838
44.550000,-65.871715,-65.867121,-65.872153
44.600000,-65.872029,-65.867435,-65.872467
44.650000,-65.872343,-65.867750,-65.872781
44.700000,-65.872656,-65.868063,-65.873094
44.750000,-65.872968,-65.868376,-65.873406
44.800000,-65.873280,-65.868688,-65.873718
44.850000,-65.873591,-65.869000,-65.874029
44.900000,-65.873902,-65.869311,-65.874339
44.950000,-65.874212,-65.869622,-65.874649
45.000000,-65.874521,-65.869931,-65.874959
45.050000,-65.874830,-65.870241,-65.875267
45.100000,-65.875138,-65.870550,-65.875576
45.150000,-65.875446,-65.870858,-65.875883
45.200000,-65.875753,-65.871165,-65.876190
45.250000,-65.876059,-65.871472,-65.876496
45.300000,-65.876365,-65.871778,-65.876802
45.350000,-65.876671,-65.872084,-65.877107
45.400000,-65.876975,-65.872389,-65.877412
45.450000,-65.877279,-65.872694,-65.877716
45.500000,-65.877583,-65.872998,-65.878020
45.550000,-65.877886,-65.873301,-65.878322
45.600000,-65.878188,-65.873604,-65.878625
45.650000,-65.878490,-65.873906,-65.878926
45.700000,-65.878791,-65.874208,-65.879227
45.750000,-65.879092,-65.874509,-65.879528
45.800000,-65.879392,-65.874810,-65.879828
45.850000,-65.879691,-65.875110,-65.880127
45.900000,-65.879990,-65.875409,-65.880426
45.950000,-65.880288,-65.875708,-65.880724
46.000000,-65.880586,-65.876006,-65.881022
46.050000,-65.880883,-65.876304,-65.881319
46.100000,-65.881180,-65.876601,-65.881616
46.150000,-65.881476,-65.876897,-65.881912
46.200000,-65.881771,-65.877193,-65.882207
46.250000,-65.882066,-65.877489,-65.882502
46.300000,-65.882360,-65.877783,-65.882796
46.350000,-65.882654,-65.878078,-65.883090
46.400000,-65.882947,-65.878371,-65.883383
46.450000,-65.883240,-65.878664,-65.883676
46.500000,-65.883532,-65.878957,-65.883968
46.550000,-65.883824,-65.879249,-65.884259
46.600000,-65.884115,-65.879540,-65.884550
46.650000,-65.884405,-65.879831,-65.884840
46.700000,-65.884695,-65.880121,-65.885130
46.750000,-65.884984,-65.880411,-65.885419
46.800000,-65.885273,-65.880700,-65.885708
46.850000,-65.885561,-65.880989,-65.885996
46.900000,-65.885848,-65.881277,-65.886283
46.950000,-65.886136,-65.881564,-65.886571
47.000000,-65.886422,-65.881851,-65.886857
47.050000,-65.886708,-65.882138,-65.887143
47.100000,-65.886993,-65.882424,-65.887428
47.150000,-65.887278,-65.882709,-65.887713
47.200000,-65.887563,-65.882994,-65.887997
47.250000,-65.887846,-65.883278,-65.888281
47.300000,-65.888130,-65.883562,-65.888564
47.350000,-65.888412,-65.883845,-65.888847
47.400000,-65.888694,-65.884127,-65.889129
47.450000,-65.888976,-65.884409,-65.889410
47.500000,-65.889257,-65.884691,-65.889691
47.550000,-65.889538,-65.884972,-65.889972
47.600000,-65.889818,-65.885252,-65.890252
47.650000,-65.890097,-65.885532,-65.890531
47.700000,-65.890376,-65.885812,-65.890810
47.750000,-65.890654,-65.886090,-65.891088
47.800000,-65.890932,-65.886369,-65.891366
47.850000,-65.891210,-65.886647,-65.891643
47.900000,-65.891486,-65.886924,-65.891920
47.950000,-65.891763,-65.887200,-65.892196
48.000000,-65.892038,-65.887477,-65.892472
48.050000,-65.892314,-65.887752,-65.892747
48.100000,-65.892588,-65.888027,-65.893022
48.150000,-65.892862,-65.888302,-65.893296
48.200000,-65.893136,-65.888576,-65.893570
48.250000,-65.893409,-65.888850,-65.893843
48.300000,-65.893682,-65.889123,-65.894115
48.350000,-65.893954,-65.889395,-65.894387
48.400000,-65.894225,-65.889667,-65.894659
48.450000,-65.894496,-65.889938,-65.894930
48.500000,-65.894767,-65.890209,-65.895200
48.550000,-65.895037,-65.890480,-65.895470
48.600000,-65.895306,-65.890750,-65.895739
48.650000,-65.895575,-65.891019,-65.896008
48.700000,-65.895844,-65.891288,-65.896277
48.750000,-65.896112,-65.891556,-65.896544
48.800000,-65.896379,-65.891824,-65.896812
48.850000,-65.896646,-65.892091,-65.897079
48.900000,-65.896912,-65.892358,-65.897345
48.950000,-65.897178,-65.892625,-65.897611
49.000000,-65.897443,-65.892890,-65.897876
49.050000,-65.897708,-65.893156,-65.898141
49.100000,-65.897973,-65.893420,-65.898405
49.150000,-65.898237,-65.893685,-65.898669
49.200000,-65.898500,-65.893948,-65.898932
49.250000,-65.898763,-65.894212,-65.899195
49.300000,-65.899025,-65.894474,-65.899457
49.350000,-65.899287,-65.894737,-65.899719
49.400000,-65.899548,-65.894998,-65.899981
49.450000,-65.899809,-65.895260,-65.900241
49.500000,-65.900069,-65.895520,-65.900502
49.550000,-65.900329,-65.895781,-65.900761
49.600000,-65.900589,-65.896040,-65.901021
49.650000,-65.900848,-65.896300,-65.901280
49.700000,-65.901106,-65.896558,-65.901538
49.750000,-65.901364,-65.896817,-65.901796
49.800000,-65.901621,-65.897074,-65.902053
49.850000,-65.901878,-65.897332,-65.902310
49.900000,-65.902134,-65.897589,-65.902566
49.950000,-65.902390,-65.897845,-65.902822
50.000000,-65.902646,-65.898101,-65.903077
50.050000,-65.902901,-65.898356,-65.903332
50.100000,-65.903155,-65.898611,-65.903587
50.150000,-65.903409,-65.898865,-65.903841
50.200000,-65.903663,-65.899119,-65.904094
50.250000,-65.903915,-65.899372,-65.904347
50.300000,-65.904168,-65.899625,-65.904599
50.350000,-65.904420,-65.899878,-65.904851
50.400000,-65.904672,-65.900130,-65.905103
50.450000,-65.904923,-65.900381,-65.905354
50.500000,-65.905173,-65.900632,-65.905604
50.550000,-65.905423,-65.900883,-65.905854
50.600000,-65.905673,-65.901133,-65.906104
50.650000,-65.905922,-65.901382,-65.906353
50.700000,-65.906171,-65.901631,-65.906602
50.750000,-65.906419,-65.901880,-65.906850
50.800000,-65.906667,-65.902128,-65.907098
50.850000,-65.906914,-65.902376,-65.907345
50.900000,-65.907161,-65.902623,-65.907592
50.950000,-65.907407,-65.902870,-65.907838
51.000000,-65.907653,-65.903116,-65.908084
51.050000,-65.907898,-65.903361,-65.908329
51.100000,-65.908143,-65.903607,-65.908574
51.150000,-65.908388,-65.903852,-65.908818
51.200000,-65.908632,-65.904096,-65.909062
51.250000,-65.908875,-65.904340,-65.909306
51.300000,-65.909118,-65.904583,-65.909549
51.350000,-65.909361,-65.904826,-65.909791
51.400000,-65.909603,-65.905069,-65.910033
51.450000,-65.909845,-65.905311,-65.910275
51.500000,-65.910086,-65.905552,-65.910516
51.550000,-65.910327,-65.905793,-65.910757
51.600000,-65.910567,-65.906034,-65.910997
51.650000,-65.910807,-65.906274,-65.911237
51.700000,-65.911046,-65.906514,-65.911476
51.750000,-65.911285,-65.906753,-65.911715
51.800000,-65.911523,-65.906992,-65.911953
51.850000,-65.911761,-65.907231,-65.912191
51.900000,-65.911999,-65.907469,-65.912429
51.950000,-65.912236,-65.907706,-65.912666
52.000000,-65.912473,-65.907943,-65.912903
52.050000,-65.912709,-65.908180,-65.913139
52.100000,-65.912945,-65.908416,-65.913374
52.150000,-65.913180,-65.908651,-65.913610
52.200000,-65.913415,-65.908887,-65.913844
52.250000,-65.913649,-65.909121,-65.914079
52.300000,-65.913883,-65.909356,-65.914313
52.350000,-65.914117,-65.909590,-65.914546
52.400000,-65.914350,-65.909823,-65.914779
52.450000,-65.914582,-65.910056,-65.915012
52.500000,-65.914815,-65.910289,-65.915244
52.550000,-65.915046,-65.910521,-65.915476
52.600000,-65.915278,-65.910752,-65.915707
52.650000,-65.915508,-65.910983,-65.915938
52.700000,-65.915739,-65.911214,-65.916168
52.750000,-65.915969,-65.911445,-65.916398
52.800000,-65.916198,-65.911675,-65.916628
52.850000,-65.916428,-65.911904,-65.916857
52.900000,-65.916656,-65.912133,-65.917085
52.950000,-65.916884,-65.912362,-65.917314
53.000000,-65.917112,-65.912590,-65.917541
53.050000,-65.917340,-65.912817,-65.917769
53.100000,-65.917567,-65.913045,-65.917996
53.150000,-65.917793,-65.913272,-65.918222
53.200000,-65.918019,-65.913498,-65.918448
53.250000,-65.918245,-65.913724,-65.918674
53.300000,-65.918470,-65.913950,-65.918899
53.350000,-65.918695,-65.914175,-65.919124
53.400000,-65.918919,-65.914400,-65.919348
53.450000,-65.919143,-65.914624,-65.919572
53.500000,-65.919367,-65.914848,-65.919795
53.550000,-65.919590,-65.915071,-65.920018
53.600000,-65.919812,-65.915294,-65.920241
53.650000,-65.920035,-65.915517,-65.920463
53.700000,-65.920257,-65.915739,-65.920685
53.750000,-65.920478,-65.915961,-65.920906
53.800000,-65.920699,-65.916182,-65.921127
53.850000,-65.920919,-65.916403,-65.921348
53.900000,-65.921140,-65.916623,-65.921568
53.950000,-65.921359,-65.916843,-65.921788
54.000000,-65.921579,-65.917063,-65.922007
54.050000,-65.921798,-65.917282,-65.922226
54.100000,-65.922016,-65.917501,-65.922444
54.150000,-65.922234,-65.917719,-65.922662
54.200000,-65.922452,-65.917937,-65.922880
54.250000,-65.922669,-65.918155,-65.923097
54.300000,-65.922886,-65.918372,-65.923314
54.350000,-65.923102,-65.918589,-65.923530
54.400000,-65.923318,-65.918805,-65.923746
54.450000,-65.923534,-65.919021,-65.923962
54.500000,-65.923749,-65.919237,-65.924177
54.550000,-65.923964,-65.919452,-65.924392
54.600000,-65.924178,-65.919666,-65.924606
54.650000,-65.924392,-65.919881,-65.924820
54.700000,-65.924606,-65.920095,-65.925033
54.750000,-65.924819,-65.920308,-65.925246
54.800000,-65.925032,-65.920521,-65.925459
54.850000,-65.925244,-65.920734,-65.925671
54.900000,-65.925456,-65.920946,-65.925883
54.950000,-65.925667,-65.921158,-65.926095
55.000000,-65.925879,-65.921369,-65.926306
55.050000,-65.926089,-65.921580,-65.926517
55.100000,-65.926300,-65.921791,-65.926727
55.150000,-65.926510,-65.922001,-65.926937
55.200000,-65.926719,-65.922211,-65.927146
55.250000,-65.926928,-65.922421,-65.927355
55.300000,-65.927137,-65.922630,-65.927564
55.350000,-65.927345,-65.922838,-65.927773
55.400000,-65.927553,-65.923047,-65.927980
55.450000,-65.927761,-65.923255,-65.928188
55.500000,-65.927968,-65.923462,-65.928395
55.550000,-65.928175,-65.923669,-65.928602
55.600000,-65.928381,-65.923876,-65.928808
55.650000,-65.928587,-65.924082,-65.929014
55.700000,-65.928793,-65.924288,-65.929220
55.750000,-65.928998,-65.924494,-65.929425
55.800000,-65.929203,-65.924699,-65.929630
55.850000,-65.929407,-65.924904,-65.929834
55.900000,-65.929611,-65.925108,-65.930038
55.950000,-65.929815,-65.925312,-65.930242
56.000000,-65.930018,-65.925515,-65.930445
56.050000,-65.930221,-65.925719,-65.930648
56.100000,-65.930424,-65.925921,-65.930850
56.150000,-65.930626,-65.926124,-65.931052
56.200000,-65.930827,-65.926326,-65.931254
56.250000,-65.931029,-65.926528,-65.931455
56.300000,-65.931230,-65.926729,-65.931656
56.350000,-65.931430,-65.926930,-65.931857
56.400000,-65.931631,-65.927130,-65.932057
56.450000,-65.931830,-65.927330,-65.932257
56.500000,-65.932030,-65.927530,-65.932456
56.550000,-65.932229,-65.927730,-65.932655
56.600000,-65.932428,-65.927929,-65.932854
56.650000,-65.932626,-65.928127,-65.933052
56.700000,-65.932824,-65.928325,-65.933250
56.750000,-65.933022,-65.928523,-65.933448
56.800000,-65.933219,-65.928721,-65.933645
56.850000,-65.933416,-65.928918,-65.933842
56.900000,-65.933612,-65.929115,-65.934038
56.950000,-65.933808,-65.929311,-65.934234
57.000000,-65.934004,-65.929507,-65.934430
57.050000,-65.934199,-65.929703,-65.934625
57.100000,-65.934394,-65.929898,-65.934820
57.150000,-65.934589,-65.930093,-65.935015
57.200000,-65.934783,-65.930288,-65.935209
57.250000,-65.934977,-65.930482,-65.935403
57.300000,-65.935171,-65.930676,-65.935596
57.350000,-65.935364,-65.930869,-65.935790
57.400000,-65.935556,-65.931062,-65.935982
57.450000,-65.935749,-65.931255,-65.936175
57.500000,-65.935941,-65.931447,-65.936367
57.550000,-65.936133,-65.931639,-65.936558
57.600000,-65.936324,-65.931831,-65.936750
57.650000,-65.936515,-65.932022,-65.936941
57.700000,-65.936705,-65.932213,-65.937131
57.750000,-65.936896,-65.932403,-65.937321
57.800000,-65.937086,-65.932594,-65.937511
57.850000,-65.937275,-65.932783,-65.937701
57.900000,-65.937464,-65.932973,-65.937890
57.950000,-65.937653,-65.933162,-65.938079
58.000000,-65.937842,-65.933351,-65.938267
58.050000,-65.938030,-65.933539,-65.938455
58.100000,-65.938217,-65.933727,-65.938643
58.150000,-65.938405,-65.933915,-65.938830
58.200000,-65.938592,-65.934102,-65.939017
58.250000,-65.938778,-65.934289,-65.939204
58.300000,-65.938965,-65.934476,-65.939390
58.350000,-65.939151,-65.934662,-65.939576
58.400000,-65.939336,-65.934848,-65.939762
58.450000,-65.939522,-65.935033,-65.939947
58.500000,-65.939707,-65.935218,-65.940132
58.550000,-65.939891,-65.935403,-65.940316
58.600000,-65.940075,-65.935588,-65.940501
58.650000,-65.940259,-65.935772,-65.940684
58.700000,-65.940443,-65.935956,-65.940868
58.750000,-65.940626,-65.936139,-65.941051
58.800000,-65.940809,-65.936322,-65.941234
58.850000,-65.940991,-65.936505,-65.941416
58.900000,-65.941173,-65.936688,-65.941598
58.950000,-65.941355,-65.936870,-65.941780
59.000000,-65.941537,-65.937051,-65.941962
59.050000,-65.941718,-65.937233,-65.942143
59.100000,-65.941899,-65.937414,-65.942324
59.150000,-65.942079,-65.937594,-65.942504
59.200000,-65.942259,-65.937775,-65.942684
59.250000,-65.942439,-65.937955,-65.942864
59.300000,-65.942618,-65.938135,-65.943043
59.350000,-65.942797,-65.938314,-65.943222
59.400000,-65.942976,-65.938493,-65.943401
59.450000,-65.943155,-65.938672,-65.943579
59.500000,-65.943333,-65.938850,-65.943757
59.550000,-65.943510,-65.939028,-65.943935
59.600000,-65.943688,-65.939206,-65.944112
59.650000,-65.943865,-65.939383,-65.944289
59.700000,-65.944042,-65.939560,-65.944466
59.750000,-65.944218,-65.939737,-65.944642
59.800000,-65.944394,-65.939913,-65.944819
59.850000,-65.944570,-65.940089,-65.944994
59.900000,-65.944745,-65.940265,-65.945170
59.950000,-65.944920,-65.940440,-65.945345
60.000000,-65.945095,-65.940615,-65.945519
60.050000,-65.945269,-65.940790,-65.945694
60.100000,-65.945443,-65.940964,-65.945868
60.150000,-65.945617,-65.941138,-65.946042
60.200000,-65.945791,-65.941312,-65.946215
60.250000,-65.945964,-65.941485,-65.946388
60.300000,-65.946137,-65.941658,-65.946561
60.350000,-65.946309,-65.941831,-65.946733
60.400000,-65.946481,-65.942003,-65.946905
60.450000,-65.946653,-65.942175,-65.947077
60.500000,-65.946824,-65.942347,-65.947248
60.550000,-65.946996,-65.942518,-65.947420
60.600000,-65.947166,-65.942689,-65.947590
60.650000,-65.947337,-65.942860,-65.947761
60.700000,-65.947507,-65.943030,-65.947931
60.750000,-65.947677,-65.943201,-65.948101
60.800000,-65.947846,-65.943370,-65.948270
60.850000,-65.948016,-65.943540,-65.948440
60.900000,-65.948185,-65.943709,-65.948608
60.950000,-65.948353,-65.943878,-65.948777
61.000000,-65.948521,-65.944046,-65.948945
61.050000,-65.948689,-65.944215,-65.949113
61.100000,-65.948857,-65.944382,-65.949281
61.150000,-65.949024,-65.944550,-65.949448
61.200000,-65.949191,-65.944717,-65.949615
61.250000,-65.949358,-65.944884,-65.949782
61.300000,-65.949524,-65.945051,-65.949948
61.350000,-65.949690,-65.945217,-65.950114
61.400000,-65.949856,-65.945383,-65.950280
61.450000,-65.950022,-65.945549,-65.950445
61.500000,-65.950187,-65.945714,-65.950610
61.550000,-65.950352,-65.945879,-65.950775
61.600000,-65.950516,-65.946044,-65.950940
61.650000,-65.950680,-65.946208,-65.951104
61.700000,-65.950844,-65.946373,-65.951268
61.750000,-65.951008,-65.946536,-65.951431
61.800000,-65.951171,-65.946700,-65.951595
61.850000,-65.951334,-65.946863,-65.951757
61.900000,-65.951497,-65.947026,-65.951920
61.950000,-65.951659,-65.947189,-65.952082
62.000000,-65.951821,-65.947351,-65.952244
62.050000,-65.951983,-65.947513,-65.952406
62.100000,-65.952144,-65.947675,-65.952568
62.150000,-65.952305,-65.947836,-65.952729
62.200000,-65.952466,-65.947997,-65.952890
62.250000,-65.952627,-65.948158,-65.953050
62.300000,-65.952787,-65.948318,-65.953210
62.350000,-65.952947,-65.948478,-65.953370
62.400000,-65.953107,-65.948638,-65.953530
62.450000,-65.953266,-65.948798,-65.953689
62.500000,-65.953425,-65.948957,-65.953848
62.550000,-65.953584,-65.949116,-65.954007
62.600000,-65.953742,-65.949275,-65.954165
62.650000,-65.953900,-65.949433,-65.954323
62.700000,-65.954058,-65.949591,-65.954481
62.750000,-65.954216,-65.949749,-65.954639
62.800000,-65.954373,-65.949906,-65.954796
62.850000,-65.954530,-65.950064,-65.954953
62.900000,-65.954686,-65.950220,-65.955109
62.950000,-65.954843,-65.950377,-65.955266
63.000000,-65.954999,-65.950533,-65.955422
63.050000,-65.955155,-65.950689,-65.955578
63.100000,-65.955310,-65.950845,-65.955733
63.150000,-65.955465,-65.951000,-65.955888
63.200000,-65.955620,-65.951156,-65.956043
63.250000,-65.955775,-65.951310,-65.956198
63.300000,-65.955929,-65.951465,-65.956352
63.350000,-65.956083,-65.951619,-65.956506
63.400000,-65.956237,-65.951773,-65.956660
63.450000,-65.956390,-65.951927,-65.956813
63.500000,-65.956543,-65.952080,-65.956966
63.550000,-65.956696,-65.952233,-65.957119
63.600000,-65.956849,-65.952386,-65.957272
63.650000,-65.957001,-65.952539,-65.957424
63.700000,-65.957153,-65.952691,-65.957576
63.750000,-65.957305,-65.952843,-65.957727
63.800000,-65.957456,-65.952994,-65.957879
63.850000,-65.957607,-65.953146,-65.958030
63.900000,-65.957758,-65.953297,-65.958181
63.950000,-65.957909,-65.953448,-65.958331
64.000000,-65.958059,-65.953598,-65.958482
64.050000,-65.958209,-65.953748,-65.958632
64.100000,-65.958359,-65.953898,-65.958781
64.150000,-65.958508,-65.954048,-65.958931
64.200000,-65.958658,-65.954197,-65.959080
64.250000,-65.958807,-65.954347,-65.959229
64.300000,-65.958955,-65.954495,-65.959378
64.350000,-65.959103,-65.954644,-65.959526
64.400000,-65.959252,-65.954792,-65.959674
64.450000,-65.959399,-65.954940,-65.959822
64.500000,-65.959547,-65.955088,-65.959969
64.550000,-65.959694,-65.955235,-65.960116
64.600000,-65.959841,-65.955383,-65.960263
64.650000,-65.959988,-65.955529,-65.960410
64.700000,-65.960134,-65.955676,-65.960556
64.750000,-65.960280,-65.955822,-65.960702
64.800000,-65.960426,-65.955968,-65.960848
64.850000,-65.960572,-65.956114,-65.960994
64.900000,-65.960717,-65.956260,-65.961139
64.950000,-65.960862,-65.956405,-65.961284
65.000000,-65.961007,-65.956550,-65.961429
65.050000,-65.961151,-65.956695,-65.961573
65.100000,-65.961295,-65.956839,-65.961718
65.150000,-65.961439,-65.956983,-65.961861
65.200000,-65.961583,-65.957127,-65.962005
65.250000,-65.961726,-65.957271,-65.962148
65.300000,-65.961870,-65.957414,-65.962292
65.350000,-65.962012,-65.957557,-65.962434
65.400000,-65.962155,-65.957700,-65.962577
65.450000,-65.962297,-65.957843,-65.962719
65.500000,-65.962439,-65.957985,-65.962861
65.550000,-65.962581,-65.958127,-65.963003
65.600000,-65.962723,-65.958269,-65.963145
65.650000,-65.962864,-65.958410,-65.963286
65.700000,-65.963005,-65.958551,-65.963427
65.750000,-65.963146,-65.958692,-65.963568
65.800000,-65.963286,-65.958833,-65.963708
65.850000,-65.963427,-65.958973,-65.963848
65.900000,-65.963566,-65.959113,-65.963988
65.950000,-65.963706,-65.959253,-65.964128
66.000000,-65.963846,-65.959393,-65.964267
66.050000,-65.963985,-65.959532,-65.964407
66.100000,-65.964124,-65.959671,-65.964545
66.150000,-65.964262,-65.959810,-65.964684
66.200000,-65.964401,-65.959949,-65.964822
66.250000,-65.964539,-65.960087,-65.964960
66.300000,-65.964677,-65.960225,-65.965098
66.350000,-65.964814,-65.960363,-65.965236
66.400000,-65.964952,-65.960501,-65.965373
66.450000,-65.965089,-65.960638,-65.965510
66.500000,-65.965226,-65.960775,-65.965647
66.550000,-65.965362,-65.960912,-65.965784
66.600000,-65.965498,-65.961048,-65.965920
66.650000,-65.965635,-65.961185,-65.966056
66.700000,-65.965770,-65.961321,-65.966192
66.750000,-65.965906,-65.961456,-65.966327
66.800000,-65.966041,-65.961592,-65.966463
66.850000,-65.966176,-65.961727,-65.966598
66.900000,-65.966311,-65.961862,-65.966733
66.950000,-65.966446,-65.961997,-65.966867
67.000000,-65.966580,-65.962131,-65.967001
67.050000,-65.966714,-65.962266,-65.967135
67.100000,-65.966848,-65.962400,-65.967269
67.150000,-65.966981,-65.962533,-65.967403
67.200000,-65.967115,-65.962667,-65.967536
67.250000,-65.967248,-65.962800,-65.967669
67.300000,-65.967380,-65.962933,-65.967802
67.350000,-65.967513,-65.963066,-65.967934
67.400000,-65.967645,-65.963198,-65.968067
67.450000,-65.967777,-65.963330,-65.968199
67.500000,-65.967909,-65.963462,-65.968330
67.550000,-65.968041,-65.963594,-65.968462
67.600000,-65.968172,-65.963726,-65.968593
67.650000,-65.968303,-65.963857,-65.968724
67.700000,-65.968434,-65.963988,-65.968855
67.750000,-65.968564,-65.964119,-65.968986
67.800000,-65.968695,-65.964249,-65.969116
67.850000,-65.968825,-65.964379,-65.969246
67.900000,-65.968955,-65.964510,-65.969376
67.950000,-65.969084,-65.964639,-65.969505
68.000000,-65.969214,-65.964769,-65.969635
68.050000,-65.969343,-65.964898,-65.969764
68.100000,-65.969472,-65.965027,-65.969893
68.150000,-65.969600,-65.965156,-65.970021
68.200000,-65.969729,-65.965285,-65.970150
68.250000,-65.969857,-65.965413,-65.970278
68.300000,-65.969985,-65.965541,-65.970406
68.350000,-65.970112,-65.965669,-65.970533
68.400000,-65.970240,-65.965797,-65.970661
68.450000,-65.970367,-65.965924,-65.970788
68.500000,-65.970494,-65.966051,-65.970915
68.550000,-65.970621,-65.966178,-65.971042
68.600000,-65.970747,-65.966305,-65.971168
68.650000,-65.970874,-65.966431,-65.971294
68.700000,-65.971000,-65.966557,-65.971420
68.750000,-65.971125,-65.966683,-65.971546
68.800000,-65.971251,-65.966809,-65.971672
68.850000,-65.971376,-65.966934,-65.971797
68.900000,-65.971501,-65.967060,-65.971922
68.950000,-65.971626,-65.967185,-65.972047
69.000000,-65.971751,-65.967309,-65.972171
69.050000,-65.971875,-65.967434,-65.972296
69.100000,-65.971999,-65.967558,-65.972420
69.150000,-65.972123,-65.967682,-65.972544
69.200000,-65.972247,-65.967806,-65.972667
69.250000,-65.972370,-65.967930,-65.972791
69.300000,-65.972493,-65.968053,-65.972914
69.350000,-65.972616,-65.968176,-65.973037
69.400000,-65.972739,-65.968299,-65.973160
69.450000,-65.972862,-65.968422,-65.973282
69.500000,-65.972984,-65.968545,-65.973405
69.550000,-65.973106,-65.968667,-65.973527
69.600000,-65.973228,-65.968789,-65.973648
69.650000,-65.973349,-65.968911,-65.973770
69.700000,-65.973471,-65.969032,-65.973891
69.750000,-65.973592,-65.969153,-65.974013
69.800000,-65.973713,-65.969275,-65.974133
69.850000,-65.973834,-65.969395,-65.974254
69.900000,-65.973954,-65.969516,-65.974375
69.950000,-65.974074,-65.969636,-65.974495
70.000000,-65.974194,-65.969757,-65.974615
70.050000,-65.974314,-65.969877,-65.974735
70.100000,-65.974434,-65.969996,-65.974854
70.150000,-65.974553,-65.970116,-65.974974
70.200000,-65.974672,-65.970235,-65.975093
70.250000,-65.974791,-65.970354,-65.975212
70.300000,-65.974910,-65.970473,-65.975330
70.350000,-65.975028,-65.970592,-65.975449
70.400000,-65.975147,-65.970710,-65.975567
70.450000,-65.975265,-65.970828,-65.975685
70.500000,-65.975382,-65.970946,-65.975803
70.550000,-65.975500,-65.971064,-65.975920
70.600000,-65.975617,-65.971182,-65.976038
70.650000,-65.975735,-65.971299,-65.976155
70.700000,-65.975852,-65.971416,-65.976272
70.750000,-65.975968,-65.971533,-65.976389
70.800000,-65.976085,-65.971650,-65.976505
70.850000,-65.976201,-65.971766,-65.976621
70.900000,-65.976317,-65.971882,-65.976737
70.950000,-65.976433,-65.971998,-65.976853
71.000000,-65.976549,-65.972114,-65.976969
71.050000,-65.976664,-65.972230,-65.977084
71.100000,-65.976779,-65.972345,-65.977199
71.150000,-65.976894,-65.972460,-65.977314
71.200000,-65.977009,-65.972575,-65.977429
71.250000,-65.977123,-65.972690,-65.977544
71.300000,-65.977238,-65.972804,-65.977658
71.350000,-65.977352,-65.972919,-65.977772
71.400000,-65.977466,-65.973033,-65.977886
71.450000,-65.977580,-65.973147,-65.978000
71.500000,-65.977693,-65.973260,-65.978113
71.550000,-65.977806,-65.973374,-65.978226
71.600000,-65.977919,-65.973487,-65.978339
71.650000,-65.978032,-65.973600,-65.978452
71.700000,-65.978145,-65.973713,-65.978565
71.750000,-65.978257,-65.973825,-65.978677
71.800000,-65.978370,-65.973938,-65.978790
71.850000,-65.978482,-65.974050,-65.978902
71.900000,-65.978593,-65.974162,-65.979013
71.950000,-65.978705,-65.974274,-65.979125
72.000000,-65.978816,-65.974385,-65.979236
72.050000,-65.978928,-65.974496,-65.979347
72.100000,-65.979038,-65.974608,-65.979458
72.150000,-65.979149,-65.974719,-65.979569
72.200000,-65.979260,-65.974829,-65.979680
72.250000,-65.979370,-65.974940,-65.979790
72.300000,-65.979480,-65.975050,-65.979900
72.350000,-65.979590,-65.975160,-65.980010
72.400000,-65.979700,-65.975270,-65.980120
72.450000,-65.979810,-65.975380,-65.980229
72.500000,-65.979919,-65.975489,-65.980339
72.550000,-65.980028,-65.975599,-65.980448
72.600000,-65.980137,-65.975708,-65.980557
72.650000,-65.980246,-65.975816,-65.980665
72.700000,-65.980354,-65.975925,-65.980774
72.750000,-65.980462,-65.976034,-65.980882
72.800000,-65.980571,-65.976142,-65.980990
72.850000,-65.980678,-65.976250,-65.981098
72.900000,-65.980786,-65.976358,-65.981206
72.950000,-65.980894,-65.976465,-65.981313
73.000000,-65.981001,-65.976573,-65.981421
73.050000,-65.981108,-65.976680,-65.981528
73.100000,-65.981215,-65.976787,-65.981635
73.150000,-65.981322,-65.976894,-65.981741
73.200000,-65.981428,-65.977001,-65.981848
73.250000,-65.981535,-65.977107,-65.981954
73.300000,-65.981641,-65.977213,-65.982060
73.350000,-65.981747,-65.977320,-65.982166
73.400000,-65.981852,-65.977425,-65.982272
73.450000,-65.981958,-65.977531,-65.982377
73.500000,-65.982063,-65.977637,-65.982483
73.550000,-65.982168,-65.977742,-65.982588
73.600000,-65.982273,-65.977847,-65.982693
73.650000,-65.982378,-65.977952,-65.982798
73.700000,-65.982483,-65.978057,-65.982902
73.750000,-65.982587,-65.978161,-65.983006
73.800000,-65.982691,-65.978265,-65.983111
73.850000,-65.982795,-65.978369,-65.983215
73.900000,-65.982899,-65.978473,-65.983318
73.950000,-65.983002,-65.978577,-65.983422
74.000000,-65.983106,-65.978681,-65.983525
74.050000,-65.983209,-65.978784,-65.983628
74.100000,-65.983312,-65.978887,-65.983731
74.150000,-65.983415,-65.978990,-65.983834
74.200000,-65.983517,-65.979093,-65.983937
74.250000,-65.983620,-65.979195,-65.984039
74.300000,-65.983722,-65.979298,-65.984141
74.350000,-65.983824,-65.979400,-65.984243
74.400000,-65.983926,-65.979502,-65.984345
74.450000,-65.984028,-65.979604,-65.984447
74.500000,-65.984129,-65.979705,-65.984548
74.550000,-65.984230,-65.979807,-65.984650
74.600000,-65.984331,-65.979908,-65.984751
74.650000,-65.984432,-65.980009,-65.984852
74.700000,-65.984533,-65.980110,-65.984952
74.750000,-65.984634,-65.980211,-65.985053
74.800000,-65.984734,-65.980311,-65.985153
74.850000,-65.984834,-65.980411,-65.985253
74.900000,-65.984934,-65.980511,-65.985353
74.950000,-65.985034,-65.980611,-65.985453
75.000000,-65.985133,-65.980711,-65.985553
75.050000,-65.985233,-65.980811,-65.985652
75.100000,-65.985332,-65.980910,-65.985751
75.150000,-65.985431,-65.981009,-65.985850
75.200000,-65.985530,-65.981108,-65.985949
75.250000,-65.985629,-65.981207,-65.986048
75.300000,-65.985727,-65.981306,-65.986146
75.350000,-65.985826,-65.981404,-65.986245
75.400000,-65.985924,-65.981502,-65.986343
75.450000,-65.986022,-65.981601,-65.986441
75.500000,-65.986119,-65.981698,-65.986539
75.550000,-65.986217,-65.981796,-65.986636
75.600000,-65.986314,-65.981894,-65.986733
75.650000,-65.986412,-65.981991,-65.986831
75.700000,-65.986509,-65.982088,-65.986928
75.750000,-65.986605,-65.982185,-65.987025
75.800000,-65.986702,-65.982282,-65.987121
75.850000,-65.986799,-65.982379,-65.987218
75.900000,-65.986895,-65.982475,-65.987314
75.950000,-65.986991,-65.982571,-65.987410
76.000000,-65.987087,-65.982667,-65.987506
76.050000,-65.987183,-65.982763,-65.987602
76.100000,-65.987278,-65.982859,-65.987698
76.150000,-65.987374,-65.982955,-65.987793
76.200000,-65.987469,-65.983050,-65.987888
76.250000,-65.987564,-65.983145,-65.987983
76.300000,-65.987659,-65.983240,-65.988078
76.350000,-65.987754,-65.983335,-65.988173
76.400000,-65.987848,-65.983430,-65.988267
76.450000,-65.987943,-65.983524,-65.988362
76.500000,-65.988037,-65.983619,-65.988456
76.550000,-65.988131,-65.983713,-65.988550
76.600000,-65.988225,-65.983807,-65.988644
76.650000,-65.988318,-65.983901,-65.988737
76.700000,-65.988412,-65.983994,-65.988831
76.750000,-65.988505,-65.984088,-65.988924
76.800000,-65.988598,-65.984181,-65.989017
76.850000,-65.988691,-65.984274,-65.989110
76.900000,-65.988784,-65.984367,-65.989203
76.950000,-65.988877,-65.984460,-65.989296
77.000000,-65.988969,-65.984552,-65.989388
77.050000,-65.989062,-65.984645,-65.989480
77.100000,-65.989154,-65.984737,-65.989573
77.150000,-65.989246,-65.984829,-65.989665
77.200000,-65.989337,-65.984921,-65.989756
77.250000,-65.989429,-65.985013,-65.989848
77.300000,-65.989520,-65.985104,-65.989939
77.350000,-65.989612,-65.985196,-65.990031
77.400000,-65.989703,-65.985287,-65.990122
77.450000,-65.989794,-65.985378,-65.990213
77.500000,-65.989884,-65.985469,-65.990303
77.550000,-65.989975,-65.985559,-65.990394
77.600000,-65.990066,-65.985650,-65.990484
77.650000,-65.990156,-65.985740,-65.990575
77.700000,-65.990246,-65.985831,-65.990665
77.750000,-65.990336,-65.985921,-65.990755
77.800000,-65.990426,-65.986011,-65.990844
77.850000,-65.990515,-65.986100,-65.990934
77.900000,-65.990605,-65.986190,-65.991023
77.950000,-65.990694,-65.986279,-65.991112
78.000000,-65.990783,-65.986368,-65.991202
78.050000,-65.990872,-65.986457,-65.991290
78.100000,-65.990961,-65.986546,-65.991379
78.150000,-65.991049,-65.986635,-65.991468
78.200000,-65.991138,-65.986724,-65.991556
78.250000,-65.991226,-65.986812,-65.991644
78.300000,-65.991314,-65.986900,-65.991733
78.350000,-65.991402,-65.986988,-65.991820
78.400000,-65.991490,-65.987076,-65.991908
78.450000,-65.991577,-65.987164,-65.991996
78.500000,-65.991665,-65.987251,-65.992083
78.550000,-65.991752,-65.987339,-65.992171
78.600000,-65.991839,-65.987426,-65.992258
78.650000,-65.991926,-65.987513,-65.992345
78.700000,-65.992013,-65.987600,-65.992431
78.750000,-65.992099,-65.987687,-65.992518
78.800000,-65.992186,-65.987773,-65.992605
78.850000,-65.992272,-65.987860,-65.992691
78.900000,-65.992358,-65.987946,-65.992777
78.950000,-65.992444,-65.988032,-65.992863
79.000000,-65.992530,-65.988118,-65.992949
79.050000,-65.992616,-65.988204,-65.993034
79.100000,-65.992701,-65.988290,-65.993120
79.150000,-65.992787,-65.988375,-65.993205
79.200000,-65.992872,-65.988460,-65.993291
79.250000,-65.992957,-65.988546,-65.993376
79.300000,-65.993042,-65.988631,-65.993460
79.350000,-65.993127,-65.988715,-65.993545
79.400000,-65.993211,-65.988800,-65.993630
79.450000,-65.993296,-65.988885,-65.993714
79.500000,-65.993380,-65.988969,-65.993798
79.550000,-65.993464,-65.989053,-65.993882
79.600000,-65.993548,-65.989137,-65.993966
79.650000,-65.993632,-65.989221,-65.994050
79.700000,-65.993715,-65.989305,-65.994134
79.750000,-65.993799,-65.989389,-65.994217
79.800000,-65.993882,-65.989472,-65.994301
79.850000,-65.993965,-65.989555,-65.994384
79.900000,-65.994048,-65.989638,-65.994467
79.950000,-65.994131,-65.989721,-65.994550
80.000000,-65.994214,-65.989804,-65.994632
80.050000,-65.994296,-65.989887,-65.994715
80.100000,-65.994379,-65.989969,-65.994797
80.150000,-65.994461,-65.990052,-65.994880
80.200000,-65.994543,-65.990134,-65.994962
80.250000,-65.994625,-65.990216,-65.995044
80.300000,-65.994707,-65.990298,-65.995125
80.350000,-65.994789,-65.990380,-65.995207
80.400000,-65.994870,-65.990461,-65.995288
80.450000,-65.994951,-65.990543,-65.995370
80.500000,-65.995033,-65.990624,-65.995451
80.550000,-65.995114,-65.990705,-65.995532
80.600000,-65.995195,-65.990786,-65.995613
80.650000,-65.995275,-65.990867,-65.995694
80.700000,-65.995356,-65.990948,-65.995774
80.750000,-65.995436,-65.991028,-65.995855
80.800000,-65.995517,-65.991109,-65.995935
80.850000,-65.995597,-65.991189,-65.996015
80.900000,-65.995677,-65.991269,-65.996095
80.950000,-65.995757,-65.991349,-65.996175
81.000000,-65.995836,-65.991429,-65.996255
81.050000,-65.995916,-65.991508,-65.996334
81.100000,-65.995995,-65.991588,-65.996413
81.150000,-65.996074,-65.991667,-65.996493
81.200000,-65.996154,-65.991746,-65.996572
81.250000,-65.996233,-65.991826,-65.996651
81.300000,-65.996311,-65.991904,-65.996730
81.350000,-65.996390,-65.991983,-65.996808
81.400000,-65.996469,-65.992062,-65.996887
81.450000,-65.996547,-65.992140,-65.996965
81.500000,-65.996625,-65.992219,-65.997043
81.550000,-65.996703,-65.992297,-65.997121
81.600000,-65.996781,-65.992375,-65.997199
81.650000,-65.996859,-65.992453,-65.997277
81.700000,-65.996937,-65.992531,-65.997355
81.750000,-65.997014,-65.992608,-65.997432
81.800000,-65.997092,-65.992686,-65.997510
81.850000,-65.997169,-65.992763,-65.997587
81.900000,-65.997246,-65.992840,-65.997664
81.950000,-65.997323,-65.992917,-65.997741
82.000000,-65.997400,-65.992994,-65.997818
82.050000,-65.997476,-65.993071,-65.997894
82.100000,-65.997553,-65.993148,-65.997971
82.150000,-65.997629,-65.993224,-65.998047
82.200000,-65.997705,-65.993300,-65.998123
82.250000,-65.997781,-65.993377,-65.998200
82.300000,-65.997857,-65.993453,-65.998275
82.350000,-65.997933,-65.993528,-65.998351
82.400000,-65.998009,-65.993604,-65.998427
82.450000,-65.998084,-65.993680,-65.998502
82.500000,-65.998160,-65.993755,-65.998578
82.550000,-65.998235,-65.993831,-65.998653
82.600000,-65.998310,-65.993906,-65.998728
82.650000,-65.998385,-65.993981,-65.998803
82.700000,-65.998460,-65.994056,-65.998878
82.750000,-65.998535,-65.994131,-65.998953
82.800000,-65.998609,-65.994205,-65.999027
82.850000,-65.998684,-65.994280,-65.999102
82.900000,-65.998758,-65.994354,-65.999176
82.950000,-65.998832,-65.994429,-65.999250
83.000000,-65.998906,-65.994503,-65.999324
83.050000,-65.998980,-65.994577,-65.999398
83.100000,-65.999054,-65.994650,-65.999472
83.150000,-65.999127,-65.994724,-65.999545
83.200000,-65.999201,-65.994798,-65.999619
83.250000,-65.999274,-65.994871,-65.999692
83.300000,-65.999347,-65.994944,-65.999765
83.350000,-65.999420,-65.995018,-65.999838
83.400000,-65.999493,-65.995091,-65.999911
83.450000,-65.999566,-65.995163,-65.999984
83.500000,-65.999639,-65.995236,-66.000056
83.550000,-65.999711,-65.995309,-66.000129
83.600000,-65.999783,-65.995381,-66.000201
83.650000,-65.999856,-65.995454,-66.000274
83.700000,-65.999928,-65.995526,-66.000346
83.750000,-66.000000,-65.995598,-66.000418
83.800000,-66.000072,-65.995670,-66.000490
83.850000,-66.000143,-65.995742,-66.000561
83.900000,-66.000215,-65.995813,-66.000633
83.950000,-66.000286,-65.995885,-66.000704
84.000000,-66.000358,-65.995956,-66.000776
84.050000,-66.000429,-65.996028,-66.000847
84.100000,-66.000500,-65.996099,-66.000918
84.150000,-66.000571,-65.996170,-66.000989
84.200000,-66.000642,-65.996241,-66.001059
84.250000,-66.000712,-65.996311,-66.001130
84.300000,-66.000783,-65.996382,-66.001201
84.350000,-66.000853,-65.996452,-66.001271
84.400000,-66.000923,-65.996523,-66.001341
84.450000,-66.000994,-65.996593,-66.001411
84.500000,-66.001064,-65.996663,-66.001481
84.550000,-66.001133,-65.996733,-66.001551
84.600000,-66.001203,-65.996803,-66.001621
84.650000,-66.001273,-65.996873,-66.001691
84.700000,-66.001342,-65.996942,-66.001760
84.750000,-66.001412,-65.997012,-66.001829
84.800000,-66.001481,-65.997081,-66.001899
84.850000,-66.001550,-65.997150,-66.001968
84.900000,-66.001619,-65.997219,-66.002037
84.950000,-66.001688,-65.997288,-66.002106
85.000000,-66.001757,-65.997357,-66.002174
85.050000,-66.001825,-65.997426,-66.002243
85.100000,-66.001894,-65.997494,-66.002311
85.150000,-66.001962,-65.997563,-66.002380
85.200000,-66.002030,-65.997631,-66.002448
85.250000,-66.002098,-65.997699,-66.002516
85.300000,-66.002166,-65.997767,-66.002584
85.350000,-66.002234,-65.997835,-66.002652
85.400000,-66.002302,-65.997903,-66.002720
85.450000,-66.002369,-65.997971,-66.002787
85.500000,-66.002437,-65.998038,-66.002855
85.550000,-66.002504,-65.998106,-66.002922
85.600000,-66.002571,-65.998173,-66.002989
85.650000,-66.002638,-65.998240,-66.003056
85.700000,-66.002705,-65.998307,-66.003123
85.750000,-66.002772,-65.998374,-66.003190
85.800000,-66.002839,-65.998441,-66.003257
85.850000,-66.002906,-65.998508,-66.003323
85.900000,-66.002972,-65.998574,-66.003390
85.950000,-66.003038,-65.998641,-66.003456
86.000000,-66.003105,-65.998707,-66.003522
86.050000,-66.003171,-65.998773,-66.003588
86.100000,-66.003237,-65.998839,-66.003654
86.150000,-66.003303,-65.998905,-66.003720
86.200000,-66.003368,-65.998971,-66.003786
86.250000,-66.003434,-65.999037,-66.003852
86.300000,-66.003499,-65.999102,-66.003917
86.350000,-66.003565,-65.999168,-66.003983
86.400000,-66.003630,-65.999233,-66.004048
86.450000,-66.003695,-65.999298,-66.004113
86.500000,-66.003760,-65.999363,-66.004178
86.550000,-66.003825,-65.999428,-66.004243
86.600000,-66.003890,-65.999493,-66.004308
86.650000,-66.003955,-65.999558,-66.004372
86.700000,-66.004019,-65.999623,-66.004437
86.750000,-66.004084,-65.999687,-66.004501
86.800000,-66.004148,-65.999752,-66.004565
86.850000,-66.004212,-65.999816,-66.004630
86.900000,-66.004276,-65.999880,-66.004694
86.950000,-66.004340,-65.999944,-66.004758
87.000000,-66.004404,-66.000008,-66.004821
87.050000,-66.004468,-66.000072,-66.004885
87.100000,-66.004531,-66.000135,-66.004949
87.150000,-66.004595,-66.000199,-66.005012
87.200000,-66.004658,-66.000262,-66.005076
87.250000,-66.004721,-66.000326,-66.005139
87.300000,-66.004784,-66.000389,-66.005202
87.350000,-66.004847,-66.000452,-66.005265
87.400000,-66.004910,-66.000515,-66.005328
87.450000,-66.004973,-66.000578,-66.005391
87.500000,-66.005036,-66.000641,-66.005453
87.550000,-66.005098,-66.000703,-66.005516
87.600000,-66.005161,-66.000766,-66.005578
87.650000,-66.005223,-66.000828,-66.005641
87.700000,-66.005285,-66.000890,-66.005703
87.750000,-66.005347,-66.000953,-66.005765
87.800000,-66.005409,-66.001015,-66.005827
87.850000,-66.005471,-66.001077,-66.005889
87.900000,-66.005533,-66.001138,-66.005950
87.950000,-66.005594,-66.001200,-66.006012
88.000000,-66.005656,-66.001262,-66.006073
88.050000,-66.005717,-66.001323,-66.006135
88.100000,-66.005779,-66.001385,-66.006196
88.150000,-66.005840,-66.001446,-66.006257
88.200000,-66.005901,-66.001507,-66.006318
88.250000,-66.005962,-66.001568,-66.006379
88.300000,-66.006023,-66.001629,-66.006440
88.350000,-66.006083,-66.001690,-66.006501
88.400000,-66.006144,-66.001750,-66.006561
88.450000,-66.006204,-66.001811,-66.006622
88.500000,-66.006265,-66.001871,-66.006682
88.550000,-66.006325,-66.001932,-66.006743
88.600000,-66.006385,-66.001992,-66.006803
88.650000,-66.006445,-66.002052,-66.006863
88.700000,-66.006505,-66.002112,-66.006923
88.750000,-66.006565,-66.002172,-66.006983
88.800000,-66.006625,-66.002232,-66.007042
88.850000,-66.006684,-66.002292,-66.007102
88.900000,-66.006744,-66.002351,-66.007161
88.950000,-66.006803,-66.002411,-66.007221
89.000000,-66.006863,-66.002470,-66.007280
89.050000,-66.006922,-66.002529,-66.007339
89.100000,-66.006981,-66.002588,-66.007398
89.150000,-66.007040,-66.002647,-66.007457
89.200000,-66.007099,-66.002706,-66.007516
89.250000,-66.007157,-66.002765,-66.007575
89.300000,-66.007216,-66.002824,-66.007633
89.350000,-66.007275,-66.002882,-66.007692
89.400000,-66.007333,-66.002941,-66.007750
89.450000,-66.007391,-66.002999,-66.007809
89.500000,-66.007449,-66.003058,-66.007867
89.550000,-66.007508,-66.003116,-66.007925
89.600000,-66.007566,-66.003174,-66.007983
89.650000,-66.007623,-66.003232,-66.008041
89.700000,-66.007681,-66.003290,-66.008099
89.750000,-66.007739,-66.003347,-66.008156
89.800000,-66.007796,-66.003405,-66.008214
89.850000,-66.007854,-66.003463,-66.008271
89.900000,-66.007911,-66.003520,-66.008329
89.950000,-66.007968,-66.003577,-66.008386
90.000000,-66.008026,-66.003634,-66.008443
90.050000,-66.008083,-66.003692,-66.008500
90.100000,-66.008140,-66.003749,-66.008557
90.150000,-66.008196,-66.003805,-66.008614
90.200000,-66.008253,-66.003862,-66.008670
90.250000,-66.008310,-66.003919,-66.008727
90.300000,-66.008366,-66.003976,-66.008784
90.350000,-66.008423,-66.004032,-66.008840
90.400000,-66.008479,-66.004088,-66.008896
90.450000,-66.008535,-66.004145,-66.008952
90.500000,-66.008591,-66.004201,-66.009009
90.550000,-66.008647,-66.004257,-66.009065
90.600000,-66.008703,-66.004313,-66.009120
90.650000,-66.008759,-66.004369,-66.009176
90.700000,-66.008815,-66.004424,-66.009232
90.750000,-66.008870,-66.004480,-66.009287
90.800000,-66.008926,-66.004536,-66.009343
90.850000,-66.008981,-66.004591,-66.009398
90.900000,-66.009036,-66.004646,-66.009454
90.950000,-66.009091,-66.004702,-66.009509
91.000000,-66.009146,-66.004757,-66.009564
91.050000,-66.009201,-66.004812,-66.009619
91.100000,-66.009256,-66.004867,-66.009674
91.150000,-66.009311,-66.004922,-66.009728
91.200000,-66.009366,-66.004976,-66.009783
91.250000,-66.009420,-66.005031,-66.009838
91.300000,-66.009475,-66.005086,-66.009892
91.350000,-66.009529,-66.005140,-66.009946
91.400000,-66.009583,-66.005194,-66.010001
91.450000,-66.009638,-66.005249,-66.010055
91.500000,-66.009692,-66.005303,-66.010109
91.550000,-66.009746,-66.005357,-66.010163
91.600000,-66.009799,-66.005411,-66.010217
91.650000,-66.009853,-66.005465,-66.010270
91.700000,-66.009907,-66.005518,-66.010324
91.750000,-66.009960,-66.005572,-66.010378
91.800000,-66.010014,-66.005625,-66.010431
91.850000,-66.010067,-66.005679,-66.010485
91.900000,-66.010121,-66.005732,-66.010538
91.950000,-66.010174,-66.005785,-66.010591
92.000000,-66.010227,-66.005839,-66.010644
92.050000,-66.010280,-66.005892,-66.010697
92.100000,-66.010333,-66.005945,-66.010750
92.150000,-66.010385,-66.005997,-66.010803
92.200000,-66.010438,-66.006050,-66.010855
92.250000,-66.010491,-66.006103,-66.010908
92.300000,-66.010543,-66.006155,-66.010960
92.350000,-66.010596,-66.006208,-66.011013
92.400000,-66.010648,-66.006260,-66.011065
92.450000,-66.010700,-66.006313,-66.011117
92.500000,-66.010752,-66.006365,-66.011169
92.550000,-66.010804,-66.006417,-66.011221
92.600000,-66.010856,-66.006469,-66.011273
92.650000,-66.010908,-66.006521,-66.011325
92.700000,-66.010960,-66.006572,-66.011377
92.750000,-66.011011,-66.006624,-66.011429
92.800000,-66.011063,-66.006676,-66.011480
92.850000,-66.011114,-66.006727,-66.011531
92.900000,-66.011166,-66.006779,-66.011583
92.950000,-66.011217,-66.006830,-66.011634
93.000000,-66.011268,-66.006881,-66.011685
93.050000,-66.011319,-66.006932,-66.011736
93.100000,-66.011370,-66.006983,-66.011787
93.150000,-66.011421,-66.007034,-66.011838
93.200000,-66.011472,-66.007085,-66.011889
93.250000,-66.011522,-66.007136,-66.011940
93.300000,-66.011573,-66.007187,-66.011990
93.350000,-66.011624,-66.007237,-66.012041
93.400000,-66.011674,-66.007288,-66.012091
93.450000,-66.011724,-66.007338,-66.012141
93.500000,-66.011774,-66.007388,-66.012192
93.550000,-66.011825,-66.007439,-66.012242
93.600000,-66.011875,-66.007489,-66.012292
93.650000,-66.011925,-66.007539,-66.012342
93.700000,-66.011974,-66.007589,-66.012392
93.750000,-66.012024,-66.007638,-66.012441
93.800000,-66.012074,-66.007688,-66.012491
93.850000,-66.012123,-66.007738,-66.012541
93.900000,-66.012173,-66.007787,-66.012590
93.950000,-66.012222,-66.007837,-66.012639
94.000000,-66.012272,-66.007886,-66.012689
94.050000,-66.012321,-66.007935,-66.012738
94.100000,-66.012370,-66.007985,-66.012787
94.150000,-66.012419,-66.008034,-66.012836
94.200000,-66.012468,-66.008083,-66.012885
94.250000,-66.012517,-66.008132,-66.012934
94.300000,-66.012566,-66.008181,-66.012983
94.350000,-66.012614,-66.008229,-66.013031
94.400000,-66.012663,-66.008278,-66.013080
94.450000,-66.012711,-66.008326,-66.013128
94.500000,-66.012760,-66.008375,-66.013177
94.550000,-66.012808,-66.008423,-66.013225
94.600000,-66.012856,-66.008472,-66.013273
94.650000,-66.012904,-66.008520,-66.013322
94.700000,-66.012953,-66.008568,-66.013370
94.750000,-66.013001,-66.008616,-66.013418
94.800000,-66.013048,-66.008664,-66.013465
94.850000,-66.013096,-66.008712,-66.013513
94.900000,-66.013144,-66.008760,-66.013561
94.950000,-66.013191,-66.008807,-66.013609
95.000000,-66.013239,-66.008855,-66.013656
95.050000,-66.013286,-66.008902,-66.013704
95.100000,-66.013334,-66.008950,-66.013751
95.150000,-66.013381,-66.008997,-66.013798
95.200000,-66.013428,-66.009044,-66.013845
95.250000,-66.013475,-66.009091,-66.013892
95.300000,-66.013522,-66.009139,-66.013939
95.350000,-66.013569,-66.009185,-66.013986
95.400000,-66.013616,-66.009232,-66.014033
95.450000,-66.013663,-66.009279,-66.014080
95.500000,-66.013710,-66.009326,-66.014127
95.550000,-66.013756,-66.009373,-66.014173
95.600000,-66.013803,-66.009419,-66.014220
95.650000,-66.013849,-66.009466,-66.014266
95.700000,-66.013895,-66.009512,-66.014312
95.750000,-66.013942,-66.009558,-66.014359
95.800000,-66.013988,-66.009604,-66.014405
95.850000,-66.014034,-66.009651,-66.014451
95.900000,-66.014080,-66.009697,-66.014497
95.950000,-66.014126,-66.009743,-66.014543
96.000000,-66.014171,-66.009788,-66.014589
96.050000,-66.014217,-66.009834,-66.014634
96.100000,-66.014263,-66.009880,-66.014680
96.150000,-66.014308,-66.009926,-66.014725
96.200000,-66.014354,-66.009971,-66.014771
96.250000,-66.014399,-66.010017,-66.014816
96.300000,-66.014445,-66.010062,-66.014862
96.350000,-66.014490,-66.010107,-66.014907
96.400000,-66.014535,-66.010152,-66.014952
96.450000,-66.014580,-66.010198,-66.014997
96.500000,-66.014625,-66.010243,-66.015042
96.550000,-66.014670,-66.010288,-66.015087
96.600000,-66.014715,-66.010332,-66.015132
96.650000,-66.014759,-66.010377,-66.015176
96.700000,-66.014804,-66.010422,-66.015221
96.750000,-66.014849,-66.010467,-66.015266
96.800000,-66.014893,-66.010511,-66.015310
96.850000,-66.014938,-66.010556,-66.015355
96.900000,-66.014982,-66.010600,-66.015399
96.950000,-66.015026,-66.010644,-66.015443
97.000000,-66.015070,-66.010688,-66.015487
97.050000,-66.015114,-66.010733,-66.015531
97.100000,-66.015158,-66.010777,-66.015575
97.150000,-66.015202,-66.010821,-66.015619
97.200000,-66.015246,-66.010864,-66.015663
97.250000,-66.015290,-66.010908,-66.015707
97.300000,-66.015334,-66.010952,-66.015751
97.350000,-66.015377,-66.010996,-66.015794
97.400000,-66.015421,-66.011039,-66.015838
97.450000,-66.015464,-66.011083,-66.015881
97.500000,-66.015507,-66.011126,-66.015924
97.550000,-66.015551,-66.011170,-66.015968
97.600000,-66.015594,-66.011213,-66.016011
97.650000,-66.015637,-66.011256,-66.016054
97.700000,-66.015680,-66.011299,-66.016097
97.750000,-66.015723,-66.011342,-66.016140
97.800000,-66.015766,-66.011385,-66.016183
97.850000,-66.015809,-66.011428,-66.016226
97.900000,-66.015851,-66.011471,-66.016268
97.950000,-66.015894,-66.011513,-66.016311
98.000000,-66.015937,-66.011556,-66.016354
98.050000,-66.015979,-66.011598,-66.016396
98.100000,-66.016022,-66.011641,-66.016439
98.150000,-66.016064,-66.011683,-66.016481
98.200000,-66.016106,-66.011726,-66.016523
98.250000,-66.016148,-66.011768,-66.016565
98.300000,-66.016190,-66.011810,-66.016607
98.350000,-66.016232,-66.011852,-66.016649
98.400000,-66.016274,-66.011894,-66.016691
98.450000,-66.016316,-66.011936,-66.016733
98.500000,-66.016358,-66.011978,-66.016775
98.550000,-66.016400,-66.012020,-66.016817
98.600000,-66.016441,-66.012061,-66.016858
98.650000,-66.016483,-66.012103,-66.016900
98.700000,-66.016524,-66.012145,-66.016941
98.750000,-66.016566,-66.012186,-66.016983
98.800000,-66.016607,-66.012227,-66.017024
98.850000,-66.016648,-66.012269,-66.017065
98.900000,-66.016690,-66.012310,-66.017107
98.950000,-66.016731,-66.012351,-66.017148
99.000000,-66.016772,-66.012392,-66.017189
99.050000,-66.016813,-66.012433,-66.017230
99.100000,-66.016854,-66.012474,-66.017271
99.150000,-66.016894,-66.012515,-66.017311
99.200000,-66.016935,-66.012556,-66.017352
99.250000,-66.016976,-66.012596,-66.017393
99.300000,-66.017016,-66.012637,-66.017433
99.350000,-66.017057,-66.012678,-66.017474
99.400000,-66.017097,-66.012718,-66.017514
99.450000,-66.017138,-66.012759,-66.017555
99.500000,-66.017178,-66.012799,-66.017595
99.550000,-66.017218,-66.012839,-66.017635
99.600000,-66.017258,-66.012879,-66.017675
99.650000,-66.017298,-66.012920,-66.017715
99.700000,-66.017338,-66.012960,-66.017755
99.750000,-66.017378,-66.013000,-66.017795
99.800000,-66.017418,-66.013039,-66.017835
99.850000,-66.017458,-66.013079,-66.017875
99.900000,-66.017498,-66.013119,-66.017915
99.950000,-66.017537,-66.013159,-66.017954
100.000000,-66.017577,-66.013198,-66.017994
100.050000,-66.017616,-66.013238,-66.018033
100.100000,-66.017656,-66.013277,-66.018073
100.150000,-66.017695,-66.013317,-66.018112
100.200000,-66.017734,-66.013356,-66.018151
100.250000,-66.017774,-66.013395,-66.018190
100.300000,-66.017813,-66.013434,-66.018230
100.350000,-66.017852,-66.013474,-66.018269
100.400000,-66.017891,-66.013513,-66.018308
100.450000,-66.017930,-66.013552,-66.018347
100.500000,-66.017968,-66.013590,-66.018385
100.550000,-66.018007,-66.013629,-66.018424
100.600000,-66.018046,-66.013668,-66.018463
100.650000,-66.018085,-66.013707,-66.018501
100.700000,-66.018123,-66.013745,-66.018540
100.750000,-66.018162,-66.013784,-66.018578
100.800000,-66.018200,-66.013822,-66.018617
100.850000,-66.018238,-66.013861,-66.018655
100.900000,-66.018277,-66.013899,-66.018694
100.950000,-66.018315,-66.013937,-66.018732
101.000000,-66.018353,-66.013975,-66.018770
101.050000,-66.018391,-66.014013,-66.018808
101.100000,-66.018429,-66.014052,-66.018846
101.150000,-66.018467,-66.014089,-66.018884
101.200000,-66.018505,-66.014127,-66.018922
101.250000,-66.018543,-66.014165,-66.018959
101.300000,-66.018580,-66.014203,-66.018997
101.350000,-66.018618,-66.014241,-66.019035
101.400000,-66.018656,-66.014278,-66.019072
101.450000,-66.018693,-66.014316,-66.019110
101.500000,-66.018730,-66.014353,-66.019147
101.550000,-66.018768,-66.014391,-66.019185
101.600000,-66.018805,-66.014428,-66.019222
101.650000,-66.018842,-66.014465,-66.019259
101.700000,-66.018880,-66.014503,-66.019296
101.750000,-66.018917,-66.014540,-66.019333
101.800000,-66.018954,-66.014577,-66.019371
101.850000,-66.018991,-66.014614,-66.019407
101.900000,-66.019028,-66.014651,-66.019444
101.950000,-66.019064,-66.014688,-66.019481
102.000000,-66.019101,-66.014724,-66.019518
102.050000,-66.019138,-66.014761,-66.019555
102.100000,-66.019174,-66.014798,-66.019591
102.150000,-66.019211,-66.014835,-66.019628
102.200000,-66.019247,-66.014871,-66.019664
102.250000,-66.019284,-66.014908,-66.019701
102.300000,-66.019320,-66.014944,-66.019737
102.350000,-66.019357,-66.014980,-66.019773
102.400000,-66.019393,-66.015017,-66.019810
102.450000,-66.019429,-66.015053,-66.019846
102.500000,-66.019465,-66.015089,-66.019882
102.550000,-66.019501,-66.015125,-66.019918
102.600000,-66.019537,-66.015161,-66.019954
102.650000,-66.019573,-66.015197,-66.019990
102.700000,-66.019609,-66.015233,-66.020026
102.750000,-66.019644,-66.015269,-66.020061
102.800000,-66.019680,-66.015304,-66.020097
102.850000,-66.019716,-66.015340,-66.020133
102.900000,-66.019751,-66.015376,-66.020168
102.950000,-66.019787,-66.015411,-66.020204
103.000000,-66.019822,-66.015447,-66.020239
103.050000,-66.019858,-66.015482,-66.020275
103.100000,-66.019893,-66.015517,-66.020310
103.150000,-66.019928,-66.015553,-66.020345
103.200000,-66.019963,-66.015588,-66.020380
103.250000,-66.019999,-66.015623,-66.020415
103.300000,-66.020034,-66.015658,-66.020450
103.350000,-66.020069,-66.015693,-66.020485
103.400000,-66.020104,-66.015728,-66.020520
103.450000,-66.020138,-66.015763,-66.020555
103.500000,-66.020173,-66.015798,-66.020590
103.550000,-66.020208,-66.015833,-66.020625
103.600000,-66.020243,-66.015867,-66.020659
103.650000,-66.020277,-66.015902,-66.020694
103.700000,-66.020312,-66.015937,-66.020729
103.750000,-66.020346,-66.015971,-66.020763
103.800000,-66.020381,-66.016006,-66.020797
103.850000,-66.020415,-66.016040,-66.020832
103.900000,-66.020449,-66.016074,-66.020866
103.950000,-66.020483,-66.016109,-66.020900
104.000000,-66.020518,-66.016143,-66.020934
104.050000,-66.020552,-66.016177,-66.020969
104.100000,-66.020586,-66.016211,-66.021003
104.150000,-66.020620,-66.016245,-66.021037
104.200000,-66.020654,-66.016279,-66.021070
104.250000,-66.020688,-66.016313,-66.021104
104.300000,-66.020721,-66.016347,-66.021138
104.350000,-66.020755,-66.016381,-66.021172
104.400000,-66.020789,-66.016414,-66.021206
104.450000,-66.020822,-66.016448,-66.021239
104.500000,-66.020856,-66.016482,-66.021273
104.550000,-66.020889,-66.016515,-66.021306
104.600000,-66.020923,-66.016549,-66.021340
104.650000,-66.020956,-66.016582,-66.021373
104.700000,-66.020989,-66.016615,-66.021406
104.750000,-66.021023,-66.016649,-66.021439
104.800000,-66.021056,-66.016682,-66.021473
104.850000,-66.021089,-66.016715,-66.021506
104.900000,-66.021122,-66.016748,-66.021539
104.950000,-66.021155,-66.016781,-66.021572
105.000000,-66.021188,-66.016814,-66.021605
105.050000,-66.021221,-66.016847,-66.021638
105.100000,-66.021254,-66.016880,-66.021670
105.150000,-66.021286,-66.016913,-66.021703
105.200000,-66.021319,-66.016945,-66.021736
105.250000,-66.021352,-66.016978,-66.021769
105.300000,-66.021384,-66.017011,-66.021801
105.350000,-66.021417,-66.017043,-66.021834
105.400000,-66.021449,-66.017076,-66.021866
105.450000,-66.021482,-66.017108,-66.021899
105.500000,-66.021514,-66.017141,-66.021931
105.550000,-66.021546,-66.017173,-66.021963
105.600000,-66.021579,-66.017205,-66.021995
105.650000,-66.021611,-66.017237,-66.022028
105.700000,-66.021643,-66.017269,-66.022060
105.750000,-66.021675,-66.017302,-66.022092
105.800000,-66.021707,-66.017334,-66.022124
105.850000,-66.021739,-66.017366,-66.022156
105.900000,-66.021771,-66.017397,-66.022187
105.950000,-66.021802,-66.017429,-66.022219
106.000000,-66.021834,-66.017461,-66.022251
106.050000,-66.021866,-66.017493,-66.022283
106.100000,-66.021898,-66.017525,-66.022314
106.150000,-66.021929,-66.017556,-66.022346
106.200000,-66.021961,-66.017588,-66.022377
106.250000,-66.021992,-66.017619,-66.022409
106.300000,-66.022024,-66.017651,-66.022440
106.350000,-66.022055,-66.017682,-66.022472
106.400000,-66.022086,-66.017713,-66.022503
106.450000,-66.022117,-66.017745,-66.022534
106.500000,-66.022149,-66.017776,-66.022565
106.550000,-66.022180,-66.017807,-66.022596
106.600000,-66.022211,-66.017838,-66.022628
106.650000,-66.022242,-66.017869,-66.022659
106.700000,-66.022273,-66.017900,-66.022690
106.750000,-66.022304,-66.017931,-66.022720
106.800000,-66.022334,-66.017962,-66.022751
106.850000,-66.022365,-66.017993,-66.022782
106.900000,-66.022396,-66.018024,-66.022813
106.950000,-66.022427,-66.018054,-66.022843
107.000000,-66.022457,-66.018085,-66.022874
107.050000,-66.022488,-66.018116,-66.022905
107.100000,-66.022518,-66.018146,-66.022935
107.150000,-66.022549,-66.018177,-66.022966
107.200000,-66.022579,-66.018207,-66.022996
107.250000,-66.022610,-66.018237,-66.023026
107.300000,-66.022640,-66.018268,-66.023057
107.350000,-66.022670,-66.018298,-66.023087
107.400000,-66.022700,-66.018328,-66.023117
107.450000,-66.022730,-66.018358,-66.023147
107.500000,-66.022760,-66.018388,-66.023177
107.550000,-66.022790,-66.018418,-66.023207
107.600000,-66.022820,-66.018448,-66.023237
107.650000,-66.022850,-66.018478,-66.023267
107.700000,-66.022880,-66.018508,-66.023297
107.750000,-66.022910,-66.018538,-66.023327
107.800000,-66.022940,-66.018568,-66.023356
107.850000,-66.022969,-66.018598,-66.023386
107.900000,-66.022999,-66.018627,-66.023416
107.950000,-66.023028,-66.018657,-66.023445
108.000000,-66.023058,-66.018686,-66.023475
108.050000,-66.023087,-66.018716,-66.023504
108.100000,-66.023117,-66.018745,-66.023534
108.150000,-66.023146,-66.018775,-66.023563
108.200000,-66.023175,-66.018804,-66.023592
108.250000,-66.023205,-66.018833,-66.023621
108.300000,-66.023234,-66.018863,-66.023651
108.350000,-66.023263,-66.018892,-66.023680
108.400000,-66.023292,-66.018921,-66.023709
108.450000,-66.023321,-66.018950,-66.023738
108.500000,-66.023350,-66.018979,-66.023767
108.550000,-66.023379,-66.019008,-66.023796
108.600000,-66.023408,-66.019037,-66.023825
108.650000,-66.023437,-66.019066,-66.023854
108.700000,-66.023466,-66.019095,-66.023882
108.750000,-66.023494,-66.019123,-66.023911
108.800000,-66.023523,-66.019152,-66.023940
108.850000,-66.023552,-66.019181,-66.023968
108.900000,-66.023580,-66.019209,-66.023997
108.950000,-66.023609,-66.019238,-66.024025
109.000000,-66.023637,-66.019266,-66.024054
109.050000,-66.023666,-66.019295,-66.024082
109.100000,-66.023694,-66.019323,-66.024111
109.150000,-66.023722,-66.019351,-66.024139
109.200000,-66.023750,-66.019380,-66.024167
109.250000,-66.023779,-66.019408,-66.024195
109.300000,-66.023807,-66.019436,-66.024224
109.350000,-66.023835,-66.019464,-66.024252
109.400000,-66.023863,-66.019492,-66.024280
109.450000,-66.023891,-66.019520,-66.024308
109.500000,-66.023919,-66.019548,-66.024336
109.550000,-66.023947,-66.019576,-66.024363
109.600000,-66.023975,-66.019604,-66.024391
109.650000,-66.024002,-66.019632,-66.024419
109.700000,-66.024030,-66.019660,-66.024447
109.750000,-66.024058,-66.019688,-66.024475
109.800000,-66.024085,-66.019715,-66.024502
109.850000,-66.024113,-66.019743,-66.024530
109.900000,-66.024141,-66.019770,-66.024557
109.950000,-66.024168,-66.019798,-66.024585
110.000000,-66.024196,-66.019825,-66.024612
110.050000,-66.024223,-66.019853,-66.024640
110.100000,-66.024250,-66.019880,-66.024667
110.150000,-66.024278,-66.019907,-66.024694
110.200000,-66.024305,-66.019935,-66.024721
110.250000,-66.024332,-66.019962,-66.024749
110.300000,-66.024359,-66.019989,-66.024776
110.350000,-66.024386,-66.020016,-66.024803
110.400000,-66.024413,-66.020043,-66.024830
110.450000,-66.024440,-66.020070,-66.024857
110.500000,-66.024467,-66.020097,-66.024884
110.550000,-66.024494,-66.020124,-66.024911
110.600000,-66.024521,-66.020151,-66.024938
110.650000,-66.024548,-66.020178,-66.024964
110.700000,-66.024574,-66.020205,-66.024991
110.750000,-66.024601,-66.020232,-66.025018
110.800000,-66.024628,-66.020258,-66.025045
110.850000,-66.024654,-66.020285,-66.025071
110.900000,-66.024681,-66.020311,-66.025098
110.950000,-66.024707,-66.020338,-66.025124
111.000000,-66.024734,-66.020364,-66.025151
111.050000,-66.024760,-66.020391,-66.025177
111.100000,-66.024787,-66.020417,-66.025203
111.150000,-66.024813,-66.020444,-66.025230
111.200000,-66.024839,-66.020470,-66.025256
111.250000,-66.024865,-66.020496,-66.025282
111.300000,-66.024892,-66.020522,-66.025308
111.350000,-66.024918,-66.020549,-66.025334
111.400000,-66.024944,-66.020575,-66.025361
111.450000,-66.024970,-66.020601,-66.025387
111.500000,-66.024996,-66.020627,-66.025413
111.550000,-66.025022,-66.020653,-66.025438
111.600000,-66.025048,-66.020679,-66.025464
111.650000,-66.025073,-66.020704,-66.025490
111.700000,-66.025099,-66.020730,-66.025516
111.750000,-66.025125,-66.020756,-66.025542
111.800000,-66.025151,-66.020782,-66.025567
111.850000,-66.025176,-66.020807,-66.025593
111.900000,-66.025202,-66.020833,-66.025619
111.950000,-66.025227,-66.020859,-66.025644
112.000000,-66.025253,-66.020884,-66.025670
112.050000,-66.025278,-66.020910,-66.025695
112.100000,-66.025304,-66.020935,-66.025721
112.150000,-66.025329,-66.020961,-66.025746
112.200000,-66.025355,-66.020986,-66.025771
112.250000,-66.025380,-66.021011,-66.025797
112.300000,-66.025405,-66.021036,-66.025822
112.350000,-66.025430,-66.021062,-66.025847
112.400000,-66.025455,-66.021087,-66.025872
112.450000,-66.025480,-66.021112,-66.025897
112.500000,-66.025506,-66.021137,-66.025922
112.550000,-66.025531,-66.021162,-66.025947
112.600000,-66.025555,-66.021187,-66.025972
112.650000,-66.025580,-66.021212,-66.025997
112.700000,-66.025605,-66.021237,-66.026022
112.750000,-66.025630,-66.021262,-66.026047
112.800000,-66.025655,-66.021287,-66.026072
112.850000,-66.025680,-66.021311,-66.026096
112.900000,-66.025704,-66.021336,-66.026121
112.950000,-66.025729,-66.021361,-66.026146
113.000000,-66.025754,-66.021385,-66.026170
113.050000,-66.025778,-66.021410,-66.026195
113.100000,-66.025803,-66.021434,-66.026219
113.150000,-66.025827,-66.021459,-66.026244
113.200000,-66.025851,-66.021483,-66.026268
113.250000,-66.025876,-66.021508,-66.026293
113.300000,-66.025900,-66.021532,-66.026317
113.350000,-66.025924,-66.021556,-66.026341
113.400000,-66.025949,-66.021581,-66.026365
113.450000,-66.025973,-66.021605,-66.026390
113.500000,-66.025997,-66.021629,-66.026414
113.550000,-66.026021,-66.021653,-66.026438
113.600000,-66.026045,-66.021677,-66.026462
113.650000,-66.026069,-66.021701,-66.026486
113.700000,-66.026093,-66.021725,-66.026510
113.750000,-66.026117,-66.021749,-66.026534
113.800000,-66.026141,-66.021773,-66.026558
113.850000,-66.026165,-66.021797,-66.026582
113.900000,-66.026189,-66.021821,-66.026605
113.950000,-66.026212,-66.021845,-66.026629
114.000000,-66.026236,-66.021869,-66.026653
114.050000,-66.026260,-66.021892,-66.026677
114.100000,-66.026283,-66.021916,-66.026700
114.150000,-66.026307,-66.021940,-66.026724
114.200000,-66.026331,-66.021963,-66.026747
114.250000,-66.026354,-66.021987,-66.026771
114.300000,-66.026378,-66.022010,-66.026794
114.350000,-66.026401,-66.022034,-66.026818
114.400000,-66.026424,-66.022057,-66.026841
114.450000,-66.026448,-66.022080,-66.026864
114.500000,-66.026471,-66.022104,-66.026888
114.550000,-66.026494,-66.022127,-66.026911
114.600000,-66.026517,-66.022150,-66.026934
114.650000,-66.026541,-66.022173,-66.026957
114.700000,-66.026564,-66.022196,-66.026980
114.750000,-66.026587,-66.022220,-66.027003
114.800000,-66.026610,-66.022243,-66.027026
114.850000,-66.026633,-66.022266,-66.027049
114.900000,-66.026656,-66.022289,-66.027072
114.950000,-66.026679,-66.022312,-66.027095
115.000000,-66.026701,-66.022334,-66.027118
115.050000,-66.026724,-66.022357,-66.027141
115.100000,-66.026747,-66.022380,-66.027164
115.150000,-66.026770,-66.022403,-66.027187
115.200000,-66.026793,-66.022426,-66.027209
115.250000,-66.026815,-66.022448,-66.027232
115.300000,-66.026838,-66.022471,-66.027255
115.350000,-66.026860,-66.022494,-66.027277
115.400000,-66.026883,-66.022516,-66.027300
115.450000,-66.026905,-66.022539,-66.027322
115.500000,-66.026928,-66.022561,-66.027345
115.550000,-66.026950,-66.022584,-66.027367
115.600000,-66.026973,-66.022606,-66.027389
115.650000,-66.026995,-66.022628,-66.027412
115.700000,-66.027017,-66.022651,-66.027434
115.750000,-66.027040,-66.022673,-66.027456
115.800000,-66.027062,-66.022695,-66.027478
115.850000,-66.027084,-66.022717,-66.027501
115.900000,-66.027106,-66.022740,-66.027523
115.950000,-66.027128,-66.022762,-66.027545
116.000000,-66.027150,-66.022784,-66.027567
116.050000,-66.027172,-66.022806,-66.027589
116.100000,-66.027194,-66.022828,-66.027611
116.150000,-66.027216,-66.022850,-66.027633
116.200000,-66.027238,-66.022872,-66.027655
116.250000,-66.027260,-66.022894,-66.027677
116.300000,-66.027282,-66.022915,-66.027698
116.350000,-66.027303,-66.022937,-66.027720
116.400000,-66.027325,-66.022959,-66.027742
116.450000,-66.027347,-66.022981,-66.027764
116.500000,-66.027369,-66.023002,-66.027785
116.550000,-66.027390,-66.023024,-66.027807
116.600000,-66.027412,-66.023046,-66.027828
116.650000,-66.027433,-66.023067,-66.027850
116.700000,-66.027455,-66.023089,-66.027871
116.750000,-66.027476,-66.023110,-66.027893
116.800000,-66.027498,-66.023132,-66.027914
116.850000,-66.027519,-66.023153,-66.027936
116.900000,-66.027540,-66.023174,-66.027957
116.950000,-66.027562,-66.023196,-66.027978
117.000000,-66.027583,-66.023217,-66.028000
117.050000,-66.027604,-66.023238,-66.028021
117.100000,-66.027625,-66.023259,-66.028042
117.150000,-66.027646,-66.023281,-66.028063
117.200000,-66.027668,-66.023302,-66.028084
117.250000,-66.027689,-66.023323,-66.028105
117.300000,-66.027710,-66.023344,-66.028126
117.350000,-66.027731,-66.023365,-66.028147
117.400000,-66.027752,-66.023386,-66.028168
117.450000,-66.027773,-66.023407,-66.028189
117.500000,-66.027793,-66.023428,-66.028210
117.550000,-66.027814,-66.023449,-66.028231
117.600000,-66.027835,-66.023469,-66.028252
117.650000,-66.027856,-66.023490,-66.028273
117.700000,-66.027877,-66.023511,-66.028293
117.750000,-66.027897,-66.023532,-66.028314
117.800000,-66.027918,-66.023552,-66.028335
117.850000,-66.027938,-66.023573,-66.028355
117.900000,-66.027959,-66.023594,-66.028376
117.950000,-66.027980,-66.023614,-66.028396
118.000000,-66.028000,-66.023635,-66.028417
118.050000,-66.028021,-66.023655,-66.028437
118.100000,-66.028041,-66.023676,-66.028458
118.150000,-66.028061,-66.023696,-66.028478
118.200000,-66.028082,-66.023716,-66.028498
118.250000,-66.028102,-66.023737,-66.028519
118.300000,-66.028122,-66.023757,-66.028539
118.350000,-66.028143,-66.023777,-66.028559
118.400000,-66.028163,-66.023798,-66.028580
118.450000,-66.028183,-66.023818,-66.028600
118.500000,-66.028203,-66.023838,-66.028620
118.550000,-66.028223,-66.023858,-66.028640
118.600000,-66.028243,-66.023878,-66.028660
118.650000,-66.028263,-66.023898,-66.028680
118.700000,-66.028283,-66.023918,-66.028700
118.750000,-66.028303,-66.023938,-66.028720
118.800000,-66.028323,-66.023958,-66.028740
118.850000,-66.028343,-66.023978,-66.028760
118.900000,-66.028363,-66.023998,-66.028780
118.950000,-66.028383,-66.024018,-66.028799
119.000000,-66.028402,-66.024038,-66.028819
119.050000,-66.028422,-66.024057,-66.028839
119.100000,-66.028442,-66.024077,-66.028859
119.150000,-66.028462,-66.024097,-66.028878
119.200000,-66.028481,-66.024116,-66.028898
119.250000,-66.028501,-66.024136,-66.028917
119.300000,-66.028520,-66.024156,-66.028937
119.350000,-66.028540,-66.024175,-66.028957
119.400000,-66.028559,-66.024195,-66.028976
119.450000,-66.028579,-66.024214,-66.028996
119.500000,-66.028598,-66.024234,-66.029015
119.550000,-66.028618,-66.024253,-66.029034
119.600000,-66.028637,-66.024272,-66.029054
119.650000,-66.028656,-66.024292,-66.029073
119.700000,-66.028676,-66.024311,-66.029092
119.750000,-66.028695,-66.024330,-66.029111
119.800000,-66.028714,-66.024349,-66.029131
119.850000,-66.028733,-66.024369,-66.029150
119.900000,-66.028752,-66.024388,-66.029169
119.950000,-66.028771,-66.024407,-66.029188
120.000000,-66.028790,-66.024426,-66.029207
120.050000,-66.028809,-66.024445,-66.029226
120.100000,-66.028828,-66.024464,-66.029245
120.150000,-66.028847,-66.024483,-66.029264
120.200000,-66.028866,-66.024502,-66.029283
120.250000,-66.028885,-66.024521,-66.029302
120.300000,-66.028904,-66.024540,-66.029321
120.350000,-66.028923,-66.024559,-66.029340
120.400000,-66.028942,-66.024577,-66.029358
120.450000,-66.028960,-66.024596,-66.029377
120.500000,-66.028979,-66.024615,-66.029396
120.550000,-66.028998,-66.024634,-66.029415
120.600000,-66.029017,-66.024652,-66.029433
120.650000,-66.029035,-66.024671,-66.029452
120.700000,-66.029054,-66.024690,-66.029470
120.750000,-66.029072,-66.024708,-66.029489
120.800000,-66.029091,-66.024727,-66.029508
120.850000,-66.029109,-66.024745,-66.029526
120.900000,-66.029128,-66.024764,-66.029544
120.950000,-66.029146,-66.024782,-66.029563
121.000000,-66.029165,-66.024801,-66.029581
121.050000,-66.029183,-66.024819,-66.029600
121.100000,-66.029201,-66.024837,-66.029618
121.150000,-66.029220,-66.024856,-66.029636
121.200000,-66.029238,-66.024874,-66.029655
121.250000,-66.029256,-66.024892,-66.029673
121.300000,-66.029274,-66.024910,-66.029691
121.350000,-66.029292,-66.024929,-66.029709
121.400000,-66.029310,-66.024947,-66.029727
121.450000,-66.029329,-66.024965,-66.029745
121.500000,-66.029347,-66.024983,-66.029763
121.550000,-66.029365,-66.025001,-66.029781
121.600000,-66.029383,-66.025019,-66.029799
121.650000,-66.029401,-66.025037,-66.029817
121.700000,-66.029419,-66.025055,-66.029835
121.750000,-66.029436,-66.025073,-66.029853
121.800000,-66.029454,-66.025091,-66.029871
121.850000,-66.029472,-66.025109,-66.029889
121.900000,-66.029490,-66.025126,-66.029907
121.950000,-66.029508,-66.025144,-66.029924
122.000000,-66.029525,-66.025162,-66.029942
122.050000,-66.029543,-66.025180,-66.029960
122.100000,-66.029561,-66.025197,-66.029977
122.150000,-66.029578,-66.025215,-66.029995
122.200000,-66.029596,-66.025233,-66.030013
122.250000,-66.029614,-66.025250,-66.030030
122.300000,-66.029631,-66.025268,-66.030048
122.350000,-66.029649,-66.025285,-66.030065
122.400000,-66.029666,-66.025303,-66.030083
122.450000,-66.029684,-66.025320,-66.030100
122.500000,-66.029701,-66.025338,-66.030118
122.550000,-66.029718,-66.025355,-66.030135
122.600000,-66.029736,-66.025372,-66.030152
122.650000,-66.029753,-66.025390,-66.030170
122.700000,-66.029770,-66.025407,-66.030187
122.750000,-66.029788,-66.025424,-66.030204
122.800000,-66.029805,-66.025442,-66.030221
122.850000,-66.029822,-66.025459,-66.030239
122.900000,-66.029839,-66.025476,-66.030256
122.950000,-66.029856,-66.025493,-66.030273
123.000000,-66.029873,-66.025510,-66.030290
123.050000,-66.029890,-66.025527,-66.030307
123.100000,-66.029907,-66.025544,-66.030324
123.150000,-66.029924,-66.025561,-66.030341
123.200000,-66.029941,-66.025578,-66.030358
123.250000,-66.029958,-66.025595,-66.030375
123.300000,-66.029975,-66.025612,-66.030392
123.350000,-66.029992,-66.025629,-66.030409
123.400000,-66.030009,-66.025646,-66.030426
123.450000,-66.030026,-66.025663,-66.030443
123.500000,-66.030043,-66.025680,-66.030459
123.550000,-66.030059,-66.025697,-66.030476
123.600000,-66.030076,-66.025713,-66.030493
123.650000,-66.030093,-66.025730,-66.030510
123.700000,-66.030109,-66.025747,-66.030526
123.750000,-66.030126,-66.025763,-66.030543
123.800000,-66.030143,-66.025780,-66.030559
123.850000,-66.030159,-66.025797,-66.030576
123.900000,-66.030176,-66.025813,-66.030593
123.950000,-66.030192,-66.025830,-66.030609
124.000000,-66.030209,-66.025846,-66.030626
124.050000,-66.030225,-66.025863,-66.030642
124.100000,-66.030242,-66.025879,-66.030659
124.150000,-66.030258,-66.025896,-66.030675
124.200000,-66.030275,-66.025912,-66.030691
124.250000,-66.030291,-66.025928,-66.030708
124.300000,-66.030307,-66.025945,-66.030724
124.350000,-66.030323,-66.025961,-66.030740
124.400000,-66.030340,-66.025977,-66.030756
124.450000,-66.030356,-66.025993,-66.030773
124.500000,-66.030372,-66.026010,-66.030789
124.550000,-66.030388,-66.026026,-66.030805
124.600000,-66.030404,-66.026042,-66.030821
124.650000,-66.030421,-66.026058,-66.030837
124.700000,-66.030437,-66.026074,-66.030853
124.750000,-66.030453,-66.026090,-66.030869
124.800000,-66.030469,-66.026106,-66.030885
124.850000,-66.030485,-66.026122,-66.030901
124.900000,-66.030501,-66.026138,-66.030917
124.950000,-66.030517,-66.026154,-66.030933
125.000000,-66.030532,-66.026170,-66.030949
125.050000,-66.030548,-66.026186,-66.030965
125.100000,-66.030564,-66.026202,-66.030981
125.150000,-66.030580,-66.026218,-66.030997
125.200000,-66.030596,-66.026234,-66.031013
125.250000,-66.030612,-66.026249,-66.031028
125.300000,-66.030627,-66.026265,-66.031044
125.350000,-66.030643,-66.026281,-66.031060
125.400000,-66.030659,-66.026297,-66.031075
125.450000,-66.030674,-66.026312,-66.031091
125.500000,-66.030690,-66.026328,-66.031107
125.550000,-66.030706,-66.026343,-66.031122
125.600000,-66.030721,-66.026359,-66.031138
125.650000,-66.030737,-66.026375,-66.031153
125.700000,-66.030752,-66.026390,-66.031169
125.750000,-66.030768,-66.026406,-66.031184
125.800000,-66.030783,-66.026421,-66.031200
125.850000,-66.030798,-66.026437,-66.031215
125.900000,-66.030814,-66.026452,-66.031231
125.950000,-66.030829,-66.026467,-66.031246
126.000000,-66.030845,-66.026483,-66.031261
126.050000,-66.030860,-66.026498,-66.031277
126.100000,-66.030875,-66.026513,-66.031292
126.150000,-66.030890,-66.026529,-66.031307
126.200000,-66.030906,-66.026544,-66.031322
126.250000,-66.030921,-66.026559,-66.031338
126.300000,-66.030936,-66.026574,-66.031353
126.350000,-66.030951,-66.026589,-66.031368
126.400000,-66.030966,-66.026605,-66.031383
126.450000,-66.030981,-66.026620,-66.031398
126.500000,-66.030996,-66.026635,-66.031413
126.550000,-66.031011,-66.026650,-66.031428
126.600000,-66.031026,-66.026665,-66.031443
126.650000,-66.031041,-66.026680,-66.031458
126.700000,-66.031056,-66.026695,-66.031473
126.750000,-66.031071,-66.026710,-66.031488
126.800000,-66.031086,-66.026725,-66.031503
126.850000,-66.031101,-66.026740,-66.031518
126.900000,-66.031116,-66.026754,-66.031533
126.950000,-66.031131,-66.026769,-66.031548
127.000000,-66.031146,-66.026784,-66.031562
127.050000,-66.031160,-66.026799,-66.031577
127.100000,-66.031175,-66.026814,-66.031592
127.150000,-66.031190,-66.026828,-66.031607
127.200000,-66.031204,-66.026843,-66.031621
127.250000,-66.031219,-66.026858,-66.031636
127.300000,-66.031234,-66.026872,-66.031651
127.350000,-66.031248,-66.026887,-66.031665
127.400000,-66.031263,-66.026902,-66.031680
127.450000,-66.031278,-66.026916,-66.031694
127.500000,-66.031292,-66.026931,-66.031709
127.550000,-66.031307,-66.026945,-66.031723
127.600000,-66.031321,-66.026960,-66.031738
127.650000,-66.031335,-66.026974,-66.031752
127.700000,-66.031350,-66.026989,-66.031767
127.750000,-66.031364,-66.027003,-66.031781
127.800000,-66.031379,-66.027017,-66.031795
127.850000,-66.031393,-66.027032,-66.031810
127.900000,-66.031407,-66.027046,-66.031824
127.950000,-66.031422,-66.027060,-66.031838
128.000000,-66.031436,-66.027075,-66.031853
128.050000,-66.031450,-66.027089,-66.031867
128.100000,-66.031464,-66.027103,-66.031881
128.150000,-66.031479,-66.027117,-66.031895
128.200000,-66.031493,-66.027132,-66.031909
128.250000,-66.031507,-66.027146,-66.031924
128.300000,-66.031521,-66.027160,-66.031938
128.350000,-66.031535,-66.027174,-66.031952
128.400000,-66.031549,-66.027188,-66.031966
128.450000,-66.031563,-66.027202,-66.031980
128.500000,-66.031577,-66.027216,-66.031994
128.550000,-66.031591,-66.027230,-66.032008
128.600000,-66.031605,-66.027244,-66.032022
128.650000,-66.031619,-66.027258,-66.032036
128.700000,-66.031633,-66.027272,-66.032050
128.750000,-66.031647,-66.027286,-66.032064
128.800000,-66.031661,-66.027300,-66.032077
128.850000,-66.031674,-66.027314,-66.032091
128.900000,-66.031688,-66.027327,-66.032105
128.950000,-66.031702,-66.027341,-66.032119
129.000000,-66.031716,-66.027355,-66.032133
129.050000,-66.031730,-66.027369,-66.032146
129.100000,-66.031743,-66.027382,-66.032160
129.150000,-66.031757,-66.027396,-66.032174
129.200000,-66.031771,-66.027410,-66.032187
129.250000,-66.031784,-66.027423,-66.032201
129.300000,-66.031798,-66.027437,-66.032215
129.350000,-66.031811,-66.027451,-66.032228
129.400000,-66.031825,-66.027464,-66.032242
129.450000,-66.031839,-66.027478,-66.032255
129.500000,-66.031852,-66.027491,-66.032269
129.550000,-66.031866,-66.027505,-66.032282
129.600000,-66.031879,-66.027518,-66.032296
129.650000,-66.031892,-66.027532,-66.032309
129.700000,-66.031906,-66.027545,-66.032323
129.750000,-66.031919,-66.027559,-66.032336
129.800000,-66.031933,-66.027572,-66.032349
129.850000,-66.031946,-66.027585,-66.032363
129.900000,-66.031959,-66.027599,-66.032376
129.950000,-66.031973,-66.027612,-66.032389
130.000000,-66.031986,-66.027625,-66.032403
130.050000,-66.031999,-66.027639,-66.032416
130.100000,-66.032012,-66.027652,-66.032429
130.150000,-66.032026,-66.027665,-66.032442
130.200000,-66.032039,-66.027678,-66.032455
130.250000,-66.032052,-66.027691,-66.032469
130.300000,-66.032065,-66.027705,-66.032482
130.350000,-66.032078,-66.027718,-66.032495
130.400000,-66.032091,-66.027731,-66.032508
130.450000,-66.032104,-66.027744,-66.032521
130.500000,-66.032117,-66.027757,-66.032534
130.550000,-66.032130,-66.027770,-66.032547
130.600000,-66.032143,-66.027783,-66.032560
130.650000,-66.032156,-66.027796,-66.032573
130.700000,-66.032169,-66.027809,-66.032586
130.750000,-66.032182,-66.027822,-66.032599
130.800000,-66.032195,-66.027835,-66.032612
130.850000,-66.032208,-66.027848,-66.032625
130.900000,-66.032221,-66.027860,-66.032637
130.950000,-66.032233,-66.027873,-66.032650
131.000000,-66.032246,-66.027886,-66.032663
131.050000,-66.032259,-66.027899,-66.032676
131.100000,-66.032272,-66.027912,-66.032689
131.150000,-66.032285,-66.027924,-66.032701
131.200000,-66.032297,-66.027937,-66.032714
131.250000,-66.032310,-66.027950,-66.032727
131.300000,-66.032323,-66.027962,-66.032739
131.350000,-66.032335,-66.027975,-66.032752
131.400000,-66.032348,-66.027988,-66.032765
131.450000,-66.032360,-66.028000,-66.032777
131.500000,-66.032373,-66.028013,-66.032790
131.550000,-66.032386,-66.028026,-66.032802
131.600000,-66.032398,-66.028038,-66.032815
131.650000,-66.032411,-66.028051,-66.032827
131.700000,-66.032423,-66.028063,-66.032840
131.750000,-66.032436,-66.028076,-66.032852
131.800000,-66.032448,-66.028088,-66.032865
131.850000,-66.032460,-66.028100,-66.032877
131.900000,-66.032473,-66.028113,-66.032890
131.950000,-66.032485,-66.028125,-66.032902
132.000000,-66.032497,-66.028138,-66.032914
132.050000,-66.032510,-66.028150,-66.032927
132.100000,-66.032522,-66.028162,-66.032939
132.150000,-66.032534,-66.028175,-66.032951
132.200000,-66.032547,-66.028187,-66.032963
132.250000,-66.032559,-66.028199,-66.032976
132.300000,-66.032571,-66.028211,-66.032988
132.350000,-66.032583,-66.028223,-66.033000
132.400000,-66.032595,-66.028236,-66.033012
132.450000,-66.032608,-66.028248,-66.033024
132.500000,-66.032620,-66.028260,-66.033037
132.550000,-66.032632,-66.028272,-66.033049
132.600000,-66.032644,-66.028284,-66.033061
132.650000,-66.032656,-66.028296,-66.033073
132.700000,-66.032668,-66.028308,-66.033085
132.750000,-66.032680,-66.028320,-66.033097
132.800000,-66.032692,-66.028332,-66.033109
132.850000,-66.032704,-66.028344,-66.033121
132.900000,-66.032716,-66.028356,-66.033133
132.950000,-66.032728,-66.028368,-66.033145
133.000000,-66.032740,-66.028380,-66.033157
133.050000,-66.032752,-66.028392,-66.033168
133.100000,-66.032764,-66.028404,-66.033180
133.150000,-66.032775,-66.028416,-66.033192
133.200000,-66.032787,-66.028428,-66.033204
133.250000,-66.032799,-66.028439,-66.033216
133.300000,-66.032811,-66.028451,-66.033228
133.350000,-66.032823,-66.028463,-66.033239
133.400000,-66.032834,-66.028475,-66.033251
133.450000,-66.032846,-66.028486,-66.033263
133.500000,-66.032858,-66.028498,-66.033274
133.550000,-66.032869,-66.028510,-66.033286
133.600000,-66.032881,-66.028522,-66.033298
133.650000,-66.032893,-66.028533,-66.033309
133.700000,-66.032904,-66.028545,-66.033321
133.750000,-66.032916,-66.028556,-66.033333
133.800000,-66.032927,-66.028568,-66.033344
133.850000,-66.032939,-66.028580,-66.033356
133.900000,-66.032950,-66.028591,-66.033367
133.950000,-66.032962,-66.028603,-66.033379
134.000000,-66.032973,-66.028614,-66.033390
134.050000,-66.032985,-66.028626,-66.033402
134.100000,-66.032996,-66.028637,-66.033413
134.150000,-66.033008,-66.028648,-66.033425
134.200000,-66.033019,-66.028660,-66.033436
134.250000,-66.033031,-66.028671,-66.033447
134.300000,-66.033042,-66.028683,-66.033459
134.350000,-66.033053,-66.028694,-66.033470
134.400000,-66.033065,-66.028705,-66.033481
134.450000,-66.033076,-66.028717,-66.033493
134.500000,-66.033087,-66.028728,-66.033504
134.550000,-66.033098,-66.028739,-66.033515
134.600000,-66.033110,-66.028750,-66.033526
134.650000,-66.033121,-66.028762,-66.033538
134.700000,-66.033132,-66.028773,-66.033549
134.750000,-66.033143,-66.028784,-66.033560
134.800000,-66.033154,-66.028795,-66.033571
134.850000,-66.033166,-66.028806,-66.033582
134.900000,-66.033177,-66.028818,-66.033593
134.950000,-66.033188,-66.028829,-66.033605
135.000000,-66.033199,-66.028840,-66.033616
135.050000,-66.033210,-66.028851,-66.033627
135.100000,-66.033221,-66.028862,-66.033638
135.150000,-66.033232,-66.028873,-66.033649
135.200000,-66.033243,-66.028884,-66.033660
135.250000,-66.033254,-66.028895,-66.033671
135.300000,-66.033265,-66.028906,-66.033682
135.350000,-66.033276,-66.028917,-66.033693
135.400000,-66.033287,-66.028928,-66.033704
135.450000,-66.033298,-66.028939,-66.033714
135.500000,-66.033309,-66.028950,-66.033725
135.550000,-66.033319,-66.028960,-66.033736
135.600000,-66.033330,-66.028971,-66.033747
135.650000,-66.033341,-66.028982,-66.033758
135.700000,-66.033352,-66.028993,-66.033769
135.750000,-66.033363,-66.029004,-66.033779
135.800000,-66.033373,-66.029015,-66.033790
135.850000,-66.033384,-66.029025,-66.033801
135.900000,-66.033395,-66.029036,-66.033812
135.950000,-66.033406,-66.029047,-66.033822
136.000000,-66.033416,-66.029057,-66.033833
136.050000,-66.033427,-66.029068,-66.033844
136.100000,-66.033438,-66.029079,-66.033854
136.150000,-66.033448,-66.029089,-66.033865
136.200000,-66.033459,-66.029100,-66.033876
136.250000,-66.033469,-66.029111,-66.033886
136.300000,-66.033480,-66.029121,-66.033897
136.350000,-66.033491,-66.029132,-66.033907
136.400000,-66.033501,-66.029142,-66.033918
136.450000,-66.033512,-66.029153,-66.033928
136.500000,-66.033522,-66.029163,-66.033939
136.550000,-66.033533,-66.029174,-66.033949
136.600000,-66.033543,-66.029184,-66.033960
136.650000,-66.033553,-66.029195,-66.033970
136.700000,-66.033564,-66.029205,-66.033981
136.750000,-66.033574,-66.029216,-66.033991
136.800000,-66.033585,-66.029226,-66.034001
136.850000,-66.033595,-66.029236,-66.034012
136.900000,-66.033605,-66.029247,-66.034022
136.950000,-66.033616,-66.029257,-66.034032
137.000000,-66.033626,-66.029267,-66.034043
137.050000,-66.033636,-66.029278,-66.034053
137.100000,-66.033647,-66.029288,-66.034063
137.150000,-66.033657,-66.029298,-66.034074
137.200000,-66.033667,-66.029308,-66.034084
137.250000,-66.033677,-66.029319,-66.034094
137.300000,-66.033687,-66.029329,-66.034104
137.350000,-66.033698,-66.029339,-66.034114
137.400000,-66.033708,-66.029349,-66.034125
137.450000,-66.033718,-66.029359,-66.034135
137.500000,-66.033728,-66.029370,-66.034145
137.550000,-66.033738,-66.029380,-66.034155
137.600000,-66.033748,-66.029390,-66.034165
137.650000,-66.033758,-66.029400,-66.034175
137.700000,-66.033768,-66.029410,-66.034185
137.750000,-66.033778,-66.029420,-66.034195
137.800000,-66.033788,-66.029430,-66.034205
137.850000,-66.033798,-66.029440,-66.034215
137.900000,-66.033808,-66.029450,-66.034225
137.950000,-66.033818,-66.029460,-66.034235
138.000000,-66.033828,-66.029470,-66.034245
138.050000,-66.033838,-66.029480,-66.034255
138.100000,-66.033848,-66.029490,-66.034265
138.150000,-66.033858,-66.029500,-66.034275
138.200000,-66.033868,-66.029510,-66.034285
138.250000,-66.033878,-66.029519,-66.034295
138.300000,-66.033888,-66.029529,-66.034304
138.350000,-66.033897,-66.029539,-66.034314
138.400000,-66.033907,-66.029549,-66.034324
138.450000,-66.033917,-66.029559,-66.034334
138.500000,-66.033927,-66.029568,-66.034344
138.550000,-66.033936,-66.029578,-66.034353
138.600000,-66.033946,-66.029588,-66.034363
138.650000,-66.033956,-66.029598,-66.034373
138.700000,-66.033966,-66.029607,-66.034382
138.750000,-66.033975,-66.029617,-66.034392
138.800000,-66.033985,-66.029627,-66.034402
138.850000,-66.033995,-66.029636,-66.034411
138.900000,-66.034004,-66.029646,-66.034421
138.950000,-66.034014,-66.029656,-66.034431
139.000000,-66.034023,-66.029665,-66.034440
139.050000,-66.034033,-66.029675,-66.034450
139.100000,-66.034043,-66.029684,-66.034459
139.150000,-66.034052,-66.029694,-66.034469
139.200000,-66.034062,-66.029703,-66.034478
139.250000,-66.034071,-66.029713,-66.034488
139.300000,-66.034081,-66.029723,-66.034497
139.350000,-66.034090,-66.029732,-66.034507
139.400000,-66.034099,-66.029741,-66.034516
139.450000,-66.034109,-66.029751,-66.034526
139.500000,-66.034118,-66.029760,-66.034535
139.550000,-66.034128,-66.029770,-66.034545
139.600000,-66.034137,-66.029779,-66.034554
139.650000,-66.034146,-66.029789,-66.034563
139.700000,-66.034156,-66.029798,-66.034573
139.750000,-66.034165,-66.029807,-66.034582
139.800000,-66.034174,-66.029817,-66.034591
139.850000,-66.034184,-66.029826,-66.034601
139.900000,-66.034193,-66.029835,-66.034610
139.950000,-66.034202,-66.029844,-66.034619
140.000000,-66.034212,-66.029854,-66.034628
140.050000,-66.034221,-66.029863,-66.034638
140.100000,-66.034230,-66.029872,-66.034647
140.150000,-66.034239,-66.029881,-66.034656
140.200000,-66.034248,-66.029891,-66.034665
140.250000,-66.034258,-66.029900,-66.034674
140.300000,-66.034267,-66.029909,-66.034684
140.350000,-66.034276,-66.029918,-66.034693
140.400000,-66.034285,-66.029927,-66.034702
140.450000,-66.034294,-66.029936,-66.034711
140.500000,-66.034303,-66.029945,-66.034720
140.550000,-66.034312,-66.029954,-66.034729
140.600000,-66.034321,-66.029964,-66.034738
140.650000,-66.034330,-66.029973,-66.034747
140.700000,-66.034339,-66.029982,-66.034756
140.750000,-66.034348,-66.029991,-66.034765
140.800000,-66.034357,-66.030000,-66.034774
140.850000,-66.034366,-66.030009,-66.034783
140.900000,-66.034375,-66.030018,-66.034792
140.950000,-66.034384,-66.030027,-66.034801
141.000000,-66.034393,-66.030035,-66.034810
141.050000,-66.034402,-66.030044,-66.034819
141.100000,-66.034411,-66.030053,-66.034828
141.150000,-66.034420,-66.030062,-66.034837
141.200000,-66.034429,-66.030071,-66.034846
141.250000,-66.034438,-66.030080,-66.034854
141.300000,-66.034446,-66.030089,-66.034863
141.350000,-66.034455,-66.030098,-66.034872
141.400000,-66.034464,-66.030106,-66.034881
141.450000,-66.034473,-66.030115,-66.034890
141.500000,-66.034482,-66.030124,-66.034898
141.550000,-66.034490,-66.030133,-66.034907
141.600000,-66.034499,-66.030141,-66.034916
141.650000,-66.034508,-66.030150,-66.034925
141.700000,-66.034516,-66.030159,-66.034933
141.750000,-66.034525,-66.030168,-66.034942
141.800000,-66.034534,-66.030176,-66.034951
141.850000,-66.034542,-66.030185,-66.034959
141.900000,-66.034551,-66.030194,-66.034968
141.950000,-66.034560,-66.030202,-66.034977
142.000000,-66.034568,-66.030211,-66.034985
142.050000,-66.034577,-66.030219,-66.034994
142.100000,-66.034585,-66.030228,-66.035002
142.150000,-66.034594,-66.030237,-66.035011
142.200000,-66.034603,-66.030245,-66.035019
142.250000,-66.034611,-66.030254,-66.035028
142.300000,-66.034620,-66.030262,-66.035037
142.350000,-66.034628,-66.030271,-66.035045
142.400000,-66.034637,-66.030279,-66.035053
142.450000,-66.034645,-66.030288,-66.035062
142.500000,-66.034654,-66.030296,-66.035070
142.550000,-66.034662,-66.030305,-66.035079
142.600000,-66.034670,-66.030313,-66.035087
142.650000,-66.034679,-66.030321,-66.035096
142.700000,-66.034687,-66.030330,-66.035104
142.750000,-66.034696,-66.030338,-66.035112
142.800000,-66.034704,-66.030347,-66.035121
142.850000,-66.034712,-66.030355,-66.035129
142.900000,-66.034721,-66.030363,-66.035138
142.950000,-66.034729,-66.030372,-66.035146
143.000000,-66.034737,-66.030380,-66.035154
143.050000,-66.034746,-66.030388,-66.035162
143.100000,-66.034754,-66.030397,-66.035171
143.150000,-66.034762,-66.030405,-66.035179
143.200000,-66.034770,-66.030413,-66.035187
143.250000,-66.034779,-66.030421,-66.035195
143.300000,-66.034787,-66.030430,-66.035204
143.350000,-66.034795,-66.030438,-66.035212
143.400000,-66.034803,-66.030446,-66.035220
143.450000,-66.034811,-66.030454,-66.035228
143.500000,-66.034819,-66.030462,-66.035236
143.550000,-66.034828,-66.030470,-66.035245
143.600000,-66.034836,-66.030479,-66.035253
143.650000,-66.034844,-66.030487,-66.035261
143.700000,-66.034852,-66.030495,-66.035269
143.750000,-66.034860,-66.030503,-66.035277
143.800000,-66.034868,-66.030511,-66.035285
143.850000,-66.034876,-66.030519,-66.035293
143.900000,-66.034884,-66.030527,-66.035301
143.950000,-66.034892,-66.030535,-66.035309
144.000000,-66.034900,-66.030543,-66.035317
144.050000,-66.034908,-66.030551,-66.035325
144.100000,-66.034916,-66.030559,-66.035333
144.150000,-66.034924,-66.030567,-66.035341
144.200000,-66.034932,-66.030575,-66.035349
144.250000,-66.034940,-66.030583,-66.035357
144.300000,-66.034948,-66.030591,-66.035365
144.350000,-66.034956,-66.030599,-66.035373
144.400000,-66.034964,-66.030607,-66.035381
144.450000,-66.034972,-66.030615,-66.035389
144.500000,-66.034980,-66.030623,-66.035396
144.550000,-66.034987,-66.030630,-66.035404
144.600000,-66.034995,-66.030638,-66.035412
144.650000,-66.035003,-66.030646,-66.035420
144.700000,-66.035011,-66.030654,-66.035428
144.750000,-66.035019,-66.030662,-66.035436
144.800000,-66.035026,-66.030670,-66.035443
144.850000,-66.035034,-66.030677,-66.035451
144.900000,-66.035042,-66.030685,-66.035459
144.950000,-66.035050,-66.030693,-66.035467
145.000000,-66.035057,-66.030701,-66.035474
145.050000,-66.035065,-66.030708,-66.035482
145.100000,-66.035073,-66.030716,-66.035490
145.150000,-66.035081,-66.030724,-66.035497
145.200000,-66.035088,-66.030731,-66.035505
145.250000,-66.035096,-66.030739,-66.035513
145.300000,-66.035104,-66.030747,-66.035520
145.350000,-66.035111,-66.030754,-66.035528
145.400000,-66.035119,-66.030762,-66.035536
145.450000,-66.035126,-66.030770,-66.035543
145.500000,-66.035134,-66.030777,-66.035551
145.550000,-66.035142,-66.030785,-66.035558
145.600000,-66.035149,-66.030792,-66.035566
145.650000,-66.035157,-66.030800,-66.035574
145.700000,-66.035164,-66.030807,-66.035581
145.750000,-66.035172,-66.030815,-66.035589
145.800000,-66.035179,-66.030823,-66.035596
145.850000,-66.035187,-66.030830,-66.035604
145.900000,-66.035194,-66.030838,-66.035611
145.950000,-66.035202,-66.030845,-66.035619
146.000000,-66.035209,-66.030852,-66.035626
146.050000,-66.035217,-66.030860,-66.035634
146.100000,-66.035224,-66.030867,-66.035641
146.150000,-66.035231,-66.030875,-66.035648
146.200000,-66.035239,-66.030882,-66.035656
146.250000,-66.035246,-66.030890,-66.035663
146.300000,-66.035254,-66.030897,-66.035671
146.350000,-66.035261,-66.030904,-66.035678
146.400000,-66.035268,-66.030912,-66.035685
146.450000,-66.035276,-66.030919,-66.035693
146.500000,-66.035283,-66.030926,-66.035700
146.550000,-66.035290,-66.030934,-66.035707
146.600000,-66.035298,-66.030941,-66.035715
146.650000,-66.035305,-66.030948,-66.035722
146.700000,-66.035312,-66.030956,-66.035729
146.750000,-66.035319,-66.030963,-66.035736
146.800000,-66.035327,-66.030970,-66.035744
146.850000,-66.035334,-66.030977,-66.035751
146.900000,-66.035341,-66.030985,-66.035758
146.950000,-66.035348,-66.030992,-66.035765
147.000000,-66.035356,-66.030999,-66.035772
147.050000,-66.035363,-66.031006,-66.035780
147.100000,-66.035370,-66.031013,-66.035787
147.150000,-66.035377,-66.031020,-66.035794
147.200000,-66.035384,-66.031028,-66.035801
147.250000,-66.035391,-66.031035,-66.035808
147.300000,-66.035398,-66.031042,-66.035815
147.350000,-66.035405,-66.031049,-66.035822
147.400000,-66.035413,-66.031056,-66.035829
147.450000,-66.035420,-66.031063,-66.035837
147.500000,-66.035427,-66.031070,-66.035844
147.550000,-66.035434,-66.031077,-66.035851
147.600000,-66.035441,-66.031084,-66.035858
147.650000,-66.035448,-66.031091,-66.035865
147.700000,-66.035455,-66.031098,-66.035872
147.750000,-66.035462,-66.031105,-66.035879
147.800000,-66.035469,-66.031112,-66.035886
147.850000,-66.035476,-66.031119,-66.035893
147.900000,-66.035483,-66.031126,-66.035900
147.950000,-66.035490,-66.031133,-66.035907
148.000000,-66.035497,-66.031140,-66.035914
148.050000,-66.035504,-66.031147,-66.035921
148.100000,-66.035511,-66.031154,-66.035927
148.150000,-66.035517,-66.031161,-66.035934
148.200000,-66.035524,-66.031168,-66.035941
148.250000,-66.035531,-66.031175,-66.035948
148.300000,-66.035538,-66.031182,-66.035955
148.350000,-66.035545,-66.031189,-66.035962
148.400000,-66.035552,-66.031195,-66.035969
148.450000,-66.035559,-66.031202,-66.035975
148.500000,-66.035565,-66.031209,-66.035982
148.550000,-66.035572,-66.031216,-66.035989
148.600000,-66.035579,-66.031223,-66.035996
148.650000,-66.035586,-66.031229,-66.036003
148.700000,-66.035593,-66.031236,-66.036009
148.750000,-66.035599,-66.031243,-66.036016
148.800000,-66.035606,-66.031250,-66.036023
148.850000,-66.035613,-66.031256,-66.036030
148.900000,-66.035619,-66.031263,-66.036036
148.950000,-66.035626,-66.031270,-66.036043
149.000000,-66.035633,-66.031277,-66.036050
149.050000,-66.035640,-66.031283,-66.036056
149.100000,-66.035646,-66.031290,-66.036063
149.150000,-66.035653,-66.031297,-66.036070
149.200000,-66.035660,-66.031303,-66.036076
149.250000,-66.035666,-66.031310,-66.036083
149.300000,-66.035673,-66.031317,-66.036090
149.350000,-66.035679,-66.031323,-66.036096
149.400000,-66.035686,-66.031330,-66.036103
149.450000,-66.035693,-66.031336,-66.036110
149.500000,-66.035699,-66.031343,-66.036116
149.550000,-66.035706,-66.031350,-66.036123
149.600000,-66.035712,-66.031356,-66.036129
149.650000,-66.035719,-66.031363,-66.036136
149.700000,-66.035725,-66.031369,-66.036142
149.750000,-66.035732,-66.031376,-66.036149
149.800000,-66.035738,-66.031382,-66.036155
149.850000,-66.035745,-66.031389,-66.036162
149.900000,-66.035751,-66.031395,-66.036168
149.950000,-66.035758,-66.031402,-66.036175
150.000000,-66.035764,-66.031408,-66.036181
150.050000,-66.035771,-66.031415,-66.036188
150.100000,-66.035777,-66.031421,-66.036194
150.150000,-66.035784,-66.031428,-66.036201
150.200000,-66.035790,-66.031434,-66.036207
150.250000,-66.035796,-66.031440,-66.036213
150.300000,-66.035803,-66.031447,-66.036220
150.350000,-66.035809,-66.031453,-66.036226
150.400000,-66.035816,-66.031459,-66.036232
150.450000,-66.035822,-66.031466,-66.036239
150.500000,-66.035828,-66.031472,-66.036245
150.550000,-66.035835,-66.031479,-66.036251
150.600000,-66.035841,-66.031485,-66.036258
150.650000,-66.035847,-66.031491,-66.036264
150.700000,-66.035853,-66.031497,-66.036270
150.750000,-66.035860,-66.031504,-66.036277
150.800000,-66.035866,-66.031510,-66.036283
150.850000,-66.035872,-66.031516,-66.036289
150.900000,-66.035879,-66.031523,-66.036296
150.950000,-66.035885,-66.031529,-66.036302
151.000000,-66.035891,-66.031535,-66.036308
151.050000,-66.035897,-66.031541,-66.036314
151.100000,-66.035903,-66.031548,-66.036320
151.150000,-66.035910,-66.031554,-66.036327
151.200000,-66.035916,-66.031560,-66.036333
151.250000,-66.035922,-66.031566,-66.036339
151.300000,-66.035928,-66.031572,-66.036345
151.350000,-66.035934,-66.031578,-66.036351
151.400000,-66.035940,-66.031585,-66.036357
151.450000,-66.035947,-66.031591,-66.036364
151.500000,-66.035953,-66.031597,-66.036370
151.550000,-66.035959,-66.031603,-66.036376
151.600000,-66.035965,-66.031609,-66.036382
151.650000,-66.035971,-66.031615,-66.036388
151.700000,-66.035977,-66.031621,-66.036394
151.750000,-66.035983,-66.031627,-66.036400
151.800000,-66.035989,-66.031633,-66.036406
151.850000,-66.035995,-66.031639,-66.036412
151.900000,-66.036001,-66.031645,-66.036418
151.950000,-66.036007,-66.031652,-66.036424
152.000000,-66.036013,-66.031658,-66.036430
152.050000,-66.036019,-66.031664,-66.036436
152.100000,-66.036025,-66.031670,-66.036442
152.150000,-66.036031,-66.031676,-66.036448
152.200000,-66.036037,-66.031682,-66.036454
152.250000,-66.036043,-66.031687,-66.036460
152.300000,-66.036049,-66.031693,-66.036466
152.350000,-66.036055,-66.031699,-66.036472
152.400000,-66.036061,-66.031705,-66.036478
152.450000,-66.036067,-66.031711,-66.036484
152.500000,-66.036073,-66.031717,-66.036490
152.550000,-66.036079,-66.031723,-66.036496
152.600000,-66.036085,-66.031729,-66.036502
152.650000,-66.036091,-66.031735,-66.036507
152.700000,-66.036096,-66.031741,-66.036513
152.750000,-66.036102,-66.031747,-66.036519
152.800000,-66.036108,-66.031752,-66.036525
152.850000,-66.036114,-66.031758,-66.036531
152.900000,-66.036120,-66.031764,-66.036537
152.950000,-66.036126,-66.031770,-66.036543
153.000000,-66.036131,-66.031776,-66.036548
153.050000,-66.036137,-66.031781,-66.036554
153.100000,-66.036143,-66.031787,-66.036560
153.150000,-66.036149,-66.031793,-66.036566
153.200000,-66.036154,-66.031799,-66.036571
153.250000,-66.036160,-66.031805,-66.036577
153.300000,-66.036166,-66.031810,-66.036583
153.350000,-66.036172,-66.031816,-66.036589
153.400000,-66.036177,-66.031822,-66.036594
153.450000,-66.036183,-66.031827,-66.036600
153.500000,-66.036189,-66.031833,-66.036606
153.550000,-66.036194,-66.031839,-66.036611
153.600000,-66.036200,-66.031845,-66.036617
153.650000,-66.036206,-66.031850,-66.036623
153.700000,-66.036211,-66.031856,-66.036628
153.750000,-66.036217,-66.031862,-66.036634
153.800000,-66.036223,-66.031867,-66.036640
153.850000,-66.036228,-66.031873,-66.036645
153.900000,-66.036234,-66.031878,-66.036651
153.950000,-66.036240,-66.031884,-66.036657
154.000000,-66.036245,-66.031890,-66.036662
154.050000,-66.036251,-66.031895,-66.036668
154.100000,-66.036256,-66.031901,-66.036673
154.150000,-66.036262,-66.031906,-66.036679
154.200000,-66.036267,-66.031912,-66.036684
154.250000,-66.036273,-66.031918,-66.036690
154.300000,-66.036279,-66.031923,-66.036696
154.350000,-66.036284,-66.031929,-66.036701
154.400000,-66.036290,-66.031934,-66.036707
154.450000,-66.036295,-66.031940,-66.036712
154.500000,-66.036301,-66.031945,-66.036718
154.550000,-66.036306,-66.031951,-66.036723
154.600000,-66.036312,-66.031956,-66.036729
154.650000,-66.036317,-66.031962,-66.036734
154.700000,-66.036322,-66.031967,-66.036739
154.750000,-66.036328,-66.031972,-66.036745
154.800000,-66.036333,-66.031978,-66.036750
154.850000,-66.036339,-66.031983,-66.036756
154.900000,-66.036344,-66.031989,-66.036761
154.950000,-66.036350,-66.031994,-66.036767
155.000000,-66.036355,-66.032000,-66.036772
155.050000,-66.036360,-66.032005,-66.036777
155.100000,-66.036366,-66.032010,-66.036783
155.150000,-66.036371,-66.032016,-66.036788
155.200000,-66.036377,-66.032021,-66.036794
155.250000,-66.036382,-66.032026,-66.036799
155.300000,-66.036387,-66.032032,-66.036804
155.350000,-66.036393,-66.032037,-66.036810
155.400000,-66.036398,-66.032043,-66.036815
155.450000,-66.036403,-66.032048,-66.036820
155.500000,-66.036408,-66.032053,-66.036825
155.550000,-66.036414,-66.032058,-66.036831
155.600000,-66.036419,-66.032064,-66.036836
155.650000,-66.036424,-66.032069,-66.036841
155.700000,-66.036430,-66.032074,-66.036847
155.750000,-66.036435,-66.032080,-66.036852
155.800000,-66.036440,-66.032085,-66.036857
155.850000,-66.036445,-66.032090,-66.036862
155.900000,-66.036451,-66.032095,-66.036868
155.950000,-66.036456,-66.032101,-66.036873
156.000000,-66.036461,-66.032106,-66.036878
156.050000,-66.036466,-66.032111,-66.036883
156.100000,-66.036471,-66.032116,-66.036888
156.150000,-66.036477,-66.032121,-66.036894
156.200000,-66.036482,-66.032126,-66.036899
156.250000,-66.036487,-66.032132,-66.036904
156.300000,-66.036492,-66.032137,-66.036909
156.350000,-66.036497,-66.032142,-66.036914
156.400000,-66.036502,-66.032147,-66.036919
156.450000,-66.036507,-66.032152,-66.036924
156.500000,-66.036513,-66.032157,-66.036930
156.550000,-66.036518,-66.032162,-66.036935
156.600000,-66.036523,-66.032168,-66.036940
156.650000,-66.036528,-66.032173,-66.036945
156.700000,-66.036533,-66.032178,-66.036950
156.750000,-66.036538,-66.032183,-66.036955
156.800000,-66.036543,-66.032188,-66.036960
156.850000,-66.036548,-66.032193,-66.036965
156.900000,-66.036553,-66.032198,-66.036970
156.950000,-66.036558,-66.032203,-66.036975
157.000000,-66.036563,-66.032208,-66.036980
157.050000,-66.036568,-66.032213,-66.036985
157.100000,-66.036573,-66.032218,-66.036990
157.150000,-66.036578,-66.032223,-66.036995
157.200000,-66.036583,-66.032228,-66.037000
157.250000,-66.036588,-66.032233,-66.037005
157.300000,-66.036593,-66.032238,-66.037010
157.350000,-66.036598,-66.032243,-66.037015
157.400000,-66.036603,-66.032248,-66.037020
157.450000,-66.036608,-66.032253,-66.037025
157.500000,-66.036613,-66.032258,-66.037030
157.550000,-66.036618,-66.032263,-66.037035
157.600000,-66.036623,-66.032268,-66.037040
157.650000,-66.036628,-66.032273,-66.037045
157.700000,-66.036633,-66.032278,-66.037050
157.750000,-66.036638,-66.032283,-66.037055
157.800000,-66.036642,-66.032287,-66.037059
157.850000,-66.036647,-66.032292,-66.037064
157.900000,-66.036652,-66.032297,-66.037069
157.950000,-66.036657,-66.032302,-66.037074
158.000000,-66.036662,-66.032307,-66.037079
158.050000,-66.036667,-66.032312,-66.037084
158.100000,-66.036672,-66.032317,-66.037089
158.150000,-66.036676,-66.032321,-66.037093
158.200000,-66.036681,-66.032326,-66.037098
158.250000,-66.036686,-66.032331,-66.037103
158.300000,-66.036691,-66.032336,-66.037108
158.350000,-66.036696,-66.032341,-66.037113
158.400000,-66.036700,-66.032345,-66.037117
158.450000,-66.036705,-66.032350,-66.037122
158.500000,-66.036710,-66.032355,-66.037127
158.550000,-66.036715,-66.032360,-66.037132
158.600000,-66.036719,-66.032364,-66.037136
158.650000,-66.036724,-66.032369,-66.037141
158.700000,-66.036729,-66.032374,-66.037146
158.750000,-66.036734,-66.032379,-66.037151
158.800000,-66.036738,-66.032383,-66.037155
158.850000,-66.036743,-66.032388,-66.037160
158.900000,-66.036748,-66.032393,-66.037165
158.950000,-66.036752,-66.032397,-66.037169
159.000000,-66.036757,-66.032402,-66.037174
159.050000,-66.036762,-66.032407,-66.037179
159.100000,-66.036766,-66.032412,-66.037183
159.150000,-66.036771,-66.032416,-66.037188
159.200000,-66.036776,-66.032421,-66.037193
159.250000,-66.036780,-66.032425,-66.037197
159.300000,-66.036785,-66.032430,-66.037202
159.350000,-66.036790,-66.032435,-66.037207
159.400000,-66.036794,-66.032439,-66.037211
159.450000,-66.036799,-66.032444,-66.037216
159.500000,-66.036803,-66.032449,-66.037220
159.550000,-66.036808,-66.032453,-66.037225
159.600000,-66.036813,-66.032458,-66.037230
159.650000,-66.036817,-66.032462,-66.037234
159.700000,-66.036822,-66.032467,-66.037239
159.750000,-66.036826,-66.032471,-66.037243
159.800000,-66.036831,-66.032476,-66.037248
159.850000,-66.036835,-66.032481,-66.037252
159.900000,-66.036840,-66.032485,-66.037257
159.950000,-66.036844,-66.032490,-66.037261
160.000000,-66.036849,-66.032494,-66.037266
160.050000,-66.036853,-66.032499,-66.037271
160.100000,-66.036858,-66.032503,-66.037275
160.150000,-66.036862,-66.032508,-66.037280
160.200000,-66.036867,-66.032512,-66.037284
160.250000,-66.036871,-66.032517,-66.037288
160.300000,-66.036876,-66.032521,-66.037293
160.350000,-66.036880,-66.032526,-66.037297
160.400000,-66.036885,-66.032530,-66.037302
160.450000,-66.036889,-66.032534,-66.037306
160.500000,-66.036894,-66.032539,-66.037311
160.550000,-66.036898,-66.032543,-66.037315
160.600000,-66.036903,-66.032548,-66.037320
160.650000,-66.036907,-66.032552,-66.037324
160.700000,-66.036911,-66.032557,-66.037328
160.750000,-66.036916,-66.032561,-66.037333
160.800000,-66.036920,-66.032565,-66.037337
160.850000,-66.036925,-66.032570,-66.037342
160.900000,-66.036929,-66.032574,-66.037346
160.950000,-66.036933,-66.032579,-66.037350
161.000000,-66.036938,-66.032583,-66.037355
161.050000,-66.036942,-66.032587,-66.037359
161.100000,-66.036946,-66.032592,-66.037363
161.150000,-66.036951,-66.032596,-66.037368
161.200000,-66.036955,-66.032600,-66.037372
161.250000,-66.036959,-66.032605,-66.037376
161.300000,-66.036964,-66.032609,-66.037381
161.350000,-66.036968,-66.032613,-66.037385
161.400000,-66.036972,-66.032617,-66.037389
161.450000,-66.036976,-66.032622,-66.037394
161.500000,-66.036981,-66.032626,-66.037398
161.550000,-66.036985,-66.032630,-66.037402
161.600000,-66.036989,-66.032635,-66.037406
161.650000,-66.036994,-66.032639,-66.037411
161.700000,-66.036998,-66.032643,-66.037415
161.750000,-66.037002,-66.032647,-66.037419
161.800000,-66.037006,-66.032652,-66.037423
161.850000,-66.037011,-66.032656,-66.037428
161.900000,-66.037015,-66.032660,-66.037432
161.950000,-66.037019,-66.032664,-66.037436
162.000000,-66.037023,-66.032668,-66.037440
162.050000,-66.037027,-66.032673,-66.037444
162.100000,-66.037032,-66.032677,-66.037449
162.150000,-66.037036,-66.032681,-66.037453
162.200000,-66.037040,-66.032685,-66.037457
162.250000,-66.037044,-66.032689,-66.037461
162.300000,-66.037048,-66.032694,-66.037465
162.350000,-66.037052,-66.032698,-66.037469
162.400000,-66.037057,-66.032702,-66.037474
162.450000,-66.037061,-66.032706,-66.037478
162.500000,-66.037065,-66.032710,-66.037482
162.550000,-66.037069,-66.032714,-66.037486
162.600000,-66.037073,-66.032718,-66.037490
162.650000,-66.037077,-66.032723,-66.037494
162.700000,-66.037081,-66.032727,-66.037498
162.750000,-66.037085,-66.032731,-66.037502
162.800000,-66.037089,-66.032735,-66.037506
162.850000,-66.037093,-66.032739,-66.037511
162.900000,-66.037098,-66.032743,-66.037515
162.950000,-66.037102,-66.032747,-66.037519
163.000000,-66.037106,-66.032751,-66.037523
163.050000,-66.037110,-66.032755,-66.037527
163.100000,-66.037114,-66.032759,-66.037531
163.150000,-66.037118,-66.032763,-66.037535
163.200000,-66.037122,-66.032767,-66.037539
163.250000,-66.037126,-66.032771,-66.037543
163.300000,-66.037130,-66.032775,-66.037547
163.350000,-66.037134,-66.032779,-66.037551
163.400000,-66.037138,-66.032783,-66.037555
163.450000,-66.037142,-66.032787,-66.037559
163.500000,-66.037146,-66.032791,-66.037563
163.550000,-66.037150,-66.032795,-66.037567
163.600000,-66.037154,-66.032799,-66.037571
163.650000,-66.037158,-66.032803,-66.037575
163.700000,-66.037162,-66.032807,-66.037579
163.750000,-66.037166,-66.032811,-66.037583
163.800000,-66.037170,-66.032815,-66.037587
163.850000,-66.037174,-66.032819,-66.037591
163.900000,-66.037177,-66.032823,-66.037595
163.950000,-66.037181,-66.032827,-66.037598
164.000000,-66.037185,-66.032831,-66.037602
164.050000,-66.037189,-66.032835,-66.037606
164.100000,-66.037193,-66.032839,-66.037610
164.150000,-66.037197,-66.032843,-66.037614
164.200000,-66.037201,-66.032846,-66.037618
164.250000,-66.037205,-66.032850,-66.037622
164.300000,-66.037209,-66.032854,-66.037626
164.350000,-66.037213,-66.032858,-66.037630
164.400000,-66.037216,-66.032862,-66.037633
164.450000,-66.037220,-66.032866,-66.037637
164.500000,-66.037224,-66.032870,-66.037641
164.550000,-66.037228,-66.032873,-66.037645
164.600000,-66.037232,-66.032877,-66.037649
164.650000,-66.037236,-66.032881,-66.037653
164.700000,-66.037239,-66.032885,-66.037656
164.750000,-66.037243,-66.032889,-66.037660
164.800000,-66.037247,-66.032893,-66.037664
164.850000,-66.037251,-66.032896,-66.037668
164.900000,-66.037255,-66.032900,-66.037672
164.950000,-66.037258,-66.032904,-66.037675
165.000000,-66.037262,-66.032908,-66.037679
165.050000,-66.037266,-66.032912,-66.037683
165.100000,-66.037270,-66.032915,-66.037687
165.150000,-66.037273,-66.032919,-66.037691
165.200000,-66.037277,-66.032923,-66.037694
165.250000,-66.037281,-66.032927,-66.037698
165.300000,-66.037285,-66.032930,-66.037702
165.350000,-66.037288,-66.032934,-66.037705
165.400000,-66.037292,-66.032938,-66.037709
165.450000,-66.037296,-66.032941,-66.037713
165.500000,-66.037300,-66.032945,-66.037717
165.550000,-66.037303,-66.032949,-66.037720
165.600000,-66.037307,-66.032953,-66.037724
165.650000,-66.037311,-66.032956,-66.037728
165.700000,-66.037314,-66.032960,-66.037731
165.750000,-66.037318,-66.032964,-66.037735
165.800000,-66.037322,-66.032967,-66.037739
165.850000,-66.037325,-66.032971,-66.037742
165.900000,-66.037329,-66.032975,-66.037746
165.950000,-66.037333,-66.032978,-66.037750
166.000000,-66.037336,-66.032982,-66.037753
166.050000,-66.037340,-66.032986,-66.037757
166.100000,-66.037344,-66.032989,-66.037761
166.150000,-66.037347,-66.032993,-66.037764
166.200000,-66.037351,-66.032997,-66.037768
166.250000,-66.037354,-66.033000,-66.037772
166.300000,-66.037358,-66.033004,-66.037775
166.350000,-66.037362,-66.033007,-66.037779
166.400000,-66.037365,-66.033011,-66.037782
166.450000,-66.037369,-66.033015,-66.037786
166.500000,-66.037372,-66.033018,-66.037789
166.550000,-66.037376,-66.033022,-66.037793
166.600000,-66.037380,-66.033025,-66.037797
166.650000,-66.037383,-66.033029,-66.037800
166.700000,-66.037387,-66.033032,-66.037804
166.750000,-66.037390,-66.033036,-66.037807
166.800000,-66.037394,-66.033040,-66.037811
166.850000,-66.037397,-66.033043,-66.037814
166.900000,-66.037401,-66.033047,-66.037818
166.950000,-66.037404,-66.033050,-66.037821
167.000000,-66.037408,-66.033054,-66.037825
167.050000,-66.037411,-66.033057,-66.037828
167.100000,-66.037415,-66.033061,-66.037832
167.150000,-66.037418,-66.033064,-66.037835
167.200000,-66.037422,-66.033068,-66.037839
167.250000,-66.037425,-66.033071,-66.037842
167.300000,-66.037429,-66.033075,-66.037846
167.350000,-66.037432,-66.033078,-66.037849
167.400000,-66.037436,-66.033082,-66.037853
167.450000,-66.037439,-66.033085,-66.037856
167.500000,-66.037443,-66.033089,-66.037860
167.550000,-66.037446,-66.033092,-66.037863
167.600000,-66.037450,-66.033095,-66.037867
167.650000,-66.037453,-66.033099,-66.037870
167.700000,-66.037456,-66.033102,-66.037874
167.750000,-66.037460,-66.033106,-66.037877
167.800000,-66.037463,-66.033109,-66.037880
167.850000,-66.037467,-66.033113,-66.037884
167.900000,-66.037470,-66.033116,-66.037887
167.950000,-66.037474,-66.033119,-66.037891
168.000000,-66.037477,-66.033123,-66.037894
168.050000,-66.037480,-66.033126,-66.037897
168.100000,-66.037484,-66.033130,-66.037901
168.150000,-66.037487,-66.033133,-66.037904
168.200000,-66.037490,-66.033136,-66.037908
168.250000,-66.037494,-66.033140,-66.037911
168.300000,-66.037497,-66.033143,-66.037914
168.350000,-66.037501,-66.033146,-66.037918
168.400000,-66.037504,-66.033150,-66.037921
168.450000,-66.037507,-66.033153,-66.037924
168.500000,-66.037511,-66.033156,-66.037928
168.550000,-66.037514,-66.033160,-66.037931
168.600000,-66.037517,-66.033163,-66.037934
168.650000,-66.037520,-66.033166,-66.037938
168.700000,-66.037524,-66.033170,-66.037941
168.750000,-66.037527,-66.033173,-66.037944
168.800000,-66.037530,-66.033176,-66.037947
168.850000,-66.037534,-66.033180,-66.037951
168.900000,-66.037537,-66.033183,-66.037954
168.950000,-66.037540,-66.033186,-66.037957
169.000000,-66.037544,-66.033189,-66.037961
169.050000,-66.037547,-66.033193,-66.037964
169.100000,-66.037550,-66.033196,-66.037967
169.150000,-66.037553,-66.033199,-66.037970
169.200000,-66.037557,-66.033203,-66.037974
169.250000,-66.037560,-66.033206,-66.037977
169.300000,-66.037563,-66.033209,-66.037980
169.350000,-66.037566,-66.033212,-66.037983
169.400000,-66.037570,-66.033215,-66.037987
169.450000,-66.037573,-66.033219,-66.037990
169.500000,-66.037576,-66.033222,-66.037993
169.550000,-66.037579,-66.033225,-66.037996
169.600000,-66.037582,-66.033228,-66.037999
169.650000,-66.037586,-66.033232,-66.038003
169.700000,-66.037589,-66.033235,-66.038006
169.750000,-66.037592,-66.033238,-66.038009
169.800000,-66.037595,-66.033241,-66.038012
169.850000,-66.037598,-66.033244,-66.038015
169.900000,-66.037602,-66.033248,-66.038019
169.950000,-66.037605,-66.033251,-66.038022
170.000000,-66.037608,-66.033254,-66.038025
170.050000,-66.037611,-66.033257,-66.038028
170.100000,-66.037614,-66.033260,-66.038031
170.150000,-66.037617,-66.033263,-66.038034
170.200000,-66.037620,-66.033266,-66.038038
170.250000,-66.037624,-66.033270,-66.038041
170.300000,-66.037627,-66.033273,-66.038044
170.350000,-66.037630,-66.033276,-66.038047
170.400000,-66.037633,-66.033279,-66.038050
170.450000,-66.037636,-66.033282,-66.038053
170.500000,-66.037639,-66.033285,-66.038056
170.550000,-66.037642,-66.033288,-66.038059
170.600000,-66.037645,-66.033291,-66.038062
170.650000,-66.037648,-66.033294,-66.038066
170.700000,-66.037652,-66.033298,-66.038069
170.750000,-66.037655,-66.033301,-66.038072
170.800000,-66.037658,-66.033304,-66.038075
170.850000,-66.037661,-66.033307,-66.038078
170.900000,-66.037664,-66.033310,-66.038081
170.950000,-66.037667,-66.033313,-66.038084
171.000000,-66.037670,-66.033316,-66.038087
171.050000,-66.037673,-66.033319,-66.038090
171.100000,-66.037676,-66.033322,-66.038093
171.150000,-66.037679,-66.033325,-66.038096
171.200000,-66.037682,-66.033328,-66.038099
171.250000,-66.037685,-66.033331,-66.038102
171.300000,-66.037688,-66.033334,-66.038105
171.350000,-66.037691,-66.033337,-66.038108
171.400000,-66.037694,-66.033340,-66.038111
171.450000,-66.037697,-66.033343,-66.038114
171.500000,-66.037700,-66.033346,-66.038117
171.550000,-66.037703,-66.033349,-66.038120
171.600000,-66.037706,-66.033352,-66.038123
171.650000,-66.037709,-66.033355,-66.038126
171.700000,-66.037712,-66.033358,-66.038129
171.750000,-66.037715,-66.033361,-66.038132
171.800000,-66.037718,-66.033364,-66.038135
171.850000,-66.037721,-66.033367,-66.038138
171.900000,-66.037724,-66.033370,-66.038141
171.950000,-66.037727,-66.033373,-66.038144
172.000000,-66.037730,-66.033376,-66.038147
172.050000,-66.037733,-66.033379,-66.038150
172.100000,-66.037736,-66.033382,-66.038153
172.150000,-66.037739,-66.033385,-66.038156
172.200000,-66.037742,-66.033388,-66.038159
172.250000,-66.037744,-66.033391,-66.038162
172.300000,-66.037747,-66.033394,-66.038164
172.350000,-66.037750,-66.033396,-66.038167
172.400000,-66.037753,-66.033399,-66.038170
172.450000,-66.037756,-66.033402,-66.038173
172.500000,-66.037759,-66.033405,-66.038176
172.550000,-66.037762,-66.033408,-66.038179
172.600000,-66.037765,-66.033411,-66.038182
172.650000,-66.037768,-66.033414,-66.038185
172.700000,-66.037770,-66.033417,-66.038188
172.750000,-66.037773,-66.033420,-66.038190
172.800000,-66.037776,-66.033422,-66.038193
172.850000,-66.037779,-66.033425,-66.038196
172.900000,-66.037782,-66.033428,-66.038199
172.950000,-66.037785,-66.033431,-66.038202
173.000000,-66.037788,-66.033434,-66.038205
173.050000,-66.037790,-66.033437,-66.038208
173.100000,-66.037793,-66.033439,-66.038210
173.150000,-66.037796,-66.033442,-66.038213
173.200000,-66.037799,-66.033445,-66.038216
173.250000,-66.037802,-66.033448,-66.038219
173.300000,-66.037805,-66.033451,-66.038222
173.350000,-66.037807,-66.033454,-66.038224
173.400000,-66.037810,-66.033456,-66.038227
173.450000,-66.037813,-66.033459,-66.038230
173.500000,-66.037816,-66.033462,-66.038233
173.550000,-66.037819,-66.033465,-66.038236
173.600000,-66.037821,-66.033468,-66.038238
173.650000,-66.037824,-66.033470,-66.038241
173.700000,-66.037827,-66.033473,-66.038244
173.750000,-66.037830,-66.033476,-66.038247
173.800000,-66.037832,-66.033479,-66.038249
173.850000,-66.037835,-66.033481,-66.038252
173.900000,-66.037838,-66.033484,-66.038255
173.950000,-66.037841,-66.033487,-66.038258
174.000000,-66.037843,-66.033490,-66.038260
174.050000,-66.037846,-66.033492,-66.038263
174.100000,-66.037849,-66.033495,-66.038266
174.150000,-66.037852,-66.033498,-66.038269
174.200000,-66.037854,-66.033501,-66.038271
174.250000,-66.037857,-66.033503,-66.038274
174.300000,-66.037860,-66.033506,-66.038277
174.350000,-66.037862,-66.033509,-66.038280
174.400000,-66.037865,-66.033511,-66.038282
174.450000,-66.037868,-66.033514,-66.038285
174.500000,-66.037871,-66.033517,-66.038288
174.550000,-66.037873,-66.033520,-66.038290
174.600000,-66.037876,-66.033522,-66.038293
174.650000,-66.037879,-66.033525,-66.038296
174.700000,-66.037881,-66.033528,-66.038298
174.750000,-66.037884,-66.033530,-66.038301
174.800000,-66.037887,-66.033533,-66.038304
174.850000,-66.037889,-66.033536,-66.038306
174.900000,-66.037892,-66.033538,-66.038309
174.950000,-66.037895,-66.033541,-66.038312
175.000000,-66.037897,-66.033544,-66.038314
175.050000,-66.037900,-66.033546,-66.038317
175.100000,-66.037902,-66.033549,-66.038320
175.150000,-66.037905,-66.033551,-66.038322
175.200000,-66.037908,-66.033554,-66.038325
175.250000,-66.037910,-66.033557,-66.038327
175.300000,-66.037913,-66.033559,-66.038330
175.350000,-66.037916,-66.033562,-66.038333
175.400000,-66.037918,-66.033565,-66.038335
175.450000,-66.037921,-66.033567,-66.038338
175.500000,-66.037923,-66.033570,-66.038341
175.550000,-66.037926,-66.033572,-66.038343
175.600000,-66.037929,-66.033575,-66.038346
175.650000,-66.037931,-66.033578,-66.038348
175.700000,-66.037934,-66.033580,-66.038351
175.750000,-66.037936,-66.033583,-66.038353
175.800000,-66.037939,-66.033585,-66.038356
175.850000,-66.037941,-66.033588,-66.038359
175.900000,-66.037944,-66.033590,-66.038361
175.950000,-66.037947,-66.033593,-66.038364
176.000000,-66.037949,-66.033596,-66.038366
176.050000,-66.037952,-66.033598,-66.038369
176.100000,-66.037954,-66.033601,-66.038371
176.150000,-66.037957,-66.033603,-66.038374
176.200000,-66.037959,-66.033606,-66.038376
176.250000,-66.037962,-66.033608,-66.038379
176.300000,-66.037964,-66.033611,-66.038382
176.350000,-66.037967,-66.033613,-66.038384
176.400000,-66.037969,-66.033616,-66.038387
176.450000,-66.037972,-66.033618,-66.038389
176.500000,-66.037974,-66.033621,-66.038392
176.550000,-66.037977,-66.033623,-66.038394
176.600000,-66.037979,-66.033626,-66.038397
176.650000,-66.037982,-66.033628,-66.038399
176.700000,-66.037984,-66.033631,-66.038402
176.750000,-66.037987,-66.033633,-66.038404
176.800000,-66.037989,-66.033636,-66.038407
176.850000,-66.037992,-66.033638,-66.038409
176.900000,-66.037994,-66.033641,-66.038411
176.950000,-66.037997,-66.033643,-66.038414
177.000000,-66.037999,-66.033646,-66.038416
177.050000,-66.038002,-66.033648,-66.038419
177.100000,-66.038004,-66.033651,-66.038421
177.150000,-66.038007,-66.033653,-66.038424
177.200000,-66.038009,-66.033656,-66.038426
177.250000,-66.038012,-66.033658,-66.038429
177.300000,-66.038014,-66.033660,-66.038431
177.350000,-66.038016,-66.033663,-66.038434
177.400000,-66.038019,-66.033665,-66.038436
177.450000,-66.038021,-66.033668,-66.038438
177.500000,-66.038024,-66.033670,-66.038441
177.550000,-66.038026,-66.033673,-66.038443
177.600000,-66.038029,-66.033675,-66.038446
177.650000,-66.038031,-66.033677,-66.038448
177.700000,-66.038033,-66.033680,-66.038450
177.750000,-66.038036,-66.033682,-66.038453
177.800000,-66.038038,-66.033685,-66.038455
177.850000,-66.038041,-66.033687,-66.038458
177.900000,-66.038043,-66.033689,-66.038460
177.950000,-66.038045,-66.033692,-66.038462
178.000000,-66.038048,-66.033694,-66.038465
178.050000,-66.038050,-66.033697,-66.038467
178.100000,-66.038052,-66.033699,-66.038470
178.150000,-66.038055,-66.033701,-66.038472
178.200000,-66.038057,-66.033704,-66.038474
178.250000,-66.038060,-66.033706,-66.038477
178.300000,-66.038062,-66.033708,-66.038479
178.350000,-66.038064,-66.033711,-66.038481
178.400000,-66.038067,-66.033713,-66.038484
178.450000,-66.038069,-66.033715,-66.038486
178.500000,-66.038071,-66.033718,-66.038488
178.550000,-66.038074,-66.033720,-66.038491
178.600000,-66.038076,-66.033722,-66.038493
178.650000,-66.038078,-66.033725,-66.038495
178.700000,-66.038081,-66.033727,-66.038498
178.750000,-66.038083,-66.033729,-66.038500
178.800000,-66.038085,-66.033732,-66.038502
178.850000,-66.038087,-66.033734,-66.038505
178.900000,-66.038090,-66.033736,-66.038507
178.950000,-66.038092,-66.033739,-66.038509
179.000000,-66.038094,-66.033741,-66.038512
179.050000,-66.038097,-66.033743,-66.038514
179.100000,-66.038099,-66.033746,-66.038516
179.150000,-66.038101,-66.033748,-66.038518
179.200000,-66.038104,-66.033750,-66.038521
179.250000,-66.038106,-66.033752,-66.038523
179.300000,-66.038108,-66.033755,-66.038525
179.350000,-66.038110,-66.033757,-66.038528
179.400000,-66.038113,-66.033759,-66.038530
179.450000,-66.038115,-66.033761,-66.038532
179.500000,-66.038117,-66.033764,-66.038534
179.550000,-66.038119,-66.033766,-66.038537
179.600000,-66.038122,-66.033768,-66.038539
179.650000,-66.038124,-66.033770,-66.038541
179.700000,-66.038126,-66.033773,-66.038543
179.750000,-66.038128,-66.033775,-66.038546
179.800000,-66.038131,-66.033777,-66.038548
179.850000,-66.038133,-66.033779,-66.038550
179.900000,-66.038135,-66.033782,-66.038552
179.950000,-66.038137,-66.033784,-66.038554
180.000000,-66.038139,-66.033786,-66.038557
180.050000,-66.038142,-66.033788,-66.038559
180.100000,-66.038144,-66.033790,-66.038561
180.150000,-66.038146,-66.033793,-66.038563
180.200000,-66.038148,-66.033795,-66.038565
180.250000,-66.038150,-66.033797,-66.038568
180.300000,-66.038153,-66.033799,-66.038570
180.350000,-66.038155,-66.033801,-66.038572
180.400000,-66.038157,-66.033804,-66.038574
180.450000,-66.038159,-66.033806,-66.038576
180.500000,-66.038161,-66.033808,-66.038579
180.550000,-66.038164,-66.033810,-66.038581
180.600000,-66.038166,-66.033812,-66.038583
180.650000,-66.038168,-66.033815,-66.038585
180.700000,-66.038170,-66.033817,-66.038587
180.750000,-66.038172,-66.033819,-66.038589
180.800000,-66.038174,-66.033821,-66.038592
180.850000,-66.038177,-66.033823,-66.038594
180.900000,-66.038179,-66.033825,-66.038596
180.950000,-66.038181,-66.033827,-66.038598
181.000000,-66.038183,-66.033830,-66.038600
181.050000,-66.038185,-66.033832,-66.038602
181.100000,-66.038187,-66.033834,-66.038604
181.150000,-66.038189,-66.033836,-66.038607
181.200000,-66.038192,-66.033838,-66.038609
181.250000,-66.038194,-66.033840,-66.038611
181.300000,-66.038196,-66.033842,-66.038613
181.350000,-66.038198,-66.033844,-66.038615
181.400000,-66.038200,-66.033847,-66.038617
181.450000,-66.038202,-66.033849,-66.038619
181.500000,-66.038204,-66.033851,-66.038621
181.550000,-66.038206,-66.033853,-66.038623
181.600000,-66.038208,-66.033855,-66.038626
181.650000,-66.038210,-66.033857,-66.038628
181.700000,-66.038213,-66.033859,-66.038630
181.750000,-66.038215,-66.033861,-66.038632
181.800000,-66.038217,-66.033863,-66.038634
181.850000,-66.038219,-66.033865,-66.038636
181.900000,-66.038221,-66.033868,-66.038638
181.950000,-66.038223,-66.033870,-66.038640
182.000000,-66.038225,-66.033872,-66.038642
182.050000,-66.038227,-66.033874,-66.038644
182.100000,-66.038229,-66.033876,-66.038646
182.150000,-66.038231,-66.033878,-66.038648
182.200000,-66.038233,-66.033880,-66.038650
182.250000,-66.038235,-66.033882,-66.038652
182.300000,-66.038237,-66.033884,-66.038654
182.350000,-66.038239,-66.033886,-66.038656
182.400000,-66.038241,-66.033888,-66.038659
182.450000,-66.038243,-66.033890,-66.038661
182.500000,-66.038245,-66.033892,-66.038663
182.550000,-66.038247,-66.033894,-66.038665
182.600000,-66.038249,-66.033896,-66.038667
182.650000,-66.038251,-66.033898,-66.038669
182.700000,-66.038253,-66.033900,-66.038671
182.750000,-66.038256,-66.033902,-66.038673
182.800000,-66.038258,-66.033904,-66.038675
182.850000,-66.038260,-66.033906,-66.038677
182.900000,-66.038262,-66.033908,-66.038679
182.950000,-66.038264,-66.033910,-66.038681
183.000000,-66.038266,-66.033912,-66.038683
183.050000,-66.038267,-66.033914,-66.038685
183.100000,-66.038269,-66.033916,-66.038687
183.150000,-66.038271,-66.033918,-66.038689
183.200000,-66.038273,-66.033920,-66.038691
183.250000,-66.038275,-66.033922,-66.038693
183.300000,-66.038277,-66.033924,-66.038695
183.350000,-66.038279,-66.033926,-66.038697
183.400000,-66.038281,-66.033928,-66.038698
183.450000,-66.038283,-66.033930,-66.038700
183.500000,-66.038285,-66.033932,-66.038702
183.550000,-66.038287,-66.033934,-66.038704
183.600000,-66.038289,-66.033936,-66.038706
183.650000,-66.038291,-66.033938,-66.038708
183.700000,-66.038293,-66.033940,-66.038710
183.750000,-66.038295,-66.033942,-66.038712
183.800000,-66.038297,-66.033944,-66.038714
183.850000,-66.038299,-66.033946,-66.038716
183.900000,-66.038301,-66.033948,-66.038718
183.950000,-66.038303,-66.033949,-66.038720
184.000000,-66.038305,-66.033951,-66.038722
184.050000,-66.038307,-66.033953,-66.038724
184.100000,-66.038308,-66.033955,-66.038726
184.150000,-66.038310,-66.033957,-66.038728
184.200000,-66.038312,-66.033959,-66.038729
184.250000,-66.038314,-66.033961,-66.038731
184.300000,-66.038316,-66.033963,-66.038733
184.350000,-66.038318,-66.033965,-66.038735
184.400000,-66.038320,-66.033967,-66.038737
184.450000,-66.038322,-66.033969,-66.038739
184.500000,-66.038324,-66.033970,-66.038741
184.550000,-66.038326,-66.033972,-66.038743
184.600000,-66.038327,-66.033974,-66.038745
184.650000,-66.038329,-66.033976,-66.038746
184.700000,-66.038331,-66.033978,-66.038748
184.750000,-66.038333,-66.033980,-66.038750
184.800000,-66.038335,-66.033982,-66.038752
184.850000,-66.038337,-66.033984,-66.038754
184.900000,-66.038339,-66.033985,-66.038756
184.950000,-66.038341,-66.033987,-66.038758
185.000000,-66.038342,-66.033989,-66.038760
185.050000,-66.038344,-66.033991,-66.038761
185.100000,-66.038346,-66.033993,-66.038763
185.150000,-66.038348,-66.033995,-66.038765
185.200000,-66.038350,-66.033997,-66.038767
185.250000,-66.038352,-66.033998,-66.038769
185.300000,-66.038353,-66.034000,-66.038771
185.350000,-66.038355,-66.034002,-66.038772
185.400000,-66.038357,-66.034004,-66.038774
185.450000,-66.038359,-66.034006,-66.038776
185.500000,-66.038361,-66.034008,-66.038778
185.550000,-66.038363,-66.034009,-66.038780
185.600000,-66.038364,-66.034011,-66.038782
185.650000,-66.038366,-66.034013,-66.038783
185.700000,-66.038368,-66.034015,-66.038785
185.750000,-66.038370,-66.034017,-66.038787
185.800000,-66.038372,-66.034018,-66.038789
185.850000,-66.038373,-66.034020,-66.038791
185.900000,-66.038375,-66.034022,-66.038792
185.950000,-66.038377,-66.034024,-66.038794
186.000000,-66.038379,-66.034026,-66.038796
186.050000,-66.038381,-66.034027,-66.038798
186.100000,-66.038382,-66.034029,-66.038800
186.150000,-66.038384,-66.034031,-66.038801
186.200000,-66.038386,-66.034033,-66.038803
186.250000,-66.038388,-66.034035,-66.038805
186.300000,-66.038390,-66.034036,-66.038807
186.350000,-66.038391,-66.034038,-66.038808
186.400000,-66.038393,-66.034040,-66.038810
186.450000,-66.038395,-66.034042,-66.038812
186.500000,-66.038397,-66.034043,-66.038814
186.550000,-66.038398,-66.034045,-66.038816
186.600000,-66.038400,-66.034047,-66.038817
186.650000,-66.038402,-66.034049,-66.038819
186.700000,-66.038404,-66.034050,-66.038821
186.750000,-66.038405,-66.034052,-66.038823
186.800000,-66.038407,-66.034054,-66.038824
186.850000,-66.038409,-66.034056,-66.038826
186.900000,-66.038411,-66.034057,-66.038828
186.950000,-66.038412,-66.034059,-66.038829
187.000000,-66.038414,-66.034061,-66.038831
187.050000,-66.038416,-66.034063,-66.038833
187.100000,-66.038417,-66.034064,-66.038835
187.150000,-66.038419,-66.034066,-66.038836
187.200000,-66.038421,-66.034068,-66.038838
187.250000,-66.038423,-66.034069,-66.038840
187.300000,-66.038424,-66.034071,-66.038842
187.350000,-66.038426,-66.034073,-66.038843
187.400000,-66.038428,-66.034075,-66.038845
187.450000,-66.038429,-66.034076,-66.038847
187.500000,-66.038431,-66.034078,-66.038848
187.550000,-66.038433,-66.034080,-66.038850
187.600000,-66.038435,-66.034081,-66.038852
187.650000,-66.038436,-66.034083,-66.038853
187.700000,-66.038438,-66.034085,-66.038855
187.750000,-66.038440,-66.034086,-66.038857
187.800000,-66.038441,-66.034088,-66.038858
187.850000,-66.038443,-66.034090,-66.038860
187.900000,-66.038445,-66.034092,-66.038862
187.950000,-66.038446,-66.034093,-66.038863
188.000000,-66.038448,-66.034095,-66.038865
188.050000,-66.038450,-66.034097,-66.038867
188.100000,-66.038451,-66.034098,-66.038868
188.150000,-66.038453,-66.034100,-66.038870
188.200000,-66.038455,-66.034102,-66.038872
188.250000,-66.038456,-66.034103,-66.038873
188.300000,-66.038458,-66.034105,-66.038875
188.350000,-66.038460,-66.034106,-66.038877
188.400000,-66.038461,-66.034108,-66.038878
188.450000,-66.038463,-66.034110,-66.038880
188.500000,-66.038465,-66.034111,-66.038882
188.550000,-66.038466,-66.034113,-66.038883
188.600000,-66.038468,-66.034115,-66.038885
188.650000,-66.038469,-66.034116,-66.038887
188.700000,-66.038471,-66.034118,-66.038888
188.750000,-66.038473,-66.034120,-66.038890
188.800000,-66.038474,-66.034121,-66.038891
188.850000,-66.038476,-66.034123,-66.038893
188.900000,-66.038478,-66.034124,-66.038895
188.950000,-66.038479,-66.034126,-66.038896
189.000000,-66.038481,-66.034128,-66.038898
189.050000,-66.038482,-66.034129,-66.038900
189.100000,-66.038484,-66.034131,-66.038901
189.150000,-66.038486,-66.034133,-66.038903
189.200000,-66.038487,-66.034134,-66.038904
189.250000,-66.038489,-66.034136,-66.038906
189.300000,-66.038490,-66.034137,-66.038908
189.350000,-66.038492,-66.034139,-66.038909
189.400000,-66.038494,-66.034140,-66.038911
189.450000,-66.038495,-66.034142,-66.038912
189.500000,-66.038497,-66.034144,-66.038914
189.550000,-66.038498,-66.034145,-66.038915
189.600000,-66.038500,-66.034147,-66.038917
189.650000,-66.038501,-66.034148,-66.038919
189.700000,-66.038503,-66.034150,-66.038920
189.750000,-66.038505,-66.034152,-66.038922
189.800000,-66.038506,-66.034153,-66.038923
189.850000,-66.038508,-66.034155,-66.038925
189.900000,-66.038509,-66.034156,-66.038926
189.950000,-66.038511,-66.034158,-66.038928
190.000000,-66.038512,-66.034159,-66.038930
190.050000,-66.038514,-66.034161,-66.038931
190.100000,-66.038515,-66.034162,-66.038933
190.150000,-66.038517,-66.034164,-66.038934
190.200000,-66.038519,-66.034166,-66.038936
190.250000,-66.038520,-66.034167,-66.038937
190.300000,-66.038522,-66.034169,-66.038939
190.350000,-66.038523,-66.034170,-66.038940
190.400000,-66.038525,-66.034172,-66.038942
190.450000,-66.038526,-66.034173,-66.038943
190.500000,-66.038528,-66.034175,-66.038945
190.550000,-66.038529,-66.034176,-66.038947
190.600000,-66.038531,-66.034178,-66.038948
190.650000,-66.038532,-66.034179,-66.038950
190.700000,-66.038534,-66.034181,-66.038951
190.750000,-66.038535,-66.034182,-66.038953
190.800000,-66.038537,-66.034184,-66.038954
190.850000,-66.038538,-66.034185,-66.038956
190.900000,-66.038540,-66.034187,-66.038957
190.950000,-66.038541,-66.034188,-66.038959
191.000000,-66.038543,-66.034190,-66.038960
191.050000,-66.038544,-66.034191,-66.038962
191.100000,-66.038546,-66.034193,-66.038963
191.150000,-66.038547,-66.034194,-66.038965
191.200000,-66.038549,-66.034196,-66.038966
191.250000,-66.038550,-66.034197,-66.038968
191.300000,-66.038552,-66.034199,-66.038969
191.350000,-66.038553,-66.034200,-66.038971
191.400000,-66.038555,-66.034202,-66.038972
191.450000,-66.038556,-66.034203,-66.038974
191.500000,-66.038558,-66.034205,-66.038975
191.550000,-66.038559,-66.034206,-66.038976
191.600000,-66.038561,-66.034208,-66.038978
191.650000,-66.038562,-66.034209,-66.038979
191.700000,-66.038564,-66.034211,-66.038981
191.750000,-66.038565,-66.034212,-66.038982
191.800000,-66.038567,-66.034214,-66.038984
191.850000,-66.038568,-66.034215,-66.038985
191.900000,-66.038570,-66.034217,-66.038987
191.950000,-66.038571,-66.034218,-66.038988
192.000000,-66.038572,-66.034219,-66.038990
192.050000,-66.038574,-66.034221,-66.038991
192.100000,-66.038575,-66.034222,-66.038993
192.150000,-66.038577,-66.034224,-66.038994
192.200000,-66.038578,-66.034225,-66.038995
192.250000,-66.038580,-66.034227,-66.038997
192.300000,-66.038581,-66.034228,-66.038998
192.350000,-66.038582,-66.034230,-66.039000
192.400000,-66.038584,-66.034231,-66.039001
192.450000,-66.038585,-66.034232,-66.039003
192.500000,-66.038587,-66.034234,-66.039004
192.550000,-66.038588,-66.034235,-66.039005
192.600000,-66.038590,-66.034237,-66.039007
192.650000,-66.038591,-66.034238,-66.039008
192.700000,-66.038592,-66.034239,-66.039010
192.750000,-66.038594,-66.034241,-66.039011
192.800000,-66.038595,-66.034242,-66.039012
192.850000,-66.038597,-66.034244,-66.039014
192.900000,-66.038598,-66.034245,-66.039015
192.950000,-66.038599,-66.034247,-66.039017
193.000000,-66.038601,-66.034248,-66.039018
193.050000,-66.038602,-66.034249,-66.039019
193.100000,-66.038604,-66.034251,-66.039021
193.150000,-66.038605,-66.034252,-66.039022
193.200000,-66.038606,-66.034254,-66.039024
193.250000,-66.038608,-66.034255,-66.039025
193.300000,-66.038609,-66.034256,-66.039026
193.350000,-66.038611,-66.034258,-66.039028
193.400000,-66.038612,-66.034259,-66.039029
193.450000,-66.038613,-66.034260,-66.039031
193.500000,-66.038615,-66.034262,-66.039032
193.550000,-66.038616,-66.034263,-66.039033
193.600000,-66.038617,-66.034265,-66.039035
193.650000,-66.038619,-66.034266,-66.039036
193.700000,-66.038620,-66.034267,-66.039037
193.750000,-66.038622,-66.034269,-66.039039
193.800000,-66.038623,-66.034270,-66.039040
193.850000,-66.038624,-66.034271,-66.039041
193.900000,-66.038626,-66.034273,-66.039043
193.950000,-66.038627,-66.034274,-66.039044
194.000000,-66.038628,-66.034275,-66.039046
194.050000,-66.038630,-66.034277,-66.039047
194.100000,-66.038631,-66.034278,-66.039048
194.150000,-66.038632,-66.034279,-66.039050
194.200000,-66.038634,-66.034281,-66.039051
194.250000,-66.038635,-66.034282,-66.039052
194.300000,-66.038636,-66.034283,-66.039054
194.350000,-66.038638,-66.034285,-66.039055
194.400000,-66.038639,-66.034286,-66.039056
194.450000,-66.038640,-66.034287,-66.039058
194.500000,-66.038642,-66.034289,-66.039059
194.550000,-66.038643,-66.034290,-66.039060
194.600000,-66.038644,-66.034291,-66.039062
194.650000,-66.038646,-66.034293,-66.039063
194.700000,-66.038647,-66.034294,-66.039064
194.750000,-66.038648,-66.034295,-66.039066
194.800000,-66.038650,-66.034297,-66.039067
194.850000,-66.038651,-66.034298,-66.039068
194.900000,-66.038652,-66.034299,-66.039069
194.950000,-66.038654,-66.034301,-66.039071
195.000000,-66.038655,-66.034302,-66.039072
195.050000,-66.038656,-66.034303,-66.039073
195.100000,-66.038657,-66.034305,-66.039075
195.150000,-66.038659,-66.034306,-66.039076
195.200000,-66.038660,-66.034307,-66.039077
195.250000,-66.038661,-66.034308,-66.039079
195.300000,-66.038663,-66.034310,-66.039080
195.350000,-66.038664,-66.034311,-66.039081
195.400000,-66.038665,-66.034312,-66.039082
195.450000,-66.038666,-66.034314,-66.039084
195.500000,-66.038668,-66.034315,-66.039085
195.550000,-66.038669,-66.034316,-66.039086
195.600000,-66.038670,-66.034317,-66.039088
195.650000,-66.038672,-66.034319,-66.039089
195.700000,-66.038673,-66.034320,-66.039090
195.750000,-66.038674,-66.034321,-66.039091
195.800000,-66.038675,-66.034323,-66.039093
195.850000,-66.038677,-66.034324,-66.039094
195.900000,-66.038678,-66.034325,-66.039095
195.950000,-66.038679,-66.034326,-66.039096
196.000000,-66.038680,-66.034328,-66.039098
196.050000,-66.038682,-66.034329,-66.039099
196.100000,-66.038683,-66.034330,-66.039100
196.150000,-66.038684,-66.034331,-66.039101
196.200000,-66.038685,-66.034333,-66.039103
196.250000,-66.038687,-66.034334,-66.039104
196.300000,-66.038688,-66.034335,-66.039105
196.350000,-66.038689,-66.034336,-66.039106
196.400000,-66.038690,-66.034338,-66.039108
196.450000,-66.038692,-66.034339,-66.039109
196.500000,-66.038693,-66.034340,-66.039110
196.550000,-66.038694,-66.034341,-66.039111
196.600000,-66.038695,-66.034343,-66.039113
196.650000,-66.038697,-66.034344,-66.039114
196.700000,-66.038698,-66.034345,-66.039115
196.750000,-66.038699,-66.034346,-66.039116
196.800000,-66.038700,-66.034347,-66.039118
196.850000,-66.038702,-66.034349,-66.039119
196.900000,-66.038703,-66.034350,-66.039120
196.950000,-66.038704,-66.034351,-66.039121
197.000000,-66.038705,-66.034352,-66.039122
197.050000,-66.038706,-66.034354,-66.039124
197.100000,-66.038708,-66.034355,-66.039125
197.150000,-66.038709,-66.034356,-66.039126
197.200000,-66.038710,-66.034357,-66.039127
197.250000,-66.038711,-66.034358,-66.039128
197.300000,-66.038712,-66.034360,-66.039130
197.350000,-66.038714,-66.034361,-66.039131
197.400000,-66.038715,-66.034362,-66.039132
197.450000,-66.038716,-66.034363,-66.039133
197.500000,-66.038717,-66.034364,-66.039134
197.550000,-66.038718,-66.034366,-66.039136
197.600000,-66.038720,-66.034367,-66.039137
197.650000,-66.038721,-66.034368,-66.039138
197.700000,-66.038722,-66.034369,-66.039139
197.750000,-66.038723,-66.034370,-66.039140
197.800000,-66.038724,-66.034372,-66.039142
197.850000,-66.038726,-66.034373,-66.039143
197.900000,-66.038727,-66.034374,-66.039144
197.950000,-66.038728,-66.034375,-66.039145
198.000000,-66.038729,-66.034376,-66.039146
198.050000,-66.038730,-66.034377,-66.039147
198.100000,-66.038731,-66.034379,-66.039149
198.150000,-66.038733,-66.034380,-66.039150
198.200000,-66.038734,-66.034381,-66.039151
198.250000,-66.038735,-66.034382,-66.039152
198.300000,-66.038736,-66.034383,-66.039153
198.350000,-66.038737,-66.034384,-66.039154
198.400000,-66.038738,-66.034386,-66.039156
198.450000,-66.038740,-66.034387,-66.039157
198.500000,-66.038741,-66.034388,-66.039158
198.550000,-66.038742,-66.034389,-66.039159
198.600000,-66.038743,-66.034390,-66.039160
198.650000,-66.038744,-66.034391,-66.039161
198.700000,-66.038745,-66.034392,-66.039162
198.750000,-66.038746,-66.034394,-66.039164
198.800000,-66.038748,-66.034395,-66.039165
198.850000,-66.038749,-66.034396,-66.039166
198.900000,-66.038750,-66.034397,-66.039167
198.950000,-66.038751,-66.034398,-66.039168
199.000000,-66.038752,-66.034399,-66.039169
199.050000,-66.038753,-66.034400,-66.039170
199.100000,-66.038754,-66.034402,-66.039172
199.150000,-66.038755,-66.034403,-66.039173
199.200000,-66.038757,-66.034404,-66.039174
199.250000,-66.038758,-66.034405,-66.039175
199.300000,-66.038759,-66.034406,-66.039176
199.350000,-66.038760,-66.034407,-66.039177
199.400000,-66.038761,-66.034408,-66.039178
199.450000,-66.038762,-66.034409,-66.039179
199.500000,-66.038763,-66.034411,-66.039181
199.550000,-66.038764,-66.034412,-66.039182
199.600000,-66.038766,-66.034413,-66.039183
199.650000,-66.038767,-66.034414,-66.039184
199.700000,-66.038768,-66.034415,-66.039185
199.750000,-66.038769,-66.034416,-66.039186
199.800000,-66.038770,-66.034417,-66.039187
199.850000,-66.038771,-66.034418,-66.039188
199.900000,-66.038772,-66.034419,-66.039189
199.950000,-66.038773,-66.034420,-66.039190
200.000000,-66.038774,-66.034422,-66.039192
200.050000,-65.595073,-65.744406,-65.654238
200.100000,-65.286968,-65.480366,-65.360074
200.150000,-65.033721,-65.247267,-65.112079
200.200000,-64.810534,-65.035961,-64.891599
200.250000,-64.606937,-64.840456,-64.689696
200.300000,-64.417423,-64.656974,-64.501374
200.350000,-64.238672,-64.482991,-64.323526
200.400000,-64.068509,-64.316741,-64.154083
200.450000,-63.905420,-64.156947,-63.991591
200.500000,-63.748309,-64.002656,-63.834989
200.550000,-63.596353,-63.853144,-63.683477
200.600000,-63.448914,-63.707842,-63.536433
200.650000,-63.305487,-63.566298,-63.393362
200.700000,-63.165665,-63.428144,-63.253864
200.750000,-63.029111,-63.293075,-63.117608
200.800000,-62.895542,-63.160837,-62.984317
200.850000,-62.764721,-63.031210,-62.853755
200.900000,-62.636442,-62.904008,-62.725720
200.950000,-62.510528,-62.779068,-62.600036
201.000000,-62.386824,-62.656248,-62.476551
201.050000,-62.265193,-62.535421,-62.355127
201.100000,-62.145513,-62.416475,-62.235646
201.150000,-62.027676,-62.299311,-62.118000
201.200000,-61.911585,-62.183836,-62.002093
201.250000,-61.797153,-62.069971,-61.887837
201.300000,-61.684300,-61.957640,-61.775154
201.350000,-61.572954,-61.846776,-61.663973
201.400000,-61.463049,-61.737318,-61.554228
201.450000,-61.354525,-61.629207,-61.445858
201.500000,-61.247327,-61.522393,-61.338810
201.550000,-61.141403,-61.416826,-61.233032
201.600000,-61.036706,-61.312461,-61.128477
201.650000,-60.933192,-61.209257,-61.025101
201.700000,-60.830821,-61.107175,-60.922864
201.750000,-60.729554,-61.006179,-60.821729
201.800000,-60.629357,-60.906234,-60.721660
201.850000,-60.530195,-60.807308,-60.622623
201.900000,-60.432039,-60.709372,-60.524589
201.950000,-60.334858,-60.612398,-60.427528
202.000000,-60.238625,-60.516359,-60.331413
202.050000,-60.143315,-60.421230,-60.236218
202.100000,-60.048903,-60.326986,-60.141918
202.150000,-59.955366,-60.233607,-60.048492
202.200000,-59.862683,-60.141070,-59.955916
202.250000,-59.770831,-60.049355,-59.864171
202.300000,-59.679793,-59.958443,-59.773236
202.350000,-59.589549,-59.868316,-59.683094
202.400000,-59.500081,-59.778957,-59.593726
202.450000,-59.411373,-59.690348,-59.505117
202.500000,-59.323409,-59.602475,-59.417249
202.550000,-59.236172,-59.515322,-59.330108
202.600000,-59.149650,-59.428874,-59.243678
202.650000,-59.063827,-59.343118,-59.157947
202.700000,-58.978690,-59.258041,-59.072900
202.750000,-58.894227,-59.173629,-58.988526
202.800000,-58.810425,-59.089872,-58.904811
202.850000,-58.727273,-59.006757,-58.821745
202.900000,-58.644759,-58.924274,-58.739316
202.950000,-58.562872,-58.842411,-58.657513
203.000000,-58.481604,-58.761159,-58.576326
203.050000,-58.400942,-58.680507,-58.495745
203.100000,-58.320878,-58.600447,-58.415760
203.150000,-58.241403,-58.520969,-58.336363
203.200000,-58.162508,-58.442064,-58.257545
203.250000,-58.084185,-58.363724,-58.179298
203.300000,-58.006425,-58.285941,-58.101612
203.350000,-57.929221,-58.208708,-58.024481
203.400000,-57.852564,-58.132016,-57.947898
203.450000,-57.776448,-58.055858,-57.871853
203.500000,-57.700866,-57.980229,-57.796342
203.550000,-57.625812,-57.905120,-57.721356
203.600000,-57.551277,-57.830525,-57.646890
203.650000,-57.477257,-57.756438,-57.572937
203.700000,-57.403745,-57.682854,-57.499492
203.750000,-57.330735,-57.609766,-57.426547
203.800000,-57.258222,-57.537169,-57.354099
203.850000,-57.186200,-57.465056,-57.282141
203.900000,-57.114664,-57.393424,-57.210668
203.950000,-57.043609,-57.322267,-57.139675
204.000000,-56.973030,-57.251580,-57.069156
204.050000,-56.902922,-57.181359,-56.999109
204.100000,-56.833281,-57.111598,-56.929527
204.150000,-56.764101,-57.042294,-56.860406
204.200000,-56.695380,-56.973442,-56.791742
204.250000,-56.627112,-56.905037,-56.723531
204.300000,-56.559293,-56.837077,-56.655769
204.350000,-56.491920,-56.769556,-56.588451
204.400000,-56.424989,-56.702472,-56.521575
204.450000,-56.358495,-56.635820,-56.455135
204.500000,-56.292436,-56.569597,-56.389130
204.550000,-56.226808,-56.503800,-56.323554
204.600000,-56.161608,-56.438424,-56.258406
204.650000,-56.096832,-56.373468,-56.193681
204.700000,-56.032477,-56.308928,-56.129376
204.750000,-55.968539,-56.244800,-56.065489
204.800000,-55.905017,-56.181082,-56.002015
204.850000,-55.841907,-56.117771,-55.938954
204.900000,-55.779206,-56.054864,-55.876300
204.950000,-55.716911,-55.992358,-55.814053
205.000000,-55.655020,-55.930250,-55.752208
205.050000,-55.593530,-55.868539,-55.690764
205.100000,-55.532438,-55.807221,-55.629717
205.150000,-55.471741,-55.746293,-55.569065
205.200000,-55.411439,-55.685754,-55.508807
205.250000,-55.351527,-55.625602,-55.448938
205.300000,-55.292003,-55.565833,-55.389458
205.350000,-55.232866,-55.506445,-55.330363
205.400000,-55.174113,-55.447437,-55.271651
205.450000,-55.115742,-55.388807,-55.213321
205.500000,-55.057750,-55.330551,-55.155370
205.550000,-55.000136,-55.272668,-55.097796
205.600000,-54.942898,-55.215157,-55.040597
205.650000,-54.886032,-55.158014,-54.983771
205.700000,-54.829539,-55.101238,-54.927316
205.750000,-54.773415,-55.044828,-54.871230
205.800000,-54.717658,-54.988781,-54.815510
205.850000,-54.662267,-54.933095,-54.760156
205.900000,-54.607240,-54.877769,-54.705165
205.950000,-54.552575,-54.822801,-54.650536
206.000000,-54.498270,-54.768189,-54.596266
206.050000,-54.444323,-54.713931,-54.542354
206.100000,-54.390733,-54.660026,-54.488798
206.150000,-54.337498,-54.606471,-54.435597
206.200000,-54.284616,-54.553266,-54.382748
206.250000,-54.232086,-54.500409,-54.330251
206.300000,-54.179905,-54.447898,-54.278102
206.350000,-54.128073,-54.395732,-54.226302
206.400000,-54.076587,-54.343908,-54.174848
206.450000,-54.025446,-54.292426,-54.123738
206.500000,-53.974649,-54.241284,-54.072971
206.550000,-53.924194,-54.190480,-54.022545
206.600000,-53.874079,-54.140013,-53.972460
206.650000,-53.824302,-54.089881,-53.922713
206.700000,-53.774863,-54.040083,-53.873302
206.750000,-53.725759,-53.990617,-53.824227
206.800000,-53.676990,-53.941483,-53.775485
206.850000,-53.628553,-53.892678,-53.727075
206.900000,-53.580447,-53.844201,-53.678996
206.950000,-53.532671,-53.796050,-53.631247
207.000000,-53.485223,-53.748225,-53.583825
207.050000,-53.438102,-53.700723,-53.536729
207.100000,-53.391305,-53.653544,-53.489958
207.150000,-53.344833,-53.606685,-53.443511
207.200000,-53.298683,-53.560147,-53.397385
207.250000,-53.252854,-53.513926,-53.351580
207.300000,-53.207344,-53.468022,-53.306093
207.350000,-53.162152,-53.422434,-53.260925
207.400000,-53.117277,-53.377159,-53.216073
207.450000,-53.072717,-53.332197,-53.171535
207.500000,-53.028470,-53.287547,-53.127311
207.550000,-52.984536,-53.243206,-53.083398
207.600000,-52.940913,-53.199174,-53.039796
207.650000,-52.897600,-53.155449,-52.996504
207.700000,-52.854594,-53.112031,-52.953519
207.750000,-52.811895,-53.068916,-52.910840
207.800000,-52.769501,-53.026105,-52.868466
207.850000,-52.727411,-52.983595,-52.826395
207.900000,-52.685623,-52.941385,-52.784626
207.950000,-52.644136,-52.899475,-52.743158
208.000000,-52.602948,-52.857862,-52.701989
208.050000,-52.562058,-52.816545,-52.661117
208.100000,-52.521465,-52.775523,-52.620542
208.150000,-52.481167,-52.734794,-52.580261
208.200000,-52.441163,-52.694358,-52.540274
208.250000,-52.401451,-52.654212,-52.500579
208.300000,-52.362030,-52.614356,-52.461174
208.350000,-52.322898,-52.574787,-52.422058
208.400000,-52.284055,-52.535505,-52.383231
208.450000,-52.245498,-52.496509,-52.344689
208.500000,-52.207226,-52.457796,-52.306432
208.550000,-52.169238,-52.419365,-52.268459
208.600000,-52.131532,-52.381216,-52.230768
208.650000,-52.094107,-52.343346,-52.193357
208.700000,-52.056961,-52.305755,-52.156225
208.750000,-52.020093,-52.268440,-52.119371
208.800000,-51.983502,-52.231401,-52.082793
208.850000,-51.947186,-52.194636,-52.046490
208.900000,-51.911144,-52.158144,-52.010460
208.950000,-51.875373,-52.121923,-51.974702
209.000000,-51.839873,-52.085971,-51.939214
209.050000,-51.804643,-52.050288,-51.903996
209.100000,-51.769680,-52.014872,-51.869044
209.150000,-51.734983,-51.979722,-51.834359
209.200000,-51.700551,-51.944836,-51.799937
209.250000,-51.666381,-51.910212,-51.765779
209.300000,-51.632474,-51.875849,-51.731882
209.350000,-51.598827,-51.841746,-51.698245
209.400000,-51.565439,-51.807902,-51.664867
209.450000,-51.532307,-51.774314,-51.631745
209.500000,-51.499432,-51.740982,-51.598879
209.550000,-51.466811,-51.707904,-51.566267
209.600000,-51.434442,-51.675078,-51.533908
209.650000,-51.402325,-51.642503,-51.501799
209.700000,-51.370458,-51.610178,-51.469940
209.750000,-51.338838,-51.578101,-51.438329
209.800000,-51.307466,-51.546271,-51.406965
209.850000,-51.276339,-51.514685,-51.375845
209.900000,-51.245455,-51.483344,-51.344969
209.950000,-51.214814,-51.452245,-51.314335
210.000000,-51.184413,-51.421387,-51.283941
210.050000,-51.154251,-51.390768,-51.253786
210.100000,-51.124327,-51.360387,-51.223869
210.150000,-51.094640,-51.330242,-51.194188
210.200000,-51.065187,-51.300332,-51.164741
210.250000,-51.035966,-51.270656,-51.135527
210.300000,-51.006978,-51.241211,-51.106544
210.350000,-50.978220,-51.211997,-51.077791
210.400000,-50.949690,-51.183012,-51.049266
210.450000,-50.921387,-51.154254,-51.020968
210.500000,-50.893309,-51.125723,-50.992896
210.550000,-50.865455,-51.097416,-50.965047
210.600000,-50.837824,-51.069331,-50.937420
210.650000,-50.810413,-51.041469,-50.910014
210.700000,-50.783222,-51.013826,-50.882827
210.750000,-50.756249,-50.986401,-50.855857
210.800000,-50.729491,-50.959194,-50.829104
210.850000,-50.702948,-50.932202,-50.802565
210.900000,-50.676619,-50.905424,-50.776238
210.950000,-50.650500,-50.878858,-50.750123
211.000000,-50.624592,-50.852503,-50.724218
211.050000,-50.598893,-50.826357,-50.698521
211.100000,-50.573400,-50.800420,-50.673031
211.150000,-50.548112,-50.774689,-50.647746
211.200000,-50.523029,-50.749162,-50.622665
211.250000,-50.498148,-50.723839,-50.597786
211.300000,-50.473467,-50.698718,-50.573108
211.350000,-50.448986,-50.673798,-50.548628
211.400000,-50.424703,-50.649076,-50.524347
211.450000,-50.400616,-50.624552,-50.500261
211.500000,-50.376723,-50.600223,-50.476371
211.550000,-50.353024,-50.576090,-50.452673
211.600000,-50.329517,-50.552149,-50.429167
211.650000,-50.306200,-50.528399,-50.405850
211.700000,-50.283071,-50.504840,-50.382723
211.750000,-50.260130,-50.481469,-50.359782
211.800000,-50.237374,-50.458285,-50.337027
211.850000,-50.214803,-50.435287,-50.314456
211.900000,-50.192414,-50.412473,-50.292067
211.950000,-50.170206,-50.389841,-50.269860
212.000000,-50.148178,-50.367391,-50.247832
212.050000,-50.126328,-50.345120,-50.225982
212.100000,-50.104655,-50.323028,-50.204309
212.150000,-50.083157,-50.301112,-50.182811
212.200000,-50.061833,-50.279371,-50.161486
212.250000,-50.040681,-50.257805,-50.140334
212.300000,-50.019700,-50.236410,-50.119352
212.350000,-49.998888,-50.215187,-50.098539
212.400000,-49.978244,-50.194133,-50.077894
212.450000,-49.957766,-50.173247,-50.057415
212.500000,-49.937453,-50.152528,-50.037102
212.550000,-49.917303,-50.131974,-50.016951
212.600000,-49.897316,-50.111583,-49.996962
212.650000,-49.877489,-50.091355,-49.977134
212.700000,-49.857821,-50.071288,-49.957465
212.750000,-49.838311,-50.051380,-49.937953
212.800000,-49.818957,-50.031630,-49.918597
212.850000,-49.799758,-50.012037,-49.899396
212.900000,-49.780712,-49.992599,-49.880349
212.950000,-49.761818,-49.973315,-49.861453
213.000000,-49.743074,-49.954183,-49.842707
213.050000,-49.724480,-49.935202,-49.824110
213.100000,-49.706033,-49.916370,-49.805661
213.150000,-49.687732,-49.897687,-49.787358
213.200000,-49.669576,-49.879150,-49.769200
213.250000,-49.651564,-49.860759,-49.751186
213.300000,-49.633694,-49.842512,-49.733313
213.350000,-49.615964,-49.824408,-49.715581
213.400000,-49.598374,-49.806445,-49.697988
213.450000,-49.580922,-49.788622,-49.680533
213.500000,-49.563607,-49.770938,-49.663215
213.550000,-49.546426,-49.753391,-49.646032
213.600000,-49.529380,-49.735980,-49.628983
213.650000,-49.512467,-49.718703,-49.612066
213.700000,-49.495684,-49.701560,-49.595281
213.750000,-49.479032,-49.684549,-49.578625
213.800000,-49.462508,-49.667669,-49.562098
213.850000,-49.446112,-49.650918,-49.545699
213.900000,-49.429842,-49.634296,-49.529425
213.950000,-49.413696,-49.617800,-49.513277
214.000000,-49.397674,-49.601430,-49.497251
214.050000,-49.381775,-49.585184,-49.481348
214.100000,-49.365996,-49.569061,-49.465565
214.150000,-49.350336,-49.553060,-49.449903
214.200000,-49.334795,-49.537179,-49.434358
214.250000,-49.319372,-49.521418,-49.418931
214.300000,-49.304064,-49.505775,-49.403619
214.350000,-49.288871,-49.490248,-49.388422
214.400000,-49.273791,-49.474837,-49.373339
214.450000,-49.258823,-49.459540,-49.358367
214.500000,-49.243967,-49.444357,-49.343507
214.550000,-49.229220,-49.429285,-49.328756
214.600000,-49.214581,-49.414325,-49.314114
214.650000,-49.200050,-49.399473,-49.299579
214.700000,-49.185626,-49.384730,-49.285150
214.750000,-49.171306,-49.370095,-49.270826
214.800000,-49.157090,-49.355565,-49.256606
214.850000,-49.142977,-49.341140,-49.242489
214.900000,-49.128965,-49.326819,-49.228473
214.950000,-49.115053,-49.312600,-49.214557
215.000000,-49.101241,-49.298483,-49.200741
215.050000,-49.087526,-49.284466,-49.187022
215.100000,-49.073909,-49.270548,-49.173401
215.150000,-49.060388,-49.256728,-49.159875
215.200000,-49.046961,-49.243004,-49.146444
215.250000,-49.033627,-49.229377,-49.133106
215.300000,-49.020387,-49.215844,-49.119861
215.350000,-49.007237,-49.202405,-49.106708
215.400000,-48.994178,-49.189059,-49.093644
215.450000,-48.981208,-49.175804,-49.080670
215.500000,-48.968326,-49.162639,-49.067784
215.550000,-48.955532,-49.149563,-49.054985
215.600000,-48.942823,-49.136576,-49.042272
215.650000,-48.930199,-49.123676,-49.029644
215.700000,-48.917660,-49.110862,-49.017100
215.750000,-48.905203,-49.098133,-49.004639
215.800000,-48.892828,-49.085489,-48.992259
215.850000,-48.880534,-49.072927,-48.979961
215.900000,-48.868320,-49.060447,-48.967743
215.950000,-48.856185,-49.048049,-48.955603
216.000000,-48.844128,-49.035730,-48.943541
216.050000,-48.832147,-49.023491,-48.931556
216.100000,-48.820243,-49.011330,-48.919647
216.150000,-48.808413,-48.999245,-48.907813
216.200000,-48.796658,-48.987237,-48.896053
216.250000,-48.784975,-48.975304,-48.884366
216.300000,-48.773365,-48.963446,-48.872751
216.350000,-48.761825,-48.951660,-48.861208
216.400000,-48.750356,-48.939947,-48.849734
216.450000,-48.738956,-48.928305,-48.838329
216.500000,-48.727625,-48.916734,-48.826993
216.550000,-48.716361,-48.905233,-48.815725
216.600000,-48.705163,-48.893800,-48.804523
216.650000,-48.694031,-48.882435,-48.793386
216.700000,-48.682964,-48.871136,-48.782315
216.750000,-48.671961,-48.859904,-48.771307
216.800000,-48.661021,-48.848737,-48.760363
216.850000,-48.650143,-48.837634,-48.749480
216.900000,-48.639326,-48.826595,-48.738659
216.950000,-48.628570,-48.815618,-48.727898
217.000000,-48.617873,-48.804703,-48.717197
217.050000,-48.607236,-48.793849,-48.706555
217.100000,-48.596656,-48.783055,-48.695971
217.150000,-48.586134,-48.772320,-48.685444
217.200000,-48.575667,-48.761643,-48.674974
217.250000,-48.565257,-48.751024,-48.664559
217.300000,-48.554901,-48.740462,-48.654199
217.350000,-48.544599,-48.729956,-48.643892
217.400000,-48.534351,-48.719505,-48.633640
217.450000,-48.524155,-48.709109,-48.623439
217.500000,-48.514010,-48.698767,-48.613291
217.550000,-48.503917,-48.688477,-48.603193
217.600000,-48.493874,-48.678239,-48.593145
217.650000,-48.483880,-48.668053,-48.583147
217.700000,-48.473935,-48.657918,-48.573198
217.750000,-48.464038,-48.647832,-48.563296
217.800000,-48.454188,-48.637796,-48.553442
217.850000,-48.444385,-48.627808,-48.543635
217.900000,-48.434627,-48.617868,-48.533873
217.950000,-48.424915,-48.607976,-48.524157
218.000000,-48.415247,-48.598129,-48.514485
218.050000,-48.405623,-48.588328,-48.504857
218.100000,-48.396042,-48.578572,-48.495272
218.150000,-48.386503,-48.568861,-48.485729
218.200000,-48.377007,-48.559193,-48.476228
218.250000,-48.367551,-48.549568,-48.466768
218.300000,-48.358135,-48.539985,-48.457349
218.350000,-48.348760,-48.530444,-48.447969
218.400000,-48.339424,-48.520944,-48.438629
218.450000,-48.330126,-48.511485,-48.429327
218.500000,-48.320866,-48.502065,-48.420064
218.550000,-48.311643,-48.492684,-48.410837
218.600000,-48.302457,-48.483342,-48.401647
218.650000,-48.293307,-48.474037,-48.392493
218.700000,-48.284192,-48.464770,-48.383375
218.750000,-48.275113,-48.455540,-48.374291
218.800000,-48.266067,-48.446345,-48.365242
218.850000,-48.257056,-48.437186,-48.356227
218.900000,-48.248077,-48.428062,-48.347245
218.950000,-48.239131,-48.418972,-48.338295
219.000000,-48.230217,-48.409916,-48.329377
219.050000,-48.221334,-48.400893,-48.320491
219.100000,-48.212483,-48.391902,-48.311636
219.150000,-48.203661,-48.382944,-48.302811
219.200000,-48.194869,-48.374017,-48.294015
219.250000,-48.186107,-48.365121,-48.285250
219.300000,-48.177373,-48.356255,-48.276512
219.350000,-48.168668,-48.347420,-48.267803
219.400000,-48.159990,-48.338613,-48.259122
219.450000,-48.151339,-48.329836,-48.250468
219.500000,-48.142715,-48.321087,-48.241841
219.550000,-48.134118,-48.312365,-48.233240
219.600000,-48.125546,-48.303671,-48.224665
219.650000,-48.116999,-48.295004,-48.216115
219.700000,-48.108477,-48.286363,-48.207589
219.750000,-48.099979,-48.277748,-48.199088
219.800000,-48.091505,-48.269158,-48.190611
219.850000,-48.083054,-48.260593,-48.182157
219.900000,-48.074626,-48.252053,-48.173726
219.950000,-48.066220,-48.243537,-48.165317
220.000000,-48.057837,-48.235044,-48.156931
220.050000,-48.049475,-48.226574,-48.148566
220.100000,-48.041133,-48.218126,-48.140222
220.150000,-48.032813,-48.209701,-48.131898
220.200000,-48.024513,-48.201297,-48.123595
220.250000,-48.016232,-48.192915,-48.115312
220.300000,-48.007971,-48.184554,-48.107048
220.350000,-47.999729,-48.176213,-48.098803
220.400000,-47.991506,-48.167892,-48.090577
220.450000,-47.983300,-48.159590,-48.082369
220.500000,-47.975112,-48.151308,-48.074178
220.550000,-47.966942,-48.143045,-48.066005
220.600000,-47.958788,-48.134800,-48.057849
220.650000,-47.950652,-48.126573,-48.049710
220.700000,-47.942531,-48.118363,-48.041586
220.750000,-47.934426,-48.110171,-48.033479
220.800000,-47.926337,-48.101995,-48.025387
220.850000,-47.918262,-48.093836,-48.017310
220.900000,-47.910203,-48.085694,-48.009248
220.950000,-47.902157,-48.077566,-48.001201
221.000000,-47.894126,-48.069455,-47.993167
221.050000,-47.886108,-48.061358,-47.985147
221.100000,-47.878104,-48.053276,-47.977141
221.150000,-47.870113,-48.045208,-47.969147
221.200000,-47.862134,-48.037154,-47.961167
221.250000,-47.854168,-48.029113,-47.953198
221.300000,-47.846214,-48.021086,-47.945242
221.350000,-47.838271,-48.013072,-47.937297
221.400000,-47.830339,-48.005071,-47.929363
221.450000,-47.822419,-47.997082,-47.921441
221.500000,-47.814510,-47.989105,-47.913530
221.550000,-47.806610,-47.981139,-47.905628
221.600000,-47.798721,-47.973185,-47.897738
221.650000,-47.790842,-47.965242,-47.889856
221.700000,-47.782972,-47.957309,-47.881985
221.750000,-47.775112,-47.949387,-47.874123
221.800000,-47.767260,-47.941475,-47.866269
221.850000,-47.759417,-47.933573,-47.858425
221.900000,-47.751583,-47.925681,-47.850588
221.950000,-47.743756,-47.917798,-47.842760
222.000000,-47.735938,-47.909924,-47.834940
222.050000,-47.728126,-47.902058,-47.827127
222.100000,-47.720323,-47.894201,-47.819322
222.150000,-47.712526,-47.886352,-47.811524
222.200000,-47.704736,-47.878511,-47.803733
222.250000,-47.696953,-47.870678,-47.795948
222.300000,-47.689176,-47.862852,-47.788169
222.350000,-47.681405,-47.855034,-47.780397
222.400000,-47.673640,-47.847222,-47.772631
222.450000,-47.665880,-47.839417,-47.764870
222.500000,-47.658126,-47.831618,-47.757114
222.550000,-47.650377,-47.823826,-47.749364
222.600000,-47.642632,-47.816039,-47.741618
222.650000,-47.634893,-47.808258,-47.733878
222.700000,-47.627158,-47.800483,-47.726142
222.750000,-47.619427,-47.792713,-47.718410
222.800000,-47.611700,-47.784948,-47.710682
222.850000,-47.603977,-47.777187,-47.702958
222.900000,-47.596257,-47.769432,-47.695237
222.950000,-47.588541,-47.761680,-47.687520
223.000000,-47.580829,-47.753933,-47.679807
223.050000,-47.573119,-47.746190,-47.672096
223.100000,-47.565412,-47.738451,-47.664388
223.150000,-47.557707,-47.730715,-47.656683
223.200000,-47.550005,-47.722983,-47.648980
223.250000,-47.542305,-47.715254,-47.641280
223.300000,-47.534608,-47.707527,-47.633581
223.350000,-47.526912,-47.699804,-47.625885
223.400000,-47.519218,-47.692083,-47.618190
223.450000,-47.511525,-47.684365,-47.610497
223.500000,-47.503834,-47.676649,-47.602805
223.550000,-47.496144,-47.668935,-47.595115
223.600000,-47.488454,-47.661223,-47.587425
223.650000,-47.480766,-47.653512,-47.579737
223.700000,-47.473079,-47.645803,-47.572049
223.750000,-47.465392,-47.638096,-47.564361
223.800000,-47.457705,-47.630390,-47.556675
223.850000,-47.450018,-47.622684,-47.548988
223.900000,-47.442332,-47.614980,-47.541301
223.950000,-47.434645,-47.607277,-47.533615
224.000000,-47.426959,-47.599574,-47.525928
224.050000,-47.419272,-47.591871,-47.518241
224.100000,-47.411584,-47.584169,-47.510553
224.150000,-47.403896,-47.576467,-47.502865
224.200000,-47.396206,-47.568765,-47.495176
224.250000,-47.388516,-47.561063,-47.487486
224.300000,-47.380825,-47.553360,-47.479795
224.350000,-47.373133,-47.545657,-47.472103
224.400000,-47.365439,-47.537954,-47.464409
224.450000,-47.357744,-47.530250,-47.456714
224.500000,-47.350048,-47.522545,-47.449018
224.550000,-47.342349,-47.514839,-47.441320
224.600000,-47.334649,-47.507132,-47.433620
224.650000,-47.326947,-47.499424,-47.425918
224.700000,-47.319243,-47.491714,-47.418215
224.750000,-47.311536,-47.484003,-47.410509
224.800000,-47.303828,-47.476290,-47.402801
224.850000,-47.296117,-47.468576,-47.395090
224.900000,-47.288403,-47.460860,-47.387377
224.950000,-47.280687,-47.453142,-47.379662
225.000000,-47.272968,-47.445422,-47.371944
225.050000,-47.265247,-47.437700,-47.364223
225.100000,-47.257522,-47.429976,-47.356499
225.150000,-47.249795,-47.422249,-47.348772
225.200000,-47.242064,-47.414520,-47.341043
225.250000,-47.234330,-47.406789,-47.333310
225.300000,-47.226593,-47.399055,-47.325574
225.350000,-47.218853,-47.391318,-47.317834
225.400000,-47.211109,-47.383578,-47.310091
225.450000,-47.203361,-47.375835,-47.302345
225.500000,-47.195610,-47.368089,-47.294595
225.550000,-47.187855,-47.360341,-47.286841
225.600000,-47.180097,-47.352589,-47.279083
225.650000,-47.172334,-47.344833,-47.271322
225.700000,-47.164568,-47.337075,-47.263557
225.750000,-47.156797,-47.329313,-47.255787
225.800000,-47.149022,-47.321547,-47.248014
225.850000,-47.141244,-47.313778,-47.240236
225.900000,-47.133460,-47.306005,-47.232455
225.950000,-47.125673,-47.298228,-47.224669
226.000000,-47.117881,-47.290448,-47.216878
226.050000,-47.110085,-47.282663,-47.209083
226.100000,-47.102284,-47.274875,-47.201284
226.150000,-47.094478,-47.267082,-47.193480
226.200000,-47.086668,-47.259286,-47.185671
226.250000,-47.078853,-47.251485,-47.177858
226.300000,-47.071034,-47.243680,-47.170040
226.350000,-47.063209,-47.235870,-47.162217
226.400000,-47.055380,-47.228057,-47.154389
226.450000,-47.047545,-47.220238,-47.146557
226.500000,-47.039706,-47.212416,-47.138719
226.550000,-47.031861,-47.204588,-47.130876
226.600000,-47.024012,-47.196756,-47.123029
226.650000,-47.016157,-47.188920,-47.115176
226.700000,-47.008297,-47.181078,-47.107317
226.750000,-47.000431,-47.173232,-47.099454
226.800000,-46.992560,-47.165381,-47.091585
226.850000,-46.984684,-47.157525,-47.083711
226.900000,-46.976803,-47.149664,-47.075832
226.950000,-46.968916,-47.141798,-47.067947
227.000000,-46.961023,-47.133927,-47.060057
227.050000,-46.953125,-47.126051,-47.052161
227.100000,-46.945221,-47.118170,-47.044259
227.150000,-46.937312,-47.110283,-47.036352
227.200000,-46.929397,-47.102392,-47.028439
227.250000,-46.921476,-47.094495,-47.020521
227.300000,-46.913549,-47.086592,-47.012597
227.350000,-46.905617,-47.078685,-47.004667
227.400000,-46.897679,-47.070772,-46.996731
227.450000,-46.889735,-47.062853,-46.988789
227.500000,-46.881785,-47.054929,-46.980842
227.550000,-46.873829,-47.047000,-46.972888
227.600000,-46.865867,-47.039064,-46.964929
227.650000,-46.857899,-47.031124,-46.956964
227.700000,-46.849925,-47.023177,-46.948992
227.750000,-46.841945,-47.015225,-46.941015
227.800000,-46.833959,-47.007267,-46.933031
227.850000,-46.825966,-46.999304,-46.925042
227.900000,-46.817968,-46.991335,-46.917046
227.950000,-46.809963,-46.983360,-46.909044
228.000000,-46.801952,-46.975379,-46.901036
228.050000,-46.793935,-46.967392,-46.893022
228.100000,-46.785912,-46.959399,-46.885002
228.150000,-46.777882,-46.951400,-46.876975
228.200000,-46.769846,-46.943396,-46.868942
228.250000,-46.761804,-46.935385,-46.860903
228.300000,-46.753755,-46.927369,-46.852857
228.350000,-46.745700,-46.919346,-46.844805
228.400000,-46.737639,-46.911318,-46.836747
228.450000,-46.729571,-46.903283,-46.828682
228.500000,-46.721496,-46.895242,-46.820611
228.550000,-46.713416,-46.887195,-46.812533
228.600000,-46.705328,-46.879142,-46.804450
228.650000,-46.697235,-46.871083,-46.796359
228.700000,-46.689135,-46.863018,-46.788262
228.750000,-46.681028,-46.854946,-46.780159
228.800000,-46.672915,-46.846869,-46.772049
228.850000,-46.664795,-46.838785,-46.763933
228.900000,-46.656669,-46.830695,-46.755810
228.950000,-46.648536,-46.822598,-46.747681
229.000000,-46.640397,-46.814496,-46.739545
229.050000,-46.632251,-46.806387,-46.731403
229.100000,-46.624098,-46.798272,-46.723254
229.150000,-46.615939,-46.790150,-46.715099
229.200000,-46.607774,-46.782023,-46.706937
229.250000,-46.599602,-46.773889,-46.698768
229.300000,-46.591423,-46.765749,-46.690593
229.350000,-46.583238,-46.757602,-46.682412
229.400000,-46.575046,-46.749449,-46.674224
229.450000,-46.566847,-46.741290,-46.666029
229.500000,-46.558642,-46.733124,-46.657828
229.550000,-46.550430,-46.724952,-46.649620
229.600000,-46.542212,-46.716774,-46.641405
229.650000,-46.533987,-46.708590,-46.633185
229.700000,-46.525755,-46.700399,-46.624957
229.750000,-46.517517,-46.692201,-46.616723
229.800000,-46.509272,-46.683998,-46.608482
229.850000,-46.501021,-46.675788,-46.600235
229.900000,-46.492763,-46.667572,-46.591981
229.950000,-46.484498,-46.659349,-46.583721
230.000000,-46.476227,-46.651120,-46.575454
230.050000,-46.467949,-46.642884,-46.567180
230.100000,-46.459665,-46.634642,-46.558900
230.150000,-46.451374,-46.626394,-46.550613
230.200000,-46.443076,-46.618140,-46.542320
230.250000,-46.434772,-46.609879,-46.534020
230.300000,-46.426461,-46.601611,-46.525714
230.350000,-46.418144,-46.593338,-46.517401
230.400000,-46.409820,-46.585058,-46.509081
230.450000,-46.401489,-46.576771,-46.500755
230.500000,-46.393152,-46.568479,-46.492422
230.550000,-46.384808,-46.560180,-46.484083
230.600000,-46.376458,-46.551874,-46.475738
230.650000,-46.368101,-46.543562,-46.467385
230.700000,-46.359737,-46.535244,-46.459027
230.750000,-46.351367,-46.526920,-46.450661
230.800000,-46.342991,-46.518589,-46.442290
230.850000,-46.334608,-46.510252,-46.433911
230.900000,-46.326218,-46.501908,-46.425527
230.950000,-46.317822,-46.493558,-46.417135
231.000000,-46.309419,-46.485202,-46.408738
231.050000,-46.301010,-46.476840,-46.400334
231.100000,-46.292595,-46.468471,-46.391923
231.150000,-46.284172,-46.460096,-46.383506
231.200000,-46.275744,-46.451715,-46.375082
231.250000,-46.267309,-46.443327,-46.366652
231.300000,-46.258867,-46.434933,-46.358216
231.350000,-46.250419,-46.426533,-46.349773
231.400000,-46.241965,-46.418127,-46.341324
231.450000,-46.233504,-46.409714,-46.332869
231.500000,-46.225037,-46.401295,-46.324407
231.550000,-46.216563,-46.392870,-46.315938
231.600000,-46.208083,-46.384439,-46.307464
231.650000,-46.199597,-46.376002,-46.298983
231.700000,-46.191104,-46.367558,-46.290495
231.750000,-46.182605,-46.359108,-46.282002
231.800000,-46.174099,-46.350652,-46.273502
231.850000,-46.165588,-46.342189,-46.264995
231.900000,-46.157069,-46.333721,-46.256483
231.950000,-46.148545,-46.325246,-46.247964
232.000000,-46.140014,-46.316766,-46.239439
232.050000,-46.131477,-46.308279,-46.230907
232.100000,-46.122934,-46.299786,-46.222370
232.150000,-46.114384,-46.291287,-46.213826
232.200000,-46.105828,-46.282781,-46.205276
232.250000,-46.097266,-46.274270,-46.196719
232.300000,-46.088698,-46.265753,-46.188157
232.350000,-46.080123,-46.257229,-46.179588
232.400000,-46.071543,-46.248700,-46.171013
232.450000,-46.062956,-46.240164,-46.162432
232.500000,-46.054363,-46.231623,-46.153845
232.550000,-46.045763,-46.223075,-46.145252
232.600000,-46.037158,-46.214521,-46.136653
232.650000,-46.028546,-46.205962,-46.128047
232.700000,-46.019929,-46.197396,-46.119436
232.750000,-46.011305,-46.188825,-46.110818
232.800000,-46.002675,-46.180247,-46.102195
232.850000,-45.994039,-46.171664,-46.093565
232.900000,-45.985398,-46.163075,-46.084929
232.950000,-45.976750,-46.154479,-46.076288
233.000000,-45.968096,-46.145878,-46.067640
233.050000,-45.959436,-46.137271,-46.058986
233.100000,-45.950770,-46.128658,-46.050327
233.150000,-45.942097,-46.120039,-46.041661
233.200000,-45.933419,-46.111415,-46.032990
233.250000,-45.924736,-46.102784,-46.024312
233.300000,-45.916046,-46.094148,-46.015629
233.350000,-45.907350,-46.085506,-46.006940
233.400000,-45.898648,-46.076858,-45.998244
233.450000,-45.889940,-46.068204,-45.989543
233.500000,-45.881227,-46.059545,-45.980837
233.550000,-45.872507,-46.050880,-45.972124
233.600000,-45.863782,-46.042209,-45.963405
233.650000,-45.855051,-46.033532,-45.954681
233.700000,-45.846314,-46.024850,-45.945951
233.750000,-45.837571,-46.016161,-45.937215
233.800000,-45.828822,-46.007468,-45.928473
233.850000,-45.820068,-45.998768,-45.919726
233.900000,-45.811308,-45.990063,-45.910972
233.950000,-45.802542,-45.981352,-45.902213
234.000000,-45.793770,-45.972635,-45.893449
234.050000,-45.784993,-45.963913,-45.884678
234.100000,-45.776209,-45.955185,-45.875902
234.150000,-45.767420,-45.946452,-45.867120
234.200000,-45.758626,-45.937713,-45.858333
234.250000,-45.749825,-45.928968,-45.849539
234.300000,-45.741019,-45.920218,-45.840740
234.350000,-45.732207,-45.911462,-45.831936
234.400000,-45.723390,-45.902701,-45.823126
234.450000,-45.714567,-45.893934,-45.814310
234.500000,-45.705738,-45.885162,-45.805489
234.550000,-45.696904,-45.876384,-45.796662
234.600000,-45.688064,-45.867600,-45.787829
234.650000,-45.679219,-45.858811,-45.778991
234.700000,-45.670367,-45.850017,-45.770148
234.750000,-45.661511,-45.841217,-45.761299
234.800000,-45.652649,-45.832412,-45.752444
234.850000,-45.643781,-45.823601,-45.743584
234.900000,-45.634908,-45.814785,-45.734719
234.950000,-45.626029,-45.805964,-45.725848
235.000000,-45.617145,-45.797137,-45.716971
235.050000,-45.608256,-45.788305,-45.708090
235.100000,-45.599361,-45.779467,-45.699202
235.150000,-45.590461,-45.770624,-45.690310
235.200000,-45.581555,-45.761776,-45.681412
235.250000,-45.572644,-45.752922,-45.672509
235.300000,-45.563727,-45.744064,-45.663600
235.350000,-45.554805,-45.735200,-45.654686
235.400000,-45.545878,-45.726331,-45.645767
235.450000,-45.536946,-45.717456,-45.636843
235.500000,-45.528008,-45.708576,-45.627913
235.550000,-45.519065,-45.699691,-45.618978
235.600000,-45.510117,-45.690801,-45.610038
235.650000,-45.501163,-45.681906,-45.601093
235.700000,-45.492204,-45.673006,-45.592142
235.750000,-45.483240,-45.664100,-45.583186
235.800000,-45.474271,-45.655190,-45.574225
235.850000,-45.465297,-45.646274,-45.565259
235.900000,-45.456317,-45.637353,-45.556288
235.950000,-45.447332,-45.628427,-45.547312
236.000000,-45.438342,-45.619496,-45.538330
236.050000,-45.429347,-45.610560,-45.529344
236.100000,-45.420347,-45.601619,-45.520352
236.150000,-45.411342,-45.592673,-45.511355
236.200000,-45.402332,-45.583722,-45.502354
236.250000,-45.393316,-45.574766,-45.493347
236.300000,-45.384296,-45.565804,-45.484335
236.350000,-45.375270,-45.556838,-45.475318
236.400000,-45.366240,-45.547867,-45.466297
236.450000,-45.357204,-45.538891,-45.457270
236.500000,-45.348164,-45.529911,-45.448238
236.550000,-45.339118,-45.520925,-45.439202
236.600000,-45.330068,-45.511934,-45.430160
236.650000,-45.321012,-45.502939,-45.421114
236.700000,-45.311952,-45.493938,-45.412062
236.750000,-45.302887,-45.484933,-45.403006
236.800000,-45.293816,-45.475923,-45.393945
236.850000,-45.284741,-45.466908,-45.384879
236.900000,-45.275661,-45.457889,-45.375808
236.950000,-45.266577,-45.448864,-45.366733
237.000000,-45.257487,-45.439835,-45.357652
237.050000,-45.248392,-45.430801,-45.348567
237.100000,-45.239293,-45.421762,-45.339477
237.150000,-45.230189,-45.412718,-45.330382
237.200000,-45.221080,-45.403670,-45.321283
237.250000,-45.211966,-45.394617,-45.312178
237.300000,-45.202848,-45.385560,-45.303069
237.350000,-45.193724,-45.376497,-45.293956
237.400000,-45.184596,-45.367430,-45.284837
237.450000,-45.175464,-45.358358,-45.275714
237.500000,-45.166326,-45.349282,-45.266586
237.550000,-45.157184,-45.340201,-45.257454
237.600000,-45.148037,-45.331116,-45.248316
237.650000,-45.138886,-45.322025,-45.239175
237.700000,-45.129729,-45.312930,-45.230028
237.750000,-45.120568,-45.303831,-45.220877
237.800000,-45.111403,-45.294727,-45.211722
237.850000,-45.102233,-45.285618,-45.202561
237.900000,-45.093058,-45.276505,-45.193396
237.950000,-45.083878,-45.267388,-45.184227
238.000000,-45.074694,-45.258266,-45.175053
238.050000,-45.065506,-45.249139,-45.165875
238.100000,-45.056313,-45.240008,-45.156692
238.150000,-45.047115,-45.230872,-45.147504
238.200000,-45.037913,-45.221732,-45.138312
238.250000,-45.028706,-45.212587,-45.129115
238.300000,-45.019494,-45.203438,-45.119914
238.350000,-45.010278,-45.194284,-45.110709
238.400000,-45.001058,-45.185126,-45.101499
238.450000,-44.991833,-45.175964,-45.092284
238.500000,-44.982604,-45.166797,-45.083065
238.550000,-44.973370,-45.157625,-45.073842
238.600000,-44.964131,-45.148450,-45.064614
238.650000,-44.954888,-45.139270,-45.055382
238.700000,-44.945641,-45.130085,-45.046145
238.750000,-44.936389,-45.120896,-45.036904
238.800000,-44.927133,-45.111703,-45.027659
238.850000,-44.917872,-45.102505,-45.018409
238.900000,-44.908607,-45.093303,-45.009155
238.950000,-44.899338,-45.084097,-44.999896
239.000000,-44.890064,-45.074886,-44.990633
239.050000,-44.880786,-45.065671,-44.981366
239.100000,-44.871503,-45.056452,-44.972094
239.150000,-44.862216,-45.047228,-44.962818
239.200000,-44.852924,-45.038000,-44.953538
239.250000,-44.843628,-45.028768,-44.944253
239.300000,-44.834328,-45.019532,-44.934964
239.350000,-44.825024,-45.010291,-44.925670
239.400000,-44.815715,-45.001046,-44.916373
239.450000,-44.806401,-44.991796,-44.907071
239.500000,-44.797084,-44.982543,-44.897764
239.550000,-44.787762,-44.973285,-44.888454
239.600000,-44.778435,-44.964022,-44.879139
239.650000,-44.769105,-44.954756,-44.869820
239.700000,-44.759770,-44.945485,-44.860496
239.750000,-44.750430,-44.936210,-44.851168
239.800000,-44.741086,-44.926931,-44.841836
239.850000,-44.731738,-44.917647,-44.832500
239.900000,-44.722386,-44.908360,-44.823159
239.950000,-44.713029,-44.899068,-44.813814
240.000000,-44.703668,-44.889771,-44.804465
240.050000,-44.694303,-44.880471,-44.795112
240.100000,-44.684934,-44.871166,-44.785754
240.150000,-44.675560,-44.861857,-44.776392
240.200000,-44.666182,-44.852544,-44.767026
240.250000,-44.656799,-44.843227,-44.757655
240.300000,-44.647412,-44.833906,-44.748281
240.350000,-44.638022,-44.824580,-44.738902
240.400000,-44.628626,-44.815250,-44.729519
240.450000,-44.619227,-44.805916,-44.720132
240.500000,-44.609823,-44.796578,-44.710740
240.550000,-44.600416,-44.787236,-44.701345
240.600000,-44.591003,-44.777889,-44.691945
240.650000,-44.581587,-44.768539,-44.682541
240.700000,-44.572167,-44.759184,-44.673133
240.750000,-44.562742,-44.749825,-44.663721
240.800000,-44.553313,-44.740462,-44.654305
240.850000,-44.543880,-44.731095,-44.644884
240.900000,-44.534443,-44.721724,-44.635459
240.950000,-44.525001,-44.712349,-44.626031
241.000000,-44.515556,-44.702970,-44.616598
241.050000,-44.506106,-44.693586,-44.607161
241.100000,-44.496652,-44.684199,-44.597720
241.150000,-44.487194,-44.674807,-44.588275
241.200000,-44.477732,-44.665412,-44.578825
241.250000,-44.468265,-44.656012,-44.569372
241.300000,-44.458795,-44.646608,-44.559914
241.350000,-44.449320,-44.637200,-44.550453
241.400000,-44.439841,-44.627789,-44.540987
241.450000,-44.430358,-44.618373,-44.531517
241.500000,-44.420871,-44.608953,-44.522044
241.550000,-44.411380,-44.599529,-44.512566
241.600000,-44.401885,-44.590101,-44.503084
241.650000,-44.392385,-44.580669,-44.493598
241.700000,-44.382882,-44.571233,-44.484108
241.750000,-44.373374,-44.561792,-44.474614
241.800000,-44.363862,-44.552348,-44.465115
241.850000,-44.354347,-44.542900,-44.455613
241.900000,-44.344827,-44.533448,-44.446107
241.950000,-44.335303,-44.523992,-44.436597
242.000000,-44.325774,-44.514532,-44.427082
242.050000,-44.316242,-44.505068,-44.417564
242.100000,-44.306706,-44.495599,-44.408041
242.150000,-44.297165,-44.486127,-44.398515
242.200000,-44.287621,-44.476651,-44.388984
242.250000,-44.278072,-44.467171,-44.379450
242.300000,-44.268520,-44.457687,-44.369911
242.350000,-44.258963,-44.448199,-44.360369
242.400000,-44.249402,-44.438706,-44.350822
242.450000,-44.239837,-44.429210,-44.341272
242.500000,-44.230268,-44.419710,-44.331717
242.550000,-44.220695,-44.410206,-44.322158
242.600000,-44.211118,-44.400698,-44.312596
242.650000,-44.201537,-44.391186,-44.303029
242.700000,-44.191952,-44.381670,-44.293458
242.750000,-44.182362,-44.372150,-44.283884
242.800000,-44.172769,-44.362626,-44.274305
242.850000,-44.163172,-44.353098,-44.264722
242.900000,-44.153570,-44.343566,-44.255135
242.950000,-44.143965,-44.334030,-44.245545
243.000000,-44.134355,-44.324490,-44.235950
243.050000,-44.124741,-44.314946,-44.226351
243.100000,-44.115123,-44.305399,-44.216748
243.150000,-44.105501,-44.295847,-44.207141
243.200000,-44.095876,-44.286291,-44.197531
243.250000,-44.086246,-44.276731,-44.187916
243.300000,-44.076611,-44.267168,-44.178297
243.350000,-44.066973,-44.257600,-44.168674
243.400000,-44.057331,-44.248028,-44.159047
243.450000,-44.047685,-44.238453,-44.149417
243.500000,-44.038034,-44.228873,-44.139782
243.550000,-44.028380,-44.219290,-44.130143
243.600000,-44.018722,-44.209702,-44.120500
243.650000,-44.009059,-44.200111,-44.110853
243.700000,-43.999392,-44.190515,-44.101202
243.750000,-43.989722,-44.180916,-44.091547
243.800000,-43.980047,-44.171312,-44.081888
243.850000,-43.970368,-44.161705,-44.072225
243.900000,-43.960685,-44.152094,-44.062558
243.950000,-43.950998,-44.142478,-44.052887
244.000000,-43.941307,-44.132859,-44.043212
244.050000,-43.931611,-44.123236,-44.033533
244.100000,-43.921912,-44.113608,-44.023850
244.150000,-43.912208,-44.103977,-44.014162
244.200000,-43.902501,-44.094342,-44.004471
244.250000,-43.892789,-44.084702,-43.994776
244.300000,-43.883073,-44.075059,-43.985076
244.350000,-43.873353,-44.065411,-43.975373
244.400000,-43.863629,-44.055760,-43.965665
244.450000,-43.853901,-44.046105,-43.955954
244.500000,-43.844168,-44.036445,-43.946238
244.550000,-43.834431,-44.026782,-43.936518
244.600000,-43.824691,-44.017114,-43.926794
244.650000,-43.814946,-44.007442,-43.917066
244.700000,-43.805197,-43.997767,-43.907334
244.750000,-43.795443,-43.988087,-43.897598
244.800000,-43.785686,-43.978403,-43.887857
244.850000,-43.775924,-43.968715,-43.878113
244.900000,-43.766158,-43.959023,-43.868364
244.950000,-43.756388,-43.949327,-43.858611
245.000000,-43.746613,-43.939627,-43.848854
245.050000,-43.736835,-43.929922,-43.839093
245.100000,-43.727052,-43.920214,-43.829327
245.150000,-43.717265,-43.910501,-43.819558
245.200000,-43.707473,-43.900785,-43.809784
245.250000,-43.697677,-43.891064,-43.800006
245.300000,-43.687877,-43.881339,-43.790224
245.350000,-43.678073,-43.871609,-43.780437
245.400000,-43.668265,-43.861876,-43.770646
245.450000,-43.658452,-43.852139,-43.760851
245.500000,-43.648635,-43.842397,-43.751052
245.550000,-43.638813,-43.832651,-43.741249
245.600000,-43.628987,-43.822901,-43.731441
245.650000,-43.619157,-43.813147,-43.721630
245.700000,-43.609323,-43.803388,-43.711813
245.750000,-43.599484,-43.793626,-43.701993
245.800000,-43.589641,-43.783859,-43.692168
245.850000,-43.579794,-43.774088,-43.682340
245.900000,-43.569942,-43.764313,-43.672506
245.950000,-43.560086,-43.754533,-43.662669
246.000000,-43.550226,-43.744750,-43.652827
246.050000,-43.540361,-43.734962,-43.642981
246.100000,-43.530492,-43.725170,-43.633131
246.150000,-43.520618,-43.715374,-43.623276
246.200000,-43.510740,-43.705573,-43.613418
246.250000,-43.500858,-43.695768,-43.603554
246.300000,-43.490971,-43.685959,-43.593687
246.350000,-43.481080,-43.676146,-43.583815
246.400000,-43.471185,-43.666328,-43.573939
246.450000,-43.461285,-43.656506,-43.564058
246.500000,-43.451380,-43.646680,-43.554173
246.550000,-43.441472,-43.636850,-43.544284
246.600000,-43.431558,-43.627015,-43.534391
246.650000,-43.421641,-43.617176,-43.524493
246.700000,-43.411719,-43.607333,-43.514590
246.750000,-43.401792,-43.597485,-43.504684
246.800000,-43.391861,-43.587633,-43.494773
246.850000,-43.381926,-43.577777,-43.484857
246.900000,-43.371985,-43.567916,-43.474937
246.950000,-43.362041,-43.558051,-43.465013
247.000000,-43.352092,-43.548182,-43.455084
247.050000,-43.342138,-43.538308,-43.445151
247.100000,-43.332180,-43.528430,-43.435213
247.150000,-43.322218,-43.518548,-43.425271
247.200000,-43.312250,-43.508661,-43.415324
247.250000,-43.302279,-43.498770,-43.405373
247.300000,-43.292302,-43.488874,-43.395418
247.350000,-43.282322,-43.478974,-43.385458
247.400000,-43.272336,-43.469069,-43.375493
247.450000,-43.262346,-43.459160,-43.365524
247.500000,-43.252351,-43.449247,-43.355550
247.550000,-43.242352,-43.439329,-43.345572
247.600000,-43.232348,-43.429407,-43.335589
247.650000,-43.222340,-43.419480,-43.325602
247.700000,-43.212326,-43.409549,-43.315610
247.750000,-43.202308,-43.399613,-43.305614
247.800000,-43.192286,-43.389673,-43.295613
247.850000,-43.182259,-43.379728,-43.285607
247.900000,-43.172227,-43.369778,-43.275597
247.950000,-43.162190,-43.359824,-43.265582
248.000000,-43.152149,-43.349866,-43.255563
248.050000,-43.142103,-43.339903,-43.245539
248.100000,-43.132052,-43.329935,-43.235510
248.150000,-43.121996,-43.319963,-43.225477
248.200000,-43.111936,-43.309987,-43.215439
248.250000,-43.101871,-43.300005,-43.205396
248.300000,-43.091801,-43.290019,-43.195348
248.350000,-43.081726,-43.280029,-43.185296
248.400000,-43.071646,-43.270033,-43.175239
248.450000,-43.061562,-43.260034,-43.165177
248.500000,-43.051473,-43.250029,-43.155111
248.550000,-43.041378,-43.240020,-43.145040
248.600000,-43.031279,-43.230006,-43.134964
248.650000,-43.021176,-43.219987,-43.124883
248.700000,-43.011067,-43.209964,-43.114797
248.750000,-43.000953,-43.199936,-43.104707
248.800000,-42.990834,-43.189903,-43.094611
248.850000,-42.980711,-43.179865,-43.084511
248.900000,-42.970582,-43.169823,-43.074406
248.950000,-42.960449,-43.159776,-43.064296
249.000000,-42.950310,-43.149724,-43.054182
249.050000,-42.940167,-43.139667,-43.044062
249.100000,-42.930018,-43.129606,-43.033937
249.150000,-42.919864,-43.119539,-43.023808
249.200000,-42.909706,-43.109468,-43.013673
249.250000,-42.899542,-43.099392,-43.003534
249.300000,-42.889373,-43.089311,-42.993389
249.350000,-42.879199,-43.079225,-42.983240
249.400000,-42.869020,-43.069134,-42.973085
249.450000,-42.858836,-43.059038,-42.962925
249.500000,-42.848647,-43.048937,-42.952761
249.550000,-42.838452,-43.038831,-42.942591
249.600000,-42.828252,-43.028721,-42.932416
249.650000,-42.818047,-43.018605,-42.922236
249.700000,-42.807837,-43.008484,-42.912051
249.750000,-42.797621,-42.998358,-42.901860
249.800000,-42.787400,-42.988227,-42.891665
249.850000,-42.777174,-42.978091,-42.881464
249.900000,-42.766943,-42.967950,-42.871258
249.950000,-42.756706,-42.957803,-42.861047
250.000000,-42.746464,-42.947652,-42.850830
250.050000,-42.736216,-42.937495,-42.840608
250.100000,-42.725963,-42.927333,-42.830381
250.150000,-42.715704,-42.917166,-42.820148
250.200000,-42.705441,-42.906994,-42.809911
250.250000,-42.695171,-42.896816,-42.799667
250.300000,-42.684896,-42.886634,-42.789419
250.350000,-42.674616,-42.876445,-42.779165
250.400000,-42.664330,-42.866252,-42.768905
250.450000,-42.654038,-42.856053,-42.758640
250.500000,-42.643741,-42.845849,-42.748370
250.550000,-42.633438,-42.835640,-42.738094
250.600000,-42.623130,-42.825425,-42.727812
250.650000,-42.612816,-42.815205,-42.717525
250.700000,-42.602496,-42.804979,-42.707233
250.750000,-42.592171,-42.794748,-42.696935
250.800000,-42.581840,-42.784511,-42.686631
250.850000,-42.571503,-42.774269,-42.676322
250.900000,-42.561161,-42.764022,-42.666007
250.950000,-42.550813,-42.753769,-42.655687
251.000000,-42.540459,-42.743511,-42.645361
251.050000,-42.530100,-42.733247,-42.635029
251.100000,-42.519734,-42.722977,-42.624692
251.150000,-42.509363,-42.712702,-42.614349
251.200000,-42.498986,-42.702421,-42.604000
251.250000,-42.488603,-42.692135,-42.593645
251.300000,-42.478214,-42.681843,-42.583285
251.350000,-42.467820,-42.671546,-42.572919
251.400000,-42.457419,-42.661242,-42.562547
251.450000,-42.447012,-42.650934,-42.552170
251.500000,-42.436600,-42.640619,-42.541786
251.550000,-42.426181,-42.630299,-42.531397
251.600000,-42.415757,-42.619973,-42.521002
251.650000,-42.405327,-42.609641,-42.510600
251.700000,-42.394890,-42.599303,-42.500193
251.750000,-42.384447,-42.588960,-42.489780
251.800000,-42.373999,-42.578611,-42.479361
251.850000,-42.363544,-42.568256,-42.468937
251.900000,-42.353083,-42.557895,-42.458506
251.950000,-42.342616,-42.547528,-42.448069
252.000000,-42.332143,-42.537156,-42.437626
252.050000,-42.321664,-42.526777,-42.427177
252.100000,-42.311178,-42.516393,-42.416721
252.150000,-42.300686,-42.506002,-42.406260
252.200000,-42.290188,-42.495606,-42.395793
252.250000,-42.279684,-42.485203,-42.385319
252.300000,-42.269173,-42.474795,-42.374839
252.350000,-42.258656,-42.464380,-42.364353
252.400000,-42.248132,-42.453960,-42.353861
252.450000,-42.237603,-42.443533,-42.343363
252.500000,-42.227066,-42.433100,-42.332858
252.550000,-42.216524,-42.422661,-42.322347
252.600000,-42.205975,-42.412216,-42.311830
252.650000,-42.195419,-42.401765,-42.301306
252.700000,-42.184857,-42.391307,-42.290776
252.750000,-42.174288,-42.380844,-42.280240
252.800000,-42.163713,-42.370374,-42.269697
252.850000,-42.153131,-42.359897,-42.259148
252.900000,-42.142543,-42.349415,-42.248592
252.950000,-42.131948,-42.338926,-42.238029
253.000000,-42.121346,-42.328431,-42.227461
253.050000,-42.110738,-42.317929,-42.216885
253.100000,-42.100123,-42.307421,-42.206303
253.150000,-42.089501,-42.296907,-42.195715
253.200000,-42.078873,-42.286386,-42.185120
253.250000,-42.068237,-42.275858,-42.174518
253.300000,-42.057595,-42.265324,-42.163910
253.350000,-42.046946,-42.254784,-42.153294
253.400000,-42.036290,-42.244237,-42.142673
253.450000,-42.025628,-42.233683,-42.132044
253.500000,-42.014958,-42.223123,-42.121408
253.550000,-42.004281,-42.212556,-42.110766
253.600000,-41.993598,-42.201983,-42.100117
253.650000,-41.982907,-42.191403,-42.089461
253.700000,-41.972209,-42.180816,-42.078798
253.750000,-41.961504,-42.170222,-42.068129
253.800000,-41.950792,-42.159622,-42.057452
253.850000,-41.940073,-42.149015,-42.046768
253.900000,-41.929347,-42.138401,-42.036077
253.950000,-41.918614,-42.127780,-42.025380
254.000000,-41.907873,-42.117152,-42.014675
254.050000,-41.897125,-42.106518,-42.003963
254.100000,-41.886370,-42.095876,-41.993244
254.150000,-41.875607,-42.085228,-41.982517
254.200000,-41.864838,-42.074572,-41.971784
254.250000,-41.854060,-42.063909,-41.961043
254.300000,-41.843276,-42.053240,-41.950295
254.350000,-41.832483,-42.042563,-41.939540
254.400000,-41.821684,-42.031879,-41.928777
254.450000,-41.810876,-42.021188,-41.918007
254.500000,-41.800062,-42.010490,-41.907230
254.550000,-41.789239,-41.999784,-41.896445
254.600000,-41.778409,-41.989071,-41.885652
254.650000,-41.767571,-41.978351,-41.874852
254.700000,-41.756726,-41.967624,-41.864045
254.750000,-41.745872,-41.956889,-41.853230
254.800000,-41.735011,-41.946146,-41.842407
254.850000,-41.724142,-41.935397,-41.831576
254.900000,-41.713265,-41.924639,-41.820738
254.950000,-41.702381,-41.913875,-41.809892
255.000000,-41.691488,-41.903102,-41.799038
255.050000,-41.680587,-41.892322,-41.788177
255.100000,-41.669679,-41.881535,-41.777307
255.150000,-41.658762,-41.870740,-41.766430
255.200000,-41.647837,-41.859937,-41.755545
255.250000,-41.636904,-41.849126,-41.744652
255.300000,-41.625963,-41.838308,-41.733750
255.350000,-41.615013,-41.827481,-41.722841
255.400000,-41.604056,-41.816647,-41.711924
255.450000,-41.593090,-41.805806,-41.700999
255.500000,-41.582116,-41.794956,-41.690065
255.550000,-41.571133,-41.784098,-41.679124
255.600000,-41.560142,-41.773233,-41.668174
255.650000,-41.549143,-41.762359,-41.657216
255.700000,-41.538136,-41.751477,-41.646249
255.750000,-41.527119,-41.740588,-41.635275
255.800000,-41.516095,-41.729690,-41.624292
255.850000,-41.505061,-41.718784,-41.613301
255.900000,-41.494019,-41.707870,-41.602301
255.950000,-41.482969,-41.696948,-41.591293
256.000000,-41.471910,-41.686017,-41.580276
256.050000,-41.460842,-41.675078,-41.569251
256.100000,-41.449765,-41.664131,-41.558217
256.150000,-41.438680,-41.653176,-41.547175
256.200000,-41.427585,-41.642212,-41.536124
256.250000,-41.416482,-41.631240,-41.525064
256.300000,-41.405370,-41.620259,-41.513996
256.350000,-41.394249,-41.609270,-41.502919
256.400000,-41.383119,-41.598273,-41.491833
256.450000,-41.371980,-41.587266,-41.480738
256.500000,-41.360832,-41.576252,-41.469635
256.550000,-41.349675,-41.565228,-41.458522
256.600000,-41.338509,-41.554196,-41.447401
256.650000,-41.327333,-41.543155,-41.436270
256.700000,-41.316149,-41.532106,-41.425131
256.750000,-41.304955,-41.521047,-41.413982
256.800000,-41.293751,-41.509980,-41.402825
256.850000,-41.282538,-41.498904,-41.391658
256.900000,-41.271316,-41.487819,-41.380482
256.950000,-41.260085,-41.476725,-41.369297
257.000000,-41.248844,-41.465622,-41.358102
257.050000,-41.237593,-41.454510,-41.346898
257.100000,-41.226333,-41.443389,-41.335685
257.150000,-41.215063,-41.432258,-41.324463
257.200000,-41.203784,-41.421119,-41.313231
257.250000,-41.192494,-41.409970,-41.301989
257.300000,-41.181195,-41.398813,-41.290738
257.350000,-41.169887,-41.387645,-41.279477
257.400000,-41.158568,-41.376469,-41.268207
257.450000,-41.147239,-41.365283,-41.256927
257.500000,-41.135901,-41.354088,-41.245637
257.550000,-41.124552,-41.342883,-41.234338
257.600000,-41.113194,-41.331669,-41.223028
257.650000,-41.101825,-41.320445,-41.211709
257.700000,-41.090446,-41.309212,-41.200380
257.750000,-41.079057,-41.297969,-41.189041
257.800000,-41.067658,-41.286716,-41.177692
257.850000,-41.056249,-41.275453,-41.166333
257.900000,-41.044829,-41.264181,-41.154963
257.950000,-41.033399,-41.252899,-41.143584
258.000000,-41.021958,-41.241607,-41.132194
258.050000,-41.010507,-41.230305,-41.120795
258.100000,-40.999045,-41.218993,-41.109384
258.150000,-40.987573,-41.207672,-41.097964
258.200000,-40.976090,-41.196340,-41.086533
258.250000,-40.964596,-41.184998,-41.075092
258.300000,-40.953092,-41.173645,-41.063640
258.350000,-40.941577,-41.162283,-41.052177
258.400000,-40.930050,-41.150910,-41.040704
258.450000,-40.918513,-41.139527,-41.029221
258.500000,-40.906965,-41.128134,-41.017726
258.550000,-40.895406,-41.116730,-41.006221
258.600000,-40.883836,-41.105315,-40.994705
258.650000,-40.872255,-41.093891,-40.983178
258.700000,-40.860663,-41.082455,-40.971640
258.750000,-40.849059,-41.071009,-40.960091
258.800000,-40.837444,-41.059552,-40.948531
258.850000,-40.825817,-41.048085,-40.936960
258.900000,-40.814179,-41.036606,-40.925378
258.950000,-40.802530,-41.025117,-40.913784
259.000000,-40.790869,-41.013617,-40.902179
259.050000,-40.779196,-41.002106,-40.890563
259.100000,-40.767512,-40.990584,-40.878935
259.150000,-40.755816,-40.979050,-40.867296
259.200000,-40.744108,-40.967506,-40.855645
259.250000,-40.732388,-40.955950,-40.843983
259.300000,-40.720656,-40.944383,-40.832309
259.350000,-40.708912,-40.932804,-40.820623
259.400000,-40.697156,-40.921215,-40.808925
259.450000,-40.685388,-40.909613,-40.797215
259.500000,-40.673608,-40.898000,-40.785494
259.550000,-40.661815,-40.886376,-40.773760
259.600000,-40.650010,-40.874740,-40.762014
259.650000,-40.638192,-40.863092,-40.750257
259.700000,-40.626362,-40.851432,-40.738487
259.750000,-40.614520,-40.839761,-40.726704
259.800000,-40.602664,-40.828077,-40.714910
259.850000,-40.590797,-40.816382,-40.703103
259.900000,-40.578916,-40.804675,-40.691283
259.950000,-40.567023,-40.792955,-40.679451
260.000000,-40.555116,-40.781223,-40.667607
260.050000,-40.543197,-40.769480,-40.655750
260.100000,-40.531265,-40.757724,-40.643880
260.150000,-40.519319,-40.745955,-40.631997
260.200000,-40.507361,-40.734174,-40.620101
260.250000,-40.495389,-40.722381,-40.608193
260.300000,-40.483404,-40.710575,-40.596272
260.350000,-40.471406,-40.698757,-40.584337
260.400000,-40.459394,-40.686926,-40.572390
260.450000,-40.447369,-40.675082,-40.560429
260.500000,-40.435330,-40.663225,-40.548455
260.550000,-40.423277,-40.651356,-40.536468
260.600000,-40.411211,-40.639474,-40.524467
260.650000,-40.399131,-40.627578,-40.512453
260.700000,-40.387037,-40.615670,-40.500425
260.750000,-40.374929,-40.603748,-40.488384
260.800000,-40.362807,-40.591814,-40.476329
260.850000,-40.350672,-40.579866,-40.464260
260.900000,-40.338521,-40.567904,-40.452178
260.950000,-40.326357,-40.555930,-40.440081
261.000000,-40.314178,-40.543941,-40.427971
261.050000,-40.301985,-40.531940,-40.415846
261.100000,-40.289778,-40.519924,-40.403708
261.150000,-40.277556,-40.507895,-40.391555
261.200000,-40.265319,-40.495852,-40.379388
261.250000,-40.253067,-40.483795,-40.367206
261.300000,-40.240801,-40.471725,-40.355010
261.350000,-40.228520,-40.459640,-40.342800
261.400000,-40.216224,-40.447541,-40.330575
261.450000,-40.203912,-40.435428,-40.318335
261.500000,-40.191586,-40.423301,-40.306081
261.550000,-40.179245,-40.411160,-40.293811
261.600000,-40.166888,-40.399004,-40.281527
261.650000,-40.154515,-40.386834,-40.269228
261.700000,-40.142128,-40.374649,-40.256913
261.750000,-40.129724,-40.362449,-40.244583
261.800000,-40.117305,-40.350235,-40.232239
261.850000,-40.104870,-40.338006,-40.219878
261.900000,-40.092420,-40.325762,-40.207502
261.950000,-40.079953,-40.313503,-40.195111
262.000000,-40.067471,-40.301229,-40.182704
262.050000,-40.054972,-40.288940,-40.170282
262.100000,-40.042457,-40.276636,-40.157843
262.150000,-40.029926,-40.264316,-40.145389
262.200000,-40.017378,-40.251981,-40.132918
262.250000,-40.004814,-40.239630,-40.120432
262.300000,-39.992233,-40.227264,-40.107929
262.350000,-39.979636,-40.214882,-40.095410
262.400000,-39.967022,-40.202484,-40.082875
262.450000,-39.954391,-40.190071,-40.070323
262.500000,-39.941742,-40.177642,-40.057755
262.550000,-39.929077,-40.165196,-40.045170
262.600000,-39.916395,-40.152734,-40.032568
262.650000,-39.903695,-40.140256,-40.019949
262.700000,-39.890978,-40.127762,-40.007313
262.750000,-39.878243,-40.115251,-39.994660
262.800000,-39.865490,-40.102724,-39.981990
262.850000,-39.852720,-40.090180,-39.969303
262.900000,-39.839932,-40.077620,-39.956598
262.950000,-39.827126,-40.065042,-39.943876
263.000000,-39.814302,-40.052448,-39.931136
263.050000,-39.801460,-40.039836,-39.918378
263.100000,-39.788599,-40.027207,-39.905602
263.150000,-39.775720,-40.014561,-39.892809
263.200000,-39.762823,-40.001898,-39.879997
263.250000,-39.749906,-39.989217,-39.867167
263.300000,-39.736971,-39.976519,-39.854319
263.350000,-39.724017,-39.963802,-39.841452
263.400000,-39.711044,-39.951068,-39.828567
263.450000,-39.698052,-39.938316,-39.815663
263.500000,-39.685040,-39.925546,-39.802740
263.550000,-39.672009,-39.912757,-39.789798
263.600000,-39.658959,-39.899951,-39.776838
263.650000,-39.645888,-39.887125,-39.763858
263.700000,-39.632798,-39.874282,-39.750858
263.750000,-39.619688,-39.861419,-39.737839
263.800000,-39.606558,-39.848538,-39.724801
263.850000,-39.593408,-39.835638,-39.711743
263.900000,-39.580238,-39.822719,-39.698665
263.950000,-39.567047,-39.809781,-39.685567
264.000000,-39.553835,-39.796823,-39.672450
264.050000,-39.540603,-39.783846,-39.659312
264.100000,-39.527349,-39.770850,-39.646153
264.150000,-39.514075,-39.757834,-39.632975
264.200000,-39.500780,-39.744798,-39.619775
264.250000,-39.487464,-39.731742,-39.606555
264.300000,-39.474126,-39.718667,-39.593314
264.350000,-39.460766,-39.705571,-39.580053
264.400000,-39.447385,-39.692455,-39.566770
264.450000,-39.433982,-39.679318,-39.553465
264.500000,-39.420557,-39.666161,-39.540140
264.550000,-39.407110,-39.652984,-39.526793
264.600000,-39.393641,-39.639785,-39.513424
264.650000,-39.380150,-39.626566,-39.500033
264.700000,-39.366635,-39.613325,-39.486621
264.750000,-39.353099,-39.600063,-39.473186
264.800000,-39.339539,-39.586780,-39.459729
264.850000,-39.325956,-39.573476,-39.446250
264.900000,-39.312350,-39.560149,-39.432748
264.950000,-39.298721,-39.546801,-39.419223
265.000000,-39.285068,-39.533431,-39.405676
265.050000,-39.271392,-39.520039,-39.392105
265.100000,-39.257692,-39.506625,-39.378511
265.150000,-39.243968,-39.493188,-39.364894
265.200000,-39.230220,-39.479729,-39.351254
265.250000,-39.216447,-39.466247,-39.337589
265.300000,-39.202650,-39.452742,-39.323901
265.350000,-39.188828,-39.439215,-39.310189
265.400000,-39.174982,-39.425664,-39.296453
265.450000,-39.161110,-39.412089,-39.282693
265.500000,-39.147214,-39.398492,-39.268908
265.550000,-39.133292,-39.384870,-39.255098
265.600000,-39.119344,-39.371225,-39.241263
265.650000,-39.105371,-39.357556,-39.227404
265.700000,-39.091372,-39.343862,-39.213519
265.750000,-39.077347,-39.330145,-39.199609
265.800000,-39.063295,-39.316402,-39.185673
265.850000,-39.049217,-39.302636,-39.171711
265.900000,-39.035113,-39.288844,-39.157724
265.950000,-39.020982,-39.275027,-39.143710
266.000000,-39.006823,-39.261185,-39.129670
266.050000,-38.992637,-39.247318,-39.115604
266.100000,-38.978424,-39.233425,-39.101511
266.150000,-38.964183,-39.219506,-39.087391
266.200000,-38.949915,-39.205561,-39.073244
266.250000,-38.935618,-39.191590,-39.059069
266.300000,-38.921293,-39.177593,-39.044867
266.350000,-38.906939,-39.163569,-39.030637
266.400000,-38.892557,-39.149519,-39.016379
266.450000,-38.878146,-39.135441,-39.002094
266.500000,-38.863705,-39.121337,-38.987779
266.550000,-38.849236,-39.107205,-38.973436
266.600000,-38.834736,-39.093045,-38.959065
266.650000,-38.820207,-39.078857,-38.944664
266.700000,-38.805647,-39.064642,-38.930234
266.750000,-38.791057,-39.050398,-38.915774
266.800000,-38.776437,-39.036126,-38.901284
266.850000,-38.761786,-39.021825,-38.886765
266.900000,-38.747103,-39.007495,-38.872215
266.950000,-38.732390,-38.993136,-38.857635
267.000000,-38.717644,-38.978747,-38.843024
267.050000,-38.702867,-38.964329,-38.828381
267.100000,-38.688057,-38.949881,-38.813708
267.150000,-38.673215,-38.935402,-38.799003
267.200000,-38.658341,-38.920894,-38.784266
267.250000,-38.643433,-38.906354,-38.769497
267.300000,-38.628492,-38.891784,-38.754696
267.350000,-38.613518,-38.877183,-38.739862
267.400000,-38.598510,-38.862550,-38.724996
267.450000,-38.583468,-38.847885,-38.710096
267.500000,-38.568391,-38.833189,-38.695162
267.550000,-38.553280,-38.818460,-38.680195
267.600000,-38.538134,-38.803699,-38.665194
267.650000,-38.522952,-38.788905,-38.650159
267.700000,-38.507735,-38.774078,-38.635089
267.750000,-38.492482,-38.759218,-38.619985
267.800000,-38.477193,-38.744324,-38.604845
267.850000,-38.461868,-38.729396,-38.589669
267.900000,-38.446506,-38.714434,-38.574458
267.950000,-38.431106,-38.699438,-38.559211
268.000000,-38.415670,-38.684407,-38.543928
268.050000,-38.400195,-38.669341,-38.528607
268.100000,-38.384683,-38.654239,-38.513250
268.150000,-38.369132,-38.639102,-38.497856
268.200000,-38.353542,-38.623929,-38.482423
268.250000,-38.337913,-38.608720,-38.466953
268.300000,-38.322245,-38.593474,-38.451444
268.350000,-38.306536,-38.578191,-38.435897
268.400000,-38.290788,-38.562871,-38.420310
268.450000,-38.274999,-38.547513,-38.404685
268.500000,-38.259169,-38.532117,-38.389019
268.550000,-38.243298,-38.516683,-38.373313
268.600000,-38.227385,-38.501210,-38.357567
268.650000,-38.211431,-38.485699,-38.341780
268.700000,-38.195433,-38.470148,-38.325952
268.750000,-38.179393,-38.454557,-38.310082
268.800000,-38.163310,-38.438926,-38.294170
268.850000,-38.147183,-38.423255,-38.278215
268.900000,-38.131012,-38.407542,-38.262218
268.950000,-38.114796,-38.391789,-38.246177
269.000000,-38.098535,-38.375994,-38.230093
269.050000,-38.082229,-38.360157,-38.213965
269.100000,-38.065878,-38.344277,-38.197792
269.150000,-38.049480,-38.328355,-38.181574
269.200000,-38.033035,-38.312389,-38.165311
269.250000,-38.016543,-38.296380,-38.149002
269.300000,-38.000003,-38.280326,-38.132647
269.350000,-37.983416,-38.264228,-38.116245
269.400000,-37.966779,-38.248085,-38.099796
269.450000,-37.950094,-38.231897,-38.083299
269.500000,-37.933359,-38.215663,-38.066754
269.550000,-37.916574,-38.199382,-38.050160
269.600000,-37.899738,-38.183054,-38.033517
269.650000,-37.882851,-38.166679,-38.016824
269.700000,-37.865912,-38.150257,-38.000082
269.750000,-37.848921,-38.133785,-37.983288
269.800000,-37.831877,-38.117266,-37.966443
269.850000,-37.814780,-38.100696,-37.949546
269.900000,-37.797629,-38.084077,-37.932597
269.950000,-37.780424,-38.067408,-37.915595
270.000000,-37.763163,-38.050687,-37.898540
270.050000,-37.745846,-38.033915,-37.881430
270.100000,-37.728474,-38.017091,-37.864265
270.150000,-37.711044,-38.000214,-37.847046
270.200000,-37.693556,-37.983284,-37.829770
270.250000,-37.676010,-37.966300,-37.812437
270.300000,-37.658406,-37.949262,-37.795048
270.350000,-37.640741,-37.932168,-37.777600
270.400000,-37.623016,-37.915019,-37.760094
270.450000,-37.605231,-37.897814,-37.742529
270.500000,-37.587383,-37.880551,-37.724903
270.550000,-37.569473,-37.863231,-37.707217
270.600000,-37.551500,-37.845853,-37.689470
270.650000,-37.533463,-37.828415,-37.671661
270.700000,-37.515361,-37.810918,-37.653789
270.750000,-37.497194,-37.793360,-37.635853
270.800000,-37.478961,-37.775742,-37.617853
270.850000,-37.460660,-37.758061,-37.599788
270.900000,-37.442292,-37.740318,-37.581657
270.950000,-37.423855,-37.722511,-37.563460
271.000000,-37.405348,-37.704640,-37.545195
271.050000,-37.386771,-37.686705,-37.526861
271.100000,-37.368123,-37.668703,-37.508459
271.150000,-37.349402,-37.650635,-37.489986
271.200000,-37.330608,-37.632500,-37.471442
271.250000,-37.311740,-37.614296,-37.452827
271.300000,-37.292798,-37.596023,-37.434138
271.350000,-37.273779,-37.577681,-37.415376
271.400000,-37.254683,-37.559267,-37.396540
271.450000,-37.235509,-37.540781,-37.377627
271.500000,-37.216256,-37.522223,-37.358638
271.550000,-37.196923,-37.503590,-37.339571
271.600000,-37.177509,-37.484883,-37.320426
271.650000,-37.158013,-37.466101,-37.301200
271.700000,-37.138433,-37.447241,-37.281894
271.750000,-37.118768,-37.428304,-37.262506
271.800000,-37.099018,-37.409287,-37.243035
271.850000,-37.079181,-37.390191,-37.223479
271.900000,-37.059256,-37.371013,-37.203838
271.950000,-37.039241,-37.351754,-37.184110
272.000000,-37.019136,-37.332411,-37.164294
272.050000,-36.998939,-37.312983,-37.144389
272.100000,-36.978648,-37.293469,-37.124394
272.150000,-36.958263,-37.273868,-37.104306
272.200000,-36.937781,-37.254179,-37.084126
272.250000,-36.917202,-37.234401,-37.063851
272.300000,-36.896524,-37.214531,-37.043480
272.350000,-36.875746,-37.194569,-37.023011
272.400000,-36.854865,-37.174513,-37.002444
272.450000,-36.833881,-37.154361,-36.981776
272.500000,-36.812791,-37.134113,-36.961006
272.550000,-36.791595,-37.113767,-36.940132
272.600000,-36.770290,-37.093321,-36.919153
272.650000,-36.748874,-37.072774,-36.898067
272.700000,-36.727347,-37.052124,-36.876873
272.750000,-36.705705,-37.031369,-36.855567
272.800000,-36.683948,-37.010507,-36.834150
272.850000,-36.662073,-36.989538,-36.812618
272.900000,-36.640078,-36.968458,-36.790971
272.950000,-36.617961,-36.947267,-36.769205
273.000000,-36.595720,-36.925962,-36.747319
273.050000,-36.573353,-36.904542,-36.725311
273.100000,-36.550858,-36.883003,-36.703179
273.150000,-36.528233,-36.861346,-36.680920
273.200000,-36.505474,-36.839566,-36.658533
273.250000,-36.482581,-36.817662,-36.636015
273.300000,-36.459550,-36.795633,-36.613364
273.350000,-36.436379,-36.773475,-36.590576
273.400000,-36.413065,-36.751186,-36.567651
273.450000,-36.389606,-36.728764,-36.544585
273.500000,-36.365999,-36.706206,-36.521375
273.550000,-36.342241,-36.683510,-36.498020
273.600000,-36.318329,-36.660674,-36.474515
273.650000,-36.294261,-36.637693,-36.450859
273.700000,-36.270033,-36.614567,-36.427048
273.750000,-36.245642,-36.591291,-36.403079
273.800000,-36.221085,-36.567864,-36.378949
273.850000,-36.196358,-36.544281,-36.354655
273.900000,-36.171458,-36.520540,-36.330194
273.950000,-36.146382,-36.496637,-36.305562
274.000000,-36.121126,-36.472570,-36.280755
274.050000,-36.095685,-36.448334,-36.255770
274.100000,-36.070057,-36.423926,-36.230604
274.150000,-36.044237,-36.399343,-36.205251
274.200000,-36.018220,-36.374581,-36.179709
274.250000,-35.992004,-36.349635,-36.153972
274.300000,-35.965582,-36.324503,-36.128038
274.350000,-35.938951,-36.299178,-36.101900
274.400000,-35.912105,-36.273658,-36.075555
274.450000,-35.885040,-36.247938,-36.048998
274.500000,-35.857751,-36.222013,-36.022224
274.550000,-35.830233,-36.195878,-35.995228
274.600000,-35.802479,-36.169529,-35.968004
274.650000,-35.774484,-36.142960,-35.940547
274.700000,-35.746243,-36.116166,-35.912851
274.750000,-35.717749,-36.089141,-35.884911
274.800000,-35.688996,-36.061880,-35.856721
274.850000,-35.659977,-36.034377,-35.828273
274.900000,-35.630686,-36.006625,-35.799562
274.950000,-35.601115,-35.978618,-35.770580
275.000000,-35.571256,-35.950350,-35.741320
275.050000,-35.541104,-35.921813,-35.711776
275.100000,-35.510648,-35.893001,-35.681938
275.150000,-35.479882,-35.863905,-35.651800
275.200000,-35.448796,-35.834519,-35.621353
275.250000,-35.417381,-35.804833,-35.590589
275.300000,-35.385628,-35.774840,-35.559497
275.350000,-35.353528,-35.744531,-35.528070
275.400000,-35.321070,-35.713896,-35.496296
275.450000,-35.288243,-35.682925,-35.464167
275.500000,-35.255037,-35.651610,-35.431670
275.550000,-35.221440,-35.619940,-35.398795
275.600000,-35.187439,-35.587903,-35.365531
275.650000,-35.153022,-35.555488,-35.331865
275.700000,-35.118176,-35.522683,-35.297784
275.750000,-35.082887,-35.489476,-35.263275
275.800000,-35.047140,-35.455854,-35.228324
275.850000,-35.010921,-35.421803,-35.192916
275.900000,-34.974212,-35.387308,-35.157036
275.950000,-34.936998,-35.352355,-35.120667
276.000000,-34.899260,-35.316927,-35.083793
276.050000,-34.860980,-35.281009,-35.046396
276.100000,-34.822139,-35.244582,-35.008457
276.150000,-34.782715,-35.207628,-34.969955
276.200000,-34.742688,-35.170127,-34.930871
276.250000,-34.702034,-35.132060,-34.891183
276.300000,-34.660730,-35.093404,-34.850866
276.350000,-34.618749,-35.054137,-34.809896
276.400000,-34.576065,-35.014234,-34.768249
276.450000,-34.532649,-34.973671,-34.725895
276.500000,-34.488472,-34.932420,-34.682806
276.550000,-34.443501,-34.890453,-34.638952
276.600000,-34.397702,-34.847739,-34.594300
276.650000,-34.351039,-34.804246,-34.548816
276.700000,-34.303475,-34.759941,-34.502462
276.750000,-34.254968,-34.714787,-34.455199
276.800000,-34.205475,-34.668746,-34.406987
276.850000,-34.154951,-34.621776,-34.357780
276.900000,-34.103345,-34.573834,-34.307531
276.950000,-34.050606,-34.524873,-34.256191
277.000000,-33.996676,-34.474843,-34.203705
277.050000,-33.941497,-34.423691,-34.150015
277.100000,-33.885002,-34.371359,-34.095059
277.150000,-33.827123,-34.317786,-34.038770
277.200000,-33.767786,-34.262906,-33.981078
277.250000,-33.706909,-34.206648,-33.921905
277.300000,-33.644406,-34.148935,-33.861169
277.350000,-33.580184,-34.089685,-33.798778
277.400000,-33.514142,-34.028809,-33.734638
277.450000,-33.446169,-33.966209,-33.668642
277.500000,-33.376147,-33.901782,-33.600677
277.550000,-33.303946,-33.835413,-33.530619
277.600000,-33.229426,-33.766978,-33.458333
277.650000,-33.152432,-33.696344,-33.383672
277.700000,-33.072798,-33.623362,-33.306477
277.750000,-32.990338,-33.547872,-33.226570
277.800000,-32.904851,-33.469696,-33.143760
277.850000,-32.816115,-33.388641,-33.057833
277.900000,-32.723883,-33.304493,-32.968556
277.950000,-32.627885,-33.217015,-32.875670
278.000000,-32.527821,-33.125947,-32.778889
278.050000,-32.423355,-33.030997,-32.677894
278.100000,-32.314116,-32.931842,-32.572330
278.150000,-32.199686,-32.828123,-32.461801
278.200000,-32.079598,-32.719434,-32.345862
278.250000,-31.953327,-32.605323,-32.224013
278.300000,-31.820279,-32.485278,-32.095690
278.350000,-31.679780,-32.358720,-31.960254
278.400000,-31.531066,-32.224992,-31.816979
278.450000,-31.373261,-32.083346,-31.665034
278.500000,-31.205362,-31.932924,-31.503470
278.550000,-31.026214,-31.772741,-31.331192
278.600000,-30.834477,-31.601658,-31.146932
278.650000,-30.628595,-31.418353,-30.949219
278.700000,-30.406745,-31.221285,-30.736331
278.750000,-30.166784,-31.008643,-30.506247
278.800000,-29.906180,-30.778294,-30.256575
278.850000,-29.621914,-30.527706,-29.984476
278.900000,-29.310378,-30.253855,-29.686550
278.950000,-28.967220,-29.953110,-29.358708
279.000000,-28.587168,-29.621079,-28.995996
279.050000,-28.163790,-29.252426,-28.592379
279.100000,-27.689196,-28.840620,-28.140462
279.150000,-27.153666,-28.377638,-27.631142
279.200000,-26.545188,-27.853588,-27.053180
279.250000,-25.848920,-27.256266,-26.392697
279.300000,-25.046616,-26.570679,-25.632638
279.350000,-24.116151,-25.778620,-24.752319
279.400000,-23.031482,-24.858547,-23.727357
279.450000,-21.763718,-23.786256,-22.530605
279.500000,-20.284615,-22.537346,-21.135278
279.550000,-18.574500,-21.092984,-19.522103
279.600000,-16.636545,-19.450616,-17.692314
279.650000,-14.516278,-17.639286,-15.685692
279.700000,-12.317485,-15.733753,-13.595888
279.750000,-10.198884,-13.855948,-11.568926
279.800000,-8.343720,-12.155999,-9.776922
279.850000,-6.915074,-10.779090,-8.377345
279.900000,-6.020401,-9.834438,-7.478805
279.950000,-5.699910,-9.379543,-7.127644
280.000000,-5.936650,-9.421695,-7.314861
280.050000,-6.676082,-9.929901,-7.993100
280.100000,-7.844233,-10.848994,-9.093638
280.150000,-9.360015,-12.111202,-10.538736
280.200000,-11.142329,-13.644182,-12.249275
280.250000,-13.114237,-15.376464,-14.149494
280.300000,-15.206204,-17.241541,-16.170541
280.350000,-17.358947,-19.181163,-18.253430
280.400000,-19.525080,-21.147425,-20.350772
280.450000,-21.668466,-23.102942,-22.426341
280.500000,-23.761484,-25.019147,-24.452664
280.550000,-25.781739,-26.873720,-26.407920
280.600000,-27.709717,-28.648353,-28.273599
280.650000,-29.528053,-30.327565,-30.033549
280.700000,-31.222123,-31.898577,-31.674276
280.750000,-32.781235,-33.351860,-33.185880
280.800000,-34.199647,-34.681772,-34.562934
280.850000,-35.476861,-35.886846,-35.804785
280.900000,-36.617092,-36.969518,-36.915135
280.950000,-37.628138,-37.935387,-37.901069
281.000000,-38.520043,-38.792231,-38.771867
281.050000,-39.303869,-39.549044,-39.537879
281.100000,-39.990782,-40.215228,-40.209652
281.150000,-40.591446,-40.800027,-40.797352
281.200000,-41.115704,-41.312175,-41.310424
281.250000,-41.572445,-41.759709,-41.757446
281.300000,-41.969593,-42.149905,-42.146103
281.350000,-42.314158,-42.489279,-42.483212
281.400000,-42.612318,-42.783631,-42.774802
281.450000,-42.869506,-43.038103,-43.026182
281.500000,-43.090503,-43.257245,-43.242033
281.550000,-43.279511,-43.445082,-43.426473
281.600000,-43.440235,-43.605175,-43.583137
281.650000,-43.575938,-43.740674,-43.715226
281.700000,-43.689500,-43.854366,-43.825568
281.750000,-43.783467,-43.948724,-43.916665
281.800000,-43.860088,-44.025939,-43.990727
281.850000,-43.921358,-44.087954,-44.049713
281.900000,-43.969040,-44.136498,-44.095358
281.950000,-44.004703,-44.173104,-44.129202
282.000000,-44.029736,-44.199137,-44.152611
282.050000,-44.045374,-44.215813,-44.166800
282.100000,-44.052714,-44.224212,-44.172847
282.150000,-44.052732,-44.225297,-44.171712
282.200000,-44.046296,-44.219927,-44.164248
282.250000,-44.034179,-44.208867,-44.151214
282.300000,-44.017069,-44.192798,-44.133288
282.350000,-43.995577,-44.172329,-44.111070
282.400000,-43.970249,-44.148001,-44.085096
282.450000,-43.941571,-44.120299,-44.055845
282.500000,-43.909975,-44.089654,-44.023741
282.550000,-43.875846,-44.056451,-43.989163
282.600000,-43.839528,-44.021032,-43.952447
282.650000,-43.801326,-43.983703,-43.913895
282.700000,-43.761511,-43.944737,-43.873772
282.750000,-43.720325,-43.904376,-43.832317
282.800000,-43.677983,-43.862836,-43.789740
282.850000,-43.634676,-43.820309,-43.746229
282.900000,-43.590574,-43.776967,-43.701950
282.950000,-43.545828,-43.732960,-43.657052
283.000000,-43.500570,-43.688424,-43.611665
283.050000,-43.454918,-43.643478,-43.565905
283.100000,-43.408978,-43.598227,-43.519874
283.150000,-43.362841,-43.552765,-43.473664
283.200000,-43.316589,-43.507175,-43.427352
283.250000,-43.270293,-43.461529,-43.381011
283.300000,-43.224016,-43.415890,-43.334700
283.350000,-43.177812,-43.370316,-43.288474
283.400000,-43.131731,-43.324853,-43.242379
283.450000,-43.085812,-43.279546,-43.196457
283.500000,-43.040093,-43.234431,-43.150743
283.550000,-42.994605,-43.189539,-43.105266
283.600000,-42.949373,-43.144899,-43.060052
283.650000,-42.904422,-43.100533,-43.015125
283.700000,-42.859769,-43.056461,-42.970502
283.750000,-42.815432,-43.012700,-42.926198
283.800000,-42.771422,-42.969263,-42.882227
283.850000,-42.727750,-42.926161,-42.838598
283.900000,-42.684426,-42.883402,-42.795320
283.950000,-42.641455,-42.840995,-42.752399
284.000000,-42.598841,-42.798943,-42.709838
284.050000,-42.556589,-42.757250,-42.667640
284.100000,-42.514699,-42.715918,-42.625808
284.150000,-42.473172,-42.674948,-42.584341
284.200000,-42.432008,-42.634339,-42.543239
284.250000,-42.391204,-42.594090,-42.502500
284.300000,-42.350760,-42.554199,-42.462121
284.350000,-42.310671,-42.514662,-42.422099
284.400000,-42.270934,-42.475478,-42.382431
284.450000,-42.231545,-42.436640,-42.343111
284.500000,-42.192498,-42.398145,-42.304137
284.550000,-42.153790,-42.359988,-42.265501
284.600000,-42.115415,-42.322163,-42.227199
284.650000,-42.077366,-42.284666,-42.189225
284.700000,-42.039639,-42.247489,-42.151573
284.750000,-42.002226,-42.210627,-42.114237
284.800000,-41.965123,-42.174073,-42.077210
284.850000,-41.928321,-42.137822,-42.040487
284.900000,-41.891815,-42.101867,-42.004060
284.950000,-41.855599,-42.066201,-41.967923
285.000000,-41.819665,-42.030818,-41.932070
285.050000,-41.784008,-41.995711,-41.896493
285.100000,-41.748620,-41.960874,-41.861187
285.150000,-41.713495,-41.926300,-41.826145
285.200000,-41.678627,-41.891983,-41.791359
285.250000,-41.644008,-41.857915,-41.756824
285.300000,-41.609633,-41.824091,-41.722533
285.350000,-41.575495,-41.790505,-41.688480
285.400000,-41.541588,-41.757149,-41.654658
285.450000,-41.507905,-41.724018,-41.621062
285.500000,-41.474441,-41.691106,-41.587685
285.550000,-41.441190,-41.658406,-41.554520
285.600000,-41.408145,-41.625913,-41.521563
285.650000,-41.375300,-41.593621,-41.488807
285.700000,-41.342650,-41.561523,-41.456246
285.750000,-41.310189,-41.529615,-41.423875
285.800000,-41.277912,-41.497890,-41.391689
285.850000,-41.245813,-41.466344,-41.359681
285.900000,-41.213887,-41.434970,-41.327847
285.950000,-41.182129,-41.403765,-41.296181
286.000000,-41.150533,-41.372722,-41.264678
286.050000,-41.119094,-41.341836,-41.233333
286.100000,-41.087808,-41.311104,-41.202142
286.150000,-41.056670,-41.280519,-41.171099
286.200000,-41.025675,-41.250077,-41.140200
286.250000,-40.994818,-41.219774,-41.109440
286.300000,-40.964095,-41.189605,-41.078815
286.350000,-40.933501,-41.159566,-41.048320
286.400000,-40.903033,-41.129652,-41.017951
286.450000,-40.872686,-41.099860,-40.987704
286.500000,-40.842456,-41.070185,-40.957574
286.550000,-40.812338,-41.040623,-40.927558
286.600000,-40.782330,-41.011170,-40.897653
286.650000,-40.752426,-40.981822,-40.867853
286.700000,-40.722624,-40.952576,-40.838155
286.750000,-40.692919,-40.923428,-40.808555
286.800000,-40.663309,-40.894375,-40.779051
286.850000,-40.633788,-40.865413,-40.749638
286.900000,-40.604355,-40.836538,-40.720313
286.950000,-40.575006,-40.807747,-40.691073
287.000000,-40.545737,-40.779037,-40.661914
287.050000,-40.516545,-40.750405,-40.632833
287.100000,-40.487427,-40.721847,-40.603827
287.150000,-40.458380,-40.693362,-40.574894
287.200000,-40.429400,-40.664944,-40.546029
287.250000,-40.400486,-40.636593,-40.517230
287.300000,-40.371634,-40.608304,-40.488495
287.350000,-40.342841,-40.580076,-40.459819
287.400000,-40.314104,-40.551904,-40.431202
287.450000,-40.285422,-40.523788,-40.402639
287.500000,-40.256790,-40.495723,-40.374129
287.550000,-40.228206,-40.467708,-40.345668
287.600000,-40.199669,-40.439740,-40.317254
287.650000,-40.171175,-40.411816,-40.288885
287.700000,-40.142721,-40.383935,-40.260558
287.750000,-40.114307,-40.356093,-40.232271
287.800000,-40.085928,-40.328288,-40.204021
287.850000,-40.057583,-40.300519,-40.175806
287.900000,-40.029269,-40.272782,-40.147624
287.950000,-40.000984,-40.245076,-40.119472
288.000000,-39.972726,-40.217398,-40.091349
288.050000,-39.944493,-40.189746,-40.063251
288.100000,-39.916282,-40.162119,-40.035178
288.150000,-39.888092,-40.134514,-40.007126
288.200000,-39.859920,-40.106929,-39.979094
288.250000,-39.831764,-40.079361,-39.951080
288.300000,-39.803622,-40.051810,-39.923081
288.350000,-39.775492,-40.024273,-39.895096
288.400000,-39.747373,-39.996749,-39.867123
288.450000,-39.719262,-39.969234,-39.839160
288.500000,-39.691156,-39.941728,-39.811204
288.550000,-39.663055,-39.914229,-39.783254
288.600000,-39.634957,-39.886734,-39.755308
288.650000,-39.606859,-39.859242,-39.727365
288.700000,-39.578759,-39.831751,-39.699421
288.750000,-39.550657,-39.804260,-39.671477
288.800000,-39.522549,-39.776766,-39.643529
288.850000,-39.494434,-39.749268,-39.615575
288.900000,-39.466311,-39.721765,-39.587615
288.950000,-39.438177,-39.694253,-39.559647
289.000000,-39.410031,-39.666733,-39.531668
289.050000,-39.381871,-39.639201,-39.503676
289.100000,-39.353695,-39.611657,-39.475671
289.150000,-39.325501,-39.584099,-39.447651
289.200000,-39.297289,-39.556525,-39.419613
289.250000,-39.269055,-39.528933,-39.391556
289.300000,-39.240798,-39.501322,-39.363478
289.350000,-39.212517,-39.473690,-39.335378
289.400000,-39.184210,-39.446035,-39.307254
289.450000,-39.155875,-39.418357,-39.279104
289.500000,-39.127511,-39.390653,-39.250927
289.550000,-39.099115,-39.362921,-39.222721
289.600000,-39.070685,-39.335160,-39.194483
289.650000,-39.042221,-39.307369,-39.166213
289.700000,-39.013721,-39.279546,-39.137909
289.750000,-38.985182,-39.251688,-39.109569
289.800000,-38.956603,-39.223795,-39.081191
289.850000,-38.927982,-39.195865,-39.052774
289.900000,-38.899318,-39.167897,-39.024315
289.950000,-38.870608,-39.139887,-38.995814
290.000000,-38.841851,-39.111836,-38.967268
290.050000,-38.813045,-39.083740,-38.938675
290.100000,-38.784188,-39.055599,-38.910034
290.150000,-38.755279,-39.027411,-38.881344
290.200000,-38.726315,-38.999173,-38.852601
290.250000,-38.697294,-38.970885,-38.823805
290.300000,-38.668216,-38.942545,-38.794953
290.350000,-38.639077,-38.914150,-38.766043
290.400000,-38.609876,-38.885699,-38.737075
290.450000,-38.580611,-38.857190,-38.708045
290.500000,-38.551280,-38.828621,-38.678952
290.550000,-38.521881,-38.799991,-38.649795
290.600000,-38.492412,-38.771297,-38.620570
290.650000,-38.462871,-38.742539,-38.591276
290.700000,-38.433255,-38.713712,-38.561911
290.750000,-38.403564,-38.684817,-38.532474
290.800000,-38.373795,-38.655851,-38.502961
290.850000,-38.343945,-38.626812,-38.473371
290.900000,-38.314012,-38.597698,-38.443702
290.950000,-38.283995,-38.568506,-38.413952
291.000000,-38.253890,-38.539236,-38.384118
291.050000,-38.223697,-38.509884,-38.354198
291.100000,-38.193411,-38.480448,-38.324190
291.150000,-38.163032,-38.450928,-38.294092
291.200000,-38.132556,-38.421319,-38.263901
291.250000,-38.101981,-38.391620,-38.233615
291.300000,-38.071305,-38.361829,-38.203232
291.350000,-38.040526,-38.331944,-38.172749
291.400000,-38.009639,-38.301961,-38.142163
291.450000,-37.978644,-38.271879,-38.111472
291.500000,-37.947536,-38.241694,-38.080673
291.550000,-37.916315,-38.211406,-38.049764
291.600000,-37.884975,-38.181010,-38.018742
291.650000,-37.853516,-38.150504,-37.987604
291.700000,-37.821933,-38.119886,-37.956348
291.750000,-37.790224,-38.089153,-37.924969
291.800000,-37.758385,-38.058302,-37.893466
291.850000,-37.726415,-38.027330,-37.861835
291.900000,-37.694308,-37.996233,-37.830074
291.950000,-37.662062,-37.965010,-37.798178
292.000000,-37.629674,-37.933657,-37.766144
292.050000,-37.597140,-37.902171,-37.733970
292.100000,-37.564456,-37.870547,-37.701651
292.150000,-37.531619,-37.838784,-37.669185
292.200000,-37.498625,-37.806878,-37.636567
292.250000,-37.465469,-37.774825,-37.603793
292.300000,-37.432149,-37.742621,-37.570861
292.350000,-37.398661,-37.710263,-37.537765
292.400000,-37.364998,-37.677746,-37.504502
292.450000,-37.331159,-37.645068,-37.471067
292.500000,-37.297137,-37.612223,-37.437457
292.550000,-37.262929,-37.579208,-37.403666
292.600000,-37.228529,-37.546018,-37.369691
292.650000,-37.193934,-37.512649,-37.335526
292.700000,-37.159137,-37.479097,-37.301167
292.750000,-37.124134,-37.445356,-37.266609
292.800000,-37.088919,-37.411423,-37.231846
292.850000,-37.053488,-37.377290,-37.196874
292.900000,-37.017833,-37.342955,-37.161686
292.950000,-36.981951,-37.308411,-37.126277
293.000000,-36.945833,-37.273653,-37.090642
293.050000,-36.909475,-37.238675,-37.054774
293.100000,-36.872869,-37.203471,-37.018667
293.150000,-36.836009,-37.168036,-36.982314
293.200000,-36.798888,-37.132362,-36.945709
293.250000,-36.761500,-37.096444,-36.908845
293.300000,-36.723835,-37.060275,-36.871715
293.350000,-36.685888,-37.023847,-36.834311
293.400000,-36.647649,-36.987153,-36.796625
293.450000,-36.609111,-36.950187,-36.758650
293.500000,-36.570264,-36.912939,-36.720377
293.550000,-36.531100,-36.875403,-36.681797
293.600000,-36.491611,-36.837569,-36.642902
293.650000,-36.451785,-36.799429,-36.603682
293.700000,-36.411613,-36.760973,-36.564128
293.750000,-36.371084,-36.722193,-36.524229
293.800000,-36.330189,-36.683078,-36.483975
293.850000,-36.288914,-36.643619,-36.443355
293.900000,-36.247250,-36.603804,-36.402358
293.950000,-36.205182,-36.563622,-36.360971
294.000000,-36.162699,-36.523063,-36.319183
294.050000,-36.119787,-36.482112,-36.276980
294.100000,-36.076432,-36.440759,-36.234349
294.150000,-36.032619,-36.398990,-36.191276
294.200000,-35.988333,-36.356790,-36.147745
294.250000,-35.943558,-36.314146,-36.103742
294.300000,-35.898278,-36.271042,-36.059250
294.350000,-35.852473,-36.227463,-36.014252
294.400000,-35.806127,-36.183391,-35.968731
294.450000,-35.759219,-36.138810,-35.922667
294.500000,-35.711730,-36.093700,-35.876041
294.550000,-35.663637,-36.048043,-35.828832
294.600000,-35.614918,-36.001818,-35.781019
294.650000,-35.565550,-35.955005,-35.732578
294.700000,-35.515508,-35.907579,-35.683486
294.750000,-35.464764,-35.859519,-35.633717
294.800000,-35.413292,-35.810798,-35.583244
294.850000,-35.361061,-35.761391,-35.532039
294.900000,-35.308041,-35.711269,-35.480072
294.950000,-35.254199,-35.660404,-35.427312
295.000000,-35.199500,-35.608763,-35.373724
295.050000,-35.143907,-35.556314,-35.319274
295.100000,-35.087381,-35.503022,-35.263923
295.150000,-35.029880,-35.448850,-35.207632
295.200000,-34.971360,-35.393757,-35.150357
295.250000,-34.911773,-35.337703,-35.092054
295.300000,-34.851070,-35.280641,-35.032674
295.350000,-34.789197,-35.222525,-34.972165
295.400000,-34.726095,-35.163302,-34.910473
295.450000,-34.661705,-35.102919,-34.847538
295.500000,-34.595959,-35.041317,-34.783297
295.550000,-34.528788,-34.978432,-34.717682
295.600000,-34.460116,-34.914199,-34.650620
295.650000,-34.389860,-34.848544,-34.582034
295.700000,-34.317934,-34.781390,-34.511839
295.750000,-34.244242,-34.712652,-34.439944
295.800000,-34.168682,-34.642241,-34.366250
295.850000,-34.091143,-34.570058,-34.290653
295.900000,-34.011506,-34.495997,-34.213035
295.950000,-33.929639,-34.419944,-34.133273
296.000000,-33.845400,-34.341772,-34.051231
296.050000,-33.758634,-34.261346,-33.966760
296.100000,-33.669173,-34.178516,-33.879698
296.150000,-33.576831,-34.093121,-33.789867
296.200000,-33.481403,-34.004981,-33.697074
296.250000,-33.382667,-33.913902,-33.601103
296.300000,-33.280375,-33.819666,-33.501721
296.350000,-33.174255,-33.722035,-33.398665
296.400000,-33.064004,-33.620747,-33.291647
296.450000,-32.949286,-33.515508,-33.180347
296.500000,-32.829726,-33.405993,-33.064407
296.550000,-32.704907,-33.291839,-32.943430
296.600000,-32.574357,-33.172639,-32.816966
296.650000,-32.437548,-33.047934,-32.684513
296.700000,-32.293883,-32.917211,-32.545504
296.750000,-32.142685,-32.779885,-32.399293
296.800000,-31.983183,-32.635295,-32.245149
296.850000,-31.814495,-32.482683,-32.082236
296.900000,-31.635610,-32.321184,-31.909593
296.950000,-31.445361,-32.149801,-31.726115
297.000000,-31.242396,-31.967382,-31.530521
297.050000,-31.025138,-31.772588,-31.321319
297.100000,-30.791740,-31.563852,-31.096764
297.150000,-30.540028,-31.339336,-30.854800
297.200000,-30.267421,-31.096864,-30.592992
297.250000,-29.970842,-30.833849,-30.308439
297.300000,-29.646595,-30.547194,-29.997660
297.350000,-29.290213,-30.233165,-29.656453
297.400000,-28.896256,-29.887233,-29.279705
297.450000,-28.458062,-29.503863,-28.861160
297.500000,-27.967409,-29.076250,-28.393108
297.550000,-27.414103,-28.595980,-27.865999
297.600000,-26.785450,-28.052601,-27.267950
297.650000,-26.065616,-27.433104,-26.584154
297.700000,-25.234921,-26.721335,-25.796214
297.750000,-24.269182,-25.897425,-24.881520
297.800000,-23.139445,-24.937485,-23.812974
297.850000,-21.812888,-23.814124,-22.559752
297.900000,-20.256391,-22.498919,-21.090491
297.950000,-18.445262,-20.968713,-19.381132
298.000000,-16.379685,-19.217869,-17.429883
298.050000,-14.107836,-17.276314,-15.278536
298.100000,-11.744704,-15.226235,-13.030630
298.150000,-9.467247,-13.203226,-10.848896
298.200000,-7.477389,-11.373073,-8.923226
298.250000,-5.950237,-9.893083,-7.423353
298.300000,-4.995682,-8.877794,-6.461499
298.350000,-4.648946,-8.383633,-6.080452
298.400000,-4.885193,-8.413198,-6.264384
298.450000,-5.642685,-8.929998,-6.959194
298.500000,-6.842348,-9.874132,-8.091012
298.550000,-8.399921,-11.174215,-9.578599
298.600000,-10.232218,-12.755109,-11.340365
298.650000,-12.260416,-14.542836,-13.298342
298.700000,-14.412651,-16.468224,-15.381173
298.750000,-16.626771,-18.470079,-17.526959
298.800000,-18.852492,-20.497588,-19.685412
298.850000,-21.051494,-22.511027,-21.818093
298.900000,-23.195137,-24.480447,-23.896400
298.950000,-25.261086,-26.383127,-25.898444
299.000000,-27.230568,-28.201087,-27.806339
299.050000,-29.087171,-29.919537,-29.604825
299.100000,-30.817064,-31.526432,-31.281216
299.150000,-32.410002,-33.012794,-32.826130
299.200000,-33.860313,-34.373278,-34.234320
299.250000,-35.167308,-35.606479,-35.505054
299.300000,-36.334901,-36.714765,-36.641832
299.350000,-37.370630,-37.703635,-37.651549
299.400000,-38.284385,-38.580814,-38.543371
299.450000,-39.087210,-39.355312,-39.327644
299.500000,-39.790362,-40.036624,-40.015011
299.550000,-40.404674,-40.634145,-40.615797
299.600000,-40.940200,-41.156792,-41.139649
299.650000,-41.406055,-41.612803,-41.595362
299.700000,-41.810388,-42.009656,-41.990833
299.750000,-42.160421,-42.354060,-42.333088
299.800000,-42.462528,-42.651992,-42.628342
299.850000,-42.722321,-42.908760,-42.882078
299.900000,-42.944738,-43.129062,-43.099130
299.950000,-43.134125,-43.317058,-43.283755
300.000000,-43.294309,-43.476424,-43.439707
300.050000,-43.428666,-43.610417,-43.570297
300.100000,-43.540172,-43.721918,-43.678450
300.150000,-43.631461,-43.813481,-43.766749
300.200000,-43.704858,-43.887371,-43.837481
300.250000,-43.762425,-43.945596,-43.892670
300.300000,-43.805987,-43.989943,-43.934110
300.350000,-43.837163,-44.021996,-43.963393
300.400000,-43.857391,-44.043165,-43.981932
300.450000,-43.867946,-44.054707,-43.990980
300.500000,-43.869964,-44.057737,-43.991653
300.550000,-43.864452,-44.053251,-43.984942
300.600000,-43.852307,-44.042136,-43.971729
300.650000,-43.834329,-44.025181,-43.952799
300.700000,-43.811228,-44.003090,-43.928850
300.750000,-43.783635,-43.976493,-43.900505
300.800000,-43.752116,-43.945949,-43.868317
300.850000,-43.717171,-43.911956,-43.832779
300.900000,-43.679248,-43.874962,-43.794331
300.950000,-43.638743,-43.835362,-43.753362
301.000000,-43.596012,-43.793511,-43.710221
301.050000,-43.551369,-43.749724,-43.665219
301.100000,-43.505095,-43.704283,-43.618630
301.150000,-43.457440,-43.657437,-43.570699
301.200000,-43.408625,-43.609409,-43.521645
301.250000,-43.358847,-43.560398,-43.471660
301.300000,-43.308282,-43.510579,-43.420916
301.350000,-43.257083,-43.460110,-43.369567
301.400000,-43.205389,-43.409127,-43.317745
301.450000,-43.153322,-43.357755,-43.265572
301.500000,-43.100988,-43.306102,-43.213151
301.550000,-43.048483,-43.254265,-43.160577
301.600000,-42.995889,-43.202327,-43.107930
301.650000,-42.943281,-43.150363,-43.055283
301.700000,-42.890723,-43.098439,-43.002698
301.750000,-42.838270,-43.046611,-42.950232
301.800000,-42.785973,-42.994931,-42.897930
301.850000,-42.733872,-42.943440,-42.845836
301.900000,-42.682006,-42.892177,-42.793984
301.950000,-42.630405,-42.841174,-42.742406
302.000000,-42.579097,-42.790459,-42.691127
302.050000,-42.528103,-42.740054,-42.640170
302.100000,-42.477444,-42.689980,-42.589553
302.150000,-42.427135,-42.640254,-42.539292
302.200000,-42.377190,-42.590887,-42.489399
302.250000,-42.327618,-42.541892,-42.439884
302.300000,-42.278427,-42.493277,-42.390755
302.350000,-42.229624,-42.445049,-42.342017
302.400000,-42.181213,-42.397211,-42.293674
302.450000,-42.133196,-42.349766,-42.245729
302.500000,-42.085574,-42.302717,-42.198183
302.550000,-42.038348,-42.256063,-42.151034
302.600000,-41.991516,-42.209803,-42.104283
302.650000,-41.945076,-42.163936,-42.057925
302.700000,-41.899026,-42.118458,-42.011959
302.750000,-41.853360,-42.073366,-41.966381
302.800000,-41.808075,-42.028656,-41.921185
302.850000,-41.763167,-41.984322,-41.876367
302.900000,-41.718628,-41.940360,-41.831921
302.950000,-41.674455,-41.896764,-41.787842
303.000000,-41.630639,-41.853527,-41.744122
303.050000,-41.587176,-41.810644,-41.700756
303.100000,-41.544058,-41.768107,-41.657737
303.150000,-41.501278,-41.725910,-41.615057
303.200000,-41.458829,-41.684045,-41.572710
303.250000,-41.416705,-41.642506,-41.530688
303.300000,-41.374897,-41.601285,-41.488984
303.350000,-41.333398,-41.560376,-41.447591
303.400000,-41.292201,-41.519769,-41.406501
303.450000,-41.251299,-41.479459,-41.365706
303.500000,-41.210683,-41.439437,-41.325200
303.550000,-41.170348,-41.399697,-41.284975
303.600000,-41.130285,-41.360231,-41.245023
303.650000,-41.090486,-41.321032,-41.205337
303.700000,-41.050946,-41.282092,-41.165910
303.750000,-41.011656,-41.243404,-41.126735
303.800000,-40.972610,-41.204962,-41.087805
303.850000,-40.933800,-41.166758,-41.049113
303.900000,-40.895220,-41.128786,-41.010651
303.950000,-40.856862,-41.091038,-40.972413
304.000000,-40.818720,-41.053508,-40.934392
304.050000,-40.780788,-41.016189,-40.896582
304.100000,-40.743059,-40.979075,-40.858976
304.150000,-40.705526,-40.942159,-40.821568
304.200000,-40.668182,-40.905435,-40.784350
304.250000,-40.631023,-40.868896,-40.747318
304.300000,-40.594041,-40.832538,-40.710465
304.350000,-40.557232,-40.796353,-40.673785
304.400000,-40.520587,-40.760336,-40.637272
304.450000,-40.484103,-40.724481,-40.600921
304.500000,-40.447774,-40.688783,-40.564725
304.550000,-40.411593,-40.653235,-40.528680
304.600000,-40.375555,-40.617833,-40.492779
304.650000,-40.339655,-40.582572,-40.457018
304.700000,-40.303888,-40.547445,-40.421391
304.750000,-40.268249,-40.512448,-40.385893
304.800000,-40.232732,-40.477576,-40.350519
304.850000,-40.197332,-40.442824,-40.315264
304.900000,-40.162046,-40.408187,-40.280123
304.950000,-40.126867,-40.373660,-40.245092
305.000000,-40.091791,-40.339239,-40.210166
305.050000,-40.056813,-40.304919,-40.175340
305.100000,-40.021930,-40.270696,-40.140609
305.150000,-39.987136,-40.236565,-40.105970
305.200000,-39.952427,-40.202522,-40.071417
305.250000,-39.917799,-40.168563,-40.036947
305.300000,-39.883247,-40.134683,-40.002556
305.350000,-39.848768,-40.100878,-39.968238
305.400000,-39.814357,-40.067145,-39.933991
305.450000,-39.780010,-40.033480,-39.899811
305.500000,-39.745724,-39.999878,-39.865692
305.550000,-39.711494,-39.966336,-39.831632
305.600000,-39.677317,-39.932850,-39.797627
305.650000,-39.643188,-39.899417,-39.763672
305.700000,-39.609105,-39.866032,-39.729765
305.750000,-39.575063,-39.832692,-39.695901
305.800000,-39.541058,-39.799393,-39.662077
305.850000,-39.507088,-39.766133,-39.628289
305.900000,-39.473148,-39.732908,-39.594535
305.950000,-39.439236,-39.699713,-39.560809
306.000000,-39.405347,-39.666547,-39.527110
306.050000,-39.371479,-39.633405,-39.493434
306.100000,-39.337627,-39.600285,-39.459777
306.150000,-39.303789,-39.567183,-39.426136
306.200000,-39.269962,-39.534095,-39.392508
306.250000,-39.236141,-39.501020,-39.358889
306.300000,-39.202324,-39.467953,-39.325277
306.350000,-39.168508,-39.434892,-39.291667
306.400000,-39.134689,-39.401833,-39.258058
306.450000,-39.100864,-39.368774,-39.224446
306.500000,-39.067030,-39.335711,-39.190828
306.550000,-39.033184,-39.302641,-39.157200
306.600000,-38.999322,-39.269562,-39.123559
306.650000,-38.965442,-39.236470,-39.089903
306.700000,-38.931540,-39.203362,-39.056229
306.750000,-38.897614,-39.170236,-39.022532
306.800000,-38.863659,-39.137088,-38.988811
306.850000,-38.829674,-39.103916,-38.955062
306.900000,-38.795654,-39.070716,-38.921282
306.950000,-38.761597,-39.037485,-38.887468
307.000000,-38.727499,-39.004221,-38.853617
307.050000,-38.693358,-38.970921,-38.819725
307.100000,-38.659170,-38.937581,-38.785790
307.150000,-38.624932,-38.904198,-38.751809
307.200000,-38.590640,-38.870770,-38.717777
307.250000,-38.556293,-38.837293,-38.683693
307.300000,-38.521885,-38.803765,-38.649553
307.350000,-38.487415,-38.770182,-38.615354
307.400000,-38.452878,-38.736541,-38.581093
307.450000,-38.418272,-38.702839,-38.546766
307.500000,-38.383594,-38.669074,-38.512370
307.550000,-38.348839,-38.635242,-38.477902
307.600000,-38.314004,-38.601339,-38.443359
307.650000,-38.279087,-38.567363,-38.408737
307.700000,-38.244083,-38.533311,-38.374033
307.750000,-38.208990,-38.499178,-38.339243
307.800000,-38.173803,-38.464962,-38.304364
307.850000,-38.138519,-38.430660,-38.269393
307.900000,-38.103134,-38.396268,-38.234326
307.950000,-38.067644,-38.361783,-38.199159
308.000000,-38.032047,-38.327200,-38.163889
308.050000,-37.996337,-38.292518,-38.128512
308.100000,-37.960512,-38.257731,-38.093024
308.150000,-37.924567,-38.222837,-38.057421
308.200000,-37.888498,-38.187831,-38.021699
308.250000,-37.852300,-38.152710,-37.985855
308.300000,-37.815971,-38.117470,-37.949884
308.350000,-37.779505,-38.082106,-37.913782
308.400000,-37.742898,-38.046616,-37.877545
308.450000,-37.706146,-38.010995,-37.841168
308.500000,-37.669243,-37.975238,-37.804647
308.550000,-37.632186,-37.939341,-37.767978
308.600000,-37.594970,-37.903300,-37.731155
308.650000,-37.557589,-37.867111,-37.694174
308.700000,-37.520038,-37.830768,-37.657031
308.750000,-37.482313,-37.794266,-37.619719
308.800000,-37.444408,-37.757602,-37.582234
308.850000,-37.406317,-37.720770,-37.544570
308.900000,-37.368035,-37.683765,-37.506722
308.950000,-37.329556,-37.646581,-37.468685
309.000000,-37.290875,-37.609214,-37.430453
309.050000,-37.251985,-37.571657,-37.392020
309.100000,-37.212880,-37.533906,-37.353379
309.150000,-37.173553,-37.495953,-37.314525
309.200000,-37.133998,-37.457793,-37.275451
309.250000,-37.094209,-37.419420,-37.236151
309.300000,-37.054177,-37.380827,-37.196617
309.350000,-37.013896,-37.342008,-37.156843
309.400000,-36.973358,-37.302956,-37.116821
309.450000,-36.932555,-37.263664,-37.076544
309.500000,-36.891479,-37.224123,-37.036004
309.550000,-36.850123,-37.184328,-36.995193
309.600000,-36.808477,-37.144270,-36.954102
309.650000,-36.766532,-37.103940,-36.912723
309.700000,-36.724280,-37.063331,-36.871047
309.750000,-36.681709,-37.022433,-36.829065
309.800000,-36.638812,-36.981238,-36.786766
309.850000,-36.595576,-36.939736,-36.744142
309.900000,-36.551992,-36.897918,-36.701181
309.950000,-36.508048,-36.855773,-36.657873
310.000000,-36.463733,-36.813291,-36.614206
310.050000,-36.419034,-36.770460,-36.570169
310.100000,-36.373939,-36.727270,-36.525749
310.150000,-36.328435,-36.683708,-36.480935
310.200000,-36.282507,-36.639763,-36.435712
310.250000,-36.236143,-36.595420,-36.390067
310.300000,-36.189326,-36.550667,-36.343985
310.350000,-36.142041,-36.505490,-36.297452
310.400000,-36.094273,-36.459874,-36.250451
310.450000,-36.046003,-36.413803,-36.202967
310.500000,-35.997213,-36.367261,-36.154981
310.550000,-35.947886,-36.320232,-36.106476
310.600000,-35.898002,-36.272697,-36.057432
310.650000,-35.847539,-36.224639,-36.007831
310.700000,-35.796476,-36.176037,-35.957651
310.750000,-35.744791,-36.126871,-35.906869
310.800000,-35.692459,-36.077120,-35.855464
310.850000,-35.639456,-36.026760,-35.803410
310.900000,-35.585754,-35.975769,-35.750683
310.950000,-35.531326,-35.924121,-35.697254
311.000000,-35.476142,-35.871789,-35.643096
311.050000,-35.420171,-35.818745,-35.588178
311.100000,-35.363380,-35.764960,-35.532469
311.150000,-35.305734,-35.710403,-35.475935
311.200000,-35.247195,-35.655040,-35.418541
311.250000,-35.187725,-35.598837,-35.360248
311.300000,-35.127282,-35.541755,-35.301016
311.350000,-35.065822,-35.483756,-35.240804
311.400000,-35.003297,-35.424797,-35.179565
311.450000,-34.939658,-35.364833,-35.117252
311.500000,-34.874850,-35.303818,-35.053812
311.550000,-34.808817,-35.241699,-34.989191
311.600000,-34.741497,-35.178423,-34.923331
311.650000,-34.672825,-35.113931,-34.856167
311.700000,-34.602731,-35.048161,-34.787633
311.750000,-34.531139,-34.981046,-34.717657
311.800000,-34.457968,-34.912515,-34.646160
311.850000,-34.383132,-34.842489,-34.573060
311.900000,-34.306536,-34.770885,-34.498265
311.950000,-34.228079,-34.697615,-34.421679
312.000000,-34.147650,-34.622581,-34.343197
312.050000,-34.065133,-34.545678,-34.262704
312.100000,-33.980396,-34.466793,-34.180077
312.150000,-33.893300,-34.385801,-34.095182
312.200000,-33.803693,-34.302569,-34.007873
312.250000,-33.711407,-34.216949,-33.917989
312.300000,-33.616259,-34.128782,-33.825357
312.350000,-33.518051,-34.037892,-33.729785
312.400000,-33.416561,-33.944086,-33.631062
312.450000,-33.311547,-33.847153,-33.528957
312.500000,-33.202742,-33.746858,-33.423215
312.550000,-33.089850,-33.642945,-33.313553
312.600000,-32.972542,-33.535125,-33.199658
312.650000,-32.850452,-33.423082,-33.081179
312.700000,-32.723171,-33.306460,-32.957729
312.750000,-32.590242,-33.184864,-32.828871
312.800000,-32.451150,-33.057847,-32.694116
312.850000,-32.305315,-32.924909,-32.552911
312.900000,-32.152080,-32.785483,-32.404632
312.950000,-31.990699,-32.638929,-32.248569
313.000000,-31.820319,-32.484514,-32.083914
313.050000,-31.639965,-32.321402,-31.909742
313.100000,-31.448515,-32.148635,-31.724987
313.150000,-31.244668,-31.965104,-31.528419
313.200000,-31.026914,-31.769524,-31.318607
313.250000,-30.793490,-31.560398,-31.093884
313.300000,-30.542320,-31.335972,-30.852290
313.350000,-30.270955,-31.094178,-30.591511
313.400000,-29.976481,-30.832562,-30.308798
313.450000,-29.655409,-30.548198,-30.000866
313.500000,-29.303541,-30.237574,-29.663762
313.550000,-28.915787,-29.896443,-29.292700
313.600000,-28.485937,-29.519642,-28.881847
313.650000,-28.006371,-29.100853,-28.424054
313.700000,-27.467688,-28.632303,-27.910508
313.750000,-26.858245,-28.104389,-27.330304
313.800000,-26.163605,-27.505228,-26.669932
313.850000,-25.365919,-26.820145,-25.912698
313.900000,-24.443352,-26.031170,-25.038176
313.950000,-23.369820,-25.116759,-24.021945
314.000000,-22.115646,-24.052152,-22.836138
314.050000,-20.650328,-22.811281,-21.451907
314.100000,-18.949413,-21.371730,-19.845610
314.150000,-17.007774,-19.724597,-18.010871
314.200000,-14.859382,-17.889794,-15.976770
314.250000,-12.596321,-15.932176,-13.825890
314.300000,-10.371050,-13.967125,-11.697898
314.350000,-8.370143,-12.145253,-9.767273
314.400000,-6.768763,-10.619673,-8.202219
314.450000,-5.690263,-9.512005,-7.126199
314.500000,-5.189247,-8.892550,-6.599606
314.550000,-5.258941,-8.778998,-6.623862
314.600000,-5.850843,-9.147562,-7.158131
314.650000,-6.894217,-9.947568,-8.137339
314.700000,-8.309624,-11.113766,-9.485583
314.750000,-10.016559,-12.574870,-11.124335
314.800000,-11.937554,-14.259107,-12.977198
314.850000,-14.001018,-16.098182,-14.973194
314.900000,-16.143977,-18.030566,-17.049660
314.950000,-18.314375,-20.004091,-19.154589
315.000000,-20.471725,-21.977107,-21.247375
315.050000,-22.585493,-23.917750,-23.297452
315.100000,-24.632100,-25.801793,-25.281540
315.150000,-26.592102,-27.610230,-27.180923
315.200000,-28.448619,-29.327532,-28.979766
315.250000,-30.187172,-30.940929,-30.664706
315.300000,-31.796431,-32.440503,-32.225343
315.350000,-33.269182,-33.819681,-33.655025
315.400000,-34.602914,-35.075613,-34.951356
315.450000,-35.799711,-36.209176,-36.116149
315.500000,-36.865499,-37.224502,-37.154794
315.550000,-37.808924,-38.128201,-38.075270
315.600000,-38.640177,-38.928464,-38.887094
315.650000,-39.370004,-39.634247,-39.600393
315.700000,-40.008984,-40.254632,-40.225223
315.750000,-40.567097,-40.798397,-40.771138
315.800000,-41.053496,-41.273752,-41.246951
315.850000,-41.476426,-41.688216,-41.660641
315.900000,-41.843239,-42.048585,-42.019349
315.950000,-42.160449,-42.360941,-42.329420
316.000000,-42.433806,-42.630704,-42.596469
316.050000,-42.668383,-42.862686,-42.825458
316.100000,-42.868651,-43.061155,-43.020766
316.150000,-43.038554,-43.229893,-43.186259
316.200000,-43.181573,-43.372250,-43.325352
316.250000,-43.300782,-43.491197,-43.441063
316.300000,-43.398900,-43.589369,-43.536061
316.350000,-43.478334,-43.669105,-43.612711
316.400000,-43.541217,-43.732481,-43.673109
316.450000,-43.589439,-43.781345,-43.719113
316.500000,-43.624680,-43.817337,-43.752372
316.550000,-43.648429,-43.841921,-43.774352
316.600000,-43.662013,-43.856396,-43.786356
316.650000,-43.666609,-43.861923,-43.789542
316.700000,-43.663267,-43.859535,-43.784941
316.750000,-43.652920,-43.850153,-43.773471
316.800000,-43.636400,-43.834601,-43.755949
316.850000,-43.614447,-43.813610,-43.733104
316.900000,-43.587721,-43.787836,-43.705584
316.950000,-43.556811,-43.757863,-43.673969
317.000000,-43.522241,-43.724213,-43.638772
317.050000,-43.484479,-43.687350,-43.600454
317.100000,-43.443941,-43.647691,-43.559425
317.150000,-43.400998,-43.605606,-43.516048
317.200000,-43.355982,-43.561426,-43.470650
317.250000,-43.309187,-43.515445,-43.423520
317.300000,-43.260875,-43.467927,-43.374915
317.350000,-43.211281,-43.419107,-43.325066
317.400000,-43.160612,-43.369192,-43.274175
317.450000,-43.109052,-43.318369,-43.222426
317.500000,-43.056767,-43.266803,-43.169978
317.550000,-43.003901,-43.214641,-43.116975
317.600000,-42.950583,-43.162013,-43.063543
317.650000,-42.896928,-43.109034,-43.009795
317.700000,-42.843037,-43.055806,-42.955829
317.750000,-42.788999,-43.002421,-42.901734
317.800000,-42.734893,-42.948957,-42.847585
317.850000,-42.680787,-42.895484,-42.793450
317.900000,-42.626742,-42.842064,-42.739389
317.950000,-42.572812,-42.788751,-42.685454
318.000000,-42.519041,-42.735592,-42.631689
318.050000,-42.465470,-42.682627,-42.578133
318.100000,-42.412133,-42.629892,-42.524820
318.150000,-42.359061,-42.577416,-42.471780
318.200000,-42.306278,-42.525227,-42.419036
318.250000,-42.253807,-42.473346,-42.366609
318.300000,-42.201663,-42.421792,-42.314518
318.350000,-42.149864,-42.370579,-42.262775
318.400000,-42.098420,-42.319720,-42.211393
318.450000,-42.047341,-42.269226,-42.160382
318.500000,-41.996635,-42.219104,-42.109747
318.550000,-41.946307,-42.169360,-42.059494
318.600000,-41.896361,-42.119998,-42.009627
318.650000,-41.846799,-42.071020,-41.960147
318.700000,-41.797622,-42.022428,-41.911055
318.750000,-41.748829,-41.974221,-41.862351
318.800000,-41.700419,-41.926399,-41.814033
318.850000,-41.652390,-41.878958,-41.766097
318.900000,-41.604739,-41.831896,-41.718542
318.950000,-41.557461,-41.785210,-41.671363
319.000000,-41.510552,-41.738894,-41.624555
319.050000,-41.464007,-41.692944,-41.578113
319.100000,-41.417820,-41.647355,-41.532032
319.150000,-41.371986,-41.602121,-41.486305
319.200000,-41.326499,-41.557235,-41.440927
319.250000,-41.281351,-41.512691,-41.395890
319.300000,-41.236536,-41.468482,-41.351188
319.350000,-41.192048,-41.424602,-41.306813
319.400000,-41.147878,-41.381043,-41.262760
319.450000,-41.104020,-41.337799,-41.219020
319.500000,-41.060467,-41.294862,-41.175586
319.550000,-41.017210,-41.252224,-41.132450
319.600000,-40.974244,-41.209878,-41.089606
319.650000,-40.931559,-41.167818,-41.047045
319.700000,-40.889149,-41.126035,-41.004761
319.750000,-40.847007,-41.084521,-40.962746
319.800000,-40.805125,-41.043271,-40.920993
319.850000,-40.763495,-41.002276,-40.879493
319.900000,-40.722111,-40.961529,-40.838241
319.950000,-40.680964,-40.921023,-40.797228
320.000000,-40.640049,-40.880751,-40.756447
320.050000,-40.599357,-40.840706,-40.715892
320.100000,-40.558882,-40.800880,-40.675555
320.150000,-40.518617,-40.761266,-40.635430
320.200000,-40.478555,-40.721859,-40.595509
320.250000,-40.438689,-40.682651,-40.555786
320.300000,-40.399012,-40.643636,-40.516255
320.350000,-40.359519,-40.604807,-40.476908
320.400000,-40.320202,-40.566157,-40.437739
320.450000,-40.281055,-40.527681,-40.398742
320.500000,-40.242073,-40.489372,-40.359911
320.550000,-40.203248,-40.451225,-40.321240
320.600000,-40.164574,-40.413232,-40.282722
320.650000,-40.126047,-40.375388,-40.244352
320.700000,-40.087659,-40.337688,-40.206123
320.750000,-40.049405,-40.300125,-40.168030
320.800000,-40.011280,-40.262694,-40.130068
320.850000,-39.973277,-40.225389,-40.092230
320.900000,-39.935391,-40.188205,-40.054511
320.950000,-39.897618,-40.151137,-40.016907
321.000000,-39.859951,-40.114180,-39.979411
321.050000,-39.822385,-40.077327,-39.942018
321.100000,-39.784915,-40.040575,-39.904723
321.150000,-39.747536,-40.003917,-39.867522
321.200000,-39.710243,-39.967350,-39.830409
321.250000,-39.673031,-39.930868,-39.793379
321.300000,-39.635895,-39.894466,-39.756427
321.350000,-39.598830,-39.858141,-39.719550
321.400000,-39.561833,-39.821886,-39.682741
321.450000,-39.524897,-39.785699,-39.645997
321.500000,-39.488018,-39.749573,-39.609312
321.550000,-39.451193,-39.713505,-39.572684
321.600000,-39.414416,-39.677491,-39.536106
321.650000,-39.377683,-39.641526,-39.499574
321.700000,-39.340989,-39.605605,-39.463085
321.750000,-39.304331,-39.569725,-39.426634
321.800000,-39.267704,-39.533882,-39.390217
321.850000,-39.231103,-39.498071,-39.353830
321.900000,-39.194526,-39.462289,-39.317468
321.950000,-39.157967,-39.426531,-39.281127
322.000000,-39.121422,-39.390793,-39.244804
322.050000,-39.084887,-39.355072,-39.208494
322.100000,-39.048359,-39.319363,-39.172194
322.150000,-39.011833,-39.283663,-39.135898
322.200000,-38.975305,-39.247967,-39.099605
322.250000,-38.938771,-39.212273,-39.063308
322.300000,-38.902228,-39.176576,-39.027006
322.350000,-38.865670,-39.140872,-38.990692
322.400000,-38.829095,-39.105157,-38.954365
322.450000,-38.792498,-39.069429,-38.918019
322.500000,-38.755876,-39.033682,-38.881652
322.550000,-38.719224,-38.997914,-38.845258
322.600000,-38.682538,-38.962120,-38.808834
322.650000,-38.645815,-38.926296,-38.772377
322.700000,-38.609050,-38.890440,-38.735882
322.750000,-38.572240,-38.854546,-38.699345
322.800000,-38.535380,-38.818612,-38.662763
322.850000,-38.498467,-38.782634,-38.626131
322.900000,-38.461496,-38.746608,-38.589446
322.950000,-38.424464,-38.710529,-38.552704
323.000000,-38.387366,-38.674395,-38.515901
323.050000,-38.350198,-38.638201,-38.479032
323.100000,-38.312957,-38.601943,-38.442094
323.150000,-38.275638,-38.565618,-38.405082
323.200000,-38.238236,-38.529222,-38.367993
323.250000,-38.200748,-38.492750,-38.330823
323.300000,-38.163170,-38.456199,-38.293567
323.350000,-38.125496,-38.419564,-38.256221
323.400000,-38.087723,-38.382843,-38.218780
323.450000,-38.049847,-38.346029,-38.181241
323.500000,-38.011861,-38.309120,-38.143599
323.550000,-37.973764,-38.272111,-38.105849
323.600000,-37.935548,-38.234997,-38.067988
323.650000,-37.897210,-38.197775,-38.030010
323.700000,-37.858746,-38.160439,-37.991910
323.750000,-37.820149,-38.122986,-37.953685
323.800000,-37.781415,-38.085410,-37.915329
323.850000,-37.742540,-38.047707,-37.876836
323.900000,-37.703517,-38.009873,-37.838203
323.950000,-37.664341,-37.971902,-37.799424
324.000000,-37.625008,-37.933789,-37.760493
324.050000,-37.585510,-37.895529,-37.721406
324.100000,-37.545844,-37.857117,-37.682156
324.150000,-37.506003,-37.818547,-37.642738
324.200000,-37.465980,-37.779815,-37.603147
324.250000,-37.425771,-37.740914,-37.563376
324.300000,-37.385368,-37.701838,-37.523418
324.350000,-37.344765,-37.662583,-37.483269
324.400000,-37.303956,-37.623141,-37.442922
324.450000,-37.262934,-37.583507,-37.402369
324.500000,-37.221691,-37.543674,-37.361605
324.550000,-37.180222,-37.503635,-37.320622
324.600000,-37.138517,-37.463384,-37.279413
324.650000,-37.096570,-37.422915,-37.237971
324.700000,-37.054373,-37.382219,-37.196288
324.750000,-37.011918,-37.341289,-37.154356
324.800000,-36.969196,-37.300118,-37.112168
324.850000,-36.926199,-37.258698,-37.069714
324.900000,-36.882917,-37.217021,-37.026987
324.950000,-36.839342,-37.175077,-36.983977
325.000000,-36.795465,-37.132860,-36.940674
325.050000,-36.751274,-37.090359,-36.897070
325.100000,-36.706760,-37.047565,-36.853155
325.150000,-36.661912,-37.004469,-36.808918
325.200000,-36.616719,-36.961061,-36.764348
325.250000,-36.571170,-36.917329,-36.719434
325.300000,-36.525252,-36.873264,-36.674165
325.350000,-36.478954,-36.828854,-36.628529
325.400000,-36.432262,-36.784087,-36.582513
325.450000,-36.385163,-36.738951,-36.536104
325.500000,-36.337643,-36.693433,-36.489290
325.550000,-36.289686,-36.647521,-36.442054
325.600000,-36.241279,-36.601200,-36.394384
325.650000,-36.192405,-36.554457,-36.346263
325.700000,-36.143048,-36.507275,-36.297676
325.750000,-36.093189,-36.459640,-36.248605
325.800000,-36.042811,-36.411534,-36.199033
325.850000,-35.991895,-36.362941,-36.148942
325.900000,-35.940420,-36.313843,-36.098312
325.950000,-35.888367,-36.264220,-36.047123
326.000000,-35.835712,-36.214054,-35.995354
326.050000,-35.782432,-36.163322,-35.942983
326.100000,-35.728504,-36.112004,-35.889985
326.150000,-35.673901,-36.060076,-35.836337
326.200000,-35.618597,-36.007514,-35.782013
326.250000,-35.562563,-35.954292,-35.726984
326.300000,-35.505769,-35.900384,-35.671222
326.350000,-35.448184,-35.845761,-35.614697
326.400000,-35.389774,-35.790393,-35.557377
326.450000,-35.330503,-35.734248,-35.499226
326.500000,-35.270335,-35.677293,-35.440210
326.550000,-35.209229,-35.619493,-35.380289
326.600000,-35.147143,-35.560809,-35.319424
326.650000,-35.084032,-35.501201,-35.257571
326.700000,-35.019849,-35.440628,-35.194684
326.750000,-34.954542,-35.379042,-35.130714
326.800000,-34.888058,-35.316398,-35.065610
326.850000,-34.820339,-35.252641,-34.999315
326.900000,-34.751322,-35.187719,-34.931770
326.950000,-34.680942,-35.121571,-34.862912
327.000000,-34.609127,-35.054135,-34.792672
327.050000,-34.535801,-34.985343,-34.720977
327.100000,-34.460883,-34.915122,-34.647749
327.150000,-34.384284,-34.843395,-34.572902
327.200000,-34.305910,-34.770077,-34.496347
327.250000,-34.225657,-34.695077,-34.417984
327.300000,-34.143415,-34.618299,-34.337708
327.350000,-34.059064,-34.539634,-34.255402
327.400000,-33.972473,-34.458970,-34.170943
327.450000,-33.883501,-34.376180,-34.084195
327.500000,-33.791993,-34.291130,-33.995010
327.550000,-33.697780,-34.203670,-33.903226
327.600000,-33.600680,-34.113640,-33.808668
327.650000,-33.500488,-34.020861,-33.711141
327.700000,-33.396983,-33.925140,-33.610435
327.750000,-33.289921,-33.826262,-33.506313
327.800000,-33.179030,-33.723992,-33.398520
327.850000,-33.064013,-33.618069,-33.286770
327.900000,-32.944537,-33.508203,-33.170745
327.950000,-32.820232,-33.394075,-33.050094
328.000000,-32.690687,-33.275325,-32.924423
328.050000,-32.555439,-33.151554,-32.793293
328.100000,-32.413969,-33.022312,-32.656210
328.150000,-32.265692,-32.887095,-32.512615
328.200000,-32.109944,-32.745330,-32.361881
328.250000,-31.945973,-32.596371,-32.203290
328.300000,-31.772920,-32.439481,-32.036028
328.350000,-31.589800,-32.273816,-31.859161
328.400000,-31.395482,-32.098409,-31.671615
328.450000,-31.188657,-31.912144,-31.472151
328.500000,-30.967802,-31.713727,-31.259328
328.550000,-30.731141,-31.501651,-31.031466
328.600000,-30.476587,-31.274149,-30.786592
328.650000,-30.201675,-31.029141,-30.522380
328.700000,-29.903474,-30.764161,-30.236065
328.750000,-29.578481,-30.476270,-29.924349
328.800000,-29.222485,-30.161944,-29.583264
328.850000,-28.830382,-29.816925,-29.208014
328.900000,-28.395958,-29.436046,-28.792760
328.950000,-27.911603,-29.012993,-28.330362
329.000000,-27.367945,-28.540017,-27.812033
329.050000,-26.753414,-28.007570,-27.226937
329.100000,-26.053718,-27.403879,-26.561696
329.150000,-25.251272,-26.714469,-25.799856
329.200000,-24.324705,-25.921732,-24.921420
329.250000,-23.248725,-25.004729,-23.902692
329.300000,-21.994954,-23.939707,-22.716999
329.350000,-20.534917,-22.702175,-21.337361
329.400000,-18.847064,-21.272007,-19.742821
329.450000,-16.929834,-19.643206,-17.930334
329.500000,-14.820383,-17.838488,-15.932037
329.550000,-12.611587,-15.923962,-13.831485
329.600000,-10.452473,-14.013150,-11.765479
329.650000,-8.522140,-12.251436,-9.901811
329.700000,-6.986814,-10.784879,-8.400371
329.750000,-5.962613,-9.728607,-7.377590
329.800000,-5.500389,-9.148696,-6.889891
329.850000,-5.592896,-9.061232,-6.937809
329.900000,-6.193162,-9.442789,-7.481647
329.950000,-7.232717,-10.244110,-8.458347
330.000000,-8.634418,-11.401764,-9.794194
330.050000,-10.319855,-12.846350,-11.412734
330.100000,-12.213498,-14.507948,-13.239518
330.150000,-14.245639,-16.320085,-15.205453
330.200000,-16.355129,-18.222991,-17.249685
330.250000,-18.491528,-20.166072,-19.321801
330.300000,-20.615557,-22.108918,-21.382405
330.350000,-22.697426,-24.020494,-23.401688
330.400000,-24.713945,-25.877052,-25.356776
330.450000,-26.645887,-27.659851,-27.229169
330.500000,-28.476556,-29.353535,-29.003191
330.550000,-30.191663,-30.945472,-30.665637
330.600000,-31.780058,-32.425865,-32.206253
330.650000,-33.234635,-33.788212,-33.618471
330.700000,-34.552880,-35.029657,-34.899886
330.750000,-35.736745,-36.150979,-36.052191
330.800000,-36.791923,-37.156134,-37.080560
330.850000,-37.726768,-38.051499,-37.992705
330.900000,-38.551159,-38.845011,-38.797851
330.950000,-39.275544,-39.545374,-39.505845
331.000000,-39.910238,-40.161440,-40.126493
331.050000,-40.464996,-40.701782,-40.669133
331.100000,-40.948784,-41.174441,-41.142397
331.150000,-41.369696,-41.586793,-41.554118
331.200000,-41.734962,-41.945517,-41.911318
331.250000,-42.050997,-42.256601,-42.220244
331.300000,-42.323473,-42.525386,-42.486436
331.350000,-42.557397,-42.756624,-42.714791
331.400000,-42.757190,-42.954529,-42.909638
331.450000,-42.926754,-43.122843,-43.074802
331.500000,-43.069534,-43.264883,-43.213665
331.550000,-43.188579,-43.383590,-43.329216
331.600000,-43.286584,-43.481579,-43.424105
331.650000,-43.365939,-43.561169,-43.500677
331.700000,-43.428761,-43.624423,-43.561014
331.750000,-43.476929,-43.673176,-43.606963
331.800000,-43.512113,-43.709058,-43.640164
331.850000,-43.535796,-43.733526,-43.662076
331.900000,-43.549297,-43.747873,-43.673994
331.950000,-43.553791,-43.753254,-43.677074
332.000000,-43.550322,-43.750700,-43.672343
332.050000,-43.539821,-43.741129,-43.660716
332.100000,-43.523119,-43.725361,-43.643009
332.150000,-43.500955,-43.704128,-43.619950
332.200000,-43.473987,-43.678085,-43.592185
332.250000,-43.442805,-43.647814,-43.560294
332.300000,-43.407932,-43.613837,-43.524792
332.350000,-43.369837,-43.576619,-43.486138
332.400000,-43.328935,-43.536577,-43.444743
332.450000,-43.285600,-43.494081,-43.400972
332.500000,-43.240163,-43.449463,-43.355150
332.550000,-43.192919,-43.403019,-43.307569
332.600000,-43.144132,-43.355013,-43.258488
332.650000,-43.094036,-43.305679,-43.208135
332.700000,-43.042841,-43.255227,-43.156718
332.750000,-42.990731,-43.203844,-43.104417
332.800000,-42.937872,-43.151696,-43.051396
332.850000,-42.884411,-43.098932,-42.997797
332.900000,-42.830477,-43.045681,-42.943750
332.950000,-42.776186,-42.992060,-42.889365
333.000000,-42.721639,-42.938173,-42.834745
333.050000,-42.666928,-42.884110,-42.779976
333.100000,-42.612130,-42.829952,-42.725137
333.150000,-42.557317,-42.775770,-42.670296
333.200000,-42.502548,-42.721625,-42.615513
333.250000,-42.447879,-42.667573,-42.560841
333.300000,-42.393355,-42.613661,-42.506325
333.350000,-42.339018,-42.559930,-42.452005
333.400000,-42.284902,-42.506417,-42.397915
333.450000,-42.231038,-42.453152,-42.344086
333.500000,-42.177451,-42.400162,-42.290541
333.550000,-42.124164,-42.347469,-42.237303
333.600000,-42.071196,-42.295093,-42.184389
333.650000,-42.018560,-42.243049,-42.131815
333.700000,-41.966271,-42.191350,-42.079591
333.750000,-41.914337,-42.140007,-42.027729
333.800000,-41.862767,-42.089027,-41.976234
333.850000,-41.811567,-42.038417,-41.925113
333.900000,-41.760740,-41.988181,-41.874370
333.950000,-41.710289,-41.938322,-41.824006
334.000000,-41.660215,-41.888842,-41.774023
334.050000,-41.610518,-41.839740,-41.724420
334.100000,-41.561196,-41.791015,-41.675196
334.150000,-41.512249,-41.742666,-41.626348
334.200000,-41.463672,-41.694690,-41.577873
334.250000,-41.415462,-41.647083,-41.529768
334.300000,-41.367615,-41.599840,-41.482028
334.350000,-41.320125,-41.552958,-41.434648
334.400000,-41.272987,-41.506430,-41.387623
334.450000,-41.226196,-41.460252,-41.340946
334.500000,-41.179745,-41.414416,-41.294611
334.550000,-41.133628,-41.368917,-41.248612
334.600000,-41.087838,-41.323748,-41.202942
334.650000,-41.042368,-41.278903,-41.157595
334.700000,-40.997212,-41.234373,-41.112563
334.750000,-40.952362,-41.190153,-41.067838
334.800000,-40.907810,-41.146235,-41.023414
334.850000,-40.863550,-41.102611,-40.979284
334.900000,-40.819574,-41.059274,-40.935439
334.950000,-40.775874,-41.016217,-40.891872
335.000000,-40.732444,-40.973433,-40.848577
335.050000,-40.689275,-40.930913,-40.805544
335.100000,-40.646360,-40.888651,-40.762768
335.150000,-40.603692,-40.846639,-40.720240
335.200000,-40.561263,-40.804870,-40.677954
335.250000,-40.519066,-40.763336,-40.635901
335.300000,-40.477095,-40.722031,-40.594075
335.350000,-40.435340,-40.680947,-40.552468
335.400000,-40.393797,-40.640078,-40.511074
335.450000,-40.352457,-40.599415,-40.469885
335.500000,-40.311314,-40.558953,-40.428895
335.550000,-40.270360,-40.518684,-40.388097
335.600000,-40.229590,-40.478602,-40.347483
335.650000,-40.188995,-40.438700,-40.307048
335.700000,-40.148571,-40.398972,-40.266784
335.750000,-40.108310,-40.359411,-40.226686
335.800000,-40.068205,-40.320010,-40.186746
335.850000,-40.028251,-40.280765,-40.146959
335.900000,-39.988441,-40.241667,-40.107318
335.950000,-39.948770,-40.202712,-40.067818
336.000000,-39.909230,-40.163894,-40.028452
336.050000,-39.869817,-40.125205,-39.989214
336.100000,-39.830523,-40.086642,-39.950099
336.150000,-39.791345,-40.048197,-39.911100
336.200000,-39.752275,-40.009866,-39.872212
336.250000,-39.713308,-39.971643,-39.833430
336.300000,-39.674438,-39.933522,-39.794748
336.350000,-39.635661,-39.895498,-39.756161
336.400000,-39.596971,-39.857565,-39.717663
336.450000,-39.558362,-39.819720,-39.679249
336.500000,-39.519830,-39.781955,-39.640914
336.550000,-39.481368,-39.744268,-39.602652
336.600000,-39.442973,-39.706651,-39.564459
336.650000,-39.404639,-39.669101,-39.526330
336.700000,-39.366360,-39.631613,-39.488260
336.750000,-39.328133,-39.594182,-39.450244
336.800000,-39.289952,-39.556802,-39.412277
336.850000,-39.251813,-39.519471,-39.374354
336.900000,-39.213710,-39.482182,-39.336471
336.950000,-39.175639,-39.444931,-39.298623
337.000000,-39.137596,-39.407714,-39.260806
337.050000,-39.099575,-39.370527,-39.223014
337.100000,-39.061573,-39.333364,-39.185244
337.150000,-39.023584,-39.296222,-39.147491
337.200000,-38.985604,-39.259096,-39.109750
337.250000,-38.947629,-39.221982,-39.072018
337.300000,-38.909654,-39.184875,-39.034289
337.350000,-38.871675,-39.147772,-38.996559
337.400000,-38.833686,-39.110667,-38.958823
337.450000,-38.795685,-39.073557,-38.921079
337.500000,-38.757665,-39.036438,-38.883320
337.550000,-38.719624,-38.999304,-38.845543
337.600000,-38.681556,-38.962153,-38.807743
337.650000,-38.643457,-38.924979,-38.769916
337.700000,-38.605322,-38.887779,-38.732057
337.750000,-38.567148,-38.850548,-38.694163
337.800000,-38.528929,-38.813282,-38.656228
337.850000,-38.490661,-38.775977,-38.618249
337.900000,-38.452340,-38.738628,-38.580222
337.950000,-38.413961,-38.701232,-38.542140
338.000000,-38.375520,-38.663784,-38.504002
338.050000,-38.337013,-38.626280,-38.465801
338.100000,-38.298434,-38.588715,-38.427533
338.150000,-38.259779,-38.551086,-38.389194
338.200000,-38.221043,-38.513388,-38.350780
338.250000,-38.182222,-38.475616,-38.312286
338.300000,-38.143311,-38.437766,-38.273706
338.350000,-38.104306,-38.399834,-38.235038
338.400000,-38.065201,-38.361814,-38.196275
338.450000,-38.025991,-38.323704,-38.157413
338.500000,-37.986672,-38.285497,-38.118447
338.550000,-37.947238,-38.247189,-38.079372
338.600000,-37.907685,-38.208776,-38.040184
338.650000,-37.868007,-38.170252,-38.000877
338.700000,-37.828199,-38.131613,-37.961446
338.750000,-37.788255,-38.092854,-37.921885
338.800000,-37.748171,-38.053970,-37.882191
338.850000,-37.707940,-38.014954,-37.842356
338.900000,-37.667556,-37.975803,-37.802375
338.950000,-37.627015,-37.936511,-37.762244
339.000000,-37.586309,-37.897072,-37.721955
339.050000,-37.545433,-37.857481,-37.681503
339.100000,-37.504381,-37.817731,-37.640882
339.150000,-37.463146,-37.777818,-37.600086
339.200000,-37.421722,-37.737734,-37.559108
339.250000,-37.380101,-37.697475,-37.517943
339.300000,-37.338278,-37.657033,-37.476582
339.350000,-37.296245,-37.616402,-37.435019
339.400000,-37.253994,-37.575575,-37.393248
339.450000,-37.211519,-37.534546,-37.351261
339.500000,-37.168811,-37.493307,-37.309051
339.550000,-37.125864,-37.451852,-37.266610
339.600000,-37.082667,-37.410173,-37.223929
339.650000,-37.039215,-37.368262,-37.181002
339.700000,-36.995496,-37.326111,-37.137820
339.750000,-36.951504,-37.283713,-37.094373
339.800000,-36.907228,-37.241059,-37.050653
339.850000,-36.862658,-37.198139,-37.006652
339.900000,-36.817786,-37.154946,-36.962358
339.950000,-36.772601,-37.111470,-36.917763
340.000000,-36.727092,-37.067701,-36.872856
340.050000,-36.681249,-37.023629,-36.827627
340.100000,-36.635059,-36.979244,-36.782064
340.150000,-36.588512,-36.934535,-36.736156
340.200000,-36.541594,-36.889492,-36.689891
340.250000,-36.494293,-36.844102,-36.643257
340.300000,-36.446596,-36.798353,-36.596241
340.350000,-36.398490,-36.752233,-36.548830
340.400000,-36.349958,-36.705730,-36.501010
340.450000,-36.300988,-36.658828,-36.452766
340.500000,-36.251562,-36.611515,-36.404083
340.550000,-36.201665,-36.563775,-36.354945
340.600000,-36.151279,-36.515594,-36.305336
340.650000,-36.100387,-36.466954,-36.255239
340.700000,-36.048970,-36.417839,-36.204635
340.750000,-35.997008,-36.368231,-36.153507
340.800000,-35.944481,-36.318113,-36.101832
340.850000,-35.891367,-36.267463,-36.049592
340.900000,-35.837644,-36.216263,-35.996765
340.950000,-35.783288,-36.164491,-35.943327
341.000000,-35.728274,-36.112124,-35.889254
341.050000,-35.672576,-36.059138,-35.834521
341.100000,-35.616166,-36.005510,-35.779101
341.150000,-35.559015,-35.951212,-35.722967
341.200000,-35.501092,-35.896218,-35.666088
341.250000,-35.442364,-35.840497,-35.608434
341.300000,-35.382798,-35.784019,-35.549971
341.350000,-35.322356,-35.726752,-35.490664
341.400000,-35.261001,-35.668661,-35.430476
341.450000,-35.198691,-35.609710,-35.369368
341.500000,-35.135384,-35.549859,-35.307298
341.550000,-35.071032,-35.489068,-35.244221
341.600000,-35.005588,-35.427293,-35.180092
341.650000,-34.938998,-35.364488,-35.114858
341.700000,-34.871207,-35.300602,-35.048468
341.750000,-34.802155,-35.235582,-34.980863
341.800000,-34.731780,-35.169373,-34.911982
341.850000,-34.660012,-35.101914,-34.841760
341.900000,-34.586778,-35.033138,-34.770127
341.950000,-34.512000,-34.962978,-34.697007
342.000000,-34.435594,-34.891358,-34.622320
342.050000,-34.357468,-34.818197,-34.545978
342.100000,-34.277526,-34.743409,-34.467887
342.150000,-34.195660,-34.666901,-34.387945
342.200000,-34.111756,-34.588571,-34.306044
342.250000,-34.025692,-34.508310,-34.222064
342.300000,-33.937330,-34.425999,-34.135877
342.350000,-33.846526,-34.341509,-34.047341
342.400000,-33.753120,-34.254700,-33.956304
342.450000,-33.656936,-34.165418,-33.862600
342.500000,-33.557784,-34.073497,-33.766045
342.550000,-33.455454,-33.978751,-33.666439
342.600000,-33.349716,-33.880980,-33.563561
342.650000,-33.240315,-33.779961,-33.457170
342.700000,-33.126972,-33.675450,-33.346996
342.750000,-33.009374,-33.567176,-33.232745
342.800000,-32.887177,-33.454837,-33.114084
342.850000,-32.759995,-33.338101,-32.990650
342.900000,-32.627399,-33.216593,-32.862030
342.950000,-32.488906,-33.089896,-32.727766
343.000000,-32.343974,-32.957542,-32.587343
343.050000,-32.191990,-32.819002,-32.440176
343.100000,-32.032260,-32.673678,-32.285608
343.150000,-31.863995,-32.520892,-32.122887
343.200000,-31.686292,-32.359871,-31.951157
343.250000,-31.498119,-32.189729,-31.769439
343.300000,-31.298281,-32.009450,-31.576602
343.350000,-31.085401,-31.817857,-31.371340
343.400000,-30.857871,-31.613585,-31.152132
343.450000,-30.613813,-31.395043,-30.917202
343.500000,-30.351016,-31.160362,-30.664464
343.550000,-30.066867,-30.907338,-30.391448
343.600000,-29.758252,-30.633353,-30.095221
343.650000,-29.421447,-30.335285,-29.772274
343.700000,-29.051962,-30.009381,-29.418383
343.750000,-28.644354,-29.651105,-29.028431
343.800000,-28.191988,-29.254943,-28.596187
343.850000,-27.686732,-28.814155,-28.114023
343.900000,-27.118577,-28.320467,-27.572557
343.950000,-26.475179,-27.763697,-26.960229
344.000000,-25.741338,-27.131323,-26.262812
344.050000,-24.898462,-26.408031,-25.462910
344.100000,-23.924207,-25.575372,-24.539600
344.150000,-22.792639,-24.611793,-23.468561
344.200000,-21.475726,-23.493620,-22.223376
344.250000,-19.947510,-22.198041,-20.779285
344.300000,-18.192950,-20.709601,-19.121191
344.350000,-16.222853,-19.031526,-17.257305
344.400000,-14.092534,-17.200652,-15.236507
344.450000,-11.914039,-15.299104,-13.160460
344.500000,-9.847546,-13.451786,-11.177292
344.550000,-8.068341,-11.804780,-9.452645
344.600000,-6.724811,-10.493210,-8.130984
344.650000,-5.908872,-9.614137,-7.306552
344.700000,-5.649408,-9.214882,-7.014710
344.750000,-5.924172,-9.296693,-7.240842
344.800000,-6.678390,-9.826655,-7.936729
344.850000,-7.840902,-10.750633,-9.035838
344.900000,-9.334765,-12.003516,-10.464060
344.950000,-11.083270,-13.516262,-12.146294
345.000000,-13.013545,-15.220705,-14.010570
345.050000,-15.059427,-17.053237,-15.991223
345.100000,-17.164074,-18.957818,-18.031602
345.150000,-19.281571,-20.887970,-20.085743
345.200000,-21.376582,-22.807123,-22.118202
345.250000,-23.422140,-24.687267,-24.102091
345.300000,-25.396763,-26.506740,-26.016387
345.350000,-27.282247,-28.248161,-27.843725
345.400000,-29.062743,-29.897178,-29.569310
345.450000,-30.724990,-31.442122,-31.180909
345.500000,-32.259156,-32.874276,-32.669466
345.550000,-33.659645,-34.188330,-34.029775
345.600000,-34.925424,-35.382623,-35.260782
345.650000,-36.059683,-36.458974,-36.365324
345.700000,-37.068975,-37.422114,-37.349393
345.750000,-37.962106,-38.278895,-38.221150
345.800000,-38.749068,-39.037444,-38.989956
345.850000,-39.440172,-39.706439,-39.665558
345.900000,-40.045449,-40.294559,-40.257515
345.950000,-40.574296,-40.810117,-40.774841
346.000000,-41.035303,-41.260857,-41.225819
346.050000,-41.436199,-41.653856,-41.617939
346.100000,-41.783879,-41.995502,-41.957903
346.150000,-42.084455,-42.291518,-42.251670
346.200000,-42.343331,-42.547006,-42.504520
346.250000,-42.565283,-42.766503,-42.721126
346.300000,-42.754526,-42.954036,-42.905618
346.350000,-42.914785,-43.113179,-43.061647
346.400000,-43.049352,-43.247105,-43.192446
346.450000,-43.161141,-43.358629,-43.300872
346.500000,-43.252730,-43.450254,-43.389461
346.550000,-43.326408,-43.524201,-43.460458
346.600000,-43.384201,-43.582448,-43.515858
346.650000,-43.427913,-43.626754,-43.557430
346.700000,-43.459143,-43.658685,-43.586749
346.750000,-43.479315,-43.679638,-43.605213
346.800000,-43.489697,-43.690856,-43.614068
346.850000,-43.491414,-43.693449,-43.614422
346.900000,-43.485473,-43.688408,-43.607263
346.950000,-43.472769,-43.676616,-43.593472
347.000000,-43.454098,-43.658862,-43.573833
347.050000,-43.430174,-43.635851,-43.549045
347.100000,-43.401630,-43.608212,-43.519732
347.150000,-43.369033,-43.576507,-43.486452
347.200000,-43.332888,-43.541240,-43.449700
347.250000,-43.293646,-43.502858,-43.409920
347.300000,-43.251708,-43.461762,-43.367507
347.350000,-43.207433,-43.418311,-43.322812
347.400000,-43.161141,-43.372823,-43.276152
347.450000,-43.113117,-43.325585,-43.227804
347.500000,-43.063615,-43.276850,-43.178020
347.550000,-43.012862,-43.226846,-43.127021
347.600000,-42.961058,-43.175775,-43.075006
347.650000,-42.908383,-43.123817,-43.022150
347.700000,-42.854997,-43.071132,-42.968610
347.750000,-42.801040,-43.017864,-42.914524
347.800000,-42.746639,-42.964139,-42.860016
347.850000,-42.691905,-42.910068,-42.805195
347.900000,-42.636935,-42.855752,-42.750158
347.950000,-42.581817,-42.801278,-42.694989
348.000000,-42.526628,-42.746724,-42.639764
348.050000,-42.471434,-42.692158,-42.584548
348.100000,-42.416295,-42.637641,-42.529400
348.150000,-42.361263,-42.583224,-42.474370
348.200000,-42.306383,-42.528954,-42.419502
348.250000,-42.251693,-42.474871,-42.364835
348.300000,-42.197229,-42.421009,-42.310401
348.350000,-42.143018,-42.367398,-42.256229
348.400000,-42.089086,-42.314064,-42.202343
348.450000,-42.035454,-42.261027,-42.148764
348.500000,-41.982139,-42.208307,-42.095508
348.550000,-41.929156,-42.155918,-42.042590
348.600000,-41.876517,-42.103873,-41.990021
348.650000,-41.824232,-42.052181,-41.937810
348.700000,-41.772307,-42.000850,-41.885965
348.750000,-41.720748,-41.949887,-41.834490
348.800000,-41.669559,-41.899294,-41.783389
348.850000,-41.618741,-41.849074,-41.732663
348.900000,-41.568297,-41.799229,-41.682313
348.950000,-41.518225,-41.749758,-41.632340
349.000000,-41.468524,-41.700660,-41.582740
349.050000,-41.419192,-41.651932,-41.533511
349.100000,-41.370225,-41.603573,-41.484651
349.150000,-41.321619,-41.555578,-41.436156
349.200000,-41.273371,-41.507943,-41.388020
349.250000,-41.225475,-41.460662,-41.340238
349.300000,-41.177926,-41.413732,-41.292805
349.350000,-41.130718,-41.367145,-41.245716
349.400000,-41.083844,-41.320896,-41.198964
349.450000,-41.037298,-41.274978,-41.152541
349.500000,-40.991074,-41.229385,-41.106442
349.550000,-40.945164,-41.184109,-41.060660
349.600000,-40.899562,-41.139145,-41.015188
349.650000,-40.854260,-41.094484,-40.970017
349.700000,-40.809251,-41.050119,-40.925141
349.750000,-40.764528,-41.006044,-40.880553
349.800000,-40.720082,-40.962250,-40.836245
349.850000,-40.675907,-40.918730,-40.792209
349.900000,-40.631996,-40.875477,-40.748439
349.950000,-40.588340,-40.832484,-40.704925
350.000000,-40.544932,-40.789742,-40.661662
350.050000,-40.501765,-40.747245,-40.618642
350.100000,-40.458831,-40.704986,-40.575857
350.150000,-40.416123,-40.662956,-40.533300
350.200000,-40.373634,-40.621149,-40.490964
350.250000,-40.331357,-40.579557,-40.448841
350.300000,-40.289285,-40.538174,-40.406925
350.350000,-40.247409,-40.496992,-40.365209
350.400000,-40.205725,-40.456005,-40.323685
350.450000,-40.164223,-40.415206,-40.282346
350.500000,-40.122899,-40.374588,-40.241186
350.550000,-40.081744,-40.334144,-40.200199
350.600000,-40.040753,-40.293867,-40.159376
350.650000,-39.999918,-40.253752,-40.118713
350.700000,-39.959234,-40.213791,-40.078202
350.750000,-39.918694,-40.173979,-40.037838
350.800000,-39.878291,-40.134310,-39.997613
350.850000,-39.838020,-40.094776,-39.957522
350.900000,-39.797874,-40.055373,-39.917559
350.950000,-39.757848,-40.016093,-39.877717
351.000000,-39.717934,-39.976932,-39.837991
351.050000,-39.678128,-39.937884,-39.798375
351.100000,-39.638424,-39.898942,-39.758864
351.150000,-39.598816,-39.860101,-39.719451
351.200000,-39.559298,-39.821357,-39.680130
351.250000,-39.519865,-39.782702,-39.640897
351.300000,-39.480511,-39.744132,-39.601747
351.350000,-39.441231,-39.705642,-39.562673
351.400000,-39.402020,-39.667227,-39.523670
351.450000,-39.362872,-39.628880,-39.484733
351.500000,-39.323782,-39.590598,-39.445858
351.550000,-39.284745,-39.552374,-39.407038
351.600000,-39.245756,-39.514205,-39.368269
351.650000,-39.206810,-39.476085,-39.329546
351.700000,-39.167901,-39.438010,-39.290864
351.750000,-39.129025,-39.399974,-39.252218
351.800000,-39.090177,-39.361972,-39.213604
351.850000,-39.051352,-39.324001,-39.175015
351.900000,-39.012546,-39.286056,-39.136448
351.950000,-38.973752,-39.248131,-39.097898
352.000000,-38.934967,-39.210222,-39.059360
352.050000,-38.896187,-39.172325,-39.020830
352.100000,-38.857405,-39.134434,-38.982302
352.150000,-38.818617,-39.096546,-38.943772
352.200000,-38.779819,-39.058656,-38.905236
352.250000,-38.741006,-39.020760,-38.866689
352.300000,-38.702173,-38.982852,-38.828125
352.350000,-38.663316,-38.944929,-38.789541
352.400000,-38.624429,-38.906986,-38.750932
352.450000,-38.585509,-38.869018,-38.712293
352.500000,-38.546549,-38.831021,-38.673620
352.550000,-38.507547,-38.792990,-38.634907
352.600000,-38.468496,-38.754921,-38.596151
352.650000,-38.429392,-38.716810,-38.557347
352.700000,-38.390231,-38.678652,-38.518490
352.750000,-38.351008,-38.640443,-38.479575
352.800000,-38.311717,-38.602178,-38.440598
352.850000,-38.272355,-38.563851,-38.401554
352.900000,-38.232915,-38.525460,-38.362437
352.950000,-38.193394,-38.486999,-38.323245
353.000000,-38.153786,-38.448464,-38.283971
353.050000,-38.114087,-38.409849,-38.244610
353.100000,-38.074290,-38.371151,-38.205158
353.150000,-38.034392,-38.332364,-38.165610
353.200000,-37.994386,-38.293483,-38.125960
353.250000,-37.954268,-38.254504,-38.086204
353.300000,-37.914033,-38.215421,-38.046336
353.350000,-37.873674,-38.176230,-38.006351
353.400000,-37.833186,-38.136926,-37.966244
353.450000,-37.792564,-38.097502,-37.926009
353.500000,-37.751803,-38.057955,-37.885640
353.550000,-37.710895,-38.018278,-37.845132
353.600000,-37.669836,-37.978466,-37.804479
353.650000,-37.628618,-37.938514,-37.763676
353.700000,-37.587237,-37.898415,-37.722715
353.750000,-37.545685,-37.858164,-37.681591
353.800000,-37.503957,-37.817754,-37.640298
353.850000,-37.462044,-37.777181,-37.598829
353.900000,-37.419942,-37.736437,-37.557178
353.950000,-37.377642,-37.695516,-37.515338
354.000000,-37.335138,-37.654411,-37.473301
354.050000,-37.292422,-37.613117,-37.431061
354.100000,-37.249487,-37.571625,-37.388611
354.150000,-37.206325,-37.529929,-37.345943
354.200000,-37.162928,-37.488022,-37.303049
354.250000,-37.119288,-37.445896,-37.259921
354.300000,-37.075397,-37.403543,-37.216551
354.350000,-37.031245,-37.360955,-37.172932
354.400000,-36.986825,-37.318125,-37.129053
354.450000,-36.942126,-37.275044,-37.084907
354.500000,-36.897139,-37.231703,-37.040483
354.550000,-36.851854,-37.188093,-36.995773
354.600000,-36.806261,-37.144205,-36.950767
354.650000,-36.760350,-37.100029,-36.905453
354.700000,-36.714109,-37.055555,-36.859823
354.750000,-36.667527,-37.010773,-36.813863
354.800000,-36.620592,-36.965672,-36.767564
354.850000,-36.573293,-36.920242,-36.720914
354.900000,-36.525616,-36.874470,-36.673899
354.950000,-36.477548,-36.828344,-36.626508
355.000000,-36.429075,-36.781853,-36.578726
355.050000,-36.380183,-36.734982,-36.530541
355.100000,-36.330857,-36.687719,-36.481937
355.150000,-36.281082,-36.640050,-36.432900
355.200000,-36.230841,-36.591959,-36.383414
355.250000,-36.180117,-36.543432,-36.333462
355.300000,-36.128893,-36.494453,-36.283028
355.350000,-36.077150,-36.445004,-36.232094
355.400000,-36.024869,-36.395068,-36.180640
355.450000,-35.972028,-36.344627,-36.128647
355.500000,-35.918608,-36.293662,-36.076095
355.550000,-35.864585,-36.242152,-36.022961
355.600000,-35.809936,-36.190076,-35.969224
355.650000,-35.754636,-36.137413,-35.914860
355.700000,-35.698659,-36.084138,-35.859843
355.750000,-35.641979,-36.030228,-35.804147
355.800000,-35.584565,-35.975655,-35.747744
355.850000,-35.526388,-35.920394,-35.690604
355.900000,-35.467416,-35.864415,-35.632698
355.950000,-35.407614,-35.807687,-35.573992
356.000000,-35.346946,-35.750179,-35.514452
356.050000,-35.285376,-35.691856,-35.454041
356.100000,-35.222861,-35.632683,-35.392720
356.150000,-35.159360,-35.572621,-35.330448
356.200000,-35.094827,-35.511630,-35.267182
356.250000,-35.029214,-35.449666,-35.202874
356.300000,-34.962470,-35.386685,-35.137476
356.350000,-34.894538,-35.322635,-35.070935
356.400000,-34.825362,-35.257467,-35.003195
356.450000,-34.754878,-35.191123,-34.934195
356.500000,-34.683019,-35.123545,-34.863870
356.550000,-34.609713,-35.054668,-34.792153
356.600000,-34.534884,-34.984425,-34.718968
356.650000,-34.458448,-34.912741,-34.644237
356.700000,-34.380316,-34.839538,-34.567873
356.750000,-34.300392,-34.764730,-34.489786
356.800000,-34.218573,-34.688227,-34.409874
356.850000,-34.134746,-34.609928,-34.328032
356.900000,-34.048790,-34.529727,-34.244141
356.950000,-33.960573,-34.447508,-34.158077
357.000000,-33.869952,-34.363144,-34.069702
357.050000,-33.776770,-34.276497,-33.978867
357.100000,-33.680858,-34.187420,-33.885408
357.150000,-33.582028,-34.095747,-33.789147
357.200000,-33.480076,-34.001299,-33.689888
357.250000,-33.374778,-33.903880,-33.587418
357.300000,-33.265886,-33.803274,-33.481499
357.350000,-33.153127,-33.699242,-33.371871
357.400000,-33.036199,-33.591521,-33.258245
357.450000,-32.914765,-33.479818,-33.140301
357.500000,-32.788453,-33.363809,-33.017683
357.550000,-32.656845,-33.243132,-32.889994
357.600000,-32.519475,-33.117383,-32.756789
357.650000,-32.375817,-32.986107,-32.617568
357.700000,-32.225279,-32.848794,-32.471767
357.750000,-32.067192,-32.704867,-32.318752
357.800000,-31.900793,-32.553670,-32.157797
357.850000,-31.725216,-32.394460,-31.988079
357.900000,-31.539465,-32.226384,-31.808654
357.950000,-31.342396,-32.048465,-31.618438
358.000000,-31.132686,-31.859576,-31.416177
358.050000,-30.908798,-31.658408,-31.200417
358.100000,-30.668937,-31.443441,-30.969461
358.150000,-30.410995,-31.212890,-30.721316
358.200000,-30.132484,-30.964656,-30.453634
358.250000,-29.830449,-30.696252,-30.163627
358.300000,-29.501357,-30.404714,-29.847968
358.350000,-29.140964,-30.086492,-29.502661
358.400000,-28.744133,-29.737299,-29.122876
358.450000,-28.304618,-29.351941,-28.702746
358.500000,-27.814776,-28.924077,-28.235099
358.550000,-27.265222,-28.445943,-27.711135
358.600000,-26.644393,-27.907995,-27.120024
358.650000,-25.938058,-27.298500,-26.448442
358.700000,-25.128788,-26.603101,-25.680077
358.750000,-24.195542,-25.804435,-24.795233
358.800000,-23.113655,-24.882042,-23.770788
358.850000,-21.855866,-23.813018,-22.581093
358.900000,-20.395565,-22.574307,-21.200876
358.950000,-18.714039,-21.147998,-19.611798
359.000000,-16.813473,-19.531089,-17.814296
359.050000,-14.734807,-17.749524,-15.844101
359.100000,-12.572837,-15.871491,-13.786757
359.150000,-10.474595,-14.009799,-11.777542
359.200000,-8.612967,-12.305707,-9.978769
359.250000,-7.145804,-10.898884,-8.542618
359.300000,-6.181682,-9.897958,-7.578291
359.350000,-5.766764,-9.364204,-7.137422
359.400000,-5.892193,-9.311237,-7.218606
359.450000,-6.511518,-9.715120,-7.782310
359.500000,-7.557816,-10.527296,-8.766764
359.550000,-8.955777,-11.685635,-10.099948
359.600000,-10.628816,-13.122270,-11.707185
359.650000,-12.503197,-14.768926,-13.515809
359.700000,-14.511034,-16.560840,-15.458538
359.750000,-16.593006,-18.439969,-17.476324
359.800000,-18.700335,-20.357316,-19.520395
359.850000,-20.795026,-22.273777,-21.552640
359.900000,-22.848113,-24.159226,-23.544097
359.950000,-24.836862,-25.990477,-25.472372
360.000000,-26.742307,-27.749115,-27.319233
360.050000,-28.547969,-29.420005,-29.069206
360.100000,-30.239790,-30.990704,-30.709287
360.150000,-31.806860,-32.451595,-32.229428
360.200000,-33.242281,-33.796323,-33.623235
360.250000,-34.543648,-35.022123,-34.888401
360.300000,-35.712912,-36.129779,-36.026616
360.350000,-36.755655,-37.123171,-37.042953
360.400000,-37.680036,-38.008533,-37.944949
360.450000,-38.495701,-38.793616,-38.741611
360.500000,-39.212849,-39.486922,-39.442556
360.550000,-39.841564,-40.097105,-40.057372
360.600000,-40.391389,-40.632557,-40.595197
360.650000,-40.871111,-41.101154,-41.064490
360.700000,-41.288673,-41.510136,-41.472937
360.750000,-41.651177,-41.866061,-41.827436
360.800000,-41.964933,-42.174820,-42.134135
360.850000,-42.235526,-42.441671,-42.398487
360.900000,-42.467893,-42.671296,-42.625320
360.950000,-42.666395,-42.867853,-42.818904
361.000000,-42.834883,-43.035036,-42.983017
361.050000,-42.976765,-43.176120,-43.121001
361.100000,-43.095054,-43.294017,-43.235812
361.150000,-43.192417,-43.391311,-43.330072
361.200000,-43.271221,-43.470300,-43.406104
361.250000,-43.333562,-43.533025,-43.465970
361.300000,-43.381306,-43.581307,-43.511501
361.350000,-43.416106,-43.616763,-43.544324
361.400000,-43.439436,-43.640836,-43.565886
361.450000,-43.452604,-43.654813,-43.577475
361.500000,-43.456779,-43.659839,-43.580238
361.550000,-43.452997,-43.656940,-43.575196
361.600000,-43.442186,-43.647027,-43.563260
361.650000,-43.425170,-43.630917,-43.545240
361.700000,-43.402686,-43.609339,-43.521862
361.750000,-43.375391,-43.582942,-43.493770
361.800000,-43.343870,-43.552310,-43.461540
361.850000,-43.308645,-43.517960,-43.425686
361.900000,-43.270184,-43.480358,-43.386667
361.950000,-43.228903,-43.439919,-43.344891
362.000000,-43.185172,-43.397011,-43.300724
362.050000,-43.139323,-43.351967,-43.254492
362.100000,-43.091651,-43.305082,-43.206483
362.150000,-43.042420,-43.256620,-43.156957
362.200000,-42.991864,-43.206815,-43.106145
362.250000,-42.940193,-43.155877,-43.054252
362.300000,-42.887591,-43.103994,-43.001460
362.350000,-42.834224,-43.051332,-42.947932
362.400000,-42.780240,-42.998038,-42.893812
362.450000,-42.725769,-42.944244,-42.839228
362.500000,-42.670926,-42.890066,-42.784293
362.550000,-42.615813,-42.835609,-42.729107
362.600000,-42.560522,-42.780964,-42.673761
362.650000,-42.505132,-42.726211,-42.618331
362.700000,-42.449713,-42.671421,-42.562886
362.750000,-42.394327,-42.616658,-42.507488
362.800000,-42.339028,-42.561976,-42.452189
362.850000,-42.283863,-42.507424,-42.397035
362.900000,-42.228874,-42.453043,-42.342066
362.950000,-42.174096,-42.398869,-42.287317
363.000000,-42.119560,-42.344935,-42.232818
363.050000,-42.065292,-42.291266,-42.178595
363.100000,-42.011314,-42.237885,-42.124669
363.150000,-41.957644,-42.184813,-42.071059
363.200000,-41.904300,-42.132064,-42.017779
363.250000,-41.851293,-42.079653,-41.964842
363.300000,-41.798634,-42.027589,-41.912258
363.350000,-41.746330,-41.975882,-41.860035
363.400000,-41.694389,-41.924537,-41.808177
363.450000,-41.642813,-41.873560,-41.756690
363.500000,-41.591606,-41.822953,-41.705575
363.550000,-41.540770,-41.772718,-41.654835
363.600000,-41.490303,-41.722855,-41.604467
363.650000,-41.440206,-41.673363,-41.554472
363.700000,-41.390475,-41.624241,-41.504847
363.750000,-41.341109,-41.575486,-41.455589
363.800000,-41.292103,-41.527093,-41.406694
363.850000,-41.243454,-41.479060,-41.358159
363.900000,-41.195157,-41.431382,-41.309977
363.950000,-41.147205,-41.384052,-41.262144
364.000000,-41.099594,-41.337067,-41.214654
364.050000,-41.052318,-41.290419,-41.167501
364.100000,-41.005370,-41.244103,-41.120678
364.150000,-40.958743,-41.198111,-41.074179
364.200000,-40.912431,-41.152437,-41.027996
364.250000,-40.866426,-41.107075,-40.982123
364.300000,-40.820722,-41.062017,-40.936553
364.350000,-40.775311,-41.017255,-40.891277
364.400000,-40.730185,-40.972783,-40.846290
364.450000,-40.685338,-40.928593,-40.801583
364.500000,-40.640762,-40.884677,-40.757148
364.550000,-40.596449,-40.841029,-40.712979
364.600000,-40.552392,-40.797640,-40.669067
364.650000,-40.508583,-40.754504,-40.625406
364.700000,-40.465015,-40.711612,-40.581988
364.750000,-40.421681,-40.668958,-40.538805
364.800000,-40.378572,-40.626534,-40.495851
364.850000,-40.335683,-40.584334,-40.453117
364.900000,-40.293005,-40.542348,-40.410597
364.950000,-40.250532,-40.500572,-40.368284
365.000000,-40.208256,-40.458997,-40.326170
365.050000,-40.166170,-40.417617,-40.284248
365.100000,-40.124267,-40.376424,-40.242511
365.150000,-40.082540,-40.335412,-40.200953
365.200000,-40.040984,-40.294574,-40.159567
365.250000,-39.999589,-40.253904,-40.118346
365.300000,-39.958351,-40.213394,-40.077283
365.350000,-39.917263,-40.173039,-40.036372
365.400000,-39.876318,-40.132831,-39.995606
365.450000,-39.835510,-40.092766,-39.954980
365.500000,-39.794832,-40.052835,-39.914486
365.550000,-39.754278,-40.013034,-39.874120
365.600000,-39.713843,-39.973357,-39.833874
365.650000,-39.673519,-39.933797,-39.793742
365.700000,-39.633302,-39.894348,-39.753720
365.750000,-39.593185,-39.855005,-39.713800
365.800000,-39.553163,-39.815762,-39.673977
365.850000,-39.513229,-39.776613,-39.634246
365.900000,-39.473378,-39.737554,-39.594601
365.950000,-39.433605,-39.698577,-39.555036
366.000000,-39.393904,-39.659679,-39.515546
366.050000,-39.354270,-39.620853,-39.476125
366.100000,-39.314697,-39.582095,-39.436769
366.150000,-39.275180,-39.543399,-39.397471
366.200000,-39.235713,-39.504761,-39.358228
366.250000,-39.196292,-39.466174,-39.319033
366.300000,-39.156911,-39.427634,-39.279881
366.350000,-39.117565,-39.389137,-39.240768
366.400000,-39.078249,-39.350677,-39.201688
366.450000,-39.038958,-39.312248,-39.162636
366.500000,-38.999687,-39.273848,-39.123608
366.550000,-38.960431,-39.235470,-39.084599
366.600000,-38.921186,-39.197110,-39.045603
366.650000,-38.881945,-39.158763,-39.006616
366.700000,-38.842705,-39.120424,-38.967634
366.750000,-38.803460,-39.082089,-38.928650
366.800000,-38.764206,-39.043754,-38.889661
366.850000,-38.724937,-39.005412,-38.850661
366.900000,-38.685649,-38.967060,-38.811646
366.950000,-38.646336,-38.928694,-38.772610
367.000000,-38.606995,-38.890307,-38.733550
367.050000,-38.567620,-38.851897,-38.694461
367.100000,-38.528206,-38.813457,-38.655337
367.150000,-38.488748,-38.774984,-38.616174
367.200000,-38.449242,-38.736474,-38.576967
367.250000,-38.409683,-38.697920,-38.537711
367.300000,-38.370065,-38.659319,-38.498402
367.350000,-38.330384,-38.620666,-38.459034
367.400000,-38.290635,-38.581956,-38.419603
367.450000,-38.250813,-38.543185,-38.380104
367.500000,-38.210913,-38.504347,-38.340532
367.550000,-38.170929,-38.465439,-38.300881
367.600000,-38.130856,-38.426455,-38.261148
367.650000,-38.090691,-38.387390,-38.221327
367.700000,-38.050426,-38.348239,-38.181412
367.750000,-38.010057,-38.308998,-38.141399
367.800000,-37.969578,-38.269662,-38.101282
367.850000,-37.928985,-38.230225,-38.061056
367.900000,-37.888271,-38.190682,-38.020716
367.950000,-37.847430,-38.151028,-37.980256
368.000000,-37.806458,-38.111257,-37.939670
368.050000,-37.765348,-38.071365,-37.898953
368.100000,-37.724094,-38.031346,-37.858099
368.150000,-37.682691,-37.991194,-37.817103
368.200000,-37.641132,-37.950903,-37.775957
368.250000,-37.599410,-37.910468,-37.734657
368.300000,-37.557520,-37.869883,-37.693195
368.350000,-37.515455,-37.829141,-37.651565
368.400000,-37.473208,-37.788237,-37.609762
368.450000,-37.430772,-37.747163,-37.567777
368.500000,-37.388140,-37.705914,-37.525605
368.550000,-37.345305,-37.664483,-37.483238
368.600000,-37.302259,-37.622863,-37.440669
368.650000,-37.258996,-37.581048,-37.397890
368.700000,-37.215506,-37.539029,-37.354895
368.750000,-37.171782,-37.496800,-37.311674
368.800000,-37.127816,-37.454352,-37.268221
368.850000,-37.083599,-37.411679,-37.224527
368.900000,-37.039123,-37.368772,-37.180583
368.950000,-36.994378,-37.325623,-37.136381
369.000000,-36.949355,-37.282223,-37.091912
369.050000,-36.904044,-37.238564,-37.047165
369.100000,-36.858436,-37.194637,-37.002133
369.150000,-36.812519,-37.150431,-36.956804
369.200000,-36.766284,-37.105938,-36.911168
369.250000,-36.719720,-37.061147,-36.865215
369.300000,-36.672814,-37.016047,-36.818933
369.350000,-36.625555,-36.970629,-36.772311
369.400000,-36.577931,-36.924881,-36.725336
369.450000,-36.529928,-36.878790,-36.677998
369.500000,-36.481533,-36.832346,-36.630282
369.550000,-36.432734,-36.785535,-36.582175
369.600000,-36.383514,-36.738345,-36.533663
369.650000,-36.333859,-36.690761,-36.484732
369.700000,-36.283753,-36.642769,-36.435366
369.750000,-36.233180,-36.594356,-36.385550
369.800000,-36.182123,-36.545504,-36.335267
369.850000,-36.130563,-36.496199,-36.284500
369.900000,-36.078483,-36.446422,-36.233231
369.950000,-36.025862,-36.396157,-36.181440
370.000000,-35.972680,-36.345385,-36.129109
370.050000,-35.918916,-36.294087,-36.076216
370.100000,-35.864546,-36.242242,-36.022739
370.150000,-35.809548,-36.189829,-35.968655
370.200000,-35.753896,-36.136825,-35.913942
370.250000,-35.697563,-36.083207,-35.858573
370.300000,-35.640524,-36.028950,-35.802521
370.350000,-35.582747,-35.974029,-35.745759
370.400000,-35.524203,-35.918414,-35.688257
370.450000,-35.464859,-35.862078,-35.629984
370.500000,-35.404682,-35.804990,-35.570906
370.550000,-35.343633,-35.747117,-35.510990
370.600000,-35.281677,-35.688425,-35.450198
370.650000,-35.218770,-35.628878,-35.388490
370.700000,-35.154872,-35.568436,-35.325826
370.750000,-35.089935,-35.507060,-35.262161
370.800000,-35.023911,-35.444705,-35.197449
370.850000,-34.956747,-35.381326,-35.131639
370.900000,-34.888390,-35.316872,-35.064679
370.950000,-34.818779,-35.251292,-34.996511
371.000000,-34.747850,-35.184528,-34.927074
371.050000,-34.675538,-35.116522,-34.856304
371.100000,-34.601768,-35.047207,-34.784131
371.150000,-34.526463,-34.976516,-34.710480
371.200000,-34.449540,-34.904375,-34.635271
371.250000,-34.370908,-34.830702,-34.558418
371.300000,-34.290470,-34.755413,-34.479826
371.350000,-34.208121,-34.678415,-34.399397
371.400000,-34.123749,-34.599607,-34.317021
371.450000,-34.037230,-34.518882,-34.232580
371.500000,-33.948430,-34.436121,-34.145948
371.550000,-33.857206,-34.351198,-34.056984
371.600000,-33.763398,-34.263973,-33.965538
371.650000,-33.666835,-34.174295,-33.871446
371.700000,-33.567328,-34.081998,-33.774526
371.750000,-33.464670,-33.986901,-33.674580
371.800000,-33.358633,-33.888805,-33.571392
371.850000,-33.248967,-33.787491,-33.464721
371.900000,-33.135394,-33.682717,-33.354304
371.950000,-33.017610,-33.574217,-33.239849
372.000000,-32.895273,-33.461693,-33.121030
372.050000,-32.768005,-33.344819,-32.997487
372.100000,-32.635382,-33.223225,-32.868817
372.150000,-32.496931,-33.096503,-32.734569
372.200000,-32.352119,-32.964191,-32.594235
372.250000,-32.200345,-32.825771,-32.447243
372.300000,-32.040928,-32.680656,-32.292948
372.350000,-31.873095,-32.528182,-32.130613
372.400000,-31.695962,-32.367592,-31.959402
372.450000,-31.508520,-32.198019,-31.778354
372.500000,-31.309602,-32.018470,-31.586366
372.550000,-31.097863,-31.827796,-31.382162
372.600000,-30.871737,-31.624667,-31.164262
372.650000,-30.629394,-31.407532,-30.930934
372.700000,-30.368686,-31.174573,-30.680150
372.750000,-30.087075,-30.923649,-30.409513
372.800000,-29.781543,-30.652222,-30.116177
372.850000,-29.448483,-30.357268,-29.796747
372.900000,-29.083560,-30.035158,-29.447138
372.950000,-28.681522,-29.681514,-29.062416
373.000000,-28.235983,-29.291026,-28.636582
373.050000,-27.739127,-28.857211,-28.162302
373.100000,-27.181357,-28.372130,-27.630577
373.150000,-26.550854,-27.826030,-27.030339
373.200000,-25.833086,-27.206930,-26.347982
373.250000,-25.010294,-26.500196,-25.566886
373.300000,-24.061117,-25.688191,-24.667049
373.350000,-22.960680,-24.750249,-23.625145
373.400000,-21.681834,-23.663496,-22.415606
373.450000,-20.198782,-22.405418,-21.013882
373.500000,-18.494919,-20.959614,-19.403527
373.550000,-16.576432,-19.326070,-17.588625
373.600000,-14.490174,-17.535324,-15.610354
373.650000,-12.337284,-15.660843,-13.560245
373.700000,-10.268667,-13.819316,-11.577479
373.750000,-8.456264,-12.152463,-9.823945
373.800000,-7.052308,-10.796575,-8.446991
373.850000,-6.157482,-9.854436,-7.548600
373.900000,-5.810598,-9.381104,-7.173383
373.950000,-5.997641,-9.385166,-7.314751
374.000000,-6.669377,-9.839385,-7.930165
374.050000,-7.757838,-10.693453,-8.956551
374.100000,-9.187683,-11.884581,-10.321660
374.150000,-10.882840,-13.344956,-11.951204
374.200000,-12.770428,-15.006843,-13.773310
374.250000,-14.783727,-16.806408,-15.721816
374.300000,-16.864839,-18.686831,-17.739063
374.350000,-18.966489,-20.600481,-19.777755
374.400000,-21.052004,-22.509535,-21.801107
374.450000,-23.093376,-24.384888,-23.781144
374.500000,-25.068458,-26.204065,-25.696108
374.550000,-26.958638,-27.949118,-27.528158
374.600000,-28.747721,-29.605256,-29.262122
374.650000,-30.421995,-31.160359,-30.885319
374.700000,-31.970985,-32.605172,-32.388101
374.750000,-33.388298,-33.933741,-33.764529
374.800000,-34.672033,-35.143705,-35.012756
374.850000,-35.824566,-36.236206,-36.134863
374.900000,-36.851781,-37.215394,-37.136212
374.950000,-37.762005,-38.087674,-38.024503
375.000000,-38.564935,-38.860873,-38.808804
375.050000,-39.270736,-39.543494,-39.498707
375.100000,-39.889401,-40.144140,-40.103724
375.150000,-40.430361,-40.671118,-40.632888
375.200000,-40.902278,-41.132212,-41.094546
375.250000,-41.312973,-41.534559,-41.496269
375.300000,-41.669436,-41.884623,-41.844849
375.350000,-41.977877,-42.188204,-42.146336
375.400000,-42.243789,-42.450481,-42.406096
375.450000,-42.472031,-42.676063,-42.628881
375.500000,-42.666895,-42.869046,-42.818895
375.550000,-42.832172,-43.033064,-42.979855
375.600000,-42.971216,-43.171348,-43.115053
375.650000,-43.086996,-43.286762,-43.227400
375.700000,-43.182138,-43.381855,-43.319480
375.750000,-43.258975,-43.458890,-43.393581
375.800000,-43.319574,-43.519881,-43.451735
375.850000,-43.365771,-43.566621,-43.495747
375.900000,-43.399198,-43.600706,-43.527222
375.950000,-43.421308,-43.623559,-43.547586
376.000000,-43.433391,-43.636448,-43.558110
376.050000,-43.436599,-43.640505,-43.559924
376.100000,-43.431957,-43.636740,-43.554037
376.150000,-43.420378,-43.626054,-43.541347
376.200000,-43.402676,-43.609253,-43.522654
376.250000,-43.379579,-43.587055,-43.498673
376.300000,-43.351733,-43.560103,-43.470041
376.350000,-43.319719,-43.528971,-43.437326
376.400000,-43.284051,-43.494172,-43.401037
376.450000,-43.245190,-43.456164,-43.361625
376.500000,-43.203547,-43.415358,-43.319495
376.550000,-43.159489,-43.372118,-43.275007
376.600000,-43.113342,-43.326772,-43.228482
376.650000,-43.065400,-43.279611,-43.180207
376.700000,-43.015920,-43.230896,-43.130438
376.750000,-42.965137,-43.180859,-43.079402
376.800000,-42.913254,-43.129708,-43.027303
376.850000,-42.860458,-43.077626,-42.974319
376.900000,-42.806910,-43.024779,-42.920613
376.950000,-42.752755,-42.971312,-42.866325
377.000000,-42.698124,-42.917356,-42.811584
377.050000,-42.643129,-42.863025,-42.756500
377.100000,-42.587873,-42.808422,-42.701173
377.150000,-42.532444,-42.753637,-42.645691
377.200000,-42.476921,-42.698750,-42.590130
377.250000,-42.421374,-42.643832,-42.534560
377.300000,-42.365863,-42.588944,-42.479039
377.350000,-42.310443,-42.534140,-42.423620
377.400000,-42.255160,-42.479468,-42.368348
377.450000,-42.200053,-42.424970,-42.313264
377.500000,-42.145159,-42.370680,-42.258401
377.550000,-42.090508,-42.316631,-42.203789
377.600000,-42.036125,-42.262848,-42.149453
377.650000,-41.982033,-42.209354,-42.095415
377.700000,-41.928250,-42.156168,-42.041692
377.750000,-41.874791,-42.103306,-41.988299
377.800000,-41.821669,-42.050780,-41.935249
377.850000,-41.768894,-41.998603,-41.882551
377.900000,-41.716474,-41.946780,-41.830212
377.950000,-41.664415,-41.895320,-41.778239
378.000000,-41.612721,-41.844226,-41.726634
378.050000,-41.561394,-41.793500,-41.675401
378.100000,-41.510436,-41.743146,-41.624540
378.150000,-41.459846,-41.693162,-41.574052
378.200000,-41.409624,-41.643548,-41.523934
378.250000,-41.359768,-41.594302,-41.474184
378.300000,-41.310274,-41.545421,-41.424800
378.350000,-41.261139,-41.496902,-41.375778
378.400000,-41.212358,-41.448740,-41.327112
378.450000,-41.163928,-41.400932,-41.278799
378.500000,-41.115841,-41.353470,-41.230833
378.550000,-41.068094,-41.306351,-41.183208
378.600000,-41.020678,-41.259568,-41.135918
378.650000,-40.973590,-41.213114,-41.088956
378.700000,-40.926820,-41.166983,-41.042317
378.750000,-40.880363,-41.121169,-40.995991
378.800000,-40.834212,-41.075664,-40.949974
378.850000,-40.788360,-41.030461,-40.904257
378.900000,-40.742798,-40.985553,-40.858833
378.950000,-40.697520,-40.940932,-40.813695
379.000000,-40.652519,-40.896591,-40.768835
379.050000,-40.607786,-40.852524,-40.724247
379.100000,-40.563314,-40.808721,-40.679921
379.150000,-40.519097,-40.765177,-40.635851
379.200000,-40.475125,-40.721882,-40.592030
379.250000,-40.431393,-40.678831,-40.548449
379.300000,-40.387891,-40.636015,-40.505102
379.350000,-40.344614,-40.593428,-40.461981
379.400000,-40.301554,-40.551061,-40.419079
379.450000,-40.258703,-40.508908,-40.376389
379.500000,-40.216054,-40.466962,-40.333902
379.550000,-40.173601,-40.425216,-40.291614
379.600000,-40.131335,-40.383662,-40.249515
379.650000,-40.089251,-40.342293,-40.207599
379.700000,-40.047341,-40.301104,-40.165860
379.750000,-40.005597,-40.260086,-40.124291
379.800000,-39.964015,-40.219234,-40.082884
379.850000,-39.922586,-40.178540,-40.041633
379.900000,-39.881305,-40.137998,-40.000532
379.950000,-39.840165,-40.097603,-39.959575
380.000000,-39.799159,-40.057347,-39.918754
380.050000,-39.758281,-40.017224,-39.878064
380.100000,-39.717525,-39.977228,-39.837498
380.150000,-39.676885,-39.937354,-39.797051
380.200000,-39.636354,-39.897594,-39.756715
380.250000,-39.595927,-39.857944,-39.716486
380.300000,-39.555598,-39.818397,-39.676358
380.350000,-39.515361,-39.778948,-39.636324
380.400000,-39.475210,-39.739591,-39.596379
380.450000,-39.435139,-39.700320,-39.556518
380.500000,-39.395144,-39.661130,-39.516734
380.550000,-39.355218,-39.622016,-39.477023
380.600000,-39.315355,-39.582972,-39.437378
380.650000,-39.275551,-39.543993,-39.397795
380.700000,-39.235800,-39.505073,-39.358268
380.750000,-39.196097,-39.466208,-39.318792
380.800000,-39.156436,-39.427393,-39.279362
380.850000,-39.116813,-39.388621,-39.239972
380.900000,-39.077221,-39.349889,-39.200618
380.950000,-39.037657,-39.311192,-39.161294
381.000000,-38.998114,-39.272523,-39.121995
381.050000,-38.958588,-39.233879,-39.082717
381.100000,-38.919074,-39.195255,-39.043454
381.150000,-38.879566,-39.156646,-39.004202
381.200000,-38.840060,-39.118046,-38.964955
381.250000,-38.800551,-39.079452,-38.925708
381.300000,-38.761034,-39.040858,-38.886457
381.350000,-38.721503,-39.002259,-38.847197
381.400000,-38.681954,-38.963652,-38.807922
381.450000,-38.642382,-38.925030,-38.768629
381.500000,-38.602782,-38.886390,-38.729312
381.550000,-38.563148,-38.847727,-38.689965
381.600000,-38.523477,-38.809036,-38.650586
381.650000,-38.483762,-38.770312,-38.611167
381.700000,-38.444000,-38.731550,-38.571706
381.750000,-38.404184,-38.692747,-38.532196
381.800000,-38.364311,-38.653896,-38.492633
381.850000,-38.324375,-38.614994,-38.453011
381.900000,-38.284370,-38.576035,-38.413327
381.950000,-38.244293,-38.537015,-38.373575
382.000000,-38.204137,-38.497929,-38.333749
382.050000,-38.163898,-38.458772,-38.293846
382.100000,-38.123570,-38.419539,-38.253859
382.150000,-38.083148,-38.380226,-38.213784
382.200000,-38.042626,-38.340826,-38.173615
382.250000,-38.002000,-38.301336,-38.133347
382.300000,-37.961264,-38.261750,-38.092975
382.350000,-37.920412,-38.222062,-38.052493
382.400000,-37.879439,-38.182268,-38.011897
382.450000,-37.838339,-38.142363,-37.971179
382.500000,-37.797105,-38.102340,-37.930335
382.550000,-37.755733,-38.062194,-37.889359
382.600000,-37.714216,-38.021921,-37.848244
382.650000,-37.672547,-37.981513,-37.806986
382.700000,-37.630722,-37.940965,-37.765577
382.750000,-37.588732,-37.900272,-37.724011
382.800000,-37.546573,-37.859427,-37.682283
382.850000,-37.504236,-37.818424,-37.640386
382.900000,-37.461715,-37.777257,-37.598312
382.950000,-37.419003,-37.735919,-37.556055
383.000000,-37.376094,-37.694404,-37.513609
383.050000,-37.332978,-37.652704,-37.470965
383.100000,-37.289650,-37.610813,-37.428117
383.150000,-37.246101,-37.568724,-37.385058
383.200000,-37.202323,-37.526430,-37.341778
383.250000,-37.158308,-37.483923,-37.298271
383.300000,-37.114048,-37.441195,-37.254528
383.350000,-37.069534,-37.398238,-37.210541
383.400000,-37.024756,-37.355044,-37.166301
383.450000,-36.979706,-37.311605,-37.121799
383.500000,-36.934375,-37.267912,-37.077027
383.550000,-36.888752,-37.223956,-37.031973
383.600000,-36.842827,-37.179727,-36.986629
383.650000,-36.796589,-37.135217,-36.940985
383.700000,-36.750029,-37.090415,-36.895029
383.750000,-36.703134,-37.045311,-36.848751
383.800000,-36.655892,-36.999894,-36.802139
383.850000,-36.608292,-36.954153,-36.755183
383.900000,-36.560321,-36.908077,-36.707868
383.950000,-36.511965,-36.861654,-36.660184
384.000000,-36.463212,-36.814872,-36.612116
384.050000,-36.414046,-36.767716,-36.563650
384.100000,-36.364454,-36.720175,-36.514774
384.150000,-36.314419,-36.672235,-36.465471
384.200000,-36.263926,-36.623880,-36.415726
384.250000,-36.212958,-36.575095,-36.365523
384.300000,-36.161497,-36.525865,-36.314846
384.350000,-36.109525,-36.476174,-36.263675
384.400000,-36.057023,-36.426003,-36.211993
384.450000,-36.003970,-36.375335,-36.159781
384.500000,-35.950346,-36.324151,-36.107018
384.550000,-35.896129,-36.272430,-36.053683
384.600000,-35.841295,-36.220153,-35.999753
384.650000,-35.785821,-36.167297,-35.945205
384.700000,-35.729680,-36.113839,-35.890014
384.750000,-35.672845,-36.059754,-35.834155
384.800000,-35.615289,-36.005019,-35.777600
384.850000,-35.556981,-35.949605,-35.720320
384.900000,-35.497889,-35.893484,-35.662285
384.950000,-35.437981,-35.836626,-35.603463
385.000000,-35.377222,-35.779001,-35.543819
385.050000,-35.315572,-35.720574,-35.483318
385.100000,-35.252995,-35.661310,-35.421922
385.150000,-35.189446,-35.601171,-35.359590
385.200000,-35.124883,-35.540119,-35.296281
385.250000,-35.059257,-35.478110,-35.231947
385.300000,-34.992518,-35.415100,-35.166541
385.350000,-34.924613,-35.351041,-35.100011
385.400000,-34.855485,-35.285882,-35.032303
385.450000,-34.785071,-35.219568,-34.963357
385.500000,-34.713307,-35.152042,-34.893110
385.550000,-34.640123,-35.083241,-34.821496
385.600000,-34.565443,-35.013098,-34.748442
385.650000,-34.489187,-34.941542,-34.673870
385.700000,-34.411268,-34.868495,-34.597697
385.750000,-34.331592,-34.793876,-34.519834
385.800000,-34.250059,-34.717594,-34.440184
385.850000,-34.166559,-34.639554,-34.358642
385.900000,-34.080975,-34.559652,-34.275095
385.950000,-33.993178,-34.477774,-34.189422
386.000000,-33.903030,-34.393798,-34.101488
386.050000,-33.810380,-34.307591,-34.011149
386.100000,-33.715062,-34.219009,-33.918247
386.150000,-33.616896,-34.127892,-33.822609
386.200000,-33.515684,-34.034068,-33.724048
386.250000,-33.411210,-33.937346,-33.622354
386.300000,-33.303236,-33.837519,-33.517301
386.350000,-33.191497,-33.734355,-33.408638
386.400000,-33.075703,-33.627603,-33.296085
386.450000,-32.955531,-33.516979,-33.179336
386.500000,-32.830623,-33.402174,-33.058049
386.550000,-32.700579,-33.282839,-32.931842
386.600000,-32.564951,-33.158587,-32.800290
386.650000,-32.423238,-33.028983,-32.662914
386.700000,-32.274873,-32.893540,-32.519178
386.750000,-32.119219,-32.751706,-32.368472
386.800000,-31.955550,-32.602858,-32.210109
386.850000,-31.783043,-32.446288,-32.043305
386.900000,-31.600752,-32.281187,-31.867166
386.950000,-31.407594,-32.106629,-31.680663
387.000000,-31.202320,-31.921547,-31.482612
387.050000,-30.983481,-31.724708,-31.271641
387.100000,-30.749386,-31.514677,-31.046152
387.150000,-30.498059,-31.289780,-30.804277
387.200000,-30.227169,-31.048049,-30.543813
387.250000,-29.933956,-30.787157,-30.262157
387.300000,-29.615129,-30.504342,-29.956209
387.350000,-29.266746,-30.196300,-29.622255
387.400000,-28.884050,-29.859059,-29.255819
387.450000,-28.461267,-29.487811,-28.851478
387.500000,-27.991359,-29.076708,-28.402622
387.550000,-27.465694,-28.618604,-27.901157
387.600000,-26.873660,-28.104728,-27.337136
387.650000,-26.202196,-27.524309,-26.698331
387.700000,-25.435285,-26.864146,-25.969748
387.750000,-24.553489,-26.108207,-25.133192
387.800000,-23.533746,-25.237405,-24.167059
387.850000,-22.349928,-24.229909,-23.046802
387.900000,-20.975061,-23.062681,-21.746918
387.950000,-19.386769,-21.715414,-20.245852
388.000000,-17.577811,-20.178371,-18.535565
388.050000,-15.572221,-18.464820,-16.636376
388.100000,-13.442523,-16.625307,-14.613158
388.150000,-11.315981,-14.755325,-12.582200
388.200000,-9.357916,-12.986646,-10.697466
388.250000,-7.734815,-11.461708,-9.117657
388.300000,-6.575804,-10.302633,-7.970118
388.350000,-5.950859,-9.589221,-7.328637
388.400000,-5.870997,-9.352744,-7.211141
388.450000,-6.302859,-9.582725,-7.591523
388.500000,-7.186529,-10.239296,-8.415711
388.550000,-8.449595,-11.265122,-9.615250
388.600000,-10.015969,-12.594398,-11.116430
388.650000,-11.810936,-14.159007,-12.845886
388.700000,-13.764458,-15.892870,-14.734342
388.750000,-15.813994,-17.735404,-16.719653
388.800000,-17.906861,-19.634243,-18.749231
388.850000,-20.001212,-21.546699,-20.781139
388.900000,-22.065009,-23.439510,-22.783265
388.950000,-24.073492,-25.287142,-24.731042
389.000000,-26.006485,-27.069583,-26.604877
389.050000,-27.846630,-28.770557,-28.388329
389.100000,-29.578893,-30.376596,-30.067419
389.150000,-31.191043,-31.876940,-31.630869
389.200000,-32.674517,-33.263894,-33.070771
389.250000,-34.025098,-34.533240,-34.383164
389.300000,-35.243023,-35.684352,-35.568159
389.350000,-36.332477,-36.719904,-36.629519
389.400000,-37.300647,-37.645226,-37.573847
389.450000,-38.156621,-38.467491,-38.409593
389.500000,-38.910389,-39.194912,-39.146144
389.550000,-39.572070,-39.836079,-39.793090
389.600000,-40.151395,-40.399468,-40.359722
389.650000,-40.657416,-40.893133,-40.854739
389.700000,-41.098373,-41.324536,-41.286097
389.750000,-41.481664,-41.700475,-41.660973
389.800000,-41.813880,-42.027077,-41.985780
389.850000,-42.100866,-42.309824,-42.266220
389.900000,-42.347790,-42.553604,-42.507344
389.950000,-42.559218,-42.762764,-42.713623
390.000000,-42.739188,-42.941165,-42.889013
390.050000,-42.891266,-43.092233,-43.037012
390.100000,-43.018611,-43.219012,-43.160719
390.150000,-43.124016,-43.324207,-43.262878
390.200000,-43.209958,-43.410221,-43.345921
390.250000,-43.278634,-43.479189,-43.412008
390.300000,-43.331994,-43.533013,-43.463053
390.350000,-43.371771,-43.573387,-43.500762
390.400000,-43.399505,-43.601819,-43.526648
390.450000,-43.416568,-43.619654,-43.542059
390.500000,-43.424180,-43.628090,-43.548194
390.550000,-43.423429,-43.628198,-43.546123
390.600000,-43.415281,-43.620934,-43.536798
390.650000,-43.400603,-43.607150,-43.521068
390.700000,-43.380163,-43.587607,-43.499691
390.750000,-43.354649,-43.562987,-43.473342
390.800000,-43.324674,-43.533898,-43.442623
390.850000,-43.290785,-43.500883,-43.408074
390.900000,-43.253470,-43.464428,-43.370173
390.950000,-43.213166,-43.424966,-43.329349
391.000000,-43.170260,-43.382886,-43.285985
391.050000,-43.125100,-43.338533,-43.240420
391.100000,-43.077995,-43.292218,-43.192960
391.150000,-43.029221,-43.244216,-43.143875
391.200000,-42.979024,-43.194774,-43.093408
391.250000,-42.927624,-43.144111,-43.041772
391.300000,-42.875215,-43.092424,-42.989161
391.350000,-42.821971,-43.039887,-42.935745
391.400000,-42.768046,-42.986656,-42.881674
391.450000,-42.713577,-42.932868,-42.827084
391.500000,-42.658687,-42.878646,-42.772094
391.550000,-42.603482,-42.824100,-42.716810
391.600000,-42.548058,-42.769324,-42.661324
391.650000,-42.492500,-42.714406,-42.605721
391.700000,-42.436880,-42.659419,-42.550071
391.750000,-42.381266,-42.604430,-42.494441
391.800000,-42.325714,-42.549497,-42.438884
391.850000,-42.270274,-42.494671,-42.383451
391.900000,-42.214989,-42.439996,-42.328184
391.950000,-42.159899,-42.385512,-42.273120
392.000000,-42.105034,-42.331251,-42.218292
392.050000,-42.050424,-42.277242,-42.163725
392.100000,-41.996093,-42.223510,-42.109445
392.150000,-41.942061,-42.170076,-42.055470
392.200000,-41.888344,-42.116956,-42.001817
392.250000,-41.834957,-42.064167,-41.948499
392.300000,-41.781911,-42.011718,-41.895528
392.350000,-41.729215,-41.959621,-41.842912
392.400000,-41.676877,-41.907881,-41.790658
392.450000,-41.624900,-41.856505,-41.738770
392.500000,-41.573289,-41.805496,-41.687251
392.550000,-41.522046,-41.754856,-41.636104
392.600000,-41.471170,-41.704586,-41.585328
392.650000,-41.420662,-41.654685,-41.534923
392.700000,-41.370519,-41.605153,-41.484887
392.750000,-41.320740,-41.555987,-41.435217
392.800000,-41.271321,-41.507184,-41.385910
392.850000,-41.222259,-41.458740,-41.336962
392.900000,-41.173547,-41.410651,-41.288369
392.950000,-41.125183,-41.362911,-41.240124
393.000000,-41.077159,-41.315515,-41.192222
393.050000,-41.029470,-41.268458,-41.144658
393.100000,-40.982110,-41.221734,-41.097426
393.150000,-40.935073,-41.175335,-41.050517
393.200000,-40.888351,-41.129255,-41.003927
393.250000,-40.841937,-41.083487,-40.957647
393.300000,-40.795825,-41.038025,-40.911670
393.350000,-40.750007,-40.992861,-40.865990
393.400000,-40.704476,-40.947987,-40.820599
393.450000,-40.659224,-40.903397,-40.775490
393.500000,-40.614245,-40.859082,-40.730654
393.550000,-40.569529,-40.815036,-40.686085
393.600000,-40.525071,-40.771251,-40.641775
393.650000,-40.480862,-40.727720,-40.597716
393.700000,-40.436895,-40.684435,-40.553901
393.750000,-40.393163,-40.641388,-40.510323
393.800000,-40.349657,-40.598573,-40.466974
393.850000,-40.306372,-40.555982,-40.423847
393.900000,-40.263299,-40.513608,-40.380935
393.950000,-40.220431,-40.471443,-40.338229
394.000000,-40.177761,-40.429481,-40.295724
394.050000,-40.135281,-40.387714,-40.253412
394.100000,-40.092986,-40.346135,-40.211286
394.150000,-40.050867,-40.304738,-40.169339
394.200000,-40.008919,-40.263516,-40.127564
394.250000,-39.967133,-40.222461,-40.085955
394.300000,-39.925504,-40.181568,-40.044504
394.350000,-39.884025,-40.140830,-40.003206
394.400000,-39.842688,-40.100240,-39.962053
394.450000,-39.801489,-40.059792,-39.921039
394.500000,-39.760420,-40.019479,-39.880158
394.550000,-39.719475,-39.979296,-39.839404
394.600000,-39.678648,-39.939236,-39.798770
394.650000,-39.637933,-39.899293,-39.758251
394.700000,-39.597323,-39.859461,-39.717840
394.750000,-39.556813,-39.819735,-39.677531
394.800000,-39.516397,-39.780109,-39.637318
394.850000,-39.476069,-39.740576,-39.597197
394.900000,-39.435823,-39.701132,-39.557161
394.950000,-39.395653,-39.661770,-39.517204
395.000000,-39.355555,-39.622485,-39.477321
395.050000,-39.315521,-39.583273,-39.437506
395.100000,-39.275548,-39.544126,-39.397755
395.150000,-39.235629,-39.505041,-39.358060
395.200000,-39.195760,-39.466012,-39.318419
395.250000,-39.155934,-39.427033,-39.278824
395.300000,-39.116146,-39.388100,-39.239271
395.350000,-39.076392,-39.349208,-39.199755
395.400000,-39.036666,-39.310351,-39.160270
395.450000,-38.996963,-39.271525,-39.120812
395.500000,-38.957277,-39.232724,-39.081375
395.550000,-38.917605,-39.193944,-39.041954
395.600000,-38.877939,-39.155179,-39.002545
395.650000,-38.838277,-39.116425,-38.963142
395.700000,-38.798611,-39.077678,-38.923740
395.750000,-38.758939,-39.038931,-38.884334
395.800000,-38.719253,-39.000181,-38.844920
395.850000,-38.679550,-38.961423,-38.805493
395.900000,-38.639824,-38.922651,-38.766047
395.950000,-38.600071,-38.883861,-38.726577
396.000000,-38.560285,-38.845048,-38.687080
396.050000,-38.520461,-38.806208,-38.647549
396.100000,-38.480595,-38.767335,-38.607979
396.150000,-38.440681,-38.728426,-38.568367
396.200000,-38.400714,-38.689474,-38.528707
396.250000,-38.360689,-38.650476,-38.488994
396.300000,-38.320602,-38.611426,-38.449222
396.350000,-38.280446,-38.572320,-38.409388
396.400000,-38.240218,-38.533153,-38.369486
396.450000,-38.199911,-38.493920,-38.329511
396.500000,-38.159520,-38.454616,-38.289457
396.550000,-38.119041,-38.415236,-38.249320
396.600000,-38.078467,-38.375775,-38.209095
396.650000,-38.037794,-38.336228,-38.168776
396.700000,-37.997016,-38.296590,-38.128357
396.750000,-37.956127,-38.256856,-38.087834
396.800000,-37.915122,-38.217020,-38.047201
396.850000,-37.873995,-38.177078,-38.006452
396.900000,-37.832740,-38.137023,-37.965581
396.950000,-37.791352,-38.096850,-37.924584
397.000000,-37.749824,-38.056555,-37.883454
397.050000,-37.708150,-38.016130,-37.842185
397.100000,-37.666325,-37.975571,-37.800771
397.150000,-37.624341,-37.934871,-37.759206
397.200000,-37.582192,-37.894024,-37.717483
397.250000,-37.539872,-37.853025,-37.675597
397.300000,-37.497374,-37.811867,-37.633540
397.350000,-37.454691,-37.770544,-37.591306
397.400000,-37.411815,-37.729048,-37.548888
397.450000,-37.368740,-37.687375,-37.506278
397.500000,-37.325459,-37.645516,-37.463470
397.550000,-37.281962,-37.603464,-37.420457
397.600000,-37.238243,-37.561213,-37.377230
397.650000,-37.194294,-37.518754,-37.333781
397.700000,-37.150106,-37.476081,-37.290103
397.750000,-37.105670,-37.433186,-37.246188
397.800000,-37.060979,-37.390060,-37.202027
397.850000,-37.016022,-37.346696,-37.157610
397.900000,-36.970791,-37.303084,-37.112930
397.950000,-36.925275,-37.259216,-37.067976
398.000000,-36.879466,-37.215083,-37.022740
398.050000,-36.833352,-37.170676,-36.977210
398.100000,-36.786923,-37.125984,-36.931377
398.150000,-36.740168,-37.080997,-36.885231
398.200000,-36.693075,-37.035706,-36.838759
398.250000,-36.645633,-36.990100,-36.791951
398.300000,-36.597829,-36.944167,-36.744794
398.350000,-36.549651,-36.897895,-36.697276
398.400000,-36.501084,-36.851273,-36.649385
398.450000,-36.452116,-36.804288,-36.601106
398.500000,-36.402732,-36.756927,-36.552427
398.550000,-36.352916,-36.709176,-36.503332
398.600000,-36.302654,-36.661022,-36.453806
398.650000,-36.251929,-36.612450,-36.403834
398.700000,-36.200724,-36.563443,-36.353400
398.750000,-36.149021,-36.513987,-36.302485
398.800000,-36.096802,-36.464064,-36.251073
398.850000,-36.044047,-36.413656,-36.199144
398.900000,-35.990735,-36.362747,-36.146679
398.950000,-35.936846,-36.311315,-36.093657
399.000000,-35.882357,-36.259341,-36.040056
399.050000,-35.827244,-36.206804,-35.985854
399.100000,-35.771484,-36.153682,-35.931027
399.150000,-35.715048,-36.099951,-35.875550
399.200000,-35.657912,-36.045586,-35.819396
399.250000,-35.600044,-35.990563,-35.762538
399.300000,-35.541416,-35.934852,-35.704946
399.350000,-35.481995,-35.878426,-35.646590
399.400000,-35.421747,-35.821255,-35.587437
399.450000,-35.360636,-35.763306,-35.527451
399.500000,-35.298625,-35.704544,-35.466598
399.550000,-35.235672,-35.644935,-35.404838
399.600000,-35.171736,-35.584440,-35.342129
399.650000,-35.106771,-35.523019,-35.278430
399.700000,-35.040729,-35.460628,-35.213692
399.750000,-34.973558,-35.397222,-35.147866
399.800000,-34.905204,-35.332752,-35.080901
399.850000,-34.835609,-35.267166,-35.012740
399.900000,-34.764709,-35.200409,-34.943323
399.950000,-34.692439,-35.132421,-34.872586
400.000000,-34.618726,-35.063138,-34.800459
400.050000,-34.543494,-34.992493,-34.726870
400.100000,-34.466661,-34.920412,-34.651740
400.150000,-34.388137,-34.846816,-34.574982
400.200000,-34.307827,-34.771622,-34.496505
400.250000,-34.225627,-34.694737,-34.416211
400.300000,-34.141427,-34.616064,-34.333992
400.350000,-34.055105,-34.535495,-34.249733
400.400000,-33.966530,-34.452915,-34.163308
400.450000,-33.875559,-34.368198,-34.074581
400.500000,-33.782039,-34.281209,-33.983403
400.550000,-33.685798,-34.191798,-33.889611
400.600000,-33.586652,-34.099802,-33.793030
400.650000,-33.484398,-34.005044,-33.693464
400.700000,-33.378813,-33.907329,-33.590701
400.750000,-33.269651,-33.806441,-33.484506
400.800000,-33.156641,-33.702145,-33.374620
400.850000,-33.039483,-33.594178,-33.260756
400.900000,-32.917845,-33.482251,-33.142599
400.950000,-32.791355,-33.366042,-33.019793
401.000000,-32.659601,-33.245193,-32.891947
401.050000,-32.522121,-33.119303,-32.758618
401.100000,-32.378394,-32.987923,-32.619313
401.150000,-32.227834,-32.850546,-32.473473
401.200000,-32.069779,-32.706602,-32.320470
401.250000,-31.903476,-32.555443,-32.159588
401.300000,-31.728068,-32.396334,-31.990012
401.350000,-31.542571,-32.228432,-31.810811
401.400000,-31.345857,-32.050774,-31.620914
401.450000,-31.136621,-31.862246,-31.419084
401.500000,-30.913347,-31.661560,-31.203888
401.550000,-30.674267,-31.447216,-30.973654
401.600000,-30.417308,-31.217459,-30.726421
401.650000,-30.140022,-30.970223,-30.459880
401.700000,-29.839505,-30.703064,-30.171291
401.750000,-29.512291,-30.413072,-29.857388
401.800000,-29.154218,-30.096764,-29.514252
401.850000,-28.760255,-29.749943,-29.137154
401.900000,-28.324290,-29.367522,-28.720352
401.950000,-27.838859,-28.943305,-28.256838
402.000000,-27.294801,-28.469713,-27.738023
402.050000,-26.680846,-27.937437,-27.153349
402.100000,-25.983140,-27.335054,-26.489844
402.150000,-25.184728,-26.648590,-25.731639
402.200000,-24.265148,-25.861158,-24.859577
402.250000,-23.200389,-24.952839,-23.851150
402.300000,-21.963818,-23.901277,-22.681303
402.350000,-20.529167,-22.683772,-21.325114
402.400000,-18.877278,-21.282210,-19.763880
402.450000,-17.008341,-19.692242,-17.996276
402.500000,-14.959090,-17.936746,-16.054228
402.550000,-12.818217,-16.079185,-14.017655
402.600000,-10.726690,-14.227240,-12.016082
402.650000,-8.854042,-12.518655,-10.208377
402.700000,-7.358879,-11.092588,-8.747012
402.750000,-6.353945,-10.060086,-7.744754
402.800000,-5.890975,-9.486534,-7.258341
402.850000,-5.966204,-9.389874,-7.291253
402.900000,-6.536886,-9.749758,-7.807680
402.950000,-7.538393,-10.520200,-8.748279
403.000000,-8.896676,-11.640725,-10.042441
403.050000,-10.535767,-13.044434,-11.616218
403.100000,-12.382123,-14.663518,-13.397211
403.150000,-14.367721,-16.433278,-15.318037
403.200000,-16.432792,-18.295390,-17.319231
403.250000,-18.527885,-20.200316,-19.351367
403.300000,-20.614271,-22.108286,-21.375602
403.350000,-22.662365,-23.988553,-23.362337
403.400000,-24.649016,-25.817439,-25.288721
403.450000,-26.555006,-27.576186,-27.136229
403.500000,-28.363663,-29.249398,-28.889169
403.550000,-30.060700,-30.824387,-30.534303
403.600000,-31.634871,-32.291242,-32.061265
403.650000,-33.078836,-33.643250,-33.463258
403.700000,-34.389688,-34.877243,-34.737516
403.750000,-35.568883,-35.993597,-35.885268
403.800000,-36.621576,-36.995826,-36.911188
403.850000,-37.555599,-37.889868,-37.822502
403.900000,-38.380382,-38.683262,-38.628005
403.950000,-39.106002,-39.384377,-39.337189
404.000000,-39.742490,-40.001798,-39.959584
404.050000,-40.299390,-40.543891,-40.504321
404.100000,-40.785514,-41.018539,-40.979879
404.150000,-41.208846,-41.433008,-41.393981
404.200000,-41.576540,-41.793891,-41.753572
404.250000,-41.894955,-42.107118,-42.064845
404.300000,-42.169726,-42.377989,-42.333300
404.350000,-42.405836,-42.611225,-42.563810
404.400000,-42.607687,-42.811022,-42.760686
404.450000,-42.779171,-42.981107,-42.927743
404.500000,-42.923729,-43.124789,-43.068356
404.550000,-43.044404,-43.245007,-43.185513
404.600000,-43.143894,-43.344371,-43.281863
404.650000,-43.224590,-43.425204,-43.359754
404.700000,-43.288612,-43.489569,-43.421270
404.750000,-43.337843,-43.539304,-43.468263
404.800000,-43.373959,-43.576045,-43.502376
404.850000,-43.398447,-43.601251,-43.525075
404.900000,-43.412632,-43.616222,-43.537660
404.950000,-43.417693,-43.622118,-43.541293
405.000000,-43.414683,-43.619973,-43.537006
405.050000,-43.404538,-43.610712,-43.525721
405.100000,-43.388092,-43.595161,-43.508259
405.150000,-43.366092,-43.574055,-43.485352
405.200000,-43.339201,-43.548055,-43.457653
405.250000,-43.308013,-43.517748,-43.425747
405.300000,-43.273056,-43.483660,-43.390153
405.350000,-43.234805,-43.446261,-43.351335
405.400000,-43.193679,-43.405972,-43.309708
405.450000,-43.150055,-43.363168,-43.265642
405.500000,-43.104269,-43.318183,-43.219466
405.550000,-43.056620,-43.271318,-43.171476
405.600000,-43.007375,-43.222838,-43.121932
405.650000,-42.956772,-43.172984,-43.071069
405.700000,-42.905022,-43.121967,-43.019095
405.750000,-42.852316,-43.069978,-42.966195
405.800000,-42.798819,-43.017184,-42.912535
405.850000,-42.744683,-42.963737,-42.858260
405.900000,-42.690038,-42.909768,-42.803500
405.950000,-42.635003,-42.855398,-42.748371
406.000000,-42.579681,-42.800732,-42.692976
406.050000,-42.524165,-42.745861,-42.637403
406.100000,-42.468535,-42.690869,-42.581733
406.150000,-42.412864,-42.635828,-42.526036
406.200000,-42.357214,-42.580801,-42.470374
406.250000,-42.301641,-42.525845,-42.414800
406.300000,-42.246192,-42.471009,-42.359362
406.350000,-42.190910,-42.416336,-42.304100
406.400000,-42.135830,-42.361862,-42.249050
406.450000,-42.080985,-42.307620,-42.194244
406.500000,-42.026401,-42.253637,-42.139706
406.550000,-41.972101,-42.199936,-42.085459
406.600000,-41.918105,-42.146538,-42.031523
406.650000,-41.864428,-42.093459,-41.977912
406.700000,-41.811084,-42.040712,-41.924639
406.750000,-41.758083,-41.988310,-41.871715
406.800000,-41.705434,-41.936259,-41.819147
406.850000,-41.653144,-41.884569,-41.766943
406.900000,-41.601216,-41.833242,-41.715105
406.950000,-41.549653,-41.782282,-41.663637
407.000000,-41.498458,-41.731692,-41.612539
407.050000,-41.447631,-41.681471,-41.561813
407.100000,-41.397170,-41.631620,-41.511457
407.150000,-41.347073,-41.582135,-41.461468
407.200000,-41.297339,-41.533015,-41.411844
407.250000,-41.247964,-41.484257,-41.362582
407.300000,-41.198942,-41.435856,-41.313677
407.350000,-41.150271,-41.387809,-41.265124
407.400000,-41.101944,-41.340108,-41.216919
407.450000,-41.053956,-41.292751,-41.169054
407.500000,-41.006301,-41.245729,-41.121525
407.550000,-40.958972,-41.199038,-41.074325
407.600000,-40.911963,-41.152670,-41.027447
407.650000,-40.865268,-41.106618,-40.980884
407.700000,-40.818878,-41.060877,-40.934629
407.750000,-40.772788,-41.015439,-40.888676
407.800000,-40.726989,-40.970296,-40.843016
407.850000,-40.681474,-40.925441,-40.797643
407.900000,-40.636236,-40.880867,-40.752548
407.950000,-40.591268,-40.836566,-40.707725
408.000000,-40.546561,-40.792532,-40.663166
408.050000,-40.502109,-40.748755,-40.618863
408.100000,-40.457903,-40.705230,-40.574809
408.150000,-40.413937,-40.661949,-40.530997
408.200000,-40.370203,-40.618903,-40.487419
408.250000,-40.326694,-40.576087,-40.444067
408.300000,-40.283401,-40.533492,-40.400934
408.350000,-40.240318,-40.491111,-40.358014
408.400000,-40.197438,-40.448937,-40.315298
408.450000,-40.154754,-40.406963,-40.272780
408.500000,-40.112257,-40.365183,-40.230452
408.550000,-40.069942,-40.323588,-40.188308
408.600000,-40.027801,-40.282172,-40.146340
408.650000,-39.985828,-40.240928,-40.104542
408.700000,-39.944015,-40.199850,-40.062908
408.750000,-39.902356,-40.158931,-40.021429
408.800000,-39.860845,-40.118164,-39.980100
408.850000,-39.819474,-40.077543,-39.938914
408.900000,-39.778238,-40.037062,-39.897865
408.950000,-39.737129,-39.996714,-39.856947
409.000000,-39.696142,-39.956493,-39.816152
409.050000,-39.655271,-39.916393,-39.775476
409.100000,-39.614509,-39.876407,-39.734912
409.150000,-39.573850,-39.836531,-39.694453
409.200000,-39.533288,-39.796758,-39.654095
409.250000,-39.492818,-39.757082,-39.613831
409.300000,-39.452434,-39.717497,-39.573655
409.350000,-39.412129,-39.677999,-39.533562
409.400000,-39.371899,-39.638581,-39.493547
409.450000,-39.331737,-39.599238,-39.453602
409.500000,-39.291638,-39.559965,-39.413724
409.550000,-39.251596,-39.520756,-39.373907
409.600000,-39.211607,-39.481605,-39.334144
409.650000,-39.171665,-39.442508,-39.294432
409.700000,-39.131763,-39.403460,-39.254764
409.750000,-39.091898,-39.364455,-39.215136
409.800000,-39.052064,-39.325488,-39.175542
409.850000,-39.012255,-39.286555,-39.135978
409.900000,-38.972467,-39.247650,-39.096437
409.950000,-38.932694,-39.208767,-39.056915
410.000000,-38.892931,-39.169904,-39.017407
410.050000,-38.853173,-39.131053,-38.977908
410.100000,-38.813416,-39.092211,-38.938413
410.150000,-38.773653,-39.053373,-38.898916
410.200000,-38.733880,-39.014533,-38.859414
410.250000,-38.694091,-38.975688,-38.819900
410.300000,-38.654283,-38.936831,-38.780370
410.350000,-38.614449,-38.897959,-38.740819
410.400000,-38.574585,-38.859066,-38.701242
410.450000,-38.534685,-38.820147,-38.661633
410.500000,-38.494745,-38.781199,-38.621989
410.550000,-38.454759,-38.742215,-38.582304
410.600000,-38.414723,-38.703192,-38.542574
410.650000,-38.374631,-38.664125,-38.502792
410.700000,-38.334479,-38.625008,-38.462954
410.750000,-38.294260,-38.585836,-38.423056
410.800000,-38.253971,-38.546606,-38.383092
410.850000,-38.213605,-38.507311,-38.343056
410.900000,-38.173158,-38.467948,-38.302945
410.950000,-38.132624,-38.428510,-38.262752
411.000000,-38.091997,-38.388994,-38.222472
411.050000,-38.051273,-38.349394,-38.182101
411.100000,-38.010446,-38.309704,-38.141632
411.150000,-37.969511,-38.269920,-38.101061
411.200000,-37.928461,-38.230037,-38.060381
411.250000,-37.887292,-38.190048,-38.019588
411.300000,-37.845996,-38.149950,-37.978675
411.350000,-37.804569,-38.109735,-37.937638
411.400000,-37.763005,-38.069399,-37.896469
411.450000,-37.721297,-38.028937,-37.855164
411.500000,-37.679439,-37.988341,-37.813716
411.550000,-37.637424,-37.947607,-37.772118
411.600000,-37.595247,-37.906728,-37.730366
411.650000,-37.552901,-37.865699,-37.688451
411.700000,-37.510378,-37.824512,-37.646368
411.750000,-37.467673,-37.783162,-37.604110
411.800000,-37.424777,-37.741643,-37.561669
411.850000,-37.381684,-37.699946,-37.519040
411.900000,-37.338386,-37.658067,-37.476214
411.950000,-37.294876,-37.615997,-37.433185
412.000000,-37.251146,-37.573729,-37.389944
412.050000,-37.207187,-37.531257,-37.346484
412.100000,-37.162992,-37.488572,-37.302797
412.150000,-37.118552,-37.445667,-37.258875
412.200000,-37.073858,-37.402533,-37.214709
412.250000,-37.028902,-37.359163,-37.170290
412.300000,-36.983673,-37.315548,-37.125610
412.350000,-36.938163,-37.271680,-37.080659
412.400000,-36.892362,-37.227548,-37.035428
412.450000,-36.846258,-37.183145,-36.989906
412.500000,-36.799842,-37.138459,-36.944083
412.550000,-36.753103,-37.093482,-36.897950
412.600000,-36.706029,-37.048203,-36.851494
412.650000,-36.658609,-37.002611,-36.804704
412.700000,-36.610830,-36.956695,-36.757569
412.750000,-36.562679,-36.910444,-36.710076
412.800000,-36.514144,-36.863845,-36.662213
412.850000,-36.465211,-36.816887,-36.613966
412.900000,-36.415864,-36.769555,-36.565321
412.950000,-36.366091,-36.721837,-36.516264
413.000000,-36.315874,-36.673719,-36.466780
413.050000,-36.265198,-36.625186,-36.416854
413.100000,-36.214046,-36.576223,-36.366469
413.150000,-36.162401,-36.526814,-36.315608
413.200000,-36.110244,-36.476942,-36.264253
413.250000,-36.057555,-36.426590,-36.212386
413.300000,-36.004315,-36.375740,-36.159987
413.350000,-35.950502,-36.324372,-36.107036
413.400000,-35.896094,-36.272468,-36.053512
413.450000,-35.841068,-36.220004,-35.999392
413.500000,-35.785400,-36.166961,-35.944652
413.550000,-35.729063,-36.113314,-35.889268
413.600000,-35.672031,-36.059040,-35.833213
413.650000,-35.614275,-36.004112,-35.776461
413.700000,-35.555765,-35.948504,-35.718981
413.750000,-35.496470,-35.892187,-35.660744
413.800000,-35.436355,-35.835131,-35.601718
413.850000,-35.375386,-35.777305,-35.541867
413.900000,-35.313525,-35.718675,-35.481157
413.950000,-35.250732,-35.659205,-35.419548
414.000000,-35.186965,-35.598858,-35.357001
414.050000,-35.122179,-35.537594,-35.293472
414.100000,-35.056327,-35.475370,-35.228916
414.150000,-34.989359,-35.412141,-35.163283
414.200000,-34.921220,-35.347860,-35.096523
414.250000,-34.851852,-35.282474,-35.028580
414.300000,-34.781194,-35.215930,-34.959394
414.350000,-34.709181,-35.148168,-34.888902
414.400000,-34.635742,-35.079126,-34.817038
414.450000,-34.560801,-35.008737,-34.743727
414.500000,-34.484278,-34.936930,-34.668893
414.550000,-34.406084,-34.863626,-34.592451
414.600000,-34.326125,-34.788742,-34.514311
414.650000,-34.244301,-34.712189,-34.434376
414.700000,-34.160502,-34.633869,-34.352541
414.750000,-34.074609,-34.553679,-34.268693
414.800000,-33.986492,-34.471504,-34.182707
414.850000,-33.896014,-34.387221,-34.094450
414.900000,-33.803020,-34.300696,-34.003776
414.950000,-33.707345,-34.211784,-33.910526
415.000000,-33.608808,-34.120325,-33.814528
415.050000,-33.507210,-34.026145,-33.715589
415.100000,-33.402331,-33.929053,-33.613503
415.150000,-33.293933,-33.828837,-33.508038
415.200000,-33.181749,-33.725268,-33.398942
415.250000,-33.065487,-33.618089,-33.285936
415.300000,-32.944821,-33.507017,-33.168709
415.350000,-32.819391,-33.391738,-33.046916
415.400000,-32.688793,-33.271903,-32.920174
415.450000,-32.552576,-33.147119,-32.788052
415.500000,-32.410234,-33.016951,-32.650070
415.550000,-32.261197,-32.880904,-32.505684
415.600000,-32.104819,-32.738424,-32.354282
415.650000,-31.940372,-32.588882,-32.195169
415.700000,-31.767021,-32.431563,-32.027555
415.750000,-31.583813,-32.265650,-31.850536
415.800000,-31.389656,-32.090209,-31.663074
415.850000,-31.183287,-31.904162,-31.463973
415.900000,-30.963240,-31.706264,-31.251847
415.950000,-30.727811,-31.495066,-31.025082
416.000000,-30.474998,-31.268874,-30.781788
416.050000,-30.202446,-31.025699,-30.519740
416.100000,-29.907363,-30.763189,-30.236303
416.150000,-29.586421,-30.478549,-29.928342
416.200000,-29.235627,-30.168436,-29.592097
416.250000,-28.850167,-29.828829,-29.223040
416.300000,-28.424197,-29.454861,-28.815678
416.350000,-27.950587,-29.040613,-28.363318
416.400000,-27.420595,-28.578845,-27.857762
416.450000,-26.823478,-28.060680,-27.288943
416.500000,-26.146015,-27.475214,-26.644481
416.550000,-25.372012,-26.809100,-25.909216
416.600000,-24.481842,-26.046147,-25.064778
416.650000,-23.452295,-25.167132,-24.089416
416.700000,-22.257213,-24.150173,-22.958549
416.750000,-20.869884,-22.972394,-21.646902
416.800000,-19.268771,-21.614077,-20.133668
416.850000,-17.448400,-20.066784,-18.412412
416.900000,-15.435705,-18.345996,-16.506108
416.950000,-13.306803,-16.505152,-14.482984
417.000000,-11.191896,-14.642390,-12.462176
417.050000,-9.256981,-12.890627,-10.598506
417.100000,-7.666408,-11.391274,-9.048935
417.150000,-6.545243,-10.263646,-7.937174
417.200000,-5.959083,-9.584037,-7.332903
417.250000,-5.915497,-9.380566,-7.250664
417.300000,-6.379033,-9.640498,-7.662166
417.350000,-7.288820,-10.322640,-8.512241
417.400000,-8.572220,-11.369052,-9.732080
417.450000,-10.153318,-12.713807,-11.248058
417.500000,-11.957798,-14.288978,-12.987163
417.550000,-13.916201,-16.028918,-14.880670
417.600000,-15.966731,-17.873665,-16.867153
417.650000,-18.057538,-19.771596,-18.894846
417.700000,-20.147573,-21.680773,-20.922600
417.750000,-22.205425,-23.568571,-22.918940
417.800000,-24.206740,-25.409922,-24.859732
417.850000,-26.131583,-27.185128,-26.725649
417.900000,-27.962765,-28.878124,-28.500430
417.950000,-29.685426,-30.475627,-30.170269
418.000000,-31.287557,-31.967068,-31.724094
418.050000,-32.760868,-33.344970,-33.154244
418.100000,-34.101428,-34.605344,-34.457017
418.150000,-35.309737,-35.747779,-35.632764
418.200000,-36.390182,-36.775124,-36.685439
418.250000,-37.350075,-37.692830,-37.621765
418.300000,-38.198560,-38.508135,-38.450251
418.350000,-38.945626,-39.229270,-39.180288
418.400000,-39.601355,-39.864807,-39.821435
418.450000,-40.175419,-40.423181,-40.382932
418.500000,-40.676802,-40.912398,-40.873415
418.550000,-41.113674,-41.339863,-41.300776
418.600000,-41.493371,-41.712320,-41.672131
418.650000,-41.822423,-42.035844,-41.993836
418.700000,-42.106621,-42.315871,-42.271542
418.750000,-42.351087,-42.557246,-42.510255
418.800000,-42.560347,-42.764277,-42.714406
418.850000,-42.738401,-42.940793,-42.887916
418.900000,-42.888787,-43.090192,-43.034254
418.950000,-43.014634,-43.215492,-43.156491
419.000000,-43.118713,-43.319373,-43.257348
419.050000,-43.203480,-43.404220,-43.339237
419.100000,-43.271114,-43.472152,-43.404300
419.150000,-43.323548,-43.525055,-43.454438
419.200000,-43.362503,-43.564609,-43.491339
419.250000,-43.389506,-43.592310,-43.516507
419.300000,-43.405918,-43.609492,-43.531278
419.350000,-43.412950,-43.617347,-43.536844
419.400000,-43.411681,-43.616936,-43.534265
419.450000,-43.403071,-43.609206,-43.524486
419.500000,-43.387979,-43.595005,-43.508351
419.550000,-43.367169,-43.575090,-43.486610
419.600000,-43.341323,-43.550134,-43.459935
419.650000,-43.311050,-43.520743,-43.428923
419.700000,-43.276892,-43.487456,-43.394110
419.750000,-43.239335,-43.450755,-43.355971
419.800000,-43.198811,-43.411071,-43.314932
419.850000,-43.155706,-43.368789,-43.271372
419.900000,-43.110365,-43.324252,-43.225630
419.950000,-43.063095,-43.277769,-43.178008
420.000000,-43.014170,-43.229614,-43.128775
420.050000,-42.963834,-43.180030,-43.078171
420.100000,-42.912305,-43.129237,-43.026410
420.150000,-42.859777,-43.077429,-42.973682
420.200000,-42.806422,-43.024779,-42.920156
420.250000,-42.752393,-42.971442,-42.865984
420.300000,-42.697827,-42.917555,-42.811298
420.350000,-42.642844,-42.863240,-42.756217
420.400000,-42.587551,-42.808604,-42.700846
420.450000,-42.532043,-42.753744,-42.645278
420.500000,-42.476404,-42.698744,-42.589595
420.550000,-42.420707,-42.643678,-42.533870
420.600000,-42.365018,-42.588613,-42.478165
420.650000,-42.309392,-42.533606,-42.422536
420.700000,-42.253880,-42.478708,-42.367032
420.750000,-42.198525,-42.423963,-42.311696
420.800000,-42.143364,-42.369409,-42.256564
420.850000,-42.088431,-42.315079,-42.201667
420.900000,-42.033753,-42.261002,-42.147033
420.950000,-41.979354,-42.207202,-42.092686
421.000000,-41.925253,-42.153701,-42.038644
421.050000,-41.871469,-42.100514,-41.984924
421.100000,-41.818013,-42.047657,-41.931540
421.150000,-41.764899,-41.995140,-41.878501
421.200000,-41.712135,-41.942975,-41.825817
421.250000,-41.659727,-41.891167,-41.773495
421.300000,-41.607680,-41.839722,-41.721538
421.350000,-41.555999,-41.788643,-41.669950
421.400000,-41.504684,-41.737933,-41.618733
421.450000,-41.453737,-41.687592,-41.567886
421.500000,-41.403156,-41.637620,-41.517409
421.550000,-41.352940,-41.588016,-41.467301
421.600000,-41.303086,-41.538777,-41.417557
421.650000,-41.253592,-41.489900,-41.368176
421.700000,-41.204453,-41.441381,-41.319153
421.750000,-41.155664,-41.393216,-41.270483
421.800000,-41.107221,-41.345399,-41.222161
421.850000,-41.059118,-41.297926,-41.174181
421.900000,-41.011349,-41.250791,-41.126538
421.950000,-40.963908,-41.203986,-41.079225
422.000000,-40.916788,-41.157507,-41.032236
422.050000,-40.869982,-41.111346,-40.985563
422.100000,-40.823484,-41.065496,-40.939199
422.150000,-40.777286,-41.019950,-40.893139
422.200000,-40.731382,-40.974701,-40.847373
422.250000,-40.685763,-40.929742,-40.801895
422.300000,-40.640422,-40.885065,-40.756698
422.350000,-40.595352,-40.840662,-40.711774
422.400000,-40.550545,-40.796528,-40.667114
422.450000,-40.505995,-40.752653,-40.622713
422.500000,-40.461692,-40.709031,-40.578562
422.550000,-40.417630,-40.665653,-40.534654
422.600000,-40.373802,-40.622514,-40.490982
422.650000,-40.330200,-40.579605,-40.447537
422.700000,-40.286816,-40.536918,-40.404314
422.750000,-40.243643,-40.494447,-40.361303
422.800000,-40.200674,-40.452185,-40.318499
422.850000,-40.157902,-40.410124,-40.275893
422.900000,-40.115320,-40.368258,-40.233480
422.950000,-40.072920,-40.326578,-40.191251
423.000000,-40.030696,-40.285079,-40.149200
423.050000,-39.988640,-40.243753,-40.107320
423.100000,-39.946747,-40.202595,-40.065604
423.150000,-39.905008,-40.161596,-40.024046
423.200000,-39.863418,-40.120751,-39.982638
423.250000,-39.821970,-40.080052,-39.941375
423.300000,-39.780657,-40.039495,-39.900250
423.350000,-39.739473,-39.999072,-39.859256
423.400000,-39.698412,-39.958777,-39.818388
423.450000,-39.657467,-39.918603,-39.777638
423.500000,-39.616633,-39.878546,-39.737002
423.550000,-39.575903,-39.838599,-39.696472
423.600000,-39.535271,-39.798756,-39.656044
423.650000,-39.494731,-39.759011,-39.615710
423.700000,-39.454278,-39.719358,-39.575466
423.750000,-39.413906,-39.679793,-39.535306
423.800000,-39.373609,-39.640308,-39.495223
423.850000,-39.333381,-39.600900,-39.455213
423.900000,-39.293217,-39.561562,-39.415270
423.950000,-39.253111,-39.522288,-39.375388
424.000000,-39.213058,-39.483075,-39.335562
424.050000,-39.173052,-39.443916,-39.295787
424.100000,-39.133088,-39.404805,-39.256057
424.150000,-39.093162,-39.365739,-39.216368
424.200000,-39.053266,-39.326712,-39.176713
424.250000,-39.013397,-39.287719,-39.137088
424.300000,-38.973549,-39.248754,-39.097487
424.350000,-38.933717,-39.209813,-39.057906
424.400000,-38.893895,-39.170892,-39.018340
424.450000,-38.854079,-39.131984,-38.978783
424.500000,-38.814264,-39.093085,-38.939230
424.550000,-38.774443,-39.054190,-38.899676
424.600000,-38.734614,-39.015294,-38.860117
424.650000,-38.694769,-38.976393,-38.820547
424.700000,-38.654904,-38.937481,-38.780961
424.750000,-38.615015,-38.898554,-38.741355
424.800000,-38.575096,-38.859606,-38.701723
424.850000,-38.535141,-38.820634,-38.662060
424.900000,-38.495146,-38.781632,-38.622362
424.950000,-38.455107,-38.742595,-38.582623
425.000000,-38.415017,-38.703519,-38.542838
425.050000,-38.374871,-38.664398,-38.503003
425.100000,-38.334665,-38.625229,-38.463113
425.150000,-38.294394,-38.586005,-38.423161
425.200000,-38.254051,-38.546723,-38.383144
425.250000,-38.213633,-38.507377,-38.343056
425.300000,-38.173133,-38.467962,-38.302893
425.350000,-38.132546,-38.428473,-38.262647
425.400000,-38.091868,-38.388905,-38.222316
425.450000,-38.051092,-38.349254,-38.181893
425.500000,-38.010213,-38.309513,-38.141372
425.550000,-37.969225,-38.269679,-38.100749
425.600000,-37.928124,-38.229744,-38.060018
425.650000,-37.886902,-38.189705,-38.019174
425.700000,-37.845555,-38.149556,-37.978210
425.750000,-37.804076,-38.109291,-37.937121
425.800000,-37.762460,-38.068905,-37.895901
425.850000,-37.720700,-38.028391,-37.854544
425.900000,-37.678790,-37.987745,-37.813044
425.950000,-37.636723,-37.946960,-37.771395
426.000000,-37.594494,-37.906031,-37.729590
426.050000,-37.552095,-37.864951,-37.687624
426.100000,-37.509520,-37.823713,-37.645489
426.150000,-37.466762,-37.782312,-37.603178
426.200000,-37.423814,-37.740741,-37.560686
426.250000,-37.380668,-37.698994,-37.518004
426.300000,-37.337317,-37.657063,-37.475125
426.350000,-37.293753,-37.614941,-37.432043
426.400000,-37.249969,-37.572622,-37.388749
426.450000,-37.205956,-37.530097,-37.345235
426.500000,-37.161707,-37.487359,-37.301495
426.550000,-37.117212,-37.444401,-37.257518
426.600000,-37.072463,-37.401215,-37.213298
426.650000,-37.027451,-37.357791,-37.168824
426.700000,-36.982166,-37.314123,-37.124089
426.750000,-36.936600,-37.270200,-37.079082
426.800000,-36.890741,-37.226014,-37.033794
426.850000,-36.844580,-37.181555,-36.988216
426.900000,-36.798106,-37.136814,-36.942336
426.950000,-36.751308,-37.091781,-36.896144
427.000000,-36.704175,-37.046445,-36.849630
427.050000,-36.656695,-37.000795,-36.802781
427.100000,-36.608855,-36.954821,-36.755586
427.150000,-36.560643,-36.908511,-36.708033
427.200000,-36.512045,-36.861853,-36.660108
427.250000,-36.463048,-36.814834,-36.611798
427.300000,-36.413638,-36.767442,-36.563090
427.350000,-36.363799,-36.719662,-36.513969
427.400000,-36.313516,-36.671481,-36.464420
427.450000,-36.262774,-36.622885,-36.414428
427.500000,-36.211553,-36.573857,-36.363976
427.550000,-36.159839,-36.524382,-36.313047
427.600000,-36.107610,-36.474443,-36.261623
427.650000,-36.054850,-36.424024,-36.209685
427.700000,-36.001536,-36.373104,-36.157214
427.750000,-35.947648,-36.321666,-36.104190
427.800000,-35.893164,-36.269689,-36.050591
427.850000,-35.838060,-36.217153,-35.996394
427.900000,-35.782312,-36.164035,-35.941576
427.950000,-35.725894,-36.110311,-35.886112
428.000000,-35.668778,-36.055958,-35.829976
428.050000,-35.610937,-36.000951,-35.773139
428.100000,-35.552339,-35.945260,-35.715574
428.150000,-35.492953,-35.888860,-35.657249
428.200000,-35.432746,-35.831718,-35.598132
428.250000,-35.371682,-35.773803,-35.538189
428.300000,-35.309723,-35.715082,-35.477383
428.350000,-35.246829,-35.655519,-35.415676
428.400000,-35.182958,-35.595075,-35.353028
428.450000,-35.118066,-35.533712,-35.289394
428.500000,-35.052103,-35.471386,-35.224730
428.550000,-34.985020,-35.408051,-35.158986
428.600000,-34.916762,-35.343661,-35.092111
428.650000,-34.847272,-35.278162,-35.024048
428.700000,-34.776487,-35.211501,-34.954739
428.750000,-34.704342,-35.143618,-34.884119
428.800000,-34.630766,-35.074450,-34.812121
428.850000,-34.555682,-35.003930,-34.738671
428.900000,-34.479009,-34.931986,-34.663692
428.950000,-34.400659,-34.858540,-34.587099
429.000000,-34.320538,-34.783508,-34.508802
429.050000,-34.238544,-34.706800,-34.428702
429.100000,-34.154567,-34.628318,-34.346695
429.150000,-34.068486,-34.547958,-34.262665
429.200000,-33.980173,-34.465604,-34.176488
429.250000,-33.889487,-34.381134,-34.088031
429.300000,-33.796274,-34.294412,-33.997146
429.350000,-33.700368,-34.205291,-33.903673
429.400000,-33.601587,-34.113612,-33.807438
429.450000,-33.499728,-34.019198,-33.708249
429.500000,-33.394574,-33.921858,-33.605896
429.550000,-33.285881,-33.821379,-33.500148
429.600000,-33.173384,-33.717529,-33.390750
429.650000,-33.056786,-33.610050,-33.277421
429.700000,-32.935760,-33.498657,-33.159847
429.750000,-32.809943,-33.383033,-33.037682
429.800000,-32.678927,-33.262827,-32.910538
429.850000,-32.542258,-33.137643,-32.777984
429.900000,-32.399426,-33.007041,-32.639532
429.950000,-32.249857,-32.870525,-32.494635
430.000000,-32.092899,-32.727533,-32.342677
430.050000,-31.927815,-32.577432,-32.182956
430.100000,-31.753765,-32.419500,-32.014673
430.150000,-31.569788,-32.252913,-31.836917
430.200000,-31.374777,-32.076727,-31.648641
430.250000,-31.167459,-31.889854,-31.448635
430.300000,-30.946354,-31.691036,-31.235499
430.350000,-30.709736,-31.478808,-31.007602
430.400000,-30.455583,-31.251458,-30.763032
430.450000,-30.181512,-31.006974,-30.499539
430.500000,-29.884697,-30.742976,-30.214458
430.550000,-29.561769,-30.456636,-29.904613
430.600000,-29.208687,-30.144569,-29.566199
430.650000,-28.820570,-29.802700,-29.194626
430.700000,-28.391496,-29.426100,-28.784329
430.750000,-27.914238,-29.008767,-28.328523
430.800000,-27.379931,-28.543363,-27.818897
430.850000,-26.777680,-28.020886,-27.245239
430.900000,-26.094083,-27.430283,-26.595001
430.950000,-25.312727,-26.758026,-25.852821
431.000000,-24.413754,-25.987731,-25.000108
431.050000,-23.373735,-25.099984,-24.014904
431.100000,-22.166397,-24.072783,-22.872515
431.150000,-20.765195,-22.883331,-21.547798
431.200000,-19.149330,-21.512418,-20.020607
431.250000,-17.315043,-19.952845,-18.286051
431.300000,-15.292207,-18.222319,-16.369793
431.350000,-13.160713,-16.377288,-14.343570
431.400000,-11.054005,-14.518763,-12.329645
431.450000,-9.139134,-12.781103,-10.484047
431.500000,-7.578653,-11.304998,-8.962329
431.550000,-6.493800,-10.207184,-7.884797
431.600000,-5.945862,-9.560557,-7.317107
431.650000,-5.938890,-9.390078,-7.270369
431.700000,-6.435190,-9.680663,-7.713978
431.750000,-7.372765,-10.389662,-8.591505
431.800000,-8.678585,-11.458385,-9.833629
431.850000,-10.276766,-12.820646,-11.366669
431.900000,-12.093272,-14.408593,-13.117843
431.950000,-14.059123,-16.156906,-15.018877
432.000000,-16.113179,-18.006159,-17.008979
432.050000,-18.204358,-19.905399,-19.037132
432.100000,-20.292355,-21.813381,-21.062926
432.150000,-22.346346,-23.698083,-23.055488
432.200000,-24.342366,-25.534883,-24.991096
432.250000,-26.260712,-27.304382,-26.850679
432.300000,-28.084357,-28.990726,-28.618157
432.350000,-29.798614,-30.580815,-30.279897
432.400000,-31.391707,-32.064280,-31.825038
432.450000,-32.855628,-33.433871,-33.246178
432.500000,-34.186754,-34.685847,-34.539896
432.550000,-35.385872,-35.820031,-35.706805
432.600000,-36.457595,-36.839470,-36.751074
432.650000,-37.409390,-37.749757,-37.679571
432.700000,-38.250480,-38.558216,-38.500887
432.750000,-38.990875,-39.273116,-39.224440
432.800000,-39.640636,-39.903027,-39.859772
432.850000,-40.209389,-40.456358,-40.416084
432.900000,-40.706062,-40.941072,-40.901961
432.950000,-41.138764,-41.364529,-41.325239
433.000000,-41.514771,-41.733424,-41.692979
433.050000,-41.840560,-42.053785,-42.011484
433.100000,-42.121870,-42.331004,-42.286358
433.150000,-42.363781,-42.569886,-42.522562
433.200000,-42.570778,-42.774705,-42.724492
433.250000,-42.746828,-42.949256,-42.896033
433.300000,-42.895437,-43.096909,-43.040627
433.350000,-43.019709,-43.220658,-43.161317
433.400000,-43.122391,-43.323162,-43.260801
433.450000,-43.205918,-43.406785,-43.341474
433.500000,-43.272452,-43.473628,-43.405457
433.550000,-43.323910,-43.525563,-43.454636
433.600000,-43.361999,-43.564257,-43.490687
433.650000,-43.388234,-43.591195,-43.515100
433.700000,-43.403964,-43.607699,-43.529202
433.750000,-43.410391,-43.614951,-43.534175
433.800000,-43.408586,-43.614004,-43.531070
433.850000,-43.399501,-43.605800,-43.520825
433.900000,-43.383989,-43.591178,-43.504277
433.950000,-43.362806,-43.570889,-43.482171
434.000000,-43.336631,-43.545603,-43.455173
434.050000,-43.306066,-43.515920,-43.423877
434.100000,-43.271652,-43.482374,-43.388812
434.150000,-43.233868,-43.445445,-43.350452
434.200000,-43.193145,-43.405560,-43.309218
434.250000,-43.149865,-43.363101,-43.265486
434.300000,-43.104370,-43.318409,-43.219594
434.350000,-43.056965,-43.271790,-43.171840
434.400000,-43.007922,-43.223515,-43.122493
434.450000,-42.957484,-43.173827,-43.071788
434.500000,-42.905866,-43.122943,-43.019940
434.550000,-42.853260,-43.071057,-42.967137
434.600000,-42.799838,-43.018339,-42.913547
434.650000,-42.745752,-42.964944,-42.859319
434.700000,-42.691137,-42.911007,-42.804585
434.750000,-42.636112,-42.856648,-42.749464
434.800000,-42.580784,-42.801977,-42.694059
434.850000,-42.525246,-42.747086,-42.638463
434.900000,-42.469582,-42.692060,-42.582757
434.950000,-42.413865,-42.636974,-42.527011
435.000000,-42.358158,-42.581891,-42.471291
435.050000,-42.302519,-42.526871,-42.415649
435.100000,-42.246996,-42.471962,-42.360136
435.150000,-42.191633,-42.417208,-42.304792
435.200000,-42.136467,-42.362648,-42.249655
435.250000,-42.081529,-42.308313,-42.194755
435.300000,-42.026848,-42.254234,-42.140119
435.350000,-41.972447,-42.200432,-42.085771
435.400000,-41.918346,-42.146930,-42.031729
435.450000,-41.864562,-42.093744,-41.978010
435.500000,-41.811108,-42.040888,-41.924627
435.550000,-41.757995,-41.988373,-41.871590
435.600000,-41.705232,-41.936209,-41.818909
435.650000,-41.652826,-41.884404,-41.766589
435.700000,-41.600782,-41.832961,-41.714635
435.750000,-41.549103,-41.781884,-41.663049
435.800000,-41.497790,-41.731177,-41.611834
435.850000,-41.446844,-41.680838,-41.560990
435.900000,-41.396265,-41.630868,-41.510515
435.950000,-41.346050,-41.581266,-41.460408
436.000000,-41.296198,-41.532028,-41.410666
436.050000,-41.246704,-41.483152,-41.361286
436.100000,-41.197565,-41.434634,-41.312263
436.150000,-41.148776,-41.386469,-41.263593
436.200000,-41.100332,-41.338652,-41.215271
436.250000,-41.052227,-41.291178,-41.167290
436.300000,-41.004456,-41.244041,-41.119646
436.350000,-40.957012,-41.197235,-41.072330
436.400000,-40.909889,-41.150753,-41.025338
436.450000,-40.863080,-41.104588,-40.978662
436.500000,-40.816577,-41.058735,-40.932294
436.550000,-40.770374,-41.013184,-40.886229
436.600000,-40.724464,-40.967930,-40.840458
436.650000,-40.678839,-40.922966,-40.794975
436.700000,-40.633491,-40.878282,-40.749771
436.750000,-40.588413,-40.833873,-40.704839
436.800000,-40.543598,-40.789731,-40.660172
436.850000,-40.499039,-40.745848,-40.615762
436.900000,-40.454726,-40.702217,-40.571602
436.950000,-40.410654,-40.658830,-40.527684
437.000000,-40.366815,-40.615681,-40.484001
437.050000,-40.323201,-40.572761,-40.440546
437.100000,-40.279805,-40.530063,-40.397310
437.150000,-40.236619,-40.487580,-40.354287
437.200000,-40.193637,-40.445305,-40.311470
437.250000,-40.150850,-40.403231,-40.268850
437.300000,-40.108253,-40.361350,-40.226422
437.350000,-40.065837,-40.319656,-40.184178
437.400000,-40.023597,-40.278142,-40.142112
437.450000,-39.981524,-40.236800,-40.100215
437.500000,-39.939613,-40.195625,-40.058482
437.550000,-39.897856,-40.154609,-40.016906
437.600000,-39.856247,-40.113746,-39.975480
437.650000,-39.814779,-40.073030,-39.934198
437.700000,-39.773446,-40.032453,-39.893053
437.750000,-39.732241,-39.992010,-39.852039
437.800000,-39.691158,-39.951695,-39.811150
437.850000,-39.650191,-39.911501,-39.770378
437.900000,-39.609334,-39.871422,-39.729720
437.950000,-39.568580,-39.831453,-39.689167
438.000000,-39.527924,-39.791587,-39.648715
438.050000,-39.487360,-39.751818,-39.608357
438.100000,-39.446881,-39.712142,-39.568088
438.150000,-39.406482,-39.672551,-39.527902
438.200000,-39.366158,-39.633042,-39.487794
438.250000,-39.325902,-39.593607,-39.447757
438.300000,-39.285710,-39.554242,-39.407786
438.350000,-39.245575,-39.514942,-39.367876
438.400000,-39.205492,-39.475700,-39.328021
438.450000,-39.165456,-39.436513,-39.288216
438.500000,-39.125462,-39.397373,-39.248456
438.550000,-39.085503,-39.358277,-39.208736
438.600000,-39.045575,-39.319220,-39.169049
438.650000,-39.005673,-39.280195,-39.129392
438.700000,-38.965791,-39.241199,-39.089758
438.750000,-38.925924,-39.202225,-39.050144
438.800000,-38.886067,-39.163270,-39.010543
438.850000,-38.846215,-39.124328,-38.970950
438.900000,-38.806363,-39.085394,-38.931362
438.950000,-38.766505,-39.046464,-38.891771
439.000000,-38.726636,-39.007532,-38.852175
439.050000,-38.686752,-38.968594,-38.812566
439.100000,-38.646848,-38.929645,-38.772942
439.150000,-38.606918,-38.890679,-38.733295
439.200000,-38.566956,-38.851693,-38.693623
439.250000,-38.526959,-38.812681,-38.653918
439.300000,-38.486921,-38.773638,-38.614178
439.350000,-38.446837,-38.734559,-38.574396
439.400000,-38.406702,-38.695441,-38.534567
439.450000,-38.366510,-38.656277,-38.494687
439.500000,-38.326257,-38.617064,-38.454750
439.550000,-38.285938,-38.577795,-38.414752
439.600000,-38.245546,-38.538467,-38.374688
439.650000,-38.205078,-38.499074,-38.334551
439.700000,-38.164527,-38.459611,-38.294338
439.750000,-38.123888,-38.420074,-38.254042
439.800000,-38.083157,-38.380457,-38.213659
439.850000,-38.042326,-38.340755,-38.173183
439.900000,-38.001392,-38.300963,-38.132608
439.950000,-37.960348,-38.261075,-38.091930
440.000000,-37.919189,-38.221087,-38.051143
440.050000,-37.877909,-38.180994,-38.010241
440.100000,-37.836501,-38.140788,-37.969219
440.150000,-37.794961,-38.100466,-37.928070
440.200000,-37.753282,-38.060022,-37.886789
440.250000,-37.711458,-38.019449,-37.845370
440.300000,-37.669483,-37.978742,-37.803807
440.350000,-37.627350,-37.937895,-37.762093
440.400000,-37.585053,-37.896902,-37.720222
440.450000,-37.542584,-37.855757,-37.678188
440.500000,-37.499938,-37.814454,-37.635983
440.550000,-37.457107,-37.772985,-37.593602
440.600000,-37.414084,-37.731345,-37.551037
440.650000,-37.370862,-37.689527,-37.508281
440.700000,-37.327433,-37.647524,-37.465327
440.750000,-37.283790,-37.605328,-37.422167
440.800000,-37.239924,-37.562933,-37.378794
440.850000,-37.195828,-37.520331,-37.335199
440.900000,-37.151493,-37.477515,-37.291375
440.950000,-37.106910,-37.434476,-37.247314
441.000000,-37.062072,-37.391206,-37.203006
441.050000,-37.016968,-37.347698,-37.158443
441.100000,-36.971589,-37.303942,-37.113616
441.150000,-36.925926,-37.259930,-37.068515
441.200000,-36.879968,-37.215652,-37.023131
441.250000,-36.833705,-37.171100,-36.977454
441.300000,-36.787127,-37.126262,-36.931473
441.350000,-36.740222,-37.081130,-36.885177
441.400000,-36.692979,-37.035693,-36.838556
441.450000,-36.645385,-36.989940,-36.791598
441.500000,-36.597429,-36.943859,-36.744290
441.550000,-36.549098,-36.897439,-36.696621
441.600000,-36.500377,-36.850668,-36.648577
441.650000,-36.451254,-36.803533,-36.600145
441.700000,-36.401714,-36.756021,-36.551311
441.750000,-36.351741,-36.708119,-36.502060
441.800000,-36.301321,-36.659812,-36.452377
441.850000,-36.250436,-36.611085,-36.402247
441.900000,-36.199069,-36.561923,-36.351653
441.950000,-36.147203,-36.512310,-36.300578
442.000000,-36.094819,-36.462229,-36.249002
442.050000,-36.041898,-36.411662,-36.196909
442.100000,-35.988418,-36.360590,-36.144277
442.150000,-35.934358,-36.308995,-36.091087
442.200000,-35.879696,-36.256856,-36.037315
442.250000,-35.824409,-36.204152,-35.982941
442.300000,-35.768470,-36.150860,-35.927938
442.350000,-35.711855,-36.096957,-35.872284
442.400000,-35.654535,-36.042418,-35.815950
442.450000,-35.596482,-35.987217,-35.758908
442.500000,-35.537664,-35.931327,-35.701130
442.550000,-35.478051,-35.874719,-35.642585
442.600000,-35.417606,-35.817361,-35.583238
442.650000,-35.356296,-35.759223,-35.523056
442.700000,-35.294080,-35.700269,-35.462002
442.750000,-35.230919,-35.640463,-35.400037
442.800000,-35.166770,-35.579767,-35.337120
442.850000,-35.101586,-35.518140,-35.273206
442.900000,-35.035321,-35.455539,-35.208249
442.950000,-34.967921,-35.391919,-35.142199
443.000000,-34.899332,-35.327228,-35.075004
443.050000,-34.829495,-35.261416,-35.006606
443.100000,-34.758347,-35.194427,-34.936946
443.150000,-34.685820,-35.126200,-34.865958
443.200000,-34.611844,-35.056672,-34.793574
443.250000,-34.536339,-34.985773,-34.719719
443.300000,-34.459224,-34.913431,-34.644313
443.350000,-34.380408,-34.839566,-34.567271
443.400000,-34.299796,-34.764092,-34.488500
443.450000,-34.217283,-34.686918,-34.407901
443.500000,-34.132756,-34.607944,-34.325364
443.550000,-34.046095,-34.527063,-34.240775
443.600000,-33.957165,-34.444158,-34.154005
443.650000,-33.865825,-34.359103,-34.064919
443.700000,-33.771917,-34.271759,-33.973364
443.750000,-33.675270,-34.181977,-33.879179
443.800000,-33.575697,-34.089593,-33.782184
443.850000,-33.472994,-33.994427,-33.682183
443.900000,-33.366935,-33.896282,-33.578961
443.950000,-33.257271,-33.794940,-33.472280
444.000000,-33.143730,-33.690164,-33.361881
444.050000,-33.026007,-33.581688,-33.247472
444.100000,-32.903767,-33.469221,-33.128734
444.150000,-32.776635,-33.352436,-33.005309
444.200000,-32.644194,-33.230972,-32.876800
444.250000,-32.505974,-33.104422,-32.742760
444.300000,-32.361451,-32.972333,-32.602689
444.350000,-32.210030,-32.834191,-32.456022
444.400000,-32.051042,-32.689420,-32.302123
444.450000,-31.883723,-32.537363,-32.140265
444.500000,-31.707204,-32.377275,-31.969625
444.550000,-31.520489,-32.208303,-31.789258
444.600000,-31.322433,-32.029468,-31.598077
444.650000,-31.111711,-31.839642,-31.394828
444.700000,-30.886786,-31.637517,-31.178055
444.750000,-30.645862,-31.421570,-30.946062
444.800000,-30.386832,-31.190018,-30.696856
444.850000,-30.107207,-30.940761,-30.428088
444.900000,-29.804034,-30.671316,-30.136974
444.950000,-29.473786,-30.378720,-29.820190
445.000000,-29.112225,-30.059429,-29.473746
445.050000,-28.714226,-29.709168,-29.092825
445.100000,-28.273563,-29.322756,-28.671577
445.150000,-27.782625,-28.893879,-28.202858
445.200000,-27.232073,-28.414809,-27.677914
445.250000,-26.610421,-27.876062,-27.085982
445.300000,-25.903550,-27.265996,-26.413846
445.350000,-25.094210,-26.570393,-25.645358
445.400000,-24.161630,-25.772102,-24.761070
445.450000,-23.081550,-24.850981,-23.738234
445.500000,-21.827297,-23.784594,-22.551745
445.550000,-20.373067,-22.550528,-21.177080
445.600000,-18.701132,-21.131673,-19.596819
445.650000,-16.814619,-19.525848,-17.812299
445.700000,-14.754875,-17.759473,-15.859683
445.750000,-12.615927,-15.900367,-13.823894
445.800000,-10.542586,-14.059828,-11.838238
445.850000,-8.704601,-12.376717,-10.062145
445.900000,-7.256862,-10.988184,-8.644973
445.950000,-6.306104,-10.000988,-7.694055
446.000000,-5.898023,-9.475557,-7.260416
446.050000,-6.024325,-9.425576,-7.343043
446.100000,-6.639599,-9.827734,-7.903316
446.150000,-7.678025,-10.634326,-8.880501
446.200000,-9.065277,-11.784095,-10.203545
446.250000,-10.725614,-13.209985,-11.798619
446.300000,-12.586037,-14.844460,-13.593809
446.350000,-14.579336,-16.623432,-15.522508
446.400000,-16.646788,-18.489454,-17.526265
446.450000,-18.740089,-20.394017,-19.556780
446.500000,-20.821562,-22.298354,-21.576259
446.550000,-22.862409,-24.172543,-23.555914
446.600000,-24.839974,-25.993496,-25.473428
446.650000,-26.735337,-27.742848,-27.310607
446.700000,-28.532056,-29.405489,-29.052006
446.750000,-30.216114,-30.968994,-30.684645
446.800000,-31.776614,-32.423745,-32.198481
446.850000,-33.206629,-33.763362,-33.587091
446.900000,-34.503684,-34.985019,-34.848099
446.950000,-35.669610,-36.089408,-35.983085
447.000000,-36.709849,-37.080295,-36.996992
447.050000,-37.632411,-37.963789,-37.897217
447.100000,-38.446800,-38.747522,-38.692636
447.150000,-39.163094,-39.439889,-39.392750
447.200000,-39.791276,-40.049452,-40.007048
447.250000,-40.340810,-40.584527,-40.544591
447.300000,-40.820418,-41.052930,-41.013777
447.350000,-41.237995,-41.461853,-41.422244
447.400000,-41.600606,-41.817817,-41.776854
447.450000,-41.914533,-42.126684,-42.083725
447.500000,-42.185338,-42.393690,-42.348290
447.550000,-42.417942,-42.623500,-42.575360
447.600000,-42.616692,-42.820257,-42.769192
447.650000,-42.785431,-42.987646,-42.933554
447.700000,-42.927557,-43.128935,-43.071780
447.750000,-43.046078,-43.247027,-43.186822
447.800000,-43.143658,-43.344504,-43.281296
447.850000,-43.222659,-43.423659,-43.357523
447.900000,-43.285176,-43.486532,-43.417562
447.950000,-43.333072,-43.534940,-43.463242
448.000000,-43.368002,-43.570501,-43.496192
448.050000,-43.391436,-43.594657,-43.517856
448.100000,-43.404684,-43.608694,-43.529522
448.150000,-43.408914,-43.613757,-43.532338
448.200000,-43.405163,-43.610872,-43.527325
448.250000,-43.394360,-43.600951,-43.515394
448.300000,-43.377329,-43.584812,-43.497358
448.350000,-43.354807,-43.563183,-43.473940
448.400000,-43.327453,-43.536717,-43.445787
448.450000,-43.295852,-43.505994,-43.413476
448.500000,-43.260529,-43.471536,-43.377522
448.550000,-43.221950,-43.433807,-43.338384
448.600000,-43.180533,-43.393223,-43.296472
448.650000,-43.136649,-43.350156,-43.252151
448.700000,-43.090632,-43.304937,-43.205749
448.750000,-43.042776,-43.257861,-43.157556
448.800000,-42.993346,-43.209195,-43.107832
448.850000,-42.942577,-43.159173,-43.056807
448.900000,-42.890680,-43.108006,-43.004688
448.950000,-42.837841,-43.055881,-42.951659
449.000000,-42.784225,-43.002966,-42.897882
449.050000,-42.729980,-42.949409,-42.843502
449.100000,-42.675238,-42.895342,-42.788648
449.150000,-42.620115,-42.840882,-42.733433
449.200000,-42.564713,-42.786134,-42.677959
449.250000,-42.509124,-42.731189,-42.622316
449.300000,-42.453427,-42.676128,-42.566580
449.350000,-42.397694,-42.621024,-42.510823
449.400000,-42.341986,-42.565940,-42.455105
449.450000,-42.286359,-42.510930,-42.399479
449.500000,-42.230860,-42.456043,-42.343992
449.550000,-42.175530,-42.401322,-42.288684
449.600000,-42.120406,-42.346803,-42.233591
449.650000,-42.065517,-42.292517,-42.178742
449.700000,-42.010892,-42.238492,-42.124163
449.750000,-41.956551,-42.184751,-42.069878
449.800000,-41.902515,-42.131314,-42.015903
449.850000,-41.848800,-42.078196,-41.962254
449.900000,-41.795417,-42.025411,-41.908944
449.950000,-41.742378,-41.972971,-41.855983
450.000000,-41.689691,-41.920883,-41.803378
450.050000,-41.637362,-41.869155,-41.751136
450.100000,-41.585395,-41.817790,-41.699261
450.150000,-41.533794,-41.766793,-41.647755
450.200000,-41.482560,-41.716164,-41.596619
450.250000,-41.431692,-41.665904,-41.545854
450.300000,-41.381191,-41.616013,-41.495458
450.350000,-41.331053,-41.566489,-41.445429
450.400000,-41.281277,-41.517328,-41.395765
450.450000,-41.231858,-41.468528,-41.346460
450.500000,-41.182793,-41.420085,-41.297512
450.550000,-41.134077,-41.371993,-41.248916
450.600000,-41.085704,-41.324249,-41.200665
450.650000,-41.037669,-41.276846,-41.152755
450.700000,-40.989966,-41.229778,-41.105179
450.750000,-40.942588,-41.183039,-41.057931
450.800000,-40.895529,-41.136622,-41.011004
450.850000,-40.848782,-41.090522,-40.964391
450.900000,-40.802340,-41.044730,-40.918085
450.950000,-40.756196,-40.999240,-40.872079
451.000000,-40.710343,-40.954044,-40.826366
451.050000,-40.664772,-40.909135,-40.780938
451.100000,-40.619477,-40.864506,-40.735787
451.150000,-40.574450,-40.820149,-40.690907
451.200000,-40.529684,-40.776057,-40.646290
451.250000,-40.485171,-40.732222,-40.601927
451.300000,-40.440904,-40.688637,-40.557813
451.350000,-40.396874,-40.645295,-40.513938
451.400000,-40.353076,-40.602188,-40.470297
451.450000,-40.309501,-40.559308,-40.426881
451.500000,-40.266141,-40.516648,-40.383683
451.550000,-40.222990,-40.474202,-40.340695
451.600000,-40.180041,-40.431962,-40.297912
451.650000,-40.137285,-40.389920,-40.255324
451.700000,-40.094717,-40.348070,-40.212926
451.750000,-40.052329,-40.306405,-40.170710
451.800000,-40.010113,-40.264917,-40.128669
451.850000,-39.968064,-40.223601,-40.086797
451.900000,-39.926174,-40.182449,-40.045086
451.950000,-39.884437,-40.141455,-40.003531
452.000000,-39.842845,-40.100611,-39.962124
452.050000,-39.801394,-40.059913,-39.920858
452.100000,-39.760075,-40.019352,-39.879729
452.150000,-39.718882,-39.978924,-39.838728
452.200000,-39.677810,-39.938621,-39.797850
452.250000,-39.636853,-39.898438,-39.757089
452.300000,-39.596003,-39.858369,-39.716439
452.350000,-39.555254,-39.818407,-39.675893
452.400000,-39.514602,-39.778547,-39.635446
452.450000,-39.474040,-39.738784,-39.595092
452.500000,-39.433562,-39.699110,-39.554824
452.550000,-39.393162,-39.659521,-39.514638
452.600000,-39.352836,-39.620011,-39.474528
452.650000,-39.312576,-39.580575,-39.434488
452.700000,-39.272377,-39.541207,-39.394512
452.750000,-39.232235,-39.501901,-39.354596
452.800000,-39.192143,-39.462653,-39.314734
452.850000,-39.152097,-39.423457,-39.274919
452.900000,-39.112090,-39.384309,-39.235148
452.950000,-39.072117,-39.345202,-39.195415
453.000000,-39.032174,-39.306132,-39.155715
453.050000,-38.992255,-39.267093,-39.116042
453.100000,-38.952354,-39.228081,-39.076391
453.150000,-38.912467,-39.189091,-39.036758
453.200000,-38.872589,-39.150117,-38.997137
453.250000,-38.832714,-39.111155,-38.957522
453.300000,-38.792836,-39.072200,-38.917910
453.350000,-38.752952,-39.033247,-38.878295
453.400000,-38.713056,-38.994291,-38.838672
453.450000,-38.673143,-38.955327,-38.799036
453.500000,-38.633207,-38.916350,-38.759381
453.550000,-38.593244,-38.877355,-38.719704
453.600000,-38.553248,-38.838338,-38.679999
453.650000,-38.513215,-38.799294,-38.640260
453.700000,-38.473140,-38.760217,-38.600483
453.750000,-38.433016,-38.721104,-38.560664
453.800000,-38.392840,-38.681949,-38.520796
453.850000,-38.352606,-38.642747,-38.480875
453.900000,-38.312309,-38.603494,-38.440897
453.950000,-38.271943,-38.564184,-38.400854
454.000000,-38.231504,-38.524812,-38.360744
454.050000,-38.190986,-38.485375,-38.320560
454.100000,-38.150384,-38.445866,-38.280297
454.150000,-38.109692,-38.406280,-38.239950
454.200000,-38.068906,-38.366613,-38.199514
454.250000,-38.028019,-38.326860,-38.158984
454.300000,-37.987026,-38.287014,-38.118353
454.350000,-37.945921,-38.247072,-38.077617
454.400000,-37.904699,-38.207027,-38.036769
454.450000,-37.863354,-38.166875,-37.995805
454.500000,-37.821881,-38.126609,-37.954718
454.550000,-37.780272,-38.086224,-37.913504
454.600000,-37.738522,-38.045715,-37.872154
454.650000,-37.696625,-38.005076,-37.830665
454.700000,-37.654574,-37.964300,-37.789029
454.750000,-37.612363,-37.923383,-37.747240
454.800000,-37.569986,-37.882317,-37.705292
454.850000,-37.527435,-37.841097,-37.663178
454.900000,-37.484704,-37.799716,-37.620892
454.950000,-37.441786,-37.758168,-37.578426
455.000000,-37.398673,-37.716446,-37.535774
455.050000,-37.355358,-37.674543,-37.492929
455.100000,-37.311834,-37.632452,-37.449882
455.150000,-37.268092,-37.590167,-37.406627
455.200000,-37.224125,-37.547680,-37.363156
455.250000,-37.179925,-37.504983,-37.319461
455.300000,-37.135483,-37.462068,-37.275533
455.350000,-37.090790,-37.418928,-37.231365
455.400000,-37.045837,-37.375555,-37.186947
455.450000,-37.000616,-37.331940,-37.142271
455.500000,-36.955117,-37.288074,-37.097327
455.550000,-36.909329,-37.243948,-37.052106
455.600000,-36.863243,-37.199554,-37.006599
455.650000,-36.816848,-37.154881,-36.960794
455.700000,-36.770134,-37.109919,-36.914681
455.750000,-36.723088,-37.064659,-36.868250
455.800000,-36.675700,-37.019090,-36.821488
455.850000,-36.627958,-36.973201,-36.774386
455.900000,-36.579848,-36.926980,-36.726929
455.950000,-36.531357,-36.880415,-36.679106
456.000000,-36.482473,-36.833494,-36.630903
456.050000,-36.433180,-36.786205,-36.582307
456.100000,-36.383465,-36.738534,-36.533304
456.150000,-36.333312,-36.690467,-36.483879
456.200000,-36.282704,-36.641990,-36.434016
456.250000,-36.231626,-36.593087,-36.383699
456.300000,-36.180060,-36.543744,-36.332912
456.350000,-36.127987,-36.493943,-36.281637
456.400000,-36.075389,-36.443667,-36.229855
456.450000,-36.022246,-36.392899,-36.177547
456.500000,-35.968537,-36.341619,-36.124694
456.550000,-35.914240,-36.289808,-36.071273
456.600000,-35.859331,-36.237445,-36.017264
456.650000,-35.803788,-36.184509,-35.962642
456.700000,-35.747584,-36.130976,-35.907384
456.750000,-35.690693,-36.076823,-35.851463
456.800000,-35.633087,-36.022025,-35.794852
456.850000,-35.574736,-35.966554,-35.737523
456.900000,-35.515609,-35.910384,-35.679446
456.950000,-35.455673,-35.853483,-35.620589
457.000000,-35.394893,-35.795822,-35.560919
457.050000,-35.333233,-35.737367,-35.500400
457.100000,-35.270652,-35.678083,-35.438994
457.150000,-35.207111,-35.617934,-35.376661
457.200000,-35.142564,-35.556879,-35.313360
457.250000,-35.076965,-35.494877,-35.249045
457.300000,-35.010265,-35.431884,-35.183669
457.350000,-34.942410,-35.367853,-35.117181
457.400000,-34.873345,-35.302733,-35.049526
457.450000,-34.803008,-35.236471,-34.980646
457.500000,-34.731335,-35.169010,-34.910480
457.550000,-34.658257,-35.100287,-34.838961
457.600000,-34.583701,-35.030237,-34.766018
457.650000,-34.507586,-34.958791,-34.691575
457.700000,-34.429827,-34.885871,-34.615550
457.750000,-34.350333,-34.811396,-34.537854
457.800000,-34.269003,-34.735280,-34.458392
457.850000,-34.185731,-34.657426,-34.377062
457.900000,-34.100401,-34.577733,-34.293753
457.950000,-34.012887,-34.496090,-34.208344
458.000000,-33.923053,-34.412377,-34.120704
458.050000,-33.830751,-34.326463,-34.030692
458.100000,-33.735818,-34.238206,-33.938152
458.150000,-33.638078,-34.147450,-33.842916
458.200000,-33.537336,-34.054026,-33.744799
458.250000,-33.433382,-33.957748,-33.643596
458.300000,-33.325981,-33.858411,-33.539086
458.350000,-33.214876,-33.755791,-33.431023
458.400000,-33.099783,-33.649640,-33.319134
458.450000,-32.980385,-33.539683,-33.203120
458.500000,-32.856334,-33.425616,-33.082646
458.550000,-32.727239,-33.307099,-32.957340
458.600000,-32.592665,-33.183755,-32.826788
458.650000,-32.452121,-33.055161,-32.690524
458.700000,-32.305059,-32.920841,-32.548024
458.750000,-32.150857,-32.780260,-32.398698
458.800000,-31.988811,-32.632813,-32.241877
458.850000,-31.818121,-32.477810,-32.076801
458.900000,-31.637872,-32.314468,-31.902601
458.950000,-31.447015,-32.141890,-31.718282
459.000000,-31.244341,-31.959044,-31.522699
459.050000,-31.028451,-31.764737,-31.314527
459.100000,-30.797714,-31.557586,-31.092223
459.150000,-30.550225,-31.335975,-30.853986
459.200000,-30.283742,-31.098010,-30.597699
459.250000,-29.995614,-30.841455,-30.320859
459.300000,-29.682686,-30.563659,-30.020492
459.350000,-29.341180,-30.261455,-29.693041
459.400000,-28.966549,-29.931043,-29.334226
459.450000,-28.553284,-29.567831,-28.938868
459.500000,-28.094672,-29.166241,-28.500665
459.550000,-27.582500,-28.719465,-28.011911
459.600000,-27.006675,-28.219159,-27.463147
459.650000,-26.354783,-27.655078,-26.842744
459.700000,-25.611588,-27.014665,-26.136441
459.750000,-24.758553,-26.282633,-25.326886
459.800000,-23.773559,-25.440693,-24.393362
459.850000,-22.631238,-24.467703,-23.312055
459.900000,-21.304705,-23.340850,-22.057595
459.950000,-19.770090,-22.038901,-20.607131
460.000000,-18.015710,-20.548991,-18.948651
460.050000,-16.056947,-18.877977,-17.094608
460.100000,-13.953827,-17.066682,-15.098348
460.150000,-11.820944,-15.199917,-13.064152
460.200000,-9.816615,-13.402125,-11.138799
460.250000,-8.109699,-11.815213,-9.482298
460.300000,-6.839891,-10.567714,-8.231121
460.350000,-6.091235,-9.749924,-7.471967
460.400000,-5.887515,-9.404024,-7.235018
460.450000,-6.204358,-9.528355,-7.503223
460.500000,-6.986964,-10.089008,-8.228002
460.550000,-8.165231,-11.032095,-9.343628
460.600000,-9.663696,-12.293444,-10.777332
460.650000,-11.407270,-13.805308,-12.455570
460.700000,-13.324810,-15.501048,-14.308076
460.750000,-15.352017,-17.318750,-16.271019
460.800000,-17.433943,-19.204137,-18.289613
460.850000,-19.526379,-21.112372,-20.319585
460.900000,-21.595278,-23.008206,-22.326788
460.950000,-23.614485,-24.864551,-24.285181
461.000000,-25.562980,-26.660323,-26.174232
461.050000,-27.422852,-28.378504,-27.976882
461.100000,-29.178525,-30.005015,-29.678593
461.150000,-30.817051,-31.528448,-31.267412
461.200000,-32.328939,-32.940350,-32.734581
461.250000,-33.708909,-34.235654,-34.075174
461.300000,-34.956152,-35.412882,-35.288339
461.350000,-36.073962,-36.473951,-36.377011
461.400000,-37.068871,-37.423599,-37.347166
461.450000,-37.949569,-38.268602,-38.206866
461.500000,-38.725868,-39.016957,-38.965308
461.550000,-39.407872,-39.677179,-39.632049
461.600000,-40.005405,-40.257776,-40.216453
461.650000,-40.527667,-40.766895,-40.727349
461.700000,-40.983074,-41.212126,-41.172853
461.750000,-41.379203,-41.600410,-41.560311
461.800000,-41.722818,-41.938017,-41.896298
461.850000,-42.019921,-42.230567,-42.186666
461.900000,-42.275824,-42.483074,-42.436606
461.950000,-42.495224,-42.700002,-42.650714
462.000000,-42.682271,-42.885313,-42.833054
462.050000,-42.840633,-43.042530,-42.987225
462.100000,-42.973556,-43.174780,-43.116412
462.150000,-43.083913,-43.284838,-43.223436
462.200000,-43.174249,-43.375175,-43.310796
462.250000,-43.246823,-43.447984,-43.380711
462.300000,-43.303640,-43.505219,-43.435151
462.350000,-43.346479,-43.548619,-43.475867
462.400000,-43.376924,-43.579732,-43.504414
462.450000,-43.396384,-43.599941,-43.522177
462.500000,-43.406112,-43.610476,-43.530388
462.550000,-43.407225,-43.612436,-43.530147
462.600000,-43.400719,-43.606803,-43.522430
462.650000,-43.387481,-43.594451,-43.508112
462.700000,-43.368301,-43.576164,-43.487970
462.750000,-43.343887,-43.552641,-43.462697
462.800000,-43.314868,-43.524506,-43.432914
462.850000,-43.281806,-43.492317,-43.399172
462.900000,-43.245202,-43.456573,-43.361966
462.950000,-43.205505,-43.417720,-43.321735
463.000000,-43.163114,-43.376156,-43.278871
463.050000,-43.118386,-43.332238,-43.233727
463.100000,-43.071639,-43.286282,-43.186613
463.150000,-43.023156,-43.238573,-43.137810
463.200000,-42.973190,-43.189364,-43.087564
463.250000,-42.921968,-43.138881,-43.036099
463.300000,-42.869689,-43.087326,-42.983611
463.350000,-42.816532,-43.034879,-42.930275
463.400000,-42.762656,-42.981698,-42.876248
463.450000,-42.708202,-42.927927,-42.821668
463.500000,-42.653296,-42.873692,-42.766658
463.550000,-42.598049,-42.819104,-42.711327
463.600000,-42.542558,-42.764263,-42.655771
463.650000,-42.486911,-42.709257,-42.600076
463.700000,-42.431184,-42.654164,-42.544316
463.750000,-42.375445,-42.599052,-42.488559
463.800000,-42.319753,-42.543980,-42.432860
463.850000,-42.264160,-42.489002,-42.377273
463.900000,-42.208711,-42.434164,-42.321839
463.950000,-42.153445,-42.379506,-42.266599
464.000000,-42.098397,-42.325061,-42.211585
464.050000,-42.043595,-42.270862,-42.156826
464.100000,-41.989064,-42.216931,-42.102346
464.150000,-41.934827,-42.163293,-42.048166
464.200000,-41.880900,-42.109964,-41.994302
464.250000,-41.827298,-42.056961,-41.940770
464.300000,-41.774034,-42.004295,-41.887580
464.350000,-41.721116,-41.951976,-41.834742
464.400000,-41.668553,-41.900013,-41.782264
464.450000,-41.616350,-41.848411,-41.730149
464.500000,-41.564511,-41.797174,-41.678402
464.550000,-41.513037,-41.746305,-41.627026
464.600000,-41.461930,-41.695805,-41.576019
464.650000,-41.411190,-41.645674,-41.525383
464.700000,-41.360815,-41.595910,-41.475115
464.750000,-41.310804,-41.546512,-41.425213
464.800000,-41.261152,-41.497477,-41.375674
464.850000,-41.211856,-41.448802,-41.326494
464.900000,-41.162912,-41.400481,-41.277668
464.950000,-41.114315,-41.352510,-41.229192
465.000000,-41.066059,-41.304884,-41.181059
465.050000,-41.018139,-41.257597,-41.133265
465.100000,-40.970548,-41.210643,-41.085802
465.150000,-40.923280,-41.164015,-41.038665
465.200000,-40.876328,-41.117707,-40.991846
465.250000,-40.829686,-41.071713,-40.945338
465.300000,-40.783346,-41.026024,-40.899135
465.350000,-40.737301,-40.980635,-40.853229
465.400000,-40.691543,-40.935537,-40.807613
465.450000,-40.646066,-40.890723,-40.762279
465.500000,-40.600862,-40.846186,-40.717220
465.550000,-40.555922,-40.801919,-40.672428
465.600000,-40.511241,-40.757913,-40.627897
465.650000,-40.466810,-40.714162,-40.583617
465.700000,-40.422621,-40.670658,-40.539583
465.750000,-40.378668,-40.627394,-40.495785
465.800000,-40.334943,-40.584361,-40.452218
465.850000,-40.291438,-40.541554,-40.408873
465.900000,-40.248146,-40.498964,-40.365744
465.950000,-40.205060,-40.456584,-40.322822
466.000000,-40.162172,-40.414408,-40.280101
466.050000,-40.119476,-40.372428,-40.237574
466.100000,-40.076964,-40.330636,-40.195233
466.150000,-40.034629,-40.289027,-40.153072
466.200000,-39.992465,-40.247593,-40.111083
466.250000,-39.950464,-40.206327,-40.069261
466.300000,-39.908620,-40.165223,-40.027597
466.350000,-39.866926,-40.124274,-39.986086
466.400000,-39.825376,-40.083474,-39.944720
466.450000,-39.783962,-40.042816,-39.903494
466.500000,-39.742679,-40.002294,-39.862402
466.550000,-39.701520,-39.961901,-39.821435
466.600000,-39.660478,-39.921631,-39.780589
466.650000,-39.619549,-39.881479,-39.739858
466.700000,-39.578725,-39.841439,-39.699235
466.750000,-39.538000,-39.801503,-39.658714
466.800000,-39.497369,-39.761667,-39.618289
466.850000,-39.456826,-39.721925,-39.577955
466.900000,-39.416364,-39.682271,-39.537705
466.950000,-39.375979,-39.642699,-39.497535
467.000000,-39.335664,-39.603204,-39.457438
467.050000,-39.295414,-39.563781,-39.417410
467.100000,-39.255224,-39.524423,-39.377443
467.150000,-39.215087,-39.485126,-39.337534
467.200000,-39.174998,-39.445885,-39.297676
467.250000,-39.134953,-39.406694,-39.257865
467.300000,-39.094945,-39.367547,-39.218094
467.350000,-39.054970,-39.328441,-39.178359
467.400000,-39.015021,-39.289369,-39.138655
467.450000,-38.975094,-39.250326,-39.098976
467.500000,-38.935184,-39.211309,-39.059318
467.550000,-38.895286,-39.172310,-39.019675
467.600000,-38.855394,-39.133327,-38.980042
467.650000,-38.815503,-39.094353,-38.940413
467.700000,-38.775608,-39.055384,-38.900785
467.750000,-38.735703,-39.016415,-38.861152
467.800000,-38.695785,-38.977441,-38.821508
467.850000,-38.655847,-38.938457,-38.781850
467.900000,-38.615885,-38.899458,-38.742171
467.950000,-38.575894,-38.860440,-38.702467
468.000000,-38.535868,-38.821397,-38.662733
468.050000,-38.495802,-38.782324,-38.622964
468.100000,-38.455691,-38.743218,-38.583155
468.150000,-38.415531,-38.704073,-38.543300
468.200000,-38.375315,-38.664883,-38.503395
468.250000,-38.335040,-38.625645,-38.463435
468.300000,-38.294699,-38.586354,-38.423415
468.350000,-38.254288,-38.547004,-38.383330
468.400000,-38.213800,-38.507590,-38.343173
468.450000,-38.173232,-38.468108,-38.302941
468.500000,-38.132577,-38.428552,-38.262629
468.550000,-38.091831,-38.388918,-38.222229
468.600000,-38.050987,-38.349200,-38.181739
468.650000,-38.010040,-38.309393,-38.141151
468.700000,-37.968985,-38.269492,-38.100461
468.750000,-37.927816,-38.229492,-38.059663
468.800000,-37.886527,-38.189387,-38.018751
468.850000,-37.845113,-38.149172,-37.977720
468.900000,-37.803567,-38.108841,-37.936564
468.950000,-37.761883,-38.068389,-37.895278
469.000000,-37.720055,-38.027810,-37.853854
469.050000,-37.678078,-37.987098,-37.812287
469.100000,-37.635944,-37.946248,-37.770571
469.150000,-37.593647,-37.905252,-37.728699
469.200000,-37.551181,-37.864106,-37.686666
469.250000,-37.508538,-37.822803,-37.644463
469.300000,-37.465712,-37.781336,-37.602085
469.350000,-37.422695,-37.739699,-37.559525
469.400000,-37.379480,-37.697885,-37.516775
469.450000,-37.336060,-37.655887,-37.473828
469.500000,-37.292427,-37.613698,-37.430677
469.550000,-37.248574,-37.571311,-37.387314
469.600000,-37.204491,-37.528719,-37.343732
469.650000,-37.160171,-37.485914,-37.299922
469.700000,-37.115606,-37.442887,-37.255875
469.750000,-37.070785,-37.399632,-37.211584
469.800000,-37.025702,-37.356139,-37.167040
469.850000,-36.980345,-37.312401,-37.122232
469.900000,-36.934705,-37.268408,-37.077154
469.950000,-36.888773,-37.224151,-37.031793
470.000000,-36.842537,-37.179621,-36.986141
470.050000,-36.795989,-37.134808,-36.940188
470.100000,-36.749115,-37.089702,-36.893921
470.150000,-36.701905,-37.044293,-36.847331
470.200000,-36.654347,-36.998570,-36.800406
470.250000,-36.606429,-36.952521,-36.753134
470.300000,-36.558137,-36.906135,-36.705502
470.350000,-36.509460,-36.859400,-36.657498
470.400000,-36.460381,-36.812304,-36.609108
470.450000,-36.410888,-36.764833,-36.560319
470.500000,-36.360966,-36.716973,-36.511116
470.550000,-36.310598,-36.668712,-36.461483
470.600000,-36.259769,-36.620033,-36.411406
470.650000,-36.208461,-36.570922,-36.360867
470.700000,-36.156656,-36.521363,-36.309850
470.750000,-36.104337,-36.471338,-36.258337
470.800000,-36.051484,-36.420831,-36.206308
470.850000,-35.998076,-36.369822,-36.153745
470.900000,-35.944092,-36.318293,-36.100626
470.950000,-35.889509,-36.266224,-36.046931
471.000000,-35.834305,-36.213593,-35.992636
471.050000,-35.778454,-36.160379,-35.937717
471.100000,-35.721931,-36.106557,-35.882150
471.150000,-35.664708,-36.052104,-35.825909
471.200000,-35.606757,-35.996993,-35.768965
471.250000,-35.548047,-35.941198,-35.711290
471.300000,-35.488545,-35.884689,-35.652852
471.350000,-35.428220,-35.827436,-35.593619
471.400000,-35.367033,-35.769408,-35.533556
471.450000,-35.304949,-35.710570,-35.472628
471.500000,-35.241925,-35.650887,-35.410795
471.550000,-35.177921,-35.590320,-35.348016
471.600000,-35.112891,-35.528829,-35.284249
471.650000,-35.046787,-35.466371,-35.219447
471.700000,-34.979557,-35.402902,-35.153560
471.750000,-34.911148,-35.338371,-35.086537
471.800000,-34.841500,-35.272728,-35.018321
471.850000,-34.770553,-35.205916,-34.948853
471.900000,-34.698238,-35.137878,-34.878068
471.950000,-34.624486,-35.068548,-34.805899
472.000000,-34.549219,-34.997861,-34.732272
472.050000,-34.472355,-34.925742,-34.657107
472.100000,-34.393806,-34.852114,-34.580321
472.150000,-34.313477,-34.776892,-34.501822
472.200000,-34.231265,-34.699985,-34.421511
472.250000,-34.147059,-34.621296,-34.339283
472.300000,-34.060739,-34.540718,-34.255020
472.350000,-33.972174,-34.458136,-34.168600
472.400000,-33.881222,-34.373425,-34.079886
472.450000,-33.787730,-34.286450,-33.988731
472.500000,-33.691528,-34.197063,-33.894972
472.550000,-33.592433,-34.105101,-33.798435
472.600000,-33.490243,-34.010389,-33.698926
472.650000,-33.384736,-33.912732,-33.596232
472.700000,-33.275667,-33.811916,-33.490122
472.750000,-33.162768,-33.707706,-33.380337
472.800000,-33.045740,-33.599843,-33.266594
472.850000,-32.924254,-33.488040,-33.148577
472.900000,-32.797941,-33.371975,-33.025936
472.950000,-32.666391,-33.251295,-32.898279
473.000000,-32.529145,-33.125599,-32.765170
473.050000,-32.385688,-32.994444,-32.626118
473.100000,-32.235437,-32.857326,-32.480569
473.150000,-32.077736,-32.713680,-32.327899
473.200000,-31.911840,-32.562863,-32.167398
473.250000,-31.736896,-32.404147,-31.998261
473.300000,-31.551933,-32.236698,-31.819563
473.350000,-31.355831,-32.059559,-31.630244
473.400000,-31.147300,-31.871630,-31.429080
473.450000,-30.924839,-31.671634,-31.214652
473.500000,-30.686699,-31.458087,-30.985305
473.550000,-30.430830,-31.229255,-30.739103
473.600000,-30.154814,-30.983095,-30.473760
473.650000,-29.855782,-30.717193,-30.186573
473.700000,-29.530311,-30.428674,-29.874314
473.750000,-29.174294,-30.114102,-29.533119
473.800000,-28.782771,-29.769335,-29.158321
473.850000,-28.349718,-29.389360,-28.744261
473.900000,-27.867780,-28.968071,-28.284034
473.950000,-27.327936,-28.498002,-27.769183
474.000000,-26.719096,-27.969991,-27.189316
474.050000,-26.027624,-27.372793,-26.531664
474.100000,-25.236832,-26.692654,-25.780608
474.150000,-24.326566,-25.912940,-24.917279
474.200000,-23.273129,-25.014002,-23.919465
474.250000,-22.050123,-23.973701,-22.762341
474.300000,-20.631254,-22.769373,-21.420978
474.350000,-18.996744,-21.382505,-19.876132
474.400000,-17.145115,-19.807566,-18.124980
474.450000,-15.110075,-18.065170,-16.196692
474.500000,-12.976307,-16.215609,-14.167470
474.550000,-10.881198,-14.363436,-12.163397
474.600000,-8.992844,-12.644632,-10.341774
474.650000,-7.471266,-11.198753,-8.856122
474.700000,-6.432735,-10.139136,-7.822312
474.750000,-5.933121,-9.534367,-7.300924
474.800000,-5.972152,-9.405473,-7.298830
474.850000,-6.509420,-9.734494,-7.782614
474.900000,-7.481596,-10.477017,-8.694344
474.950000,-8.815211,-11.573466,-9.964106
475.000000,-10.434448,-12.957366,-11.518187
475.050000,-12.265653,-14.560989,-13.284121
475.100000,-14.240469,-16.319453,-15.194224
475.150000,-16.298603,-18.174027,-17.188524
475.200000,-18.389951,-20.074615,-19.216959
475.250000,-20.475136,-21.980847,-21.240042
475.300000,-22.524059,-23.861447,-23.227644
475.350000,-24.513229,-25.692340,-25.156547
475.400000,-26.423222,-27.454496,-27.007996
475.450000,-28.237217,-29.132324,-28.766130
475.500000,-29.940753,-30.712954,-30.417538
475.550000,-31.522349,-32.186271,-31.951637
475.600000,-32.974362,-33.545320,-33.361353
475.650000,-34.293559,-34.786667,-34.643619
475.700000,-35.481080,-35.910433,-35.799377
475.750000,-36.541822,-36.919907,-36.833058
475.800000,-37.483436,-37.820859,-37.751712
475.850000,-38.315240,-38.620715,-38.564024
475.900000,-39.047265,-39.327787,-39.279439
475.950000,-39.689541,-39.950636,-39.907477
476.000000,-40.251637,-40.497641,-40.457289
476.050000,-40.742406,-40.976709,-40.937393
476.100000,-41.169882,-41.395141,-41.355554
476.150000,-41.541265,-41.759569,-41.718763
476.200000,-41.862963,-42.075964,-42.033257
476.250000,-42.140654,-42.349662,-42.304579
476.300000,-42.379360,-42.585418,-42.537640
476.350000,-42.583520,-42.787461,-42.736784
476.400000,-42.757056,-42.959547,-42.905857
476.450000,-42.903437,-43.105010,-43.048261
476.500000,-43.025732,-43.226813,-43.167011
476.550000,-43.126660,-43.327588,-43.264774
476.600000,-43.208632,-43.409673,-43.343918
476.650000,-43.273784,-43.475149,-43.406545
476.700000,-43.324017,-43.525870,-43.454520
476.750000,-43.361017,-43.563483,-43.489503
476.800000,-43.386286,-43.589460,-43.512968
476.850000,-43.401159,-43.605110,-43.526229
476.900000,-43.406826,-43.611604,-43.530455
476.950000,-43.404345,-43.609983,-43.526688
477.000000,-43.394663,-43.601181,-43.515856
477.050000,-43.378619,-43.586028,-43.498788
477.100000,-43.356967,-43.565268,-43.476221
477.150000,-43.330376,-43.539565,-43.448816
477.200000,-43.299443,-43.509512,-43.417159
477.250000,-43.264704,-43.475639,-43.381776
477.300000,-43.226633,-43.438421,-43.343135
477.350000,-43.185657,-43.398281,-43.301653
477.400000,-43.142154,-43.355597,-43.257704
477.450000,-43.096463,-43.310707,-43.211621
477.500000,-43.048886,-43.263914,-43.163699
477.550000,-42.999693,-43.215486,-43.114204
477.600000,-42.949122,-43.165665,-43.063372
477.650000,-42.897389,-43.114664,-43.011412
477.700000,-42.844684,-43.062676,-42.958511
477.750000,-42.791175,-43.009870,-42.904837
477.800000,-42.737013,-42.956398,-42.850536
477.850000,-42.682333,-42.902394,-42.795740
477.900000,-42.627253,-42.847979,-42.740565
477.950000,-42.571877,-42.793259,-42.685114
478.000000,-42.516299,-42.738326,-42.629479
478.050000,-42.460600,-42.683266,-42.573739
478.100000,-42.404854,-42.628149,-42.517967
478.150000,-42.349123,-42.573042,-42.462223
478.200000,-42.293464,-42.518001,-42.406563
478.250000,-42.237925,-42.463075,-42.351034
478.300000,-42.182548,-42.408308,-42.295678
478.350000,-42.127371,-42.353736,-42.240531
478.400000,-42.072425,-42.299394,-42.185624
478.450000,-42.017737,-42.245307,-42.130982
478.500000,-41.963331,-42.191501,-42.076630
478.550000,-41.909227,-42.137995,-42.022585
478.600000,-41.855440,-42.084806,-41.968864
478.650000,-41.801984,-42.031948,-41.915480
478.700000,-41.748869,-41.979432,-41.862443
478.750000,-41.696106,-41.927268,-41.809761
478.800000,-41.643699,-41.875462,-41.757441
478.850000,-41.591654,-41.824019,-41.705487
478.900000,-41.539974,-41.772942,-41.653902
478.950000,-41.488661,-41.722234,-41.602687
479.000000,-41.437714,-41.671895,-41.551842
479.050000,-41.387134,-41.621925,-41.501367
479.100000,-41.336918,-41.572322,-41.451259
479.150000,-41.287063,-41.523082,-41.401516
479.200000,-41.237567,-41.474205,-41.352134
479.250000,-41.188425,-41.425684,-41.303109
479.300000,-41.139632,-41.377516,-41.254436
479.350000,-41.091184,-41.329696,-41.206110
479.400000,-41.043074,-41.282218,-41.158125
479.450000,-40.995298,-41.235076,-41.110475
479.500000,-40.947847,-41.188264,-41.063154
479.550000,-40.900717,-41.141776,-41.016155
479.600000,-40.853900,-41.095604,-40.969472
479.650000,-40.807388,-41.049743,-40.923096
479.700000,-40.761176,-41.004184,-40.877022
479.750000,-40.715255,-40.958921,-40.831242
479.800000,-40.669619,-40.913946,-40.785748
479.850000,-40.624259,-40.869252,-40.740532
479.900000,-40.579169,-40.824831,-40.695588
479.950000,-40.534340,-40.780676,-40.650908
480.000000,-40.489766,-40.736780,-40.606485
480.050000,-40.445438,-40.693134,-40.562310
480.100000,-40.401350,-40.649733,-40.518377
480.150000,-40.357494,-40.606567,-40.474677
480.200000,-40.313862,-40.563630,-40.431205
480.250000,-40.270447,-40.520915,-40.387951
480.300000,-40.227242,-40.478414,-40.344909
480.350000,-40.184239,-40.436120,-40.302072
480.400000,-40.141431,-40.394026,-40.259432
480.450000,-40.098811,-40.352124,-40.216983
480.500000,-40.056373,-40.310409,-40.174716
480.550000,-40.014108,-40.268872,-40.132626
480.600000,-39.972011,-40.227507,-40.090706
480.650000,-39.930074,-40.186308,-40.048948
480.700000,-39.888291,-40.145267,-40.007347
480.750000,-39.846654,-40.104379,-39.965894
480.800000,-39.805158,-40.063635,-39.924585
480.850000,-39.763796,-40.023032,-39.883412
480.900000,-39.722561,-39.982561,-39.842368
480.950000,-39.681448,-39.942216,-39.801449
481.000000,-39.640449,-39.901993,-39.760647
481.050000,-39.599560,-39.861883,-39.719957
481.100000,-39.558773,-39.821882,-39.679372
481.150000,-39.518082,-39.781984,-39.638887
481.200000,-39.477483,-39.742183,-39.598495
481.250000,-39.436968,-39.702472,-39.558191
481.300000,-39.396533,-39.662848,-39.517970
481.350000,-39.356171,-39.623302,-39.477824
481.400000,-39.315877,-39.583832,-39.437750
481.450000,-39.275645,-39.544430,-39.397741
481.500000,-39.235470,-39.505091,-39.357791
481.550000,-39.195346,-39.465811,-39.317896
481.600000,-39.155268,-39.426583,-39.278051
481.650000,-39.115230,-39.387403,-39.238249
481.700000,-39.075227,-39.348266,-39.198485
481.750000,-39.035255,-39.309166,-39.158755
481.800000,-38.995306,-39.270098,-39.119053
481.850000,-38.955378,-39.231058,-39.079374
481.900000,-38.915463,-39.192040,-39.039713
481.950000,-38.875557,-39.153039,-39.000064
482.000000,-38.835655,-39.114050,-38.960423
482.050000,-38.795752,-39.075068,-38.920785
482.100000,-38.755842,-39.036089,-38.881144
482.150000,-38.715921,-38.997108,-38.841496
482.200000,-38.675983,-38.958119,-38.801835
482.250000,-38.636024,-38.919118,-38.762157
482.300000,-38.596037,-38.880100,-38.722456
482.350000,-38.556019,-38.841059,-38.682727
482.400000,-38.515963,-38.801992,-38.642966
482.450000,-38.475866,-38.762894,-38.603167
482.500000,-38.435721,-38.723759,-38.563326
482.550000,-38.395524,-38.684582,-38.523437
482.600000,-38.355269,-38.645359,-38.483496
482.650000,-38.314951,-38.606085,-38.443496
482.700000,-38.274566,-38.566755,-38.403434
482.750000,-38.234108,-38.527365,-38.363304
482.800000,-38.193571,-38.487908,-38.323101
482.850000,-38.152950,-38.448380,-38.282820
482.900000,-38.112241,-38.408776,-38.242455
482.950000,-38.071437,-38.369091,-38.202001
483.000000,-38.030532,-38.329320,-38.161453
483.050000,-37.989523,-38.289457,-38.120805
483.100000,-37.948402,-38.249498,-38.080052
483.150000,-37.907164,-38.209437,-38.039189
483.200000,-37.865803,-38.169268,-37.998209
483.250000,-37.824314,-38.128987,-37.957106
483.300000,-37.782691,-38.088587,-37.915876
483.350000,-37.740926,-38.048063,-37.874512
483.400000,-37.699015,-38.007409,-37.833009
483.450000,-37.656951,-37.966619,-37.791359
483.500000,-37.614727,-37.925688,-37.749556
483.550000,-37.572336,-37.884608,-37.707595
483.600000,-37.529773,-37.843375,-37.665468
483.650000,-37.487030,-37.801981,-37.623169
483.700000,-37.444100,-37.760421,-37.580691
483.750000,-37.400975,-37.718687,-37.538028
483.800000,-37.357649,-37.676772,-37.495171
483.850000,-37.314114,-37.634670,-37.452113
483.900000,-37.270362,-37.592374,-37.408848
483.950000,-37.226385,-37.549876,-37.365366
484.000000,-37.182175,-37.507169,-37.321661
484.050000,-37.137724,-37.464244,-37.277724
484.100000,-37.093022,-37.421095,-37.233546
484.150000,-37.048061,-37.377712,-37.189120
484.200000,-37.002832,-37.334088,-37.144435
484.250000,-36.957324,-37.290214,-37.099483
484.300000,-36.911529,-37.246080,-37.054255
484.350000,-36.865437,-37.201678,-37.008740
484.400000,-36.819036,-37.156998,-36.962928
484.450000,-36.772315,-37.112029,-36.916809
484.500000,-36.725264,-37.066763,-36.870372
484.550000,-36.677871,-37.021188,-36.823605
484.600000,-36.630124,-36.975293,-36.776497
484.650000,-36.582009,-36.929066,-36.729036
484.700000,-36.533515,-36.882497,-36.681208
484.750000,-36.484628,-36.835572,-36.633002
484.800000,-36.435332,-36.788279,-36.584403
484.850000,-36.385615,-36.740605,-36.535397
484.900000,-36.335460,-36.692535,-36.485970
484.950000,-36.284852,-36.644055,-36.436105
485.000000,-36.233773,-36.595151,-36.385787
485.050000,-36.182207,-36.545806,-36.334999
485.100000,-36.130135,-36.496004,-36.283724
485.150000,-36.077538,-36.445728,-36.231943
485.200000,-36.024397,-36.394960,-36.179637
485.250000,-35.970691,-36.343682,-36.126786
485.300000,-35.916397,-36.291873,-36.073368
485.350000,-35.861493,-36.239512,-36.019362
485.400000,-35.805954,-36.186579,-35.964744
485.450000,-35.749756,-36.133051,-35.909491
485.500000,-35.692872,-36.078902,-35.853576
485.550000,-35.635274,-36.024110,-35.796972
485.600000,-35.576931,-35.968645,-35.739651
485.650000,-35.517814,-35.912482,-35.681582
485.700000,-35.457888,-35.855590,-35.622735
485.750000,-35.397120,-35.797938,-35.563076
485.800000,-35.335472,-35.739494,-35.502568
485.850000,-35.272906,-35.680221,-35.441175
485.900000,-35.209380,-35.620084,-35.378857
485.950000,-35.144850,-35.559043,-35.315571
486.000000,-35.079269,-35.497057,-35.251274
486.050000,-35.012589,-35.434080,-35.185916
486.100000,-34.944756,-35.370067,-35.119448
486.150000,-34.875714,-35.304967,-35.051815
486.200000,-34.805402,-35.238727,-34.982959
486.250000,-34.733757,-35.171288,-34.912819
486.300000,-34.660708,-35.102591,-34.841328
486.350000,-34.586184,-35.032568,-34.768415
486.400000,-34.510103,-34.961151,-34.694004
486.450000,-34.432382,-34.888263,-34.618014
486.500000,-34.352927,-34.813823,-34.540356
486.550000,-34.271640,-34.737744,-34.460935
486.600000,-34.188415,-34.659931,-34.379649
486.650000,-34.103135,-34.580282,-34.296388
486.700000,-34.015676,-34.498686,-34.211030
486.750000,-33.925900,-34.415023,-34.123446
486.800000,-33.833661,-34.329164,-34.033494
486.850000,-33.738797,-34.240967,-33.941020
486.900000,-33.641131,-34.150276,-33.845855
486.950000,-33.540470,-34.056922,-33.747814
487.000000,-33.436603,-33.960720,-33.646695
487.050000,-33.329297,-33.861466,-33.542275
487.100000,-33.218295,-33.758937,-33.434310
487.150000,-33.103314,-33.652884,-33.322529
487.200000,-32.984040,-33.543034,-33.206631
487.250000,-32.860123,-33.429083,-33.086285
487.300000,-32.731175,-33.310695,-32.961120
487.350000,-32.596762,-33.187492,-32.830722
487.400000,-32.456396,-33.059052,-32.694627
487.450000,-32.309529,-32.924903,-32.552313
487.500000,-32.155543,-32.784510,-32.403193
487.550000,-31.993737,-32.637270,-32.246600
487.600000,-31.823314,-32.482499,-32.081778
487.650000,-31.643362,-32.319415,-31.907860
487.700000,-31.452837,-32.147124,-31.723858
487.750000,-31.250537,-31.964600,-31.528630
487.800000,-31.035066,-31.770656,-31.320857
487.850000,-30.804805,-31.563915,-31.099006
487.900000,-30.557858,-31.342768,-30.861282
487.950000,-30.291993,-31.105333,-30.605582
488.000000,-30.004574,-30.849385,-30.329414
488.050000,-29.692465,-30.572287,-30.029822
488.100000,-29.351909,-30.270892,-29.703270
488.150000,-28.978387,-29.941421,-29.345503
488.200000,-28.566423,-29.579310,-28.951375
488.250000,-28.109351,-29.179019,-28.514624
488.300000,-27.599009,-28.733782,-28.027595
488.350000,-27.025373,-28.235311,-27.480892
488.400000,-26.376112,-27.673431,-26.862965
488.450000,-25.636093,-27.035665,-26.159646
488.500000,-24.786895,-26.306827,-25.353694
488.550000,-23.806521,-25.468728,-24.424507
488.600000,-22.669701,-24.500318,-23.348365
488.650000,-21.349564,-23.378811,-22.099918
488.700000,-19.822054,-22.082862,-20.656152
488.750000,-18.074921,-20.599205,-19.004548
488.800000,-16.122426,-18.933869,-17.156543
488.850000,-14.022935,-17.126392,-15.163953
488.900000,-11.889302,-15.260128,-13.129412
488.950000,-9.878801,-13.458469,-11.198647
489.000000,-8.160514,-11.863169,-9.531751
489.050000,-6.875523,-10.603583,-8.266385
489.100000,-6.109803,-9.771433,-7.491014
489.150000,-5.888937,-9.410417,-7.237541
489.200000,-6.189838,-9.520126,-7.490205
489.250000,-6.958444,-10.067501,-8.201216
489.300000,-8.124991,-10.999149,-9.305241
489.350000,-9.614103,-12.251127,-10.729645
489.400000,-11.350637,-13.755745,-12.400860
489.450000,-13.263297,-15.446284,-14.248480
489.500000,-15.287537,-17.260647,-16.208441
489.550000,-17.368096,-19.144291,-18.225652
489.600000,-19.460428,-21.052076,-20.255507
489.650000,-21.530196,-22.948468,-22.263567
489.700000,-23.551041,-24.806156,-24.223577
489.750000,-25.501816,-26.603897,-26.114865
489.800000,-27.364532,-28.324568,-27.920283
489.850000,-29.123539,-29.954004,-29.625218
489.900000,-30.765795,-31.480710,-31.217625
489.950000,-32.281684,-32.896132,-32.688636
490.000000,-33.665784,-34.195087,-34.033191
490.050000,-34.917142,-35.375983,-35.250310
490.100000,-36.038929,-36.440632,-36.342812
490.150000,-37.037587,-37.393691,-37.316589
490.200000,-37.921750,-38.241879,-38.179644
490.250000,-38.701203,-38.993164,-38.941150
490.300000,-39.386051,-39.656052,-39.610659
490.350000,-39.986128,-40.239052,-40.197546
490.400000,-40.510656,-40.750328,-40.710657
490.450000,-40.968077,-41.197487,-41.158133
490.500000,-41.365993,-41.587490,-41.547342
490.550000,-41.711192,-41.926627,-41.884883
490.600000,-42.009700,-42.220539,-42.176630
490.650000,-42.266850,-42.474258,-42.427793
490.700000,-42.487354,-42.692262,-42.642985
490.750000,-42.675381,-42.878531,-42.826287
490.800000,-42.834612,-43.036599,-42.981312
490.850000,-42.968305,-43.169604,-43.111257
490.900000,-43.079346,-43.280335,-43.218952
490.950000,-43.170289,-43.371269,-43.306908
491.000000,-43.243401,-43.444608,-43.377351
491.050000,-43.300694,-43.502314,-43.432260
491.100000,-43.343955,-43.546131,-43.473390
491.150000,-43.374774,-43.577615,-43.502304
491.200000,-43.394565,-43.598151,-43.520391
491.250000,-43.404585,-43.608976,-43.528889
491.300000,-43.405956,-43.611193,-43.528901
491.350000,-43.399677,-43.605785,-43.521407
491.400000,-43.386638,-43.593632,-43.507284
491.450000,-43.367633,-43.575520,-43.487313
491.500000,-43.343372,-43.552150,-43.462190
491.550000,-43.314486,-43.524148,-43.432538
491.600000,-43.281540,-43.492075,-43.398910
491.650000,-43.245037,-43.456432,-43.361801
491.700000,-43.205427,-43.417666,-43.321655
491.750000,-43.163110,-43.376176,-43.278864
491.800000,-43.118444,-43.332320,-43.233780
491.850000,-43.071749,-43.286417,-43.186718
491.900000,-43.023310,-43.238752,-43.137956
491.950000,-42.973380,-43.189580,-43.087746
492.000000,-42.922186,-43.139126,-43.036308
492.050000,-42.869929,-43.087594,-42.983841
492.100000,-42.816789,-43.035163,-42.930521
492.150000,-42.762925,-42.981994,-42.876505
492.200000,-42.708478,-42.928231,-42.821931
492.250000,-42.653575,-42.873999,-42.766924
492.300000,-42.598327,-42.819411,-42.711591
492.350000,-42.542833,-42.764566,-42.656032
492.400000,-42.487179,-42.709554,-42.600329
492.450000,-42.431444,-42.654452,-42.544561
492.500000,-42.375693,-42.599329,-42.488791
492.550000,-42.319988,-42.544245,-42.433080
492.600000,-42.264381,-42.489252,-42.377477
492.650000,-42.208915,-42.434398,-42.322027
492.700000,-42.153632,-42.379722,-42.266770
492.750000,-42.098565,-42.325259,-42.211737
492.800000,-42.043743,-42.271040,-42.156958
492.850000,-41.989193,-42.217089,-42.102457
492.900000,-41.934934,-42.163430,-42.048255
492.950000,-41.880985,-42.110079,-41.994370
493.000000,-41.827361,-42.057053,-41.940815
493.050000,-41.774074,-42.004365,-41.887603
493.100000,-41.721133,-41.952023,-41.834742
493.150000,-41.668547,-41.900036,-41.782240
493.200000,-41.616320,-41.848411,-41.730102
493.250000,-41.564457,-41.797150,-41.678332
493.300000,-41.512960,-41.746257,-41.626931
493.350000,-41.461829,-41.695733,-41.575901
493.400000,-41.411065,-41.645578,-41.525240
493.450000,-41.360666,-41.595791,-41.474948
493.500000,-41.310630,-41.546369,-41.425023
493.550000,-41.260954,-41.497310,-41.375460
493.600000,-41.211635,-41.448611,-41.326256
493.650000,-41.162667,-41.400266,-41.277407
493.700000,-41.114046,-41.352272,-41.228907
493.750000,-41.065767,-41.304622,-41.180751
493.800000,-41.017823,-41.257312,-41.132933
493.850000,-40.970209,-41.210335,-41.085447
493.900000,-40.922919,-41.163684,-41.038287
493.950000,-40.875944,-41.117354,-40.991445
494.000000,-40.829279,-41.071337,-40.944915
494.050000,-40.782916,-41.025626,-40.898690
494.100000,-40.736849,-40.980214,-40.852761
494.150000,-40.691069,-40.935094,-40.807123
494.200000,-40.645570,-40.890258,-40.761767
494.250000,-40.600344,-40.845700,-40.716687
494.300000,-40.555383,-40.801411,-40.671873
494.350000,-40.510680,-40.757384,-40.627320
494.400000,-40.466227,-40.713611,-40.583020
494.450000,-40.422018,-40.670086,-40.538964
494.500000,-40.378043,-40.626801,-40.495146
494.550000,-40.334297,-40.583748,-40.451558
494.600000,-40.290772,-40.540920,-40.408192
494.650000,-40.247459,-40.498310,-40.365043
494.700000,-40.204353,-40.455910,-40.322101
494.750000,-40.161445,-40.413714,-40.279360
494.800000,-40.118729,-40.371714,-40.236813
494.850000,-40.076197,-40.329903,-40.194452
494.900000,-40.033843,-40.288274,-40.152271
494.950000,-39.991659,-40.246820,-40.110263
495.000000,-39.949638,-40.205535,-40.068421
495.050000,-39.907775,-40.164412,-40.026738
495.100000,-39.866062,-40.123444,-39.985208
495.150000,-39.824492,-40.082625,-39.943824
495.200000,-39.783059,-40.041948,-39.902579
495.250000,-39.741757,-40.001407,-39.861467
495.300000,-39.700579,-39.960996,-39.820482
495.350000,-39.659519,-39.920708,-39.779618
495.400000,-39.618571,-39.880538,-39.738868
495.450000,-39.577728,-39.840479,-39.698226
495.500000,-39.536985,-39.800525,-39.657687
495.550000,-39.496335,-39.760671,-39.617244
495.600000,-39.455774,-39.720910,-39.576891
495.650000,-39.415294,-39.681238,-39.536624
495.700000,-39.374890,-39.641649,-39.496435
495.750000,-39.334557,-39.602136,-39.456320
495.800000,-39.294289,-39.562695,-39.416274
495.850000,-39.254080,-39.523319,-39.376289
495.900000,-39.213925,-39.484005,-39.336362
495.950000,-39.173818,-39.444745,-39.296486
496.000000,-39.133755,-39.405536,-39.256656
496.050000,-39.093729,-39.366372,-39.216868
496.100000,-39.053735,-39.327248,-39.177115
496.150000,-39.013768,-39.288158,-39.137393
496.200000,-38.973823,-39.249098,-39.097696
496.250000,-38.933895,-39.210063,-39.058020
496.300000,-38.893978,-39.171047,-39.018359
496.350000,-38.854068,-39.132045,-38.978707
496.400000,-38.814158,-39.093054,-38.939061
496.450000,-38.774245,-39.054067,-38.899415
496.500000,-38.734322,-39.015080,-38.859763
496.550000,-38.694385,-38.976088,-38.820101
496.600000,-38.654429,-38.937086,-38.780424
496.650000,-38.614448,-38.898069,-38.740727
496.700000,-38.574438,-38.859032,-38.701005
496.750000,-38.534393,-38.819971,-38.661252
496.800000,-38.494308,-38.780881,-38.621464
496.850000,-38.454179,-38.741756,-38.581636
496.900000,-38.413999,-38.702592,-38.541763
496.950000,-38.373764,-38.663385,-38.501839
497.000000,-38.333469,-38.624128,-38.461860
497.050000,-38.293109,-38.584818,-38.421821
497.100000,-38.252678,-38.545448,-38.381716
497.150000,-38.212171,-38.506016,-38.341540
497.200000,-38.171583,-38.466514,-38.301288
497.250000,-38.130908,-38.426939,-38.260956
497.300000,-38.090141,-38.387286,-38.220536
497.350000,-38.049277,-38.347548,-38.180026
497.400000,-38.008309,-38.307722,-38.139418
497.450000,-37.967233,-38.267801,-38.098707
497.500000,-37.926043,-38.227780,-38.057888
497.550000,-37.884733,-38.187655,-38.016955
497.600000,-37.843297,-38.147420,-37.975903
497.650000,-37.801729,-38.107068,-37.934726
497.700000,-37.760023,-38.066595,-37.893418
497.750000,-37.718173,-38.025995,-37.851972
497.800000,-37.676173,-37.985262,-37.810383
497.850000,-37.634016,-37.944389,-37.768645
497.900000,-37.591696,-37.903372,-37.726750
497.950000,-37.549206,-37.862204,-37.684694
498.000000,-37.506540,-37.820878,-37.642468
498.050000,-37.463689,-37.779388,-37.600066
498.100000,-37.420648,-37.737728,-37.557482
498.150000,-37.377409,-37.695890,-37.514708
498.200000,-37.333964,-37.653868,-37.471736
498.250000,-37.290305,-37.611655,-37.428560
498.300000,-37.246425,-37.569244,-37.385172
498.350000,-37.202316,-37.526627,-37.341563
498.400000,-37.157969,-37.483796,-37.297726
498.450000,-37.113376,-37.440744,-37.253653
498.500000,-37.068528,-37.397462,-37.209335
498.550000,-37.023416,-37.353943,-37.164762
498.600000,-36.978030,-37.310178,-37.119927
498.650000,-36.932361,-37.266157,-37.074819
498.700000,-36.886399,-37.221872,-37.029430
498.750000,-36.840133,-37.177313,-36.983748
498.800000,-36.793553,-37.132471,-36.937764
498.850000,-36.746647,-37.087335,-36.891466
498.900000,-36.699405,-37.041896,-36.844844
498.950000,-36.651813,-36.996141,-36.797887
499.000000,-36.603861,-36.950061,-36.750581
499.050000,-36.555535,-36.903642,-36.702915
499.100000,-36.506821,-36.856874,-36.654876
499.150000,-36.457706,-36.809744,-36.606451
499.200000,-36.408176,-36.762238,-36.557625
499.250000,-36.358215,-36.714343,-36.508385
499.300000,-36.307808,-36.666045,-36.458714
499.350000,-36.256938,-36.617329,-36.408597
499.400000,-36.205589,-36.568180,-36.358018
499.450000,-36.153742,-36.518581,-36.306960
499.500000,-36.101379,-36.468516,-36.255404
499.550000,-36.048481,-36.417967,-36.203332
499.600000,-35.995027,-36.366916,-36.150724
499.650000,-35.940995,-36.315343,-36.097559
499.700000,-35.886364,-36.263229,-36.043816
499.750000,-35.831109,-36.210552,-35.989471
499.800000,-35.775206,-36.157289,-35.934502
499.850000,-35.718629,-36.103418,-35.878883
499.900000,-35.661351,-36.048914,-35.822588
499.950000,-35.603342,-35.993750,-35.765588
500.000000,-35.544573,-35.937901,-35.707855
500.050000,-35.485010,-35.881335,-35.649358
500.100000,-35.424620,-35.824025,-35.590063
500.150000,-35.363368,-35.765936,-35.529936
500.200000,-35.301215,-35.707036,-35.468942
500.250000,-35.238121,-35.647287,-35.407040
500.300000,-35.174043,-35.586653,-35.344190
500.350000,-35.108936,-35.525092,-35.280348
500.400000,-35.042752,-35.462562,-35.215469
500.450000,-34.975439,-35.399017,-35.149502
500.500000,-34.906943,-35.334407,-35.082394
500.550000,-34.837205,-35.268681,-35.014091
500.600000,-34.766162,-35.201784,-34.944531
500.650000,-34.693749,-35.133656,-34.873651
500.700000,-34.619893,-35.064232,-34.801381
500.750000,-34.544517,-34.993447,-34.727649
500.800000,-34.467539,-34.921225,-34.652374
500.850000,-34.388870,-34.847488,-34.575472
500.900000,-34.308415,-34.772152,-34.496851
500.950000,-34.226069,-34.695125,-34.416412
501.000000,-34.141723,-34.616310,-34.334047
501.050000,-34.055254,-34.535598,-34.249642
501.100000,-33.966532,-34.452875,-34.163071
501.150000,-33.875414,-34.368015,-34.074196
501.200000,-33.781745,-34.280882,-33.982870
501.250000,-33.685356,-34.191327,-33.888931
501.300000,-33.586061,-34.099186,-33.792201
501.350000,-33.483657,-34.004283,-33.692487
501.400000,-33.377922,-33.906423,-33.589574
501.450000,-33.268609,-33.805389,-33.483229
501.500000,-33.155447,-33.700946,-33.373192
501.550000,-33.038138,-33.592833,-33.259178
501.600000,-32.916347,-33.480760,-33.140869
501.650000,-32.789705,-33.364404,-33.017912
501.700000,-32.657799,-33.243409,-32.889914
501.750000,-32.520166,-33.117372,-32.756434
501.800000,-32.376287,-32.985845,-32.616978
501.850000,-32.225576,-32.848323,-32.470988
501.900000,-32.067371,-32.704234,-32.317835
501.950000,-31.900919,-32.552931,-32.156805
502.000000,-31.725363,-32.393680,-31.987082
502.050000,-31.539722,-32.225639,-31.807737
502.100000,-31.342867,-32.047844,-31.617699
502.150000,-31.133494,-31.859184,-31.415733
502.200000,-30.910089,-31.658371,-31.200407
502.250000,-30.670888,-31.443907,-30.970049
502.300000,-30.413817,-31.214038,-30.722703
502.350000,-30.136433,-30.966702,-30.456062
502.400000,-29.835836,-30.699458,-30.167389
502.450000,-29.508566,-30.409402,-29.853425
502.500000,-29.150466,-30.093054,-29.510257
502.550000,-28.756518,-29.746227,-29.133164
502.600000,-28.320623,-29.363844,-28.716417
502.650000,-27.835332,-28.939725,-28.253026
502.700000,-27.291511,-28.466309,-27.734423
502.750000,-26.677924,-27.934316,-27.150084
502.800000,-25.980762,-27.332358,-26.487077
502.850000,-25.183134,-26.646514,-25.729594
502.900000,-24.264665,-25.859965,-24.858557
502.950000,-23.201458,-24.952886,-23.851564
503.000000,-21.967021,-23.903034,-22.683693
503.050000,-20.535244,-22.687842,-21.330169
503.100000,-18.887100,-21.289314,-19.772418
503.150000,-17.022796,-19.703143,-18.009137
503.200000,-14.978841,-17.952072,-16.072060
503.250000,-12.843366,-16.099169,-14.040608
503.300000,-10.756537,-14.251498,-12.043561
503.350000,-8.887105,-12.546141,-10.239049
503.400000,-7.393211,-11.121778,-8.779071
503.450000,-6.387569,-10.089302,-7.776315
503.500000,-5.922227,-9.514241,-7.287778
503.550000,-5.993887,-9.414858,-7.317359
503.600000,-6.560256,-9.771180,-7.829680
503.650000,-7.557071,-10.537558,-8.765760
503.700000,-8.910550,-11.653792,-10.055267
503.750000,-10.544919,-13.053198,-11.624453
503.800000,-12.386779,-14.668130,-13.401072
503.850000,-14.368213,-16.434011,-15.317850
503.900000,-16.429522,-18.292598,-17.315394
503.950000,-18.521285,-20.194397,-19.344308
504.000000,-20.604774,-22.099648,-21.365751
504.050000,-22.650386,-23.977590,-23.350104
504.100000,-24.634953,-25.804526,-25.274497
504.150000,-26.539244,-27.561681,-27.120389
504.200000,-28.346581,-29.233644,-28.872075
504.250000,-30.042667,-30.807713,-30.516306
504.300000,-31.616236,-32.273955,-32.042695
504.350000,-33.059909,-33.625628,-33.444409
504.400000,-34.370732,-34.859522,-34.718637
504.450000,-35.550101,-35.975969,-35.866555
504.500000,-36.603115,-36.978433,-36.892784
504.550000,-37.537557,-37.872809,-37.804502
504.600000,-38.362812,-38.666600,-38.610463
504.650000,-39.088928,-39.368146,-39.320131
504.700000,-39.725916,-39.986007,-39.943014
504.750000,-40.283302,-40.528537,-40.488227
504.800000,-40.769890,-41.003608,-40.964242
504.850000,-41.193661,-41.418480,-41.378775
504.900000,-41.561763,-41.779741,-41.738768
504.950000,-41.880556,-42.093320,-42.050414
505.000000,-42.155675,-42.364517,-42.319212
505.050000,-42.392103,-42.598051,-42.550036
505.100000,-42.594243,-42.798121,-42.747198
505.150000,-42.765989,-42.968452,-42.914513
505.200000,-42.910783,-43.112357,-43.055359
505.250000,-43.031670,-43.232775,-43.172725
505.300000,-43.131349,-43.332318,-43.269261
505.350000,-43.212211,-43.413308,-43.347317
505.400000,-43.276380,-43.477812,-43.408978
505.450000,-43.325740,-43.527668,-43.456096
505.500000,-43.361966,-43.564513,-43.490318
505.550000,-43.386547,-43.589807,-43.513109
505.600000,-43.400811,-43.604851,-43.525772
505.650000,-43.405938,-43.610807,-43.529468
505.700000,-43.402979,-43.608710,-43.525232
505.750000,-43.392873,-43.599485,-43.513985
505.800000,-43.376456,-43.583958,-43.496550
505.850000,-43.354474,-43.562867,-43.473660
505.900000,-43.327591,-43.536872,-43.445969
505.950000,-43.296402,-43.506562,-43.414061
506.000000,-43.261437,-43.472463,-43.378457
506.050000,-43.223168,-43.435046,-43.339623
506.100000,-43.182019,-43.394731,-43.297972
506.150000,-43.138365,-43.351894,-43.253875
506.200000,-43.092542,-43.306872,-43.207663
506.250000,-43.044851,-43.259963,-43.159630
506.300000,-42.995559,-43.211436,-43.110039
506.350000,-42.944904,-43.161528,-43.059125
506.400000,-42.893099,-43.110454,-43.007094
506.450000,-42.840332,-43.058404,-42.954135
506.500000,-42.786771,-43.005545,-42.900410
506.550000,-42.732567,-42.952029,-42.846068
506.600000,-42.677851,-42.897990,-42.791238
506.650000,-42.622742,-42.843545,-42.736036
506.700000,-42.567344,-42.788802,-42.680564
506.750000,-42.511749,-42.733852,-42.624913
506.800000,-42.456038,-42.678778,-42.569162
506.850000,-42.400283,-42.623653,-42.513382
506.900000,-42.344547,-42.568540,-42.457634
506.950000,-42.288886,-42.513497,-42.401973
507.000000,-42.233348,-42.458572,-42.346446
507.050000,-42.177975,-42.403808,-42.291094
507.100000,-42.122804,-42.349242,-42.235953
507.150000,-42.067865,-42.294906,-42.181054
507.200000,-42.013186,-42.240828,-42.126421
507.250000,-41.958790,-42.187032,-42.072079
507.300000,-41.904696,-42.133537,-42.018046
507.350000,-41.850921,-42.080360,-41.964338
507.400000,-41.797478,-42.027514,-41.910967
507.450000,-41.744377,-41.975012,-41.857943
507.500000,-41.691627,-41.922861,-41.805276
507.550000,-41.639234,-41.871069,-41.752970
507.600000,-41.587203,-41.819640,-41.701030
507.650000,-41.535537,-41.768578,-41.649459
507.700000,-41.484238,-41.717885,-41.598259
507.750000,-41.433306,-41.667560,-41.547429
507.800000,-41.382739,-41.617604,-41.496968
507.850000,-41.332537,-41.568015,-41.446874
507.900000,-41.282696,-41.518789,-41.397145
507.950000,-41.233213,-41.469925,-41.347776
508.000000,-41.184084,-41.421418,-41.298765
508.050000,-41.135304,-41.373263,-41.250105
508.100000,-41.086868,-41.325455,-41.201791
508.150000,-41.038770,-41.277989,-41.153818
508.200000,-40.991005,-41.230859,-41.106180
508.250000,-40.943566,-41.184059,-41.058870
508.300000,-40.896446,-41.137581,-41.011882
508.350000,-40.849639,-41.091420,-40.965209
508.400000,-40.803137,-41.045569,-40.918844
508.450000,-40.756934,-41.000020,-40.872779
508.500000,-40.711022,-40.954765,-40.827007
508.550000,-40.665393,-40.909799,-40.781522
508.600000,-40.620041,-40.865113,-40.736314
508.650000,-40.574958,-40.820700,-40.691378
508.700000,-40.530136,-40.776552,-40.646705
508.750000,-40.485568,-40.732662,-40.602287
508.800000,-40.441246,-40.689023,-40.558119
508.850000,-40.397163,-40.645627,-40.514191
508.900000,-40.353311,-40.602466,-40.470496
508.950000,-40.309683,-40.559534,-40.427027
509.000000,-40.266271,-40.516823,-40.383778
509.050000,-40.223069,-40.474325,-40.340739
509.100000,-40.180069,-40.432034,-40.297905
509.150000,-40.137263,-40.389942,-40.255267
509.200000,-40.094645,-40.348043,-40.212819
509.250000,-40.052208,-40.306329,-40.170555
509.300000,-40.009944,-40.264793,-40.128465
509.350000,-39.967846,-40.223429,-40.086545
509.400000,-39.925909,-40.182230,-40.044787
509.450000,-39.884124,-40.141189,-40.003185
509.500000,-39.842486,-40.100299,-39.961732
509.550000,-39.800988,-40.059555,-39.920420
509.600000,-39.759624,-40.018950,-39.879245
509.650000,-39.718386,-39.978476,-39.838200
509.700000,-39.677270,-39.938129,-39.797277
509.750000,-39.636267,-39.897902,-39.756472
509.800000,-39.595373,-39.857790,-39.715778
509.850000,-39.554582,-39.817785,-39.675189
509.900000,-39.513886,-39.777882,-39.634699
509.950000,-39.473281,-39.738076,-39.594302
510.000000,-39.432760,-39.698360,-39.553992
510.050000,-39.392318,-39.658729,-39.513764
510.100000,-39.351949,-39.619178,-39.473612
510.150000,-39.311648,-39.579701,-39.433530
510.200000,-39.271408,-39.540292,-39.393514
510.250000,-39.231224,-39.500946,-39.353556
510.300000,-39.191092,-39.461657,-39.313653
510.350000,-39.151004,-39.422422,-39.273799
510.400000,-39.110957,-39.383233,-39.233987
510.450000,-39.070944,-39.344086,-39.194214
510.500000,-39.030961,-39.304977,-39.154474
510.550000,-38.991001,-39.265899,-39.114761
510.600000,-38.951061,-39.226848,-39.075071
510.650000,-38.911134,-39.187819,-39.035398
510.700000,-38.871216,-39.148806,-38.995738
510.750000,-38.831301,-39.109806,-38.956084
510.800000,-38.791384,-39.070812,-38.916433
510.850000,-38.751461,-39.031820,-38.876779
510.900000,-38.711525,-38.992826,-38.837117
510.950000,-38.671573,-38.953823,-38.797442
511.000000,-38.631598,-38.914808,-38.757748
511.050000,-38.591595,-38.875775,-38.718032
511.100000,-38.551561,-38.836720,-38.678288
511.150000,-38.511488,-38.797638,-38.638511
511.200000,-38.471373,-38.758523,-38.598695
511.250000,-38.431211,-38.719371,-38.558837
511.300000,-38.390995,-38.680178,-38.518930
511.350000,-38.350721,-38.640938,-38.478970
511.400000,-38.310385,-38.601646,-38.438952
511.450000,-38.269979,-38.562298,-38.398871
511.500000,-38.229500,-38.522888,-38.358721
511.550000,-38.188943,-38.483412,-38.318498
511.600000,-38.148300,-38.443864,-38.278195
511.650000,-38.107569,-38.404240,-38.237809
511.700000,-38.066742,-38.364534,-38.197333
511.750000,-38.025814,-38.324741,-38.156762
511.800000,-37.984780,-38.284856,-38.116091
511.850000,-37.943635,-38.244874,-38.075314
511.900000,-37.902371,-38.204790,-38.034426
511.950000,-37.860985,-38.164597,-37.993421
512.000000,-37.819469,-38.124291,-37.952293
512.050000,-37.777818,-38.083866,-37.911036
512.100000,-37.736026,-38.043316,-37.869645
512.150000,-37.694086,-38.002635,-37.828114
512.200000,-37.651992,-37.961819,-37.786435
512.250000,-37.609738,-37.920859,-37.744603
512.300000,-37.567316,-37.879751,-37.702612
512.350000,-37.524721,-37.838489,-37.660454
512.400000,-37.481945,-37.797065,-37.618124
512.450000,-37.438981,-37.755474,-37.575613
512.500000,-37.395822,-37.713708,-37.532916
512.550000,-37.352461,-37.671761,-37.490025
512.600000,-37.308890,-37.629625,-37.446932
512.650000,-37.265100,-37.587295,-37.403630
512.700000,-37.221085,-37.544762,-37.360112
512.750000,-37.176836,-37.502018,-37.316369
512.800000,-37.132344,-37.459057,-37.272392
512.850000,-37.087601,-37.415869,-37.228175
512.900000,-37.042597,-37.372448,-37.183707
512.950000,-36.997324,-37.328783,-37.138980
513.000000,-36.951772,-37.284868,-37.093985
513.050000,-36.905931,-37.240692,-37.048711
513.100000,-36.859791,-37.196246,-37.003150
513.150000,-36.813341,-37.151521,-36.957291
513.200000,-36.766570,-37.106507,-36.911123
513.250000,-36.719468,-37.061193,-36.864636
513.300000,-36.672021,-37.015569,-36.817818
513.350000,-36.624219,-36.969623,-36.770657
513.400000,-36.576048,-36.923345,-36.723141
513.450000,-36.527496,-36.876723,-36.675257
513.500000,-36.478549,-36.829743,-36.626993
513.550000,-36.429192,-36.782394,-36.578334
513.600000,-36.379411,-36.734661,-36.529267
513.650000,-36.329190,-36.686531,-36.479775
513.700000,-36.278514,-36.637990,-36.429845
513.750000,-36.227365,-36.589021,-36.379460
513.800000,-36.175727,-36.539611,-36.328602
513.850000,-36.123580,-36.489741,-36.277254
513.900000,-36.070906,-36.439394,-36.225398
513.950000,-36.017685,-36.388554,-36.173015
514.000000,-35.963896,-36.337200,-36.120084
514.050000,-35.909517,-36.285313,-36.066583
514.100000,-35.854524,-36.232872,-36.012492
514.150000,-35.798894,-36.179855,-35.957785
514.200000,-35.742600,-36.126240,-35.902440
514.250000,-35.685617,-36.072002,-35.846429
514.300000,-35.627916,-36.017116,-35.789726
514.350000,-35.569468,-35.961555,-35.732302
514.400000,-35.510239,-35.905291,-35.674127
514.450000,-35.450199,-35.848295,-35.615168
514.500000,-35.389311,-35.790535,-35.555393
514.550000,-35.327539,-35.731977,-35.494765
514.600000,-35.264842,-35.672587,-35.433246
514.650000,-35.201181,-35.612327,-35.370797
514.700000,-35.136509,-35.551158,-35.307375
514.750000,-35.070781,-35.489038,-35.242935
514.800000,-35.003946,-35.425922,-35.177428
514.850000,-34.935952,-35.361763,-35.110804
514.900000,-34.866740,-35.296511,-35.043008
514.950000,-34.796251,-35.230110,-34.973981
515.000000,-34.724420,-35.162504,-34.903661
515.050000,-34.651176,-35.093630,-34.831982
515.100000,-34.576446,-35.023423,-34.758871
515.150000,-34.500149,-34.951811,-34.684252
515.200000,-34.422200,-34.878719,-34.608042
515.250000,-34.342505,-34.804063,-34.530152
515.300000,-34.260965,-34.727756,-34.450487
515.350000,-34.177471,-34.649703,-34.368943
515.400000,-34.091907,-34.569799,-34.285408
515.450000,-34.004147,-34.487934,-34.199760
515.500000,-33.914051,-34.403986,-34.111869
515.550000,-33.821472,-34.317823,-34.021590
515.600000,-33.726246,-34.229302,-33.928768
515.650000,-33.628193,-34.138267,-33.833231
515.700000,-33.527120,-34.044546,-33.734793
515.750000,-33.422811,-33.947951,-33.633250
515.800000,-33.315031,-33.848276,-33.528375
515.850000,-33.203520,-33.745295,-33.419922
515.900000,-33.087991,-33.638756,-33.307614
515.950000,-32.968125,-33.528383,-33.191149
516.000000,-32.843568,-33.413867,-33.070190
516.050000,-32.713927,-33.294866,-32.944360
516.100000,-32.578759,-33.170999,-32.813240
516.150000,-32.437572,-33.041836,-32.676358
516.200000,-32.289807,-32.906898,-32.533186
516.250000,-32.134838,-32.765643,-32.383125
516.300000,-31.971949,-32.617456,-32.225498
516.350000,-31.800332,-32.461641,-32.059535
516.400000,-31.619059,-32.297405,-31.884357
516.450000,-31.427066,-32.123837,-31.698954
516.500000,-31.223128,-31.939890,-31.502165
516.550000,-31.005823,-31.744356,-31.292645
516.600000,-30.773498,-31.535830,-31.068829
516.650000,-30.524216,-31.312671,-30.828887
516.700000,-30.255700,-31.072955,-30.570667
516.750000,-29.965254,-30.814409,-30.291625
516.800000,-29.649666,-30.534336,-29.988735
516.850000,-29.305093,-30.229514,-29.658376
516.900000,-28.926901,-29.896071,-29.296190
516.950000,-28.509476,-29.529330,-28.896898
517.000000,-28.045976,-29.123606,-28.454077
517.050000,-27.528020,-28.671955,-27.959865
517.100000,-26.945312,-28.165867,-27.404613
517.150000,-26.285189,-27.594891,-26.776460
517.200000,-25.532117,-26.946225,-26.060866
517.250000,-24.667222,-26.204305,-25.240164
517.300000,-23.668053,-25.350553,-24.293320
517.350000,-22.508999,-24.363602,-23.196288
517.400000,-21.163236,-23.220626,-21.923732
517.450000,-19.607625,-21.900866,-20.453441
517.500000,-17.832420,-20.392842,-18.775146
517.550000,-15.856640,-18.706122,-16.904609
517.600000,-13.745448,-16.885549,-14.899925
517.650000,-11.618550,-15.020268,-12.870227
517.700000,-9.636922,-13.237582,-10.965053
517.750000,-7.968128,-11.679368,-9.343578
517.800000,-6.747162,-10.471231,-8.138187
517.850000,-6.051994,-9.698883,-7.429986
517.900000,-5.900991,-9.399839,-7.243948
517.950000,-6.266053,-9.568738,-7.559249
518.000000,-7.090336,-10.169232,-8.325095
518.050000,-8.302902,-11.146087,-9.474737
518.100000,-9.828151,-12.434556,-10.935136
518.150000,-11.591273,-13.966848,-12.632943
518.200000,-13.521697,-15.676664,-14.498414
518.250000,-15.555961,-17.502743,-16.468522
518.300000,-17.640154,-19.391697,-18.489493
518.350000,-19.731131,-21.299662,-20.518104
518.400000,-21.795747,-23.192280,-22.521118
518.450000,-23.808468,-25.043153,-24.473149
518.500000,-25.748652,-26.831672,-26.354083
518.550000,-27.598632,-28.541143,-28.147128
518.600000,-29.343063,-30.157749,-29.837987
518.650000,-30.969298,-31.670353,-31.414989
518.700000,-32.468230,-33.070814,-32.869725
518.750000,-33.835011,-34.354412,-34.197663
518.800000,-35.069257,-35.520014,-35.398339
518.850000,-36.174617,-36.569838,-36.475020
518.900000,-37.157875,-37.508854,-37.433924
518.950000,-38.027871,-38.343986,-38.283256
519.000000,-38.794471,-39.083306,-39.032277
519.050000,-39.467770,-39.735346,-39.690541
519.100000,-40.057537,-40.308586,-40.267368
519.150000,-40.572900,-40.811125,-40.771519
519.200000,-41.022189,-41.250490,-41.211038
519.250000,-41.412902,-41.633553,-41.593189
519.300000,-41.751721,-41.966519,-41.924474
519.350000,-42.044579,-42.254946,-42.210678
519.400000,-42.296723,-42.503792,-42.456928
519.450000,-42.512792,-42.717466,-42.667766
519.500000,-42.696887,-42.899887,-42.847208
519.550000,-42.852631,-43.054536,-42.998809
519.600000,-42.983233,-43.184503,-43.125716
519.650000,-43.091530,-43.292533,-43.230717
519.700000,-43.180038,-43.381066,-43.316282
519.750000,-43.250991,-43.452272,-43.384604
519.800000,-43.306367,-43.508082,-43.437631
519.850000,-43.347929,-43.550215,-43.477092
519.900000,-43.377241,-43.580203,-43.504526
519.950000,-43.395695,-43.599411,-43.521302
520.000000,-43.404531,-43.609059,-43.528639
520.050000,-43.404855,-43.610231,-43.527622
520.100000,-43.397649,-43.603899,-43.519220
520.150000,-43.383791,-43.590929,-43.504294
520.200000,-43.364064,-43.572094,-43.483615
520.250000,-43.339166,-43.548086,-43.457868
520.300000,-43.309720,-43.519523,-43.427667
520.350000,-43.276283,-43.486957,-43.393558
520.400000,-43.239349,-43.450881,-43.356028
520.450000,-43.199362,-43.411736,-43.315514
520.500000,-43.156717,-43.369916,-43.272402
520.550000,-43.111767,-43.325773,-43.227041
520.600000,-43.064827,-43.279622,-43.179739
520.650000,-43.016176,-43.231743,-43.130772
520.700000,-42.966065,-43.182388,-43.080386
520.750000,-42.914718,-43.131778,-43.028799
520.800000,-42.862332,-43.080115,-42.976208
520.850000,-42.809084,-43.027575,-42.922784
520.900000,-42.755132,-42.974316,-42.868683
520.950000,-42.700614,-42.920480,-42.814041
521.000000,-42.645655,-42.866190,-42.758980
521.050000,-42.590364,-42.811558,-42.703608
521.100000,-42.534839,-42.756682,-42.648020
521.150000,-42.479165,-42.701649,-42.592300
521.200000,-42.423418,-42.646534,-42.536522
521.250000,-42.367665,-42.591407,-42.480751
521.300000,-42.311964,-42.536326,-42.425045
521.350000,-42.256367,-42.481343,-42.369454
521.400000,-42.200917,-42.426504,-42.314022
521.450000,-42.145654,-42.371848,-42.258785
521.500000,-42.090611,-42.317409,-42.203778
521.550000,-42.035817,-42.263217,-42.149028
521.600000,-41.981297,-42.209297,-42.094559
521.650000,-41.927072,-42.155671,-42.040391
521.700000,-41.873158,-42.102355,-41.986542
521.750000,-41.819571,-42.049366,-41.933025
521.800000,-41.766322,-41.996716,-41.879851
521.850000,-41.713421,-41.944414,-41.827030
521.900000,-41.660875,-41.892468,-41.774569
521.950000,-41.608688,-41.840883,-41.722472
522.000000,-41.556866,-41.789663,-41.670744
522.050000,-41.505410,-41.738812,-41.619385
522.100000,-41.454320,-41.688330,-41.568396
522.150000,-41.403597,-41.638216,-41.517777
522.200000,-41.353239,-41.588470,-41.467527
522.250000,-41.303244,-41.539089,-41.417642
522.300000,-41.253608,-41.490070,-41.368119
522.350000,-41.204328,-41.441411,-41.318955
522.400000,-41.155399,-41.393105,-41.270145
522.450000,-41.106816,-41.345149,-41.221684
522.500000,-41.058574,-41.297538,-41.173566
522.550000,-41.010667,-41.250264,-41.125785
522.600000,-40.963088,-41.203323,-41.078335
522.650000,-40.915832,-41.156708,-41.031210
522.700000,-40.868892,-41.110412,-40.984402
522.750000,-40.822259,-41.064428,-40.937905
522.800000,-40.775929,-41.018750,-40.891712
522.850000,-40.729892,-40.973370,-40.845815
522.900000,-40.684142,-40.928280,-40.800207
522.950000,-40.638672,-40.883474,-40.754881
523.000000,-40.593474,-40.838944,-40.709828
523.050000,-40.548540,-40.794683,-40.665042
523.100000,-40.503863,-40.750683,-40.620516
523.150000,-40.459435,-40.706936,-40.576240
523.200000,-40.415250,-40.663436,-40.532209
523.250000,-40.371298,-40.620174,-40.488414
523.300000,-40.327574,-40.577144,-40.444848
523.350000,-40.284069,-40.534337,-40.401505
523.400000,-40.240777,-40.491748,-40.358375
523.450000,-40.197690,-40.449368,-40.315453
523.500000,-40.154800,-40.407190,-40.272730
523.550000,-40.112101,-40.365208,-40.230201
523.600000,-40.069585,-40.323414,-40.187857
523.650000,-40.027246,-40.281801,-40.145691
523.700000,-39.985076,-40.240362,-40.103698
523.750000,-39.943069,-40.199092,-40.061869
523.800000,-39.901218,-40.157982,-40.020199
523.850000,-39.859516,-40.117026,-39.978681
523.900000,-39.817957,-40.076218,-39.937308
523.950000,-39.776534,-40.035552,-39.896073
524.000000,-39.735240,-39.995021,-39.854970
524.050000,-39.694070,-39.954618,-39.813994
524.100000,-39.653017,-39.914339,-39.773137
524.150000,-39.612075,-39.874175,-39.732393
524.200000,-39.571238,-39.834123,-39.691758
524.250000,-39.530499,-39.794174,-39.651223
524.300000,-39.489853,-39.754325,-39.610784
524.350000,-39.449294,-39.714569,-39.570435
524.400000,-39.408817,-39.674899,-39.530170
524.450000,-39.368414,-39.635312,-39.489984
524.500000,-39.328082,-39.595801,-39.449870
524.550000,-39.287813,-39.556360,-39.409823
524.600000,-39.247603,-39.516985,-39.369838
524.650000,-39.207446,-39.477670,-39.329909
524.700000,-39.167336,-39.438409,-39.290031
524.750000,-39.127269,-39.399198,-39.250198
524.800000,-39.087239,-39.360030,-39.210406
524.850000,-39.047240,-39.320902,-39.170649
524.900000,-39.007267,-39.281808,-39.130922
524.950000,-38.967316,-39.242743,-39.091219
525.000000,-38.927380,-39.203701,-39.051536
525.050000,-38.887455,-39.164679,-39.011867
525.100000,-38.847535,-39.125670,-38.972207
525.150000,-38.807616,-39.086670,-38.932552
525.200000,-38.767692,-39.047675,-38.892896
525.250000,-38.727758,-39.008678,-38.853234
525.300000,-38.687809,-38.969675,-38.813561
525.350000,-38.647840,-38.930662,-38.773871
525.400000,-38.607846,-38.891633,-38.734161
525.450000,-38.567821,-38.852584,-38.694425
525.500000,-38.527761,-38.813510,-38.654658
525.550000,-38.487660,-38.774405,-38.614855
525.600000,-38.447514,-38.735265,-38.575011
525.650000,-38.407316,-38.696086,-38.535121
525.700000,-38.367063,-38.656862,-38.495180
525.750000,-38.326749,-38.617588,-38.455182
525.800000,-38.286369,-38.578259,-38.415124
525.850000,-38.245916,-38.538872,-38.374998
525.900000,-38.205388,-38.499419,-38.334802
525.950000,-38.164777,-38.459898,-38.294529
526.000000,-38.124078,-38.420302,-38.254173
526.050000,-38.083287,-38.380626,-38.213731
526.100000,-38.042397,-38.340865,-38.173195
526.150000,-38.001404,-38.301015,-38.132562
526.200000,-37.960301,-38.261070,-38.091825
526.250000,-37.919082,-38.221024,-38.050980
526.300000,-37.877743,-38.180872,-38.010019
526.350000,-37.836277,-38.140610,-37.968938
526.400000,-37.794678,-38.100230,-37.927731
526.450000,-37.752940,-38.059728,-37.886392
526.500000,-37.711057,-38.019097,-37.844914
526.550000,-37.669023,-37.978333,-37.803292
526.600000,-37.626831,-37.937429,-37.761520
526.650000,-37.584474,-37.896378,-37.719590
526.700000,-37.541947,-37.855176,-37.677497
526.750000,-37.499241,-37.813815,-37.635234
526.800000,-37.456351,-37.772288,-37.592794
526.850000,-37.413268,-37.730591,-37.550170
526.900000,-37.369986,-37.688714,-37.507354
526.950000,-37.326497,-37.646653,-37.464341
527.000000,-37.282794,-37.604399,-37.421121
527.050000,-37.238867,-37.561945,-37.377688
527.100000,-37.194710,-37.519284,-37.334033
527.150000,-37.150314,-37.476408,-37.290148
527.200000,-37.105670,-37.433310,-37.246026
527.250000,-37.060769,-37.389980,-37.201657
527.300000,-37.015603,-37.346412,-37.157032
527.350000,-36.970161,-37.302595,-37.112143
527.400000,-36.924434,-37.258522,-37.066979
527.450000,-36.878413,-37.214183,-37.021532
527.500000,-36.832085,-37.169569,-36.975791
527.550000,-36.785442,-37.124669,-36.929746
527.600000,-36.738471,-37.079474,-36.883386
527.650000,-36.691162,-37.033973,-36.836699
527.700000,-36.643501,-36.988155,-36.789674
527.750000,-36.595477,-36.942010,-36.742299
527.800000,-36.547077,-36.895524,-36.694562
527.850000,-36.498287,-36.848687,-36.646449
527.900000,-36.449093,-36.801484,-36.597948
527.950000,-36.399481,-36.753904,-36.549043
528.000000,-36.349436,-36.705933,-36.499721
528.050000,-36.298942,-36.657556,-36.449966
528.100000,-36.247982,-36.608758,-36.399763
528.150000,-36.196540,-36.559524,-36.349094
528.200000,-36.144596,-36.509837,-36.297942
528.250000,-36.092134,-36.459682,-36.246290
528.300000,-36.039132,-36.409039,-36.194118
528.350000,-35.985571,-36.357890,-36.141406
528.400000,-35.931428,-36.306217,-36.088134
528.450000,-35.876681,-36.253998,-36.034279
528.500000,-35.821307,-36.201212,-35.979819
528.550000,-35.765280,-36.147837,-35.924730
528.600000,-35.708574,-36.093849,-35.868987
528.650000,-35.651162,-36.039224,-35.812562
528.700000,-35.593013,-35.983934,-35.755428
528.750000,-35.534099,-35.927953,-35.697555
528.800000,-35.474385,-35.871251,-35.638912
528.850000,-35.413839,-35.813798,-35.579465
528.900000,-35.352423,-35.755561,-35.519180
528.950000,-35.290099,-35.696507,-35.458021
529.000000,-35.226826,-35.636597,-35.395947
529.050000,-35.162562,-35.575795,-35.332917
529.100000,-35.097261,-35.514059,-35.268888
529.150000,-35.030873,-35.451345,-35.203812
529.200000,-34.963347,-35.387607,-35.137639
529.250000,-34.894627,-35.322796,-35.070316
529.300000,-34.824655,-35.256859,-35.001787
529.350000,-34.753366,-35.189741,-34.931990
529.400000,-34.680694,-35.121380,-34.860861
529.450000,-34.606566,-35.051712,-34.788329
529.500000,-34.530904,-34.980669,-34.714321
529.550000,-34.453625,-34.908177,-34.638756
529.600000,-34.374638,-34.834155,-34.561547
529.650000,-34.293846,-34.758518,-34.482603
529.700000,-34.211145,-34.681173,-34.401821
529.750000,-34.126423,-34.602020,-34.319095
529.800000,-34.039555,-34.520952,-34.234306
529.850000,-33.950409,-34.437850,-34.147326
529.900000,-33.858840,-34.352588,-34.058019
529.950000,-33.764691,-34.265027,-33.966232
530.000000,-33.667790,-34.175015,-33.871800
530.050000,-33.567948,-34.082388,-33.774545
530.100000,-33.464959,-33.986965,-33.674268
530.150000,-33.358596,-33.888547,-33.570753
530.200000,-33.248608,-33.786915,-33.463761
530.250000,-33.134721,-33.681830,-33.353028
530.300000,-33.016629,-33.573024,-33.238263
530.350000,-32.893992,-33.460203,-33.119143
530.400000,-32.766434,-33.343038,-32.995308
530.450000,-32.633532,-33.221165,-32.866356
530.500000,-32.494815,-33.094174,-32.731838
530.550000,-32.349751,-32.961607,-32.591249
530.600000,-32.197744,-32.822947,-32.444019
530.650000,-32.038114,-32.677610,-32.289505
530.700000,-31.870092,-32.524936,-32.126976
530.750000,-31.692801,-32.364170,-31.955597
530.800000,-31.505234,-32.194452,-31.774414
530.850000,-31.306233,-32.014793,-31.582331
530.900000,-31.094461,-31.824052,-31.378079
530.950000,-30.868361,-31.620906,-31.160186
531.000000,-30.626117,-31.403816,-30.926935
531.050000,-30.365596,-31.170977,-30.676311
531.100000,-30.084280,-30.920264,-30.405935
531.150000,-29.779176,-30.649161,-30.112987
531.200000,-29.446712,-30.354668,-29.794100
531.250000,-29.082590,-30.033193,-29.445230
531.300000,-28.681615,-29.680401,-29.061491
531.350000,-28.237470,-29.291037,-28.636949
531.400000,-27.742431,-28.858696,-28.164358
531.450000,-27.187021,-28.375536,-27.634831
531.500000,-26.559583,-27.831932,-27.037447
531.550000,-25.845792,-27.216075,-26.358797
531.600000,-25.028162,-26.513549,-25.582511
531.650000,-24.085674,-25.706995,-24.688910
531.700000,-22.993862,-24.776086,-23.655046
531.750000,-21.726007,-23.698310,-22.455761
531.800000,-20.256642,-22.451460,-21.066820
531.850000,-18.569123,-21.019184,-19.471774
531.900000,-16.668816,-19.400951,-17.673990
531.950000,-14.600574,-17.625871,-15.712850
532.000000,-12.462439,-15.765052,-13.677046
532.050000,-10.402059,-13.932474,-11.702685
532.100000,-8.589292,-12.267804,-9.949566
532.150000,-7.176251,-10.906680,-8.564718
532.200000,-6.265243,-9.952696,-7.651467
532.250000,-5.897556,-9.462653,-7.256664
532.300000,-6.061593,-9.447123,-7.376016
532.350000,-6.709989,-9.880625,-7.968842
532.400000,-7.776033,-10.714182,-8.973373
532.450000,-9.185164,-11.885939,-10.318203
532.500000,-10.861774,-13.328698,-11.929559
532.550000,-12.733239,-14.975099,-13.735857
532.600000,-14.732926,-16.761483,-15.671039
532.650000,-16.802862,-18.631033,-17.677382
532.700000,-18.895569,-20.535975,-19.707398
532.750000,-20.974118,-22.438260,-21.724041
532.800000,-23.010268,-24.308555,-23.699097
532.850000,-24.981711,-26.124192,-25.610628
532.900000,-26.869741,-27.867084,-27.440676
532.950000,-28.658085,-29.522332,-29.173977
533.000000,-30.332926,-31.077705,-30.797745
533.050000,-31.883635,-32.523809,-32.302182
533.100000,-33.303600,-33.854514,-33.681150
533.150000,-34.590666,-35.067255,-34.932568
533.200000,-35.746955,-36.162964,-36.058281
533.250000,-36.778121,-37.145595,-37.063436
533.300000,-37.692310,-38.021391,-37.955560
533.350000,-38.499090,-38.798056,-38.743595
533.400000,-39.208541,-39.484007,-39.437052
533.450000,-39.830614,-40.087796,-40.045394
533.500000,-40.374719,-40.617702,-40.577635
533.550000,-40.849516,-41.081497,-41.042114
533.600000,-41.262834,-41.486320,-41.446411
533.650000,-41.621677,-41.838641,-41.797329
533.700000,-41.932271,-42.144273,-42.100932
533.750000,-42.200127,-42.408407,-42.362603
533.800000,-42.430119,-42.635667,-42.587109
533.850000,-42.626556,-42.830160,-42.778670
533.900000,-42.793244,-42.995537,-42.941019
533.950000,-42.933552,-43.135038,-43.077460
534.000000,-43.050461,-43.251542,-43.190918
534.050000,-43.146609,-43.347606,-43.283987
534.100000,-43.224340,-43.425505,-43.358966
534.150000,-43.285729,-43.487261,-43.417898
534.200000,-43.332624,-43.534676,-43.462595
534.250000,-43.366663,-43.569353,-43.494671
534.300000,-43.389307,-43.592723,-43.515560
534.350000,-43.401854,-43.606060,-43.526538
534.400000,-43.405461,-43.610503,-43.528742
534.450000,-43.401157,-43.607065,-43.523187
534.500000,-43.389863,-43.596654,-43.510775
534.550000,-43.372397,-43.580079,-43.492312
534.600000,-43.349490,-43.558063,-43.468516
534.650000,-43.321794,-43.531253,-43.440028
534.700000,-43.289890,-43.500226,-43.407421
534.750000,-43.254299,-43.465498,-43.371204
534.800000,-43.215483,-43.427530,-43.331834
534.850000,-43.173857,-43.386736,-43.289717
534.900000,-43.129788,-43.343482,-43.245217
534.950000,-43.083608,-43.298098,-43.198655
535.000000,-43.035609,-43.250878,-43.150322
535.050000,-42.986053,-43.202084,-43.100475
535.100000,-42.935174,-43.151949,-43.049343
535.150000,-42.883180,-43.100684,-42.997130
535.200000,-42.830255,-43.048473,-42.944018
535.250000,-42.776566,-42.995483,-42.890169
535.300000,-42.722257,-42.941860,-42.835727
535.350000,-42.667459,-42.887736,-42.780819
535.400000,-42.612287,-42.833227,-42.725557
535.450000,-42.556843,-42.778435,-42.670043
535.500000,-42.501217,-42.723453,-42.614364
535.550000,-42.445489,-42.668361,-42.558599
535.600000,-42.389729,-42.613230,-42.502816
535.650000,-42.333999,-42.558121,-42.447076
535.700000,-42.278352,-42.503092,-42.391432
535.750000,-42.222836,-42.448188,-42.335929
535.800000,-42.167492,-42.393452,-42.280608
535.850000,-42.112356,-42.338920,-42.225504
535.900000,-42.057457,-42.284624,-42.170646
535.950000,-42.002823,-42.230591,-42.116059
536.000000,-41.948475,-42.176842,-42.061767
536.050000,-41.894432,-42.123399,-42.007786
536.100000,-41.840711,-42.070275,-41.954133
536.150000,-41.787323,-42.017486,-41.900818
536.200000,-41.734280,-41.965041,-41.847853
536.250000,-41.681589,-41.912950,-41.795245
536.300000,-41.629256,-41.861218,-41.743000
536.350000,-41.577285,-41.809849,-41.691122
536.400000,-41.525680,-41.758848,-41.639612
536.450000,-41.474442,-41.708216,-41.588474
536.500000,-41.423570,-41.657953,-41.537705
536.550000,-41.373064,-41.608058,-41.487305
536.600000,-41.322922,-41.558529,-41.437272
536.650000,-41.273140,-41.509363,-41.387603
536.700000,-41.223716,-41.460558,-41.338294
536.750000,-41.174645,-41.412110,-41.289340
536.800000,-41.125922,-41.364012,-41.240738
536.850000,-41.077542,-41.316261,-41.192481
536.900000,-41.029499,-41.268851,-41.144563
536.950000,-40.981788,-41.221776,-41.096980
537.000000,-40.934401,-41.175029,-41.049723
537.050000,-40.887333,-41.128603,-41.002787
537.100000,-40.840576,-41.082493,-40.956164
537.150000,-40.794123,-41.036691,-40.909848
537.200000,-40.747968,-40.991191,-40.863831
537.250000,-40.702102,-40.945983,-40.818107
537.300000,-40.656518,-40.901063,-40.772666
537.350000,-40.611210,-40.856421,-40.727503
537.400000,-40.566169,-40.812051,-40.682609
537.450000,-40.521387,-40.767945,-40.637977
537.500000,-40.476859,-40.724095,-40.593600
537.550000,-40.432575,-40.680495,-40.549469
537.600000,-40.388528,-40.637136,-40.505579
537.650000,-40.344712,-40.594012,-40.461920
537.700000,-40.301118,-40.551115,-40.418486
537.750000,-40.257739,-40.508437,-40.375269
537.800000,-40.214568,-40.465972,-40.332262
537.850000,-40.171598,-40.423712,-40.289458
537.900000,-40.128821,-40.381650,-40.246850
537.950000,-40.086230,-40.339779,-40.204430
538.000000,-40.043819,-40.298092,-40.162192
538.050000,-40.001580,-40.256582,-40.120128
538.100000,-39.959506,-40.215243,-40.078232
538.150000,-39.917591,-40.174067,-40.036497
538.200000,-39.875827,-40.133048,-39.994916
538.250000,-39.834209,-40.092179,-39.953483
538.300000,-39.792730,-40.051455,-39.912192
538.350000,-39.751383,-40.010868,-39.871034
538.400000,-39.710162,-39.970412,-39.830006
538.450000,-39.669060,-39.930082,-39.789099
538.500000,-39.628072,-39.889870,-39.748309
538.550000,-39.587191,-39.849771,-39.707628
538.600000,-39.546411,-39.809779,-39.667051
538.650000,-39.505726,-39.769889,-39.626572
538.700000,-39.465131,-39.730093,-39.586185
538.750000,-39.424618,-39.690387,-39.545885
538.800000,-39.384184,-39.650765,-39.505665
538.850000,-39.343821,-39.611222,-39.465520
538.900000,-39.303525,-39.571751,-39.425444
538.950000,-39.263289,-39.532348,-39.385432
539.000000,-39.223109,-39.493006,-39.345479
539.050000,-39.182978,-39.453722,-39.305579
539.100000,-39.142892,-39.414488,-39.265726
539.150000,-39.102845,-39.375301,-39.225915
539.200000,-39.062831,-39.336156,-39.186142
539.250000,-39.022846,-39.297046,-39.146400
539.300000,-38.982883,-39.257967,-39.106686
539.350000,-38.942939,-39.218913,-39.066992
539.400000,-38.903007,-39.179881,-39.027315
539.450000,-38.863083,-39.140864,-38.987650
539.500000,-38.823161,-39.101859,-38.947990
539.550000,-38.783237,-39.062859,-38.908332
539.600000,-38.743304,-39.023860,-38.868670
539.650000,-38.703359,-38.984858,-38.828999
539.700000,-38.663395,-38.945846,-38.789313
539.750000,-38.623408,-38.906821,-38.749609
539.800000,-38.583393,-38.867778,-38.709881
539.850000,-38.543344,-38.828711,-38.670124
539.900000,-38.503257,-38.789616,-38.630332
539.950000,-38.463126,-38.750488,-38.590502
540.000000,-38.422947,-38.711321,-38.550627
540.050000,-38.382713,-38.672112,-38.510704
540.100000,-38.342420,-38.632856,-38.470726
540.150000,-38.302063,-38.593546,-38.430689
540.200000,-38.261637,-38.554179,-38.390588
540.250000,-38.221136,-38.514750,-38.350417
540.300000,-38.180555,-38.475253,-38.310171
540.350000,-38.139888,-38.435684,-38.269846
540.400000,-38.099131,-38.396037,-38.229435
540.450000,-38.058277,-38.356308,-38.188934
540.500000,-38.017322,-38.316490,-38.148336
540.550000,-37.976259,-38.276580,-38.107638
540.600000,-37.935084,-38.236571,-38.066832
540.650000,-37.893789,-38.196458,-38.025914
540.700000,-37.852371,-38.156237,-37.984878
540.750000,-37.810821,-38.115900,-37.943718
540.800000,-37.769135,-38.075444,-37.902428
540.850000,-37.727307,-38.034861,-37.861002
540.900000,-37.685329,-37.994147,-37.819434
540.950000,-37.643197,-37.953295,-37.777718
541.000000,-37.600902,-37.912300,-37.735848
541.050000,-37.558439,-37.871154,-37.693817
541.100000,-37.515801,-37.829853,-37.651618
541.150000,-37.472980,-37.788389,-37.609244
541.200000,-37.429970,-37.746756,-37.566690
541.250000,-37.386764,-37.704947,-37.523947
541.300000,-37.343354,-37.662956,-37.481008
541.350000,-37.299731,-37.620774,-37.437867
541.400000,-37.255890,-37.578396,-37.394514
541.450000,-37.211820,-37.535814,-37.350944
541.500000,-37.167515,-37.493020,-37.307147
541.550000,-37.122966,-37.450006,-37.263115
541.600000,-37.078163,-37.406765,-37.218840
541.650000,-37.033098,-37.363287,-37.174312
541.700000,-36.987761,-37.319565,-37.129524
541.750000,-36.942143,-37.275590,-37.084465
541.800000,-36.896234,-37.231352,-37.039127
541.850000,-36.850024,-37.186843,-36.993498
541.900000,-36.803502,-37.142053,-36.947569
541.950000,-36.756656,-37.096970,-36.901329
542.000000,-36.709477,-37.051587,-36.854768
542.050000,-36.661951,-37.005890,-36.807872
542.100000,-36.614066,-36.959870,-36.760632
542.150000,-36.565810,-36.913515,-36.713034
542.200000,-36.517170,-36.866813,-36.665065
542.250000,-36.468132,-36.819750,-36.616713
542.300000,-36.418681,-36.772316,-36.567964
542.350000,-36.368802,-36.724495,-36.518802
542.400000,-36.318481,-36.676273,-36.469214
542.450000,-36.267700,-36.627637,-36.419183
542.500000,-36.216444,-36.578571,-36.368693
542.550000,-36.164693,-36.529059,-36.317727
542.600000,-36.112431,-36.479084,-36.266268
542.650000,-36.059637,-36.428629,-36.214296
542.700000,-36.006292,-36.377676,-36.161793
542.750000,-35.952374,-36.326205,-36.108737
542.800000,-35.897860,-36.274196,-36.055107
542.850000,-35.842728,-36.221629,-36.000881
542.900000,-35.786954,-36.168482,-35.946035
542.950000,-35.730510,-36.114731,-35.890545
543.000000,-35.673371,-36.060352,-35.834384
543.050000,-35.615508,-36.005319,-35.777524
543.100000,-35.556890,-35.949605,-35.719937
543.150000,-35.497486,-35.893182,-35.661592
543.200000,-35.437262,-35.836020,-35.602457
543.250000,-35.376183,-35.778087,-35.542497
543.300000,-35.314211,-35.719350,-35.481676
543.350000,-35.251307,-35.659772,-35.419957
543.400000,-35.187428,-35.599316,-35.357298
543.450000,-35.122529,-35.537942,-35.293657
543.500000,-35.056563,-35.475607,-35.228988
543.550000,-34.989479,-35.412267,-35.163241
543.600000,-34.921224,-35.347874,-35.096365
543.650000,-34.851739,-35.282375,-35.028305
543.700000,-34.780962,-35.215716,-34.959001
543.750000,-34.708829,-35.147838,-34.888391
543.800000,-34.635268,-35.078679,-34.816405
543.850000,-34.560204,-35.008172,-34.742972
543.900000,-34.483555,-34.936244,-34.668014
543.950000,-34.405233,-34.862818,-34.591446
544.000000,-34.325146,-34.787811,-34.513179
544.050000,-34.243191,-34.711133,-34.433114
544.100000,-34.159258,-34.632686,-34.351147
544.150000,-34.073228,-34.552366,-34.267164
544.200000,-33.984973,-34.470059,-34.181041
544.250000,-33.894352,-34.385641,-34.092644
544.300000,-33.801213,-34.298980,-34.001827
544.350000,-33.705390,-34.209927,-33.908431
544.400000,-33.606700,-34.118325,-33.812283
544.450000,-33.504945,-34.023998,-33.713190
544.500000,-33.399906,-33.926754,-33.610946
544.550000,-33.291341,-33.826384,-33.505318
544.600000,-33.178986,-33.722654,-33.396055
544.650000,-33.062548,-33.615311,-33.282875
544.700000,-32.941699,-33.504069,-33.165469
544.750000,-32.816078,-33.388614,-33.043490
544.800000,-32.685282,-33.268595,-32.916554
544.850000,-32.548859,-33.143622,-32.784232
544.900000,-32.406301,-33.013255,-32.646039
544.950000,-32.257038,-32.877001,-32.501433
545.000000,-32.100423,-32.734304,-32.349799
545.050000,-31.935724,-32.584534,-32.190443
545.100000,-31.762107,-32.426973,-32.022571
545.150000,-31.578618,-32.260806,-31.845278
545.200000,-31.384160,-32.085094,-31.657525
545.250000,-31.177468,-31.898758,-31.458113
545.300000,-30.957076,-31.700551,-31.245653
545.350000,-30.721272,-31.489019,-31.018527
545.400000,-30.468054,-31.262468,-30.774842
545.450000,-30.195059,-31.018902,-30.512368
545.500000,-29.899491,-30.755965,-30.228465
545.550000,-29.578012,-30.470855,-29.919991
545.600000,-29.226625,-30.160225,-29.583178
545.650000,-28.840503,-29.820042,-29.213487
545.700000,-28.413790,-29.445432,-28.805416
545.750000,-27.939341,-29.030461,-28.352258
545.800000,-27.408400,-28.567879,-27.845800
545.850000,-26.810202,-28.048791,-27.275954
545.900000,-26.131511,-27.462277,-26.630326
545.950000,-25.356110,-26.794975,-25.893737
546.000000,-24.464367,-26.030685,-25.047808
546.050000,-23.433081,-25.150187,-24.070796
546.100000,-22.236145,-24.131636,-22.938168
546.150000,-20.846984,-22.952254,-21.624769
546.200000,-19.244325,-21.592521,-20.110034
546.250000,-17.423148,-20.044344,-18.387945
546.300000,-15.411018,-18.323702,-16.482057
546.350000,-13.284700,-16.484580,-14.461214
546.400000,-11.174750,-14.625490,-12.444915
546.450000,-9.246956,-12.879316,-10.587839
546.500000,-7.664900,-11.386980,-9.046276
546.550000,-6.552625,-10.267022,-7.942997
546.600000,-5.974797,-9.594936,-7.346789
546.650000,-5.938369,-9.398226,-7.271571
546.700000,-6.407599,-9.663786,-7.688730
546.750000,-7.321564,-10.350265,-8.543005
546.800000,-8.607697,-11.399706,-9.765636
546.850000,-10.190216,-12.746253,-11.283112
546.900000,-11.994967,-14.322102,-13.022575
546.950000,-13.952680,-16.061764,-14.915483
547.000000,-16.001768,-17.905468,-16.900619
547.050000,-18.090598,-19.801788,-18.926426
547.100000,-20.178313,-21.708969,-20.951944
547.150000,-22.233638,-23.594532,-22.945843
547.200000,-24.232308,-25.433513,-24.884078
547.250000,-26.154441,-27.206275,-26.747378
547.300000,-27.982882,-28.896802,-28.519521
547.350000,-29.702810,-30.491844,-30.186737
547.400000,-31.302263,-31.980873,-31.737995
547.450000,-32.773003,-33.356451,-33.165679
547.500000,-34.111146,-34.614629,-34.466133
547.550000,-35.317230,-35.755026,-35.639740
547.600000,-36.395663,-36.780512,-36.690476
547.650000,-37.353765,-37.696546,-37.625071
547.700000,-38.200673,-38.510365,-38.452029
547.750000,-38.946362,-39.230190,-39.180728
547.800000,-39.600893,-39.864579,-39.820710
547.850000,-40.173919,-40.421951,-40.381195
547.900000,-40.674402,-40.910294,-40.870799
547.950000,-41.110494,-41.336997,-41.297398
548.000000,-41.489513,-41.708789,-41.668091
548.050000,-41.817976,-42.031733,-41.989221
548.100000,-42.101661,-42.311252,-42.266424
548.150000,-42.345679,-42.552182,-42.504699
548.200000,-42.554546,-42.758823,-42.708465
548.250000,-42.732256,-42.934995,-42.881638
548.300000,-42.882339,-43.084090,-43.027679
548.350000,-43.007918,-43.209120,-43.149653
548.400000,-43.111760,-43.312763,-43.250277
548.450000,-43.196315,-43.397397,-43.331960
548.500000,-43.263760,-43.465137,-43.396838
548.550000,-43.316025,-43.517868,-43.446809
548.600000,-43.354827,-43.557266,-43.483561
548.650000,-43.381692,-43.584827,-43.508593
548.700000,-43.397978,-43.601881,-43.523241
548.750000,-43.404894,-43.609617,-43.528693
548.800000,-43.403519,-43.609097,-43.526010
548.850000,-43.394811,-43.601267,-43.516134
548.900000,-43.379627,-43.586972,-43.499908
548.950000,-43.358731,-43.566968,-43.478083
549.000000,-43.332803,-43.541929,-43.451328
549.050000,-43.302453,-43.512459,-43.420241
549.100000,-43.268221,-43.479096,-43.385355
549.150000,-43.230593,-43.442323,-43.347146
549.200000,-43.190001,-43.402569,-43.306040
549.250000,-43.146830,-43.360219,-43.262415
549.300000,-43.101424,-43.315617,-43.216609
549.350000,-43.054091,-43.269069,-43.168925
549.400000,-43.005104,-43.220850,-43.119630
549.450000,-42.954707,-43.171204,-43.068965
549.500000,-42.903117,-43.120349,-43.017144
549.550000,-42.850529,-43.068480,-42.964357
549.600000,-42.797114,-43.015770,-42.910773
549.650000,-42.743026,-42.962373,-42.856541
549.700000,-42.688400,-42.908426,-42.801797
549.750000,-42.633358,-42.854050,-42.746657
549.800000,-42.578006,-42.799355,-42.691228
549.850000,-42.522439,-42.744435,-42.635601
549.900000,-42.466740,-42.689374,-42.579859
549.950000,-42.410983,-42.634249,-42.524074
550.000000,-42.355233,-42.579123,-42.468310
550.050000,-42.299547,-42.524056,-42.412622
550.100000,-42.243974,-42.469097,-42.357058
550.150000,-42.188558,-42.414291,-42.301661
550.200000,-42.133336,-42.359675,-42.246468
550.250000,-42.078341,-42.305284,-42.191510
550.300000,-42.023601,-42.251145,-42.136815
550.350000,-41.969139,-42.197282,-42.082406
550.400000,-41.914976,-42.143718,-42.028302
550.450000,-41.861128,-42.090468,-41.974519
550.500000,-41.807609,-42.037547,-41.921072
550.550000,-41.754430,-41.984967,-41.867970
550.600000,-41.701601,-41.932738,-41.815222
550.650000,-41.649128,-41.880865,-41.762836
550.700000,-41.597016,-41.829355,-41.710814
550.750000,-41.545269,-41.778211,-41.659161
550.800000,-41.493888,-41.727435,-41.607878
550.850000,-41.442874,-41.677028,-41.556966
550.900000,-41.392226,-41.626990,-41.506423
550.950000,-41.341942,-41.577319,-41.456247
551.000000,-41.292021,-41.528013,-41.406437
551.050000,-41.242458,-41.479068,-41.356988
551.100000,-41.193250,-41.430481,-41.307897
551.150000,-41.144392,-41.382248,-41.259158
551.200000,-41.095879,-41.334363,-41.210768
551.250000,-41.047706,-41.286820,-41.162719
551.300000,-40.999866,-41.239615,-41.115006
551.350000,-40.952354,-41.192741,-41.067623
551.400000,-40.905162,-41.146191,-41.020563
551.450000,-40.858285,-41.099959,-40.973819
551.500000,-40.811714,-41.054038,-40.927384
551.550000,-40.765443,-41.008421,-40.881251
551.600000,-40.719465,-40.963100,-40.835413
551.650000,-40.673772,-40.918068,-40.789863
551.700000,-40.628357,-40.873318,-40.744592
551.750000,-40.583212,-40.828843,-40.699594
551.800000,-40.538331,-40.784634,-40.654860
551.850000,-40.493704,-40.740685,-40.610384
551.900000,-40.449325,-40.696988,-40.566158
551.950000,-40.405186,-40.653536,-40.522174
552.000000,-40.361281,-40.610321,-40.478426
552.050000,-40.317600,-40.567335,-40.434904
552.100000,-40.274138,-40.524573,-40.391603
552.150000,-40.230886,-40.482025,-40.348515
552.200000,-40.187838,-40.439685,-40.305632
552.250000,-40.144985,-40.397546,-40.262948
552.300000,-40.102322,-40.355601,-40.220454
552.350000,-40.059841,-40.313842,-40.178145
552.400000,-40.017535,-40.272263,-40.136014
552.450000,-39.975396,-40.230857,-40.094052
552.500000,-39.933419,-40.189617,-40.052254
552.550000,-39.891596,-40.148537,-40.010613
552.600000,-39.849921,-40.107610,-39.969122
552.650000,-39.808388,-40.066829,-39.927775
552.700000,-39.766989,-40.026188,-39.886565
552.750000,-39.725718,-39.985681,-39.845486
552.800000,-39.684569,-39.945301,-39.804531
552.850000,-39.643536,-39.905042,-39.763695
552.900000,-39.602613,-39.864899,-39.722971
552.950000,-39.561793,-39.824865,-39.682353
553.000000,-39.521070,-39.784934,-39.641835
553.050000,-39.480439,-39.745101,-39.601411
553.100000,-39.439893,-39.705359,-39.561076
553.150000,-39.399428,-39.665704,-39.520824
553.200000,-39.359036,-39.626129,-39.480649
553.250000,-39.318713,-39.586629,-39.440545
553.300000,-39.278452,-39.547198,-39.400508
553.350000,-39.238249,-39.507832,-39.360531
553.400000,-39.198098,-39.468524,-39.320608
553.450000,-39.157993,-39.429269,-39.280736
553.500000,-39.117930,-39.390063,-39.240908
553.550000,-39.077901,-39.350900,-39.201119
553.600000,-39.037904,-39.311775,-39.161363
553.650000,-38.997931,-39.272682,-39.121637
553.700000,-38.957978,-39.233618,-39.081933
553.750000,-38.918040,-39.194576,-39.042249
553.800000,-38.878111,-39.155552,-39.002577
553.850000,-38.838187,-39.116540,-38.962914
553.900000,-38.798262,-39.077537,-38.923253
553.950000,-38.758331,-39.038536,-38.883591
554.000000,-38.718388,-38.999533,-38.843922
554.050000,-38.678430,-38.960523,-38.804240
554.100000,-38.638450,-38.921502,-38.764541
554.150000,-38.598444,-38.882464,-38.724821
554.200000,-38.558406,-38.843404,-38.685073
554.250000,-38.518332,-38.804318,-38.645292
554.300000,-38.478216,-38.765201,-38.605475
554.350000,-38.438053,-38.726047,-38.565616
554.400000,-38.397838,-38.686853,-38.525709
554.450000,-38.357566,-38.647612,-38.485750
554.500000,-38.317232,-38.608321,-38.445734
554.550000,-38.276830,-38.568975,-38.405655
554.600000,-38.236356,-38.529567,-38.365509
554.650000,-38.195803,-38.490094,-38.325290
554.700000,-38.155167,-38.450551,-38.284993
554.750000,-38.114443,-38.410932,-38.244613
554.800000,-38.073624,-38.371232,-38.204144
554.850000,-38.032705,-38.331446,-38.163582
554.900000,-37.991682,-38.291569,-38.122920
554.950000,-37.950547,-38.251596,-38.082153
555.000000,-37.909296,-38.211521,-38.041276
555.050000,-37.867922,-38.171339,-38.000283
555.100000,-37.826421,-38.131044,-37.959168
555.150000,-37.784785,-38.090632,-37.917925
555.200000,-37.743008,-38.050095,-37.876549
555.250000,-37.701086,-38.009429,-37.835033
555.300000,-37.659010,-37.968628,-37.793372
555.350000,-37.616775,-37.927685,-37.751558
555.400000,-37.574374,-37.886594,-37.709586
555.450000,-37.531800,-37.845350,-37.667448
555.500000,-37.489047,-37.803946,-37.625139
555.550000,-37.446107,-37.762375,-37.582652
555.600000,-37.402973,-37.720631,-37.539978
555.650000,-37.359638,-37.678707,-37.497112
555.700000,-37.316094,-37.636596,-37.454045
555.750000,-37.272334,-37.594291,-37.410771
555.800000,-37.228349,-37.551784,-37.367281
555.850000,-37.184131,-37.509068,-37.323568
555.900000,-37.139672,-37.466136,-37.279623
555.950000,-37.094963,-37.422979,-37.235438
556.000000,-37.049996,-37.379589,-37.191005
556.050000,-37.004760,-37.335958,-37.146313
556.100000,-36.959247,-37.292076,-37.101355
556.150000,-36.913446,-37.247936,-37.056121
556.200000,-36.867348,-37.203528,-37.010600
556.250000,-36.820942,-37.158842,-36.964783
556.300000,-36.774217,-37.113868,-36.918659
556.350000,-36.727162,-37.068597,-36.872217
556.400000,-36.679765,-37.023017,-36.825446
556.450000,-36.632014,-36.977118,-36.778334
556.500000,-36.583897,-36.930887,-36.730869
556.550000,-36.535400,-36.884314,-36.683039
556.600000,-36.486510,-36.837386,-36.634830
556.650000,-36.437213,-36.790091,-36.586229
556.700000,-36.387494,-36.742414,-36.537221
556.750000,-36.337339,-36.694342,-36.487793
556.800000,-36.286730,-36.645861,-36.437927
556.850000,-36.235651,-36.596956,-36.387609
556.900000,-36.184086,-36.547610,-36.336821
556.950000,-36.132015,-36.497809,-36.285547
557.000000,-36.079421,-36.447533,-36.233767
557.050000,-36.026282,-36.396766,-36.181463
557.100000,-35.972578,-36.345489,-36.128614
557.150000,-35.918288,-36.293682,-36.075199
557.200000,-35.863388,-36.241325,-36.021197
557.250000,-35.807855,-36.188395,-35.966584
557.300000,-35.751662,-36.134870,-35.911335
557.350000,-35.694785,-36.080727,-35.855426
557.400000,-35.637193,-36.025940,-35.798828
557.450000,-35.578859,-35.970482,-35.741514
557.500000,-35.519751,-35.914325,-35.683454
557.550000,-35.459835,-35.857441,-35.624616
557.600000,-35.399078,-35.799798,-35.564966
557.650000,-35.337442,-35.741363,-35.504470
557.700000,-35.274888,-35.682101,-35.443089
557.750000,-35.211376,-35.621976,-35.380784
557.800000,-35.146862,-35.560947,-35.317513
557.850000,-35.081298,-35.498975,-35.253230
557.900000,-35.014636,-35.436014,-35.187890
557.950000,-34.946822,-35.372017,-35.121440
558.000000,-34.877801,-35.306935,-35.053826
558.050000,-34.807512,-35.240714,-34.984992
558.100000,-34.735891,-35.173296,-34.914875
558.150000,-34.662869,-35.104621,-34.843409
558.200000,-34.588373,-35.034623,-34.770523
558.250000,-34.512323,-34.963232,-34.696141
558.300000,-34.434634,-34.890373,-34.620182
558.350000,-34.355215,-34.815964,-34.542558
558.400000,-34.273967,-34.739918,-34.463173
558.450000,-34.190783,-34.662140,-34.381927
558.500000,-34.105548,-34.582530,-34.298707
558.550000,-34.018136,-34.500976,-34.213396
558.600000,-33.928413,-34.417359,-34.125861
558.650000,-33.836230,-34.331549,-34.035963
558.700000,-33.741426,-34.243404,-33.943546
558.750000,-33.643826,-34.152770,-33.848443
558.800000,-33.543236,-34.059478,-33.750470
558.850000,-33.439446,-33.963344,-33.649424
558.900000,-33.332224,-33.864163,-33.545085
558.950000,-33.221313,-33.761713,-33.437206
559.000000,-33.106431,-33.655746,-33.325519
559.050000,-32.987264,-33.545991,-33.209725
559.100000,-32.863466,-33.432144,-33.089491
559.150000,-32.734647,-33.313868,-32.964449
559.200000,-32.600376,-33.190788,-32.834186
559.250000,-32.460166,-33.062485,-32.698240
559.300000,-32.313471,-32.928485,-32.556090
559.350000,-32.159675,-32.788257,-32.407151
559.400000,-31.998079,-32.641200,-32.250758
559.450000,-31.827889,-32.486632,-32.086158
559.500000,-31.648198,-32.323773,-31.912488
559.550000,-31.457965,-32.151735,-31.728763
559.600000,-31.255991,-31.969494,-31.533846
559.650000,-31.040889,-31.775867,-31.326424
559.700000,-30.811045,-31.569484,-31.104968
559.750000,-30.564571,-31.348745,-30.867694
559.800000,-30.299247,-31.111774,-30.612506
559.850000,-30.012450,-30.856356,-30.336927
559.900000,-29.701056,-30.579869,-30.038013
559.950000,-29.361330,-30.279181,-29.712246
560.000000,-28.988778,-29.950532,-29.355396
560.050000,-28.577952,-29.589384,-28.962342
560.100000,-28.122224,-29.190227,-28.526860
560.150000,-27.613479,-28.746334,-28.041337
560.200000,-27.041754,-28.249465,-27.496433
560.250000,-26.394790,-27.689505,-26.880666
560.300000,-25.657542,-27.054051,-26.179951
560.350000,-24.811690,-26.327998,-25.377143
560.400000,-23.835346,-25.493250,-24.451737
560.450000,-22.703325,-24.528834,-23.380102
560.500000,-21.388773,-23.411995,-22.136903
560.550000,-19.867474,-22.121289,-20.698992
560.600000,-18.126694,-20.643110,-19.053415
560.650000,-16.179724,-18.982771,-17.210728
560.700000,-14.083488,-17.178692,-15.221419
560.750000,-11.949303,-15.312949,-13.186674
560.800000,-9.933507,-13.507994,-11.251273
560.850000,-8.205343,-11.905426,-9.575352
560.900000,-6.907089,-10.635298,-8.297597
560.950000,-6.126410,-9.790574,-7.508015
561.000000,-5.890475,-9.416290,-7.240026
561.050000,-6.177343,-9.513141,-7.479014
561.100000,-6.933612,-10.048824,-8.177893
561.150000,-8.089819,-10.970385,-9.271684
561.200000,-9.570669,-12.214092,-10.687874
561.250000,-11.300976,-13.712304,-12.352876
561.300000,-13.209310,-15.398237,-14.196167
561.350000,-15.230911,-17.209635,-16.153477
561.400000,-17.310244,-19.091721,-18.169446
561.450000,-19.402466,-20.999091,-20.199180
561.500000,-21.472985,-22.895959,-22.207980
561.550000,-23.495257,-24.754816,-24.169399
561.600000,-25.448026,-26.554278,-26.062643
561.650000,-27.313231,-28.277127,-27.870485
561.700000,-29.075158,-29.909126,-29.578244
561.750000,-30.720683,-31.438702,-31.173799
561.800000,-32.240083,-32.857211,-32.648180
561.850000,-33.627809,-34.159372,-33.996215
561.900000,-34.882784,-35.343491,-35.216809
561.950000,-36.008070,-36.411288,-36.312681
562.000000,-37.010027,-37.367347,-37.289643
562.050000,-37.897239,-38.218339,-38.155652
562.100000,-38.679471,-38.972204,-38.919856
562.150000,-39.366822,-39.637438,-39.591804
562.200000,-39.969139,-40.222556,-40.180877
562.250000,-40.495665,-40.735731,-40.695939
562.300000,-40.954859,-41.184587,-41.145152
562.350000,-41.354349,-41.576104,-41.535903
562.400000,-41.700944,-41.916589,-41.874813
562.450000,-42.000689,-42.211699,-42.167773
562.500000,-42.258934,-42.466484,-42.420013
562.550000,-42.480411,-42.685435,-42.636159
562.600000,-42.669300,-42.872546,-42.820309
562.650000,-42.829295,-43.031363,-42.976085
562.700000,-42.963667,-43.165034,-43.106695
562.750000,-43.075309,-43.276356,-43.214981
562.800000,-43.166785,-43.367814,-43.303460
562.850000,-43.240369,-43.441620,-43.374368
562.900000,-43.298081,-43.499739,-43.429688
562.950000,-43.341713,-43.543923,-43.471182
563.000000,-43.372861,-43.575732,-43.500418
563.050000,-43.392941,-43.596555,-43.518791
563.100000,-43.403217,-43.607635,-43.527540
563.150000,-43.404814,-43.610075,-43.527773
563.200000,-43.398733,-43.604866,-43.520474
563.250000,-43.385869,-43.592887,-43.506523
563.300000,-43.367018,-43.574928,-43.486702
563.350000,-43.342891,-43.551691,-43.461710
563.400000,-43.314122,-43.523806,-43.432172
563.450000,-43.281277,-43.491834,-43.398643
563.500000,-43.244861,-43.456278,-43.361620
563.550000,-43.205325,-43.417587,-43.321546
563.600000,-43.163073,-43.376162,-43.278818
563.650000,-43.118461,-43.332361,-43.233787
563.700000,-43.071812,-43.286504,-43.186769
563.750000,-43.023411,-43.238877,-43.138044
563.800000,-42.973511,-43.189735,-43.087863
563.850000,-42.922342,-43.139306,-43.036449
563.900000,-42.870104,-43.087793,-42.984000
563.950000,-42.816977,-43.035376,-42.930693
564.000000,-42.763122,-42.982218,-42.876686
564.050000,-42.708681,-42.928460,-42.822117
564.100000,-42.653780,-42.874230,-42.767111
564.150000,-42.598531,-42.819641,-42.711777
564.200000,-42.543032,-42.764793,-42.656213
564.250000,-42.487373,-42.709775,-42.600504
564.300000,-42.431628,-42.654664,-42.544727
564.350000,-42.375868,-42.599530,-42.488946
564.400000,-42.320151,-42.544434,-42.433223
564.450000,-42.264529,-42.489428,-42.377606
564.500000,-42.209049,-42.434559,-42.322141
564.550000,-42.153750,-42.379867,-42.266867
564.600000,-42.098666,-42.325388,-42.211818
564.650000,-42.043826,-42.271150,-42.157021
564.700000,-41.989257,-42.217181,-42.102501
564.750000,-41.934979,-42.163503,-42.048280
564.800000,-41.881011,-42.110133,-41.994375
564.850000,-41.827366,-42.057087,-41.940800
564.900000,-41.774059,-42.004377,-41.887567
564.950000,-41.721097,-41.952015,-41.834686
565.000000,-41.668490,-41.900007,-41.782163
565.050000,-41.616242,-41.848361,-41.730004
565.100000,-41.564357,-41.797079,-41.678212
565.150000,-41.512838,-41.746164,-41.626790
565.200000,-41.461686,-41.695619,-41.575738
565.250000,-41.410901,-41.645442,-41.525056
565.300000,-41.360480,-41.595633,-41.474743
565.350000,-41.310423,-41.546190,-41.424796
565.400000,-41.260726,-41.497110,-41.375212
565.450000,-41.211385,-41.448389,-41.325986
565.500000,-41.162396,-41.400023,-41.277116
565.550000,-41.113754,-41.352008,-41.228595
565.600000,-41.065454,-41.304337,-41.180418
565.650000,-41.017489,-41.257006,-41.132580
565.700000,-40.969854,-41.210008,-41.085073
565.750000,-40.922543,-41.163337,-41.037892
565.800000,-40.875548,-41.116986,-40.991030
565.850000,-40.828862,-41.070949,-40.944480
565.900000,-40.782479,-41.025218,-40.898234
565.950000,-40.736392,-40.979786,-40.852286
566.000000,-40.690592,-40.934646,-40.806628
566.050000,-40.645073,-40.889791,-40.761253
566.100000,-40.599828,-40.845213,-40.716152
566.150000,-40.554847,-40.800904,-40.671320
566.200000,-40.510125,-40.756858,-40.626748
566.250000,-40.465654,-40.713067,-40.582428
566.300000,-40.421425,-40.669523,-40.538354
566.350000,-40.377432,-40.626219,-40.494517
566.400000,-40.333667,-40.583148,-40.450910
566.450000,-40.290123,-40.540302,-40.407527
566.500000,-40.246792,-40.497673,-40.364359
566.550000,-40.203668,-40.455256,-40.321399
566.600000,-40.160742,-40.413041,-40.278640
566.650000,-40.118008,-40.371023,-40.236075
566.700000,-40.075458,-40.329195,-40.193697
566.750000,-40.033086,-40.287548,-40.151499
566.800000,-39.990885,-40.246077,-40.109473
566.850000,-39.948847,-40.204775,-40.067614
566.900000,-39.906966,-40.163635,-40.025914
566.950000,-39.865236,-40.122650,-39.984366
567.000000,-39.823649,-40.081814,-39.942965
567.050000,-39.782199,-40.041120,-39.901703
567.100000,-39.740880,-40.000563,-39.860575
567.150000,-39.699685,-39.960135,-39.819573
567.200000,-39.658608,-39.919830,-39.778692
567.250000,-39.617643,-39.879644,-39.737925
567.300000,-39.576784,-39.839568,-39.697267
567.350000,-39.536024,-39.799598,-39.656711
567.400000,-39.495358,-39.759728,-39.616252
567.450000,-39.454780,-39.719951,-39.575883
567.500000,-39.414283,-39.680263,-39.535599
567.550000,-39.373863,-39.640657,-39.495395
567.600000,-39.333514,-39.601128,-39.455264
567.650000,-39.293229,-39.561671,-39.415200
567.700000,-39.253004,-39.522280,-39.375200
567.750000,-39.212833,-39.482949,-39.335256
567.800000,-39.172710,-39.443674,-39.295364
567.850000,-39.132630,-39.404449,-39.255519
567.900000,-39.092587,-39.365269,-39.215714
567.950000,-39.052577,-39.326129,-39.175945
568.000000,-39.012594,-39.287023,-39.136207
568.050000,-38.972633,-39.247947,-39.096494
568.100000,-38.932688,-39.208896,-39.056801
568.150000,-38.892755,-39.169864,-39.017124
568.200000,-38.852828,-39.130847,-38.977456
568.250000,-38.812902,-39.091839,-38.937794
568.300000,-38.772972,-39.052836,-38.898131
568.350000,-38.733033,-39.013833,-38.858463
568.400000,-38.693079,-38.974825,-38.818785
568.450000,-38.653106,-38.935807,-38.779092
568.500000,-38.613109,-38.896774,-38.739378
568.550000,-38.573081,-38.857721,-38.699639
568.600000,-38.533020,-38.818643,-38.659870
568.650000,-38.492918,-38.779536,-38.620065
568.700000,-38.452771,-38.740395,-38.580220
568.750000,-38.412574,-38.701215,-38.540330
568.800000,-38.372322,-38.661990,-38.500389
568.850000,-38.332010,-38.622717,-38.460393
568.900000,-38.291632,-38.583390,-38.420336
568.950000,-38.251183,-38.544003,-38.380213
569.000000,-38.210658,-38.504554,-38.340020
569.050000,-38.170052,-38.465035,-38.299751
569.100000,-38.129359,-38.425443,-38.259400
569.150000,-38.088573,-38.385771,-38.218963
569.200000,-38.047691,-38.346016,-38.178434
569.250000,-38.006705,-38.306172,-38.137807
569.300000,-37.965610,-38.266233,-38.097078
569.350000,-37.924400,-38.226194,-38.056241
569.400000,-37.883071,-38.186051,-38.015289
569.450000,-37.841615,-38.145797,-37.974218
569.500000,-37.800028,-38.105426,-37.933021
569.550000,-37.758302,-38.064934,-37.891693
569.600000,-37.716432,-38.024315,-37.850228
569.650000,-37.674411,-37.983562,-37.808619
569.700000,-37.632234,-37.942670,-37.766860
569.750000,-37.589893,-37.901633,-37.724945
569.800000,-37.547382,-37.860445,-37.682867
569.850000,-37.504693,-37.819098,-37.640620
569.900000,-37.461821,-37.777588,-37.598197
569.950000,-37.418758,-37.735906,-37.555591
570.000000,-37.375496,-37.694047,-37.512795
570.050000,-37.332028,-37.652004,-37.469801
570.100000,-37.288346,-37.609769,-37.426602
570.150000,-37.244442,-37.567336,-37.383191
570.200000,-37.200309,-37.524696,-37.339558
570.250000,-37.155938,-37.481842,-37.295698
570.300000,-37.111320,-37.438766,-37.251600
570.350000,-37.066446,-37.395461,-37.207257
570.400000,-37.021308,-37.351918,-37.162659
570.450000,-36.975896,-37.308127,-37.117798
570.500000,-36.930200,-37.264082,-37.072664
570.550000,-36.884210,-37.219771,-37.027248
570.600000,-36.837917,-37.175186,-36.981539
570.650000,-36.791308,-37.130317,-36.935527
570.700000,-36.744373,-37.085154,-36.889201
570.750000,-36.697101,-37.039687,-36.842550
570.800000,-36.649479,-36.993904,-36.795563
570.850000,-36.601496,-36.947795,-36.748227
570.900000,-36.553138,-36.901347,-36.700530
570.950000,-36.504392,-36.854548,-36.652459
571.000000,-36.455244,-36.807387,-36.604002
571.050000,-36.405679,-36.759849,-36.555142
571.100000,-36.355683,-36.711922,-36.505868
571.150000,-36.305240,-36.663591,-36.456162
571.200000,-36.254334,-36.614841,-36.406009
571.250000,-36.202947,-36.565656,-36.355394
571.300000,-36.151061,-36.516022,-36.304298
571.350000,-36.098658,-36.465920,-36.252703
571.400000,-36.045719,-36.415333,-36.200591
571.450000,-35.992222,-36.364243,-36.147941
571.500000,-35.938147,-36.312630,-36.094734
571.550000,-35.883471,-36.260474,-36.040947
571.600000,-35.828170,-36.207754,-35.986558
571.650000,-35.772219,-36.154448,-35.931543
571.700000,-35.715593,-36.100532,-35.875876
571.750000,-35.658264,-36.045981,-35.819531
571.800000,-35.600203,-35.990769,-35.762480
571.850000,-35.541379,-35.934869,-35.704694
571.900000,-35.481760,-35.878252,-35.646142
571.950000,-35.421312,-35.820888,-35.586791
572.000000,-35.359999,-35.762744,-35.526606
572.050000,-35.297783,-35.703786,-35.465550
572.100000,-35.234624,-35.643979,-35.403585
572.150000,-35.170478,-35.583283,-35.340669
572.200000,-35.105301,-35.521658,-35.276760
572.250000,-35.039043,-35.459061,-35.211809
572.300000,-34.971654,-35.395446,-35.145768
572.350000,-34.903078,-35.330763,-35.078583
572.400000,-34.833257,-35.264962,-35.010199
572.450000,-34.762127,-35.197986,-34.940555
572.500000,-34.689622,-35.129775,-34.869587
572.550000,-34.615671,-35.060265,-34.797225
572.600000,-34.540195,-34.989389,-34.723396
572.650000,-34.463112,-34.917072,-34.648019
572.700000,-34.384332,-34.843235,-34.571011
572.750000,-34.303761,-34.767795,-34.492277
572.800000,-34.221293,-34.690658,-34.411720
572.850000,-34.136817,-34.611726,-34.329231
572.900000,-34.050212,-34.530891,-34.244694
572.950000,-33.961345,-34.448038,-34.157983
573.000000,-33.870074,-34.363041,-34.068961
573.050000,-33.776242,-34.275762,-33.977478
573.100000,-33.679680,-34.186051,-33.883372
573.150000,-33.580200,-34.093746,-33.786465
573.200000,-33.477600,-33.998668,-33.686561
573.250000,-33.371654,-33.900619,-33.583446
573.300000,-33.262115,-33.799385,-33.476884
573.350000,-33.148712,-33.694727,-33.366614
573.400000,-33.031142,-33.586383,-33.252350
573.450000,-32.909070,-33.474061,-33.133772
573.500000,-32.782125,-33.357437,-33.010524
573.550000,-32.649890,-33.236151,-32.882211
573.600000,-32.511900,-33.109799,-32.748388
573.650000,-32.367631,-32.977929,-32.608559
573.700000,-32.216495,-32.840032,-32.462162
573.750000,-32.057823,-32.695534,-32.308563
573.800000,-31.890858,-32.543782,-32.147042
573.850000,-31.714736,-32.384036,-31.976778
573.900000,-31.528468,-32.215449,-31.796835
573.950000,-31.330915,-32.037047,-31.606131
574.000000,-31.120764,-31.847711,-31.403423
574.050000,-30.896486,-31.646141,-31.187265
574.100000,-30.656301,-31.430827,-30.955972
574.150000,-30.398117,-31.199998,-30.707567
574.200000,-30.119465,-30.951573,-30.439721
574.250000,-29.817419,-30.683086,-30.149673
574.300000,-29.488480,-30.391603,-29.834126
574.350000,-29.128448,-30.073609,-29.489128
574.400000,-28.732249,-29.724870,-29.109905
574.450000,-28.293715,-29.340253,-28.690665
574.500000,-27.805312,-28.913506,-28.224334
574.550000,-27.257794,-28.436980,-27.702247
574.600000,-26.639796,-27.901287,-27.113752
574.650000,-25.937345,-27.294906,-26.445768
574.700000,-25.133362,-26.603759,-25.682310
574.750000,-24.207270,-25.810858,-24.804109
574.800000,-23.134988,-24.896217,-23.788591
574.850000,-21.889951,-23.837506,-22.610753
574.900000,-20.446239,-22.612262,-21.245983
574.950000,-18.785558,-21.202996,-19.676359
575.000000,-16.909723,-19.606574,-17.902032
575.050000,-14.857872,-17.847742,-15.957145
575.100000,-12.721313,-15.992136,-13.924087
575.150000,-10.642679,-14.149078,-11.934046
575.200000,-8.791184,-12.456556,-10.145785
575.250000,-7.323117,-11.052349,-8.709786
575.300000,-6.347872,-10.045036,-7.735760
575.350000,-5.914009,-9.497334,-7.277419
575.400000,-6.015507,-9.425001,-7.335983
575.450000,-6.608398,-9.806254,-7.874328
575.500000,-7.627605,-10.594350,-8.832546
575.550000,-8.999084,-11.728540,-10.139948
575.600000,-10.647112,-13.141969,-11.722774
575.650000,-12.498537,-14.767076,-13.508986
575.700000,-14.485852,-16.539579,-15.431701
575.750000,-16.549916,-18.401690,-17.432062
575.800000,-18.641934,-20.304471,-19.461290
575.850000,-20.723767,-22.208719,-21.481129
575.900000,-22.766262,-24.084142,-23.462424
575.950000,-24.746536,-25.907381,-25.382612
576.000000,-26.645532,-27.659889,-27.223345
576.050000,-28.446704,-29.326422,-28.969063
576.100000,-30.135906,-30.894428,-30.606663
576.150000,-31.702073,-32.354147,-32.125945
576.200000,-33.138072,-33.699030,-33.520297
576.250000,-34.441205,-34.926076,-34.787141
576.300000,-35.613101,-36.035808,-35.927871
576.350000,-36.659039,-37.031850,-36.947276
576.400000,-37.586921,-37.920209,-37.852649
576.450000,-38.406192,-38.708454,-38.652805
576.500000,-39.126911,-39.404950,-39.357224
576.550000,-39.759069,-40.018255,-39.975399
576.600000,-40.312156,-40.556698,-40.516414
576.650000,-40.794928,-41.028120,-40.988696
576.700000,-41.215317,-41.439740,-41.399918
576.750000,-41.580425,-41.798110,-41.756976
576.800000,-41.896566,-42.109119,-42.066022
576.850000,-42.169337,-42.378032,-42.332516
576.900000,-42.403685,-42.609537,-42.561298
576.950000,-42.603982,-42.807804,-42.756650
577.000000,-42.774093,-42.976534,-42.922360
577.050000,-42.917437,-43.119015,-43.061782
577.100000,-43.037038,-43.238168,-43.177886
577.150000,-43.135576,-43.336586,-43.273301
577.200000,-43.215426,-43.416576,-43.350362
577.250000,-43.278696,-43.480191,-43.411140
577.300000,-43.327257,-43.529256,-43.457474
577.350000,-43.362775,-43.565399,-43.491002
577.400000,-43.386729,-43.590070,-43.513176
577.450000,-43.400436,-43.604560,-43.525293
577.500000,-43.405069,-43.610024,-43.528505
577.550000,-43.401674,-43.607491,-43.523840
577.600000,-43.391181,-43.597880,-43.512214
577.650000,-43.374422,-43.582011,-43.494443
577.700000,-43.352137,-43.560617,-43.471257
577.750000,-43.324987,-43.534355,-43.443305
577.800000,-43.293564,-43.503809,-43.411167
577.850000,-43.258392,-43.469502,-43.375361
577.900000,-43.219942,-43.431903,-43.336349
577.950000,-43.178634,-43.391428,-43.294543
578.000000,-43.134841,-43.348452,-43.250311
578.050000,-43.088898,-43.303308,-43.203982
578.100000,-43.041103,-43.256293,-43.155847
578.150000,-42.991720,-43.207674,-43.106168
578.200000,-42.940987,-43.157688,-43.055177
578.250000,-42.889115,-43.106547,-43.003083
578.300000,-42.836292,-43.054438,-42.950068
578.350000,-42.782684,-43.001531,-42.896298
578.400000,-42.728440,-42.947975,-42.841917
578.450000,-42.673691,-42.893902,-42.787056
578.500000,-42.618556,-42.839431,-42.731829
578.550000,-42.563137,-42.784665,-42.676337
578.600000,-42.507525,-42.729699,-42.620671
578.650000,-42.451802,-42.674612,-42.564909
578.700000,-42.396039,-42.619479,-42.509122
578.750000,-42.340299,-42.564361,-42.453370
578.800000,-42.284636,-42.509316,-42.397708
578.850000,-42.229099,-42.454391,-42.342182
578.900000,-42.173728,-42.399629,-42.286834
578.950000,-42.118561,-42.345068,-42.231698
579.000000,-42.063629,-42.290738,-42.176805
579.050000,-42.008958,-42.236668,-42.122181
579.100000,-41.954570,-42.182880,-42.067848
579.150000,-41.900486,-42.129395,-42.013825
579.200000,-41.846722,-42.076228,-41.960128
579.250000,-41.793289,-42.023394,-41.906768
579.300000,-41.740200,-41.970903,-41.853757
579.350000,-41.687462,-41.918765,-41.801102
579.400000,-41.635082,-41.866985,-41.748809
579.450000,-41.583063,-41.815569,-41.696882
579.500000,-41.531410,-41.764520,-41.645324
579.550000,-41.480124,-41.713839,-41.594137
579.600000,-41.429204,-41.663527,-41.543319
579.650000,-41.378650,-41.613584,-41.492871
579.700000,-41.328459,-41.564007,-41.442790
579.750000,-41.278631,-41.514794,-41.393073
579.800000,-41.229159,-41.465942,-41.343717
579.850000,-41.180042,-41.417446,-41.294717
579.900000,-41.131273,-41.369303,-41.246068
579.950000,-41.082848,-41.321506,-41.197766
580.000000,-41.034761,-41.274051,-41.149804
580.050000,-40.987006,-41.226932,-41.102176
580.100000,-40.939576,-41.180141,-41.054876
580.150000,-40.892466,-41.133674,-41.007898
580.200000,-40.845668,-41.087522,-40.961234
580.250000,-40.799174,-41.041679,-40.914877
580.300000,-40.752979,-40.996138,-40.868821
580.350000,-40.707075,-40.950892,-40.823057
580.400000,-40.661453,-40.905933,-40.777578
580.450000,-40.616108,-40.861254,-40.732378
580.500000,-40.571031,-40.816847,-40.687448
580.550000,-40.526215,-40.772706,-40.642781
580.600000,-40.481652,-40.728821,-40.598369
580.650000,-40.437334,-40.685187,-40.554205
580.700000,-40.393256,-40.641796,-40.510282
580.750000,-40.349407,-40.598640,-40.466591
580.800000,-40.305783,-40.555711,-40.423126
580.850000,-40.262374,-40.513003,-40.379880
580.900000,-40.219174,-40.470509,-40.336844
580.950000,-40.176176,-40.428220,-40.294012
581.000000,-40.133372,-40.386130,-40.251376
581.050000,-40.090755,-40.344233,-40.208929
581.100000,-40.048318,-40.302520,-40.166665
581.150000,-40.006054,-40.260985,-40.124577
581.200000,-39.963956,-40.219621,-40.082657
581.250000,-39.922018,-40.178421,-40.040898
581.300000,-39.880232,-40.137379,-39.999295
581.350000,-39.838593,-40.096489,-39.957840
581.400000,-39.797093,-40.055743,-39.916527
581.450000,-39.755726,-40.015135,-39.875350
581.500000,-39.714485,-39.974660,-39.834301
581.550000,-39.673365,-39.934310,-39.793376
581.600000,-39.632359,-39.894080,-39.752567
581.650000,-39.591460,-39.853964,-39.711869
581.700000,-39.550664,-39.813955,-39.671275
581.750000,-39.509963,-39.774048,-39.630780
581.800000,-39.469352,-39.734236,-39.590378
581.850000,-39.428826,-39.694515,-39.550063
581.900000,-39.388377,-39.654879,-39.509829
581.950000,-39.348002,-39.615322,-39.469671
582.000000,-39.307693,-39.575838,-39.429582
582.050000,-39.267445,-39.536422,-39.389558
582.100000,-39.227254,-39.497069,-39.349593
582.150000,-39.187112,-39.457773,-39.309682
582.200000,-39.147016,-39.418529,-39.269819
582.250000,-39.106959,-39.379332,-39.229998
582.300000,-39.066937,-39.340176,-39.190216
582.350000,-39.026943,-39.301057,-39.150466
582.400000,-38.986973,-39.261970,-39.110743
582.450000,-38.947022,-39.222909,-39.071042
582.500000,-38.907084,-39.183869,-39.031358
582.550000,-38.867153,-39.144846,-38.991686
582.600000,-38.827226,-39.105834,-38.952021
582.650000,-38.787297,-39.066829,-38.912358
582.700000,-38.747360,-39.027825,-38.872691
582.750000,-38.707411,-38.988818,-38.833016
582.800000,-38.667444,-38.949802,-38.793327
582.850000,-38.627455,-38.910774,-38.753620
582.900000,-38.587437,-38.871727,-38.713889
582.950000,-38.547387,-38.832658,-38.674130
583.000000,-38.507299,-38.793561,-38.634337
583.050000,-38.467167,-38.754431,-38.594506
583.100000,-38.426988,-38.715264,-38.554631
583.150000,-38.386755,-38.676054,-38.514707
583.200000,-38.346463,-38.636798,-38.474730
583.250000,-38.306108,-38.597489,-38.434695
583.300000,-38.265684,-38.558123,-38.394595
583.350000,-38.225186,-38.518696,-38.354426
583.400000,-38.184608,-38.479201,-38.314184
583.450000,-38.143945,-38.439634,-38.273861
583.500000,-38.103193,-38.399991,-38.233455
583.550000,-38.062344,-38.360265,-38.192958
583.600000,-38.021394,-38.320452,-38.152366
583.650000,-37.980338,-38.280546,-38.111673
583.700000,-37.939169,-38.240543,-38.070873
583.750000,-37.897882,-38.200436,-38.029962
583.800000,-37.856471,-38.160221,-37.988933
583.850000,-37.814930,-38.119892,-37.947781
583.900000,-37.773253,-38.079443,-37.906499
583.950000,-37.731434,-38.038869,-37.865083
584.000000,-37.689467,-37.998163,-37.823525
584.050000,-37.647346,-37.957321,-37.781819
584.100000,-37.605063,-37.916335,-37.739959
584.150000,-37.562612,-37.875200,-37.697940
584.200000,-37.519987,-37.833910,-37.655753
584.250000,-37.477180,-37.792458,-37.613392
584.300000,-37.434184,-37.750837,-37.570851
584.350000,-37.390993,-37.709041,-37.528123
584.400000,-37.347598,-37.667064,-37.485199
584.450000,-37.303993,-37.624897,-37.442073
584.500000,-37.260168,-37.582534,-37.398738
584.550000,-37.216117,-37.539968,-37.355184
584.600000,-37.171831,-37.497190,-37.311405
584.650000,-37.127301,-37.454194,-37.267392
584.700000,-37.082519,-37.410970,-37.223136
584.750000,-37.037475,-37.367512,-37.178630
584.800000,-36.992161,-37.323810,-37.133863
584.850000,-36.946566,-37.279855,-37.088826
584.900000,-36.900682,-37.235639,-37.043511
584.950000,-36.854497,-37.191152,-36.997907
585.000000,-36.808001,-37.146385,-36.952003
585.050000,-36.761183,-37.101328,-36.905789
585.100000,-36.714031,-37.055969,-36.859255
585.150000,-36.666535,-37.010299,-36.812388
585.200000,-36.618681,-36.964307,-36.765177
585.250000,-36.570457,-36.917980,-36.717609
585.300000,-36.521850,-36.871307,-36.669673
585.350000,-36.472846,-36.824276,-36.621354
585.400000,-36.423431,-36.776873,-36.572638
585.450000,-36.373590,-36.729085,-36.523513
585.500000,-36.323307,-36.680899,-36.473962
585.550000,-36.272567,-36.632299,-36.423970
585.600000,-36.221353,-36.583271,-36.373520
585.650000,-36.169646,-36.533798,-36.322596
585.700000,-36.117429,-36.483863,-36.271181
585.750000,-36.064682,-36.433451,-36.219254
585.800000,-36.011386,-36.382542,-36.166798
585.850000,-35.957519,-36.331117,-36.113791
585.900000,-35.903059,-36.279156,-36.060213
585.950000,-35.847983,-36.226639,-36.006040
586.000000,-35.792266,-36.173544,-35.951250
586.050000,-35.735883,-36.119847,-35.895818
586.100000,-35.678807,-36.065524,-35.839717
586.150000,-35.621009,-36.010550,-35.782921
586.200000,-35.562460,-35.954898,-35.725400
586.250000,-35.503127,-35.898540,-35.667124
586.300000,-35.442978,-35.841445,-35.608060
586.350000,-35.381977,-35.783582,-35.548176
586.400000,-35.320087,-35.724918,-35.487434
586.450000,-35.257268,-35.665416,-35.425797
586.500000,-35.193479,-35.605041,-35.363224
586.550000,-35.128674,-35.543751,-35.299673
586.600000,-35.062806,-35.481505,-35.235098
586.650000,-34.995826,-35.418258,-35.169451
586.700000,-34.927679,-35.353961,-35.102680
586.750000,-34.858307,-35.288564,-35.034729
586.800000,-34.787651,-35.222012,-34.965541
586.850000,-34.715644,-35.154248,-34.895051
586.900000,-34.642216,-35.085208,-34.823194
586.950000,-34.567291,-35.014826,-34.749896
587.000000,-34.490790,-34.943031,-34.675080
587.050000,-34.412626,-34.869745,-34.598663
587.100000,-34.332704,-34.794886,-34.520554
587.150000,-34.250924,-34.718364,-34.440658
587.200000,-34.167176,-34.640083,-34.358870
587.250000,-34.081344,-34.559938,-34.275076
587.300000,-33.993299,-34.477818,-34.189155
587.350000,-33.902901,-34.393600,-34.100972
587.400000,-33.810000,-34.307150,-34.010384
587.450000,-33.714431,-34.218324,-33.917232
587.500000,-33.616013,-34.126963,-33.821344
587.550000,-33.514549,-34.032894,-33.722531
587.600000,-33.409822,-33.935927,-33.620586
587.650000,-33.301594,-33.835854,-33.515281
587.700000,-33.189600,-33.732445,-33.406364
587.750000,-33.073552,-33.625446,-33.293558
587.800000,-32.953125,-33.514576,-33.176556
587.850000,-32.827962,-33.399525,-33.055015
587.900000,-32.697663,-33.279944,-32.928555
587.950000,-32.561781,-33.155447,-32.796750
588.000000,-32.419814,-33.025599,-32.659123
588.050000,-32.271197,-32.889912,-32.515135
588.100000,-32.115293,-32.747837,-32.364181
588.150000,-31.951377,-32.598751,-32.205572
588.200000,-31.778626,-32.441946,-32.038526
588.250000,-31.596097,-32.276614,-31.862149
588.300000,-31.402708,-32.101831,-31.675415
588.350000,-31.197211,-31.916532,-31.477141
588.400000,-30.978159,-31.719485,-31.265957
588.450000,-30.743868,-31.509259,-31.040270
588.500000,-30.492362,-31.284183,-30.798213
588.550000,-30.221318,-31.042292,-30.537591
588.600000,-29.927981,-30.781268,-30.255806
588.650000,-29.609072,-30.498354,-29.949766
588.700000,-29.260659,-30.190257,-29.615770
588.750000,-28.878001,-29.853017,-29.249356
588.800000,-28.455348,-29.481846,-28.845123
588.850000,-27.985690,-29.070920,-28.396487
588.900000,-27.460434,-28.613122,-27.895390
588.950000,-26.869024,-28.099728,-27.331938
589.000000,-26.198475,-27.520026,-26.693972
589.050000,-25.432870,-26.860897,-25.966592
589.100000,-24.552909,-26.106421,-25.131732
589.150000,-23.535717,-25.237659,-24.167958
589.200000,-22.355394,-24.232967,-23.050940
589.250000,-20.985233,-23.069528,-21.755423
589.300000,-19.403101,-21.727250,-20.260083
589.350000,-17.601841,-20.196503,-18.556978
589.400000,-15.605213,-18.490406,-16.666191
589.450000,-13.484903,-16.658928,-14.651855
589.500000,-11.366837,-14.796554,-12.629035
589.550000,-9.414909,-13.033880,-10.750350
589.600000,-7.794632,-11.512402,-9.173532
589.650000,-6.634908,-10.353838,-8.025636
589.700000,-6.006169,-9.638143,-7.380798
589.750000,-5.920233,-9.397121,-7.257664
589.800000,-6.344580,-9.620960,-7.630913
589.850000,-7.219985,-10.270415,-8.447154
589.900000,-8.474545,-11.288670,-9.638454
589.950000,-10.032538,-12.610319,-11.131485
590.000000,-11.819512,-14.167547,-12.853159
590.050000,-13.765623,-15.894500,-14.734404
590.100000,-15.808460,-17.730749,-16.713205
590.150000,-17.895401,-19.624011,-18.737041
590.200000,-19.984604,-21.531622,-20.763979
590.250000,-22.043999,-23.420298,-22.761875
590.300000,-24.048788,-25.264467,-24.706118
590.350000,-25.978767,-27.044082,-26.577083
590.400000,-27.816565,-28.742837,-28.358305
590.450000,-29.547131,-30.347238,-30.035783
590.500000,-31.158200,-31.846489,-31.598205
590.550000,-32.641152,-33.232846,-33.037607
590.600000,-33.991685,-34.502024,-34.349952
590.650000,-35.209937,-35.653315,-35.535258
590.700000,-36.299993,-36.689311,-36.597195
590.750000,-37.268945,-37.615262,-37.542276
590.800000,-38.125804,-38.438271,-38.378880
590.850000,-38.880503,-39.166500,-39.116337
590.900000,-39.543119,-39.808494,-39.764195
590.950000,-40.123356,-40.372704,-40.331720
591.000000,-40.630248,-40.867162,-40.827591
591.050000,-41.072025,-41.299320,-41.259755
591.100000,-41.456081,-41.675969,-41.635384
591.150000,-41.789006,-42.003231,-41.960890
591.200000,-42.076644,-42.286589,-42.241972
591.250000,-42.324163,-42.530930,-42.483683
591.300000,-42.536134,-42.740602,-42.690497
591.350000,-42.716596,-42.919467,-42.866372
591.400000,-42.869118,-43.070955,-43.014809
591.450000,-42.996862,-43.198113,-43.138909
591.500000,-43.102623,-43.303646,-43.241419
591.550000,-43.188882,-43.389959,-43.324775
591.600000,-43.257838,-43.459193,-43.391137
591.650000,-43.311443,-43.513250,-43.442424
591.700000,-43.351434,-43.553826,-43.480343
591.750000,-43.379352,-43.582431,-43.506409
591.800000,-43.396571,-43.600412,-43.521973
591.850000,-43.404314,-43.608971,-43.528236
591.900000,-43.403668,-43.609178,-43.526269
591.950000,-43.395606,-43.601992,-43.517026
592.000000,-43.380991,-43.588265,-43.501359
592.050000,-43.360597,-43.568763,-43.480025
592.100000,-43.335111,-43.544166,-43.453702
592.150000,-43.305147,-43.515084,-43.422994
592.200000,-43.271255,-43.482062,-43.388440
592.250000,-43.233923,-43.445586,-43.350522
592.300000,-43.193589,-43.406091,-43.309667
592.350000,-43.150642,-43.363966,-43.266260
592.400000,-43.105429,-43.319559,-43.220643
592.450000,-43.058261,-43.273178,-43.173120
592.500000,-43.009416,-43.225102,-43.123963
592.550000,-42.959138,-43.175578,-43.073415
592.600000,-42.907649,-43.124825,-43.021691
592.650000,-42.855144,-43.073041,-42.968984
592.700000,-42.801798,-43.020400,-42.915465
592.750000,-42.747764,-42.967058,-42.861286
592.800000,-42.693181,-42.913155,-42.806582
592.850000,-42.638170,-42.858812,-42.751472
592.900000,-42.582841,-42.804140,-42.696063
592.950000,-42.527287,-42.749235,-42.640449
593.000000,-42.471595,-42.694182,-42.584712
593.050000,-42.415838,-42.639057,-42.528926
593.100000,-42.360083,-42.583926,-42.473155
593.150000,-42.304386,-42.528848,-42.417454
593.200000,-42.248798,-42.473875,-42.361874
593.250000,-42.193363,-42.419050,-42.306458
593.300000,-42.138119,-42.364412,-42.251242
593.350000,-42.083099,-42.309996,-42.196258
593.400000,-42.028331,-42.255829,-42.141535
593.450000,-41.973839,-42.201938,-42.087096
593.500000,-41.919644,-42.148342,-42.032960
593.550000,-41.865764,-42.095060,-41.979144
593.600000,-41.812211,-42.042105,-41.925662
593.650000,-41.758997,-41.989490,-41.872525
593.700000,-41.706133,-41.937224,-41.819741
593.750000,-41.653623,-41.885315,-41.767317
593.800000,-41.601475,-41.833769,-41.715259
593.850000,-41.549691,-41.782588,-41.663569
593.900000,-41.498273,-41.731775,-41.612249
593.950000,-41.447221,-41.681330,-41.561299
594.000000,-41.396536,-41.631255,-41.510718
594.050000,-41.346216,-41.581547,-41.460506
594.100000,-41.296258,-41.532204,-41.410659
594.150000,-41.246659,-41.483223,-41.361174
594.200000,-41.197415,-41.434600,-41.312046
594.250000,-41.148522,-41.386331,-41.263272
594.300000,-41.099974,-41.338411,-41.214847
594.350000,-41.051767,-41.290834,-41.166763
594.400000,-41.003893,-41.243595,-41.119016
594.450000,-40.956348,-41.196687,-41.071600
594.500000,-40.909123,-41.150104,-41.024507
594.550000,-40.862214,-41.103840,-40.977731
594.600000,-40.815612,-41.057887,-40.931265
594.650000,-40.769311,-41.012239,-40.885101
594.700000,-40.723303,-40.966887,-40.839233
594.750000,-40.677580,-40.921826,-40.793653
594.800000,-40.632137,-40.877047,-40.748354
594.850000,-40.586964,-40.832544,-40.703327
594.900000,-40.542055,-40.788308,-40.658567
594.950000,-40.497402,-40.744332,-40.614064
595.000000,-40.452997,-40.700609,-40.569812
595.050000,-40.408833,-40.657131,-40.525803
595.100000,-40.364903,-40.613891,-40.482029
595.150000,-40.321199,-40.570881,-40.438484
595.200000,-40.277713,-40.528095,-40.395160
595.250000,-40.234439,-40.485524,-40.352049
595.300000,-40.191369,-40.443162,-40.309144
595.350000,-40.148495,-40.401002,-40.266438
595.400000,-40.105812,-40.359036,-40.223924
595.450000,-40.063311,-40.317257,-40.181595
595.500000,-40.020985,-40.275658,-40.139444
595.550000,-39.978828,-40.234234,-40.097464
595.600000,-39.936833,-40.192975,-40.055648
595.650000,-39.894993,-40.151877,-40.013989
595.700000,-39.853301,-40.110933,-39.972481
595.750000,-39.811751,-40.070135,-39.931118
595.800000,-39.770337,-40.029478,-39.889892
595.850000,-39.729051,-39.988956,-39.848798
595.900000,-39.687888,-39.948561,-39.807828
595.950000,-39.646841,-39.908288,-39.766978
596.000000,-39.605904,-39.868131,-39.726240
596.050000,-39.565071,-39.828084,-39.685609
596.100000,-39.524336,-39.788140,-39.645079
596.150000,-39.483693,-39.748295,-39.604643
596.200000,-39.443136,-39.708541,-39.564297
596.250000,-39.402660,-39.668874,-39.524034
596.300000,-39.362258,-39.629289,-39.483848
596.350000,-39.321925,-39.589778,-39.443734
596.400000,-39.281655,-39.550338,-39.403687
596.450000,-39.241443,-39.510962,-39.363701
596.500000,-39.201284,-39.471646,-39.323770
596.550000,-39.161171,-39.432383,-39.283890
596.600000,-39.121100,-39.393169,-39.244054
596.650000,-39.081065,-39.353998,-39.204257
596.700000,-39.041060,-39.314866,-39.164495
596.750000,-39.001082,-39.275767,-39.124762
596.800000,-38.961123,-39.236696,-39.085053
596.850000,-38.921180,-39.197648,-39.045363
596.900000,-38.881247,-39.158619,-39.005687
596.950000,-38.841318,-39.119602,-38.966019
597.000000,-38.801389,-39.080594,-38.926354
597.050000,-38.761454,-39.041590,-38.886688
597.100000,-38.721509,-39.002583,-38.847015
597.150000,-38.681548,-38.963570,-38.807331
597.200000,-38.641566,-38.924546,-38.767630
597.250000,-38.601558,-38.885505,-38.727907
597.300000,-38.561519,-38.846444,-38.688158
597.350000,-38.521444,-38.807356,-38.648376
597.400000,-38.481328,-38.768237,-38.608558
597.450000,-38.441165,-38.729083,-38.568698
597.500000,-38.400950,-38.689888,-38.528792
597.550000,-38.360679,-38.650648,-38.488833
597.600000,-38.320346,-38.611357,-38.448818
597.650000,-38.279946,-38.572011,-38.408740
597.700000,-38.239473,-38.532605,-38.368596
597.750000,-38.198923,-38.493134,-38.328379
597.800000,-38.158290,-38.453592,-38.288084
597.850000,-38.117569,-38.413975,-38.247707
597.900000,-38.076754,-38.374278,-38.207242
597.950000,-38.035840,-38.334496,-38.166683
598.000000,-37.994820,-38.294622,-38.126025
598.050000,-37.953691,-38.254653,-38.085263
598.100000,-37.912445,-38.214582,-38.044391
598.150000,-37.871078,-38.174405,-38.003403
598.200000,-37.829583,-38.134116,-37.962294
598.250000,-37.787953,-38.093709,-37.921058
598.300000,-37.746184,-38.053179,-37.879689
598.350000,-37.704269,-38.012519,-37.838180
598.400000,-37.662202,-37.971725,-37.796527
598.450000,-37.619976,-37.930790,-37.754721
598.500000,-37.577584,-37.889707,-37.712758
598.550000,-37.535020,-37.848471,-37.670630
598.600000,-37.492277,-37.807076,-37.628330
598.650000,-37.449348,-37.765515,-37.585853
598.700000,-37.406226,-37.723781,-37.543190
598.750000,-37.362903,-37.681867,-37.500335
598.800000,-37.319372,-37.639767,-37.457281
598.850000,-37.275624,-37.597473,-37.414019
598.900000,-37.231653,-37.554979,-37.370542
598.950000,-37.187450,-37.512275,-37.326843
599.000000,-37.143006,-37.469356,-37.282912
599.050000,-37.098312,-37.426213,-37.238742
599.100000,-37.053361,-37.382837,-37.194324
599.150000,-37.008142,-37.339221,-37.149649
599.200000,-36.962647,-37.295356,-37.104708
599.250000,-36.916865,-37.251232,-37.059491
599.300000,-36.870786,-37.206841,-37.013988
599.350000,-36.824399,-37.162172,-36.968190
599.400000,-36.777695,-37.117217,-36.922086
599.450000,-36.730662,-37.071965,-36.875665
599.500000,-36.683287,-37.026405,-36.828916
599.550000,-36.635560,-36.980527,-36.781826
599.600000,-36.587467,-36.934318,-36.734385
599.650000,-36.538995,-36.887768,-36.686579
599.700000,-36.490132,-36.840863,-36.638395
599.750000,-36.440862,-36.793592,-36.589820
599.800000,-36.391172,-36.745940,-36.540840
599.850000,-36.341045,-36.697895,-36.491439
599.900000,-36.290467,-36.649442,-36.441603
599.950000,-36.239421,-36.600565,-36.391316
600.000000,-36.187888,-36.551249,-36.340560
600.050000,-36.135852,-36.501479,-36.289319
600.100000,-36.083294,-36.451235,-36.237573
600.150000,-36.030192,-36.400502,-36.185305
600.200000,-35.976527,-36.349260,-36.132493
600.250000,-35.922278,-36.297489,-36.079118
600.300000,-35.867420,-36.245170,-36.025156
600.350000,-35.811930,-36.192279,-35.970585
600.400000,-35.755784,-36.138796,-35.915380
600.450000,-35.698954,-36.084695,-35.859517
600.500000,-35.641412,-36.029953,-35.802967
600.550000,-35.583130,-35.974541,-35.745704
600.600000,-35.524076,-35.918434,-35.687696
600.650000,-35.464217,-35.861601,-35.628912
600.700000,-35.403519,-35.804011,-35.569319
600.750000,-35.341945,-35.745631,-35.508882
600.800000,-35.279456,-35.686428,-35.447564
600.850000,-35.216012,-35.626363,-35.385324
600.900000,-35.151568,-35.565398,-35.322121
600.950000,-35.086079,-35.503493,-35.257911
601.000000,-35.019495,-35.440602,-35.192645
601.050000,-34.951763,-35.376679,-35.126274
601.100000,-34.882828,-35.311674,-35.058744
601.150000,-34.812630,-35.245534,-34.989997
601.200000,-34.741104,-35.178202,-34.919971
601.250000,-34.668183,-35.109617,-34.848602
601.300000,-34.593793,-35.039714,-34.775818
601.350000,-34.517855,-34.968423,-34.701543
601.400000,-34.440284,-34.895669,-34.625698
601.450000,-34.360990,-34.821371,-34.548194
601.500000,-34.279874,-34.745443,-34.468936
601.550000,-34.196830,-34.667791,-34.387825
601.600000,-34.111744,-34.588313,-34.304748
601.650000,-34.024490,-34.506900,-34.219588
601.700000,-33.934935,-34.423433,-34.132215
601.750000,-33.842931,-34.337782,-34.042489
601.800000,-33.748318,-34.249807,-33.950256
601.850000,-33.650922,-34.159355,-33.855349
601.900000,-33.550551,-34.066257,-33.757585
601.950000,-33.446995,-33.970331,-33.656765
602.000000,-33.340025,-33.871373,-33.552666
602.050000,-33.229385,-33.769163,-33.445048
602.100000,-33.114795,-33.663455,-33.333641
602.150000,-32.995945,-33.553978,-33.218149
602.200000,-32.872488,-33.440433,-33.098243
602.250000,-32.744041,-33.322484,-32.973557
602.300000,-32.610173,-33.199760,-32.843680
602.350000,-32.470404,-33.071843,-32.708155
602.400000,-32.324191,-32.938267,-32.566467
602.450000,-32.170924,-32.798502,-32.418033
602.500000,-32.009911,-32.651954,-32.262196
602.550000,-31.840363,-32.497946,-32.098209
602.600000,-31.661384,-32.335708,-31.925219
602.650000,-31.471942,-32.164358,-31.742248
602.700000,-31.270852,-31.982884,-31.548173
602.750000,-31.056740,-31.790115,-31.341693
602.800000,-30.828010,-31.584695,-31.121297
602.850000,-30.582796,-31.365042,-30.885222
602.900000,-30.318904,-31.129302,-30.631394
602.950000,-30.033742,-30.875288,-30.357367
603.000000,-29.724227,-30.600408,-30.060235
603.050000,-29.386673,-30.301571,-29.736525
603.100000,-29.016643,-29.975068,-29.382061
603.150000,-28.608767,-29.616421,-28.991797
603.200000,-28.156511,-29.220198,-28.559594
603.250000,-27.651879,-28.779770,-28.077950
603.300000,-27.085053,-28.287016,-27.537663
603.350000,-26.443957,-27.731969,-26.927420
603.400000,-25.713763,-27.102406,-26.233339
603.450000,-24.876400,-26.383428,-25.438507
603.500000,-23.910239,-25.557159,-24.522667
603.550000,-22.790303,-24.602813,-23.462383
603.600000,-21.489755,-23.497694,-22.232355
603.650000,-19.983966,-22.220098,-20.809073
603.700000,-18.258962,-20.755545,-19.178472
603.750000,-16.325579,-19.107532,-17.348881
603.800000,-14.237084,-17.311648,-15.367419
603.850000,-12.100898,-15.446724,-13.331593
603.900000,-10.070963,-13.632817,-11.383772
603.950000,-8.316947,-12.011136,-9.684213
604.000000,-6.984212,-10.713544,-8.374242
604.050000,-6.164801,-9.836222,-7.547862
604.100000,-5.889993,-9.427668,-7.242417
604.150000,-6.140802,-9.491434,-7.446255
604.200000,-6.865521,-9.997160,-8.114097
604.250000,-7.995441,-10.893014,-9.181855
604.300000,-9.455455,-12.115779,-10.577307
604.350000,-11.170231,-13.597921,-12.226792
604.400000,-13.067973,-15.272467,-14.059453
604.450000,-15.083353,-17.076729,-16.010481
604.500000,-17.160106,-18.955318,-18.023807
604.550000,-19.252614,-20.862125,-20.053770
604.600000,-21.325607,-22.760706,-22.064991
604.650000,-23.352055,-24.623023,-24.030515
604.700000,-25.310407,-26.427328,-25.929225
604.750000,-27.182416,-28.156153,-27.743684
604.800000,-28.952202,-29.795066,-29.459039
604.850000,-30.606431,-31.332299,-31.062968
604.900000,-32.135106,-32.758983,-32.546252
604.950000,-33.532361,-34.069584,-33.903432
605.000000,-34.796802,-35.262150,-35.133119
605.050000,-35.931215,-36.338170,-36.237778
605.100000,-36.941758,-37.302046,-37.223029
605.150000,-37.836891,-38.160326,-38.096708
605.200000,-38.626325,-38.920884,-38.867906
605.250000,-39.320156,-39.592197,-39.546162
605.300000,-39.928265,-40.182790,-40.140884
605.350000,-40.459942,-40.700871,-40.660982
605.400000,-40.923709,-41.154108,-41.114670
605.450000,-41.327252,-41.549525,-41.509392
605.500000,-41.677438,-41.893480,-41.851821
605.550000,-41.980363,-42.191676,-42.147902
605.600000,-42.241426,-42.449201,-42.402907
605.650000,-42.465399,-42.670589,-42.621504
605.700000,-42.656501,-42.859865,-42.807827
605.750000,-42.818459,-43.020605,-42.965530
605.800000,-42.954571,-43.155985,-43.097850
605.850000,-43.067757,-43.268826,-43.207652
605.900000,-43.160603,-43.361635,-43.297477
605.950000,-43.235403,-43.436640,-43.369579
606.000000,-43.294192,-43.495826,-43.425957
606.050000,-43.338781,-43.540956,-43.468390
606.100000,-43.370775,-43.573605,-43.498458
606.150000,-43.391606,-43.595175,-43.517567
606.200000,-43.402547,-43.606915,-43.526969
606.250000,-43.404732,-43.609942,-43.527779
606.300000,-43.399171,-43.605250,-43.520990
606.350000,-43.386766,-43.593729,-43.507489
606.400000,-43.368319,-43.576174,-43.488064
606.450000,-43.344548,-43.553294,-43.463421
606.500000,-43.316092,-43.525722,-43.434189
606.550000,-43.283521,-43.494025,-43.400928
606.600000,-43.247345,-43.458710,-43.364140
606.650000,-43.208018,-43.420229,-43.324271
606.700000,-43.165946,-43.378986,-43.281719
606.750000,-43.121492,-43.335343,-43.236841
606.800000,-43.074978,-43.289622,-43.189955
606.850000,-43.026691,-43.242112,-43.141342
606.900000,-42.976890,-43.193069,-43.091257
606.950000,-42.925803,-43.142724,-43.039922
607.000000,-42.873634,-43.091281,-42.987540
607.050000,-42.820564,-43.038922,-42.934288
607.100000,-42.766755,-42.985809,-42.880324
607.150000,-42.712349,-42.932088,-42.825789
607.200000,-42.657475,-42.877886,-42.770809
607.250000,-42.602246,-42.823318,-42.715493
607.300000,-42.546760,-42.768483,-42.659941
607.350000,-42.491108,-42.713473,-42.604238
607.400000,-42.435365,-42.658364,-42.548461
607.450000,-42.379602,-42.603228,-42.492677
607.500000,-42.323877,-42.548125,-42.436945
607.550000,-42.268245,-42.493109,-42.381317
607.600000,-42.212752,-42.438227,-42.325838
607.650000,-42.157436,-42.383519,-42.270547
607.700000,-42.102333,-42.329021,-42.215478
607.750000,-42.047473,-42.274763,-42.160660
607.800000,-41.992882,-42.220772,-42.106118
607.850000,-41.938580,-42.167069,-42.051873
607.900000,-41.884587,-42.113675,-41.997942
607.950000,-41.830917,-42.060603,-41.944341
608.000000,-41.777582,-42.007867,-41.891081
608.050000,-41.724594,-41.955477,-41.838172
608.100000,-41.671958,-41.903441,-41.785621
608.150000,-41.619682,-41.851766,-41.733433
608.200000,-41.567769,-41.800456,-41.681613
608.250000,-41.516222,-41.749513,-41.630162
608.300000,-41.465041,-41.698939,-41.579081
608.350000,-41.414227,-41.648733,-41.528371
608.400000,-41.363778,-41.598896,-41.478029
608.450000,-41.313693,-41.549424,-41.428053
608.500000,-41.263967,-41.500316,-41.378441
608.550000,-41.214599,-41.451567,-41.329188
608.600000,-41.165582,-41.403174,-41.280290
608.650000,-41.116913,-41.355131,-41.231742
608.700000,-41.068586,-41.307434,-41.183538
608.750000,-41.020596,-41.260076,-41.135673
608.800000,-40.972935,-41.213052,-41.088141
608.850000,-40.925598,-41.166355,-41.040935
608.900000,-40.878578,-41.119980,-40.994048
608.950000,-40.831869,-41.073918,-40.947473
609.000000,-40.785462,-41.028162,-40.901203
609.050000,-40.739351,-40.982707,-40.855232
609.100000,-40.693529,-40.937544,-40.809551
609.150000,-40.647988,-40.892667,-40.764153
609.200000,-40.602720,-40.848067,-40.719031
609.250000,-40.557719,-40.803737,-40.674177
609.300000,-40.512976,-40.759670,-40.629584
609.350000,-40.468484,-40.715858,-40.585244
609.400000,-40.424236,-40.672295,-40.541150
609.450000,-40.380224,-40.628971,-40.497294
609.500000,-40.336441,-40.585881,-40.453669
609.550000,-40.292878,-40.543016,-40.410267
609.600000,-40.249530,-40.500370,-40.367082
609.650000,-40.206389,-40.457935,-40.324105
609.700000,-40.163446,-40.415704,-40.281329
609.750000,-40.120696,-40.373670,-40.238748
609.800000,-40.078131,-40.331826,-40.196355
609.850000,-40.035744,-40.290164,-40.154141
609.900000,-39.993528,-40.248678,-40.112101
609.950000,-39.951476,-40.207362,-40.070227
610.000000,-39.909582,-40.166208,-40.028514
610.050000,-39.867838,-40.125209,-39.986953
610.100000,-39.826239,-40.084360,-39.945539
610.150000,-39.784777,-40.043654,-39.904265
610.200000,-39.743446,-40.003084,-39.863124
610.250000,-39.702239,-39.962645,-39.822111
610.300000,-39.661152,-39.922329,-39.781219
610.350000,-39.620176,-39.882131,-39.740442
610.400000,-39.579307,-39.842045,-39.699773
610.450000,-39.538537,-39.802065,-39.659208
610.500000,-39.497862,-39.762186,-39.618739
610.550000,-39.457275,-39.722400,-39.578361
610.600000,-39.416770,-39.682703,-39.538069
610.650000,-39.376342,-39.643088,-39.497856
610.700000,-39.335985,-39.603552,-39.457717
610.750000,-39.295693,-39.564087,-39.417646
610.800000,-39.255461,-39.524688,-39.377638
610.850000,-39.215283,-39.485350,-39.337688
610.900000,-39.175153,-39.446069,-39.297790
610.950000,-39.135068,-39.406837,-39.257938
611.000000,-39.095020,-39.367651,-39.218128
611.050000,-39.055004,-39.328506,-39.178354
611.100000,-39.015017,-39.289395,-39.138610
611.150000,-38.975051,-39.250314,-39.098893
611.200000,-38.935102,-39.211258,-39.059196
611.250000,-38.895165,-39.172222,-39.019514
611.300000,-38.855235,-39.133201,-38.979843
611.350000,-38.815306,-39.094190,-38.940177
611.400000,-38.775373,-39.055183,-38.900511
611.450000,-38.735431,-39.016177,-38.860841
611.500000,-38.695475,-38.977167,-38.821160
611.550000,-38.655501,-38.938146,-38.781465
611.600000,-38.615502,-38.899111,-38.741749
611.650000,-38.575473,-38.860056,-38.702009
611.700000,-38.535410,-38.820977,-38.662239
611.750000,-38.495308,-38.781869,-38.622433
611.800000,-38.455161,-38.742727,-38.582588
611.850000,-38.414965,-38.703547,-38.542697
611.900000,-38.374713,-38.664322,-38.502757
611.950000,-38.334401,-38.625049,-38.462761
612.000000,-38.294024,-38.585722,-38.422705
612.050000,-38.253577,-38.546336,-38.382584
612.100000,-38.213054,-38.506888,-38.342392
612.150000,-38.172450,-38.467370,-38.302124
612.200000,-38.131759,-38.427780,-38.261776
612.250000,-38.090976,-38.388110,-38.221341
612.300000,-38.050097,-38.348357,-38.180814
612.350000,-38.009114,-38.308516,-38.140191
612.400000,-37.968023,-38.268580,-38.099465
612.450000,-37.926818,-38.228544,-38.058631
612.500000,-37.885492,-38.188404,-38.017684
612.550000,-37.844042,-38.148154,-37.976617
612.600000,-37.802459,-38.107788,-37.935425
612.650000,-37.760739,-38.067301,-37.894102
612.700000,-37.718875,-38.026686,-37.852642
612.750000,-37.676860,-37.985939,-37.811039
612.800000,-37.634690,-37.945052,-37.769287
612.850000,-37.592355,-37.904021,-37.727378
612.900000,-37.549852,-37.862839,-37.685308
612.950000,-37.507171,-37.821499,-37.643068
613.000000,-37.464307,-37.779996,-37.600653
613.050000,-37.421252,-37.738322,-37.558055
613.100000,-37.377999,-37.696471,-37.515267
613.150000,-37.334540,-37.654436,-37.472282
613.200000,-37.290869,-37.612210,-37.429092
613.250000,-37.246976,-37.569785,-37.385691
613.300000,-37.202853,-37.527155,-37.342069
613.350000,-37.158493,-37.484311,-37.298219
613.400000,-37.113887,-37.441246,-37.254133
613.450000,-37.069026,-37.397951,-37.209801
613.500000,-37.023900,-37.354419,-37.165216
613.550000,-36.978502,-37.310641,-37.120367
613.600000,-36.932820,-37.266607,-37.075247
613.650000,-36.886844,-37.222309,-37.029844
613.700000,-36.840566,-37.177738,-36.984149
613.750000,-36.793973,-37.132883,-36.938152
613.800000,-36.747054,-37.087735,-36.891842
613.850000,-36.699799,-37.042283,-36.845207
613.900000,-36.652195,-36.996515,-36.798237
613.950000,-36.604230,-36.950422,-36.750919
614.000000,-36.555891,-36.903991,-36.703240
614.050000,-36.507165,-36.857211,-36.655189
614.100000,-36.458037,-36.810068,-36.606751
614.150000,-36.408494,-36.762550,-36.557912
614.200000,-36.358520,-36.714642,-36.508659
614.250000,-36.308101,-36.666332,-36.458975
614.300000,-36.257218,-36.617603,-36.408846
614.350000,-36.205856,-36.568441,-36.358255
614.400000,-36.153997,-36.518830,-36.307183
614.450000,-36.101621,-36.468752,-36.255615
614.500000,-36.048710,-36.418191,-36.203530
614.550000,-35.995243,-36.367127,-36.150908
614.600000,-35.941198,-36.315542,-36.097731
614.650000,-35.886554,-36.263415,-36.043974
614.700000,-35.831286,-36.210725,-35.989617
614.750000,-35.775370,-36.157449,-35.934635
614.800000,-35.718780,-36.103565,-35.879003
614.850000,-35.661488,-36.049048,-35.822694
614.900000,-35.603466,-35.993872,-35.765682
614.950000,-35.544683,-35.938009,-35.707935
615.000000,-35.485107,-35.881431,-35.649424
615.050000,-35.424704,-35.824107,-35.590116
615.100000,-35.363438,-35.766005,-35.529976
615.150000,-35.301271,-35.707091,-35.468967
615.200000,-35.238163,-35.647329,-35.407051
615.250000,-35.174071,-35.586681,-35.344187
615.300000,-35.108950,-35.525106,-35.280331
615.350000,-35.042751,-35.462562,-35.215437
615.400000,-34.975424,-35.399003,-35.149456
615.450000,-34.906912,-35.334379,-35.082334
615.500000,-34.837159,-35.268639,-35.014015
615.550000,-34.766102,-35.201727,-34.944440
615.600000,-34.693673,-35.133583,-34.873545
615.650000,-34.619801,-35.064145,-34.801260
615.700000,-34.544409,-34.993344,-34.727511
615.750000,-34.467414,-34.921106,-34.652221
615.800000,-34.388729,-34.847354,-34.575302
615.850000,-34.308257,-34.772002,-34.496664
615.900000,-34.225894,-34.694959,-34.416208
615.950000,-34.141530,-34.616127,-34.333826
616.000000,-34.055043,-34.535398,-34.249403
616.050000,-33.966303,-34.452657,-34.162813
616.100000,-33.875166,-34.367780,-34.073920
616.150000,-33.781478,-34.280628,-33.982575
616.200000,-33.685068,-34.191054,-33.888616
616.250000,-33.585752,-34.098894,-33.791866
616.300000,-33.483327,-34.003971,-33.692130
616.350000,-33.377570,-33.906090,-33.589196
616.400000,-33.268234,-33.805035,-33.482828
616.450000,-33.155048,-33.700570,-33.372768
616.500000,-33.037714,-33.592434,-33.258730
616.550000,-32.915898,-33.480337,-33.140396
616.600000,-32.789229,-33.363957,-33.017413
616.650000,-32.657295,-33.242935,-32.889387
616.700000,-32.519632,-33.116871,-32.755878
616.750000,-32.375722,-32.985316,-32.616392
616.800000,-32.224978,-32.847763,-32.470370
616.850000,-32.066738,-32.703643,-32.317183
616.900000,-31.900249,-32.552307,-32.156116
616.950000,-31.724653,-32.393020,-31.986355
617.000000,-31.538969,-32.224941,-31.806969
617.050000,-31.342069,-32.047105,-31.616887
617.100000,-31.132646,-31.858401,-31.414873
617.150000,-30.909188,-31.657540,-31.199495
617.200000,-30.669928,-31.443024,-30.969081
617.250000,-30.412793,-31.213098,-30.721673
617.300000,-30.135338,-30.965700,-30.454964
617.350000,-29.834663,-30.698388,-30.166216
617.400000,-29.507305,-30.408255,-29.852168
617.450000,-29.149108,-30.091823,-29.508906
617.500000,-28.755049,-29.744899,-29.131707
617.550000,-28.319028,-29.362408,-28.714841
617.600000,-27.833594,-28.938167,-28.251312
617.650000,-27.289607,-28.464609,-27.732553
617.700000,-26.675829,-27.932454,-27.148033
617.750000,-25.978446,-27.330309,-26.484817
617.800000,-25.180564,-26.644250,-25.727092
617.850000,-24.261802,-25.857453,-24.855778
617.900000,-23.198263,-24.950093,-23.848471
617.950000,-21.963463,-23.899932,-22.680256
618.000000,-20.531312,-22.684417,-21.326376
618.050000,-18.882829,-21.285584,-19.768297
618.100000,-17.018299,-19.699188,-18.004790
618.150000,-14.974342,-17.948059,-16.067691
618.200000,-12.839207,-16.095363,-14.036531
618.250000,-10.753121,-14.248228,-12.040155
618.300000,-8.884804,-12.543735,-10.236671
618.350000,-7.392270,-11.120485,-8.777970
618.400000,-6.388069,-10.089246,-7.776587
618.450000,-5.924100,-9.515417,-7.289376
618.500000,-5.996963,-9.417163,-7.320134
618.550000,-6.564315,-9.774445,-7.833428
618.600000,-7.561880,-10.541588,-8.770259
618.650000,-8.915883,-11.658384,-10.060296
618.700000,-10.550568,-13.058157,-11.629808
618.750000,-12.392559,-14.673276,-13.406569
618.800000,-14.373966,-16.439190,-15.323333
618.850000,-16.435124,-18.297684,-17.320739
618.900000,-18.526645,-20.199293,-19.349423
618.950000,-20.609829,-22.104287,-21.370574
619.000000,-22.655097,-23.981926,-23.354594
619.050000,-24.639290,-25.808530,-25.278626
619.100000,-26.543188,-27.565332,-27.124138
619.150000,-28.350118,-29.236931,-28.875434
619.200000,-30.045790,-30.810628,-30.519267
619.250000,-31.618945,-32.276501,-32.045261
619.300000,-33.062216,-33.627811,-33.446590
619.350000,-34.372656,-34.861359,-34.720451
619.400000,-35.551670,-35.977480,-35.868027
619.450000,-36.604358,-36.979644,-36.893943
619.500000,-37.538508,-37.873749,-37.805377
619.550000,-38.363503,-38.667295,-38.611087
619.600000,-39.089390,-39.368623,-39.320532
619.650000,-39.726176,-39.986293,-39.943220
619.700000,-40.283386,-40.528653,-40.488261
619.750000,-40.769821,-41.003576,-40.964126
619.800000,-41.193457,-41.418316,-41.378528
619.850000,-41.561441,-41.779462,-41.738406
619.900000,-41.880131,-42.092940,-42.049950
619.950000,-42.155159,-42.364047,-42.318660
620.000000,-42.391506,-42.597502,-42.549405
620.050000,-42.593576,-42.797501,-42.746498
620.100000,-42.765259,-42.967770,-42.913752
620.150000,-42.909997,-43.111620,-43.054543
620.200000,-43.030835,-43.231988,-43.171861
620.250000,-43.130469,-43.331487,-43.268353
620.300000,-43.211292,-43.412437,-43.346370
620.350000,-43.275425,-43.476905,-43.407996
620.400000,-43.324753,-43.526728,-43.455082
620.450000,-43.360950,-43.563544,-43.489276
620.500000,-43.385505,-43.588812,-43.512041
620.550000,-43.399745,-43.603832,-43.524680
620.600000,-43.404849,-43.609765,-43.528355
620.650000,-43.401871,-43.607647,-43.524099
620.700000,-43.391746,-43.598403,-43.512834
620.750000,-43.375311,-43.582859,-43.495382
620.800000,-43.353312,-43.561751,-43.472476
620.850000,-43.326414,-43.535741,-43.444770
620.900000,-43.295211,-43.505416,-43.412848
620.950000,-43.260232,-43.471303,-43.377231
621.000000,-43.221951,-43.433872,-43.338383
621.050000,-43.180789,-43.393545,-43.296720
621.100000,-43.137123,-43.350697,-43.252612
621.150000,-43.091289,-43.305662,-43.206389
621.200000,-43.043587,-43.258742,-43.158345
621.250000,-42.994285,-43.210204,-43.108744
621.300000,-42.943619,-43.160286,-43.057819
621.350000,-42.891804,-43.109202,-43.005779
621.400000,-42.839027,-43.057141,-42.952809
621.450000,-42.785456,-43.004273,-42.899075
621.500000,-42.731242,-42.950747,-42.844723
621.550000,-42.676517,-42.896698,-42.789884
621.600000,-42.621399,-42.842244,-42.734673
621.650000,-42.565991,-42.787491,-42.679191
621.700000,-42.510387,-42.732532,-42.623531
621.750000,-42.454666,-42.677448,-42.567771
621.800000,-42.398903,-42.622314,-42.511982
621.850000,-42.343158,-42.567193,-42.456226
621.900000,-42.287488,-42.512140,-42.400556
621.950000,-42.231941,-42.457206,-42.345020
622.000000,-42.176559,-42.402433,-42.289659
622.050000,-42.121378,-42.347858,-42.234509
622.100000,-42.066430,-42.293513,-42.179600
622.150000,-42.011742,-42.239426,-42.124959
622.200000,-41.957337,-42.185620,-42.070608
622.250000,-41.903234,-42.132116,-42.016566
622.300000,-41.849450,-42.078930,-41.962849
622.350000,-41.795997,-42.026076,-41.909469
622.400000,-41.742887,-41.973564,-41.856436
622.450000,-41.690128,-41.921404,-41.803759
622.500000,-41.637726,-41.869603,-41.751444
622.550000,-41.585686,-41.818165,-41.699496
622.600000,-41.534011,-41.767094,-41.647916
622.650000,-41.482702,-41.716391,-41.596706
622.700000,-41.431760,-41.666057,-41.545867
622.750000,-41.381184,-41.616092,-41.495397
622.800000,-41.330972,-41.566493,-41.445294
622.850000,-41.281122,-41.517258,-41.395555
622.900000,-41.231629,-41.468384,-41.346177
622.950000,-41.182491,-41.419868,-41.297156
623.000000,-41.133701,-41.371703,-41.248486
623.050000,-41.085256,-41.323886,-41.200163
623.100000,-41.037148,-41.276410,-41.152181
623.150000,-40.989373,-41.229271,-41.104533
623.200000,-40.941924,-41.182461,-41.057214
623.250000,-40.894794,-41.135974,-41.010216
623.300000,-40.847977,-41.089803,-40.963533
623.350000,-40.801466,-41.043941,-40.917158
623.400000,-40.755252,-40.998382,-40.871083
623.450000,-40.709330,-40.953118,-40.825302
623.500000,-40.663692,-40.908142,-40.779806
623.550000,-40.618329,-40.863446,-40.734589
623.600000,-40.573236,-40.819022,-40.689642
623.650000,-40.528404,-40.774865,-40.644959
623.700000,-40.483825,-40.730965,-40.600531
623.750000,-40.439493,-40.687315,-40.556352
623.800000,-40.395399,-40.643909,-40.512414
623.850000,-40.351536,-40.600738,-40.468709
623.900000,-40.307898,-40.557795,-40.425230
623.950000,-40.264476,-40.515074,-40.381970
624.000000,-40.221262,-40.472565,-40.338920
624.050000,-40.178251,-40.430264,-40.296075
624.100000,-40.135435,-40.388162,-40.253427
624.150000,-40.092806,-40.346251,-40.210968
624.200000,-40.050357,-40.304527,-40.168693
624.250000,-40.008082,-40.262980,-40.126593
624.300000,-39.965973,-40.221605,-40.084661
624.350000,-39.924024,-40.180395,-40.042892
624.400000,-39.882228,-40.139342,-40.001279
624.450000,-39.840579,-40.098442,-39.959814
624.500000,-39.799069,-40.057686,-39.918491
624.550000,-39.757693,-40.017069,-39.877305
624.600000,-39.716444,-39.976584,-39.836247
624.650000,-39.675315,-39.936226,-39.795313
624.700000,-39.634300,-39.895987,-39.754496
624.750000,-39.593394,-39.855863,-39.713790
624.800000,-39.552590,-39.815846,-39.673189
624.850000,-39.511882,-39.775931,-39.632687
624.900000,-39.471265,-39.736113,-39.592277
624.950000,-39.430731,-39.696385,-39.551955
625.000000,-39.390277,-39.656742,-39.511715
625.050000,-39.349895,-39.617179,-39.471550
625.100000,-39.309580,-39.577689,-39.431456
625.150000,-39.269327,-39.538267,-39.391426
625.200000,-39.229131,-39.498908,-39.351456
625.250000,-39.188984,-39.459607,-39.311540
625.300000,-39.148883,-39.420358,-39.271672
625.350000,-39.108822,-39.381157,-39.231847
625.400000,-39.068796,-39.341997,-39.192060
625.450000,-39.028798,-39.302874,-39.152306
625.500000,-38.988825,-39.263782,-39.112579
625.550000,-38.948870,-39.224718,-39.072875
625.600000,-38.908929,-39.185675,-39.033188
625.650000,-38.868996,-39.146648,-38.993513
625.700000,-38.829066,-39.107633,-38.953846
625.750000,-38.789135,-39.068625,-38.914180
625.800000,-38.749196,-39.029619,-38.874511
625.850000,-38.709245,-38.990610,-38.834833
625.900000,-38.669276,-38.951593,-38.795143
625.950000,-38.629286,-38.912562,-38.755434
626.000000,-38.589267,-38.873514,-38.715702
626.050000,-38.549216,-38.834444,-38.675942
626.100000,-38.509128,-38.795346,-38.636149
626.150000,-38.468996,-38.756215,-38.596317
626.200000,-38.428816,-38.717048,-38.556442
626.250000,-38.388584,-38.677838,-38.516518
626.300000,-38.348293,-38.638581,-38.476542
626.350000,-38.307938,-38.599273,-38.436506
626.400000,-38.267515,-38.559908,-38.396408
626.450000,-38.227018,-38.520481,-38.356240
626.500000,-38.186441,-38.480987,-38.315998
626.550000,-38.145780,-38.441421,-38.275678
626.600000,-38.105030,-38.401779,-38.235273
626.650000,-38.064183,-38.362055,-38.194778
626.700000,-38.023236,-38.322244,-38.154188
626.750000,-37.982182,-38.282340,-38.113497
626.800000,-37.941016,-38.242339,-38.072701
626.850000,-37.899733,-38.202235,-38.031792
626.900000,-37.858325,-38.162023,-37.990767
626.950000,-37.816788,-38.121697,-37.949618
627.000000,-37.775115,-38.081251,-37.908340
627.050000,-37.733301,-38.040680,-37.866927
627.100000,-37.691338,-37.999979,-37.825374
627.150000,-37.649221,-37.959140,-37.783673
627.200000,-37.606944,-37.918159,-37.741818
627.250000,-37.564498,-37.877029,-37.699803
627.300000,-37.521879,-37.835744,-37.657622
627.350000,-37.479078,-37.794297,-37.615267
627.400000,-37.436089,-37.752682,-37.572732
627.450000,-37.392905,-37.710892,-37.530010
627.500000,-37.349517,-37.668920,-37.487093
627.550000,-37.305919,-37.626760,-37.443974
627.600000,-37.262102,-37.584404,-37.400646
627.650000,-37.218059,-37.541845,-37.357100
627.700000,-37.173781,-37.499075,-37.313329
627.750000,-37.129260,-37.456086,-37.269325
627.800000,-37.084487,-37.412871,-37.225078
627.850000,-37.039453,-37.369421,-37.180580
627.900000,-36.994149,-37.325728,-37.135823
627.950000,-36.948565,-37.281783,-37.090797
628.000000,-36.902691,-37.237576,-37.045492
628.050000,-36.856517,-37.193099,-36.999898
628.100000,-36.810033,-37.148343,-36.954006
628.150000,-36.763227,-37.103296,-36.907804
628.200000,-36.716089,-37.057949,-36.861281
628.250000,-36.668606,-37.012291,-36.814427
628.300000,-36.620766,-36.966310,-36.767229
628.350000,-36.572556,-36.919997,-36.719676
628.400000,-36.523964,-36.873337,-36.671753
628.450000,-36.474975,-36.826320,-36.623449
628.500000,-36.425576,-36.778931,-36.574750
628.550000,-36.375752,-36.731159,-36.525640
628.600000,-36.325487,-36.682988,-36.476106
628.650000,-36.274765,-36.634404,-36.426131
628.700000,-36.223569,-36.585393,-36.375700
628.750000,-36.171882,-36.535937,-36.324795
628.800000,-36.119686,-36.486022,-36.273399
628.850000,-36.066960,-36.435628,-36.221493
628.900000,-36.013686,-36.384738,-36.169058
628.950000,-35.959842,-36.333334,-36.116073
629.000000,-35.905406,-36.281395,-36.062518
629.050000,-35.850355,-36.228901,-36.008369
629.100000,-35.794664,-36.175828,-35.953604
629.150000,-35.738308,-36.122156,-35.898198
629.200000,-35.681260,-36.067859,-35.842124
629.250000,-35.623492,-36.012911,-35.785356
629.300000,-35.564973,-35.957287,-35.727865
629.350000,-35.505673,-35.900957,-35.669620
629.400000,-35.445558,-35.843893,-35.610589
629.450000,-35.384592,-35.786061,-35.550738
629.500000,-35.322738,-35.727430,-35.490031
629.550000,-35.259958,-35.667963,-35.428431
629.600000,-35.196209,-35.607624,-35.365898
629.650000,-35.131446,-35.546372,-35.302387
629.700000,-35.065623,-35.484166,-35.237855
629.750000,-34.998689,-35.420960,-35.172252
629.800000,-34.930590,-35.356707,-35.105528
629.850000,-34.861270,-35.291356,-35.037627
629.900000,-34.790667,-35.224853,-34.968490
629.950000,-34.718717,-35.157139,-34.898055
630.000000,-34.645349,-35.088153,-34.826255
630.050000,-34.570487,-35.017827,-34.753018
630.100000,-34.494053,-34.946091,-34.678266
630.150000,-34.415959,-34.872868,-34.601916
630.200000,-34.336111,-34.798075,-34.523879
630.250000,-34.254410,-34.721624,-34.444059
630.300000,-34.170746,-34.643417,-34.362351
630.350000,-34.085002,-34.563352,-34.278642
630.400000,-33.997051,-34.481316,-34.192811
630.450000,-33.906754,-34.397187,-34.104725
630.500000,-33.813960,-34.310832,-34.014240
630.550000,-33.718505,-34.222107,-33.921197
630.600000,-33.620209,-34.130855,-33.825427
630.650000,-33.518876,-34.036902,-33.726739
630.700000,-33.414289,-33.940059,-33.624929
630.750000,-33.306211,-33.840120,-33.519768
630.800000,-33.194380,-33.736854,-33.411007
630.850000,-33.078507,-33.630010,-33.298369
630.900000,-32.958270,-33.519308,-33.181548
630.950000,-32.833312,-33.404437,-33.060204
631.000000,-32.703236,-33.285053,-32.933957
631.050000,-32.567596,-33.160769,-32.802385
631.100000,-32.425894,-33.031154,-32.665011
631.150000,-32.277568,-32.895722,-32.521300
631.200000,-32.121982,-32.753926,-32.370651
631.250000,-31.958418,-32.605146,-32.212377
631.300000,-31.786054,-32.448680,-32.045701
631.350000,-31.603955,-32.283723,-31.869735
631.400000,-31.411045,-32.109356,-31.683457
631.450000,-31.206083,-31.924521,-31.485692
631.500000,-30.987632,-31.727993,-31.275080
631.550000,-30.754018,-31.518352,-31.050037
631.600000,-30.503278,-31.293936,-30.808708
631.650000,-30.233106,-31.052795,-30.548914
631.700000,-29.940767,-30.792626,-30.268076
631.750000,-29.623007,-30.510693,-29.963125
631.800000,-29.275922,-30.203729,-29.630387
631.850000,-28.894812,-29.867804,-29.265438
631.900000,-28.473972,-29.498169,-28.862918
631.950000,-28.006451,-29.089047,-28.416300
632.000000,-27.483732,-28.633384,-27.917595
632.050000,-26.895349,-28.122530,-27.356994
632.100000,-26.228428,-27.545864,-26.722443
632.150000,-25.467190,-26.890379,-25.999168
632.200000,-24.592481,-26.140279,-25.169243
632.250000,-23.581576,-25.276751,-24.211374
632.300000,-22.408674,-24.278248,-23.101328
632.350000,-21.047024,-23.121947,-21.813820
632.400000,-19.474132,-21.787516,-20.327208
632.450000,-17.681927,-20.264671,-18.632726
632.500000,-15.692501,-18.565281,-16.748939
632.550000,-13.575267,-16.737527,-14.737873
632.600000,-11.454016,-14.874052,-12.712554
632.650000,-9.491677,-13.104341,-10.824575
632.700000,-7.854520,-11.570062,-9.232211
632.750000,-6.673580,-10.394301,-8.064387
632.800000,-6.021890,-9.659011,-7.397648
632.850000,-5.913511,-9.397957,-7.252810
632.900000,-6.317427,-9.602849,-7.606084
632.950000,-7.175220,-10.235430,-8.404962
633.000000,-8.415312,-11.239419,-9.581910
633.050000,-9.962021,-12.549636,-11.063698
633.100000,-11.740771,-14.098271,-12.777145
633.150000,-13.681466,-15.819313,-14.652947
633.200000,-15.721331,-17.652047,-16.628738
633.250000,-17.807300,-19.543808,-18.651565
633.300000,-19.897084,-21.451517,-20.679052
633.350000,-21.958245,-23.341526,-22.678682
633.400000,-23.965737,-25.187980,-24.625582
633.450000,-25.899209,-26.970641,-26.499959
633.500000,-27.741186,-28.673070,-28.285237
633.550000,-29.476518,-30.281664,-29.967314
633.600000,-31.092804,-31.785506,-31.534752
633.650000,-32.581256,-33.176717,-32.979432
633.700000,-33.937381,-34.450857,-34.297144
633.750000,-35.161138,-35.607073,-35.487741
633.800000,-36.256460,-36.647828,-36.554752
633.850000,-37.230335,-37.578274,-37.504590
633.900000,-38.091715,-38.405456,-38.345575
633.950000,-38.850509,-39.137501,-39.087011
634.000000,-39.516802,-39.782954,-39.738452
634.050000,-40.100319,-40.350271,-40.309179
634.100000,-40.610128,-40.847512,-40.807901
634.150000,-41.054492,-41.282152,-41.242598
634.200000,-41.440841,-41.661010,-41.620474
634.250000,-41.775796,-41.990237,-41.947971
634.300000,-42.065232,-42.275341,-42.230817
634.350000,-42.314345,-42.521234,-42.474093
634.400000,-42.527728,-42.732284,-42.682294
634.450000,-42.709442,-42.912375,-42.859398
634.500000,-42.863075,-43.064952,-43.008925
634.550000,-42.991803,-43.193078,-43.133993
634.600000,-43.098439,-43.299471,-43.237361
634.650000,-43.185472,-43.386549,-43.321478
634.700000,-43.255116,-43.456462,-43.388515
634.750000,-43.309331,-43.511122,-43.440402
634.800000,-43.349862,-43.552234,-43.478851
634.850000,-43.378260,-43.581315,-43.505388
634.900000,-43.395904,-43.599718,-43.521368
634.950000,-43.404022,-43.608650,-43.528000
635.000000,-43.403709,-43.609189,-43.526360
635.050000,-43.395941,-43.602295,-43.517405
635.100000,-43.381585,-43.588828,-43.501992
635.150000,-43.361419,-43.569553,-43.480882
635.200000,-43.336134,-43.545157,-43.454756
635.250000,-43.306347,-43.516252,-43.424221
635.300000,-43.272609,-43.483385,-43.389818
635.350000,-43.235412,-43.447044,-43.352031
635.400000,-43.195195,-43.407668,-43.311291
635.450000,-43.152350,-43.365646,-43.267984
635.500000,-43.107225,-43.321327,-43.222452
635.550000,-43.060133,-43.275023,-43.175002
635.600000,-43.011352,-43.227012,-43.125908
635.650000,-42.961129,-43.177543,-43.075413
635.700000,-42.909686,-43.126836,-43.023734
635.750000,-42.857219,-43.075091,-42.971064
635.800000,-42.803904,-43.022482,-42.917575
635.850000,-42.749895,-42.969166,-42.863419
635.900000,-42.695331,-42.915282,-42.808734
635.950000,-42.640335,-42.860955,-42.753638
636.000000,-42.585016,-42.806293,-42.698238
636.050000,-42.529469,-42.751394,-42.642630
636.100000,-42.473780,-42.696345,-42.586896
636.150000,-42.418023,-42.641220,-42.531109
636.200000,-42.362265,-42.586087,-42.475334
636.250000,-42.306563,-42.531005,-42.419629
636.300000,-42.250968,-42.476025,-42.364042
636.350000,-42.195525,-42.421192,-42.308616
636.400000,-42.140271,-42.366544,-42.253390
636.450000,-42.085239,-42.312117,-42.198395
636.500000,-42.030459,-42.257938,-42.143659
636.550000,-41.975954,-42.204033,-42.089206
636.600000,-41.921745,-42.150423,-42.035055
636.650000,-41.867850,-42.097126,-41.981225
636.700000,-41.814282,-42.044156,-41.927727
636.750000,-41.761052,-41.991525,-41.874574
636.800000,-41.708171,-41.939243,-41.821774
636.850000,-41.655646,-41.887318,-41.769334
636.900000,-41.603481,-41.835754,-41.717258
636.950000,-41.551680,-41.784556,-41.665551
637.000000,-41.500245,-41.733727,-41.614214
637.050000,-41.449177,-41.683266,-41.563247
637.100000,-41.398475,-41.633173,-41.512650
637.150000,-41.348138,-41.583449,-41.462421
637.200000,-41.298163,-41.534089,-41.412557
637.250000,-41.248548,-41.485091,-41.363056
637.300000,-41.199288,-41.436452,-41.313912
637.350000,-41.150379,-41.388167,-41.265122
637.400000,-41.101815,-41.340231,-41.216680
637.450000,-41.053592,-41.292638,-41.168581
637.500000,-41.005703,-41.245383,-41.120819
637.550000,-40.958143,-41.198460,-41.073387
637.600000,-40.910904,-41.151863,-41.026279
637.650000,-40.863980,-41.105584,-40.979489
637.700000,-40.817364,-41.059617,-40.933008
637.750000,-40.771048,-41.013954,-40.886831
637.800000,-40.725027,-40.968589,-40.840949
637.850000,-40.679291,-40.923515,-40.795356
637.900000,-40.633835,-40.878723,-40.750043
637.950000,-40.588649,-40.834206,-40.705004
638.000000,-40.543728,-40.789958,-40.660231
638.050000,-40.499062,-40.745970,-40.615716
638.100000,-40.454646,-40.702235,-40.571452
638.150000,-40.410471,-40.658745,-40.527432
638.200000,-40.366529,-40.615494,-40.483647
638.250000,-40.322814,-40.572473,-40.440091
638.300000,-40.279318,-40.529676,-40.396756
638.350000,-40.236034,-40.487095,-40.353635
638.400000,-40.192954,-40.444723,-40.310720
638.450000,-40.150071,-40.402553,-40.268004
638.500000,-40.107378,-40.360577,-40.225481
638.550000,-40.064867,-40.318789,-40.183143
638.600000,-40.022533,-40.277182,-40.140983
638.650000,-39.980368,-40.235748,-40.098994
638.700000,-39.938364,-40.194482,-40.057170
638.750000,-39.896516,-40.153376,-40.015503
638.800000,-39.854817,-40.112423,-39.973988
638.850000,-39.813260,-40.071618,-39.932617
638.900000,-39.771838,-40.030954,-39.891384
638.950000,-39.730545,-39.990424,-39.850282
639.000000,-39.689375,-39.950023,-39.809306
639.050000,-39.648322,-39.909743,-39.768449
639.100000,-39.607379,-39.869580,-39.727705
639.150000,-39.566540,-39.829526,-39.687068
639.200000,-39.525800,-39.789577,-39.646532
639.250000,-39.485151,-39.749726,-39.606091
639.300000,-39.444589,-39.709967,-39.565740
639.350000,-39.404108,-39.670295,-39.525471
639.400000,-39.363701,-39.630705,-39.485281
639.450000,-39.323364,-39.591190,-39.445163
639.500000,-39.283090,-39.551745,-39.405111
639.550000,-39.242874,-39.512365,-39.365121
639.600000,-39.202710,-39.473044,-39.325186
639.650000,-39.162594,-39.433777,-39.285302
639.700000,-39.122519,-39.394559,-39.245462
639.750000,-39.082481,-39.355385,-39.205663
639.800000,-39.042474,-39.316250,-39.165898
639.850000,-39.002492,-39.277148,-39.126162
639.900000,-38.962531,-39.238074,-39.086450
639.950000,-38.922586,-39.199024,-39.046757
640.000000,-38.882650,-39.159992,-39.007078
640.050000,-38.842719,-39.120973,-38.967408
640.100000,-38.802788,-39.081963,-38.927742
640.150000,-38.762852,-39.042956,-38.888074
640.200000,-38.722906,-39.003948,-38.848400
640.250000,-38.682943,-38.964934,-38.808714
640.300000,-38.642960,-38.925908,-38.769011
640.350000,-38.602952,-38.886866,-38.729288
640.400000,-38.562912,-38.847803,-38.689537
640.450000,-38.522836,-38.808715,-38.649755
640.500000,-38.482719,-38.769595,-38.609937
640.550000,-38.442556,-38.730441,-38.570077
640.600000,-38.402342,-38.691246,-38.530170
640.650000,-38.362071,-38.652005,-38.490211
640.700000,-38.321738,-38.612714,-38.450196
640.750000,-38.281339,-38.573369,-38.410119
640.800000,-38.240867,-38.533963,-38.369975
640.850000,-38.200318,-38.494492,-38.329759
640.900000,-38.159686,-38.454951,-38.289466
640.950000,-38.118966,-38.415336,-38.249090
641.000000,-38.078153,-38.375640,-38.208626
641.050000,-38.037240,-38.335858,-38.168069
641.100000,-37.996223,-38.295987,-38.127413
641.150000,-37.955096,-38.256019,-38.086652
641.200000,-37.913852,-38.215950,-38.045783
641.250000,-37.872487,-38.175775,-38.004797
641.300000,-37.830995,-38.135488,-37.963691
641.350000,-37.789369,-38.095084,-37.922457
641.400000,-37.747603,-38.054556,-37.881091
641.450000,-37.705691,-38.013899,-37.839586
641.500000,-37.663628,-37.973108,-37.797935
641.550000,-37.621405,-37.932176,-37.756134
641.600000,-37.579018,-37.891097,-37.714174
641.650000,-37.536458,-37.849865,-37.672050
641.700000,-37.493720,-37.808474,-37.629755
641.750000,-37.450795,-37.766916,-37.587282
641.800000,-37.407678,-37.725187,-37.544624
641.850000,-37.364360,-37.683278,-37.501774
641.900000,-37.320834,-37.641182,-37.458725
641.950000,-37.277093,-37.598894,-37.415468
642.000000,-37.233128,-37.556404,-37.371997
642.050000,-37.188931,-37.513707,-37.328304
642.100000,-37.144493,-37.470793,-37.284380
642.150000,-37.099807,-37.427656,-37.240216
642.200000,-37.054863,-37.384287,-37.195805
642.250000,-37.009651,-37.340677,-37.151137
642.300000,-36.964164,-37.296819,-37.106203
642.350000,-36.918389,-37.252702,-37.060994
642.400000,-36.872319,-37.208318,-37.015499
642.450000,-36.825942,-37.163658,-36.969710
642.500000,-36.779246,-37.118711,-36.923614
642.550000,-36.732222,-37.073467,-36.877202
642.600000,-36.684858,-37.027916,-36.830463
642.650000,-36.637141,-36.982047,-36.783383
642.700000,-36.589059,-36.935848,-36.735952
642.750000,-36.540598,-36.889307,-36.688157
642.800000,-36.491746,-36.842413,-36.639984
642.850000,-36.442489,-36.795153,-36.591421
642.900000,-36.392811,-36.747512,-36.542452
642.950000,-36.342697,-36.699479,-36.493064
643.000000,-36.292133,-36.651038,-36.443241
643.050000,-36.241100,-36.602173,-36.392967
643.100000,-36.189583,-36.552871,-36.342226
643.150000,-36.137562,-36.503114,-36.290999
643.200000,-36.085019,-36.452885,-36.239269
643.250000,-36.031934,-36.402167,-36.187016
643.300000,-35.978287,-36.350940,-36.134221
643.350000,-35.924055,-36.299185,-36.080863
643.400000,-35.869216,-36.246882,-36.026919
643.450000,-35.813746,-36.194009,-35.972367
643.500000,-35.757619,-36.140544,-35.917182
643.550000,-35.700810,-36.086463,-35.861339
643.600000,-35.643291,-36.031740,-35.804810
643.650000,-35.585032,-35.976349,-35.747569
643.700000,-35.526001,-35.920263,-35.689584
643.750000,-35.466168,-35.863453,-35.630825
643.800000,-35.405496,-35.805886,-35.571257
643.850000,-35.343949,-35.747531,-35.510846
643.900000,-35.281490,-35.688353,-35.449556
643.950000,-35.218075,-35.628316,-35.387345
644.000000,-35.153663,-35.567380,-35.324172
644.050000,-35.088207,-35.505504,-35.259994
644.100000,-35.021657,-35.442644,-35.194761
644.150000,-34.953962,-35.378753,-35.128425
644.200000,-34.885065,-35.313783,-35.060932
644.250000,-34.814907,-35.247678,-34.992223
644.300000,-34.743424,-35.180384,-34.922238
644.350000,-34.670547,-35.111839,-34.850912
644.400000,-34.596204,-35.041978,-34.778173
644.450000,-34.520315,-34.970731,-34.703946
644.500000,-34.442797,-34.898024,-34.628151
644.550000,-34.363558,-34.823776,-34.550700
644.600000,-34.282501,-34.747901,-34.471499
644.650000,-34.199519,-34.670304,-34.390447
644.700000,-34.114498,-34.590885,-34.307434
644.750000,-34.027315,-34.509534,-34.222341
644.800000,-33.937834,-34.426133,-34.135040
644.850000,-33.845909,-34.340553,-34.045389
644.900000,-33.751381,-34.252653,-33.953238
644.950000,-33.654076,-34.162282,-33.858418
645.000000,-33.553802,-34.069270,-33.760747
645.050000,-33.450350,-33.973435,-33.660026
645.100000,-33.343491,-33.874577,-33.556035
645.150000,-33.232971,-33.772473,-33.448532
645.200000,-33.118511,-33.666879,-33.337249
645.250000,-32.999801,-33.557526,-33.221891
645.300000,-32.876495,-33.444114,-33.102131
645.350000,-32.748213,-33.326311,-32.977601
645.400000,-32.614524,-33.203744,-32.847896
645.450000,-32.474950,-33.075999,-32.712558
645.500000,-32.328951,-32.942610,-32.571073
645.550000,-32.175918,-32.803050,-32.422863
645.600000,-32.015162,-32.656728,-32.267273
645.650000,-31.845899,-32.502968,-32.103557
645.700000,-31.667234,-32.341005,-31.930867
645.750000,-31.478143,-32.169959,-31.748231
645.800000,-31.277443,-31.988824,-31.554528
645.850000,-31.063769,-31.796434,-31.348465
645.900000,-30.835532,-31.591440,-31.128538
645.950000,-30.590876,-31.372268,-30.892992
646.000000,-30.327617,-31.137072,-30.639766
646.050000,-30.043178,-30.883678,-30.366425
646.100000,-29.734493,-30.609508,-30.070080
646.150000,-29.397897,-30.311489,-29.747278
646.200000,-29.028981,-29.985933,-29.393869
646.250000,-28.622408,-29.628391,-29.004836
646.300000,-28.171684,-29.233463,-28.574079
646.350000,-27.668866,-28.794563,-28.094147
646.400000,-27.104201,-28.303625,-27.555896
646.450000,-26.465691,-27.750744,-26.948088
646.500000,-25.738606,-27.123778,-26.256931
646.550000,-24.904986,-26.407919,-25.465617
646.600000,-23.943316,-25.585390,-24.553995
646.650000,-22.828713,-24.635488,-23.498721
646.700000,-21.534358,-23.535549,-22.274516
646.750000,-20.035448,-22.263762,-20.857720
646.800000,-18.317482,-20.805279,-19.233798
646.850000,-16.390234,-19.162811,-17.410113
646.900000,-14.305367,-17.370708,-15.432308
646.950000,-12.168552,-15.506352,-13.396244
647.000000,-10.132614,-13.688702,-11.443168
647.050000,-8.367339,-12.058737,-9.733329
647.100000,-7.019411,-10.749084,-8.409176
647.150000,-6.182810,-9.857333,-7.566478
647.200000,-5.890666,-9.433530,-7.244341
647.250000,-6.125336,-9.482517,-7.432455
647.300000,-6.835896,-9.974821,-8.086375
647.350000,-7.953991,-10.859127,-9.142424
647.400000,-9.404603,-12.072457,-10.528522
647.450000,-11.112345,-13.547334,-12.170980
647.500000,-13.005263,-15.216705,-13.998802
647.550000,-15.017779,-17.017698,-15.946938
647.600000,-17.093308,-18.894652,-17.959011
647.650000,-19.185883,-20.801148,-19.989016
647.700000,-21.259930,-22.700443,-22.001269
647.750000,-23.288202,-24.564264,-23.968585
647.800000,-25.249007,-26.370694,-25.869698
647.850000,-27.124017,-28.102154,-27.687077
647.900000,-28.897278,-29.744125,-29.405791
647.950000,-30.555364,-31.284751,-31.013431
648.000000,-32.088156,-32.715064,-32.500668
648.050000,-33.489650,-34.029418,-33.861915
648.100000,-34.758308,-35.225745,-35.095653
648.150000,-35.896794,-36.305432,-36.204232
648.200000,-36.911173,-37.272798,-37.193187
648.250000,-37.809848,-38.134335,-38.070295
648.300000,-38.602503,-38.897887,-38.844621
648.350000,-39.299235,-39.571919,-39.525700
648.400000,-39.909937,-40.164964,-40.122952
648.450000,-40.443922,-40.685241,-40.645305
648.500000,-40.909738,-41.140438,-41.100997
648.550000,-41.315096,-41.537603,-41.497497
648.600000,-41.666889,-41.883112,-41.841504
648.650000,-41.971239,-42.182689,-42.138982
648.700000,-42.233564,-42.441442,-42.395225
648.750000,-42.458656,-42.663921,-42.614920
648.800000,-42.650748,-42.854166,-42.802216
648.850000,-42.813585,-43.015767,-42.960783
648.900000,-42.950477,-43.151913,-43.093868
648.950000,-43.064355,-43.265435,-43.204350
649.000000,-43.157814,-43.358848,-43.294778
649.050000,-43.233158,-43.434391,-43.367413
649.100000,-43.292431,-43.494054,-43.424266
649.150000,-43.337447,-43.539608,-43.467119
649.200000,-43.369821,-43.572634,-43.497560
649.250000,-43.390989,-43.594537,-43.516999
649.300000,-43.402227,-43.606574,-43.526693
649.350000,-43.404676,-43.609862,-43.527762
649.400000,-43.399348,-43.605403,-43.521201
649.450000,-43.387148,-43.594087,-43.507901
649.500000,-43.368882,-43.576713,-43.488654
649.550000,-43.345270,-43.553992,-43.464168
649.600000,-43.316954,-43.526561,-43.435073
649.650000,-43.284506,-43.494987,-43.401932
649.700000,-43.248437,-43.459780,-43.365249
649.750000,-43.209204,-43.421393,-43.325471
649.800000,-43.167214,-43.380232,-43.282999
649.850000,-43.122830,-43.336659,-43.238189
649.900000,-43.076376,-43.291000,-43.191362
649.950000,-43.028141,-43.243542,-43.142800
650.000000,-42.978384,-43.194544,-43.092757
650.050000,-42.927334,-43.144236,-43.041458
650.100000,-42.875196,-43.092824,-42.989106
650.150000,-42.822151,-43.040491,-42.935878
650.200000,-42.768362,-42.987399,-42.881933
650.250000,-42.713973,-42.933694,-42.827414
650.300000,-42.659111,-42.879505,-42.772445
650.350000,-42.603891,-42.824946,-42.717138
650.400000,-42.548411,-42.770117,-42.661591
650.450000,-42.492761,-42.715110,-42.605890
650.500000,-42.437020,-42.660003,-42.550114
650.550000,-42.381255,-42.604866,-42.494328
650.600000,-42.325528,-42.549760,-42.438593
650.650000,-42.269891,-42.494739,-42.382960
650.700000,-42.214391,-42.439851,-42.327475
650.750000,-42.159068,-42.385136,-42.272176
650.800000,-42.103957,-42.330629,-42.217099
650.850000,-42.049088,-42.276363,-42.162271
650.900000,-41.994486,-42.222362,-42.107719
650.950000,-41.940174,-42.168649,-42.053463
651.000000,-41.886170,-42.115243,-41.999521
651.050000,-41.832488,-42.062159,-41.945908
651.100000,-41.779142,-42.009411,-41.892636
651.150000,-41.726141,-41.957009,-41.839715
651.200000,-41.673493,-41.904961,-41.787151
651.250000,-41.621204,-41.853273,-41.734950
651.300000,-41.569279,-41.801950,-41.683117
651.350000,-41.517718,-41.750994,-41.631654
651.400000,-41.466525,-41.700407,-41.580560
651.450000,-41.415698,-41.650189,-41.529837
651.500000,-41.365237,-41.600339,-41.479482
651.550000,-41.315138,-41.550855,-41.429494
651.600000,-41.265401,-41.501734,-41.379869
651.650000,-41.216020,-41.452972,-41.330603
651.700000,-41.166991,-41.404567,-41.281693
651.750000,-41.118310,-41.356512,-41.233132
651.800000,-41.069971,-41.308802,-41.184917
651.850000,-41.021968,-41.261433,-41.137040
651.900000,-40.974296,-41.214397,-41.089496
651.950000,-40.926948,-41.167689,-41.042278
652.000000,-40.879917,-41.121302,-40.995380
652.050000,-40.833196,-41.075229,-40.948794
652.100000,-40.786779,-41.029463,-40.902514
652.150000,-40.740658,-40.983997,-40.856532
652.200000,-40.694825,-40.938824,-40.810841
652.250000,-40.649274,-40.893936,-40.765433
652.300000,-40.603997,-40.849326,-40.720301
652.350000,-40.558986,-40.804987,-40.675438
652.400000,-40.514234,-40.760911,-40.630836
652.450000,-40.469733,-40.717090,-40.586487
652.500000,-40.425476,-40.673517,-40.542384
652.550000,-40.381455,-40.630185,-40.498519
652.600000,-40.337664,-40.587086,-40.454885
652.650000,-40.294093,-40.544214,-40.411476
652.700000,-40.250737,-40.501559,-40.368282
652.750000,-40.207588,-40.459117,-40.325297
652.800000,-40.164638,-40.416878,-40.282514
652.850000,-40.121881,-40.374836,-40.239926
652.900000,-40.079309,-40.332985,-40.197525
652.950000,-40.036915,-40.291316,-40.155305
653.000000,-39.994692,-40.249824,-40.113258
653.050000,-39.952634,-40.208501,-40.071378
653.100000,-39.910734,-40.167341,-40.029658
653.150000,-39.868984,-40.126336,-39.988092
653.200000,-39.827379,-40.085481,-39.946672
653.250000,-39.785911,-40.044769,-39.905392
653.300000,-39.744575,-40.004194,-39.864246
653.350000,-39.703364,-39.963749,-39.823228
653.400000,-39.662271,-39.923429,-39.782331
653.450000,-39.621291,-39.883226,-39.741549
653.500000,-39.580417,-39.843135,-39.700875
653.550000,-39.539643,-39.803151,-39.660305
653.600000,-39.498963,-39.763267,-39.619832
653.650000,-39.458372,-39.723477,-39.579450
653.700000,-39.417864,-39.683775,-39.539154
653.750000,-39.377432,-39.644157,-39.498937
653.800000,-39.337071,-39.604617,-39.458795
653.850000,-39.296776,-39.565148,-39.418721
653.900000,-39.256540,-39.525746,-39.378710
653.950000,-39.216359,-39.486406,-39.338756
654.000000,-39.176227,-39.447121,-39.298855
654.050000,-39.136139,-39.407887,-39.259001
654.100000,-39.096088,-39.368698,-39.219188
654.150000,-39.056070,-39.329550,-39.179411
654.200000,-39.016080,-39.290436,-39.139665
654.250000,-38.976113,-39.251353,-39.099946
654.300000,-38.936162,-39.212295,-39.060247
654.350000,-38.896223,-39.173257,-39.020563
654.400000,-38.856291,-39.134234,-38.980890
654.450000,-38.816360,-39.095221,-38.941223
654.500000,-38.776426,-39.056213,-38.901556
654.550000,-38.736483,-39.017206,-38.861884
654.600000,-38.696527,-38.978194,-38.822202
654.650000,-38.656551,-38.939172,-38.782506
654.700000,-38.616551,-38.900136,-38.742789
654.750000,-38.576522,-38.861081,-38.703048
654.800000,-38.536459,-38.822001,-38.663277
654.850000,-38.496356,-38.782892,-38.623471
654.900000,-38.456209,-38.743750,-38.583625
654.950000,-38.416012,-38.704569,-38.543735
655.000000,-38.375761,-38.665344,-38.503794
655.050000,-38.335449,-38.626070,-38.463798
655.100000,-38.295073,-38.586744,-38.423743
655.150000,-38.254626,-38.547359,-38.383622
655.200000,-38.214103,-38.507910,-38.343430
655.250000,-38.173500,-38.468393,-38.303164
655.300000,-38.132810,-38.428803,-38.262816
655.350000,-38.092029,-38.389135,-38.222382
655.400000,-38.051150,-38.349383,-38.181857
655.450000,-38.010169,-38.309542,-38.141234
655.500000,-37.969079,-38.269607,-38.100510
655.550000,-37.927876,-38.229573,-38.059678
655.600000,-37.886552,-38.189435,-38.018732
655.650000,-37.845103,-38.149186,-37.977667
655.700000,-37.803523,-38.108821,-37.936477
655.750000,-37.761805,-38.068336,-37.895156
655.800000,-37.719943,-38.027723,-37.853698
655.850000,-37.677932,-37.986978,-37.812098
655.900000,-37.635764,-37.946094,-37.770348
655.950000,-37.593432,-37.905066,-37.728442
656.000000,-37.550932,-37.863886,-37.686374
656.050000,-37.508254,-37.822549,-37.644138
656.100000,-37.465394,-37.781049,-37.601726
656.150000,-37.422343,-37.739378,-37.559131
656.200000,-37.379093,-37.697530,-37.516347
656.250000,-37.335639,-37.655499,-37.473366
656.300000,-37.291971,-37.613276,-37.430180
656.350000,-37.248082,-37.570855,-37.386783
656.400000,-37.203965,-37.528229,-37.343165
656.450000,-37.159609,-37.485390,-37.299320
656.500000,-37.115008,-37.442329,-37.255238
656.550000,-37.070152,-37.399039,-37.210912
656.600000,-37.025033,-37.355512,-37.166332
656.650000,-36.979639,-37.311738,-37.121489
656.700000,-36.933963,-37.267710,-37.076374
656.750000,-36.887994,-37.223418,-37.030978
656.800000,-36.841722,-37.178852,-36.985289
656.850000,-36.795136,-37.134003,-36.939298
656.900000,-36.748224,-37.088861,-36.892995
656.950000,-36.700976,-37.043415,-36.846367
657.000000,-36.653380,-36.997655,-36.799404
657.050000,-36.605423,-36.951569,-36.752093
657.100000,-36.557092,-36.905146,-36.704423
657.150000,-36.508374,-36.858373,-36.656379
657.200000,-36.459256,-36.811238,-36.607950
657.250000,-36.409722,-36.763727,-36.559120
657.300000,-36.359758,-36.715829,-36.509876
657.350000,-36.309348,-36.667527,-36.460202
657.400000,-36.258476,-36.618808,-36.410083
657.450000,-36.207125,-36.569656,-36.359502
657.500000,-36.155276,-36.520055,-36.308441
657.550000,-36.102913,-36.469987,-36.256884
657.600000,-36.050014,-36.419437,-36.204810
657.650000,-35.996559,-36.368385,-36.152202
657.700000,-35.942528,-36.316811,-36.099036
657.750000,-35.887897,-36.264696,-36.045294
657.800000,-35.832644,-36.212019,-35.990950
657.850000,-35.776743,-36.158757,-35.935982
657.900000,-35.720168,-36.104887,-35.880365
657.950000,-35.662893,-36.050385,-35.824072
658.000000,-35.604888,-35.995223,-35.767076
658.050000,-35.546122,-35.939376,-35.709346
658.100000,-35.486565,-35.882815,-35.650853
658.150000,-35.426181,-35.825508,-35.591563
658.200000,-35.364935,-35.767424,-35.531443
658.250000,-35.302789,-35.708529,-35.470454
658.300000,-35.239704,-35.648787,-35.408560
658.350000,-35.175635,-35.588160,-35.345718
658.400000,-35.110538,-35.526608,-35.281886
658.450000,-35.044365,-35.464086,-35.217017
658.500000,-34.977064,-35.400551,-35.151061
658.550000,-34.908581,-35.335952,-35.083966
658.600000,-34.838858,-35.270239,-35.015676
658.650000,-34.767831,-35.203354,-34.946131
658.700000,-34.695435,-35.135240,-34.875267
658.750000,-34.621597,-35.065833,-34.803015
658.800000,-34.546242,-34.995065,-34.729301
658.850000,-34.469286,-34.922861,-34.654048
658.900000,-34.390641,-34.849145,-34.577168
658.950000,-34.310212,-34.773832,-34.498572
659.000000,-34.227895,-34.696830,-34.418159
659.050000,-34.143580,-34.618040,-34.335824
659.100000,-34.057144,-34.537357,-34.251451
659.150000,-33.968458,-34.454666,-34.164913
659.200000,-33.877380,-34.369840,-34.076076
659.250000,-33.783753,-34.282743,-33.984791
659.300000,-33.687410,-34.193228,-33.890895
659.350000,-33.588165,-34.101131,-33.794213
659.400000,-33.485816,-34.006276,-33.694551
659.450000,-33.380140,-33.908467,-33.591694
659.500000,-33.270892,-33.807490,-33.485411
659.550000,-33.157802,-33.703109,-33.375442
659.600000,-33.040569,-33.595063,-33.261501
659.650000,-32.918864,-33.483063,-33.143273
659.700000,-32.792315,-33.366789,-33.020405
659.750000,-32.660511,-33.245882,-32.892504
659.800000,-32.522990,-33.119943,-32.759131
659.850000,-32.379235,-32.988524,-32.619792
659.900000,-32.228661,-32.851120,-32.473933
659.950000,-32.070608,-32.707163,-32.320925
660.000000,-31.904325,-32.556007,-32.160055
660.050000,-31.728957,-32.396919,-31.990512
660.100000,-31.543527,-32.229060,-31.811367
660.150000,-31.346908,-32.051470,-31.621554
660.200000,-31.137802,-31.863039,-31.419840
660.250000,-30.914699,-31.662485,-31.204800
660.300000,-30.675839,-31.448315,-30.974767
660.350000,-30.419158,-31.218780,-30.727791
660.400000,-30.142221,-30.971827,-30.461573
660.450000,-29.842140,-30.705023,-30.173388
660.500000,-29.515466,-30.415474,-29.859988
660.550000,-29.158061,-30.099717,-29.517477
660.600000,-28.764928,-29.753579,-29.141154
660.650000,-28.329993,-29.372007,-28.725313
660.700000,-27.845842,-28.948848,-28.262996
660.750000,-27.303381,-28.476573,-27.745675
660.800000,-26.691427,-27.945947,-27.162872
660.850000,-25.996233,-27.345632,-26.501716
660.900000,-25.200986,-26.661771,-25.746468
660.950000,-24.285392,-25.877612,-24.878130
661.000000,-23.225632,-24.973399,-23.874372
661.050000,-21.995262,-23.926937,-22.710321
661.100000,-20.568123,-22.715638,-21.361161
661.150000,-18.924948,-21.321341,-19.808105
661.200000,-17.065372,-19.739331,-18.049337
661.250000,-15.024938,-17.991615,-16.115705
661.300000,-12.890560,-16.140290,-14.085497
661.350000,-10.801398,-14.291517,-12.086521
661.400000,-8.925915,-12.581949,-10.276562
661.450000,-7.422845,-11.150522,-8.808091
661.500000,-6.406093,-10.108934,-7.794859
661.550000,-5.929019,-9.523753,-7.295087
661.600000,-5.989379,-9.414199,-7.313710
661.650000,-6.545555,-9.761006,-7.816046
661.700000,-7.533630,-10.518972,-8.743501
661.750000,-8.879955,-11.628133,-10.025910
661.800000,-10.508762,-13.021898,-11.589558
661.850000,-12.346581,-14.632608,-13.362140
661.900000,-14.325358,-16.395597,-15.276256
661.950000,-16.385203,-18.252468,-17.272327
662.000000,-18.476470,-20.153529,-19.300737
662.050000,-20.560212,-22.058816,-21.322428
662.100000,-22.606663,-23.937396,-23.307611
662.150000,-24.592542,-25.765445,-25.233298
662.200000,-26.498556,-27.524100,-27.080873
662.250000,-28.307977,-29.197890,-28.834582
662.300000,-30.006452,-30.774054,-30.481117
662.350000,-31.582641,-32.242597,-32.010025
662.400000,-33.029073,-33.596701,-33.414387
662.450000,-34.342694,-34.833078,-34.691301
662.500000,-35.524809,-35.951982,-35.841860
662.550000,-36.580442,-36.956816,-36.870616
662.600000,-37.517328,-37.853427,-37.784697
662.650000,-38.344824,-38.649289,-38.592832
662.700000,-39.072969,-39.352728,-39.304474
662.750000,-39.711778,-39.972305,-39.929134
662.800000,-40.270791,-40.516377,-40.475936
662.850000,-40.758827,-40.992830,-40.953367
662.900000,-41.183883,-41.408934,-41.369159
662.950000,-41.553125,-41.771294,-41.730270
663.000000,-41.872929,-42.085851,-42.042908
663.050000,-42.148944,-42.357917,-42.312585
663.100000,-42.386166,-42.592225,-42.544189
663.150000,-42.589011,-42.792981,-42.742043
663.200000,-42.761381,-42.963924,-42.909972
663.250000,-42.906729,-43.108371,-43.051362
663.300000,-43.028107,-43.229271,-43.169210
663.350000,-43.128221,-43.329242,-43.266174
663.400000,-43.209470,-43.410613,-43.344609
663.450000,-43.273980,-43.475453,-43.406605
663.500000,-43.323642,-43.525608,-43.454021
663.550000,-43.360136,-43.562718,-43.488506
663.600000,-43.384954,-43.588247,-43.511529
663.650000,-43.399427,-43.603498,-43.524397
663.700000,-43.404738,-43.609637,-43.528274
663.750000,-43.401941,-43.607700,-43.524197
663.800000,-43.391977,-43.598617,-43.513089
663.850000,-43.375685,-43.583214,-43.495776
663.900000,-43.353811,-43.562232,-43.472993
663.950000,-43.327023,-43.536331,-43.445395
664.000000,-43.295916,-43.506103,-43.413567
664.050000,-43.261022,-43.472075,-43.378032
664.100000,-43.222814,-43.434718,-43.339257
664.150000,-43.181716,-43.394455,-43.297657
664.200000,-43.138105,-43.351663,-43.253602
664.250000,-43.092319,-43.306677,-43.207426
664.300000,-43.044658,-43.259798,-43.159422
664.350000,-42.995390,-43.211295,-43.109855
664.400000,-42.944755,-43.161407,-43.058958
664.450000,-42.892964,-43.110348,-43.006942
664.500000,-42.840207,-43.058308,-42.953992
664.550000,-42.786653,-43.005456,-42.900274
664.600000,-42.732452,-42.951944,-42.845934
664.650000,-42.677737,-42.897905,-42.791105
664.700000,-42.622626,-42.843459,-42.735900
664.750000,-42.567224,-42.788711,-42.680424
664.800000,-42.511622,-42.733755,-42.624766
664.850000,-42.455903,-42.678673,-42.569007
664.900000,-42.400139,-42.623539,-42.513217
664.950000,-42.344392,-42.568415,-42.457458
665.000000,-42.288719,-42.513360,-42.401785
665.050000,-42.233168,-42.458422,-42.346245
665.100000,-42.177780,-42.403643,-42.290878
665.150000,-42.122594,-42.349062,-42.235722
665.200000,-42.067639,-42.294711,-42.180807
665.250000,-42.012944,-42.240616,-42.126158
665.300000,-41.958531,-42.186803,-42.071799
665.350000,-41.904420,-42.133291,-42.017749
665.400000,-41.850627,-42.080096,-41.964022
665.450000,-41.797165,-42.027233,-41.910633
665.500000,-41.744046,-41.974712,-41.857591
665.550000,-41.691277,-41.922543,-41.804905
665.600000,-41.638866,-41.870732,-41.752581
665.650000,-41.586816,-41.819285,-41.700623
665.700000,-41.535132,-41.768204,-41.649033
665.750000,-41.483813,-41.717491,-41.597814
665.800000,-41.432862,-41.667148,-41.546965
665.850000,-41.382276,-41.617172,-41.496485
665.900000,-41.332055,-41.567564,-41.446372
665.950000,-41.282195,-41.518320,-41.396624
666.000000,-41.232693,-41.469437,-41.347237
666.050000,-41.183545,-41.420910,-41.298206
666.100000,-41.134746,-41.372737,-41.249527
666.150000,-41.086292,-41.324910,-41.201195
666.200000,-41.038176,-41.277426,-41.153204
666.250000,-40.990392,-41.230277,-41.105547
666.300000,-40.942934,-41.183459,-41.058219
666.350000,-40.895796,-41.136963,-41.011213
666.400000,-40.848971,-41.090784,-40.964522
666.450000,-40.802451,-41.044914,-40.918139
666.500000,-40.756230,-40.999347,-40.872056
666.550000,-40.710300,-40.954075,-40.826267
666.600000,-40.664654,-40.909091,-40.780763
666.650000,-40.619284,-40.864388,-40.735538
666.700000,-40.574183,-40.819957,-40.690584
666.750000,-40.529344,-40.775792,-40.645894
666.800000,-40.484758,-40.731885,-40.601460
666.850000,-40.440419,-40.688229,-40.557274
666.900000,-40.396319,-40.644816,-40.513329
666.950000,-40.352450,-40.601638,-40.469618
667.000000,-40.308805,-40.558690,-40.426132
667.050000,-40.265377,-40.515962,-40.382866
667.100000,-40.222158,-40.473448,-40.339811
667.150000,-40.179141,-40.431140,-40.296960
667.200000,-40.136319,-40.389032,-40.254306
667.250000,-40.093685,-40.347117,-40.211842
667.300000,-40.051231,-40.305387,-40.169561
667.350000,-40.008951,-40.263835,-40.127456
667.400000,-39.966837,-40.222455,-40.085520
667.450000,-39.924883,-40.181240,-40.043746
667.500000,-39.883083,-40.140183,-40.002128
667.550000,-39.841429,-40.099278,-39.960659
667.600000,-39.799915,-40.058518,-39.919332
667.650000,-39.758535,-40.017897,-39.878141
667.700000,-39.717282,-39.977408,-39.837080
667.750000,-39.676149,-39.937046,-39.796142
667.800000,-39.635131,-39.896803,-39.755321
667.850000,-39.594221,-39.856675,-39.714611
667.900000,-39.553414,-39.816655,-39.674007
667.950000,-39.512703,-39.776737,-39.633501
668.000000,-39.472082,-39.736915,-39.593089
668.050000,-39.431546,-39.697184,-39.552763
668.100000,-39.391088,-39.657538,-39.512520
668.150000,-39.350703,-39.617972,-39.472353
668.200000,-39.310386,-39.578479,-39.432256
668.250000,-39.270131,-39.539055,-39.392224
668.300000,-39.229932,-39.499694,-39.352251
668.350000,-39.189783,-39.460390,-39.312332
668.400000,-39.149680,-39.421139,-39.272462
668.450000,-39.109617,-39.381935,-39.232635
668.500000,-39.069588,-39.342773,-39.192847
668.550000,-39.029589,-39.303648,-39.153091
668.600000,-38.989614,-39.264555,-39.113362
668.650000,-38.949658,-39.225489,-39.073657
668.700000,-38.909715,-39.186444,-39.033968
668.750000,-38.869781,-39.147416,-38.994292
668.800000,-38.829850,-39.108400,-38.954623
668.850000,-38.789917,-39.069391,-38.914956
668.900000,-38.749978,-39.030384,-38.875285
668.950000,-38.710026,-38.991373,-38.835607
669.000000,-38.670057,-38.952355,-38.795916
669.050000,-38.630065,-38.913324,-38.756207
669.100000,-38.590046,-38.874275,-38.716474
669.150000,-38.549995,-38.835204,-38.676713
669.200000,-38.509906,-38.796105,-38.636919
669.250000,-38.469774,-38.756974,-38.597087
669.300000,-38.429594,-38.717806,-38.557212
669.350000,-38.389361,-38.678597,-38.517288
669.400000,-38.349070,-38.639340,-38.477312
669.450000,-38.308716,-38.600031,-38.437276
669.500000,-38.268293,-38.560666,-38.397178
669.550000,-38.227796,-38.521239,-38.357010
669.600000,-38.187220,-38.481746,-38.316769
669.650000,-38.146560,-38.442181,-38.276449
669.700000,-38.105810,-38.402539,-38.236045
669.750000,-38.064964,-38.362815,-38.195550
669.800000,-38.024018,-38.323005,-38.154961
669.850000,-37.982965,-38.283102,-38.114272
669.900000,-37.941801,-38.243102,-38.073476
669.950000,-37.900518,-38.202999,-38.032569
670.000000,-37.859112,-38.162787,-37.991544
670.050000,-37.817576,-38.122463,-37.950397
670.100000,-37.775905,-38.082018,-37.909121
670.150000,-37.734092,-38.041449,-37.867710
670.200000,-37.692132,-38.000749,-37.826158
670.250000,-37.650017,-37.959912,-37.784458
670.300000,-37.607741,-37.918933,-37.742606
670.350000,-37.565298,-37.877804,-37.700593
670.400000,-37.522681,-37.836521,-37.658414
670.450000,-37.479883,-37.795076,-37.616062
670.500000,-37.436896,-37.753463,-37.573529
670.550000,-37.393714,-37.711676,-37.530809
670.600000,-37.350330,-37.669707,-37.487895
670.650000,-37.306734,-37.627549,-37.444779
670.700000,-37.262921,-37.585196,-37.401454
670.750000,-37.218881,-37.542640,-37.357911
670.800000,-37.174607,-37.499873,-37.314144
670.850000,-37.130089,-37.456887,-37.270142
670.900000,-37.085320,-37.413675,-37.225899
670.950000,-37.040290,-37.370229,-37.181406
671.000000,-36.994990,-37.326539,-37.136652
671.050000,-36.949410,-37.282598,-37.091630
671.100000,-36.903541,-37.238395,-37.046329
671.150000,-36.857372,-37.193923,-37.000740
671.200000,-36.810892,-37.149170,-36.954852
671.250000,-36.764092,-37.104128,-36.908655
671.300000,-36.716958,-37.058786,-36.862138
671.350000,-36.669481,-37.013132,-36.815289
671.400000,-36.621646,-36.967157,-36.768097
671.450000,-36.573443,-36.920849,-36.720549
671.500000,-36.524857,-36.874195,-36.672632
671.550000,-36.475875,-36.827183,-36.624334
671.600000,-36.426483,-36.779801,-36.575641
671.650000,-36.376665,-36.732034,-36.526538
671.700000,-36.326407,-36.683870,-36.477011
671.750000,-36.275693,-36.635293,-36.427043
671.800000,-36.224505,-36.586289,-36.376619
671.850000,-36.172826,-36.536841,-36.325722
671.900000,-36.120638,-36.486932,-36.274334
671.950000,-36.067921,-36.436547,-36.222437
672.000000,-36.014656,-36.385665,-36.170011
672.050000,-35.960822,-36.334270,-36.117035
672.100000,-35.906396,-36.282340,-36.063490
672.150000,-35.851355,-36.229854,-36.009351
672.200000,-35.795675,-36.176792,-35.954596
672.250000,-35.739330,-36.123130,-35.899201
672.300000,-35.682294,-36.068843,-35.843139
672.350000,-35.624538,-36.013907,-35.786383
672.400000,-35.566033,-35.958294,-35.728904
672.450000,-35.506746,-35.901976,-35.670671
672.500000,-35.446644,-35.844924,-35.611654
672.550000,-35.385693,-35.787106,-35.551817
672.600000,-35.323855,-35.728489,-35.491125
672.650000,-35.261091,-35.669036,-35.429541
672.700000,-35.197358,-35.608712,-35.367023
672.750000,-35.132613,-35.547476,-35.303530
672.800000,-35.066809,-35.485286,-35.239015
672.850000,-34.999894,-35.422098,-35.173431
672.900000,-34.931816,-35.357863,-35.106726
672.950000,-34.862517,-35.292531,-35.038846
673.000000,-34.791937,-35.226048,-34.969731
673.050000,-34.720010,-35.158356,-34.899319
673.100000,-34.646667,-35.089392,-34.827543
673.150000,-34.571832,-35.019090,-34.754331
673.200000,-34.495426,-34.947379,-34.679606
673.250000,-34.417361,-34.874182,-34.603284
673.300000,-34.337544,-34.799417,-34.525277
673.350000,-34.255876,-34.722995,-34.445489
673.400000,-34.172247,-34.644819,-34.363814
673.450000,-34.086541,-34.564787,-34.280142
673.500000,-33.998629,-34.482787,-34.194348
673.550000,-33.908374,-34.398695,-34.106303
673.600000,-33.815625,-34.312380,-34.015860
673.650000,-33.720217,-34.223698,-33.922864
673.700000,-33.621973,-34.132490,-33.827142
673.750000,-33.520694,-34.038586,-33.728507
673.800000,-33.416166,-33.941796,-33.626753
673.850000,-33.308152,-33.841912,-33.521653
673.900000,-33.196389,-33.738707,-33.412957
673.950000,-33.080589,-33.631928,-33.300390
674.000000,-32.960431,-33.521296,-33.183645
674.050000,-32.835559,-33.406501,-33.062383
674.100000,-32.705576,-33.287199,-32.936226
674.150000,-32.570039,-33.163004,-32.804751
674.200000,-32.428448,-33.033487,-32.667483
674.250000,-32.280243,-32.898161,-32.523889
674.300000,-32.124791,-32.756483,-32.373367
674.350000,-31.961374,-32.607832,-32.215234
674.400000,-31.789173,-32.451507,-32.048713
674.450000,-31.607254,-32.286707,-31.872919
674.500000,-31.414545,-32.112515,-31.686832
674.550000,-31.209807,-31.927874,-31.489281
674.600000,-30.991608,-31.731564,-31.278909
674.650000,-30.758277,-31.522168,-31.054135
674.700000,-30.507859,-31.298028,-30.813112
674.750000,-30.238052,-31.057201,-30.553665
674.800000,-29.946131,-30.797391,-30.273224
674.850000,-29.628851,-30.515869,-29.968728
674.900000,-29.282324,-30.209379,-29.636517
674.950000,-28.901861,-29.874005,-29.272181
675.000000,-28.481780,-29.505012,-28.870379
675.050000,-28.015154,-29.096647,-28.424605
675.100000,-27.493497,-28.641877,-27.926901
675.150000,-26.906380,-28.132086,-27.367494
675.200000,-26.240978,-27.556691,-26.734372
675.250000,-25.481567,-26.902731,-26.012815
675.300000,-24.609057,-26.154462,-25.184956
675.350000,-23.600783,-25.293126,-24.229558
675.400000,-22.430990,-24.297215,-23.122433
675.450000,-21.072909,-23.143906,-21.838284
675.500000,-19.503902,-21.812773,-20.355340
675.550000,-17.715520,-20.293260,-18.664497
675.600000,-15.729162,-18.596719,-16.783689
675.650000,-13.613293,-16.770583,-14.774063
675.700000,-11.490793,-14.906717,-12.747778
675.750000,-9.524166,-13.134125,-10.855976
675.800000,-7.879979,-11.594527,-9.257142
675.850000,-6.690152,-10.411577,-8.080976
675.900000,-6.028812,-9.668060,-7.405033
675.950000,-5.910972,-9.398572,-7.251049
676.000000,-6.306259,-9.595470,-7.595889
676.050000,-7.156601,-10.220919,-8.387423
676.100000,-8.390563,-11.218870,-9.558291
676.150000,-9.932483,-12.524238,-11.035307
676.200000,-11.707733,-14.069220,-12.745254
676.250000,-13.646114,-15.787742,-14.618730
676.300000,-15.684699,-17.618967,-16.593225
676.350000,-17.770234,-19.510070,-18.615603
676.400000,-19.860242,-21.417802,-20.643301
676.450000,-21.922132,-23.308356,-22.643646
676.500000,-23.930749,-25.155759,-24.591652
676.550000,-25.865680,-26.939692,-26.467454
676.600000,-27.709407,-28.643659,-28.254431
676.650000,-29.446736,-30.254010,-29.938437
676.700000,-31.065212,-31.759780,-31.507979
676.750000,-32.555974,-33.153029,-32.954877
676.800000,-33.914453,-34.429256,-34.274847
676.850000,-35.140527,-35.587546,-35.467671
676.900000,-36.238069,-36.630305,-36.536821
676.950000,-37.214020,-37.562647,-37.488665
677.000000,-38.077307,-38.391588,-38.331498
677.050000,-38.837830,-39.125245,-39.074615
677.100000,-39.505675,-39.772156,-39.727567
677.150000,-40.090577,-40.340786,-40.299646
677.200000,-40.601618,-40.839202,-40.799572
677.250000,-41.047074,-41.274889,-41.235339
677.300000,-41.434391,-41.654680,-41.614163
677.350000,-41.770204,-41.984737,-41.942501
677.400000,-42.060400,-42.270578,-42.226093
677.450000,-42.310186,-42.517126,-42.470030
677.500000,-42.524166,-42.728760,-42.678816
677.550000,-42.706408,-42.909367,-42.856439
677.600000,-42.860510,-43.062405,-43.006427
677.650000,-42.989654,-43.190939,-43.131903
677.700000,-43.096658,-43.297695,-43.235634
677.750000,-43.184020,-43.385096,-43.320072
677.800000,-43.253953,-43.455296,-43.387395
677.850000,-43.308426,-43.510211,-43.439534
677.900000,-43.349186,-43.551549,-43.478208
677.950000,-43.377786,-43.580831,-43.504943
678.000000,-43.395609,-43.599412,-43.521100
678.050000,-43.403886,-43.608502,-43.527888
678.100000,-43.403714,-43.609181,-43.526385
678.150000,-43.396069,-43.602411,-43.517552
678.200000,-43.381823,-43.589052,-43.502246
678.250000,-43.361753,-43.569875,-43.481230
678.300000,-43.336553,-43.545564,-43.455187
678.350000,-43.306840,-43.516733,-43.424725
678.400000,-43.273168,-43.483931,-43.390386
678.450000,-43.236028,-43.447648,-43.352655
678.500000,-43.195860,-43.408321,-43.311964
678.550000,-43.153058,-43.366342,-43.268698
678.600000,-43.107970,-43.322060,-43.223203
678.650000,-43.060910,-43.275789,-43.175784
678.700000,-43.012156,-43.227805,-43.126716
678.750000,-42.961957,-43.178359,-43.076244
678.800000,-42.910533,-43.127673,-43.024583
678.850000,-42.858082,-43.075943,-42.971929
678.900000,-42.804779,-43.023348,-42.918452
678.950000,-42.750781,-42.970042,-42.864307
679.000000,-42.696226,-42.916167,-42.809629
679.050000,-42.641236,-42.861846,-42.754539
679.100000,-42.585921,-42.807189,-42.699143
679.150000,-42.530376,-42.752293,-42.643537
679.200000,-42.474688,-42.697245,-42.587804
679.250000,-42.418932,-42.642120,-42.532017
679.300000,-42.363173,-42.586987,-42.476241
679.350000,-42.307469,-42.531902,-42.420533
679.400000,-42.251871,-42.476919,-42.364943
679.450000,-42.196424,-42.422083,-42.309514
679.500000,-42.141166,-42.367431,-42.254283
679.550000,-42.086130,-42.312999,-42.199283
679.600000,-42.031344,-42.258815,-42.144542
679.650000,-41.976833,-42.204904,-42.090083
679.700000,-41.922619,-42.151288,-42.035926
679.750000,-41.868717,-42.097984,-41.982089
679.800000,-41.815142,-42.045008,-41.928585
679.850000,-41.761906,-41.992370,-41.875424
679.900000,-41.709018,-41.940082,-41.822617
679.950000,-41.656485,-41.888149,-41.770170
680.000000,-41.604313,-41.836579,-41.718088
680.050000,-41.552505,-41.785374,-41.666374
680.100000,-41.501063,-41.734537,-41.615029
680.150000,-41.449988,-41.684069,-41.564055
680.200000,-41.399279,-41.633969,-41.513451
680.250000,-41.348935,-41.584237,-41.463215
680.300000,-41.298953,-41.534870,-41.413344
680.350000,-41.249331,-41.485866,-41.363835
680.400000,-41.200064,-41.437220,-41.314685
680.450000,-41.151148,-41.388927,-41.265888
680.500000,-41.102578,-41.340984,-41.217439
680.550000,-41.054348,-41.293385,-41.169333
680.600000,-41.006452,-41.246124,-41.121565
680.650000,-40.958885,-41.199195,-41.074126
680.700000,-40.911640,-41.152591,-41.027012
680.750000,-40.864710,-41.106305,-40.980216
680.800000,-40.818088,-41.060332,-40.933729
680.850000,-40.771766,-41.014664,-40.887546
680.900000,-40.725739,-40.969293,-40.841658
680.950000,-40.679998,-40.924212,-40.796059
681.000000,-40.634536,-40.879415,-40.750741
681.050000,-40.589345,-40.834893,-40.705696
681.100000,-40.544418,-40.790639,-40.660918
681.150000,-40.499748,-40.746646,-40.616398
681.200000,-40.455326,-40.702906,-40.572129
681.250000,-40.411146,-40.659411,-40.528103
681.300000,-40.367200,-40.616155,-40.484314
681.350000,-40.323480,-40.573130,-40.440753
681.400000,-40.279979,-40.530328,-40.397413
681.450000,-40.236691,-40.487743,-40.354288
681.500000,-40.193606,-40.445366,-40.311369
681.550000,-40.150719,-40.403192,-40.268649
681.600000,-40.108022,-40.361212,-40.226122
681.650000,-40.065508,-40.319420,-40.183780
681.700000,-40.023170,-40.277809,-40.141616
681.750000,-39.981001,-40.236371,-40.099623
681.800000,-39.938994,-40.195101,-40.057795
681.850000,-39.897142,-40.153992,-40.016125
681.900000,-39.855440,-40.113036,-39.974606
681.950000,-39.813879,-40.072227,-39.933232
682.000000,-39.772454,-40.031560,-39.891996
682.050000,-39.731159,-39.991027,-39.850892
682.100000,-39.689986,-39.950623,-39.809913
682.150000,-39.648930,-39.910340,-39.769053
682.200000,-39.607984,-39.870174,-39.728306
682.250000,-39.567143,-39.830118,-39.687667
682.300000,-39.526399,-39.790166,-39.647128
682.350000,-39.485749,-39.750312,-39.606685
682.400000,-39.445184,-39.710551,-39.566331
682.450000,-39.404701,-39.670877,-39.526060
682.500000,-39.364292,-39.631284,-39.485868
682.550000,-39.323953,-39.591767,-39.445747
682.600000,-39.283677,-39.552320,-39.405694
682.650000,-39.243459,-39.512938,-39.365701
682.700000,-39.203294,-39.473616,-39.325765
682.750000,-39.163176,-39.434347,-39.285879
682.800000,-39.123100,-39.395128,-39.246038
682.850000,-39.083060,-39.355952,-39.206237
682.900000,-39.043051,-39.316815,-39.166470
682.950000,-39.003068,-39.277712,-39.126733
683.000000,-38.963106,-39.238637,-39.087020
683.050000,-38.923159,-39.199585,-39.047326
683.100000,-38.883223,-39.160552,-39.007646
683.150000,-38.843291,-39.121532,-38.967975
683.200000,-38.803359,-39.082521,-38.928307
683.250000,-38.763422,-39.043514,-38.888639
683.300000,-38.723475,-39.004505,-38.848964
683.350000,-38.683512,-38.965489,-38.809277
683.400000,-38.643528,-38.926463,-38.769574
683.450000,-38.603519,-38.887420,-38.729850
683.500000,-38.563479,-38.848357,-38.690099
683.550000,-38.523403,-38.809268,-38.650317
683.600000,-38.483286,-38.770148,-38.610498
683.650000,-38.443123,-38.730993,-38.570637
683.700000,-38.402908,-38.691798,-38.530730
683.750000,-38.362637,-38.652557,-38.490772
683.800000,-38.322304,-38.613267,-38.450757
683.850000,-38.281905,-38.573921,-38.410680
683.900000,-38.241434,-38.534515,-38.370536
683.950000,-38.200885,-38.495044,-38.330320
684.000000,-38.160253,-38.455504,-38.290027
684.050000,-38.119534,-38.415888,-38.249651
684.100000,-38.078721,-38.376193,-38.209188
684.150000,-38.037809,-38.336412,-38.168631
684.200000,-37.996792,-38.296540,-38.127975
684.250000,-37.955666,-38.256573,-38.087216
684.300000,-37.914423,-38.216505,-38.046347
684.350000,-37.873059,-38.176331,-38.005362
684.400000,-37.831568,-38.136045,-37.964257
684.450000,-37.789943,-38.095641,-37.923024
684.500000,-37.748178,-38.055114,-37.881659
684.550000,-37.706268,-38.014459,-37.840155
684.600000,-37.664205,-37.973669,-37.798506
684.650000,-37.621984,-37.932738,-37.756705
684.700000,-37.579598,-37.891660,-37.714747
684.750000,-37.537040,-37.850429,-37.672625
684.800000,-37.494303,-37.809039,-37.630331
684.850000,-37.451381,-37.767484,-37.587860
684.900000,-37.408265,-37.725756,-37.545204
684.950000,-37.364950,-37.683848,-37.502356
685.000000,-37.321426,-37.641755,-37.459308
685.050000,-37.277687,-37.599468,-37.416054
685.100000,-37.233724,-37.556981,-37.372585
685.150000,-37.189529,-37.514285,-37.328894
685.200000,-37.145094,-37.471374,-37.284972
685.250000,-37.100410,-37.428239,-37.240811
685.300000,-37.055469,-37.384872,-37.196403
685.350000,-37.010261,-37.341265,-37.151737
685.400000,-36.964776,-37.297409,-37.106806
685.450000,-36.919005,-37.253295,-37.061600
685.500000,-36.872938,-37.208915,-37.016109
685.550000,-36.826564,-37.164257,-36.970323
685.600000,-36.779872,-37.119313,-36.924231
685.650000,-36.732852,-37.074073,-36.877822
685.700000,-36.685491,-37.028525,-36.831086
685.750000,-36.637778,-36.982660,-36.784010
685.800000,-36.589700,-36.936464,-36.736583
685.850000,-36.541244,-36.889928,-36.688792
685.900000,-36.492397,-36.843038,-36.640624
685.950000,-36.443144,-36.795781,-36.592065
686.000000,-36.393471,-36.748146,-36.543101
686.050000,-36.343363,-36.700117,-36.493718
686.100000,-36.292803,-36.651680,-36.443900
686.150000,-36.241776,-36.602821,-36.393632
686.200000,-36.190265,-36.553524,-36.342896
686.250000,-36.138250,-36.503772,-36.291675
686.300000,-36.085713,-36.453549,-36.239951
686.350000,-36.032635,-36.402836,-36.187704
686.400000,-35.978994,-36.351615,-36.134916
686.450000,-35.924769,-36.299867,-36.081564
686.500000,-35.869938,-36.247571,-36.027627
686.550000,-35.814475,-36.194705,-35.973083
686.600000,-35.758357,-36.141247,-35.917905
686.650000,-35.701556,-36.087173,-35.862070
686.700000,-35.644046,-36.032458,-35.805550
686.750000,-35.585795,-35.977075,-35.748318
686.800000,-35.526775,-35.920998,-35.690342
686.850000,-35.466951,-35.864196,-35.631592
686.900000,-35.406289,-35.806639,-35.572035
686.950000,-35.344754,-35.748294,-35.511634
687.000000,-35.282305,-35.689126,-35.450354
687.050000,-35.218903,-35.629099,-35.388155
687.100000,-35.154504,-35.568174,-35.324995
687.150000,-35.089060,-35.506310,-35.260829
687.200000,-35.022525,-35.443462,-35.195610
687.250000,-34.954844,-35.379585,-35.129287
687.300000,-34.885962,-35.314628,-35.061808
687.350000,-34.815820,-35.248538,-34.993115
687.400000,-34.744353,-35.181259,-34.923147
687.450000,-34.671494,-35.112730,-34.851837
687.500000,-34.597170,-35.042885,-34.779116
687.550000,-34.521301,-34.971656,-34.704908
687.600000,-34.443803,-34.898968,-34.629133
687.650000,-34.364587,-34.824739,-34.551703
687.700000,-34.283553,-34.748885,-34.472525
687.750000,-34.200596,-34.671310,-34.391496
687.800000,-34.115601,-34.591914,-34.308509
687.850000,-34.028446,-34.510588,-34.223443
687.900000,-33.938995,-34.427214,-34.136170
687.950000,-33.847102,-34.341662,-34.046550
688.000000,-33.752607,-34.253792,-33.954431
688.050000,-33.655338,-34.163453,-33.859645
688.100000,-33.555102,-34.070475,-33.762012
688.150000,-33.451692,-33.974678,-33.661331
688.200000,-33.344878,-33.875858,-33.557382
688.250000,-33.234406,-33.773797,-33.449925
688.300000,-33.119997,-33.668249,-33.338691
688.350000,-33.001342,-33.558945,-33.223387
688.400000,-32.878098,-33.445587,-33.103684
688.450000,-32.749881,-33.327841,-32.979218
688.500000,-32.616263,-33.205337,-32.849581
688.550000,-32.476767,-33.077660,-32.714317
688.600000,-32.330853,-32.944345,-32.572914
688.650000,-32.177914,-32.804868,-32.424794
688.700000,-32.017261,-32.658635,-32.269301
688.750000,-31.848111,-32.504975,-32.105694
688.800000,-31.669572,-32.343121,-31.933124
688.850000,-31.480621,-32.172197,-31.750621
688.900000,-31.280077,-31.991197,-31.557066
688.950000,-31.066578,-31.798959,-31.351170
689.000000,-30.838537,-31.594135,-31.131430
689.050000,-30.594103,-31.375154,-30.896096
689.100000,-30.331097,-31.140175,-30.643109
689.150000,-30.046946,-30.887029,-30.370042
689.200000,-29.738593,-30.613143,-30.074011
689.250000,-29.402379,-30.315450,-29.751572
689.300000,-29.033908,-29.990272,-29.398583
689.350000,-28.627854,-29.633170,-29.010041
689.400000,-28.177741,-29.238759,-28.579862
689.450000,-27.675647,-28.800469,-28.100613
689.500000,-27.111843,-28.310254,-27.563173
689.550000,-26.474366,-27.758238,-26.956337
689.600000,-25.748521,-27.132308,-26.266347
689.650000,-24.916394,-26.417693,-25.476435
689.700000,-23.956515,-25.596655,-24.566496
689.750000,-22.844041,-24.648527,-23.513221
689.800000,-21.552159,-23.550656,-22.291341
689.850000,-20.056000,-22.281193,-20.877140
689.900000,-18.340857,-20.825142,-19.255896
689.950000,-16.416084,-19.184907,-17.434592
690.000000,-14.332702,-17.394342,-15.458282
690.050000,-12.195684,-15.530251,-13.422167
690.100000,-10.157395,-13.711146,-11.467037
690.150000,-8.387656,-12.077906,-9.753124
690.200000,-7.033673,-10.763452,-8.423322
690.250000,-6.190198,-9.865938,-7.574101
690.300000,-5.891106,-9.436030,-7.245275
690.350000,-6.119297,-9.479089,-7.427079
690.400000,-6.824166,-9.966003,-8.075404
690.450000,-7.937501,-10.845663,-9.126741
690.500000,-9.384324,-12.055194,-10.509070
690.550000,-11.089227,-13.527140,-12.148691
690.600000,-12.980191,-15.194419,-13.974553
690.650000,-14.991542,-16.994085,-15.921514
690.700000,-17.066564,-18.870368,-17.933069
690.750000,-19.159155,-20.776726,-19.963079
690.800000,-21.233615,-22.676298,-21.975735
690.850000,-23.262608,-24.540714,-23.943761
690.900000,-25.224389,-26.347989,-25.845830
690.950000,-27.100595,-28.080498,-27.664372
691.000000,-28.875242,-29.723689,-29.384427
691.050000,-30.534868,-31.265670,-30.993550
691.100000,-32.069308,-32.697434,-32.482368
691.150000,-33.472498,-34.013290,-33.845242
691.200000,-34.742845,-35.211123,-35.080603
691.250000,-35.882963,-36.292280,-36.190754
691.300000,-36.898881,-37.261045,-37.181193
691.350000,-37.798977,-38.123889,-38.059677
691.400000,-38.592926,-38.888642,-38.835258
691.450000,-39.290822,-39.563766,-39.517471
691.500000,-39.902565,-40.157794,-40.115739
691.550000,-40.437477,-40.678953,-40.638997
691.600000,-40.904115,-41.134938,-41.095494
691.650000,-41.310202,-41.532804,-41.492709
691.700000,-41.662641,-41.878937,-41.837348
691.750000,-41.967563,-42.179069,-42.135387
691.800000,-42.230395,-42.438315,-42.392128
691.850000,-42.455936,-42.661232,-42.612264
691.900000,-42.648427,-42.851866,-42.799951
691.950000,-42.811616,-43.013814,-42.958864
692.000000,-42.948821,-43.150267,-43.092257
692.050000,-43.062977,-43.264062,-43.203012
692.100000,-43.156682,-43.357718,-43.293681
692.150000,-43.232245,-43.433477,-43.366532
692.200000,-43.291712,-43.493331,-43.423575
692.250000,-43.336900,-43.539056,-43.466597
692.300000,-43.369426,-43.572232,-43.497187
692.350000,-43.390729,-43.594270,-43.516759
692.400000,-43.402087,-43.606425,-43.526571
692.450000,-43.404641,-43.609819,-43.527743
692.500000,-43.399407,-43.605453,-43.521274
692.550000,-43.387289,-43.594220,-43.508055
692.600000,-43.369097,-43.576918,-43.488879
692.650000,-43.345549,-43.554261,-43.464455
692.700000,-43.317289,-43.526886,-43.435415
692.750000,-43.284890,-43.495362,-43.402323
692.800000,-43.248864,-43.460198,-43.365682
692.850000,-43.209669,-43.421849,-43.325940
692.900000,-43.167711,-43.380720,-43.283500
692.950000,-43.123355,-43.337176,-43.238718
693.000000,-43.076925,-43.291541,-43.191914
693.050000,-43.028712,-43.244104,-43.143373
693.100000,-42.978972,-43.195124,-43.093347
693.150000,-42.927937,-43.144831,-43.042063
693.200000,-42.875811,-43.093432,-42.989722
693.250000,-42.822776,-43.041109,-42.936504
693.300000,-42.768995,-42.988025,-42.882567
693.350000,-42.714613,-42.934327,-42.828054
693.400000,-42.659756,-42.880143,-42.773090
693.450000,-42.604539,-42.825587,-42.717786
693.500000,-42.549061,-42.770761,-42.662241
693.550000,-42.493413,-42.715755,-42.606541
693.600000,-42.437671,-42.660649,-42.550765
693.650000,-42.381906,-42.605511,-42.494978
693.700000,-42.326177,-42.550404,-42.439242
693.750000,-42.270539,-42.495381,-42.383607
693.800000,-42.215036,-42.440490,-42.328119
693.850000,-42.159710,-42.385772,-42.272817
693.900000,-42.104596,-42.331263,-42.217736
693.950000,-42.049723,-42.276992,-42.162905
694.000000,-41.995117,-42.222987,-42.108348
694.050000,-41.940801,-42.169270,-42.054088
694.100000,-41.886792,-42.115859,-42.000142
694.150000,-41.833105,-42.062771,-41.946524
694.200000,-41.779754,-42.010018,-41.893247
694.250000,-41.726748,-41.957611,-41.840320
694.300000,-41.674096,-41.905558,-41.787751
694.350000,-41.621802,-41.853865,-41.735546
694.400000,-41.569871,-41.802537,-41.683707
694.450000,-41.518305,-41.751576,-41.632238
694.500000,-41.467107,-41.700984,-41.581140
694.550000,-41.416275,-41.650760,-41.530411
694.600000,-41.365808,-41.600905,-41.480051
694.650000,-41.315705,-41.551415,-41.430058
694.700000,-41.265962,-41.502289,-41.380427
694.750000,-41.216576,-41.453523,-41.331157
694.800000,-41.167542,-41.405112,-41.282241
694.850000,-41.118856,-41.357052,-41.233676
694.900000,-41.070512,-41.309338,-41.185456
694.950000,-41.022505,-41.261963,-41.137574
695.000000,-40.974828,-41.214923,-41.090025
695.050000,-40.927475,-41.168210,-41.042803
695.100000,-40.880440,-41.121818,-40.995900
695.150000,-40.833714,-41.075741,-40.949310
695.200000,-40.787293,-41.029970,-40.903025
695.250000,-40.741167,-40.984500,-40.857039
695.300000,-40.695330,-40.939323,-40.811343
695.350000,-40.649775,-40.894431,-40.765932
695.400000,-40.604494,-40.849817,-40.720796
695.450000,-40.559479,-40.805474,-40.675928
695.500000,-40.514723,-40.761393,-40.631322
695.550000,-40.470218,-40.717569,-40.586970
695.600000,-40.425958,-40.673993,-40.542863
695.650000,-40.381934,-40.630657,-40.498995
695.700000,-40.338139,-40.587555,-40.455358
695.750000,-40.294565,-40.544679,-40.411944
695.800000,-40.251206,-40.502021,-40.368747
695.850000,-40.208053,-40.459575,-40.325760
695.900000,-40.165100,-40.417333,-40.282974
695.950000,-40.122340,-40.375289,-40.240382
696.000000,-40.079765,-40.333434,-40.197979
696.050000,-40.037368,-40.291763,-40.155756
696.100000,-39.995143,-40.250268,-40.113706
696.150000,-39.953082,-40.208942,-40.071823
696.200000,-39.911179,-40.167779,-40.030101
696.250000,-39.869427,-40.126772,-39.988532
696.300000,-39.827819,-40.085915,-39.947109
696.350000,-39.786349,-40.045200,-39.905827
696.400000,-39.745011,-40.004623,-39.864679
696.450000,-39.703797,-39.964176,-39.823659
696.500000,-39.662703,-39.923853,-39.782759
696.550000,-39.621720,-39.883648,-39.741975
696.600000,-39.580844,-39.843556,-39.701300
696.650000,-39.540069,-39.803569,-39.660728
696.700000,-39.499387,-39.763683,-39.620253
696.750000,-39.458795,-39.723891,-39.579870
696.800000,-39.418284,-39.684188,-39.539572
696.850000,-39.377851,-39.644569,-39.499353
696.900000,-39.337489,-39.605027,-39.459209
696.950000,-39.297192,-39.565557,-39.419134
697.000000,-39.256955,-39.526153,-39.379121
697.050000,-39.216773,-39.486811,-39.339166
697.100000,-39.176639,-39.447525,-39.299264
697.150000,-39.136549,-39.408289,-39.259408
697.200000,-39.096498,-39.369100,-39.219594
697.250000,-39.056479,-39.329950,-39.179816
697.300000,-39.016488,-39.290836,-39.140069
697.350000,-38.976519,-39.251751,-39.100349
697.400000,-38.936568,-39.212692,-39.060649
697.450000,-38.896628,-39.173653,-39.020965
697.500000,-38.856695,-39.134629,-38.981291
697.550000,-38.816764,-39.095616,-38.941623
697.600000,-38.776829,-39.056607,-38.901955
697.650000,-38.736885,-39.017599,-38.862282
697.700000,-38.696928,-38.978586,-38.822600
697.750000,-38.656952,-38.939564,-38.782903
697.800000,-38.616952,-38.900527,-38.743186
697.850000,-38.576922,-38.861472,-38.703444
697.900000,-38.536859,-38.822392,-38.663673
697.950000,-38.496756,-38.783283,-38.623867
698.000000,-38.456608,-38.744140,-38.584021
698.050000,-38.416411,-38.704958,-38.544130
698.100000,-38.376160,-38.665733,-38.504189
698.150000,-38.335848,-38.626460,-38.464193
698.200000,-38.295472,-38.587133,-38.424137
698.250000,-38.255025,-38.547748,-38.384017
698.300000,-38.214502,-38.508299,-38.343825
698.350000,-38.173899,-38.468782,-38.303558
698.400000,-38.133210,-38.429192,-38.263211
698.450000,-38.092428,-38.389524,-38.222777
698.500000,-38.051550,-38.349772,-38.182252
698.550000,-38.010569,-38.309932,-38.141630
698.600000,-37.969480,-38.269997,-38.100906
698.650000,-37.928277,-38.229963,-38.060074
698.700000,-37.886954,-38.189825,-38.019129
698.750000,-37.845506,-38.149577,-37.978065
698.800000,-37.803926,-38.109213,-37.936875
698.850000,-37.762209,-38.068728,-37.895555
698.900000,-37.720348,-38.028116,-37.854098
698.950000,-37.678337,-37.987372,-37.812498
699.000000,-37.636170,-37.946489,-37.770749
699.050000,-37.593840,-37.905461,-37.728844
699.100000,-37.551340,-37.864282,-37.686777
699.150000,-37.508664,-37.822946,-37.644542
699.200000,-37.465804,-37.781447,-37.602131
699.250000,-37.422754,-37.739777,-37.559538
699.300000,-37.379507,-37.697930,-37.516755
699.350000,-37.336053,-37.655900,-37.473775
699.400000,-37.292387,-37.613679,-37.430591
699.450000,-37.248500,-37.571259,-37.387195
699.500000,-37.204384,-37.528634,-37.343579
699.550000,-37.160030,-37.485796,-37.299735
699.600000,-37.115431,-37.442737,-37.255655
699.650000,-37.070577,-37.399449,-37.211330
699.700000,-37.025459,-37.355923,-37.166752
699.750000,-36.980068,-37.312152,-37.121911
699.800000,-36.934394,-37.268125,-37.076798
699.850000,-36.888427,-37.223835,-37.031404
699.900000,-36.842157,-37.179271,-36.985717
699.950000,-36.795573,-37.134425,-36.939729
700.000000,-36.748664,-37.089285,-36.893428
700.050000,-37.143674,-37.332782,-37.230235
700.100000,-37.410478,-37.554778,-37.482576
700.150000,-37.630270,-37.751824,-37.695967
700.200000,-37.826697,-37.932832,-37.888259
700.250000,-38.008922,-38.103042,-38.067271
700.300000,-38.181313,-38.265399,-38.236966
700.350000,-38.346271,-38.421675,-38.399575
700.400000,-38.505249,-38.572991,-38.556467
700.450000,-38.659191,-38.720095,-38.708534
700.500000,-38.808751,-38.863505,-38.856392
700.550000,-38.954402,-39.003593,-39.000487
700.600000,-39.096500,-39.140636,-39.141153
700.650000,-39.235323,-39.274849,-39.278652
700.700000,-39.371094,-39.406402,-39.413193
700.750000,-39.503997,-39.535433,-39.544948
700.800000,-39.634185,-39.662059,-39.674062
700.850000,-39.761792,-39.786379,-39.800660
700.900000,-39.886932,-39.908481,-39.924851
700.950000,-40.009708,-40.028443,-40.046730
701.000000,-40.130210,-40.146333,-40.166384
701.050000,-40.248521,-40.262215,-40.283892
701.100000,-40.364716,-40.376148,-40.399324
701.150000,-40.478865,-40.488187,-40.512748
701.200000,-40.591032,-40.598385,-40.624225
701.250000,-40.701280,-40.706788,-40.733814
701.300000,-40.809665,-40.813446,-40.841570
701.350000,-40.916241,-40.918402,-40.947545
701.400000,-41.021062,-41.021700,-41.051790
701.450000,-41.124175,-41.123381,-41.154352
701.500000,-41.225630,-41.223488,-41.255278
701.550000,-41.325472,-41.322058,-41.354613
701.600000,-41.423745,-41.419131,-41.452398
701.650000,-41.520493,-41.514744,-41.548677
701.700000,-41.615757,-41.608934,-41.643490
701.750000,-41.709577,-41.701737,-41.736876
701.800000,-41.801993,-41.793188,-41.828873
701.850000,-41.893043,-41.883322,-41.919519
701.900000,-41.982763,-41.972171,-42.008850
701.950000,-42.071190,-42.059770,-42.096900
702.000000,-42.158359,-42.146150,-42.183706
702.050000,-42.244304,-42.231342,-42.269299
702.100000,-42.329058,-42.315378,-42.353712
702.150000,-42.412653,-42.398288,-42.436978
702.200000,-42.495122,-42.480100,-42.519127
702.250000,-42.576493,-42.560844,-42.600189
702.300000,-42.656798,-42.640548,-42.680194
702.350000,-42.736066,-42.719239,-42.759171
702.400000,-42.814324,-42.796944,-42.837147
702.450000,-42.891601,-42.873690,-42.914149
702.500000,-42.967922,-42.949501,-42.990204
702.550000,-43.043315,-43.024402,-43.065337
702.600000,-43.117804,-43.098419,-43.139574
702.650000,-43.191413,-43.171573,-43.212938
702.700000,-43.264167,-43.243888,-43.285453
702.750000,-43.336088,-43.315387,-43.357142
702.800000,-43.407199,-43.386091,-43.428027
702.850000,-43.477523,-43.456021,-43.498129
702.900000,-43.547080,-43.525197,-43.567471
702.950000,-43.615891,-43.593640,-43.636071
703.000000,-43.683975,-43.661369,-43.703951
703.050000,-43.751353,-43.728403,-43.771128
703.100000,-43.818043,-43.794760,-43.837622
703.150000,-43.884063,-43.860459,-43.903451
703.200000,-43.949431,-43.925515,-43.968633
703.250000,-44.014165,-43.989946,-44.033184
703.300000,-44.078280,-44.053768,-44.097121
703.350000,-44.141793,-44.116997,-44.160459
703.400000,-44.204720,-44.179648,-44.223215
703.450000,-44.267076,-44.241736,-44.285403
703.500000,-44.328875,-44.303276,-44.347038
703.550000,-44.390132,-44.364280,-44.408133
703.600000,-44.450860,-44.424764,-44.468704
703.650000,-44.511072,-44.484739,-44.528762
703.700000,-44.570783,-44.544218,-44.588320
703.750000,-44.630003,-44.603214,-44.647392
703.800000,-44.688746,-44.661739,-44.705989
703.850000,-44.747023,-44.719804,-44.764122
703.900000,-44.804846,-44.777420,-44.821804
703.950000,-44.862224,-44.834599,-44.879044
704.000000,-44.919170,-44.891350,-44.935854
704.050000,-44.975694,-44.947684,-44.992244
704.100000,-45.031805,-45.003610,-45.048224
704.150000,-45.087513,-45.059139,-45.103803
704.200000,-45.142828,-45.114279,-45.158990
704.250000,-45.197758,-45.169040,-45.213795
704.300000,-45.252313,-45.223429,-45.268227
704.350000,-45.306501,-45.277456,-45.322293
704.400000,-45.360330,-45.331128,-45.376003
704.450000,-45.413808,-45.384454,-45.429363
704.500000,-45.466943,-45.437441,-45.482383
704.550000,-45.519742,-45.490096,-45.535068
704.600000,-45.572213,-45.542427,-45.587427
704.650000,-45.624363,-45.594440,-45.639466
704.700000,-45.676199,-45.646143,-45.691192
704.750000,-45.727727,-45.697541,-45.742612
704.800000,-45.778953,-45.748642,-45.793732
704.850000,-45.829885,-45.799450,-45.844558
704.900000,-45.880527,-45.849973,-45.895097
704.950000,-45.930886,-45.900216,-45.945353
705.000000,-45.980967,-45.950184,-45.995334
705.050000,-46.030776,-45.999882,-46.045043
705.100000,-46.080318,-46.049317,-46.094487
705.150000,-46.129598,-46.098493,-46.143670
705.200000,-46.178622,-46.147415,-46.192597
705.250000,-46.227393,-46.196088,-46.241274
705.300000,-46.275917,-46.244517,-46.289704
705.350000,-46.324199,-46.292705,-46.337893
705.400000,-46.372242,-46.340657,-46.385845
705.450000,-46.420052,-46.388378,-46.433563
705.500000,-46.467631,-46.435872,-46.481053
705.550000,-46.514985,-46.483142,-46.528318
705.600000,-46.562117,-46.530192,-46.575362
705.650000,-46.609030,-46.577027,-46.622190
705.700000,-46.655730,-46.623650,-46.668803
705.750000,-46.702218,-46.670064,-46.715207
705.800000,-46.748500,-46.716272,-46.761404
705.850000,-46.794577,-46.762279,-46.807399
705.900000,-46.840454,-46.808088,-46.853194
705.950000,-46.886134,-46.853701,-46.898792
706.000000,-46.931619,-46.899121,-46.944196
706.050000,-46.976913,-46.944352,-46.989410
706.100000,-47.022019,-46.989397,-47.034437
706.150000,-47.066939,-47.034258,-47.079279
706.200000,-47.111676,-47.078938,-47.123938
706.250000,-47.156233,-47.123439,-47.168419
706.300000,-47.200613,-47.167765,-47.212722
706.350000,-47.244818,-47.211917,-47.256852
706.400000,-47.288850,-47.255898,-47.300809
706.450000,-47.332712,-47.299711,-47.344598
706.500000,-47.376407,-47.343358,-47.388219
706.550000,-47.419936,-47.386841,-47.431675
706.600000,-47.463302,-47.430162,-47.474969
706.650000,-47.506506,-47.473324,-47.518102
706.700000,-47.549552,-47.516328,-47.561078
706.750000,-47.592441,-47.559176,-47.603896
706.800000,-47.635175,-47.601871,-47.646561
706.850000,-47.677757,-47.644414,-47.689073
706.900000,-47.720187,-47.686808,-47.731435
706.950000,-47.762468,-47.729054,-47.773648
707.000000,-47.804601,-47.771153,-47.815714
707.050000,-47.846589,-47.813108,-47.857635
707.100000,-47.888433,-47.854920,-47.899413
707.150000,-47.930135,-47.896591,-47.941049
707.200000,-47.971696,-47.938123,-47.982545
707.250000,-48.013118,-47.979516,-48.023902
707.300000,-48.054402,-48.020774,-48.065123
707.350000,-48.095550,-48.061896,-48.106207
707.400000,-48.136564,-48.102884,-48.147158
707.450000,-48.177444,-48.143741,-48.187976
707.500000,-48.218193,-48.184467,-48.228663
707.550000,-48.258812,-48.225063,-48.269219
707.600000,-48.299301,-48.265531,-48.309648
707.650000,-48.339662,-48.305873,-48.349948
707.700000,-48.379897,-48.346088,-48.390123
707.750000,-48.420007,-48.386180,-48.430173
707.800000,-48.459993,-48.426148,-48.470099
707.850000,-48.499855,-48.465994,-48.509903
707.900000,-48.539596,-48.505720,-48.549586
707.950000,-48.579217,-48.545326,-48.589148
708.000000,-48.618718,-48.584813,-48.628592
708.050000,-48.658100,-48.624182,-48.667917
708.100000,-48.697365,-48.663435,-48.707125
708.150000,-48.736514,-48.702572,-48.746218
708.200000,-48.775547,-48.741595,-48.785195
708.250000,-48.814466,-48.780504,-48.824059
708.300000,-48.853272,-48.819301,-48.862810
708.350000,-48.891965,-48.857986,-48.901448
708.400000,-48.930547,-48.896560,-48.939976
708.450000,-48.969018,-48.935024,-48.978393
708.500000,-49.007379,-48.973379,-49.016700
708.550000,-49.045632,-49.011626,-49.054900
708.600000,-49.083776,-49.049765,-49.092991
708.650000,-49.121813,-49.087798,-49.130976
708.700000,-49.159744,-49.125725,-49.168854
708.750000,-49.197569,-49.163547,-49.206628
708.800000,-49.235289,-49.201265,-49.244296
708.850000,-49.272904,-49.238879,-49.281861
708.900000,-49.310417,-49.276391,-49.319323
708.950000,-49.347827,-49.313800,-49.356682
709.000000,-49.385134,-49.351108,-49.393940
709.050000,-49.422341,-49.388315,-49.431097
709.100000,-49.459447,-49.425423,-49.468153
709.150000,-49.496452,-49.462431,-49.505110
709.200000,-49.533359,-49.499340,-49.541968
709.250000,-49.570167,-49.536151,-49.578728
709.300000,-49.606877,-49.572864,-49.615390
709.350000,-49.643489,-49.609481,-49.651955
709.400000,-49.680005,-49.646002,-49.688423
709.450000,-49.716425,-49.682427,-49.724796
709.500000,-49.752749,-49.718756,-49.761073
709.550000,-49.788978,-49.754992,-49.797256
709.600000,-49.825112,-49.791133,-49.833344
709.650000,-49.861152,-49.827181,-49.869339
709.700000,-49.897099,-49.863136,-49.905240
709.750000,-49.932953,-49.898998,-49.941049
709.800000,-49.968715,-49.934769,-49.976766
709.850000,-50.004385,-49.970448,-50.012391
709.900000,-50.039963,-50.006036,-50.047926
709.950000,-50.075451,-50.041534,-50.083369
710.000000,-50.110848,-50.076942,-50.118723
710.050000,-50.146155,-50.112260,-50.153986
710.100000,-50.181373,-50.147490,-50.189161
710.150000,-50.216502,-50.182630,-50.224247
710.200000,-50.251541,-50.217683,-50.259244
710.250000,-50.286493,-50.252648,-50.294154
710.300000,-50.321357,-50.287525,-50.328976
710.350000,-50.356134,-50.322316,-50.363710
710.400000,-50.390824,-50.357020,-50.398359
710.450000,-50.425427,-50.391637,-50.432921
710.500000,-50.459944,-50.426170,-50.467397
710.550000,-50.494375,-50.460617,-50.501788
710.600000,-50.528721,-50.494978,-50.536093
710.650000,-50.562982,-50.529256,-50.570314
710.700000,-50.597159,-50.563449,-50.604451
710.750000,-50.631251,-50.597558,-50.638503
710.800000,-50.665259,-50.631584,-50.672472
710.850000,-50.699184,-50.665527,-50.706358
710.900000,-50.733026,-50.699387,-50.740160
710.950000,-50.766784,-50.733164,-50.773880
711.000000,-50.800461,-50.766859,-50.807518
711.050000,-50.834055,-50.800473,-50.841074
711.100000,-50.867567,-50.834005,-50.874549
711.150000,-50.900997,-50.867455,-50.907942
711.200000,-50.934347,-50.900825,-50.941254
711.250000,-50.967615,-50.934115,-50.974485
711.300000,-51.000803,-50.967324,-51.007636
711.350000,-51.033911,-51.000453,-51.040707
711.400000,-51.066939,-51.033503,-51.073698
711.450000,-51.099887,-51.066473,-51.106610
711.500000,-51.132755,-51.099364,-51.139442
711.550000,-51.165544,-51.132176,-51.172196
711.600000,-51.198255,-51.164910,-51.204870
711.650000,-51.230886,-51.197565,-51.237467
711.700000,-51.263440,-51.230142,-51.269985
711.750000,-51.295915,-51.262642,-51.302425
711.800000,-51.328312,-51.295064,-51.334788
711.850000,-51.360632,-51.327408,-51.367073
711.900000,-51.392875,-51.359676,-51.399282
711.950000,-51.425040,-51.391867,-51.431413
712.000000,-51.457129,-51.423982,-51.463468
712.050000,-51.489141,-51.456020,-51.495446
712.100000,-51.521076,-51.487982,-51.527348
712.150000,-51.552936,-51.519868,-51.559175
712.200000,-51.584719,-51.551679,-51.590925
712.250000,-51.616427,-51.583414,-51.622601
712.300000,-51.648060,-51.615074,-51.654200
712.350000,-51.679617,-51.646660,-51.685725
712.400000,-51.711099,-51.678170,-51.717176
712.450000,-51.742507,-51.709606,-51.748551
712.500000,-51.773840,-51.740968,-51.779852
712.550000,-51.805098,-51.772256,-51.811079
712.600000,-51.836283,-51.803470,-51.842233
712.650000,-51.867393,-51.834610,-51.873312
712.700000,-51.898430,-51.865677,-51.904318
712.750000,-51.929393,-51.896671,-51.935250
712.800000,-51.960283,-51.927591,-51.966109
712.850000,-51.991100,-51.958439,-51.996896
712.900000,-52.021844,-51.989214,-52.027609
712.950000,-52.052515,-52.019916,-52.058250
713.000000,-52.083113,-52.050546,-52.088819
713.050000,-52.113639,-52.081104,-52.119315
713.100000,-52.144093,-52.111590,-52.149740
713.150000,-52.174475,-52.142005,-52.180092
713.200000,-52.204785,-52.172347,-52.210373
713.250000,-52.235023,-52.202619,-52.240582
713.300000,-52.265190,-52.232819,-52.270720
713.350000,-52.295285,-52.262948,-52.300787
713.400000,-52.325309,-52.293006,-52.330783
713.450000,-52.355262,-52.322993,-52.360708
713.500000,-52.385145,-52.352910,-52.390562
713.550000,-52.414957,-52.382756,-52.420346
713.600000,-52.444698,-52.412533,-52.450060
713.650000,-52.474369,-52.442239,-52.479704
713.700000,-52.503970,-52.471875,-52.509277
713.750000,-52.533501,-52.501442,-52.538781
713.800000,-52.562962,-52.530938,-52.568215
713.850000,-52.592353,-52.560366,-52.597580
713.900000,-52.621675,-52.589724,-52.626875
713.950000,-52.650928,-52.619013,-52.656101
714.000000,-52.680111,-52.648233,-52.685258
714.050000,-52.709226,-52.677385,-52.714346
714.100000,-52.738271,-52.706468,-52.743365
714.150000,-52.767248,-52.735482,-52.772316
714.200000,-52.796156,-52.764427,-52.801199
714.250000,-52.824995,-52.793305,-52.830013
714.300000,-52.853767,-52.822115,-52.858759
714.350000,-52.882470,-52.850856,-52.887437
714.400000,-52.911105,-52.879530,-52.916047
714.450000,-52.939672,-52.908136,-52.944589
714.500000,-52.968172,-52.936675,-52.973064
714.550000,-52.996604,-52.965146,-53.001471
714.600000,-53.024968,-52.993550,-53.029812
714.650000,-53.053266,-53.021887,-53.058084
714.700000,-53.081496,-53.050157,-53.086290
714.750000,-53.109659,-53.078360,-53.114429
714.800000,-53.137755,-53.106497,-53.142502
714.850000,-53.165784,-53.134567,-53.170507
714.900000,-53.193747,-53.162570,-53.198447
714.950000,-53.221643,-53.190508,-53.226319
715.000000,-53.249473,-53.218379,-53.254126
715.050000,-53.277237,-53.246184,-53.281866
715.100000,-53.304934,-53.273923,-53.309541
715.150000,-53.332566,-53.301596,-53.337150
715.200000,-53.360132,-53.329204,-53.364693
715.250000,-53.387632,-53.356746,-53.392170
715.300000,-53.415066,-53.384223,-53.419582
715.350000,-53.442435,-53.411634,-53.446929
715.400000,-53.469739,-53.438981,-53.474210
715.450000,-53.496977,-53.466262,-53.501427
715.500000,-53.524151,-53.493479,-53.528578
715.550000,-53.551259,-53.520631,-53.555665
715.600000,-53.578303,-53.547718,-53.582687
715.650000,-53.605282,-53.574741,-53.609645
715.700000,-53.632197,-53.601699,-53.636538
715.750000,-53.659047,-53.628593,-53.663367
715.800000,-53.685832,-53.655423,-53.690131
715.850000,-53.712554,-53.682189,-53.716832
715.900000,-53.739212,-53.708891,-53.743469
715.950000,-53.765805,-53.735530,-53.770042
716.000000,-53.792335,-53.762105,-53.796551
716.050000,-53.818802,-53.788616,-53.822997
716.100000,-53.845204,-53.815064,-53.849379
716.150000,-53.871543,-53.841448,-53.875698
716.200000,-53.897819,-53.867770,-53.901954
716.250000,-53.924032,-53.894028,-53.928147
716.300000,-53.950182,-53.920224,-53.954277
716.350000,-53.976269,-53.946357,-53.980344
716.400000,-54.002293,-53.972427,-54.006348
716.450000,-54.028254,-53.998435,-54.032290
716.500000,-54.054153,-54.024380,-54.058169
716.550000,-54.079989,-54.050263,-54.083987
716.600000,-54.105763,-54.076084,-54.109741
716.650000,-54.131475,-54.101842,-54.135434
716.700000,-54.157124,-54.127539,-54.161065
716.750000,-54.182712,-54.153174,-54.186634
716.800000,-54.208238,-54.178747,-54.212141
716.850000,-54.233702,-54.204259,-54.237586
716.900000,-54.259104,-54.229709,-54.262970
716.950000,-54.284445,-54.255097,-54.288293
717.000000,-54.309725,-54.280425,-54.313554
717.050000,-54.334943,-54.305691,-54.338754
717.100000,-54.360100,-54.330897,-54.363893
717.150000,-54.385196,-54.356041,-54.388972
717.200000,-54.410232,-54.381125,-54.413989
717.250000,-54.435206,-54.406148,-54.438946
717.300000,-54.460120,-54.431110,-54.463842
717.350000,-54.484973,-54.456012,-54.488678
717.400000,-54.509766,-54.480854,-54.513453
717.450000,-54.534498,-54.505636,-54.538168
717.500000,-54.559171,-54.530357,-54.562824
717.550000,-54.583783,-54.555019,-54.587419
717.600000,-54.608335,-54.579621,-54.611954
717.650000,-54.632828,-54.604163,-54.636430
717.700000,-54.657261,-54.628645,-54.660846
717.750000,-54.681634,-54.653068,-54.685202
717.800000,-54.705948,-54.677432,-54.709499
717.850000,-54.730202,-54.701736,-54.733737
717.900000,-54.754397,-54.725981,-54.757916
717.950000,-54.778533,-54.750167,-54.782036
718.000000,-54.802610,-54.774295,-54.806097
718.050000,-54.826628,-54.798363,-54.830099
718.100000,-54.850588,-54.822373,-54.854042
718.150000,-54.874489,-54.846324,-54.877927
718.200000,-54.898331,-54.870217,-54.901754
718.250000,-54.922115,-54.894052,-54.925522
718.300000,-54.945841,-54.917829,-54.949232
718.350000,-54.969508,-54.941547,-54.972884
718.400000,-54.993118,-54.965208,-54.996478
718.450000,-55.016669,-54.988810,-55.020015
718.500000,-55.040163,-55.012355,-55.043493
718.550000,-55.063599,-55.035843,-55.066914
718.600000,-55.086978,-55.059273,-55.090278
718.650000,-55.110299,-55.082645,-55.113584
718.700000,-55.133563,-55.105961,-55.136833
718.750000,-55.156770,-55.129219,-55.160025
718.800000,-55.179919,-55.152420,-55.183160
718.850000,-55.203012,-55.175564,-55.206238
718.900000,-55.226048,-55.198652,-55.229259
718.950000,-55.249027,-55.221683,-55.252224
719.000000,-55.271950,-55.244657,-55.275132
719.050000,-55.294816,-55.267576,-55.297984
719.100000,-55.317626,-55.290437,-55.320780
719.150000,-55.340379,-55.313243,-55.343519
719.200000,-55.363077,-55.335993,-55.366203
719.250000,-55.385718,-55.358686,-55.388830
719.300000,-55.408304,-55.381324,-55.411402
719.350000,-55.430834,-55.403906,-55.433918
719.400000,-55.453308,-55.426433,-55.456379
719.450000,-55.475727,-55.448904,-55.478784
719.500000,-55.498090,-55.471320,-55.501134
719.550000,-55.520399,-55.493681,-55.523429
719.600000,-55.542652,-55.515986,-55.545669
719.650000,-55.564850,-55.538237,-55.567853
719.700000,-55.586993,-55.560433,-55.589983
719.750000,-55.609082,-55.582574,-55.612059
719.800000,-55.631116,-55.604661,-55.634080
719.850000,-55.653095,-55.626693,-55.656046
719.900000,-55.675020,-55.648671,-55.677958
719.950000,-55.696891,-55.670594,-55.699816
720.000000,-55.718707,-55.692464,-55.721620
720.050000,-55.740470,-55.714279,-55.743370
720.100000,-55.762179,-55.736041,-55.765066
720.150000,-55.783834,-55.757749,-55.786708
720.200000,-55.805435,-55.779403,-55.808297
720.250000,-55.826983,-55.801004,-55.829833
720.300000,-55.848477,-55.822551,-55.851315
720.350000,-55.869919,-55.844045,-55.872744
720.400000,-55.891307,-55.865486,-55.894120
720.450000,-55.912642,-55.886875,-55.915443
720.500000,-55.933924,-55.908210,-55.936713
720.550000,-55.955153,-55.929492,-55.957930
720.600000,-55.976330,-55.950722,-55.979095
720.650000,-55.997454,-55.971899,-56.000208
720.700000,-56.018526,-55.993024,-56.021268
720.750000,-56.039546,-56.014097,-56.042276
720.800000,-56.060513,-56.035118,-56.063232
720.850000,-56.081429,-56.056086,-56.084136
720.900000,-56.102293,-56.077003,-56.104988
720.950000,-56.123104,-56.097868,-56.125788
721.000000,-56.143865,-56.118681,-56.146537
721.050000,-56.164573,-56.139443,-56.167234
721.100000,-56.185231,-56.160153,-56.187880
721.150000,-56.205837,-56.180812,-56.208475
721.200000,-56.226391,-56.201420,-56.229019
721.250000,-56.246895,-56.221977,-56.249512
721.300000,-56.267348,-56.242483,-56.269954
721.350000,-56.287751,-56.262939,-56.290345
721.400000,-56.308102,-56.283343,-56.310686
721.450000,-56.328404,-56.303697,-56.330976
721.500000,-56.348654,-56.324001,-56.351217
721.550000,-56.368855,-56.344255,-56.371406
721.600000,-56.389005,-56.364458,-56.391546
721.650000,-56.409106,-56.384611,-56.411636
721.700000,-56.429156,-56.404715,-56.431676
721.750000,-56.449157,-56.424769,-56.451667
721.800000,-56.469109,-56.444773,-56.471608
721.850000,-56.489010,-56.464727,-56.491499
721.900000,-56.508863,-56.484633,-56.511341
721.950000,-56.528666,-56.504489,-56.531134
722.000000,-56.548420,-56.524295,-56.550878
722.050000,-56.568125,-56.544053,-56.570573
722.100000,-56.587781,-56.563762,-56.590219
722.150000,-56.607389,-56.583422,-56.609817
722.200000,-56.626948,-56.603034,-56.629366
722.250000,-56.646458,-56.622597,-56.648867
722.300000,-56.665921,-56.642112,-56.668319
722.350000,-56.685335,-56.661578,-56.687723
722.400000,-56.704700,-56.680996,-56.707080
722.450000,-56.724018,-56.700367,-56.726388
722.500000,-56.743288,-56.719689,-56.745648
722.550000,-56.762511,-56.738964,-56.764861
722.600000,-56.781686,-56.758191,-56.784027
722.650000,-56.800813,-56.777370,-56.803144
722.700000,-56.819893,-56.796503,-56.822215
722.750000,-56.838926,-56.815588,-56.841239
722.800000,-56.857912,-56.834625,-56.860215
722.850000,-56.876851,-56.853616,-56.879145
722.900000,-56.895743,-56.872560,-56.898028
722.950000,-56.914588,-56.891457,-56.916864
723.000000,-56.933387,-56.910308,-56.935654
723.050000,-56.952139,-56.929112,-56.954397
723.100000,-56.970845,-56.947870,-56.973094
723.150000,-56.989505,-56.966582,-56.991745
723.200000,-57.008119,-56.985247,-57.010350
723.250000,-57.026687,-57.003866,-57.028909
723.300000,-57.045209,-57.022440,-57.047423
723.350000,-57.063685,-57.040968,-57.065890
723.400000,-57.082116,-57.059450,-57.084313
723.450000,-57.100502,-57.077887,-57.102689
723.500000,-57.118842,-57.096278,-57.121021
723.550000,-57.137137,-57.114624,-57.139307
723.600000,-57.155387,-57.132925,-57.157549
723.650000,-57.173592,-57.151181,-57.175746
723.700000,-57.191752,-57.169392,-57.193897
723.750000,-57.209867,-57.187559,-57.212005
723.800000,-57.227938,-57.205681,-57.230067
723.850000,-57.245965,-57.223758,-57.248086
723.900000,-57.263947,-57.241791,-57.266060
723.950000,-57.281885,-57.259779,-57.283990
724.000000,-57.299779,-57.277724,-57.301876
724.050000,-57.317630,-57.295624,-57.319718
724.100000,-57.335436,-57.313481,-57.337516
724.150000,-57.353199,-57.331294,-57.355271
724.200000,-57.370918,-57.349063,-57.372982
724.250000,-57.388594,-57.366789,-57.390650
724.300000,-57.406226,-57.384472,-57.408275
724.350000,-57.423815,-57.402111,-57.425856
724.400000,-57.441362,-57.419707,-57.443395
724.450000,-57.458865,-57.437260,-57.460890
724.500000,-57.476326,-57.454770,-57.478343
724.550000,-57.493743,-57.472238,-57.495753
724.600000,-57.511119,-57.489662,-57.513121
724.650000,-57.528452,-57.507045,-57.530447
724.700000,-57.545742,-57.524385,-57.547730
724.750000,-57.562991,-57.541682,-57.564971
724.800000,-57.580197,-57.558938,-57.582170
724.850000,-57.597362,-57.576151,-57.599327
724.900000,-57.614484,-57.593323,-57.616442
724.950000,-57.631565,-57.610453,-57.633516
725.000000,-57.648605,-57.627541,-57.650548
725.050000,-57.665603,-57.644588,-57.667539
725.100000,-57.682560,-57.661593,-57.684488
725.150000,-57.699475,-57.678557,-57.701397
725.200000,-57.716350,-57.695480,-57.718264
725.250000,-57.733183,-57.712361,-57.735091
725.300000,-57.749976,-57.729202,-57.751876
725.350000,-57.766728,-57.746002,-57.768621
725.400000,-57.783439,-57.762761,-57.785326
725.450000,-57.800110,-57.779480,-57.801990
725.500000,-57.816741,-57.796159,-57.818614
725.550000,-57.833331,-57.812797,-57.835197
725.600000,-57.849881,-57.829394,-57.851741
725.650000,-57.866392,-57.845952,-57.868244
725.700000,-57.882862,-57.862470,-57.884708
725.750000,-57.899293,-57.878948,-57.901132
725.800000,-57.915684,-57.895386,-57.917516
725.850000,-57.932036,-57.911784,-57.933861
725.900000,-57.948348,-57.928144,-57.950167
725.950000,-57.964621,-57.944463,-57.966433
726.000000,-57.980854,-57.960744,-57.982660
726.050000,-57.997049,-57.976985,-57.998849
726.100000,-58.013205,-57.993187,-58.014998
726.150000,-58.029322,-58.009351,-58.031109
726.200000,-58.045400,-58.025475,-58.047181
726.250000,-58.061440,-58.041561,-58.063214
726.300000,-58.077442,-58.057609,-58.079209
726.350000,-58.093405,-58.073617,-58.095166
726.400000,-58.109329,-58.089588,-58.111085
726.450000,-58.125216,-58.105520,-58.126965
726.500000,-58.141065,-58.121415,-58.142808
726.550000,-58.156876,-58.137271,-58.158612
726.600000,-58.172649,-58.153090,-58.174380
726.650000,-58.188384,-58.168870,-58.190109
726.700000,-58.204082,-58.184613,-58.205801
726.750000,-58.219743,-58.200319,-58.221455
726.800000,-58.235366,-58.215987,-58.237073
726.850000,-58.250952,-58.231618,-58.252653
726.900000,-58.266501,-58.247212,-58.268196
726.950000,-58.282013,-58.262768,-58.283702
727.000000,-58.297489,-58.278288,-58.299172
727.050000,-58.312927,-58.293771,-58.314604
727.100000,-58.328329,-58.309217,-58.330000
727.150000,-58.343695,-58.324626,-58.345360
727.200000,-58.359024,-58.339999,-58.360683
727.250000,-58.374316,-58.355336,-58.375971
727.300000,-58.389573,-58.370636,-58.391221
727.350000,-58.404794,-58.385900,-58.406436
727.400000,-58.419978,-58.401128,-58.421615
727.450000,-58.435127,-58.416320,-58.436759
727.500000,-58.450240,-58.431477,-58.451866
727.550000,-58.465318,-58.446597,-58.466938
727.600000,-58.480360,-58.461682,-58.481975
727.650000,-58.495366,-58.476732,-58.496976
727.700000,-58.510337,-58.491746,-58.511942
727.750000,-58.525274,-58.506724,-58.526872
727.800000,-58.540175,-58.521668,-58.541768
727.850000,-58.555041,-58.536577,-58.556629
727.900000,-58.569872,-58.551450,-58.571455
727.950000,-58.584669,-58.566289,-58.586246
728.000000,-58.599430,-58.581093,-58.601003
728.050000,-58.614158,-58.595862,-58.615725
728.100000,-58.628851,-58.610597,-58.630413
728.150000,-58.643509,-58.625297,-58.645066
728.200000,-58.658134,-58.639963,-58.659685
728.250000,-58.672724,-58.654595,-58.674271
728.300000,-58.687281,-58.669192,-58.688822
728.350000,-58.701803,-58.683756,-58.703339
728.400000,-58.716292,-58.698286,-58.717823
728.450000,-58.730747,-58.712782,-58.732273
728.500000,-58.745168,-58.727244,-58.746690
728.550000,-58.759556,-58.741673,-58.761073
728.600000,-58.773911,-58.756068,-58.775422
728.650000,-58.788232,-58.770430,-58.789739
728.700000,-58.802521,-58.784758,-58.804022
728.750000,-58.816776,-58.799053,-58.818272
728.800000,-58.830998,-58.813316,-58.832490
728.850000,-58.845188,-58.827545,-58.846674
728.900000,-58.859344,-58.841741,-58.860826
728.950000,-58.873468,-58.855905,-58.874945
729.000000,-58.887560,-58.870036,-58.889032
729.050000,-58.901619,-58.884134,-58.903086
729.100000,-58.915645,-58.898200,-58.917108
729.150000,-58.929640,-58.912234,-58.931098
729.200000,-58.943602,-58.926235,-58.945056
729.250000,-58.957532,-58.940204,-58.958981
729.300000,-58.971431,-58.954142,-58.972875
729.350000,-58.985297,-58.968047,-58.986737
729.400000,-58.999132,-58.981920,-59.000567
729.450000,-59.012935,-58.995761,-59.014366
729.500000,-59.026706,-59.009571,-59.028133
729.550000,-59.040446,-59.023349,-59.041868
729.600000,-59.054155,-59.037096,-59.055573
729.650000,-59.067832,-59.050811,-59.069246
729.700000,-59.081479,-59.064496,-59.082887
729.750000,-59.095094,-59.078148,-59.096498
729.800000,-59.108678,-59.091770,-59.110078
729.850000,-59.122231,-59.105361,-59.123627
729.900000,-59.135754,-59.118921,-59.137145
729.950000,-59.149246,-59.132450,-59.150633
730.000000,-59.162707,-59.145948,-59.164090
730.050000,-59.176138,-59.159416,-59.177516
730.100000,-59.189538,-59.172853,-59.190913
730.150000,-59.202908,-59.186260,-59.204278
730.200000,-59.216248,-59.199636,-59.217614
730.250000,-59.229558,-59.212982,-59.230920
730.300000,-59.242838,-59.226298,-59.244195
730.350000,-59.256087,-59.239584,-59.257441
730.400000,-59.269307,-59.252840,-59.270657
730.450000,-59.282497,-59.266066,-59.283843
730.500000,-59.295658,-59.279263,-59.296999
730.550000,-59.308789,-59.292429,-59.310126
730.600000,-59.321890,-59.305566,-59.323223
730.650000,-59.334962,-59.318674,-59.336291
730.700000,-59.348005,-59.331752,-59.349330
730.750000,-59.361018,-59.344800,-59.362340
730.800000,-59.374003,-59.357820,-59.375320
730.850000,-59.386958,-59.370810,-59.388271
730.900000,-59.399884,-59.383772,-59.401194
730.950000,-59.412782,-59.396704,-59.414088
731.000000,-59.425651,-59.409607,-59.426952
731.050000,-59.438491,-59.422482,-59.439789
731.100000,-59.451302,-59.435328,-59.452596
731.150000,-59.464085,-59.448145,-59.465375
731.200000,-59.476840,-59.460933,-59.478126
731.250000,-59.489566,-59.473694,-59.490849
731.300000,-59.502264,-59.486425,-59.503543
731.350000,-59.514934,-59.499129,-59.516209
731.400000,-59.527575,-59.511804,-59.528847
731.450000,-59.540189,-59.524452,-59.541457
731.500000,-59.552775,-59.537071,-59.554039
731.550000,-59.565333,-59.549662,-59.566593
731.600000,-59.577863,-59.562225,-59.579120
731.650000,-59.590365,-59.574761,-59.591619
731.700000,-59.602840,-59.587269,-59.604090
731.750000,-59.615288,-59.599749,-59.616534
731.800000,-59.627708,-59.612202,-59.628950
731.850000,-59.640101,-59.624627,-59.641340
731.900000,-59.652466,-59.637025,-59.653701
731.950000,-59.664804,-59.649396,-59.666036
732.000000,-59.677116,-59.661739,-59.678344
732.050000,-59.689400,-59.674056,-59.690625
732.100000,-59.701657,-59.686345,-59.702878
732.150000,-59.713887,-59.698607,-59.715105
732.200000,-59.726091,-59.710843,-59.727306
732.250000,-59.738268,-59.723051,-59.739479
732.300000,-59.750418,-59.735233,-59.751626
732.350000,-59.762542,-59.747389,-59.763747
732.400000,-59.774640,-59.759517,-59.775841
732.450000,-59.786711,-59.771620,-59.787909
732.500000,-59.798756,-59.783695,-59.799950
732.550000,-59.810774,-59.795745,-59.811965
732.600000,-59.822766,-59.807768,-59.823954
732.650000,-59.834733,-59.819765,-59.835917
732.700000,-59.846673,-59.831736,-59.847854
732.750000,-59.858588,-59.843681,-59.859766
732.800000,-59.870476,-59.855600,-59.871651
732.850000,-59.882339,-59.867494,-59.883511
732.900000,-59.894176,-59.879361,-59.895345
732.950000,-59.905988,-59.891203,-59.907153
733.000000,-59.917774,-59.903019,-59.918936
733.050000,-59.929534,-59.914809,-59.930693
733.100000,-59.941270,-59.926574,-59.942425
733.150000,-59.952980,-59.938314,-59.954132
733.200000,-59.964664,-59.950028,-59.965814
733.250000,-59.976324,-59.961717,-59.977470
733.300000,-59.987958,-59.973381,-59.989102
733.350000,-59.999568,-59.985019,-60.000708
733.400000,-60.011152,-59.996633,-60.012289
733.450000,-60.022712,-60.008222,-60.023846
733.500000,-60.034246,-60.019785,-60.035378
733.550000,-60.045757,-60.031324,-60.046885
733.600000,-60.057242,-60.042838,-60.058367
733.650000,-60.068703,-60.054328,-60.069825
733.700000,-60.080139,-60.065793,-60.081259
733.750000,-60.091551,-60.077233,-60.092668
733.800000,-60.102939,-60.088649,-60.104052
733.850000,-60.114302,-60.100040,-60.115412
733.900000,-60.125641,-60.111407,-60.126749
733.950000,-60.136956,-60.122750,-60.138060
734.000000,-60.148246,-60.134069,-60.149348
734.050000,-60.159513,-60.145363,-60.160612
734.100000,-60.170756,-60.156633,-60.171852
734.150000,-60.181975,-60.167880,-60.183068
734.200000,-60.193170,-60.179102,-60.194260
734.250000,-60.204341,-60.190301,-60.205429
734.300000,-60.215489,-60.201476,-60.216574
734.350000,-60.226613,-60.212627,-60.227695
734.400000,-60.237713,-60.223754,-60.238792
734.450000,-60.248790,-60.234858,-60.249867
734.500000,-60.259843,-60.245939,-60.260917
734.550000,-60.270874,-60.256996,-60.271945
734.600000,-60.281881,-60.268029,-60.282949
734.650000,-60.292864,-60.279039,-60.293930
734.700000,-60.303825,-60.290026,-60.304888
734.750000,-60.314762,-60.300990,-60.315823
734.800000,-60.325676,-60.311931,-60.326734
734.850000,-60.336568,-60.322848,-60.337623
734.900000,-60.347436,-60.333743,-60.348489
734.950000,-60.358282,-60.344614,-60.359332
735.000000,-60.369105,-60.355463,-60.370152
735.050000,-60.379905,-60.366289,-60.380950
735.100000,-60.390683,-60.377092,-60.391725
735.150000,-60.401438,-60.387873,-60.402477
735.200000,-60.412170,-60.398631,-60.413207
735.250000,-60.422880,-60.409366,-60.423915
735.300000,-60.433568,-60.420079,-60.434600
735.350000,-60.444233,-60.430770,-60.445262
735.400000,-60.454876,-60.441438,-60.455903
735.450000,-60.465497,-60.452083,-60.466521
735.500000,-60.476095,-60.462707,-60.477117
735.550000,-60.486672,-60.473308,-60.487691
735.600000,-60.497226,-60.483887,-60.498243
735.650000,-60.507759,-60.494445,-60.508773
735.700000,-60.518269,-60.504980,-60.519282
735.750000,-60.528758,-60.515493,-60.529768
735.800000,-60.539225,-60.525984,-60.540232
735.850000,-60.549670,-60.536454,-60.550675
735.900000,-60.560094,-60.546902,-60.561096
735.950000,-60.570496,-60.557328,-60.571496
736.000000,-60.580876,-60.567732,-60.581874
736.050000,-60.591235,-60.578115,-60.592230
736.100000,-60.601572,-60.588476,-60.602565
736.150000,-60.611889,-60.598816,-60.612879
736.200000,-60.622183,-60.609134,-60.623172
736.250000,-60.632457,-60.619431,-60.633443
736.300000,-60.642709,-60.629707,-60.643693
736.350000,-60.652940,-60.639961,-60.653921
736.400000,-60.663150,-60.650195,-60.664129
736.450000,-60.673339,-60.660407,-60.674316
736.500000,-60.683507,-60.670598,-60.684481
736.550000,-60.693654,-60.680768,-60.694626
736.600000,-60.703780,-60.690917,-60.704750
736.650000,-60.713885,-60.701045,-60.714853
736.700000,-60.723970,-60.711153,-60.724935
736.750000,-60.734034,-60.721239,-60.734997
736.800000,-60.744077,-60.731305,-60.745038
736.850000,-60.754099,-60.741350,-60.755058
736.900000,-60.764101,-60.751374,-60.765058
736.950000,-60.774083,-60.761378,-60.775038
737.000000,-60.784044,-60.771362,-60.784996
737.050000,-60.793985,-60.781325,-60.794935
737.100000,-60.803905,-60.791267,-60.804853
737.150000,-60.813805,-60.801189,-60.814751
737.200000,-60.823685,-60.811091,-60.824629
737.250000,-60.833545,-60.820973,-60.834486
737.300000,-60.843384,-60.830834,-60.844324
737.350000,-60.853204,-60.840675,-60.854141
737.400000,-60.863003,-60.850496,-60.863939
737.450000,-60.872783,-60.860297,-60.873716
737.500000,-60.882542,-60.870078,-60.883473
737.550000,-60.892282,-60.879840,-60.893211
737.600000,-60.902002,-60.889581,-60.902929
737.650000,-60.911702,-60.899302,-60.912627
737.700000,-60.921382,-60.909004,-60.922305
737.750000,-60.931043,-60.918686,-60.931964
737.800000,-60.940684,-60.928348,-60.941603
737.850000,-60.950306,-60.937990,-60.951223
737.900000,-60.959908,-60.947613,-60.960823
737.950000,-60.969490,-60.957217,-60.970403
738.000000,-60.979053,-60.966800,-60.979965
738.050000,-60.988597,-60.976365,-60.989506
738.100000,-60.998122,-60.985910,-60.999029
738.150000,-61.007627,-60.995436,-61.008532
738.200000,-61.017113,-61.004942,-61.018016
738.250000,-61.026580,-61.014429,-61.027481
738.300000,-61.036028,-61.023897,-61.036927
738.350000,-61.045456,-61.033346,-61.046354
738.400000,-61.054866,-61.042776,-61.055761
738.450000,-61.064256,-61.052187,-61.065150
738.500000,-61.073628,-61.061578,-61.074520
738.550000,-61.082981,-61.070951,-61.083871
738.600000,-61.092315,-61.080305,-61.093203
738.650000,-61.101630,-61.089640,-61.102516
738.700000,-61.110927,-61.098956,-61.111811
738.750000,-61.120204,-61.108254,-61.121087
738.800000,-61.129464,-61.117532,-61.130344
738.850000,-61.138704,-61.126792,-61.139583
738.900000,-61.147926,-61.136034,-61.148803
738.950000,-61.157129,-61.145256,-61.158005
739.000000,-61.166314,-61.154461,-61.167188
739.050000,-61.175481,-61.163646,-61.176353
739.100000,-61.184629,-61.172814,-61.185499
739.150000,-61.193759,-61.181963,-61.194627
739.200000,-61.202871,-61.191093,-61.203737
739.250000,-61.211964,-61.200206,-61.212828
739.300000,-61.221039,-61.209300,-61.221902
739.350000,-61.230096,-61.218375,-61.230957
739.400000,-61.239135,-61.227433,-61.239994
739.450000,-61.248156,-61.236472,-61.249013
739.500000,-61.257158,-61.245494,-61.258014
739.550000,-61.266143,-61.254497,-61.266997
739.600000,-61.275110,-61.263483,-61.275962
739.650000,-61.284059,-61.272450,-61.284910
739.700000,-61.292990,-61.281400,-61.293839
739.750000,-61.301904,-61.290331,-61.302751
739.800000,-61.310799,-61.299245,-61.311645
739.850000,-61.319677,-61.308141,-61.320521
739.900000,-61.328537,-61.317019,-61.329379
739.950000,-61.337380,-61.325880,-61.338220
740.000000,-61.346205,-61.334723,-61.347044
740.050000,-61.355012,-61.343548,-61.355849
740.100000,-61.363802,-61.352356,-61.364638
740.150000,-61.372575,-61.361146,-61.373409
740.200000,-61.381330,-61.369919,-61.382162
740.250000,-61.390068,-61.378675,-61.390898
740.300000,-61.398788,-61.387413,-61.399617
740.350000,-61.407491,-61.396133,-61.408318
740.400000,-61.416177,-61.404836,-61.417003
740.450000,-61.424845,-61.413522,-61.425670
740.500000,-61.433497,-61.422191,-61.434319
740.550000,-61.442131,-61.430843,-61.442952
740.600000,-61.450748,-61.439477,-61.451568
740.650000,-61.459349,-61.448095,-61.460166
740.700000,-61.467932,-61.456695,-61.468748
740.750000,-61.476498,-61.465278,-61.477312
740.800000,-61.485047,-61.473844,-61.485860
740.850000,-61.493579,-61.482394,-61.494391
740.900000,-61.502095,-61.490926,-61.502905
740.950000,-61.510594,-61.499442,-61.511402
741.000000,-61.519076,-61.507940,-61.519882
741.050000,-61.527541,-61.516422,-61.528346
741.100000,-61.535989,-61.524887,-61.536793
741.150000,-61.544421,-61.533336,-61.545223
741.200000,-61.552836,-61.541768,-61.553637
741.250000,-61.561235,-61.550183,-61.562034
741.300000,-61.569617,-61.558581,-61.570415
741.350000,-61.577983,-61.566963,-61.578779
741.400000,-61.586332,-61.575329,-61.587127
741.450000,-61.594664,-61.583678,-61.595458
741.500000,-61.602981,-61.592010,-61.603773
741.550000,-61.611281,-61.600326,-61.612071
741.600000,-61.619564,-61.608626,-61.620353
741.650000,-61.627832,-61.616910,-61.628619
741.700000,-61.636083,-61.625177,-61.636869
741.750000,-61.644318,-61.633428,-61.645103
741.800000,-61.652537,-61.641662,-61.653320
741.850000,-61.660739,-61.649881,-61.661521
741.900000,-61.668926,-61.658083,-61.669706
741.950000,-61.677096,-61.666269,-61.677876
742.000000,-61.685251,-61.674440,-61.686029
742.050000,-61.693390,-61.682594,-61.694166
742.100000,-61.701512,-61.690732,-61.702287
742.150000,-61.709619,-61.698854,-61.710392
742.200000,-61.717710,-61.706961,-61.718482
742.250000,-61.725785,-61.715051,-61.726555
742.300000,-61.733844,-61.723126,-61.734613
742.350000,-61.741887,-61.731184,-61.742655
742.400000,-61.749915,-61.739227,-61.750682
742.450000,-61.757927,-61.747255,-61.758692
742.500000,-61.765923,-61.755266,-61.766687
742.550000,-61.773904,-61.763262,-61.774667
742.600000,-61.781869,-61.771242,-61.782630
742.650000,-61.789819,-61.779207,-61.790579
742.700000,-61.797753,-61.787156,-61.798512
742.750000,-61.805672,-61.795089,-61.806429
742.800000,-61.813575,-61.803008,-61.814331
742.850000,-61.821462,-61.810910,-61.822217
742.900000,-61.829335,-61.818797,-61.830088
742.950000,-61.837192,-61.826669,-61.837944
743.000000,-61.845034,-61.834525,-61.845784
743.050000,-61.852860,-61.842367,-61.853610
743.100000,-61.860671,-61.850192,-61.861419
743.150000,-61.868467,-61.858003,-61.869214
743.200000,-61.876248,-61.865798,-61.876994
743.250000,-61.884014,-61.873579,-61.884758
743.300000,-61.891764,-61.881344,-61.892508
743.350000,-61.899500,-61.889093,-61.900242
743.400000,-61.907220,-61.896828,-61.907961
743.450000,-61.914926,-61.904548,-61.915665
743.500000,-61.922617,-61.912253,-61.923355
743.550000,-61.930292,-61.919943,-61.931029
743.600000,-61.937953,-61.927617,-61.938688
743.650000,-61.945599,-61.935277,-61.946333
743.700000,-61.953230,-61.942922,-61.953963
743.750000,-61.960846,-61.950552,-61.961578
743.800000,-61.968447,-61.958168,-61.969178
743.850000,-61.976034,-61.965768,-61.976763
743.900000,-61.983606,-61.973354,-61.984334
743.950000,-61.991163,-61.980925,-61.991890
744.000000,-61.998706,-61.988482,-61.999431
744.050000,-62.006234,-61.996023,-62.006958
744.100000,-62.013747,-62.003551,-62.014470
744.150000,-62.021246,-62.011063,-62.021968
744.200000,-62.028730,-62.018561,-62.029451
744.250000,-62.036200,-62.026044,-62.036920
744.300000,-62.043655,-62.033513,-62.044374
744.350000,-62.051096,-62.040968,-62.051814
744.400000,-62.058523,-62.048408,-62.059239
744.450000,-62.065935,-62.055834,-62.066650
744.500000,-62.073333,-62.063245,-62.074047
744.550000,-62.080717,-62.070642,-62.081430
744.600000,-62.088086,-62.078024,-62.088798
744.650000,-62.095441,-62.085393,-62.096152
744.700000,-62.102782,-62.092747,-62.103491
744.750000,-62.110109,-62.100087,-62.110817
744.800000,-62.117421,-62.107412,-62.118128
744.850000,-62.124720,-62.114724,-62.125426
744.900000,-62.132004,-62.122021,-62.132709
744.950000,-62.139274,-62.129304,-62.139978
745.000000,-62.146531,-62.136574,-62.147233
745.050000,-62.153773,-62.143829,-62.154475
745.100000,-62.161001,-62.151070,-62.161702
745.150000,-62.168216,-62.158297,-62.168915
745.200000,-62.175416,-62.165511,-62.176114
745.250000,-62.182603,-62.172710,-62.183300
745.300000,-62.189775,-62.179896,-62.190472
745.350000,-62.196934,-62.187067,-62.197629
745.400000,-62.204079,-62.194225,-62.204774
745.450000,-62.211211,-62.201369,-62.211904
745.500000,-62.218329,-62.208499,-62.219021
745.550000,-62.225433,-62.215616,-62.226123
745.600000,-62.232523,-62.222719,-62.233213
745.650000,-62.239599,-62.229808,-62.240288
745.700000,-62.246663,-62.236883,-62.247350
745.750000,-62.253712,-62.243945,-62.254399
745.800000,-62.260748,-62.250993,-62.261434
745.850000,-62.267770,-62.258028,-62.268455
745.900000,-62.274779,-62.265049,-62.275463
745.950000,-62.281775,-62.272057,-62.282457
746.000000,-62.288757,-62.279051,-62.289438
746.050000,-62.295725,-62.286032,-62.296406
746.100000,-62.302680,-62.292999,-62.303360
746.150000,-62.309622,-62.299953,-62.310301
746.200000,-62.316551,-62.306894,-62.317228
746.250000,-62.323466,-62.313821,-62.324142
746.300000,-62.330368,-62.320735,-62.331043
746.350000,-62.337257,-62.327636,-62.337931
746.400000,-62.344132,-62.334523,-62.344806
746.450000,-62.350994,-62.341397,-62.351667
746.500000,-62.357844,-62.348258,-62.358515
746.550000,-62.364680,-62.355106,-62.365350
746.600000,-62.371503,-62.361941,-62.372172
746.650000,-62.378312,-62.368762,-62.378981
746.700000,-62.385109,-62.375571,-62.385777
746.750000,-62.391893,-62.382366,-62.392559
746.800000,-62.398664,-62.389149,-62.399329
746.850000,-62.405422,-62.395918,-62.406086
746.900000,-62.412166,-62.402675,-62.412830
746.950000,-62.418898,-62.409418,-62.419561
747.000000,-62.425617,-62.416149,-62.426279
747.050000,-62.432324,-62.422866,-62.432984
747.100000,-62.439017,-62.429571,-62.439677
747.150000,-62.445698,-62.436263,-62.446357
747.200000,-62.452365,-62.442942,-62.453023
747.250000,-62.459020,-62.449609,-62.459677
747.300000,-62.465663,-62.456263,-62.466319
747.350000,-62.472292,-62.462903,-62.472948
747.400000,-62.478909,-62.469532,-62.479564
747.450000,-62.485514,-62.476147,-62.486167
747.500000,-62.492105,-62.482750,-62.492758
747.550000,-62.498684,-62.489340,-62.499336
747.600000,-62.505251,-62.495918,-62.505901
747.650000,-62.511805,-62.502483,-62.512455
747.700000,-62.518346,-62.509036,-62.518995
747.750000,-62.524875,-62.515576,-62.525523
747.800000,-62.531392,-62.522103,-62.532039
747.850000,-62.537896,-62.528618,-62.538542
747.900000,-62.544388,-62.535121,-62.545033
747.950000,-62.550867,-62.541611,-62.551511
748.000000,-62.557334,-62.548089,-62.557977
748.050000,-62.563788,-62.554554,-62.564431
748.100000,-62.570231,-62.561007,-62.570872
748.150000,-62.576660,-62.567448,-62.577301
748.200000,-62.583078,-62.573876,-62.583718
748.250000,-62.589484,-62.580293,-62.590123
748.300000,-62.595877,-62.586697,-62.596515
748.350000,-62.602258,-62.593088,-62.602895
748.400000,-62.608627,-62.599468,-62.609263
748.450000,-62.614984,-62.605835,-62.615619
748.500000,-62.621328,-62.612190,-62.621963
748.550000,-62.627661,-62.618534,-62.628295
748.600000,-62.633981,-62.624865,-62.634614
748.650000,-62.640290,-62.631184,-62.640922
748.700000,-62.646586,-62.637491,-62.647218
748.750000,-62.652871,-62.643785,-62.653501
748.800000,-62.659143,-62.650068,-62.659773
748.850000,-62.665404,-62.656339,-62.666033
748.900000,-62.671653,-62.662598,-62.672280
748.950000,-62.677889,-62.668845,-62.678516
749.000000,-62.684114,-62.675081,-62.684740
749.050000,-62.690327,-62.681304,-62.690953
749.100000,-62.696529,-62.687515,-62.697153
749.150000,-62.702718,-62.693715,-62.703342
749.200000,-62.708896,-62.699903,-62.709519
749.250000,-62.715062,-62.706079,-62.715684
749.300000,-62.721216,-62.712243,-62.721837
749.350000,-62.727358,-62.718396,-62.727979
749.400000,-62.733489,-62.724537,-62.734109
749.450000,-62.739608,-62.730666,-62.740227
749.500000,-62.745716,-62.736784,-62.746334
749.550000,-62.751812,-62.742890,-62.752429
749.600000,-62.757896,-62.748984,-62.758513
749.650000,-62.763969,-62.755067,-62.764585
749.700000,-62.770030,-62.761138,-62.770645
749.750000,-62.776080,-62.767198,-62.776694
749.800000,-62.782119,-62.773246,-62.782732
749.850000,-62.788145,-62.779283,-62.788758
749.900000,-62.794161,-62.785308,-62.794773
749.950000,-62.800165,-62.791322,-62.800776
750.000000,-62.806157,-62.797324,-62.806768
750.050000,-62.812139,-62.803315,-62.812748
750.100000,-62.818108,-62.809294,-62.818717
750.150000,-62.824067,-62.815263,-62.824675
750.200000,-62.830014,-62.821220,-62.830621
750.250000,-62.835950,-62.827165,-62.836557
750.300000,-62.841875,-62.833099,-62.842481
750.350000,-62.847788,-62.839023,-62.848393
750.400000,-62.853691,-62.844934,-62.854295
750.450000,-62.859582,-62.850835,-62.860185
750.500000,-62.865462,-62.856724,-62.866064
750.550000,-62.871330,-62.862603,-62.871932
750.600000,-62.877188,-62.868470,-62.877789
750.650000,-62.883034,-62.874326,-62.883635
750.700000,-62.888870,-62.880171,-62.889470
750.750000,-62.894694,-62.886004,-62.895293
750.800000,-62.900508,-62.891827,-62.901106
750.850000,-62.906310,-62.897639,-62.906908
750.900000,-62.912101,-62.903439,-62.912698
750.950000,-62.917882,-62.909229,-62.918478
751.000000,-62.923651,-62.915008,-62.924247
751.050000,-62.929410,-62.920776,-62.930005
751.100000,-62.935157,-62.926532,-62.935751
751.150000,-62.940894,-62.932278,-62.941487
751.200000,-62.946620,-62.938013,-62.947213
751.250000,-62.952335,-62.943738,-62.952927
751.300000,-62.958039,-62.949451,-62.958631
751.350000,-62.963733,-62.955154,-62.964323
751.400000,-62.969416,-62.960845,-62.970005
751.450000,-62.975087,-62.966526,-62.975677
751.500000,-62.980749,-62.972196,-62.981337
751.550000,-62.986399,-62.977856,-62.986987
751.600000,-62.992039,-62.983505,-62.992626
751.650000,-62.997668,-62.989143,-62.998254
751.700000,-63.003287,-62.994770,-63.003872
751.750000,-63.008895,-63.000387,-63.009480
751.800000,-63.014492,-63.005993,-63.015076
751.850000,-63.020078,-63.011589,-63.020662
751.900000,-63.025655,-63.017174,-63.026238
751.950000,-63.031220,-63.022748,-63.031803
752.000000,-63.036775,-63.028312,-63.037357
752.050000,-63.042320,-63.033866,-63.042901
752.100000,-63.047854,-63.039408,-63.048434
752.150000,-63.053378,-63.044941,-63.053957
752.200000,-63.058891,-63.050463,-63.059470
752.250000,-63.064394,-63.055974,-63.064972
752.300000,-63.069886,-63.061475,-63.070464
752.350000,-63.075368,-63.066966,-63.075945
752.400000,-63.080840,-63.072446,-63.081416
752.450000,-63.086301,-63.077916,-63.086877
752.500000,-63.091752,-63.083376,-63.092327
752.550000,-63.097193,-63.088825,-63.097768
752.600000,-63.102624,-63.094264,-63.103197
752.650000,-63.108044,-63.099693,-63.108617
752.700000,-63.113454,-63.105112,-63.114026
752.750000,-63.118854,-63.110520,-63.119426
752.800000,-63.124243,-63.115918,-63.124815
752.850000,-63.129623,-63.121306,-63.130193
752.900000,-63.134992,-63.126683,-63.135562
752.950000,-63.140351,-63.132051,-63.140921
753.000000,-63.145700,-63.137409,-63.146269
753.050000,-63.151039,-63.142756,-63.151607
753.100000,-63.156368,-63.148093,-63.156936
753.150000,-63.161687,-63.153420,-63.162254
753.200000,-63.166996,-63.158737,-63.167562
753.250000,-63.172295,-63.164044,-63.172860
753.300000,-63.177584,-63.169342,-63.178149
753.350000,-63.182863,-63.174629,-63.183427
753.400000,-63.188131,-63.179906,-63.188695
753.450000,-63.193390,-63.185173,-63.193954
753.500000,-63.198640,-63.190430,-63.199202
753.550000,-63.203879,-63.195677,-63.204441
753.600000,-63.209108,-63.200915,-63.209669
753.650000,-63.214327,-63.206143,-63.214888
753.700000,-63.219537,-63.211360,-63.220097
753.750000,-63.224737,-63.216568,-63.225296
753.800000,-63.229927,-63.221766,-63.230486
753.850000,-63.235107,-63.226954,-63.235666
753.900000,-63.240278,-63.232133,-63.240836
753.950000,-63.245438,-63.237302,-63.245996
754.000000,-63.250590,-63.242461,-63.251146
754.050000,-63.255731,-63.247610,-63.256287
754.100000,-63.260863,-63.252750,-63.261418
754.150000,-63.265985,-63.257879,-63.266539
754.200000,-63.271097,-63.263000,-63.271651
754.250000,-63.276200,-63.268110,-63.276753
754.300000,-63.281293,-63.273211,-63.281846
754.350000,-63.286376,-63.278303,-63.286929
754.400000,-63.291450,-63.283385,-63.292002
754.450000,-63.296515,-63.288457,-63.297066
754.500000,-63.301570,-63.293519,-63.302121
754.550000,-63.306615,-63.298573,-63.307165
754.600000,-63.311651,-63.303616,-63.312201
754.650000,-63.316677,-63.308650,-63.317227
754.700000,-63.321694,-63.313675,-63.322243
754.750000,-63.326702,-63.318690,-63.327250
754.800000,-63.331700,-63.323696,-63.332248
754.850000,-63.336689,-63.328692,-63.337236
754.900000,-63.341668,-63.333679,-63.342215
754.950000,-63.346638,-63.338657,-63.347184
755.000000,-63.351599,-63.343625,-63.352144
755.050000,-63.356550,-63.348584,-63.357095
755.100000,-63.361492,-63.353534,-63.362036
755.150000,-63.366425,-63.358474,-63.366969
755.200000,-63.371348,-63.363405,-63.371892
755.250000,-63.376263,-63.368327,-63.376805
755.300000,-63.381168,-63.373239,-63.381710
755.350000,-63.386063,-63.378142,-63.386605
755.400000,-63.390950,-63.383036,-63.391491
755.450000,-63.395827,-63.387921,-63.396368
755.500000,-63.400696,-63.392797,-63.401235
755.550000,-63.405555,-63.397663,-63.406094
755.600000,-63.410405,-63.402521,-63.410943
755.650000,-63.415245,-63.407369,-63.415784
755.700000,-63.420077,-63.412208,-63.420615
755.750000,-63.424900,-63.417038,-63.425437
755.800000,-63.429713,-63.421859,-63.430250
755.850000,-63.434518,-63.426671,-63.435054
755.900000,-63.439314,-63.431473,-63.439849
755.950000,-63.444100,-63.436267,-63.444635
756.000000,-63.448878,-63.441052,-63.449412
756.050000,-63.453646,-63.445828,-63.454181
756.100000,-63.458406,-63.450595,-63.458940
756.150000,-63.463157,-63.455353,-63.463690
756.200000,-63.467898,-63.460102,-63.468431
756.250000,-63.472631,-63.464842,-63.473164
756.300000,-63.477355,-63.469573,-63.477887
756.350000,-63.482071,-63.474295,-63.482602
756.400000,-63.486777,-63.479008,-63.487308
756.450000,-63.491474,-63.483713,-63.492005
756.500000,-63.496163,-63.488409,-63.496693
756.550000,-63.500843,-63.493096,-63.501372
756.600000,-63.505514,-63.497774,-63.506043
756.650000,-63.510176,-63.502443,-63.510705
756.700000,-63.514830,-63.507104,-63.515358
756.750000,-63.519475,-63.511756,-63.520002
756.800000,-63.524111,-63.516399,-63.524638
756.850000,-63.528738,-63.521033,-63.529265
756.900000,-63.533357,-63.525659,-63.533883
756.950000,-63.537967,-63.530276,-63.538493
757.000000,-63.542569,-63.534884,-63.543094
757.050000,-63.547162,-63.539484,-63.547686
757.100000,-63.551746,-63.544075,-63.552270
757.150000,-63.556322,-63.548658,-63.556845
757.200000,-63.560889,-63.553232,-63.561412
757.250000,-63.565447,-63.557797,-63.565970
757.300000,-63.569997,-63.562354,-63.570519
757.350000,-63.574539,-63.566902,-63.575060
757.400000,-63.579072,-63.571442,-63.579593
757.450000,-63.583596,-63.575973,-63.584117
757.500000,-63.588112,-63.580496,-63.588632
757.550000,-63.592619,-63.585010,-63.593139
757.600000,-63.597119,-63.589516,-63.597638
757.650000,-63.601609,-63.594013,-63.602128
757.700000,-63.606091,-63.598502,-63.606610
757.750000,-63.610565,-63.602982,-63.611083
757.800000,-63.615031,-63.607454,-63.615548
757.850000,-63.619488,-63.611918,-63.620005
757.900000,-63.623937,-63.616374,-63.624453
757.950000,-63.628377,-63.620821,-63.628893
758.000000,-63.632809,-63.625259,-63.633325
758.050000,-63.637233,-63.629690,-63.637748
758.100000,-63.641648,-63.634112,-63.642163
758.150000,-63.646056,-63.638526,-63.646570
758.200000,-63.650455,-63.642931,-63.650969
758.250000,-63.654845,-63.647328,-63.655359
758.300000,-63.659228,-63.651717,-63.659741
758.350000,-63.663602,-63.656098,-63.664115
758.400000,-63.667969,-63.660471,-63.668481
758.450000,-63.672327,-63.664835,-63.672838
758.500000,-63.676676,-63.669192,-63.677188
758.550000,-63.681018,-63.673540,-63.681529
758.600000,-63.685352,-63.677880,-63.685862
758.650000,-63.689677,-63.682212,-63.690187
758.700000,-63.693995,-63.686535,-63.694504
758.750000,-63.698304,-63.690851,-63.698813
758.800000,-63.702605,-63.695159,-63.703114
758.850000,-63.706898,-63.699458,-63.707407
758.900000,-63.711183,-63.703750,-63.711691
758.950000,-63.715461,-63.708033,-63.715968
759.000000,-63.719730,-63.712309,-63.720237
759.050000,-63.723991,-63.716576,-63.724498
759.100000,-63.728244,-63.720835,-63.728750
759.150000,-63.732489,-63.725087,-63.732995
759.200000,-63.736727,-63.729331,-63.737232
759.250000,-63.740956,-63.733566,-63.741461
759.300000,-63.745178,-63.737794,-63.745682
759.350000,-63.749391,-63.742014,-63.749895
759.400000,-63.753597,-63.746226,-63.754101
759.450000,-63.757795,-63.750430,-63.758298
759.500000,-63.761985,-63.754626,-63.762488
759.550000,-63.766167,-63.758814,-63.766669
759.600000,-63.770341,-63.762995,-63.770843
759.650000,-63.774508,-63.767167,-63.775010
759.700000,-63.778667,-63.771332,-63.779168
759.750000,-63.782818,-63.775489,-63.783319
759.800000,-63.786961,-63.779638,-63.787461
759.850000,-63.791096,-63.783780,-63.791597
759.900000,-63.795224,-63.787914,-63.795724
759.950000,-63.799344,-63.792040,-63.799844
760.000000,-63.803457,-63.796158,-63.803956
760.050000,-63.807561,-63.800269,-63.808060
760.100000,-63.811658,-63.804372,-63.812157
760.150000,-63.815748,-63.808467,-63.816246
760.200000,-63.819829,-63.812555,-63.820327
760.250000,-63.823904,-63.816635,-63.824401
760.300000,-63.827970,-63.820708,-63.828467
760.350000,-63.832029,-63.824772,-63.832525
760.400000,-63.836080,-63.828830,-63.836576
760.450000,-63.840124,-63.832879,-63.840620
760.500000,-63.844160,-63.836921,-63.844655
760.550000,-63.848189,-63.840956,-63.848684
760.600000,-63.852210,-63.844983,-63.852705
760.650000,-63.856224,-63.849003,-63.856718
760.700000,-63.860230,-63.853015,-63.860724
760.750000,-63.864229,-63.857019,-63.864722
760.800000,-63.868220,-63.861016,-63.868713
760.850000,-63.872204,-63.865006,-63.872696
760.900000,-63.876180,-63.868988,-63.876672
760.950000,-63.880149,-63.872962,-63.880641
761.000000,-63.884110,-63.876930,-63.884602
761.050000,-63.888065,-63.880890,-63.888556
761.100000,-63.892011,-63.884842,-63.892502
761.150000,-63.895951,-63.888787,-63.896441
761.200000,-63.899883,-63.892725,-63.900373
761.250000,-63.903807,-63.896655,-63.904297
761.300000,-63.907725,-63.900578,-63.908214
761.350000,-63.911635,-63.904494,-63.912124
761.400000,-63.915538,-63.908402,-63.916026
761.450000,-63.919433,-63.912304,-63.919921
761.500000,-63.923321,-63.916197,-63.923809
761.550000,-63.927202,-63.920084,-63.927690
761.600000,-63.931076,-63.923963,-63.931563
761.650000,-63.934943,-63.927835,-63.935429
761.700000,-63.938802,-63.931700,-63.939288
761.750000,-63.942654,-63.935558,-63.943140
761.800000,-63.946499,-63.939409,-63.946985
761.850000,-63.950337,-63.943252,-63.950822
761.900000,-63.954167,-63.947088,-63.954652
761.950000,-63.957991,-63.950917,-63.958475
762.000000,-63.961807,-63.954739,-63.962291
762.050000,-63.965616,-63.958553,-63.966100
762.100000,-63.969418,-63.962361,-63.969902
762.150000,-63.973213,-63.966162,-63.973697
762.200000,-63.977001,-63.969955,-63.977484
762.250000,-63.980782,-63.973741,-63.981265
762.300000,-63.984556,-63.977521,-63.985038
762.350000,-63.988323,-63.981293,-63.988805
762.400000,-63.992083,-63.985058,-63.992564
762.450000,-63.995836,-63.988816,-63.996317
762.500000,-63.999581,-63.992567,-64.000062
762.550000,-64.003320,-63.996312,-64.003801
762.600000,-64.007052,-64.000049,-64.007532
762.650000,-64.010777,-64.003779,-64.011257
762.700000,-64.014495,-64.007502,-64.014975
762.750000,-64.018206,-64.011219,-64.018685
762.800000,-64.021910,-64.014928,-64.022389
762.850000,-64.025607,-64.018631,-64.026086
762.900000,-64.029298,-64.022326,-64.029776
762.950000,-64.032981,-64.026015,-64.033459
763.000000,-64.036658,-64.029697,-64.037136
763.050000,-64.040328,-64.033372,-64.040805
763.100000,-64.043991,-64.037040,-64.044468
763.150000,-64.047647,-64.040702,-64.048123
763.200000,-64.051296,-64.044356,-64.051772
763.250000,-64.054938,-64.048004,-64.055415
763.300000,-64.058574,-64.051645,-64.059050
763.350000,-64.062203,-64.055279,-64.062679
763.400000,-64.065825,-64.058906,-64.066300
763.450000,-64.069441,-64.062527,-64.069916
763.500000,-64.073049,-64.066141,-64.073524
763.550000,-64.076651,-64.069748,-64.077126
763.600000,-64.080247,-64.073348,-64.080721
763.650000,-64.083835,-64.076942,-64.084309
763.700000,-64.087417,-64.080529,-64.087891
763.750000,-64.090993,-64.084109,-64.091466
763.800000,-64.094561,-64.087683,-64.095034
763.850000,-64.098123,-64.091250,-64.098596
763.900000,-64.101679,-64.094811,-64.102151
763.950000,-64.105227,-64.098364,-64.105699
764.000000,-64.108769,-64.101912,-64.109241
764.050000,-64.112305,-64.105452,-64.112776
764.100000,-64.115834,-64.108986,-64.116305
764.150000,-64.119356,-64.112513,-64.119827
764.200000,-64.122872,-64.116034,-64.123342
764.250000,-64.126381,-64.119549,-64.126851
764.300000,-64.129884,-64.123056,-64.130354
764.350000,-64.133380,-64.126558,-64.133850
764.400000,-64.136870,-64.130052,-64.137339
764.450000,-64.140353,-64.133540,-64.140822
764.500000,-64.143830,-64.137022,-64.144299
764.550000,-64.147300,-64.140497,-64.147769
764.600000,-64.150764,-64.143966,-64.151232
764.650000,-64.154222,-64.147428,-64.154689
764.700000,-64.157673,-64.150884,-64.158140
764.750000,-64.161117,-64.154334,-64.161584
764.800000,-64.164555,-64.157777,-64.165022
764.850000,-64.167987,-64.161214,-64.168454
764.900000,-64.171413,-64.164644,-64.171879
764.950000,-64.174832,-64.168068,-64.175298
765.000000,-64.178244,-64.171485,-64.178710
765.050000,-64.181651,-64.174896,-64.182116
765.100000,-64.185051,-64.178301,-64.185516
765.150000,-64.188444,-64.181700,-64.188909
765.200000,-64.191832,-64.185092,-64.192296
765.250000,-64.195213,-64.188478,-64.195677
765.300000,-64.198588,-64.191857,-64.199052
765.350000,-64.201956,-64.195230,-64.202420
765.400000,-64.205318,-64.198597,-64.205782
765.450000,-64.208674,-64.201958,-64.209138
765.500000,-64.212024,-64.205313,-64.212487
765.550000,-64.215368,-64.208661,-64.215830
765.600000,-64.218705,-64.212003,-64.219167
765.650000,-64.222036,-64.215339,-64.222498
765.700000,-64.225361,-64.218668,-64.225823
765.750000,-64.228680,-64.221992,-64.229141
765.800000,-64.231992,-64.225309,-64.232454
765.850000,-64.235299,-64.228620,-64.235760
765.900000,-64.238599,-64.231925,-64.239060
765.950000,-64.241893,-64.235224,-64.242354
766.000000,-64.245181,-64.238517,-64.245642
766.050000,-64.248463,-64.241803,-64.248923
766.100000,-64.251739,-64.245084,-64.252199
766.150000,-64.255009,-64.248358,-64.255468
766.200000,-64.258273,-64.251626,-64.258732
766.250000,-64.261530,-64.254888,-64.261989
766.300000,-64.264782,-64.258145,-64.265241
766.350000,-64.268027,-64.261395,-64.268486
766.400000,-64.271267,-64.264639,-64.271725
766.450000,-64.274500,-64.267877,-64.274958
766.500000,-64.277728,-64.271109,-64.278186
766.550000,-64.280949,-64.274335,-64.281407
766.600000,-64.284165,-64.277555,-64.284622
766.650000,-64.287375,-64.280769,-64.287831
766.700000,-64.290578,-64.283977,-64.291035
766.750000,-64.293776,-64.287179,-64.294232
766.800000,-64.296968,-64.290375,-64.297424
766.850000,-64.300153,-64.293566,-64.300609
766.900000,-64.303333,-64.296750,-64.303789
766.950000,-64.306507,-64.299928,-64.306963
767.000000,-64.309675,-64.303101,-64.310130
767.050000,-64.312837,-64.306268,-64.313292
767.100000,-64.315994,-64.309428,-64.316449
767.150000,-64.319144,-64.312583,-64.319599
767.200000,-64.322289,-64.315732,-64.322743
767.250000,-64.325428,-64.318876,-64.325882
767.300000,-64.328561,-64.322013,-64.329014
767.350000,-64.331688,-64.325144,-64.332141
767.400000,-64.334809,-64.328270,-64.335263
767.450000,-64.337925,-64.331390,-64.338378
767.500000,-64.341035,-64.334504,-64.341487
767.550000,-64.344139,-64.337613,-64.344591
767.600000,-64.347237,-64.340715,-64.347689
767.650000,-64.350329,-64.343812,-64.350782
767.700000,-64.353416,-64.346903,-64.353868
767.750000,-64.356497,-64.349988,-64.356949
767.800000,-64.359573,-64.353068,-64.360024
767.850000,-64.362642,-64.356142,-64.363093
767.900000,-64.365706,-64.359210,-64.366157
767.950000,-64.368764,-64.362273,-64.369215
768.000000,-64.371817,-64.365330,-64.372268
768.050000,-64.374864,-64.368381,-64.375314
768.100000,-64.377905,-64.371426,-64.378355
768.150000,-64.380941,-64.374466,-64.381391
768.200000,-64.383971,-64.377500,-64.384421
768.250000,-64.386995,-64.380529,-64.387445
768.300000,-64.390014,-64.383552,-64.390463
768.350000,-64.393027,-64.386569,-64.393476
768.400000,-64.396035,-64.389581,-64.396484
768.450000,-64.399037,-64.392587,-64.399485
768.500000,-64.402033,-64.395588,-64.402482
768.550000,-64.405024,-64.398583,-64.405472
768.600000,-64.408010,-64.401573,-64.408458
768.650000,-64.410990,-64.404557,-64.411437
768.700000,-64.413964,-64.407535,-64.414411
768.750000,-64.416933,-64.410508,-64.417380
768.800000,-64.419896,-64.413475,-64.420343
768.850000,-64.422854,-64.416437,-64.423300
768.900000,-64.425806,-64.419394,-64.426253
768.950000,-64.428753,-64.422345,-64.429199
769.000000,-64.431694,-64.425290,-64.432140
769.050000,-64.434630,-64.428230,-64.435076
769.100000,-64.437561,-64.431165,-64.438006
769.150000,-64.440486,-64.434094,-64.440931
769.200000,-64.443406,-64.437017,-64.443851
769.250000,-64.446320,-64.439936,-64.446765
769.300000,-64.449229,-64.442849,-64.449673
769.350000,-64.452132,-64.445756,-64.452577
769.400000,-64.455030,-64.448658,-64.455475
769.450000,-64.457923,-64.451555,-64.458367
769.500000,-64.460810,-64.454446,-64.461254
769.550000,-64.463692,-64.457332,-64.464136
769.600000,-64.466569,-64.460213,-64.467013
769.650000,-64.469440,-64.463088,-64.469884
769.700000,-64.472306,-64.465958,-64.472749
769.750000,-64.475167,-64.468823,-64.475610
769.800000,-64.478022,-64.471682,-64.478465
769.850000,-64.480873,-64.474536,-64.481315
769.900000,-64.483717,-64.477385,-64.484160
769.950000,-64.486557,-64.480229,-64.486999
770.000000,-64.489391,-64.483067,-64.489833
770.050000,-64.492220,-64.485900,-64.492662
770.100000,-64.495044,-64.488727,-64.495486
770.150000,-64.497863,-64.491550,-64.498304
770.200000,-64.500676,-64.494367,-64.501117
770.250000,-64.503485,-64.497179,-64.503925
770.300000,-64.506288,-64.499986,-64.506728
770.350000,-64.509085,-64.502788,-64.509526
770.400000,-64.511878,-64.505584,-64.512318
770.450000,-64.514665,-64.508376,-64.515106
770.500000,-64.517448,-64.511162,-64.517888
770.550000,-64.520225,-64.513943,-64.520665
770.600000,-64.522997,-64.516718,-64.523436
770.650000,-64.525764,-64.519489,-64.526203
770.700000,-64.528525,-64.522255,-64.528965
770.750000,-64.531282,-64.525015,-64.531721
770.800000,-64.534034,-64.527770,-64.534472
770.850000,-64.536780,-64.530521,-64.537219
770.900000,-64.539521,-64.533266,-64.539960
770.950000,-64.542258,-64.536006,-64.542696
771.000000,-64.544989,-64.538741,-64.545427
771.050000,-64.547715,-64.541471,-64.548153
771.100000,-64.550436,-64.544196,-64.550874
771.150000,-64.553152,-64.546915,-64.553590
771.200000,-64.555863,-64.549630,-64.556301
771.250000,-64.558570,-64.552340,-64.559007
771.300000,-64.561271,-64.555045,-64.561708
771.350000,-64.563967,-64.557745,-64.564403
771.400000,-64.566658,-64.560439,-64.567094
771.450000,-64.569344,-64.563129,-64.569780
771.500000,-64.572025,-64.565814,-64.572461
771.550000,-64.574701,-64.568494,-64.575137
771.600000,-64.577372,-64.571169,-64.577808
771.650000,-64.580039,-64.573839,-64.580474
771.700000,-64.582700,-64.576504,-64.583136
771.750000,-64.585356,-64.579164,-64.585792
771.800000,-64.588008,-64.581819,-64.588443
771.850000,-64.590655,-64.584469,-64.591090
771.900000,-64.593296,-64.587114,-64.593731
771.950000,-64.595933,-64.589755,-64.596368
772.000000,-64.598565,-64.592390,-64.599000
772.050000,-64.601192,-64.595021,-64.601626
772.100000,-64.603814,-64.597647,-64.604249
772.150000,-64.606432,-64.600268,-64.606866
772.200000,-64.609044,-64.602884,-64.609478
772.250000,-64.611652,-64.605495,-64.612086
772.300000,-64.614255,-64.608102,-64.614688
772.350000,-64.616853,-64.610703,-64.617286
772.400000,-64.619446,-64.613300,-64.619879
772.450000,-64.622035,-64.615892,-64.622468
772.500000,-64.624619,-64.618479,-64.625051
772.550000,-64.627197,-64.621062,-64.627630
772.600000,-64.629772,-64.623639,-64.630204
772.650000,-64.632341,-64.626212,-64.632773
772.700000,-64.634906,-64.628781,-64.635338
772.750000,-64.637466,-64.631344,-64.637898
772.800000,-64.640021,-64.633903,-64.640453
772.850000,-64.642571,-64.636457,-64.643003
772.900000,-64.645117,-64.639006,-64.645548
772.950000,-64.647658,-64.641550,-64.648089
773.000000,-64.650194,-64.644090,-64.650626
773.050000,-64.652726,-64.646625,-64.653157
773.100000,-64.655253,-64.649156,-64.655684
773.150000,-64.657775,-64.651681,-64.658206
773.200000,-64.660293,-64.654202,-64.660724
773.250000,-64.662806,-64.656719,-64.663236
773.300000,-64.665314,-64.659231,-64.665745
773.350000,-64.667818,-64.661738,-64.668248
773.400000,-64.670317,-64.664240,-64.670747
773.450000,-64.672812,-64.666738,-64.673242
773.500000,-64.675302,-64.669231,-64.675731
773.550000,-64.677787,-64.671720,-64.678216
773.600000,-64.680268,-64.674204,-64.680697
773.650000,-64.682744,-64.676684,-64.683173
773.700000,-64.685215,-64.679159,-64.685644
773.750000,-64.687682,-64.681629,-64.688111
773.800000,-64.690145,-64.684095,-64.690573
773.850000,-64.692603,-64.686556,-64.693031
773.900000,-64.695056,-64.689013,-64.695484
773.950000,-64.697505,-64.691465,-64.697933
774.000000,-64.699949,-64.693912,-64.700377
774.050000,-64.702389,-64.696355,-64.702817
774.100000,-64.704824,-64.698794,-64.705252
774.150000,-64.707255,-64.701228,-64.707683
774.200000,-64.709681,-64.703658,-64.710109
774.250000,-64.712103,-64.706083,-64.712530
774.300000,-64.714520,-64.708503,-64.714948
774.350000,-64.716933,-64.710919,-64.717360
774.400000,-64.719342,-64.713331,-64.719769
774.450000,-64.721746,-64.715738,-64.722172
774.500000,-64.724145,-64.718141,-64.724572
774.550000,-64.726540,-64.720540,-64.726967
774.600000,-64.728931,-64.722933,-64.729357
774.650000,-64.731317,-64.725323,-64.731743
774.700000,-64.733699,-64.727708,-64.734125
774.750000,-64.736077,-64.730089,-64.736503
774.800000,-64.738450,-64.732465,-64.738875
774.850000,-64.740819,-64.734837,-64.741244
774.900000,-64.743183,-64.737204,-64.743608
774.950000,-64.745543,-64.739568,-64.745968
775.000000,-64.747898,-64.741926,-64.748324
775.050000,-64.750250,-64.744281,-64.750675
775.100000,-64.752597,-64.746631,-64.753022
775.150000,-64.754939,-64.748977,-64.755364
775.200000,-64.757278,-64.751318,-64.757702
775.250000,-64.759612,-64.753655,-64.760036
775.300000,-64.761941,-64.755988,-64.762365
775.350000,-64.764267,-64.758317,-64.764691
775.400000,-64.766588,-64.760641,-64.767012
775.450000,-64.768904,-64.762961,-64.769328
775.500000,-64.771217,-64.765276,-64.771641
775.550000,-64.773525,-64.767588,-64.773949
775.600000,-64.775829,-64.769895,-64.776253
775.650000,-64.778129,-64.772198,-64.778552
775.700000,-64.780425,-64.774496,-64.780848
775.750000,-64.782716,-64.776791,-64.783139
775.800000,-64.785003,-64.779081,-64.785426
775.850000,-64.787286,-64.781367,-64.787709
775.900000,-64.789564,-64.783648,-64.789987
775.950000,-64.791839,-64.785926,-64.792261
776.000000,-64.794109,-64.788199,-64.794531
776.050000,-64.796375,-64.790468,-64.796797
776.100000,-64.798637,-64.792733,-64.799059
776.150000,-64.800895,-64.794994,-64.801317
776.200000,-64.803148,-64.797251,-64.803570
776.250000,-64.805397,-64.799503,-64.805819
776.300000,-64.807643,-64.801751,-64.808064
776.350000,-64.809884,-64.803995,-64.810305
776.400000,-64.812121,-64.806235,-64.812542
776.450000,-64.814354,-64.808471,-64.814775
776.500000,-64.816582,-64.810703,-64.817003
776.550000,-64.818807,-64.812930,-64.819228
776.600000,-64.821027,-64.815154,-64.821448
776.650000,-64.823244,-64.817373,-64.823665
776.700000,-64.825456,-64.819589,-64.825877
776.750000,-64.827664,-64.821800,-64.828085
776.800000,-64.829869,-64.824007,-64.830289
776.850000,-64.832069,-64.826210,-64.832489
776.900000,-64.834265,-64.828409,-64.834685
776.950000,-64.836457,-64.830604,-64.836877
777.000000,-64.838645,-64.832795,-64.839065
777.050000,-64.840829,-64.834982,-64.841249
777.100000,-64.843009,-64.837165,-64.843428
777.150000,-64.845185,-64.839343,-64.845604
777.200000,-64.847357,-64.841518,-64.847776
777.250000,-64.849524,-64.843689,-64.849944
777.300000,-64.851688,-64.845856,-64.852108
777.350000,-64.853848,-64.848019,-64.854267
777.400000,-64.856004,-64.850177,-64.856423
777.450000,-64.858156,-64.852332,-64.858575
777.500000,-64.860304,-64.854483,-64.860723
777.550000,-64.862448,-64.856630,-64.862867
777.600000,-64.864588,-64.858773,-64.865007
777.650000,-64.866724,-64.860912,-64.867143
777.700000,-64.868857,-64.863047,-64.869275
777.750000,-64.870985,-64.865178,-64.871403
777.800000,-64.873109,-64.867305,-64.873527
777.850000,-64.875230,-64.869429,-64.875648
777.900000,-64.877346,-64.871548,-64.877764
777.950000,-64.879459,-64.873664,-64.879877
778.000000,-64.881568,-64.875775,-64.881985
778.050000,-64.883673,-64.877883,-64.884090
778.100000,-64.885774,-64.879987,-64.886191
778.150000,-64.887871,-64.882087,-64.888288
778.200000,-64.889964,-64.884183,-64.890381
778.250000,-64.892053,-64.886275,-64.892471
778.300000,-64.894139,-64.888363,-64.894556
778.350000,-64.896221,-64.890448,-64.896638
778.400000,-64.898299,-64.892528,-64.898715
778.450000,-64.900373,-64.894605,-64.900789
778.500000,-64.902443,-64.896678,-64.902860
778.550000,-64.904509,-64.898747,-64.904926
778.600000,-64.906572,-64.900813,-64.906988
778.650000,-64.908631,-64.902874,-64.909047
778.700000,-64.910686,-64.904932,-64.911102
778.750000,-64.912737,-64.906986,-64.913153
778.800000,-64.914785,-64.909036,-64.915201
778.850000,-64.916828,-64.911083,-64.917244
778.900000,-64.918868,-64.913126,-64.919284
778.950000,-64.920905,-64.915164,-64.921320
779.000000,-64.922937,-64.917200,-64.923353
779.050000,-64.924966,-64.919231,-64.925381
779.100000,-64.926991,-64.921259,-64.927406
779.150000,-64.929012,-64.923283,-64.929427
779.200000,-64.931030,-64.925303,-64.931445
779.250000,-64.933043,-64.927319,-64.933458
779.300000,-64.935054,-64.929332,-64.935468
779.350000,-64.937060,-64.931341,-64.937475
779.400000,-64.939063,-64.933347,-64.939477
779.450000,-64.941062,-64.935348,-64.941476
779.500000,-64.943057,-64.937346,-64.943471
779.550000,-64.945049,-64.939341,-64.945463
779.600000,-64.947037,-64.941331,-64.947451
779.650000,-64.949021,-64.943318,-64.949435
779.700000,-64.951002,-64.945302,-64.951416
779.750000,-64.952979,-64.947281,-64.953393
779.800000,-64.954952,-64.949257,-64.955366
779.850000,-64.956922,-64.951230,-64.957336
779.900000,-64.958888,-64.953199,-64.959302
779.950000,-64.960851,-64.955164,-64.961264
780.000000,-64.962810,-64.957125,-64.963223
780.050000,-64.964765,-64.959083,-64.965179
780.100000,-64.966717,-64.961038,-64.967130
780.150000,-64.968665,-64.962988,-64.969078
780.200000,-64.970610,-64.964936,-64.971023
780.250000,-64.972551,-64.966879,-64.972964
780.300000,-64.974488,-64.968819,-64.974901
780.350000,-64.976422,-64.970756,-64.976835
780.400000,-64.978352,-64.972688,-64.978765
780.450000,-64.980279,-64.974618,-64.980692
780.500000,-64.982202,-64.976543,-64.982615
780.550000,-64.984122,-64.978466,-64.984535
780.600000,-64.986038,-64.980384,-64.986451
780.650000,-64.987951,-64.982300,-64.988363
780.700000,-64.989860,-64.984211,-64.990272
780.750000,-64.991766,-64.986119,-64.992178
780.800000,-64.993668,-64.988024,-64.994080
780.850000,-64.995566,-64.989925,-64.995978
780.900000,-64.997461,-64.991823,-64.997873
780.950000,-64.999353,-64.993717,-64.999765
781.000000,-65.001241,-64.995607,-65.001653
781.050000,-65.003126,-64.997495,-65.003537
781.100000,-65.005007,-64.999378,-65.005419
781.150000,-65.006885,-65.001259,-65.007296
781.200000,-65.008759,-65.003135,-65.009170
781.250000,-65.010630,-65.005009,-65.011041
781.300000,-65.012497,-65.006879,-65.012909
781.350000,-65.014361,-65.008745,-65.014772
781.400000,-65.016222,-65.010608,-65.016633
781.450000,-65.018079,-65.012468,-65.018490
781.500000,-65.019933,-65.014324,-65.020344
781.550000,-65.021783,-65.016177,-65.022194
781.600000,-65.023630,-65.018026,-65.024041
781.650000,-65.025474,-65.019872,-65.025884
781.700000,-65.027314,-65.021715,-65.027724
781.750000,-65.029151,-65.023554,-65.029561
781.800000,-65.030984,-65.025389,-65.031394
781.850000,-65.032814,-65.027222,-65.033224
781.900000,-65.034641,-65.029051,-65.035051
781.950000,-65.036464,-65.030877,-65.036874
782.000000,-65.038284,-65.032699,-65.038694
782.050000,-65.040100,-65.034518,-65.040510
782.100000,-65.041914,-65.036334,-65.042324
782.150000,-65.043724,-65.038146,-65.044133
782.200000,-65.045530,-65.039955,-65.045940
782.250000,-65.047334,-65.041761,-65.047743
782.300000,-65.049134,-65.043563,-65.049543
782.350000,-65.050930,-65.045362,-65.051340
782.400000,-65.052724,-65.047158,-65.053133
782.450000,-65.054514,-65.048950,-65.054923
782.500000,-65.056300,-65.050739,-65.056710
782.550000,-65.058084,-65.052525,-65.058493
782.600000,-65.059864,-65.054308,-65.060273
782.650000,-65.061641,-65.056087,-65.062050
782.700000,-65.063415,-65.057863,-65.063824
782.750000,-65.065185,-65.059636,-65.065594
782.800000,-65.066952,-65.061405,-65.067361
782.850000,-65.068716,-65.063172,-65.069125
782.900000,-65.070477,-65.064935,-65.070886
782.950000,-65.072235,-65.066694,-65.072643
783.000000,-65.073989,-65.068451,-65.074397
783.050000,-65.075740,-65.070204,-65.076148
783.100000,-65.077488,-65.071954,-65.077896
783.150000,-65.079232,-65.073701,-65.079640
783.200000,-65.080974,-65.075445,-65.081382
783.250000,-65.082712,-65.077185,-65.083120
783.300000,-65.084447,-65.078923,-65.084855
783.350000,-65.086179,-65.080657,-65.086587
783.400000,-65.087907,-65.082388,-65.088315
783.450000,-65.089633,-65.084115,-65.090040
783.500000,-65.091355,-65.085840,-65.091763
783.550000,-65.093074,-65.087561,-65.093482
783.600000,-65.094790,-65.089279,-65.095198
783.650000,-65.096503,-65.090995,-65.096910
783.700000,-65.098213,-65.092706,-65.098620
783.750000,-65.099919,-65.094415,-65.100327
783.800000,-65.101623,-65.096121,-65.102030
783.850000,-65.103323,-65.097823,-65.103730
783.900000,-65.105020,-65.099523,-65.105427
783.950000,-65.106714,-65.101219,-65.107121
784.000000,-65.108405,-65.102912,-65.108812
784.050000,-65.110093,-65.104602,-65.110500
784.100000,-65.111778,-65.106289,-65.112184
784.150000,-65.113459,-65.107973,-65.113866
784.200000,-65.115138,-65.109654,-65.115545
784.250000,-65.116813,-65.111332,-65.117220
784.300000,-65.118486,-65.113006,-65.118892
784.350000,-65.120155,-65.114678,-65.120562
784.400000,-65.121821,-65.116346,-65.122228
784.450000,-65.123485,-65.118011,-65.123891
784.500000,-65.125145,-65.119674,-65.125551
784.550000,-65.126802,-65.121333,-65.127208
784.600000,-65.128456,-65.122989,-65.128862
784.650000,-65.130107,-65.124643,-65.130513
784.700000,-65.131755,-65.126293,-65.132161
784.750000,-65.133400,-65.127940,-65.133806
784.800000,-65.135042,-65.129584,-65.135448
784.850000,-65.136681,-65.131225,-65.137087
784.900000,-65.138317,-65.132863,-65.138723
784.950000,-65.139950,-65.134498,-65.140356
785.000000,-65.141580,-65.136130,-65.141985
785.050000,-65.143207,-65.137759,-65.143612
785.100000,-65.144831,-65.139386,-65.145236
785.150000,-65.146452,-65.141009,-65.146857
785.200000,-65.148070,-65.142629,-65.148475
785.250000,-65.149685,-65.144246,-65.150090
785.300000,-65.151297,-65.145860,-65.151702
785.350000,-65.152906,-65.147471,-65.153311
785.400000,-65.154512,-65.149080,-65.154918
785.450000,-65.156116,-65.150685,-65.156521
785.500000,-65.157716,-65.152287,-65.158121
785.550000,-65.159313,-65.153887,-65.159718
785.600000,-65.160908,-65.155483,-65.161313
785.650000,-65.162499,-65.157077,-65.162904
785.700000,-65.164088,-65.158668,-65.164493
785.750000,-65.165674,-65.160255,-65.166078
785.800000,-65.167256,-65.161840,-65.167661
785.850000,-65.168836,-65.163422,-65.169241
785.900000,-65.170413,-65.165001,-65.170818
785.950000,-65.171987,-65.166577,-65.172392
786.000000,-65.173559,-65.168151,-65.173963
786.050000,-65.175127,-65.169721,-65.175531
786.100000,-65.176692,-65.171289,-65.177097
786.150000,-65.178255,-65.172853,-65.178659
786.200000,-65.179815,-65.174415,-65.180219
786.250000,-65.181372,-65.175974,-65.181776
786.300000,-65.182926,-65.177530,-65.183330
786.350000,-65.184477,-65.179083,-65.184881
786.400000,-65.186025,-65.180633,-65.186429
786.450000,-65.187570,-65.182181,-65.187974
786.500000,-65.189113,-65.183725,-65.189517
786.550000,-65.190653,-65.185267,-65.191057
786.600000,-65.192190,-65.186806,-65.192594
786.650000,-65.193724,-65.188342,-65.194128
786.700000,-65.195255,-65.189876,-65.195659
786.750000,-65.196784,-65.191406,-65.197188
786.800000,-65.198310,-65.192934,-65.198713
786.850000,-65.199833,-65.194459,-65.200236
786.900000,-65.201353,-65.195981,-65.201756
786.950000,-65.202870,-65.197500,-65.203274
787.000000,-65.204385,-65.199017,-65.204788
787.050000,-65.205897,-65.200531,-65.206300
787.100000,-65.207406,-65.202042,-65.207809
787.150000,-65.208912,-65.203550,-65.209315
787.200000,-65.210416,-65.205056,-65.210819
787.250000,-65.211916,-65.206558,-65.212319
787.300000,-65.213414,-65.208058,-65.213817
787.350000,-65.214910,-65.209556,-65.215313
787.400000,-65.216402,-65.211050,-65.216805
787.450000,-65.217892,-65.212542,-65.218295
787.500000,-65.219379,-65.214031,-65.219782
787.550000,-65.220864,-65.215517,-65.221266
787.600000,-65.222345,-65.217001,-65.222748
787.650000,-65.223824,-65.218481,-65.224227
787.700000,-65.225300,-65.219960,-65.225703
787.750000,-65.226774,-65.221435,-65.227176
787.800000,-65.228245,-65.222908,-65.228647
787.850000,-65.229713,-65.224378,-65.230115
787.900000,-65.231178,-65.225845,-65.231581
787.950000,-65.232641,-65.227310,-65.233043
788.000000,-65.234101,-65.228772,-65.234503
788.050000,-65.235558,-65.230231,-65.235961
788.100000,-65.237013,-65.231688,-65.237415
788.150000,-65.238465,-65.233141,-65.238867
788.200000,-65.239915,-65.234593,-65.240317
788.250000,-65.241361,-65.236041,-65.241763
788.300000,-65.242806,-65.237487,-65.243208
788.350000,-65.244247,-65.238931,-65.244649
788.400000,-65.245686,-65.240371,-65.246088
788.450000,-65.247122,-65.241809,-65.247524
788.500000,-65.248556,-65.243245,-65.248957
788.550000,-65.249986,-65.244678,-65.250388
788.600000,-65.251415,-65.246108,-65.251817
788.650000,-65.252840,-65.247535,-65.253242
788.700000,-65.254264,-65.248960,-65.254665
788.750000,-65.255684,-65.250382,-65.256086
788.800000,-65.257102,-65.251802,-65.257503
788.850000,-65.258517,-65.253219,-65.258919
788.900000,-65.259930,-65.254634,-65.260331
788.950000,-65.261340,-65.256046,-65.261741
789.000000,-65.262747,-65.257455,-65.263149
789.050000,-65.264152,-65.258862,-65.264554
789.100000,-65.265555,-65.260266,-65.265956
789.150000,-65.266955,-65.261668,-65.267356
789.200000,-65.268352,-65.263067,-65.268753
789.250000,-65.269747,-65.264463,-65.270148
789.300000,-65.271139,-65.265857,-65.271540
789.350000,-65.272528,-65.267248,-65.272929
789.400000,-65.273915,-65.268637,-65.274316
789.450000,-65.275300,-65.270024,-65.275701
789.500000,-65.276682,-65.271407,-65.277083
789.550000,-65.278061,-65.272789,-65.278462
789.600000,-65.279438,-65.274167,-65.279839
789.650000,-65.280813,-65.275543,-65.281213
789.700000,-65.282184,-65.276917,-65.282585
789.750000,-65.283554,-65.278288,-65.283955
789.800000,-65.284921,-65.279657,-65.285321
789.850000,-65.286285,-65.281023,-65.286686
789.900000,-65.287647,-65.282387,-65.288048
789.950000,-65.289006,-65.283748,-65.289407
790.000000,-65.290363,-65.285106,-65.290764
790.050000,-65.291718,-65.286463,-65.292118
790.100000,-65.293070,-65.287816,-65.293470
790.150000,-65.294419,-65.289167,-65.294820
790.200000,-65.295766,-65.290516,-65.296166
790.250000,-65.297111,-65.291862,-65.297511
790.300000,-65.298453,-65.293206,-65.298853
790.350000,-65.299792,-65.294547,-65.300193
790.400000,-65.301129,-65.295886,-65.301530
790.450000,-65.302464,-65.297223,-65.302864
790.500000,-65.303796,-65.298557,-65.304197
790.550000,-65.305126,-65.299888,-65.305526
790.600000,-65.306454,-65.301217,-65.306854
790.650000,-65.307779,-65.302544,-65.308179
790.700000,-65.309101,-65.303868,-65.309501
790.750000,-65.310421,-65.305190,-65.310821
790.800000,-65.311739,-65.306510,-65.312139
790.850000,-65.313054,-65.307827,-65.313454
790.900000,-65.314367,-65.309141,-65.314767
790.950000,-65.315678,-65.310453,-65.316078
791.000000,-65.316986,-65.311763,-65.317386
791.050000,-65.318292,-65.313071,-65.318691
791.100000,-65.319595,-65.314376,-65.319995
791.150000,-65.320896,-65.315678,-65.321296
791.200000,-65.322195,-65.316978,-65.322594
791.250000,-65.323491,-65.318276,-65.323890
791.300000,-65.324785,-65.319572,-65.325184
791.350000,-65.326076,-65.320865,-65.326476
791.400000,-65.327365,-65.322156,-65.327765
791.450000,-65.328652,-65.323444,-65.329051
791.500000,-65.329936,-65.324730,-65.330336
791.550000,-65.331218,-65.326014,-65.331618
791.600000,-65.332498,-65.327295,-65.332897
791.650000,-65.333775,-65.328574,-65.334175
791.700000,-65.335050,-65.329851,-65.335450
791.750000,-65.336323,-65.331125,-65.336722
791.800000,-65.337593,-65.332397,-65.337993
791.850000,-65.338861,-65.333667,-65.339261
791.900000,-65.340127,-65.334934,-65.340526
791.950000,-65.341391,-65.336199,-65.341790
792.000000,-65.342652,-65.337462,-65.343051
792.050000,-65.343911,-65.338722,-65.344310
792.100000,-65.345167,-65.339980,-65.345566
792.150000,-65.346421,-65.341236,-65.346820
792.200000,-65.347673,-65.342490,-65.348072
792.250000,-65.348923,-65.343741,-65.349322
792.300000,-65.350170,-65.344990,-65.350569
792.350000,-65.351415,-65.346236,-65.351814
792.400000,-65.352658,-65.347481,-65.353057
792.450000,-65.353898,-65.348723,-65.354297
792.500000,-65.355137,-65.349963,-65.355536
792.550000,-65.356373,-65.351200,-65.356772
792.600000,-65.357606,-65.352436,-65.358005
792.650000,-65.358838,-65.353669,-65.359237
792.700000,-65.360067,-65.354899,-65.360466
792.750000,-65.361294,-65.356128,-65.361693
792.800000,-65.362519,-65.357354,-65.362918
792.850000,-65.363741,-65.358578,-65.364140
792.900000,-65.364962,-65.359800,-65.365360
792.950000,-65.366180,-65.361020,-65.366578
793.000000,-65.367395,-65.362237,-65.367794
793.050000,-65.368609,-65.363452,-65.369008
793.100000,-65.369820,-65.364665,-65.370219
793.150000,-65.371030,-65.365876,-65.371428
793.200000,-65.372236,-65.367084,-65.372635
793.250000,-65.373441,-65.368291,-65.373840
793.300000,-65.374644,-65.369495,-65.375042
793.350000,-65.375844,-65.370697,-65.376243
793.400000,-65.377042,-65.371896,-65.377441
793.450000,-65.378238,-65.373094,-65.378637
793.500000,-65.379432,-65.374289,-65.379830
793.550000,-65.380624,-65.375482,-65.381022
793.600000,-65.381813,-65.376673,-65.382211
793.650000,-65.383000,-65.377862,-65.383399
793.700000,-65.384185,-65.379048,-65.384584
793.750000,-65.385368,-65.380233,-65.385767
793.800000,-65.386549,-65.381415,-65.386947
793.850000,-65.387728,-65.382595,-65.388126
793.900000,-65.388904,-65.383773,-65.389302
793.950000,-65.390078,-65.384949,-65.390477
794.000000,-65.391251,-65.386123,-65.391649
794.050000,-65.392421,-65.387294,-65.392819
794.100000,-65.393589,-65.388464,-65.393987
794.150000,-65.394754,-65.389631,-65.395152
794.200000,-65.395918,-65.390796,-65.396316
794.250000,-65.397079,-65.391959,-65.397477
794.300000,-65.398239,-65.393120,-65.398637
794.350000,-65.399396,-65.394278,-65.399794
794.400000,-65.400551,-65.395435,-65.400949
794.450000,-65.401704,-65.396590,-65.402102
794.500000,-65.402855,-65.397742,-65.403253
794.550000,-65.404004,-65.398892,-65.404402
794.600000,-65.405151,-65.400040,-65.405549
794.650000,-65.406295,-65.401187,-65.406693
794.700000,-65.407438,-65.402331,-65.407836
794.750000,-65.408578,-65.403472,-65.408976
794.800000,-65.409717,-65.404612,-65.410114
794.850000,-65.410853,-65.405750,-65.411251
794.900000,-65.411987,-65.406886,-65.412385
794.950000,-65.413120,-65.408019,-65.413517
795.000000,-65.414250,-65.409151,-65.414647
795.050000,-65.415378,-65.410280,-65.415775
795.100000,-65.416504,-65.411408,-65.416901
795.150000,-65.417628,-65.412533,-65.418025
795.200000,-65.418749,-65.413656,-65.419147
795.250000,-65.419869,-65.414778,-65.420267
795.300000,-65.420987,-65.415897,-65.421385
795.350000,-65.422103,-65.417014,-65.422500
795.400000,-65.423216,-65.418129,-65.423614
795.450000,-65.424328,-65.419242,-65.424726
795.500000,-65.425438,-65.420353,-65.425835
795.550000,-65.426545,-65.421462,-65.426943
795.600000,-65.427651,-65.422569,-65.428048
795.650000,-65.428755,-65.423674,-65.429152
795.700000,-65.429856,-65.424777,-65.430254
795.750000,-65.430956,-65.425878,-65.431353
795.800000,-65.432053,-65.426977,-65.432451
795.850000,-65.433149,-65.428074,-65.433546
795.900000,-65.434242,-65.429169,-65.434640
795.950000,-65.435334,-65.430262,-65.435731
796.000000,-65.436424,-65.431353,-65.436821
796.050000,-65.437511,-65.432442,-65.437908
796.100000,-65.438597,-65.433529,-65.438994
796.150000,-65.439680,-65.434614,-65.440077
796.200000,-65.440762,-65.435697,-65.441159
796.250000,-65.441842,-65.436778,-65.442239
796.300000,-65.442919,-65.437857,-65.443316
796.350000,-65.443995,-65.438934,-65.444392
796.400000,-65.445069,-65.440009,-65.445466
796.450000,-65.446141,-65.441082,-65.446538
796.500000,-65.447211,-65.442153,-65.447608
796.550000,-65.448278,-65.443223,-65.448675
796.600000,-65.449344,-65.444290,-65.449741
796.650000,-65.450408,-65.445355,-65.450805
796.700000,-65.451470,-65.446419,-65.451867
796.750000,-65.452531,-65.447480,-65.452928
796.800000,-65.453589,-65.448540,-65.453986
796.850000,-65.454645,-65.449597,-65.455042
796.900000,-65.455699,-65.450653,-65.456096
796.950000,-65.456752,-65.451707,-65.457149
797.000000,-65.457802,-65.452759,-65.458199
797.050000,-65.458851,-65.453809,-65.459248
797.100000,-65.459898,-65.454857,-65.460294
797.150000,-65.460942,-65.455903,-65.461339
797.200000,-65.461985,-65.456947,-65.462382
797.250000,-65.463026,-65.457989,-65.463423
797.300000,-65.464065,-65.459030,-65.464462
797.350000,-65.465102,-65.460068,-65.465499
797.400000,-65.466138,-65.461105,-65.466534
797.450000,-65.467171,-65.462139,-65.467568
797.500000,-65.468203,-65.463172,-65.468599
797.550000,-65.469232,-65.464203,-65.469629
797.600000,-65.470260,-65.465232,-65.470657
797.650000,-65.471286,-65.466259,-65.471683
797.700000,-65.472310,-65.467285,-65.472707
797.750000,-65.473332,-65.468308,-65.473729
797.800000,-65.474352,-65.469330,-65.474749
797.850000,-65.475371,-65.470349,-65.475767
797.900000,-65.476387,-65.471367,-65.476784
797.950000,-65.477402,-65.472383,-65.477799
798.000000,-65.478415,-65.473397,-65.478811
798.050000,-65.479426,-65.474410,-65.479822
798.100000,-65.480435,-65.475420,-65.480832
798.150000,-65.481442,-65.476429,-65.481839
798.200000,-65.482448,-65.477435,-65.482844
798.250000,-65.483452,-65.478440,-65.483848
798.300000,-65.484453,-65.479443,-65.484850
798.350000,-65.485453,-65.480445,-65.485850
798.400000,-65.486452,-65.481444,-65.486848
798.450000,-65.487448,-65.482442,-65.487844
798.500000,-65.488443,-65.483438,-65.488839
798.550000,-65.489435,-65.484431,-65.489832
798.600000,-65.490426,-65.485424,-65.490823
798.650000,-65.491415,-65.486414,-65.491812
798.700000,-65.492403,-65.487403,-65.492799
798.750000,-65.493388,-65.488389,-65.493785
798.800000,-65.494372,-65.489374,-65.494768
798.850000,-65.495354,-65.490358,-65.495750
798.900000,-65.496334,-65.491339,-65.496730
798.950000,-65.497312,-65.492319,-65.497709
799.000000,-65.498289,-65.493296,-65.498685
799.050000,-65.499264,-65.494272,-65.499660
799.100000,-65.500237,-65.495247,-65.500633
799.150000,-65.501208,-65.496219,-65.501604
799.200000,-65.502178,-65.497190,-65.502574
799.250000,-65.503145,-65.498159,-65.503542
799.300000,-65.504111,-65.499126,-65.504508
799.350000,-65.505075,-65.500091,-65.505472
799.400000,-65.506038,-65.501055,-65.506434
799.450000,-65.506999,-65.502017,-65.507395
799.500000,-65.507958,-65.502977,-65.508354
799.550000,-65.508915,-65.503935,-65.509311
799.600000,-65.509870,-65.504892,-65.510266
799.650000,-65.510824,-65.505847,-65.511220
799.700000,-65.511776,-65.506800,-65.512172
799.750000,-65.512726,-65.507752,-65.513122
799.800000,-65.513675,-65.508701,-65.514071
799.850000,-65.514621,-65.509649,-65.515018
799.900000,-65.515566,-65.510595,-65.515963
799.950000,-65.516510,-65.511540,-65.516906
800.000000,-65.517451,-65.512483,-65.517848
800.050000,-65.518391,-65.513424,-65.518787
800.100000,-65.519330,-65.514363,-65.519726
800.150000,-65.520266,-65.515301,-65.520662
800.200000,-65.521201,-65.516237,-65.521597
800.250000,-65.522134,-65.517171,-65.522530
800.300000,-65.523065,-65.518104,-65.523461
800.350000,-65.523995,-65.519034,-65.524391
800.400000,-65.524923,-65.519964,-65.525319
800.450000,-65.525849,-65.520891,-65.526245
800.500000,-65.526774,-65.521817,-65.527170
800.550000,-65.527697,-65.522741,-65.528093
800.600000,-65.528618,-65.523663,-65.529014
800.650000,-65.529538,-65.524584,-65.529934
800.700000,-65.530456,-65.525503,-65.530852
800.750000,-65.531372,-65.526421,-65.531768
800.800000,-65.532286,-65.527336,-65.532682
800.850000,-65.533199,-65.528250,-65.533595
800.900000,-65.534110,-65.529163,-65.534506
800.950000,-65.535020,-65.530073,-65.535416
801.000000,-65.535928,-65.530982,-65.536324
801.050000,-65.536834,-65.531890,-65.537230
801.100000,-65.537739,-65.532796,-65.538135
801.150000,-65.538642,-65.533700,-65.539038
801.200000,-65.539543,-65.534602,-65.539939
801.250000,-65.540443,-65.535503,-65.540839
801.300000,-65.541341,-65.536402,-65.541737
801.350000,-65.542237,-65.537300,-65.542633
801.400000,-65.543132,-65.538196,-65.543528
801.450000,-65.544025,-65.539090,-65.544421
801.500000,-65.544917,-65.539983,-65.545313
801.550000,-65.545807,-65.540874,-65.546203
801.600000,-65.546695,-65.541763,-65.547091
801.650000,-65.547582,-65.542651,-65.547978
801.700000,-65.548467,-65.543537,-65.548863
801.750000,-65.549350,-65.544421,-65.549746
801.800000,-65.550232,-65.545304,-65.550628
801.850000,-65.551112,-65.546186,-65.551508
801.900000,-65.551991,-65.547066,-65.552387
801.950000,-65.552868,-65.547944,-65.553264
802.000000,-65.553744,-65.548820,-65.554139
802.050000,-65.554617,-65.549695,-65.555013
802.100000,-65.555490,-65.550568,-65.555885
802.150000,-65.556360,-65.551440,-65.556756
802.200000,-65.557229,-65.552310,-65.557625
802.250000,-65.558097,-65.553179,-65.558493
802.300000,-65.558963,-65.554046,-65.559359
802.350000,-65.559827,-65.554911,-65.560223
802.400000,-65.560690,-65.555775,-65.561086
802.450000,-65.561551,-65.556638,-65.561947
802.500000,-65.562411,-65.557498,-65.562807
802.550000,-65.563269,-65.558358,-65.563665
802.600000,-65.564126,-65.559215,-65.564521
802.650000,-65.564980,-65.560071,-65.565376
802.700000,-65.565834,-65.560926,-65.566230
802.750000,-65.566686,-65.561779,-65.567082
802.800000,-65.567536,-65.562630,-65.567932
802.850000,-65.568385,-65.563480,-65.568781
802.900000,-65.569232,-65.564328,-65.569628
802.950000,-65.570078,-65.565175,-65.570474
803.000000,-65.570922,-65.566020,-65.571318
803.050000,-65.571765,-65.566864,-65.572160
803.100000,-65.572606,-65.567706,-65.573001
803.150000,-65.573445,-65.568546,-65.573841
803.200000,-65.574283,-65.569385,-65.574679
803.250000,-65.575120,-65.570223,-65.575515
803.300000,-65.575955,-65.571059,-65.576350
803.350000,-65.576788,-65.571893,-65.577184
803.400000,-65.577620,-65.572726,-65.578016
803.450000,-65.578451,-65.573558,-65.578846
803.500000,-65.579279,-65.574388,-65.579675
803.550000,-65.580107,-65.575216,-65.580503
803.600000,-65.580933,-65.576043,-65.581328
803.650000,-65.581757,-65.576869,-65.582153
803.700000,-65.582580,-65.577693,-65.582976
803.750000,-65.583402,-65.578515,-65.583797
803.800000,-65.584221,-65.579336,-65.584617
803.850000,-65.585040,-65.580155,-65.585436
803.900000,-65.585857,-65.580973,-65.586253
803.950000,-65.586672,-65.581790,-65.587068
804.000000,-65.587486,-65.582605,-65.587882
804.050000,-65.588299,-65.583418,-65.588694
804.100000,-65.589110,-65.584230,-65.589505
804.150000,-65.589919,-65.585041,-65.590315
804.200000,-65.590727,-65.585850,-65.591123
804.250000,-65.591534,-65.586658,-65.591930
804.300000,-65.592339,-65.587464,-65.592735
804.350000,-65.593143,-65.588268,-65.593539
804.400000,-65.593945,-65.589072,-65.594341
804.450000,-65.594746,-65.589873,-65.595142
804.500000,-65.595545,-65.590674,-65.595941
804.550000,-65.596343,-65.591473,-65.596739
804.600000,-65.597139,-65.592270,-65.597535
804.650000,-65.597934,-65.593066,-65.598330
804.700000,-65.598728,-65.593860,-65.599124
804.750000,-65.599520,-65.594653,-65.599916
804.800000,-65.600311,-65.595445,-65.600706
804.850000,-65.601100,-65.596235,-65.601495
804.900000,-65.601887,-65.597024,-65.602283
804.950000,-65.602674,-65.597811,-65.603070
805.000000,-65.603459,-65.598597,-65.603854
805.050000,-65.604242,-65.599382,-65.604638
805.100000,-65.605024,-65.600165,-65.605420
805.150000,-65.605805,-65.600946,-65.606201
805.200000,-65.606584,-65.601726,-65.606980
805.250000,-65.607362,-65.602505,-65.607758
805.300000,-65.608138,-65.603282,-65.608534
805.350000,-65.608913,-65.604058,-65.609309
805.400000,-65.609687,-65.604833,-65.610083
805.450000,-65.610459,-65.605606,-65.610855
805.500000,-65.611230,-65.606378,-65.611625
805.550000,-65.611999,-65.607148,-65.612395
805.600000,-65.612767,-65.607917,-65.613163
805.650000,-65.613534,-65.608684,-65.613929
805.700000,-65.614299,-65.609451,-65.614694
805.750000,-65.615063,-65.610215,-65.615458
805.800000,-65.615825,-65.610979,-65.616221
805.850000,-65.616586,-65.611741,-65.616982
805.900000,-65.617346,-65.612501,-65.617741
805.950000,-65.618104,-65.613260,-65.618500
806.000000,-65.618861,-65.614018,-65.619256
806.050000,-65.619616,-65.614775,-65.620012
806.100000,-65.620370,-65.615530,-65.620766
806.150000,-65.621123,-65.616283,-65.621519
806.200000,-65.621875,-65.617036,-65.622270
806.250000,-65.622625,-65.617787,-65.623020
806.300000,-65.623373,-65.618536,-65.623769
806.350000,-65.624121,-65.619284,-65.624516
806.400000,-65.624866,-65.620031,-65.625262
806.450000,-65.625611,-65.620777,-65.626007
806.500000,-65.626354,-65.621521,-65.626750
806.550000,-65.627096,-65.622264,-65.627492
806.600000,-65.627837,-65.623005,-65.628232
806.650000,-65.628576,-65.623745,-65.628972
806.700000,-65.629314,-65.624484,-65.629710
806.750000,-65.630050,-65.625222,-65.630446
806.800000,-65.630785,-65.625958,-65.631181
806.850000,-65.631519,-65.626692,-65.631915
806.900000,-65.632252,-65.627426,-65.632648
806.950000,-65.632983,-65.628158,-65.633379
807.000000,-65.633713,-65.628889,-65.634109
807.050000,-65.634441,-65.629618,-65.634837
807.100000,-65.635169,-65.630346,-65.635564
807.150000,-65.635895,-65.631073,-65.636290
807.200000,-65.636619,-65.631798,-65.637015
807.250000,-65.637342,-65.632523,-65.637738
807.300000,-65.638064,-65.633245,-65.638460
807.350000,-65.638785,-65.633967,-65.639181
807.400000,-65.639504,-65.634687,-65.639900
807.450000,-65.640222,-65.635406,-65.640618
807.500000,-65.640939,-65.636124,-65.641335
807.550000,-65.641654,-65.636840,-65.642050
807.600000,-65.642369,-65.637555,-65.642764
807.650000,-65.643081,-65.638269,-65.643477
807.700000,-65.643793,-65.638981,-65.644189
807.750000,-65.644503,-65.639692,-65.644899
807.800000,-65.645212,-65.640402,-65.645608
807.850000,-65.645920,-65.641111,-65.646316
807.900000,-65.646626,-65.641818,-65.647022
807.950000,-65.647331,-65.642524,-65.647727
808.000000,-65.648035,-65.643228,-65.648431
808.050000,-65.648738,-65.643932,-65.649133
808.100000,-65.649439,-65.644634,-65.649835
808.150000,-65.650139,-65.645335,-65.650535
808.200000,-65.650838,-65.646034,-65.651233
808.250000,-65.651535,-65.646733,-65.651931
808.300000,-65.652231,-65.647430,-65.652627
808.350000,-65.652926,-65.648126,-65.653322
808.400000,-65.653620,-65.648820,-65.654016
808.450000,-65.654312,-65.649513,-65.654708
808.500000,-65.655003,-65.650205,-65.655399
808.550000,-65.655693,-65.650896,-65.656089
808.600000,-65.656382,-65.651586,-65.656778
808.650000,-65.657069,-65.652274,-65.657465
808.700000,-65.657755,-65.652961,-65.658151
808.750000,-65.658440,-65.653647,-65.658836
808.800000,-65.659124,-65.654331,-65.659520
808.850000,-65.659806,-65.655014,-65.660202
808.900000,-65.660488,-65.655696,-65.660884
808.950000,-65.661168,-65.656377,-65.661564
809.000000,-65.661846,-65.657057,-65.662242
809.050000,-65.662524,-65.657735,-65.662920
809.100000,-65.663200,-65.658412,-65.663596
809.150000,-65.663875,-65.659088,-65.664271
809.200000,-65.664549,-65.659763,-65.664945
809.250000,-65.665222,-65.660436,-65.665617
809.300000,-65.665893,-65.661108,-65.666289
809.350000,-65.666563,-65.661779,-65.666959
809.400000,-65.667232,-65.662449,-65.667628
809.450000,-65.667900,-65.663117,-65.668296
809.500000,-65.668566,-65.663785,-65.668962
809.550000,-65.669231,-65.664451,-65.669627
809.600000,-65.669896,-65.665116,-65.670292
809.650000,-65.670558,-65.665779,-65.670954
809.700000,-65.671220,-65.666442,-65.671616
809.750000,-65.671881,-65.667103,-65.672277
809.800000,-65.672540,-65.667763,-65.672936
809.850000,-65.673198,-65.668422,-65.673594
809.900000,-65.673855,-65.669080,-65.674251
809.950000,-65.674511,-65.669737,-65.674907
810.000000,-65.675165,-65.670392,-65.675561
810.050000,-65.675819,-65.671046,-65.676215
810.100000,-65.676471,-65.671699,-65.676867
810.150000,-65.677122,-65.672351,-65.677518
810.200000,-65.677771,-65.673001,-65.678167
810.250000,-65.678420,-65.673651,-65.678816
810.300000,-65.679067,-65.674299,-65.679464
810.350000,-65.679714,-65.674946,-65.680110
810.400000,-65.680359,-65.675592,-65.680755
810.450000,-65.681003,-65.676237,-65.681399
810.500000,-65.681645,-65.676880,-65.682042
810.550000,-65.682287,-65.677522,-65.682683
810.600000,-65.682928,-65.678164,-65.683324
810.650000,-65.683567,-65.678804,-65.683963
810.700000,-65.684205,-65.679443,-65.684601
810.750000,-65.684842,-65.680080,-65.685238
810.800000,-65.685478,-65.680717,-65.685874
810.850000,-65.686112,-65.681352,-65.686508
810.900000,-65.686746,-65.681987,-65.687142
810.950000,-65.687378,-65.682620,-65.687774
811.000000,-65.688009,-65.683252,-65.688405
811.050000,-65.688639,-65.683882,-65.689036
811.100000,-65.689268,-65.684512,-65.689664
811.150000,-65.689896,-65.685141,-65.690292
811.200000,-65.690523,-65.685768,-65.690919
811.250000,-65.691148,-65.686394,-65.691544
811.300000,-65.691773,-65.687020,-65.692169
811.350000,-65.692396,-65.687644,-65.692792
811.400000,-65.693018,-65.688266,-65.693414
811.450000,-65.693639,-65.688888,-65.694035
811.500000,-65.694259,-65.689509,-65.694655
811.550000,-65.694877,-65.690128,-65.695274
811.600000,-65.695495,-65.690747,-65.695891
811.650000,-65.696112,-65.691364,-65.696508
811.700000,-65.696727,-65.691980,-65.697123
811.750000,-65.697341,-65.692595,-65.697737
811.800000,-65.697954,-65.693209,-65.698351
811.850000,-65.698566,-65.693822,-65.698963
811.900000,-65.699177,-65.694433,-65.699574
811.950000,-65.699787,-65.695044,-65.700183
812.000000,-65.700396,-65.695653,-65.700792
812.050000,-65.701003,-65.696262,-65.701400
812.100000,-65.701610,-65.696869,-65.702006
812.150000,-65.702215,-65.697475,-65.702612
812.200000,-65.702820,-65.698080,-65.703216
812.250000,-65.703423,-65.698684,-65.703819
812.300000,-65.704025,-65.699287,-65.704421
812.350000,-65.704626,-65.699889,-65.705022
812.400000,-65.705226,-65.700489,-65.705622
812.450000,-65.705825,-65.701089,-65.706221
812.500000,-65.706423,-65.701688,-65.706819
812.550000,-65.707019,-65.702285,-65.707416
812.600000,-65.707615,-65.702881,-65.708011
812.650000,-65.708210,-65.703477,-65.708606
812.700000,-65.708803,-65.704071,-65.709199
812.750000,-65.709395,-65.704664,-65.709792
812.800000,-65.709987,-65.705256,-65.710383
812.850000,-65.710577,-65.705847,-65.710973
812.900000,-65.711166,-65.706437,-65.711563
812.950000,-65.711754,-65.707026,-65.712151
813.000000,-65.712341,-65.707613,-65.712738
813.050000,-65.712927,-65.708200,-65.713324
813.100000,-65.713512,-65.708786,-65.713909
813.150000,-65.714096,-65.709370,-65.714493
813.200000,-65.714679,-65.709954,-65.715075
813.250000,-65.715261,-65.710536,-65.715657
813.300000,-65.715841,-65.711118,-65.716238
813.350000,-65.716421,-65.711698,-65.716817
813.400000,-65.717000,-65.712277,-65.717396
813.450000,-65.717577,-65.712855,-65.717974
813.500000,-65.718154,-65.713433,-65.718550
813.550000,-65.718729,-65.714009,-65.719126
813.600000,-65.719303,-65.714584,-65.719700
813.650000,-65.719877,-65.715158,-65.720273
813.700000,-65.720449,-65.715731,-65.720846
813.750000,-65.721020,-65.716303,-65.721417
813.800000,-65.721591,-65.716874,-65.721987
813.850000,-65.722160,-65.717444,-65.722557
813.900000,-65.722728,-65.718013,-65.723125
813.950000,-65.723295,-65.718581,-65.723692
814.000000,-65.723862,-65.719147,-65.724258
814.050000,-65.724427,-65.719713,-65.724823
814.100000,-65.724991,-65.720278,-65.725387
814.150000,-65.725554,-65.720842,-65.725950
814.200000,-65.726116,-65.721405,-65.726513
814.250000,-65.726677,-65.721966,-65.727074
814.300000,-65.727237,-65.722527,-65.727634
814.350000,-65.727796,-65.723087,-65.728193
814.400000,-65.728354,-65.723645,-65.728751
814.450000,-65.728911,-65.724203,-65.729308
814.500000,-65.729467,-65.724760,-65.729864
814.550000,-65.730022,-65.725315,-65.730419
814.600000,-65.730576,-65.725870,-65.730973
814.650000,-65.731129,-65.726424,-65.731526
814.700000,-65.731681,-65.726976,-65.732078
814.750000,-65.732232,-65.727528,-65.732629
814.800000,-65.732782,-65.728079,-65.733179
814.850000,-65.733331,-65.728628,-65.733728
814.900000,-65.733879,-65.729177,-65.734276
814.950000,-65.734426,-65.729725,-65.734823
815.000000,-65.734972,-65.730271,-65.735369
815.050000,-65.735517,-65.730817,-65.735914
815.100000,-65.736061,-65.731362,-65.736458
815.150000,-65.736604,-65.731905,-65.737001
815.200000,-65.737146,-65.732448,-65.737543
815.250000,-65.737687,-65.732990,-65.738084
815.300000,-65.738227,-65.733531,-65.738624
815.350000,-65.738766,-65.734070,-65.739163
815.400000,-65.739304,-65.734609,-65.739701
815.450000,-65.739842,-65.735147,-65.740239
815.500000,-65.740378,-65.735684,-65.740775
815.550000,-65.740913,-65.736220,-65.741310
815.600000,-65.741447,-65.736755,-65.741844
815.650000,-65.741981,-65.737289,-65.742378
815.700000,-65.742513,-65.737822,-65.742910
815.750000,-65.743044,-65.738354,-65.743441
815.800000,-65.743575,-65.738885,-65.743972
815.850000,-65.744104,-65.739415,-65.744501
815.900000,-65.744633,-65.739944,-65.745030
815.950000,-65.745160,-65.740472,-65.745557
816.000000,-65.745687,-65.740999,-65.746084
816.050000,-65.746213,-65.741526,-65.746610
816.100000,-65.746737,-65.742051,-65.747134
816.150000,-65.747261,-65.742575,-65.747658
816.200000,-65.747784,-65.743099,-65.748181
816.250000,-65.748306,-65.743621,-65.748703
816.300000,-65.748827,-65.744143,-65.749224
816.350000,-65.749346,-65.744663,-65.749744
816.400000,-65.749866,-65.745183,-65.750263
816.450000,-65.750384,-65.745702,-65.750781
816.500000,-65.750901,-65.746219,-65.751298
816.550000,-65.751417,-65.746736,-65.751814
816.600000,-65.751932,-65.747252,-65.752329
816.650000,-65.752447,-65.747767,-65.752844
816.700000,-65.752960,-65.748281,-65.753357
816.750000,-65.753472,-65.748794,-65.753870
816.800000,-65.753984,-65.749306,-65.754381
816.850000,-65.754495,-65.749818,-65.754892
816.900000,-65.755004,-65.750328,-65.755402
816.950000,-65.755513,-65.750837,-65.755910
817.000000,-65.756021,-65.751346,-65.756418
817.050000,-65.756528,-65.751853,-65.756925
817.100000,-65.757034,-65.752360,-65.757431
817.150000,-65.757539,-65.752866,-65.757936
817.200000,-65.758043,-65.753371,-65.758441
817.250000,-65.758547,-65.753875,-65.758944
817.300000,-65.759049,-65.754378,-65.759446
817.350000,-65.759551,-65.754880,-65.759948
817.400000,-65.760051,-65.755381,-65.760448
817.450000,-65.760551,-65.755881,-65.760948
817.500000,-65.761050,-65.756380,-65.761447
817.550000,-65.761547,-65.756879,-65.761945
817.600000,-65.762044,-65.757376,-65.762442
817.650000,-65.762540,-65.757873,-65.762938
817.700000,-65.763036,-65.758369,-65.763433
817.750000,-65.763530,-65.758864,-65.763927
817.800000,-65.764023,-65.759358,-65.764421
817.850000,-65.764516,-65.759851,-65.764913
817.900000,-65.765007,-65.760343,-65.765405
817.950000,-65.765498,-65.760834,-65.765896
818.000000,-65.765988,-65.761325,-65.766385
818.050000,-65.766477,-65.761814,-65.766874
818.100000,-65.766965,-65.762303,-65.767362
818.150000,-65.767452,-65.762791,-65.767850
818.200000,-65.767938,-65.763278,-65.768336
818.250000,-65.768424,-65.763764,-65.768821
818.300000,-65.768908,-65.764249,-65.769306
818.350000,-65.769392,-65.764733,-65.769790
818.400000,-65.769875,-65.765216,-65.770272
818.450000,-65.770357,-65.765699,-65.770754
818.500000,-65.770838,-65.766180,-65.771235
818.550000,-65.771318,-65.766661,-65.771716
818.600000,-65.771797,-65.767141,-65.772195
818.650000,-65.772276,-65.767620,-65.772673
818.700000,-65.772753,-65.768098,-65.773151
818.750000,-65.773230,-65.768576,-65.773628
818.800000,-65.773706,-65.769052,-65.774104
818.850000,-65.774181,-65.769528,-65.774579
818.900000,-65.774655,-65.770002,-65.775053
818.950000,-65.775128,-65.770476,-65.775526
819.000000,-65.775601,-65.770949,-65.775998
819.050000,-65.776072,-65.771421,-65.776470
819.100000,-65.776543,-65.771893,-65.776941
819.150000,-65.777013,-65.772363,-65.777411
819.200000,-65.777482,-65.772833,-65.777880
819.250000,-65.777950,-65.773301,-65.778348
819.300000,-65.778417,-65.773769,-65.778815
819.350000,-65.778884,-65.774236,-65.779282
819.400000,-65.779350,-65.774702,-65.779747
819.450000,-65.779814,-65.775168,-65.780212
819.500000,-65.780278,-65.775632,-65.780676
819.550000,-65.780741,-65.776096,-65.781139
819.600000,-65.781204,-65.776559,-65.781602
819.650000,-65.781665,-65.777021,-65.782063
819.700000,-65.782126,-65.777482,-65.782524
819.750000,-65.782586,-65.777942,-65.782983
819.800000,-65.783045,-65.778402,-65.783442
819.850000,-65.783503,-65.778861,-65.783901
819.900000,-65.783960,-65.779318,-65.784358
819.950000,-65.784416,-65.779775,-65.784814
820.000000,-65.784872,-65.780232,-65.785270
820.050000,-65.785327,-65.780687,-65.785725
820.100000,-65.785781,-65.781142,-65.786179
820.150000,-65.786234,-65.781595,-65.786632
820.200000,-65.786686,-65.782048,-65.787084
820.250000,-65.787138,-65.782500,-65.787536
820.300000,-65.787589,-65.782952,-65.787987
820.350000,-65.788039,-65.783402,-65.788437
820.400000,-65.788488,-65.783852,-65.788886
820.450000,-65.788936,-65.784300,-65.789334
820.500000,-65.789384,-65.784749,-65.789782
820.550000,-65.789830,-65.785196,-65.790228
820.600000,-65.790276,-65.785642,-65.790674
820.650000,-65.790721,-65.786088,-65.791119
820.700000,-65.791166,-65.786533,-65.791564
820.750000,-65.791609,-65.786977,-65.792007
820.800000,-65.792052,-65.787420,-65.792450
820.850000,-65.792494,-65.787862,-65.792892
820.900000,-65.792935,-65.788304,-65.793333
820.950000,-65.793375,-65.788745,-65.793773
821.000000,-65.793814,-65.789185,-65.794213
821.050000,-65.794253,-65.789624,-65.794651
821.100000,-65.794691,-65.790062,-65.795089
821.150000,-65.795128,-65.790500,-65.795526
821.200000,-65.795564,-65.790937,-65.795963
821.250000,-65.796000,-65.791373,-65.796398
821.300000,-65.796435,-65.791808,-65.796833
821.350000,-65.796869,-65.792242,-65.797267
821.400000,-65.797302,-65.792676,-65.797700
821.450000,-65.797734,-65.793109,-65.798133
821.500000,-65.798166,-65.793541,-65.798564
821.550000,-65.798597,-65.793973,-65.798995
821.600000,-65.799027,-65.794403,-65.799425
821.650000,-65.799456,-65.794833,-65.799854
821.700000,-65.799884,-65.795262,-65.800283
821.750000,-65.800312,-65.795690,-65.800711
821.800000,-65.800739,-65.796118,-65.801138
821.850000,-65.801165,-65.796544,-65.801564
821.900000,-65.801591,-65.796970,-65.801989
821.950000,-65.802015,-65.797395,-65.802414
822.000000,-65.802439,-65.797820,-65.802838
822.050000,-65.802862,-65.798243,-65.803261
822.100000,-65.803285,-65.798666,-65.803683
822.150000,-65.803706,-65.799088,-65.804105
822.200000,-65.804127,-65.799510,-65.804526
822.250000,-65.804547,-65.799930,-65.804946
822.300000,-65.804967,-65.800350,-65.805365
822.350000,-65.805385,-65.800769,-65.805784
822.400000,-65.805803,-65.801188,-65.806202
822.450000,-65.806220,-65.801605,-65.806619
822.500000,-65.806636,-65.802022,-65.807035
822.550000,-65.807052,-65.802438,-65.807451
822.600000,-65.807467,-65.802853,-65.807865
822.650000,-65.807881,-65.803268,-65.808279
822.700000,-65.808294,-65.803682,-65.808693
822.750000,-65.808707,-65.804095,-65.809105
822.800000,-65.809118,-65.804507,-65.809517
822.850000,-65.809530,-65.804918,-65.809928
822.900000,-65.809940,-65.805329,-65.810339
822.950000,-65.810349,-65.805739,-65.810748
823.000000,-65.810758,-65.806149,-65.811157
823.050000,-65.811166,-65.806557,-65.811565
823.100000,-65.811574,-65.806965,-65.811973
823.150000,-65.811980,-65.807372,-65.812379
823.200000,-65.812386,-65.807779,-65.812785
823.250000,-65.812792,-65.808184,-65.813190
823.300000,-65.813196,-65.808589,-65.813595
823.350000,-65.813600,-65.808994,-65.813999
823.400000,-65.814003,-65.809397,-65.814402
823.450000,-65.814405,-65.809800,-65.814804
823.500000,-65.814807,-65.810202,-65.815205
823.550000,-65.815207,-65.810603,-65.815606
823.600000,-65.815607,-65.811004,-65.816006
823.650000,-65.816007,-65.811404,-65.816406
823.700000,-65.816406,-65.811803,-65.816804
823.750000,-65.816803,-65.812201,-65.817202
823.800000,-65.817201,-65.812599,-65.817600
823.850000,-65.817597,-65.812996,-65.817996
823.900000,-65.817993,-65.813392,-65.818392
823.950000,-65.818388,-65.813788,-65.818787
824.000000,-65.818782,-65.814182,-65.819181
824.050000,-65.819176,-65.814576,-65.819575
824.100000,-65.819569,-65.814970,-65.819968
824.150000,-65.819961,-65.815363,-65.820360
824.200000,-65.820353,-65.815755,-65.820752
824.250000,-65.820744,-65.816146,-65.821143
824.300000,-65.821134,-65.816536,-65.821533
824.350000,-65.821523,-65.816926,-65.821922
824.400000,-65.821912,-65.817315,-65.822311
824.450000,-65.822300,-65.817704,-65.822699
824.500000,-65.822687,-65.818092,-65.823086
824.550000,-65.823074,-65.818479,-65.823473
824.600000,-65.823460,-65.818865,-65.823859
824.650000,-65.823845,-65.819251,-65.824244
824.700000,-65.824229,-65.819636,-65.824629
824.750000,-65.824613,-65.820020,-65.825012
824.800000,-65.824996,-65.820404,-65.825396
824.850000,-65.825379,-65.820787,-65.825778
824.900000,-65.825761,-65.821169,-65.826160
824.950000,-65.826142,-65.821550,-65.826541
825.000000,-65.826522,-65.821931,-65.826921
825.050000,-65.826902,-65.822311,-65.827301
825.100000,-65.827281,-65.822691,-65.827680
825.150000,-65.827659,-65.823070,-65.828058
825.200000,-65.828037,-65.823448,-65.828436
825.250000,-65.828414,-65.823825,-65.828813
825.300000,-65.828790,-65.824202,-65.829189
825.350000,-65.829166,-65.824578,-65.829565
825.400000,-65.829541,-65.824953,-65.829940
825.450000,-65.829915,-65.825328,-65.830314
825.500000,-65.830288,-65.825702,-65.830688
825.550000,-65.830661,-65.826075,-65.831061
825.600000,-65.831034,-65.826448,-65.831433
825.650000,-65.831405,-65.826820,-65.831805
825.700000,-65.831776,-65.827191,-65.832176
825.750000,-65.832146,-65.827562,-65.832546
825.800000,-65.832516,-65.827932,-65.832915
825.850000,-65.832885,-65.828301,-65.833284
825.900000,-65.833253,-65.828670,-65.833653
825.950000,-65.833621,-65.829038,-65.834020
826.000000,-65.833987,-65.829405,-65.834387
826.050000,-65.834354,-65.829772,-65.834753
826.100000,-65.834719,-65.830138,-65.835119
826.150000,-65.835084,-65.830503,-65.835484
826.200000,-65.835449,-65.830868,-65.835848
826.250000,-65.835812,-65.831232,-65.836212
826.300000,-65.836175,-65.831596,-65.836575
826.350000,-65.836537,-65.831958,-65.836937
826.400000,-65.836899,-65.832320,-65.837299
826.450000,-65.837260,-65.832682,-65.837660
826.500000,-65.837620,-65.833043,-65.838020
826.550000,-65.837980,-65.833403,-65.838380
826.600000,-65.838339,-65.833762,-65.838739
826.650000,-65.838698,-65.834121,-65.839097
826.700000,-65.839055,-65.834479,-65.839455
826.750000,-65.839412,-65.834837,-65.839812
826.800000,-65.839769,-65.835194,-65.840169
826.850000,-65.840125,-65.835550,-65.840525
826.900000,-65.840480,-65.835906,-65.840880
826.950000,-65.840835,-65.836261,-65.841234
827.000000,-65.841188,-65.836615,-65.841588
827.050000,-65.841542,-65.836969,-65.841942
827.100000,-65.841894,-65.837322,-65.842294
827.150000,-65.842246,-65.837674,-65.842646
827.200000,-65.842598,-65.838026,-65.842998
827.250000,-65.842949,-65.838377,-65.843348
827.300000,-65.843299,-65.838728,-65.843699
827.350000,-65.843648,-65.839078,-65.844048
827.400000,-65.843997,-65.839427,-65.844397
827.450000,-65.844345,-65.839775,-65.844745
827.500000,-65.844693,-65.840123,-65.845093
827.550000,-65.845040,-65.840471,-65.845440
827.600000,-65.845386,-65.840818,-65.845786
827.650000,-65.845732,-65.841164,-65.846132
827.700000,-65.846077,-65.841509,-65.846477
827.750000,-65.846421,-65.841854,-65.846822
827.800000,-65.846765,-65.842198,-65.847165
827.850000,-65.847109,-65.842542,-65.847509
827.900000,-65.847451,-65.842885,-65.847851
827.950000,-65.847793,-65.843227,-65.848193
828.000000,-65.848135,-65.843569,-65.848535
828.050000,-65.848475,-65.843910,-65.848876
828.100000,-65.848816,-65.844251,-65.849216
828.150000,-65.849155,-65.844591,-65.849555
828.200000,-65.849494,-65.844930,-65.849894
828.250000,-65.849832,-65.845269,-65.850233
828.300000,-65.850170,-65.845607,-65.850570
828.350000,-65.850507,-65.845945,-65.850907
828.400000,-65.850844,-65.846282,-65.851244
828.450000,-65.851180,-65.846618,-65.851580
828.500000,-65.851515,-65.846954,-65.851915
828.550000,-65.851850,-65.847289,-65.852250
828.600000,-65.852184,-65.847623,-65.852584
828.650000,-65.852517,-65.847957,-65.852917
828.700000,-65.852850,-65.848290,-65.853250
828.750000,-65.853182,-65.848623,-65.853583
828.800000,-65.853514,-65.848955,-65.853914
828.850000,-65.853845,-65.849286,-65.854246
828.900000,-65.854176,-65.849617,-65.854576
828.950000,-65.854506,-65.849948,-65.854906
829.000000,-65.854835,-65.850277,-65.855235
829.050000,-65.855164,-65.850606,-65.855564
829.100000,-65.855492,-65.850935,-65.855892
829.150000,-65.855819,-65.851263,-65.856220
829.200000,-65.856146,-65.851590,-65.856547
829.250000,-65.856473,-65.851917,-65.856873
829.300000,-65.856798,-65.852243,-65.857199
829.350000,-65.857123,-65.852569,-65.857524
829.400000,-65.857448,-65.852894,-65.857849
829.450000,-65.857772,-65.853218,-65.858173
829.500000,-65.858096,-65.853542,-65.858496
829.550000,-65.858418,-65.853865,-65.858819
829.600000,-65.858741,-65.854188,-65.859141
829.650000,-65.859062,-65.854510,-65.859463
829.700000,-65.859383,-65.854831,-65.859784
829.750000,-65.859704,-65.855152,-65.860105
829.800000,-65.860024,-65.855473,-65.860425
829.850000,-65.860343,-65.855792,-65.860744
829.900000,-65.860662,-65.856112,-65.861063
829.950000,-65.860980,-65.856430,-65.861381
830.000000,-65.861298,-65.856748,-65.861699
830.050000,-65.861615,-65.857066,-65.862016
830.100000,-65.861932,-65.857383,-65.862332
830.150000,-65.862248,-65.857699,-65.862648
830.200000,-65.862563,-65.858015,-65.862964
830.250000,-65.862878,-65.858330,-65.863279
830.300000,-65.863192,-65.858644,-65.863593
830.350000,-65.863506,-65.858958,-65.863907
830.400000,-65.863819,-65.859272,-65.864220
830.450000,-65.864131,-65.859585,-65.864532
830.500000,-65.864443,-65.859897,-65.864844
830.550000,-65.864755,-65.860209,-65.865156
830.600000,-65.865066,-65.860520,-65.865467
830.650000,-65.865376,-65.860831,-65.865777
830.700000,-65.865686,-65.861141,-65.866087
830.750000,-65.865995,-65.861451,-65.866396
830.800000,-65.866304,-65.861760,-65.866705
830.850000,-65.866612,-65.862068,-65.867013
830.900000,-65.866919,-65.862376,-65.867320
830.950000,-65.867226,-65.862683,-65.867627
831.000000,-65.867533,-65.862990,-65.867934
831.050000,-65.867839,-65.863296,-65.868240
831.100000,-65.868144,-65.863602,-65.868545
831.150000,-65.868449,-65.863907,-65.868850
831.200000,-65.868753,-65.864212,-65.869154
831.250000,-65.869057,-65.864516,-65.869458
831.300000,-65.869360,-65.864819,-65.869761
831.350000,-65.869662,-65.865122,-65.870064
831.400000,-65.869964,-65.865425,-65.870366
831.450000,-65.870266,-65.865727,-65.870667
831.500000,-65.870567,-65.866028,-65.870968
831.550000,-65.870867,-65.866329,-65.871269
831.600000,-65.871167,-65.866629,-65.871568
831.650000,-65.871467,-65.866929,-65.871868
831.700000,-65.871765,-65.867228,-65.872167
831.750000,-65.872064,-65.867526,-65.872465
831.800000,-65.872361,-65.867824,-65.872763
831.850000,-65.872659,-65.868122,-65.873060
831.900000,-65.872955,-65.868419,-65.873357
831.950000,-65.873251,-65.868716,-65.873653
832.000000,-65.873547,-65.869011,-65.873948
832.050000,-65.873842,-65.869307,-65.874243
832.100000,-65.874137,-65.869602,-65.874538
832.150000,-65.874431,-65.869896,-65.874832
832.200000,-65.874724,-65.870190,-65.875125
832.250000,-65.875017,-65.870483,-65.875418
832.300000,-65.875310,-65.870776,-65.875711
832.350000,-65.875601,-65.871068,-65.876003
832.400000,-65.875893,-65.871360,-65.876294
832.450000,-65.876184,-65.871651,-65.876585
832.500000,-65.876474,-65.871942,-65.876875
832.550000,-65.876764,-65.872232,-65.877165
832.600000,-65.877053,-65.872522,-65.877455
832.650000,-65.877342,-65.872811,-65.877743
832.700000,-65.877630,-65.873099,-65.878032
832.750000,-65.877918,-65.873387,-65.878319
832.800000,-65.878205,-65.873675,-65.878607
832.850000,-65.878492,-65.873962,-65.878893
832.900000,-65.878778,-65.874249,-65.879180
832.950000,-65.879064,-65.874535,-65.879465
833.000000,-65.879349,-65.874820,-65.879750
833.050000,-65.879633,-65.875105,-65.880035
833.100000,-65.879918,-65.875389,-65.880319
833.150000,-65.880201,-65.875673,-65.880603
833.200000,-65.880484,-65.875957,-65.880886
833.250000,-65.880767,-65.876240,-65.881169
833.300000,-65.881049,-65.876522,-65.881451
833.350000,-65.881331,-65.876804,-65.881732
833.400000,-65.881612,-65.877086,-65.882013
833.450000,-65.881892,-65.877366,-65.882294
833.500000,-65.882172,-65.877647,-65.882574
833.550000,-65.882452,-65.877927,-65.882854
833.600000,-65.882731,-65.878206,-65.883133
833.650000,-65.883010,-65.878485,-65.883411
833.700000,-65.883288,-65.878763,-65.883689
833.750000,-65.883565,-65.879041,-65.883967
833.800000,-65.883842,-65.879319,-65.884244
833.850000,-65.884119,-65.879596,-65.884521
833.900000,-65.884395,-65.879872,-65.884797
833.950000,-65.884670,-65.880148,-65.885072
834.000000,-65.884946,-65.880423,-65.885347
834.050000,-65.885220,-65.880698,-65.885622
834.100000,-65.885494,-65.880973,-65.885896
834.150000,-65.885768,-65.881247,-65.886170
834.200000,-65.886041,-65.881520,-65.886443
834.250000,-65.886314,-65.881793,-65.886716
834.300000,-65.886586,-65.882065,-65.886988
834.350000,-65.886857,-65.882337,-65.887259
834.400000,-65.887129,-65.882609,-65.887531
834.450000,-65.887399,-65.882880,-65.887801
834.500000,-65.887669,-65.883150,-65.888071
834.550000,-65.887939,-65.883420,-65.888341
834.600000,-65.888208,-65.883690,-65.888610
834.650000,-65.888477,-65.883959,-65.888879
834.700000,-65.888745,-65.884228,-65.889147
834.750000,-65.889013,-65.884496,-65.889415
834.800000,-65.889280,-65.884763,-65.889683
834.850000,-65.889547,-65.885030,-65.889949
834.900000,-65.889814,-65.885297,-65.890216
834.950000,-65.890079,-65.885563,-65.890482
835.000000,-65.890345,-65.885829,-65.890747
835.050000,-65.890610,-65.886094,-65.891012
835.100000,-65.890874,-65.886359,-65.891276
835.150000,-65.891138,-65.886623,-65.891540
835.200000,-65.891402,-65.886887,-65.891804
835.250000,-65.891665,-65.887150,-65.892067
835.300000,-65.891927,-65.887413,-65.892329
835.350000,-65.892189,-65.887675,-65.892591
835.400000,-65.892451,-65.887937,-65.892853
835.450000,-65.892712,-65.888199,-65.893114
835.500000,-65.892972,-65.888460,-65.893375
835.550000,-65.893233,-65.888720,-65.893635
835.600000,-65.893492,-65.888980,-65.893895
835.650000,-65.893752,-65.889240,-65.894154
835.700000,-65.894010,-65.889499,-65.894413
835.750000,-65.894269,-65.889757,-65.894671
835.800000,-65.894527,-65.890015,-65.894929
835.850000,-65.894784,-65.890273,-65.895186
835.900000,-65.895041,-65.890530,-65.895443
835.950000,-65.895297,-65.890787,-65.895700
836.000000,-65.895553,-65.891043,-65.895956
836.050000,-65.895809,-65.891299,-65.896211
836.100000,-65.896064,-65.891555,-65.896467
836.150000,-65.896319,-65.891810,-65.896721
836.200000,-65.896573,-65.892064,-65.896975
836.250000,-65.896827,-65.892318,-65.897229
836.300000,-65.897080,-65.892572,-65.897482
836.350000,-65.897333,-65.892825,-65.897735
836.400000,-65.897585,-65.893077,-65.897988
836.450000,-65.897837,-65.893330,-65.898239
836.500000,-65.898088,-65.893581,-65.898491
836.550000,-65.898339,-65.893833,-65.898742
836.600000,-65.898590,-65.894083,-65.898993
836.650000,-65.898840,-65.894334,-65.899243
836.700000,-65.899090,-65.894584,-65.899492
836.750000,-65.899339,-65.894833,-65.899742
836.800000,-65.899588,-65.895082,-65.899990
836.850000,-65.899836,-65.895331,-65.900239
836.900000,-65.900084,-65.895579,-65.900487
836.950000,-65.900331,-65.895827,-65.900734
837.000000,-65.900578,-65.896074,-65.900981
837.050000,-65.900825,-65.896321,-65.901228
837.100000,-65.901071,-65.896567,-65.901474
837.150000,-65.901316,-65.896813,-65.901719
837.200000,-65.901562,-65.897059,-65.901965
837.250000,-65.901806,-65.897304,-65.902209
837.300000,-65.902051,-65.897548,-65.902454
837.350000,-65.902295,-65.897793,-65.902698
837.400000,-65.902538,-65.898036,-65.902941
837.450000,-65.902781,-65.898280,-65.903184
837.500000,-65.903024,-65.898522,-65.903427
837.550000,-65.903266,-65.898765,-65.903669
837.600000,-65.903508,-65.899007,-65.903911
837.650000,-65.903749,-65.899248,-65.904152
837.700000,-65.903990,-65.899490,-65.904393
837.750000,-65.904230,-65.899730,-65.904633
837.800000,-65.904470,-65.899971,-65.904873
837.850000,-65.904710,-65.900210,-65.905113
837.900000,-65.904949,-65.900450,-65.905352
837.950000,-65.905188,-65.900689,-65.905591
838.000000,-65.905426,-65.900927,-65.905829
838.050000,-65.905664,-65.901165,-65.906067
838.100000,-65.905901,-65.901403,-65.906304
838.150000,-65.906138,-65.901640,-65.906541
838.200000,-65.906375,-65.901877,-65.906778
838.250000,-65.906611,-65.902114,-65.907014
838.300000,-65.906846,-65.902350,-65.907250
838.350000,-65.907082,-65.902585,-65.907485
838.400000,-65.907317,-65.902820,-65.907720
838.450000,-65.907551,-65.903055,-65.907954
838.500000,-65.907785,-65.903289,-65.908188
838.550000,-65.908019,-65.903523,-65.908422
838.600000,-65.908252,-65.903757,-65.908655
838.650000,-65.908485,-65.903990,-65.908888
838.700000,-65.908717,-65.904222,-65.909120
838.750000,-65.908949,-65.904455,-65.909352
838.800000,-65.909181,-65.904686,-65.909584
838.850000,-65.909412,-65.904918,-65.909815
838.900000,-65.909642,-65.905149,-65.910046
838.950000,-65.909873,-65.905379,-65.910276
839.000000,-65.910102,-65.905609,-65.910506
839.050000,-65.910332,-65.905839,-65.910735
839.100000,-65.910561,-65.906068,-65.910964
839.150000,-65.910790,-65.906297,-65.911193
839.200000,-65.911018,-65.906526,-65.911421
839.250000,-65.911246,-65.906754,-65.911649
839.300000,-65.911473,-65.906982,-65.911876
839.350000,-65.911700,-65.907209,-65.912103
839.400000,-65.911927,-65.907436,-65.912330
839.450000,-65.912153,-65.907662,-65.912556
839.500000,-65.912379,-65.907888,-65.912782
839.550000,-65.912604,-65.908114,-65.913007
839.600000,-65.912829,-65.908339,-65.913232
839.650000,-65.913054,-65.908564,-65.913457
839.700000,-65.913278,-65.908788,-65.913681
839.750000,-65.913501,-65.909012,-65.913905
839.800000,-65.913725,-65.909236,-65.914128
839.850000,-65.913948,-65.909459,-65.914351
839.900000,-65.914170,-65.909682,-65.914574
839.950000,-65.914393,-65.909904,-65.914796
840.000000,-65.914614,-65.910126,-65.915018
840.050000,-65.914836,-65.910348,-65.915239
840.100000,-65.915057,-65.910569,-65.915460
840.150000,-65.915277,-65.910790,-65.915681
840.200000,-65.915497,-65.911011,-65.915901
840.250000,-65.915717,-65.911231,-65.916121
840.300000,-65.915937,-65.911450,-65.916340
840.350000,-65.916156,-65.911669,-65.916559
840.400000,-65.916374,-65.911888,-65.916778
840.450000,-65.916592,-65.912107,-65.916996
840.500000,-65.916810,-65.912325,-65.917214
840.550000,-65.917028,-65.912543,-65.917431
840.600000,-65.917245,-65.912760,-65.917649
840.650000,-65.917461,-65.912977,-65.917865
840.700000,-65.917678,-65.913193,-65.918081
840.750000,-65.917894,-65.913409,-65.918297
840.800000,-65.918109,-65.913625,-65.918513
840.850000,-65.918324,-65.913840,-65.918728
840.900000,-65.918539,-65.914055,-65.918943
840.950000,-65.918753,-65.914270,-65.919157
841.000000,-65.918967,-65.914484,-65.919371
841.050000,-65.919181,-65.914698,-65.919585
841.100000,-65.919394,-65.914912,-65.919798
841.150000,-65.919607,-65.915125,-65.920011
841.200000,-65.919819,-65.915337,-65.920223
841.250000,-65.920031,-65.915550,-65.920435
841.300000,-65.920243,-65.915761,-65.920647
841.350000,-65.920454,-65.915973,-65.920858
841.400000,-65.920665,-65.916184,-65.921069
841.450000,-65.920876,-65.916395,-65.921280
841.500000,-65.921086,-65.916605,-65.921490
841.550000,-65.921296,-65.916815,-65.921700
841.600000,-65.921505,-65.917025,-65.921909
841.650000,-65.921714,-65.917234,-65.922118
841.700000,-65.921923,-65.917443,-65.922327
841.750000,-65.922131,-65.917652,-65.922535
841.800000,-65.922339,-65.917860,-65.922743
841.850000,-65.922546,-65.918068,-65.922951
841.900000,-65.922754,-65.918275,-65.923158
841.950000,-65.922960,-65.918482,-65.923364
842.000000,-65.923167,-65.918689,-65.923571
842.050000,-65.923373,-65.918895,-65.923777
842.100000,-65.923579,-65.919101,-65.923983
842.150000,-65.923784,-65.919306,-65.924188
842.200000,-65.923989,-65.919512,-65.924393
842.250000,-65.924193,-65.919716,-65.924598
842.300000,-65.924398,-65.919921,-65.924802
842.350000,-65.924601,-65.920125,-65.925006
842.400000,-65.924805,-65.920329,-65.925209
842.450000,-65.925008,-65.920532,-65.925412
842.500000,-65.925211,-65.920735,-65.925615
842.550000,-65.925413,-65.920938,-65.925817
842.600000,-65.925615,-65.921140,-65.926020
842.650000,-65.925817,-65.921342,-65.926221
842.700000,-65.926018,-65.921543,-65.926423
842.750000,-65.926219,-65.921744,-65.926623
842.800000,-65.926420,-65.921945,-65.926824
842.850000,-65.926620,-65.922146,-65.927024
842.900000,-65.926820,-65.922346,-65.927224
842.950000,-65.927019,-65.922546,-65.927424
843.000000,-65.927218,-65.922745,-65.927623
843.050000,-65.927417,-65.922944,-65.927822
843.100000,-65.927616,-65.923143,-65.928020
843.150000,-65.927814,-65.923341,-65.928218
843.200000,-65.928012,-65.923539,-65.928416
843.250000,-65.928209,-65.923737,-65.928613
843.300000,-65.928406,-65.923934,-65.928810
843.350000,-65.928603,-65.924131,-65.929007
843.400000,-65.928799,-65.924327,-65.929204
843.450000,-65.928995,-65.924523,-65.929399
843.500000,-65.929191,-65.924719,-65.929595
843.550000,-65.929386,-65.924915,-65.929790
843.600000,-65.929581,-65.925110,-65.929985
843.650000,-65.929775,-65.925305,-65.930180
843.700000,-65.929970,-65.925499,-65.930374
843.750000,-65.930163,-65.925693,-65.930568
843.800000,-65.930357,-65.925887,-65.930762
843.850000,-65.930550,-65.926080,-65.930955
843.900000,-65.930743,-65.926274,-65.931148
843.950000,-65.930935,-65.926466,-65.931340
844.000000,-65.931128,-65.926659,-65.931532
844.050000,-65.931319,-65.926851,-65.931724
844.100000,-65.931511,-65.927042,-65.931916
844.150000,-65.931702,-65.927234,-65.932107
844.200000,-65.931893,-65.927425,-65.932298
844.250000,-65.932083,-65.927615,-65.932488
844.300000,-65.932273,-65.927806,-65.932678
844.350000,-65.932463,-65.927996,-65.932868
844.400000,-65.932652,-65.928185,-65.933057
844.450000,-65.932842,-65.928374,-65.933246
844.500000,-65.933030,-65.928563,-65.933435
844.550000,-65.933219,-65.928752,-65.933624
844.600000,-65.933407,-65.928940,-65.933812
844.650000,-65.933594,-65.929128,-65.933999
844.700000,-65.933782,-65.929316,-65.934187
844.750000,-65.933969,-65.929503,-65.934374
844.800000,-65.934156,-65.929690,-65.934561
844.850000,-65.934342,-65.929877,-65.934747
844.900000,-65.934528,-65.930063,-65.934933
844.950000,-65.934714,-65.930249,-65.935119
845.000000,-65.934899,-65.930434,-65.935304
845.050000,-65.935084,-65.930620,-65.935489
845.100000,-65.935269,-65.930805,-65.935674
845.150000,-65.935453,-65.930989,-65.935858
845.200000,-65.935637,-65.931174,-65.936042
845.250000,-65.935821,-65.931358,-65.936226
845.300000,-65.936005,-65.931541,-65.936410
845.350000,-65.936188,-65.931724,-65.936593
845.400000,-65.936370,-65.931907,-65.936776
845.450000,-65.936553,-65.932090,-65.936958
845.500000,-65.936735,-65.932272,-65.937140
845.550000,-65.936917,-65.932454,-65.937322
845.600000,-65.937098,-65.932636,-65.937503
845.650000,-65.937279,-65.932817,-65.937684
845.700000,-65.937460,-65.932998,-65.937865
845.750000,-65.937641,-65.933179,-65.938046
845.800000,-65.937821,-65.933359,-65.938226
845.850000,-65.938001,-65.933539,-65.938406
845.900000,-65.938180,-65.933719,-65.938585
845.950000,-65.938359,-65.933898,-65.938765
846.000000,-65.938538,-65.934078,-65.938943
846.050000,-65.938717,-65.934256,-65.939122
846.100000,-65.938895,-65.934435,-65.939300
846.150000,-65.939073,-65.934613,-65.939478
846.200000,-65.939250,-65.934791,-65.939656
846.250000,-65.939428,-65.934968,-65.939833
846.300000,-65.939605,-65.935145,-65.940010
846.350000,-65.939781,-65.935322,-65.940187
846.400000,-65.939958,-65.935499,-65.940363
846.450000,-65.940134,-65.935675,-65.940539
846.500000,-65.940309,-65.935851,-65.940715
846.550000,-65.940485,-65.936026,-65.940890
846.600000,-65.940660,-65.936202,-65.941065
846.650000,-65.940835,-65.936377,-65.941240
846.700000,-65.941009,-65.936551,-65.941414
846.750000,-65.941183,-65.936726,-65.941589
846.800000,-65.941357,-65.936900,-65.941762
846.850000,-65.941531,-65.937073,-65.941936
846.900000,-65.941704,-65.937247,-65.942109
846.950000,-65.941877,-65.937420,-65.942282
847.000000,-65.942049,-65.937593,-65.942455
847.050000,-65.942221,-65.937765,-65.942627
847.100000,-65.942393,-65.937937,-65.942799
847.150000,-65.942565,-65.938109,-65.942971
847.200000,-65.942736,-65.938281,-65.943142
847.250000,-65.942908,-65.938452,-65.943313
847.300000,-65.943078,-65.938623,-65.943484
847.350000,-65.943249,-65.938793,-65.943654
847.400000,-65.943419,-65.938964,-65.943824
847.450000,-65.943589,-65.939134,-65.943994
847.500000,-65.943758,-65.939303,-65.944164
847.550000,-65.943927,-65.939473,-65.944333
847.600000,-65.944096,-65.939642,-65.944502
847.650000,-65.944265,-65.939811,-65.944671
847.700000,-65.944433,-65.939979,-65.944839
847.750000,-65.944601,-65.940148,-65.945007
847.800000,-65.944769,-65.940315,-65.945175
847.850000,-65.944936,-65.940483,-65.945342
847.900000,-65.945104,-65.940650,-65.945509
847.950000,-65.945270,-65.940817,-65.945676
848.000000,-65.945437,-65.940984,-65.945843
848.050000,-65.945603,-65.941150,-65.946009
848.100000,-65.945769,-65.941317,-65.946175
848.150000,-65.945935,-65.941482,-65.946340
848.200000,-65.946100,-65.941648,-65.946506
848.250000,-65.946265,-65.941813,-65.946671
848.300000,-65.946430,-65.941978,-65.946836
848.350000,-65.946594,-65.942143,-65.947000
848.400000,-65.946758,-65.942307,-65.947164
848.450000,-65.946922,-65.942471,-65.947328
848.500000,-65.947086,-65.942635,-65.947492
848.550000,-65.947249,-65.942798,-65.947655
848.600000,-65.947412,-65.942961,-65.947818
848.650000,-65.947575,-65.943124,-65.947981
848.700000,-65.947737,-65.943287,-65.948143
848.750000,-65.947899,-65.943449,-65.948305
848.800000,-65.948061,-65.943611,-65.948467
848.850000,-65.948223,-65.943773,-65.948629
848.900000,-65.948384,-65.943934,-65.948790
848.950000,-65.948545,-65.944096,-65.948951
849.000000,-65.948705,-65.944256,-65.949111
849.050000,-65.948866,-65.944417,-65.949272
849.100000,-65.949026,-65.944577,-65.949432
849.150000,-65.949186,-65.944737,-65.949592
849.200000,-65.949345,-65.944897,-65.949751
849.250000,-65.949505,-65.945056,-65.949911
849.300000,-65.949663,-65.945215,-65.950070
849.350000,-65.949822,-65.945374,-65.950228
849.400000,-65.949981,-65.945533,-65.950387
849.450000,-65.950139,-65.945691,-65.950545
849.500000,-65.950296,-65.945849,-65.950703
849.550000,-65.950454,-65.946007,-65.950860
849.600000,-65.950611,-65.946164,-65.951017
849.650000,-65.950768,-65.946321,-65.951174
849.700000,-65.950925,-65.946478,-65.951331
849.750000,-65.951081,-65.946635,-65.951488
849.800000,-65.951238,-65.946791,-65.951644
849.850000,-65.951393,-65.946947,-65.951800
849.900000,-65.951549,-65.947103,-65.951955
849.950000,-65.951704,-65.947259,-65.952111
850.000000,-65.951859,-65.947414,-65.952266
850.050000,-65.952014,-65.947569,-65.952420
850.100000,-65.952169,-65.947723,-65.952575
850.150000,-65.952323,-65.947878,-65.952729
850.200000,-65.952477,-65.948032,-65.952883
850.250000,-65.952630,-65.948186,-65.953037
850.300000,-65.952784,-65.948339,-65.953190
850.350000,-65.952937,-65.948492,-65.953343
850.400000,-65.953090,-65.948645,-65.953496
850.450000,-65.953242,-65.948798,-65.953649
850.500000,-65.953394,-65.948951,-65.953801
850.550000,-65.953546,-65.949103,-65.953953
850.600000,-65.953698,-65.949255,-65.954105
850.650000,-65.953850,-65.949406,-65.954256
850.700000,-65.954001,-65.949558,-65.954407
850.750000,-65.954152,-65.949709,-65.954558
850.800000,-65.954302,-65.949860,-65.954709
850.850000,-65.954453,-65.950010,-65.954859
850.900000,-65.954603,-65.950161,-65.955009
850.950000,-65.954753,-65.950311,-65.955159
851.000000,-65.954902,-65.950460,-65.955309
851.050000,-65.955052,-65.950610,-65.955458
851.100000,-65.955201,-65.950759,-65.955607
851.150000,-65.955350,-65.950908,-65.955756
851.200000,-65.955498,-65.951057,-65.955905
851.250000,-65.955646,-65.951205,-65.956053
851.300000,-65.955794,-65.951353,-65.956201
851.350000,-65.955942,-65.951501,-65.956349
851.400000,-65.956090,-65.951649,-65.956496
851.450000,-65.956237,-65.951796,-65.956643
851.500000,-65.956384,-65.951943,-65.956790
851.550000,-65.956530,-65.952090,-65.956937
851.600000,-65.956677,-65.952237,-65.957083
851.650000,-65.956823,-65.952383,-65.957230
851.700000,-65.956969,-65.952529,-65.957376
851.750000,-65.957114,-65.952675,-65.957521
851.800000,-65.957260,-65.952820,-65.957667
851.850000,-65.957405,-65.952966,-65.957812
851.900000,-65.957550,-65.953111,-65.957957
851.950000,-65.957694,-65.953255,-65.958101
852.000000,-65.957839,-65.953400,-65.958246
852.050000,-65.957983,-65.953544,-65.958390
852.100000,-65.958127,-65.953688,-65.958533
852.150000,-65.958270,-65.953832,-65.958677
852.200000,-65.958414,-65.953975,-65.958820
852.250000,-65.958557,-65.954119,-65.958963
852.300000,-65.958699,-65.954262,-65.959106
852.350000,-65.958842,-65.954404,-65.959249
852.400000,-65.958984,-65.954547,-65.959391
852.450000,-65.959126,-65.954689,-65.959533
852.500000,-65.959268,-65.954831,-65.959675
852.550000,-65.959410,-65.954973,-65.959816
852.600000,-65.959551,-65.955114,-65.959958
852.650000,-65.959692,-65.955255,-65.960099
852.700000,-65.959833,-65.955396,-65.960240
852.750000,-65.959973,-65.955537,-65.960380
852.800000,-65.960113,-65.955677,-65.960520
852.850000,-65.960254,-65.955817,-65.960660
852.900000,-65.960393,-65.955957,-65.960800
852.950000,-65.960533,-65.956097,-65.960940
853.000000,-65.960672,-65.956236,-65.961079
853.050000,-65.960811,-65.956376,-65.961218
853.100000,-65.960950,-65.956515,-65.961357
853.150000,-65.961088,-65.956653,-65.961495
853.200000,-65.961227,-65.956792,-65.961634
853.250000,-65.961365,-65.956930,-65.961772
853.300000,-65.961503,-65.957068,-65.961910
853.350000,-65.961640,-65.957206,-65.962047
853.400000,-65.961777,-65.957343,-65.962184
853.450000,-65.961914,-65.957480,-65.962322
853.500000,-65.962051,-65.957617,-65.962458
853.550000,-65.962188,-65.957754,-65.962595
853.600000,-65.962324,-65.957890,-65.962731
853.650000,-65.962460,-65.958027,-65.962867
853.700000,-65.962596,-65.958163,-65.963003
853.750000,-65.962732,-65.958298,-65.963139
853.800000,-65.962867,-65.958434,-65.963274
853.850000,-65.963002,-65.958569,-65.963409
853.900000,-65.963137,-65.958704,-65.963544
853.950000,-65.963272,-65.958839,-65.963679
854.000000,-65.963406,-65.958973,-65.963813
854.050000,-65.963540,-65.959108,-65.963947
854.100000,-65.963674,-65.959242,-65.964081
854.150000,-65.963808,-65.959376,-65.964215
854.200000,-65.963941,-65.959509,-65.964349
854.250000,-65.964074,-65.959643,-65.964482
854.300000,-65.964207,-65.959776,-65.964615
854.350000,-65.964340,-65.959909,-65.964747
854.400000,-65.964473,-65.960041,-65.964880
854.450000,-65.964605,-65.960174,-65.965012
854.500000,-65.964737,-65.960306,-65.965144
854.550000,-65.964869,-65.960438,-65.965276
854.600000,-65.965000,-65.960569,-65.965408
854.650000,-65.965132,-65.960701,-65.965539
854.700000,-65.965263,-65.960832,-65.965670
854.750000,-65.965393,-65.960963,-65.965801
854.800000,-65.965524,-65.961094,-65.965931
854.850000,-65.965654,-65.961224,-65.966062
854.900000,-65.965785,-65.961355,-65.966192
854.950000,-65.965915,-65.961485,-65.966322
855.000000,-65.966044,-65.961615,-65.966452
855.050000,-65.966174,-65.961744,-65.966581
855.100000,-65.966303,-65.961874,-65.966710
855.150000,-65.966432,-65.962003,-65.966839
855.200000,-65.966561,-65.962132,-65.966968
855.250000,-65.966689,-65.962260,-65.967097
855.300000,-65.966817,-65.962389,-65.967225
855.350000,-65.966946,-65.962517,-65.967353
855.400000,-65.967073,-65.962645,-65.967481
855.450000,-65.967201,-65.962773,-65.967609
855.500000,-65.967328,-65.962900,-65.967736
855.550000,-65.967456,-65.963027,-65.967863
855.600000,-65.967582,-65.963155,-65.967990
855.650000,-65.967709,-65.963281,-65.968117
855.700000,-65.967836,-65.963408,-65.968243
855.750000,-65.967962,-65.963534,-65.968370
855.800000,-65.968088,-65.963661,-65.968496
855.850000,-65.968214,-65.963787,-65.968621
855.900000,-65.968339,-65.963912,-65.968747
855.950000,-65.968465,-65.964038,-65.968872
856.000000,-65.968590,-65.964163,-65.968998
856.050000,-65.968715,-65.964288,-65.969122
856.100000,-65.968839,-65.964413,-65.969247
856.150000,-65.968964,-65.964538,-65.969372
856.200000,-65.969088,-65.964662,-65.969496
856.250000,-65.969212,-65.964786,-65.969620
856.300000,-65.969336,-65.964910,-65.969744
856.350000,-65.969460,-65.965034,-65.969867
856.400000,-65.969583,-65.965157,-65.969991
856.450000,-65.969706,-65.965281,-65.970114
856.500000,-65.969829,-65.965404,-65.970237
856.550000,-65.969952,-65.965526,-65.970360
856.600000,-65.970074,-65.965649,-65.970482
856.650000,-65.970197,-65.965772,-65.970604
856.700000,-65.970319,-65.965894,-65.970726
856.750000,-65.970440,-65.966016,-65.970848
856.800000,-65.970562,-65.966137,-65.970970
856.850000,-65.970683,-65.966259,-65.971091
856.900000,-65.970805,-65.966380,-65.971213
856.950000,-65.970926,-65.966501,-65.971334
857.000000,-65.971046,-65.966622,-65.971454
857.050000,-65.971167,-65.966743,-65.971575
857.100000,-65.971287,-65.966863,-65.971695
857.150000,-65.971407,-65.966984,-65.971815
857.200000,-65.971527,-65.967104,-65.971935
857.250000,-65.971647,-65.967224,-65.972055
857.300000,-65.971766,-65.967343,-65.972174
857.350000,-65.971886,-65.967463,-65.972294
857.400000,-65.972005,-65.967582,-65.972413
857.450000,-65.972124,-65.967701,-65.972532
857.500000,-65.972242,-65.967819,-65.972650
857.550000,-65.972361,-65.967938,-65.972769
857.600000,-65.972479,-65.968056,-65.972887
857.650000,-65.972597,-65.968174,-65.973005
857.700000,-65.972715,-65.968292,-65.973123
857.750000,-65.972832,-65.968410,-65.973240
857.800000,-65.972949,-65.968528,-65.973358
857.850000,-65.973067,-65.968645,-65.973475
857.900000,-65.973184,-65.968762,-65.973592
857.950000,-65.973300,-65.968879,-65.973708
858.000000,-65.973417,-65.968995,-65.973825
858.050000,-65.973533,-65.969112,-65.973941
858.100000,-65.973649,-65.969228,-65.974057
858.150000,-65.973765,-65.969344,-65.974173
858.200000,-65.973881,-65.969460,-65.974289
858.250000,-65.973996,-65.969576,-65.974405
858.300000,-65.974112,-65.969691,-65.974520
858.350000,-65.974227,-65.969806,-65.974635
858.400000,-65.974342,-65.969921,-65.974750
858.450000,-65.974456,-65.970036,-65.974865
858.500000,-65.974571,-65.970151,-65.974979
858.550000,-65.974685,-65.970265,-65.975093
858.600000,-65.974799,-65.970379,-65.975207
858.650000,-65.974913,-65.970493,-65.975321
858.700000,-65.975027,-65.970607,-65.975435
858.750000,-65.975140,-65.970721,-65.975548
858.800000,-65.975253,-65.970834,-65.975662
858.850000,-65.975366,-65.970947,-65.975775
858.900000,-65.975479,-65.971060,-65.975888
858.950000,-65.975592,-65.971173,-65.976000
859.000000,-65.975704,-65.971285,-65.976113
859.050000,-65.975817,-65.971398,-65.976225
859.100000,-65.975929,-65.971510,-65.976337
859.150000,-65.976041,-65.971622,-65.976449
859.200000,-65.976152,-65.971734,-65.976561
859.250000,-65.976264,-65.971845,-65.976672
859.300000,-65.976375,-65.971957,-65.976783
859.350000,-65.976486,-65.972068,-65.976894
859.400000,-65.976597,-65.972179,-65.977005
859.450000,-65.976707,-65.972290,-65.977116
859.500000,-65.976818,-65.972400,-65.977226
859.550000,-65.976928,-65.972511,-65.977337
859.600000,-65.977038,-65.972621,-65.977447
859.650000,-65.977148,-65.972731,-65.977557
859.700000,-65.977258,-65.972841,-65.977666
859.750000,-65.977367,-65.972950,-65.977776
859.800000,-65.977477,-65.973060,-65.977885
859.850000,-65.977586,-65.973169,-65.977994
859.900000,-65.977695,-65.973278,-65.978103
859.950000,-65.977803,-65.973387,-65.978212
860.000000,-65.977912,-65.973495,-65.978320
860.050000,-65.978020,-65.973604,-65.978429
860.100000,-65.978128,-65.973712,-65.978537
860.150000,-65.978236,-65.973820,-65.978645
860.200000,-65.978344,-65.973928,-65.978753
860.250000,-65.978452,-65.974036,-65.978860
860.300000,-65.978559,-65.974143,-65.978968
860.350000,-65.978666,-65.974250,-65.979075
860.400000,-65.978773,-65.974358,-65.979182
860.450000,-65.978880,-65.974464,-65.979288
860.500000,-65.978986,-65.974571,-65.979395
860.550000,-65.979093,-65.974678,-65.979502
860.600000,-65.979199,-65.974784,-65.979608
860.650000,-65.979305,-65.974890,-65.979714
860.700000,-65.979411,-65.974996,-65.979820
860.750000,-65.979517,-65.975102,-65.979925
860.800000,-65.979622,-65.975207,-65.980031
860.850000,-65.979727,-65.975313,-65.980136
860.900000,-65.979832,-65.975418,-65.980241
860.950000,-65.979937,-65.975523,-65.980346
861.000000,-65.980042,-65.975628,-65.980451
861.050000,-65.980147,-65.975733,-65.980555
861.100000,-65.980251,-65.975837,-65.980660
861.150000,-65.980355,-65.975941,-65.980764
861.200000,-65.980459,-65.976045,-65.980868
861.250000,-65.980563,-65.976149,-65.980972
861.300000,-65.980666,-65.976253,-65.981075
861.350000,-65.980770,-65.976357,-65.981179
861.400000,-65.980873,-65.976460,-65.981282
861.450000,-65.980976,-65.976563,-65.981385
861.500000,-65.981079,-65.976666,-65.981488
861.550000,-65.981182,-65.976769,-65.981591
861.600000,-65.981284,-65.976872,-65.981693
861.650000,-65.981387,-65.976974,-65.981796
861.700000,-65.981489,-65.977076,-65.981898
861.750000,-65.981591,-65.977178,-65.982000
861.800000,-65.981692,-65.977280,-65.982101
861.850000,-65.981794,-65.977382,-65.982203
861.900000,-65.981896,-65.977483,-65.982304
861.950000,-65.981997,-65.977585,-65.982406
862.000000,-65.982098,-65.977686,-65.982507
862.050000,-65.982199,-65.977787,-65.982608
862.100000,-65.982299,-65.977888,-65.982708
862.150000,-65.982400,-65.977988,-65.982809
862.200000,-65.982500,-65.978089,-65.982909
862.250000,-65.982600,-65.978189,-65.983009
862.300000,-65.982700,-65.978289,-65.983109
862.350000,-65.982800,-65.978389,-65.983209
862.400000,-65.982900,-65.978489,-65.983309
862.450000,-65.982999,-65.978588,-65.983408
862.500000,-65.983099,-65.978688,-65.983508
862.550000,-65.983198,-65.978787,-65.983607
862.600000,-65.983297,-65.978886,-65.983706
862.650000,-65.983395,-65.978985,-65.983804
862.700000,-65.983494,-65.979084,-65.983903
862.750000,-65.983592,-65.979182,-65.984001
862.800000,-65.983691,-65.979280,-65.984100
862.850000,-65.983789,-65.979379,-65.984198
862.900000,-65.983886,-65.979477,-65.984296
862.950000,-65.983984,-65.979574,-65.984393
863.000000,-65.984082,-65.979672,-65.984491
863.050000,-65.984179,-65.979769,-65.984588
863.100000,-65.984276,-65.979867,-65.984685
863.150000,-65.984373,-65.979964,-65.984782
863.200000,-65.984470,-65.980061,-65.984879
863.250000,-65.984567,-65.980158,-65.984976
863.300000,-65.984663,-65.980254,-65.985072
863.350000,-65.984760,-65.980351,-65.985169
863.400000,-65.984856,-65.980447,-65.985265
863.450000,-65.984952,-65.980543,-65.985361
863.500000,-65.985047,-65.980639,-65.985457
863.550000,-65.985143,-65.980735,-65.985552
863.600000,-65.985239,-65.980830,-65.985648
863.650000,-65.985334,-65.980926,-65.985743
863.700000,-65.985429,-65.981021,-65.985838
863.750000,-65.985524,-65.981116,-65.985933
863.800000,-65.985619,-65.981211,-65.986028
863.850000,-65.985713,-65.981306,-65.986123
863.900000,-65.985808,-65.981400,-65.986217
863.950000,-65.985902,-65.981494,-65.986312
864.000000,-65.985996,-65.981589,-65.986406
864.050000,-65.986090,-65.981683,-65.986500
864.100000,-65.986184,-65.981777,-65.986593
864.150000,-65.986278,-65.981870,-65.986687
864.200000,-65.986371,-65.981964,-65.986780
864.250000,-65.986464,-65.982057,-65.986874
864.300000,-65.986557,-65.982151,-65.986967
864.350000,-65.986650,-65.982244,-65.987060
864.400000,-65.986743,-65.982336,-65.987153
864.450000,-65.986836,-65.982429,-65.987245
864.500000,-65.986928,-65.982522,-65.987338
864.550000,-65.987021,-65.982614,-65.987430
864.600000,-65.987113,-65.982706,-65.987522
864.650000,-65.987205,-65.982798,-65.987614
864.700000,-65.987297,-65.982890,-65.987706
864.750000,-65.987388,-65.982982,-65.987798
864.800000,-65.987480,-65.983074,-65.987889
864.850000,-65.987571,-65.983165,-65.987980
864.900000,-65.987662,-65.983256,-65.988072
864.950000,-65.987753,-65.983347,-65.988163
865.000000,-65.987844,-65.983438,-65.988254
865.050000,-65.987935,-65.983529,-65.988344
865.100000,-65.988025,-65.983620,-65.988435
865.150000,-65.988115,-65.983710,-65.988525
865.200000,-65.988206,-65.983800,-65.988615
865.250000,-65.988296,-65.983891,-65.988705
865.300000,-65.988386,-65.983981,-65.988795
865.350000,-65.988475,-65.984070,-65.988885
865.400000,-65.988565,-65.984160,-65.988974
865.450000,-65.988654,-65.984250,-65.989064
865.500000,-65.988743,-65.984339,-65.989153
865.550000,-65.988833,-65.984428,-65.989242
865.600000,-65.988921,-65.984517,-65.989331
865.650000,-65.989010,-65.984606,-65.989420
865.700000,-65.989099,-65.984695,-65.989508
865.750000,-65.989187,-65.984783,-65.989597
865.800000,-65.989276,-65.984872,-65.989685
865.850000,-65.989364,-65.984960,-65.989773
865.900000,-65.989452,-65.985048,-65.989861
865.950000,-65.989539,-65.985136,-65.989949
866.000000,-65.989627,-65.985223,-65.990037
866.050000,-65.989715,-65.985311,-65.990124
866.100000,-65.989802,-65.985399,-65.990212
866.150000,-65.989889,-65.985486,-65.990299
866.200000,-65.989976,-65.985573,-65.990386
866.250000,-65.990063,-65.985660,-65.990473
866.300000,-65.990150,-65.985747,-65.990560
866.350000,-65.990236,-65.985833,-65.990646
866.400000,-65.990323,-65.985920,-65.990733
866.450000,-65.990409,-65.986006,-65.990819
866.500000,-65.990495,-65.986093,-65.990905
866.550000,-65.990581,-65.986179,-65.990991
866.600000,-65.990667,-65.986265,-65.991077
866.650000,-65.990753,-65.986350,-65.991163
866.700000,-65.990838,-65.986436,-65.991248
866.750000,-65.990923,-65.986521,-65.991333
866.800000,-65.991009,-65.986607,-65.991419
866.850000,-65.991094,-65.986692,-65.991504
866.900000,-65.991179,-65.986777,-65.991589
866.950000,-65.991263,-65.986862,-65.991673
867.000000,-65.991348,-65.986946,-65.991758
867.050000,-65.991432,-65.987031,-65.991842
867.100000,-65.991517,-65.987115,-65.991927
867.150000,-65.991601,-65.987199,-65.992011
867.200000,-65.991685,-65.987284,-65.992095
867.250000,-65.991769,-65.987368,-65.992179
867.300000,-65.991852,-65.987451,-65.992262
867.350000,-65.991936,-65.987535,-65.992346
867.400000,-65.992019,-65.987618,-65.992429
867.450000,-65.992103,-65.987702,-65.992513
867.500000,-65.992186,-65.987785,-65.992596
867.550000,-65.992269,-65.987868,-65.992679
867.600000,-65.992352,-65.987951,-65.992762
867.650000,-65.992434,-65.988034,-65.992844
867.700000,-65.992517,-65.988116,-65.992927
867.750000,-65.992599,-65.988199,-65.993009
867.800000,-65.992681,-65.988281,-65.993092
867.850000,-65.992763,-65.988363,-65.993174
867.900000,-65.992845,-65.988445,-65.993256
867.950000,-65.992927,-65.988527,-65.993337
868.000000,-65.993009,-65.988609,-65.993419
868.050000,-65.993090,-65.988691,-65.993501
868.100000,-65.993172,-65.988772,-65.993582
868.150000,-65.993253,-65.988853,-65.993663
868.200000,-65.993334,-65.988934,-65.993744
868.250000,-65.993415,-65.989015,-65.993825
868.300000,-65.993496,-65.989096,-65.993906
868.350000,-65.993576,-65.989177,-65.993987
868.400000,-65.993657,-65.989258,-65.994067
868.450000,-65.993737,-65.989338,-65.994147
868.500000,-65.993817,-65.989418,-65.994228
868.550000,-65.993898,-65.989499,-65.994308
868.600000,-65.993977,-65.989579,-65.994388
868.650000,-65.994057,-65.989658,-65.994467
868.700000,-65.994137,-65.989738,-65.994547
868.750000,-65.994216,-65.989818,-65.994627
868.800000,-65.994296,-65.989897,-65.994706
868.850000,-65.994375,-65.989977,-65.994785
868.900000,-65.994454,-65.990056,-65.994864
868.950000,-65.994533,-65.990135,-65.994943
869.000000,-65.994612,-65.990214,-65.995022
869.050000,-65.994690,-65.990292,-65.995101
869.100000,-65.994769,-65.990371,-65.995179
869.150000,-65.994847,-65.990449,-65.995258
869.200000,-65.994926,-65.990528,-65.995336
869.250000,-65.995004,-65.990606,-65.995414
869.300000,-65.995082,-65.990684,-65.995492
869.350000,-65.995160,-65.990762,-65.995570
869.400000,-65.995237,-65.990840,-65.995648
869.450000,-65.995315,-65.990917,-65.995725
869.500000,-65.995392,-65.990995,-65.995803
869.550000,-65.995469,-65.991072,-65.995880
869.600000,-65.995547,-65.991149,-65.995957
869.650000,-65.995624,-65.991227,-65.996034
869.700000,-65.995700,-65.991303,-65.996111
869.750000,-65.995777,-65.991380,-65.996188
869.800000,-65.995854,-65.991457,-65.996264
869.850000,-65.995930,-65.991534,-65.996341
869.900000,-65.996007,-65.991610,-65.996417
869.950000,-65.996083,-65.991686,-65.996493
870.000000,-65.996159,-65.991762,-65.996569
870.050000,-65.996235,-65.991838,-65.996645
870.100000,-65.996311,-65.991914,-65.996721
870.150000,-65.996386,-65.991990,-65.996797
870.200000,-65.996462,-65.992066,-65.996872
870.250000,-65.996537,-65.992141,-65.996948
870.300000,-65.996612,-65.992216,-65.997023
870.350000,-65.996687,-65.992292,-65.997098
870.400000,-65.996762,-65.992367,-65.997173
870.450000,-65.996837,-65.992442,-65.997248
870.500000,-65.996912,-65.992516,-65.997323
870.550000,-65.996987,-65.992591,-65.997397
870.600000,-65.997061,-65.992666,-65.997472
870.650000,-65.997135,-65.992740,-65.997546
870.700000,-65.997210,-65.992814,-65.997620
870.750000,-65.997284,-65.992888,-65.997694
870.800000,-65.997358,-65.992962,-65.997768
870.850000,-65.997431,-65.993036,-65.997842
870.900000,-65.997505,-65.993110,-65.997916
870.950000,-65.997579,-65.993184,-65.997989
871.000000,-65.997652,-65.993257,-65.998063
871.050000,-65.997725,-65.993330,-65.998136
871.100000,-65.997798,-65.993404,-65.998209
871.150000,-65.997871,-65.993477,-65.998282
871.200000,-65.997944,-65.993550,-65.998355
871.250000,-65.998017,-65.993623,-65.998428
871.300000,-65.998090,-65.993695,-65.998500
871.350000,-65.998162,-65.993768,-65.998573
871.400000,-65.998235,-65.993840,-65.998645
871.450000,-65.998307,-65.993913,-65.998717
871.500000,-65.998379,-65.993985,-65.998790
871.550000,-65.998451,-65.994057,-65.998862
871.600000,-65.998523,-65.994129,-65.998933
871.650000,-65.998594,-65.994201,-65.999005
871.700000,-65.998666,-65.994272,-65.999077
871.750000,-65.998738,-65.994344,-65.999148
871.800000,-65.998809,-65.994415,-65.999220
871.850000,-65.998880,-65.994487,-65.999291
871.900000,-65.998951,-65.994558,-65.999362
871.950000,-65.999022,-65.994629,-65.999433
872.000000,-65.999093,-65.994700,-65.999504
872.050000,-65.999164,-65.994770,-65.999575
872.100000,-65.999234,-65.994841,-65.999645
872.150000,-65.999305,-65.994912,-65.999716
872.200000,-65.999375,-65.994982,-65.999786
872.250000,-65.999445,-65.995052,-65.999856
872.300000,-65.999515,-65.995123,-65.999926
872.350000,-65.999585,-65.995193,-65.999996
872.400000,-65.999655,-65.995263,-66.000066
872.450000,-65.999725,-65.995332,-66.000136
872.500000,-65.999795,-65.995402,-66.000206
872.550000,-65.999864,-65.995472,-66.000275
872.600000,-65.999933,-65.995541,-66.000344
872.650000,-66.000003,-65.995610,-66.000414
872.700000,-66.000072,-65.995680,-66.000483
872.750000,-66.000141,-65.995749,-66.000552
872.800000,-66.000210,-65.995818,-66.000621
872.850000,-66.000278,-65.995886,-66.000689
872.900000,-66.000347,-65.995955,-66.000758
872.950000,-66.000416,-65.996024,-66.000826
873.000000,-66.000484,-65.996092,-66.000895
873.050000,-66.000552,-65.996160,-66.000963
873.100000,-66.000620,-65.996229,-66.001031
873.150000,-66.000688,-65.996297,-66.001099
873.200000,-66.000756,-65.996365,-66.001167
873.250000,-66.000824,-65.996433,-66.001235
873.300000,-66.000892,-65.996500,-66.001303
873.350000,-66.000959,-65.996568,-66.001370
873.400000,-66.001027,-65.996635,-66.001438
873.450000,-66.001094,-65.996703,-66.001505
873.500000,-66.001161,-65.996770,-66.001572
873.550000,-66.001228,-65.996837,-66.001639
873.600000,-66.001295,-65.996904,-66.001706
873.650000,-66.001362,-65.996971,-66.001773
873.700000,-66.001429,-65.997038,-66.001840
873.750000,-66.001495,-65.997104,-66.001906
873.800000,-66.001562,-65.997171,-66.001973
873.850000,-66.001628,-65.997237,-66.002039
873.900000,-66.001694,-65.997304,-66.002105
873.950000,-66.001760,-65.997370,-66.002171
874.000000,-66.001826,-65.997436,-66.002237
874.050000,-66.001892,-65.997502,-66.002303
874.100000,-66.001958,-65.997568,-66.002369
874.150000,-66.002024,-65.997633,-66.002435
874.200000,-66.002089,-65.997699,-66.002500
874.250000,-66.002155,-65.997765,-66.002566
874.300000,-66.002220,-65.997830,-66.002631
874.350000,-66.002285,-65.997895,-66.002696
874.400000,-66.002350,-65.997960,-66.002761
874.450000,-66.002415,-65.998025,-66.002826
874.500000,-66.002480,-65.998090,-66.002891
874.550000,-66.002545,-65.998155,-66.002956
874.600000,-66.002609,-65.998220,-66.003020
874.650000,-66.002674,-65.998284,-66.003085
874.700000,-66.002738,-65.998349,-66.003149
874.750000,-66.002802,-65.998413,-66.003214
874.800000,-66.002867,-65.998477,-66.003278
874.850000,-66.002931,-65.998541,-66.003342
874.900000,-66.002995,-65.998605,-66.003406
874.950000,-66.003058,-65.998669,-66.003470
875.000000,-66.003122,-65.998733,-66.003533
875.050000,-66.003186,-65.998797,-66.003597
875.100000,-66.003249,-65.998860,-66.003660
875.150000,-66.003312,-65.998924,-66.003724
875.200000,-66.003376,-65.998987,-66.003787
875.250000,-66.003439,-65.999050,-66.003850
875.300000,-66.003502,-65.999113,-66.003913
875.350000,-66.003565,-65.999176,-66.003976
875.400000,-66.003628,-65.999239,-66.004039
875.450000,-66.003690,-65.999302,-66.004102
875.500000,-66.003753,-65.999365,-66.004164
875.550000,-66.003815,-65.999427,-66.004227
875.600000,-66.003878,-65.999490,-66.004289
875.650000,-66.003940,-65.999552,-66.004351
875.700000,-66.004002,-65.999614,-66.004414
875.750000,-66.004064,-65.999676,-66.004476
875.800000,-66.004126,-65.999738,-66.004537
875.850000,-66.004188,-65.999800,-66.004599
875.900000,-66.004250,-65.999862,-66.004661
875.950000,-66.004311,-65.999923,-66.004723
876.000000,-66.004373,-65.999985,-66.004784
876.050000,-66.004434,-66.000046,-66.004845
876.100000,-66.004495,-66.000108,-66.004907
876.150000,-66.004556,-66.000169,-66.004968
876.200000,-66.004617,-66.000230,-66.005029
876.250000,-66.004678,-66.000291,-66.005090
876.300000,-66.004739,-66.000352,-66.005151
876.350000,-66.004800,-66.000413,-66.005212
876.400000,-66.004861,-66.000473,-66.005272
876.450000,-66.004921,-66.000534,-66.005333
876.500000,-66.004982,-66.000595,-66.005393
876.550000,-66.005042,-66.000655,-66.005453
876.600000,-66.005102,-66.000715,-66.005514
876.650000,-66.005162,-66.000775,-66.005574
876.700000,-66.005222,-66.000835,-66.005634
876.750000,-66.005282,-66.000895,-66.005694
876.800000,-66.005342,-66.000955,-66.005753
876.850000,-66.005401,-66.001015,-66.005813
876.900000,-66.005461,-66.001074,-66.005873
876.950000,-66.005520,-66.001134,-66.005932
877.000000,-66.005580,-66.001193,-66.005991
877.050000,-66.005639,-66.001253,-66.006051
877.100000,-66.005698,-66.001312,-66.006110
877.150000,-66.005757,-66.001371,-66.006169
877.200000,-66.005816,-66.001430,-66.006228
877.250000,-66.005875,-66.001489,-66.006287
877.300000,-66.005934,-66.001548,-66.006345
877.350000,-66.005992,-66.001606,-66.006404
877.400000,-66.006051,-66.001665,-66.006462
877.450000,-66.006109,-66.001723,-66.006521
877.500000,-66.006167,-66.001782,-66.006579
877.550000,-66.006226,-66.001840,-66.006637
877.600000,-66.006284,-66.001898,-66.006695
877.650000,-66.006342,-66.001956,-66.006753
877.700000,-66.006400,-66.002014,-66.006811
877.750000,-66.006457,-66.002072,-66.006869
877.800000,-66.006515,-66.002130,-66.006927
877.850000,-66.006573,-66.002187,-66.006984
877.900000,-66.006630,-66.002245,-66.007042
877.950000,-66.006688,-66.002302,-66.007099
878.000000,-66.006745,-66.002360,-66.007157
878.050000,-66.006802,-66.002417,-66.007214
878.100000,-66.006859,-66.002474,-66.007271
878.150000,-66.006916,-66.002531,-66.007328
878.200000,-66.006973,-66.002588,-66.007385
878.250000,-66.007030,-66.002645,-66.007442
878.300000,-66.007086,-66.002702,-66.007498
878.350000,-66.007143,-66.002758,-66.007555
878.400000,-66.007200,-66.002815,-66.007611
878.450000,-66.007256,-66.002871,-66.007668
878.500000,-66.007312,-66.002928,-66.007724
878.550000,-66.007368,-66.002984,-66.007780
878.600000,-66.007424,-66.003040,-66.007836
878.650000,-66.007480,-66.003096,-66.007892
878.700000,-66.007536,-66.003152,-66.007948
878.750000,-66.007592,-66.003208,-66.008004
878.800000,-66.007648,-66.003264,-66.008060
878.850000,-66.007703,-66.003319,-66.008115
878.900000,-66.007759,-66.003375,-66.008171
878.950000,-66.007814,-66.003430,-66.008226
879.000000,-66.007869,-66.003486,-66.008281
879.050000,-66.007925,-66.003541,-66.008337
879.100000,-66.007980,-66.003596,-66.008392
879.150000,-66.008035,-66.003651,-66.008447
879.200000,-66.008090,-66.003706,-66.008502
879.250000,-66.008144,-66.003761,-66.008556
879.300000,-66.008199,-66.003816,-66.008611
879.350000,-66.008254,-66.003870,-66.008666
879.400000,-66.008308,-66.003925,-66.008720
879.450000,-66.008363,-66.003979,-66.008775
879.500000,-66.008417,-66.004034,-66.008829
879.550000,-66.008471,-66.004088,-66.008883
879.600000,-66.008525,-66.004142,-66.008937
879.650000,-66.008579,-66.004196,-66.008991
879.700000,-66.008633,-66.004250,-66.009045
879.750000,-66.008687,-66.004304,-66.009099
879.800000,-66.008741,-66.004358,-66.009153
879.850000,-66.008795,-66.004412,-66.009207
879.900000,-66.008848,-66.004465,-66.009260
879.950000,-66.008902,-66.004519,-66.009314
880.000000,-66.008955,-66.004572,-66.009367
880.050000,-66.009008,-66.004626,-66.009420
880.100000,-66.009061,-66.004679,-66.009474
880.150000,-66.009115,-66.004732,-66.009527
880.200000,-66.009168,-66.004785,-66.009580
880.250000,-66.009220,-66.004838,-66.009633
880.300000,-66.009273,-66.004891,-66.009685
880.350000,-66.009326,-66.004944,-66.009738
880.400000,-66.009379,-66.004996,-66.009791
880.450000,-66.009431,-66.005049,-66.009843
880.500000,-66.009484,-66.005101,-66.009896
880.550000,-66.009536,-66.005154,-66.009948
880.600000,-66.009588,-66.005206,-66.010000
880.650000,-66.009640,-66.005258,-66.010052
880.700000,-66.009692,-66.005310,-66.010105
880.750000,-66.009744,-66.005362,-66.010157
880.800000,-66.009796,-66.005414,-66.010208
880.850000,-66.009848,-66.005466,-66.010260
880.900000,-66.009900,-66.005518,-66.010312
880.950000,-66.009951,-66.005570,-66.010364
881.000000,-66.010003,-66.005621,-66.010415
881.050000,-66.010054,-66.005673,-66.010466
881.100000,-66.010106,-66.005724,-66.010518
881.150000,-66.010157,-66.005775,-66.010569
881.200000,-66.010208,-66.005827,-66.010620
881.250000,-66.010259,-66.005878,-66.010671
881.300000,-66.010310,-66.005929,-66.010722
881.350000,-66.010361,-66.005980,-66.010773
881.400000,-66.010412,-66.006031,-66.010824
881.450000,-66.010462,-66.006081,-66.010875
881.500000,-66.010513,-66.006132,-66.010925
881.550000,-66.010564,-66.006183,-66.010976
881.600000,-66.010614,-66.006233,-66.011026
881.650000,-66.010664,-66.006283,-66.011077
881.700000,-66.010715,-66.006334,-66.011127
881.750000,-66.010765,-66.006384,-66.011177
881.800000,-66.010815,-66.006434,-66.011227
881.850000,-66.010865,-66.006484,-66.011277
881.900000,-66.010915,-66.006534,-66.011327
881.950000,-66.010965,-66.006584,-66.011377
882.000000,-66.011014,-66.006634,-66.011427
882.050000,-66.011064,-66.006683,-66.011476
882.100000,-66.011113,-66.006733,-66.011526
882.150000,-66.011163,-66.006783,-66.011575
882.200000,-66.011212,-66.006832,-66.011625
882.250000,-66.011262,-66.006881,-66.011674
882.300000,-66.011311,-66.006931,-66.011723
882.350000,-66.011360,-66.006980,-66.011772
882.400000,-66.011409,-66.007029,-66.011821
882.450000,-66.011458,-66.007078,-66.011870
882.500000,-66.011507,-66.007127,-66.011919
882.550000,-66.011556,-66.007176,-66.011968
882.600000,-66.011604,-66.007224,-66.012017
882.650000,-66.011653,-66.007273,-66.012065
882.700000,-66.011701,-66.007321,-66.012114
882.750000,-66.011750,-66.007370,-66.012162
882.800000,-66.011798,-66.007418,-66.012211
882.850000,-66.011846,-66.007467,-66.012259
882.900000,-66.011895,-66.007515,-66.012307
882.950000,-66.011943,-66.007563,-66.012355
883.000000,-66.011991,-66.007611,-66.012403
883.050000,-66.012039,-66.007659,-66.012451
883.100000,-66.012086,-66.007707,-66.012499
883.150000,-66.012134,-66.007755,-66.012547
883.200000,-66.012182,-66.007802,-66.012594
883.250000,-66.012229,-66.007850,-66.012642
883.300000,-66.012277,-66.007898,-66.012689
883.350000,-66.012324,-66.007945,-66.012737
883.400000,-66.012372,-66.007992,-66.012784
883.450000,-66.012419,-66.008040,-66.012831
883.500000,-66.012466,-66.008087,-66.012879
883.550000,-66.012513,-66.008134,-66.012926
883.600000,-66.012560,-66.008181,-66.012973
883.650000,-66.012607,-66.008228,-66.013020
883.700000,-66.012654,-66.008275,-66.013066
883.750000,-66.012701,-66.008322,-66.013113
883.800000,-66.012747,-66.008368,-66.013160
883.850000,-66.012794,-66.008415,-66.013206
883.900000,-66.012840,-66.008462,-66.013253
883.950000,-66.012887,-66.008508,-66.013299
884.000000,-66.012933,-66.008555,-66.013346
884.050000,-66.012979,-66.008601,-66.013392
884.100000,-66.013025,-66.008647,-66.013438
884.150000,-66.013072,-66.008693,-66.013484
884.200000,-66.013118,-66.008739,-66.013530
884.250000,-66.013164,-66.008785,-66.013576
884.300000,-66.013209,-66.008831,-66.013622
884.350000,-66.013255,-66.008877,-66.013668
884.400000,-66.013301,-66.008923,-66.013713
884.450000,-66.013346,-66.008968,-66.013759
884.500000,-66.013392,-66.009014,-66.013805
884.550000,-66.013437,-66.009059,-66.013850
884.600000,-66.013483,-66.009105,-66.013895
884.650000,-66.013528,-66.009150,-66.013941
884.700000,-66.013573,-66.009195,-66.013986
884.750000,-66.013618,-66.009241,-66.014031
884.800000,-66.013663,-66.009286,-66.014076
884.850000,-66.013708,-66.009331,-66.014121
884.900000,-66.013753,-66.009376,-66.014166
884.950000,-66.013798,-66.009420,-66.014211
885.000000,-66.013843,-66.009465,-66.014256
885.050000,-66.013887,-66.009510,-66.014300
885.100000,-66.013932,-66.009555,-66.014345
885.150000,-66.013977,-66.009599,-66.014389
885.200000,-66.014021,-66.009644,-66.014434
885.250000,-66.014065,-66.009688,-66.014478
885.300000,-66.014110,-66.009732,-66.014522
885.350000,-66.014154,-66.009776,-66.014566
885.400000,-66.014198,-66.009821,-66.014611
885.450000,-66.014242,-66.009865,-66.014655
885.500000,-66.014286,-66.009909,-66.014699
885.550000,-66.014330,-66.009953,-66.014742
885.600000,-66.014373,-66.009996,-66.014786
885.650000,-66.014417,-66.010040,-66.014830
885.700000,-66.014461,-66.010084,-66.014874
885.750000,-66.014504,-66.010127,-66.014917
885.800000,-66.014548,-66.010171,-66.014961
885.850000,-66.014591,-66.010214,-66.015004
885.900000,-66.014635,-66.010258,-66.015047
885.950000,-66.014678,-66.010301,-66.015091
886.000000,-66.014721,-66.010344,-66.015134
886.050000,-66.014764,-66.010387,-66.015177
886.100000,-66.014807,-66.010431,-66.015220
886.150000,-66.014850,-66.010474,-66.015263
886.200000,-66.014893,-66.010516,-66.015306
886.250000,-66.014936,-66.010559,-66.015349
886.300000,-66.014978,-66.010602,-66.015391
886.350000,-66.015021,-66.010645,-66.015434
886.400000,-66.015064,-66.010687,-66.015477
886.450000,-66.015106,-66.010730,-66.015519
886.500000,-66.015149,-66.010772,-66.015562
886.550000,-66.015191,-66.010815,-66.015604
886.600000,-66.015233,-66.010857,-66.015646
886.650000,-66.015275,-66.010899,-66.015688
886.700000,-66.015318,-66.010942,-66.015730
886.750000,-66.015360,-66.010984,-66.015773
886.800000,-66.015402,-66.011026,-66.015815
886.850000,-66.015443,-66.011068,-66.015856
886.900000,-66.015485,-66.011109,-66.015898
886.950000,-66.015527,-66.011151,-66.015940
887.000000,-66.015569,-66.011193,-66.015982
887.050000,-66.015610,-66.011235,-66.016023
887.100000,-66.015652,-66.011276,-66.016065
887.150000,-66.015693,-66.011318,-66.016106
887.200000,-66.015735,-66.011359,-66.016148
887.250000,-66.015776,-66.011400,-66.016189
887.300000,-66.015817,-66.011442,-66.016230
887.350000,-66.015858,-66.011483,-66.016271
887.400000,-66.015900,-66.011524,-66.016313
887.450000,-66.015941,-66.011565,-66.016354
887.500000,-66.015982,-66.011606,-66.016395
887.550000,-66.016022,-66.011647,-66.016435
887.600000,-66.016063,-66.011688,-66.016476
887.650000,-66.016104,-66.011729,-66.016517
887.700000,-66.016145,-66.011769,-66.016558
887.750000,-66.016185,-66.011810,-66.016598
887.800000,-66.016226,-66.011851,-66.016639
887.850000,-66.016266,-66.011891,-66.016679
887.900000,-66.016307,-66.011932,-66.016720
887.950000,-66.016347,-66.011972,-66.016760
888.000000,-66.016387,-66.012012,-66.016800
888.050000,-66.016427,-66.012052,-66.016840
888.100000,-66.016467,-66.012093,-66.016880
888.150000,-66.016507,-66.012133,-66.016921
888.200000,-66.016547,-66.012173,-66.016960
888.250000,-66.016587,-66.012213,-66.017000
888.300000,-66.016627,-66.012252,-66.017040
888.350000,-66.016667,-66.012292,-66.017080
888.400000,-66.016706,-66.012332,-66.017120
888.450000,-66.016746,-66.012372,-66.017159
888.500000,-66.016786,-66.012411,-66.017199
888.550000,-66.016825,-66.012451,-66.017238
888.600000,-66.016864,-66.012490,-66.017278
888.650000,-66.016904,-66.012529,-66.017317
888.700000,-66.016943,-66.012569,-66.017356
888.750000,-66.016982,-66.012608,-66.017395
888.800000,-66.017021,-66.012647,-66.017435
888.850000,-66.017060,-66.012686,-66.017474
888.900000,-66.017099,-66.012725,-66.017513
888.950000,-66.017138,-66.012764,-66.017551
889.000000,-66.017177,-66.012803,-66.017590
889.050000,-66.017216,-66.012842,-66.017629
889.100000,-66.017255,-66.012881,-66.017668
889.150000,-66.017293,-66.012919,-66.017706
889.200000,-66.017332,-66.012958,-66.017745
889.250000,-66.017370,-66.012996,-66.017784
889.300000,-66.017409,-66.013035,-66.017822
889.350000,-66.017447,-66.013073,-66.017860
889.400000,-66.017485,-66.013112,-66.017899
889.450000,-66.017524,-66.013150,-66.017937
889.500000,-66.017562,-66.013188,-66.017975
889.550000,-66.017600,-66.013226,-66.018013
889.600000,-66.017638,-66.013264,-66.018051
889.650000,-66.017676,-66.013302,-66.018089
889.700000,-66.017714,-66.013340,-66.018127
889.750000,-66.017752,-66.013378,-66.018165
889.800000,-66.017789,-66.013416,-66.018203
889.850000,-66.017827,-66.013454,-66.018240
889.900000,-66.017865,-66.013491,-66.018278
889.950000,-66.017902,-66.013529,-66.018316
890.000000,-66.017940,-66.013566,-66.018353
890.050000,-66.017977,-66.013604,-66.018391
890.100000,-66.018015,-66.013641,-66.018428
890.150000,-66.018052,-66.013679,-66.018465
890.200000,-66.018089,-66.013716,-66.018502
890.250000,-66.018126,-66.013753,-66.018540
890.300000,-66.018163,-66.013790,-66.018577
890.350000,-66.018200,-66.013827,-66.018614
890.400000,-66.018237,-66.013864,-66.018651
890.450000,-66.018274,-66.013901,-66.018688
890.500000,-66.018311,-66.013938,-66.018725
890.550000,-66.018348,-66.013975,-66.018761
890.600000,-66.018385,-66.014012,-66.018798
890.650000,-66.018421,-66.014048,-66.018835
890.700000,-66.018458,-66.014085,-66.018871
890.750000,-66.018494,-66.014122,-66.018908
890.800000,-66.018531,-66.014158,-66.018944
890.850000,-66.018567,-66.014195,-66.018981
890.900000,-66.018604,-66.014231,-66.019017
890.950000,-66.018640,-66.014267,-66.019053
891.000000,-66.018676,-66.014303,-66.019089
891.050000,-66.018712,-66.014340,-66.019126
891.100000,-66.018748,-66.014376,-66.019162
891.150000,-66.018784,-66.014412,-66.019198
891.200000,-66.018820,-66.014448,-66.019234
891.250000,-66.018856,-66.014484,-66.019270
891.300000,-66.018892,-66.014520,-66.019305
891.350000,-66.018928,-66.014555,-66.019341
891.400000,-66.018963,-66.014591,-66.019377
891.450000,-66.018999,-66.014627,-66.019412
891.500000,-66.019035,-66.014662,-66.019448
891.550000,-66.019070,-66.014698,-66.019484
891.600000,-66.019105,-66.014733,-66.019519
891.650000,-66.019141,-66.014769,-66.019554
891.700000,-66.019176,-66.014804,-66.019590
891.750000,-66.019211,-66.014839,-66.019625
891.800000,-66.019247,-66.014875,-66.019660
891.850000,-66.019282,-66.014910,-66.019695
891.900000,-66.019317,-66.014945,-66.019730
891.950000,-66.019352,-66.014980,-66.019765
892.000000,-66.019387,-66.015015,-66.019800
892.050000,-66.019422,-66.015050,-66.019835
892.100000,-66.019456,-66.015085,-66.019870
892.150000,-66.019491,-66.015120,-66.019905
892.200000,-66.019526,-66.015154,-66.019940
892.250000,-66.019561,-66.015189,-66.019974
892.300000,-66.019595,-66.015224,-66.020009
892.350000,-66.019630,-66.015258,-66.020043
892.400000,-66.019664,-66.015293,-66.020078
892.450000,-66.019699,-66.015327,-66.020112
892.500000,-66.019733,-66.015361,-66.020146
892.550000,-66.019767,-66.015396,-66.020181
892.600000,-66.019801,-66.015430,-66.020215
892.650000,-66.019836,-66.015464,-66.020249
892.700000,-66.019870,-66.015498,-66.020283
892.750000,-66.019904,-66.015532,-66.020317
892.800000,-66.019938,-66.015566,-66.020351
892.850000,-66.019972,-66.015600,-66.020385
892.900000,-66.020005,-66.015634,-66.020419
892.950000,-66.020039,-66.015668,-66.020453
893.000000,-66.020073,-66.015702,-66.020487
893.050000,-66.020107,-66.015736,-66.020520
893.100000,-66.020140,-66.015769,-66.020554
893.150000,-66.020174,-66.015803,-66.020587
893.200000,-66.020207,-66.015836,-66.020621
893.250000,-66.020241,-66.015870,-66.020654
893.300000,-66.020274,-66.015903,-66.020688
893.350000,-66.020307,-66.015937,-66.020721
893.400000,-66.020341,-66.015970,-66.020754
893.450000,-66.020374,-66.016003,-66.020788
893.500000,-66.020407,-66.016036,-66.020821
893.550000,-66.020440,-66.016069,-66.020854
893.600000,-66.020473,-66.016103,-66.020887
893.650000,-66.020506,-66.016136,-66.020920
893.700000,-66.020539,-66.016168,-66.020953
893.750000,-66.020572,-66.016201,-66.020986
893.800000,-66.020605,-66.016234,-66.021018
893.850000,-66.020638,-66.016267,-66.021051
893.900000,-66.020670,-66.016300,-66.021084
893.950000,-66.020703,-66.016332,-66.021117
894.000000,-66.020735,-66.016365,-66.021149
894.050000,-66.020768,-66.016398,-66.021182
894.100000,-66.020800,-66.016430,-66.021214
894.150000,-66.020833,-66.016462,-66.021246
894.200000,-66.020865,-66.016495,-66.021279
894.250000,-66.020897,-66.016527,-66.021311
894.300000,-66.020930,-66.016559,-66.021343
894.350000,-66.020962,-66.016592,-66.021376
894.400000,-66.020994,-66.016624,-66.021408
894.450000,-66.021026,-66.016656,-66.021440
894.500000,-66.021058,-66.016688,-66.021472
894.550000,-66.021090,-66.016720,-66.021504
894.600000,-66.021122,-66.016752,-66.021536
894.650000,-66.021154,-66.016784,-66.021567
894.700000,-66.021185,-66.016815,-66.021599
894.750000,-66.021217,-66.016847,-66.021631
894.800000,-66.021249,-66.016879,-66.021663
894.850000,-66.021280,-66.016911,-66.021694
894.900000,-66.021312,-66.016942,-66.021726
894.950000,-66.021343,-66.016974,-66.021757
895.000000,-66.021375,-66.017005,-66.021789
895.050000,-66.021406,-66.017037,-66.021820
895.100000,-66.021438,-66.017068,-66.021851
895.150000,-66.021469,-66.017099,-66.021883
895.200000,-66.021500,-66.017131,-66.021914
895.250000,-66.021531,-66.017162,-66.021945
895.300000,-66.021562,-66.017193,-66.021976
895.350000,-66.021593,-66.017224,-66.022007
895.400000,-66.021625,-66.017255,-66.022038
895.450000,-66.021655,-66.017286,-66.022069
895.500000,-66.021686,-66.017317,-66.022100
895.550000,-66.021717,-66.017348,-66.022131
895.600000,-66.021748,-66.017379,-66.022162
895.650000,-66.021779,-66.017409,-66.022193
895.700000,-66.021809,-66.017440,-66.022223
895.750000,-66.021840,-66.017471,-66.022254
895.800000,-66.021871,-66.017501,-66.022284
895.850000,-66.021901,-66.017532,-66.022315
895.900000,-66.021932,-66.017562,-66.022345
895.950000,-66.021962,-66.017593,-66.022376
896.000000,-66.021992,-66.017623,-66.022406
896.050000,-66.022023,-66.017654,-66.022437
896.100000,-66.022053,-66.017684,-66.022467
896.150000,-66.022083,-66.017714,-66.022497
896.200000,-66.022113,-66.017744,-66.022527
896.250000,-66.022143,-66.017774,-66.022557
896.300000,-66.022173,-66.017804,-66.022587
896.350000,-66.022203,-66.017834,-66.022617
896.400000,-66.022233,-66.017864,-66.022647
896.450000,-66.022263,-66.017894,-66.022677
896.500000,-66.022293,-66.017924,-66.022707
896.550000,-66.022323,-66.017954,-66.022737
896.600000,-66.022353,-66.017984,-66.022766
896.650000,-66.022382,-66.018013,-66.022796
896.700000,-66.022412,-66.018043,-66.022826
896.750000,-66.022441,-66.018073,-66.022855
896.800000,-66.022471,-66.018102,-66.022885
896.850000,-66.022500,-66.018132,-66.022914
896.900000,-66.022530,-66.018161,-66.022944
896.950000,-66.022559,-66.018191,-66.022973
897.000000,-66.022588,-66.018220,-66.023002
897.050000,-66.022618,-66.018249,-66.023032
897.100000,-66.022647,-66.018278,-66.023061
897.150000,-66.022676,-66.018308,-66.023090
897.200000,-66.022705,-66.018337,-66.023119
897.250000,-66.022734,-66.018366,-66.023148
897.300000,-66.022763,-66.018395,-66.023177
897.350000,-66.022792,-66.018424,-66.023206
897.400000,-66.022821,-66.018453,-66.023235
897.450000,-66.022850,-66.018482,-66.023264
897.500000,-66.022879,-66.018511,-66.023293
897.550000,-66.022907,-66.018539,-66.023322
897.600000,-66.022936,-66.018568,-66.023350
897.650000,-66.022965,-66.018597,-66.023379
897.700000,-66.022993,-66.018625,-66.023407
897.750000,-66.023022,-66.018654,-66.023436
897.800000,-66.023050,-66.018682,-66.023465
897.850000,-66.023079,-66.018711,-66.023493
897.900000,-66.023107,-66.018739,-66.023521
897.950000,-66.023136,-66.018768,-66.023550
898.000000,-66.023164,-66.018796,-66.023578
898.050000,-66.023192,-66.018824,-66.023606
898.100000,-66.023220,-66.018853,-66.023634
898.150000,-66.023249,-66.018881,-66.023663
898.200000,-66.023277,-66.018909,-66.023691
898.250000,-66.023305,-66.018937,-66.023719
898.300000,-66.023333,-66.018965,-66.023747
898.350000,-66.023361,-66.018993,-66.023775
898.400000,-66.023389,-66.019021,-66.023803
898.450000,-66.023416,-66.019049,-66.023831
898.500000,-66.023444,-66.019077,-66.023858
898.550000,-66.023472,-66.019104,-66.023886
898.600000,-66.023500,-66.019132,-66.023914
898.650000,-66.023527,-66.019160,-66.023941
898.700000,-66.023555,-66.019187,-66.023969
898.750000,-66.023582,-66.019215,-66.023997
898.800000,-66.023610,-66.019243,-66.024024
898.850000,-66.023637,-66.019270,-66.024052
898.900000,-66.023665,-66.019297,-66.024079
898.950000,-66.023692,-66.019325,-66.024106
899.000000,-66.023720,-66.019352,-66.024134
899.050000,-66.023747,-66.019380,-66.024161
899.100000,-66.023774,-66.019407,-66.024188
899.150000,-66.023801,-66.019434,-66.024215
899.200000,-66.023828,-66.019461,-66.024243
899.250000,-66.023855,-66.019488,-66.024270
899.300000,-66.023882,-66.019515,-66.024297
899.350000,-66.023909,-66.019542,-66.024324
899.400000,-66.023936,-66.019569,-66.024351
899.450000,-66.023963,-66.019596,-66.024378
899.500000,-66.023990,-66.019623,-66.024404
899.550000,-66.024017,-66.019650,-66.024431
899.600000,-66.024044,-66.019677,-66.024458
899.650000,-66.024070,-66.019703,-66.024485
899.700000,-66.024097,-66.019730,-66.024511
899.750000,-66.024124,-66.019757,-66.024538
899.800000,-66.024150,-66.019783,-66.024564
899.850000,-66.024177,-66.019810,-66.024591
899.900000,-66.024203,-66.019836,-66.024617
899.950000,-66.024230,-66.019863,-66.024644
900.000000,-66.024256,-66.019889,-66.024670
