time_ms,v_soma_mV,v_proximal_dendrite_mV,v_proximal_axon_candidate_mV
0.000000,-65.000000,-65.000000,-65.000000
0.050000,-65.010009,-65.007241,-65.011520
0.100000,-65.017458,-65.013746,-65.018800
0.150000,-65.023725,-65.019549,-65.024978
0.200000,-65.029311,-65.024853,-65.030512
0.250000,-65.034441,-65.029792,-65.035608
0.300000,-65.039242,-65.034449,-65.040383
0.350000,-65.043788,-65.038883,-65.044910
0.400000,-65.048131,-65.043133,-65.049237
0.450000,-65.052306,-65.047230,-65.053399
0.500000,-65.056339,-65.051197,-65.057420
0.550000,-65.060249,-65.055049,-65.061319
0.600000,-65.064051,-65.058801,-65.065112
0.650000,-65.067758,-65.062464,-65.068810
0.700000,-65.071378,-65.066045,-65.072423
0.750000,-65.074920,-65.069553,-65.075958
0.800000,-65.078391,-65.072993,-65.079422
0.850000,-65.081797,-65.076371,-65.082821
0.900000,-65.085141,-65.079691,-65.086160
0.950000,-65.088430,-65.082956,-65.089443
1.000000,-65.091665,-65.086171,-65.092673
1.050000,-65.094851,-65.089338,-65.095853
1.100000,-65.097991,-65.092461,-65.098988
1.150000,-65.101086,-65.095541,-65.102079
1.200000,-65.104140,-65.098580,-65.105128
1.250000,-65.107155,-65.101582,-65.108138
1.300000,-65.110132,-65.104547,-65.111111
1.350000,-65.113074,-65.107477,-65.114048
1.400000,-65.115981,-65.110373,-65.116951
1.450000,-65.118856,-65.113238,-65.119822
1.500000,-65.121699,-65.116072,-65.122662
1.550000,-65.124512,-65.118877,-65.125471
1.600000,-65.127297,-65.121653,-65.128252
1.650000,-65.130054,-65.124402,-65.131006
1.700000,-65.132784,-65.127125,-65.133732
1.750000,-65.135488,-65.129823,-65.136433
1.800000,-65.138168,-65.132495,-65.139109
1.850000,-65.140823,-65.135144,-65.141761
1.900000,-65.143455,-65.137770,-65.144390
1.950000,-65.146065,-65.140374,-65.146996
2.000000,-65.148653,-65.142956,-65.149581
2.050000,-65.151219,-65.145517,-65.152144
2.100000,-65.153765,-65.148058,-65.154687
2.150000,-65.156291,-65.150579,-65.157210
2.200000,-65.158798,-65.153081,-65.159714
2.250000,-65.161285,-65.155564,-65.162199
2.300000,-65.163754,-65.158029,-65.164665
2.350000,-65.166206,-65.160476,-65.167114
2.400000,-65.168640,-65.162906,-65.169545
2.450000,-65.171057,-65.165319,-65.171959
2.500000,-65.173457,-65.167715,-65.174357
2.550000,-65.175842,-65.170096,-65.176739
2.600000,-65.178210,-65.172460,-65.179105
2.650000,-65.180563,-65.174810,-65.181455
2.700000,-65.182901,-65.177144,-65.183791
2.750000,-65.185225,-65.179464,-65.186112
2.800000,-65.187534,-65.181770,-65.188418
2.850000,-65.189829,-65.184061,-65.190711
2.900000,-65.192110,-65.186339,-65.192990
2.950000,-65.194378,-65.188604,-65.195255
3.000000,-65.196632,-65.190855,-65.197507
3.050000,-65.198874,-65.193094,-65.199747
3.100000,-65.201103,-65.195320,-65.201973
3.150000,-65.203319,-65.197534,-65.204188
3.200000,-65.205524,-65.199736,-65.206390
3.250000,-65.207716,-65.201925,-65.208581
3.300000,-65.209897,-65.204104,-65.210759
3.350000,-65.212067,-65.206270,-65.212927
3.400000,-65.214225,-65.208426,-65.215083
3.450000,-65.216372,-65.210571,-65.217228
3.500000,-65.218508,-65.212705,-65.219362
3.550000,-65.220634,-65.214828,-65.221486
3.600000,-65.222749,-65.216941,-65.223599
3.650000,-65.224854,-65.219043,-65.225702
3.700000,-65.226949,-65.221136,-65.227794
3.750000,-65.229034,-65.223219,-65.229877
3.800000,-65.231109,-65.225292,-65.231950
3.850000,-65.233174,-65.227355,-65.234014
3.900000,-65.235230,-65.229409,-65.236068
3.950000,-65.237277,-65.231454,-65.238113
4.000000,-65.239314,-65.233489,-65.240148
4.050000,-65.241343,-65.235516,-65.242175
4.100000,-65.243362,-65.237534,-65.244193
4.150000,-65.245373,-65.239543,-65.246202
4.200000,-65.247375,-65.241544,-65.248202
4.250000,-65.249369,-65.243536,-65.250194
4.300000,-65.251354,-65.245519,-65.252178
4.350000,-65.253331,-65.247495,-65.254153
4.400000,-65.255300,-65.249463,-65.256120
4.450000,-65.257261,-65.251422,-65.258079
4.500000,-65.259214,-65.253374,-65.260031
4.550000,-65.261159,-65.255317,-65.261974
4.600000,-65.263097,-65.257254,-65.263910
4.650000,-65.265026,-65.259182,-65.265838
4.700000,-65.266949,-65.261103,-65.267759
4.750000,-65.268864,-65.263017,-65.269672
4.800000,-65.270771,-65.264924,-65.271578
4.850000,-65.272672,-65.266823,-65.273477
4.900000,-65.274565,-65.268715,-65.275369
4.950000,-65.276451,-65.270601,-65.277253
5.000000,-65.278330,-65.272479,-65.279131
5.050000,-65.280202,-65.274350,-65.281002
5.100000,-65.282068,-65.276215,-65.282865
5.150000,-65.283927,-65.278073,-65.284723
5.200000,-65.285779,-65.279924,-65.286573
5.250000,-65.287624,-65.281769,-65.288417
5.300000,-65.289463,-65.283607,-65.290255
5.350000,-65.291296,-65.285439,-65.292086
5.400000,-65.293122,-65.287265,-65.293911
5.450000,-65.294942,-65.289084,-65.295729
5.500000,-65.296755,-65.290898,-65.297541
5.550000,-65.298563,-65.292705,-65.299347
5.600000,-65.300364,-65.294505,-65.301147
5.650000,-65.302160,-65.296300,-65.302941
5.700000,-65.303949,-65.298089,-65.304729
5.750000,-65.305732,-65.299872,-65.306511
5.800000,-65.307510,-65.301650,-65.308287
5.850000,-65.309281,-65.303421,-65.310057
5.900000,-65.311047,-65.305187,-65.311822
5.950000,-65.312808,-65.306947,-65.313581
6.000000,-65.314562,-65.308701,-65.315334
6.050000,-65.316311,-65.310450,-65.317082
6.100000,-65.318055,-65.312194,-65.318824
6.150000,-65.319792,-65.313932,-65.320560
6.200000,-65.321525,-65.315664,-65.322292
6.250000,-65.323252,-65.317391,-65.324017
6.300000,-65.324974,-65.319113,-65.325738
6.350000,-65.326690,-65.320829,-65.327453
6.400000,-65.328401,-65.322540,-65.329163
6.450000,-65.330107,-65.324246,-65.330867
6.500000,-65.331807,-65.325947,-65.332566
6.550000,-65.333503,-65.327643,-65.334261
6.600000,-65.335193,-65.329334,-65.335950
6.650000,-65.336879,-65.331019,-65.337634
6.700000,-65.338559,-65.332700,-65.339313
6.750000,-65.340234,-65.334375,-65.340987
6.800000,-65.341904,-65.336046,-65.342656
6.850000,-65.343570,-65.337712,-65.344320
6.900000,-65.345230,-65.339373,-65.345980
6.950000,-65.346886,-65.341029,-65.347634
7.000000,-65.348537,-65.342680,-65.349284
7.050000,-65.350183,-65.344327,-65.350929
7.100000,-65.351825,-65.345969,-65.352569
7.150000,-65.353461,-65.347606,-65.354205
7.200000,-65.355093,-65.349239,-65.355836
7.250000,-65.356721,-65.350867,-65.357462
7.300000,-65.358343,-65.352490,-65.359083
7.350000,-65.359961,-65.354109,-65.360701
7.400000,-65.361575,-65.355723,-65.362313
7.450000,-65.363184,-65.357333,-65.363921
7.500000,-65.364789,-65.358938,-65.365524
7.550000,-65.366389,-65.360539,-65.367124
7.600000,-65.367985,-65.362136,-65.368718
7.650000,-65.369576,-65.363728,-65.370308
7.700000,-65.371163,-65.365315,-65.371894
7.750000,-65.372745,-65.366899,-65.373476
7.800000,-65.374324,-65.368478,-65.375053
7.850000,-65.375898,-65.370053,-65.376626
7.900000,-65.377467,-65.371623,-65.378194
7.950000,-65.379033,-65.373190,-65.379759
8.000000,-65.380594,-65.374752,-65.381319
8.050000,-65.382151,-65.376310,-65.382875
8.100000,-65.383704,-65.377864,-65.384427
8.150000,-65.385252,-65.379413,-65.385974
8.200000,-65.386797,-65.380959,-65.387518
8.250000,-65.388337,-65.382500,-65.389057
8.300000,-65.389874,-65.384038,-65.390593
8.350000,-65.391406,-65.385571,-65.392124
8.400000,-65.392934,-65.387100,-65.393651
8.450000,-65.394459,-65.388626,-65.395174
8.500000,-65.395979,-65.390147,-65.396694
8.550000,-65.397495,-65.391664,-65.398209
8.600000,-65.399007,-65.393178,-65.399720
8.650000,-65.400516,-65.394687,-65.401228
8.700000,-65.402020,-65.396193,-65.402731
8.750000,-65.403521,-65.397695,-65.404231
8.800000,-65.405018,-65.399192,-65.405727
8.850000,-65.406511,-65.400687,-65.407219
8.900000,-65.408000,-65.402177,-65.408707
8.950000,-65.409485,-65.403663,-65.410191
9.000000,-65.410966,-65.405146,-65.411671
9.050000,-65.412444,-65.406625,-65.413148
9.100000,-65.413918,-65.408100,-65.414621
9.150000,-65.415388,-65.409571,-65.416090
9.200000,-65.416854,-65.411039,-65.417556
9.250000,-65.418317,-65.412503,-65.419017
9.300000,-65.419776,-65.413963,-65.420476
9.350000,-65.421231,-65.415420,-65.421930
9.400000,-65.422683,-65.416873,-65.423381
9.450000,-65.424131,-65.418322,-65.424828
9.500000,-65.425575,-65.419768,-65.426271
9.550000,-65.427016,-65.421210,-65.427711
9.600000,-65.428453,-65.422649,-65.429148
9.650000,-65.429887,-65.424084,-65.430580
9.700000,-65.431317,-65.425515,-65.432010
9.750000,-65.432744,-65.426943,-65.433435
9.800000,-65.434167,-65.428368,-65.434857
9.850000,-65.435586,-65.429789,-65.436276
9.900000,-65.437002,-65.431206,-65.437691
9.950000,-65.438415,-65.432620,-65.439103
10.000000,-65.439824,-65.434030,-65.440511
10.050000,-65.441229,-65.435437,-65.441916
10.100000,-65.442631,-65.436841,-65.443317
10.150000,-65.444030,-65.438241,-65.444715
10.200000,-65.445425,-65.439638,-65.446109
10.250000,-65.446817,-65.441031,-65.447500
10.300000,-65.448206,-65.442421,-65.448888
10.350000,-65.449591,-65.443808,-65.450272
10.400000,-65.450973,-65.445191,-65.451653
10.450000,-65.452351,-65.446571,-65.453031
10.500000,-65.453726,-65.447948,-65.454405
10.550000,-65.455098,-65.449321,-65.455776
10.600000,-65.456466,-65.450691,-65.457144
10.650000,-65.457832,-65.452058,-65.458508
10.700000,-65.459194,-65.453422,-65.459869
10.750000,-65.460552,-65.454782,-65.461227
10.800000,-65.461908,-65.456139,-65.462582
10.850000,-65.463260,-65.457492,-65.463933
10.900000,-65.464609,-65.458843,-65.465281
10.950000,-65.465954,-65.460190,-65.466626
11.000000,-65.467297,-65.461534,-65.467968
11.050000,-65.468636,-65.462875,-65.469306
11.100000,-65.469972,-65.464213,-65.470642
11.150000,-65.471305,-65.465547,-65.471974
11.200000,-65.472635,-65.466879,-65.473303
11.250000,-65.473962,-65.468207,-65.474629
11.300000,-65.475285,-65.469532,-65.475952
11.350000,-65.476605,-65.470854,-65.477271
11.400000,-65.477923,-65.472173,-65.478588
11.450000,-65.479237,-65.473489,-65.479901
11.500000,-65.480548,-65.474802,-65.481211
11.550000,-65.481856,-65.476111,-65.482519
11.600000,-65.483161,-65.477418,-65.483823
11.650000,-65.484462,-65.478721,-65.485124
11.700000,-65.485761,-65.480022,-65.486422
11.750000,-65.487057,-65.481319,-65.487717
11.800000,-65.488350,-65.482614,-65.489009
11.850000,-65.489639,-65.483905,-65.490298
11.900000,-65.490926,-65.485193,-65.491584
11.950000,-65.492210,-65.486479,-65.492867
12.000000,-65.493491,-65.487761,-65.494147
12.050000,-65.494768,-65.489041,-65.495424
12.100000,-65.496043,-65.490317,-65.496698
12.150000,-65.497315,-65.491591,-65.497969
12.200000,-65.498584,-65.492861,-65.499237
12.250000,-65.499850,-65.494129,-65.500502
12.300000,-65.501113,-65.495393,-65.501765
12.350000,-65.502373,-65.496655,-65.503024
12.400000,-65.503630,-65.497914,-65.504281
12.450000,-65.504884,-65.499170,-65.505534
12.500000,-65.506135,-65.500423,-65.506785
12.550000,-65.507384,-65.501673,-65.508033
12.600000,-65.508630,-65.502921,-65.509278
12.650000,-65.509872,-65.504165,-65.510520
12.700000,-65.511112,-65.505407,-65.511759
12.750000,-65.512349,-65.506646,-65.512995
12.800000,-65.513583,-65.507882,-65.514229
12.850000,-65.514815,-65.509115,-65.515460
12.900000,-65.516043,-65.510345,-65.516687
12.950000,-65.517269,-65.511573,-65.517913
13.000000,-65.518492,-65.512797,-65.519135
13.050000,-65.519712,-65.514019,-65.520354
13.100000,-65.520930,-65.515238,-65.521571
13.150000,-65.522144,-65.516455,-65.522785
13.200000,-65.523356,-65.517668,-65.523996
13.250000,-65.524565,-65.518879,-65.525205
13.300000,-65.525772,-65.520087,-65.526411
13.350000,-65.526975,-65.521293,-65.527613
13.400000,-65.528176,-65.522495,-65.528814
13.450000,-65.529374,-65.523695,-65.530011
13.500000,-65.530570,-65.524892,-65.531206
13.550000,-65.531762,-65.526087,-65.532398
13.600000,-65.532952,-65.527279,-65.533588
13.650000,-65.534140,-65.528468,-65.534774
13.700000,-65.535324,-65.529654,-65.535958
13.750000,-65.536506,-65.530838,-65.537140
13.800000,-65.537686,-65.532019,-65.538318
13.850000,-65.538862,-65.533198,-65.539494
13.900000,-65.540036,-65.534373,-65.540668
13.950000,-65.541208,-65.535546,-65.541839
14.000000,-65.542376,-65.536717,-65.543007
14.050000,-65.543543,-65.537885,-65.544172
14.100000,-65.544706,-65.539050,-65.545335
14.150000,-65.545867,-65.540213,-65.546495
14.200000,-65.547025,-65.541373,-65.547653
14.250000,-65.548181,-65.542530,-65.548808
14.300000,-65.549334,-65.543685,-65.549961
14.350000,-65.550484,-65.544837,-65.551111
14.400000,-65.551632,-65.545987,-65.552258
14.450000,-65.552778,-65.547134,-65.553403
14.500000,-65.553920,-65.548279,-65.554545
14.550000,-65.555061,-65.549421,-65.555685
14.600000,-65.556198,-65.550560,-65.556822
14.650000,-65.557334,-65.551697,-65.557956
14.700000,-65.558466,-65.552832,-65.559088
14.750000,-65.559596,-65.553963,-65.560218
14.800000,-65.560724,-65.555093,-65.561345
14.850000,-65.561849,-65.556220,-65.562469
14.900000,-65.562972,-65.557344,-65.563591
14.950000,-65.564092,-65.558466,-65.564711
15.000000,-65.565209,-65.559585,-65.565828
15.050000,-65.566324,-65.560702,-65.566943
15.100000,-65.567437,-65.561816,-65.568055
15.150000,-65.568547,-65.562928,-65.569164
15.200000,-65.569655,-65.564038,-65.570271
15.250000,-65.570760,-65.565145,-65.571376
15.300000,-65.571863,-65.566250,-65.572478
15.350000,-65.572963,-65.567352,-65.573578
15.400000,-65.574061,-65.568451,-65.574676
15.450000,-65.575157,-65.569549,-65.575771
15.500000,-65.576250,-65.570644,-65.576863
15.550000,-65.577340,-65.571736,-65.577953
15.600000,-65.578429,-65.572826,-65.579041
15.650000,-65.579515,-65.573914,-65.580126
15.700000,-65.580598,-65.574999,-65.581209
15.750000,-65.581679,-65.576082,-65.582290
15.800000,-65.582758,-65.577162,-65.583368
15.850000,-65.583834,-65.578240,-65.584444
15.900000,-65.584908,-65.579316,-65.585517
15.950000,-65.585980,-65.580389,-65.586589
16.000000,-65.587049,-65.581460,-65.587657
16.050000,-65.588116,-65.582529,-65.588724
16.100000,-65.589181,-65.583595,-65.589788
16.150000,-65.590243,-65.584659,-65.590849
16.200000,-65.591303,-65.585721,-65.591909
16.250000,-65.592360,-65.586780,-65.592966
16.300000,-65.593415,-65.587837,-65.594021
16.350000,-65.594468,-65.588892,-65.595073
16.400000,-65.595519,-65.589945,-65.596123
16.450000,-65.596567,-65.590995,-65.597171
16.500000,-65.597613,-65.592042,-65.598217
16.550000,-65.598657,-65.593088,-65.599260
16.600000,-65.599699,-65.594131,-65.600301
16.650000,-65.600738,-65.595172,-65.601340
16.700000,-65.601775,-65.596211,-65.602376
16.750000,-65.602810,-65.597247,-65.603410
16.800000,-65.603842,-65.598281,-65.604442
16.850000,-65.604872,-65.599313,-65.605472
16.900000,-65.605900,-65.600343,-65.606500
16.950000,-65.606926,-65.601370,-65.607525
17.000000,-65.607949,-65.602396,-65.608548
17.050000,-65.608971,-65.603419,-65.609569
17.100000,-65.609990,-65.604439,-65.610587
17.150000,-65.611006,-65.605458,-65.611603
17.200000,-65.612021,-65.606474,-65.612618
17.250000,-65.613033,-65.607488,-65.613629
17.300000,-65.614044,-65.608500,-65.614639
17.350000,-65.615052,-65.609510,-65.615647
17.400000,-65.616057,-65.610518,-65.616652
17.450000,-65.617061,-65.611523,-65.617655
17.500000,-65.618062,-65.612526,-65.618656
17.550000,-65.619062,-65.613527,-65.619655
17.600000,-65.620059,-65.614526,-65.620652
17.650000,-65.621054,-65.615523,-65.621646
17.700000,-65.622047,-65.616517,-65.622639
17.750000,-65.623037,-65.617509,-65.623629
17.800000,-65.624026,-65.618500,-65.624617
17.850000,-65.625012,-65.619488,-65.625603
17.900000,-65.625996,-65.620474,-65.626587
17.950000,-65.626979,-65.621458,-65.627568
18.000000,-65.627959,-65.622439,-65.628548
18.050000,-65.628936,-65.623419,-65.629525
18.100000,-65.629912,-65.624396,-65.630501
18.150000,-65.630886,-65.625372,-65.631474
18.200000,-65.631858,-65.626345,-65.632445
18.250000,-65.632827,-65.627316,-65.633414
18.300000,-65.633794,-65.628285,-65.634381
18.350000,-65.634760,-65.629252,-65.635346
18.400000,-65.635723,-65.630217,-65.636309
18.450000,-65.636684,-65.631180,-65.637270
18.500000,-65.637643,-65.632141,-65.638228
18.550000,-65.638600,-65.633100,-65.639185
18.600000,-65.639555,-65.634056,-65.640140
18.650000,-65.640508,-65.635011,-65.641092
18.700000,-65.641459,-65.635964,-65.642043
18.750000,-65.642408,-65.636914,-65.642991
18.800000,-65.643355,-65.637863,-65.643938
18.850000,-65.644300,-65.638809,-65.644882
18.900000,-65.645242,-65.639753,-65.645824
18.950000,-65.646183,-65.640696,-65.646765
19.000000,-65.647122,-65.641636,-65.647703
19.050000,-65.648059,-65.642575,-65.648639
19.100000,-65.648993,-65.643511,-65.649574
19.150000,-65.649926,-65.644445,-65.650506
19.200000,-65.650857,-65.645378,-65.651436
19.250000,-65.651785,-65.646308,-65.652365
19.300000,-65.652712,-65.647236,-65.653291
19.350000,-65.653637,-65.648163,-65.654215
19.400000,-65.654560,-65.649087,-65.655138
19.450000,-65.655481,-65.650010,-65.656058
19.500000,-65.656399,-65.650930,-65.656977
19.550000,-65.657316,-65.651849,-65.657893
19.600000,-65.658231,-65.652765,-65.658808
19.650000,-65.659144,-65.653680,-65.659720
19.700000,-65.660055,-65.654593,-65.660631
19.750000,-65.660964,-65.655503,-65.661540
19.800000,-65.661872,-65.656412,-65.662446
19.850000,-65.662777,-65.657319,-65.663351
19.900000,-65.663680,-65.658224,-65.664254
19.950000,-65.664581,-65.659127,-65.665155
20.000000,-65.665481,-65.660028,-65.666054
20.050000,-65.666378,-65.660927,-65.666951
20.100000,-65.667274,-65.661824,-65.667847
20.150000,-65.668168,-65.662720,-65.668740
20.200000,-65.669060,-65.663613,-65.669632
20.250000,-65.669950,-65.664505,-65.670521
20.300000,-65.670838,-65.665394,-65.671409
20.350000,-65.671724,-65.666282,-65.672295
20.400000,-65.672608,-65.667168,-65.673178
20.450000,-65.673491,-65.668052,-65.674061
20.500000,-65.674371,-65.668934,-65.674941
20.550000,-65.675250,-65.669814,-65.675819
20.600000,-65.676127,-65.670693,-65.676695
20.650000,-65.677002,-65.671569,-65.677570
20.700000,-65.677875,-65.672444,-65.678443
20.750000,-65.678746,-65.673317,-65.679314
20.800000,-65.679615,-65.674188,-65.680183
20.850000,-65.680483,-65.675057,-65.681050
20.900000,-65.681349,-65.675924,-65.681915
20.950000,-65.682213,-65.676790,-65.682779
21.000000,-65.683075,-65.677653,-65.683641
21.050000,-65.683935,-65.678515,-65.684501
21.100000,-65.684793,-65.679375,-65.685359
21.150000,-65.685650,-65.680233,-65.686215
21.200000,-65.686505,-65.681090,-65.687069
21.250000,-65.687358,-65.681944,-65.687922
21.300000,-65.688209,-65.682797,-65.688773
21.350000,-65.689058,-65.683648,-65.689622
21.400000,-65.689906,-65.684497,-65.690469
21.450000,-65.690752,-65.685344,-65.691315
21.500000,-65.691596,-65.686190,-65.692159
21.550000,-65.692438,-65.687034,-65.693000
21.600000,-65.693279,-65.687876,-65.693841
21.650000,-65.694117,-65.688716,-65.694679
21.700000,-65.694954,-65.689555,-65.695516
21.750000,-65.695790,-65.690391,-65.696351
21.800000,-65.696623,-65.691226,-65.697184
21.850000,-65.697455,-65.692060,-65.698015
21.900000,-65.698285,-65.692891,-65.698845
21.950000,-65.699113,-65.693721,-65.699673
22.000000,-65.699939,-65.694549,-65.700499
22.050000,-65.700764,-65.695375,-65.701323
22.100000,-65.701587,-65.696199,-65.702146
22.150000,-65.702408,-65.697022,-65.702967
22.200000,-65.703228,-65.697843,-65.703786
22.250000,-65.704046,-65.698663,-65.704603
22.300000,-65.704862,-65.699480,-65.705419
22.350000,-65.705676,-65.700296,-65.706233
22.400000,-65.706489,-65.701110,-65.707046
22.450000,-65.707300,-65.701923,-65.707856
22.500000,-65.708109,-65.702733,-65.708665
22.550000,-65.708917,-65.703542,-65.709473
22.600000,-65.709723,-65.704350,-65.710278
22.650000,-65.710527,-65.705156,-65.711082
22.700000,-65.711329,-65.705960,-65.711884
22.750000,-65.712130,-65.706762,-65.712685
22.800000,-65.712929,-65.707562,-65.713484
22.850000,-65.713727,-65.708361,-65.714281
22.900000,-65.714523,-65.709159,-65.715076
22.950000,-65.715317,-65.709954,-65.715870
23.000000,-65.716109,-65.710748,-65.716662
23.050000,-65.716900,-65.711541,-65.717453
23.100000,-65.717689,-65.712331,-65.718242
23.150000,-65.718477,-65.713120,-65.719029
23.200000,-65.719263,-65.713908,-65.719815
23.250000,-65.720047,-65.714693,-65.720599
23.300000,-65.720830,-65.715477,-65.721381
23.350000,-65.721611,-65.716260,-65.722162
23.400000,-65.722390,-65.717041,-65.722941
23.450000,-65.723168,-65.717820,-65.723718
23.500000,-65.723944,-65.718597,-65.724494
23.550000,-65.724718,-65.719373,-65.725268
23.600000,-65.725491,-65.720147,-65.726041
23.650000,-65.726262,-65.720920,-65.726812
23.700000,-65.727032,-65.721691,-65.727581
23.750000,-65.727800,-65.722461,-65.728349
23.800000,-65.728567,-65.723229,-65.729115
23.850000,-65.729331,-65.723995,-65.729880
23.900000,-65.730095,-65.724760,-65.730643
23.950000,-65.730856,-65.725523,-65.731404
24.000000,-65.731616,-65.726284,-65.732164
24.050000,-65.732375,-65.727044,-65.732922
24.100000,-65.733132,-65.727802,-65.733679
24.150000,-65.733887,-65.728559,-65.734434
24.200000,-65.734641,-65.729314,-65.735187
24.250000,-65.735393,-65.730068,-65.735939
24.300000,-65.736144,-65.730820,-65.736690
24.350000,-65.736893,-65.731571,-65.737439
24.400000,-65.737641,-65.732320,-65.738186
24.450000,-65.738387,-65.733067,-65.738932
24.500000,-65.739131,-65.733813,-65.739676
24.550000,-65.739874,-65.734557,-65.740418
24.600000,-65.740615,-65.735300,-65.741160
24.650000,-65.741355,-65.736041,-65.741899
24.700000,-65.742094,-65.736781,-65.742637
24.750000,-65.742830,-65.737519,-65.743374
24.800000,-65.743566,-65.738255,-65.744109
24.850000,-65.744299,-65.738991,-65.744842
24.900000,-65.745032,-65.739724,-65.745574
24.950000,-65.745762,-65.740456,-65.746305
25.000000,-65.746491,-65.741187,-65.747033
25.050000,-65.747219,-65.741916,-65.747761
25.100000,-65.747945,-65.742643,-65.748487
25.150000,-65.748670,-65.743369,-65.749211
25.200000,-65.749393,-65.744094,-65.749934
25.250000,-65.750115,-65.744817,-65.750655
25.300000,-65.750835,-65.745538,-65.751375
25.350000,-65.751554,-65.746258,-65.752094
25.400000,-65.752271,-65.746977,-65.752811
25.450000,-65.752987,-65.747694,-65.753526
25.500000,-65.753701,-65.748409,-65.754240
25.550000,-65.754414,-65.749123,-65.754953
25.600000,-65.755125,-65.749836,-65.755664
25.650000,-65.755835,-65.750547,-65.756373
25.700000,-65.756543,-65.751257,-65.757081
25.750000,-65.757250,-65.751965,-65.757788
25.800000,-65.757955,-65.752672,-65.758493
25.850000,-65.758659,-65.753377,-65.759197
25.900000,-65.759362,-65.754081,-65.759899
25.950000,-65.760063,-65.754783,-65.760600
26.000000,-65.760763,-65.755484,-65.761300
26.050000,-65.761461,-65.756184,-65.761998
26.100000,-65.762158,-65.756882,-65.762694
26.150000,-65.762853,-65.757578,-65.763389
26.200000,-65.763547,-65.758274,-65.764083
26.250000,-65.764239,-65.758967,-65.764775
26.300000,-65.764930,-65.759660,-65.765466
26.350000,-65.765620,-65.760351,-65.766155
26.400000,-65.766308,-65.761040,-65.766843
26.450000,-65.766995,-65.761728,-65.767530
26.500000,-65.767680,-65.762415,-65.768215
26.550000,-65.768364,-65.763100,-65.768899
26.600000,-65.769047,-65.763784,-65.769581
26.650000,-65.769728,-65.764466,-65.770262
26.700000,-65.770408,-65.765147,-65.770941
26.750000,-65.771086,-65.765827,-65.771620
26.800000,-65.771763,-65.766505,-65.772296
26.850000,-65.772439,-65.767182,-65.772972
26.900000,-65.773113,-65.767858,-65.773646
26.950000,-65.773786,-65.768532,-65.774318
27.000000,-65.774457,-65.769204,-65.774989
27.050000,-65.775127,-65.769876,-65.775659
27.100000,-65.775796,-65.770545,-65.776328
27.150000,-65.776463,-65.771214,-65.776995
27.200000,-65.777129,-65.771881,-65.777661
27.250000,-65.777794,-65.772547,-65.778325
27.300000,-65.778457,-65.773211,-65.778988
27.350000,-65.779119,-65.773875,-65.779649
27.400000,-65.779779,-65.774536,-65.780310
27.450000,-65.780438,-65.775197,-65.780969
27.500000,-65.781096,-65.775856,-65.781626
27.550000,-65.781753,-65.776513,-65.782282
27.600000,-65.782408,-65.777170,-65.782937
27.650000,-65.783062,-65.777825,-65.783591
27.700000,-65.783714,-65.778478,-65.784243
27.750000,-65.784365,-65.779131,-65.784894
27.800000,-65.785015,-65.779781,-65.785544
27.850000,-65.785663,-65.780431,-65.786192
27.900000,-65.786310,-65.781079,-65.786839
27.950000,-65.786956,-65.781726,-65.787484
28.000000,-65.787601,-65.782372,-65.788128
28.050000,-65.788244,-65.783016,-65.788771
28.100000,-65.788886,-65.783659,-65.789413
28.150000,-65.789526,-65.784301,-65.790053
28.200000,-65.790165,-65.784942,-65.790692
28.250000,-65.790803,-65.785581,-65.791330
28.300000,-65.791440,-65.786218,-65.791966
28.350000,-65.792075,-65.786855,-65.792602
28.400000,-65.792709,-65.787490,-65.793235
28.450000,-65.793342,-65.788124,-65.793868
28.500000,-65.793973,-65.788757,-65.794499
28.550000,-65.794603,-65.789388,-65.795129
28.600000,-65.795232,-65.790018,-65.795758
28.650000,-65.795860,-65.790647,-65.796385
28.700000,-65.796486,-65.791274,-65.797011
28.750000,-65.797111,-65.791900,-65.797636
28.800000,-65.797735,-65.792525,-65.798259
28.850000,-65.798357,-65.793149,-65.798882
28.900000,-65.798979,-65.793771,-65.799503
28.950000,-65.799598,-65.794392,-65.800122
29.000000,-65.800217,-65.795012,-65.800741
29.050000,-65.800835,-65.795631,-65.801358
29.100000,-65.801451,-65.796248,-65.801974
29.150000,-65.802066,-65.796864,-65.802589
29.200000,-65.802679,-65.797479,-65.803202
29.250000,-65.803292,-65.798092,-65.803815
29.300000,-65.803903,-65.798705,-65.804425
29.350000,-65.804513,-65.799316,-65.805035
29.400000,-65.805121,-65.799925,-65.805644
29.450000,-65.805729,-65.800534,-65.806251
29.500000,-65.806335,-65.801141,-65.806857
29.550000,-65.806940,-65.801747,-65.807462
29.600000,-65.807544,-65.802352,-65.808065
29.650000,-65.808146,-65.802956,-65.808668
29.700000,-65.808748,-65.803558,-65.809269
29.750000,-65.809348,-65.804159,-65.809869
29.800000,-65.809947,-65.804759,-65.810467
29.850000,-65.810544,-65.805358,-65.811065
29.900000,-65.811141,-65.805956,-65.811661
29.950000,-65.811736,-65.806552,-65.812256
30.000000,-65.812330,-65.807147,-65.812850
30.050000,-65.812923,-65.807741,-65.813442
30.100000,-65.813514,-65.808334,-65.814034
30.150000,-65.814105,-65.808925,-65.814624
30.200000,-65.814694,-65.809516,-65.815213
30.250000,-65.815282,-65.810105,-65.815801
30.300000,-65.815869,-65.810693,-65.816388
30.350000,-65.816454,-65.811279,-65.816973
30.400000,-65.817039,-65.811865,-65.817557
30.450000,-65.817622,-65.812449,-65.818140
30.500000,-65.818204,-65.813032,-65.818722
30.550000,-65.818785,-65.813614,-65.819303
30.600000,-65.819365,-65.814195,-65.819883
30.650000,-65.819943,-65.814775,-65.820461
30.700000,-65.820521,-65.815353,-65.821038
30.750000,-65.821097,-65.815930,-65.821614
30.800000,-65.821672,-65.816506,-65.822189
30.850000,-65.822246,-65.817081,-65.822763
30.900000,-65.822819,-65.817655,-65.823335
30.950000,-65.823390,-65.818228,-65.823907
31.000000,-65.823960,-65.818799,-65.824477
31.050000,-65.824530,-65.819370,-65.825046
31.100000,-65.825098,-65.819939,-65.825614
31.150000,-65.825665,-65.820507,-65.826181
31.200000,-65.826231,-65.821074,-65.826746
31.250000,-65.826795,-65.821639,-65.827311
31.300000,-65.827359,-65.822204,-65.827874
31.350000,-65.827921,-65.822767,-65.828437
31.400000,-65.828482,-65.823330,-65.828998
31.450000,-65.829043,-65.823891,-65.829558
31.500000,-65.829602,-65.824451,-65.830116
31.550000,-65.830159,-65.825010,-65.830674
31.600000,-65.830716,-65.825567,-65.831231
31.650000,-65.831272,-65.826124,-65.831786
31.700000,-65.831826,-65.826680,-65.832340
31.750000,-65.832380,-65.827234,-65.832894
31.800000,-65.832932,-65.827787,-65.833446
31.850000,-65.833483,-65.828339,-65.833997
31.900000,-65.834033,-65.828890,-65.834547
31.950000,-65.834582,-65.829440,-65.835095
32.000000,-65.835130,-65.829989,-65.835643
32.050000,-65.835677,-65.830537,-65.836190
32.100000,-65.836222,-65.831084,-65.836735
32.150000,-65.836767,-65.831629,-65.837279
32.200000,-65.837310,-65.832173,-65.837823
32.250000,-65.837852,-65.832717,-65.838365
32.300000,-65.838394,-65.833259,-65.838906
32.350000,-65.838934,-65.833800,-65.839446
32.400000,-65.839473,-65.834340,-65.839985
32.450000,-65.840011,-65.834879,-65.840523
32.500000,-65.840548,-65.835417,-65.841059
32.550000,-65.841084,-65.835954,-65.841595
32.600000,-65.841618,-65.836490,-65.842130
32.650000,-65.842152,-65.837024,-65.842663
32.700000,-65.842685,-65.837558,-65.843196
32.750000,-65.843216,-65.838090,-65.843727
32.800000,-65.843746,-65.838622,-65.844257
32.850000,-65.844276,-65.839152,-65.844786
32.900000,-65.844804,-65.839681,-65.845315
32.950000,-65.845331,-65.840210,-65.845842
33.000000,-65.845858,-65.840737,-65.846368
33.050000,-65.846383,-65.841263,-65.846893
33.100000,-65.846907,-65.841788,-65.847417
33.150000,-65.847430,-65.842312,-65.847939
33.200000,-65.847952,-65.842835,-65.848461
33.250000,-65.848473,-65.843357,-65.848982
33.300000,-65.848993,-65.843877,-65.849502
33.350000,-65.849512,-65.844397,-65.850021
33.400000,-65.850029,-65.844916,-65.850538
33.450000,-65.850546,-65.845434,-65.851055
33.500000,-65.851062,-65.845950,-65.851570
33.550000,-65.851577,-65.846466,-65.852085
33.600000,-65.852090,-65.846981,-65.852598
33.650000,-65.852603,-65.847494,-65.853111
33.700000,-65.853114,-65.848007,-65.853622
33.750000,-65.853625,-65.848518,-65.854133
33.800000,-65.854135,-65.849029,-65.854642
33.850000,-65.854643,-65.849538,-65.855151
33.900000,-65.855151,-65.850047,-65.855658
33.950000,-65.855657,-65.850554,-65.856164
34.000000,-65.856163,-65.851060,-65.856670
34.050000,-65.856667,-65.851566,-65.857174
34.100000,-65.857170,-65.852070,-65.857677
34.150000,-65.857673,-65.852574,-65.858180
34.200000,-65.858174,-65.853076,-65.858681
34.250000,-65.858675,-65.853577,-65.859181
34.300000,-65.859174,-65.854078,-65.859681
34.350000,-65.859673,-65.854577,-65.860179
34.400000,-65.860170,-65.855075,-65.860676
34.450000,-65.860667,-65.855573,-65.861172
34.500000,-65.861162,-65.856069,-65.861668
34.550000,-65.861657,-65.856564,-65.862162
34.600000,-65.862150,-65.857059,-65.862655
34.650000,-65.862642,-65.857552,-65.863148
34.700000,-65.863134,-65.858045,-65.863639
34.750000,-65.863625,-65.858536,-65.864130
34.800000,-65.864114,-65.859026,-65.864619
34.850000,-65.864603,-65.859516,-65.865107
34.900000,-65.865090,-65.860004,-65.865595
34.950000,-65.865577,-65.860492,-65.866081
35.000000,-65.866062,-65.860978,-65.866567
35.050000,-65.866547,-65.861464,-65.867051
35.100000,-65.867031,-65.861948,-65.867535
35.150000,-65.867514,-65.862432,-65.868018
35.200000,-65.867995,-65.862915,-65.868499
35.250000,-65.868476,-65.863396,-65.868980
35.300000,-65.868956,-65.863877,-65.869460
35.350000,-65.869435,-65.864357,-65.869938
35.400000,-65.869913,-65.864836,-65.870416
35.450000,-65.870390,-65.865314,-65.870893
35.500000,-65.870866,-65.865790,-65.871369
35.550000,-65.871341,-65.866266,-65.871844
35.600000,-65.871815,-65.866741,-65.872318
35.650000,-65.872288,-65.867215,-65.872791
35.700000,-65.872761,-65.867689,-65.873263
35.750000,-65.873232,-65.868161,-65.873734
35.800000,-65.873702,-65.868632,-65.874205
35.850000,-65.874172,-65.869102,-65.874674
35.900000,-65.874640,-65.869572,-65.875142
35.950000,-65.875108,-65.870040,-65.875610
36.000000,-65.875574,-65.870507,-65.876076
36.050000,-65.876040,-65.870974,-65.876542
36.100000,-65.876505,-65.871440,-65.877006
36.150000,-65.876969,-65.871904,-65.877470
36.200000,-65.877432,-65.872368,-65.877933
36.250000,-65.877894,-65.872831,-65.878395
36.300000,-65.878355,-65.873293,-65.878856
36.350000,-65.878815,-65.873754,-65.879316
36.400000,-65.879274,-65.874214,-65.879775
36.450000,-65.879732,-65.874673,-65.880233
36.500000,-65.880190,-65.875131,-65.880691
36.550000,-65.880646,-65.875589,-65.881147
36.600000,-65.881102,-65.876045,-65.881602
36.650000,-65.881557,-65.876501,-65.882057
36.700000,-65.882010,-65.876955,-65.882511
36.750000,-65.882463,-65.877409,-65.882963
36.800000,-65.882915,-65.877862,-65.883415
36.850000,-65.883366,-65.878314,-65.883866
36.900000,-65.883817,-65.878765,-65.884316
36.950000,-65.884266,-65.879215,-65.884766
37.000000,-65.884714,-65.879664,-65.885214
37.050000,-65.885162,-65.880112,-65.885661
37.100000,-65.885609,-65.880560,-65.886108
37.150000,-65.886054,-65.881006,-65.886553
37.200000,-65.886499,-65.881452,-65.886998
37.250000,-65.886943,-65.881897,-65.887442
37.300000,-65.887386,-65.882341,-65.887885
37.350000,-65.887828,-65.882784,-65.888327
37.400000,-65.888270,-65.883226,-65.888768
37.450000,-65.888710,-65.883667,-65.889209
37.500000,-65.889150,-65.884107,-65.889648
37.550000,-65.889589,-65.884547,-65.890087
37.600000,-65.890026,-65.884985,-65.890525
37.650000,-65.890463,-65.885423,-65.890961
37.700000,-65.890899,-65.885860,-65.891397
37.750000,-65.891335,-65.886296,-65.891833
37.800000,-65.891769,-65.886731,-65.892267
37.850000,-65.892203,-65.887166,-65.892700
37.900000,-65.892635,-65.887599,-65.893133
37.950000,-65.893067,-65.888032,-65.893564
38.000000,-65.893498,-65.888463,-65.893995
38.050000,-65.893928,-65.888894,-65.894425
38.100000,-65.894357,-65.889324,-65.894854
38.150000,-65.894786,-65.889753,-65.895283
38.200000,-65.895213,-65.890182,-65.895710
38.250000,-65.895640,-65.890609,-65.896137
38.300000,-65.896066,-65.891036,-65.896563
38.350000,-65.896491,-65.891461,-65.896987
38.400000,-65.896915,-65.891886,-65.897411
38.450000,-65.897338,-65.892310,-65.897835
38.500000,-65.897761,-65.892734,-65.898257
38.550000,-65.898182,-65.893156,-65.898679
38.600000,-65.898603,-65.893578,-65.899099
38.650000,-65.899023,-65.893998,-65.899519
38.700000,-65.899442,-65.894418,-65.899938
38.750000,-65.899861,-65.894837,-65.900357
38.800000,-65.900278,-65.895256,-65.900774
38.850000,-65.900695,-65.895673,-65.901190
38.900000,-65.901111,-65.896090,-65.901606
38.950000,-65.901526,-65.896505,-65.902021
39.000000,-65.901940,-65.896920,-65.902435
39.050000,-65.902353,-65.897334,-65.902849
39.100000,-65.902766,-65.897748,-65.903261
39.150000,-65.903178,-65.898160,-65.903673
39.200000,-65.903589,-65.898572,-65.904083
39.250000,-65.903999,-65.898983,-65.904494
39.300000,-65.904408,-65.899393,-65.904903
39.350000,-65.904817,-65.899802,-65.905311
39.400000,-65.905224,-65.900210,-65.905719
39.450000,-65.905631,-65.900618,-65.906126
39.500000,-65.906037,-65.901025,-65.906532
39.550000,-65.906443,-65.901431,-65.906937
39.600000,-65.906847,-65.901836,-65.907341
39.650000,-65.907251,-65.902240,-65.907745
39.700000,-65.907654,-65.902644,-65.908147
39.750000,-65.908056,-65.903047,-65.908549
39.800000,-65.908457,-65.903449,-65.908951
39.850000,-65.908858,-65.903850,-65.909351
39.900000,-65.909257,-65.904251,-65.909751
39.950000,-65.909656,-65.904650,-65.910150
40.000000,-65.910054,-65.905049,-65.910548
40.050000,-65.910452,-65.905447,-65.910945
40.100000,-65.910848,-65.905844,-65.911341
40.150000,-65.911244,-65.906241,-65.911737
40.200000,-65.911639,-65.906637,-65.912132
40.250000,-65.912033,-65.907031,-65.912526
40.300000,-65.912427,-65.907426,-65.912920
40.350000,-65.912819,-65.907819,-65.913312
40.400000,-65.913211,-65.908212,-65.913704
40.450000,-65.913603,-65.908603,-65.914095
40.500000,-65.913993,-65.908994,-65.914485
40.550000,-65.914382,-65.909385,-65.914875
40.600000,-65.914771,-65.909774,-65.915263
40.650000,-65.915159,-65.910163,-65.915651
40.700000,-65.915547,-65.910551,-65.916039
40.750000,-65.915933,-65.910938,-65.916425
40.800000,-65.916319,-65.911325,-65.916811
40.850000,-65.916704,-65.911710,-65.917196
40.900000,-65.917088,-65.912095,-65.917580
40.950000,-65.917472,-65.912479,-65.917963
41.000000,-65.917854,-65.912863,-65.918346
41.050000,-65.918236,-65.913246,-65.918728
41.100000,-65.918618,-65.913627,-65.919109
41.150000,-65.918998,-65.914009,-65.919489
41.200000,-65.919378,-65.914389,-65.919869
41.250000,-65.919757,-65.914769,-65.920248
41.300000,-65.920135,-65.915148,-65.920626
41.350000,-65.920513,-65.915526,-65.921004
41.400000,-65.920889,-65.915903,-65.921380
41.450000,-65.921265,-65.916280,-65.921756
41.500000,-65.921641,-65.916656,-65.922131
41.550000,-65.922015,-65.917031,-65.922506
41.600000,-65.922389,-65.917405,-65.922879
41.650000,-65.922762,-65.917779,-65.923252
41.700000,-65.923134,-65.918152,-65.923625
41.750000,-65.923506,-65.918524,-65.923996
41.800000,-65.923877,-65.918896,-65.924367
41.850000,-65.924247,-65.919267,-65.924737
41.900000,-65.924617,-65.919637,-65.925106
41.950000,-65.924985,-65.920006,-65.925475
42.000000,-65.925353,-65.920375,-65.925843
42.050000,-65.925720,-65.920743,-65.926210
42.100000,-65.926087,-65.921110,-65.926577
42.150000,-65.926453,-65.921476,-65.926942
42.200000,-65.926818,-65.921842,-65.927307
42.250000,-65.927182,-65.922207,-65.927672
42.300000,-65.927546,-65.922571,-65.928035
42.350000,-65.927909,-65.922935,-65.928398
42.400000,-65.928271,-65.923298,-65.928760
42.450000,-65.928633,-65.923660,-65.929122
42.500000,-65.928993,-65.924021,-65.929482
42.550000,-65.929353,-65.924382,-65.929842
42.600000,-65.929713,-65.924742,-65.930202
42.650000,-65.930072,-65.925101,-65.930560
42.700000,-65.930430,-65.925460,-65.930918
42.750000,-65.930787,-65.925818,-65.931275
42.800000,-65.931143,-65.926175,-65.931632
42.850000,-65.931499,-65.926532,-65.931988
42.900000,-65.931854,-65.926887,-65.932343
42.950000,-65.932209,-65.927242,-65.932697
43.000000,-65.932563,-65.927597,-65.933051
43.050000,-65.932916,-65.927951,-65.933404
43.100000,-65.933268,-65.928304,-65.933756
43.150000,-65.933620,-65.928656,-65.934108
43.200000,-65.933971,-65.929008,-65.934459
43.250000,-65.934321,-65.929358,-65.934809
43.300000,-65.934671,-65.929709,-65.935159
43.350000,-65.935020,-65.930058,-65.935508
43.400000,-65.935368,-65.930407,-65.935856
43.450000,-65.935716,-65.930755,-65.936203
43.500000,-65.936063,-65.931103,-65.936550
43.550000,-65.936409,-65.931450,-65.936896
43.600000,-65.936755,-65.931796,-65.937242
43.650000,-65.937099,-65.932141,-65.937587
43.700000,-65.937444,-65.932486,-65.937931
43.750000,-65.937787,-65.932830,-65.938274
43.800000,-65.938130,-65.933174,-65.938617
43.850000,-65.938472,-65.933517,-65.938959
43.900000,-65.938814,-65.933859,-65.939300
43.950000,-65.939155,-65.934200,-65.939641
44.000000,-65.939495,-65.934541,-65.939981
44.050000,-65.939834,-65.934881,-65.940321
44.100000,-65.940173,-65.935220,-65.940660
44.150000,-65.940511,-65.935559,-65.940998
44.200000,-65.940849,-65.935897,-65.941335
44.250000,-65.941186,-65.936235,-65.941672
44.300000,-65.941522,-65.936572,-65.942008
44.350000,-65.941858,-65.936908,-65.942344
44.400000,-65.942192,-65.937243,-65.942678
44.450000,-65.942527,-65.937578,-65.943013
44.500000,-65.942860,-65.937912,-65.943346
44.550000,-65.943193,-65.938246,-65.943679
44.600000,-65.943525,-65.938579,-65.944011
44.650000,-65.943857,-65.938911,-65.944343
44.700000,-65.944188,-65.939242,-65.944674
44.750000,-65.944518,-65.939573,-65.945004
44.800000,-65.944848,-65.939903,-65.945334
44.850000,-65.945177,-65.940233,-65.945663
44.900000,-65.945506,-65.940562,-65.945991
44.950000,-65.945833,-65.940890,-65.946319
45.000000,-65.946161,-65.941218,-65.946646
45.050000,-65.946487,-65.941545,-65.946972
45.100000,-65.946813,-65.941872,-65.947298
45.150000,-65.947138,-65.942197,-65.947623
45.200000,-65.947463,-65.942522,-65.947948
45.250000,-65.947787,-65.942847,-65.948271
45.300000,-65.948110,-65.943171,-65.948595
45.350000,-65.948433,-65.943494,-65.948917
45.400000,-65.948755,-65.943817,-65.949239
45.450000,-65.949076,-65.944139,-65.949561
45.500000,-65.949397,-65.944460,-65.949881
45.550000,-65.949717,-65.944781,-65.950202
45.600000,-65.950037,-65.945101,-65.950521
45.650000,-65.950356,-65.945420,-65.950840
45.700000,-65.950674,-65.945739,-65.951158
45.750000,-65.950991,-65.946057,-65.951476
45.800000,-65.951309,-65.946375,-65.951793
45.850000,-65.951625,-65.946692,-65.952109
45.900000,-65.951941,-65.947008,-65.952425
45.950000,-65.952256,-65.947324,-65.952740
46.000000,-65.952571,-65.947639,-65.953055
46.050000,-65.952885,-65.947954,-65.953368
46.100000,-65.953198,-65.948268,-65.953682
46.150000,-65.953511,-65.948581,-65.953994
46.200000,-65.953823,-65.948894,-65.954307
46.250000,-65.954134,-65.949206,-65.954618
46.300000,-65.954445,-65.949517,-65.954929
46.350000,-65.954756,-65.949828,-65.955239
46.400000,-65.955065,-65.950138,-65.955549
46.450000,-65.955375,-65.950448,-65.955858
46.500000,-65.955683,-65.950757,-65.956166
46.550000,-65.955991,-65.951065,-65.956474
46.600000,-65.956298,-65.951373,-65.956781
46.650000,-65.956605,-65.951680,-65.957088
46.700000,-65.956911,-65.951987,-65.957394
46.750000,-65.957217,-65.952293,-65.957700
46.800000,-65.957522,-65.952599,-65.958004
46.850000,-65.957826,-65.952903,-65.958309
46.900000,-65.958130,-65.953208,-65.958612
46.950000,-65.958433,-65.953511,-65.958916
47.000000,-65.958735,-65.953814,-65.959218
47.050000,-65.959037,-65.954117,-65.959520
47.100000,-65.959339,-65.954419,-65.959821
47.150000,-65.959640,-65.954720,-65.960122
47.200000,-65.959940,-65.955021,-65.960422
47.250000,-65.960239,-65.955321,-65.960722
47.300000,-65.960538,-65.955621,-65.961021
47.350000,-65.960837,-65.955919,-65.961319
47.400000,-65.961135,-65.956218,-65.961617
47.450000,-65.961432,-65.956516,-65.961914
47.500000,-65.961729,-65.956813,-65.962211
47.550000,-65.962025,-65.957110,-65.962507
47.600000,-65.962321,-65.957406,-65.962802
47.650000,-65.962616,-65.957701,-65.963097
47.700000,-65.962910,-65.957996,-65.963392
47.750000,-65.963204,-65.958290,-65.963686
47.800000,-65.963497,-65.958584,-65.963979
47.850000,-65.963790,-65.958877,-65.964271
47.900000,-65.964082,-65.959170,-65.964564
47.950000,-65.964373,-65.959462,-65.964855
48.000000,-65.964664,-65.959754,-65.965146
48.050000,-65.964955,-65.960045,-65.965436
48.100000,-65.965245,-65.960335,-65.965726
48.150000,-65.965534,-65.960625,-65.966015
48.200000,-65.965823,-65.960914,-65.966304
48.250000,-65.966111,-65.961203,-65.966592
48.300000,-65.966399,-65.961491,-65.966880
48.350000,-65.966686,-65.961778,-65.967167
48.400000,-65.966972,-65.962065,-65.967453
48.450000,-65.967258,-65.962352,-65.967739
48.500000,-65.967544,-65.962638,-65.968025
48.550000,-65.967829,-65.962923,-65.968309
48.600000,-65.968113,-65.963208,-65.968594
48.650000,-65.968397,-65.963492,-65.968877
48.700000,-65.968680,-65.963776,-65.969160
48.750000,-65.968962,-65.964059,-65.969443
48.800000,-65.969244,-65.964341,-65.969725
48.850000,-65.969526,-65.964623,-65.970007
48.900000,-65.969807,-65.964905,-65.970288
48.950000,-65.970087,-65.965186,-65.970568
49.000000,-65.970367,-65.965466,-65.970848
49.050000,-65.970647,-65.965746,-65.971127
49.100000,-65.970926,-65.966025,-65.971406
49.150000,-65.971204,-65.966304,-65.971684
49.200000,-65.971482,-65.966582,-65.971962
49.250000,-65.971759,-65.966860,-65.972239
49.300000,-65.972035,-65.967137,-65.972516
49.350000,-65.972312,-65.967414,-65.972792
49.400000,-65.972587,-65.967690,-65.973067
49.450000,-65.972862,-65.967965,-65.973342
49.500000,-65.973137,-65.968240,-65.973617
49.550000,-65.973411,-65.968515,-65.973891
49.600000,-65.973684,-65.968789,-65.974164
49.650000,-65.973957,-65.969062,-65.974437
49.700000,-65.974230,-65.969335,-65.974709
49.750000,-65.974502,-65.969607,-65.974981
49.800000,-65.974773,-65.969879,-65.975252
49.850000,-65.975044,-65.970150,-65.975523
49.900000,-65.975314,-65.970421,-65.975793
49.950000,-65.975584,-65.970691,-65.976063
50.000000,-65.975853,-65.970961,-65.976332
50.050000,-65.976122,-65.971230,-65.976601
50.100000,-65.976390,-65.971499,-65.976869
50.150000,-65.976658,-65.971767,-65.977137
50.200000,-65.976925,-65.972035,-65.977404
50.250000,-65.977192,-65.972302,-65.977671
50.300000,-65.977458,-65.972568,-65.977937
50.350000,-65.977723,-65.972834,-65.978202
50.400000,-65.977988,-65.973100,-65.978467
50.450000,-65.978253,-65.973365,-65.978732
50.500000,-65.978517,-65.973629,-65.978996
50.550000,-65.978781,-65.973893,-65.979259
50.600000,-65.979044,-65.974157,-65.979523
50.650000,-65.979306,-65.974420,-65.979785
50.700000,-65.979568,-65.974682,-65.980047
50.750000,-65.979830,-65.974944,-65.980309
50.800000,-65.980091,-65.975206,-65.980570
50.850000,-65.980351,-65.975467,-65.980830
50.900000,-65.980611,-65.975727,-65.981090
50.950000,-65.980871,-65.975987,-65.981349
51.000000,-65.981130,-65.976247,-65.981608
51.050000,-65.981389,-65.976506,-65.981867
51.100000,-65.981647,-65.976764,-65.982125
51.150000,-65.981904,-65.977022,-65.982382
51.200000,-65.982161,-65.977279,-65.982639
51.250000,-65.982418,-65.977536,-65.982896
51.300000,-65.982674,-65.977793,-65.983152
51.350000,-65.982929,-65.978049,-65.983407
51.400000,-65.983184,-65.978304,-65.983662
51.450000,-65.983439,-65.978559,-65.983917
51.500000,-65.983693,-65.978814,-65.984171
51.550000,-65.983946,-65.979068,-65.984424
51.600000,-65.984199,-65.979321,-65.984677
51.650000,-65.984452,-65.979574,-65.984930
51.700000,-65.984704,-65.979827,-65.985182
51.750000,-65.984956,-65.980079,-65.985433
51.800000,-65.985207,-65.980330,-65.985685
51.850000,-65.985457,-65.980581,-65.985935
51.900000,-65.985708,-65.980832,-65.986185
51.950000,-65.985957,-65.981082,-65.986435
52.000000,-65.986206,-65.981332,-65.986684
52.050000,-65.986455,-65.981581,-65.986933
52.100000,-65.986703,-65.981829,-65.987181
52.150000,-65.986951,-65.982077,-65.987429
52.200000,-65.987198,-65.982325,-65.987676
52.250000,-65.987445,-65.982572,-65.987923
52.300000,-65.987692,-65.982819,-65.988169
52.350000,-65.987937,-65.983065,-65.988415
52.400000,-65.988183,-65.983311,-65.988660
52.450000,-65.988428,-65.983556,-65.988905
52.500000,-65.988672,-65.983801,-65.989149
52.550000,-65.988916,-65.984046,-65.989393
52.600000,-65.989159,-65.984289,-65.989637
52.650000,-65.989402,-65.984533,-65.989879
52.700000,-65.989645,-65.984776,-65.990122
52.750000,-65.989887,-65.985018,-65.990364
52.800000,-65.990129,-65.985260,-65.990606
52.850000,-65.990370,-65.985502,-65.990847
52.900000,-65.990610,-65.985743,-65.991087
52.950000,-65.990851,-65.985983,-65.991327
53.000000,-65.991090,-65.986224,-65.991567
53.050000,-65.991330,-65.986463,-65.991806
53.100000,-65.991569,-65.986702,-65.992045
53.150000,-65.991807,-65.986941,-65.992283
53.200000,-65.992045,-65.987179,-65.992521
53.250000,-65.992282,-65.987417,-65.992759
53.300000,-65.992519,-65.987655,-65.992996
53.350000,-65.992756,-65.987892,-65.993232
53.400000,-65.992992,-65.988128,-65.993468
53.450000,-65.993227,-65.988364,-65.993704
53.500000,-65.993463,-65.988600,-65.993939
53.550000,-65.993697,-65.988835,-65.994174
53.600000,-65.993932,-65.989069,-65.994408
53.650000,-65.994165,-65.989303,-65.994642
53.700000,-65.994399,-65.989537,-65.994875
53.750000,-65.994632,-65.989770,-65.995108
53.800000,-65.994864,-65.990003,-65.995340
53.850000,-65.995096,-65.990236,-65.995572
53.900000,-65.995328,-65.990468,-65.995804
53.950000,-65.995559,-65.990699,-65.996035
54.000000,-65.995789,-65.990930,-65.996265
54.050000,-65.996020,-65.991161,-65.996495
54.100000,-65.996249,-65.991391,-65.996725
54.150000,-65.996479,-65.991621,-65.996955
54.200000,-65.996708,-65.991850,-65.997183
54.250000,-65.996936,-65.992079,-65.997412
54.300000,-65.997164,-65.992307,-65.997640
54.350000,-65.997392,-65.992535,-65.997867
54.400000,-65.997619,-65.992763,-65.998094
54.450000,-65.997845,-65.992990,-65.998321
54.500000,-65.998072,-65.993216,-65.998547
54.550000,-65.998298,-65.993442,-65.998773
54.600000,-65.998523,-65.993668,-65.998998
54.650000,-65.998748,-65.993894,-65.999223
54.700000,-65.998972,-65.994118,-65.999448
54.750000,-65.999197,-65.994343,-65.999672
54.800000,-65.999420,-65.994567,-65.999896
54.850000,-65.999643,-65.994791,-66.000119
54.900000,-65.999866,-65.995014,-66.000341
54.950000,-66.000089,-65.995236,-66.000564
55.000000,-66.000311,-65.995459,-66.000786
55.050000,-66.000532,-65.995681,-66.001007
55.100000,-66.000753,-65.995902,-66.001228
55.150000,-66.000974,-65.996123,-66.001449
55.200000,-66.001194,-65.996344,-66.001669
55.250000,-66.001414,-65.996564,-66.001889
55.300000,-66.001633,-65.996784,-66.002108
55.350000,-66.001852,-65.997003,-66.002327
55.400000,-66.002071,-65.997222,-66.002546
55.450000,-66.002289,-65.997440,-66.002764
55.500000,-66.002507,-65.997658,-66.002981
55.550000,-66.002724,-65.997876,-66.003199
55.600000,-66.002941,-65.998093,-66.003416
55.650000,-66.003157,-65.998310,-66.003632
55.700000,-66.003373,-65.998526,-66.003848
55.750000,-66.003589,-65.998742,-66.004064
55.800000,-66.003804,-65.998958,-66.004279
55.850000,-66.004019,-65.999173,-66.004494
55.900000,-66.004233,-65.999388,-66.004708
55.950000,-66.004447,-65.999602,-66.004922
56.000000,-66.004661,-65.999816,-66.005135
56.050000,-66.004874,-66.000030,-66.005348
56.100000,-66.005087,-66.000243,-66.005561
56.150000,-66.005299,-66.000455,-66.005773
56.200000,-66.005511,-66.000668,-66.005985
56.250000,-66.005723,-66.000879,-66.006197
56.300000,-66.005934,-66.001091,-66.006408
56.350000,-66.006144,-66.001302,-66.006619
56.400000,-66.006355,-66.001513,-66.006829
56.450000,-66.006565,-66.001723,-66.007039
56.500000,-66.006774,-66.001933,-66.007248
56.550000,-66.006983,-66.002142,-66.007457
56.600000,-66.007192,-66.002351,-66.007666
56.650000,-66.007400,-66.002560,-66.007874
56.700000,-66.007608,-66.002768,-66.008082
56.750000,-66.007816,-66.002976,-66.008290
56.800000,-66.008023,-66.003183,-66.008497
56.850000,-66.008229,-66.003390,-66.008703
56.900000,-66.008436,-66.003597,-66.008910
56.950000,-66.008642,-66.003803,-66.009115
57.000000,-66.008847,-66.004009,-66.009321
57.050000,-66.009052,-66.004214,-66.009526
57.100000,-66.009257,-66.004419,-66.009731
57.150000,-66.009461,-66.004624,-66.009935
57.200000,-66.009665,-66.004828,-66.010139
57.250000,-66.009869,-66.005032,-66.010342
57.300000,-66.010072,-66.005236,-66.010545
57.350000,-66.010275,-66.005439,-66.010748
57.400000,-66.010477,-66.005642,-66.010951
57.450000,-66.010679,-66.005844,-66.011152
57.500000,-66.010881,-66.006046,-66.011354
57.550000,-66.011082,-66.006247,-66.011555
57.600000,-66.011283,-66.006448,-66.011756
57.650000,-66.011483,-66.006649,-66.011956
57.700000,-66.011683,-66.006850,-66.012156
57.750000,-66.011883,-66.007050,-66.012356
57.800000,-66.012082,-66.007249,-66.012555
57.850000,-66.012281,-66.007448,-66.012754
57.900000,-66.012479,-66.007647,-66.012953
57.950000,-66.012678,-66.007846,-66.013151
58.000000,-66.012875,-66.008044,-66.013349
58.050000,-66.013073,-66.008242,-66.013546
58.100000,-66.013270,-66.008439,-66.013743
58.150000,-66.013466,-66.008636,-66.013940
58.200000,-66.013663,-66.008832,-66.014136
58.250000,-66.013859,-66.009029,-66.014332
58.300000,-66.014054,-66.009224,-66.014527
58.350000,-66.014249,-66.009420,-66.014722
58.400000,-66.014444,-66.009615,-66.014917
58.450000,-66.014638,-66.009810,-66.015111
58.500000,-66.014832,-66.010004,-66.015305
58.550000,-66.015026,-66.010198,-66.015499
58.600000,-66.015219,-66.010391,-66.015692
58.650000,-66.015412,-66.010585,-66.015885
58.700000,-66.015605,-66.010777,-66.016077
58.750000,-66.015797,-66.010970,-66.016270
58.800000,-66.015989,-66.011162,-66.016461
58.850000,-66.016180,-66.011354,-66.016653
58.900000,-66.016371,-66.011545,-66.016844
58.950000,-66.016562,-66.011736,-66.017034
59.000000,-66.016752,-66.011927,-66.017225
59.050000,-66.016942,-66.012117,-66.017415
59.100000,-66.017132,-66.012307,-66.017604
59.150000,-66.017321,-66.012496,-66.017793
59.200000,-66.017510,-66.012686,-66.017982
59.250000,-66.017698,-66.012874,-66.018171
59.300000,-66.017886,-66.013063,-66.018359
59.350000,-66.018074,-66.013251,-66.018547
59.400000,-66.018262,-66.013439,-66.018734
59.450000,-66.018449,-66.013626,-66.018921
59.500000,-66.018635,-66.013813,-66.019108
59.550000,-66.018822,-66.014000,-66.019294
59.600000,-66.019008,-66.014186,-66.019480
59.650000,-66.019193,-66.014372,-66.019666
59.700000,-66.019379,-66.014557,-66.019851
59.750000,-66.019564,-66.014743,-66.020036
59.800000,-66.019748,-66.014928,-66.020220
59.850000,-66.019932,-66.015112,-66.020405
59.900000,-66.020116,-66.015296,-66.020588
59.950000,-66.020300,-66.015480,-66.020772
60.000000,-66.020483,-66.015664,-66.020955
60.050000,-66.020666,-66.015847,-66.021138
60.100000,-66.020848,-66.016029,-66.021320
60.150000,-66.021030,-66.016212,-66.021502
60.200000,-66.021212,-66.016394,-66.021684
60.250000,-66.021394,-66.016576,-66.021866
60.300000,-66.021575,-66.016757,-66.022047
60.350000,-66.021755,-66.016938,-66.022227
60.400000,-66.021936,-66.017119,-66.022408
60.450000,-66.022116,-66.017299,-66.022588
60.500000,-66.022296,-66.017479,-66.022767
60.550000,-66.022475,-66.017659,-66.022947
60.600000,-66.022654,-66.017838,-66.023126
60.650000,-66.022833,-66.018017,-66.023304
60.700000,-66.023011,-66.018195,-66.023483
60.750000,-66.023189,-66.018374,-66.023661
60.800000,-66.023367,-66.018552,-66.023838
60.850000,-66.023544,-66.018729,-66.024015
60.900000,-66.023721,-66.018906,-66.024192
60.950000,-66.023897,-66.019083,-66.024369
61.000000,-66.024074,-66.019260,-66.024545
61.050000,-66.024250,-66.019436,-66.024721
61.100000,-66.024425,-66.019612,-66.024897
61.150000,-66.024601,-66.019788,-66.025072
61.200000,-66.024776,-66.019963,-66.025247
61.250000,-66.024950,-66.020138,-66.025422
61.300000,-66.025124,-66.020312,-66.025596
61.350000,-66.025298,-66.020487,-66.025770
61.400000,-66.025472,-66.020660,-66.025943
61.450000,-66.025645,-66.020834,-66.026117
61.500000,-66.025818,-66.021007,-66.026290
61.550000,-66.025991,-66.021180,-66.026462
61.600000,-66.026163,-66.021353,-66.026634
61.650000,-66.026335,-66.021525,-66.026806
61.700000,-66.026507,-66.021697,-66.026978
61.750000,-66.026678,-66.021868,-66.027149
61.800000,-66.026849,-66.022040,-66.027320
61.850000,-66.027020,-66.022211,-66.027491
61.900000,-66.027190,-66.022381,-66.027661
61.950000,-66.027360,-66.022551,-66.027831
62.000000,-66.027530,-66.022721,-66.028001
62.050000,-66.027699,-66.022891,-66.028170
62.100000,-66.027868,-66.023060,-66.028339
62.150000,-66.028037,-66.023229,-66.028508
62.200000,-66.028205,-66.023398,-66.028676
62.250000,-66.028373,-66.023566,-66.028844
62.300000,-66.028541,-66.023734,-66.029012
62.350000,-66.028708,-66.023902,-66.029179
62.400000,-66.028876,-66.024069,-66.029346
62.450000,-66.029042,-66.024236,-66.029513
62.500000,-66.029209,-66.024403,-66.029680
62.550000,-66.029375,-66.024569,-66.029846
62.600000,-66.029541,-66.024736,-66.030012
62.650000,-66.029706,-66.024901,-66.030177
62.700000,-66.029871,-66.025067,-66.030342
62.750000,-66.030036,-66.025232,-66.030507
62.800000,-66.030201,-66.025397,-66.030672
62.850000,-66.030365,-66.025561,-66.030836
62.900000,-66.030529,-66.025726,-66.031000
62.950000,-66.030693,-66.025889,-66.031163
63.000000,-66.030856,-66.026053,-66.031327
63.050000,-66.031019,-66.026216,-66.031490
63.100000,-66.031182,-66.026379,-66.031652
63.150000,-66.031344,-66.026542,-66.031815
63.200000,-66.031506,-66.026704,-66.031977
63.250000,-66.031668,-66.026866,-66.032139
63.300000,-66.031830,-66.027028,-66.032300
63.350000,-66.031991,-66.027189,-66.032461
63.400000,-66.032152,-66.027350,-66.032622
63.450000,-66.032312,-66.027511,-66.032783
63.500000,-66.032472,-66.027672,-66.032943
63.550000,-66.032632,-66.027832,-66.033103
63.600000,-66.032792,-66.027992,-66.033262
63.650000,-66.032951,-66.028151,-66.033422
63.700000,-66.033110,-66.028311,-66.033581
63.750000,-66.033269,-66.028470,-66.033739
63.800000,-66.033427,-66.028628,-66.033898
63.850000,-66.033585,-66.028787,-66.034056
63.900000,-66.033743,-66.028945,-66.034214
63.950000,-66.033901,-66.029102,-66.034371
64.000000,-66.034058,-66.029260,-66.034528
64.050000,-66.034215,-66.029417,-66.034685
64.100000,-66.034371,-66.029574,-66.034842
64.150000,-66.034528,-66.029730,-66.034998
64.200000,-66.034684,-66.029887,-66.035154
64.250000,-66.034839,-66.030043,-66.035310
64.300000,-66.034995,-66.030198,-66.035465
64.350000,-66.035150,-66.030354,-66.035620
64.400000,-66.035305,-66.030509,-66.035775
64.450000,-66.035459,-66.030663,-66.035930
64.500000,-66.035614,-66.030818,-66.036084
64.550000,-66.035768,-66.030972,-66.036238
64.600000,-66.035921,-66.031126,-66.036391
64.650000,-66.036075,-66.031280,-66.036545
64.700000,-66.036228,-66.031433,-66.036698
64.750000,-66.036380,-66.031586,-66.036850
64.800000,-66.036533,-66.031739,-66.037003
64.850000,-66.036685,-66.031891,-66.037155
64.900000,-66.036837,-66.032043,-66.037307
64.950000,-66.036989,-66.032195,-66.037459
65.000000,-66.037140,-66.032347,-66.037610
65.050000,-66.037291,-66.032498,-66.037761
65.100000,-66.037442,-66.032649,-66.037912
65.150000,-66.037592,-66.032800,-66.038062
65.200000,-66.037742,-66.032950,-66.038212
65.250000,-66.037892,-66.033100,-66.038362
65.300000,-66.038042,-66.033250,-66.038512
65.350000,-66.038191,-66.033400,-66.038661
65.400000,-66.038340,-66.033549,-66.038810
65.450000,-66.038489,-66.033698,-66.038959
65.500000,-66.038638,-66.033846,-66.039107
65.550000,-66.038786,-66.033995,-66.039255
65.600000,-66.038934,-66.034143,-66.039403
65.650000,-66.039081,-66.034291,-66.039551
65.700000,-66.039229,-66.034438,-66.039698
65.750000,-66.039376,-66.034586,-66.039845
65.800000,-66.039522,-66.034733,-66.039992
65.850000,-66.039669,-66.034880,-66.040139
65.900000,-66.039815,-66.035026,-66.040285
65.950000,-66.039961,-66.035172,-66.040431
66.000000,-66.040107,-66.035318,-66.040576
66.050000,-66.040252,-66.035464,-66.040722
66.100000,-66.040397,-66.035609,-66.040867
66.150000,-66.040542,-66.035754,-66.041012
66.200000,-66.040687,-66.035899,-66.041156
66.250000,-66.040831,-66.036043,-66.041300
66.300000,-66.040975,-66.036188,-66.041444
66.350000,-66.041119,-66.036332,-66.041588
66.400000,-66.041262,-66.036475,-66.041732
66.450000,-66.041405,-66.036619,-66.041875
66.500000,-66.041548,-66.036762,-66.042018
66.550000,-66.041691,-66.036905,-66.042160
66.600000,-66.041833,-66.037047,-66.042303
66.650000,-66.041976,-66.037190,-66.042445
66.700000,-66.042117,-66.037332,-66.042587
66.750000,-66.042259,-66.037474,-66.042728
66.800000,-66.042400,-66.037615,-66.042870
66.850000,-66.042541,-66.037756,-66.043011
66.900000,-66.042682,-66.037897,-66.043151
66.950000,-66.042823,-66.038038,-66.043292
67.000000,-66.042963,-66.038178,-66.043432
67.050000,-66.043103,-66.038319,-66.043572
67.100000,-66.043243,-66.038459,-66.043712
67.150000,-66.043382,-66.038598,-66.043851
67.200000,-66.043521,-66.038738,-66.043990
67.250000,-66.043660,-66.038877,-66.044129
67.300000,-66.043799,-66.039016,-66.044268
67.350000,-66.043937,-66.039154,-66.044406
67.400000,-66.044075,-66.039293,-66.044544
67.450000,-66.044213,-66.039431,-66.044682
67.500000,-66.044351,-66.039568,-66.044820
67.550000,-66.044488,-66.039706,-66.044957
67.600000,-66.044625,-66.039843,-66.045094
67.650000,-66.044762,-66.039980,-66.045231
67.700000,-66.044898,-66.040117,-66.045367
67.750000,-66.045035,-66.040254,-66.045504
67.800000,-66.045171,-66.040390,-66.045640
67.850000,-66.045307,-66.040526,-66.045775
67.900000,-66.045442,-66.040661,-66.045911
67.950000,-66.045577,-66.040797,-66.046046
68.000000,-66.045712,-66.040932,-66.046181
68.050000,-66.045847,-66.041067,-66.046316
68.100000,-66.045982,-66.041202,-66.046450
68.150000,-66.046116,-66.041336,-66.046585
68.200000,-66.046250,-66.041470,-66.046719
68.250000,-66.046384,-66.041604,-66.046852
68.300000,-66.046517,-66.041738,-66.046986
68.350000,-66.046650,-66.041871,-66.047119
68.400000,-66.046783,-66.042005,-66.047252
68.450000,-66.046916,-66.042138,-66.047385
68.500000,-66.047048,-66.042270,-66.047517
68.550000,-66.047181,-66.042403,-66.047649
68.600000,-66.047313,-66.042535,-66.047781
68.650000,-66.047444,-66.042667,-66.047913
68.700000,-66.047576,-66.042798,-66.048044
68.750000,-66.047707,-66.042930,-66.048176
68.800000,-66.047838,-66.043061,-66.048307
68.850000,-66.047969,-66.043192,-66.048437
68.900000,-66.048099,-66.043323,-66.048568
68.950000,-66.048229,-66.043453,-66.048698
69.000000,-66.048359,-66.043583,-66.048828
69.050000,-66.048489,-66.043713,-66.048958
69.100000,-66.048619,-66.043843,-66.049087
69.150000,-66.048748,-66.043972,-66.049216
69.200000,-66.048877,-66.044101,-66.049345
69.250000,-66.049005,-66.044230,-66.049474
69.300000,-66.049134,-66.044359,-66.049602
69.350000,-66.049262,-66.044487,-66.049731
69.400000,-66.049390,-66.044616,-66.049859
69.450000,-66.049518,-66.044744,-66.049986
69.500000,-66.049646,-66.044871,-66.050114
69.550000,-66.049773,-66.044999,-66.050241
69.600000,-66.049900,-66.045126,-66.050368
69.650000,-66.050027,-66.045253,-66.050495
69.700000,-66.050153,-66.045380,-66.050622
69.750000,-66.050280,-66.045506,-66.050748
69.800000,-66.050406,-66.045633,-66.050874
69.850000,-66.050532,-66.045759,-66.051000
69.900000,-66.050657,-66.045885,-66.051125
69.950000,-66.050783,-66.046010,-66.051251
70.000000,-66.050908,-66.046135,-66.051376
70.050000,-66.051033,-66.046261,-66.051501
70.100000,-66.051157,-66.046385,-66.051626
70.150000,-66.051282,-66.046510,-66.051750
70.200000,-66.051406,-66.046634,-66.051874
70.250000,-66.051530,-66.046759,-66.051998
70.300000,-66.051654,-66.046882,-66.052122
70.350000,-66.051777,-66.047006,-66.052245
70.400000,-66.051900,-66.047130,-66.052368
70.450000,-66.052023,-66.047253,-66.052491
70.500000,-66.052146,-66.047376,-66.052614
70.550000,-66.052269,-66.047498,-66.052737
70.600000,-66.052391,-66.047621,-66.052859
70.650000,-66.052513,-66.047743,-66.052981
70.700000,-66.052635,-66.047865,-66.053103
70.750000,-66.052757,-66.047987,-66.053225
70.800000,-66.052878,-66.048109,-66.053346
70.850000,-66.052999,-66.048230,-66.053467
70.900000,-66.053120,-66.048351,-66.053588
70.950000,-66.053241,-66.048472,-66.053709
71.000000,-66.053361,-66.048593,-66.053829
71.050000,-66.053481,-66.048713,-66.053950
71.100000,-66.053601,-66.048833,-66.054070
71.150000,-66.053721,-66.048953,-66.054189
71.200000,-66.053841,-66.049073,-66.054309
71.250000,-66.053960,-66.049193,-66.054428
71.300000,-66.054079,-66.049312,-66.054547
71.350000,-66.054198,-66.049431,-66.054666
71.400000,-66.054317,-66.049550,-66.054785
71.450000,-66.054435,-66.049668,-66.054903
71.500000,-66.054554,-66.049787,-66.055021
71.550000,-66.054672,-66.049905,-66.055139
71.600000,-66.054789,-66.050023,-66.055257
71.650000,-66.054907,-66.050141,-66.055375
71.700000,-66.055024,-66.050258,-66.055492
71.750000,-66.055141,-66.050375,-66.055609
71.800000,-66.055258,-66.050493,-66.055726
71.850000,-66.055375,-66.050609,-66.055843
71.900000,-66.055491,-66.050726,-66.055959
71.950000,-66.055608,-66.050842,-66.056075
72.000000,-66.055724,-66.050959,-66.056191
72.050000,-66.055839,-66.051075,-66.056307
72.100000,-66.055955,-66.051190,-66.056423
72.150000,-66.056070,-66.051306,-66.056538
72.200000,-66.056185,-66.051421,-66.056653
72.250000,-66.056300,-66.051536,-66.056768
72.300000,-66.056415,-66.051651,-66.056883
72.350000,-66.056529,-66.051766,-66.056997
72.400000,-66.056644,-66.051880,-66.057111
72.450000,-66.056758,-66.051994,-66.057225
72.500000,-66.056872,-66.052108,-66.057339
72.550000,-66.056985,-66.052222,-66.057453
72.600000,-66.057099,-66.052336,-66.057566
72.650000,-66.057212,-66.052449,-66.057679
72.700000,-66.057325,-66.052562,-66.057792
72.750000,-66.057437,-66.052675,-66.057905
72.800000,-66.057550,-66.052788,-66.058018
72.850000,-66.057662,-66.052900,-66.058130
72.900000,-66.057774,-66.053013,-66.058242
72.950000,-66.057886,-66.053125,-66.058354
73.000000,-66.057998,-66.053237,-66.058466
73.050000,-66.058110,-66.053348,-66.058577
73.100000,-66.058221,-66.053460,-66.058688
73.150000,-66.058332,-66.053571,-66.058799
73.200000,-66.058443,-66.053682,-66.058910
73.250000,-66.058553,-66.053793,-66.059021
73.300000,-66.058664,-66.053903,-66.059131
73.350000,-66.058774,-66.054014,-66.059242
73.400000,-66.058884,-66.054124,-66.059352
73.450000,-66.058994,-66.054234,-66.059461
73.500000,-66.059103,-66.054344,-66.059571
73.550000,-66.059213,-66.054453,-66.059680
73.600000,-66.059322,-66.054562,-66.059790
73.650000,-66.059431,-66.054672,-66.059898
73.700000,-66.059540,-66.054781,-66.060007
73.750000,-66.059648,-66.054889,-66.060116
73.800000,-66.059757,-66.054998,-66.060224
73.850000,-66.059865,-66.055106,-66.060332
73.900000,-66.059973,-66.055214,-66.060440
73.950000,-66.060081,-66.055322,-66.060548
74.000000,-66.060188,-66.055430,-66.060656
74.050000,-66.060296,-66.055537,-66.060763
74.100000,-66.060403,-66.055645,-66.060870
74.150000,-66.060510,-66.055752,-66.060977
74.200000,-66.060616,-66.055859,-66.061084
74.250000,-66.060723,-66.055965,-66.061190
74.300000,-66.060829,-66.056072,-66.061297
74.350000,-66.060935,-66.056178,-66.061403
74.400000,-66.061041,-66.056284,-66.061509
74.450000,-66.061147,-66.056390,-66.061614
74.500000,-66.061253,-66.056496,-66.061720
74.550000,-66.061358,-66.056601,-66.061825
74.600000,-66.061463,-66.056707,-66.061930
74.650000,-66.061568,-66.056812,-66.062035
74.700000,-66.061673,-66.056917,-66.062140
74.750000,-66.061777,-66.057021,-66.062244
74.800000,-66.061882,-66.057126,-66.062349
74.850000,-66.061986,-66.057230,-66.062453
74.900000,-66.062090,-66.057334,-66.062557
74.950000,-66.062193,-66.057438,-66.062661
75.000000,-66.062297,-66.057542,-66.062764
75.050000,-66.062400,-66.057645,-66.062868
75.100000,-66.062504,-66.057749,-66.062971
75.150000,-66.062607,-66.057852,-66.063074
75.200000,-66.062709,-66.057955,-66.063176
75.250000,-66.062812,-66.058058,-66.063279
75.300000,-66.062914,-66.058160,-66.063381
75.350000,-66.063017,-66.058262,-66.063484
75.400000,-66.063119,-66.058365,-66.063586
75.450000,-66.063220,-66.058467,-66.063687
75.500000,-66.063322,-66.058568,-66.063789
75.550000,-66.063423,-66.058670,-66.063890
75.600000,-66.063525,-66.058771,-66.063992
75.650000,-66.063626,-66.058873,-66.064093
75.700000,-66.063727,-66.058974,-66.064194
75.750000,-66.063827,-66.059074,-66.064294
75.800000,-66.063928,-66.059175,-66.064395
75.850000,-66.064028,-66.059275,-66.064495
75.900000,-66.064128,-66.059376,-66.064595
75.950000,-66.064228,-66.059476,-66.064695
76.000000,-66.064328,-66.059576,-66.064795
76.050000,-66.064427,-66.059675,-66.064894
76.100000,-66.064527,-66.059775,-66.064994
76.150000,-66.064626,-66.059874,-66.065093
76.200000,-66.064725,-66.059973,-66.065192
76.250000,-66.064824,-66.060072,-66.065290
76.300000,-66.064922,-66.060171,-66.065389
76.350000,-66.065021,-66.060269,-66.065487
76.400000,-66.065119,-66.060368,-66.065586
76.450000,-66.065217,-66.060466,-66.065684
76.500000,-66.065315,-66.060564,-66.065782
76.550000,-66.065412,-66.060662,-66.065879
76.600000,-66.065510,-66.060759,-66.065977
76.650000,-66.065607,-66.060857,-66.066074
76.700000,-66.065704,-66.060954,-66.066171
76.750000,-66.065801,-66.061051,-66.066268
76.800000,-66.065898,-66.061148,-66.066365
76.850000,-66.065995,-66.061245,-66.066461
76.900000,-66.066091,-66.061341,-66.066558
76.950000,-66.066187,-66.061438,-66.066654
77.000000,-66.066283,-66.061534,-66.066750
77.050000,-66.066379,-66.061630,-66.066846
77.100000,-66.066475,-66.061726,-66.066942
77.150000,-66.066570,-66.061821,-66.067037
77.200000,-66.066665,-66.061917,-66.067132
77.250000,-66.066761,-66.062012,-66.067227
77.300000,-66.066856,-66.062107,-66.067322
77.350000,-66.066950,-66.062202,-66.067417
77.400000,-66.067045,-66.062297,-66.067512
77.450000,-66.067139,-66.062391,-66.067606
77.500000,-66.067234,-66.062486,-66.067700
77.550000,-66.067328,-66.062580,-66.067794
77.600000,-66.067422,-66.062674,-66.067888
77.650000,-66.067515,-66.062768,-66.067982
77.700000,-66.067609,-66.062862,-66.068075
77.750000,-66.067702,-66.062955,-66.068169
77.800000,-66.067795,-66.063048,-66.068262
77.850000,-66.067888,-66.063141,-66.068355
77.900000,-66.067981,-66.063234,-66.068448
77.950000,-66.068074,-66.063327,-66.068540
78.000000,-66.068166,-66.063420,-66.068633
78.050000,-66.068259,-66.063512,-66.068725
78.100000,-66.068351,-66.063605,-66.068817
78.150000,-66.068443,-66.063697,-66.068909
78.200000,-66.068534,-66.063789,-66.069001
78.250000,-66.068626,-66.063880,-66.069093
78.300000,-66.068717,-66.063972,-66.069184
78.350000,-66.068809,-66.064063,-66.069275
78.400000,-66.068900,-66.064154,-66.069366
78.450000,-66.068991,-66.064246,-66.069457
78.500000,-66.069082,-66.064336,-66.069548
78.550000,-66.069172,-66.064427,-66.069639
78.600000,-66.069263,-66.064518,-66.069729
78.650000,-66.069353,-66.064608,-66.069819
78.700000,-66.069443,-66.064698,-66.069909
78.750000,-66.069533,-66.064788,-66.069999
78.800000,-66.069622,-66.064878,-66.070089
78.850000,-66.069712,-66.064968,-66.070179
78.900000,-66.069801,-66.065057,-66.070268
78.950000,-66.069891,-66.065147,-66.070357
79.000000,-66.069980,-66.065236,-66.070446
79.050000,-66.070069,-66.065325,-66.070535
79.100000,-66.070157,-66.065414,-66.070624
79.150000,-66.070246,-66.065502,-66.070712
79.200000,-66.070334,-66.065591,-66.070801
79.250000,-66.070422,-66.065679,-66.070889
79.300000,-66.070511,-66.065768,-66.070977
79.350000,-66.070598,-66.065856,-66.071065
79.400000,-66.070686,-66.065943,-66.071153
79.450000,-66.070774,-66.066031,-66.071240
79.500000,-66.070861,-66.066119,-66.071328
79.550000,-66.070948,-66.066206,-66.071415
79.600000,-66.071035,-66.066293,-66.071502
79.650000,-66.071122,-66.066380,-66.071589
79.700000,-66.071209,-66.066467,-66.071676
79.750000,-66.071296,-66.066554,-66.071762
79.800000,-66.071382,-66.066640,-66.071848
79.850000,-66.071468,-66.066727,-66.071935
79.900000,-66.071554,-66.066813,-66.072021
79.950000,-66.071640,-66.066899,-66.072107
80.000000,-66.071726,-66.066985,-66.072193
80.050000,-66.071812,-66.067071,-66.072278
80.100000,-66.071897,-66.067156,-66.072364
80.150000,-66.071982,-66.067242,-66.072449
80.200000,-66.072068,-66.067327,-66.072534
80.250000,-66.072153,-66.067412,-66.072619
80.300000,-66.072237,-66.067497,-66.072704
80.350000,-66.072322,-66.067582,-66.072788
80.400000,-66.072406,-66.067666,-66.072873
80.450000,-66.072491,-66.067751,-66.072957
80.500000,-66.072575,-66.067835,-66.073041
80.550000,-66.072659,-66.067919,-66.073125
80.600000,-66.072743,-66.068003,-66.073209
80.650000,-66.072827,-66.068087,-66.073293
80.700000,-66.072910,-66.068171,-66.073376
80.750000,-66.072993,-66.068254,-66.073460
80.800000,-66.073077,-66.068337,-66.073543
80.850000,-66.073160,-66.068421,-66.073626
80.900000,-66.073243,-66.068504,-66.073709
80.950000,-66.073325,-66.068587,-66.073792
81.000000,-66.073408,-66.068669,-66.073874
81.050000,-66.073490,-66.068752,-66.073957
81.100000,-66.073573,-66.068834,-66.074039
81.150000,-66.073655,-66.068916,-66.074121
81.200000,-66.073737,-66.068999,-66.074203
81.250000,-66.073819,-66.069081,-66.074285
81.300000,-66.073900,-66.069162,-66.074367
81.350000,-66.073982,-66.069244,-66.074448
81.400000,-66.074063,-66.069325,-66.074529
81.450000,-66.074144,-66.069407,-66.074611
81.500000,-66.074226,-66.069488,-66.074692
81.550000,-66.074306,-66.069569,-66.074773
81.600000,-66.074387,-66.069650,-66.074853
81.650000,-66.074468,-66.069731,-66.074934
81.700000,-66.074548,-66.069811,-66.075014
81.750000,-66.074629,-66.069892,-66.075095
81.800000,-66.074709,-66.069972,-66.075175
81.850000,-66.074789,-66.070052,-66.075255
81.900000,-66.074869,-66.070132,-66.075335
81.950000,-66.074948,-66.070212,-66.075414
82.000000,-66.075028,-66.070291,-66.075494
82.050000,-66.075107,-66.070371,-66.075573
82.100000,-66.075187,-66.070450,-66.075653
82.150000,-66.075266,-66.070530,-66.075732
82.200000,-66.075345,-66.070609,-66.075811
82.250000,-66.075423,-66.070688,-66.075890
82.300000,-66.075502,-66.070766,-66.075968
82.350000,-66.075581,-66.070845,-66.076047
82.400000,-66.075659,-66.070923,-66.076125
82.450000,-66.075737,-66.071002,-66.076203
82.500000,-66.075815,-66.071080,-66.076281
82.550000,-66.075893,-66.071158,-66.076359
82.600000,-66.075971,-66.071236,-66.076437
82.650000,-66.076049,-66.071314,-66.076515
82.700000,-66.076126,-66.071391,-66.076592
82.750000,-66.076203,-66.071469,-66.076669
82.800000,-66.076281,-66.071546,-66.076747
82.850000,-66.076358,-66.071623,-66.076824
82.900000,-66.076435,-66.071700,-66.076901
82.950000,-66.076511,-66.071777,-66.076977
83.000000,-66.076588,-66.071854,-66.077054
83.050000,-66.076664,-66.071930,-66.077130
83.100000,-66.076741,-66.072007,-66.077207
83.150000,-66.076817,-66.072083,-66.077283
83.200000,-66.076893,-66.072159,-66.077359
83.250000,-66.076969,-66.072235,-66.077435
83.300000,-66.077045,-66.072311,-66.077511
83.350000,-66.077120,-66.072387,-66.077586
83.400000,-66.077196,-66.072462,-66.077662
83.450000,-66.077271,-66.072538,-66.077737
83.500000,-66.077346,-66.072613,-66.077812
83.550000,-66.077421,-66.072688,-66.077887
83.600000,-66.077496,-66.072763,-66.077962
83.650000,-66.077571,-66.072838,-66.078037
83.700000,-66.077646,-66.072913,-66.078112
83.750000,-66.077720,-66.072988,-66.078186
83.800000,-66.077794,-66.073062,-66.078260
83.850000,-66.077869,-66.073136,-66.078335
83.900000,-66.077943,-66.073211,-66.078409
83.950000,-66.078017,-66.073285,-66.078483
84.000000,-66.078091,-66.073359,-66.078556
84.050000,-66.078164,-66.073432,-66.078630
84.100000,-66.078238,-66.073506,-66.078704
84.150000,-66.078311,-66.073579,-66.078777
84.200000,-66.078384,-66.073653,-66.078850
84.250000,-66.078457,-66.073726,-66.078923
84.300000,-66.078530,-66.073799,-66.078996
84.350000,-66.078603,-66.073872,-66.079069
84.400000,-66.078676,-66.073945,-66.079142
84.450000,-66.078748,-66.074017,-66.079214
84.500000,-66.078821,-66.074090,-66.079287
84.550000,-66.078893,-66.074162,-66.079359
84.600000,-66.078965,-66.074235,-66.079431
84.650000,-66.079037,-66.074307,-66.079503
84.700000,-66.079109,-66.074379,-66.079575
84.750000,-66.079181,-66.074451,-66.079647
84.800000,-66.079253,-66.074522,-66.079718
84.850000,-66.079324,-66.074594,-66.079790
84.900000,-66.079395,-66.074665,-66.079861
84.950000,-66.079467,-66.074737,-66.079933
85.000000,-66.079538,-66.074808,-66.080004
85.050000,-66.079609,-66.074879,-66.080075
85.100000,-66.079679,-66.074950,-66.080145
85.150000,-66.079750,-66.075021,-66.080216
85.200000,-66.079821,-66.075091,-66.080287
85.250000,-66.079891,-66.075162,-66.080357
85.300000,-66.079961,-66.075232,-66.080427
85.350000,-66.080032,-66.075302,-66.080497
85.400000,-66.080102,-66.075373,-66.080567
85.450000,-66.080171,-66.075443,-66.080637
85.500000,-66.080241,-66.075512,-66.080707
85.550000,-66.080311,-66.075582,-66.080777
85.600000,-66.080380,-66.075652,-66.080846
85.650000,-66.080450,-66.075721,-66.080916
85.700000,-66.080519,-66.075790,-66.080985
85.750000,-66.080588,-66.075860,-66.081054
85.800000,-66.080657,-66.075929,-66.081123
85.850000,-66.080726,-66.075998,-66.081192
85.900000,-66.080795,-66.076067,-66.081260
85.950000,-66.080863,-66.076135,-66.081329
86.000000,-66.080932,-66.076204,-66.081397
86.050000,-66.081000,-66.076272,-66.081466
86.100000,-66.081068,-66.076341,-66.081534
86.150000,-66.081136,-66.076409,-66.081602
86.200000,-66.081204,-66.076477,-66.081670
86.250000,-66.081272,-66.076545,-66.081738
86.300000,-66.081340,-66.076612,-66.081806
86.350000,-66.081407,-66.076680,-66.081873
86.400000,-66.081475,-66.076748,-66.081941
86.450000,-66.081542,-66.076815,-66.082008
86.500000,-66.081609,-66.076882,-66.082075
86.550000,-66.081676,-66.076950,-66.082142
86.600000,-66.081743,-66.077017,-66.082209
86.650000,-66.081810,-66.077084,-66.082276
86.700000,-66.081877,-66.077150,-66.082343
86.750000,-66.081943,-66.077217,-66.082409
86.800000,-66.082010,-66.077283,-66.082476
86.850000,-66.082076,-66.077350,-66.082542
86.900000,-66.082142,-66.077416,-66.082608
86.950000,-66.082208,-66.077482,-66.082674
87.000000,-66.082274,-66.077548,-66.082740
87.050000,-66.082340,-66.077614,-66.082806
87.100000,-66.082406,-66.077680,-66.082872
87.150000,-66.082471,-66.077746,-66.082937
87.200000,-66.082537,-66.077811,-66.083003
87.250000,-66.082602,-66.077877,-66.083068
87.300000,-66.082667,-66.077942,-66.083133
87.350000,-66.082733,-66.078007,-66.083198
87.400000,-66.082797,-66.078072,-66.083263
87.450000,-66.082862,-66.078137,-66.083328
87.500000,-66.082927,-66.078202,-66.083393
87.550000,-66.082992,-66.078267,-66.083457
87.600000,-66.083056,-66.078331,-66.083522
87.650000,-66.083120,-66.078396,-66.083586
87.700000,-66.083185,-66.078460,-66.083650
87.750000,-66.083249,-66.078524,-66.083714
87.800000,-66.083313,-66.078588,-66.083778
87.850000,-66.083377,-66.078652,-66.083842
87.900000,-66.083440,-66.078716,-66.083906
87.950000,-66.083504,-66.078780,-66.083970
88.000000,-66.083568,-66.078844,-66.084033
88.050000,-66.083631,-66.078907,-66.084097
88.100000,-66.083694,-66.078970,-66.084160
88.150000,-66.083757,-66.079034,-66.084223
88.200000,-66.083821,-66.079097,-66.084286
88.250000,-66.083883,-66.079160,-66.084349
88.300000,-66.083946,-66.079223,-66.084412
88.350000,-66.084009,-66.079285,-66.084475
88.400000,-66.084072,-66.079348,-66.084537
88.450000,-66.084134,-66.079411,-66.084600
88.500000,-66.084196,-66.079473,-66.084662
88.550000,-66.084259,-66.079535,-66.084724
88.600000,-66.084321,-66.079598,-66.084786
88.650000,-66.084383,-66.079660,-66.084848
88.700000,-66.084445,-66.079722,-66.084910
88.750000,-66.084506,-66.079784,-66.084972
88.800000,-66.084568,-66.079845,-66.085034
88.850000,-66.084630,-66.079907,-66.085095
88.900000,-66.084691,-66.079968,-66.085156
88.950000,-66.084752,-66.080030,-66.085218
89.000000,-66.084813,-66.080091,-66.085279
89.050000,-66.084874,-66.080152,-66.085340
89.100000,-66.084935,-66.080213,-66.085401
89.150000,-66.084996,-66.080274,-66.085462
89.200000,-66.085057,-66.080335,-66.085523
89.250000,-66.085118,-66.080396,-66.085583
89.300000,-66.085178,-66.080456,-66.085644
89.350000,-66.085239,-66.080517,-66.085704
89.400000,-66.085299,-66.080577,-66.085764
89.450000,-66.085359,-66.080637,-66.085825
89.500000,-66.085419,-66.080698,-66.085885
89.550000,-66.085479,-66.080758,-66.085945
89.600000,-66.085539,-66.080818,-66.086004
89.650000,-66.085599,-66.080877,-66.086064
89.700000,-66.085658,-66.080937,-66.086124
89.750000,-66.085718,-66.080997,-66.086183
89.800000,-66.085777,-66.081056,-66.086243
89.850000,-66.085836,-66.081115,-66.086302
89.900000,-66.085895,-66.081175,-66.086361
89.950000,-66.085954,-66.081234,-66.086420
90.000000,-66.086013,-66.081293,-66.086479
90.050000,-66.086072,-66.081352,-66.086538
90.100000,-66.086131,-66.081411,-66.086596
90.150000,-66.086190,-66.081469,-66.086655
90.200000,-66.086248,-66.081528,-66.086714
90.250000,-66.086306,-66.081586,-66.086772
90.300000,-66.086365,-66.081645,-66.086830
90.350000,-66.086423,-66.081703,-66.086888
90.400000,-66.086481,-66.081761,-66.086947
90.450000,-66.086539,-66.081819,-66.087004
90.500000,-66.086597,-66.081877,-66.087062
90.550000,-66.086655,-66.081935,-66.087120
90.600000,-66.086712,-66.081993,-66.087178
90.650000,-66.086770,-66.082050,-66.087235
90.700000,-66.086827,-66.082108,-66.087293
90.750000,-66.086884,-66.082165,-66.087350
90.800000,-66.086942,-66.082222,-66.087407
90.850000,-66.086999,-66.082280,-66.087464
90.900000,-66.087056,-66.082337,-66.087521
90.950000,-66.087113,-66.082394,-66.087578
91.000000,-66.087169,-66.082450,-66.087635
91.050000,-66.087226,-66.082507,-66.087692
91.100000,-66.087283,-66.082564,-66.087748
91.150000,-66.087339,-66.082620,-66.087805
91.200000,-66.087395,-66.082677,-66.087861
91.250000,-66.087452,-66.082733,-66.087917
91.300000,-66.087508,-66.082789,-66.087973
91.350000,-66.087564,-66.082845,-66.088029
91.400000,-66.087620,-66.082901,-66.088085
91.450000,-66.087676,-66.082957,-66.088141
91.500000,-66.087731,-66.083013,-66.088197
91.550000,-66.087787,-66.083069,-66.088252
91.600000,-66.087843,-66.083125,-66.088308
91.650000,-66.087898,-66.083180,-66.088363
91.700000,-66.087953,-66.083235,-66.088419
91.750000,-66.088008,-66.083291,-66.088474
91.800000,-66.088064,-66.083346,-66.088529
91.850000,-66.088119,-66.083401,-66.088584
91.900000,-66.088174,-66.083456,-66.088639
91.950000,-66.088228,-66.083511,-66.088694
92.000000,-66.088283,-66.083566,-66.088748
92.050000,-66.088338,-66.083620,-66.088803
92.100000,-66.088392,-66.083675,-66.088857
92.150000,-66.088446,-66.083729,-66.088912
92.200000,-66.088501,-66.083784,-66.088966
92.250000,-66.088555,-66.083838,-66.089020
92.300000,-66.088609,-66.083892,-66.089074
92.350000,-66.088663,-66.083946,-66.089128
92.400000,-66.088717,-66.084000,-66.089182
92.450000,-66.088771,-66.084054,-66.089236
92.500000,-66.088824,-66.084108,-66.089290
92.550000,-66.088878,-66.084161,-66.089343
92.600000,-66.088931,-66.084215,-66.089397
92.650000,-66.088985,-66.084268,-66.089450
92.700000,-66.089038,-66.084322,-66.089504
92.750000,-66.089091,-66.084375,-66.089557
92.800000,-66.089144,-66.084428,-66.089610
92.850000,-66.089197,-66.084481,-66.089663
92.900000,-66.089250,-66.084534,-66.089716
92.950000,-66.089303,-66.084587,-66.089768
93.000000,-66.089356,-66.084640,-66.089821
93.050000,-66.089408,-66.084693,-66.089874
93.100000,-66.089461,-66.084745,-66.089926
93.150000,-66.089513,-66.084798,-66.089979
93.200000,-66.089566,-66.084850,-66.090031
93.250000,-66.089618,-66.084902,-66.090083
93.300000,-66.089670,-66.084954,-66.090135
93.350000,-66.089722,-66.085006,-66.090187
93.400000,-66.089774,-66.085058,-66.090239
93.450000,-66.089826,-66.085110,-66.090291
93.500000,-66.089877,-66.085162,-66.090343
93.550000,-66.089929,-66.085214,-66.090394
93.600000,-66.089980,-66.085265,-66.090446
93.650000,-66.090032,-66.085317,-66.090497
93.700000,-66.090083,-66.085368,-66.090549
93.750000,-66.090134,-66.085420,-66.090600
93.800000,-66.090186,-66.085471,-66.090651
93.850000,-66.090237,-66.085522,-66.090702
93.900000,-66.090288,-66.085573,-66.090753
93.950000,-66.090338,-66.085624,-66.090804
94.000000,-66.090389,-66.085675,-66.090855
94.050000,-66.090440,-66.085726,-66.090905
94.100000,-66.090490,-66.085776,-66.090956
94.150000,-66.090541,-66.085827,-66.091006
94.200000,-66.090591,-66.085877,-66.091057
94.250000,-66.090642,-66.085928,-66.091107
94.300000,-66.090692,-66.085978,-66.091157
94.350000,-66.090742,-66.086028,-66.091207
94.400000,-66.090792,-66.086078,-66.091257
94.450000,-66.090842,-66.086128,-66.091307
94.500000,-66.090892,-66.086178,-66.091357
94.550000,-66.090941,-66.086228,-66.091407
94.600000,-66.090991,-66.086277,-66.091456
94.650000,-66.091041,-66.086327,-66.091506
94.700000,-66.091090,-66.086377,-66.091555
94.750000,-66.091139,-66.086426,-66.091605
94.800000,-66.091189,-66.086475,-66.091654
94.850000,-66.091238,-66.086525,-66.091703
94.900000,-66.091287,-66.086574,-66.091752
94.950000,-66.091336,-66.086623,-66.091801
95.000000,-66.091385,-66.086672,-66.091850
95.050000,-66.091434,-66.086721,-66.091899
95.100000,-66.091482,-66.086769,-66.091948
95.150000,-66.091531,-66.086818,-66.091996
95.200000,-66.091580,-66.086867,-66.092045
95.250000,-66.091628,-66.086915,-66.092093
95.300000,-66.091676,-66.086964,-66.092142
95.350000,-66.091725,-66.087012,-66.092190
95.400000,-66.091773,-66.087060,-66.092238
95.450000,-66.091821,-66.087108,-66.092286
95.500000,-66.091869,-66.087157,-66.092334
95.550000,-66.091917,-66.087204,-66.092382
95.600000,-66.091965,-66.087252,-66.092430
95.650000,-66.092012,-66.087300,-66.092478
95.700000,-66.092060,-66.087348,-66.092525
95.750000,-66.092108,-66.087396,-66.092573
95.800000,-66.092155,-66.087443,-66.092620
95.850000,-66.092202,-66.087490,-66.092668
95.900000,-66.092250,-66.087538,-66.092715
95.950000,-66.092297,-66.087585,-66.092762
96.000000,-66.092344,-66.087632,-66.092809
96.050000,-66.092391,-66.087679,-66.092856
96.100000,-66.092438,-66.087726,-66.092903
96.150000,-66.092485,-66.087773,-66.092950
96.200000,-66.092532,-66.087820,-66.092997
96.250000,-66.092578,-66.087867,-66.093044
96.300000,-66.092625,-66.087914,-66.093090
96.350000,-66.092671,-66.087960,-66.093137
96.400000,-66.092718,-66.088007,-66.093183
96.450000,-66.092764,-66.088053,-66.093229
96.500000,-66.092810,-66.088099,-66.093276
96.550000,-66.092857,-66.088146,-66.093322
96.600000,-66.092903,-66.088192,-66.093368
96.650000,-66.092949,-66.088238,-66.093414
96.700000,-66.092995,-66.088284,-66.093460
96.750000,-66.093040,-66.088330,-66.093506
96.800000,-66.093086,-66.088375,-66.093551
96.850000,-66.093132,-66.088421,-66.093597
96.900000,-66.093177,-66.088467,-66.093642
96.950000,-66.093223,-66.088512,-66.093688
97.000000,-66.093268,-66.088558,-66.093733
97.050000,-66.093313,-66.088603,-66.093779
97.100000,-66.093359,-66.088648,-66.093824
97.150000,-66.093404,-66.088694,-66.093869
97.200000,-66.093449,-66.088739,-66.093914
97.250000,-66.093494,-66.088784,-66.093959
97.300000,-66.093539,-66.088829,-66.094004
97.350000,-66.093584,-66.088874,-66.094049
97.400000,-66.093628,-66.088918,-66.094093
97.450000,-66.093673,-66.088963,-66.094138
97.500000,-66.093717,-66.089008,-66.094183
97.550000,-66.093762,-66.089052,-66.094227
97.600000,-66.093806,-66.089097,-66.094272
97.650000,-66.093851,-66.089141,-66.094316
97.700000,-66.093895,-66.089185,-66.094360
97.750000,-66.093939,-66.089229,-66.094404
97.800000,-66.093983,-66.089274,-66.094448
97.850000,-66.094027,-66.089318,-66.094492
97.900000,-66.094071,-66.089362,-66.094536
97.950000,-66.094115,-66.089405,-66.094580
98.000000,-66.094158,-66.089449,-66.094624
98.050000,-66.094202,-66.089493,-66.094667
98.100000,-66.094246,-66.089537,-66.094711
98.150000,-66.094289,-66.089580,-66.094754
98.200000,-66.094333,-66.089624,-66.094798
98.250000,-66.094376,-66.089667,-66.094841
98.300000,-66.094419,-66.089710,-66.094884
98.350000,-66.094462,-66.089754,-66.094928
98.400000,-66.094505,-66.089797,-66.094971
98.450000,-66.094548,-66.089840,-66.095014
98.500000,-66.094591,-66.089883,-66.095057
98.550000,-66.094634,-66.089926,-66.095099
98.600000,-66.094677,-66.089968,-66.095142
98.650000,-66.094720,-66.090011,-66.095185
98.700000,-66.094762,-66.090054,-66.095227
98.750000,-66.094805,-66.090096,-66.095270
98.800000,-66.094847,-66.090139,-66.095312
98.850000,-66.094890,-66.090181,-66.095355
98.900000,-66.094932,-66.090224,-66.095397
98.950000,-66.094974,-66.090266,-66.095439
99.000000,-66.095016,-66.090308,-66.095481
99.050000,-66.095058,-66.090350,-66.095523
99.100000,-66.095100,-66.090392,-66.095565
99.150000,-66.095142,-66.090434,-66.095607
99.200000,-66.095184,-66.090476,-66.095649
99.250000,-66.095226,-66.090518,-66.095691
99.300000,-66.095267,-66.090560,-66.095733
99.350000,-66.095309,-66.090601,-66.095774
99.400000,-66.095351,-66.090643,-66.095816
99.450000,-66.095392,-66.090684,-66.095857
99.500000,-66.095433,-66.090726,-66.095898
99.550000,-66.095475,-66.090767,-66.095940
99.600000,-66.095516,-66.090808,-66.095981
99.650000,-66.095557,-66.090850,-66.096022
99.700000,-66.095598,-66.090891,-66.096063
99.750000,-66.095639,-66.090932,-66.096104
99.800000,-66.095680,-66.090973,-66.096145
99.850000,-66.095721,-66.091014,-66.096186
99.900000,-66.095761,-66.091054,-66.096227
99.950000,-66.095802,-66.091095,-66.096267
100.000000,-66.095843,-66.091136,-66.096308
100.050000,-66.095883,-66.091176,-66.096348
100.100000,-66.095924,-66.091217,-66.096389
100.150000,-66.095964,-66.091257,-66.096429
100.200000,-66.096004,-66.091298,-66.096470
100.250000,-66.096045,-66.091338,-66.096510
100.300000,-66.096085,-66.091378,-66.096550
100.350000,-66.096125,-66.091418,-66.096590
100.400000,-66.096165,-66.091458,-66.096630
100.450000,-66.096205,-66.091498,-66.096670
100.500000,-66.096245,-66.091538,-66.096710
100.550000,-66.096284,-66.091578,-66.096749
100.600000,-66.096324,-66.091618,-66.096789
100.650000,-66.096364,-66.091658,-66.096829
100.700000,-66.096403,-66.091697,-66.096868
100.750000,-66.096443,-66.091737,-66.096908
100.800000,-66.096482,-66.091776,-66.096947
100.850000,-66.096521,-66.091816,-66.096987
100.900000,-66.096561,-66.091855,-66.097026
100.950000,-66.096600,-66.091894,-66.097065
101.000000,-66.096639,-66.091933,-66.097104
101.050000,-66.096678,-66.091972,-66.097143
101.100000,-66.096717,-66.092011,-66.097182
101.150000,-66.096756,-66.092050,-66.097221
101.200000,-66.096795,-66.092089,-66.097260
101.250000,-66.096834,-66.092128,-66.097299
101.300000,-66.096872,-66.092167,-66.097337
101.350000,-66.096911,-66.092205,-66.097376
101.400000,-66.096949,-66.092244,-66.097414
101.450000,-66.096988,-66.092283,-66.097453
101.500000,-66.097026,-66.092321,-66.097491
101.550000,-66.097065,-66.092359,-66.097530
101.600000,-66.097103,-66.092398,-66.097568
101.650000,-66.097141,-66.092436,-66.097606
101.700000,-66.097179,-66.092474,-66.097644
101.750000,-66.097217,-66.092512,-66.097682
101.800000,-66.097255,-66.092550,-66.097720
101.850000,-66.097293,-66.092588,-66.097758
101.900000,-66.097331,-66.092626,-66.097796
101.950000,-66.097369,-66.092664,-66.097834
102.000000,-66.097406,-66.092702,-66.097871
102.050000,-66.097444,-66.092739,-66.097909
102.100000,-66.097481,-66.092777,-66.097947
102.150000,-66.097519,-66.092814,-66.097984
102.200000,-66.097556,-66.092852,-66.098021
102.250000,-66.097594,-66.092889,-66.098059
102.300000,-66.097631,-66.092927,-66.098096
102.350000,-66.097668,-66.092964,-66.098133
102.400000,-66.097705,-66.093001,-66.098170
102.450000,-66.097742,-66.093038,-66.098207
102.500000,-66.097779,-66.093075,-66.098244
102.550000,-66.097816,-66.093112,-66.098281
102.600000,-66.097853,-66.093149,-66.098318
102.650000,-66.097890,-66.093186,-66.098355
102.700000,-66.097927,-66.093223,-66.098392
102.750000,-66.097963,-66.093259,-66.098428
102.800000,-66.098000,-66.093296,-66.098465
102.850000,-66.098036,-66.093333,-66.098502
102.900000,-66.098073,-66.093369,-66.098538
102.950000,-66.098109,-66.093406,-66.098574
103.000000,-66.098146,-66.093442,-66.098611
103.050000,-66.098182,-66.093478,-66.098647
103.100000,-66.098218,-66.093514,-66.098683
103.150000,-66.098254,-66.093551,-66.098719
103.200000,-66.098290,-66.093587,-66.098755
103.250000,-66.098326,-66.093623,-66.098791
103.300000,-66.098362,-66.093659,-66.098827
103.350000,-66.098398,-66.093695,-66.098863
103.400000,-66.098434,-66.093730,-66.098899
103.450000,-66.098469,-66.093766,-66.098935
103.500000,-66.098505,-66.093802,-66.098970
103.550000,-66.098541,-66.093837,-66.099006
103.600000,-66.098576,-66.093873,-66.099041
103.650000,-66.098612,-66.093909,-66.099077
103.700000,-66.098647,-66.093944,-66.099112
103.750000,-66.098682,-66.093979,-66.099147
103.800000,-66.098718,-66.094015,-66.099183
103.850000,-66.098753,-66.094050,-66.099218
103.900000,-66.098788,-66.094085,-66.099253
103.950000,-66.098823,-66.094120,-66.099288
104.000000,-66.098858,-66.094155,-66.099323
104.050000,-66.098893,-66.094190,-66.099358
104.100000,-66.098928,-66.094225,-66.099393
104.150000,-66.098963,-66.094260,-66.099428
104.200000,-66.098997,-66.094295,-66.099462
104.250000,-66.099032,-66.094329,-66.099497
104.300000,-66.099067,-66.094364,-66.099532
104.350000,-66.099101,-66.094399,-66.099566
104.400000,-66.099136,-66.094433,-66.099601
104.450000,-66.099170,-66.094468,-66.099635
104.500000,-66.099204,-66.094502,-66.099669
104.550000,-66.099239,-66.094536,-66.099704
104.600000,-66.099273,-66.094571,-66.099738
104.650000,-66.099307,-66.094605,-66.099772
104.700000,-66.099341,-66.094639,-66.099806
104.750000,-66.099375,-66.094673,-66.099840
104.800000,-66.099409,-66.094707,-66.099874
104.850000,-66.099443,-66.094741,-66.099908
104.900000,-66.099477,-66.094775,-66.099942
104.950000,-66.099511,-66.094809,-66.099976
105.000000,-66.099544,-66.094843,-66.100009
105.050000,-66.099578,-66.094876,-66.100043
105.100000,-66.099612,-66.094910,-66.100077
105.150000,-66.099645,-66.094943,-66.100110
105.200000,-66.099679,-66.094977,-66.100144
105.250000,-66.099712,-66.095010,-66.100177
105.300000,-66.099745,-66.095044,-66.100210
105.350000,-66.099779,-66.095077,-66.100244
105.400000,-66.099812,-66.095110,-66.100277
105.450000,-66.099845,-66.095144,-66.100310
105.500000,-66.099878,-66.095177,-66.100343
105.550000,-66.099911,-66.095210,-66.100376
105.600000,-66.099944,-66.095243,-66.100409
105.650000,-66.099977,-66.095276,-66.100442
105.700000,-66.100010,-66.095309,-66.100475
105.750000,-66.100043,-66.095342,-66.100508
105.800000,-66.100075,-66.095374,-66.100541
105.850000,-66.100108,-66.095407,-66.100573
105.900000,-66.100141,-66.095440,-66.100606
105.950000,-66.100173,-66.095472,-66.100638
106.000000,-66.100206,-66.095505,-66.100671
106.050000,-66.100238,-66.095537,-66.100703
106.100000,-66.100271,-66.095570,-66.100736
106.150000,-66.100303,-66.095602,-66.100768
106.200000,-66.100335,-66.095634,-66.100800
106.250000,-66.100367,-66.095667,-66.100832
106.300000,-66.100399,-66.095699,-66.100865
106.350000,-66.100432,-66.095731,-66.100897
106.400000,-66.100464,-66.095763,-66.100929
106.450000,-66.100496,-66.095795,-66.100961
106.500000,-66.100527,-66.095827,-66.100992
106.550000,-66.100559,-66.095859,-66.101024
106.600000,-66.100591,-66.095891,-66.101056
106.650000,-66.100623,-66.095922,-66.101088
106.700000,-66.100654,-66.095954,-66.101119
106.750000,-66.100686,-66.095986,-66.101151
106.800000,-66.100718,-66.096017,-66.101183
106.850000,-66.100749,-66.096049,-66.101214
106.900000,-66.100780,-66.096080,-66.101246
106.950000,-66.100812,-66.096112,-66.101277
107.000000,-66.100843,-66.096143,-66.101308
107.050000,-66.100874,-66.096174,-66.101339
107.100000,-66.100906,-66.096206,-66.101371
107.150000,-66.100937,-66.096237,-66.101402
107.200000,-66.100968,-66.096268,-66.101433
107.250000,-66.100999,-66.096299,-66.101464
107.300000,-66.101030,-66.096330,-66.101495
107.350000,-66.101061,-66.096361,-66.101526
107.400000,-66.101092,-66.096392,-66.101557
107.450000,-66.101122,-66.096423,-66.101587
107.500000,-66.101153,-66.096453,-66.101618
107.550000,-66.101184,-66.096484,-66.101649
107.600000,-66.101214,-66.096515,-66.101679
107.650000,-66.101245,-66.096545,-66.101710
107.700000,-66.101275,-66.096576,-66.101741
107.750000,-66.101306,-66.096606,-66.101771
107.800000,-66.101336,-66.096637,-66.101801
107.850000,-66.101367,-66.096667,-66.101832
107.900000,-66.101397,-66.096698,-66.101862
107.950000,-66.101427,-66.096728,-66.101892
108.000000,-66.101457,-66.096758,-66.101922
108.050000,-66.101487,-66.096788,-66.101953
108.100000,-66.101518,-66.096818,-66.101983
108.150000,-66.101548,-66.096848,-66.102013
108.200000,-66.101577,-66.096878,-66.102043
108.250000,-66.101607,-66.096908,-66.102072
108.300000,-66.101637,-66.096938,-66.102102
108.350000,-66.101667,-66.096968,-66.102132
108.400000,-66.101697,-66.096998,-66.102162
108.450000,-66.101726,-66.097028,-66.102191
108.500000,-66.101756,-66.097057,-66.102221
108.550000,-66.101786,-66.097087,-66.102251
108.600000,-66.101815,-66.097116,-66.102280
108.650000,-66.101845,-66.097146,-66.102310
108.700000,-66.101874,-66.097175,-66.102339
108.750000,-66.101903,-66.097205,-66.102368
108.800000,-66.101933,-66.097234,-66.102398
108.850000,-66.101962,-66.097263,-66.102427
108.900000,-66.101991,-66.097292,-66.102456
108.950000,-66.102020,-66.097322,-66.102485
109.000000,-66.102049,-66.097351,-66.102514
109.050000,-66.102078,-66.097380,-66.102543
109.100000,-66.102107,-66.097409,-66.102572
109.150000,-66.102136,-66.097438,-66.102601
109.200000,-66.102165,-66.097467,-66.102630
109.250000,-66.102194,-66.097496,-66.102659
109.300000,-66.102223,-66.097524,-66.102688
109.350000,-66.102251,-66.097553,-66.102716
109.400000,-66.102280,-66.097582,-66.102745
109.450000,-66.102308,-66.097610,-66.102774
109.500000,-66.102337,-66.097639,-66.102802
109.550000,-66.102366,-66.097668,-66.102831
109.600000,-66.102394,-66.097696,-66.102859
109.650000,-66.102422,-66.097724,-66.102887
109.700000,-66.102451,-66.097753,-66.102916
109.750000,-66.102479,-66.097781,-66.102944
109.800000,-66.102507,-66.097809,-66.102972
109.850000,-66.102535,-66.097838,-66.103000
109.900000,-66.102563,-66.097866,-66.103029
109.950000,-66.102592,-66.097894,-66.103057
110.000000,-66.102620,-66.097922,-66.103085
110.050000,-66.102648,-66.097950,-66.103113
110.100000,-66.102675,-66.097978,-66.103141
110.150000,-66.102703,-66.098006,-66.103168
110.200000,-66.102731,-66.098034,-66.103196
110.250000,-66.102759,-66.098061,-66.103224
110.300000,-66.102787,-66.098089,-66.103252
110.350000,-66.102814,-66.098117,-66.103279
110.400000,-66.102842,-66.098145,-66.103307
110.450000,-66.102869,-66.098172,-66.103334
110.500000,-66.102897,-66.098200,-66.103362
110.550000,-66.102924,-66.098227,-66.103389
110.600000,-66.102952,-66.098255,-66.103417
110.650000,-66.102979,-66.098282,-66.103444
110.700000,-66.103006,-66.098309,-66.103472
110.750000,-66.103034,-66.098337,-66.103499
110.800000,-66.103061,-66.098364,-66.103526
110.850000,-66.103088,-66.098391,-66.103553
110.900000,-66.103115,-66.098418,-66.103580
110.950000,-66.103142,-66.098445,-66.103607
111.000000,-66.103169,-66.098472,-66.103634
111.050000,-66.103196,-66.098499,-66.103661
111.100000,-66.103223,-66.098526,-66.103688
111.150000,-66.103250,-66.098553,-66.103715
111.200000,-66.103277,-66.098580,-66.103742
111.250000,-66.103303,-66.098607,-66.103769
111.300000,-66.103330,-66.098633,-66.103795
111.350000,-66.103357,-66.098660,-66.103822
111.400000,-66.103383,-66.098687,-66.103849
111.450000,-66.103410,-66.098713,-66.103875
111.500000,-66.103437,-66.098740,-66.103902
111.550000,-66.103463,-66.098766,-66.103928
111.600000,-66.103489,-66.098793,-66.103954
111.650000,-66.103516,-66.098819,-66.103981
111.700000,-66.103542,-66.098846,-66.104007
111.750000,-66.103568,-66.098872,-66.104033
111.800000,-66.103595,-66.098898,-66.104060
111.850000,-66.103621,-66.098924,-66.104086
111.900000,-66.103647,-66.098951,-66.104112
111.950000,-66.103673,-66.098977,-66.104138
112.000000,-66.103699,-66.099003,-66.104164
112.050000,-66.103725,-66.099029,-66.104190
112.100000,-66.103751,-66.099055,-66.104216
112.150000,-66.103777,-66.099081,-66.104242
112.200000,-66.103803,-66.099106,-66.104268
112.250000,-66.103828,-66.099132,-66.104293
112.300000,-66.103854,-66.099158,-66.104319
112.350000,-66.103880,-66.099184,-66.104345
112.400000,-66.103905,-66.099209,-66.104370
112.450000,-66.103931,-66.099235,-66.104396
112.500000,-66.103957,-66.099261,-66.104422
112.550000,-66.103982,-66.099286,-66.104447
112.600000,-66.104007,-66.099312,-66.104473
112.650000,-66.104033,-66.099337,-66.104498
112.700000,-66.104058,-66.099363,-66.104523
112.750000,-66.104084,-66.099388,-66.104549
112.800000,-66.104109,-66.099413,-66.104574
112.850000,-66.104134,-66.099438,-66.104599
112.900000,-66.104159,-66.099464,-66.104624
112.950000,-66.104184,-66.099489,-66.104649
113.000000,-66.104209,-66.099514,-66.104674
113.050000,-66.104234,-66.099539,-66.104700
113.100000,-66.104259,-66.099564,-66.104724
113.150000,-66.104284,-66.099589,-66.104749
113.200000,-66.104309,-66.099614,-66.104774
113.250000,-66.104334,-66.099639,-66.104799
113.300000,-66.104359,-66.099664,-66.104824
113.350000,-66.104384,-66.099688,-66.104849
113.400000,-66.104408,-66.099713,-66.104873
113.450000,-66.104433,-66.099738,-66.104898
113.500000,-66.104458,-66.099762,-66.104923
113.550000,-66.104482,-66.099787,-66.104947
113.600000,-66.104507,-66.099812,-66.104972
113.650000,-66.104531,-66.099836,-66.104996
113.700000,-66.104556,-66.099861,-66.105021
113.750000,-66.104580,-66.099885,-66.105045
113.800000,-66.104604,-66.099909,-66.105070
113.850000,-66.104629,-66.099934,-66.105094
113.900000,-66.104653,-66.099958,-66.105118
113.950000,-66.104677,-66.099982,-66.105142
114.000000,-66.104701,-66.100007,-66.105166
114.050000,-66.104726,-66.100031,-66.105191
114.100000,-66.104750,-66.100055,-66.105215
114.150000,-66.104774,-66.100079,-66.105239
114.200000,-66.104798,-66.100103,-66.105263
114.250000,-66.104822,-66.100127,-66.105287
114.300000,-66.104845,-66.100151,-66.105311
114.350000,-66.104869,-66.100175,-66.105334
114.400000,-66.104893,-66.100199,-66.105358
114.450000,-66.104917,-66.100222,-66.105382
114.500000,-66.104941,-66.100246,-66.105406
114.550000,-66.104964,-66.100270,-66.105429
114.600000,-66.104988,-66.100293,-66.105453
114.650000,-66.105012,-66.100317,-66.105477
114.700000,-66.105035,-66.100341,-66.105500
114.750000,-66.105059,-66.100364,-66.105524
114.800000,-66.105082,-66.100388,-66.105547
114.850000,-66.105106,-66.100411,-66.105571
114.900000,-66.105129,-66.100435,-66.105594
114.950000,-66.105152,-66.100458,-66.105617
115.000000,-66.105176,-66.100481,-66.105641
115.050000,-66.105199,-66.100505,-66.105664
115.100000,-66.105222,-66.100528,-66.105687
115.150000,-66.105245,-66.100551,-66.105710
115.200000,-66.105268,-66.100574,-66.105733
115.250000,-66.105291,-66.100597,-66.105756
115.300000,-66.105314,-66.100620,-66.105779
115.350000,-66.105337,-66.100643,-66.105802
115.400000,-66.105360,-66.100666,-66.105825
115.450000,-66.105383,-66.100689,-66.105848
115.500000,-66.105406,-66.100712,-66.105871
115.550000,-66.105429,-66.100735,-66.105894
115.600000,-66.105452,-66.100758,-66.105917
115.650000,-66.105474,-66.100781,-66.105940
115.700000,-66.105497,-66.100803,-66.105962
115.750000,-66.105520,-66.100826,-66.105985
115.800000,-66.105542,-66.100849,-66.106008
115.850000,-66.105565,-66.100871,-66.106030
115.900000,-66.105588,-66.100894,-66.106053
115.950000,-66.105610,-66.100916,-66.106075
116.000000,-66.105633,-66.100939,-66.106098
116.050000,-66.105655,-66.100961,-66.106120
116.100000,-66.105677,-66.100984,-66.106142
116.150000,-66.105700,-66.101006,-66.106165
116.200000,-66.105722,-66.101028,-66.106187
116.250000,-66.105744,-66.101051,-66.106209
116.300000,-66.105766,-66.101073,-66.106231
116.350000,-66.105789,-66.101095,-66.106254
116.400000,-66.105811,-66.101117,-66.106276
116.450000,-66.105833,-66.101139,-66.106298
116.500000,-66.105855,-66.101161,-66.106320
116.550000,-66.105877,-66.101183,-66.106342
116.600000,-66.105899,-66.101205,-66.106364
116.650000,-66.105921,-66.101227,-66.106386
116.700000,-66.105943,-66.101249,-66.106408
116.750000,-66.105964,-66.101271,-66.106429
116.800000,-66.105986,-66.101293,-66.106451
116.850000,-66.106008,-66.101315,-66.106473
116.900000,-66.106030,-66.101337,-66.106495
116.950000,-66.106051,-66.101358,-66.106516
117.000000,-66.106073,-66.101380,-66.106538
117.050000,-66.106095,-66.101402,-66.106560
117.100000,-66.106116,-66.101423,-66.106581
117.150000,-66.106138,-66.101445,-66.106603
117.200000,-66.106159,-66.101466,-66.106624
117.250000,-66.106181,-66.101488,-66.106646
117.300000,-66.106202,-66.101509,-66.106667
117.350000,-66.106223,-66.101530,-66.106688
117.400000,-66.106245,-66.101552,-66.106710
117.450000,-66.106266,-66.101573,-66.106731
117.500000,-66.106287,-66.101594,-66.106752
117.550000,-66.106308,-66.101616,-66.106773
117.600000,-66.106330,-66.101637,-66.106795
117.650000,-66.106351,-66.101658,-66.106816
117.700000,-66.106372,-66.101679,-66.106837
117.750000,-66.106393,-66.101700,-66.106858
117.800000,-66.106414,-66.101721,-66.106879
117.850000,-66.106435,-66.101742,-66.106900
117.900000,-66.106456,-66.101763,-66.106921
117.950000,-66.106477,-66.101784,-66.106942
118.000000,-66.106497,-66.101805,-66.106963
118.050000,-66.106518,-66.101826,-66.106983
118.100000,-66.106539,-66.101847,-66.107004
118.150000,-66.106560,-66.101867,-66.107025
118.200000,-66.106580,-66.101888,-66.107046
118.250000,-66.106601,-66.101909,-66.107066
118.300000,-66.106622,-66.101929,-66.107087
118.350000,-66.106642,-66.101950,-66.107107
118.400000,-66.106663,-66.101971,-66.107128
118.450000,-66.106683,-66.101991,-66.107149
118.500000,-66.106704,-66.102012,-66.107169
118.550000,-66.106724,-66.102032,-66.107189
118.600000,-66.106745,-66.102053,-66.107210
118.650000,-66.106765,-66.102073,-66.107230
118.700000,-66.106785,-66.102093,-66.107251
118.750000,-66.106806,-66.102114,-66.107271
118.800000,-66.106826,-66.102134,-66.107291
118.850000,-66.106846,-66.102154,-66.107311
118.900000,-66.106866,-66.102174,-66.107331
118.950000,-66.106886,-66.102195,-66.107352
119.000000,-66.106907,-66.102215,-66.107372
119.050000,-66.106927,-66.102235,-66.107392
119.100000,-66.106947,-66.102255,-66.107412
119.150000,-66.106967,-66.102275,-66.107432
119.200000,-66.106987,-66.102295,-66.107452
119.250000,-66.107007,-66.102315,-66.107472
119.300000,-66.107026,-66.102335,-66.107492
119.350000,-66.107046,-66.102354,-66.107511
119.400000,-66.107066,-66.102374,-66.107531
119.450000,-66.107086,-66.102394,-66.107551
119.500000,-66.107106,-66.102414,-66.107571
119.550000,-66.107125,-66.102434,-66.107590
119.600000,-66.107145,-66.102453,-66.107610
119.650000,-66.107165,-66.102473,-66.107630
119.700000,-66.107184,-66.102493,-66.107649
119.750000,-66.107204,-66.102512,-66.107669
119.800000,-66.107223,-66.102532,-66.107688
119.850000,-66.107243,-66.102551,-66.107708
119.900000,-66.107262,-66.102571,-66.107727
119.950000,-66.107282,-66.102590,-66.107747
120.000000,-66.107301,-66.102610,-66.107766
120.050000,-66.107320,-66.102629,-66.107785
120.100000,-66.107340,-66.102648,-66.107805
120.150000,-66.107359,-66.102667,-66.107824
120.200000,-66.107378,-66.102687,-66.107843
120.250000,-66.107397,-66.102706,-66.107862
120.300000,-66.107416,-66.102725,-66.107882
120.350000,-66.107436,-66.102744,-66.107901
120.400000,-66.107455,-66.102763,-66.107920
120.450000,-66.107474,-66.102783,-66.107939
120.500000,-66.107493,-66.102802,-66.107958
120.550000,-66.107512,-66.102821,-66.107977
120.600000,-66.107531,-66.102840,-66.107996
120.650000,-66.107550,-66.102858,-66.108015
120.700000,-66.107568,-66.102877,-66.108034
120.750000,-66.107587,-66.102896,-66.108052
120.800000,-66.107606,-66.102915,-66.108071
120.850000,-66.107625,-66.102934,-66.108090
120.900000,-66.107644,-66.102953,-66.108109
120.950000,-66.107662,-66.102971,-66.108127
121.000000,-66.107681,-66.102990,-66.108146
121.050000,-66.107700,-66.103009,-66.108165
121.100000,-66.107718,-66.103027,-66.108183
121.150000,-66.107737,-66.103046,-66.108202
121.200000,-66.107755,-66.103065,-66.108221
121.250000,-66.107774,-66.103083,-66.108239
121.300000,-66.107792,-66.103102,-66.108257
121.350000,-66.107811,-66.103120,-66.108276
121.400000,-66.107829,-66.103138,-66.108294
121.450000,-66.107848,-66.103157,-66.108313
121.500000,-66.107866,-66.103175,-66.108331
121.550000,-66.107884,-66.103194,-66.108349
121.600000,-66.107902,-66.103212,-66.108368
121.650000,-66.107921,-66.103230,-66.108386
121.700000,-66.107939,-66.103248,-66.108404
121.750000,-66.107957,-66.103266,-66.108422
121.800000,-66.107975,-66.103285,-66.108440
121.850000,-66.107993,-66.103303,-66.108458
121.900000,-66.108011,-66.103321,-66.108477
121.950000,-66.108029,-66.103339,-66.108495
122.000000,-66.108047,-66.103357,-66.108513
122.050000,-66.108065,-66.103375,-66.108531
122.100000,-66.108083,-66.103393,-66.108548
122.150000,-66.108101,-66.103411,-66.108566
122.200000,-66.108119,-66.103429,-66.108584
122.250000,-66.108137,-66.103447,-66.108602
122.300000,-66.108155,-66.103464,-66.108620
122.350000,-66.108172,-66.103482,-66.108638
122.400000,-66.108190,-66.103500,-66.108655
122.450000,-66.108208,-66.103518,-66.108673
122.500000,-66.108226,-66.103535,-66.108691
122.550000,-66.108243,-66.103553,-66.108708
122.600000,-66.108261,-66.103571,-66.108726
122.650000,-66.108278,-66.103588,-66.108744
122.700000,-66.108296,-66.103606,-66.108761
122.750000,-66.108313,-66.103623,-66.108779
122.800000,-66.108331,-66.103641,-66.108796
122.850000,-66.108348,-66.103658,-66.108814
122.900000,-66.108366,-66.103676,-66.108831
122.950000,-66.108383,-66.103693,-66.108848
123.000000,-66.108401,-66.103711,-66.108866
123.050000,-66.108418,-66.103728,-66.108883
123.100000,-66.108435,-66.103745,-66.108900
123.150000,-66.108452,-66.103762,-66.108918
123.200000,-66.108470,-66.103780,-66.108935
123.250000,-66.108487,-66.103797,-66.108952
123.300000,-66.108504,-66.103814,-66.108969
123.350000,-66.108521,-66.103831,-66.108986
123.400000,-66.108538,-66.103848,-66.109003
123.450000,-66.108555,-66.103865,-66.109020
123.500000,-66.108572,-66.103883,-66.109037
123.550000,-66.108589,-66.103900,-66.109054
123.600000,-66.108606,-66.103917,-66.109071
123.650000,-66.108623,-66.103934,-66.109088
123.700000,-66.108640,-66.103950,-66.109105
123.750000,-66.108657,-66.103967,-66.109122
123.800000,-66.108674,-66.103984,-66.109139
123.850000,-66.108691,-66.104001,-66.109156
123.900000,-66.108707,-66.104018,-66.109173
123.950000,-66.108724,-66.104035,-66.109189
124.000000,-66.108741,-66.104051,-66.109206
124.050000,-66.108758,-66.104068,-66.109223
124.100000,-66.108774,-66.104085,-66.109239
124.150000,-66.108791,-66.104101,-66.109256
124.200000,-66.108808,-66.104118,-66.109273
124.250000,-66.108824,-66.104135,-66.109289
124.300000,-66.108841,-66.104151,-66.109306
124.350000,-66.108857,-66.104168,-66.109322
124.400000,-66.108874,-66.104184,-66.109339
124.450000,-66.108890,-66.104201,-66.109355
124.500000,-66.108907,-66.104217,-66.109372
124.550000,-66.108923,-66.104234,-66.109388
124.600000,-66.108939,-66.104250,-66.109404
124.650000,-66.108956,-66.104266,-66.109421
124.700000,-66.108972,-66.104283,-66.109437
124.750000,-66.108988,-66.104299,-66.109453
124.800000,-66.109004,-66.104315,-66.109470
124.850000,-66.109021,-66.104331,-66.109486
124.900000,-66.109037,-66.104348,-66.109502
124.950000,-66.109053,-66.104364,-66.109518
125.000000,-66.109069,-66.104380,-66.109534
125.050000,-66.109085,-66.104396,-66.109550
125.100000,-66.109101,-66.104412,-66.109566
125.150000,-66.109117,-66.104428,-66.109582
125.200000,-66.109133,-66.104444,-66.109598
125.250000,-66.109149,-66.104460,-66.109614
125.300000,-66.109165,-66.104476,-66.109630
125.350000,-66.109181,-66.104492,-66.109646
125.400000,-66.109197,-66.104508,-66.109662
125.450000,-66.109213,-66.104524,-66.109678
125.500000,-66.109229,-66.104540,-66.109694
125.550000,-66.109244,-66.104556,-66.109710
125.600000,-66.109260,-66.104571,-66.109725
125.650000,-66.109276,-66.104587,-66.109741
125.700000,-66.109292,-66.104603,-66.109757
125.750000,-66.109307,-66.104619,-66.109773
125.800000,-66.109323,-66.104634,-66.109788
125.850000,-66.109339,-66.104650,-66.109804
125.900000,-66.109354,-66.104665,-66.109819
125.950000,-66.109370,-66.104681,-66.109835
126.000000,-66.109385,-66.104697,-66.109851
126.050000,-66.109401,-66.104712,-66.109866
126.100000,-66.109416,-66.104728,-66.109882
126.150000,-66.109432,-66.104743,-66.109897
126.200000,-66.109447,-66.104759,-66.109912
126.250000,-66.109463,-66.104774,-66.109928
126.300000,-66.109478,-66.104789,-66.109943
126.350000,-66.109493,-66.104805,-66.109959
126.400000,-66.109509,-66.104820,-66.109974
126.450000,-66.109524,-66.104835,-66.109989
126.500000,-66.109539,-66.104851,-66.110004
126.550000,-66.109554,-66.104866,-66.110020
126.600000,-66.109570,-66.104881,-66.110035
126.650000,-66.109585,-66.104896,-66.110050
126.700000,-66.109600,-66.104912,-66.110065
126.750000,-66.109615,-66.104927,-66.110080
126.800000,-66.109630,-66.104942,-66.110095
126.850000,-66.109645,-66.104957,-66.110110
126.900000,-66.109660,-66.104972,-66.110125
126.950000,-66.109675,-66.104987,-66.110140
127.000000,-66.109690,-66.105002,-66.110155
127.050000,-66.109705,-66.105017,-66.110170
127.100000,-66.109720,-66.105032,-66.110185
127.150000,-66.109735,-66.105047,-66.110200
127.200000,-66.109750,-66.105062,-66.110215
127.250000,-66.109765,-66.105077,-66.110230
127.300000,-66.109780,-66.105091,-66.110245
127.350000,-66.109794,-66.105106,-66.110260
127.400000,-66.109809,-66.105121,-66.110274
127.450000,-66.109824,-66.105136,-66.110289
127.500000,-66.109839,-66.105150,-66.110304
127.550000,-66.109853,-66.105165,-66.110318
127.600000,-66.109868,-66.105180,-66.110333
127.650000,-66.109883,-66.105194,-66.110348
127.700000,-66.109897,-66.105209,-66.110362
127.750000,-66.109912,-66.105224,-66.110377
127.800000,-66.109926,-66.105238,-66.110391
127.850000,-66.109941,-66.105253,-66.110406
127.900000,-66.109955,-66.105267,-66.110420
127.950000,-66.109970,-66.105282,-66.110435
128.000000,-66.109984,-66.105296,-66.110449
128.050000,-66.109999,-66.105311,-66.110464
128.100000,-66.110013,-66.105325,-66.110478
128.150000,-66.110027,-66.105339,-66.110493
128.200000,-66.110042,-66.105354,-66.110507
128.250000,-66.110056,-66.105368,-66.110521
128.300000,-66.110070,-66.105382,-66.110535
128.350000,-66.110084,-66.105397,-66.110550
128.400000,-66.110099,-66.105411,-66.110564
128.450000,-66.110113,-66.105425,-66.110578
128.500000,-66.110127,-66.105439,-66.110592
128.550000,-66.110141,-66.105454,-66.110606
128.600000,-66.110155,-66.105468,-66.110621
128.650000,-66.110169,-66.105482,-66.110635
128.700000,-66.110184,-66.105496,-66.110649
128.750000,-66.110198,-66.105510,-66.110663
128.800000,-66.110212,-66.105524,-66.110677
128.850000,-66.110226,-66.105538,-66.110691
128.900000,-66.110240,-66.105552,-66.110705
128.950000,-66.110254,-66.105566,-66.110719
129.000000,-66.110267,-66.105580,-66.110733
129.050000,-66.110281,-66.105594,-66.110747
129.100000,-66.110295,-66.105608,-66.110760
129.150000,-66.110309,-66.105622,-66.110774
129.200000,-66.110323,-66.105635,-66.110788
129.250000,-66.110337,-66.105649,-66.110802
129.300000,-66.110350,-66.105663,-66.110816
129.350000,-66.110364,-66.105677,-66.110829
129.400000,-66.110378,-66.105690,-66.110843
129.450000,-66.110392,-66.105704,-66.110857
129.500000,-66.110405,-66.105718,-66.110871
129.550000,-66.110419,-66.105732,-66.110884
129.600000,-66.110433,-66.105745,-66.110898
129.650000,-66.110446,-66.105759,-66.110911
129.700000,-66.110460,-66.105772,-66.110925
129.750000,-66.110473,-66.105786,-66.110938
129.800000,-66.110487,-66.105799,-66.110952
129.850000,-66.110500,-66.105813,-66.110966
129.900000,-66.110514,-66.105826,-66.110979
129.950000,-66.110527,-66.105840,-66.110992
130.000000,-66.110541,-66.105853,-66.111006
130.050000,-66.110554,-66.105867,-66.111019
130.100000,-66.110567,-66.105880,-66.111033
130.150000,-66.110581,-66.105894,-66.111046
130.200000,-66.110594,-66.105907,-66.111059
130.250000,-66.110607,-66.105920,-66.111073
130.300000,-66.110621,-66.105933,-66.111086
130.350000,-66.110634,-66.105947,-66.111099
130.400000,-66.110647,-66.105960,-66.111112
130.450000,-66.110660,-66.105973,-66.111126
130.500000,-66.110673,-66.105986,-66.111139
130.550000,-66.110687,-66.106000,-66.111152
130.600000,-66.110700,-66.106013,-66.111165
130.650000,-66.110713,-66.106026,-66.111178
130.700000,-66.110726,-66.106039,-66.111191
130.750000,-66.110739,-66.106052,-66.111204
130.800000,-66.110752,-66.106065,-66.111217
130.850000,-66.110765,-66.106078,-66.111230
130.900000,-66.110778,-66.106091,-66.111243
130.950000,-66.110791,-66.106104,-66.111256
131.000000,-66.110804,-66.106117,-66.111269
131.050000,-66.110817,-66.106130,-66.111282
131.100000,-66.110830,-66.106143,-66.111295
131.150000,-66.110843,-66.106156,-66.111308
131.200000,-66.110855,-66.106169,-66.111321
131.250000,-66.110868,-66.106181,-66.111333
131.300000,-66.110881,-66.106194,-66.111346
131.350000,-66.110894,-66.106207,-66.111359
131.400000,-66.110907,-66.106220,-66.111372
131.450000,-66.110919,-66.106233,-66.111385
131.500000,-66.110932,-66.106245,-66.111397
131.550000,-66.110945,-66.106258,-66.111410
131.600000,-66.110957,-66.106271,-66.111423
131.650000,-66.110970,-66.106283,-66.111435
131.700000,-66.110983,-66.106296,-66.111448
131.750000,-66.110995,-66.106309,-66.111460
131.800000,-66.111008,-66.106321,-66.111473
131.850000,-66.111020,-66.106334,-66.111486
131.900000,-66.111033,-66.106346,-66.111498
131.950000,-66.111045,-66.106359,-66.111511
132.000000,-66.111058,-66.106371,-66.111523
132.050000,-66.111070,-66.106384,-66.111535
132.100000,-66.111083,-66.106396,-66.111548
132.150000,-66.111095,-66.106409,-66.111560
132.200000,-66.111107,-66.106421,-66.111573
132.250000,-66.111120,-66.106433,-66.111585
132.300000,-66.111132,-66.106446,-66.111597
132.350000,-66.111144,-66.106458,-66.111610
132.400000,-66.111157,-66.106470,-66.111622
132.450000,-66.111169,-66.106483,-66.111634
132.500000,-66.111181,-66.106495,-66.111646
132.550000,-66.111193,-66.106507,-66.111659
132.600000,-66.111206,-66.106519,-66.111671
132.650000,-66.111218,-66.106531,-66.111683
132.700000,-66.111230,-66.106544,-66.111695
132.750000,-66.111242,-66.106556,-66.111707
132.800000,-66.111254,-66.106568,-66.111719
132.850000,-66.111266,-66.106580,-66.111732
132.900000,-66.111278,-66.106592,-66.111744
132.950000,-66.111290,-66.106604,-66.111756
133.000000,-66.111302,-66.106616,-66.111768
133.050000,-66.111314,-66.106628,-66.111780
133.100000,-66.111326,-66.106640,-66.111792
133.150000,-66.111338,-66.106652,-66.111804
133.200000,-66.111350,-66.106664,-66.111816
133.250000,-66.111362,-66.106676,-66.111828
133.300000,-66.111374,-66.106688,-66.111839
133.350000,-66.111386,-66.106700,-66.111851
133.400000,-66.111398,-66.106712,-66.111863
133.450000,-66.111410,-66.106724,-66.111875
133.500000,-66.111421,-66.106735,-66.111887
133.550000,-66.111433,-66.106747,-66.111899
133.600000,-66.111445,-66.106759,-66.111910
133.650000,-66.111457,-66.106771,-66.111922
133.700000,-66.111469,-66.106782,-66.111934
133.750000,-66.111480,-66.106794,-66.111945
133.800000,-66.111492,-66.106806,-66.111957
133.850000,-66.111504,-66.106818,-66.111969
133.900000,-66.111515,-66.106829,-66.111980
133.950000,-66.111527,-66.106841,-66.111992
134.000000,-66.111538,-66.106852,-66.112004
134.050000,-66.111550,-66.106864,-66.112015
134.100000,-66.111561,-66.106876,-66.112027
134.150000,-66.111573,-66.106887,-66.112038
134.200000,-66.111585,-66.106899,-66.112050
134.250000,-66.111596,-66.106910,-66.112061
134.300000,-66.111607,-66.106922,-66.112073
134.350000,-66.111619,-66.106933,-66.112084
134.400000,-66.111630,-66.106945,-66.112096
134.450000,-66.111642,-66.106956,-66.112107
134.500000,-66.111653,-66.106967,-66.112118
134.550000,-66.111664,-66.106979,-66.112130
134.600000,-66.111676,-66.106990,-66.112141
134.650000,-66.111687,-66.107001,-66.112152
134.700000,-66.111698,-66.107013,-66.112164
134.750000,-66.111710,-66.107024,-66.112175
134.800000,-66.111721,-66.107035,-66.112186
134.850000,-66.111732,-66.107047,-66.112198
134.900000,-66.111743,-66.107058,-66.112209
134.950000,-66.111755,-66.107069,-66.112220
135.000000,-66.111766,-66.107080,-66.112231
135.050000,-66.111777,-66.107091,-66.112242
135.100000,-66.111788,-66.107102,-66.112253
135.150000,-66.111799,-66.107114,-66.112265
135.200000,-66.111810,-66.107125,-66.112276
135.250000,-66.111821,-66.107136,-66.112287
135.300000,-66.111832,-66.107147,-66.112298
135.350000,-66.111843,-66.107158,-66.112309
135.400000,-66.111854,-66.107169,-66.112320
135.450000,-66.111865,-66.107180,-66.112331
135.500000,-66.111876,-66.107191,-66.112342
135.550000,-66.111887,-66.107202,-66.112353
135.600000,-66.111898,-66.107213,-66.112364
135.650000,-66.111909,-66.107224,-66.112375
135.700000,-66.111920,-66.107235,-66.112385
135.750000,-66.111931,-66.107246,-66.112396
135.800000,-66.111942,-66.107256,-66.112407
135.850000,-66.111953,-66.107267,-66.112418
135.900000,-66.111964,-66.107278,-66.112429
135.950000,-66.111974,-66.107289,-66.112440
136.000000,-66.111985,-66.107300,-66.112450
136.050000,-66.111996,-66.107310,-66.112461
136.100000,-66.112007,-66.107321,-66.112472
136.150000,-66.112017,-66.107332,-66.112483
136.200000,-66.112028,-66.107343,-66.112493
136.250000,-66.112039,-66.107353,-66.112504
136.300000,-66.112049,-66.107364,-66.112515
136.350000,-66.112060,-66.107375,-66.112525
136.400000,-66.112071,-66.107385,-66.112536
136.450000,-66.112081,-66.107396,-66.112547
136.500000,-66.112092,-66.107407,-66.112557
136.550000,-66.112102,-66.107417,-66.112568
136.600000,-66.112113,-66.107428,-66.112578
136.650000,-66.112123,-66.107438,-66.112589
136.700000,-66.112134,-66.107449,-66.112599
136.750000,-66.112144,-66.107459,-66.112610
136.800000,-66.112155,-66.107470,-66.112620
136.850000,-66.112165,-66.107480,-66.112631
136.900000,-66.112176,-66.107491,-66.112641
136.950000,-66.112186,-66.107501,-66.112651
137.000000,-66.112197,-66.107511,-66.112662
137.050000,-66.112207,-66.107522,-66.112672
137.100000,-66.112217,-66.107532,-66.112683
137.150000,-66.112228,-66.107542,-66.112693
137.200000,-66.112238,-66.107553,-66.112703
137.250000,-66.112248,-66.107563,-66.112714
137.300000,-66.112258,-66.107573,-66.112724
137.350000,-66.112269,-66.107584,-66.112734
137.400000,-66.112279,-66.107594,-66.112744
137.450000,-66.112289,-66.107604,-66.112754
137.500000,-66.112299,-66.107614,-66.112765
137.550000,-66.112310,-66.107625,-66.112775
137.600000,-66.112320,-66.107635,-66.112785
137.650000,-66.112330,-66.107645,-66.112795
137.700000,-66.112340,-66.107655,-66.112805
137.750000,-66.112350,-66.107665,-66.112815
137.800000,-66.112360,-66.107675,-66.112826
137.850000,-66.112370,-66.107685,-66.112836
137.900000,-66.112380,-66.107695,-66.112846
137.950000,-66.112390,-66.107705,-66.112856
138.000000,-66.112400,-66.107715,-66.112866
138.050000,-66.112410,-66.107726,-66.112876
138.100000,-66.112420,-66.107735,-66.112886
138.150000,-66.112430,-66.107745,-66.112896
138.200000,-66.112440,-66.107755,-66.112906
138.250000,-66.112450,-66.107765,-66.112915
138.300000,-66.112460,-66.107775,-66.112925
138.350000,-66.112470,-66.107785,-66.112935
138.400000,-66.112480,-66.107795,-66.112945
138.450000,-66.112490,-66.107805,-66.112955
138.500000,-66.112500,-66.107815,-66.112965
138.550000,-66.112509,-66.107825,-66.112975
138.600000,-66.112519,-66.107834,-66.112984
138.650000,-66.112529,-66.107844,-66.112994
138.700000,-66.112539,-66.107854,-66.113004
138.750000,-66.112548,-66.107864,-66.113014
138.800000,-66.112558,-66.107873,-66.113023
138.850000,-66.112568,-66.107883,-66.113033
138.900000,-66.112578,-66.107893,-66.113043
138.950000,-66.112587,-66.107903,-66.113053
139.000000,-66.112597,-66.107912,-66.113062
139.050000,-66.112607,-66.107922,-66.113072
139.100000,-66.112616,-66.107932,-66.113081
139.150000,-66.112626,-66.107941,-66.113091
139.200000,-66.112635,-66.107951,-66.113101
139.250000,-66.112645,-66.107960,-66.113110
139.300000,-66.112654,-66.107970,-66.113120
139.350000,-66.112664,-66.107979,-66.113129
139.400000,-66.112674,-66.107989,-66.113139
139.450000,-66.112683,-66.107998,-66.113148
139.500000,-66.112692,-66.108008,-66.113158
139.550000,-66.112702,-66.108017,-66.113167
139.600000,-66.112711,-66.108027,-66.113177
139.650000,-66.112721,-66.108036,-66.113186
139.700000,-66.112730,-66.108046,-66.113196
139.750000,-66.112740,-66.108055,-66.113205
139.800000,-66.112749,-66.108065,-66.113214
139.850000,-66.112758,-66.108074,-66.113224
139.900000,-66.112768,-66.108083,-66.113233
139.950000,-66.112777,-66.108093,-66.113242
140.000000,-66.112786,-66.108102,-66.113252
140.050000,-66.112796,-66.108111,-66.113261
140.100000,-66.112805,-66.108121,-66.113270
140.150000,-66.112814,-66.108130,-66.113280
140.200000,-66.112823,-66.108139,-66.113289
140.250000,-66.112833,-66.108148,-66.113298
140.300000,-66.112842,-66.108158,-66.113307
140.350000,-66.112851,-66.108167,-66.113316
140.400000,-66.112860,-66.108176,-66.113326
140.450000,-66.112869,-66.108185,-66.113335
140.500000,-66.112879,-66.108194,-66.113344
140.550000,-66.112888,-66.108203,-66.113353
140.600000,-66.112897,-66.108213,-66.113362
140.650000,-66.112906,-66.108222,-66.113371
140.700000,-66.112915,-66.108231,-66.113380
140.750000,-66.112924,-66.108240,-66.113389
140.800000,-66.112933,-66.108249,-66.113398
140.850000,-66.112942,-66.108258,-66.113407
140.900000,-66.112951,-66.108267,-66.113416
140.950000,-66.112960,-66.108276,-66.113425
141.000000,-66.112969,-66.108285,-66.113434
141.050000,-66.112978,-66.108294,-66.113443
141.100000,-66.112987,-66.108303,-66.113452
141.150000,-66.112996,-66.108312,-66.113461
141.200000,-66.113005,-66.108321,-66.113470
141.250000,-66.113014,-66.108330,-66.113479
141.300000,-66.113023,-66.108339,-66.113488
141.350000,-66.113031,-66.108347,-66.113497
141.400000,-66.113040,-66.108356,-66.113506
141.450000,-66.113049,-66.108365,-66.113515
141.500000,-66.113058,-66.108374,-66.113523
141.550000,-66.113067,-66.108383,-66.113532
141.600000,-66.113076,-66.108392,-66.113541
141.650000,-66.113084,-66.108400,-66.113550
141.700000,-66.113093,-66.108409,-66.113558
141.750000,-66.113102,-66.108418,-66.113567
141.800000,-66.113110,-66.108427,-66.113576
141.850000,-66.113119,-66.108435,-66.113585
141.900000,-66.113128,-66.108444,-66.113593
141.950000,-66.113137,-66.108453,-66.113602
142.000000,-66.113145,-66.108461,-66.113611
142.050000,-66.113154,-66.108470,-66.113619
142.100000,-66.113162,-66.108479,-66.113628
142.150000,-66.113171,-66.108487,-66.113636
142.200000,-66.113180,-66.108496,-66.113645
142.250000,-66.113188,-66.108504,-66.113654
142.300000,-66.113197,-66.108513,-66.113662
142.350000,-66.113205,-66.108522,-66.113671
142.400000,-66.113214,-66.108530,-66.113679
142.450000,-66.113222,-66.108539,-66.113688
142.500000,-66.113231,-66.108547,-66.113696
142.550000,-66.113239,-66.108556,-66.113705
142.600000,-66.113248,-66.108564,-66.113713
142.650000,-66.113256,-66.108573,-66.113722
142.700000,-66.113265,-66.108581,-66.113730
142.750000,-66.113273,-66.108589,-66.113739
142.800000,-66.113282,-66.108598,-66.113747
142.850000,-66.113290,-66.108606,-66.113755
142.900000,-66.113298,-66.108615,-66.113764
142.950000,-66.113307,-66.108623,-66.113772
143.000000,-66.113315,-66.108631,-66.113780
143.050000,-66.113323,-66.108640,-66.113789
143.100000,-66.113332,-66.108648,-66.113797
143.150000,-66.113340,-66.108656,-66.113805
143.200000,-66.113348,-66.108665,-66.113814
143.250000,-66.113357,-66.108673,-66.113822
143.300000,-66.113365,-66.108681,-66.113830
143.350000,-66.113373,-66.108689,-66.113838
143.400000,-66.113381,-66.108698,-66.113847
143.450000,-66.113390,-66.108706,-66.113855
143.500000,-66.113398,-66.108714,-66.113863
143.550000,-66.113406,-66.108722,-66.113871
143.600000,-66.113414,-66.108730,-66.113879
143.650000,-66.113422,-66.108739,-66.113888
143.700000,-66.113430,-66.108747,-66.113896
143.750000,-66.113438,-66.108755,-66.113904
143.800000,-66.113447,-66.108763,-66.113912
143.850000,-66.113455,-66.108771,-66.113920
143.900000,-66.113463,-66.108779,-66.113928
143.950000,-66.113471,-66.108787,-66.113936
144.000000,-66.113479,-66.108795,-66.113944
144.050000,-66.113487,-66.108803,-66.113952
144.100000,-66.113495,-66.108811,-66.113960
144.150000,-66.113503,-66.108819,-66.113968
144.200000,-66.113511,-66.108827,-66.113976
144.250000,-66.113519,-66.108835,-66.113984
144.300000,-66.113527,-66.108843,-66.113992
144.350000,-66.113535,-66.108851,-66.114000
144.400000,-66.113543,-66.108859,-66.114008
144.450000,-66.113551,-66.108867,-66.114016
144.500000,-66.113559,-66.108875,-66.114024
144.550000,-66.113566,-66.108883,-66.114032
144.600000,-66.113574,-66.108891,-66.114040
144.650000,-66.113582,-66.108899,-66.114048
144.700000,-66.113590,-66.108907,-66.114055
144.750000,-66.113598,-66.108914,-66.114063
144.800000,-66.113606,-66.108922,-66.114071
144.850000,-66.113613,-66.108930,-66.114079
144.900000,-66.113621,-66.108938,-66.114087
144.950000,-66.113629,-66.108946,-66.114094
145.000000,-66.113637,-66.108953,-66.114102
145.050000,-66.113645,-66.108961,-66.114110
145.100000,-66.113652,-66.108969,-66.114118
145.150000,-66.113660,-66.108977,-66.114125
145.200000,-66.113668,-66.108984,-66.114133
145.250000,-66.113675,-66.108992,-66.114141
145.300000,-66.113683,-66.109000,-66.114148
145.350000,-66.113691,-66.109007,-66.114156
145.400000,-66.113698,-66.109015,-66.114164
145.450000,-66.113706,-66.109023,-66.114171
145.500000,-66.113714,-66.109030,-66.114179
145.550000,-66.113721,-66.109038,-66.114187
145.600000,-66.113729,-66.109046,-66.114194
145.650000,-66.113736,-66.109053,-66.114202
145.700000,-66.113744,-66.109061,-66.114209
145.750000,-66.113751,-66.109068,-66.114217
145.800000,-66.113759,-66.109076,-66.114224
145.850000,-66.113767,-66.109083,-66.114232
145.900000,-66.113774,-66.109091,-66.114239
145.950000,-66.113782,-66.109098,-66.114247
146.000000,-66.113789,-66.109106,-66.114254
146.050000,-66.113797,-66.109113,-66.114262
146.100000,-66.113804,-66.109121,-66.114269
146.150000,-66.113811,-66.109128,-66.114277
146.200000,-66.113819,-66.109136,-66.114284
146.250000,-66.113826,-66.109143,-66.114292
146.300000,-66.113834,-66.109151,-66.114299
146.350000,-66.113841,-66.109158,-66.114306
146.400000,-66.113848,-66.109165,-66.114314
146.450000,-66.113856,-66.109173,-66.114321
146.500000,-66.113863,-66.109180,-66.114329
146.550000,-66.113870,-66.109187,-66.114336
146.600000,-66.113878,-66.109195,-66.114343
146.650000,-66.113885,-66.109202,-66.114351
146.700000,-66.113892,-66.109209,-66.114358
146.750000,-66.113900,-66.109217,-66.114365
146.800000,-66.113907,-66.109224,-66.114372
146.850000,-66.113914,-66.109231,-66.114380
146.900000,-66.113921,-66.109238,-66.114387
146.950000,-66.113929,-66.109246,-66.114394
147.000000,-66.113936,-66.109253,-66.114401
147.050000,-66.113943,-66.109260,-66.114409
147.100000,-66.113950,-66.109267,-66.114416
147.150000,-66.113957,-66.109275,-66.114423
147.200000,-66.113965,-66.109282,-66.114430
147.250000,-66.113972,-66.109289,-66.114437
147.300000,-66.113979,-66.109296,-66.114444
147.350000,-66.113986,-66.109303,-66.114451
147.400000,-66.113993,-66.109310,-66.114459
147.450000,-66.114000,-66.109317,-66.114466
147.500000,-66.114007,-66.109324,-66.114473
147.550000,-66.114014,-66.109332,-66.114480
147.600000,-66.114021,-66.109339,-66.114487
147.650000,-66.114028,-66.109346,-66.114494
147.700000,-66.114036,-66.109353,-66.114501
147.750000,-66.114043,-66.109360,-66.114508
147.800000,-66.114050,-66.109367,-66.114515
147.850000,-66.114057,-66.109374,-66.114522
147.900000,-66.114064,-66.109381,-66.114529
147.950000,-66.114071,-66.109388,-66.114536
148.000000,-66.114077,-66.109395,-66.114543
148.050000,-66.114084,-66.109402,-66.114550
148.100000,-66.114091,-66.109409,-66.114557
148.150000,-66.114098,-66.109416,-66.114564
148.200000,-66.114105,-66.109422,-66.114571
148.250000,-66.114112,-66.109429,-66.114578
148.300000,-66.114119,-66.109436,-66.114584
148.350000,-66.114126,-66.109443,-66.114591
148.400000,-66.114133,-66.109450,-66.114598
148.450000,-66.114140,-66.109457,-66.114605
148.500000,-66.114146,-66.109464,-66.114612
148.550000,-66.114153,-66.109470,-66.114619
148.600000,-66.114160,-66.109477,-66.114625
148.650000,-66.114167,-66.109484,-66.114632
148.700000,-66.114174,-66.109491,-66.114639
148.750000,-66.114180,-66.109498,-66.114646
148.800000,-66.114187,-66.109504,-66.114653
148.850000,-66.114194,-66.109511,-66.114659
148.900000,-66.114201,-66.109518,-66.114666
148.950000,-66.114207,-66.109525,-66.114673
149.000000,-66.114214,-66.109531,-66.114679
149.050000,-66.114221,-66.109538,-66.114686
149.100000,-66.114227,-66.109545,-66.114693
149.150000,-66.114234,-66.109551,-66.114700
149.200000,-66.114241,-66.109558,-66.114706
149.250000,-66.114247,-66.109565,-66.114713
149.300000,-66.114254,-66.109571,-66.114719
149.350000,-66.114261,-66.109578,-66.114726
149.400000,-66.114267,-66.109585,-66.114733
149.450000,-66.114274,-66.109591,-66.114739
149.500000,-66.114280,-66.109598,-66.114746
149.550000,-66.114287,-66.109604,-66.114752
149.600000,-66.114294,-66.109611,-66.114759
149.650000,-66.114300,-66.109618,-66.114766
149.700000,-66.114307,-66.109624,-66.114772
149.750000,-66.114313,-66.109631,-66.114779
149.800000,-66.114320,-66.109637,-66.114785
149.850000,-66.114326,-66.109644,-66.114792
149.900000,-66.114333,-66.109650,-66.114798
149.950000,-66.114339,-66.109657,-66.114805
150.000000,-66.114346,-66.109663,-66.114811
150.050000,-66.114352,-66.109670,-66.114818
150.100000,-66.114359,-66.109676,-66.114824
150.150000,-66.114365,-66.109683,-66.114830
150.200000,-66.114371,-66.109689,-66.114837
150.250000,-66.114378,-66.109695,-66.114843
150.300000,-66.114384,-66.109702,-66.114850
150.350000,-66.114391,-66.109708,-66.114856
150.400000,-66.114397,-66.109715,-66.114862
150.450000,-66.114403,-66.109721,-66.114869
150.500000,-66.114410,-66.109727,-66.114875
150.550000,-66.114416,-66.109734,-66.114882
150.600000,-66.114422,-66.109740,-66.114888
150.650000,-66.114429,-66.109746,-66.114894
150.700000,-66.114435,-66.109753,-66.114901
150.750000,-66.114441,-66.109759,-66.114907
150.800000,-66.114448,-66.109765,-66.114913
150.850000,-66.114454,-66.109772,-66.114919
150.900000,-66.114460,-66.109778,-66.114926
150.950000,-66.114466,-66.109784,-66.114932
151.000000,-66.114473,-66.109790,-66.114938
151.050000,-66.114479,-66.109797,-66.114944
151.100000,-66.114485,-66.109803,-66.114951
151.150000,-66.114491,-66.109809,-66.114957
151.200000,-66.114497,-66.109815,-66.114963
151.250000,-66.114504,-66.109821,-66.114969
151.300000,-66.114510,-66.109828,-66.114975
151.350000,-66.114516,-66.109834,-66.114981
151.400000,-66.114522,-66.109840,-66.114988
151.450000,-66.114528,-66.109846,-66.114994
151.500000,-66.114534,-66.109852,-66.115000
151.550000,-66.114541,-66.109858,-66.115006
151.600000,-66.114547,-66.109864,-66.115012
151.650000,-66.114553,-66.109871,-66.115018
151.700000,-66.114559,-66.109877,-66.115024
151.750000,-66.114565,-66.109883,-66.115030
151.800000,-66.114571,-66.109889,-66.115036
151.850000,-66.114577,-66.109895,-66.115042
151.900000,-66.114583,-66.109901,-66.115049
151.950000,-66.114589,-66.109907,-66.115055
152.000000,-66.114595,-66.109913,-66.115061
152.050000,-66.114601,-66.109919,-66.115067
152.100000,-66.114607,-66.109925,-66.115073
152.150000,-66.114613,-66.109931,-66.115079
152.200000,-66.114619,-66.109937,-66.115085
152.250000,-66.114625,-66.109943,-66.115090
152.300000,-66.114631,-66.109949,-66.115096
152.350000,-66.114637,-66.109955,-66.115102
152.400000,-66.114643,-66.109961,-66.115108
152.450000,-66.114649,-66.109967,-66.115114
152.500000,-66.114655,-66.109973,-66.115120
152.550000,-66.114661,-66.109978,-66.115126
152.600000,-66.114666,-66.109984,-66.115132
152.650000,-66.114672,-66.109990,-66.115138
152.700000,-66.114678,-66.109996,-66.115144
152.750000,-66.114684,-66.110002,-66.115150
152.800000,-66.114690,-66.110008,-66.115155
152.850000,-66.114696,-66.110014,-66.115161
152.900000,-66.114702,-66.110020,-66.115167
152.950000,-66.114707,-66.110025,-66.115173
153.000000,-66.114713,-66.110031,-66.115179
153.050000,-66.114719,-66.110037,-66.115184
153.100000,-66.114725,-66.110043,-66.115190
153.150000,-66.114730,-66.110049,-66.115196
153.200000,-66.114736,-66.110054,-66.115202
153.250000,-66.114742,-66.110060,-66.115208
153.300000,-66.114748,-66.110066,-66.115213
153.350000,-66.114753,-66.110072,-66.115219
153.400000,-66.114759,-66.110077,-66.115225
153.450000,-66.114765,-66.110083,-66.115230
153.500000,-66.114771,-66.110089,-66.115236
153.550000,-66.114776,-66.110094,-66.115242
153.600000,-66.114782,-66.110100,-66.115247
153.650000,-66.114788,-66.110106,-66.115253
153.700000,-66.114793,-66.110111,-66.115259
153.750000,-66.114799,-66.110117,-66.115264
153.800000,-66.114805,-66.110123,-66.115270
153.850000,-66.114810,-66.110128,-66.115276
153.900000,-66.114816,-66.110134,-66.115281
153.950000,-66.114821,-66.110140,-66.115287
154.000000,-66.114827,-66.110145,-66.115293
154.050000,-66.114833,-66.110151,-66.115298
154.100000,-66.114838,-66.110156,-66.115304
154.150000,-66.114844,-66.110162,-66.115309
154.200000,-66.114849,-66.110167,-66.115315
154.250000,-66.114855,-66.110173,-66.115320
154.300000,-66.114860,-66.110179,-66.115326
154.350000,-66.114866,-66.110184,-66.115331
154.400000,-66.114871,-66.110190,-66.115337
154.450000,-66.114877,-66.110195,-66.115342
154.500000,-66.114882,-66.110201,-66.115348
154.550000,-66.114888,-66.110206,-66.115353
154.600000,-66.114893,-66.110212,-66.115359
154.650000,-66.114899,-66.110217,-66.115364
154.700000,-66.114904,-66.110223,-66.115370
154.750000,-66.114910,-66.110228,-66.115375
154.800000,-66.114915,-66.110233,-66.115381
154.850000,-66.114921,-66.110239,-66.115386
154.900000,-66.114926,-66.110244,-66.115392
154.950000,-66.114931,-66.110250,-66.115397
155.000000,-66.114937,-66.110255,-66.115402
155.050000,-66.114942,-66.110261,-66.115408
155.100000,-66.114948,-66.110266,-66.115413
155.150000,-66.114953,-66.110271,-66.115418
155.200000,-66.114958,-66.110277,-66.115424
155.250000,-66.114964,-66.110282,-66.115429
155.300000,-66.114969,-66.110287,-66.115435
155.350000,-66.114974,-66.110293,-66.115440
155.400000,-66.114980,-66.110298,-66.115445
155.450000,-66.114985,-66.110303,-66.115450
155.500000,-66.114990,-66.110309,-66.115456
155.550000,-66.114996,-66.110314,-66.115461
155.600000,-66.115001,-66.110319,-66.115466
155.650000,-66.115006,-66.110324,-66.115472
155.700000,-66.115011,-66.110330,-66.115477
155.750000,-66.115017,-66.110335,-66.115482
155.800000,-66.115022,-66.110340,-66.115487
155.850000,-66.115027,-66.110345,-66.115493
155.900000,-66.115032,-66.110351,-66.115498
155.950000,-66.115038,-66.110356,-66.115503
156.000000,-66.115043,-66.110361,-66.115508
156.050000,-66.115048,-66.110366,-66.115513
156.100000,-66.115053,-66.110372,-66.115519
156.150000,-66.115058,-66.110377,-66.115524
156.200000,-66.115063,-66.110382,-66.115529
156.250000,-66.115069,-66.110387,-66.115534
156.300000,-66.115074,-66.110392,-66.115539
156.350000,-66.115079,-66.110397,-66.115544
156.400000,-66.115084,-66.110402,-66.115550
156.450000,-66.115089,-66.110408,-66.115555
156.500000,-66.115094,-66.110413,-66.115560
156.550000,-66.115099,-66.110418,-66.115565
156.600000,-66.115104,-66.110423,-66.115570
156.650000,-66.115110,-66.110428,-66.115575
156.700000,-66.115115,-66.110433,-66.115580
156.750000,-66.115120,-66.110438,-66.115585
156.800000,-66.115125,-66.110443,-66.115590
156.850000,-66.115130,-66.110448,-66.115595
156.900000,-66.115135,-66.110453,-66.115600
156.950000,-66.115140,-66.110458,-66.115605
157.000000,-66.115145,-66.110463,-66.115610
157.050000,-66.115150,-66.110468,-66.115615
157.100000,-66.115155,-66.110473,-66.115620
157.150000,-66.115160,-66.110478,-66.115625
157.200000,-66.115165,-66.110483,-66.115630
157.250000,-66.115170,-66.110488,-66.115635
157.300000,-66.115175,-66.110493,-66.115640
157.350000,-66.115180,-66.110498,-66.115645
157.400000,-66.115185,-66.110503,-66.115650
157.450000,-66.115190,-66.110508,-66.115655
157.500000,-66.115195,-66.110513,-66.115660
157.550000,-66.115199,-66.110518,-66.115665
157.600000,-66.115204,-66.110523,-66.115670
157.650000,-66.115209,-66.110528,-66.115675
157.700000,-66.115214,-66.110533,-66.115680
157.750000,-66.115219,-66.110538,-66.115685
157.800000,-66.115224,-66.110543,-66.115690
157.850000,-66.115229,-66.110547,-66.115694
157.900000,-66.115234,-66.110552,-66.115699
157.950000,-66.115239,-66.110557,-66.115704
158.000000,-66.115243,-66.110562,-66.115709
158.050000,-66.115248,-66.110567,-66.115714
158.100000,-66.115253,-66.110572,-66.115719
158.150000,-66.115258,-66.110577,-66.115723
158.200000,-66.115263,-66.110581,-66.115728
158.250000,-66.115267,-66.110586,-66.115733
158.300000,-66.115272,-66.110591,-66.115738
158.350000,-66.115277,-66.110596,-66.115743
158.400000,-66.115282,-66.110600,-66.115747
158.450000,-66.115287,-66.110605,-66.115752
158.500000,-66.115291,-66.110610,-66.115757
158.550000,-66.115296,-66.110615,-66.115762
158.600000,-66.115301,-66.110620,-66.115766
158.650000,-66.115306,-66.110624,-66.115771
158.700000,-66.115310,-66.110629,-66.115776
158.750000,-66.115315,-66.110634,-66.115781
158.800000,-66.115320,-66.110638,-66.115785
158.850000,-66.115324,-66.110643,-66.115790
158.900000,-66.115329,-66.110648,-66.115795
158.950000,-66.115334,-66.110652,-66.115799
159.000000,-66.115338,-66.110657,-66.115804
159.050000,-66.115343,-66.110662,-66.115809
159.100000,-66.115348,-66.110666,-66.115813
159.150000,-66.115352,-66.110671,-66.115818
159.200000,-66.115357,-66.110676,-66.115823
159.250000,-66.115362,-66.110680,-66.115827
159.300000,-66.115366,-66.110685,-66.115832
159.350000,-66.115371,-66.110690,-66.115836
159.400000,-66.115375,-66.110694,-66.115841
159.450000,-66.115380,-66.110699,-66.115846
159.500000,-66.115385,-66.110703,-66.115850
159.550000,-66.115389,-66.110708,-66.115855
159.600000,-66.115394,-66.110713,-66.115859
159.650000,-66.115398,-66.110717,-66.115864
159.700000,-66.115403,-66.110722,-66.115868
159.750000,-66.115407,-66.110726,-66.115873
159.800000,-66.115412,-66.110731,-66.115878
159.850000,-66.115416,-66.110735,-66.115882
159.900000,-66.115421,-66.110740,-66.115887
159.950000,-66.115426,-66.110744,-66.115891
160.000000,-66.115430,-66.110749,-66.115896
160.050000,-66.115434,-66.110753,-66.115900
160.100000,-66.115439,-66.110758,-66.115905
160.150000,-66.115443,-66.110762,-66.115909
160.200000,-66.115448,-66.110767,-66.115914
160.250000,-66.115452,-66.110771,-66.115918
160.300000,-66.115457,-66.110776,-66.115922
160.350000,-66.115461,-66.110780,-66.115927
160.400000,-66.115466,-66.110785,-66.115931
160.450000,-66.115470,-66.110789,-66.115936
160.500000,-66.115475,-66.110794,-66.115940
160.550000,-66.115479,-66.110798,-66.115945
160.600000,-66.115483,-66.110802,-66.115949
160.650000,-66.115488,-66.110807,-66.115953
160.700000,-66.115492,-66.110811,-66.115958
160.750000,-66.115497,-66.110816,-66.115962
160.800000,-66.115501,-66.110820,-66.115967
160.850000,-66.115505,-66.110824,-66.115971
160.900000,-66.115510,-66.110829,-66.115975
160.950000,-66.115514,-66.110833,-66.115980
161.000000,-66.115518,-66.110837,-66.115984
161.050000,-66.115523,-66.110842,-66.115988
161.100000,-66.115527,-66.110846,-66.115993
161.150000,-66.115531,-66.110850,-66.115997
161.200000,-66.115536,-66.110855,-66.116001
161.250000,-66.115540,-66.110859,-66.116006
161.300000,-66.115544,-66.110863,-66.116010
161.350000,-66.115549,-66.110868,-66.116014
161.400000,-66.115553,-66.110872,-66.116018
161.450000,-66.115557,-66.110876,-66.116023
161.500000,-66.115561,-66.110880,-66.116027
161.550000,-66.115566,-66.110885,-66.116031
161.600000,-66.115570,-66.110889,-66.116035
161.650000,-66.115574,-66.110893,-66.116040
161.700000,-66.115578,-66.110897,-66.116044
161.750000,-66.115583,-66.110902,-66.116048
161.800000,-66.115587,-66.110906,-66.116052
161.850000,-66.115591,-66.110910,-66.116057
161.900000,-66.115595,-66.110914,-66.116061
161.950000,-66.115599,-66.110918,-66.116065
162.000000,-66.115604,-66.110923,-66.116069
162.050000,-66.115608,-66.110927,-66.116073
162.100000,-66.115612,-66.110931,-66.116078
162.150000,-66.115616,-66.110935,-66.116082
162.200000,-66.115620,-66.110939,-66.116086
162.250000,-66.115624,-66.110944,-66.116090
162.300000,-66.115629,-66.110948,-66.116094
162.350000,-66.115633,-66.110952,-66.116098
162.400000,-66.115637,-66.110956,-66.116102
162.450000,-66.115641,-66.110960,-66.116107
162.500000,-66.115645,-66.110964,-66.116111
162.550000,-66.115649,-66.110968,-66.116115
162.600000,-66.115653,-66.110972,-66.116119
162.650000,-66.115657,-66.110977,-66.116123
162.700000,-66.115661,-66.110981,-66.116127
162.750000,-66.115666,-66.110985,-66.116131
162.800000,-66.115670,-66.110989,-66.116135
162.850000,-66.115674,-66.110993,-66.116139
162.900000,-66.115678,-66.110997,-66.116143
162.950000,-66.115682,-66.111001,-66.116147
163.000000,-66.115686,-66.111005,-66.116151
163.050000,-66.115690,-66.111009,-66.116155
163.100000,-66.115694,-66.111013,-66.116159
163.150000,-66.115698,-66.111017,-66.116164
163.200000,-66.115702,-66.111021,-66.116168
163.250000,-66.115706,-66.111025,-66.116172
163.300000,-66.115710,-66.111029,-66.116176
163.350000,-66.115714,-66.111033,-66.116180
163.400000,-66.115718,-66.111037,-66.116183
163.450000,-66.115722,-66.111041,-66.116187
163.500000,-66.115726,-66.111045,-66.116191
163.550000,-66.115730,-66.111049,-66.116195
163.600000,-66.115734,-66.111053,-66.116199
163.650000,-66.115738,-66.111057,-66.116203
163.700000,-66.115742,-66.111061,-66.116207
163.750000,-66.115746,-66.111065,-66.116211
163.800000,-66.115749,-66.111069,-66.116215
163.850000,-66.115753,-66.111073,-66.116219
163.900000,-66.115757,-66.111077,-66.116223
163.950000,-66.115761,-66.111080,-66.116227
164.000000,-66.115765,-66.111084,-66.116231
164.050000,-66.115769,-66.111088,-66.116235
164.100000,-66.115773,-66.111092,-66.116238
164.150000,-66.115777,-66.111096,-66.116242
164.200000,-66.115781,-66.111100,-66.116246
164.250000,-66.115784,-66.111104,-66.116250
164.300000,-66.115788,-66.111108,-66.116254
164.350000,-66.115792,-66.111112,-66.116258
164.400000,-66.115796,-66.111115,-66.116262
164.450000,-66.115800,-66.111119,-66.116265
164.500000,-66.115804,-66.111123,-66.116269
164.550000,-66.115808,-66.111127,-66.116273
164.600000,-66.115811,-66.111131,-66.116277
164.650000,-66.115815,-66.111134,-66.116281
164.700000,-66.115819,-66.111138,-66.116285
164.750000,-66.115823,-66.111142,-66.116288
164.800000,-66.115827,-66.111146,-66.116292
164.850000,-66.115830,-66.111150,-66.116296
164.900000,-66.115834,-66.111153,-66.116300
164.950000,-66.115838,-66.111157,-66.116303
165.000000,-66.115842,-66.111161,-66.116307
165.050000,-66.115845,-66.111165,-66.116311
165.100000,-66.115849,-66.111168,-66.116315
165.150000,-66.115853,-66.111172,-66.116318
165.200000,-66.115857,-66.111176,-66.116322
165.250000,-66.115860,-66.111180,-66.116326
165.300000,-66.115864,-66.111183,-66.116330
165.350000,-66.115868,-66.111187,-66.116333
165.400000,-66.115871,-66.111191,-66.116337
165.450000,-66.115875,-66.111195,-66.116341
165.500000,-66.115879,-66.111198,-66.116344
165.550000,-66.115882,-66.111202,-66.116348
165.600000,-66.115886,-66.111206,-66.116352
165.650000,-66.115890,-66.111209,-66.116355
165.700000,-66.115894,-66.111213,-66.116359
165.750000,-66.115897,-66.111217,-66.116363
165.800000,-66.115901,-66.111220,-66.116366
165.850000,-66.115904,-66.111224,-66.116370
165.900000,-66.115908,-66.111228,-66.116374
165.950000,-66.115912,-66.111231,-66.116377
166.000000,-66.115915,-66.111235,-66.116381
166.050000,-66.115919,-66.111238,-66.116385
166.100000,-66.115923,-66.111242,-66.116388
166.150000,-66.115926,-66.111246,-66.116392
166.200000,-66.115930,-66.111249,-66.116395
166.250000,-66.115933,-66.111253,-66.116399
166.300000,-66.115937,-66.111256,-66.116403
166.350000,-66.115941,-66.111260,-66.116406
166.400000,-66.115944,-66.111264,-66.116410
166.450000,-66.115948,-66.111267,-66.116413
166.500000,-66.115951,-66.111271,-66.116417
166.550000,-66.115955,-66.111274,-66.116420
166.600000,-66.115958,-66.111278,-66.116424
166.650000,-66.115962,-66.111281,-66.116428
166.700000,-66.115965,-66.111285,-66.116431
166.750000,-66.115969,-66.111288,-66.116435
166.800000,-66.115972,-66.111292,-66.116438
166.850000,-66.115976,-66.111296,-66.116442
166.900000,-66.115980,-66.111299,-66.116445
166.950000,-66.115983,-66.111303,-66.116449
167.000000,-66.115987,-66.111306,-66.116452
167.050000,-66.115990,-66.111310,-66.116456
167.100000,-66.115993,-66.111313,-66.116459
167.150000,-66.115997,-66.111317,-66.116463
167.200000,-66.116000,-66.111320,-66.116466
167.250000,-66.116004,-66.111323,-66.116470
167.300000,-66.116007,-66.111327,-66.116473
167.350000,-66.116011,-66.111330,-66.116476
167.400000,-66.116014,-66.111334,-66.116480
167.450000,-66.116018,-66.111337,-66.116483
167.500000,-66.116021,-66.111341,-66.116487
167.550000,-66.116025,-66.111344,-66.116490
167.600000,-66.116028,-66.111348,-66.116494
167.650000,-66.116031,-66.111351,-66.116497
167.700000,-66.116035,-66.111354,-66.116500
167.750000,-66.116038,-66.111358,-66.116504
167.800000,-66.116042,-66.111361,-66.116507
167.850000,-66.116045,-66.111365,-66.116511
167.900000,-66.116048,-66.111368,-66.116514
167.950000,-66.116052,-66.111371,-66.116517
168.000000,-66.116055,-66.111375,-66.116521
168.050000,-66.116059,-66.111378,-66.116524
168.100000,-66.116062,-66.111381,-66.116528
168.150000,-66.116065,-66.111385,-66.116531
168.200000,-66.116069,-66.111388,-66.116534
168.250000,-66.116072,-66.111392,-66.116538
168.300000,-66.116075,-66.111395,-66.116541
168.350000,-66.116079,-66.111398,-66.116544
168.400000,-66.116082,-66.111402,-66.116548
168.450000,-66.116085,-66.111405,-66.116551
168.500000,-66.116089,-66.111408,-66.116554
168.550000,-66.116092,-66.111412,-66.116558
168.600000,-66.116095,-66.111415,-66.116561
168.650000,-66.116098,-66.111418,-66.116564
168.700000,-66.116102,-66.111421,-66.116567
168.750000,-66.116105,-66.111425,-66.116571
168.800000,-66.116108,-66.111428,-66.116574
168.850000,-66.116112,-66.111431,-66.116577
168.900000,-66.116115,-66.111435,-66.116580
168.950000,-66.116118,-66.111438,-66.116584
169.000000,-66.116121,-66.111441,-66.116587
169.050000,-66.116125,-66.111444,-66.116590
169.100000,-66.116128,-66.111448,-66.116593
169.150000,-66.116131,-66.111451,-66.116597
169.200000,-66.116134,-66.111454,-66.116600
169.250000,-66.116138,-66.111457,-66.116603
169.300000,-66.116141,-66.111460,-66.116606
169.350000,-66.116144,-66.111464,-66.116610
169.400000,-66.116147,-66.111467,-66.116613
169.450000,-66.116150,-66.111470,-66.116616
169.500000,-66.116154,-66.111473,-66.116619
169.550000,-66.116157,-66.111476,-66.116622
169.600000,-66.116160,-66.111480,-66.116626
169.650000,-66.116163,-66.111483,-66.116629
169.700000,-66.116166,-66.111486,-66.116632
169.750000,-66.116169,-66.111489,-66.116635
169.800000,-66.116173,-66.111492,-66.116638
169.850000,-66.116176,-66.111496,-66.116641
169.900000,-66.116179,-66.111499,-66.116645
169.950000,-66.116182,-66.111502,-66.116648
170.000000,-66.116185,-66.111505,-66.116651
170.050000,-66.116188,-66.111508,-66.116654
170.100000,-66.116191,-66.111511,-66.116657
170.150000,-66.116195,-66.111514,-66.116660
170.200000,-66.116198,-66.111517,-66.116663
170.250000,-66.116201,-66.111521,-66.116666
170.300000,-66.116204,-66.111524,-66.116670
170.350000,-66.116207,-66.111527,-66.116673
170.400000,-66.116210,-66.111530,-66.116676
170.450000,-66.116213,-66.111533,-66.116679
170.500000,-66.116216,-66.111536,-66.116682
170.550000,-66.116219,-66.111539,-66.116685
170.600000,-66.116222,-66.111542,-66.116688
170.650000,-66.116225,-66.111545,-66.116691
170.700000,-66.116229,-66.111548,-66.116694
170.750000,-66.116232,-66.111551,-66.116697
170.800000,-66.116235,-66.111554,-66.116700
170.850000,-66.116238,-66.111558,-66.116703
170.900000,-66.116241,-66.111561,-66.116706
170.950000,-66.116244,-66.111564,-66.116709
171.000000,-66.116247,-66.111567,-66.116712
171.050000,-66.116250,-66.111570,-66.116715
171.100000,-66.116253,-66.111573,-66.116719
171.150000,-66.116256,-66.111576,-66.116722
171.200000,-66.116259,-66.111579,-66.116725
171.250000,-66.116262,-66.111582,-66.116728
171.300000,-66.116265,-66.111585,-66.116731
171.350000,-66.116268,-66.111588,-66.116734
171.400000,-66.116271,-66.111591,-66.116737
171.450000,-66.116274,-66.111594,-66.116739
171.500000,-66.116277,-66.111597,-66.116742
171.550000,-66.116280,-66.111600,-66.116745
171.600000,-66.116283,-66.111603,-66.116748
171.650000,-66.116286,-66.111606,-66.116751
171.700000,-66.116289,-66.111609,-66.116754
171.750000,-66.116292,-66.111611,-66.116757
171.800000,-66.116295,-66.111614,-66.116760
171.850000,-66.116297,-66.111617,-66.116763
171.900000,-66.116300,-66.111620,-66.116766
171.950000,-66.116303,-66.111623,-66.116769
172.000000,-66.116306,-66.111626,-66.116772
172.050000,-66.116309,-66.111629,-66.116775
172.100000,-66.116312,-66.111632,-66.116778
172.150000,-66.116315,-66.111635,-66.116781
172.200000,-66.116318,-66.111638,-66.116784
172.250000,-66.116321,-66.111641,-66.116786
172.300000,-66.116324,-66.111644,-66.116789
172.350000,-66.116327,-66.111646,-66.116792
172.400000,-66.116329,-66.111649,-66.116795
172.450000,-66.116332,-66.111652,-66.116798
172.500000,-66.116335,-66.111655,-66.116801
172.550000,-66.116338,-66.111658,-66.116804
172.600000,-66.116341,-66.111661,-66.116807
172.650000,-66.116344,-66.111664,-66.116809
172.700000,-66.116347,-66.111667,-66.116812
172.750000,-66.116349,-66.111669,-66.116815
172.800000,-66.116352,-66.111672,-66.116818
172.850000,-66.116355,-66.111675,-66.116821
172.900000,-66.116358,-66.111678,-66.116824
172.950000,-66.116361,-66.111681,-66.116826
173.000000,-66.116364,-66.111684,-66.116829
173.050000,-66.116366,-66.111686,-66.116832
173.100000,-66.116369,-66.111689,-66.116835
173.150000,-66.116372,-66.111692,-66.116838
173.200000,-66.116375,-66.111695,-66.116840
173.250000,-66.116378,-66.111698,-66.116843
173.300000,-66.116380,-66.111700,-66.116846
173.350000,-66.116383,-66.111703,-66.116849
173.400000,-66.116386,-66.111706,-66.116852
173.450000,-66.116389,-66.111709,-66.116854
173.500000,-66.116391,-66.111711,-66.116857
173.550000,-66.116394,-66.111714,-66.116860
173.600000,-66.116397,-66.111717,-66.116863
173.650000,-66.116400,-66.111720,-66.116865
173.700000,-66.116402,-66.111722,-66.116868
173.750000,-66.116405,-66.111725,-66.116871
173.800000,-66.116408,-66.111728,-66.116874
173.850000,-66.116411,-66.111731,-66.116876
173.900000,-66.116413,-66.111733,-66.116879
173.950000,-66.116416,-66.111736,-66.116882
174.000000,-66.116419,-66.111739,-66.116885
174.050000,-66.116422,-66.111742,-66.116887
174.100000,-66.116424,-66.111744,-66.116890
174.150000,-66.116427,-66.111747,-66.116893
174.200000,-66.116430,-66.111750,-66.116895
174.250000,-66.116432,-66.111752,-66.116898
174.300000,-66.116435,-66.111755,-66.116901
174.350000,-66.116438,-66.111758,-66.116903
174.400000,-66.116440,-66.111760,-66.116906
174.450000,-66.116443,-66.111763,-66.116909
174.500000,-66.116446,-66.111766,-66.116911
174.550000,-66.116448,-66.111768,-66.116914
174.600000,-66.116451,-66.111771,-66.116917
174.650000,-66.116454,-66.111774,-66.116919
174.700000,-66.116456,-66.111776,-66.116922
174.750000,-66.116459,-66.111779,-66.116925
174.800000,-66.116462,-66.111782,-66.116927
174.850000,-66.116464,-66.111784,-66.116930
174.900000,-66.116467,-66.111787,-66.116933
174.950000,-66.116470,-66.111790,-66.116935
175.000000,-66.116472,-66.111792,-66.116938
175.050000,-66.116475,-66.111795,-66.116940
175.100000,-66.116477,-66.111798,-66.116943
175.150000,-66.116480,-66.111800,-66.116946
175.200000,-66.116483,-66.111803,-66.116948
175.250000,-66.116485,-66.111805,-66.116951
175.300000,-66.116488,-66.111808,-66.116954
175.350000,-66.116490,-66.111811,-66.116956
175.400000,-66.116493,-66.111813,-66.116959
175.450000,-66.116496,-66.111816,-66.116961
175.500000,-66.116498,-66.111818,-66.116964
175.550000,-66.116501,-66.111821,-66.116966
175.600000,-66.116503,-66.111823,-66.116969
175.650000,-66.116506,-66.111826,-66.116972
175.700000,-66.116508,-66.111829,-66.116974
175.750000,-66.116511,-66.111831,-66.116977
175.800000,-66.116513,-66.111834,-66.116979
175.850000,-66.116516,-66.111836,-66.116982
175.900000,-66.116519,-66.111839,-66.116984
175.950000,-66.116521,-66.111841,-66.116987
176.000000,-66.116524,-66.111844,-66.116989
176.050000,-66.116526,-66.111846,-66.116992
176.100000,-66.116529,-66.111849,-66.116994
176.150000,-66.116531,-66.111851,-66.116997
176.200000,-66.116534,-66.111854,-66.116999
176.250000,-66.116536,-66.111856,-66.117002
176.300000,-66.116539,-66.111859,-66.117004
176.350000,-66.116541,-66.111861,-66.117007
176.400000,-66.116544,-66.111864,-66.117009
176.450000,-66.116546,-66.111866,-66.117012
176.500000,-66.116549,-66.111869,-66.117014
176.550000,-66.116551,-66.111871,-66.117017
176.600000,-66.116554,-66.111874,-66.117019
176.650000,-66.116556,-66.111876,-66.117022
176.700000,-66.116559,-66.111879,-66.117024
176.750000,-66.116561,-66.111881,-66.117027
176.800000,-66.116563,-66.111884,-66.117029
176.850000,-66.116566,-66.111886,-66.117032
176.900000,-66.116568,-66.111889,-66.117034
176.950000,-66.116571,-66.111891,-66.117037
177.000000,-66.116573,-66.111893,-66.117039
177.050000,-66.116576,-66.111896,-66.117041
177.100000,-66.116578,-66.111898,-66.117044
177.150000,-66.116581,-66.111901,-66.117046
177.200000,-66.116583,-66.111903,-66.117049
177.250000,-66.116585,-66.111906,-66.117051
177.300000,-66.116588,-66.111908,-66.117054
177.350000,-66.116590,-66.111910,-66.117056
177.400000,-66.116593,-66.111913,-66.117058
177.450000,-66.116595,-66.111915,-66.117061
177.500000,-66.116597,-66.111918,-66.117063
177.550000,-66.116600,-66.111920,-66.117066
177.600000,-66.116602,-66.111922,-66.117068
177.650000,-66.116605,-66.111925,-66.117070
177.700000,-66.116607,-66.111927,-66.117073
177.750000,-66.116609,-66.111930,-66.117075
177.800000,-66.116612,-66.111932,-66.117077
177.850000,-66.116614,-66.111934,-66.117080
177.900000,-66.116616,-66.111937,-66.117082
177.950000,-66.116619,-66.111939,-66.117085
178.000000,-66.116621,-66.111941,-66.117087
178.050000,-66.116624,-66.111944,-66.117089
178.100000,-66.116626,-66.111946,-66.117092
178.150000,-66.116628,-66.111948,-66.117094
178.200000,-66.116631,-66.111951,-66.117096
178.250000,-66.116633,-66.111953,-66.117099
178.300000,-66.116635,-66.111955,-66.117101
178.350000,-66.116638,-66.111958,-66.117103
178.400000,-66.116640,-66.111960,-66.117106
178.450000,-66.116642,-66.111962,-66.117108
178.500000,-66.116644,-66.111965,-66.117110
178.550000,-66.116647,-66.111967,-66.117113
178.600000,-66.116649,-66.111969,-66.117115
178.650000,-66.116651,-66.111972,-66.117117
178.700000,-66.116654,-66.111974,-66.117119
178.750000,-66.116656,-66.111976,-66.117122
178.800000,-66.116658,-66.111979,-66.117124
178.850000,-66.116661,-66.111981,-66.117126
178.900000,-66.116663,-66.111983,-66.117129
178.950000,-66.116665,-66.111985,-66.117131
179.000000,-66.116667,-66.111988,-66.117133
179.050000,-66.116670,-66.111990,-66.117135
179.100000,-66.116672,-66.111992,-66.117138
179.150000,-66.116674,-66.111994,-66.117140
179.200000,-66.116676,-66.111997,-66.117142
179.250000,-66.116679,-66.111999,-66.117144
179.300000,-66.116681,-66.112001,-66.117147
179.350000,-66.116683,-66.112003,-66.117149
179.400000,-66.116685,-66.112006,-66.117151
179.450000,-66.116688,-66.112008,-66.117153
179.500000,-66.116690,-66.112010,-66.117156
179.550000,-66.116692,-66.112012,-66.117158
179.600000,-66.116694,-66.112015,-66.117160
179.650000,-66.116697,-66.112017,-66.117162
179.700000,-66.116699,-66.112019,-66.117164
179.750000,-66.116701,-66.112021,-66.117167
179.800000,-66.116703,-66.112024,-66.117169
179.850000,-66.116705,-66.112026,-66.117171
179.900000,-66.116708,-66.112028,-66.117173
179.950000,-66.116710,-66.112030,-66.117175
180.000000,-66.116712,-66.112032,-66.117178
180.050000,-66.116714,-66.112035,-66.117180
180.100000,-66.116716,-66.112037,-66.117182
180.150000,-66.116718,-66.112039,-66.117184
180.200000,-66.116721,-66.112041,-66.117186
180.250000,-66.116723,-66.112043,-66.117189
180.300000,-66.116725,-66.112045,-66.117191
180.350000,-66.116727,-66.112048,-66.117193
180.400000,-66.116729,-66.112050,-66.117195
180.450000,-66.116731,-66.112052,-66.117197
180.500000,-66.116734,-66.112054,-66.117199
180.550000,-66.116736,-66.112056,-66.117202
180.600000,-66.116738,-66.112058,-66.117204
180.650000,-66.116740,-66.112060,-66.117206
180.700000,-66.116742,-66.112063,-66.117208
180.750000,-66.116744,-66.112065,-66.117210
180.800000,-66.116746,-66.112067,-66.117212
180.850000,-66.116749,-66.112069,-66.117214
180.900000,-66.116751,-66.112071,-66.117216
180.950000,-66.116753,-66.112073,-66.117219
181.000000,-66.116755,-66.112075,-66.117221
181.050000,-66.116757,-66.112077,-66.117223
181.100000,-66.116759,-66.112080,-66.117225
181.150000,-66.116761,-66.112082,-66.117227
181.200000,-66.116763,-66.112084,-66.117229
181.250000,-66.116765,-66.112086,-66.117231
181.300000,-66.116768,-66.112088,-66.117233
181.350000,-66.116770,-66.112090,-66.117235
181.400000,-66.116772,-66.112092,-66.117237
181.450000,-66.116774,-66.112094,-66.117240
181.500000,-66.116776,-66.112096,-66.117242
181.550000,-66.116778,-66.112098,-66.117244
181.600000,-66.116780,-66.112100,-66.117246
181.650000,-66.116782,-66.112103,-66.117248
181.700000,-66.116784,-66.112105,-66.117250
181.750000,-66.116786,-66.112107,-66.117252
181.800000,-66.116788,-66.112109,-66.117254
181.850000,-66.116790,-66.112111,-66.117256
181.900000,-66.116792,-66.112113,-66.117258
181.950000,-66.116794,-66.112115,-66.117260
182.000000,-66.116796,-66.112117,-66.117262
182.050000,-66.116798,-66.112119,-66.117264
182.100000,-66.116800,-66.112121,-66.117266
182.150000,-66.116803,-66.112123,-66.117268
182.200000,-66.116805,-66.112125,-66.117270
182.250000,-66.116807,-66.112127,-66.117272
182.300000,-66.116809,-66.112129,-66.117274
182.350000,-66.116811,-66.112131,-66.117276
182.400000,-66.116813,-66.112133,-66.117278
182.450000,-66.116815,-66.112135,-66.117280
182.500000,-66.116817,-66.112137,-66.117282
182.550000,-66.116819,-66.112139,-66.117284
182.600000,-66.116821,-66.112141,-66.117286
182.650000,-66.116823,-66.112143,-66.117288
182.700000,-66.116825,-66.112145,-66.117290
182.750000,-66.116827,-66.112147,-66.117292
182.800000,-66.116829,-66.112149,-66.117294
182.850000,-66.116831,-66.112151,-66.117296
182.900000,-66.116832,-66.112153,-66.117298
182.950000,-66.116834,-66.112155,-66.117300
183.000000,-66.116836,-66.112157,-66.117302
183.050000,-66.116838,-66.112159,-66.117304
183.100000,-66.116840,-66.112161,-66.117306
183.150000,-66.116842,-66.112163,-66.117308
183.200000,-66.116844,-66.112165,-66.117310
183.250000,-66.116846,-66.112167,-66.117312
183.300000,-66.116848,-66.112169,-66.117314
183.350000,-66.116850,-66.112171,-66.117316
183.400000,-66.116852,-66.112173,-66.117318
183.450000,-66.116854,-66.112175,-66.117320
183.500000,-66.116856,-66.112176,-66.117322
183.550000,-66.116858,-66.112178,-66.117324
183.600000,-66.116860,-66.112180,-66.117326
183.650000,-66.116862,-66.112182,-66.117327
183.700000,-66.116864,-66.112184,-66.117329
183.750000,-66.116866,-66.112186,-66.117331
183.800000,-66.116867,-66.112188,-66.117333
183.850000,-66.116869,-66.112190,-66.117335
183.900000,-66.116871,-66.112192,-66.117337
183.950000,-66.116873,-66.112194,-66.117339
184.000000,-66.116875,-66.112196,-66.117341
184.050000,-66.116877,-66.112198,-66.117343
184.100000,-66.116879,-66.112199,-66.117345
184.150000,-66.116881,-66.112201,-66.117346
184.200000,-66.116883,-66.112203,-66.117348
184.250000,-66.116884,-66.112205,-66.117350
184.300000,-66.116886,-66.112207,-66.117352
184.350000,-66.116888,-66.112209,-66.117354
184.400000,-66.116890,-66.112211,-66.117356
184.450000,-66.116892,-66.112213,-66.117358
184.500000,-66.116894,-66.112214,-66.117360
184.550000,-66.116896,-66.112216,-66.117361
184.600000,-66.116898,-66.112218,-66.117363
184.650000,-66.116899,-66.112220,-66.117365
184.700000,-66.116901,-66.112222,-66.117367
184.750000,-66.116903,-66.112224,-66.117369
184.800000,-66.116905,-66.112226,-66.117371
184.850000,-66.116907,-66.112227,-66.117373
184.900000,-66.116909,-66.112229,-66.117374
184.950000,-66.116910,-66.112231,-66.117376
185.000000,-66.116912,-66.112233,-66.117378
185.050000,-66.116914,-66.112235,-66.117380
185.100000,-66.116916,-66.112237,-66.117382
185.150000,-66.116918,-66.112238,-66.117384
185.200000,-66.116920,-66.112240,-66.117385
185.250000,-66.116921,-66.112242,-66.117387
185.300000,-66.116923,-66.112244,-66.117389
185.350000,-66.116925,-66.112246,-66.117391
185.400000,-66.116927,-66.112247,-66.117393
185.450000,-66.116929,-66.112249,-66.117394
185.500000,-66.116930,-66.112251,-66.117396
185.550000,-66.116932,-66.112253,-66.117398
185.600000,-66.116934,-66.112255,-66.117400
185.650000,-66.116936,-66.112256,-66.117402
185.700000,-66.116938,-66.112258,-66.117403
185.750000,-66.116939,-66.112260,-66.117405
185.800000,-66.116941,-66.112262,-66.117407
185.850000,-66.116943,-66.112264,-66.117409
185.900000,-66.116945,-66.112265,-66.117410
185.950000,-66.116946,-66.112267,-66.117412
186.000000,-66.116948,-66.112269,-66.117414
186.050000,-66.116950,-66.112271,-66.117416
186.100000,-66.116952,-66.112272,-66.117418
186.150000,-66.116954,-66.112274,-66.117419
186.200000,-66.116955,-66.112276,-66.117421
186.250000,-66.116957,-66.112278,-66.117423
186.300000,-66.116959,-66.112279,-66.117425
186.350000,-66.116961,-66.112281,-66.117426
186.400000,-66.116962,-66.112283,-66.117428
186.450000,-66.116964,-66.112285,-66.117430
186.500000,-66.116966,-66.112286,-66.117432
186.550000,-66.116967,-66.112288,-66.117433
186.600000,-66.116969,-66.112290,-66.117435
186.650000,-66.116971,-66.112292,-66.117437
186.700000,-66.116973,-66.112293,-66.117438
186.750000,-66.116974,-66.112295,-66.117440
186.800000,-66.116976,-66.112297,-66.117442
186.850000,-66.116978,-66.112298,-66.117444
186.900000,-66.116980,-66.112300,-66.117445
186.950000,-66.116981,-66.112302,-66.117447
187.000000,-66.116983,-66.112304,-66.117449
187.050000,-66.116985,-66.112305,-66.117450
187.100000,-66.116986,-66.112307,-66.117452
187.150000,-66.116988,-66.112309,-66.117454
187.200000,-66.116990,-66.112310,-66.117455
187.250000,-66.116991,-66.112312,-66.117457
187.300000,-66.116993,-66.112314,-66.117459
187.350000,-66.116995,-66.112315,-66.117461
187.400000,-66.116996,-66.112317,-66.117462
187.450000,-66.116998,-66.112319,-66.117464
187.500000,-66.117000,-66.112321,-66.117466
187.550000,-66.117001,-66.112322,-66.117467
187.600000,-66.117003,-66.112324,-66.117469
187.650000,-66.117005,-66.112326,-66.117471
187.700000,-66.117006,-66.112327,-66.117472
187.750000,-66.117008,-66.112329,-66.117474
187.800000,-66.117010,-66.112331,-66.117476
187.850000,-66.117011,-66.112332,-66.117477
187.900000,-66.117013,-66.112334,-66.117479
187.950000,-66.117015,-66.112335,-66.117481
188.000000,-66.117016,-66.112337,-66.117482
188.050000,-66.117018,-66.112339,-66.117484
188.100000,-66.117020,-66.112340,-66.117485
188.150000,-66.117021,-66.112342,-66.117487
188.200000,-66.117023,-66.112344,-66.117489
188.250000,-66.117025,-66.112345,-66.117490
188.300000,-66.117026,-66.112347,-66.117492
188.350000,-66.117028,-66.112349,-66.117494
188.400000,-66.117029,-66.112350,-66.117495
188.450000,-66.117031,-66.112352,-66.117497
188.500000,-66.117033,-66.112353,-66.117498
188.550000,-66.117034,-66.112355,-66.117500
188.600000,-66.117036,-66.112357,-66.117502
188.650000,-66.117038,-66.112358,-66.117503
188.700000,-66.117039,-66.112360,-66.117505
188.750000,-66.117041,-66.112361,-66.117506
188.800000,-66.117042,-66.112363,-66.117508
188.850000,-66.117044,-66.112365,-66.117510
188.900000,-66.117045,-66.112366,-66.117511
188.950000,-66.117047,-66.112368,-66.117513
189.000000,-66.117049,-66.112369,-66.117514
189.050000,-66.117050,-66.112371,-66.117516
189.100000,-66.117052,-66.112373,-66.117518
189.150000,-66.117053,-66.112374,-66.117519
189.200000,-66.117055,-66.112376,-66.117521
189.250000,-66.117057,-66.112377,-66.117522
189.300000,-66.117058,-66.112379,-66.117524
189.350000,-66.117060,-66.112380,-66.117525
189.400000,-66.117061,-66.112382,-66.117527
189.450000,-66.117063,-66.112384,-66.117529
189.500000,-66.117064,-66.112385,-66.117530
189.550000,-66.117066,-66.112387,-66.117532
189.600000,-66.117067,-66.112388,-66.117533
189.650000,-66.117069,-66.112390,-66.117535
189.700000,-66.117071,-66.112391,-66.117536
189.750000,-66.117072,-66.112393,-66.117538
189.800000,-66.117074,-66.112394,-66.117539
189.850000,-66.117075,-66.112396,-66.117541
189.900000,-66.117077,-66.112398,-66.117543
189.950000,-66.117078,-66.112399,-66.117544
190.000000,-66.117080,-66.112401,-66.117546
190.050000,-66.117081,-66.112402,-66.117547
190.100000,-66.117083,-66.112404,-66.117549
190.150000,-66.117084,-66.112405,-66.117550
190.200000,-66.117086,-66.112407,-66.117552
190.250000,-66.117087,-66.112408,-66.117553
190.300000,-66.117089,-66.112410,-66.117555
190.350000,-66.117090,-66.112411,-66.117556
190.400000,-66.117092,-66.112413,-66.117558
190.450000,-66.117093,-66.112414,-66.117559
190.500000,-66.117095,-66.112416,-66.117561
190.550000,-66.117096,-66.112417,-66.117562
190.600000,-66.117098,-66.112419,-66.117564
190.650000,-66.117099,-66.112420,-66.117565
190.700000,-66.117101,-66.112422,-66.117567
190.750000,-66.117102,-66.112423,-66.117568
190.800000,-66.117104,-66.112425,-66.117570
190.850000,-66.117105,-66.112426,-66.117571
190.900000,-66.117107,-66.112428,-66.117573
190.950000,-66.117108,-66.112429,-66.117574
191.000000,-66.117110,-66.112431,-66.117576
191.050000,-66.117111,-66.112432,-66.117577
191.100000,-66.117113,-66.112434,-66.117579
191.150000,-66.117114,-66.112435,-66.117580
191.200000,-66.117116,-66.112437,-66.117582
191.250000,-66.117117,-66.112438,-66.117583
191.300000,-66.117119,-66.112440,-66.117584
191.350000,-66.117120,-66.112441,-66.117586
191.400000,-66.117122,-66.112442,-66.117587
191.450000,-66.117123,-66.112444,-66.117589
191.500000,-66.117125,-66.112445,-66.117590
191.550000,-66.117126,-66.112447,-66.117592
191.600000,-66.117127,-66.112448,-66.117593
191.650000,-66.117129,-66.112450,-66.117595
191.700000,-66.117130,-66.112451,-66.117596
191.750000,-66.117132,-66.112453,-66.117598
191.800000,-66.117133,-66.112454,-66.117599
191.850000,-66.117135,-66.112455,-66.117600
191.900000,-66.117136,-66.112457,-66.117602
191.950000,-66.117137,-66.112458,-66.117603
192.000000,-66.117139,-66.112460,-66.117605
192.050000,-66.117140,-66.112461,-66.117606
192.100000,-66.117142,-66.112463,-66.117608
192.150000,-66.117143,-66.112464,-66.117609
192.200000,-66.117145,-66.112465,-66.117610
192.250000,-66.117146,-66.112467,-66.117612
192.300000,-66.117147,-66.112468,-66.117613
192.350000,-66.117149,-66.112470,-66.117615
192.400000,-66.117150,-66.112471,-66.117616
192.450000,-66.117152,-66.112472,-66.117617
192.500000,-66.117153,-66.112474,-66.117619
192.550000,-66.117154,-66.112475,-66.117620
192.600000,-66.117156,-66.112477,-66.117622
192.650000,-66.117157,-66.112478,-66.117623
192.700000,-66.117159,-66.112479,-66.117624
192.750000,-66.117160,-66.112481,-66.117626
192.800000,-66.117161,-66.112482,-66.117627
192.850000,-66.117163,-66.112484,-66.117629
192.900000,-66.117164,-66.112485,-66.117630
192.950000,-66.117165,-66.112486,-66.117631
193.000000,-66.117167,-66.112488,-66.117633
193.050000,-66.117168,-66.112489,-66.117634
193.100000,-66.117170,-66.112491,-66.117635
193.150000,-66.117171,-66.112492,-66.117637
193.200000,-66.117172,-66.112493,-66.117638
193.250000,-66.117174,-66.112495,-66.117640
193.300000,-66.117175,-66.112496,-66.117641
193.350000,-66.117176,-66.112497,-66.117642
193.400000,-66.117178,-66.112499,-66.117644
193.450000,-66.117179,-66.112500,-66.117645
193.500000,-66.117180,-66.112501,-66.117646
193.550000,-66.117182,-66.112503,-66.117648
193.600000,-66.117183,-66.112504,-66.117649
193.650000,-66.117185,-66.112505,-66.117650
193.700000,-66.117186,-66.112507,-66.117652
193.750000,-66.117187,-66.112508,-66.117653
193.800000,-66.117189,-66.112509,-66.117654
193.850000,-66.117190,-66.112511,-66.117656
193.900000,-66.117191,-66.112512,-66.117657
193.950000,-66.117193,-66.112513,-66.117658
194.000000,-66.117194,-66.112515,-66.117660
194.050000,-66.117195,-66.112516,-66.117661
194.100000,-66.117197,-66.112517,-66.117662
194.150000,-66.117198,-66.112519,-66.117664
194.200000,-66.117199,-66.112520,-66.117665
194.250000,-66.117200,-66.112521,-66.117666
194.300000,-66.117202,-66.112523,-66.117668
194.350000,-66.117203,-66.112524,-66.117669
194.400000,-66.117204,-66.112525,-66.117670
194.450000,-66.117206,-66.112527,-66.117672
194.500000,-66.117207,-66.112528,-66.117673
194.550000,-66.117208,-66.112529,-66.117674
194.600000,-66.117210,-66.112531,-66.117675
194.650000,-66.117211,-66.112532,-66.117677
194.700000,-66.117212,-66.112533,-66.117678
194.750000,-66.117213,-66.112534,-66.117679
194.800000,-66.117215,-66.112536,-66.117681
194.850000,-66.117216,-66.112537,-66.117682
194.900000,-66.117217,-66.112538,-66.117683
194.950000,-66.117219,-66.112540,-66.117684
195.000000,-66.117220,-66.112541,-66.117686
195.050000,-66.117221,-66.112542,-66.117687
195.100000,-66.117222,-66.112543,-66.117688
195.150000,-66.117224,-66.112545,-66.117690
195.200000,-66.117225,-66.112546,-66.117691
195.250000,-66.117226,-66.112547,-66.117692
195.300000,-66.117228,-66.112549,-66.117693
195.350000,-66.117229,-66.112550,-66.117695
195.400000,-66.117230,-66.112551,-66.117696
195.450000,-66.117231,-66.112552,-66.117697
195.500000,-66.117233,-66.112554,-66.117698
195.550000,-66.117234,-66.112555,-66.117700
195.600000,-66.117235,-66.112556,-66.117701
195.650000,-66.117236,-66.112557,-66.117702
195.700000,-66.117238,-66.112559,-66.117703
195.750000,-66.117239,-66.112560,-66.117705
195.800000,-66.117240,-66.112561,-66.117706
195.850000,-66.117241,-66.112562,-66.117707
195.900000,-66.117243,-66.112564,-66.117708
195.950000,-66.117244,-66.112565,-66.117710
196.000000,-66.117245,-66.112566,-66.117711
196.050000,-66.117246,-66.112567,-66.117712
196.100000,-66.117248,-66.112569,-66.117713
196.150000,-66.117249,-66.112570,-66.117715
196.200000,-66.117250,-66.112571,-66.117716
196.250000,-66.117251,-66.112572,-66.117717
196.300000,-66.117252,-66.112573,-66.117718
196.350000,-66.117254,-66.112575,-66.117719
196.400000,-66.117255,-66.112576,-66.117721
196.450000,-66.117256,-66.112577,-66.117722
196.500000,-66.117257,-66.112578,-66.117723
196.550000,-66.117259,-66.112580,-66.117724
196.600000,-66.117260,-66.112581,-66.117726
196.650000,-66.117261,-66.112582,-66.117727
196.700000,-66.117262,-66.112583,-66.117728
196.750000,-66.117263,-66.112584,-66.117729
196.800000,-66.117265,-66.112586,-66.117730
196.850000,-66.117266,-66.112587,-66.117732
196.900000,-66.117267,-66.112588,-66.117733
196.950000,-66.117268,-66.112589,-66.117734
197.000000,-66.117269,-66.112590,-66.117735
197.050000,-66.117271,-66.112592,-66.117736
197.100000,-66.117272,-66.112593,-66.117738
197.150000,-66.117273,-66.112594,-66.117739
197.200000,-66.117274,-66.112595,-66.117740
197.250000,-66.117275,-66.112596,-66.117741
197.300000,-66.117276,-66.112597,-66.117742
197.350000,-66.117278,-66.112599,-66.117743
197.400000,-66.117279,-66.112600,-66.117745
197.450000,-66.117280,-66.112601,-66.117746
197.500000,-66.117281,-66.112602,-66.117747
197.550000,-66.117282,-66.112603,-66.117748
197.600000,-66.117283,-66.112605,-66.117749
197.650000,-66.117285,-66.112606,-66.117750
197.700000,-66.117286,-66.112607,-66.117752
197.750000,-66.117287,-66.112608,-66.117753
197.800000,-66.117288,-66.112609,-66.117754
197.850000,-66.117289,-66.112610,-66.117755
197.900000,-66.117290,-66.112611,-66.117756
197.950000,-66.117292,-66.112613,-66.117757
198.000000,-66.117293,-66.112614,-66.117759
198.050000,-66.117294,-66.112615,-66.117760
198.100000,-66.117295,-66.112616,-66.117761
198.150000,-66.117296,-66.112617,-66.117762
198.200000,-66.117297,-66.112618,-66.117763
198.250000,-66.117298,-66.112620,-66.117764
198.300000,-66.117300,-66.112621,-66.117765
198.350000,-66.117301,-66.112622,-66.117767
198.400000,-66.117302,-66.112623,-66.117768
198.450000,-66.117303,-66.112624,-66.117769
198.500000,-66.117304,-66.112625,-66.117770
198.550000,-66.117305,-66.112626,-66.117771
198.600000,-66.117306,-66.112627,-66.117772
198.650000,-66.117308,-66.112629,-66.117773
198.700000,-66.117309,-66.112630,-66.117774
198.750000,-66.117310,-66.112631,-66.117776
198.800000,-66.117311,-66.112632,-66.117777
198.850000,-66.117312,-66.112633,-66.117778
198.900000,-66.117313,-66.112634,-66.117779
198.950000,-66.117314,-66.112635,-66.117780
199.000000,-66.117315,-66.112636,-66.117781
199.050000,-66.117316,-66.112638,-66.117782
199.100000,-66.117318,-66.112639,-66.117783
199.150000,-66.117319,-66.112640,-66.117784
199.200000,-66.117320,-66.112641,-66.117786
199.250000,-66.117321,-66.112642,-66.117787
199.300000,-66.117322,-66.112643,-66.117788
199.350000,-66.117323,-66.112644,-66.117789
199.400000,-66.117324,-66.112645,-66.117790
199.450000,-66.117325,-66.112646,-66.117791
199.500000,-66.117326,-66.112647,-66.117792
199.550000,-66.117327,-66.112649,-66.117793
199.600000,-66.117329,-66.112650,-66.117794
199.650000,-66.117330,-66.112651,-66.117795
199.700000,-66.117331,-66.112652,-66.117797
199.750000,-66.117332,-66.112653,-66.117798
199.800000,-66.117333,-66.112654,-66.117799
199.850000,-66.117334,-66.112655,-66.117800
199.900000,-66.117335,-66.112656,-66.117801
199.950000,-66.117336,-66.112657,-66.117802
200.000000,-66.117337,-66.112658,-66.117803
200.050000,-65.754349,-65.875400,-65.802881
200.100000,-65.502320,-65.659412,-65.562258
200.150000,-65.295187,-65.468752,-65.359422
200.200000,-65.112656,-65.295931,-65.179106
200.250000,-64.946162,-65.136046,-65.013997
200.300000,-64.791196,-64.986006,-64.860006
200.350000,-64.645042,-64.843743,-64.714591
200.400000,-64.505919,-64.707813,-64.576057
200.450000,-64.372589,-64.577169,-64.443215
200.500000,-64.244154,-64.451032,-64.315196
200.550000,-64.119940,-64.328809,-64.191346
200.600000,-63.999425,-64.210035,-64.071153
200.650000,-63.882195,-64.094338,-63.954215
200.700000,-63.767918,-63.981418,-63.840203
200.750000,-63.656316,-63.871024,-63.728845
200.800000,-63.547159,-63.762949,-63.619916
200.850000,-63.440251,-63.657012,-63.513220
200.900000,-63.335425,-63.553060,-63.408594
200.950000,-63.232534,-63.450961,-63.305892
201.000000,-63.131452,-63.350597,-63.204988
201.050000,-63.032066,-63.251864,-63.105773
201.100000,-62.934276,-63.154671,-63.008147
201.150000,-62.837994,-63.058935,-62.912021
201.200000,-62.743140,-62.964581,-62.817318
201.250000,-62.649642,-62.871544,-62.723965
201.300000,-62.557435,-62.779761,-62.631897
201.350000,-62.466459,-62.689177,-62.541056
201.400000,-62.376661,-62.599741,-62.451389
201.450000,-62.287990,-62.511407,-62.362844
201.500000,-62.200401,-62.424130,-62.275379
201.550000,-62.113851,-62.337872,-62.188949
201.600000,-62.028303,-62.252595,-62.103517
201.650000,-61.943718,-62.168265,-62.019046
201.700000,-61.860065,-62.084849,-61.935504
201.750000,-61.777312,-62.002318,-61.852859
201.800000,-61.695429,-61.920643,-61.771081
201.850000,-61.614388,-61.839797,-61.690144
201.900000,-61.534165,-61.759758,-61.610021
201.950000,-61.454735,-61.680499,-61.530690
202.000000,-61.376075,-61.602001,-61.452126
202.050000,-61.298163,-61.524242,-61.374310
202.100000,-61.220980,-61.447202,-61.297219
202.150000,-61.144507,-61.370862,-61.220837
202.200000,-61.068724,-61.295205,-61.145143
202.250000,-60.993615,-61.220215,-61.070122
202.300000,-60.919164,-61.145874,-60.995757
202.350000,-60.845355,-61.072168,-60.922032
202.400000,-60.772172,-60.999083,-60.848932
202.450000,-60.699603,-60.926603,-60.776444
202.500000,-60.627633,-60.854717,-60.704555
202.550000,-60.556250,-60.783412,-60.633250
202.600000,-60.485441,-60.712675,-60.562519
202.650000,-60.415195,-60.642494,-60.492348
202.700000,-60.345500,-60.572860,-60.422728
202.750000,-60.276346,-60.503761,-60.353648
202.800000,-60.207723,-60.435186,-60.285097
202.850000,-60.139619,-60.367127,-60.217065
202.900000,-60.072027,-60.299574,-60.149543
202.950000,-60.004937,-60.232518,-60.082522
203.000000,-59.938339,-60.165949,-60.015992
203.050000,-59.872227,-60.099861,-59.949947
203.100000,-59.806591,-60.034244,-59.884377
203.150000,-59.741424,-59.969092,-59.819275
203.200000,-59.676718,-59.904396,-59.754634
203.250000,-59.612467,-59.840150,-59.690446
203.300000,-59.548662,-59.776346,-59.626704
203.350000,-59.485299,-59.712978,-59.563401
203.400000,-59.422369,-59.650040,-59.500532
203.450000,-59.359867,-59.587525,-59.438090
203.500000,-59.297787,-59.525428,-59.376069
203.550000,-59.236123,-59.463742,-59.314463
203.600000,-59.174869,-59.402463,-59.253267
203.650000,-59.114020,-59.341584,-59.192475
203.700000,-59.053572,-59.281100,-59.132082
203.750000,-58.993517,-59.221007,-59.072083
203.800000,-58.933853,-59.161300,-59.012473
203.850000,-58.874574,-59.101973,-58.953248
203.900000,-58.815675,-59.043023,-58.894402
203.950000,-58.757152,-58.984445,-58.835932
204.000000,-58.699002,-58.926235,-58.777832
204.050000,-58.641218,-58.868388,-58.720100
204.100000,-58.583799,-58.810900,-58.662731
204.150000,-58.526739,-58.753769,-58.605721
204.200000,-58.470035,-58.696989,-58.549066
204.250000,-58.413683,-58.640558,-58.492762
204.300000,-58.357680,-58.584471,-58.436807
204.350000,-58.302022,-58.528726,-58.381196
204.400000,-58.246706,-58.473318,-58.325927
204.450000,-58.191728,-58.418246,-58.270996
204.500000,-58.137086,-58.363505,-58.216399
204.550000,-58.082776,-58.309093,-58.162134
204.600000,-58.028796,-58.255006,-58.108199
204.650000,-57.975142,-58.201242,-58.054589
204.700000,-57.921812,-58.147798,-58.001302
204.750000,-57.868803,-58.094672,-57.948336
204.800000,-57.816112,-58.041860,-57.895687
204.850000,-57.763736,-57.989360,-57.843354
204.900000,-57.711674,-57.937169,-57.791333
204.950000,-57.659922,-57.885286,-57.739622
205.000000,-57.608479,-57.833707,-57.688219
205.050000,-57.557341,-57.782431,-57.637121
205.100000,-57.506507,-57.731455,-57.586326
205.150000,-57.455974,-57.680777,-57.535832
205.200000,-57.405740,-57.630394,-57.485637
205.250000,-57.355804,-57.580305,-57.435738
205.300000,-57.306162,-57.530508,-57.386134
205.350000,-57.256813,-57.481001,-57.336822
205.400000,-57.207755,-57.431781,-57.287801
205.450000,-57.158986,-57.382847,-57.239068
205.500000,-57.110504,-57.334197,-57.190622
205.550000,-57.062308,-57.285829,-57.142461
205.600000,-57.014394,-57.237741,-57.094583
205.650000,-56.966763,-57.189932,-57.046986
205.700000,-56.919411,-57.142399,-56.999669
205.750000,-56.872338,-57.095142,-56.952629
205.800000,-56.825541,-57.048159,-56.905866
205.850000,-56.779019,-57.001447,-56.859377
205.900000,-56.732770,-56.955006,-56.813160
205.950000,-56.686793,-56.908834,-56.767216
206.000000,-56.641086,-56.862929,-56.721540
206.050000,-56.595647,-56.817289,-56.676133
206.100000,-56.550476,-56.771914,-56.630993
206.150000,-56.505570,-56.726802,-56.586118
206.200000,-56.460928,-56.681952,-56.541507
206.250000,-56.416550,-56.637361,-56.497158
206.300000,-56.372432,-56.593029,-56.453070
206.350000,-56.328574,-56.548955,-56.409241
206.400000,-56.284975,-56.505137,-56.365671
206.450000,-56.241633,-56.461573,-56.322358
206.500000,-56.198548,-56.418263,-56.279300
206.550000,-56.155716,-56.375205,-56.236497
206.600000,-56.113138,-56.332398,-56.193947
206.650000,-56.070813,-56.289840,-56.151648
206.700000,-56.028738,-56.247531,-56.109600
206.750000,-55.986912,-56.205470,-56.067801
206.800000,-55.945335,-56.163654,-56.026250
206.850000,-55.904005,-56.122084,-55.984946
206.900000,-55.862921,-56.080757,-55.943888
206.950000,-55.822082,-56.039673,-55.903074
207.000000,-55.781486,-55.998830,-55.862504
207.050000,-55.741133,-55.958227,-55.822175
207.100000,-55.701021,-55.917864,-55.782087
207.150000,-55.661149,-55.877739,-55.742239
207.200000,-55.621516,-55.837851,-55.702630
207.250000,-55.582121,-55.798198,-55.663258
207.300000,-55.542962,-55.758781,-55.624123
207.350000,-55.504040,-55.719597,-55.585223
207.400000,-55.465351,-55.680646,-55.546557
207.450000,-55.426896,-55.641927,-55.508125
207.500000,-55.388674,-55.603438,-55.469924
207.550000,-55.350683,-55.565179,-55.431955
207.600000,-55.312922,-55.527148,-55.394215
207.650000,-55.275390,-55.489345,-55.356704
207.700000,-55.238086,-55.451768,-55.319422
207.750000,-55.201010,-55.414417,-55.282365
207.800000,-55.164159,-55.377290,-55.245535
207.850000,-55.127533,-55.340387,-55.208930
207.900000,-55.091132,-55.303706,-55.172548
207.950000,-55.054953,-55.267247,-55.136389
208.000000,-55.018996,-55.231008,-55.100451
208.050000,-54.983260,-55.194988,-55.064734
208.100000,-54.947744,-55.159188,-55.029237
208.150000,-54.912447,-55.123604,-54.993958
208.200000,-54.877368,-55.088238,-54.958897
208.250000,-54.842506,-55.053087,-54.924053
208.300000,-54.807859,-55.018150,-54.889424
208.350000,-54.773427,-54.983427,-54.855010
208.400000,-54.739209,-54.948917,-54.820809
208.450000,-54.705204,-54.914618,-54.786820
208.500000,-54.671410,-54.880530,-54.753044
208.550000,-54.637828,-54.846652,-54.719478
208.600000,-54.604455,-54.812983,-54.686121
208.650000,-54.571291,-54.779522,-54.652973
208.700000,-54.538335,-54.746267,-54.620033
208.750000,-54.505586,-54.713218,-54.587299
208.800000,-54.473042,-54.680375,-54.554771
208.850000,-54.440704,-54.647735,-54.522447
208.900000,-54.408569,-54.615298,-54.490328
208.950000,-54.376637,-54.583064,-54.458411
209.000000,-54.344908,-54.551031,-54.426695
209.050000,-54.313379,-54.519198,-54.395181
209.100000,-54.282050,-54.487564,-54.363866
209.150000,-54.250921,-54.456128,-54.332750
209.200000,-54.219989,-54.424890,-54.301832
209.250000,-54.189254,-54.393849,-54.271111
209.300000,-54.158716,-54.363003,-54.240586
209.350000,-54.128373,-54.332351,-54.210255
209.400000,-54.098223,-54.301894,-54.180119
209.450000,-54.068267,-54.271628,-54.150175
209.500000,-54.038504,-54.241555,-54.120424
209.550000,-54.008931,-54.211672,-54.090863
209.600000,-53.979549,-54.181980,-54.061493
209.650000,-53.950356,-54.152476,-54.032312
209.700000,-53.921351,-54.123160,-54.003319
209.750000,-53.892534,-54.094031,-53.974513
209.800000,-53.863903,-54.065088,-53.945893
209.850000,-53.835457,-54.036330,-53.917458
209.900000,-53.807196,-54.007756,-53.889208
209.950000,-53.779118,-53.979366,-53.861140
210.000000,-53.751223,-53.951157,-53.833255
210.050000,-53.723509,-53.923130,-53.805552
210.100000,-53.695976,-53.895284,-53.778028
210.150000,-53.668622,-53.867616,-53.750684
210.200000,-53.641446,-53.840128,-53.723518
210.250000,-53.614448,-53.812816,-53.696530
210.300000,-53.587627,-53.785681,-53.669717
210.350000,-53.560981,-53.758722,-53.643081
210.400000,-53.534510,-53.731937,-53.616619
210.450000,-53.508212,-53.705326,-53.590330
210.500000,-53.482088,-53.678888,-53.564214
210.550000,-53.456134,-53.652621,-53.538269
210.600000,-53.430352,-53.626526,-53.512495
210.650000,-53.404740,-53.600600,-53.486890
210.700000,-53.379296,-53.574843,-53.461454
210.750000,-53.354020,-53.549254,-53.436186
210.800000,-53.328911,-53.523833,-53.411085
210.850000,-53.303967,-53.498577,-53.386149
210.900000,-53.279189,-53.473486,-53.361378
210.950000,-53.254575,-53.448560,-53.336770
211.000000,-53.230123,-53.423797,-53.312326
211.050000,-53.205834,-53.399196,-53.288043
211.100000,-53.181705,-53.374757,-53.263922
211.150000,-53.157737,-53.350478,-53.239960
211.200000,-53.133928,-53.326358,-53.216157
211.250000,-53.110277,-53.302397,-53.192512
211.300000,-53.086783,-53.278594,-53.169025
211.350000,-53.063445,-53.254947,-53.145693
211.400000,-53.040263,-53.231456,-53.122516
211.450000,-53.017234,-53.208120,-53.099494
211.500000,-52.994360,-53.184937,-53.076624
211.550000,-52.971637,-53.161908,-53.053907
211.600000,-52.949066,-53.139030,-53.031341
211.650000,-52.926645,-53.116303,-53.008926
211.700000,-52.904374,-53.093726,-52.986659
211.750000,-52.882251,-53.071298,-52.964541
211.800000,-52.860275,-53.049019,-52.942571
211.850000,-52.838447,-53.026886,-52.920747
211.900000,-52.816763,-53.004900,-52.899068
211.950000,-52.795225,-52.983059,-52.877534
212.000000,-52.773830,-52.961363,-52.856143
212.050000,-52.752578,-52.939809,-52.834895
212.100000,-52.731467,-52.918399,-52.813788
212.150000,-52.710497,-52.897129,-52.792822
212.200000,-52.689667,-52.876001,-52.771996
212.250000,-52.668976,-52.855012,-52.751309
212.300000,-52.648423,-52.834161,-52.730759
212.350000,-52.628007,-52.813449,-52.710347
212.400000,-52.607727,-52.792873,-52.690070
212.450000,-52.587582,-52.772434,-52.669928
212.500000,-52.567572,-52.752129,-52.649921
212.550000,-52.547694,-52.731958,-52.630046
212.600000,-52.527949,-52.711921,-52.610304
212.650000,-52.508335,-52.692016,-52.590693
212.700000,-52.488852,-52.672242,-52.571212
212.750000,-52.469498,-52.652599,-52.551861
212.800000,-52.450273,-52.633085,-52.532638
212.850000,-52.431176,-52.613699,-52.513543
212.900000,-52.412205,-52.594442,-52.494575
212.950000,-52.393360,-52.575311,-52.475732
213.000000,-52.374640,-52.556306,-52.457014
213.050000,-52.356044,-52.537426,-52.438420
213.100000,-52.337571,-52.518670,-52.419949
213.150000,-52.319220,-52.500038,-52.401600
213.200000,-52.300991,-52.481527,-52.383372
213.250000,-52.282881,-52.463138,-52.365264
213.300000,-52.264892,-52.444870,-52.347276
213.350000,-52.247021,-52.426721,-52.329407
213.400000,-52.229267,-52.408691,-52.311654
213.450000,-52.211630,-52.390778,-52.294019
213.500000,-52.194110,-52.372983,-52.276499
213.550000,-52.176704,-52.355303,-52.259095
213.600000,-52.159412,-52.337739,-52.241804
213.650000,-52.142233,-52.320289,-52.224626
213.700000,-52.125167,-52.302953,-52.207561
213.750000,-52.108212,-52.285729,-52.190607
213.800000,-52.091368,-52.268617,-52.173763
213.850000,-52.074634,-52.251616,-52.157029
213.900000,-52.058008,-52.234725,-52.140404
213.950000,-52.041490,-52.217942,-52.123887
214.000000,-52.025079,-52.201269,-52.107477
214.050000,-52.008775,-52.184702,-52.091173
214.100000,-51.992576,-52.168242,-52.074974
214.150000,-51.976482,-52.151888,-52.058880
214.200000,-51.960491,-52.135639,-52.042889
214.250000,-51.944603,-52.119493,-52.027001
214.300000,-51.928817,-52.103451,-52.011215
214.350000,-51.913132,-52.087511,-51.995530
214.400000,-51.897547,-52.071673,-51.979945
214.450000,-51.882062,-52.055936,-51.964460
214.500000,-51.866676,-52.040298,-51.949073
214.550000,-51.851387,-52.024759,-51.933784
214.600000,-51.836195,-52.009319,-51.918592
214.650000,-51.821099,-51.993976,-51.903496
214.700000,-51.806099,-51.978729,-51.888495
214.750000,-51.791193,-51.963579,-51.873589
214.800000,-51.776381,-51.948523,-51.858776
214.850000,-51.761662,-51.933561,-51.844056
214.900000,-51.747035,-51.918693,-51.829428
214.950000,-51.732499,-51.903917,-51.814891
215.000000,-51.718053,-51.889233,-51.800445
215.050000,-51.703697,-51.874640,-51.786088
215.100000,-51.689430,-51.860138,-51.771820
215.150000,-51.675252,-51.845724,-51.757641
215.200000,-51.661160,-51.831400,-51.743548
215.250000,-51.647155,-51.817163,-51.729542
215.300000,-51.633236,-51.803013,-51.715622
215.350000,-51.619402,-51.788950,-51.701787
215.400000,-51.605653,-51.774972,-51.688036
215.450000,-51.591986,-51.761079,-51.674368
215.500000,-51.578403,-51.747270,-51.660783
215.550000,-51.564901,-51.733545,-51.647281
215.600000,-51.551481,-51.719902,-51.633859
215.650000,-51.538141,-51.706341,-51.620518
215.700000,-51.524881,-51.692861,-51.607256
215.750000,-51.511700,-51.679461,-51.594074
215.800000,-51.498598,-51.666141,-51.580970
215.850000,-51.485573,-51.652900,-51.567943
215.900000,-51.472625,-51.639737,-51.554993
215.950000,-51.459753,-51.626652,-51.542120
216.000000,-51.446956,-51.613644,-51.529322
216.050000,-51.434234,-51.600711,-51.516598
216.100000,-51.421587,-51.587854,-51.503948
216.150000,-51.409012,-51.575071,-51.491372
216.200000,-51.396510,-51.562363,-51.478869
216.250000,-51.384080,-51.549728,-51.466437
216.300000,-51.371722,-51.537165,-51.454076
216.350000,-51.359434,-51.524674,-51.441786
216.400000,-51.347215,-51.512255,-51.429566
216.450000,-51.335066,-51.499906,-51.417415
216.500000,-51.322986,-51.487627,-51.405332
216.550000,-51.310973,-51.475417,-51.393318
216.600000,-51.299028,-51.463275,-51.381370
216.650000,-51.287149,-51.451202,-51.369489
216.700000,-51.275336,-51.439195,-51.357674
216.750000,-51.263588,-51.427256,-51.345924
216.800000,-51.251904,-51.415382,-51.334238
216.850000,-51.240285,-51.403573,-51.322617
216.900000,-51.228729,-51.391829,-51.311058
216.950000,-51.217236,-51.380149,-51.299563
217.000000,-51.205804,-51.368533,-51.288129
217.050000,-51.194434,-51.356979,-51.276757
217.100000,-51.183125,-51.345487,-51.265446
217.150000,-51.171876,-51.334057,-51.254194
217.200000,-51.160687,-51.322687,-51.243002
217.250000,-51.149556,-51.311378,-51.231870
217.300000,-51.138484,-51.300129,-51.220795
217.350000,-51.127470,-51.288938,-51.209778
217.400000,-51.116512,-51.277806,-51.198818
217.450000,-51.105611,-51.266732,-51.187915
217.500000,-51.094767,-51.255715,-51.177068
217.550000,-51.083977,-51.244755,-51.166276
217.600000,-51.073243,-51.233851,-51.155539
217.650000,-51.062562,-51.223003,-51.144856
217.700000,-51.051935,-51.212209,-51.134227
217.750000,-51.041362,-51.201470,-51.123650
217.800000,-51.030840,-51.190785,-51.113127
217.850000,-51.020371,-51.180153,-51.102655
217.900000,-51.009953,-51.169573,-51.092235
217.950000,-50.999586,-51.159046,-51.081865
218.000000,-50.989270,-51.148570,-51.071546
218.050000,-50.979003,-51.138145,-51.061276
218.100000,-50.968785,-51.127771,-51.051056
218.150000,-50.958616,-51.117447,-51.040884
218.200000,-50.948495,-51.107172,-51.030761
218.250000,-50.938422,-51.096946,-51.020685
218.300000,-50.928395,-51.086769,-51.010656
218.350000,-50.918416,-51.076639,-51.000674
218.400000,-50.908482,-51.066557,-50.990738
218.450000,-50.898594,-51.056521,-50.980847
218.500000,-50.888751,-51.046532,-50.971002
218.550000,-50.878953,-51.036588,-50.961201
218.600000,-50.869199,-51.026690,-50.951444
218.650000,-50.859488,-51.016837,-50.941730
218.700000,-50.849820,-51.007028,-50.932060
218.750000,-50.840195,-50.997262,-50.922432
218.800000,-50.830612,-50.987540,-50.912846
218.850000,-50.821070,-50.977861,-50.903302
218.900000,-50.811570,-50.968224,-50.893799
218.950000,-50.802110,-50.958629,-50.884336
219.000000,-50.792691,-50.949076,-50.874914
219.050000,-50.783311,-50.939563,-50.865532
219.100000,-50.773970,-50.930091,-50.856188
219.150000,-50.764668,-50.920658,-50.846884
219.200000,-50.755405,-50.911266,-50.837618
219.250000,-50.746179,-50.901912,-50.828389
219.300000,-50.736991,-50.892597,-50.819198
219.350000,-50.727840,-50.883320,-50.810045
219.400000,-50.718726,-50.874081,-50.800927
219.450000,-50.709647,-50.864880,-50.791846
219.500000,-50.700605,-50.855715,-50.782801
219.550000,-50.691597,-50.846587,-50.773791
219.600000,-50.682625,-50.837494,-50.764816
219.650000,-50.673687,-50.828438,-50.755875
219.700000,-50.664783,-50.819416,-50.746969
219.750000,-50.655913,-50.810429,-50.738096
219.800000,-50.647076,-50.801477,-50.729256
219.850000,-50.638272,-50.792559,-50.720449
219.900000,-50.629500,-50.783674,-50.711675
219.950000,-50.620760,-50.774822,-50.702932
220.000000,-50.612052,-50.766003,-50.694221
220.050000,-50.603375,-50.757217,-50.685542
220.100000,-50.594729,-50.748462,-50.676893
220.150000,-50.586114,-50.739739,-50.668275
220.200000,-50.577529,-50.731048,-50.659687
220.250000,-50.568973,-50.722387,-50.651129
220.300000,-50.560447,-50.713756,-50.642600
220.350000,-50.551950,-50.705156,-50.634101
220.400000,-50.543481,-50.696585,-50.625630
220.450000,-50.535041,-50.688044,-50.617187
220.500000,-50.526629,-50.679532,-50.608772
220.550000,-50.518244,-50.671048,-50.600385
220.600000,-50.509887,-50.662593,-50.592025
220.650000,-50.501556,-50.654165,-50.583691
220.700000,-50.493252,-50.645766,-50.575385
220.750000,-50.484974,-50.637393,-50.567104
220.800000,-50.476722,-50.629047,-50.558850
220.850000,-50.468496,-50.620728,-50.550621
220.900000,-50.460295,-50.612435,-50.542417
220.950000,-50.452118,-50.604168,-50.534238
221.000000,-50.443966,-50.595926,-50.526084
221.050000,-50.435839,-50.587710,-50.517954
221.100000,-50.427735,-50.579519,-50.509847
221.150000,-50.419655,-50.571352,-50.501765
221.200000,-50.411598,-50.563209,-50.493705
221.250000,-50.403564,-50.555091,-50.485669
221.300000,-50.395553,-50.546996,-50.477655
221.350000,-50.387564,-50.538924,-50.469664
221.400000,-50.379598,-50.530876,-50.461695
221.450000,-50.371653,-50.522850,-50.453748
221.500000,-50.363729,-50.514846,-50.445822
221.550000,-50.355827,-50.506865,-50.437917
221.600000,-50.347945,-50.498905,-50.430033
221.650000,-50.340084,-50.490968,-50.422170
221.700000,-50.332244,-50.483051,-50.414327
221.750000,-50.324424,-50.475155,-50.406504
221.800000,-50.316623,-50.467280,-50.398701
221.850000,-50.308842,-50.459426,-50.390918
221.900000,-50.301080,-50.451591,-50.383154
221.950000,-50.293337,-50.443777,-50.375408
222.000000,-50.285613,-50.435982,-50.367682
222.050000,-50.277907,-50.428206,-50.359974
222.100000,-50.270219,-50.420449,-50.352284
222.150000,-50.262549,-50.412711,-50.344612
222.200000,-50.254897,-50.404992,-50.336957
222.250000,-50.247263,-50.397291,-50.329320
222.300000,-50.239645,-50.389608,-50.321701
222.350000,-50.232045,-50.381943,-50.314098
222.400000,-50.224461,-50.374296,-50.306512
222.450000,-50.216893,-50.366665,-50.298942
222.500000,-50.209342,-50.359052,-50.291389
222.550000,-50.201807,-50.351455,-50.283852
222.600000,-50.194287,-50.343875,-50.276330
222.650000,-50.186783,-50.336312,-50.268824
222.700000,-50.179294,-50.328764,-50.261333
222.750000,-50.171821,-50.321233,-50.253857
222.800000,-50.164362,-50.313717,-50.246396
222.850000,-50.156917,-50.306216,-50.238950
222.900000,-50.149487,-50.298730,-50.231518
222.950000,-50.142072,-50.291260,-50.224100
223.000000,-50.134670,-50.283804,-50.216696
223.050000,-50.127282,-50.276363,-50.209306
223.100000,-50.119907,-50.268936,-50.201930
223.150000,-50.112546,-50.261523,-50.194566
223.200000,-50.105198,-50.254124,-50.187216
223.250000,-50.097863,-50.246739,-50.179879
223.300000,-50.090541,-50.239367,-50.172555
223.350000,-50.083231,-50.232009,-50.165243
223.400000,-50.075933,-50.224664,-50.157944
223.450000,-50.068648,-50.217331,-50.150657
223.500000,-50.061374,-50.210011,-50.143381
223.550000,-50.054112,-50.202704,-50.136118
223.600000,-50.046862,-50.195409,-50.128866
223.650000,-50.039624,-50.188126,-50.121625
223.700000,-50.032396,-50.180855,-50.114396
223.750000,-50.025179,-50.173596,-50.107178
223.800000,-50.017974,-50.166348,-50.099970
223.850000,-50.010779,-50.159112,-50.092773
223.900000,-50.003594,-50.151886,-50.085587
223.950000,-49.996420,-50.144672,-50.078411
224.000000,-49.989256,-50.137469,-50.071246
224.050000,-49.982102,-50.130276,-50.064090
224.100000,-49.974958,-50.123094,-50.056944
224.150000,-49.967823,-50.115922,-50.049808
224.200000,-49.960698,-50.108761,-50.042681
224.250000,-49.953583,-50.101609,-50.035564
224.300000,-49.946476,-50.094467,-50.028456
224.350000,-49.939379,-50.087335,-50.021357
224.400000,-49.932290,-50.080213,-50.014267
224.450000,-49.925210,-50.073099,-50.007185
224.500000,-49.918139,-50.065995,-50.000112
224.550000,-49.911076,-50.058900,-49.993048
224.600000,-49.904021,-50.051814,-49.985992
224.650000,-49.896975,-50.044737,-49.978944
224.700000,-49.889936,-50.037668,-49.971904
224.750000,-49.882905,-50.030608,-49.964872
224.800000,-49.875882,-50.023556,-49.957847
224.850000,-49.868867,-50.016512,-49.950830
224.900000,-49.861859,-50.009476,-49.943821
224.950000,-49.854858,-50.002448,-49.936819
225.000000,-49.847864,-49.995428,-49.929824
225.050000,-49.840878,-49.988415,-49.922836
225.100000,-49.833898,-49.981410,-49.915855
225.150000,-49.826925,-49.974412,-49.908881
225.200000,-49.819959,-49.967422,-49.901913
225.250000,-49.812999,-49.960438,-49.894952
225.300000,-49.806045,-49.953461,-49.887997
225.350000,-49.799098,-49.946492,-49.881049
225.400000,-49.792157,-49.939529,-49.874106
225.450000,-49.785222,-49.932572,-49.867170
225.500000,-49.778293,-49.925622,-49.860240
225.550000,-49.771369,-49.918678,-49.853315
225.600000,-49.764452,-49.911740,-49.846396
225.650000,-49.757539,-49.904809,-49.839483
225.700000,-49.750633,-49.897883,-49.832575
225.750000,-49.743731,-49.890964,-49.825673
225.800000,-49.736835,-49.884050,-49.818775
225.850000,-49.729944,-49.877142,-49.811883
225.900000,-49.723058,-49.870239,-49.804996
225.950000,-49.716177,-49.863342,-49.798114
226.000000,-49.709301,-49.856450,-49.791237
226.050000,-49.702429,-49.849563,-49.784364
226.100000,-49.695562,-49.842681,-49.777496
226.150000,-49.688700,-49.835804,-49.770633
226.200000,-49.681842,-49.828933,-49.763774
226.250000,-49.674988,-49.822066,-49.756920
226.300000,-49.668139,-49.815204,-49.750069
226.350000,-49.661294,-49.808346,-49.743223
226.400000,-49.654452,-49.801493,-49.736381
226.450000,-49.647615,-49.794644,-49.729543
226.500000,-49.640782,-49.787800,-49.722709
226.550000,-49.633952,-49.780960,-49.715878
226.600000,-49.627126,-49.774124,-49.709052
226.650000,-49.620304,-49.767292,-49.702229
226.700000,-49.613485,-49.760464,-49.695409
226.750000,-49.606670,-49.753640,-49.688593
226.800000,-49.599858,-49.746820,-49.681780
226.850000,-49.593049,-49.740004,-49.674971
226.900000,-49.586244,-49.733191,-49.668165
226.950000,-49.579442,-49.726381,-49.661362
227.000000,-49.572643,-49.719576,-49.654562
227.050000,-49.565846,-49.712773,-49.647765
227.100000,-49.559053,-49.705974,-49.640971
227.150000,-49.552262,-49.699178,-49.634180
227.200000,-49.545475,-49.692386,-49.627392
227.250000,-49.538690,-49.685596,-49.620606
227.300000,-49.531907,-49.678810,-49.613823
227.350000,-49.525127,-49.672026,-49.607043
227.400000,-49.518350,-49.665245,-49.600265
227.450000,-49.511575,-49.658468,-49.593490
227.500000,-49.504802,-49.651692,-49.586716
227.550000,-49.498032,-49.644920,-49.579946
227.600000,-49.491264,-49.638150,-49.573177
227.650000,-49.484498,-49.631383,-49.566411
227.700000,-49.477734,-49.624618,-49.559646
227.750000,-49.470972,-49.617855,-49.552884
227.800000,-49.464212,-49.611095,-49.546124
227.850000,-49.457454,-49.604337,-49.539366
227.900000,-49.450698,-49.597582,-49.532609
227.950000,-49.443944,-49.590828,-49.525855
228.000000,-49.437191,-49.584077,-49.519102
228.050000,-49.430441,-49.577327,-49.512351
228.100000,-49.423691,-49.570580,-49.505601
228.150000,-49.416944,-49.563835,-49.498853
228.200000,-49.410198,-49.557091,-49.492107
228.250000,-49.403453,-49.550349,-49.485362
228.300000,-49.396710,-49.543609,-49.478619
228.350000,-49.389968,-49.536871,-49.471877
228.400000,-49.383227,-49.530134,-49.465136
228.450000,-49.376488,-49.523399,-49.458397
228.500000,-49.369750,-49.516666,-49.451658
228.550000,-49.363013,-49.509934,-49.444921
228.600000,-49.356277,-49.503203,-49.438186
228.650000,-49.349543,-49.496474,-49.431451
228.700000,-49.342809,-49.489746,-49.424717
228.750000,-49.336077,-49.483019,-49.417985
228.800000,-49.329345,-49.476294,-49.411253
228.850000,-49.322614,-49.469570,-49.404522
228.900000,-49.315884,-49.462847,-49.397792
228.950000,-49.309155,-49.456125,-49.391063
229.000000,-49.302427,-49.449405,-49.384335
229.050000,-49.295700,-49.442685,-49.377608
229.100000,-49.288973,-49.435967,-49.370881
229.150000,-49.282247,-49.429249,-49.364155
229.200000,-49.275521,-49.422532,-49.357430
229.250000,-49.268797,-49.415816,-49.350705
229.300000,-49.262072,-49.409101,-49.343981
229.350000,-49.255348,-49.402387,-49.337257
229.400000,-49.248625,-49.395673,-49.330534
229.450000,-49.241902,-49.388961,-49.323812
229.500000,-49.235180,-49.382249,-49.317089
229.550000,-49.228458,-49.375537,-49.310368
229.600000,-49.221736,-49.368826,-49.303646
229.650000,-49.215015,-49.362116,-49.296925
229.700000,-49.208294,-49.355407,-49.290205
229.750000,-49.201573,-49.348697,-49.283484
229.800000,-49.194853,-49.341989,-49.276764
229.850000,-49.188132,-49.335281,-49.270044
229.900000,-49.181412,-49.328573,-49.263324
229.950000,-49.174692,-49.321865,-49.256605
230.000000,-49.167972,-49.315158,-49.249885
230.050000,-49.161253,-49.308452,-49.243166
230.100000,-49.154533,-49.301745,-49.236447
230.150000,-49.147813,-49.295039,-49.229727
230.200000,-49.141094,-49.288334,-49.223008
230.250000,-49.134374,-49.281628,-49.216289
230.300000,-49.127654,-49.274922,-49.209570
230.350000,-49.120935,-49.268217,-49.202851
230.400000,-49.114215,-49.261512,-49.196131
230.450000,-49.107495,-49.254807,-49.189412
230.500000,-49.100775,-49.248102,-49.182693
230.550000,-49.094055,-49.241397,-49.175973
230.600000,-49.087335,-49.234693,-49.169253
230.650000,-49.080614,-49.227988,-49.162533
230.700000,-49.073893,-49.221283,-49.155813
230.750000,-49.067172,-49.214578,-49.149093
230.800000,-49.060451,-49.207874,-49.142373
230.850000,-49.053730,-49.201169,-49.135652
230.900000,-49.047008,-49.194464,-49.128931
230.950000,-49.040286,-49.187759,-49.122209
231.000000,-49.033564,-49.181054,-49.115488
231.050000,-49.026841,-49.174348,-49.108766
231.100000,-49.020118,-49.167643,-49.102044
231.150000,-49.013395,-49.160937,-49.095321
231.200000,-49.006671,-49.154231,-49.088598
231.250000,-48.999947,-49.147525,-49.081874
231.300000,-48.993222,-49.140819,-49.075151
231.350000,-48.986497,-49.134112,-49.068427
231.400000,-48.979772,-49.127405,-49.061702
231.450000,-48.973046,-49.120698,-49.054977
231.500000,-48.966319,-49.113991,-49.048251
231.550000,-48.959592,-49.107283,-49.041525
231.600000,-48.952865,-49.100575,-49.034799
231.650000,-48.946137,-49.093867,-49.028072
231.700000,-48.939408,-49.087158,-49.021344
231.750000,-48.932679,-49.080449,-49.014616
231.800000,-48.925950,-49.073739,-49.007888
231.850000,-48.919220,-49.067029,-49.001158
231.900000,-48.912489,-49.060319,-48.994429
231.950000,-48.905758,-49.053608,-48.987698
232.000000,-48.899026,-49.046897,-48.980968
232.050000,-48.892293,-49.040185,-48.974236
232.100000,-48.885560,-49.033473,-48.967504
232.150000,-48.878827,-49.026761,-48.960771
232.200000,-48.872092,-49.020048,-48.954038
232.250000,-48.865357,-49.013334,-48.947304
232.300000,-48.858621,-49.006620,-48.940570
232.350000,-48.851885,-48.999905,-48.933834
232.400000,-48.845148,-48.993190,-48.927098
232.450000,-48.838410,-48.986474,-48.920362
232.500000,-48.831672,-48.979758,-48.913625
232.550000,-48.824933,-48.973041,-48.906887
232.600000,-48.818193,-48.966324,-48.900148
232.650000,-48.811452,-48.959606,-48.893409
232.700000,-48.804711,-48.952887,-48.886669
232.750000,-48.797969,-48.946168,-48.879928
232.800000,-48.791226,-48.939448,-48.873186
232.850000,-48.784483,-48.932728,-48.866444
232.900000,-48.777738,-48.926007,-48.859701
232.950000,-48.770993,-48.919285,-48.852957
233.000000,-48.764247,-48.912563,-48.846213
233.050000,-48.757501,-48.905840,-48.839467
233.100000,-48.750754,-48.899117,-48.832721
233.150000,-48.744005,-48.892392,-48.825975
233.200000,-48.737257,-48.885667,-48.819227
233.250000,-48.730507,-48.878942,-48.812479
233.300000,-48.723756,-48.872216,-48.805730
233.350000,-48.717005,-48.865489,-48.798980
233.400000,-48.710253,-48.858761,-48.792229
233.450000,-48.703500,-48.852033,-48.785478
233.500000,-48.696747,-48.845304,-48.778726
233.550000,-48.689992,-48.838575,-48.771973
233.600000,-48.683237,-48.831844,-48.765219
233.650000,-48.676481,-48.825113,-48.758465
233.700000,-48.669725,-48.818382,-48.751709
233.750000,-48.662967,-48.811650,-48.744953
233.800000,-48.656209,-48.804917,-48.738197
233.850000,-48.649449,-48.798183,-48.731439
233.900000,-48.642690,-48.791449,-48.724681
233.950000,-48.635929,-48.784713,-48.717921
234.000000,-48.629167,-48.777978,-48.711161
234.050000,-48.622405,-48.771241,-48.704401
234.100000,-48.615642,-48.764504,-48.697639
234.150000,-48.608878,-48.757766,-48.690877
234.200000,-48.602113,-48.751028,-48.684114
234.250000,-48.595348,-48.744288,-48.677350
234.300000,-48.588581,-48.737548,-48.670585
234.350000,-48.581814,-48.730808,-48.663820
234.400000,-48.575046,-48.724066,-48.657054
234.450000,-48.568278,-48.717324,-48.650287
234.500000,-48.561508,-48.710582,-48.643519
234.550000,-48.554738,-48.703838,-48.636751
234.600000,-48.547967,-48.697094,-48.629981
234.650000,-48.541195,-48.690349,-48.623211
234.700000,-48.534423,-48.683604,-48.616441
234.750000,-48.527649,-48.676858,-48.609669
234.800000,-48.520875,-48.670111,-48.602897
234.850000,-48.514100,-48.663363,-48.596124
234.900000,-48.507325,-48.656615,-48.589350
234.950000,-48.500548,-48.649866,-48.582575
235.000000,-48.493771,-48.643116,-48.575800
235.050000,-48.486993,-48.636366,-48.569024
235.100000,-48.480214,-48.629615,-48.562247
235.150000,-48.473435,-48.622863,-48.555469
235.200000,-48.466655,-48.616111,-48.548691
235.250000,-48.459874,-48.609358,-48.541912
235.300000,-48.453092,-48.602604,-48.535132
235.350000,-48.446310,-48.595849,-48.528352
235.400000,-48.439526,-48.589094,-48.521571
235.450000,-48.432743,-48.582339,-48.514789
235.500000,-48.425958,-48.575582,-48.508006
235.550000,-48.419173,-48.568825,-48.501223
235.600000,-48.412386,-48.562068,-48.494439
235.650000,-48.405600,-48.555309,-48.487654
235.700000,-48.398812,-48.548550,-48.480869
235.750000,-48.392024,-48.541791,-48.474082
235.800000,-48.385235,-48.535030,-48.467296
235.850000,-48.378445,-48.528270,-48.460508
235.900000,-48.371655,-48.521508,-48.453720
235.950000,-48.364864,-48.514746,-48.446931
236.000000,-48.358072,-48.507983,-48.440141
236.050000,-48.351280,-48.501220,-48.433351
236.100000,-48.344487,-48.494456,-48.426560
236.150000,-48.337693,-48.487691,-48.419769
236.200000,-48.330899,-48.480926,-48.412977
236.250000,-48.324104,-48.474160,-48.406184
236.300000,-48.317308,-48.467394,-48.399390
236.350000,-48.310512,-48.460627,-48.392596
236.400000,-48.303715,-48.453859,-48.385801
236.450000,-48.296917,-48.447091,-48.379006
236.500000,-48.290119,-48.440322,-48.372210
236.550000,-48.283320,-48.433553,-48.365413
236.600000,-48.276521,-48.426783,-48.358616
236.650000,-48.269720,-48.420012,-48.351818
236.700000,-48.262920,-48.413241,-48.345020
236.750000,-48.256118,-48.406469,-48.338221
236.800000,-48.249316,-48.399697,-48.331421
236.850000,-48.242514,-48.392925,-48.324621
236.900000,-48.235711,-48.386151,-48.317820
236.950000,-48.228907,-48.379378,-48.311019
237.000000,-48.222103,-48.372603,-48.304217
237.050000,-48.215298,-48.365828,-48.297415
237.100000,-48.208493,-48.359053,-48.290612
237.150000,-48.201687,-48.352277,-48.283808
237.200000,-48.194880,-48.345501,-48.277004
237.250000,-48.188073,-48.338724,-48.270199
237.300000,-48.181265,-48.331947,-48.263394
237.350000,-48.174457,-48.325169,-48.256589
237.400000,-48.167649,-48.318390,-48.249782
237.450000,-48.160839,-48.311611,-48.242976
237.500000,-48.154030,-48.304832,-48.236169
237.550000,-48.147219,-48.298052,-48.229361
237.600000,-48.140409,-48.291272,-48.222553
237.650000,-48.133597,-48.284491,-48.215744
237.700000,-48.126786,-48.277710,-48.208935
237.750000,-48.119974,-48.270929,-48.202125
237.800000,-48.113161,-48.264147,-48.195315
237.850000,-48.106348,-48.257364,-48.188505
237.900000,-48.099534,-48.250581,-48.181694
237.950000,-48.092720,-48.243798,-48.174882
238.000000,-48.085906,-48.237014,-48.168070
238.050000,-48.079091,-48.230230,-48.161258
238.100000,-48.072275,-48.223445,-48.154445
238.150000,-48.065459,-48.216661,-48.147632
238.200000,-48.058643,-48.209875,-48.140819
238.250000,-48.051826,-48.203089,-48.134005
238.300000,-48.045009,-48.196303,-48.127190
238.350000,-48.038192,-48.189517,-48.120376
238.400000,-48.031374,-48.182730,-48.113560
238.450000,-48.024556,-48.175943,-48.106745
238.500000,-48.017737,-48.169155,-48.099929
238.550000,-48.010918,-48.162367,-48.093113
238.600000,-48.004099,-48.155579,-48.086296
238.650000,-47.997279,-48.148791,-48.079479
238.700000,-47.990459,-48.142002,-48.072662
238.750000,-47.983638,-48.135213,-48.065844
238.800000,-47.976817,-48.128423,-48.059026
238.850000,-47.969996,-48.121633,-48.052208
238.900000,-47.963175,-48.114843,-48.045389
238.950000,-47.956353,-48.108053,-48.038570
239.000000,-47.949531,-48.101262,-48.031751
239.050000,-47.942708,-48.094471,-48.024932
239.100000,-47.935886,-48.087679,-48.018112
239.150000,-47.929063,-48.080888,-48.011292
239.200000,-47.922239,-48.074096,-48.004471
239.250000,-47.915416,-48.067304,-47.997651
239.300000,-47.908592,-48.060511,-47.990830
239.350000,-47.901767,-48.053719,-47.984008
239.400000,-47.894943,-48.046926,-47.977187
239.450000,-47.888118,-48.040133,-47.970365
239.500000,-47.881293,-48.033339,-47.963543
239.550000,-47.874468,-48.026546,-47.956721
239.600000,-47.867642,-48.019752,-47.949898
239.650000,-47.860817,-48.012958,-47.943076
239.700000,-47.853991,-48.006164,-47.936253
239.750000,-47.847164,-47.999369,-47.929430
239.800000,-47.840338,-47.992575,-47.922606
239.850000,-47.833511,-47.985780,-47.915783
239.900000,-47.826684,-47.978985,-47.908959
239.950000,-47.819857,-47.972189,-47.902135
240.000000,-47.813030,-47.965394,-47.895311
240.050000,-47.806202,-47.958598,-47.888486
240.100000,-47.799375,-47.951802,-47.881661
240.150000,-47.792547,-47.945006,-47.874837
240.200000,-47.785718,-47.938210,-47.868012
240.250000,-47.778890,-47.931414,-47.861187
240.300000,-47.772062,-47.924617,-47.854361
240.350000,-47.765233,-47.917821,-47.847536
240.400000,-47.758404,-47.911024,-47.840710
240.450000,-47.751575,-47.904227,-47.833884
240.500000,-47.744746,-47.897430,-47.827058
240.550000,-47.737917,-47.890633,-47.820232
240.600000,-47.731087,-47.883835,-47.813406
240.650000,-47.724258,-47.877038,-47.806580
240.700000,-47.717428,-47.870240,-47.799753
240.750000,-47.710598,-47.863443,-47.792927
240.800000,-47.703768,-47.856645,-47.786100
240.850000,-47.696938,-47.849847,-47.779274
240.900000,-47.690108,-47.843049,-47.772447
240.950000,-47.683278,-47.836251,-47.765620
241.000000,-47.676448,-47.829453,-47.758793
241.050000,-47.669618,-47.822655,-47.751966
241.100000,-47.662787,-47.815857,-47.745139
241.150000,-47.655957,-47.809059,-47.738312
241.200000,-47.649126,-47.802261,-47.731485
241.250000,-47.642296,-47.795462,-47.724658
241.300000,-47.635465,-47.788664,-47.717830
241.350000,-47.628634,-47.781866,-47.711003
241.400000,-47.621804,-47.775067,-47.704176
241.450000,-47.614973,-47.768269,-47.697349
241.500000,-47.608142,-47.761471,-47.690521
241.550000,-47.601312,-47.754673,-47.683694
241.600000,-47.594481,-47.747874,-47.676867
241.650000,-47.587650,-47.741076,-47.670040
241.700000,-47.580819,-47.734278,-47.663212
241.750000,-47.573989,-47.727479,-47.656385
241.800000,-47.567158,-47.720681,-47.649558
241.850000,-47.560327,-47.713883,-47.642731
241.900000,-47.553497,-47.707085,-47.635904
241.950000,-47.546666,-47.700287,-47.629077
242.000000,-47.539836,-47.693489,-47.622250
242.050000,-47.533005,-47.686691,-47.615423
242.100000,-47.526175,-47.679893,-47.608596
242.150000,-47.519345,-47.673095,-47.601770
242.200000,-47.512514,-47.666297,-47.594943
242.250000,-47.505684,-47.659500,-47.588117
242.300000,-47.498854,-47.652702,-47.581290
242.350000,-47.492024,-47.645905,-47.574464
242.400000,-47.485194,-47.639108,-47.567638
242.450000,-47.478364,-47.632310,-47.560811
242.500000,-47.471535,-47.625513,-47.553985
242.550000,-47.464705,-47.618716,-47.547160
242.600000,-47.457876,-47.611919,-47.540334
242.650000,-47.451046,-47.605123,-47.533508
242.700000,-47.444217,-47.598326,-47.526683
242.750000,-47.437388,-47.591530,-47.519857
242.800000,-47.430559,-47.584733,-47.513032
242.850000,-47.423730,-47.577937,-47.506207
242.900000,-47.416902,-47.571141,-47.499382
242.950000,-47.410073,-47.564346,-47.492558
243.000000,-47.403245,-47.557550,-47.485733
243.050000,-47.396417,-47.550754,-47.478909
243.100000,-47.389589,-47.543959,-47.472085
243.150000,-47.382761,-47.537164,-47.465261
243.200000,-47.375934,-47.530369,-47.458437
243.250000,-47.369106,-47.523574,-47.451614
243.300000,-47.362279,-47.516780,-47.444790
243.350000,-47.355452,-47.509986,-47.437967
243.400000,-47.348625,-47.503192,-47.431144
243.450000,-47.341798,-47.496398,-47.424322
243.500000,-47.334972,-47.489604,-47.417499
243.550000,-47.328146,-47.482811,-47.410677
243.600000,-47.321320,-47.476018,-47.403855
243.650000,-47.314494,-47.469225,-47.397033
243.700000,-47.307669,-47.462432,-47.390212
243.750000,-47.300844,-47.455639,-47.383390
243.800000,-47.294019,-47.448847,-47.376569
243.850000,-47.287194,-47.442055,-47.369749
243.900000,-47.280369,-47.435264,-47.362928
243.950000,-47.273545,-47.428472,-47.356108
244.000000,-47.266721,-47.421681,-47.349288
244.050000,-47.259897,-47.414890,-47.342468
244.100000,-47.253074,-47.408100,-47.335649
244.150000,-47.246251,-47.401309,-47.328830
244.200000,-47.239428,-47.394519,-47.322011
244.250000,-47.232605,-47.387730,-47.315193
244.300000,-47.225783,-47.380940,-47.308374
244.350000,-47.218961,-47.374151,-47.301557
244.400000,-47.212139,-47.367362,-47.294739
244.450000,-47.205318,-47.360574,-47.287922
244.500000,-47.198497,-47.353785,-47.281105
244.550000,-47.191676,-47.346998,-47.274288
244.600000,-47.184855,-47.340210,-47.267472
244.650000,-47.178035,-47.333423,-47.260656
244.700000,-47.171216,-47.326636,-47.253840
244.750000,-47.164396,-47.319849,-47.247025
244.800000,-47.157577,-47.313063,-47.240210
244.850000,-47.150758,-47.306277,-47.233396
244.900000,-47.143940,-47.299492,-47.226581
244.950000,-47.137121,-47.292707,-47.219767
245.000000,-47.130304,-47.285922,-47.212954
245.050000,-47.123486,-47.279137,-47.206141
245.100000,-47.116669,-47.272353,-47.199328
245.150000,-47.109852,-47.265569,-47.192516
245.200000,-47.103036,-47.258786,-47.185704
245.250000,-47.096220,-47.252003,-47.178892
245.300000,-47.089404,-47.245220,-47.172081
245.350000,-47.082589,-47.238438,-47.165270
245.400000,-47.075774,-47.231656,-47.158459
245.450000,-47.068960,-47.224875,-47.151649
245.500000,-47.062146,-47.218094,-47.144840
245.550000,-47.055332,-47.211313,-47.138030
245.600000,-47.048519,-47.204533,-47.131221
245.650000,-47.041706,-47.197753,-47.124413
245.700000,-47.034893,-47.190973,-47.117605
245.750000,-47.028081,-47.184194,-47.110797
245.800000,-47.021269,-47.177416,-47.103990
245.850000,-47.014458,-47.170637,-47.097183
245.900000,-47.007647,-47.163860,-47.090377
245.950000,-47.000837,-47.157082,-47.083571
246.000000,-46.994027,-47.150305,-47.076765
246.050000,-46.987217,-47.143529,-47.069960
246.100000,-46.980408,-47.136753,-47.063156
246.150000,-46.973599,-47.129977,-47.056351
246.200000,-46.966791,-47.123202,-47.049548
246.250000,-46.959983,-47.116427,-47.042744
246.300000,-46.953175,-47.109653,-47.035941
246.350000,-46.946368,-47.102879,-47.029139
246.400000,-46.939562,-47.096105,-47.022337
246.450000,-46.932756,-47.089332,-47.015536
246.500000,-46.925950,-47.082560,-47.008734
246.550000,-46.919145,-47.075788,-47.001934
246.600000,-46.912340,-47.069016,-46.995134
246.650000,-46.905535,-47.062245,-46.988334
246.700000,-46.898732,-47.055474,-46.981535
246.750000,-46.891928,-47.048704,-46.974736
246.800000,-46.885125,-47.041934,-46.967938
246.850000,-46.878322,-47.035164,-46.961140
246.900000,-46.871520,-47.028396,-46.954343
246.950000,-46.864719,-47.021627,-46.947546
247.000000,-46.857918,-47.014859,-46.940749
247.050000,-46.851117,-47.008092,-46.933953
247.100000,-46.844317,-47.001325,-46.927158
247.150000,-46.837517,-46.994558,-46.920363
247.200000,-46.830717,-46.987792,-46.913568
247.250000,-46.823918,-46.981026,-46.906774
247.300000,-46.817120,-46.974261,-46.899980
247.350000,-46.810322,-46.967496,-46.893187
247.400000,-46.803524,-46.960732,-46.886395
247.450000,-46.796727,-46.953968,-46.879602
247.500000,-46.789931,-46.947205,-46.872811
247.550000,-46.783135,-46.940442,-46.866019
247.600000,-46.776339,-46.933680,-46.859229
247.650000,-46.769544,-46.926918,-46.852438
247.700000,-46.762749,-46.920157,-46.845648
247.750000,-46.755955,-46.913396,-46.838859
247.800000,-46.749161,-46.906635,-46.832070
247.850000,-46.742368,-46.899875,-46.825282
247.900000,-46.735575,-46.893116,-46.818494
247.950000,-46.728783,-46.886357,-46.811707
248.000000,-46.721991,-46.879599,-46.804920
248.050000,-46.715200,-46.872841,-46.798133
248.100000,-46.708409,-46.866083,-46.791348
248.150000,-46.701618,-46.859326,-46.784562
248.200000,-46.694828,-46.852570,-46.777777
248.250000,-46.688039,-46.845814,-46.770993
248.300000,-46.681250,-46.839058,-46.764209
248.350000,-46.674462,-46.832303,-46.757426
248.400000,-46.667674,-46.825549,-46.750643
248.450000,-46.660887,-46.818795,-46.743861
248.500000,-46.654100,-46.812042,-46.737079
248.550000,-46.647313,-46.805289,-46.730298
248.600000,-46.640528,-46.798537,-46.723517
248.650000,-46.633742,-46.791785,-46.716737
248.700000,-46.626958,-46.785033,-46.709958
248.750000,-46.620173,-46.778283,-46.703178
248.800000,-46.613390,-46.771533,-46.696400
248.850000,-46.606607,-46.764783,-46.689622
248.900000,-46.599824,-46.758034,-46.682844
248.950000,-46.593042,-46.751285,-46.676068
249.000000,-46.586260,-46.744537,-46.669291
249.050000,-46.579479,-46.737790,-46.662515
249.100000,-46.572699,-46.731043,-46.655740
249.150000,-46.565919,-46.724296,-46.648965
249.200000,-46.559139,-46.717550,-46.642191
249.250000,-46.552360,-46.710805,-46.635418
249.300000,-46.545582,-46.704060,-46.628645
249.350000,-46.538804,-46.697316,-46.621872
249.400000,-46.532027,-46.690572,-46.615100
249.450000,-46.525250,-46.683829,-46.608329
249.500000,-46.518474,-46.677087,-46.601558
249.550000,-46.511698,-46.670344,-46.594788
249.600000,-46.504923,-46.663603,-46.588018
249.650000,-46.498149,-46.656862,-46.581249
249.700000,-46.491375,-46.650122,-46.574480
249.750000,-46.484601,-46.643382,-46.567712
249.800000,-46.477829,-46.636643,-46.560945
249.850000,-46.471056,-46.629904,-46.554178
249.900000,-46.464284,-46.623166,-46.547412
249.950000,-46.457513,-46.616429,-46.540646
250.000000,-46.450743,-46.609692,-46.533881
250.050000,-46.443973,-46.602955,-46.527116
250.100000,-46.437203,-46.596220,-46.520352
250.150000,-46.430434,-46.589484,-46.513589
250.200000,-46.423666,-46.582750,-46.506826
250.250000,-46.416898,-46.576016,-46.500064
250.300000,-46.410131,-46.569282,-46.493302
250.350000,-46.403364,-46.562549,-46.486541
250.400000,-46.396598,-46.555817,-46.479781
250.450000,-46.389833,-46.549085,-46.473021
250.500000,-46.383068,-46.542354,-46.466262
250.550000,-46.376303,-46.535624,-46.459503
250.600000,-46.369540,-46.528894,-46.452745
250.650000,-46.362776,-46.522164,-46.445987
250.700000,-46.356014,-46.515435,-46.439230
250.750000,-46.349252,-46.508707,-46.432474
250.800000,-46.342490,-46.501979,-46.425718
250.850000,-46.335729,-46.495252,-46.418963
250.900000,-46.328969,-46.488526,-46.412208
250.950000,-46.322209,-46.481800,-46.405454
251.000000,-46.315450,-46.475075,-46.398701
251.050000,-46.308691,-46.468350,-46.391948
251.100000,-46.301933,-46.461626,-46.385196
251.150000,-46.295176,-46.454902,-46.378444
251.200000,-46.288419,-46.448179,-46.371693
251.250000,-46.281662,-46.441457,-46.364942
251.300000,-46.274907,-46.434735,-46.358192
251.350000,-46.268151,-46.428014,-46.351443
251.400000,-46.261397,-46.421293,-46.344694
251.450000,-46.254643,-46.414573,-46.337946
251.500000,-46.247889,-46.407854,-46.331199
251.550000,-46.241137,-46.401135,-46.324452
251.600000,-46.234384,-46.394417,-46.317705
251.650000,-46.227633,-46.387699,-46.310960
251.700000,-46.220882,-46.380982,-46.304215
251.750000,-46.214131,-46.374265,-46.297470
251.800000,-46.207381,-46.367550,-46.290726
251.850000,-46.200632,-46.360834,-46.283983
251.900000,-46.193883,-46.354120,-46.277240
251.950000,-46.187135,-46.347405,-46.270498
252.000000,-46.180387,-46.340692,-46.263756
252.050000,-46.173640,-46.333979,-46.257015
252.100000,-46.166894,-46.327267,-46.250275
252.150000,-46.160148,-46.320555,-46.243535
252.200000,-46.153403,-46.313844,-46.236796
252.250000,-46.146658,-46.307133,-46.230057
252.300000,-46.139914,-46.300423,-46.223319
252.350000,-46.133170,-46.293714,-46.216582
252.400000,-46.126427,-46.287005,-46.209845
252.450000,-46.119685,-46.280297,-46.203109
252.500000,-46.112943,-46.273589,-46.196373
252.550000,-46.106202,-46.266882,-46.189638
252.600000,-46.099461,-46.260176,-46.182903
252.650000,-46.092721,-46.253470,-46.176170
252.700000,-46.085981,-46.246765,-46.169436
252.750000,-46.079242,-46.240060,-46.162704
252.800000,-46.072504,-46.233356,-46.155972
252.850000,-46.065766,-46.226653,-46.149240
252.900000,-46.059029,-46.219950,-46.142509
252.950000,-46.052292,-46.213247,-46.135779
253.000000,-46.045556,-46.206546,-46.129049
253.050000,-46.038821,-46.199844,-46.122320
253.100000,-46.032086,-46.193144,-46.115591
253.150000,-46.025352,-46.186444,-46.108863
253.200000,-46.018618,-46.179745,-46.102136
253.250000,-46.011885,-46.173046,-46.095409
253.300000,-46.005152,-46.166348,-46.088683
253.350000,-45.998420,-46.159650,-46.081957
253.400000,-45.991689,-46.152953,-46.075232
253.450000,-45.984958,-46.146257,-46.068508
253.500000,-45.978227,-46.139561,-46.061784
253.550000,-45.971497,-46.132865,-46.055061
253.600000,-45.964768,-46.126171,-46.048338
253.650000,-45.958040,-46.119477,-46.041616
253.700000,-45.951311,-46.112783,-46.034894
253.750000,-45.944584,-46.106090,-46.028173
253.800000,-45.937857,-46.099398,-46.021453
253.850000,-45.931130,-46.092706,-46.014733
253.900000,-45.924404,-46.086014,-46.008013
253.950000,-45.917679,-46.079324,-46.001295
254.000000,-45.910954,-46.072634,-45.994577
254.050000,-45.904230,-46.065944,-45.987859
254.100000,-45.897506,-46.059255,-45.981142
254.150000,-45.890783,-46.052566,-45.974425
254.200000,-45.884061,-46.045878,-45.967709
254.250000,-45.877338,-46.039191,-45.960994
254.300000,-45.870617,-46.032504,-45.954279
254.350000,-45.863896,-46.025818,-45.947565
254.400000,-45.857175,-46.019132,-45.940851
254.450000,-45.850455,-46.012447,-45.934138
254.500000,-45.843736,-46.005762,-45.927425
254.550000,-45.837017,-45.999078,-45.920713
254.600000,-45.830299,-45.992395,-45.914001
254.650000,-45.823581,-45.985712,-45.907290
254.700000,-45.816863,-45.979029,-45.900580
254.750000,-45.810146,-45.972347,-45.893869
254.800000,-45.803430,-45.965666,-45.887160
254.850000,-45.796714,-45.958985,-45.880451
254.900000,-45.789999,-45.952304,-45.873742
254.950000,-45.783284,-45.945624,-45.867034
255.000000,-45.776569,-45.938945,-45.860327
255.050000,-45.769855,-45.932266,-45.853620
255.100000,-45.763142,-45.925588,-45.846913
255.150000,-45.756429,-45.918910,-45.840207
255.200000,-45.749717,-45.912232,-45.833502
255.250000,-45.743005,-45.905556,-45.826797
255.300000,-45.736293,-45.898879,-45.820092
255.350000,-45.729582,-45.892203,-45.813388
255.400000,-45.722872,-45.885528,-45.806685
255.450000,-45.716161,-45.878853,-45.799981
255.500000,-45.709452,-45.872179,-45.793279
255.550000,-45.702743,-45.865505,-45.786577
255.600000,-45.696034,-45.858831,-45.779875
255.650000,-45.689326,-45.852159,-45.773174
255.700000,-45.682618,-45.845486,-45.766474
255.750000,-45.675911,-45.838814,-45.759774
255.800000,-45.669205,-45.832143,-45.753074
255.850000,-45.662498,-45.825472,-45.746375
255.900000,-45.655793,-45.818802,-45.739676
255.950000,-45.649087,-45.812132,-45.732978
256.000000,-45.642382,-45.805462,-45.726281
256.050000,-45.635678,-45.798793,-45.719584
256.100000,-45.628974,-45.792125,-45.712887
256.150000,-45.622271,-45.785457,-45.706191
256.200000,-45.615568,-45.778789,-45.699495
256.250000,-45.608865,-45.772122,-45.692800
256.300000,-45.602163,-45.765456,-45.686105
256.350000,-45.595462,-45.758790,-45.679411
256.400000,-45.588761,-45.752124,-45.672717
256.450000,-45.582060,-45.745459,-45.666024
256.500000,-45.575360,-45.738795,-45.659331
256.550000,-45.568660,-45.732130,-45.652638
256.600000,-45.561961,-45.725467,-45.645947
256.650000,-45.555262,-45.718804,-45.639255
256.700000,-45.548564,-45.712141,-45.632564
256.750000,-45.541866,-45.705479,-45.625874
256.800000,-45.535168,-45.698817,-45.619184
256.850000,-45.528471,-45.692155,-45.612494
256.900000,-45.521775,-45.685495,-45.605805
256.950000,-45.515078,-45.678834,-45.599116
257.000000,-45.508383,-45.672174,-45.592428
257.050000,-45.501687,-45.665515,-45.585740
257.100000,-45.494993,-45.658856,-45.579053
257.150000,-45.488298,-45.652197,-45.572366
257.200000,-45.481604,-45.645539,-45.565680
257.250000,-45.474911,-45.638881,-45.558994
257.300000,-45.468218,-45.632224,-45.552308
257.350000,-45.461525,-45.625568,-45.545623
257.400000,-45.454833,-45.618911,-45.538939
257.450000,-45.448141,-45.612255,-45.532255
257.500000,-45.441449,-45.605600,-45.525571
257.550000,-45.434758,-45.598945,-45.518888
257.600000,-45.428068,-45.592290,-45.512205
257.650000,-45.421378,-45.585636,-45.505522
257.700000,-45.414688,-45.578983,-45.498840
257.750000,-45.407998,-45.572329,-45.492159
257.800000,-45.401310,-45.565677,-45.485478
257.850000,-45.394621,-45.559024,-45.478797
257.900000,-45.387933,-45.552372,-45.472117
257.950000,-45.381245,-45.545721,-45.465437
258.000000,-45.374558,-45.539070,-45.458757
258.050000,-45.367871,-45.532419,-45.452078
258.100000,-45.361185,-45.525769,-45.445400
258.150000,-45.354498,-45.519119,-45.438721
258.200000,-45.347813,-45.512470,-45.432044
258.250000,-45.341127,-45.505821,-45.425366
258.300000,-45.334442,-45.499172,-45.418689
258.350000,-45.327758,-45.492524,-45.412013
258.400000,-45.321074,-45.485876,-45.405337
258.450000,-45.314390,-45.479229,-45.398661
258.500000,-45.307707,-45.472582,-45.391986
258.550000,-45.301024,-45.465936,-45.385311
258.600000,-45.294341,-45.459289,-45.378636
258.650000,-45.287659,-45.452644,-45.371962
258.700000,-45.280977,-45.445998,-45.365288
258.750000,-45.274295,-45.439354,-45.358615
258.800000,-45.267614,-45.432709,-45.351942
258.850000,-45.260933,-45.426065,-45.345269
258.900000,-45.254253,-45.419421,-45.338597
258.950000,-45.247573,-45.412778,-45.331925
259.000000,-45.240893,-45.406135,-45.325254
259.050000,-45.234214,-45.399492,-45.318583
259.100000,-45.227535,-45.392850,-45.311912
259.150000,-45.220856,-45.386208,-45.305241
259.200000,-45.214178,-45.379567,-45.298571
259.250000,-45.207500,-45.372926,-45.291902
259.300000,-45.200822,-45.366285,-45.285233
259.350000,-45.194145,-45.359644,-45.278564
259.400000,-45.187468,-45.353004,-45.271895
259.450000,-45.180792,-45.346365,-45.265227
259.500000,-45.174115,-45.339726,-45.258559
259.550000,-45.167440,-45.333087,-45.251892
259.600000,-45.160764,-45.326448,-45.245225
259.650000,-45.154089,-45.319810,-45.238558
259.700000,-45.147414,-45.313172,-45.231891
259.750000,-45.140739,-45.306535,-45.225225
259.800000,-45.134065,-45.299897,-45.218559
259.850000,-45.127391,-45.293261,-45.211894
259.900000,-45.120717,-45.286624,-45.205229
259.950000,-45.114044,-45.279988,-45.198564
260.000000,-45.107371,-45.273352,-45.191900
260.050000,-45.100698,-45.266717,-45.185236
260.100000,-45.094026,-45.260082,-45.178572
260.150000,-45.087353,-45.253447,-45.171908
260.200000,-45.080682,-45.246812,-45.165245
260.250000,-45.074010,-45.240178,-45.158582
260.300000,-45.067339,-45.233544,-45.151920
260.350000,-45.060668,-45.226911,-45.145257
260.400000,-45.053997,-45.220278,-45.138596
260.450000,-45.047327,-45.213645,-45.131934
260.500000,-45.040657,-45.207012,-45.125273
260.550000,-45.033987,-45.200380,-45.118612
260.600000,-45.027317,-45.193748,-45.111951
260.650000,-45.020648,-45.187116,-45.105290
260.700000,-45.013979,-45.180485,-45.098630
260.750000,-45.007310,-45.173854,-45.091970
260.800000,-45.000642,-45.167223,-45.085311
260.850000,-44.993973,-45.160592,-45.078651
260.900000,-44.987305,-45.153962,-45.071992
260.950000,-44.980638,-45.147332,-45.065334
261.000000,-44.973970,-45.140703,-45.058675
261.050000,-44.967303,-45.134073,-45.052017
261.100000,-44.960636,-45.127444,-45.045359
261.150000,-44.953969,-45.120815,-45.038701
261.200000,-44.947303,-45.114187,-45.032044
261.250000,-44.940636,-45.107558,-45.025387
261.300000,-44.933970,-45.100930,-45.018730
261.350000,-44.927304,-45.094302,-45.012073
261.400000,-44.920639,-45.087675,-45.005416
261.450000,-44.913973,-45.081047,-44.998760
261.500000,-44.907308,-45.074420,-44.992104
261.550000,-44.900643,-45.067794,-44.985448
261.600000,-44.893978,-45.061167,-44.978793
261.650000,-44.887314,-45.054541,-44.972137
261.700000,-44.880649,-45.047914,-44.965482
261.750000,-44.873985,-45.041288,-44.958827
261.800000,-44.867321,-45.034663,-44.952172
261.850000,-44.860657,-45.028037,-44.945518
261.900000,-44.853993,-45.021412,-44.938863
261.950000,-44.847330,-45.014787,-44.932209
262.000000,-44.840666,-45.008162,-44.925555
262.050000,-44.834003,-45.001537,-44.918901
262.100000,-44.827340,-44.994913,-44.912248
262.150000,-44.820677,-44.988288,-44.905594
262.200000,-44.814014,-44.981664,-44.898941
262.250000,-44.807351,-44.975040,-44.892288
262.300000,-44.800689,-44.968416,-44.885635
262.350000,-44.794026,-44.961793,-44.878982
262.400000,-44.787364,-44.955169,-44.872329
262.450000,-44.780702,-44.948546,-44.865676
262.500000,-44.774040,-44.941922,-44.859024
262.550000,-44.767378,-44.935299,-44.852371
262.600000,-44.760716,-44.928676,-44.845719
262.650000,-44.754054,-44.922053,-44.839067
262.700000,-44.747393,-44.915431,-44.832415
262.750000,-44.740731,-44.908808,-44.825763
262.800000,-44.734070,-44.902186,-44.819111
262.850000,-44.727408,-44.895563,-44.812460
262.900000,-44.720747,-44.888941,-44.805808
262.950000,-44.714086,-44.882319,-44.799157
263.000000,-44.707424,-44.875697,-44.792505
263.050000,-44.700763,-44.869075,-44.785854
263.100000,-44.694102,-44.862454,-44.779203
263.150000,-44.687441,-44.855832,-44.772552
263.200000,-44.680780,-44.849210,-44.765901
263.250000,-44.674120,-44.842589,-44.759250
263.300000,-44.667459,-44.835968,-44.752599
263.350000,-44.660798,-44.829346,-44.745948
263.400000,-44.654137,-44.822725,-44.739297
263.450000,-44.647477,-44.816104,-44.732647
263.500000,-44.640816,-44.809483,-44.725996
263.550000,-44.634156,-44.802862,-44.719346
263.600000,-44.627495,-44.796242,-44.712695
263.650000,-44.620835,-44.789621,-44.706045
263.700000,-44.614175,-44.783000,-44.699395
263.750000,-44.607514,-44.776380,-44.692744
263.800000,-44.600854,-44.769759,-44.686094
263.850000,-44.594194,-44.763139,-44.679444
263.900000,-44.587533,-44.756518,-44.672794
263.950000,-44.580873,-44.749898,-44.666144
264.000000,-44.574213,-44.743277,-44.659494
264.050000,-44.567553,-44.736657,-44.652844
264.100000,-44.560892,-44.730037,-44.646194
264.150000,-44.554232,-44.723417,-44.639544
264.200000,-44.547572,-44.716797,-44.632894
264.250000,-44.540912,-44.710177,-44.626244
264.300000,-44.534251,-44.703557,-44.619594
264.350000,-44.527591,-44.696937,-44.612945
264.400000,-44.520931,-44.690317,-44.606295
264.450000,-44.514271,-44.683697,-44.599645
264.500000,-44.507610,-44.677077,-44.592995
264.550000,-44.500950,-44.670457,-44.586345
264.600000,-44.494290,-44.663837,-44.579695
264.650000,-44.487629,-44.657217,-44.573046
264.700000,-44.480969,-44.650597,-44.566396
264.750000,-44.474309,-44.643977,-44.559746
264.800000,-44.467648,-44.637357,-44.553096
264.850000,-44.460988,-44.630737,-44.546446
264.900000,-44.454327,-44.624118,-44.539796
264.950000,-44.447666,-44.617498,-44.533146
265.000000,-44.441006,-44.610878,-44.526496
265.050000,-44.434345,-44.604258,-44.519846
265.100000,-44.427684,-44.597638,-44.513196
265.150000,-44.421023,-44.591018,-44.506546
265.200000,-44.414362,-44.584398,-44.499896
265.250000,-44.407701,-44.577778,-44.493246
265.300000,-44.401040,-44.571158,-44.486596
265.350000,-44.394379,-44.564537,-44.479945
265.400000,-44.387718,-44.557917,-44.473295
265.450000,-44.381056,-44.551297,-44.466644
265.500000,-44.374395,-44.544677,-44.459994
265.550000,-44.367733,-44.538056,-44.453343
265.600000,-44.361072,-44.531436,-44.446693
265.650000,-44.354410,-44.524815,-44.440042
265.700000,-44.347748,-44.518195,-44.433391
265.750000,-44.341086,-44.511574,-44.426740
265.800000,-44.334424,-44.504954,-44.420089
265.850000,-44.327762,-44.498333,-44.413438
265.900000,-44.321099,-44.491712,-44.406787
265.950000,-44.314437,-44.485091,-44.400135
266.000000,-44.307774,-44.478470,-44.393484
266.050000,-44.301111,-44.471849,-44.386832
266.100000,-44.294448,-44.465228,-44.380181
266.150000,-44.287785,-44.458606,-44.373529
266.200000,-44.281122,-44.451985,-44.366877
266.250000,-44.274459,-44.445363,-44.360225
266.300000,-44.267795,-44.438742,-44.353573
266.350000,-44.261131,-44.432120,-44.346920
266.400000,-44.254468,-44.425498,-44.340268
266.450000,-44.247804,-44.418876,-44.333615
266.500000,-44.241139,-44.412254,-44.326962
266.550000,-44.234475,-44.405632,-44.320310
266.600000,-44.227810,-44.399009,-44.313656
266.650000,-44.221145,-44.392387,-44.307003
266.700000,-44.214481,-44.385764,-44.300350
266.750000,-44.207815,-44.379141,-44.293696
266.800000,-44.201150,-44.372518,-44.287042
266.850000,-44.194484,-44.365895,-44.280388
266.900000,-44.187819,-44.359271,-44.273734
266.950000,-44.181153,-44.352648,-44.267080
267.000000,-44.174486,-44.346024,-44.260425
267.050000,-44.167820,-44.339400,-44.253771
267.100000,-44.161153,-44.332776,-44.247116
267.150000,-44.154486,-44.326152,-44.240461
267.200000,-44.147819,-44.319528,-44.233805
267.250000,-44.141152,-44.312903,-44.227150
267.300000,-44.134484,-44.306278,-44.220494
267.350000,-44.127816,-44.299653,-44.213838
267.400000,-44.121148,-44.293028,-44.207182
267.450000,-44.114480,-44.286403,-44.200525
267.500000,-44.107811,-44.279777,-44.193869
267.550000,-44.101142,-44.273151,-44.187212
267.600000,-44.094473,-44.266525,-44.180555
267.650000,-44.087803,-44.259899,-44.173897
267.700000,-44.081133,-44.253272,-44.167240
267.750000,-44.074463,-44.246645,-44.160582
267.800000,-44.067793,-44.240018,-44.153923
267.850000,-44.061122,-44.233391,-44.147265
267.900000,-44.054452,-44.226764,-44.140606
267.950000,-44.047780,-44.220136,-44.133947
268.000000,-44.041109,-44.213508,-44.127288
268.050000,-44.034437,-44.206880,-44.120628
268.100000,-44.027765,-44.200251,-44.113968
268.150000,-44.021092,-44.193622,-44.107308
268.200000,-44.014419,-44.186993,-44.100648
268.250000,-44.007746,-44.180364,-44.093987
268.300000,-44.001073,-44.173734,-44.087326
268.350000,-43.994399,-44.167104,-44.080665
268.400000,-43.987725,-44.160474,-44.074003
268.450000,-43.981050,-44.153843,-44.067341
268.500000,-43.974375,-44.147213,-44.060679
268.550000,-43.967700,-44.140581,-44.054016
268.600000,-43.961024,-44.133950,-44.047353
268.650000,-43.954348,-44.127318,-44.040690
268.700000,-43.947672,-44.120686,-44.034026
268.750000,-43.940995,-44.114054,-44.027362
268.800000,-43.934318,-44.107421,-44.020697
268.850000,-43.927640,-44.100788,-44.014032
268.900000,-43.920962,-44.094154,-44.007367
268.950000,-43.914284,-44.087520,-44.000702
269.000000,-43.907605,-44.080886,-43.994036
269.050000,-43.900926,-44.074252,-43.987369
269.100000,-43.894246,-44.067617,-43.980703
269.150000,-43.887566,-44.060982,-43.974036
269.200000,-43.880886,-44.054346,-43.967368
269.250000,-43.874205,-44.047710,-43.960700
269.300000,-43.867523,-44.041073,-43.954032
269.350000,-43.860842,-44.034437,-43.947363
269.400000,-43.854159,-44.027799,-43.940694
269.450000,-43.847476,-44.021162,-43.934024
269.500000,-43.840793,-44.014524,-43.927354
269.550000,-43.834109,-44.007885,-43.920683
269.600000,-43.827425,-44.001246,-43.914012
269.650000,-43.820740,-43.994607,-43.907341
269.700000,-43.814055,-43.987967,-43.900668
269.750000,-43.807369,-43.981327,-43.893996
269.800000,-43.800683,-43.974686,-43.887323
269.850000,-43.793996,-43.968045,-43.880649
269.900000,-43.787309,-43.961403,-43.873975
269.950000,-43.780621,-43.954761,-43.867301
270.000000,-43.773932,-43.948118,-43.860626
270.050000,-43.767243,-43.941475,-43.853950
270.100000,-43.760554,-43.934831,-43.847274
270.150000,-43.753864,-43.928187,-43.840597
270.200000,-43.747173,-43.921543,-43.833920
270.250000,-43.740482,-43.914897,-43.827242
270.300000,-43.733790,-43.908252,-43.820564
270.350000,-43.727097,-43.901605,-43.813885
270.400000,-43.720404,-43.894959,-43.807206
270.450000,-43.713711,-43.888311,-43.800526
270.500000,-43.707016,-43.881664,-43.793845
270.550000,-43.700321,-43.875015,-43.787164
270.600000,-43.693626,-43.868366,-43.780483
270.650000,-43.686930,-43.861717,-43.773800
270.700000,-43.680233,-43.855067,-43.767117
270.750000,-43.673536,-43.848416,-43.760434
270.800000,-43.666838,-43.841765,-43.753750
270.850000,-43.660139,-43.835113,-43.747065
270.900000,-43.653440,-43.828461,-43.740380
270.950000,-43.646740,-43.821808,-43.733694
271.000000,-43.640040,-43.815155,-43.727008
271.050000,-43.633338,-43.808501,-43.720320
271.100000,-43.626637,-43.801846,-43.713633
271.150000,-43.619934,-43.795191,-43.706944
271.200000,-43.613231,-43.788535,-43.700255
271.250000,-43.606527,-43.781878,-43.693566
271.300000,-43.599822,-43.775221,-43.686875
271.350000,-43.593117,-43.768564,-43.680184
271.400000,-43.586411,-43.761905,-43.673493
271.450000,-43.579705,-43.755246,-43.666801
271.500000,-43.572997,-43.748587,-43.660108
271.550000,-43.566289,-43.741927,-43.653414
271.600000,-43.559581,-43.735266,-43.646720
271.650000,-43.552871,-43.728604,-43.640025
271.700000,-43.546161,-43.721942,-43.633329
271.750000,-43.539450,-43.715279,-43.626633
271.800000,-43.532738,-43.708616,-43.619936
271.850000,-43.526026,-43.701951,-43.613238
271.900000,-43.519313,-43.695287,-43.606539
271.950000,-43.512599,-43.688621,-43.599840
272.000000,-43.505885,-43.681955,-43.593140
272.050000,-43.499169,-43.675288,-43.586440
272.100000,-43.492453,-43.668620,-43.579738
272.150000,-43.485736,-43.661952,-43.573036
272.200000,-43.479018,-43.655283,-43.566334
272.250000,-43.472300,-43.648613,-43.559630
272.300000,-43.465581,-43.641943,-43.552926
272.350000,-43.458861,-43.635272,-43.546221
272.400000,-43.452140,-43.628600,-43.539515
272.450000,-43.445418,-43.621927,-43.532808
272.500000,-43.438696,-43.615254,-43.526101
272.550000,-43.431972,-43.608580,-43.519392
272.600000,-43.425248,-43.601905,-43.512683
272.650000,-43.418523,-43.595229,-43.505974
272.700000,-43.411798,-43.588553,-43.499263
272.750000,-43.405071,-43.581876,-43.492552
272.800000,-43.398343,-43.575198,-43.485840
272.850000,-43.391615,-43.568519,-43.479127
272.900000,-43.384886,-43.561840,-43.472413
272.950000,-43.378156,-43.555159,-43.465698
273.000000,-43.371425,-43.548478,-43.458983
273.050000,-43.364693,-43.541796,-43.452266
273.100000,-43.357961,-43.535114,-43.445549
273.150000,-43.351227,-43.528430,-43.438831
273.200000,-43.344493,-43.521746,-43.432112
273.250000,-43.337757,-43.515061,-43.425393
273.300000,-43.331021,-43.508375,-43.418672
273.350000,-43.324284,-43.501688,-43.411950
273.400000,-43.317546,-43.495000,-43.405228
273.450000,-43.310807,-43.488312,-43.398505
273.500000,-43.304067,-43.481622,-43.391781
273.550000,-43.297326,-43.474932,-43.385056
273.600000,-43.290584,-43.468241,-43.378330
273.650000,-43.283841,-43.461549,-43.371603
273.700000,-43.277097,-43.454856,-43.364875
273.750000,-43.270353,-43.448162,-43.358146
273.800000,-43.263607,-43.441468,-43.351417
273.850000,-43.256860,-43.434772,-43.344686
273.900000,-43.250113,-43.428076,-43.337955
273.950000,-43.243364,-43.421379,-43.331222
274.000000,-43.236615,-43.414680,-43.324489
274.050000,-43.229864,-43.407981,-43.317754
274.100000,-43.223112,-43.401281,-43.311019
274.150000,-43.216360,-43.394580,-43.304283
274.200000,-43.209606,-43.387878,-43.297545
274.250000,-43.202851,-43.381175,-43.290807
274.300000,-43.196096,-43.374471,-43.284068
274.350000,-43.189339,-43.367767,-43.277328
274.400000,-43.182581,-43.361061,-43.270586
274.450000,-43.175822,-43.354354,-43.263844
274.500000,-43.169063,-43.347646,-43.257101
274.550000,-43.162302,-43.340938,-43.250356
274.600000,-43.155540,-43.334228,-43.243611
274.650000,-43.148776,-43.327517,-43.236865
274.700000,-43.142012,-43.320806,-43.230117
274.750000,-43.135247,-43.314093,-43.223369
274.800000,-43.128481,-43.307379,-43.216619
274.850000,-43.121713,-43.300664,-43.209869
274.900000,-43.114944,-43.293949,-43.203117
274.950000,-43.108175,-43.287232,-43.196364
275.000000,-43.101404,-43.280514,-43.189610
275.050000,-43.094632,-43.273795,-43.182855
275.100000,-43.087859,-43.267075,-43.176099
275.150000,-43.081084,-43.260354,-43.169342
275.200000,-43.074309,-43.253632,-43.162584
275.250000,-43.067532,-43.246909,-43.155824
275.300000,-43.060755,-43.240185,-43.149064
275.350000,-43.053976,-43.233460,-43.142302
275.400000,-43.047196,-43.226733,-43.135539
275.450000,-43.040414,-43.220006,-43.128776
275.500000,-43.033632,-43.213277,-43.122011
275.550000,-43.026848,-43.206547,-43.115244
275.600000,-43.020063,-43.199817,-43.108477
275.650000,-43.013277,-43.193085,-43.101708
275.700000,-43.006490,-43.186352,-43.094939
275.750000,-42.999701,-43.179617,-43.088168
275.800000,-42.992912,-43.172882,-43.081395
275.850000,-42.986121,-43.166145,-43.074622
275.900000,-42.979328,-43.159408,-43.067848
275.950000,-42.972535,-43.152669,-43.061072
276.000000,-42.965740,-43.145929,-43.054295
276.050000,-42.958944,-43.139188,-43.047517
276.100000,-42.952146,-43.132445,-43.040737
276.150000,-42.945348,-43.125701,-43.033956
276.200000,-42.938548,-43.118957,-43.027174
276.250000,-42.931746,-43.112211,-43.020391
276.300000,-42.924944,-43.105463,-43.013607
276.350000,-42.918140,-43.098715,-43.006821
276.400000,-42.911334,-43.091965,-43.000034
276.450000,-42.904528,-43.085214,-42.993245
276.500000,-42.897720,-43.078462,-42.986456
276.550000,-42.890910,-43.071708,-42.979665
276.600000,-42.884100,-43.064953,-42.972872
276.650000,-42.877288,-43.058197,-42.966079
276.700000,-42.870474,-43.051440,-42.959284
276.750000,-42.863659,-43.044681,-42.952487
276.800000,-42.856843,-43.037921,-42.945689
276.850000,-42.850025,-43.031160,-42.938890
276.900000,-42.843206,-43.024397,-42.932090
276.950000,-42.836385,-43.017634,-42.925288
277.000000,-42.829563,-43.010868,-42.918485
277.050000,-42.822740,-43.004102,-42.911680
277.100000,-42.815915,-42.997334,-42.904874
277.150000,-42.809089,-42.990564,-42.898066
277.200000,-42.802261,-42.983793,-42.891257
277.250000,-42.795431,-42.977021,-42.884447
277.300000,-42.788600,-42.970248,-42.877635
277.350000,-42.781768,-42.963473,-42.870821
277.400000,-42.774934,-42.956696,-42.864006
277.450000,-42.768098,-42.949918,-42.857190
277.500000,-42.761261,-42.943139,-42.850372
277.550000,-42.754423,-42.936358,-42.843553
277.600000,-42.747583,-42.929576,-42.836732
277.650000,-42.740741,-42.922792,-42.829909
277.700000,-42.733897,-42.916007,-42.823085
277.750000,-42.727053,-42.909221,-42.816260
277.800000,-42.720206,-42.902432,-42.809433
277.850000,-42.713358,-42.895643,-42.802604
277.900000,-42.706508,-42.888852,-42.795774
277.950000,-42.699657,-42.882059,-42.788942
278.000000,-42.692804,-42.875265,-42.782109
278.050000,-42.685949,-42.868469,-42.775274
278.100000,-42.679093,-42.861672,-42.768438
278.150000,-42.672235,-42.854873,-42.761600
278.200000,-42.665376,-42.848073,-42.754760
278.250000,-42.658515,-42.841271,-42.747919
278.300000,-42.651652,-42.834468,-42.741076
278.350000,-42.644787,-42.827663,-42.734231
278.400000,-42.637921,-42.820856,-42.727385
278.450000,-42.631053,-42.814048,-42.720537
278.500000,-42.624183,-42.807238,-42.713688
278.550000,-42.617312,-42.800427,-42.706837
278.600000,-42.610439,-42.793614,-42.699984
278.650000,-42.603564,-42.786800,-42.693129
278.700000,-42.596688,-42.779983,-42.686273
278.750000,-42.589809,-42.773166,-42.679415
278.800000,-42.582929,-42.766346,-42.672556
278.850000,-42.576047,-42.759525,-42.665694
278.900000,-42.569164,-42.752702,-42.658831
278.950000,-42.562279,-42.745878,-42.651967
279.000000,-42.555391,-42.739052,-42.645100
279.050000,-42.548502,-42.732224,-42.638232
279.100000,-42.541612,-42.725395,-42.631362
279.150000,-42.534719,-42.718563,-42.624490
279.200000,-42.527825,-42.711731,-42.617617
279.250000,-42.520929,-42.704896,-42.610742
279.300000,-42.514031,-42.698060,-42.603864
279.350000,-42.507131,-42.691222,-42.596986
279.400000,-42.500229,-42.684382,-42.590105
279.450000,-42.493325,-42.677540,-42.583223
279.500000,-42.486420,-42.670697,-42.576338
279.550000,-42.479513,-42.663852,-42.569452
279.600000,-42.472603,-42.657005,-42.562564
279.650000,-42.465692,-42.650157,-42.555674
279.700000,-42.458779,-42.643306,-42.548783
279.750000,-42.451864,-42.636454,-42.541889
279.800000,-42.444947,-42.629600,-42.534994
279.850000,-42.438028,-42.622744,-42.528097
279.900000,-42.431108,-42.615887,-42.521197
279.950000,-42.424185,-42.609027,-42.514296
280.000000,-42.417260,-42.602166,-42.507393
280.050000,-42.410333,-42.595303,-42.500489
280.100000,-42.403405,-42.588438,-42.493582
280.150000,-42.396474,-42.581571,-42.486673
280.200000,-42.389541,-42.574702,-42.479762
280.250000,-42.382607,-42.567832,-42.472850
280.300000,-42.375670,-42.560959,-42.465935
280.350000,-42.368731,-42.554085,-42.459019
280.400000,-42.361790,-42.547208,-42.452100
280.450000,-42.354848,-42.540330,-42.445179
280.500000,-42.347903,-42.533450,-42.438257
280.550000,-42.340956,-42.526568,-42.431332
280.600000,-42.334007,-42.519684,-42.424406
280.650000,-42.327056,-42.512797,-42.417477
280.700000,-42.320102,-42.505909,-42.410546
280.750000,-42.313147,-42.499019,-42.403614
280.800000,-42.306190,-42.492127,-42.396679
280.850000,-42.299230,-42.485233,-42.389742
280.900000,-42.292268,-42.478338,-42.382803
280.950000,-42.285305,-42.471440,-42.375862
281.000000,-42.278339,-42.464540,-42.368919
281.050000,-42.271370,-42.457637,-42.361974
281.100000,-42.264400,-42.450733,-42.355027
281.150000,-42.257427,-42.443827,-42.348077
281.200000,-42.250453,-42.436919,-42.341126
281.250000,-42.243476,-42.430009,-42.334172
281.300000,-42.236497,-42.423096,-42.327216
281.350000,-42.229515,-42.416182,-42.320258
281.400000,-42.222532,-42.409265,-42.313298
281.450000,-42.215546,-42.402347,-42.306335
281.500000,-42.208558,-42.395426,-42.299371
281.550000,-42.201567,-42.388503,-42.292404
281.600000,-42.194574,-42.381578,-42.285435
281.650000,-42.187580,-42.374651,-42.278463
281.700000,-42.180582,-42.367721,-42.271490
281.750000,-42.173583,-42.360790,-42.264514
281.800000,-42.166581,-42.353856,-42.257536
281.850000,-42.159576,-42.346920,-42.250556
281.900000,-42.152570,-42.339982,-42.243573
281.950000,-42.145561,-42.333042,-42.236588
282.000000,-42.138550,-42.326099,-42.229601
282.050000,-42.131536,-42.319154,-42.222612
282.100000,-42.124520,-42.312207,-42.215620
282.150000,-42.117501,-42.305258,-42.208626
282.200000,-42.110481,-42.298307,-42.201629
282.250000,-42.103457,-42.291353,-42.194631
282.300000,-42.096432,-42.284397,-42.187629
282.350000,-42.089403,-42.277438,-42.180626
282.400000,-42.082373,-42.270478,-42.173620
282.450000,-42.075340,-42.263515,-42.166612
282.500000,-42.068304,-42.256549,-42.159601
282.550000,-42.061266,-42.249582,-42.152588
282.600000,-42.054226,-42.242612,-42.145572
282.650000,-42.047183,-42.235639,-42.138554
282.700000,-42.040137,-42.228665,-42.131534
282.750000,-42.033089,-42.221688,-42.124511
282.800000,-42.026038,-42.214708,-42.117485
282.850000,-42.018985,-42.207726,-42.110457
282.900000,-42.011929,-42.200742,-42.103427
282.950000,-42.004871,-42.193755,-42.096394
283.000000,-41.997810,-42.186766,-42.089359
283.050000,-41.990747,-42.179774,-42.082321
283.100000,-41.983681,-42.172780,-42.075280
283.150000,-41.976612,-42.165784,-42.068237
283.200000,-41.969540,-42.158785,-42.061192
283.250000,-41.962466,-42.151783,-42.054143
283.300000,-41.955390,-42.144779,-42.047092
283.350000,-41.948310,-42.137773,-42.040039
283.400000,-41.941228,-42.130764,-42.032983
283.450000,-41.934143,-42.123752,-42.025924
283.500000,-41.927056,-42.116738,-42.018863
283.550000,-41.919966,-42.109721,-42.011799
283.600000,-41.912873,-42.102702,-42.004733
283.650000,-41.905777,-42.095680,-41.997663
283.700000,-41.898679,-42.088656,-41.990591
283.750000,-41.891577,-42.081629,-41.983516
283.800000,-41.884473,-42.074599,-41.976439
283.850000,-41.877367,-42.067567,-41.969359
283.900000,-41.870257,-42.060532,-41.962276
283.950000,-41.863144,-42.053494,-41.955190
284.000000,-41.856029,-42.046454,-41.948102
284.050000,-41.848911,-42.039411,-41.941011
284.100000,-41.841790,-42.032365,-41.933916
284.150000,-41.834666,-42.025317,-41.926820
284.200000,-41.827539,-42.018265,-41.919720
284.250000,-41.820409,-42.011211,-41.912617
284.300000,-41.813276,-42.004155,-41.905512
284.350000,-41.806140,-41.997095,-41.898403
284.400000,-41.799002,-41.990033,-41.891292
284.450000,-41.791860,-41.982968,-41.884178
284.500000,-41.784715,-41.975900,-41.877061
284.550000,-41.777568,-41.968829,-41.869941
284.600000,-41.770417,-41.961755,-41.862818
284.650000,-41.763263,-41.954679,-41.855692
284.700000,-41.756106,-41.947599,-41.848563
284.750000,-41.748946,-41.940517,-41.841431
284.800000,-41.741783,-41.933432,-41.834296
284.850000,-41.734617,-41.926344,-41.827158
284.900000,-41.727448,-41.919253,-41.820017
284.950000,-41.720275,-41.912159,-41.812873
285.000000,-41.713100,-41.905062,-41.805726
285.050000,-41.705921,-41.897962,-41.798575
285.100000,-41.698739,-41.890859,-41.791422
285.150000,-41.691554,-41.883753,-41.784266
285.200000,-41.684366,-41.876644,-41.777106
285.250000,-41.677174,-41.869532,-41.769943
285.300000,-41.669980,-41.862417,-41.762777
285.350000,-41.662782,-41.855299,-41.755608
285.400000,-41.655581,-41.848178,-41.748436
285.450000,-41.648376,-41.841054,-41.741261
285.500000,-41.641168,-41.833926,-41.734082
285.550000,-41.633957,-41.826796,-41.726901
285.600000,-41.626743,-41.819663,-41.719716
285.650000,-41.619525,-41.812526,-41.712527
285.700000,-41.612304,-41.805386,-41.705336
285.750000,-41.605080,-41.798243,-41.698141
285.800000,-41.597852,-41.791097,-41.690943
285.850000,-41.590621,-41.783948,-41.683742
285.900000,-41.583387,-41.776795,-41.676537
285.950000,-41.576149,-41.769640,-41.669329
286.000000,-41.568908,-41.762481,-41.662118
286.050000,-41.561663,-41.755319,-41.654903
286.100000,-41.554415,-41.748153,-41.647685
286.150000,-41.547163,-41.740985,-41.640464
286.200000,-41.539908,-41.733813,-41.633239
286.250000,-41.532649,-41.726637,-41.626011
286.300000,-41.525387,-41.719459,-41.618779
286.350000,-41.518122,-41.712277,-41.611544
286.400000,-41.510852,-41.705092,-41.604306
286.450000,-41.503580,-41.697903,-41.597064
286.500000,-41.496303,-41.690711,-41.589818
286.550000,-41.489023,-41.683516,-41.582569
286.600000,-41.481740,-41.676317,-41.575317
286.650000,-41.474453,-41.669115,-41.568061
286.700000,-41.467162,-41.661910,-41.560801
286.750000,-41.459867,-41.654701,-41.553538
286.800000,-41.452569,-41.647488,-41.546271
286.850000,-41.445268,-41.640273,-41.539001
286.900000,-41.437962,-41.633053,-41.531727
286.950000,-41.430653,-41.625830,-41.524450
287.000000,-41.423340,-41.618604,-41.517169
287.050000,-41.416023,-41.611374,-41.509884
287.100000,-41.408703,-41.604141,-41.502595
287.150000,-41.401379,-41.596904,-41.495303
287.200000,-41.394051,-41.589663,-41.488007
287.250000,-41.386719,-41.582419,-41.480708
287.300000,-41.379383,-41.575171,-41.473404
287.350000,-41.372044,-41.567920,-41.466097
287.400000,-41.364700,-41.560665,-41.458786
287.450000,-41.357353,-41.553406,-41.451472
287.500000,-41.350002,-41.546144,-41.444153
287.550000,-41.342647,-41.538877,-41.436831
287.600000,-41.335288,-41.531608,-41.429505
287.650000,-41.327925,-41.524334,-41.422175
287.700000,-41.320558,-41.517057,-41.414841
287.750000,-41.313187,-41.509776,-41.407504
287.800000,-41.305812,-41.502491,-41.400162
287.850000,-41.298434,-41.495203,-41.392816
287.900000,-41.291051,-41.487910,-41.385467
287.950000,-41.283664,-41.480614,-41.378114
288.000000,-41.276273,-41.473314,-41.370756
288.050000,-41.268878,-41.466010,-41.363395
288.100000,-41.261478,-41.458703,-41.356030
288.150000,-41.254075,-41.451391,-41.348660
288.200000,-41.246668,-41.444076,-41.341287
288.250000,-41.239256,-41.436756,-41.333909
288.300000,-41.231840,-41.429433,-41.326528
288.350000,-41.224420,-41.422106,-41.319142
288.400000,-41.216996,-41.414774,-41.311752
288.450000,-41.209567,-41.407439,-41.304358
288.500000,-41.202135,-41.400100,-41.296960
288.550000,-41.194698,-41.392757,-41.289558
288.600000,-41.187256,-41.385409,-41.282152
288.650000,-41.179811,-41.378058,-41.274741
288.700000,-41.172361,-41.370702,-41.267326
288.750000,-41.164907,-41.363343,-41.259907
288.800000,-41.157448,-41.355979,-41.252484
288.850000,-41.149985,-41.348611,-41.245056
288.900000,-41.142518,-41.341239,-41.237625
288.950000,-41.135046,-41.333863,-41.230188
289.000000,-41.127570,-41.326483,-41.222748
289.050000,-41.120089,-41.319099,-41.215303
289.100000,-41.112604,-41.311710,-41.207854
289.150000,-41.105114,-41.304317,-41.200400
289.200000,-41.097620,-41.296920,-41.192942
289.250000,-41.090121,-41.289518,-41.185480
289.300000,-41.082618,-41.282113,-41.178013
289.350000,-41.075110,-41.274703,-41.170541
289.400000,-41.067598,-41.267288,-41.163066
289.450000,-41.060081,-41.259869,-41.155585
289.500000,-41.052559,-41.252446,-41.148100
289.550000,-41.045032,-41.245019,-41.140611
289.600000,-41.037501,-41.237587,-41.133117
289.650000,-41.029966,-41.230150,-41.125618
289.700000,-41.022425,-41.222710,-41.118115
289.750000,-41.014880,-41.215264,-41.110607
289.800000,-41.007330,-41.207815,-41.103095
289.850000,-40.999775,-41.200360,-41.095578
289.900000,-40.992216,-41.192902,-41.088056
289.950000,-40.984651,-41.185438,-41.080529
290.000000,-40.977082,-41.177970,-41.072998
290.050000,-40.969508,-41.170498,-41.065462
290.100000,-40.961929,-41.163021,-41.057921
290.150000,-40.954345,-41.155539,-41.050376
290.200000,-40.946756,-41.148053,-41.042825
290.250000,-40.939163,-41.140562,-41.035270
290.300000,-40.931564,-41.133066,-41.027710
290.350000,-40.923960,-41.125565,-41.020145
290.400000,-40.916351,-41.118060,-41.012575
290.450000,-40.908737,-41.110550,-41.005000
290.500000,-40.901118,-41.103036,-40.997420
290.550000,-40.893494,-41.095516,-40.989835
290.600000,-40.885865,-41.087992,-40.982246
290.650000,-40.878231,-41.080462,-40.974651
290.700000,-40.870591,-41.072928,-40.967051
290.750000,-40.862947,-41.065389,-40.959446
290.800000,-40.855297,-41.057845,-40.951836
290.850000,-40.847642,-41.050296,-40.944221
290.900000,-40.839981,-41.042743,-40.936600
290.950000,-40.832315,-41.035184,-40.928975
291.000000,-40.824644,-41.027620,-40.921344
291.050000,-40.816968,-41.020051,-40.913708
291.100000,-40.809286,-41.012477,-40.906067
291.150000,-40.801599,-41.004898,-40.898421
291.200000,-40.793906,-40.997314,-40.890769
291.250000,-40.786208,-40.989725,-40.883112
291.300000,-40.778505,-40.982130,-40.875449
291.350000,-40.770795,-40.974530,-40.867782
291.400000,-40.763081,-40.966926,-40.860108
291.450000,-40.755361,-40.959315,-40.852430
291.500000,-40.747635,-40.951700,-40.844745
291.550000,-40.739903,-40.944079,-40.837056
291.600000,-40.732166,-40.936453,-40.829360
291.650000,-40.724424,-40.928822,-40.821660
291.700000,-40.716675,-40.921185,-40.813953
291.750000,-40.708921,-40.913543,-40.806242
291.800000,-40.701161,-40.905895,-40.798524
291.850000,-40.693395,-40.898242,-40.790801
291.900000,-40.685624,-40.890584,-40.783072
291.950000,-40.677846,-40.882920,-40.775338
292.000000,-40.670063,-40.875251,-40.767597
292.050000,-40.662274,-40.867576,-40.759851
292.100000,-40.654479,-40.859895,-40.752100
292.150000,-40.646678,-40.852209,-40.744342
292.200000,-40.638871,-40.844517,-40.736579
292.250000,-40.631059,-40.836820,-40.728810
292.300000,-40.623240,-40.829117,-40.721035
292.350000,-40.615415,-40.821408,-40.713254
292.400000,-40.607584,-40.813693,-40.705467
292.450000,-40.599747,-40.805973,-40.697674
292.500000,-40.591904,-40.798247,-40.689875
292.550000,-40.584054,-40.790515,-40.682070
292.600000,-40.576199,-40.782778,-40.674260
292.650000,-40.568337,-40.775034,-40.666443
292.700000,-40.560469,-40.767285,-40.658620
292.750000,-40.552595,-40.759530,-40.650791
292.800000,-40.544715,-40.751769,-40.642956
292.850000,-40.536828,-40.744002,-40.635114
292.900000,-40.528935,-40.736229,-40.627267
292.950000,-40.521035,-40.728449,-40.619413
293.000000,-40.513129,-40.720664,-40.611553
293.050000,-40.505217,-40.712873,-40.603687
293.100000,-40.497298,-40.705076,-40.595814
293.150000,-40.489373,-40.697273,-40.587935
293.200000,-40.481441,-40.689463,-40.580050
293.250000,-40.473503,-40.681648,-40.572158
293.300000,-40.465558,-40.673826,-40.564260
293.350000,-40.457607,-40.665998,-40.556355
293.400000,-40.449648,-40.658163,-40.548444
293.450000,-40.441684,-40.650323,-40.540527
293.500000,-40.433712,-40.642476,-40.532602
293.550000,-40.425734,-40.634623,-40.524672
293.600000,-40.417749,-40.626763,-40.516734
293.650000,-40.409757,-40.618897,-40.508791
293.700000,-40.401758,-40.611025,-40.500840
293.750000,-40.393753,-40.603146,-40.492883
293.800000,-40.385741,-40.595260,-40.484919
293.850000,-40.377721,-40.587368,-40.476948
293.900000,-40.369695,-40.579470,-40.468970
293.950000,-40.361662,-40.571565,-40.460986
294.000000,-40.353621,-40.563653,-40.452995
294.050000,-40.345574,-40.555735,-40.444997
294.100000,-40.337520,-40.547810,-40.436992
294.150000,-40.329458,-40.539879,-40.428980
294.200000,-40.321390,-40.531940,-40.420961
294.250000,-40.313314,-40.523995,-40.412935
294.300000,-40.305231,-40.516043,-40.404902
294.350000,-40.297140,-40.508084,-40.396861
294.400000,-40.289043,-40.500119,-40.388814
294.450000,-40.280938,-40.492146,-40.380760
294.500000,-40.272825,-40.484167,-40.372698
294.550000,-40.264706,-40.476180,-40.364629
294.600000,-40.256579,-40.468187,-40.356553
294.650000,-40.248444,-40.460186,-40.348470
294.700000,-40.240302,-40.452179,-40.340379
294.750000,-40.232152,-40.444164,-40.332281
294.800000,-40.223995,-40.436143,-40.324176
294.850000,-40.215830,-40.428114,-40.316063
294.900000,-40.207658,-40.420078,-40.307943
294.950000,-40.199478,-40.412034,-40.299815
295.000000,-40.191290,-40.403984,-40.291680
295.050000,-40.183094,-40.395926,-40.283537
295.100000,-40.174891,-40.387861,-40.275386
295.150000,-40.166680,-40.379788,-40.267228
295.200000,-40.158461,-40.371708,-40.259062
295.250000,-40.150234,-40.363621,-40.250889
295.300000,-40.141999,-40.355526,-40.242707
295.350000,-40.133756,-40.347423,-40.234518
295.400000,-40.125504,-40.339313,-40.226321
295.450000,-40.117245,-40.331196,-40.218116
295.500000,-40.108978,-40.323070,-40.209903
295.550000,-40.100703,-40.314937,-40.201682
295.600000,-40.092419,-40.306797,-40.193454
295.650000,-40.084127,-40.298648,-40.185217
295.700000,-40.075827,-40.290492,-40.176972
295.750000,-40.067519,-40.282328,-40.168719
295.800000,-40.059202,-40.274156,-40.160458
295.850000,-40.050877,-40.265977,-40.152188
295.900000,-40.042543,-40.257789,-40.143911
295.950000,-40.034201,-40.249593,-40.135625
296.000000,-40.025851,-40.241389,-40.127330
296.050000,-40.017492,-40.233178,-40.119028
296.100000,-40.009124,-40.224958,-40.110717
296.150000,-40.000747,-40.216730,-40.102397
296.200000,-39.992362,-40.208493,-40.094069
296.250000,-39.983968,-40.200249,-40.085733
296.300000,-39.975565,-40.191996,-40.077388
296.350000,-39.967154,-40.183735,-40.069034
296.400000,-39.958733,-40.175466,-40.060671
296.450000,-39.950304,-40.167188,-40.052300
296.500000,-39.941866,-40.158902,-40.043920
296.550000,-39.933418,-40.150607,-40.035531
296.600000,-39.924962,-40.142304,-40.027134
296.650000,-39.916496,-40.133992,-40.018727
296.700000,-39.908022,-40.125672,-40.010312
296.750000,-39.899538,-40.117342,-40.001887
296.800000,-39.891044,-40.109005,-39.993454
296.850000,-39.882542,-40.100658,-39.985011
296.900000,-39.874030,-40.092303,-39.976560
296.950000,-39.865509,-40.083938,-39.968099
297.000000,-39.856978,-40.075565,-39.959629
297.050000,-39.848438,-40.067183,-39.951149
297.100000,-39.839888,-40.058792,-39.942660
297.150000,-39.831328,-40.050392,-39.934162
297.200000,-39.822759,-40.041983,-39.925654
297.250000,-39.814180,-40.033564,-39.917137
297.300000,-39.805591,-40.025137,-39.908610
297.350000,-39.796993,-40.016700,-39.900074
297.400000,-39.788384,-40.008254,-39.891528
297.450000,-39.779766,-39.999798,-39.882972
297.500000,-39.771138,-39.991333,-39.874407
297.550000,-39.762499,-39.982859,-39.865831
297.600000,-39.753851,-39.974375,-39.857246
297.650000,-39.745192,-39.965882,-39.848651
297.700000,-39.736523,-39.957379,-39.840046
297.750000,-39.727844,-39.948866,-39.831431
297.800000,-39.719154,-39.940344,-39.822805
297.850000,-39.710454,-39.931811,-39.814170
297.900000,-39.701743,-39.923269,-39.805524
297.950000,-39.693022,-39.914717,-39.796868
298.000000,-39.684291,-39.906155,-39.788202
298.050000,-39.675549,-39.897584,-39.779525
298.100000,-39.666796,-39.889002,-39.770838
298.150000,-39.658032,-39.880410,-39.762141
298.200000,-39.649258,-39.871808,-39.753432
298.250000,-39.640472,-39.863195,-39.744714
298.300000,-39.631676,-39.854573,-39.735984
298.350000,-39.622869,-39.845940,-39.727244
298.400000,-39.614051,-39.837296,-39.718493
298.450000,-39.605221,-39.828643,-39.709732
298.500000,-39.596381,-39.819979,-39.700959
298.550000,-39.587529,-39.811304,-39.692175
298.600000,-39.578666,-39.802618,-39.683381
298.650000,-39.569792,-39.793922,-39.674575
298.700000,-39.560906,-39.785216,-39.665758
298.750000,-39.552009,-39.776498,-39.656930
298.800000,-39.543100,-39.767770,-39.648091
298.850000,-39.534180,-39.759031,-39.639241
298.900000,-39.525248,-39.750281,-39.630379
298.950000,-39.516304,-39.741519,-39.621505
299.000000,-39.507349,-39.732747,-39.612620
299.050000,-39.498381,-39.723964,-39.603724
299.100000,-39.489402,-39.715169,-39.594816
299.150000,-39.480411,-39.706363,-39.585896
299.200000,-39.471407,-39.697546,-39.576964
299.250000,-39.462392,-39.688718,-39.568021
299.300000,-39.453364,-39.679877,-39.559065
299.350000,-39.444324,-39.671026,-39.550098
299.400000,-39.435272,-39.662163,-39.541119
299.450000,-39.426207,-39.653288,-39.532127
299.500000,-39.417130,-39.644402,-39.523124
299.550000,-39.408040,-39.635503,-39.514108
299.600000,-39.398938,-39.626593,-39.505080
299.650000,-39.389823,-39.617671,-39.496039
299.700000,-39.380695,-39.608737,-39.486986
299.750000,-39.371554,-39.599791,-39.477920
299.800000,-39.362401,-39.590833,-39.468842
299.850000,-39.353234,-39.581863,-39.459751
299.900000,-39.344055,-39.572880,-39.450648
299.950000,-39.334862,-39.563885,-39.441531
300.000000,-39.325656,-39.554878,-39.432402
300.050000,-39.316437,-39.545858,-39.423259
300.100000,-39.307204,-39.536825,-39.414104
300.150000,-39.297958,-39.527780,-39.404936
300.200000,-39.288698,-39.518723,-39.395754
300.250000,-39.279425,-39.509652,-39.386559
300.300000,-39.270138,-39.500569,-39.377350
300.350000,-39.260838,-39.491472,-39.368129
300.400000,-39.251523,-39.482363,-39.358893
300.450000,-39.242194,-39.473241,-39.349644
300.500000,-39.232852,-39.464105,-39.340382
300.550000,-39.223495,-39.454956,-39.331105
300.600000,-39.214124,-39.445794,-39.321815
300.650000,-39.204739,-39.436619,-39.312511
300.700000,-39.195340,-39.427430,-39.303192
300.750000,-39.185926,-39.418227,-39.293860
300.800000,-39.176497,-39.409011,-39.284513
300.850000,-39.167054,-39.399781,-39.275153
300.900000,-39.157596,-39.390537,-39.265777
300.950000,-39.148123,-39.381280,-39.256388
301.000000,-39.138636,-39.372008,-39.246984
301.050000,-39.129133,-39.362722,-39.237565
301.100000,-39.119615,-39.353423,-39.228131
301.150000,-39.110082,-39.344109,-39.218683
301.200000,-39.100534,-39.334780,-39.209219
301.250000,-39.090970,-39.325437,-39.199741
301.300000,-39.081391,-39.316080,-39.190247
301.350000,-39.071797,-39.306708,-39.180739
301.400000,-39.062186,-39.297321,-39.171215
301.450000,-39.052560,-39.287920,-39.161676
301.500000,-39.042918,-39.278504,-39.152121
301.550000,-39.033260,-39.269072,-39.142550
301.600000,-39.023586,-39.259626,-39.132964
301.650000,-39.013896,-39.250164,-39.123362
301.700000,-39.004189,-39.240688,-39.113744
301.750000,-38.994466,-39.231195,-39.104111
301.800000,-38.984727,-39.221688,-39.094461
301.850000,-38.974971,-39.212165,-39.084795
301.900000,-38.965198,-39.202626,-39.075112
301.950000,-38.955408,-39.193071,-39.065413
302.000000,-38.945602,-39.183500,-39.055698
302.050000,-38.935778,-39.173914,-39.045966
302.100000,-38.925937,-39.164311,-39.036217
302.150000,-38.916079,-39.154692,-39.026451
302.200000,-38.906204,-39.145057,-39.016669
302.250000,-38.896310,-39.135406,-39.006869
302.300000,-38.886400,-39.125738,-38.997052
302.350000,-38.876471,-39.116053,-38.987217
302.400000,-38.866525,-39.106351,-38.977366
302.450000,-38.856560,-39.096633,-38.967496
302.500000,-38.846578,-39.086897,-38.957609
302.550000,-38.836577,-39.077145,-38.947704
302.600000,-38.826557,-39.067375,-38.937781
302.650000,-38.816519,-39.057588,-38.927840
302.700000,-38.806463,-39.047783,-38.917881
302.750000,-38.796387,-39.037961,-38.907903
302.800000,-38.786293,-39.028121,-38.897907
302.850000,-38.776179,-39.018263,-38.887892
302.900000,-38.766047,-39.008387,-38.877858
302.950000,-38.755895,-38.998493,-38.867806
303.000000,-38.745723,-38.988581,-38.857734
303.050000,-38.735532,-38.978650,-38.847644
303.100000,-38.725321,-38.968701,-38.837534
303.150000,-38.715090,-38.958733,-38.827404
303.200000,-38.704839,-38.948746,-38.817255
303.250000,-38.694567,-38.938740,-38.807086
303.300000,-38.684275,-38.928715,-38.796897
303.350000,-38.673963,-38.918671,-38.786688
303.400000,-38.663630,-38.908608,-38.776459
303.450000,-38.653276,-38.898525,-38.766210
303.500000,-38.642901,-38.888423,-38.755940
303.550000,-38.632505,-38.878300,-38.745650
303.600000,-38.622088,-38.868158,-38.735338
303.650000,-38.611649,-38.857995,-38.725006
303.700000,-38.601188,-38.847813,-38.714653
303.750000,-38.590706,-38.837610,-38.704278
303.800000,-38.580201,-38.827386,-38.693882
303.850000,-38.569675,-38.817142,-38.683464
303.900000,-38.559126,-38.806877,-38.673025
303.950000,-38.548555,-38.796590,-38.662564
304.000000,-38.537961,-38.786283,-38.652080
304.050000,-38.527344,-38.775954,-38.641574
304.100000,-38.516705,-38.765604,-38.631046
304.150000,-38.506042,-38.755232,-38.620496
304.200000,-38.495356,-38.744839,-38.609922
304.250000,-38.484646,-38.734423,-38.599326
304.300000,-38.473912,-38.723985,-38.588706
304.350000,-38.463155,-38.713525,-38.578063
304.400000,-38.452374,-38.703042,-38.567397
304.450000,-38.441568,-38.692536,-38.556707
304.500000,-38.430737,-38.682008,-38.545993
304.550000,-38.419883,-38.671457,-38.535255
304.600000,-38.409003,-38.660882,-38.524493
304.650000,-38.398098,-38.650284,-38.513706
304.700000,-38.387168,-38.639662,-38.502895
304.750000,-38.376212,-38.629017,-38.492058
304.800000,-38.365231,-38.618347,-38.481197
304.850000,-38.354223,-38.607653,-38.470311
304.900000,-38.343190,-38.596935,-38.459399
304.950000,-38.332130,-38.586192,-38.448461
305.000000,-38.321044,-38.575425,-38.437498
305.050000,-38.309931,-38.564632,-38.426508
305.100000,-38.298791,-38.553814,-38.415492
305.150000,-38.287624,-38.542971,-38.404450
305.200000,-38.276429,-38.532102,-38.393380
305.250000,-38.265207,-38.521208,-38.382284
305.300000,-38.253956,-38.510287,-38.371161
305.350000,-38.242678,-38.499340,-38.360010
305.400000,-38.231371,-38.488366,-38.348831
305.450000,-38.220036,-38.477366,-38.337625
305.500000,-38.208671,-38.466339,-38.326390
305.550000,-38.197278,-38.455284,-38.315127
305.600000,-38.185855,-38.444202,-38.303835
305.650000,-38.174402,-38.433092,-38.292514
305.700000,-38.162920,-38.421955,-38.281165
305.750000,-38.151407,-38.410789,-38.269785
305.800000,-38.139864,-38.399595,-38.258376
305.850000,-38.128290,-38.388372,-38.246938
305.900000,-38.116685,-38.377120,-38.235468
305.950000,-38.105049,-38.365839,-38.223969
306.000000,-38.093381,-38.354529,-38.212439
306.050000,-38.081681,-38.343188,-38.200877
306.100000,-38.069949,-38.331818,-38.189284
306.150000,-38.058185,-38.320418,-38.177660
306.200000,-38.046388,-38.308987,-38.166004
306.250000,-38.034558,-38.297525,-38.154315
306.300000,-38.022695,-38.286032,-38.142594
306.350000,-38.010798,-38.274508,-38.130840
306.400000,-37.998866,-38.262951,-38.119053
306.450000,-37.986901,-38.251363,-38.107233
306.500000,-37.974901,-38.239743,-38.095379
306.550000,-37.962866,-38.228090,-38.083490
306.600000,-37.950795,-38.216404,-38.071568
306.650000,-37.938689,-38.204685,-38.059610
306.700000,-37.926547,-38.192932,-38.047618
306.750000,-37.914369,-38.181145,-38.035590
306.800000,-37.902154,-38.169324,-38.023526
306.850000,-37.889901,-38.157469,-38.011426
306.900000,-37.877612,-38.145578,-37.999290
306.950000,-37.865284,-38.133652,-37.987116
307.000000,-37.852918,-38.121691,-37.974906
307.050000,-37.840514,-38.109694,-37.962658
307.100000,-37.828070,-38.097660,-37.950371
307.150000,-37.815587,-38.085590,-37.938047
307.200000,-37.803065,-38.073482,-37.925683
307.250000,-37.790502,-38.061337,-37.913281
307.300000,-37.777898,-38.049154,-37.900839
307.350000,-37.765253,-38.036933,-37.888356
307.400000,-37.752567,-38.024673,-37.875833
307.450000,-37.739839,-38.012374,-37.863270
307.500000,-37.727068,-38.000036,-37.850665
307.550000,-37.714254,-37.987657,-37.838018
307.600000,-37.701397,-37.975238,-37.825329
307.650000,-37.688496,-37.962779,-37.812597
307.700000,-37.675551,-37.950278,-37.799822
307.750000,-37.662561,-37.937735,-37.787003
307.800000,-37.649525,-37.925150,-37.774140
307.850000,-37.636444,-37.912522,-37.761233
307.900000,-37.623316,-37.899852,-37.748280
307.950000,-37.610142,-37.887137,-37.735282
308.000000,-37.596920,-37.874379,-37.722237
308.050000,-37.583650,-37.861576,-37.709146
308.100000,-37.570332,-37.848728,-37.696007
308.150000,-37.556964,-37.835834,-37.682821
308.200000,-37.543547,-37.822894,-37.669586
308.250000,-37.530080,-37.809907,-37.656303
308.300000,-37.516562,-37.796873,-37.642970
308.350000,-37.502992,-37.783791,-37.629587
308.400000,-37.489370,-37.770661,-37.616153
308.450000,-37.475696,-37.757482,-37.602668
308.500000,-37.461968,-37.744253,-37.589131
308.550000,-37.448187,-37.730974,-37.575541
308.600000,-37.434351,-37.717644,-37.561899
308.650000,-37.420459,-37.704263,-37.548202
308.700000,-37.406512,-37.690830,-37.534451
308.750000,-37.392508,-37.677344,-37.520645
308.800000,-37.378446,-37.663805,-37.506783
308.850000,-37.364327,-37.650212,-37.492864
308.900000,-37.350148,-37.636564,-37.478888
308.950000,-37.335910,-37.622860,-37.464854
309.000000,-37.321611,-37.609101,-37.450761
309.050000,-37.307252,-37.595285,-37.436609
309.100000,-37.292830,-37.581411,-37.422396
309.150000,-37.278345,-37.567479,-37.408122
309.200000,-37.263797,-37.553488,-37.393786
309.250000,-37.249185,-37.539437,-37.379388
309.300000,-37.234507,-37.525325,-37.364926
309.350000,-37.219763,-37.511152,-37.350399
309.400000,-37.204951,-37.496916,-37.335807
309.450000,-37.190072,-37.482617,-37.321149
309.500000,-37.175124,-37.468255,-37.306423
309.550000,-37.160105,-37.453827,-37.291630
309.600000,-37.145016,-37.439333,-37.276767
309.650000,-37.129855,-37.424773,-37.261835
309.700000,-37.114620,-37.410145,-37.246831
309.750000,-37.099312,-37.395448,-37.231755
309.800000,-37.083929,-37.380682,-37.216606
309.850000,-37.068469,-37.365845,-37.201384
309.900000,-37.052932,-37.350936,-37.186085
309.950000,-37.037317,-37.335954,-37.170711
310.000000,-37.021622,-37.320899,-37.155259
310.050000,-37.005846,-37.305768,-37.139728
310.100000,-36.989988,-37.290562,-37.124118
310.150000,-36.974047,-37.275278,-37.108426
310.200000,-36.958021,-37.259916,-37.092652
310.250000,-36.941909,-37.244474,-37.076795
310.300000,-36.925710,-37.228952,-37.060852
310.350000,-36.909422,-37.213347,-37.044824
310.400000,-36.893044,-37.197659,-37.028708
310.450000,-36.876575,-37.181886,-37.012502
310.500000,-36.860012,-37.166026,-36.996207
310.550000,-36.843356,-37.150080,-36.979819
310.600000,-36.826603,-37.134044,-36.963338
310.650000,-36.809752,-37.117918,-36.946762
310.700000,-36.792802,-37.101700,-36.930089
310.750000,-36.775751,-37.085389,-36.913318
310.800000,-36.758598,-37.068982,-36.896448
310.850000,-36.741340,-37.052479,-36.879475
310.900000,-36.723975,-37.035877,-36.862399
310.950000,-36.706503,-37.019176,-36.845218
311.000000,-36.688920,-37.002372,-36.827930
311.050000,-36.671225,-36.985465,-36.810533
311.100000,-36.653416,-36.968452,-36.793025
311.150000,-36.635491,-36.951332,-36.775405
311.200000,-36.617448,-36.934103,-36.757669
311.250000,-36.599284,-36.916762,-36.739816
311.300000,-36.580998,-36.899308,-36.721843
311.350000,-36.562587,-36.881738,-36.703750
311.400000,-36.544048,-36.864051,-36.685532
311.450000,-36.525379,-36.846244,-36.667188
311.500000,-36.506578,-36.828314,-36.648716
311.550000,-36.487642,-36.810260,-36.630112
311.600000,-36.468569,-36.792079,-36.611375
311.650000,-36.449355,-36.773768,-36.592501
311.700000,-36.429998,-36.755325,-36.573489
311.750000,-36.410495,-36.736747,-36.554334
311.800000,-36.390843,-36.718032,-36.535035
311.850000,-36.371039,-36.699176,-36.515587
311.900000,-36.351080,-36.680178,-36.495989
311.950000,-36.330962,-36.661032,-36.476237
312.000000,-36.310682,-36.641738,-36.456328
312.050000,-36.290237,-36.622291,-36.436257
312.100000,-36.269622,-36.602688,-36.416023
312.150000,-36.248835,-36.582926,-36.395621
312.200000,-36.227872,-36.563001,-36.375047
312.250000,-36.206727,-36.542910,-36.354298
312.300000,-36.185398,-36.522648,-36.333369
312.350000,-36.163880,-36.502213,-36.312257
312.400000,-36.142169,-36.481599,-36.290957
312.450000,-36.120260,-36.460804,-36.269465
312.500000,-36.098148,-36.439821,-36.247777
312.550000,-36.075829,-36.418648,-36.225887
312.600000,-36.053297,-36.397280,-36.203790
312.650000,-36.030548,-36.375711,-36.181482
312.700000,-36.007576,-36.353937,-36.158958
312.750000,-35.984374,-36.331952,-36.136212
312.800000,-35.960939,-36.309752,-36.113238
312.850000,-35.937262,-36.287331,-36.090030
312.900000,-35.913339,-36.264683,-36.066583
312.950000,-35.889163,-36.241802,-36.042890
313.000000,-35.864726,-36.218683,-36.018944
313.050000,-35.840022,-36.195318,-35.994740
313.100000,-35.815044,-36.171701,-35.970269
313.150000,-35.789784,-36.147825,-35.945525
313.200000,-35.764234,-36.123683,-35.920499
313.250000,-35.738385,-36.099268,-35.895184
313.300000,-35.712230,-36.074571,-35.869571
313.350000,-35.685759,-36.049585,-35.843653
313.400000,-35.658964,-36.024301,-35.817419
313.450000,-35.631833,-35.998711,-35.790860
313.500000,-35.604358,-35.972804,-35.763967
313.550000,-35.576527,-35.946572,-35.736730
313.600000,-35.548330,-35.920005,-35.709137
313.650000,-35.519754,-35.893091,-35.681178
313.700000,-35.490788,-35.865821,-35.652840
313.750000,-35.461420,-35.838182,-35.624112
313.800000,-35.431636,-35.810163,-35.594981
313.850000,-35.401421,-35.781751,-35.565434
313.900000,-35.370763,-35.752933,-35.535456
313.950000,-35.339644,-35.723694,-35.505032
314.000000,-35.308050,-35.694022,-35.474148
314.050000,-35.275964,-35.663900,-35.442787
314.100000,-35.243367,-35.633313,-35.410932
314.150000,-35.210242,-35.602244,-35.378564
314.200000,-35.176568,-35.570675,-35.345666
314.250000,-35.142325,-35.538587,-35.312218
314.300000,-35.107492,-35.505962,-35.278197
314.350000,-35.072046,-35.472778,-35.243584
314.400000,-35.035962,-35.439014,-35.208353
314.450000,-34.999214,-35.404646,-35.172480
314.500000,-34.961777,-35.369652,-35.135940
314.550000,-34.923621,-35.334004,-35.098704
314.600000,-34.884716,-35.297675,-35.060745
314.650000,-34.845029,-35.260638,-35.022029
314.700000,-34.804528,-35.222860,-34.982526
314.750000,-34.763175,-35.184311,-34.942200
314.800000,-34.720932,-35.144955,-34.901013
314.850000,-34.677758,-35.104755,-34.858927
314.900000,-34.633609,-35.063673,-34.815899
314.950000,-34.588439,-35.021667,-34.771884
315.000000,-34.542198,-34.978692,-34.726835
315.050000,-34.494832,-34.934701,-34.680700
315.100000,-34.446285,-34.889644,-34.633425
315.150000,-34.396496,-34.843464,-34.584951
315.200000,-34.345399,-34.796106,-34.535214
315.250000,-34.292923,-34.747505,-34.484147
315.300000,-34.238993,-34.697594,-34.431678
315.350000,-34.183527,-34.646300,-34.377728
315.400000,-34.126436,-34.593547,-34.322211
315.450000,-34.067626,-34.539248,-34.265037
315.500000,-34.006993,-34.483313,-34.206107
315.550000,-33.944425,-34.425641,-34.145312
315.600000,-33.879800,-34.366127,-34.082537
315.650000,-33.812985,-34.304652,-34.017653
315.700000,-33.743836,-34.241090,-33.950523
315.750000,-33.672194,-34.175300,-33.880995
315.800000,-33.597886,-34.107131,-33.808903
315.850000,-33.520722,-34.036414,-33.734064
315.900000,-33.440492,-33.962968,-33.656279
315.950000,-33.356965,-33.886588,-33.575326
316.000000,-33.269885,-33.807053,-33.490961
316.050000,-33.178970,-33.724113,-33.402914
316.100000,-33.083903,-33.637495,-33.310884
316.150000,-32.984334,-33.546892,-33.214534
316.200000,-32.879868,-33.451963,-33.113492
316.250000,-32.770065,-33.352325,-33.007335
316.300000,-32.654428,-33.247548,-32.895590
316.350000,-32.532394,-33.137145,-32.777723
316.400000,-32.403325,-33.020566,-32.653126
316.450000,-32.266495,-32.897186,-32.521108
316.500000,-32.121070,-32.766290,-32.380879
316.550000,-31.966095,-32.627057,-32.231531
316.600000,-31.800463,-32.478544,-32.072015
316.650000,-31.622890,-32.319653,-31.901114
316.700000,-31.431876,-32.149110,-31.717408
316.750000,-31.225658,-31.965420,-31.519229
316.800000,-31.002154,-31.766819,-31.304610
316.850000,-30.758882,-31.551218,-31.071208
316.900000,-30.492870,-31.316116,-30.816220
316.950000,-30.200528,-31.058506,-30.536264
317.000000,-29.877486,-30.774737,-30.227228
317.050000,-29.518378,-30.460347,-29.884070
317.100000,-29.116564,-30.109827,-29.500557
317.150000,-28.663749,-29.716326,-29.068911
317.200000,-28.149480,-29.271241,-28.579347
317.250000,-27.560481,-28.763684,-28.019450
317.300000,-26.879769,-28.179774,-27.373355
317.350000,-26.085519,-27.501724,-26.620702
317.400000,-25.149704,-26.706730,-25.735355
317.450000,-24.036658,-25.765768,-24.684063
317.500000,-22.702196,-24.642733,-23.425585
317.550000,-21.094832,-23.295039,-21.911690
317.600000,-19.162575,-21.678197,-20.093154
317.650000,-16.871087,-19.758770,-17.936039
317.700000,-14.237994,-17.539822,-15.452838
317.750000,-11.374338,-15.094047,-12.741038
317.800000,-8.499010,-12.581317,-9.998945
317.850000,-5.894856,-10.225120,-7.489312
317.900000,-3.824326,-8.253268,-5.463754
317.950000,-2.457037,-6.837166,-4.093849
318.000000,-1.847744,-6.061907,-3.445590
318.050000,-1.961196,-5.932894,-3.497429
318.100000,-2.712506,-6.401280,-4.175556
318.150000,-3.998540,-7.389312,-5.383655
318.200000,-5.714637,-8.807581,-7.020334
318.250000,-7.760995,-10.564534,-8.986967
318.300000,-10.044313,-12.571255,-11.190625
318.350000,-12.478648,-14.744345,-13.545669
318.400000,-14.987608,-17.008795,-15.976110
318.450000,-17.507857,-19.301258,-18.418898
318.500000,-19.991469,-21.572357,-20.826115
318.550000,-22.404583,-23.786245,-23.163863
318.600000,-24.722895,-25.917468,-25.408173
318.650000,-26.926923,-27.947040,-27.540512
318.700000,-28.999363,-29.859608,-29.545011
318.750000,-30.924919,-31.642392,-31.407918
318.800000,-32.691712,-33.285545,-33.118597
318.850000,-34.292974,-34.783111,-34.670945
318.900000,-35.728005,-36.133737,-36.064272
318.950000,-37.001930,-37.340679,-37.303176
319.000000,-38.124451,-38.411062,-38.396513
319.050000,-39.108151,-39.354708,-39.355909
319.100000,-39.966867,-40.182888,-40.194296
319.150000,-40.714456,-40.907285,-40.924751
319.200000,-41.364015,-41.539260,-41.559744
319.250000,-41.927486,-42.089419,-42.110725
319.300000,-42.415520,-42.567407,-42.587970
319.350000,-42.837498,-42.981852,-43.000568
319.400000,-43.201627,-43.340393,-43.356502
319.450000,-43.515066,-43.649761,-43.662753
319.500000,-43.784055,-43.915868,-43.925416
319.550000,-44.014035,-44.143900,-44.149817
319.600000,-44.209754,-44.338406,-44.340606
319.650000,-44.375366,-44.503383,-44.501854
319.700000,-44.514505,-44.642341,-44.637127
319.750000,-44.630361,-44.758367,-44.749553
319.800000,-44.725732,-44.854180,-44.841881
319.850000,-44.803080,-44.932178,-44.916527
319.900000,-44.864574,-44.994477,-44.975619
319.950000,-44.912123,-45.042945,-45.021036
320.000000,-44.947415,-45.079235,-45.054431
320.050000,-44.971938,-45.104808,-45.077269
320.100000,-44.987006,-45.120958,-45.090840
320.150000,-44.993786,-45.128834,-45.096288
320.200000,-44.993305,-45.129450,-45.094625
320.250000,-44.986475,-45.123710,-45.086746
320.300000,-44.974104,-45.112412,-45.073443
320.350000,-44.956908,-45.096265,-45.055421
320.400000,-44.935519,-45.075901,-45.033299
320.450000,-44.910499,-45.051876,-45.007631
320.500000,-44.882347,-45.024688,-44.978905
320.550000,-44.851502,-44.994776,-44.947554
320.600000,-44.818356,-44.962531,-44.913961
320.650000,-44.783254,-44.928299,-44.878465
320.700000,-44.746503,-44.892387,-44.841368
320.750000,-44.708373,-44.855067,-44.802936
320.800000,-44.669105,-44.816580,-44.763403
320.850000,-44.628910,-44.777138,-44.722977
320.900000,-44.587975,-44.736931,-44.681841
320.950000,-44.546465,-44.696124,-44.640158
321.000000,-44.504524,-44.654865,-44.598069
321.050000,-44.462282,-44.613282,-44.555699
321.100000,-44.419849,-44.571490,-44.513159
321.150000,-44.377325,-44.529587,-44.470545
321.200000,-44.334795,-44.487662,-44.427940
321.250000,-44.292334,-44.445791,-44.385419
321.300000,-44.250008,-44.404040,-44.343044
321.350000,-44.207872,-44.362466,-44.300871
321.400000,-44.165976,-44.321120,-44.258947
321.450000,-44.124361,-44.280045,-44.217314
321.500000,-44.083064,-44.239276,-44.176006
321.550000,-44.042114,-44.198846,-44.135052
321.600000,-44.001537,-44.158781,-44.094477
321.650000,-43.961354,-44.119103,-44.054302
321.700000,-43.921583,-44.079829,-44.014543
321.750000,-43.882237,-44.040975,-43.975214
321.800000,-43.843327,-44.002552,-43.936326
321.850000,-43.804863,-43.964568,-43.897886
321.900000,-43.766850,-43.927032,-43.859900
321.950000,-43.729292,-43.889946,-43.822371
322.000000,-43.692192,-43.853315,-43.785303
322.050000,-43.655549,-43.817138,-43.748695
322.100000,-43.619365,-43.781415,-43.712545
322.150000,-43.583635,-43.746146,-43.676854
322.200000,-43.548359,-43.711326,-43.641616
322.250000,-43.513531,-43.676954,-43.606827
322.300000,-43.479147,-43.643023,-43.572485
322.350000,-43.445202,-43.609529,-43.538581
322.400000,-43.411690,-43.576466,-43.505112
322.450000,-43.378605,-43.543829,-43.472070
322.500000,-43.345940,-43.511610,-43.439448
322.550000,-43.313688,-43.479802,-43.407240
322.600000,-43.281841,-43.448398,-43.375437
322.650000,-43.250392,-43.417391,-43.344032
322.700000,-43.219332,-43.386773,-43.313018
322.750000,-43.188656,-43.356535,-43.282386
322.800000,-43.158353,-43.326671,-43.252128
322.850000,-43.128416,-43.297172,-43.222237
322.900000,-43.098838,-43.268030,-43.192703
322.950000,-43.069610,-43.239237,-43.163520
323.000000,-43.040724,-43.210785,-43.134679
323.050000,-43.012172,-43.182666,-43.106172
323.100000,-42.983946,-43.154872,-43.077991
323.150000,-42.956038,-43.127395,-43.050128
323.200000,-42.928441,-43.100227,-43.022576
323.250000,-42.901146,-43.073362,-42.995326
323.300000,-42.874147,-43.046790,-42.968372
323.350000,-42.847436,-43.020505,-42.941705
323.400000,-42.821005,-42.994499,-42.915318
323.450000,-42.794848,-42.968766,-42.889205
323.500000,-42.768956,-42.943297,-42.863358
323.550000,-42.743324,-42.918087,-42.837770
323.600000,-42.717945,-42.893128,-42.812434
323.650000,-42.692811,-42.868413,-42.787344
323.700000,-42.667916,-42.843936,-42.762493
323.750000,-42.643254,-42.819691,-42.737875
323.800000,-42.618819,-42.795671,-42.713483
323.850000,-42.594605,-42.771871,-42.689312
323.900000,-42.570605,-42.748284,-42.665356
323.950000,-42.546815,-42.724904,-42.641608
324.000000,-42.523227,-42.701727,-42.618064
324.050000,-42.499837,-42.678745,-42.594717
324.100000,-42.476640,-42.655955,-42.571562
324.150000,-42.453630,-42.633350,-42.548595
324.200000,-42.430801,-42.610926,-42.525810
324.250000,-42.408150,-42.588678,-42.503201
324.300000,-42.385671,-42.566600,-42.480765
324.350000,-42.363360,-42.544688,-42.458497
324.400000,-42.341211,-42.522938,-42.436391
324.450000,-42.319221,-42.501345,-42.414444
324.500000,-42.297385,-42.479904,-42.392651
324.550000,-42.275699,-42.458611,-42.371008
324.600000,-42.254158,-42.437463,-42.349510
324.650000,-42.232760,-42.416455,-42.328154
324.700000,-42.211499,-42.395583,-42.306937
324.750000,-42.190372,-42.374844,-42.285853
324.800000,-42.169375,-42.354234,-42.264900
324.850000,-42.148506,-42.333749,-42.244074
324.900000,-42.127759,-42.313386,-42.223371
324.950000,-42.107133,-42.293141,-42.202788
325.000000,-42.086623,-42.273011,-42.182321
325.050000,-42.066226,-42.252993,-42.161968
325.100000,-42.045940,-42.233083,-42.141726
325.150000,-42.025761,-42.213280,-42.121591
325.200000,-42.005686,-42.193579,-42.101560
325.250000,-41.985712,-42.173978,-42.081631
325.300000,-41.965837,-42.154474,-42.061800
325.350000,-41.946058,-42.135064,-42.042066
325.400000,-41.926372,-42.115746,-42.022425
325.450000,-41.906777,-42.096518,-42.002875
325.500000,-41.887270,-42.077376,-41.983413
325.550000,-41.867848,-42.058318,-41.964037
325.600000,-41.848510,-42.039343,-41.944745
325.650000,-41.829253,-42.020446,-41.925533
325.700000,-41.810075,-42.001628,-41.906401
325.750000,-41.790973,-41.982884,-41.887346
325.800000,-41.771946,-41.964214,-41.868365
325.850000,-41.752991,-41.945615,-41.849457
325.900000,-41.734107,-41.927084,-41.830620
325.950000,-41.715291,-41.908621,-41.811851
326.000000,-41.696541,-41.890223,-41.793149
326.050000,-41.677856,-41.871889,-41.774512
326.100000,-41.659234,-41.853616,-41.755938
326.150000,-41.640674,-41.835403,-41.737426
326.200000,-41.622172,-41.817248,-41.718973
326.250000,-41.603728,-41.799150,-41.700578
326.300000,-41.585341,-41.781107,-41.682240
326.350000,-41.567008,-41.763117,-41.663956
326.400000,-41.548727,-41.745179,-41.645726
326.450000,-41.530499,-41.727291,-41.627547
326.500000,-41.512320,-41.709452,-41.609419
326.550000,-41.494190,-41.691660,-41.591340
326.600000,-41.476107,-41.673915,-41.573308
326.650000,-41.458070,-41.656215,-41.555323
326.700000,-41.440077,-41.638558,-41.537382
326.750000,-41.422128,-41.620943,-41.519485
326.800000,-41.404220,-41.603369,-41.501630
326.850000,-41.386354,-41.585835,-41.483816
326.900000,-41.368526,-41.568340,-41.466042
326.950000,-41.350738,-41.550882,-41.448307
327.000000,-41.332986,-41.533460,-41.430609
327.050000,-41.315270,-41.516074,-41.412948
327.100000,-41.297590,-41.498721,-41.395322
327.150000,-41.279943,-41.481402,-41.377731
327.200000,-41.262330,-41.464115,-41.360173
327.250000,-41.244748,-41.446860,-41.342647
327.300000,-41.227197,-41.429634,-41.325152
327.350000,-41.209676,-41.412438,-41.307688
327.400000,-41.192184,-41.395270,-41.290253
327.450000,-41.174720,-41.378129,-41.272847
327.500000,-41.157283,-41.361015,-41.255468
327.550000,-41.139873,-41.343926,-41.238116
327.600000,-41.122488,-41.326862,-41.220790
327.650000,-41.105128,-41.309823,-41.203489
327.700000,-41.087791,-41.292806,-41.186212
327.750000,-41.070477,-41.275812,-41.168958
327.800000,-41.053186,-41.258840,-41.151727
327.850000,-41.035915,-41.241888,-41.134518
327.900000,-41.018666,-41.224957,-41.117330
327.950000,-41.001436,-41.208045,-41.100162
328.000000,-40.984225,-41.191151,-41.083014
328.050000,-40.967033,-41.174276,-41.065885
328.100000,-40.949858,-41.157418,-41.048774
328.150000,-40.932701,-41.140577,-41.031680
328.200000,-40.915560,-41.123752,-41.014603
328.250000,-40.898434,-41.106942,-40.997542
328.300000,-40.881324,-41.090147,-40.980497
328.350000,-40.864227,-41.073365,-40.963467
328.400000,-40.847145,-41.056598,-40.946451
328.450000,-40.830075,-41.039843,-40.929448
328.500000,-40.813019,-41.023101,-40.912458
328.550000,-40.795974,-41.006370,-40.895481
328.600000,-40.778940,-40.989651,-40.878516
328.650000,-40.761917,-40.972942,-40.861562
328.700000,-40.744904,-40.956243,-40.844618
328.750000,-40.727901,-40.939554,-40.827685
328.800000,-40.710906,-40.922874,-40.810761
328.850000,-40.693920,-40.906202,-40.793846
328.900000,-40.676942,-40.889538,-40.776939
328.950000,-40.659972,-40.872882,-40.760041
329.000000,-40.643008,-40.856232,-40.743150
329.050000,-40.626051,-40.839589,-40.726265
329.100000,-40.609099,-40.822952,-40.709388
329.150000,-40.592153,-40.806320,-40.692516
329.200000,-40.575211,-40.789694,-40.675649
329.250000,-40.558274,-40.773072,-40.658787
329.300000,-40.541341,-40.756453,-40.641930
329.350000,-40.524411,-40.739839,-40.625077
329.400000,-40.507484,-40.723228,-40.608227
329.450000,-40.490560,-40.706619,-40.591381
329.500000,-40.473637,-40.690013,-40.574537
329.550000,-40.456716,-40.673409,-40.557695
329.600000,-40.439797,-40.656806,-40.540854
329.650000,-40.422877,-40.640204,-40.524015
329.700000,-40.405958,-40.623602,-40.507177
329.750000,-40.389039,-40.607001,-40.490339
329.800000,-40.372119,-40.590399,-40.473501
329.850000,-40.355198,-40.573797,-40.456662
329.900000,-40.338275,-40.557194,-40.439823
329.950000,-40.321350,-40.540589,-40.422982
330.000000,-40.304423,-40.523983,-40.406139
330.050000,-40.287493,-40.507374,-40.389295
330.100000,-40.270560,-40.490762,-40.372447
330.150000,-40.253623,-40.474147,-40.355597
330.200000,-40.236682,-40.457529,-40.338743
330.250000,-40.219736,-40.440907,-40.321885
330.300000,-40.202785,-40.424281,-40.305023
330.350000,-40.185829,-40.407650,-40.288156
330.400000,-40.168868,-40.391014,-40.271285
330.450000,-40.151900,-40.374373,-40.254407
330.500000,-40.134925,-40.357726,-40.237524
330.550000,-40.117944,-40.341073,-40.220635
330.600000,-40.100955,-40.324413,-40.203739
330.650000,-40.083958,-40.307746,-40.186835
330.700000,-40.066953,-40.291072,-40.169924
330.750000,-40.049940,-40.274390,-40.153006
330.800000,-40.032917,-40.257700,-40.136079
330.850000,-40.015885,-40.241002,-40.119143
330.900000,-39.998843,-40.224294,-40.102198
330.950000,-39.981791,-40.207578,-40.085244
331.000000,-39.964728,-40.190852,-40.068280
331.050000,-39.947654,-40.174116,-40.051305
331.100000,-39.930569,-40.157369,-40.034320
331.150000,-39.913472,-40.140612,-40.017324
331.200000,-39.896363,-40.123844,-40.000316
331.250000,-39.879241,-40.107064,-39.983296
331.300000,-39.862105,-40.090272,-39.966264
331.350000,-39.844957,-40.073468,-39.949220
331.400000,-39.827794,-40.056652,-39.932162
331.450000,-39.810617,-40.039822,-39.915091
331.500000,-39.793426,-40.022979,-39.898005
331.550000,-39.776219,-40.006122,-39.880906
331.600000,-39.758996,-39.989251,-39.863792
331.650000,-39.741758,-39.972365,-39.846662
331.700000,-39.724503,-39.955465,-39.829517
331.750000,-39.707231,-39.938549,-39.812356
331.800000,-39.689942,-39.921617,-39.795178
331.850000,-39.672635,-39.904668,-39.777984
331.900000,-39.655310,-39.887704,-39.760772
331.950000,-39.637967,-39.870722,-39.743543
332.000000,-39.620604,-39.853723,-39.726295
332.050000,-39.603223,-39.836706,-39.709029
332.100000,-39.585821,-39.819671,-39.691744
332.150000,-39.568399,-39.802617,-39.674440
332.200000,-39.550956,-39.785544,-39.657116
332.250000,-39.533492,-39.768451,-39.639771
332.300000,-39.516006,-39.751339,-39.622406
332.350000,-39.498498,-39.734207,-39.605019
332.400000,-39.480967,-39.717053,-39.587611
332.450000,-39.463414,-39.699879,-39.570181
332.500000,-39.445837,-39.682683,-39.552729
332.550000,-39.428236,-39.665465,-39.535253
332.600000,-39.410610,-39.648224,-39.517754
332.650000,-39.392960,-39.630961,-39.500231
332.700000,-39.375284,-39.613674,-39.482684
332.750000,-39.357583,-39.596363,-39.465112
332.800000,-39.339855,-39.579029,-39.447514
332.850000,-39.322100,-39.561669,-39.429891
332.900000,-39.304318,-39.544284,-39.412242
332.950000,-39.286508,-39.526874,-39.394565
333.000000,-39.268669,-39.509437,-39.376861
333.050000,-39.250802,-39.491974,-39.359130
333.100000,-39.232905,-39.474483,-39.341370
333.150000,-39.214978,-39.456965,-39.323581
333.200000,-39.197021,-39.439419,-39.305763
333.250000,-39.179032,-39.421845,-39.287915
333.300000,-39.161012,-39.404241,-39.270037
333.350000,-39.142960,-39.386607,-39.252128
333.400000,-39.124875,-39.368944,-39.234187
333.450000,-39.106757,-39.351249,-39.216214
333.500000,-39.088605,-39.333524,-39.198208
333.550000,-39.070419,-39.315767,-39.180169
333.600000,-39.052197,-39.297977,-39.162096
333.650000,-39.033940,-39.280154,-39.143989
333.700000,-39.015646,-39.262298,-39.125847
333.750000,-38.997316,-39.244408,-39.107669
333.800000,-38.978948,-39.226484,-39.089456
333.850000,-38.960543,-39.208524,-39.071205
333.900000,-38.942098,-39.190528,-39.052917
333.950000,-38.923614,-39.172496,-39.034590
334.000000,-38.905089,-39.154427,-39.016225
334.050000,-38.886524,-39.136321,-38.997821
334.100000,-38.867918,-39.118176,-38.979376
334.150000,-38.849269,-39.099992,-38.960891
334.200000,-38.830577,-39.081768,-38.942364
334.250000,-38.811842,-39.063504,-38.923795
334.300000,-38.793063,-39.045199,-38.905183
334.350000,-38.774238,-39.026853,-38.886527
334.400000,-38.755367,-39.008464,-38.867827
334.450000,-38.736450,-38.990032,-38.849081
334.500000,-38.717485,-38.971556,-38.830290
334.550000,-38.698472,-38.953035,-38.811452
334.600000,-38.679409,-38.934469,-38.792566
334.650000,-38.660297,-38.915857,-38.773632
334.700000,-38.641134,-38.897199,-38.754649
334.750000,-38.621920,-38.878492,-38.735616
334.800000,-38.602653,-38.859737,-38.716532
334.850000,-38.583333,-38.840932,-38.697397
334.900000,-38.563958,-38.822078,-38.678208
334.950000,-38.544528,-38.803172,-38.658967
335.000000,-38.525043,-38.784215,-38.639671
335.050000,-38.505500,-38.765205,-38.620320
335.100000,-38.485899,-38.746141,-38.600912
335.150000,-38.466239,-38.727023,-38.581448
335.200000,-38.446520,-38.707849,-38.561925
335.250000,-38.426739,-38.688619,-38.542343
335.300000,-38.406896,-38.669332,-38.522701
335.350000,-38.386991,-38.649987,-38.502998
335.400000,-38.367021,-38.630582,-38.483233
335.450000,-38.346986,-38.611116,-38.463404
335.500000,-38.326885,-38.591590,-38.443511
335.550000,-38.306716,-38.572001,-38.423553
335.600000,-38.286478,-38.552348,-38.403528
335.650000,-38.266171,-38.532631,-38.383435
335.700000,-38.245792,-38.512848,-38.363274
335.750000,-38.225342,-38.492999,-38.343042
335.800000,-38.204818,-38.473081,-38.322739
335.850000,-38.184219,-38.453094,-38.302363
335.900000,-38.163543,-38.433037,-38.281913
335.950000,-38.142791,-38.412908,-38.261388
336.000000,-38.121959,-38.392706,-38.240787
336.050000,-38.101048,-38.372430,-38.220108
336.100000,-38.080054,-38.352079,-38.199349
336.150000,-38.058978,-38.331650,-38.178510
336.200000,-38.037816,-38.311143,-38.157588
336.250000,-38.016569,-38.290557,-38.136583
336.300000,-37.995234,-38.269889,-38.115493
336.350000,-37.973809,-38.249139,-38.094316
336.400000,-37.952294,-38.228304,-38.073050
336.450000,-37.930686,-38.207384,-38.051695
336.500000,-37.908983,-38.186376,-38.030248
336.550000,-37.887184,-38.165280,-38.008707
336.600000,-37.865287,-38.144093,-37.987072
336.650000,-37.843291,-38.122814,-37.965339
336.700000,-37.821193,-38.101440,-37.943508
336.750000,-37.798991,-38.079971,-37.921575
336.800000,-37.776683,-38.058404,-37.899541
336.850000,-37.754268,-38.036737,-37.877401
336.900000,-37.731742,-38.014969,-37.855155
336.950000,-37.709105,-37.993098,-37.832800
337.000000,-37.686354,-37.971121,-37.810335
337.050000,-37.663486,-37.949036,-37.787756
337.100000,-37.640499,-37.926841,-37.765061
337.150000,-37.617391,-37.904534,-37.742249
337.200000,-37.594160,-37.882113,-37.719317
337.250000,-37.570802,-37.859576,-37.696262
337.300000,-37.547316,-37.836919,-37.673082
337.350000,-37.523698,-37.814141,-37.649774
337.400000,-37.499946,-37.791239,-37.626336
337.450000,-37.476056,-37.768211,-37.602765
337.500000,-37.452028,-37.745053,-37.579058
337.550000,-37.427856,-37.721763,-37.555212
337.600000,-37.403538,-37.698339,-37.531224
337.650000,-37.379071,-37.674777,-37.507092
337.700000,-37.354452,-37.651074,-37.482812
337.750000,-37.329677,-37.627228,-37.458380
337.800000,-37.304744,-37.603234,-37.433794
337.850000,-37.279647,-37.579091,-37.409050
337.900000,-37.254384,-37.554794,-37.384144
337.950000,-37.228952,-37.530340,-37.359073
338.000000,-37.203345,-37.505725,-37.333833
338.050000,-37.177560,-37.480946,-37.308420
338.100000,-37.151593,-37.455999,-37.282830
338.150000,-37.125440,-37.430881,-37.257060
338.200000,-37.099096,-37.405586,-37.231104
338.250000,-37.072557,-37.380111,-37.204958
338.300000,-37.045818,-37.354452,-37.178618
338.350000,-37.018874,-37.328604,-37.152078
338.400000,-36.991720,-37.302562,-37.125335
338.450000,-36.964351,-37.276322,-37.098383
338.500000,-36.936761,-37.249879,-37.071217
338.550000,-36.908945,-37.223227,-37.043831
338.600000,-36.880897,-37.196362,-37.016220
338.650000,-36.852612,-37.169277,-36.988378
338.700000,-36.824082,-37.141968,-36.960299
338.750000,-36.795302,-37.114428,-36.931977
338.800000,-36.766265,-37.086652,-36.903405
338.850000,-36.736963,-37.058632,-36.874576
338.900000,-36.707390,-37.030362,-36.845484
338.950000,-36.677539,-37.001836,-36.816121
339.000000,-36.647400,-36.973046,-36.786480
339.050000,-36.616967,-36.943985,-36.756553
339.100000,-36.586231,-36.914646,-36.726331
339.150000,-36.555183,-36.885020,-36.695807
339.200000,-36.523814,-36.855098,-36.664971
339.250000,-36.492115,-36.824873,-36.633814
339.300000,-36.460075,-36.794336,-36.602327
339.350000,-36.427685,-36.763476,-36.570500
339.400000,-36.394934,-36.732285,-36.538322
339.450000,-36.361810,-36.700752,-36.505783
339.500000,-36.328302,-36.668866,-36.472871
339.550000,-36.294397,-36.636617,-36.439574
339.600000,-36.260083,-36.603992,-36.405881
339.650000,-36.225347,-36.570980,-36.371777
339.700000,-36.190174,-36.537567,-36.337250
339.750000,-36.154550,-36.503742,-36.302285
339.800000,-36.118459,-36.469488,-36.266868
339.850000,-36.081886,-36.434793,-36.230983
339.900000,-36.044813,-36.399640,-36.194613
339.950000,-36.007222,-36.364014,-36.157742
340.000000,-35.969096,-36.327898,-36.120351
340.050000,-35.930414,-36.291274,-36.082421
340.100000,-35.891156,-36.254123,-36.043933
340.150000,-35.851300,-36.216425,-36.004865
340.200000,-35.810822,-36.178161,-35.965196
340.250000,-35.769700,-36.139307,-35.924902
340.300000,-35.727908,-36.099842,-35.883958
340.350000,-35.685417,-36.059740,-35.842338
340.400000,-35.642201,-36.018976,-35.800016
340.450000,-35.598228,-35.977524,-35.756960
340.500000,-35.553467,-35.935353,-35.713142
340.550000,-35.507884,-35.892434,-35.668528
340.600000,-35.461443,-35.848734,-35.623083
340.650000,-35.414106,-35.804219,-35.576770
340.700000,-35.365831,-35.758852,-35.529551
340.750000,-35.316576,-35.712595,-35.481384
340.800000,-35.266295,-35.665405,-35.432224
340.850000,-35.214938,-35.617240,-35.382024
340.900000,-35.162453,-35.568052,-35.330732
340.950000,-35.108784,-35.517791,-35.278296
341.000000,-35.053870,-35.466402,-35.224657
341.050000,-34.997646,-35.413829,-35.169752
341.100000,-34.940044,-35.360009,-35.113516
341.150000,-34.880988,-35.304875,-35.055875
341.200000,-34.820398,-35.248356,-34.996754
341.250000,-34.758187,-35.190375,-34.936067
341.300000,-34.694262,-35.130848,-34.873726
341.350000,-34.628520,-35.069685,-34.809632
341.400000,-34.560852,-35.006788,-34.743680
341.450000,-34.491138,-34.942052,-34.675755
341.500000,-34.419248,-34.875362,-34.605732
341.550000,-34.345040,-34.806591,-34.533475
341.600000,-34.268359,-34.735603,-34.458836
341.650000,-34.189035,-34.662249,-34.381651
341.700000,-34.106881,-34.586364,-34.301742
341.750000,-34.021694,-34.507768,-34.218914
341.800000,-33.933248,-34.426263,-34.132949
341.850000,-33.841291,-34.341630,-34.043610
341.900000,-33.745548,-34.253626,-33.950631
341.950000,-33.645710,-34.161983,-33.853717
342.000000,-33.541435,-34.066400,-33.752542
342.050000,-33.432337,-33.966544,-33.646738
342.100000,-33.317986,-33.862038,-33.535894
342.150000,-33.197897,-33.752463,-33.419546
342.200000,-33.071519,-33.637341,-33.297173
342.250000,-32.938231,-33.516134,-33.168180
342.300000,-32.797321,-33.388230,-33.031891
342.350000,-32.647976,-33.252929,-32.887533
342.400000,-32.489260,-33.109426,-32.734218
342.450000,-32.320092,-32.956796,-32.570917
342.500000,-32.139213,-32.793962,-32.396438
342.550000,-31.945152,-32.619673,-32.209387
342.600000,-31.736179,-32.432457,-32.008125
342.650000,-31.510244,-32.230578,-31.790715
342.700000,-31.264905,-32.011973,-31.554848
342.750000,-30.997225,-31.774171,-31.297753
342.800000,-30.703649,-31.514188,-31.016078
342.850000,-30.379834,-31.228395,-30.705733
342.900000,-30.020426,-30.912332,-30.361686
342.950000,-29.618765,-30.560476,-29.977681
343.000000,-29.166481,-30.165909,-29.545867
343.050000,-28.652948,-29.719889,-29.056293
343.100000,-28.064542,-29.211247,-28.496216
343.150000,-27.383626,-28.625587,-27.849162
343.200000,-26.587198,-27.944198,-27.093675
343.250000,-25.645137,-27.142645,-26.201684
343.300000,-24.518118,-26.189067,-25.136561
343.350000,-23.155673,-25.042501,-23.851278
343.400000,-21.495898,-23.652291,-22.288011
343.450000,-19.470693,-21.961372,-20.382672
343.500000,-17.024252,-19.919107,-18.081355
343.550000,-14.153933,-17.510993,-15.377190
343.600000,-10.967352,-14.802940,-12.362952
343.650000,-7.711375,-11.970950,-9.260671
343.700000,-4.723226,-9.277340,-6.382132
343.750000,-2.321530,-6.995904,-4.031961
343.800000,-0.708849,-5.331625,-2.415467
343.850000,0.056372,-4.382105,-1.605845
343.900000,0.022983,-4.149157,-1.571525
343.950000,-0.707111,-4.573590,-2.223766
344.000000,-2.017215,-5.566843,-3.453240
344.050000,-3.793575,-7.030523,-5.149060
344.100000,-5.930428,-8.865950,-7.205852
344.150000,-8.329923,-10.978196,-9.525339
344.200000,-10.901335,-13.278011,-12.016549
344.250000,-13.561940,-15.683799,-14.597004
344.300000,-16.240403,-18.124699,-17.195850
344.350000,-18.880844,-20.543945,-19.757499
344.400000,-21.443772,-22.900055,-22.242516
344.450000,-23.902362,-25.164485,-24.624305
344.500000,-26.236785,-27.317257,-26.883851
344.550000,-28.430143,-29.343106,-29.005679
344.600000,-30.467345,-31.229566,-30.976377
344.650000,-32.336201,-32.966899,-32.785235
344.700000,-34.029321,-34.549019,-34.425770
344.750000,-35.545446,-35.974405,-35.896917
344.800000,-36.889532,-37.246334,-37.203198
344.850000,-38.071627,-38.372265,-38.353817
344.900000,-39.105096,-39.362662,-39.361132
344.950000,-40.004827,-40.229652,-40.239050
345.000000,-40.785822,-40.985870,-41.001719
345.050000,-41.462293,-41.643629,-41.662658
345.100000,-42.047194,-42.214422,-42.234279
345.150000,-42.552060,-42.708685,-42.727701
345.200000,-42.987024,-43.135732,-43.152740
345.250000,-43.360926,-43.503789,-43.517990
345.300000,-43.681454,-43.820083,-43.830942
345.350000,-43.955288,-44.090942,-44.098125
345.400000,-44.188240,-44.321903,-44.325219
345.450000,-44.385366,-44.517813,-44.517179
345.500000,-44.551078,-44.682914,-44.678326
345.550000,-44.689229,-44.820928,-44.812439
345.600000,-44.803190,-44.935118,-44.922825
345.650000,-44.895915,-45.028355,-45.012383
345.700000,-44.969996,-45.103162,-45.083658
345.750000,-45.027714,-45.161763,-45.138885
345.800000,-45.071070,-45.206118,-45.180033
345.850000,-45.101833,-45.237957,-45.208836
345.900000,-45.121556,-45.258809,-45.226821
345.950000,-45.131614,-45.270024,-45.235337
346.000000,-45.133220,-45.272797,-45.235575
346.050000,-45.127443,-45.268187,-45.228586
346.100000,-45.115231,-45.257128,-45.215300
346.150000,-45.097420,-45.240450,-45.196538
346.200000,-45.074752,-45.218888,-45.173028
346.250000,-45.047880,-45.193092,-45.145412
346.300000,-45.017384,-45.163639,-45.114259
346.350000,-44.983777,-45.131040,-45.080072
346.400000,-44.947512,-45.095748,-45.043297
346.450000,-44.908989,-45.058164,-45.004326
346.500000,-44.868564,-45.018641,-44.963507
346.550000,-44.826549,-44.977495,-44.921148
346.600000,-44.783221,-44.935003,-44.877520
346.650000,-44.738824,-44.891411,-44.832861
346.700000,-44.693573,-44.846935,-44.787384
346.750000,-44.647657,-44.801766,-44.741274
346.800000,-44.601244,-44.756073,-44.694693
346.850000,-44.554479,-44.710004,-44.647786
346.900000,-44.507492,-44.663689,-44.600679
346.950000,-44.460394,-44.617242,-44.553481
347.000000,-44.413284,-44.570764,-44.506289
347.050000,-44.366247,-44.524340,-44.459185
347.100000,-44.319358,-44.478047,-44.412243
347.150000,-44.272681,-44.431950,-44.365526
347.200000,-44.226271,-44.386107,-44.319087
347.250000,-44.180176,-44.340566,-44.272974
347.300000,-44.134436,-44.295368,-44.227224
347.350000,-44.089086,-44.250550,-44.181872
347.400000,-44.044155,-44.206140,-44.136945
347.450000,-43.999666,-44.162164,-44.092468
347.500000,-43.955640,-44.118642,-44.048457
347.550000,-43.912091,-44.075591,-44.004930
347.600000,-43.869033,-44.033024,-43.961897
347.650000,-43.826474,-43.990950,-43.919368
347.700000,-43.784422,-43.949378,-43.877348
347.750000,-43.742881,-43.908312,-43.835843
347.800000,-43.701853,-43.867756,-43.794853
347.850000,-43.661340,-43.827709,-43.754380
347.900000,-43.621339,-43.788173,-43.714422
347.950000,-43.581850,-43.749145,-43.674978
348.000000,-43.542869,-43.710621,-43.636042
348.050000,-43.504391,-43.672599,-43.597611
348.100000,-43.466411,-43.635072,-43.559679
348.150000,-43.428923,-43.598035,-43.522240
348.200000,-43.391921,-43.561482,-43.485287
348.250000,-43.355397,-43.525405,-43.448814
348.300000,-43.319343,-43.489797,-43.412811
348.350000,-43.283752,-43.454651,-43.377271
348.400000,-43.248615,-43.419957,-43.342186
348.450000,-43.213924,-43.385708,-43.307547
348.500000,-43.179670,-43.351894,-43.273345
348.550000,-43.145843,-43.318508,-43.239572
348.600000,-43.112436,-43.285539,-43.206217
348.650000,-43.079439,-43.252980,-43.173273
348.700000,-43.046843,-43.220820,-43.140730
348.750000,-43.014638,-43.189052,-43.108578
348.800000,-42.982817,-43.157665,-43.076810
348.850000,-42.951370,-43.126652,-43.045415
348.900000,-42.920287,-43.096003,-43.014386
348.950000,-42.889561,-43.065709,-42.983712
349.000000,-42.859183,-43.035762,-42.953386
349.050000,-42.829143,-43.006152,-42.923399
349.100000,-42.799434,-42.976873,-42.893743
349.150000,-42.770046,-42.947914,-42.864408
349.200000,-42.740973,-42.919268,-42.835387
349.250000,-42.712205,-42.890927,-42.806671
349.300000,-42.683736,-42.862884,-42.778253
349.350000,-42.655556,-42.835129,-42.750126
349.400000,-42.627659,-42.807655,-42.722281
349.450000,-42.600037,-42.780456,-42.694710
349.500000,-42.572683,-42.753524,-42.667408
349.550000,-42.545589,-42.726851,-42.640366
349.600000,-42.518750,-42.700431,-42.613577
349.650000,-42.492157,-42.674256,-42.587036
349.700000,-42.465804,-42.648321,-42.560735
349.750000,-42.439686,-42.622619,-42.534667
349.800000,-42.413795,-42.597143,-42.508827
349.850000,-42.388125,-42.571887,-42.483209
349.900000,-42.362671,-42.546846,-42.457806
349.950000,-42.337426,-42.522013,-42.432612
350.000000,-42.312385,-42.497382,-42.407622
350.050000,-42.287543,-42.472949,-42.382831
350.100000,-42.262893,-42.448707,-42.358233
350.150000,-42.238431,-42.424651,-42.333822
350.200000,-42.214152,-42.400777,-42.309593
350.250000,-42.190050,-42.377079,-42.285543
350.300000,-42.166121,-42.353553,-42.261665
350.350000,-42.142359,-42.330193,-42.237955
350.400000,-42.118761,-42.306995,-42.214408
350.450000,-42.095322,-42.283955,-42.191020
350.500000,-42.072038,-42.261068,-42.167787
350.550000,-42.048903,-42.238330,-42.144704
350.600000,-42.025915,-42.215736,-42.121768
350.650000,-42.003069,-42.193284,-42.098974
350.700000,-41.980361,-42.170968,-42.076318
350.750000,-41.957787,-42.148786,-42.053796
350.800000,-41.935344,-42.126733,-42.031406
350.850000,-41.913029,-42.104806,-42.009143
350.900000,-41.890836,-42.083001,-41.987003
350.950000,-41.868764,-42.061315,-41.964984
351.000000,-41.846809,-42.039744,-41.943082
351.050000,-41.824968,-42.018286,-41.921294
351.100000,-41.803237,-41.996938,-41.899617
351.150000,-41.781614,-41.975695,-41.878047
351.200000,-41.760095,-41.954556,-41.856583
351.250000,-41.738678,-41.933518,-41.835220
351.300000,-41.717359,-41.912576,-41.813956
351.350000,-41.696137,-41.891730,-41.792788
351.400000,-41.675008,-41.870976,-41.771714
351.450000,-41.653970,-41.850312,-41.750731
351.500000,-41.633020,-41.829734,-41.729837
351.550000,-41.612156,-41.809242,-41.709028
351.600000,-41.591375,-41.788832,-41.688304
351.650000,-41.570675,-41.768501,-41.667661
351.700000,-41.550055,-41.748249,-41.647097
351.750000,-41.529511,-41.728072,-41.626610
351.800000,-41.509041,-41.707968,-41.606197
351.850000,-41.488644,-41.687936,-41.585858
351.900000,-41.468317,-41.667973,-41.565589
351.950000,-41.448058,-41.648078,-41.545389
352.000000,-41.427866,-41.628248,-41.525255
352.050000,-41.407738,-41.608481,-41.505187
352.100000,-41.387673,-41.588776,-41.485181
352.150000,-41.367669,-41.569132,-41.465237
352.200000,-41.347724,-41.549545,-41.445352
352.250000,-41.327836,-41.530015,-41.425525
352.300000,-41.308004,-41.510540,-41.405754
352.350000,-41.288226,-41.491118,-41.386038
352.400000,-41.268501,-41.471748,-41.366374
352.450000,-41.248826,-41.452428,-41.346762
352.500000,-41.229201,-41.433157,-41.327200
352.550000,-41.209624,-41.413933,-41.307686
352.600000,-41.190094,-41.394755,-41.288220
352.650000,-41.170608,-41.375621,-41.268798
352.700000,-41.151167,-41.356531,-41.249421
352.750000,-41.131768,-41.337482,-41.230087
352.800000,-41.112410,-41.318474,-41.210795
352.850000,-41.093091,-41.299505,-41.191542
352.900000,-41.073812,-41.280574,-41.172329
352.950000,-41.054570,-41.261680,-41.153154
353.000000,-41.035363,-41.242822,-41.134015
353.050000,-41.016192,-41.223998,-41.114912
353.100000,-40.997055,-41.205208,-41.095843
353.150000,-40.977950,-41.186450,-41.076807
353.200000,-40.958877,-41.167723,-41.057804
353.250000,-40.939835,-41.149026,-41.038831
353.300000,-40.920822,-41.130359,-41.019889
353.350000,-40.901837,-41.111719,-41.000975
353.400000,-40.882880,-41.093107,-40.982090
353.450000,-40.863949,-41.074521,-40.963231
353.500000,-40.845044,-41.055960,-40.944398
353.550000,-40.826163,-41.037424,-40.925591
353.600000,-40.807306,-41.018910,-40.906807
353.650000,-40.788472,-41.000420,-40.888047
353.700000,-40.769659,-40.981951,-40.869309
353.750000,-40.750867,-40.963502,-40.850593
353.800000,-40.732094,-40.945074,-40.831897
353.850000,-40.713341,-40.926665,-40.813220
353.900000,-40.694606,-40.908274,-40.794563
353.950000,-40.675889,-40.889900,-40.775923
354.000000,-40.657188,-40.871543,-40.757301
354.050000,-40.638503,-40.853202,-40.738695
354.100000,-40.619833,-40.834876,-40.720104
354.150000,-40.601177,-40.816564,-40.701529
354.200000,-40.582535,-40.798266,-40.682967
354.250000,-40.563905,-40.779981,-40.664419
354.300000,-40.545287,-40.761708,-40.645884
354.350000,-40.526681,-40.743447,-40.627360
354.400000,-40.508085,-40.725196,-40.608848
354.450000,-40.489499,-40.706955,-40.590346
354.500000,-40.470922,-40.688724,-40.571853
354.550000,-40.452353,-40.670502,-40.553370
354.600000,-40.433792,-40.652288,-40.534896
354.650000,-40.415238,-40.634081,-40.516429
354.700000,-40.396691,-40.615881,-40.497969
354.750000,-40.378149,-40.597688,-40.479515
354.800000,-40.359612,-40.579500,-40.461068
354.850000,-40.341080,-40.561316,-40.442625
354.900000,-40.322551,-40.543138,-40.424187
354.950000,-40.304026,-40.524963,-40.405753
355.000000,-40.285503,-40.506791,-40.387322
355.050000,-40.266982,-40.488621,-40.368893
355.100000,-40.248462,-40.470454,-40.350467
355.150000,-40.229943,-40.452288,-40.332042
355.200000,-40.211423,-40.434123,-40.313618
355.250000,-40.192904,-40.415958,-40.295194
355.300000,-40.174383,-40.397792,-40.276769
355.350000,-40.155860,-40.379626,-40.258344
355.400000,-40.137335,-40.361458,-40.239917
355.450000,-40.118807,-40.343288,-40.221488
355.500000,-40.100276,-40.325116,-40.203056
355.550000,-40.081740,-40.306940,-40.184620
355.600000,-40.063199,-40.288760,-40.166181
355.650000,-40.044653,-40.270577,-40.147737
355.700000,-40.026102,-40.252388,-40.129288
355.750000,-40.007544,-40.234194,-40.110834
355.800000,-39.988978,-40.215994,-40.092373
355.850000,-39.970406,-40.197788,-40.073906
355.900000,-39.951825,-40.179575,-40.055431
355.950000,-39.933235,-40.161354,-40.036949
356.000000,-39.914636,-40.143125,-40.018458
356.050000,-39.896027,-40.124887,-39.999958
356.100000,-39.877407,-40.106641,-39.981448
356.150000,-39.858777,-40.088384,-39.962928
356.200000,-39.840135,-40.070118,-39.944397
356.250000,-39.821480,-40.051840,-39.925856
356.300000,-39.802813,-40.033552,-39.907302
356.350000,-39.784133,-40.015251,-39.888736
356.400000,-39.765438,-39.996938,-39.870157
356.450000,-39.746729,-39.978612,-39.851564
356.500000,-39.728005,-39.960273,-39.832957
356.550000,-39.709266,-39.941919,-39.814336
356.600000,-39.690510,-39.923551,-39.795699
356.650000,-39.671737,-39.905168,-39.777047
356.700000,-39.652947,-39.886769,-39.758378
356.750000,-39.634139,-39.868354,-39.739692
356.800000,-39.615312,-39.849923,-39.720988
356.850000,-39.596467,-39.831474,-39.702267
356.900000,-39.577601,-39.813007,-39.683527
356.950000,-39.558715,-39.794521,-39.664767
357.000000,-39.539808,-39.776017,-39.645988
357.050000,-39.520880,-39.757493,-39.627188
357.100000,-39.501930,-39.738949,-39.608367
357.150000,-39.482957,-39.720385,-39.589524
357.200000,-39.463960,-39.701799,-39.570660
357.250000,-39.444940,-39.683192,-39.551772
357.300000,-39.425895,-39.664562,-39.532861
357.350000,-39.406825,-39.645909,-39.513926
357.400000,-39.387729,-39.627232,-39.494966
357.450000,-39.368606,-39.608532,-39.475981
357.500000,-39.349457,-39.589807,-39.456971
357.550000,-39.330280,-39.571056,-39.437933
357.600000,-39.311074,-39.552279,-39.418869
357.650000,-39.291839,-39.533476,-39.399776
357.700000,-39.272575,-39.514646,-39.380656
357.750000,-39.253281,-39.495788,-39.361506
357.800000,-39.233955,-39.476902,-39.342326
357.850000,-39.214598,-39.457986,-39.323116
357.900000,-39.195208,-39.439041,-39.303875
357.950000,-39.175785,-39.420066,-39.284602
358.000000,-39.156329,-39.401060,-39.265297
358.050000,-39.136838,-39.382022,-39.245958
358.100000,-39.117311,-39.362951,-39.226586
358.150000,-39.097749,-39.343848,-39.207179
358.200000,-39.078150,-39.324711,-39.187736
358.250000,-39.058514,-39.305540,-39.168258
358.300000,-39.038839,-39.286333,-39.148743
358.350000,-39.019126,-39.267091,-39.129190
358.400000,-38.999373,-39.247812,-39.109600
358.450000,-38.979579,-39.228496,-39.089970
358.500000,-38.959744,-39.209142,-39.070300
358.550000,-38.939867,-39.189750,-39.050589
358.600000,-38.919947,-39.170317,-39.030838
358.650000,-38.899983,-39.150845,-39.011044
358.700000,-38.879974,-39.131331,-38.991206
358.750000,-38.859920,-39.111776,-38.971325
358.800000,-38.839820,-39.092178,-38.951399
358.850000,-38.819672,-39.072536,-38.931428
358.900000,-38.799476,-39.052850,-38.911410
358.950000,-38.779231,-39.033119,-38.891344
359.000000,-38.758936,-39.013341,-38.871230
359.050000,-38.738590,-38.993517,-38.851067
359.100000,-38.718192,-38.973644,-38.830853
359.150000,-38.697741,-38.953723,-38.810588
359.200000,-38.677235,-38.933752,-38.790271
359.250000,-38.656675,-38.913730,-38.769901
359.300000,-38.636059,-38.893657,-38.749476
359.350000,-38.615386,-38.873531,-38.728996
359.400000,-38.594655,-38.853351,-38.708460
359.450000,-38.573864,-38.833117,-38.687867
359.500000,-38.553013,-38.812827,-38.667215
359.550000,-38.532101,-38.792480,-38.646504
359.600000,-38.511126,-38.772076,-38.625732
359.650000,-38.490087,-38.751613,-38.604898
359.700000,-38.468983,-38.731090,-38.584001
359.750000,-38.447813,-38.710505,-38.563041
359.800000,-38.426576,-38.689859,-38.542015
359.850000,-38.405270,-38.669149,-38.520922
359.900000,-38.383894,-38.648375,-38.499762
359.950000,-38.362447,-38.627535,-38.478533
360.000000,-38.340928,-38.606628,-38.457233
360.050000,-38.319334,-38.585653,-38.435862
360.100000,-38.297665,-38.564608,-38.414417
360.150000,-38.275920,-38.543492,-38.392899
360.200000,-38.254096,-38.522304,-38.371304
360.250000,-38.232193,-38.501043,-38.349633
360.300000,-38.210208,-38.479707,-38.327882
360.350000,-38.188141,-38.458294,-38.306052
360.400000,-38.165989,-38.436804,-38.284139
360.450000,-38.143752,-38.415234,-38.262144
360.500000,-38.121427,-38.393583,-38.240063
360.550000,-38.099013,-38.371850,-38.217896
360.600000,-38.076508,-38.350033,-38.195641
360.650000,-38.053911,-38.328131,-38.173296
360.700000,-38.031219,-38.306141,-38.150859
360.750000,-38.008431,-38.284062,-38.128329
360.800000,-37.985544,-38.261892,-38.105703
360.850000,-37.962557,-38.239630,-38.082981
360.900000,-37.939469,-38.217274,-38.060159
360.950000,-37.916276,-38.194822,-38.037236
361.000000,-37.892976,-38.172271,-38.014210
361.050000,-37.869569,-38.149620,-37.991079
361.100000,-37.846051,-38.126868,-37.967840
361.150000,-37.822420,-38.104011,-37.944492
361.200000,-37.798674,-38.081047,-37.921032
361.250000,-37.774811,-38.057976,-37.897459
361.300000,-37.750827,-38.034793,-37.873768
361.350000,-37.726722,-38.011498,-37.849959
361.400000,-37.702491,-37.988087,-37.826029
361.450000,-37.678133,-37.964558,-37.801975
361.500000,-37.653645,-37.940909,-37.777794
361.550000,-37.629023,-37.917137,-37.753484
361.600000,-37.604265,-37.893240,-37.729042
361.650000,-37.579369,-37.869214,-37.704465
361.700000,-37.554331,-37.845058,-37.679750
361.750000,-37.529148,-37.820768,-37.654895
361.800000,-37.503816,-37.796340,-37.629895
361.850000,-37.478334,-37.771774,-37.604749
361.900000,-37.452696,-37.747064,-37.579452
361.950000,-37.426900,-37.722208,-37.554001
362.000000,-37.400942,-37.697203,-37.528393
362.050000,-37.374819,-37.672044,-37.502624
362.100000,-37.348526,-37.646730,-37.476691
362.150000,-37.322060,-37.621256,-37.450589
362.200000,-37.295416,-37.595618,-37.424315
362.250000,-37.268591,-37.569813,-37.397865
362.300000,-37.241580,-37.543836,-37.371234
362.350000,-37.214379,-37.517684,-37.344419
362.400000,-37.186983,-37.491352,-37.317414
362.450000,-37.159387,-37.464836,-37.290215
362.500000,-37.131587,-37.438131,-37.262818
362.550000,-37.103577,-37.411233,-37.235217
362.600000,-37.075352,-37.384137,-37.207407
362.650000,-37.046907,-37.356839,-37.179383
362.700000,-37.018236,-37.329332,-37.151140
362.750000,-36.989333,-37.301611,-37.122672
362.800000,-36.960193,-37.273672,-37.093973
362.850000,-36.930808,-37.245508,-37.065037
362.900000,-36.901173,-37.217113,-37.035858
362.950000,-36.871281,-37.188482,-37.006429
363.000000,-36.841125,-37.159607,-36.976744
363.050000,-36.810697,-37.130483,-36.946795
363.100000,-36.779991,-37.101102,-36.916576
363.150000,-36.748997,-37.071458,-36.886078
363.200000,-36.717709,-37.041542,-36.855294
363.250000,-36.686118,-37.011347,-36.824215
363.300000,-36.654214,-36.980866,-36.792834
363.350000,-36.621990,-36.950089,-36.761140
363.400000,-36.589434,-36.919009,-36.729126
363.450000,-36.556538,-36.887615,-36.696781
363.500000,-36.523291,-36.855899,-36.664095
363.550000,-36.489683,-36.823851,-36.631059
363.600000,-36.455701,-36.791461,-36.597660
363.650000,-36.421335,-36.758717,-36.563888
363.700000,-36.386571,-36.725610,-36.529732
363.750000,-36.351398,-36.692126,-36.495177
363.800000,-36.315802,-36.658255,-36.460212
363.850000,-36.279769,-36.623983,-36.424823
363.900000,-36.243283,-36.589296,-36.388996
363.950000,-36.206331,-36.554182,-36.352715
364.000000,-36.168895,-36.518625,-36.315966
364.050000,-36.130959,-36.482610,-36.278732
364.100000,-36.092504,-36.446121,-36.240995
364.150000,-36.053513,-36.409141,-36.202738
364.200000,-36.013966,-36.371652,-36.163941
364.250000,-35.973841,-36.333635,-36.124585
364.300000,-35.933118,-36.295071,-36.084649
364.350000,-35.891773,-36.255940,-36.044110
364.400000,-35.849782,-36.216218,-36.002946
364.450000,-35.807120,-36.175884,-35.961131
364.500000,-35.763759,-36.134913,-35.918640
364.550000,-35.719671,-36.093279,-35.875444
364.600000,-35.674827,-36.050955,-35.831516
364.650000,-35.629193,-36.007912,-35.786823
364.700000,-35.582737,-35.964120,-35.741334
364.750000,-35.535422,-35.919546,-35.695013
364.800000,-35.487209,-35.874157,-35.647824
364.850000,-35.438059,-35.827915,-35.599728
364.900000,-35.387929,-35.780782,-35.550683
364.950000,-35.336771,-35.732716,-35.500644
365.000000,-35.284537,-35.683674,-35.449565
365.050000,-35.231175,-35.633608,-35.397394
365.100000,-35.176628,-35.582468,-35.344078
365.150000,-35.120836,-35.530201,-35.289559
365.200000,-35.063734,-35.476749,-35.233774
365.250000,-35.005254,-35.422050,-35.176658
365.300000,-34.945321,-35.366037,-35.118137
365.350000,-34.883855,-35.308640,-35.058136
365.400000,-34.820768,-35.249780,-34.996571
365.450000,-34.755969,-35.189376,-34.933352
365.500000,-34.689354,-35.127336,-34.868382
365.550000,-34.620816,-35.063565,-34.801556
365.600000,-34.550233,-34.997956,-34.732758
365.650000,-34.477478,-34.930394,-34.661866
365.700000,-34.402407,-34.860754,-34.588742
365.750000,-34.324868,-34.788901,-34.513239
365.800000,-34.244691,-34.714684,-34.435195
365.850000,-34.161691,-34.637942,-34.354433
365.900000,-34.075663,-34.558493,-34.270757
365.950000,-33.986383,-34.476142,-34.183952
366.000000,-33.893602,-34.390669,-34.093780
366.050000,-33.797045,-34.301835,-33.999978
366.100000,-33.696406,-34.209370,-33.902253
366.150000,-33.591343,-34.112978,-33.800279
366.200000,-33.481475,-34.012325,-33.693692
366.250000,-33.366373,-33.907039,-33.582082
366.300000,-33.245554,-33.796700,-33.464990
366.350000,-33.118473,-33.680837,-33.341895
366.400000,-32.984510,-33.558913,-33.212209
366.450000,-32.842962,-33.430321,-33.075259
366.500000,-32.693019,-33.294365,-32.930279
366.550000,-32.533754,-33.150247,-32.776386
366.600000,-32.364093,-32.997048,-32.612561
366.650000,-32.182788,-32.833702,-32.437620
366.700000,-31.988381,-32.658964,-32.250180
366.750000,-31.779156,-32.471378,-32.048618
366.800000,-31.553082,-32.269221,-31.831012
366.850000,-31.307739,-32.050451,-31.595076
366.900000,-31.040220,-31.812617,-31.338065
366.950000,-30.747005,-31.552767,-31.056660
367.000000,-30.423795,-31.267307,-30.746815
367.050000,-30.065295,-30.951824,-30.403548
367.100000,-29.664918,-30.600855,-30.020672
367.150000,-29.214391,-30.207559,-29.590428
367.200000,-28.703212,-29.763294,-29.102978
367.250000,-28.117919,-29.257022,-28.545729
367.300000,-27.441089,-28.674517,-27.902407
367.350000,-26.649996,-27.997289,-27.151809
367.400000,-25.714864,-27.201181,-26.266184
367.450000,-24.596779,-26.254665,-25.209285
367.500000,-23.245679,-25.117123,-23.934468
367.550000,-21.599875,-23.738115,-22.384118
367.600000,-19.590798,-22.060315,-20.493753
367.650000,-17.160583,-20.031674,-18.207635
367.700000,-14.301893,-17.634278,-15.514659
367.750000,-11.115397,-14.928686,-12.501210
367.800000,-7.842145,-12.085788,-9.383724
367.850000,-4.818746,-9.366176,-6.472940
367.900000,-2.369147,-7.046523,-4.077939
367.950000,-0.704038,-5.337655,-2.411401
368.000000,0.111322,-4.343017,-1.553081
368.050000,0.122094,-4.068423,-1.475296
368.100000,-0.571015,-4.456732,-2.090849
368.150000,-1.851291,-5.420156,-3.290675
368.200000,-3.604596,-6.860434,-4.963655
368.250000,-5.724778,-8.678742,-7.004065
368.300000,-8.113655,-10.779874,-9.313263
368.350000,-10.680136,-13.074178,-11.799851
368.400000,-13.340911,-15.479455,-14.380722
368.450000,-16.023680,-17.923946,-16.984055
368.500000,-18.671319,-20.349760,-19.553048
368.550000,-21.243199,-22.714326,-22.047139
368.600000,-23.711782,-24.988312,-24.438994
368.650000,-26.056970,-27.151320,-26.709278
368.700000,-28.261836,-29.187925,-28.842441
368.750000,-30.311259,-31.085588,-30.825041
368.800000,-32.192896,-32.834454,-32.646238
368.850000,-33.899038,-34.428229,-34.299281
368.900000,-35.428015,-35.865108,-35.782752
368.950000,-36.784383,-37.148068,-37.100817
369.000000,-37.977875,-38.284319,-38.262393
369.050000,-39.021670,-39.284156,-39.279662
369.100000,-39.930587,-40.159627,-40.166460
369.150000,-40.719647,-40.923359,-40.936944
369.200000,-41.403136,-41.587707,-41.604695
369.250000,-41.994103,-42.164234,-42.182215
369.300000,-42.504190,-42.663459,-42.680719
369.350000,-42.943630,-43.094779,-43.110118
369.400000,-43.321357,-43.466500,-43.479093
369.450000,-43.645142,-43.785922,-43.795218
369.500000,-43.921738,-44.059439,-44.065088
369.550000,-44.157018,-44.292646,-44.294448
369.600000,-44.356095,-44.490439,-44.488303
369.650000,-44.523428,-44.657107,-44.651022
369.700000,-44.662911,-44.796408,-44.786425
369.750000,-44.777949,-44.911640,-44.897851
369.800000,-44.871530,-45.005703,-44.988232
369.850000,-44.946273,-45.081147,-45.060138
369.900000,-45.004479,-45.140218,-45.115828
369.950000,-45.048175,-45.184896,-45.157292
370.000000,-45.079143,-45.216929,-45.186281
370.050000,-45.098956,-45.237860,-45.204338
370.100000,-45.109001,-45.249054,-45.212825
370.150000,-45.110503,-45.251717,-45.212946
370.200000,-45.104543,-45.246919,-45.205762
370.250000,-45.092079,-45.235604,-45.192213
370.300000,-45.073956,-45.218609,-45.173128
370.350000,-45.050921,-45.196678,-45.149243
370.400000,-45.023636,-45.170466,-45.121207
370.450000,-44.992686,-45.140558,-45.089593
370.500000,-44.958589,-45.107468,-45.054911
370.550000,-44.921803,-45.071653,-45.017610
370.600000,-44.882734,-45.033520,-44.978088
370.650000,-44.841738,-44.993426,-44.936695
370.700000,-44.799133,-44.951689,-44.893743
370.750000,-44.755197,-44.908589,-44.849505
370.800000,-44.710179,-44.864374,-44.804223
370.850000,-44.664294,-44.819263,-44.758110
370.900000,-44.617735,-44.773450,-44.711355
370.950000,-44.570670,-44.727104,-44.664121
371.000000,-44.523247,-44.680376,-44.616555
371.050000,-44.475596,-44.633396,-44.568784
371.100000,-44.427830,-44.586281,-44.520918
371.150000,-44.380050,-44.539130,-44.473055
371.200000,-44.332341,-44.492033,-44.425280
371.250000,-44.284778,-44.445066,-44.377665
371.300000,-44.237428,-44.398295,-44.330275
371.350000,-44.190345,-44.351778,-44.283163
371.400000,-44.143578,-44.305563,-44.236378
371.450000,-44.097168,-44.259694,-44.189959
371.500000,-44.051150,-44.214206,-44.143940
371.550000,-44.005553,-44.169129,-44.098348
371.600000,-43.960401,-44.124489,-44.053208
371.650000,-43.915714,-44.080306,-44.008539
371.700000,-43.871508,-44.036596,-43.964355
371.750000,-43.827796,-43.993374,-43.920670
371.800000,-43.784587,-43.950650,-43.877492
371.850000,-43.741889,-43.908431,-43.834828
371.900000,-43.699705,-43.866722,-43.792682
371.950000,-43.658039,-43.825526,-43.751056
372.000000,-43.616892,-43.784845,-43.709950
372.050000,-43.576262,-43.744678,-43.669364
372.100000,-43.536147,-43.705023,-43.629295
372.150000,-43.496544,-43.665878,-43.589740
372.200000,-43.457449,-43.627237,-43.550693
372.250000,-43.418856,-43.589097,-43.512150
372.300000,-43.380759,-43.551451,-43.474105
372.350000,-43.343152,-43.514293,-43.436549
372.400000,-43.306028,-43.477616,-43.399477
372.450000,-43.269378,-43.441412,-43.362881
372.500000,-43.233195,-43.405674,-43.326751
372.550000,-43.197470,-43.370392,-43.291080
372.600000,-43.162195,-43.335559,-43.255860
372.650000,-43.127361,-43.301166,-43.221080
372.700000,-43.092959,-43.267204,-43.186733
372.750000,-43.058980,-43.233664,-43.152809
372.800000,-43.025415,-43.200537,-43.119298
372.850000,-42.992255,-43.167814,-43.086193
372.900000,-42.959490,-43.135486,-43.053483
372.950000,-42.927112,-43.103543,-43.021160
373.000000,-42.895111,-43.071977,-42.989215
373.050000,-42.863479,-43.040779,-42.957638
373.100000,-42.832207,-43.009940,-42.926421
373.150000,-42.801285,-42.979451,-42.895554
373.200000,-42.770706,-42.949303,-42.865030
373.250000,-42.740460,-42.919488,-42.834839
373.300000,-42.710540,-42.889997,-42.804973
373.350000,-42.680936,-42.860823,-42.775424
373.400000,-42.651641,-42.831956,-42.746184
373.450000,-42.622647,-42.803390,-42.717245
373.500000,-42.593946,-42.775115,-42.688598
373.550000,-42.565531,-42.747125,-42.660237
373.600000,-42.537393,-42.719412,-42.632153
373.650000,-42.509526,-42.691968,-42.604340
373.700000,-42.481922,-42.664787,-42.576790
373.750000,-42.454574,-42.637861,-42.549496
373.800000,-42.427476,-42.611184,-42.522452
373.850000,-42.400621,-42.584748,-42.495651
373.900000,-42.374002,-42.558547,-42.469086
373.950000,-42.347612,-42.532575,-42.442750
374.000000,-42.321447,-42.506826,-42.416638
374.050000,-42.295499,-42.481294,-42.390744
374.100000,-42.269762,-42.455971,-42.365062
374.150000,-42.244232,-42.430854,-42.339585
374.200000,-42.218902,-42.405936,-42.314309
374.250000,-42.193767,-42.381212,-42.289228
374.300000,-42.168821,-42.356676,-42.264336
374.350000,-42.144060,-42.332323,-42.239629
374.400000,-42.119478,-42.308148,-42.215101
374.450000,-42.095071,-42.284147,-42.190748
374.500000,-42.070833,-42.260314,-42.166564
374.550000,-42.046760,-42.236644,-42.142546
374.600000,-42.022848,-42.213134,-42.118688
374.650000,-41.999091,-42.189779,-42.094986
374.700000,-41.975487,-42.166575,-42.071436
374.750000,-41.952029,-42.143516,-42.048033
374.800000,-41.928716,-42.120600,-42.024775
374.850000,-41.905542,-42.097823,-42.001656
374.900000,-41.882504,-42.075179,-41.978673
374.950000,-41.859597,-42.052667,-41.955822
375.000000,-41.836819,-42.030282,-41.933100
375.050000,-41.814166,-42.008020,-41.910502
375.100000,-41.791634,-41.985878,-41.888026
375.150000,-41.769220,-41.963853,-41.865669
375.200000,-41.746920,-41.941942,-41.843426
375.250000,-41.724732,-41.920141,-41.821295
375.300000,-41.702653,-41.898447,-41.799272
375.350000,-41.680679,-41.876858,-41.777355
375.400000,-41.658807,-41.855370,-41.755541
375.450000,-41.637035,-41.833980,-41.733827
375.500000,-41.615359,-41.812686,-41.712210
375.550000,-41.593778,-41.791485,-41.690687
375.600000,-41.572288,-41.770374,-41.669256
375.650000,-41.550888,-41.749352,-41.647914
375.700000,-41.529573,-41.728415,-41.626659
375.750000,-41.508343,-41.707560,-41.605489
375.800000,-41.487194,-41.686787,-41.584400
375.850000,-41.466125,-41.666091,-41.563391
375.900000,-41.445132,-41.645472,-41.542459
375.950000,-41.424215,-41.624927,-41.521603
376.000000,-41.403370,-41.604453,-41.500819
376.050000,-41.382595,-41.584049,-41.480107
376.100000,-41.361890,-41.563713,-41.459463
376.150000,-41.341251,-41.543443,-41.438887
376.200000,-41.320677,-41.523237,-41.418376
376.250000,-41.300165,-41.503092,-41.397928
376.300000,-41.279715,-41.483008,-41.377541
376.350000,-41.259323,-41.462983,-41.357214
376.400000,-41.238990,-41.443014,-41.336945
376.450000,-41.218712,-41.423100,-41.316732
376.500000,-41.198488,-41.403239,-41.296574
376.550000,-41.178316,-41.383430,-41.276468
376.600000,-41.158196,-41.363672,-41.256414
376.650000,-41.138124,-41.343962,-41.236410
376.700000,-41.118101,-41.324300,-41.216454
376.750000,-41.098124,-41.304683,-41.196545
376.800000,-41.078192,-41.285111,-41.176681
376.850000,-41.058303,-41.265581,-41.156861
376.900000,-41.038457,-41.246094,-41.137084
376.950000,-41.018651,-41.226646,-41.117349
377.000000,-40.998885,-41.207238,-41.097653
377.050000,-40.979157,-41.187868,-41.077996
377.100000,-40.959466,-41.168534,-41.058376
377.150000,-40.939811,-41.149235,-41.038793
377.200000,-40.920190,-41.129971,-41.019245
377.250000,-40.900602,-41.110739,-40.999730
377.300000,-40.881047,-41.091540,-40.980248
377.350000,-40.861523,-41.072371,-40.960798
377.400000,-40.842028,-41.053232,-40.941378
377.450000,-40.822562,-41.034121,-40.921988
377.500000,-40.803124,-41.015038,-40.902626
377.550000,-40.783713,-40.995982,-40.883291
377.600000,-40.764327,-40.976951,-40.863982
377.650000,-40.744966,-40.957945,-40.844699
377.700000,-40.725629,-40.938962,-40.825440
377.750000,-40.706314,-40.920002,-40.806204
377.800000,-40.687021,-40.901063,-40.786990
377.850000,-40.667748,-40.882146,-40.767798
377.900000,-40.648496,-40.863248,-40.748626
377.950000,-40.629262,-40.844369,-40.729474
378.000000,-40.610046,-40.825509,-40.710340
378.050000,-40.590848,-40.806665,-40.691224
378.100000,-40.571666,-40.787838,-40.672125
378.150000,-40.552499,-40.769027,-40.653042
378.200000,-40.533346,-40.750231,-40.633975
378.250000,-40.514208,-40.731449,-40.614922
378.300000,-40.495082,-40.712679,-40.595882
378.350000,-40.475969,-40.693923,-40.576855
378.400000,-40.456867,-40.675178,-40.557840
378.450000,-40.437775,-40.656444,-40.538837
378.500000,-40.418694,-40.637720,-40.519844
378.550000,-40.399621,-40.619006,-40.500861
378.600000,-40.380556,-40.600301,-40.481887
378.650000,-40.361500,-40.581603,-40.462921
378.700000,-40.342450,-40.562913,-40.443963
378.750000,-40.323406,-40.544230,-40.425011
378.800000,-40.304367,-40.525553,-40.406066
378.850000,-40.285333,-40.506880,-40.387126
378.900000,-40.266303,-40.488213,-40.368190
378.950000,-40.247276,-40.469550,-40.349259
379.000000,-40.228252,-40.450889,-40.330331
379.050000,-40.209230,-40.432232,-40.311406
379.100000,-40.190208,-40.413576,-40.292483
379.150000,-40.171188,-40.394922,-40.273560
379.200000,-40.152167,-40.376268,-40.254639
379.250000,-40.133145,-40.357615,-40.235718
379.300000,-40.114122,-40.338961,-40.216795
379.350000,-40.095096,-40.320305,-40.197872
379.400000,-40.076068,-40.301648,-40.178947
379.450000,-40.057036,-40.282989,-40.160018
379.500000,-40.038000,-40.264326,-40.141087
379.550000,-40.018960,-40.245660,-40.122152
379.600000,-39.999914,-40.226989,-40.103212
379.650000,-39.980861,-40.208314,-40.084267
379.700000,-39.961803,-40.189632,-40.065316
379.750000,-39.942736,-40.170945,-40.046359
379.800000,-39.923662,-40.152252,-40.027394
379.850000,-39.904579,-40.133550,-40.008422
379.900000,-39.885487,-40.114841,-39.989442
379.950000,-39.866385,-40.096124,-39.970452
380.000000,-39.847273,-40.077397,-39.951453
380.050000,-39.828150,-40.058661,-39.932444
380.100000,-39.809014,-40.039914,-39.913424
380.150000,-39.789866,-40.021157,-39.894393
380.200000,-39.770706,-40.002388,-39.875350
380.250000,-39.751531,-39.983607,-39.856293
380.300000,-39.732342,-39.964813,-39.837224
380.350000,-39.713139,-39.946006,-39.818140
380.400000,-39.693919,-39.927185,-39.799042
380.450000,-39.674684,-39.908350,-39.779929
380.500000,-39.655431,-39.889499,-39.760800
380.550000,-39.636161,-39.870633,-39.741654
380.600000,-39.616873,-39.851750,-39.722492
380.650000,-39.597566,-39.832851,-39.703311
380.700000,-39.578240,-39.813934,-39.684113
380.750000,-39.558893,-39.794999,-39.664895
380.800000,-39.539526,-39.776045,-39.645658
380.850000,-39.520138,-39.757072,-39.626400
380.900000,-39.500727,-39.738079,-39.607121
380.950000,-39.481294,-39.719066,-39.587821
381.000000,-39.461837,-39.700031,-39.568499
381.050000,-39.442356,-39.680975,-39.549154
381.100000,-39.422851,-39.661896,-39.529785
381.150000,-39.403320,-39.642794,-39.510392
381.200000,-39.383763,-39.623668,-39.490974
381.250000,-39.364180,-39.604518,-39.471531
381.300000,-39.344569,-39.585343,-39.452062
381.350000,-39.324930,-39.566142,-39.432565
381.400000,-39.305262,-39.546915,-39.413042
381.450000,-39.285564,-39.527661,-39.393489
381.500000,-39.265837,-39.508380,-39.373908
381.550000,-39.246078,-39.489070,-39.354297
381.600000,-39.226287,-39.469731,-39.334656
381.650000,-39.206464,-39.450363,-39.314984
381.700000,-39.186608,-39.430964,-39.295280
381.750000,-39.166718,-39.411534,-39.275543
381.800000,-39.146794,-39.392072,-39.255773
381.850000,-39.126833,-39.372578,-39.235969
381.900000,-39.106837,-39.353050,-39.216130
381.950000,-39.086804,-39.333489,-39.196255
382.000000,-39.066732,-39.313893,-39.176344
382.050000,-39.046622,-39.294261,-39.156396
382.100000,-39.026473,-39.274593,-39.136410
382.150000,-39.006283,-39.254889,-39.116385
382.200000,-38.986052,-39.235146,-39.096320
382.250000,-38.965779,-39.215365,-39.076215
382.300000,-38.945464,-39.195545,-39.056069
382.350000,-38.925104,-39.175684,-39.035880
382.400000,-38.904700,-39.155782,-39.015649
382.450000,-38.884251,-39.135839,-38.995373
382.500000,-38.863755,-39.115853,-38.975053
382.550000,-38.843211,-39.095823,-38.954687
382.600000,-38.822619,-39.075748,-38.934274
382.650000,-38.801978,-39.055629,-38.913814
382.700000,-38.781287,-39.035463,-38.893305
382.750000,-38.760544,-39.015250,-38.872746
382.800000,-38.739749,-38.994988,-38.852137
382.850000,-38.718901,-38.974678,-38.831477
382.900000,-38.697998,-38.954317,-38.810763
382.950000,-38.677040,-38.933906,-38.789997
383.000000,-38.656025,-38.913442,-38.769175
383.050000,-38.634952,-38.892925,-38.748298
383.100000,-38.613821,-38.872354,-38.727363
383.150000,-38.592630,-38.851727,-38.706371
383.200000,-38.571378,-38.831045,-38.685320
383.250000,-38.550063,-38.810305,-38.664209
383.300000,-38.528685,-38.789507,-38.643036
383.350000,-38.507243,-38.768649,-38.621800
383.400000,-38.485735,-38.747730,-38.600501
383.450000,-38.464159,-38.726749,-38.579137
383.500000,-38.442515,-38.705706,-38.557706
383.550000,-38.420802,-38.684597,-38.536208
383.600000,-38.399017,-38.663424,-38.514641
383.650000,-38.377160,-38.642183,-38.493004
383.700000,-38.355229,-38.620875,-38.471296
383.750000,-38.333223,-38.599497,-38.449514
383.800000,-38.311140,-38.578048,-38.427658
383.850000,-38.288979,-38.556527,-38.405727
383.900000,-38.266739,-38.534932,-38.383718
383.950000,-38.244417,-38.513263,-38.361631
384.000000,-38.222012,-38.491517,-38.339463
384.050000,-38.199523,-38.469693,-38.317213
384.100000,-38.176948,-38.447790,-38.294880
384.150000,-38.154285,-38.425806,-38.272462
384.200000,-38.131533,-38.403739,-38.249957
384.250000,-38.108690,-38.381589,-38.227364
384.300000,-38.085753,-38.359352,-38.204681
384.350000,-38.062722,-38.337028,-38.181905
384.400000,-38.039594,-38.314614,-38.159036
384.450000,-38.016368,-38.292109,-38.136071
384.500000,-37.993041,-38.269512,-38.113009
384.550000,-37.969611,-38.246820,-38.089846
384.600000,-37.946077,-38.224031,-38.066583
384.650000,-37.922436,-38.201143,-38.043216
384.700000,-37.898686,-38.178155,-38.019743
384.750000,-37.874825,-38.155064,-37.996162
384.800000,-37.850850,-38.131869,-37.972471
384.850000,-37.826760,-38.108566,-37.948667
384.900000,-37.802551,-38.085155,-37.924749
384.950000,-37.778221,-38.061632,-37.900713
385.000000,-37.753769,-38.037995,-37.876558
385.050000,-37.729190,-38.014242,-37.852281
385.100000,-37.704483,-37.990370,-37.827878
385.150000,-37.679644,-37.966377,-37.803349
385.200000,-37.654672,-37.942260,-37.778689
385.250000,-37.629562,-37.918016,-37.753896
385.300000,-37.604312,-37.893644,-37.728967
385.350000,-37.578919,-37.869139,-37.703899
385.400000,-37.553380,-37.844499,-37.678688
385.450000,-37.527691,-37.819722,-37.653333
385.500000,-37.501850,-37.794803,-37.627829
385.550000,-37.475852,-37.769740,-37.602174
385.600000,-37.449694,-37.744529,-37.576363
385.650000,-37.423373,-37.719168,-37.550393
385.700000,-37.396884,-37.693652,-37.524261
385.750000,-37.370225,-37.667978,-37.497963
385.800000,-37.343390,-37.642143,-37.471494
385.850000,-37.316375,-37.616142,-37.444851
385.900000,-37.289178,-37.589972,-37.418030
385.950000,-37.261792,-37.563629,-37.391027
386.000000,-37.234213,-37.537108,-37.363836
386.050000,-37.206438,-37.510405,-37.336454
386.100000,-37.178460,-37.483517,-37.308876
386.150000,-37.150276,-37.456437,-37.281097
386.200000,-37.121879,-37.429162,-37.253111
386.250000,-37.093265,-37.401686,-37.224915
386.300000,-37.064427,-37.374005,-37.196501
386.350000,-37.035361,-37.346113,-37.167866
386.400000,-37.006060,-37.318005,-37.139003
386.450000,-36.976518,-37.289675,-37.109905
386.500000,-36.946729,-37.261117,-37.080568
386.550000,-36.916686,-37.232326,-37.050984
386.600000,-36.886382,-37.203294,-37.021147
386.650000,-36.855811,-37.174017,-36.991049
386.700000,-36.824964,-37.144485,-36.960685
386.750000,-36.793834,-37.114694,-36.930046
386.800000,-36.762413,-37.084635,-36.899125
386.850000,-36.730693,-37.054301,-36.867913
386.900000,-36.698666,-37.023684,-36.836402
386.950000,-36.666321,-36.992775,-36.804583
387.000000,-36.633650,-36.961567,-36.772449
387.050000,-36.600644,-36.930051,-36.739988
387.100000,-36.567291,-36.898216,-36.707191
387.150000,-36.533582,-36.866055,-36.674048
387.200000,-36.499505,-36.833555,-36.640549
387.250000,-36.465049,-36.800708,-36.606681
387.300000,-36.430202,-36.767502,-36.572434
387.350000,-36.394952,-36.733925,-36.537796
387.400000,-36.359284,-36.699966,-36.502753
387.450000,-36.323186,-36.665613,-36.467293
387.500000,-36.286643,-36.630852,-36.431401
387.550000,-36.249641,-36.595669,-36.395063
387.600000,-36.212162,-36.560051,-36.358263
387.650000,-36.174191,-36.523982,-36.320987
387.700000,-36.135711,-36.487447,-36.283216
387.750000,-36.096703,-36.450428,-36.244933
387.800000,-36.057148,-36.412909,-36.206120
387.850000,-36.017026,-36.374872,-36.166758
387.900000,-35.976315,-36.336297,-36.126825
387.950000,-35.934994,-36.297164,-36.086300
388.000000,-35.893038,-36.257452,-36.045161
388.050000,-35.850423,-36.217138,-36.003383
388.100000,-35.807123,-36.176198,-35.960941
388.150000,-35.763110,-36.134608,-35.917808
388.200000,-35.718354,-36.092342,-35.873957
388.250000,-35.672825,-36.049370,-35.829356
388.300000,-35.626490,-36.005664,-35.783974
388.350000,-35.579313,-35.961192,-35.737778
388.400000,-35.531258,-35.915921,-35.690732
388.450000,-35.482285,-35.869815,-35.642797
388.500000,-35.432352,-35.822837,-35.593934
388.550000,-35.381415,-35.774947,-35.544099
388.600000,-35.329425,-35.726102,-35.493246
388.650000,-35.276333,-35.676256,-35.441327
388.700000,-35.222084,-35.625361,-35.388289
388.750000,-35.166620,-35.573365,-35.334077
388.800000,-35.109879,-35.520212,-35.278630
388.850000,-35.051793,-35.465843,-35.221884
388.900000,-34.992291,-35.410193,-35.163770
388.950000,-34.931296,-35.353194,-35.104213
389.000000,-34.868723,-35.294772,-35.043134
389.050000,-34.804485,-35.234846,-34.980446
389.100000,-34.738482,-35.173330,-34.916055
389.150000,-34.670610,-35.110130,-34.849861
389.200000,-34.600755,-35.045146,-34.781754
389.250000,-34.528791,-34.978267,-34.711613
389.300000,-34.454585,-34.909373,-34.639311
389.350000,-34.377987,-34.838334,-34.564704
389.400000,-34.298838,-34.765008,-34.487638
389.450000,-34.216959,-34.689238,-34.407944
389.500000,-34.132156,-34.610854,-34.325435
389.550000,-34.044217,-34.529667,-34.239907
389.600000,-33.952903,-34.445470,-34.151134
389.650000,-33.857955,-34.358035,-34.058865
389.700000,-33.759081,-34.267106,-33.962823
389.750000,-33.655959,-34.172403,-33.862700
389.800000,-33.548228,-34.073610,-33.758151
389.850000,-33.435485,-33.970376,-33.648791
389.900000,-33.317274,-33.862306,-33.534186
389.950000,-33.193084,-33.748955,-33.413847
390.000000,-33.062334,-33.629822,-33.287223
390.050000,-32.924365,-33.504335,-33.153685
390.100000,-32.778422,-33.371847,-33.012515
390.150000,-32.623642,-33.231613,-32.862893
390.200000,-32.459027,-33.082778,-32.703871
390.250000,-32.283423,-32.924354,-32.534354
390.300000,-32.095482,-32.755190,-32.353063
390.350000,-31.893626,-32.573944,-32.158505
390.400000,-31.675993,-32.379034,-31.948915
390.450000,-31.440370,-32.168589,-31.722204
390.500000,-31.184112,-31.940377,-31.475870
390.550000,-30.904026,-31.691715,-31.206905
390.600000,-30.596234,-31.419353,-30.911652
390.650000,-30.255979,-31.119320,-30.585634
390.700000,-29.877371,-30.786721,-30.223316
390.750000,-29.453052,-30.415459,-29.817791
390.800000,-28.973729,-29.997870,-29.360348
390.850000,-28.427552,-29.524219,-28.839894
390.900000,-27.799254,-28.982014,-28.242157
390.950000,-27.068997,-28.355086,-27.548619
391.000000,-26.210833,-27.622354,-26.735082
391.050000,-25.190766,-26.756264,-25.769875
391.100000,-23.964616,-25.721010,-24.611843
391.150000,-22.476474,-24.471105,-23.208852
391.200000,-20.660128,-22.951969,-21.498907
391.250000,-18.448920,-21.106502,-19.418830
391.300000,-15.803348,-18.894650,-16.928951
391.350000,-12.762136,-16.331347,-14.059496
391.400000,-9.495014,-13.529998,-10.960259
391.450000,-6.300758,-10.712076,-7.903228
391.500000,-3.524463,-8.156981,-5.211742
391.550000,-1.443347,-6.117424,-3.156382
391.600000,-0.195461,-4.752997,-1.884411
391.650000,0.215032,-4.115555,-1.417121
391.700000,-0.133153,-4.175391,-1.691849
391.750000,-1.128043,-4.857070,-2.607222
391.800000,-2.653028,-6.065987,-4.051752
391.850000,-4.597809,-7.702921,-5.916633
391.900000,-6.860372,-9.670587,-8.099664
391.950000,-9.346146,-11.876374,-10.505796
392.000000,-11.967670,-14.234039,-13.047501
392.050000,-14.646524,-16.666083,-15.646750
392.100000,-17.317409,-19.107175,-18.238689
392.150000,-19.931397,-21.506946,-20.774565
392.200000,-22.454908,-23.829743,-23.220865
392.250000,-24.864726,-26.051168,-25.554814
392.300000,-27.142682,-28.153660,-27.759324
392.350000,-29.272762,-30.123355,-29.819955
392.400000,-31.241026,-31.948987,-31.724412
392.450000,-33.037186,-33.622328,-33.463681
392.500000,-34.656378,-35.139197,-35.033519
392.550000,-36.100022,-36.500139,-36.435265
392.600000,-37.375363,-37.710296,-37.675541
392.650000,-38.494021,-38.778529,-38.765038
392.700000,-39.470156,-39.716129,-39.716908
392.750000,-40.318812,-40.535536,-40.545264
392.800000,-41.054721,-41.249318,-41.264053
392.850000,-41.691593,-41.869477,-41.886360
392.900000,-42.241794,-42.407079,-42.424062
392.950000,-42.716263,-42.872092,-42.887731
393.000000,-43.124582,-43.273370,-43.286660
393.050000,-43.475098,-43.618716,-43.628974
393.100000,-43.775067,-43.914973,-43.921753
393.150000,-44.030798,-44.168132,-44.171161
393.200000,-44.247778,-44.383436,-44.382571
393.250000,-44.430790,-44.565474,-44.560666
393.300000,-44.584009,-44.718269,-44.709537
393.350000,-44.711081,-44.845346,-44.832762
393.400000,-44.815203,-44.949804,-44.933477
393.450000,-44.899174,-45.034365,-45.014429
393.500000,-44.965457,-45.101428,-45.078035
393.550000,-45.016213,-45.153106,-45.126417
393.600000,-45.053348,-45.191261,-45.161445
393.650000,-45.078538,-45.217540,-45.184767
393.700000,-45.093263,-45.233397,-45.197835
393.750000,-45.098830,-45.240117,-45.201931
393.800000,-45.096392,-45.238838,-45.198190
393.850000,-45.086968,-45.230566,-45.187611
393.900000,-45.071460,-45.216195,-45.171079
393.950000,-45.050663,-45.196512,-45.149377
394.000000,-45.025284,-45.172219,-45.123196
394.050000,-44.995945,-45.143936,-45.093150
394.100000,-44.963199,-45.112212,-45.059779
394.150000,-44.927533,-45.077533,-45.023563
394.200000,-44.889380,-45.040332,-44.984926
394.250000,-44.849120,-45.000990,-44.944241
394.300000,-44.807092,-44.959845,-44.901841
394.350000,-44.763593,-44.917196,-44.858018
394.400000,-44.718887,-44.873308,-44.813029
394.450000,-44.673206,-44.828415,-44.767103
394.500000,-44.626755,-44.782722,-44.720439
394.550000,-44.579713,-44.736411,-44.673216
394.600000,-44.532240,-44.689643,-44.625587
394.650000,-44.484473,-44.642558,-44.577689
394.700000,-44.436536,-44.595281,-44.529642
394.750000,-44.388534,-44.547918,-44.481549
394.800000,-44.340561,-44.500565,-44.433502
394.850000,-44.292698,-44.453304,-44.385580
394.900000,-44.245014,-44.406207,-44.337851
394.950000,-44.197571,-44.359335,-44.290374
395.000000,-44.150421,-44.312743,-44.243201
395.050000,-44.103608,-44.266476,-44.196375
395.100000,-44.057170,-44.220572,-44.149932
395.150000,-44.011139,-44.175066,-44.103905
395.200000,-43.965543,-44.129985,-44.058318
395.250000,-43.920402,-44.085351,-44.013193
395.300000,-43.875736,-44.041184,-43.968547
395.350000,-43.831558,-43.997499,-43.924394
395.400000,-43.787880,-43.954307,-43.880746
395.450000,-43.744709,-43.911618,-43.837609
395.500000,-43.702053,-43.869438,-43.794988
395.550000,-43.659913,-43.827771,-43.752888
395.600000,-43.618293,-43.786618,-43.711310
395.650000,-43.577192,-43.745981,-43.670252
395.700000,-43.536608,-43.705859,-43.629714
395.750000,-43.496539,-43.666248,-43.589693
395.800000,-43.456981,-43.627146,-43.550184
395.850000,-43.417929,-43.588548,-43.511182
395.900000,-43.379378,-43.550448,-43.472682
395.950000,-43.341320,-43.512840,-43.434676
396.000000,-43.303750,-43.475718,-43.397159
396.050000,-43.266659,-43.439073,-43.360122
396.100000,-43.230041,-43.402900,-43.323557
396.150000,-43.193885,-43.367188,-43.287457
396.200000,-43.158185,-43.331931,-43.251812
396.250000,-43.122931,-43.297119,-43.216613
396.300000,-43.088115,-43.262743,-43.181852
396.350000,-43.053727,-43.228795,-43.147520
396.400000,-43.019759,-43.195265,-43.113608
396.450000,-42.986201,-43.162145,-43.080106
396.500000,-42.953044,-43.129426,-43.047005
396.550000,-42.920279,-43.097097,-43.014297
396.600000,-42.887898,-43.065151,-42.981971
396.650000,-42.855890,-43.033578,-42.950019
396.700000,-42.824247,-43.002369,-42.918433
396.750000,-42.792960,-42.971516,-42.887202
396.800000,-42.762021,-42.941009,-42.856319
396.850000,-42.731421,-42.910840,-42.825774
396.900000,-42.701150,-42.881001,-42.795560
396.950000,-42.671202,-42.851482,-42.765667
397.000000,-42.641567,-42.822277,-42.736088
397.050000,-42.612238,-42.793376,-42.706815
397.100000,-42.583207,-42.764772,-42.677839
397.150000,-42.554465,-42.736457,-42.649152
397.200000,-42.526006,-42.708424,-42.620749
397.250000,-42.497822,-42.680664,-42.592619
397.300000,-42.469905,-42.653172,-42.564758
397.350000,-42.442249,-42.625938,-42.537157
397.400000,-42.414846,-42.598958,-42.509809
397.450000,-42.387690,-42.572223,-42.482708
397.500000,-42.360774,-42.545727,-42.455847
397.550000,-42.334092,-42.519464,-42.429220
397.600000,-42.307638,-42.493427,-42.402821
397.650000,-42.281404,-42.467610,-42.376642
397.700000,-42.255386,-42.442008,-42.350679
397.750000,-42.229577,-42.416614,-42.324925
397.800000,-42.203971,-42.391422,-42.299374
397.850000,-42.178564,-42.366427,-42.274022
397.900000,-42.153350,-42.341624,-42.248863
397.950000,-42.128323,-42.317008,-42.223891
398.000000,-42.103478,-42.292572,-42.199102
398.050000,-42.078811,-42.268312,-42.174489
398.100000,-42.054316,-42.244224,-42.150050
398.150000,-42.029989,-42.220303,-42.125778
398.200000,-42.005824,-42.196543,-42.101670
398.250000,-41.981819,-42.172941,-42.077720
398.300000,-41.957968,-42.149492,-42.053925
398.350000,-41.934267,-42.126191,-42.030279
398.400000,-41.910711,-42.103036,-42.006780
398.450000,-41.887298,-42.080021,-41.983423
398.500000,-41.864022,-42.057143,-41.960204
398.550000,-41.840881,-42.034398,-41.937120
398.600000,-41.817870,-42.011782,-41.914165
398.650000,-41.794986,-41.989292,-41.891338
398.700000,-41.772225,-41.966923,-41.868635
398.750000,-41.749584,-41.944674,-41.846051
398.800000,-41.727059,-41.922540,-41.823584
398.850000,-41.704648,-41.900518,-41.801231
398.900000,-41.682347,-41.878605,-41.778988
398.950000,-41.660153,-41.856798,-41.756853
399.000000,-41.638063,-41.835095,-41.734822
399.050000,-41.616074,-41.813491,-41.712892
399.100000,-41.594183,-41.791984,-41.691061
399.150000,-41.572388,-41.770573,-41.669326
399.200000,-41.550687,-41.749253,-41.647684
399.250000,-41.529075,-41.728022,-41.626133
399.300000,-41.507551,-41.706878,-41.604670
399.350000,-41.486112,-41.685818,-41.583292
399.400000,-41.464757,-41.664840,-41.561998
399.450000,-41.443481,-41.643942,-41.540784
399.500000,-41.422284,-41.623121,-41.519649
399.550000,-41.401163,-41.602375,-41.498591
399.600000,-41.380116,-41.581703,-41.477606
399.650000,-41.359140,-41.561100,-41.456694
399.700000,-41.338234,-41.540567,-41.435851
399.750000,-41.317396,-41.520100,-41.415077
399.800000,-41.296623,-41.499699,-41.394369
399.850000,-41.275914,-41.479360,-41.373724
399.900000,-41.255267,-41.459082,-41.353142
399.950000,-41.234680,-41.438864,-41.332621
400.000000,-41.214151,-41.418703,-41.312158
400.050000,-41.193679,-41.398598,-41.291752
400.100000,-41.173261,-41.378547,-41.271402
400.150000,-41.152897,-41.358549,-41.251105
400.200000,-41.132584,-41.338601,-41.230860
400.250000,-41.112321,-41.318703,-41.210665
400.300000,-41.092106,-41.298853,-41.190520
400.350000,-41.071939,-41.279049,-41.170421
400.400000,-41.051817,-41.259291,-41.150369
400.450000,-41.031739,-41.239575,-41.130362
400.500000,-41.011703,-41.219902,-41.110397
400.550000,-40.991709,-41.200270,-41.090474
400.600000,-40.971755,-41.180677,-41.070592
400.650000,-40.951839,-41.161123,-41.050749
400.700000,-40.931961,-41.141605,-41.030943
400.750000,-40.912118,-41.122123,-41.011175
400.800000,-40.892311,-41.102676,-40.991441
400.850000,-40.872537,-41.083262,-40.971742
400.900000,-40.852795,-41.063880,-40.952076
400.950000,-40.833085,-41.044529,-40.932441
401.000000,-40.813404,-41.025209,-40.912837
401.050000,-40.793753,-41.005917,-40.893263
401.100000,-40.774130,-40.986652,-40.873717
401.150000,-40.754533,-40.967415,-40.854199
401.200000,-40.734962,-40.948203,-40.834707
401.250000,-40.715416,-40.929016,-40.815240
401.300000,-40.695894,-40.909852,-40.795797
401.350000,-40.676394,-40.890711,-40.776378
401.400000,-40.656916,-40.871592,-40.756981
401.450000,-40.637458,-40.852494,-40.737606
401.500000,-40.618021,-40.833416,-40.718251
401.550000,-40.598602,-40.814357,-40.698916
401.600000,-40.579201,-40.795315,-40.679599
401.650000,-40.559818,-40.776292,-40.660300
401.700000,-40.540450,-40.757284,-40.641017
401.750000,-40.521098,-40.738292,-40.621751
401.800000,-40.501760,-40.719315,-40.602500
401.850000,-40.482436,-40.700352,-40.583263
401.900000,-40.463125,-40.681402,-40.564039
401.950000,-40.443825,-40.662464,-40.544829
402.000000,-40.424537,-40.643538,-40.525630
402.050000,-40.405259,-40.624622,-40.506442
402.100000,-40.385990,-40.605717,-40.487264
402.150000,-40.366731,-40.586821,-40.468096
402.200000,-40.347479,-40.567933,-40.448936
402.250000,-40.328234,-40.549053,-40.429785
402.300000,-40.308996,-40.530180,-40.410641
402.350000,-40.289764,-40.511314,-40.391503
402.400000,-40.270536,-40.492453,-40.372371
402.450000,-40.251313,-40.473597,-40.353244
402.500000,-40.232093,-40.454746,-40.334121
402.550000,-40.212876,-40.435897,-40.315002
402.600000,-40.193661,-40.417052,-40.295885
402.650000,-40.174448,-40.398209,-40.276771
402.700000,-40.155235,-40.379368,-40.257658
402.750000,-40.136022,-40.360527,-40.238546
402.800000,-40.116808,-40.341687,-40.219434
402.850000,-40.097593,-40.322846,-40.200322
402.900000,-40.078376,-40.304004,-40.181208
402.950000,-40.059156,-40.285160,-40.162092
403.000000,-40.039932,-40.266313,-40.142974
403.050000,-40.020704,-40.247464,-40.123852
403.100000,-40.001472,-40.228611,-40.104727
403.150000,-39.982233,-40.209754,-40.085597
403.200000,-39.962989,-40.190892,-40.066461
403.250000,-39.943738,-40.172024,-40.047320
403.300000,-39.924480,-40.153150,-40.028172
403.350000,-39.905213,-40.134269,-40.009017
403.400000,-39.885937,-40.115380,-39.989854
403.450000,-39.866652,-40.096484,-39.970682
403.500000,-39.847357,-40.077579,-39.951501
403.550000,-39.828051,-40.058664,-39.932311
403.600000,-39.808734,-40.039740,-39.913110
403.650000,-39.789404,-40.020805,-39.893897
403.700000,-39.770062,-40.001859,-39.874673
403.750000,-39.750706,-39.982901,-39.855437
403.800000,-39.731337,-39.963930,-39.836187
403.850000,-39.711952,-39.944947,-39.816924
403.900000,-39.692552,-39.925950,-39.797647
403.950000,-39.673136,-39.906938,-39.778354
404.000000,-39.653703,-39.887912,-39.759046
404.050000,-39.634253,-39.868870,-39.739721
404.100000,-39.614785,-39.849812,-39.720379
404.150000,-39.595298,-39.830737,-39.701020
404.200000,-39.575792,-39.811645,-39.681642
404.250000,-39.556266,-39.792534,-39.662246
404.300000,-39.536718,-39.773405,-39.642829
404.350000,-39.517150,-39.754257,-39.623393
404.400000,-39.497559,-39.735088,-39.603936
404.450000,-39.477946,-39.715900,-39.584457
404.500000,-39.458309,-39.696689,-39.564955
404.550000,-39.438648,-39.677457,-39.545431
404.600000,-39.418963,-39.658203,-39.525883
404.650000,-39.399251,-39.638925,-39.506311
404.700000,-39.379514,-39.619623,-39.486714
404.750000,-39.359749,-39.600297,-39.467091
404.800000,-39.339957,-39.580946,-39.447442
404.850000,-39.320137,-39.561569,-39.427765
404.900000,-39.300287,-39.542165,-39.408061
404.950000,-39.280408,-39.522735,-39.388328
405.000000,-39.260498,-39.503276,-39.368566
405.050000,-39.240556,-39.483788,-39.348774
405.100000,-39.220583,-39.464272,-39.328952
405.150000,-39.200577,-39.444725,-39.309097
405.200000,-39.180537,-39.425148,-39.289211
405.250000,-39.160463,-39.405539,-39.269291
405.300000,-39.140353,-39.385898,-39.249338
405.350000,-39.120208,-39.366224,-39.229350
405.400000,-39.100026,-39.346516,-39.209327
405.450000,-39.079806,-39.326774,-39.189268
405.500000,-39.059548,-39.306997,-39.169172
405.550000,-39.039250,-39.287184,-39.149038
405.600000,-39.018913,-39.267334,-39.128865
405.650000,-38.998535,-39.247446,-39.108654
405.700000,-38.978115,-39.227520,-39.088401
405.750000,-38.957652,-39.207555,-39.068108
405.800000,-38.937145,-39.187550,-39.047773
405.850000,-38.916594,-39.167504,-39.027395
405.900000,-38.895998,-39.147416,-39.006973
405.950000,-38.875355,-39.127286,-38.986506
406.000000,-38.854665,-39.107112,-38.965994
406.050000,-38.833927,-39.086894,-38.945435
406.100000,-38.813140,-39.066630,-38.924829
406.150000,-38.792302,-39.046320,-38.904174
406.200000,-38.771413,-39.025963,-38.883469
406.250000,-38.750472,-39.005558,-38.862714
406.300000,-38.729477,-38.985104,-38.841908
406.350000,-38.708428,-38.964600,-38.821048
406.400000,-38.687323,-38.944045,-38.800136
406.450000,-38.666162,-38.923437,-38.779168
406.500000,-38.644943,-38.902776,-38.758145
406.550000,-38.623665,-38.882061,-38.737064
406.600000,-38.602327,-38.861291,-38.715926
406.650000,-38.580928,-38.840465,-38.694728
406.700000,-38.559467,-38.819581,-38.673470
406.750000,-38.537942,-38.798638,-38.652151
406.800000,-38.516353,-38.777636,-38.630769
406.850000,-38.494697,-38.756572,-38.609323
406.900000,-38.472974,-38.735447,-38.587811
406.950000,-38.451182,-38.714258,-38.566233
407.000000,-38.429320,-38.693005,-38.544588
407.050000,-38.407387,-38.671686,-38.522873
407.100000,-38.385381,-38.650300,-38.501088
407.150000,-38.363301,-38.628845,-38.479231
407.200000,-38.341146,-38.607321,-38.457301
407.250000,-38.318914,-38.585726,-38.435296
407.300000,-38.296602,-38.564058,-38.413215
407.350000,-38.274211,-38.542316,-38.391056
407.400000,-38.251739,-38.520499,-38.368819
407.450000,-38.229183,-38.498606,-38.346500
407.500000,-38.206542,-38.476634,-38.324100
407.550000,-38.183815,-38.454582,-38.301615
407.600000,-38.160999,-38.432448,-38.279045
407.650000,-38.138094,-38.410232,-38.256388
407.700000,-38.115097,-38.387931,-38.233642
407.750000,-38.092006,-38.365543,-38.210805
407.800000,-38.068820,-38.343068,-38.187876
407.850000,-38.045537,-38.320502,-38.164852
407.900000,-38.022154,-38.297845,-38.141731
407.950000,-37.998670,-38.275095,-38.118513
408.000000,-37.975083,-38.252249,-38.095194
408.050000,-37.951390,-38.229306,-38.071773
408.100000,-37.927590,-38.206263,-38.048248
408.150000,-37.903680,-38.183119,-38.024616
408.200000,-37.879658,-38.159872,-38.000875
408.250000,-37.855522,-38.136519,-37.977024
408.300000,-37.831269,-38.113059,-37.953059
408.350000,-37.806897,-38.089488,-37.928979
408.400000,-37.782403,-38.065805,-37.904780
408.450000,-37.757785,-38.042007,-37.880461
408.500000,-37.733039,-38.018093,-37.856018
408.550000,-37.708165,-37.994058,-37.831450
408.600000,-37.683158,-37.969902,-37.806753
408.650000,-37.658015,-37.945620,-37.781925
408.700000,-37.632735,-37.921211,-37.756962
408.750000,-37.607313,-37.896671,-37.731862
408.800000,-37.581747,-37.871998,-37.706622
408.850000,-37.556033,-37.847189,-37.681239
408.900000,-37.530168,-37.822241,-37.655709
408.950000,-37.504149,-37.797150,-37.630030
409.000000,-37.477972,-37.771914,-37.604197
409.050000,-37.451633,-37.746529,-37.578207
409.100000,-37.425130,-37.720991,-37.552057
409.150000,-37.398458,-37.695298,-37.525743
409.200000,-37.371612,-37.669445,-37.499261
409.250000,-37.344590,-37.643429,-37.472607
409.300000,-37.317387,-37.617246,-37.445777
409.350000,-37.289998,-37.590892,-37.418767
409.400000,-37.262419,-37.564363,-37.391573
409.450000,-37.234646,-37.537654,-37.364190
409.500000,-37.206673,-37.510762,-37.336613
409.550000,-37.178496,-37.483681,-37.308838
409.600000,-37.150110,-37.456408,-37.280859
409.650000,-37.121510,-37.428937,-37.252673
409.700000,-37.092689,-37.401263,-37.224272
409.750000,-37.063643,-37.373381,-37.195653
409.800000,-37.034365,-37.345287,-37.166809
409.850000,-37.004850,-37.316973,-37.137734
409.900000,-36.975091,-37.288435,-37.108422
409.950000,-36.945082,-37.259667,-37.078868
410.000000,-36.914816,-37.230662,-37.049064
410.050000,-36.884286,-37.201414,-37.019004
410.100000,-36.853484,-37.171917,-36.988680
410.150000,-36.822404,-37.142163,-36.958087
410.200000,-36.791038,-37.112146,-36.927214
410.250000,-36.759377,-37.081858,-36.896056
410.300000,-36.727413,-37.051291,-36.864604
410.350000,-36.695137,-37.020438,-36.832849
410.400000,-36.662540,-36.989289,-36.800782
410.450000,-36.629613,-36.957837,-36.768395
410.500000,-36.596345,-36.926072,-36.735677
410.550000,-36.562726,-36.893985,-36.702619
410.600000,-36.528746,-36.861566,-36.669210
410.650000,-36.494393,-36.828805,-36.635439
410.700000,-36.459656,-36.795691,-36.601295
410.750000,-36.424521,-36.762213,-36.566766
410.800000,-36.388977,-36.728359,-36.531839
410.850000,-36.353011,-36.694117,-36.496503
410.900000,-36.316607,-36.659475,-36.460742
410.950000,-36.279751,-36.624419,-36.424544
411.000000,-36.242429,-36.588935,-36.387892
411.050000,-36.204623,-36.553009,-36.350772
411.100000,-36.166318,-36.516624,-36.313167
411.150000,-36.127494,-36.479766,-36.275060
411.200000,-36.088135,-36.442418,-36.236433
411.250000,-36.048219,-36.404560,-36.197267
411.300000,-36.007726,-36.366175,-36.157542
411.350000,-35.966635,-36.327244,-36.117237
411.400000,-35.924923,-36.287745,-36.076330
411.450000,-35.882565,-36.247657,-36.034797
411.500000,-35.839537,-36.206956,-35.992615
411.550000,-35.795811,-36.165619,-35.949757
411.600000,-35.751358,-36.123620,-35.906195
411.650000,-35.706149,-36.080931,-35.861901
411.700000,-35.660153,-36.037524,-35.816843
411.750000,-35.613334,-35.993369,-35.770990
411.800000,-35.565657,-35.948433,-35.724306
411.850000,-35.517084,-35.902682,-35.676756
411.900000,-35.467575,-35.856079,-35.628299
411.950000,-35.417087,-35.808587,-35.578894
412.000000,-35.365573,-35.760163,-35.528497
412.050000,-35.312984,-35.710764,-35.477061
412.100000,-35.259269,-35.660344,-35.424536
412.150000,-35.204371,-35.608851,-35.370866
412.200000,-35.148230,-35.556232,-35.315996
412.250000,-35.090783,-35.502430,-35.259863
412.300000,-35.031960,-35.447384,-35.202400
412.350000,-34.971686,-35.391027,-35.143537
412.400000,-34.909883,-35.333288,-35.083196
412.450000,-34.846463,-35.274090,-35.021294
412.500000,-34.781334,-35.213351,-34.957743
412.550000,-34.714395,-35.150981,-34.892445
412.600000,-34.645537,-35.086883,-34.825295
412.650000,-34.574642,-35.020953,-34.756180
412.700000,-34.501579,-34.953075,-34.684975
412.750000,-34.426209,-34.883126,-34.611547
412.800000,-34.348378,-34.810969,-34.535747
412.850000,-34.267918,-34.736458,-34.457414
412.900000,-34.184644,-34.659428,-34.376373
412.950000,-34.098355,-34.579703,-34.292428
413.000000,-34.008825,-34.497086,-34.205365
413.050000,-33.915810,-34.411359,-34.114950
413.100000,-33.819034,-34.322284,-34.020920
413.150000,-33.718194,-34.229595,-33.922984
413.200000,-33.612951,-34.132996,-33.820818
413.250000,-33.502926,-34.032155,-33.714061
413.300000,-33.387693,-33.926705,-33.602307
413.350000,-33.266774,-33.816228,-33.485099
413.400000,-33.139627,-33.700255,-33.361921
413.450000,-33.005640,-33.578257,-33.232190
413.500000,-32.864112,-33.449629,-33.095239
413.550000,-32.714243,-33.313682,-32.950307
413.600000,-32.555115,-33.169627,-32.796522
413.650000,-32.385662,-33.016552,-32.632872
413.700000,-32.204651,-32.853401,-32.458187
413.750000,-32.010638,-32.678943,-32.271098
413.800000,-31.801927,-32.491738,-32.069999
413.850000,-31.576509,-32.290082,-31.852991
413.900000,-31.331995,-32.071955,-31.617814
413.950000,-31.065512,-31.834940,-31.361757
414.000000,-30.773586,-31.576119,-31.081545
414.050000,-30.451978,-31.291946,-30.773186
414.100000,-30.095469,-30.978074,-30.431768
414.150000,-29.697570,-30.629115,-30.051198
414.200000,-29.250136,-30.238335,-29.623835
414.250000,-28.742839,-29.797230,-29.140002
414.300000,-28.162444,-29.294948,-28.587318
414.350000,-27.491837,-28.717509,-27.949796
414.400000,-26.708704,-28.046754,-27.206614
414.450000,-25.783817,-27.258963,-26.330528
414.500000,-24.678957,-26.323172,-25.285940
414.550000,-23.344883,-25.199433,-24.026969
414.600000,-21.720665,-23.837967,-22.496723
414.650000,-19.737897,-22.181711,-20.630918
414.700000,-17.337101,-20.177629,-18.372426
414.750000,-14.505856,-17.804261,-15.705611
414.800000,-11.335890,-15.115491,-12.708715
414.850000,-8.059045,-12.274595,-9.589494
414.900000,-5.008198,-9.537791,-6.654670
414.950000,-2.511501,-7.183204,-4.216515
415.000000,-0.789032,-5.427859,-2.496002
415.050000,0.084711,-4.382582,-1.581564
415.100000,0.149071,-4.058868,-1.451397
415.150000,-0.497688,-4.402843,-2.021113
415.200000,-1.739338,-5.328183,-3.182505
415.250000,-3.461470,-6.737091,-4.824427
415.300000,-5.557503,-8.530741,-6.840838
415.350000,-7.928866,-10.613716,-9.132718
415.400000,-10.484077,-12.896011,-11.608242
415.450000,-13.139277,-15.294882,-14.183710
415.500000,-15.821275,-17.737746,-16.786406
415.550000,-18.471769,-20.165643,-19.358368
415.600000,-21.048991,-22.534917,-21.857906
415.650000,-23.524636,-24.815403,-24.256888
415.700000,-25.878255,-26.986213,-26.535578
415.750000,-28.092811,-29.031680,-28.678274
415.800000,-30.153093,-30.939116,-30.671428
415.850000,-32.046539,-32.698487,-32.504005
415.900000,-33.765065,-34.303226,-34.168932
415.950000,-35.306536,-35.751187,-35.664379
416.000000,-36.675047,-37.044994,-36.994096
416.050000,-37.879967,-38.191555,-38.166667
416.100000,-38.934243,-39.200955,-39.194052
416.150000,-39.852591,-40.085126,-40.089981
416.200000,-40.650026,-40.856663,-40.868597
416.250000,-41.340887,-41.527944,-41.543525
416.300000,-41.938312,-42.110588,-42.127342
416.350000,-42.454035,-42.615185,-42.631350
416.400000,-42.898387,-43.051210,-43.065550
416.450000,-43.280389,-43.427043,-43.438707
416.500000,-43.607891,-43.750052,-43.758470
416.550000,-43.887717,-44.026694,-44.031500
416.600000,-44.125799,-44.262618,-44.263603
416.650000,-44.327305,-44.462772,-44.459834
416.700000,-44.496737,-44.631484,-44.624607
416.750000,-44.638030,-44.772551,-44.761780
416.800000,-44.754626,-44.889304,-44.874728
416.850000,-44.849541,-44.984671,-44.966411
416.900000,-44.925419,-45.061227,-45.039425
416.950000,-44.984587,-45.121241,-45.096054
417.000000,-45.029091,-45.166711,-45.138304
417.050000,-45.060731,-45.199403,-45.167945
417.100000,-45.081095,-45.220875,-45.186536
417.150000,-45.091584,-45.232506,-45.195453
417.200000,-45.093437,-45.235513,-45.195910
417.250000,-45.087744,-45.230976,-45.188981
417.300000,-45.075472,-45.219849,-45.175613
417.350000,-45.057474,-45.202979,-45.156646
417.400000,-45.034508,-45.181113,-45.132820
417.450000,-45.007239,-45.154916,-45.104793
417.500000,-44.976260,-45.124977,-45.073144
417.550000,-44.942094,-45.091817,-45.038387
417.600000,-44.905203,-45.055896,-45.000976
417.650000,-44.865996,-45.017626,-44.961312
417.700000,-44.824836,-44.977367,-44.919751
417.750000,-44.782042,-44.935440,-44.876606
417.800000,-44.737896,-44.892129,-44.832154
417.850000,-44.692647,-44.847684,-44.786640
417.900000,-44.646516,-44.802327,-44.740279
417.950000,-44.599696,-44.756253,-44.693262
418.000000,-44.552358,-44.709633,-44.645754
418.050000,-44.504651,-44.662620,-44.597902
418.100000,-44.456706,-44.615347,-44.549836
418.150000,-44.408639,-44.567929,-44.501668
418.200000,-44.360550,-44.520470,-44.453496
418.250000,-44.312526,-44.473058,-44.405405
418.300000,-44.264644,-44.425771,-44.357471
418.350000,-44.216970,-44.378676,-44.309757
418.400000,-44.169561,-44.331831,-44.262319
418.450000,-44.122464,-44.285287,-44.215205
418.500000,-44.075723,-44.239086,-44.168454
418.550000,-44.029372,-44.193264,-44.122102
418.600000,-43.983440,-44.147853,-44.076177
418.650000,-43.937953,-44.102877,-44.030703
418.700000,-43.892931,-44.058358,-43.985699
418.750000,-43.848390,-44.014314,-43.941181
418.800000,-43.804343,-43.970756,-43.897162
418.850000,-43.760800,-43.927697,-43.853651
418.900000,-43.717769,-43.885144,-43.810654
418.950000,-43.675253,-43.843102,-43.768176
419.000000,-43.633256,-43.801575,-43.726220
419.050000,-43.591778,-43.760563,-43.684785
419.100000,-43.550819,-43.720067,-43.643872
419.150000,-43.510377,-43.680085,-43.603477
419.200000,-43.470449,-43.640614,-43.563597
419.250000,-43.431030,-43.601650,-43.524228
419.300000,-43.392115,-43.563188,-43.485364
419.350000,-43.353699,-43.525221,-43.447000
419.400000,-43.315773,-43.487745,-43.409127
419.450000,-43.278332,-43.450751,-43.371740
419.500000,-43.241368,-43.414233,-43.334830
419.550000,-43.204872,-43.378182,-43.298389
419.600000,-43.168837,-43.342590,-43.262409
419.650000,-43.133253,-43.307448,-43.226881
419.700000,-43.098113,-43.272748,-43.191796
419.750000,-43.063406,-43.238482,-43.157146
419.800000,-43.029124,-43.204639,-43.122920
419.850000,-42.995258,-43.171211,-43.089110
419.900000,-42.961798,-43.138190,-43.055707
419.950000,-42.928736,-43.105564,-43.022702
420.000000,-42.896063,-43.073327,-42.990085
420.050000,-42.863768,-43.041468,-42.957847
420.100000,-42.831845,-43.009979,-42.925980
420.150000,-42.800282,-42.978850,-42.894475
420.200000,-42.769073,-42.948074,-42.863321
420.250000,-42.738207,-42.917640,-42.832512
420.300000,-42.707676,-42.887541,-42.802038
420.350000,-42.677472,-42.857768,-42.771890
420.400000,-42.647587,-42.828313,-42.742061
420.450000,-42.618013,-42.799167,-42.712543
420.500000,-42.588740,-42.770323,-42.683327
420.550000,-42.559762,-42.741773,-42.654405
420.600000,-42.531072,-42.713508,-42.625770
420.650000,-42.502660,-42.685522,-42.597414
420.700000,-42.474520,-42.657807,-42.569330
420.750000,-42.446645,-42.630356,-42.541510
420.800000,-42.419028,-42.603162,-42.513949
420.850000,-42.391661,-42.576217,-42.486638
420.900000,-42.364539,-42.549515,-42.459571
420.950000,-42.337654,-42.523050,-42.432741
421.000000,-42.311000,-42.496816,-42.406143
421.050000,-42.284571,-42.470805,-42.379770
421.100000,-42.258361,-42.445011,-42.353615
421.150000,-42.232364,-42.419430,-42.327673
421.200000,-42.206573,-42.394054,-42.301938
421.250000,-42.180984,-42.368879,-42.276405
421.300000,-42.155591,-42.343898,-42.251068
421.350000,-42.130389,-42.319107,-42.225921
421.400000,-42.105372,-42.294500,-42.200960
421.450000,-42.080535,-42.270073,-42.176179
421.500000,-42.055874,-42.245819,-42.151573
421.550000,-42.031383,-42.221735,-42.127138
421.600000,-42.007058,-42.197816,-42.102869
421.650000,-41.982894,-42.174056,-42.078762
421.700000,-41.958887,-42.150453,-42.054811
421.750000,-41.935032,-42.127000,-42.031013
421.800000,-41.911326,-42.103695,-42.007364
421.850000,-41.887764,-42.080533,-41.983859
421.900000,-41.864342,-42.057510,-41.960494
421.950000,-41.841057,-42.034622,-41.937266
422.000000,-41.817904,-42.011866,-41.914170
422.050000,-41.794880,-41.989237,-41.891204
422.100000,-41.771982,-41.966733,-41.868363
422.150000,-41.749205,-41.944349,-41.845645
422.200000,-41.726547,-41.922083,-41.823045
422.250000,-41.704004,-41.899931,-41.800560
422.300000,-41.681573,-41.877890,-41.778188
422.350000,-41.659250,-41.855956,-41.755925
422.400000,-41.637034,-41.834127,-41.733768
422.450000,-41.614920,-41.812400,-41.711714
422.500000,-41.592907,-41.790772,-41.689760
422.550000,-41.570990,-41.769240,-41.667904
422.600000,-41.549168,-41.747801,-41.646142
422.650000,-41.527438,-41.726453,-41.624473
422.700000,-41.505797,-41.705194,-41.602893
422.750000,-41.484243,-41.684020,-41.581400
422.800000,-41.462773,-41.662929,-41.559992
422.850000,-41.441384,-41.641920,-41.538666
422.900000,-41.420076,-41.620988,-41.517420
422.950000,-41.398844,-41.600134,-41.496251
423.000000,-41.377688,-41.579353,-41.475158
423.050000,-41.356604,-41.558644,-41.454138
423.100000,-41.335591,-41.538005,-41.433189
423.150000,-41.314647,-41.517435,-41.412309
423.200000,-41.293769,-41.496930,-41.391496
423.250000,-41.272956,-41.476489,-41.370749
423.300000,-41.252206,-41.456110,-41.350064
423.350000,-41.231517,-41.435791,-41.329442
423.400000,-41.210887,-41.415531,-41.308878
423.450000,-41.190315,-41.395327,-41.288373
423.500000,-41.169798,-41.375179,-41.267924
423.550000,-41.149336,-41.355084,-41.247529
423.600000,-41.128925,-41.335041,-41.227187
423.650000,-41.108566,-41.315048,-41.206897
423.700000,-41.088256,-41.295104,-41.186656
423.750000,-41.067993,-41.275207,-41.166463
423.800000,-41.047777,-41.255355,-41.146317
423.850000,-41.027605,-41.235548,-41.126217
423.900000,-41.007477,-41.215784,-41.106160
423.950000,-40.987390,-41.196061,-41.086145
424.000000,-40.967344,-41.176378,-41.066172
424.050000,-40.947338,-41.156734,-41.046238
424.100000,-40.927369,-41.137128,-41.026343
424.150000,-40.907437,-41.117558,-41.006485
424.200000,-40.887540,-41.098023,-40.986663
424.250000,-40.867677,-41.078522,-40.966875
424.300000,-40.847847,-41.059054,-40.947121
424.350000,-40.828049,-41.039617,-40.927399
424.400000,-40.808282,-41.020211,-40.907709
424.450000,-40.788544,-41.000834,-40.888048
424.500000,-40.768834,-40.981485,-40.868417
424.550000,-40.749151,-40.962163,-40.848813
424.600000,-40.729495,-40.942867,-40.829236
424.650000,-40.709864,-40.923597,-40.809685
424.700000,-40.690257,-40.904350,-40.790158
424.750000,-40.670673,-40.885127,-40.770655
424.800000,-40.651110,-40.865926,-40.751175
424.850000,-40.631569,-40.846746,-40.731716
424.900000,-40.612048,-40.827586,-40.712278
424.950000,-40.592547,-40.808445,-40.692860
425.000000,-40.573063,-40.789323,-40.673461
425.050000,-40.553597,-40.770219,-40.654080
425.100000,-40.534147,-40.751131,-40.634716
425.150000,-40.514713,-40.732059,-40.615369
425.200000,-40.495294,-40.713002,-40.596036
425.250000,-40.475888,-40.693959,-40.576718
425.300000,-40.456495,-40.674929,-40.557414
425.350000,-40.437114,-40.655912,-40.538123
425.400000,-40.417745,-40.636907,-40.518843
425.450000,-40.398386,-40.617913,-40.499575
425.500000,-40.379037,-40.598929,-40.480318
425.550000,-40.359697,-40.579954,-40.461070
425.600000,-40.340365,-40.560988,-40.441830
425.650000,-40.321040,-40.542030,-40.422599
425.700000,-40.301721,-40.523079,-40.403375
425.750000,-40.282409,-40.504134,-40.384158
425.800000,-40.263101,-40.485195,-40.364947
425.850000,-40.243798,-40.466262,-40.345741
425.900000,-40.224499,-40.447332,-40.326539
425.950000,-40.205202,-40.428406,-40.307340
426.000000,-40.185907,-40.409484,-40.288145
426.050000,-40.166614,-40.390563,-40.268952
426.100000,-40.147321,-40.371644,-40.249760
426.150000,-40.128029,-40.352725,-40.230569
426.200000,-40.108735,-40.333807,-40.211378
426.250000,-40.089440,-40.314889,-40.192186
426.300000,-40.070143,-40.295969,-40.172994
426.350000,-40.050843,-40.277048,-40.153799
426.400000,-40.031540,-40.258124,-40.134601
426.450000,-40.012232,-40.239197,-40.115401
426.500000,-39.992920,-40.220266,-40.096196
426.550000,-39.973601,-40.201331,-40.076986
426.600000,-39.954277,-40.182391,-40.057771
426.650000,-39.934946,-40.163445,-40.038551
426.700000,-39.915607,-40.144493,-40.019323
426.750000,-39.896259,-40.125534,-40.000088
426.800000,-39.876903,-40.106567,-39.980845
426.850000,-39.857537,-40.087593,-39.961594
426.900000,-39.838161,-40.068609,-39.942333
426.950000,-39.818774,-40.049616,-39.923062
427.000000,-39.799376,-40.030613,-39.903780
427.050000,-39.779965,-40.011599,-39.884488
427.100000,-39.760541,-39.992574,-39.865183
427.150000,-39.741103,-39.973536,-39.845865
427.200000,-39.721651,-39.954486,-39.826535
427.250000,-39.702185,-39.935423,-39.807190
427.300000,-39.682702,-39.916346,-39.787831
427.350000,-39.663203,-39.897255,-39.768456
427.400000,-39.643687,-39.878148,-39.749066
427.450000,-39.624154,-39.859025,-39.729659
427.500000,-39.604602,-39.839886,-39.710234
427.550000,-39.585031,-39.820730,-39.690792
427.600000,-39.565441,-39.801557,-39.671331
427.650000,-39.545830,-39.782364,-39.651851
427.700000,-39.526198,-39.763153,-39.632351
427.750000,-39.506544,-39.743923,-39.612831
427.800000,-39.486868,-39.724672,-39.593289
427.850000,-39.467169,-39.705400,-39.573725
427.900000,-39.447446,-39.686107,-39.554138
427.950000,-39.427698,-39.666791,-39.534529
428.000000,-39.407925,-39.647453,-39.514895
428.050000,-39.388127,-39.628091,-39.495236
428.100000,-39.368301,-39.608704,-39.475552
428.150000,-39.348448,-39.589293,-39.455842
428.200000,-39.328568,-39.569856,-39.436105
428.250000,-39.308658,-39.550393,-39.416341
428.300000,-39.288719,-39.530903,-39.396548
428.350000,-39.268749,-39.511386,-39.376727
428.400000,-39.248748,-39.491840,-39.356875
428.450000,-39.228716,-39.472265,-39.336993
428.500000,-39.208651,-39.452660,-39.317080
428.550000,-39.188552,-39.433025,-39.297135
428.600000,-39.168420,-39.413358,-39.277157
428.650000,-39.148252,-39.393659,-39.257145
428.700000,-39.128049,-39.373928,-39.237099
428.750000,-39.107809,-39.354164,-39.217018
428.800000,-39.087532,-39.334365,-39.196902
428.850000,-39.067216,-39.314531,-39.176748
428.900000,-39.046862,-39.294661,-39.156557
428.950000,-39.026467,-39.274754,-39.136327
429.000000,-39.006032,-39.254811,-39.116058
429.050000,-38.985555,-39.234829,-39.095750
429.100000,-38.965036,-39.214808,-39.075400
429.150000,-38.944473,-39.194747,-39.055008
429.200000,-38.923866,-39.174646,-39.034574
429.250000,-38.903214,-39.154503,-39.014096
429.300000,-38.882516,-39.134317,-38.993573
429.350000,-38.861770,-39.114088,-38.973005
429.400000,-38.840976,-39.093815,-38.952391
429.450000,-38.820133,-39.073497,-38.931729
429.500000,-38.799240,-39.053132,-38.911019
429.550000,-38.778296,-39.032721,-38.890259
429.600000,-38.757300,-39.012261,-38.869449
429.650000,-38.736250,-38.991753,-38.848588
429.700000,-38.715147,-38.971195,-38.827674
429.750000,-38.693987,-38.950585,-38.806706
429.800000,-38.672771,-38.929924,-38.785684
429.850000,-38.651498,-38.909209,-38.764606
429.900000,-38.630166,-38.888441,-38.743471
429.950000,-38.608774,-38.867617,-38.722279
430.000000,-38.587321,-38.846737,-38.701027
430.050000,-38.565805,-38.825799,-38.679715
430.100000,-38.544226,-38.804803,-38.658341
430.150000,-38.522583,-38.783747,-38.636905
430.200000,-38.500873,-38.762631,-38.615405
430.250000,-38.479096,-38.741452,-38.593839
430.300000,-38.457250,-38.720210,-38.572208
430.350000,-38.435335,-38.698904,-38.550508
430.400000,-38.413348,-38.677531,-38.528740
430.450000,-38.391288,-38.656092,-38.506901
430.500000,-38.369155,-38.634585,-38.484990
430.550000,-38.346946,-38.613007,-38.463006
430.600000,-38.324660,-38.591359,-38.440948
430.650000,-38.302295,-38.569638,-38.418813
430.700000,-38.279850,-38.547844,-38.396601
430.750000,-38.257324,-38.525974,-38.374310
430.800000,-38.234714,-38.504027,-38.351938
430.850000,-38.212020,-38.482002,-38.329484
430.900000,-38.189239,-38.459897,-38.306945
430.950000,-38.166370,-38.437710,-38.284322
431.000000,-38.143411,-38.415441,-38.261611
431.050000,-38.120360,-38.393087,-38.238811
431.100000,-38.097215,-38.370646,-38.215920
431.150000,-38.073975,-38.348118,-38.192937
431.200000,-38.050638,-38.325499,-38.169859
431.250000,-38.027201,-38.302789,-38.146685
431.300000,-38.003663,-38.279985,-38.123413
431.350000,-37.980022,-38.257086,-38.100040
431.400000,-37.956275,-38.234089,-38.076565
431.450000,-37.932421,-38.210993,-38.052985
431.500000,-37.908456,-38.187796,-38.029299
431.550000,-37.884380,-38.164495,-38.005504
431.600000,-37.860189,-38.141088,-37.981598
431.650000,-37.835881,-38.117574,-37.957579
431.700000,-37.811454,-38.093949,-37.933443
431.750000,-37.786905,-38.070212,-37.909190
431.800000,-37.762232,-38.046360,-37.884816
431.850000,-37.737432,-38.022391,-37.860318
431.900000,-37.712502,-37.998302,-37.835694
431.950000,-37.687439,-37.974091,-37.810942
432.000000,-37.662241,-37.949755,-37.786058
432.050000,-37.636905,-37.925291,-37.761040
432.100000,-37.611427,-37.900696,-37.735885
432.150000,-37.585804,-37.875968,-37.710589
432.200000,-37.560034,-37.851103,-37.685149
432.250000,-37.534113,-37.826099,-37.659563
432.300000,-37.508037,-37.800953,-37.633826
432.350000,-37.481803,-37.775661,-37.607937
432.400000,-37.455407,-37.750219,-37.581890
432.450000,-37.428846,-37.724625,-37.555682
432.500000,-37.402116,-37.698875,-37.529311
432.550000,-37.375212,-37.672965,-37.502771
432.600000,-37.348132,-37.646892,-37.476059
432.650000,-37.320869,-37.620651,-37.449170
432.700000,-37.293422,-37.594240,-37.422102
432.750000,-37.265783,-37.567652,-37.394848
432.800000,-37.237950,-37.540885,-37.367406
432.850000,-37.209918,-37.513934,-37.339769
432.900000,-37.181680,-37.486795,-37.311934
432.950000,-37.153234,-37.459462,-37.283895
433.000000,-37.124572,-37.431931,-37.255647
433.050000,-37.095689,-37.404197,-37.227185
433.100000,-37.066581,-37.376255,-37.198504
433.150000,-37.037241,-37.348099,-37.169598
433.200000,-37.007662,-37.319724,-37.140460
433.250000,-36.977840,-37.291124,-37.111086
433.300000,-36.947767,-37.262293,-37.081468
433.350000,-36.917436,-37.233226,-37.051600
433.400000,-36.886841,-37.203915,-37.021475
433.450000,-36.855974,-37.174353,-36.991086
433.500000,-36.824828,-37.144535,-36.960426
433.550000,-36.793394,-37.114453,-36.929488
433.600000,-36.761666,-37.084099,-36.898263
433.650000,-36.729633,-37.053466,-36.866743
433.700000,-36.697288,-37.022546,-36.834919
433.750000,-36.664622,-36.991330,-36.802783
433.800000,-36.631624,-36.959810,-36.770326
433.850000,-36.598284,-36.927976,-36.737537
433.900000,-36.564594,-36.895819,-36.704407
433.950000,-36.530540,-36.863329,-36.670926
434.000000,-36.496113,-36.830496,-36.637082
434.050000,-36.461301,-36.797310,-36.602863
434.100000,-36.426090,-36.763759,-36.568259
434.150000,-36.390470,-36.729831,-36.533257
434.200000,-36.354425,-36.695514,-36.497843
434.250000,-36.317941,-36.660795,-36.462004
434.300000,-36.281006,-36.625662,-36.425726
434.350000,-36.243601,-36.590099,-36.388993
434.400000,-36.205713,-36.554093,-36.351791
434.450000,-36.167323,-36.517628,-36.314103
434.500000,-36.128413,-36.480688,-36.275911
434.550000,-36.088966,-36.443255,-36.237198
434.600000,-36.048961,-36.405312,-36.197944
434.650000,-36.008377,-36.366841,-36.158129
434.700000,-35.967194,-36.327821,-36.117733
434.750000,-35.925387,-36.288232,-36.076733
434.800000,-35.882933,-36.248052,-36.035105
434.850000,-35.839806,-36.207258,-35.992826
434.900000,-35.795979,-36.165825,-35.949869
434.950000,-35.751424,-36.123728,-35.906206
435.000000,-35.706110,-36.080940,-35.861808
435.050000,-35.660005,-36.037430,-35.816644
435.100000,-35.613075,-35.993170,-35.770682
435.150000,-35.565285,-35.948127,-35.723887
435.200000,-35.516595,-35.902266,-35.676221
435.250000,-35.466966,-35.855550,-35.627647
435.300000,-35.416354,-35.807942,-35.578121
435.350000,-35.364713,-35.759398,-35.527599
435.400000,-35.311993,-35.709876,-35.476035
435.450000,-35.258143,-35.659329,-35.423377
435.500000,-35.203105,-35.607705,-35.369571
435.550000,-35.146820,-35.554951,-35.314559
435.600000,-35.089222,-35.501010,-35.258279
435.650000,-35.030244,-35.445818,-35.200664
435.700000,-34.969809,-35.389311,-35.141643
435.750000,-34.907838,-35.331417,-35.081139
435.800000,-34.844244,-35.272057,-35.019067
435.850000,-34.778933,-35.211149,-34.955338
435.900000,-34.711804,-35.148604,-34.889855
435.950000,-34.642748,-35.084323,-34.822512
436.000000,-34.571644,-35.018200,-34.753194
436.050000,-34.498363,-34.950122,-34.681778
436.100000,-34.422764,-34.879962,-34.608126
436.150000,-34.344691,-34.807584,-34.532091
436.200000,-34.263976,-34.732840,-34.453511
436.250000,-34.180433,-34.655565,-34.372208
436.300000,-34.093858,-34.575579,-34.287987
436.350000,-34.004026,-34.492686,-34.200631
436.400000,-33.910688,-34.406667,-34.109903
436.450000,-33.813568,-34.317281,-34.015540
436.500000,-33.712360,-34.224259,-33.917248
436.550000,-33.606722,-34.127303,-33.814700
436.600000,-33.496272,-34.026081,-33.707533
436.650000,-33.380581,-33.920219,-33.595337
436.700000,-33.259165,-33.809297,-33.477650
436.750000,-33.131480,-33.692844,-33.353954
436.800000,-32.996904,-33.570322,-33.223656
436.850000,-32.854733,-33.441122,-33.086087
436.900000,-32.704158,-33.304550,-32.940477
436.950000,-32.544249,-33.159805,-32.785943
437.000000,-32.373932,-33.005968,-32.621464
437.050000,-32.191957,-32.841971,-32.445857
437.100000,-31.996865,-32.666570,-32.257736
437.150000,-31.786939,-32.478304,-32.055476
437.200000,-31.560145,-32.275452,-31.837155
437.250000,-31.314061,-32.055965,-31.600481
437.300000,-31.045776,-31.817394,-31.342709
437.350000,-30.751765,-31.556780,-31.060515
437.400000,-30.427727,-31.270527,-30.749847
437.450000,-30.068359,-30.954216,-30.405720
437.500000,-29.667067,-30.602377,-30.021938
437.550000,-29.215566,-30.208160,-29.590730
437.600000,-28.703342,-29.762912,-29.102248
437.650000,-28.116916,-29.255582,-28.543882
437.700000,-27.438841,-28.671923,-27.899336
437.750000,-26.646364,-27.993423,-27.147379
437.800000,-25.709672,-27.195892,-26.260227
437.850000,-24.589810,-26.247769,-25.201593
437.900000,-23.236677,-25.108398,-23.924791
437.950000,-21.588564,-23.727318,-22.372190
438.000000,-19.576967,-22.047234,-20.479355
438.050000,-17.144258,-20.016258,-18.190757
438.100000,-14.283617,-17.616849,-15.495757
438.150000,-11.096453,-14.910131,-12.481417
438.200000,-7.824355,-12.067490,-9.364704
438.250000,-4.803826,-9.349581,-6.456322
438.300000,-2.358041,-7.032621,-4.064696
438.350000,-0.696683,-5.326704,-2.401598
438.400000,0.115736,-4.334630,-1.546073
438.450000,0.124670,-4.061868,-1.470119
438.500000,-0.569219,-4.451202,-2.086540
438.550000,-1.849416,-5.414936,-3.286434
438.600000,-3.602012,-6.854967,-4.958886
438.650000,-5.721060,-8.672631,-6.998362
438.700000,-8.108545,-10.772866,-9.306380
438.750000,-10.673509,-13.066137,-11.791666
438.800000,-13.332745,-15.470335,-14.371210
438.850000,-16.014014,-17.913760,-16.973251
438.900000,-18.660216,-20.338546,-19.541006
438.950000,-21.230713,-22.702119,-22.033906
439.000000,-23.697962,-24.975141,-24.424609
439.050000,-26.041883,-27.137220,-26.693793
439.100000,-28.245595,-29.172962,-28.825949
439.150000,-30.294035,-31.069865,-30.807683
439.200000,-32.174907,-32.818116,-32.628199
439.250000,-33.880524,-34.411443,-34.280771
439.300000,-35.409206,-35.848045,-35.763976
439.350000,-36.765472,-37.130879,-37.081947
439.400000,-37.959005,-38.267123,-38.243561
439.450000,-39.002933,-39.267033,-39.260955
439.500000,-39.912033,-40.142625,-40.147923
439.550000,-40.701293,-40.906499,-40.918595
439.600000,-41.384976,-41.570989,-41.586530
439.650000,-41.976119,-42.147646,-42.164215
439.700000,-42.486353,-42.646977,-42.662857
439.750000,-42.925908,-43.078377,-43.092362
439.800000,-43.303717,-43.450148,-43.461411
439.850000,-43.627549,-43.769590,-43.777577
439.900000,-43.904159,-44.043097,-44.047455
439.950000,-44.139422,-44.276264,-44.276791
440.000000,-44.338451,-44.473990,-44.470594
440.050000,-44.505708,-44.640565,-44.633232
440.100000,-44.645087,-44.779747,-44.768528
440.150000,-44.759999,-44.894839,-44.879823
440.200000,-44.853429,-44.988739,-44.970051
440.250000,-44.928001,-45.064001,-45.041782
440.300000,-44.986017,-45.122871,-45.097280
440.350000,-45.029505,-45.167332,-45.138534
440.400000,-45.060249,-45.199132,-45.167297
440.450000,-45.079824,-45.219817,-45.185114
440.500000,-45.089617,-45.230752,-45.193348
440.550000,-45.090855,-45.233146,-45.193203
440.600000,-45.084621,-45.228066,-45.185743
440.650000,-45.071873,-45.216461,-45.171909
440.700000,-45.053456,-45.199168,-45.152530
440.750000,-45.030119,-45.176930,-45.128343
440.800000,-45.002526,-45.150406,-45.099998
440.850000,-44.971262,-45.120178,-45.068070
440.900000,-44.936845,-45.086764,-45.033068
440.950000,-44.899734,-45.050621,-44.995441
441.000000,-44.860335,-45.012155,-44.955590
441.050000,-44.819006,-44.971725,-44.913864
441.100000,-44.776065,-44.929648,-44.870576
441.150000,-44.731790,-44.886206,-44.825999
441.200000,-44.686431,-44.841647,-44.780376
441.250000,-44.640203,-44.796191,-44.733921
441.300000,-44.593299,-44.750030,-44.686822
441.350000,-44.545888,-44.703336,-44.639243
441.400000,-44.498118,-44.656259,-44.591331
441.450000,-44.450120,-44.608930,-44.543213
441.500000,-44.402007,-44.561465,-44.495001
441.550000,-44.353879,-44.513964,-44.446791
441.600000,-44.305822,-44.466518,-44.398668
441.650000,-44.257912,-44.419201,-44.350707
441.700000,-44.210214,-44.372081,-44.302971
441.750000,-44.162785,-44.325216,-44.255514
441.800000,-44.115672,-44.278654,-44.208384
441.850000,-44.068917,-44.232438,-44.161621
441.900000,-44.022555,-44.186605,-44.115259
441.950000,-43.976615,-44.141184,-44.069326
442.000000,-43.931121,-44.096200,-44.023845
442.050000,-43.886093,-44.051675,-43.978836
442.100000,-43.841547,-44.007625,-43.934314
442.150000,-43.797497,-43.964063,-43.890292
442.200000,-43.753952,-43.921001,-43.846779
442.250000,-43.710918,-43.878446,-43.803781
442.300000,-43.668400,-43.836402,-43.761302
442.350000,-43.626402,-43.794873,-43.719344
442.400000,-43.584923,-43.753860,-43.677909
442.450000,-43.543963,-43.713362,-43.636995
442.500000,-43.503520,-43.673379,-43.596599
442.550000,-43.463591,-43.633906,-43.556719
442.600000,-43.424171,-43.594940,-43.517349
442.650000,-43.385254,-43.556476,-43.478484
442.700000,-43.346836,-43.518508,-43.440118
442.750000,-43.308909,-43.481030,-43.402244
442.800000,-43.271465,-43.444033,-43.364855
442.850000,-43.234498,-43.407512,-43.327942
442.900000,-43.198000,-43.371458,-43.291499
442.950000,-43.161961,-43.335862,-43.255515
443.000000,-43.126373,-43.300716,-43.219984
443.050000,-43.091228,-43.266012,-43.184895
443.100000,-43.056516,-43.231740,-43.150239
443.150000,-43.022229,-43.197892,-43.116008
443.200000,-42.988357,-43.164459,-43.082193
443.250000,-42.954891,-43.131430,-43.048784
443.300000,-42.921822,-43.098798,-43.015772
443.350000,-42.889141,-43.066554,-42.983148
443.400000,-42.856839,-43.034687,-42.950903
443.450000,-42.824907,-43.003189,-42.919028
443.500000,-42.793336,-42.972052,-42.887514
443.550000,-42.762117,-42.941266,-42.856351
443.600000,-42.731241,-42.910823,-42.825533
443.650000,-42.700701,-42.880713,-42.795049
443.700000,-42.670486,-42.850930,-42.764891
443.750000,-42.640590,-42.821464,-42.735051
443.800000,-42.611004,-42.792306,-42.705521
443.850000,-42.581719,-42.763450,-42.676293
443.900000,-42.552729,-42.734888,-42.647359
443.950000,-42.524025,-42.706610,-42.618712
444.000000,-42.495601,-42.678611,-42.590343
444.050000,-42.467447,-42.650883,-42.562245
444.100000,-42.439558,-42.623418,-42.534412
444.150000,-42.411926,-42.596209,-42.506837
444.200000,-42.384545,-42.569249,-42.479511
444.250000,-42.357408,-42.542533,-42.452429
444.300000,-42.330507,-42.516052,-42.425585
444.350000,-42.303837,-42.489802,-42.398971
444.400000,-42.277392,-42.463775,-42.372582
444.450000,-42.251166,-42.437965,-42.346411
444.500000,-42.225151,-42.412367,-42.320452
444.550000,-42.199344,-42.386974,-42.294701
444.600000,-42.173738,-42.361781,-42.269150
444.650000,-42.148327,-42.336783,-42.243795
444.700000,-42.123106,-42.311974,-42.218631
444.750000,-42.098071,-42.287349,-42.193651
444.800000,-42.073216,-42.262903,-42.168852
444.850000,-42.048535,-42.238631,-42.144228
444.900000,-42.024025,-42.214528,-42.119774
444.950000,-41.999680,-42.190589,-42.095486
445.000000,-41.975497,-42.166810,-42.071359
445.050000,-41.951470,-42.143187,-42.047389
445.100000,-41.927595,-42.119714,-42.023571
445.150000,-41.903869,-42.096389,-41.999902
445.200000,-41.880286,-42.073207,-41.976376
445.250000,-41.856844,-42.050163,-41.952991
445.300000,-41.833537,-42.027254,-41.929742
445.350000,-41.810363,-42.004477,-41.906626
445.400000,-41.787318,-41.981827,-41.883638
445.450000,-41.764397,-41.959301,-41.860776
445.500000,-41.741599,-41.936896,-41.838036
445.550000,-41.718918,-41.914607,-41.815414
445.600000,-41.696353,-41.892433,-41.792907
445.650000,-41.673899,-41.870369,-41.770513
445.700000,-41.651554,-41.848413,-41.748227
445.750000,-41.629315,-41.826562,-41.726048
445.800000,-41.607178,-41.804812,-41.703971
445.850000,-41.585141,-41.783161,-41.681994
445.900000,-41.563201,-41.761606,-41.660115
445.950000,-41.541356,-41.740144,-41.638330
446.000000,-41.519602,-41.718772,-41.616637
446.050000,-41.497936,-41.697489,-41.595034
446.100000,-41.476358,-41.676291,-41.573517
446.150000,-41.454864,-41.655177,-41.552085
446.200000,-41.433451,-41.634143,-41.530735
446.250000,-41.412117,-41.613187,-41.509464
446.300000,-41.390861,-41.592308,-41.488271
446.350000,-41.369679,-41.571503,-41.467153
446.400000,-41.348570,-41.550769,-41.446108
446.450000,-41.327532,-41.530106,-41.425134
446.500000,-41.306562,-41.509510,-41.404229
446.550000,-41.285659,-41.488980,-41.383391
446.600000,-41.264820,-41.468513,-41.362618
446.650000,-41.244045,-41.448109,-41.341909
446.700000,-41.223329,-41.427765,-41.321260
446.750000,-41.202673,-41.407479,-41.300671
446.800000,-41.182075,-41.387249,-41.280140
446.850000,-41.161531,-41.367075,-41.259664
446.900000,-41.141042,-41.346954,-41.239243
446.950000,-41.120605,-41.326884,-41.218875
447.000000,-41.100219,-41.306865,-41.198558
447.050000,-41.079881,-41.286894,-41.178290
447.100000,-41.059591,-41.266970,-41.158071
447.150000,-41.039347,-41.247092,-41.137898
447.200000,-41.019148,-41.227258,-41.117770
447.250000,-40.998992,-41.207466,-41.097686
447.300000,-40.978878,-41.187716,-41.077644
447.350000,-40.958804,-41.168006,-41.057643
447.400000,-40.938769,-41.148335,-41.037681
447.450000,-40.918772,-41.128701,-41.017758
447.500000,-40.898811,-41.109103,-40.997872
447.550000,-40.878886,-41.089540,-40.978022
447.600000,-40.858994,-41.070011,-40.958206
447.650000,-40.839135,-41.050515,-40.938423
447.700000,-40.819308,-41.031049,-40.918673
447.750000,-40.799512,-41.011614,-40.898954
447.800000,-40.779744,-40.992209,-40.879264
447.850000,-40.760005,-40.972831,-40.859603
447.900000,-40.740293,-40.953480,-40.839970
447.950000,-40.720606,-40.934156,-40.820364
448.000000,-40.700945,-40.914856,-40.800783
448.050000,-40.681308,-40.895580,-40.781227
448.100000,-40.661693,-40.876327,-40.761694
448.150000,-40.642100,-40.857096,-40.742183
448.200000,-40.622529,-40.837886,-40.722695
448.250000,-40.602977,-40.818696,-40.703226
448.300000,-40.583444,-40.799526,-40.683778
448.350000,-40.563929,-40.780373,-40.664348
448.400000,-40.544432,-40.761238,-40.644936
448.450000,-40.524950,-40.742120,-40.625541
448.500000,-40.505484,-40.723017,-40.606162
448.550000,-40.486033,-40.703929,-40.586798
448.600000,-40.466595,-40.684855,-40.567449
448.650000,-40.447170,-40.665794,-40.548113
448.700000,-40.427757,-40.646745,-40.528790
448.750000,-40.408355,-40.627708,-40.509478
448.800000,-40.388963,-40.608682,-40.490178
448.850000,-40.369581,-40.589666,-40.470887
448.900000,-40.350207,-40.570659,-40.451607
448.950000,-40.330842,-40.551661,-40.432335
449.000000,-40.311483,-40.532670,-40.413070
449.050000,-40.292131,-40.513686,-40.393813
449.100000,-40.272785,-40.494709,-40.374563
449.150000,-40.253443,-40.475737,-40.355318
449.200000,-40.234105,-40.456770,-40.336077
449.250000,-40.214771,-40.437807,-40.316841
449.300000,-40.195439,-40.418847,-40.297609
449.350000,-40.176110,-40.399891,-40.278379
449.400000,-40.156781,-40.380936,-40.259151
449.450000,-40.137453,-40.361982,-40.239924
449.500000,-40.118124,-40.343030,-40.220698
449.550000,-40.098795,-40.324077,-40.201471
449.600000,-40.079464,-40.305123,-40.182244
449.650000,-40.060130,-40.286169,-40.163016
449.700000,-40.040793,-40.267212,-40.143785
449.750000,-40.021453,-40.248252,-40.124551
449.800000,-40.002108,-40.229289,-40.105313
449.850000,-39.982758,-40.210322,-40.086072
449.900000,-39.963402,-40.191351,-40.066825
449.950000,-39.944039,-40.172374,-40.047573
450.000000,-39.924670,-40.153392,-40.028314
450.050000,-39.905292,-40.134402,-40.009049
450.100000,-39.885906,-40.115406,-39.989776
450.150000,-39.866511,-40.096402,-39.970494
450.200000,-39.847105,-40.077389,-39.951204
450.250000,-39.827690,-40.058367,-39.931904
450.300000,-39.808263,-40.039336,-39.912594
450.350000,-39.788824,-40.020294,-39.893273
450.400000,-39.769372,-40.001241,-39.873940
450.450000,-39.749907,-39.982177,-39.854595
450.500000,-39.730428,-39.963100,-39.835237
450.550000,-39.710935,-39.944010,-39.815866
450.600000,-39.691426,-39.924907,-39.796480
450.650000,-39.671901,-39.905789,-39.777079
450.700000,-39.652360,-39.886657,-39.757663
450.750000,-39.632801,-39.867509,-39.738230
450.800000,-39.613224,-39.848345,-39.718780
450.850000,-39.593629,-39.829164,-39.699313
450.900000,-39.574014,-39.809966,-39.679828
450.950000,-39.554379,-39.790750,-39.660324
451.000000,-39.534724,-39.771515,-39.640800
451.050000,-39.515047,-39.752261,-39.621255
451.100000,-39.495347,-39.732987,-39.601690
451.150000,-39.475625,-39.713692,-39.582103
451.200000,-39.455880,-39.694376,-39.562494
451.250000,-39.436110,-39.675038,-39.542862
451.300000,-39.416316,-39.655678,-39.523206
451.350000,-39.396495,-39.636294,-39.503525
451.400000,-39.376649,-39.616886,-39.483820
451.450000,-39.356775,-39.597454,-39.464089
451.500000,-39.336873,-39.577996,-39.444331
451.550000,-39.316943,-39.558512,-39.424546
451.600000,-39.296984,-39.539002,-39.404732
451.650000,-39.276995,-39.519464,-39.384891
451.700000,-39.256974,-39.499899,-39.365019
451.750000,-39.236923,-39.480304,-39.345118
451.800000,-39.216839,-39.460680,-39.325185
451.850000,-39.196721,-39.441026,-39.305221
451.900000,-39.176570,-39.421340,-39.285224
451.950000,-39.156385,-39.401623,-39.265194
452.000000,-39.136163,-39.381874,-39.245130
452.050000,-39.115906,-39.362091,-39.225031
452.100000,-39.095611,-39.342274,-39.204897
452.150000,-39.075279,-39.322423,-39.184726
452.200000,-39.054908,-39.302536,-39.164517
452.250000,-39.034497,-39.282613,-39.144271
452.300000,-39.014046,-39.262652,-39.123986
452.350000,-38.993553,-39.242654,-39.103661
452.400000,-38.973018,-39.222617,-39.083295
452.450000,-38.952440,-39.202540,-39.062887
452.500000,-38.931818,-39.182423,-39.042438
452.550000,-38.911151,-39.162265,-39.021944
452.600000,-38.890438,-39.142064,-39.001407
452.650000,-38.869678,-39.121820,-38.980824
452.700000,-38.848870,-39.101533,-38.960195
452.750000,-38.828014,-39.081200,-38.939519
452.800000,-38.807107,-39.060822,-38.918795
452.850000,-38.786150,-39.040397,-38.898022
452.900000,-38.765141,-39.019924,-38.877199
452.950000,-38.744079,-38.999402,-38.856325
453.000000,-38.722963,-38.978831,-38.835398
453.050000,-38.701791,-38.958209,-38.814418
453.100000,-38.680564,-38.937535,-38.793384
453.150000,-38.659279,-38.916808,-38.772294
453.200000,-38.637936,-38.896028,-38.751148
453.250000,-38.616533,-38.875192,-38.729944
453.300000,-38.595070,-38.854301,-38.708681
453.350000,-38.573544,-38.833352,-38.687358
453.400000,-38.551955,-38.812345,-38.665974
453.450000,-38.530302,-38.791279,-38.644528
453.500000,-38.508583,-38.770152,-38.623018
453.550000,-38.486797,-38.748964,-38.601444
453.600000,-38.464943,-38.727713,-38.579803
453.650000,-38.443019,-38.706397,-38.558095
453.700000,-38.421024,-38.685016,-38.536318
453.750000,-38.398957,-38.663568,-38.514471
453.800000,-38.376816,-38.642052,-38.492552
453.850000,-38.354600,-38.620467,-38.470561
453.900000,-38.332307,-38.598811,-38.448495
453.950000,-38.309936,-38.577083,-38.426353
454.000000,-38.287486,-38.555281,-38.404135
454.050000,-38.264954,-38.533404,-38.381837
454.100000,-38.242339,-38.511451,-38.359460
454.150000,-38.219640,-38.489420,-38.337000
454.200000,-38.196854,-38.467309,-38.314457
454.250000,-38.173981,-38.445117,-38.291828
454.300000,-38.151018,-38.422843,-38.269113
454.350000,-38.127964,-38.400484,-38.246309
454.400000,-38.104816,-38.378039,-38.223415
454.450000,-38.081574,-38.355507,-38.200428
454.500000,-38.058234,-38.332885,-38.177347
454.550000,-38.034796,-38.310171,-38.154171
454.600000,-38.011256,-38.287365,-38.130896
454.650000,-37.987614,-38.264463,-38.107522
454.700000,-37.963867,-38.241464,-38.084046
454.750000,-37.940012,-38.218367,-38.060466
454.800000,-37.916049,-38.195168,-38.036779
454.850000,-37.891973,-38.171867,-38.012984
454.900000,-37.867783,-38.148460,-37.989079
454.950000,-37.843478,-38.124946,-37.965061
455.000000,-37.819053,-38.101322,-37.940927
455.050000,-37.794507,-38.077586,-37.916676
455.100000,-37.769837,-38.053735,-37.892304
455.150000,-37.745041,-38.029768,-37.867810
455.200000,-37.720115,-38.005682,-37.843190
455.250000,-37.695058,-37.981474,-37.818442
455.300000,-37.669865,-37.957141,-37.793563
455.350000,-37.644535,-37.932682,-37.768550
455.400000,-37.619064,-37.908092,-37.743400
455.450000,-37.593449,-37.883369,-37.718111
455.500000,-37.567687,-37.858510,-37.692678
455.550000,-37.541774,-37.833513,-37.667100
455.600000,-37.515707,-37.808374,-37.641372
455.650000,-37.489483,-37.783089,-37.615491
455.700000,-37.463098,-37.757656,-37.589454
455.750000,-37.436549,-37.732071,-37.563257
455.800000,-37.409831,-37.706331,-37.536897
455.850000,-37.382940,-37.680431,-37.510369
455.900000,-37.355873,-37.654369,-37.483669
455.950000,-37.328626,-37.628141,-37.456795
456.000000,-37.301193,-37.601741,-37.429740
456.050000,-37.273572,-37.575168,-37.402502
456.100000,-37.245756,-37.548415,-37.375075
456.150000,-37.217741,-37.521479,-37.347456
456.200000,-37.189523,-37.494356,-37.319638
456.250000,-37.161096,-37.467040,-37.291618
456.300000,-37.132455,-37.439527,-37.263390
456.350000,-37.103595,-37.411811,-37.234949
456.400000,-37.074510,-37.383889,-37.206290
456.450000,-37.045194,-37.355754,-37.177406
456.500000,-37.015641,-37.327401,-37.148293
456.550000,-36.985845,-37.298824,-37.118944
456.600000,-36.955800,-37.270017,-37.089352
456.650000,-36.925498,-37.240975,-37.059511
456.700000,-36.894933,-37.211690,-37.029416
456.750000,-36.864098,-37.182157,-36.999057
456.800000,-36.832985,-37.152368,-36.968429
456.850000,-36.801587,-37.122316,-36.937524
456.900000,-36.769895,-37.091994,-36.906333
456.950000,-36.737900,-37.061395,-36.874849
457.000000,-36.705595,-37.030509,-36.843064
457.050000,-36.672970,-36.999330,-36.810967
457.100000,-36.640015,-36.967847,-36.778551
457.150000,-36.606721,-36.936053,-36.745806
457.200000,-36.573077,-36.903938,-36.712721
457.250000,-36.539073,-36.871492,-36.679286
457.300000,-36.504697,-36.838705,-36.645491
457.350000,-36.469938,-36.805566,-36.611324
457.400000,-36.434784,-36.772064,-36.576774
457.450000,-36.399221,-36.738188,-36.541827
457.500000,-36.363237,-36.703925,-36.506471
457.550000,-36.326817,-36.669263,-36.470693
457.600000,-36.289948,-36.634189,-36.434479
457.650000,-36.252613,-36.598689,-36.397813
457.700000,-36.214797,-36.562747,-36.360680
457.750000,-36.176482,-36.526349,-36.323065
457.800000,-36.137652,-36.489480,-36.284949
457.850000,-36.098287,-36.452121,-36.246315
457.900000,-36.058369,-36.414256,-36.207144
457.950000,-36.017876,-36.375865,-36.167416
458.000000,-35.976787,-36.336930,-36.127111
458.050000,-35.935079,-36.297430,-36.086206
458.100000,-35.892728,-36.257343,-36.044678
458.150000,-35.849710,-36.216646,-36.002503
458.200000,-35.805997,-36.175315,-35.959655
458.250000,-35.761560,-36.133325,-35.916107
458.300000,-35.716371,-36.090648,-35.871829
458.350000,-35.670397,-36.047257,-35.826792
458.400000,-35.623606,-36.003120,-35.780962
458.450000,-35.575960,-35.958207,-35.734306
458.500000,-35.527422,-35.912482,-35.686787
458.550000,-35.477953,-35.865910,-35.638367
458.600000,-35.427509,-35.818452,-35.589003
458.650000,-35.376045,-35.770068,-35.538652
458.700000,-35.323512,-35.720714,-35.487267
458.750000,-35.269859,-35.670342,-35.434798
458.800000,-35.215029,-35.618905,-35.381193
458.850000,-35.158963,-35.566348,-35.326392
458.900000,-35.101598,-35.512615,-35.270336
458.950000,-35.042865,-35.457644,-35.212958
459.000000,-34.982690,-35.401369,-35.154187
459.050000,-34.920995,-35.343722,-35.093948
459.100000,-34.857693,-35.284624,-35.032158
459.150000,-34.792694,-35.223995,-34.968728
459.200000,-34.725896,-35.161745,-34.903564
459.250000,-34.657191,-35.097779,-34.836559
459.300000,-34.586463,-35.031992,-34.767603
459.350000,-34.513584,-34.964272,-34.696572
459.400000,-34.438413,-34.894495,-34.623333
459.450000,-34.360800,-34.822527,-34.547740
459.500000,-34.280578,-34.748221,-34.469634
459.550000,-34.197564,-34.671417,-34.388839
459.600000,-34.111559,-34.591938,-34.305165
459.650000,-34.022341,-34.509591,-34.218399
459.700000,-33.929666,-34.424160,-34.128308
459.750000,-33.833264,-34.335410,-34.034634
459.800000,-33.732835,-34.243078,-33.937089
459.850000,-33.628044,-34.146872,-33.835354
459.900000,-33.518517,-34.046464,-33.729072
459.950000,-33.403834,-33.941492,-33.617842
460.000000,-33.283524,-33.831544,-33.501214
460.050000,-33.157053,-33.716158,-33.378679
460.100000,-33.023816,-33.594811,-33.249663
460.150000,-32.883125,-33.466909,-33.113509
460.200000,-32.734193,-33.331774,-32.969470
460.250000,-32.576115,-33.188628,-32.816684
460.300000,-32.407846,-33.036575,-32.654161
460.350000,-32.228173,-32.874579,-32.480748
460.400000,-32.035679,-32.701430,-32.295103
460.450000,-31.828700,-32.515715,-32.095650
460.500000,-31.605270,-32.315764,-31.880528
460.550000,-31.363045,-32.099597,-31.647524
460.600000,-31.099218,-31.864850,-31.393984
460.650000,-30.810392,-31.608668,-31.116708
460.700000,-30.492429,-31.327591,-30.811797
460.750000,-30.140238,-31.017372,-30.474460
460.800000,-29.747498,-30.672764,-30.098761
460.850000,-29.306283,-30.287210,-29.677261
460.900000,-28.806556,-29.852441,-29.200557
460.950000,-28.235471,-29.357918,-28.656628
461.000000,-27.576431,-28.790078,-28.029967
461.050000,-26.807819,-28.131321,-27.300400
461.100000,-25.901323,-27.358666,-26.441536
461.150000,-24.819903,-26.442099,-25.418870
461.200000,-23.515703,-25.342810,-24.187816
461.250000,-21.929101,-24.012153,-22.692728
461.300000,-19.992062,-22.393583,-20.869742
461.350000,-17.642581,-20.432546,-18.659570
461.400000,-14.859924,-18.101809,-16.039171
461.450000,-11.720687,-15.444025,-13.073037
461.500000,-8.440482,-12.609170,-9.953670
461.550000,-5.344930,-9.845365,-6.980126
461.600000,-2.768805,-7.432691,-4.469574
461.650000,-0.948417,-5.598732,-2.657247
461.700000,0.025234,-4.467328,-1.647000
461.750000,0.180916,-4.060146,-1.427650
461.800000,-0.387527,-4.329144,-1.919863
461.850000,-1.564633,-5.190522,-3.016869
461.900000,-3.235318,-6.547162,-4.607304
461.950000,-5.292041,-8.300078,-6.584385
462.000000,-7.635365,-10.353346,-8.848271
462.050000,-10.173008,-12.616257,-11.306289
462.100000,-12.820113,-15.005095,-13.873683
462.150000,-15.502009,-17.445895,-16.476239
462.200000,-18.158459,-19.877937,-19.054094
462.250000,-20.745805,-22.255776,-21.563689
462.300000,-23.234424,-24.547842,-23.975534
462.350000,-25.603218,-26.732380,-26.269166
462.400000,-27.834892,-28.793267,-28.428559
462.450000,-29.914021,-30.717519,-30.439935
462.500000,-31.827646,-32.494763,-32.291902
462.550000,-33.567063,-34.117968,-33.976839
462.600000,-35.129388,-35.584431,-35.492254
462.650000,-36.517998,-36.896216,-36.841251
462.700000,-37.741710,-38.059767,-38.031900
462.750000,-38.813132,-39.084853,-39.075836
462.800000,-39.746851,-39.983248,-39.986653
462.850000,-40.557899,-40.767517,-40.778494
462.900000,-41.260727,-41.450093,-41.465078
462.950000,-41.868628,-42.042702,-42.059119
463.000000,-42.393505,-42.556061,-42.572075
463.050000,-42.845850,-42.999776,-43.014096
463.100000,-43.234832,-43.382356,-43.394089
463.150000,-43.568434,-43.711281,-43.719828
463.200000,-43.853592,-43.993112,-43.998086
463.250000,-44.096339,-44.233589,-44.234762
463.300000,-44.301928,-44.437736,-44.434997
463.350000,-44.474935,-44.609953,-44.603276
463.400000,-44.619359,-44.754095,-44.743519
463.450000,-44.738696,-44.873547,-44.859156
463.500000,-44.836010,-44.971280,-44.953191
463.550000,-44.913989,-45.049911,-45.028264
463.600000,-44.974993,-45.111741,-45.086691
463.650000,-45.021099,-45.158800,-45.130512
463.700000,-45.054137,-45.192880,-45.161523
463.750000,-45.075719,-45.215564,-45.181306
463.800000,-45.087267,-45.228248,-45.191258
463.850000,-45.090036,-45.232171,-45.192613
463.900000,-45.085136,-45.228425,-45.186458
463.950000,-45.073546,-45.217981,-45.173757
464.000000,-45.056133,-45.201697,-45.155360
464.050000,-45.033665,-45.180332,-45.132021
464.100000,-45.006819,-45.154561,-45.104405
464.150000,-44.976195,-45.124979,-45.073101
464.200000,-44.942323,-45.092117,-45.038630
464.250000,-44.905675,-45.056443,-45.001453
464.300000,-44.866664,-45.018371,-44.961979
464.350000,-44.825658,-44.978270,-44.920566
464.400000,-44.782982,-44.936465,-44.877533
464.450000,-44.738921,-44.893243,-44.833163
464.500000,-44.693731,-44.848858,-44.787702
464.550000,-44.647632,-44.803537,-44.741370
464.600000,-44.600823,-44.757476,-44.694359
464.650000,-44.553476,-44.710851,-44.646840
464.700000,-44.505744,-44.663815,-44.598960
464.750000,-44.457759,-44.616503,-44.550852
464.800000,-44.409639,-44.569035,-44.502629
464.850000,-44.361485,-44.521513,-44.454391
464.900000,-44.313388,-44.474029,-44.406225
464.950000,-44.265424,-44.426661,-44.358207
465.000000,-44.217660,-44.379478,-44.310403
465.050000,-44.170155,-44.332539,-44.262868
465.100000,-44.122958,-44.285895,-44.215652
465.150000,-44.076111,-44.239590,-44.168796
465.200000,-44.029651,-44.193660,-44.122334
465.250000,-43.983607,-44.148137,-44.076297
465.300000,-43.938006,-44.103048,-44.030708
465.350000,-43.892868,-44.058414,-43.985587
465.400000,-43.848209,-44.014252,-43.940952
465.450000,-43.804043,-43.970576,-43.896813
465.500000,-43.760381,-43.927398,-43.853183
465.550000,-43.717229,-43.884725,-43.810066
465.600000,-43.674593,-43.842563,-43.767468
465.650000,-43.632475,-43.800916,-43.725391
465.700000,-43.590878,-43.759785,-43.683837
465.750000,-43.549800,-43.719170,-43.642804
465.800000,-43.509239,-43.679069,-43.602291
465.850000,-43.469193,-43.639480,-43.562294
465.900000,-43.429657,-43.600399,-43.522808
465.950000,-43.390626,-43.561820,-43.483828
466.000000,-43.352094,-43.523739,-43.445349
466.050000,-43.314055,-43.486149,-43.407363
466.100000,-43.276501,-43.449042,-43.369863
466.150000,-43.239425,-43.412412,-43.332842
466.200000,-43.202819,-43.376251,-43.296291
466.250000,-43.166675,-43.340550,-43.260202
466.300000,-43.130984,-43.305301,-43.224567
466.350000,-43.095737,-43.270495,-43.189376
466.400000,-43.060925,-43.236124,-43.154621
466.450000,-43.026539,-43.202178,-43.120292
466.500000,-42.992571,-43.168648,-43.086381
466.550000,-42.959011,-43.135525,-43.052877
466.600000,-42.925849,-43.102801,-43.019773
466.650000,-42.893078,-43.070465,-42.987058
466.700000,-42.860687,-43.038510,-42.954725
466.750000,-42.828667,-43.006925,-42.922762
466.800000,-42.797011,-42.975702,-42.891163
466.850000,-42.765708,-42.944833,-42.859917
466.900000,-42.734751,-42.914308,-42.829017
466.950000,-42.704130,-42.884119,-42.798453
467.000000,-42.673837,-42.854257,-42.768216
467.050000,-42.643864,-42.824714,-42.738300
467.100000,-42.614202,-42.795482,-42.708695
467.150000,-42.584845,-42.766552,-42.679394
467.200000,-42.555782,-42.737918,-42.650388
467.250000,-42.527008,-42.709570,-42.621670
467.300000,-42.498514,-42.681502,-42.593232
467.350000,-42.470293,-42.653706,-42.565068
467.400000,-42.442338,-42.626175,-42.537169
467.450000,-42.414641,-42.598902,-42.509528
467.500000,-42.387197,-42.571879,-42.482140
467.550000,-42.359997,-42.545101,-42.454996
467.600000,-42.333036,-42.518560,-42.428091
467.650000,-42.306307,-42.492250,-42.401418
467.700000,-42.279804,-42.466165,-42.374970
467.750000,-42.253520,-42.440299,-42.348742
467.800000,-42.227450,-42.414645,-42.322728
467.850000,-42.201588,-42.389198,-42.296922
467.900000,-42.175928,-42.363952,-42.271318
467.950000,-42.150465,-42.338902,-42.245911
468.000000,-42.125193,-42.314041,-42.220696
468.050000,-42.100107,-42.289366,-42.195666
468.100000,-42.075202,-42.264871,-42.170817
468.150000,-42.050473,-42.240551,-42.146145
468.200000,-42.025916,-42.216401,-42.121644
468.250000,-42.001525,-42.192416,-42.097309
468.300000,-41.977295,-42.168591,-42.073137
468.350000,-41.953224,-42.144924,-42.049122
468.400000,-41.929305,-42.121408,-42.025260
468.450000,-41.905535,-42.098040,-42.001548
468.500000,-41.881910,-42.074815,-41.977980
468.550000,-41.858426,-42.051730,-41.954554
468.600000,-41.835079,-42.028781,-41.931264
468.650000,-41.811865,-42.005964,-41.908108
468.700000,-41.788780,-41.983276,-41.885081
468.750000,-41.765821,-41.960711,-41.862181
468.800000,-41.742985,-41.938269,-41.839403
468.850000,-41.720267,-41.915943,-41.816744
468.900000,-41.697665,-41.893733,-41.794201
468.950000,-41.675176,-41.871634,-41.771771
469.000000,-41.652795,-41.849643,-41.749450
469.050000,-41.630521,-41.827757,-41.727235
469.100000,-41.608350,-41.805973,-41.705125
469.150000,-41.586280,-41.784289,-41.683114
469.200000,-41.564307,-41.762701,-41.661202
469.250000,-41.542428,-41.741206,-41.639385
469.300000,-41.520642,-41.719804,-41.617660
469.350000,-41.498946,-41.698489,-41.596025
469.400000,-41.477336,-41.677261,-41.574477
469.450000,-41.455811,-41.656116,-41.553015
469.500000,-41.434368,-41.635052,-41.531634
469.550000,-41.413005,-41.614067,-41.510334
469.600000,-41.391719,-41.593159,-41.489112
469.650000,-41.370509,-41.572325,-41.467965
469.700000,-41.349371,-41.551564,-41.446892
469.750000,-41.328305,-41.530873,-41.425890
469.800000,-41.307308,-41.510249,-41.404958
469.850000,-41.286377,-41.489692,-41.384092
469.900000,-41.265511,-41.469199,-41.363293
469.950000,-41.244709,-41.448769,-41.342556
470.000000,-41.223968,-41.428399,-41.321882
470.050000,-41.203286,-41.408087,-41.301267
470.100000,-41.182661,-41.387833,-41.280710
470.150000,-41.162093,-41.367633,-41.260209
470.200000,-41.141579,-41.347488,-41.239764
470.250000,-41.121117,-41.327394,-41.219371
470.300000,-41.100706,-41.307350,-41.199029
470.350000,-41.080344,-41.287356,-41.178738
470.400000,-41.060031,-41.267409,-41.158494
470.450000,-41.039763,-41.247507,-41.138298
470.500000,-41.019541,-41.227650,-41.118147
470.550000,-40.999361,-41.207836,-41.098040
470.600000,-40.979224,-41.188063,-41.077975
470.650000,-40.959128,-41.168331,-41.057951
470.700000,-40.939071,-41.148638,-41.037968
470.750000,-40.919051,-41.128982,-41.018022
470.800000,-40.899069,-41.109362,-40.998114
470.850000,-40.879121,-41.089778,-40.978242
470.900000,-40.859208,-41.070228,-40.958405
470.950000,-40.839328,-41.050710,-40.938601
471.000000,-40.819480,-41.031224,-40.918830
471.050000,-40.799662,-41.011769,-40.899090
471.100000,-40.779874,-40.992343,-40.879380
471.150000,-40.760114,-40.972945,-40.859698
471.200000,-40.740381,-40.953574,-40.840045
471.250000,-40.720675,-40.934229,-40.820418
471.300000,-40.700993,-40.914910,-40.800817
471.350000,-40.681336,-40.895614,-40.781241
471.400000,-40.661702,-40.876342,-40.761689
471.450000,-40.642089,-40.857092,-40.742159
471.500000,-40.622498,-40.837863,-40.722650
471.550000,-40.602927,-40.818654,-40.703163
471.600000,-40.583375,-40.799464,-40.683695
471.650000,-40.563841,-40.780293,-40.664246
471.700000,-40.544324,-40.761139,-40.644815
471.750000,-40.524824,-40.742002,-40.625401
471.800000,-40.505339,-40.722881,-40.606004
471.850000,-40.485869,-40.703775,-40.586621
471.900000,-40.466413,-40.684682,-40.567253
471.950000,-40.446969,-40.665603,-40.547899
472.000000,-40.427537,-40.646537,-40.528557
472.050000,-40.408117,-40.627482,-40.509228
472.100000,-40.388707,-40.608438,-40.489909
472.150000,-40.369307,-40.589404,-40.470601
472.200000,-40.349915,-40.570380,-40.451302
472.250000,-40.330532,-40.551364,-40.432012
472.300000,-40.311155,-40.532355,-40.412730
472.350000,-40.291785,-40.513354,-40.393456
472.400000,-40.272421,-40.494359,-40.374187
472.450000,-40.253062,-40.475370,-40.354925
472.500000,-40.233706,-40.456386,-40.335667
472.550000,-40.214355,-40.437406,-40.316413
472.600000,-40.195005,-40.418429,-40.297163
472.650000,-40.175658,-40.399455,-40.277916
472.700000,-40.156312,-40.380484,-40.258671
472.750000,-40.136967,-40.361513,-40.239427
472.800000,-40.117621,-40.342544,-40.220184
472.850000,-40.098274,-40.323574,-40.200940
472.900000,-40.078926,-40.304604,-40.181696
472.950000,-40.059575,-40.285632,-40.162450
473.000000,-40.040221,-40.266658,-40.143202
473.050000,-40.020863,-40.247682,-40.123951
473.100000,-40.001501,-40.228703,-40.104697
473.150000,-39.982134,-40.209719,-40.085438
473.200000,-39.962761,-40.190731,-40.066175
473.250000,-39.943382,-40.171738,-40.046906
473.300000,-39.923995,-40.152739,-40.027630
473.350000,-39.904601,-40.133733,-40.008348
473.400000,-39.885197,-40.114720,-39.989058
473.450000,-39.865785,-40.095699,-39.969760
473.500000,-39.846363,-40.076670,-39.950453
473.550000,-39.826930,-40.057632,-39.931136
473.600000,-39.807486,-40.038584,-39.911809
473.650000,-39.788030,-40.019526,-39.892471
473.700000,-39.768562,-40.000456,-39.873122
473.750000,-39.749080,-39.981375,-39.853760
473.800000,-39.729584,-39.962282,-39.834385
473.850000,-39.710074,-39.943176,-39.814997
473.900000,-39.690548,-39.924056,-39.795594
473.950000,-39.671006,-39.904922,-39.776176
474.000000,-39.651448,-39.885773,-39.756743
474.050000,-39.631872,-39.866608,-39.737294
474.100000,-39.612279,-39.847428,-39.717827
474.150000,-39.592666,-39.828231,-39.698343
474.200000,-39.573034,-39.809016,-39.678841
474.250000,-39.553382,-39.789783,-39.659320
474.300000,-39.533709,-39.770532,-39.639779
474.350000,-39.514015,-39.751261,-39.620217
474.400000,-39.494299,-39.731970,-39.600635
474.450000,-39.474560,-39.712659,-39.581031
474.500000,-39.454797,-39.693326,-39.561405
474.550000,-39.435010,-39.673972,-39.541756
474.600000,-39.415198,-39.654594,-39.522083
474.650000,-39.395360,-39.635194,-39.502385
474.700000,-39.375496,-39.615769,-39.482662
474.750000,-39.355605,-39.596320,-39.462914
474.800000,-39.335686,-39.576845,-39.443138
474.850000,-39.315738,-39.557344,-39.423336
474.900000,-39.295761,-39.537817,-39.403505
474.950000,-39.275754,-39.518262,-39.383646
475.000000,-39.255716,-39.498679,-39.363757
475.050000,-39.235647,-39.479067,-39.343838
475.100000,-39.215545,-39.459426,-39.323887
475.150000,-39.195410,-39.439754,-39.303905
475.200000,-39.175241,-39.420051,-39.283891
475.250000,-39.155037,-39.400317,-39.263843
475.300000,-39.134797,-39.380550,-39.243761
475.350000,-39.114522,-39.360749,-39.223644
475.400000,-39.094209,-39.340915,-39.203491
475.450000,-39.073858,-39.321046,-39.183302
475.500000,-39.053468,-39.301141,-39.163075
475.550000,-39.033039,-39.281200,-39.142811
475.600000,-39.012568,-39.261221,-39.122507
475.650000,-38.992057,-39.241205,-39.102163
475.700000,-38.971503,-39.221149,-39.081778
475.750000,-38.950906,-39.201054,-39.061352
475.800000,-38.930265,-39.180919,-39.040884
475.850000,-38.909578,-39.160742,-39.020371
475.900000,-38.888846,-39.140522,-38.999815
475.950000,-38.868067,-39.120260,-38.979213
476.000000,-38.847239,-39.099953,-38.958565
476.050000,-38.826363,-39.079602,-38.937869
476.100000,-38.805437,-39.059204,-38.917126
476.150000,-38.784460,-39.038760,-38.896333
476.200000,-38.763430,-39.018268,-38.875490
476.250000,-38.742348,-38.997727,-38.854595
476.300000,-38.721211,-38.977136,-38.833648
476.350000,-38.700020,-38.956494,-38.812648
476.400000,-38.678772,-38.935800,-38.791593
476.450000,-38.657466,-38.915053,-38.770483
476.500000,-38.636102,-38.894253,-38.749316
476.550000,-38.614678,-38.873397,-38.728091
476.600000,-38.593193,-38.852485,-38.706807
476.650000,-38.571645,-38.831516,-38.685463
476.700000,-38.550035,-38.810488,-38.664058
476.750000,-38.528360,-38.789401,-38.642590
476.800000,-38.506619,-38.768253,-38.621058
476.850000,-38.484811,-38.747043,-38.599462
476.900000,-38.462934,-38.725770,-38.577799
476.950000,-38.440987,-38.704433,-38.556068
477.000000,-38.418970,-38.683030,-38.534269
477.050000,-38.396879,-38.661560,-38.512399
477.100000,-38.374715,-38.640022,-38.490457
477.150000,-38.352475,-38.618414,-38.468443
477.200000,-38.330159,-38.596735,-38.446354
477.250000,-38.307764,-38.574984,-38.424189
477.300000,-38.285289,-38.553159,-38.401946
477.350000,-38.262732,-38.531259,-38.379624
477.400000,-38.240093,-38.509282,-38.357222
477.450000,-38.217368,-38.487227,-38.334738
477.500000,-38.194558,-38.465092,-38.312170
477.550000,-38.171659,-38.442876,-38.289516
477.600000,-38.148670,-38.420577,-38.266775
477.650000,-38.125590,-38.398194,-38.243946
477.700000,-38.102416,-38.375723,-38.221025
477.750000,-38.079146,-38.353165,-38.198013
477.800000,-38.055780,-38.330518,-38.174905
477.850000,-38.032314,-38.307778,-38.151702
477.900000,-38.008747,-38.284945,-38.128400
477.950000,-37.985077,-38.262017,-38.104998
478.000000,-37.961301,-38.238991,-38.081494
478.050000,-37.937418,-38.215866,-38.057885
478.100000,-37.913424,-38.192640,-38.034170
478.150000,-37.889319,-38.169310,-38.010346
478.200000,-37.865100,-38.145875,-37.986412
478.250000,-37.840764,-38.122332,-37.962364
478.300000,-37.816308,-38.098679,-37.938200
478.350000,-37.791731,-38.074914,-37.913918
478.400000,-37.767030,-38.051033,-37.889515
478.450000,-37.742201,-38.027036,-37.864989
478.500000,-37.717243,-38.002919,-37.840337
478.550000,-37.692153,-37.978680,-37.815557
478.600000,-37.666927,-37.954315,-37.790645
478.650000,-37.641562,-37.929823,-37.765599
478.700000,-37.616057,-37.905201,-37.740415
478.750000,-37.590406,-37.880445,-37.715091
478.800000,-37.564608,-37.855553,-37.689624
478.850000,-37.538659,-37.830521,-37.664010
478.900000,-37.512556,-37.805347,-37.638246
478.950000,-37.486295,-37.780027,-37.612328
479.000000,-37.459872,-37.754558,-37.586254
479.050000,-37.433283,-37.728937,-37.560019
479.100000,-37.406526,-37.703159,-37.533620
479.150000,-37.379595,-37.677222,-37.507053
479.200000,-37.352488,-37.651122,-37.480313
479.250000,-37.325199,-37.624854,-37.453398
479.300000,-37.297724,-37.598415,-37.426302
479.350000,-37.270059,-37.571801,-37.399022
479.400000,-37.242199,-37.545007,-37.371552
479.450000,-37.214140,-37.518029,-37.343889
479.500000,-37.185876,-37.490863,-37.316027
479.550000,-37.157403,-37.463503,-37.287961
479.600000,-37.128714,-37.435946,-37.259687
479.650000,-37.099806,-37.408185,-37.231199
479.700000,-37.070671,-37.380217,-37.202491
479.750000,-37.041305,-37.352034,-37.173558
479.800000,-37.011700,-37.323633,-37.144394
479.850000,-36.981852,-37.295007,-37.114994
479.900000,-36.951753,-37.266150,-37.085349
479.950000,-36.921396,-37.237056,-37.055455
480.000000,-36.890775,-37.207719,-37.025305
480.050000,-36.859883,-37.178132,-36.994890
480.100000,-36.828711,-37.148288,-36.964204
480.150000,-36.797252,-37.118181,-36.933240
480.200000,-36.765499,-37.087801,-36.901990
480.250000,-36.733441,-37.057143,-36.870444
480.300000,-36.701071,-37.026197,-36.838595
480.350000,-36.668379,-36.994956,-36.806434
480.400000,-36.635357,-36.963410,-36.773952
480.450000,-36.601993,-36.931551,-36.741138
480.500000,-36.568277,-36.899369,-36.707984
480.550000,-36.534200,-36.866855,-36.674477
480.600000,-36.499748,-36.833998,-36.640608
480.650000,-36.464912,-36.800787,-36.606366
480.700000,-36.429677,-36.767211,-36.571737
480.750000,-36.394033,-36.733259,-36.536711
480.800000,-36.357964,-36.698918,-36.501273
480.850000,-36.321458,-36.664175,-36.465410
480.900000,-36.284499,-36.629018,-36.429108
480.950000,-36.247071,-36.593432,-36.392353
481.000000,-36.209160,-36.557403,-36.355128
481.050000,-36.170747,-36.520914,-36.317416
481.100000,-36.131815,-36.483951,-36.279202
481.150000,-36.092346,-36.446496,-36.240466
481.200000,-36.052319,-36.408530,-36.201190
481.250000,-36.011714,-36.370037,-36.161353
481.300000,-35.970509,-36.330995,-36.120935
481.350000,-35.928682,-36.291385,-36.079914
481.400000,-35.886207,-36.251183,-36.038265
481.450000,-35.843060,-36.210368,-35.995965
481.500000,-35.799213,-36.168914,-35.952987
481.550000,-35.754638,-36.126797,-35.909304
481.600000,-35.709305,-36.083988,-35.864887
481.650000,-35.663182,-36.040460,-35.819704
481.700000,-35.616234,-35.996180,-35.773724
481.750000,-35.568426,-35.951118,-35.726910
481.800000,-35.519720,-35.905239,-35.679227
481.850000,-35.470075,-35.858506,-35.630636
481.900000,-35.419447,-35.810880,-35.581094
481.950000,-35.367791,-35.762321,-35.530556
482.000000,-35.315057,-35.712783,-35.478977
482.050000,-35.261193,-35.662220,-35.426305
482.100000,-35.206143,-35.610582,-35.372486
482.150000,-35.149846,-35.557815,-35.317461
482.200000,-35.092238,-35.503861,-35.261170
482.250000,-35.033250,-35.448659,-35.203546
482.300000,-34.972808,-35.392141,-35.144515
482.350000,-34.910830,-35.334238,-35.084003
482.400000,-34.847231,-35.274870,-35.021925
482.450000,-34.781916,-35.213956,-34.958191
482.500000,-34.714785,-35.151405,-34.892705
482.550000,-34.645729,-35.087121,-34.825360
482.600000,-34.574627,-35.020997,-34.756043
482.650000,-34.501350,-34.952919,-34.684629
482.700000,-34.425757,-34.882762,-34.610982
482.750000,-34.347694,-34.810389,-34.534955
482.800000,-34.266992,-34.735652,-34.456385
482.850000,-34.183464,-34.658388,-34.375096
482.900000,-34.096909,-34.578416,-34.290891
482.950000,-34.007100,-34.495540,-34.203557
483.000000,-33.913790,-34.409542,-34.112854
483.050000,-33.816703,-34.320181,-34.018521
483.100000,-33.715534,-34.227190,-33.920264
483.150000,-33.609941,-34.130270,-33.817758
483.200000,-33.499543,-34.029090,-33.710640
483.250000,-33.383912,-33.923277,-33.598499
483.300000,-33.262565,-33.812413,-33.480877
483.350000,-33.134959,-33.696025,-33.357255
483.400000,-33.000476,-33.573579,-33.227043
483.450000,-32.858410,-33.444468,-33.089573
483.500000,-32.707955,-33.307996,-32.944076
483.550000,-32.548185,-33.163368,-32.789672
483.600000,-32.378028,-33.009666,-32.625344
483.650000,-32.196237,-32.845824,-32.449910
483.700000,-32.001358,-32.670602,-32.261990
483.750000,-31.791679,-32.482545,-32.059963
483.800000,-31.565173,-32.279935,-31.841913
483.850000,-31.319425,-32.060733,-31.605557
483.900000,-31.051535,-31.822494,-31.348157
483.950000,-30.757991,-31.562273,-31.066402
484.000000,-30.434507,-31.276485,-30.756256
484.050000,-30.075802,-30.960731,-30.412753
484.100000,-29.675309,-30.609560,-30.029722
484.150000,-29.224779,-30.216154,-29.599427
484.200000,-28.713745,-29.771895,-29.112063
484.250000,-28.128791,-29.265786,-28.555079
484.300000,-27.452558,-28.683648,-27.912258
484.350000,-26.662403,-28.007059,-27.162475
484.400000,-25.728666,-27.211952,-26.278085
484.450000,-24.612581,-26.266918,-25.222978
484.500000,-23.264270,-25.131485,-23.950677
484.550000,-21.622225,-23.755366,-22.403741
484.600000,-19.617966,-22.081328,-20.517772
484.650000,-17.193383,-20.057180,-18.236827
484.700000,-14.340212,-17.664372,-15.548973
484.750000,-11.157375,-14.962166,-12.539011
484.800000,-7.883984,-12.119880,-9.421561
484.850000,-4.855634,-9.397050,-6.506329
484.900000,-2.396779,-7.070389,-4.102731
484.950000,-0.719739,-5.351753,-2.424877
485.000000,0.108451,-4.345977,-1.554185
485.050000,0.131701,-4.060052,-1.464221
485.100000,-0.549941,-4.437618,-2.068510
485.150000,-1.820047,-5.391338,-3.258337
485.200000,-3.564600,-6.823203,-4.922748
485.250000,-5.677511,-8.634522,-6.956096
485.300000,-8.060637,-10.730155,-9.259775
485.350000,-10.622899,-13.020456,-11.742382
485.400000,-13.280927,-15.423159,-14.320733
485.450000,-15.962238,-17.866336,-16.922821
485.500000,-18.609417,-20.291835,-19.491555
485.550000,-21.181530,-22.656800,-21.986072
485.600000,-23.650836,-24.931676,-24.378824
485.650000,-25.997163,-27.095944,-26.650385
485.700000,-28.203593,-29.134141,-28.785198
485.750000,-30.255033,-31.033723,-30.769835
485.800000,-32.139120,-32.784823,-32.593443
485.850000,-33.848065,-34.381093,-34.249206
485.900000,-35.380067,-35.820641,-35.735591
485.950000,-36.739529,-37.106335,-37.056631
486.000000,-37.936048,-38.245278,-38.221119
486.050000,-38.982698,-39.247679,-39.241142
486.100000,-39.894236,-40.125528,-40.130474
486.150000,-40.685656,-40.891420,-40.903244
486.200000,-41.371236,-41.557700,-41.573028
486.250000,-41.964038,-42.135934,-42.152332
486.300000,-42.475721,-42.636652,-42.652391
486.350000,-42.916541,-43.069266,-43.083133
486.400000,-43.295452,-43.442101,-43.453262
486.450000,-43.620245,-43.762474,-43.770369
486.500000,-43.897693,-44.036795,-44.041069
486.550000,-44.133686,-44.270674,-44.271122
486.600000,-44.333353,-44.469023,-44.465549
486.650000,-44.501164,-44.636140,-44.628732
486.700000,-44.641028,-44.775797,-44.764501
486.750000,-44.756360,-44.891302,-44.876210
486.800000,-44.850157,-44.985562,-44.966795
486.850000,-44.925046,-45.061136,-45.038838
486.900000,-44.983336,-45.120278,-45.094604
486.950000,-45.027061,-45.164972,-45.136090
487.000000,-45.058008,-45.196974,-45.165052
487.050000,-45.077757,-45.217832,-45.183039
487.100000,-45.087699,-45.228914,-45.191417
487.150000,-45.089062,-45.231432,-45.191395
487.200000,-45.082933,-45.226457,-45.184038
487.250000,-45.070272,-45.214939,-45.170288
487.300000,-45.051926,-45.197717,-45.150979
487.350000,-45.028647,-45.175537,-45.126847
487.400000,-45.001099,-45.149058,-45.098545
487.450000,-44.969868,-45.118864,-45.066649
487.500000,-44.935476,-45.085475,-45.031670
487.550000,-44.898381,-45.049348,-44.994059
487.600000,-44.858990,-45.010890,-44.954214
487.650000,-44.817663,-44.970462,-44.912490
487.700000,-44.774717,-44.928381,-44.869196
487.750000,-44.730433,-44.884930,-44.824609
487.800000,-44.685059,-44.840357,-44.778972
487.850000,-44.638814,-44.794883,-44.732499
487.900000,-44.591888,-44.748701,-44.685377
487.950000,-44.544453,-44.701983,-44.637774
488.000000,-44.496656,-44.654879,-44.589835
488.050000,-44.448628,-44.607521,-44.541687
488.100000,-44.400484,-44.560024,-44.493443
488.150000,-44.352323,-44.512491,-44.445200
488.200000,-44.304231,-44.465010,-44.397043
488.250000,-44.256286,-44.417658,-44.349046
488.300000,-44.208551,-44.370501,-44.301273
488.350000,-44.161084,-44.323598,-44.253779
488.400000,-44.113933,-44.276998,-44.206611
488.450000,-44.067139,-44.230743,-44.159809
488.500000,-44.020737,-44.184870,-44.113407
488.550000,-43.974757,-44.139409,-44.067434
488.600000,-43.929223,-44.094386,-44.021913
488.650000,-43.884155,-44.049820,-43.976864
488.700000,-43.839570,-44.005730,-43.932303
488.750000,-43.795479,-43.962128,-43.888240
488.800000,-43.751893,-43.919026,-43.844687
488.850000,-43.708819,-43.876430,-43.801648
488.900000,-43.666261,-43.834345,-43.759130
488.950000,-43.624223,-43.792776,-43.717132
489.000000,-43.582704,-43.751723,-43.675658
489.050000,-43.541705,-43.711186,-43.634704
489.100000,-43.501222,-43.671163,-43.594269
489.150000,-43.461254,-43.631652,-43.554350
489.200000,-43.421795,-43.592647,-43.514941
489.250000,-43.382840,-43.554144,-43.476038
489.300000,-43.344383,-43.516138,-43.437634
489.350000,-43.306418,-43.478621,-43.399722
489.400000,-43.268937,-43.441587,-43.362296
489.450000,-43.231933,-43.405029,-43.325346
489.500000,-43.195397,-43.368937,-43.288866
489.550000,-43.159321,-43.333305,-43.252846
489.600000,-43.123697,-43.298123,-43.217278
489.650000,-43.088516,-43.263383,-43.182154
489.700000,-43.053769,-43.229075,-43.147463
489.750000,-43.019446,-43.195192,-43.113197
489.800000,-42.985539,-43.161723,-43.079347
489.850000,-42.952038,-43.128660,-43.045904
489.900000,-42.918935,-43.095994,-43.012858
489.950000,-42.886221,-43.063715,-42.980200
490.000000,-42.853885,-43.031815,-42.947922
490.050000,-42.821919,-43.000284,-42.916013
490.100000,-42.790315,-42.969114,-42.884466
490.150000,-42.759064,-42.938295,-42.853271
490.200000,-42.728155,-42.907819,-42.822420
490.250000,-42.697583,-42.877678,-42.791904
490.300000,-42.667336,-42.847862,-42.761715
490.350000,-42.637409,-42.818364,-42.731844
490.400000,-42.607791,-42.789176,-42.702283
490.450000,-42.578476,-42.760289,-42.673024
490.500000,-42.549455,-42.731696,-42.644060
490.550000,-42.520720,-42.703388,-42.615382
490.600000,-42.492265,-42.675359,-42.586983
490.650000,-42.464082,-42.647600,-42.558856
490.700000,-42.436163,-42.620105,-42.530994
490.750000,-42.408502,-42.592867,-42.503389
490.800000,-42.381091,-42.565879,-42.476034
490.850000,-42.353925,-42.539133,-42.448924
490.900000,-42.326995,-42.512624,-42.422050
490.950000,-42.300297,-42.486345,-42.395408
491.000000,-42.273824,-42.460289,-42.368991
491.050000,-42.247569,-42.434452,-42.342792
491.100000,-42.221526,-42.408825,-42.316806
491.150000,-42.195691,-42.383405,-42.291027
491.200000,-42.170057,-42.358185,-42.265449
491.250000,-42.144619,-42.333160,-42.240067
491.300000,-42.119371,-42.308323,-42.214875
491.350000,-42.094309,-42.283671,-42.189869
491.400000,-42.069426,-42.259199,-42.165043
491.450000,-42.044719,-42.234900,-42.140392
491.500000,-42.020182,-42.210770,-42.115912
491.550000,-41.995811,-42.186805,-42.091598
491.600000,-41.971601,-42.163000,-42.067445
491.650000,-41.947548,-42.139351,-42.043449
491.700000,-41.923648,-42.115853,-42.019605
491.750000,-41.899895,-42.092502,-41.995910
491.800000,-41.876287,-42.069293,-41.972359
491.850000,-41.852818,-42.046224,-41.948948
491.900000,-41.829486,-42.023290,-41.925674
491.950000,-41.806287,-42.000488,-41.902533
492.000000,-41.783216,-41.977813,-41.879520
492.050000,-41.760271,-41.955262,-41.856633
492.100000,-41.737447,-41.932832,-41.833868
492.150000,-41.714741,-41.910519,-41.811221
492.200000,-41.692151,-41.888320,-41.788690
492.250000,-41.669673,-41.866231,-41.766271
492.300000,-41.647303,-41.844251,-41.743961
492.350000,-41.625039,-41.822375,-41.721757
492.400000,-41.602877,-41.800601,-41.699656
492.450000,-41.580816,-41.778925,-41.677655
492.500000,-41.558852,-41.757346,-41.655751
492.550000,-41.536982,-41.735860,-41.633942
492.600000,-41.515203,-41.714465,-41.612226
492.650000,-41.493514,-41.693158,-41.590598
492.700000,-41.471911,-41.671936,-41.569058
492.750000,-41.450393,-41.650798,-41.547601
492.800000,-41.428956,-41.629740,-41.526227
492.850000,-41.407598,-41.608761,-41.504933
492.900000,-41.386318,-41.587858,-41.483716
492.950000,-41.365112,-41.567029,-41.462575
493.000000,-41.343979,-41.546272,-41.441506
493.050000,-41.322917,-41.525585,-41.420509
493.100000,-41.301924,-41.504965,-41.399580
493.150000,-41.280997,-41.484412,-41.378719
493.200000,-41.260134,-41.463922,-41.357922
493.250000,-41.239334,-41.443494,-41.337189
493.300000,-41.218596,-41.423127,-41.316517
493.350000,-41.197916,-41.402817,-41.295904
493.400000,-41.177293,-41.382565,-41.275350
493.450000,-41.156727,-41.362367,-41.254851
493.500000,-41.136213,-41.342223,-41.234407
493.550000,-41.115753,-41.322130,-41.214015
493.600000,-41.095343,-41.302087,-41.193674
493.650000,-41.074981,-41.282093,-41.173383
493.700000,-41.054668,-41.262146,-41.153141
493.750000,-41.034400,-41.242245,-41.132944
493.800000,-41.014178,-41.222387,-41.112793
493.850000,-40.993998,-41.202573,-41.092685
493.900000,-40.973860,-41.182799,-41.072620
493.950000,-40.953762,-41.163066,-41.052595
494.000000,-40.933703,-41.143371,-41.032611
494.050000,-40.913683,-41.123714,-41.012664
494.100000,-40.893698,-41.104093,-40.992754
494.150000,-40.873749,-41.084507,-40.972881
494.200000,-40.853834,-41.064955,-40.953041
494.250000,-40.833951,-41.045435,-40.933235
494.300000,-40.814100,-41.025946,-40.913461
494.350000,-40.794279,-41.006488,-40.893718
494.400000,-40.774488,-40.987059,-40.874005
494.450000,-40.754725,-40.967658,-40.854321
494.500000,-40.734988,-40.948283,-40.834664
494.550000,-40.715278,-40.928935,-40.815034
494.600000,-40.695593,-40.909612,-40.795429
494.650000,-40.675931,-40.890312,-40.775849
494.700000,-40.656292,-40.871036,-40.756292
494.750000,-40.636675,-40.851781,-40.736758
494.800000,-40.617079,-40.832548,-40.717245
494.850000,-40.597503,-40.813334,-40.697753
494.900000,-40.577946,-40.794139,-40.678280
494.950000,-40.558406,-40.774963,-40.658826
495.000000,-40.538884,-40.755804,-40.639390
495.050000,-40.519378,-40.736662,-40.619971
495.100000,-40.499888,-40.717535,-40.600567
495.150000,-40.480411,-40.698423,-40.581179
495.200000,-40.460949,-40.679325,-40.561805
495.250000,-40.441499,-40.660239,-40.542445
495.300000,-40.422060,-40.641167,-40.523097
495.350000,-40.402633,-40.622105,-40.503760
495.400000,-40.383216,-40.603055,-40.484435
495.450000,-40.363809,-40.584014,-40.465120
495.500000,-40.344410,-40.564982,-40.445814
495.550000,-40.325019,-40.545959,-40.426517
495.600000,-40.305635,-40.526944,-40.407228
495.650000,-40.286257,-40.507935,-40.387945
495.700000,-40.266885,-40.488933,-40.368669
495.750000,-40.247517,-40.469936,-40.349399
495.800000,-40.228153,-40.450944,-40.330133
495.850000,-40.208793,-40.431955,-40.310871
495.900000,-40.189435,-40.412971,-40.291613
495.950000,-40.170079,-40.393988,-40.272357
496.000000,-40.150724,-40.375008,-40.253103
496.050000,-40.131369,-40.356029,-40.233850
496.100000,-40.112014,-40.337050,-40.214597
496.150000,-40.092658,-40.318071,-40.195345
496.200000,-40.073300,-40.299092,-40.176091
496.250000,-40.053939,-40.280111,-40.156835
496.300000,-40.034575,-40.261128,-40.137578
496.350000,-40.015207,-40.242142,-40.118317
496.400000,-39.995835,-40.223152,-40.099052
496.450000,-39.976457,-40.204159,-40.079783
496.500000,-39.957073,-40.185160,-40.060509
496.550000,-39.937683,-40.166157,-40.041230
496.600000,-39.918285,-40.147147,-40.021943
496.650000,-39.898879,-40.128131,-40.002650
496.700000,-39.879464,-40.109107,-39.983349
496.750000,-39.860040,-40.090075,-39.964040
496.800000,-39.840606,-40.071035,-39.944721
496.850000,-39.821161,-40.051985,-39.925393
496.900000,-39.801705,-40.032925,-39.906054
496.950000,-39.782237,-40.013855,-39.886704
497.000000,-39.762756,-39.994774,-39.867342
497.050000,-39.743261,-39.975681,-39.847968
497.100000,-39.723752,-39.956575,-39.828580
497.150000,-39.704229,-39.937456,-39.809179
497.200000,-39.684690,-39.918324,-39.789763
497.250000,-39.665134,-39.899177,-39.770333
497.300000,-39.645562,-39.880015,-39.750886
497.350000,-39.625973,-39.860838,-39.731423
497.400000,-39.606365,-39.841644,-39.711943
497.450000,-39.586738,-39.822433,-39.692445
497.500000,-39.567091,-39.803205,-39.672928
497.550000,-39.547425,-39.783958,-39.653393
497.600000,-39.527737,-39.764692,-39.633837
497.650000,-39.508028,-39.745407,-39.614261
497.700000,-39.488296,-39.726102,-39.594664
497.750000,-39.468541,-39.706776,-39.575045
497.800000,-39.448762,-39.687428,-39.555403
497.850000,-39.428959,-39.668058,-39.535738
497.900000,-39.409131,-39.648666,-39.516049
497.950000,-39.389277,-39.629250,-39.496335
498.000000,-39.369396,-39.609809,-39.476596
498.050000,-39.349488,-39.590344,-39.456831
498.100000,-39.329552,-39.570853,-39.437039
498.150000,-39.309587,-39.551336,-39.417220
498.200000,-39.289592,-39.531792,-39.397372
498.250000,-39.269567,-39.512220,-39.377495
498.300000,-39.249511,-39.492620,-39.357589
498.350000,-39.229423,-39.472991,-39.337652
498.400000,-39.209302,-39.453332,-39.317683
498.450000,-39.189148,-39.433643,-39.297683
498.500000,-39.168960,-39.413922,-39.277649
498.550000,-39.148737,-39.394169,-39.257583
498.600000,-39.128478,-39.374383,-39.237481
498.650000,-39.108182,-39.354564,-39.217345
498.700000,-39.087849,-39.334711,-39.197173
498.750000,-39.067478,-39.314822,-39.176963
498.800000,-39.047067,-39.294898,-39.156717
498.850000,-39.026617,-39.274937,-39.136431
498.900000,-39.006125,-39.254939,-39.116107
498.950000,-38.985592,-39.234902,-39.095742
499.000000,-38.965016,-39.214826,-39.075336
499.050000,-38.944397,-39.194710,-39.054888
499.100000,-38.923733,-39.174553,-39.034397
499.150000,-38.903024,-39.154354,-39.013863
499.200000,-38.882268,-39.134113,-38.993283
499.250000,-38.861465,-39.113829,-38.972658
499.300000,-38.840614,-39.093500,-38.951987
499.350000,-38.819713,-39.073125,-38.931268
499.400000,-38.798762,-39.052705,-38.910500
499.450000,-38.777760,-39.032237,-38.889683
499.500000,-38.756706,-39.011721,-38.868815
499.550000,-38.735598,-38.991156,-38.847895
499.600000,-38.714435,-38.970540,-38.826923
499.650000,-38.693217,-38.949874,-38.805897
499.700000,-38.671942,-38.929155,-38.784816
499.750000,-38.650609,-38.908383,-38.763679
499.800000,-38.629217,-38.887556,-38.742485
499.850000,-38.607765,-38.866674,-38.721233
499.900000,-38.586251,-38.845735,-38.699921
499.950000,-38.564675,-38.824739,-38.678549
500.000000,-38.543035,-38.803684,-38.657115
500.050000,-38.521330,-38.782569,-38.635618
500.100000,-38.499559,-38.761392,-38.614057
500.150000,-38.477720,-38.740154,-38.592431
500.200000,-38.455812,-38.718852,-38.570737
500.250000,-38.433834,-38.697485,-38.548976
500.300000,-38.411784,-38.676051,-38.527145
500.350000,-38.389661,-38.654551,-38.505243
500.400000,-38.367463,-38.632982,-38.483269
500.450000,-38.345190,-38.611342,-38.461222
500.500000,-38.322839,-38.589632,-38.439099
500.550000,-38.300409,-38.567848,-38.416900
500.600000,-38.277899,-38.545990,-38.394623
500.650000,-38.255306,-38.524056,-38.372266
500.700000,-38.232630,-38.502045,-38.349828
500.750000,-38.209869,-38.479956,-38.327308
500.800000,-38.187020,-38.457785,-38.304703
500.850000,-38.164083,-38.435533,-38.282012
500.900000,-38.141055,-38.413198,-38.259233
500.950000,-38.117935,-38.390777,-38.236365
501.000000,-38.094721,-38.368269,-38.213405
501.050000,-38.071410,-38.345673,-38.190352
501.100000,-38.048002,-38.322986,-38.167204
501.150000,-38.024494,-38.300207,-38.143959
501.200000,-38.000883,-38.277334,-38.120615
501.250000,-37.977169,-38.254364,-38.097170
501.300000,-37.953348,-38.231297,-38.073623
501.350000,-37.929419,-38.208130,-38.049970
501.400000,-37.905380,-38.184860,-38.026209
501.450000,-37.881227,-38.161486,-38.002339
501.500000,-37.856960,-38.138006,-37.978358
501.550000,-37.832575,-38.114417,-37.954262
501.600000,-37.808069,-38.090718,-37.930049
501.650000,-37.783441,-38.066905,-37.905718
501.700000,-37.758688,-38.042977,-37.881264
501.750000,-37.733807,-38.018930,-37.856687
501.800000,-37.708795,-37.994763,-37.831983
501.850000,-37.683649,-37.970472,-37.807149
501.900000,-37.658367,-37.946056,-37.782182
501.950000,-37.632946,-37.921511,-37.757080
502.000000,-37.607382,-37.896834,-37.731840
502.050000,-37.581672,-37.872023,-37.706458
502.100000,-37.555813,-37.847074,-37.680931
502.150000,-37.529802,-37.821985,-37.655257
502.200000,-37.503636,-37.796752,-37.629432
502.250000,-37.477310,-37.771372,-37.603451
502.300000,-37.450821,-37.745842,-37.577313
502.350000,-37.424165,-37.720159,-37.551012
502.400000,-37.397339,-37.694317,-37.524546
502.450000,-37.370338,-37.668315,-37.497911
502.500000,-37.343159,-37.642148,-37.471102
502.550000,-37.315797,-37.615812,-37.444115
502.600000,-37.288247,-37.589304,-37.416946
502.650000,-37.260505,-37.562618,-37.389591
502.700000,-37.232567,-37.535752,-37.362045
502.750000,-37.204428,-37.508700,-37.334304
502.800000,-37.176082,-37.481457,-37.306362
502.850000,-37.147524,-37.454020,-37.278214
502.900000,-37.118750,-37.426383,-37.249856
502.950000,-37.089753,-37.398541,-37.221282
503.000000,-37.060529,-37.370489,-37.192487
503.050000,-37.031070,-37.342221,-37.163464
503.100000,-37.001371,-37.313732,-37.134208
503.150000,-36.971425,-37.285016,-37.104713
503.200000,-36.941226,-37.256067,-37.074972
503.250000,-36.910768,-37.226879,-37.044978
503.300000,-36.880042,-37.197445,-37.014726
503.350000,-36.849042,-37.167759,-36.984207
503.400000,-36.817760,-37.137813,-36.953414
503.450000,-36.786188,-37.107600,-36.922339
503.500000,-36.754318,-37.077113,-36.890975
503.550000,-36.722140,-37.046344,-36.859313
503.600000,-36.689647,-37.015285,-36.827345
503.650000,-36.656829,-36.983927,-36.795061
503.700000,-36.623676,-36.952262,-36.762452
503.750000,-36.590178,-36.920279,-36.729508
503.800000,-36.556325,-36.887970,-36.696219
503.850000,-36.522105,-36.855325,-36.662575
503.900000,-36.487508,-36.822333,-36.628564
503.950000,-36.452520,-36.788983,-36.594175
504.000000,-36.417130,-36.755264,-36.559396
504.050000,-36.381325,-36.721164,-36.524213
504.100000,-36.345091,-36.686671,-36.488614
504.150000,-36.308414,-36.651772,-36.452586
504.200000,-36.271278,-36.616452,-36.416113
504.250000,-36.233668,-36.580699,-36.379180
504.300000,-36.195568,-36.544496,-36.341772
504.350000,-36.156961,-36.507829,-36.303871
504.400000,-36.117827,-36.470680,-36.265460
504.450000,-36.078148,-36.433033,-36.226522
504.500000,-36.037905,-36.394870,-36.187035
504.550000,-35.997076,-36.356171,-36.146981
504.600000,-35.955638,-36.316916,-36.106337
504.650000,-35.913569,-36.277084,-36.065081
504.700000,-35.870843,-36.236653,-36.023189
504.750000,-35.827435,-36.195599,-35.980636
504.800000,-35.783317,-36.153898,-35.937396
504.850000,-35.738460,-36.111523,-35.893439
504.900000,-35.692833,-36.068446,-35.848737
504.950000,-35.646404,-36.024638,-35.803258
505.000000,-35.599137,-35.980068,-35.756969
505.050000,-35.550996,-35.934703,-35.709833
505.100000,-35.501942,-35.888507,-35.661813
505.150000,-35.451934,-35.841443,-35.612869
505.200000,-35.400926,-35.793471,-35.562959
505.250000,-35.348872,-35.744550,-35.512037
505.300000,-35.295721,-35.694634,-35.460054
505.350000,-35.241420,-35.643674,-35.406959
505.400000,-35.185911,-35.591620,-35.352696
505.450000,-35.129132,-35.538415,-35.297206
505.500000,-35.071017,-35.484002,-35.240424
505.550000,-35.011495,-35.428316,-35.182283
505.600000,-34.950489,-35.371289,-35.122709
505.650000,-34.887917,-35.312848,-35.061622
505.700000,-34.823690,-35.252914,-34.998938
505.750000,-34.757711,-35.191400,-34.934562
505.800000,-34.689876,-35.128215,-34.868396
505.850000,-34.620073,-35.063258,-34.800331
505.900000,-34.548177,-34.996421,-34.730249
505.950000,-34.474057,-34.927584,-34.658021
506.000000,-34.397564,-34.856619,-34.583507
506.050000,-34.318541,-34.783386,-34.506554
506.100000,-34.236812,-34.707729,-34.426996
506.150000,-34.152186,-34.629481,-34.344648
506.200000,-34.064450,-34.548455,-34.259308
506.250000,-33.973373,-34.464447,-34.170752
506.300000,-33.878696,-34.377231,-34.078735
506.350000,-33.780133,-34.286556,-33.982983
506.400000,-33.677366,-34.192145,-33.883192
506.450000,-33.570040,-34.093687,-33.779021
506.500000,-33.457757,-33.990836,-33.670093
506.550000,-33.340069,-33.883203,-33.555979
506.600000,-33.216473,-33.770352,-33.436200
506.650000,-33.086399,-33.651788,-33.310212
506.700000,-32.949197,-33.526951,-33.177398
506.750000,-32.804129,-33.395202,-33.037053
506.800000,-32.650345,-33.255813,-32.888372
506.850000,-32.486869,-33.107944,-32.730426
506.900000,-32.312567,-32.950626,-32.562140
506.950000,-32.126123,-32.782733,-32.382264
507.000000,-31.925991,-32.602950,-32.189335
507.050000,-31.710351,-32.409733,-31.981630
507.100000,-31.477043,-32.201251,-31.757107
507.150000,-31.223486,-31.975326,-31.513325
507.200000,-30.946570,-31.729344,-31.247353
507.250000,-30.642520,-31.460140,-30.955631
507.300000,-30.306711,-31.163852,-30.633807
507.350000,-29.933427,-30.835724,-30.276507
507.400000,-29.515532,-30.469843,-29.877030
507.450000,-29.044032,-30.058785,-29.426945
507.500000,-28.507469,-29.593132,-28.915524
507.550000,-27.891105,-29.060818,-28.328985
507.600000,-27.175807,-28.446242,-27.649466
507.650000,-26.336569,-27.729078,-26.853645
507.700000,-25.340626,-26.882762,-25.910991
507.750000,-24.145314,-25.872723,-24.781764
507.800000,-22.696363,-24.654845,-23.415371
507.850000,-20.928687,-23.175617,-21.750919
507.900000,-18.774615,-21.377540,-19.724438
507.950000,-16.188483,-19.216455,-17.290835
508.000000,-13.194826,-16.697077,-14.467566
508.050000,-9.943774,-13.917592,-11.386339
508.100000,-6.719663,-11.086304,-8.305046
508.150000,-3.867887,-8.479287,-5.545921
508.200000,-1.680531,-6.357581,-3.392075
508.250000,-0.315849,-4.895473,-2.009154
508.300000,0.206255,-4.158552,-1.433693
508.350000,-0.043599,-4.126116,-1.611643
508.400000,-0.955909,-4.727209,-2.444914
508.450000,-2.413859,-5.868840,-3.822464
508.500000,-4.306144,-7.451988,-5.634850
508.550000,-6.529723,-9.378960,-7.778975
508.600000,-8.989122,-11.556462,-10.158865
508.650000,-11.595899,-13.897305,-12.685936
508.700000,-14.270211,-16.322628,-15.280686
508.750000,-16.944706,-18.765229,-17.876227
508.800000,-19.568135,-21.172597,-20.421526
508.850000,-22.105025,-23.507189,-22.881162
508.900000,-24.531072,-25.743313,-25.231196
508.950000,-26.827664,-27.862699,-27.454001
509.000000,-28.978572,-29.851097,-29.534875
509.050000,-30.969522,-31.696899,-31.461203
509.100000,-32.789622,-33.391413,-33.223439
509.150000,-34.433181,-34.929849,-34.816612
509.200000,-35.900732,-36.312080,-36.241273
509.250000,-37.198764,-37.542636,-37.503348
509.300000,-38.338370,-38.629916,-38.613034
509.350000,-39.333441,-39.584937,-39.583218
509.400000,-40.198963,-40.420034,-40.427938
509.450000,-40.949751,-41.147790,-41.161202
509.500000,-41.599672,-41.780308,-41.796232
509.550000,-42.161281,-42.328790,-42.345077
509.600000,-42.645710,-42.803357,-42.818487
509.650000,-43.062723,-43.213013,-43.225926
509.700000,-43.420826,-43.565700,-43.575672
509.750000,-43.727420,-43.868387,-43.874943
509.800000,-43.988937,-44.127178,-44.130023
509.850000,-44.210972,-44.347415,-44.346387
509.900000,-44.398400,-44.533773,-44.528811
509.950000,-44.555475,-44.690347,-44.681462
510.000000,-44.685914,-44.820731,-44.807988
510.050000,-44.792973,-44.928078,-44.911581
510.100000,-44.879504,-45.015162,-44.995041
510.150000,-44.948014,-45.084424,-45.060828
510.200000,-45.000705,-45.138014,-45.111105
510.250000,-45.039516,-45.177830,-45.147774
510.300000,-45.066155,-45.205546,-45.172512
510.350000,-45.082128,-45.222643,-45.186800
510.400000,-45.088765,-45.230427,-45.191942
510.450000,-45.087240,-45.230058,-45.189092
510.500000,-45.078591,-45.222559,-45.179267
510.550000,-45.063733,-45.208839,-45.163369
510.600000,-45.043479,-45.189700,-45.142194
510.650000,-45.018546,-45.165855,-45.116446
510.700000,-44.989569,-45.137935,-45.086749
510.750000,-44.957108,-45.106499,-45.053653
510.800000,-44.921661,-45.072042,-45.017647
510.850000,-44.883668,-45.035004,-44.979161
510.900000,-44.843517,-44.995773,-44.938578
510.950000,-44.801551,-44.954693,-44.896233
511.000000,-44.758074,-44.912069,-44.852426
511.050000,-44.713354,-44.868170,-44.807418
511.100000,-44.667628,-44.823234,-44.761442
511.150000,-44.621103,-44.777470,-44.714702
511.200000,-44.573964,-44.731065,-44.667378
511.250000,-44.526372,-44.684181,-44.619628
511.300000,-44.478469,-44.636961,-44.571591
511.350000,-44.430379,-44.589532,-44.523388
511.400000,-44.382210,-44.542004,-44.475127
511.450000,-44.334058,-44.494474,-44.426900
511.500000,-44.286006,-44.447025,-44.378787
511.550000,-44.238124,-44.399731,-44.330859
511.600000,-44.190475,-44.352654,-44.283176
511.650000,-44.143112,-44.305851,-44.235790
511.700000,-44.096082,-44.259367,-44.188746
511.750000,-44.049422,-44.213242,-44.142081
511.800000,-44.003166,-44.167511,-44.095828
511.850000,-43.957341,-44.122202,-44.050013
511.900000,-43.911970,-44.077338,-44.004657
511.950000,-43.867072,-44.032940,-43.959780
512.000000,-43.822661,-43.989022,-43.915395
512.050000,-43.778749,-43.945597,-43.871513
512.100000,-43.735345,-43.902674,-43.828142
512.150000,-43.692454,-43.860260,-43.785289
512.200000,-43.650082,-43.818359,-43.742956
512.250000,-43.608229,-43.776974,-43.701145
512.300000,-43.566895,-43.736105,-43.659857
512.350000,-43.526081,-43.695752,-43.619089
512.400000,-43.485782,-43.655911,-43.578838
512.450000,-43.445996,-43.616581,-43.539102
512.500000,-43.406718,-43.577756,-43.499874
512.550000,-43.367941,-43.539431,-43.461150
512.600000,-43.329661,-43.501600,-43.422923
512.650000,-43.291869,-43.464256,-43.385185
512.700000,-43.254559,-43.427393,-43.347929
512.750000,-43.217723,-43.391002,-43.311148
512.800000,-43.181352,-43.355075,-43.274833
512.850000,-43.145438,-43.319603,-43.238975
512.900000,-43.109972,-43.284580,-43.203566
512.950000,-43.074947,-43.249995,-43.168597
513.000000,-43.040351,-43.215839,-43.134058
513.050000,-43.006177,-43.182104,-43.099941
513.100000,-42.972416,-43.148780,-43.066237
513.150000,-42.939057,-43.115859,-43.032936
513.200000,-42.906093,-43.083331,-43.000028
513.250000,-42.873514,-43.051188,-42.967506
513.300000,-42.841310,-43.019419,-42.935360
513.350000,-42.809474,-42.988017,-42.903581
513.400000,-42.777995,-42.956972,-42.872159
513.450000,-42.746866,-42.926275,-42.841087
513.500000,-42.716077,-42.895919,-42.810355
513.550000,-42.685620,-42.865893,-42.779956
513.600000,-42.655487,-42.836191,-42.749880
513.650000,-42.625670,-42.806803,-42.720119
513.700000,-42.596159,-42.777721,-42.690665
513.750000,-42.566948,-42.748938,-42.661511
513.800000,-42.538029,-42.720446,-42.632648
513.850000,-42.509393,-42.692237,-42.604069
513.900000,-42.481034,-42.664303,-42.575766
513.950000,-42.452944,-42.636638,-42.547732
514.000000,-42.425116,-42.609233,-42.519960
514.050000,-42.397543,-42.582083,-42.492444
514.100000,-42.370218,-42.555180,-42.465175
514.150000,-42.343135,-42.528518,-42.438148
514.200000,-42.316287,-42.502089,-42.411356
514.250000,-42.289667,-42.475888,-42.384792
514.300000,-42.263270,-42.449909,-42.358451
514.350000,-42.237089,-42.424145,-42.332327
514.400000,-42.211119,-42.398591,-42.306413
514.450000,-42.185354,-42.373240,-42.280704
514.500000,-42.159788,-42.348087,-42.255194
514.550000,-42.134416,-42.323128,-42.229878
514.600000,-42.109232,-42.298355,-42.204751
514.650000,-42.084232,-42.273765,-42.179807
514.700000,-42.059410,-42.249352,-42.155042
514.750000,-42.034762,-42.225112,-42.130450
514.800000,-42.010282,-42.201039,-42.106027
514.850000,-41.985966,-42.177129,-42.081768
514.900000,-41.961810,-42.153377,-42.057669
514.950000,-41.937809,-42.129779,-42.033725
515.000000,-41.913959,-42.106331,-42.009932
515.050000,-41.890255,-42.083029,-41.986286
515.100000,-41.866694,-42.059868,-41.962782
515.150000,-41.843272,-42.036844,-41.939418
515.200000,-41.819985,-42.013955,-41.916189
515.250000,-41.796829,-41.991195,-41.893091
515.300000,-41.773800,-41.968562,-41.870120
515.350000,-41.750895,-41.946051,-41.847274
515.400000,-41.728111,-41.923660,-41.824548
515.450000,-41.705444,-41.901385,-41.801940
515.500000,-41.682890,-41.879223,-41.779446
515.550000,-41.660448,-41.857170,-41.757063
515.600000,-41.638113,-41.835224,-41.734788
515.650000,-41.615882,-41.813381,-41.712618
515.700000,-41.593754,-41.791640,-41.690550
515.750000,-41.571724,-41.769995,-41.668581
515.800000,-41.549790,-41.748446,-41.646708
515.850000,-41.527950,-41.726990,-41.624929
515.900000,-41.506200,-41.705623,-41.603241
515.950000,-41.484538,-41.684343,-41.581641
516.000000,-41.462962,-41.663148,-41.560127
516.050000,-41.441470,-41.642035,-41.538697
516.100000,-41.420058,-41.621002,-41.517349
516.150000,-41.398725,-41.600047,-41.496079
516.200000,-41.377468,-41.579167,-41.474885
516.250000,-41.356285,-41.558361,-41.453767
516.300000,-41.335174,-41.537625,-41.432720
516.350000,-41.314132,-41.516959,-41.411744
516.400000,-41.293159,-41.496359,-41.390836
516.450000,-41.272252,-41.475825,-41.369994
516.500000,-41.251408,-41.455354,-41.349217
516.550000,-41.230627,-41.434944,-41.328502
516.600000,-41.209905,-41.414594,-41.307848
516.650000,-41.189242,-41.394301,-41.287252
516.700000,-41.168636,-41.374065,-41.266714
516.750000,-41.148085,-41.353883,-41.246231
516.800000,-41.127586,-41.333753,-41.225802
516.850000,-41.107140,-41.313675,-41.205425
516.900000,-41.086744,-41.293646,-41.185098
516.950000,-41.066396,-41.273664,-41.164821
517.000000,-41.046095,-41.253730,-41.144591
517.050000,-41.025839,-41.233840,-41.124407
517.100000,-41.005628,-41.213994,-41.104267
517.150000,-40.985459,-41.194191,-41.084171
517.200000,-40.965332,-41.174428,-41.064116
517.250000,-40.945244,-41.154705,-41.044102
517.300000,-40.925195,-41.135019,-41.024127
517.350000,-40.905183,-41.115371,-41.004189
517.400000,-40.885207,-41.095759,-40.984289
517.450000,-40.865266,-41.076181,-40.964423
517.500000,-40.845358,-41.056636,-40.944592
517.550000,-40.825483,-41.037123,-40.924793
517.600000,-40.805638,-41.017641,-40.905026
517.650000,-40.785824,-40.998189,-40.885290
517.700000,-40.766038,-40.978766,-40.865583
517.750000,-40.746281,-40.959370,-40.845904
517.800000,-40.726549,-40.940001,-40.826253
517.850000,-40.706843,-40.920658,-40.806627
517.900000,-40.687162,-40.901339,-40.787027
517.950000,-40.667504,-40.882043,-40.767451
518.000000,-40.647869,-40.862770,-40.747898
518.050000,-40.628255,-40.843519,-40.728367
518.100000,-40.608662,-40.824288,-40.708857
518.150000,-40.589088,-40.805077,-40.689368
518.200000,-40.569533,-40.785885,-40.669897
518.250000,-40.549995,-40.766710,-40.650445
518.300000,-40.530474,-40.747553,-40.631010
518.350000,-40.510969,-40.728411,-40.611592
518.400000,-40.491479,-40.709285,-40.592190
518.450000,-40.472003,-40.690174,-40.572802
518.500000,-40.452540,-40.671076,-40.553428
518.550000,-40.433089,-40.651990,-40.534068
518.600000,-40.413650,-40.632917,-40.514719
518.650000,-40.394222,-40.613855,-40.495382
518.700000,-40.374804,-40.594803,-40.476056
518.750000,-40.355394,-40.575761,-40.456739
518.800000,-40.335993,-40.556728,-40.437432
518.850000,-40.316600,-40.537703,-40.418133
518.900000,-40.297213,-40.518685,-40.398841
518.950000,-40.277832,-40.499674,-40.379556
519.000000,-40.258457,-40.480668,-40.360277
519.050000,-40.239086,-40.461668,-40.341003
519.100000,-40.219718,-40.442673,-40.321734
519.150000,-40.200353,-40.423681,-40.302468
519.200000,-40.180991,-40.404692,-40.283206
519.250000,-40.161630,-40.385705,-40.263946
519.300000,-40.142270,-40.366720,-40.244687
519.350000,-40.122910,-40.347736,-40.225429
519.400000,-40.103549,-40.328752,-40.206171
519.450000,-40.084187,-40.309768,-40.186913
519.500000,-40.064822,-40.290783,-40.167653
519.550000,-40.045455,-40.271796,-40.148392
519.600000,-40.026084,-40.252807,-40.129127
519.650000,-40.006709,-40.233814,-40.109860
519.700000,-39.987329,-40.214818,-40.090588
519.750000,-39.967944,-40.195817,-40.071312
519.800000,-39.948552,-40.176812,-40.052031
519.850000,-39.929153,-40.157800,-40.032743
519.900000,-39.909747,-40.138783,-40.013449
519.950000,-39.890332,-40.119758,-39.994147
520.000000,-39.870908,-40.100726,-39.974837
520.050000,-39.851475,-40.081685,-39.955519
520.100000,-39.832031,-40.062636,-39.936191
520.150000,-39.812576,-40.043577,-39.916853
520.200000,-39.793110,-40.024508,-39.897504
520.250000,-39.773631,-40.005428,-39.878144
520.300000,-39.754139,-39.986337,-39.858772
520.350000,-39.734633,-39.967233,-39.839387
520.400000,-39.715113,-39.948117,-39.819989
520.450000,-39.695577,-39.928988,-39.800576
520.500000,-39.676026,-39.909844,-39.781149
520.550000,-39.656459,-39.890686,-39.761706
520.600000,-39.636874,-39.871512,-39.742247
520.650000,-39.617271,-39.852323,-39.722772
520.700000,-39.597650,-39.833116,-39.703279
520.750000,-39.578010,-39.813893,-39.683768
520.800000,-39.558349,-39.794652,-39.664238
520.850000,-39.538668,-39.775392,-39.644689
520.900000,-39.518966,-39.756113,-39.625119
520.950000,-39.499242,-39.736814,-39.605529
521.000000,-39.479495,-39.717495,-39.585917
521.050000,-39.459725,-39.698155,-39.566283
521.100000,-39.439931,-39.678792,-39.546626
521.150000,-39.420112,-39.659408,-39.526946
521.200000,-39.400267,-39.640000,-39.507241
521.250000,-39.380396,-39.620568,-39.487512
521.300000,-39.360498,-39.601112,-39.467756
521.350000,-39.340573,-39.581631,-39.447974
521.400000,-39.320619,-39.562123,-39.428165
521.450000,-39.300636,-39.542590,-39.408328
521.500000,-39.280623,-39.523028,-39.388463
521.550000,-39.260579,-39.503439,-39.368568
521.600000,-39.240504,-39.483822,-39.348643
521.650000,-39.220397,-39.464174,-39.328687
521.700000,-39.200256,-39.444497,-39.308699
521.750000,-39.180082,-39.424789,-39.288680
521.800000,-39.159873,-39.405049,-39.268626
521.850000,-39.139629,-39.385277,-39.248539
521.900000,-39.119349,-39.365472,-39.228418
521.950000,-39.099032,-39.345632,-39.208260
522.000000,-39.078676,-39.325759,-39.188067
522.050000,-39.058283,-39.305849,-39.167836
522.100000,-39.037849,-39.285904,-39.147567
522.150000,-39.017375,-39.265921,-39.127259
522.200000,-38.996860,-39.245901,-39.106911
522.250000,-38.976303,-39.225842,-39.086523
522.300000,-38.955703,-39.205743,-39.066094
522.350000,-38.935059,-39.185604,-39.045622
522.400000,-38.914370,-39.165423,-39.025106
522.450000,-38.893634,-39.145201,-39.004547
522.500000,-38.872853,-39.124936,-38.983942
522.550000,-38.852023,-39.104626,-38.963291
522.600000,-38.831145,-39.084272,-38.942593
522.650000,-38.810217,-39.063872,-38.921848
522.700000,-38.789238,-39.043425,-38.901053
522.750000,-38.768207,-39.022931,-38.880208
522.800000,-38.747123,-39.002388,-38.859312
522.850000,-38.725985,-38.981795,-38.838363
522.900000,-38.704793,-38.961152,-38.817362
522.950000,-38.683544,-38.940457,-38.796306
523.000000,-38.662238,-38.919709,-38.775195
523.050000,-38.640873,-38.898907,-38.754027
523.100000,-38.619449,-38.878051,-38.732802
523.150000,-38.597964,-38.857138,-38.711518
523.200000,-38.576417,-38.836168,-38.690174
523.250000,-38.554807,-38.815141,-38.668768
523.300000,-38.533132,-38.794053,-38.647301
523.350000,-38.511392,-38.772906,-38.625770
523.400000,-38.489585,-38.751696,-38.604174
523.450000,-38.467710,-38.730424,-38.582512
523.500000,-38.445765,-38.709087,-38.560783
523.550000,-38.423749,-38.687685,-38.538984
523.600000,-38.401661,-38.666216,-38.517116
523.650000,-38.379499,-38.644679,-38.495177
523.700000,-38.357261,-38.623073,-38.473164
523.750000,-38.334948,-38.601396,-38.451077
523.800000,-38.312556,-38.579647,-38.428915
523.850000,-38.290084,-38.557825,-38.406675
523.900000,-38.267531,-38.535927,-38.384356
523.950000,-38.244895,-38.513953,-38.361957
524.000000,-38.222175,-38.491901,-38.339477
524.050000,-38.199368,-38.469770,-38.316912
524.100000,-38.176474,-38.447557,-38.294263
524.150000,-38.153490,-38.425262,-38.271526
524.200000,-38.130414,-38.402882,-38.248701
524.250000,-38.107246,-38.380416,-38.225786
524.300000,-38.083982,-38.357863,-38.202778
524.350000,-38.060621,-38.335220,-38.179676
524.400000,-38.037162,-38.312486,-38.156479
524.450000,-38.013601,-38.289658,-38.133183
524.500000,-37.989938,-38.266735,-38.109787
524.550000,-37.966169,-38.243716,-38.086290
524.600000,-37.942294,-38.220597,-38.062688
524.650000,-37.918308,-38.197378,-38.038981
524.700000,-37.894212,-38.174055,-38.015165
524.750000,-37.870001,-38.150627,-37.991238
524.800000,-37.845673,-38.127092,-37.967198
524.850000,-37.821227,-38.103446,-37.943043
524.900000,-37.796660,-38.079689,-37.918770
524.950000,-37.771968,-38.055818,-37.894377
525.000000,-37.747151,-38.031829,-37.869861
525.050000,-37.722203,-38.007722,-37.845219
525.100000,-37.697124,-37.983492,-37.820449
525.150000,-37.671910,-37.959138,-37.795549
525.200000,-37.646558,-37.934657,-37.770514
525.250000,-37.621065,-37.910045,-37.745342
525.300000,-37.595428,-37.885301,-37.720031
525.350000,-37.569643,-37.860420,-37.694576
525.400000,-37.543708,-37.835401,-37.668976
525.450000,-37.517620,-37.810240,-37.643226
525.500000,-37.491373,-37.784933,-37.617323
525.550000,-37.464966,-37.759478,-37.591263
525.600000,-37.438394,-37.733871,-37.565044
525.650000,-37.411653,-37.708109,-37.538661
525.700000,-37.384740,-37.682187,-37.512110
525.750000,-37.357650,-37.656103,-37.485388
525.800000,-37.330380,-37.629851,-37.458491
525.850000,-37.302925,-37.603430,-37.431413
525.900000,-37.275280,-37.576833,-37.404152
525.950000,-37.247440,-37.550058,-37.376702
526.000000,-37.219402,-37.523099,-37.349059
526.050000,-37.191161,-37.495952,-37.321218
526.100000,-37.162710,-37.468613,-37.293174
526.150000,-37.134045,-37.441076,-37.264923
526.200000,-37.105161,-37.413338,-37.236458
526.250000,-37.076052,-37.385392,-37.207774
526.300000,-37.046711,-37.357233,-37.178867
526.350000,-37.017134,-37.328856,-37.149729
526.400000,-36.987313,-37.300255,-37.120355
526.450000,-36.957243,-37.271424,-37.090738
526.500000,-36.926917,-37.242357,-37.060873
526.550000,-36.896327,-37.213048,-37.030752
526.600000,-36.865466,-37.183489,-37.000368
526.650000,-36.834328,-37.153675,-36.969714
526.700000,-36.802903,-37.123598,-36.938783
526.750000,-36.771185,-37.093251,-36.907567
526.800000,-36.739164,-37.062625,-36.876056
526.850000,-36.706832,-37.031714,-36.844244
526.900000,-36.674180,-37.000508,-36.812121
526.950000,-36.641198,-36.968999,-36.779678
527.000000,-36.607876,-36.937179,-36.746905
527.050000,-36.574205,-36.905036,-36.713793
527.100000,-36.540172,-36.872563,-36.680330
527.150000,-36.505768,-36.839748,-36.646507
527.200000,-36.470980,-36.806581,-36.612311
527.250000,-36.435797,-36.773051,-36.577732
527.300000,-36.400205,-36.739146,-36.542756
527.350000,-36.364190,-36.704855,-36.507370
527.400000,-36.327741,-36.670164,-36.471562
527.450000,-36.290840,-36.635060,-36.435317
527.500000,-36.253474,-36.599529,-36.398621
527.550000,-36.215626,-36.563557,-36.361457
527.600000,-36.177280,-36.527128,-36.323809
527.650000,-36.138417,-36.490227,-36.285661
527.700000,-36.099019,-36.452836,-36.246994
527.750000,-36.059066,-36.414939,-36.207789
527.800000,-36.018539,-36.376515,-36.168028
527.850000,-35.977415,-36.337546,-36.127688
527.900000,-35.935671,-36.298012,-36.086747
527.950000,-35.893284,-36.257890,-36.045184
528.000000,-35.850229,-36.217157,-36.002972
528.050000,-35.806478,-36.175790,-35.960086
528.100000,-35.762003,-36.133763,-35.916500
528.150000,-35.716774,-36.091049,-35.872183
528.200000,-35.670760,-36.047619,-35.827106
528.250000,-35.623927,-36.003443,-35.781236
528.300000,-35.576238,-35.958489,-35.734538
528.350000,-35.527658,-35.912723,-35.686976
528.400000,-35.478144,-35.866109,-35.638512
528.450000,-35.427654,-35.818608,-35.589103
528.500000,-35.376143,-35.770179,-35.538705
528.550000,-35.323562,-35.720779,-35.487273
528.600000,-35.269858,-35.670361,-35.434755
528.650000,-35.214977,-35.618875,-35.381099
528.700000,-35.158858,-35.566268,-35.326246
528.750000,-35.101438,-35.512483,-35.270136
528.800000,-35.042648,-35.457459,-35.212703
528.850000,-34.982415,-35.401130,-35.153875
528.900000,-34.920659,-35.343425,-35.093576
528.950000,-34.857294,-35.284269,-35.031724
529.000000,-34.792229,-35.223578,-34.968230
529.050000,-34.725362,-35.161265,-34.902998
529.100000,-34.656587,-35.097232,-34.835924
529.150000,-34.585784,-35.031376,-34.766895
529.200000,-34.512826,-34.963584,-34.695788
529.250000,-34.437574,-34.893731,-34.622469
529.300000,-34.359875,-34.821684,-34.546792
529.350000,-34.279563,-34.747295,-34.468598
529.400000,-34.196454,-34.670404,-34.387711
529.450000,-34.110348,-34.590833,-34.303938
529.500000,-34.021023,-34.508388,-34.217069
529.550000,-33.928235,-34.422854,-34.126868
529.600000,-33.831713,-34.333995,-34.033077
529.650000,-33.731156,-34.241546,-33.935408
529.700000,-33.626227,-34.145215,-33.833540
529.750000,-33.516553,-34.044675,-33.727115
529.800000,-33.401712,-33.939560,-33.615732
529.850000,-33.281230,-33.829458,-33.498939
529.900000,-33.154574,-33.713906,-33.376226
529.950000,-33.021136,-33.592379,-33.247015
530.000000,-32.880225,-33.464281,-33.110650
530.050000,-32.731052,-33.328932,-32.966378
530.100000,-32.572709,-33.185551,-32.813338
530.150000,-32.404147,-33.033239,-32.650533
530.200000,-32.224148,-32.870956,-32.476808
530.250000,-32.031291,-32.697488,-32.290814
530.300000,-31.823904,-32.511415,-32.090971
530.350000,-31.600012,-32.311061,-31.875408
530.400000,-31.357263,-32.094439,-31.641902
530.450000,-31.092834,-31.859171,-31.387790
530.500000,-30.803315,-31.602393,-31.109854
530.550000,-30.484545,-31.320623,-30.804175
530.600000,-30.131408,-31.009596,-30.465941
530.650000,-29.737547,-30.664034,-30.089179
530.700000,-29.294993,-30.277346,-29.666412
530.750000,-28.793646,-29.841213,-29.188178
530.800000,-28.220583,-29.345031,-28.642384
530.850000,-27.559100,-28.775153,-28.013423
530.900000,-26.787436,-28.113863,-27.280989
530.950000,-25.877092,-27.338029,-26.418515
531.000000,-24.790784,-26.417441,-25.391270
531.050000,-23.480372,-25.313054,-24.154402
531.100000,-21.885959,-23.975985,-22.652004
531.150000,-19.939420,-22.349573,-20.820113
531.200000,-17.579242,-20.379556,-18.599859
531.250000,-14.786361,-18.039856,-15.969688
531.300000,-11.640479,-15.375424,-12.996911
531.350000,-8.360617,-12.539016,-9.877228
531.400000,-5.274011,-9.780505,-6.911383
531.450000,-2.714152,-7.379645,-4.415617
531.500000,-0.914000,-5.561859,-2.622228
531.550000,0.038928,-4.448263,-1.631826
531.600000,0.175660,-4.058367,-1.430965
531.650000,-0.409005,-4.342887,-1.939227
531.700000,-1.599440,-5.217488,-3.049536
531.750000,-3.280712,-6.584913,-4.650579
531.800000,-5.345492,-8.346217,-6.635739
531.850000,-7.694539,-10.405590,-8.905357
531.900000,-10.235744,-12.672476,-11.366944
531.950000,-12.884460,-15.063361,-13.935965
532.000000,-15.566320,-17.504564,-16.538512
532.050000,-18.221480,-19.935724,-19.115111
532.100000,-20.806674,-22.311765,-21.622585
532.150000,-23.292550,-24.601406,-24.031729
532.200000,-25.658152,-26.783076,-26.322232
532.250000,-27.886244,-28.840750,-28.478143
532.300000,-29.961448,-30.761509,-30.485733
532.350000,-31.870889,-32.535051,-32.333685
532.400000,-33.605991,-34.154443,-34.014493
532.450000,-35.164020,-35.617094,-35.525799
532.500000,-36.548499,-36.925182,-36.870836
532.550000,-37.768356,-38.085244,-38.057778
532.600000,-38.836266,-39.107113,-39.098325
532.650000,-39.766838,-40.002593,-40.006095
532.700000,-40.575101,-40.784254,-40.795232
532.750000,-41.275481,-41.464515,-41.479432
532.800000,-41.881238,-42.055081,-42.071380
532.850000,-42.404240,-42.566643,-42.582504
532.900000,-42.854946,-43.008778,-43.022921
532.950000,-43.242494,-43.389969,-43.401509
533.000000,-43.574839,-43.717673,-43.726017
533.050000,-43.858895,-43.998429,-44.003195
533.100000,-44.100676,-44.237960,-44.238923
533.150000,-44.305413,-44.441273,-44.438324
533.200000,-44.477672,-44.612754,-44.605869
533.250000,-44.621436,-44.756247,-44.745464
533.300000,-44.740192,-44.875124,-44.860530
533.350000,-44.836992,-44.972350,-44.954061
533.400000,-44.914517,-45.050531,-45.028689
533.450000,-44.975119,-45.111962,-45.086722
533.500000,-45.020871,-45.158669,-45.130195
533.550000,-45.053595,-45.192436,-45.160898
533.600000,-45.074898,-45.214842,-45.180408
533.650000,-45.086199,-45.227280,-45.190118
533.700000,-45.088749,-45.230983,-45.191258
533.750000,-45.083655,-45.227043,-45.184913
533.800000,-45.071893,-45.216426,-45.172043
533.850000,-45.054328,-45.199988,-45.153497
533.900000,-45.031724,-45.178487,-45.130024
533.950000,-45.004757,-45.152594,-45.102290
534.000000,-44.974026,-45.122904,-45.070881
534.050000,-44.940059,-45.089946,-45.036317
534.100000,-44.903325,-45.054185,-44.999057
534.150000,-44.864239,-45.016037,-44.959509
534.200000,-44.823166,-44.975868,-44.918030
534.250000,-44.780430,-44.934001,-44.874939
534.300000,-44.736316,-44.890725,-44.830516
534.350000,-44.691077,-44.846292,-44.785009
534.400000,-44.644936,-44.800927,-44.738635
534.450000,-44.598089,-44.754827,-44.691587
534.500000,-44.550708,-44.708166,-44.644034
534.550000,-44.502945,-44.661099,-44.596125
534.600000,-44.454932,-44.613759,-44.547990
534.650000,-44.406787,-44.566265,-44.499742
534.700000,-44.358611,-44.518720,-44.451482
534.750000,-44.310493,-44.471215,-44.403296
534.800000,-44.262510,-44.423828,-44.355260
534.850000,-44.214730,-44.376627,-44.307440
534.900000,-44.167209,-44.329672,-44.259890
534.950000,-44.119997,-44.283013,-44.212660
535.000000,-44.073137,-44.236694,-44.165791
535.050000,-44.026665,-44.190752,-44.119317
535.100000,-43.980610,-44.145217,-44.073269
535.150000,-43.934998,-44.100117,-44.027669
535.200000,-43.889849,-44.055472,-43.982539
535.250000,-43.845181,-44.011300,-43.937894
535.300000,-43.801006,-43.967614,-43.893747
535.350000,-43.757334,-43.924427,-43.850107
535.400000,-43.714174,-43.881745,-43.806982
535.450000,-43.671529,-43.839575,-43.764376
535.500000,-43.629403,-43.797919,-43.722291
535.550000,-43.587798,-43.756780,-43.680729
535.600000,-43.546712,-43.716156,-43.639689
535.650000,-43.506143,-43.676048,-43.599168
535.700000,-43.466089,-43.636451,-43.559163
535.750000,-43.426545,-43.597361,-43.519669
535.800000,-43.387506,-43.558775,-43.480682
535.850000,-43.348967,-43.520686,-43.442195
535.900000,-43.310920,-43.483088,-43.404202
535.950000,-43.273358,-43.445973,-43.366694
536.000000,-43.236274,-43.409335,-43.329665
536.050000,-43.199660,-43.373166,-43.293107
536.100000,-43.163508,-43.337457,-43.257010
536.150000,-43.127809,-43.302199,-43.221367
536.200000,-43.092553,-43.267385,-43.186168
536.250000,-43.057733,-43.233005,-43.151405
536.300000,-43.023339,-43.199051,-43.117068
536.350000,-42.989362,-43.165512,-43.083148
536.400000,-42.955793,-43.132381,-43.049636
536.450000,-42.922623,-43.099648,-43.016523
536.500000,-42.889842,-43.067303,-42.983800
536.550000,-42.857443,-43.035339,-42.951457
536.600000,-42.825414,-43.003745,-42.919486
536.650000,-42.793748,-42.972513,-42.887878
536.700000,-42.762437,-42.941634,-42.856623
536.750000,-42.731470,-42.911100,-42.825713
536.800000,-42.700839,-42.880901,-42.795140
536.850000,-42.670537,-42.851030,-42.764895
536.900000,-42.640554,-42.821477,-42.734969
536.950000,-42.610883,-42.792235,-42.705354
537.000000,-42.581515,-42.763296,-42.676043
537.050000,-42.552443,-42.734651,-42.647027
537.100000,-42.523658,-42.706293,-42.618299
537.150000,-42.495154,-42.678215,-42.589852
537.200000,-42.466923,-42.650409,-42.561677
537.250000,-42.438957,-42.622868,-42.533768
537.300000,-42.411250,-42.595584,-42.506117
537.350000,-42.383795,-42.568551,-42.478718
537.400000,-42.356585,-42.541762,-42.451564
537.450000,-42.329613,-42.515210,-42.424648
537.500000,-42.302873,-42.488890,-42.397965
537.550000,-42.276359,-42.462794,-42.371506
537.600000,-42.250064,-42.436916,-42.345268
537.650000,-42.223983,-42.411251,-42.319243
537.700000,-42.198110,-42.385793,-42.293426
537.750000,-42.172438,-42.360536,-42.267811
537.800000,-42.146964,-42.335474,-42.242393
537.850000,-42.121681,-42.310603,-42.217166
537.900000,-42.096583,-42.285916,-42.192125
537.950000,-42.071667,-42.261410,-42.167265
538.000000,-42.046927,-42.237078,-42.142581
538.050000,-42.022357,-42.212916,-42.118069
538.100000,-41.997955,-42.188919,-42.093723
538.150000,-41.973714,-42.165084,-42.069539
538.200000,-41.949630,-42.141404,-42.045512
538.250000,-41.925700,-42.117876,-42.021639
538.300000,-41.901918,-42.094496,-41.997915
538.350000,-41.878281,-42.071260,-41.974335
538.400000,-41.854785,-42.048163,-41.950897
538.450000,-41.831425,-42.025202,-41.927595
538.500000,-41.808199,-42.002373,-41.904427
538.550000,-41.785102,-41.979672,-41.881389
538.600000,-41.762131,-41.957096,-41.858476
538.650000,-41.739282,-41.934641,-41.835686
538.700000,-41.716552,-41.912303,-41.813015
538.750000,-41.693937,-41.890080,-41.790459
538.800000,-41.671435,-41.867969,-41.768017
538.850000,-41.649042,-41.845965,-41.745683
538.900000,-41.626756,-41.824067,-41.723457
538.950000,-41.604572,-41.802270,-41.701333
539.000000,-41.582489,-41.780573,-41.679311
539.050000,-41.560503,-41.758973,-41.657386
539.100000,-41.538612,-41.737466,-41.635556
539.150000,-41.516813,-41.716050,-41.613818
539.200000,-41.495103,-41.694723,-41.592171
539.250000,-41.473481,-41.673482,-41.570610
539.300000,-41.451942,-41.652324,-41.549135
539.350000,-41.430486,-41.631248,-41.527741
539.400000,-41.409110,-41.610250,-41.506428
539.450000,-41.387811,-41.589329,-41.485193
539.500000,-41.366587,-41.568482,-41.464033
539.550000,-41.345437,-41.547707,-41.442947
539.600000,-41.324357,-41.527003,-41.421932
539.650000,-41.303346,-41.506366,-41.400986
539.700000,-41.282402,-41.485796,-41.380108
539.750000,-41.261523,-41.465290,-41.359295
539.800000,-41.240707,-41.444846,-41.338545
539.850000,-41.219952,-41.424462,-41.317857
539.900000,-41.199256,-41.404137,-41.297229
539.950000,-41.178618,-41.383869,-41.276658
540.000000,-41.158036,-41.363657,-41.256144
540.050000,-41.137508,-41.343497,-41.235685
540.100000,-41.117032,-41.323390,-41.215278
540.150000,-41.096607,-41.303333,-41.194923
540.200000,-41.076232,-41.283324,-41.174618
540.250000,-41.055904,-41.263363,-41.154361
540.300000,-41.035623,-41.243448,-41.134150
540.350000,-41.015386,-41.223577,-41.113985
540.400000,-40.995192,-41.203749,-41.093864
540.450000,-40.975041,-41.183962,-41.073785
540.500000,-40.954930,-41.164216,-41.053748
540.550000,-40.934858,-41.144509,-41.033750
540.600000,-40.914825,-41.124839,-41.013790
540.650000,-40.894827,-41.105205,-40.993868
540.700000,-40.874866,-41.085607,-40.973982
540.750000,-40.854938,-41.066042,-40.954130
540.800000,-40.835043,-41.046510,-40.934312
540.850000,-40.815180,-41.027010,-40.914526
540.900000,-40.795347,-41.007540,-40.894771
540.950000,-40.775544,-40.988099,-40.875046
541.000000,-40.755769,-40.968687,-40.855350
541.050000,-40.736022,-40.949301,-40.835682
541.100000,-40.716300,-40.929942,-40.816041
541.150000,-40.696603,-40.910607,-40.796425
541.200000,-40.676931,-40.891297,-40.776833
541.250000,-40.657281,-40.872010,-40.757266
541.300000,-40.637653,-40.852744,-40.737721
541.350000,-40.618046,-40.833500,-40.718197
541.400000,-40.598460,-40.814276,-40.698694
541.450000,-40.578892,-40.795071,-40.679211
541.500000,-40.559342,-40.775885,-40.659747
541.550000,-40.539810,-40.756716,-40.640301
541.600000,-40.520294,-40.737563,-40.620871
541.650000,-40.500793,-40.718427,-40.601458
541.700000,-40.481307,-40.699305,-40.582060
541.750000,-40.461834,-40.680197,-40.562676
541.800000,-40.442374,-40.661102,-40.543305
541.850000,-40.422927,-40.642020,-40.523948
541.900000,-40.403490,-40.622949,-40.504602
541.950000,-40.384063,-40.603889,-40.485267
542.000000,-40.364646,-40.584839,-40.465943
542.050000,-40.345238,-40.565798,-40.446628
542.100000,-40.325838,-40.546766,-40.427321
542.150000,-40.306445,-40.527742,-40.408023
542.200000,-40.287058,-40.508724,-40.388731
542.250000,-40.267676,-40.489713,-40.369446
542.300000,-40.248300,-40.470707,-40.350167
542.350000,-40.228927,-40.451706,-40.330892
542.400000,-40.209558,-40.432709,-40.311622
542.450000,-40.190192,-40.413716,-40.292354
542.500000,-40.170827,-40.394725,-40.273090
542.550000,-40.151463,-40.375736,-40.253827
542.600000,-40.132100,-40.356749,-40.234566
542.650000,-40.112736,-40.337762,-40.215305
542.700000,-40.093371,-40.318775,-40.196044
542.750000,-40.074005,-40.299787,-40.176782
542.800000,-40.054636,-40.280798,-40.157518
542.850000,-40.035263,-40.261806,-40.138252
542.900000,-40.015887,-40.242812,-40.118983
542.950000,-39.996507,-40.223815,-40.099710
543.000000,-39.977121,-40.204813,-40.080433
543.050000,-39.957729,-40.185807,-40.061151
543.100000,-39.938330,-40.166796,-40.041863
543.150000,-39.918924,-40.147778,-40.022569
543.200000,-39.899511,-40.128754,-40.003268
543.250000,-39.880088,-40.109722,-39.983959
543.300000,-39.860656,-40.090683,-39.964641
543.350000,-39.841214,-40.071634,-39.945315
543.400000,-39.821762,-40.052577,-39.925979
543.450000,-39.802298,-40.033510,-39.906632
543.500000,-39.782822,-40.014432,-39.887274
543.550000,-39.763333,-39.995343,-39.867905
543.600000,-39.743831,-39.976243,-39.848523
543.650000,-39.724314,-39.957130,-39.829128
543.700000,-39.704783,-39.938003,-39.809719
543.750000,-39.685236,-39.918863,-39.790296
543.800000,-39.665673,-39.899709,-39.770858
543.850000,-39.646094,-39.880540,-39.751404
543.900000,-39.626496,-39.861355,-39.731933
543.950000,-39.606881,-39.842154,-39.712445
544.000000,-39.587247,-39.822936,-39.692940
544.050000,-39.567593,-39.803700,-39.673416
544.100000,-39.547919,-39.784446,-39.653873
544.150000,-39.528224,-39.765173,-39.634310
544.200000,-39.508507,-39.745881,-39.614727
544.250000,-39.488768,-39.726568,-39.595122
544.300000,-39.469006,-39.707235,-39.575496
544.350000,-39.449220,-39.687880,-39.555847
544.400000,-39.429409,-39.668503,-39.536174
544.450000,-39.409574,-39.649103,-39.516478
544.500000,-39.389712,-39.629680,-39.496757
544.550000,-39.369824,-39.610232,-39.477011
544.600000,-39.349909,-39.590760,-39.457238
544.650000,-39.329965,-39.571262,-39.437439
544.700000,-39.309993,-39.551738,-39.417612
544.750000,-39.289991,-39.532187,-39.397757
544.800000,-39.269959,-39.512608,-39.377873
544.850000,-39.249895,-39.493001,-39.357960
544.900000,-39.229800,-39.473365,-39.338015
544.950000,-39.209672,-39.453699,-39.318040
545.000000,-39.189511,-39.434002,-39.298032
545.050000,-39.169316,-39.414274,-39.277992
545.100000,-39.149085,-39.394514,-39.257918
545.150000,-39.128819,-39.374722,-39.237809
545.200000,-39.108516,-39.354895,-39.217666
545.250000,-39.088176,-39.335035,-39.197486
545.300000,-39.067797,-39.315139,-39.177270
545.350000,-39.047379,-39.295208,-39.157015
545.400000,-39.026921,-39.275240,-39.136723
545.450000,-39.006423,-39.255234,-39.116391
545.500000,-38.985882,-39.235190,-39.096019
545.550000,-38.965299,-39.215107,-39.075606
545.600000,-38.944672,-39.194984,-39.055151
545.650000,-38.924001,-39.174820,-39.034652
545.700000,-38.903285,-39.154614,-39.014111
545.750000,-38.882522,-39.134366,-38.993524
545.800000,-38.861711,-39.114074,-38.972892
545.850000,-38.840853,-39.093738,-38.952213
545.900000,-38.819945,-39.073357,-38.931487
545.950000,-38.798987,-39.052929,-38.910712
546.000000,-38.777977,-39.032454,-38.889887
546.050000,-38.756915,-39.011930,-38.869012
546.100000,-38.735799,-38.991358,-38.848085
546.150000,-38.714629,-38.970735,-38.827105
546.200000,-38.693404,-38.950061,-38.806072
546.250000,-38.672121,-38.929335,-38.784983
546.300000,-38.650781,-38.908555,-38.763839
546.350000,-38.629381,-38.887721,-38.742637
546.400000,-38.607921,-38.866832,-38.721378
546.450000,-38.586400,-38.845886,-38.700058
546.500000,-38.564817,-38.824882,-38.678679
546.550000,-38.543169,-38.803820,-38.657237
546.600000,-38.521456,-38.782697,-38.635732
546.650000,-38.499677,-38.761513,-38.614164
546.700000,-38.477830,-38.740267,-38.592529
546.750000,-38.455915,-38.718957,-38.570828
546.800000,-38.433929,-38.697583,-38.549059
546.850000,-38.411871,-38.676142,-38.527220
546.900000,-38.389740,-38.654634,-38.505310
546.950000,-38.367534,-38.633057,-38.483329
547.000000,-38.345253,-38.611409,-38.461273
547.050000,-38.322894,-38.589691,-38.439143
547.100000,-38.300456,-38.567899,-38.416935
547.150000,-38.277938,-38.546033,-38.394650
547.200000,-38.255337,-38.524092,-38.372285
547.250000,-38.232653,-38.502073,-38.349839
547.300000,-38.209883,-38.479975,-38.327311
547.350000,-38.187026,-38.457797,-38.304697
547.400000,-38.164080,-38.435537,-38.281998
547.450000,-38.141044,-38.413193,-38.259211
547.500000,-38.117915,-38.390764,-38.236334
547.550000,-38.094692,-38.368248,-38.213366
547.600000,-38.071373,-38.345643,-38.190304
547.650000,-38.047956,-38.322948,-38.167147
547.700000,-38.024439,-38.300160,-38.143894
547.750000,-38.000820,-38.277278,-38.120541
547.800000,-37.977096,-38.254300,-38.097087
547.850000,-37.953267,-38.231224,-38.073531
547.900000,-37.929329,-38.208048,-38.049869
547.950000,-37.905280,-38.184769,-38.026099
548.000000,-37.881118,-38.161387,-38.002220
548.050000,-37.856841,-38.137898,-37.978229
548.100000,-37.832447,-38.114300,-37.954124
548.150000,-37.807932,-38.090591,-37.929902
548.200000,-37.783294,-38.066769,-37.905561
548.250000,-37.758531,-38.042831,-37.881098
548.300000,-37.733640,-38.018775,-37.856511
548.350000,-37.708618,-37.994598,-37.831797
548.400000,-37.683462,-37.970298,-37.806953
548.450000,-37.658170,-37.945872,-37.781976
548.500000,-37.632738,-37.921317,-37.756864
548.550000,-37.607164,-37.896630,-37.731613
548.600000,-37.581444,-37.871809,-37.706221
548.650000,-37.555575,-37.846850,-37.680684
548.700000,-37.529553,-37.821751,-37.654999
548.750000,-37.503375,-37.796508,-37.629163
548.800000,-37.477039,-37.771117,-37.603172
548.850000,-37.450539,-37.745576,-37.577022
548.900000,-37.423872,-37.719882,-37.550711
548.950000,-37.397034,-37.694030,-37.524233
549.000000,-37.370022,-37.668016,-37.497586
549.050000,-37.342830,-37.641838,-37.470766
549.100000,-37.315456,-37.615491,-37.443767
549.150000,-37.287894,-37.588971,-37.416586
549.200000,-37.260140,-37.562274,-37.389219
549.250000,-37.232190,-37.535395,-37.361661
549.300000,-37.204038,-37.508331,-37.333907
549.350000,-37.175679,-37.481076,-37.305952
549.400000,-37.147108,-37.453627,-37.277792
549.450000,-37.118321,-37.425977,-37.249421
549.500000,-37.089311,-37.398122,-37.220834
549.550000,-37.060072,-37.370057,-37.192025
549.600000,-37.030599,-37.341776,-37.162989
549.650000,-37.000886,-37.313273,-37.133719
549.700000,-36.970926,-37.284544,-37.104209
549.750000,-36.940713,-37.255581,-37.074454
549.800000,-36.910239,-37.226379,-37.044446
549.850000,-36.879498,-37.196930,-37.014178
549.900000,-36.848483,-37.167229,-36.983643
549.950000,-36.817185,-37.137268,-36.952835
550.000000,-36.785596,-37.107041,-36.921745
550.050000,-36.753709,-37.076538,-36.890364
550.100000,-36.721515,-37.045753,-36.858686
550.150000,-36.689005,-37.014678,-36.826701
550.200000,-36.656169,-36.983303,-36.794399
550.250000,-36.622998,-36.951621,-36.761773
550.300000,-36.589482,-36.919621,-36.728811
550.350000,-36.555610,-36.887295,-36.695504
550.400000,-36.521371,-36.854631,-36.661841
550.450000,-36.486754,-36.821621,-36.627811
550.500000,-36.451746,-36.788252,-36.593402
550.550000,-36.416336,-36.754514,-36.558602
550.600000,-36.380510,-36.720394,-36.523399
550.650000,-36.344254,-36.685881,-36.487779
550.700000,-36.307554,-36.650960,-36.451729
550.750000,-36.270396,-36.615620,-36.415233
550.800000,-36.232763,-36.579844,-36.378277
550.850000,-36.194638,-36.543619,-36.340845
550.900000,-36.156006,-36.506928,-36.302920
550.950000,-36.116847,-36.469756,-36.264485
551.000000,-36.077142,-36.432085,-36.225520
551.050000,-36.036871,-36.393896,-36.186008
551.100000,-35.996014,-36.355171,-36.145926
551.150000,-35.954547,-36.315889,-36.105254
551.200000,-35.912448,-36.276029,-36.063969
551.250000,-35.869692,-36.235570,-36.022047
551.300000,-35.826252,-36.194487,-35.979463
551.350000,-35.782102,-36.152755,-35.936191
551.400000,-35.737211,-36.110349,-35.892201
551.450000,-35.691549,-36.067239,-35.847465
551.500000,-35.645083,-36.023398,-35.801950
551.550000,-35.597778,-35.978793,-35.755624
551.600000,-35.549598,-35.933391,-35.708449
551.650000,-35.500503,-35.887157,-35.660390
551.700000,-35.450452,-35.840054,-35.611405
551.750000,-35.399400,-35.792042,-35.561452
551.800000,-35.347300,-35.743078,-35.510485
551.850000,-35.294101,-35.693118,-35.458455
551.900000,-35.239749,-35.642112,-35.405311
551.950000,-35.184188,-35.590010,-35.350997
552.000000,-35.127354,-35.536755,-35.295453
552.050000,-35.069181,-35.482289,-35.238616
552.100000,-35.009599,-35.426548,-35.180416
552.150000,-34.948529,-35.369463,-35.120780
552.200000,-34.885890,-35.310962,-35.059629
552.250000,-34.821593,-35.250963,-34.996876
552.300000,-34.755540,-35.189382,-34.932430
552.350000,-34.687627,-35.126126,-34.866188
552.400000,-34.617741,-35.061095,-34.798043
552.450000,-34.545758,-34.994178,-34.727876
552.500000,-34.471545,-34.925257,-34.655558
552.550000,-34.394954,-34.854204,-34.580949
552.600000,-34.315826,-34.780875,-34.503895
552.650000,-34.233985,-34.705118,-34.424229
552.700000,-34.149239,-34.626762,-34.341765
552.750000,-34.061376,-34.545622,-34.256302
552.800000,-33.970161,-34.461491,-34.167614
552.850000,-33.875337,-34.374143,-34.075455
552.900000,-33.776616,-34.283326,-33.979550
552.950000,-33.673677,-34.188762,-33.879594
553.000000,-33.566166,-34.090139,-33.775245
553.050000,-33.453681,-33.987109,-33.666123
553.100000,-33.335774,-33.879281,-33.551798
553.150000,-33.211939,-33.766218,-33.431789
553.200000,-33.081602,-33.647421,-33.305549
553.250000,-32.944112,-33.522330,-33.172458
553.300000,-32.798725,-33.390301,-33.031809
553.350000,-32.644589,-33.250602,-32.882790
553.400000,-32.480720,-33.102389,-32.724469
553.450000,-32.305981,-32.944688,-32.555764
553.500000,-32.119044,-32.776367,-32.375419
553.550000,-31.918358,-32.596102,-32.181960
553.600000,-31.702089,-32.402339,-31.973656
553.650000,-31.468063,-32.193237,-31.748448
553.700000,-31.213682,-31.966602,-31.503883
553.750000,-30.935813,-31.719802,-31.237005
553.800000,-30.630653,-31.449649,-30.944230
553.850000,-30.293541,-31.152250,-30.621172
553.900000,-29.918714,-30.822813,-30.262411
553.950000,-29.498977,-30.455374,-29.861193
554.000000,-29.025253,-30.042445,-29.409009
554.050000,-28.485979,-29.574520,-28.895033
554.100000,-27.866273,-29.039420,-28.305351
554.150000,-27.146813,-28.421389,-27.621922
554.200000,-26.302337,-27.699897,-26.821188
554.250000,-25.299749,-26.848113,-25.872310
554.300000,-24.095973,-25.831131,-24.735165
554.350000,-22.636293,-24.604462,-23.358738
554.400000,-20.855307,-23.114297,-21.681831
554.450000,-18.685590,-21.303223,-19.640659
554.500000,-16.083093,-19.128156,-17.191552
554.550000,-13.076154,-16.596539,-14.355383
554.600000,-9.820266,-13.810708,-11.268801
554.650000,-6.603842,-10.982646,-8.193666
554.700000,-3.772354,-8.389459,-5.452663
554.750000,-1.613901,-6.289989,-3.325556
554.800000,-0.281154,-4.854495,-1.972927
554.850000,0.210395,-4.144742,-1.427049
554.900000,-0.066339,-4.137505,-1.631444
554.950000,-1.001153,-4.760571,-2.487095
555.000000,-2.477299,-5.920508,-3.882845
555.050000,-4.383769,-7.518249,-5.709444
555.100000,-6.617830,-9.456233,-7.864059
555.150000,-9.084273,-11.641361,-10.250989
555.200000,-11.694934,-13.986713,-12.781944
555.250000,-14.370358,-16.413801,-15.377826
555.300000,-17.043746,-18.855924,-17.972294
555.350000,-19.664478,-21.261153,-20.514929
555.400000,-22.197596,-23.592457,-22.970834
555.450000,-24.619103,-25.824503,-25.316392
555.500000,-26.910515,-27.939221,-27.534132
555.550000,-29.055671,-29.922471,-29.609429
555.600000,-31.040392,-31.762744,-31.529761
555.650000,-32.853948,-33.451475,-33.285727
555.700000,-34.490873,-34.984039,-34.872551
555.750000,-35.951934,-36.360487,-36.290994
555.800000,-37.243819,-37.585514,-37.547167
555.850000,-38.377761,-38.667639,-38.651396
555.900000,-39.367720,-39.617951,-39.616636
555.950000,-40.228692,-40.448811,-40.456943
556.000000,-40.975468,-41.172794,-41.186305
556.050000,-41.621872,-41.801975,-41.817904
556.100000,-42.180405,-42.347519,-42.363745
556.150000,-42.662147,-42.819503,-42.834526
556.200000,-43.076810,-43.226892,-43.239666
556.250000,-43.432860,-43.577588,-43.587400
556.300000,-43.737657,-43.878527,-43.884909
556.350000,-43.997599,-44.135783,-44.138446
556.400000,-44.218254,-44.354669,-44.353456
556.450000,-44.404471,-44.539839,-44.534692
556.500000,-44.560482,-44.695368,-44.686300
556.550000,-44.689987,-44.824832,-44.811910
556.600000,-44.796224,-44.931369,-44.914697
556.650000,-44.882034,-45.017740,-44.997449
556.700000,-44.949909,-45.086373,-45.062614
556.750000,-45.002042,-45.139410,-45.112343
556.800000,-45.040362,-45.178738,-45.148531
556.850000,-45.066570,-45.206026,-45.172848
556.900000,-45.082165,-45.222745,-45.186765
556.950000,-45.088471,-45.230198,-45.191582
557.000000,-45.086655,-45.229537,-45.188446
557.050000,-45.077750,-45.221784,-45.178372
557.100000,-45.062670,-45.207839,-45.162256
557.150000,-45.042222,-45.188505,-45.140891
557.200000,-45.017120,-45.164490,-45.114978
557.250000,-44.987995,-45.136421,-45.085137
557.300000,-44.955407,-45.104857,-45.051917
557.350000,-44.919850,-45.070289,-45.015803
557.400000,-44.881762,-45.033155,-44.977225
557.450000,-44.841530,-44.993841,-44.936563
557.500000,-44.799495,-44.952691,-44.894151
557.550000,-44.755959,-44.910007,-44.850287
557.600000,-44.711190,-44.866058,-44.805232
557.650000,-44.665423,-44.821079,-44.759216
557.700000,-44.618865,-44.775281,-44.712444
557.750000,-44.571699,-44.728848,-44.665094
557.800000,-44.524086,-44.681941,-44.617324
557.850000,-44.476167,-44.634705,-44.569271
557.900000,-44.428064,-44.587263,-44.521058
557.950000,-44.379887,-44.539726,-44.472789
558.000000,-44.331731,-44.492190,-44.424557
558.050000,-44.283676,-44.444738,-44.376443
558.100000,-44.235795,-44.397444,-44.328516
558.150000,-44.188149,-44.350370,-44.280837
558.200000,-44.140791,-44.303570,-44.233456
558.250000,-44.093767,-44.257092,-44.186419
558.300000,-44.047114,-44.210975,-44.139762
558.350000,-44.000867,-44.165252,-44.093518
558.400000,-43.955052,-44.119952,-44.047713
558.450000,-43.909692,-44.075099,-44.002368
558.500000,-43.864805,-44.030711,-43.957502
558.550000,-43.820406,-43.986805,-43.913129
558.600000,-43.776506,-43.943392,-43.869260
558.650000,-43.733114,-43.900481,-43.825902
558.700000,-43.690237,-43.858079,-43.783061
558.750000,-43.647877,-43.816191,-43.740742
558.800000,-43.606037,-43.774819,-43.698944
558.850000,-43.564717,-43.733963,-43.657669
558.900000,-43.523915,-43.693623,-43.616914
558.950000,-43.483630,-43.653796,-43.576677
559.000000,-43.443856,-43.614478,-43.536954
559.050000,-43.404591,-43.575666,-43.497739
559.100000,-43.365827,-43.537353,-43.459027
559.150000,-43.327558,-43.499534,-43.420812
559.200000,-43.289779,-43.462203,-43.383087
559.250000,-43.252481,-43.425351,-43.345843
559.300000,-43.215656,-43.388971,-43.309074
559.350000,-43.179296,-43.353055,-43.272770
559.400000,-43.143394,-43.317595,-43.236923
559.450000,-43.107939,-43.282582,-43.201525
559.500000,-43.072924,-43.248008,-43.166566
559.550000,-43.038339,-43.213862,-43.132038
559.600000,-43.004175,-43.180137,-43.097931
559.650000,-42.970423,-43.146823,-43.064236
559.700000,-42.937074,-43.113911,-43.030945
559.750000,-42.904118,-43.081392,-42.998046
559.800000,-42.871547,-43.049257,-42.965533
559.850000,-42.839352,-43.017497,-42.933395
559.900000,-42.807524,-42.986103,-42.901624
559.950000,-42.776053,-42.955066,-42.870211
560.000000,-42.744931,-42.924377,-42.839146
560.050000,-42.714150,-42.894027,-42.808422
560.100000,-42.683700,-42.864009,-42.778029
560.150000,-42.653574,-42.834313,-42.747960
560.200000,-42.623763,-42.804931,-42.718205
560.250000,-42.594258,-42.775856,-42.688758
560.300000,-42.565053,-42.747079,-42.659609
560.350000,-42.536139,-42.718592,-42.630752
560.400000,-42.507509,-42.690388,-42.602178
560.450000,-42.479155,-42.662459,-42.573881
560.500000,-42.451070,-42.634799,-42.545852
560.550000,-42.423247,-42.607399,-42.518085
560.600000,-42.395678,-42.580253,-42.490573
560.650000,-42.368357,-42.553354,-42.463308
560.700000,-42.341278,-42.526696,-42.436285
560.750000,-42.314433,-42.500271,-42.409497
560.800000,-42.287817,-42.474073,-42.382937
560.850000,-42.261423,-42.448097,-42.356599
560.900000,-42.235246,-42.422336,-42.330478
560.950000,-42.209279,-42.396785,-42.304567
561.000000,-42.183516,-42.371437,-42.278861
561.050000,-42.157953,-42.346287,-42.253354
561.100000,-42.132583,-42.321330,-42.228040
561.150000,-42.107402,-42.296559,-42.202915
561.200000,-42.082403,-42.271971,-42.177973
561.250000,-42.057583,-42.247560,-42.153210
561.300000,-42.032936,-42.223321,-42.128620
561.350000,-42.008458,-42.199250,-42.104198
561.400000,-41.984144,-42.175341,-42.079941
561.450000,-41.959989,-42.151590,-42.055843
561.500000,-41.935989,-42.127994,-42.031900
561.550000,-41.912139,-42.104547,-42.008108
561.600000,-41.888436,-42.081245,-41.984462
561.650000,-41.864876,-42.058084,-41.960960
561.700000,-41.841454,-42.035062,-41.937596
561.750000,-41.818167,-42.012172,-41.914367
561.800000,-41.795011,-41.989413,-41.891269
561.850000,-41.771983,-41.966780,-41.868299
561.900000,-41.749078,-41.944269,-41.845453
561.950000,-41.726294,-41.921878,-41.822727
562.000000,-41.703626,-41.899602,-41.800119
562.050000,-41.681073,-41.877440,-41.777625
562.100000,-41.658630,-41.855387,-41.755241
562.150000,-41.636294,-41.833440,-41.732966
562.200000,-41.614063,-41.811597,-41.710795
562.250000,-41.591933,-41.789854,-41.688726
562.300000,-41.569903,-41.768209,-41.666756
562.350000,-41.547968,-41.746659,-41.644882
562.400000,-41.526126,-41.725201,-41.623102
562.450000,-41.504376,-41.703833,-41.601413
562.500000,-41.482713,-41.682552,-41.579812
562.550000,-41.461136,-41.661356,-41.558298
562.600000,-41.439641,-41.640242,-41.536866
562.650000,-41.418228,-41.619207,-41.515516
562.700000,-41.396893,-41.598251,-41.494244
562.750000,-41.375634,-41.577369,-41.473050
562.800000,-41.354450,-41.556561,-41.451929
562.850000,-41.333337,-41.535823,-41.430881
562.900000,-41.312294,-41.515155,-41.409903
562.950000,-41.291318,-41.494554,-41.388993
563.000000,-41.270409,-41.474018,-41.368149
563.050000,-41.249563,-41.453544,-41.347370
563.100000,-41.228779,-41.433132,-41.326653
563.150000,-41.208056,-41.412780,-41.305996
563.200000,-41.187390,-41.392485,-41.285399
563.250000,-41.166782,-41.372246,-41.264858
563.300000,-41.146228,-41.352061,-41.244373
563.350000,-41.125727,-41.331929,-41.223941
563.400000,-41.105278,-41.311848,-41.203561
563.450000,-41.084879,-41.291817,-41.183232
563.500000,-41.064528,-41.271833,-41.162952
563.550000,-41.044225,-41.251896,-41.142719
563.600000,-41.023966,-41.232003,-41.122532
563.650000,-41.003752,-41.212155,-41.102390
563.700000,-40.983580,-41.192348,-41.082291
563.750000,-40.963450,-41.172582,-41.062233
563.800000,-40.943359,-41.152856,-41.042216
563.850000,-40.923307,-41.133167,-41.022238
563.900000,-40.903291,-41.113516,-41.002297
563.950000,-40.883312,-41.093900,-40.982393
564.000000,-40.863368,-41.074319,-40.962525
564.050000,-40.843457,-41.054771,-40.942690
564.100000,-40.823578,-41.035255,-40.922888
564.150000,-40.803730,-41.015770,-40.903118
564.200000,-40.783912,-40.996314,-40.883378
564.250000,-40.764123,-40.976888,-40.863667
564.300000,-40.744361,-40.957488,-40.843985
564.350000,-40.724626,-40.938116,-40.824330
564.400000,-40.704917,-40.918769,-40.804701
564.450000,-40.685232,-40.899446,-40.785097
564.500000,-40.665570,-40.880147,-40.765517
564.550000,-40.645931,-40.860870,-40.745960
564.600000,-40.626313,-40.841614,-40.726425
564.650000,-40.606715,-40.822380,-40.706912
564.700000,-40.587137,-40.803165,-40.687418
564.750000,-40.567578,-40.783968,-40.667944
564.800000,-40.548036,-40.764790,-40.648487
564.850000,-40.528511,-40.745628,-40.629049
564.900000,-40.509001,-40.726483,-40.609626
564.950000,-40.489507,-40.707352,-40.590220
565.000000,-40.470026,-40.688236,-40.570828
565.050000,-40.450559,-40.669134,-40.551449
565.100000,-40.431104,-40.650044,-40.532084
565.150000,-40.411661,-40.630967,-40.512732
565.200000,-40.392228,-40.611900,-40.493390
565.250000,-40.372805,-40.592844,-40.474059
565.300000,-40.353391,-40.573797,-40.454738
565.350000,-40.333985,-40.554760,-40.435426
565.400000,-40.314587,-40.535730,-40.416122
565.450000,-40.295195,-40.516707,-40.396826
565.500000,-40.275809,-40.497691,-40.377536
565.550000,-40.256429,-40.478681,-40.358252
565.600000,-40.237053,-40.459676,-40.338973
565.650000,-40.217680,-40.440676,-40.319699
565.700000,-40.198310,-40.421679,-40.300428
565.750000,-40.178943,-40.402685,-40.281161
565.800000,-40.159576,-40.383693,-40.261895
565.850000,-40.140211,-40.364703,-40.242631
565.900000,-40.120845,-40.345714,-40.223368
565.950000,-40.101479,-40.326725,-40.204105
566.000000,-40.082111,-40.307736,-40.184841
566.050000,-40.062741,-40.288745,-40.165576
566.100000,-40.043368,-40.269753,-40.146309
566.150000,-40.023992,-40.250758,-40.127040
566.200000,-40.004611,-40.231760,-40.107767
566.250000,-39.985226,-40.212758,-40.088490
566.300000,-39.965834,-40.193752,-40.069208
566.350000,-39.946437,-40.174741,-40.049920
566.400000,-39.927032,-40.155724,-40.030627
566.450000,-39.907620,-40.136701,-40.011327
566.500000,-39.888199,-40.117670,-39.992019
566.550000,-39.868769,-40.098632,-39.972703
566.600000,-39.849329,-40.079586,-39.953379
566.650000,-39.829879,-40.060531,-39.934045
566.700000,-39.810418,-40.041466,-39.914700
566.750000,-39.790945,-40.022390,-39.895346
566.800000,-39.771460,-40.003304,-39.875979
566.850000,-39.751961,-39.984207,-39.856601
566.900000,-39.732449,-39.965097,-39.837209
566.950000,-39.712922,-39.945974,-39.817804
567.000000,-39.693380,-39.926838,-39.798385
567.050000,-39.673822,-39.907688,-39.778951
567.100000,-39.654247,-39.888523,-39.759502
567.150000,-39.634655,-39.869343,-39.740036
567.200000,-39.615046,-39.850147,-39.720554
567.250000,-39.595417,-39.830934,-39.701054
567.300000,-39.575770,-39.811704,-39.681536
567.350000,-39.556102,-39.792456,-39.661999
567.400000,-39.536414,-39.773189,-39.642442
567.450000,-39.516704,-39.753903,-39.622866
567.500000,-39.496973,-39.734597,-39.603268
567.550000,-39.477218,-39.715270,-39.583649
567.600000,-39.457440,-39.695923,-39.564007
567.650000,-39.437638,-39.676553,-39.544343
567.700000,-39.417811,-39.657161,-39.524655
567.750000,-39.397959,-39.637746,-39.504942
567.800000,-39.378080,-39.618306,-39.485205
567.850000,-39.358174,-39.598843,-39.465442
567.900000,-39.338241,-39.579353,-39.445652
567.950000,-39.318278,-39.559838,-39.425834
568.000000,-39.298287,-39.540297,-39.405989
568.050000,-39.278265,-39.520727,-39.386116
568.100000,-39.258213,-39.501130,-39.366212
568.150000,-39.238129,-39.481504,-39.346279
568.200000,-39.218013,-39.461849,-39.326314
568.250000,-39.197864,-39.442163,-39.306318
568.300000,-39.177681,-39.422446,-39.286290
568.350000,-39.157463,-39.402698,-39.266228
568.400000,-39.137210,-39.382917,-39.246132
568.450000,-39.116920,-39.363103,-39.226001
568.500000,-39.096593,-39.343255,-39.205834
568.550000,-39.076229,-39.323372,-39.185631
568.600000,-39.055825,-39.303454,-39.165391
568.650000,-39.035382,-39.283499,-39.145112
568.700000,-39.014899,-39.263507,-39.124795
568.750000,-38.994374,-39.243477,-39.104438
568.800000,-38.973806,-39.223409,-39.084040
568.850000,-38.953196,-39.203300,-39.063600
568.900000,-38.932541,-39.183151,-39.043118
568.950000,-38.911842,-39.162961,-39.022592
569.000000,-38.891096,-39.142729,-39.002023
569.050000,-38.870303,-39.122453,-38.981407
569.100000,-38.849463,-39.102134,-38.960746
569.150000,-38.828574,-39.081769,-38.940037
569.200000,-38.807634,-39.061359,-38.919281
569.250000,-38.786644,-39.040901,-38.898475
569.300000,-38.765602,-39.020396,-38.877619
569.350000,-38.744507,-38.999842,-38.856711
569.400000,-38.723357,-38.979238,-38.835751
569.450000,-38.702152,-38.958584,-38.814738
569.500000,-38.680892,-38.937877,-38.793671
569.550000,-38.659573,-38.917118,-38.772547
569.600000,-38.638196,-38.896304,-38.751368
569.650000,-38.616759,-38.875436,-38.730130
569.700000,-38.595262,-38.854511,-38.708833
569.750000,-38.573702,-38.833530,-38.687477
569.800000,-38.552079,-38.812490,-38.666059
569.850000,-38.530391,-38.791390,-38.644578
569.900000,-38.508637,-38.770229,-38.623034
569.950000,-38.486817,-38.749007,-38.601425
570.000000,-38.464927,-38.727722,-38.579749
570.050000,-38.442968,-38.706372,-38.558006
570.100000,-38.420938,-38.684956,-38.536194
570.150000,-38.398835,-38.663474,-38.514312
570.200000,-38.376659,-38.641923,-38.492358
570.250000,-38.354407,-38.620303,-38.470331
570.300000,-38.332078,-38.598612,-38.448229
570.350000,-38.309670,-38.576849,-38.426052
570.400000,-38.287183,-38.555012,-38.403797
570.450000,-38.264614,-38.533099,-38.381463
570.500000,-38.241962,-38.511110,-38.359048
570.550000,-38.219226,-38.489043,-38.336551
570.600000,-38.196402,-38.466896,-38.313971
570.650000,-38.173491,-38.444668,-38.291305
570.700000,-38.150490,-38.422356,-38.268552
570.750000,-38.127397,-38.399960,-38.245710
570.800000,-38.104211,-38.377478,-38.222777
570.850000,-38.080930,-38.354908,-38.199752
570.900000,-38.057551,-38.332248,-38.176632
570.950000,-38.034073,-38.309496,-38.153417
571.000000,-38.010493,-38.286651,-38.130103
571.050000,-37.986811,-38.263710,-38.106688
571.100000,-37.963023,-38.240673,-38.083172
571.150000,-37.939127,-38.217535,-38.059551
571.200000,-37.915122,-38.194297,-38.035824
571.250000,-37.891005,-38.170955,-38.011987
571.300000,-37.866773,-38.147508,-37.988040
571.350000,-37.842424,-38.123952,-37.963980
571.400000,-37.817957,-38.100287,-37.939804
571.450000,-37.793367,-38.076509,-37.915509
571.500000,-37.768653,-38.052617,-37.891094
571.550000,-37.743813,-38.028607,-37.866556
571.600000,-37.718842,-38.004478,-37.841892
571.650000,-37.693739,-37.980226,-37.817099
571.700000,-37.668501,-37.955850,-37.792175
571.750000,-37.643124,-37.931345,-37.767116
571.800000,-37.617606,-37.906711,-37.741920
571.850000,-37.591944,-37.881942,-37.716584
571.900000,-37.566133,-37.857038,-37.691104
571.950000,-37.540172,-37.831994,-37.665477
572.000000,-37.514056,-37.806807,-37.639701
572.050000,-37.487782,-37.781475,-37.613771
572.100000,-37.461346,-37.755994,-37.587684
572.150000,-37.434746,-37.730360,-37.561436
572.200000,-37.407976,-37.704570,-37.535025
572.250000,-37.381033,-37.678621,-37.508445
572.300000,-37.353912,-37.652508,-37.481693
572.350000,-37.326610,-37.626227,-37.454765
572.400000,-37.299123,-37.599776,-37.427656
572.450000,-37.271445,-37.573149,-37.400363
572.500000,-37.243573,-37.546342,-37.372881
572.550000,-37.215501,-37.519352,-37.345204
572.600000,-37.187224,-37.492173,-37.317329
572.650000,-37.158738,-37.464800,-37.289251
572.700000,-37.130037,-37.437230,-37.260964
572.750000,-37.101115,-37.409457,-37.232462
572.800000,-37.071967,-37.381475,-37.203742
572.850000,-37.042588,-37.353280,-37.174796
572.900000,-37.012970,-37.324866,-37.145619
572.950000,-36.983109,-37.296227,-37.116205
573.000000,-36.952996,-37.267357,-37.086547
573.050000,-36.922626,-37.238250,-37.056640
573.100000,-36.891992,-37.208899,-37.026476
573.150000,-36.861086,-37.179299,-36.996048
573.200000,-36.829901,-37.149442,-36.965349
573.250000,-36.798429,-37.119320,-36.934371
573.300000,-36.766661,-37.088928,-36.903106
573.350000,-36.734590,-37.058256,-36.871547
573.400000,-36.702206,-37.027296,-36.839684
573.450000,-36.669500,-36.996041,-36.807510
573.500000,-36.636464,-36.964482,-36.775013
573.550000,-36.603086,-36.932609,-36.742185
573.600000,-36.569356,-36.900413,-36.709016
573.650000,-36.535264,-36.867885,-36.675496
573.700000,-36.500798,-36.835013,-36.641613
573.750000,-36.465947,-36.801788,-36.607356
573.800000,-36.430698,-36.768198,-36.572712
573.850000,-36.395039,-36.734231,-36.537671
573.900000,-36.358955,-36.699875,-36.502218
573.950000,-36.322434,-36.665118,-36.466341
574.000000,-36.285459,-36.629946,-36.430024
574.050000,-36.248017,-36.594345,-36.393253
574.100000,-36.210090,-36.558300,-36.356012
574.150000,-36.171662,-36.521797,-36.318285
574.200000,-36.132714,-36.484818,-36.280055
574.250000,-36.093229,-36.447347,-36.241303
574.300000,-36.053186,-36.409366,-36.202011
574.350000,-36.012565,-36.370857,-36.162158
574.400000,-35.971344,-36.331799,-36.121724
574.450000,-35.929499,-36.292172,-36.080686
574.500000,-35.887008,-36.251954,-36.039021
574.550000,-35.843844,-36.211122,-35.996703
574.600000,-35.799980,-36.169652,-35.953708
574.650000,-35.755387,-36.127518,-35.910008
574.700000,-35.710036,-36.084692,-35.865573
574.750000,-35.663895,-36.041145,-35.820372
574.800000,-35.616929,-35.996849,-35.774374
574.850000,-35.569102,-35.951768,-35.727542
574.900000,-35.520377,-35.905871,-35.679840
574.950000,-35.470712,-35.859119,-35.631229
575.000000,-35.420065,-35.811474,-35.581667
575.050000,-35.368389,-35.762896,-35.531110
575.100000,-35.315635,-35.713338,-35.479511
575.150000,-35.261750,-35.662756,-35.426818
575.200000,-35.206679,-35.611097,-35.372977
575.250000,-35.150360,-35.558309,-35.317932
575.300000,-35.092730,-35.504334,-35.261619
575.350000,-35.033720,-35.449110,-35.203972
575.400000,-34.973254,-35.392570,-35.144918
575.450000,-34.911252,-35.334643,-35.084382
575.500000,-34.847628,-35.275253,-35.022280
575.550000,-34.782288,-35.214314,-34.958521
575.600000,-34.715132,-35.151739,-34.893009
575.650000,-34.646048,-35.087429,-34.825638
575.700000,-34.574919,-35.021279,-34.756294
575.750000,-34.501614,-34.953174,-34.684852
575.800000,-34.425991,-34.882989,-34.611176
575.850000,-34.347898,-34.810588,-34.535118
575.900000,-34.267163,-34.735821,-34.456518
575.950000,-34.183603,-34.658525,-34.375196
576.000000,-34.097013,-34.578521,-34.290957
576.050000,-34.007168,-34.495612,-34.203587
576.100000,-33.913820,-34.409579,-34.112847
576.150000,-33.816694,-34.320181,-34.018475
576.200000,-33.715482,-34.227151,-33.920178
576.250000,-33.609845,-34.130190,-33.817629
576.300000,-33.499401,-34.028967,-33.710465
576.350000,-33.383720,-33.923109,-33.598276
576.400000,-33.262321,-33.812196,-33.480602
576.450000,-33.134659,-33.695756,-33.356925
576.500000,-33.000115,-33.573255,-33.226655
576.550000,-32.857983,-33.444085,-33.089121
576.600000,-32.707458,-33.307549,-32.943556
576.650000,-32.547611,-33.162852,-32.789078
576.700000,-32.377370,-33.009075,-32.624668
576.750000,-32.195488,-32.845150,-32.449145
576.800000,-32.000507,-32.669838,-32.261127
576.850000,-31.790715,-32.481681,-32.058991
576.900000,-31.564082,-32.278959,-31.840819
576.950000,-31.318192,-32.059631,-31.604326
577.000000,-31.050139,-31.821251,-31.346771
577.050000,-30.756410,-31.560869,-31.064839
577.100000,-30.432712,-31.274896,-30.754489
577.150000,-30.073757,-30.958927,-30.410748
577.200000,-29.672971,-30.607504,-30.027438
577.250000,-29.222091,-30.213800,-29.596811
577.300000,-28.710637,-29.769186,-29.109049
577.350000,-28.125172,-29.262646,-28.551581
577.400000,-27.448309,-28.679980,-27.908165
577.450000,-26.657369,-28.002737,-27.157643
577.500000,-25.722643,-27.206811,-26.272324
577.550000,-24.605305,-26.260744,-25.216041
577.600000,-23.255406,-25.124004,-23.942252
577.650000,-21.611374,-23.746250,-22.393453
577.700000,-19.604721,-22.070229,-20.505236
577.750000,-17.177494,-20.043848,-18.221792
577.800000,-14.321894,-17.648880,-15.531603
577.850000,-11.137640,-14.945187,-12.520196
577.900000,-7.864637,-12.102747,-9.402943
577.950000,-4.838764,-9.381453,-6.489863
578.000000,-2.384054,-7.057848,-4.090046
578.050000,-0.711970,-5.343218,-2.416843
578.100000,0.111267,-4.341739,-1.550906
578.150000,0.130059,-4.059916,-1.465302
578.200000,-0.555357,-4.441121,-2.073331
578.250000,-1.828534,-5.397910,-3.266228
578.300000,-3.575502,-6.832253,-4.933062
578.350000,-5.690224,-8.645476,-6.968231
578.400000,-8.074608,-10.742470,-9.273175
578.450000,-10.637619,-13.033629,-11.756537
578.500000,-13.295940,-15.436740,-14.335192
578.550000,-15.977168,-17.879946,-16.937209
578.600000,-18.623982,-20.305184,-19.505591
578.650000,-21.195537,-22.669681,-21.999563
578.700000,-23.664152,-24.943948,-24.391640
578.750000,-26.009683,-27.107507,-26.662426
578.800000,-28.215228,-29.144915,-28.796383
578.850000,-30.265707,-31.043645,-30.780097
578.900000,-32.148778,-32.793848,-32.602734
578.950000,-33.856687,-34.389202,-34.257506
579.000000,-35.387667,-35.827841,-35.742915
579.050000,-36.746155,-37.112661,-37.063022
579.100000,-37.941771,-38.250784,-38.226643
579.150000,-38.987603,-39.252433,-39.245876
579.200000,-39.898411,-40.129602,-40.134500
579.250000,-40.689185,-40.894888,-40.906644
579.300000,-41.374198,-41.560629,-41.575875
579.350000,-41.966503,-42.138388,-42.154695
579.400000,-42.477751,-42.638686,-42.654328
579.450000,-42.918189,-43.070932,-43.084697
579.500000,-43.296764,-43.443441,-43.454497
579.550000,-43.621263,-43.763527,-43.771315
579.600000,-43.898451,-44.037594,-44.041760
579.650000,-44.134215,-44.271248,-44.271588
579.700000,-44.333679,-44.469397,-44.465816
579.750000,-44.501311,-44.636337,-44.628823
579.800000,-44.641014,-44.775836,-44.764436
579.850000,-44.756204,-44.891200,-44.876004
579.900000,-44.849874,-44.985334,-44.966465
579.950000,-44.924649,-45.060795,-45.038396
580.000000,-44.982838,-45.119835,-45.094063
580.050000,-45.026471,-45.164439,-45.135459
580.100000,-45.057336,-45.196358,-45.164340
580.150000,-45.077010,-45.217142,-45.182254
580.200000,-45.086885,-45.228157,-45.190567
580.250000,-45.088188,-45.230613,-45.190485
580.300000,-45.082004,-45.225583,-45.183073
580.350000,-45.069292,-45.214014,-45.169274
580.400000,-45.050900,-45.196746,-45.149919
580.450000,-45.027579,-45.174523,-45.125747
580.500000,-44.999992,-45.148005,-45.097407
580.550000,-44.968726,-45.117776,-45.065476
580.600000,-44.934300,-45.084353,-45.030464
580.650000,-44.897175,-45.048195,-44.992823
580.700000,-44.857756,-45.009709,-44.952950
580.750000,-44.816402,-44.969253,-44.911200
580.800000,-44.773431,-44.927148,-44.867882
580.850000,-44.729125,-44.883673,-44.823272
580.900000,-44.683729,-44.839078,-44.777613
580.950000,-44.637462,-44.793583,-44.731119
581.000000,-44.590517,-44.747381,-44.683979
581.050000,-44.543063,-44.700644,-44.636357
581.100000,-44.495249,-44.653521,-44.588400
581.150000,-44.447204,-44.606146,-44.540236
581.200000,-44.399043,-44.558633,-44.491975
581.250000,-44.350866,-44.511084,-44.443717
581.300000,-44.302759,-44.463587,-44.395545
581.350000,-44.254799,-44.416220,-44.347533
581.400000,-44.207050,-44.369048,-44.299746
581.450000,-44.159569,-44.322131,-44.252238
581.500000,-44.112404,-44.275517,-44.205057
581.550000,-44.065597,-44.229249,-44.158242
581.600000,-44.019182,-44.183363,-44.111827
581.650000,-43.973189,-44.137889,-44.065842
581.700000,-43.927643,-44.092853,-44.020309
581.750000,-43.882562,-44.048275,-43.975248
581.800000,-43.837964,-44.004172,-43.930674
581.850000,-43.793862,-43.960559,-43.886600
581.900000,-43.750264,-43.917444,-43.843035
581.950000,-43.707178,-43.874836,-43.799985
582.000000,-43.664609,-43.832741,-43.757455
582.050000,-43.622559,-43.791160,-43.715446
582.100000,-43.581029,-43.750096,-43.673960
582.150000,-43.540019,-43.709547,-43.632996
582.200000,-43.499526,-43.669513,-43.592550
582.250000,-43.459546,-43.629991,-43.552620
582.300000,-43.420076,-43.590975,-43.513201
582.350000,-43.381110,-43.552461,-43.474287
582.400000,-43.342643,-43.514444,-43.435872
582.450000,-43.304667,-43.476917,-43.397950
582.500000,-43.267175,-43.439872,-43.360513
582.550000,-43.230160,-43.403303,-43.323553
582.600000,-43.193614,-43.367201,-43.287062
582.650000,-43.157528,-43.331558,-43.251032
582.700000,-43.121893,-43.296365,-43.215454
582.750000,-43.086702,-43.261614,-43.180319
582.800000,-43.051944,-43.227297,-43.145618
582.850000,-43.017611,-43.193403,-43.111342
582.900000,-42.983694,-43.159924,-43.077482
582.950000,-42.950183,-43.126851,-43.044028
583.000000,-42.917070,-43.094174,-43.010972
583.050000,-42.884344,-43.061885,-42.978304
583.100000,-42.851999,-43.029974,-42.946016
583.150000,-42.820023,-42.998433,-42.914098
583.200000,-42.788409,-42.967253,-42.882541
583.250000,-42.757147,-42.936424,-42.851336
583.300000,-42.726229,-42.905938,-42.820475
583.350000,-42.695646,-42.875787,-42.789949
583.400000,-42.665390,-42.845961,-42.759750
583.450000,-42.635452,-42.816453,-42.729869
583.500000,-42.605824,-42.787255,-42.700298
583.550000,-42.576499,-42.758358,-42.671030
583.600000,-42.547468,-42.729755,-42.642055
583.650000,-42.518724,-42.701437,-42.613368
583.700000,-42.490259,-42.673398,-42.584959
583.750000,-42.462065,-42.645630,-42.556822
583.800000,-42.434137,-42.618125,-42.528950
583.850000,-42.406466,-42.590877,-42.501335
583.900000,-42.379045,-42.563879,-42.473971
583.950000,-42.351869,-42.537123,-42.446851
584.000000,-42.324930,-42.510604,-42.419968
584.050000,-42.298222,-42.484315,-42.393316
584.100000,-42.271738,-42.458250,-42.366889
584.150000,-42.245474,-42.432403,-42.340681
584.200000,-42.219422,-42.406767,-42.314685
584.250000,-42.193577,-42.381337,-42.288896
584.300000,-42.167933,-42.356107,-42.263309
584.350000,-42.142485,-42.331072,-42.237917
584.400000,-42.117227,-42.306226,-42.212716
584.450000,-42.092155,-42.281564,-42.187701
584.500000,-42.067263,-42.257082,-42.162865
584.550000,-42.042546,-42.232773,-42.138205
584.600000,-42.018000,-42.208634,-42.113715
584.650000,-41.993619,-42.184659,-42.089391
584.700000,-41.969400,-42.160845,-42.065229
584.750000,-41.945337,-42.137186,-42.041223
584.800000,-41.921426,-42.113678,-42.017370
584.850000,-41.897664,-42.090317,-41.993665
584.900000,-41.874046,-42.067100,-41.970105
584.950000,-41.850568,-42.044021,-41.946685
585.000000,-41.827227,-42.021078,-41.923401
585.050000,-41.804017,-41.998265,-41.900250
585.100000,-41.780937,-41.975581,-41.877228
585.150000,-41.757982,-41.953020,-41.854331
585.200000,-41.735149,-41.930581,-41.831557
585.250000,-41.712433,-41.908258,-41.808901
585.300000,-41.689833,-41.886050,-41.786360
585.350000,-41.667345,-41.863952,-41.763932
585.400000,-41.644966,-41.841962,-41.741612
585.450000,-41.622692,-41.820076,-41.719398
585.500000,-41.600521,-41.798293,-41.697288
585.550000,-41.578450,-41.776608,-41.675277
585.600000,-41.556476,-41.755019,-41.653364
585.650000,-41.534597,-41.733523,-41.631546
585.700000,-41.512809,-41.712118,-41.609820
585.750000,-41.491110,-41.690802,-41.588183
585.800000,-41.469497,-41.669571,-41.566633
585.850000,-41.447969,-41.648423,-41.545167
585.900000,-41.426522,-41.627355,-41.523783
585.950000,-41.405155,-41.606367,-41.502479
586.000000,-41.383865,-41.585454,-41.481253
586.050000,-41.362650,-41.564616,-41.460102
586.100000,-41.341507,-41.543849,-41.439024
586.150000,-41.320435,-41.523152,-41.418017
586.200000,-41.299432,-41.502523,-41.397079
586.250000,-41.278495,-41.481960,-41.376208
586.300000,-41.257623,-41.461461,-41.355401
586.350000,-41.236813,-41.441023,-41.334659
586.400000,-41.216065,-41.420646,-41.313977
586.450000,-41.195375,-41.400327,-41.293355
586.500000,-41.174743,-41.380065,-41.272790
586.550000,-41.154166,-41.359857,-41.252282
586.600000,-41.133643,-41.339703,-41.231828
586.650000,-41.113172,-41.319601,-41.211426
586.700000,-41.092752,-41.299549,-41.191076
586.750000,-41.072381,-41.279545,-41.170775
586.800000,-41.052058,-41.259588,-41.150523
586.850000,-41.031780,-41.239677,-41.130316
586.900000,-41.011547,-41.219809,-41.110155
586.950000,-40.991357,-41.199985,-41.090038
587.000000,-40.971209,-41.180202,-41.069962
587.050000,-40.951102,-41.160458,-41.049928
587.100000,-40.931033,-41.140754,-41.029933
587.150000,-40.911002,-41.121087,-41.009977
587.200000,-40.891007,-41.101456,-40.990057
587.250000,-40.871048,-41.081860,-40.970173
587.300000,-40.851122,-41.062297,-40.950324
587.350000,-40.831229,-41.042767,-40.930508
587.400000,-40.811368,-41.023269,-40.910724
587.450000,-40.791537,-41.003800,-40.890971
587.500000,-40.771735,-40.984361,-40.871247
587.550000,-40.751962,-40.964950,-40.851553
587.600000,-40.732215,-40.945566,-40.831886
587.650000,-40.712494,-40.926207,-40.812245
587.700000,-40.692798,-40.906874,-40.792630
587.750000,-40.673126,-40.887564,-40.773039
587.800000,-40.653477,-40.868277,-40.753472
587.850000,-40.633849,-40.849012,-40.733928
587.900000,-40.614242,-40.829768,-40.714404
587.950000,-40.594655,-40.810544,-40.694901
588.000000,-40.575087,-40.791339,-40.675418
588.050000,-40.555537,-40.772152,-40.655954
588.100000,-40.536004,-40.752983,-40.636507
588.150000,-40.516488,-40.733830,-40.617077
588.200000,-40.496986,-40.714692,-40.597663
588.250000,-40.477499,-40.695569,-40.578264
588.300000,-40.458025,-40.676460,-40.558879
588.350000,-40.438564,-40.657365,-40.539507
588.400000,-40.419115,-40.638281,-40.520149
588.450000,-40.399676,-40.619209,-40.500801
588.500000,-40.380248,-40.600147,-40.481465
588.550000,-40.360829,-40.581096,-40.462139
588.600000,-40.341419,-40.562053,-40.442822
588.650000,-40.322017,-40.543019,-40.423514
588.700000,-40.302621,-40.523992,-40.404213
588.750000,-40.283232,-40.504973,-40.384919
588.800000,-40.263848,-40.485959,-40.365632
588.850000,-40.244469,-40.466951,-40.346350
588.900000,-40.225093,-40.447947,-40.327073
588.950000,-40.205721,-40.428948,-40.307799
589.000000,-40.186351,-40.409951,-40.288529
589.050000,-40.166983,-40.390958,-40.269262
589.100000,-40.147616,-40.371966,-40.249996
589.150000,-40.128250,-40.352975,-40.230731
589.200000,-40.108882,-40.333985,-40.211467
589.250000,-40.089514,-40.314994,-40.192202
589.300000,-40.070143,-40.296003,-40.172936
589.350000,-40.050770,-40.277010,-40.153669
589.400000,-40.031394,-40.258015,-40.134399
589.450000,-40.012014,-40.239017,-40.115126
589.500000,-39.992629,-40.220015,-40.095849
589.550000,-39.973238,-40.201010,-40.076568
589.600000,-39.953842,-40.181999,-40.057281
589.650000,-39.934438,-40.162983,-40.037989
589.700000,-39.915028,-40.143961,-40.018690
589.750000,-39.895609,-40.124932,-39.999384
589.800000,-39.876181,-40.105896,-39.980070
589.850000,-39.856744,-40.086851,-39.960747
589.900000,-39.837297,-40.067798,-39.941416
589.950000,-39.817839,-40.048736,-39.922074
590.000000,-39.798369,-40.029663,-39.902722
590.050000,-39.778887,-40.010580,-39.883359
590.100000,-39.759392,-39.991486,-39.863984
590.150000,-39.739884,-39.972379,-39.844596
590.200000,-39.720361,-39.953260,-39.825195
590.250000,-39.700824,-39.934128,-39.805780
590.300000,-39.681271,-39.914982,-39.786351
590.350000,-39.661701,-39.895822,-39.766906
590.400000,-39.642115,-39.876646,-39.747445
590.450000,-39.622511,-39.857455,-39.727968
590.500000,-39.602888,-39.838247,-39.708474
590.550000,-39.583247,-39.819023,-39.688962
590.600000,-39.563586,-39.799780,-39.669431
590.650000,-39.543904,-39.780519,-39.649880
590.700000,-39.524201,-39.761239,-39.630310
590.750000,-39.504477,-39.741940,-39.610719
590.800000,-39.484730,-39.722620,-39.591107
590.850000,-39.464960,-39.703279,-39.571473
590.900000,-39.445166,-39.683917,-39.551816
590.950000,-39.425347,-39.664532,-39.532136
591.000000,-39.405503,-39.645124,-39.512431
591.050000,-39.385633,-39.625693,-39.492702
591.100000,-39.365736,-39.606237,-39.472947
591.150000,-39.345812,-39.586757,-39.453166
591.200000,-39.325860,-39.567250,-39.433358
591.250000,-39.305878,-39.547717,-39.413523
591.300000,-39.285867,-39.528158,-39.393659
591.350000,-39.265825,-39.508570,-39.373765
591.400000,-39.245752,-39.488954,-39.353842
591.450000,-39.225647,-39.469308,-39.333888
591.500000,-39.205509,-39.449633,-39.313903
591.550000,-39.185338,-39.429927,-39.293886
591.600000,-39.165132,-39.410189,-39.273835
591.650000,-39.144891,-39.390420,-39.253751
591.700000,-39.124614,-39.370617,-39.233632
591.750000,-39.104300,-39.350781,-39.213478
591.800000,-39.083949,-39.330910,-39.193288
591.850000,-39.063559,-39.311004,-39.173060
591.900000,-39.043129,-39.291062,-39.152795
591.950000,-39.022660,-39.271083,-39.132491
592.000000,-39.002150,-39.251066,-39.112148
592.050000,-38.981597,-39.231011,-39.091764
592.100000,-38.961002,-39.210917,-39.071339
592.150000,-38.940363,-39.190782,-39.050872
592.200000,-38.919679,-39.170606,-39.030362
592.250000,-38.898950,-39.150389,-39.009807
592.300000,-38.878174,-39.130128,-38.989208
592.350000,-38.857350,-39.109824,-38.968563
592.400000,-38.836478,-39.089475,-38.947871
592.450000,-38.815556,-39.069081,-38.927132
592.500000,-38.794584,-39.048640,-38.906343
592.550000,-38.773561,-39.028152,-38.885505
592.600000,-38.752484,-39.007616,-38.864616
592.650000,-38.731354,-38.987029,-38.843674
592.700000,-38.710169,-38.966393,-38.822680
592.750000,-38.688928,-38.945705,-38.801632
592.800000,-38.667630,-38.924964,-38.780529
592.850000,-38.646274,-38.904170,-38.759369
592.900000,-38.624859,-38.883321,-38.738152
592.950000,-38.603383,-38.862417,-38.716877
593.000000,-38.581846,-38.841456,-38.695542
593.050000,-38.560245,-38.820436,-38.674146
593.100000,-38.538581,-38.799358,-38.652688
593.150000,-38.516851,-38.778219,-38.631166
593.200000,-38.495054,-38.757019,-38.609580
593.250000,-38.473190,-38.735757,-38.587929
593.300000,-38.451256,-38.714430,-38.566210
593.350000,-38.429251,-38.693038,-38.544423
593.400000,-38.407175,-38.671580,-38.522566
593.450000,-38.385025,-38.650054,-38.500638
593.500000,-38.362800,-38.628459,-38.478637
593.550000,-38.340499,-38.606793,-38.456562
593.600000,-38.318120,-38.585056,-38.434412
593.650000,-38.295661,-38.563245,-38.412185
593.700000,-38.273122,-38.541360,-38.389880
593.750000,-38.250500,-38.519399,-38.367494
593.800000,-38.227794,-38.497360,-38.345027
593.850000,-38.205003,-38.475242,-38.322477
593.900000,-38.182123,-38.453043,-38.299842
593.950000,-38.159155,-38.430762,-38.277121
594.000000,-38.136096,-38.408396,-38.254311
594.050000,-38.112943,-38.385945,-38.231411
594.100000,-38.089697,-38.363407,-38.208420
594.150000,-38.066353,-38.340780,-38.185335
594.200000,-38.042911,-38.318061,-38.162154
594.250000,-38.019369,-38.295250,-38.138876
594.300000,-37.995724,-38.272344,-38.115498
594.350000,-37.971974,-38.249342,-38.092019
594.400000,-37.948118,-38.226241,-38.068436
594.450000,-37.924153,-38.203040,-38.044747
594.500000,-37.900076,-38.179736,-38.020951
594.550000,-37.875886,-38.156327,-37.997044
594.600000,-37.851581,-38.132811,-37.973025
594.650000,-37.827156,-38.109186,-37.948891
594.700000,-37.802612,-38.085449,-37.924640
594.750000,-37.777943,-38.061599,-37.900270
594.800000,-37.753149,-38.037632,-37.875776
594.850000,-37.728226,-38.013546,-37.851158
594.900000,-37.703172,-37.989339,-37.826413
594.950000,-37.677983,-37.965009,-37.801536
595.000000,-37.652657,-37.940551,-37.776527
595.050000,-37.627191,-37.915964,-37.751381
595.100000,-37.601582,-37.891245,-37.726097
595.150000,-37.575825,-37.866390,-37.700669
595.200000,-37.549919,-37.841397,-37.675097
595.250000,-37.523860,-37.816263,-37.649375
595.300000,-37.497645,-37.790985,-37.623502
595.350000,-37.471268,-37.765558,-37.597473
595.400000,-37.444728,-37.739980,-37.571284
595.450000,-37.418021,-37.714248,-37.544933
595.500000,-37.391141,-37.688357,-37.518415
595.550000,-37.364086,-37.662304,-37.491726
595.600000,-37.336851,-37.636085,-37.464863
595.650000,-37.309432,-37.609697,-37.437821
595.700000,-37.281825,-37.583134,-37.410596
595.750000,-37.254024,-37.556394,-37.383183
595.800000,-37.226026,-37.529471,-37.355578
595.850000,-37.197825,-37.502362,-37.327777
595.900000,-37.169416,-37.475061,-37.299773
595.950000,-37.140794,-37.447563,-37.271563
596.000000,-37.111954,-37.419865,-37.243141
596.050000,-37.082889,-37.391960,-37.214501
596.100000,-37.053596,-37.363844,-37.185639
596.150000,-37.024066,-37.335511,-37.156547
596.200000,-36.994295,-37.306955,-37.127221
596.250000,-36.964275,-37.278170,-37.097653
596.300000,-36.934001,-37.249151,-37.067838
596.350000,-36.903464,-37.219890,-37.037769
596.400000,-36.872659,-37.190383,-37.007439
596.450000,-36.841577,-37.160620,-36.976840
596.500000,-36.810211,-37.130597,-36.945965
596.550000,-36.778553,-37.100305,-36.914807
596.600000,-36.746594,-37.069736,-36.883357
596.650000,-36.714326,-37.038883,-36.851607
596.700000,-36.681740,-37.007738,-36.819548
596.750000,-36.648826,-36.976291,-36.787171
596.800000,-36.615575,-36.944534,-36.754466
596.850000,-36.581976,-36.912458,-36.721423
596.900000,-36.548018,-36.880053,-36.688033
596.950000,-36.513691,-36.847309,-36.654285
597.000000,-36.478983,-36.814215,-36.620167
597.050000,-36.443882,-36.780761,-36.585667
597.100000,-36.408375,-36.746934,-36.550774
597.150000,-36.372450,-36.712723,-36.515474
597.200000,-36.336091,-36.678115,-36.479754
597.250000,-36.299285,-36.643097,-36.443601
597.300000,-36.262017,-36.607656,-36.406999
597.350000,-36.224270,-36.571776,-36.369933
597.400000,-36.186029,-36.535443,-36.332387
597.450000,-36.147275,-36.498641,-36.294344
597.500000,-36.107990,-36.461354,-36.255787
597.550000,-36.068155,-36.423563,-36.216696
597.600000,-36.027749,-36.385251,-36.177052
597.650000,-35.986752,-36.346397,-36.136835
597.700000,-35.945140,-36.306983,-36.096022
597.750000,-35.902890,-36.266985,-36.054590
597.800000,-35.859977,-36.226382,-36.012517
597.850000,-35.816374,-36.185150,-35.969775
597.900000,-35.772054,-36.143264,-35.926338
597.950000,-35.726986,-36.100696,-35.882177
598.000000,-35.681140,-36.057419,-35.837263
598.050000,-35.634483,-36.013403,-35.791562
598.100000,-35.586978,-35.968615,-35.745042
598.150000,-35.538589,-35.923023,-35.697666
598.200000,-35.489276,-35.876591,-35.649395
598.250000,-35.438997,-35.829281,-35.600189
598.300000,-35.387706,-35.781052,-35.550005
598.350000,-35.335356,-35.731861,-35.498796
598.400000,-35.281895,-35.681663,-35.446513
598.450000,-35.227269,-35.630407,-35.393103
598.500000,-35.171418,-35.578043,-35.338509
598.550000,-35.114280,-35.524513,-35.282672
598.600000,-35.055788,-35.469758,-35.225525
598.650000,-34.995869,-35.413712,-35.167000
598.700000,-34.934444,-35.356306,-35.107021
598.750000,-34.871430,-35.297466,-35.045508
598.800000,-34.806736,-35.237109,-34.982372
598.850000,-34.740263,-35.175150,-34.917520
598.900000,-34.671905,-35.111493,-34.850849
598.950000,-34.601546,-35.046036,-34.782247
599.000000,-34.529061,-34.978667,-34.711596
599.050000,-34.454313,-34.909266,-34.638762
599.100000,-34.377151,-34.837701,-34.563603
599.150000,-34.297414,-34.763826,-34.485963
599.200000,-34.214921,-34.687485,-34.405668
599.250000,-34.129476,-34.608505,-34.322532
599.300000,-34.040863,-34.526694,-34.236346
599.350000,-33.948841,-34.441842,-34.146882
599.400000,-33.853145,-34.353719,-34.053886
599.450000,-33.753483,-34.262065,-33.957076
599.500000,-33.649525,-34.166595,-33.856140
599.550000,-33.540906,-34.066989,-33.750728
599.600000,-33.427215,-33.962891,-33.640448
599.650000,-33.307991,-33.853900,-33.524860
599.700000,-33.182714,-33.739564,-33.403469
599.750000,-33.050793,-33.619372,-33.275711
599.800000,-32.911556,-33.492744,-33.140948
599.850000,-32.764238,-33.359021,-32.998450
599.900000,-32.607957,-33.217443,-32.847380
599.950000,-32.441697,-33.067141,-32.686774
600.000000,-32.264279,-32.907106,-32.515513
600.050000,-32.074330,-32.736164,-32.332293
600.100000,-31.870237,-32.552945,-32.135587
600.150000,-31.650095,-32.355832,-31.923594
600.200000,-31.411641,-32.142910,-31.694174
600.250000,-31.152164,-31.911895,-31.444765
600.300000,-30.868391,-31.660036,-31.172283
600.350000,-30.556342,-31.383998,-30.872975
600.400000,-30.211125,-31.079704,-30.542240
600.450000,-29.826683,-30.742117,-30.174383
600.500000,-29.395432,-30.364959,-29.762290
600.550000,-28.907787,-29.940328,-29.296974
600.600000,-28.351504,-29.458172,-28.766978
600.650000,-27.710795,-28.905578,-28.157545
600.700000,-26.965121,-28.265812,-27.449503
600.750000,-26.087604,-27.517047,-26.617793
600.800000,-25.043046,-26.630756,-25.629622
600.850000,-23.785802,-25.569939,-24.442471
600.900000,-22.258449,-24.287827,-23.002774
600.950000,-20.393918,-22.728964,-21.247675
601.000000,-18.127082,-20.837033,-19.115254
601.050000,-15.425382,-18.576683,-16.571977
601.100000,-12.342231,-15.973532,-13.661336
601.150000,-9.066085,-13.155756,-10.550490
601.200000,-5.907721,-10.356325,-7.523370
601.250000,-3.209398,-7.855939,-4.902053
601.300000,-1.232427,-5.897814,-2.943487
601.350000,-0.095511,-4.627069,-1.777182
601.400000,0.211219,-4.082930,-1.410687
601.450000,-0.226857,-4.227853,-1.774089
601.500000,-1.296116,-4.982767,-2.763582
601.550000,-2.880531,-6.251952,-4.267662
601.600000,-4.870967,-7.936269,-6.178368
601.650000,-7.166517,-9.939001,-8.394496
601.700000,-9.673576,-12.168321,-10.821990
601.750000,-12.305734,-14.538999,-13.374438
601.800000,-14.986043,-16.974931,-15.975314
601.850000,-17.651205,-19.412611,-18.561739
601.900000,-20.254424,-21.803653,-21.087058
601.950000,-22.763768,-24.114083,-23.519425
602.000000,-25.156935,-26.320617,-25.837054
602.050000,-27.416148,-28.406309,-28.023324
602.100000,-29.525642,-30.357670,-30.064074
602.150000,-31.471863,-32.163795,-31.947370
602.200000,-33.245147,-33.816932,-33.664747
602.250000,-34.841416,-35.313489,-35.212658
602.300000,-36.262870,-36.654617,-36.593147
602.350000,-37.517390,-37.845982,-37.813417
602.400000,-38.616995,-38.896814,-38.884545
602.450000,-39.576020,-39.818599,-39.819860
602.500000,-40.409506,-40.623830,-40.633492
602.550000,-41.132072,-41.325019,-41.339294
602.600000,-41.757258,-41.934059,-41.950199
602.650000,-42.297240,-42.461872,-42.477917
602.700000,-42.762777,-42.918279,-42.932847
602.750000,-43.163284,-43.311995,-43.324125
602.800000,-43.506958,-43.650692,-43.659734
602.850000,-43.800927,-43.941098,-43.946629
602.900000,-44.051388,-44.189102,-44.190869
602.950000,-44.263733,-44.399861,-44.397731
603.000000,-44.442663,-44.577886,-44.571819
603.050000,-44.592281,-44.727133,-44.717156
603.100000,-44.716173,-44.851070,-44.837260
603.150000,-44.817483,-44.952746,-44.935215
603.200000,-44.898965,-45.034840,-45.013724
603.250000,-44.963042,-45.099712,-45.075163
603.300000,-45.011841,-45.149442,-45.121624
603.350000,-45.047236,-45.185865,-45.154945
603.400000,-45.070881,-45.210600,-45.176749
603.450000,-45.084230,-45.225081,-45.188466
603.500000,-45.088571,-45.230572,-45.191358
603.550000,-45.085038,-45.228195,-45.186543
603.600000,-45.074637,-45.218942,-45.175004
603.650000,-45.058254,-45.203690,-45.157614
603.700000,-45.036675,-45.183219,-45.135143
603.750000,-45.010593,-45.158218,-45.108273
603.800000,-44.980624,-45.129297,-45.077607
603.850000,-44.947310,-45.096999,-45.043679
603.900000,-44.911132,-45.061802,-45.006961
603.950000,-44.872516,-45.024132,-44.967870
604.000000,-44.831838,-44.984365,-44.926775
604.050000,-44.789430,-44.942834,-44.884002
604.100000,-44.745586,-44.899834,-44.839839
604.150000,-44.700566,-44.855625,-44.794541
604.200000,-44.654596,-44.810438,-44.748332
604.250000,-44.607880,-44.764476,-44.701409
604.300000,-44.560595,-44.717917,-44.653946
604.350000,-44.512897,-44.670919,-44.606096
604.400000,-44.464922,-44.623622,-44.557993
604.450000,-44.416790,-44.576146,-44.509755
604.500000,-44.368607,-44.528598,-44.461484
604.550000,-44.320464,-44.481071,-44.413270
604.600000,-44.272440,-44.433646,-44.365190
604.650000,-44.224604,-44.386394,-44.317312
604.700000,-44.177017,-44.339376,-44.269693
604.750000,-44.129729,-44.292643,-44.222385
604.800000,-44.082784,-44.246241,-44.175429
604.850000,-44.036219,-44.200209,-44.128861
604.900000,-43.990066,-44.154578,-44.082713
604.950000,-43.944350,-44.109376,-44.037008
605.000000,-43.899094,-44.064625,-43.991770
605.050000,-43.854315,-44.020344,-43.947013
605.100000,-43.810027,-43.976546,-43.902752
605.150000,-43.766240,-43.933245,-43.858996
605.200000,-43.722963,-43.890448,-43.815754
605.250000,-43.680201,-43.848161,-43.773030
605.300000,-43.637958,-43.806388,-43.730827
605.350000,-43.596234,-43.765132,-43.689147
605.400000,-43.555031,-43.724392,-43.647988
605.450000,-43.514345,-43.684167,-43.607350
605.500000,-43.474175,-43.644454,-43.567229
605.550000,-43.434516,-43.605250,-43.527620
605.600000,-43.395363,-43.566550,-43.488519
605.650000,-43.356711,-43.528349,-43.449919
605.700000,-43.318553,-43.490640,-43.411814
605.750000,-43.280882,-43.453417,-43.374197
605.800000,-43.243690,-43.416671,-43.337061
605.850000,-43.206971,-43.380396,-43.300396
605.900000,-43.170714,-43.344583,-43.264196
605.950000,-43.134913,-43.309224,-43.228450
606.000000,-43.099557,-43.274310,-43.193151
606.050000,-43.064639,-43.239832,-43.158290
606.100000,-43.030149,-43.205781,-43.123857
606.150000,-42.996078,-43.172149,-43.089843
606.200000,-42.962416,-43.138926,-43.056239
606.250000,-42.929156,-43.106102,-43.023036
606.300000,-42.896288,-43.073670,-42.990225
606.350000,-42.863801,-43.041620,-42.957796
606.400000,-42.831689,-43.009942,-42.925741
606.450000,-42.799941,-42.978628,-42.894050
606.500000,-42.768549,-42.947669,-42.862715
606.550000,-42.737504,-42.917056,-42.831727
606.600000,-42.706797,-42.886781,-42.801077
606.650000,-42.676420,-42.856835,-42.770757
606.700000,-42.646364,-42.827210,-42.740759
606.750000,-42.616622,-42.797897,-42.711073
606.800000,-42.587185,-42.768889,-42.681693
606.850000,-42.558045,-42.740177,-42.652610
606.900000,-42.529195,-42.711753,-42.623816
606.950000,-42.500626,-42.683611,-42.595304
607.000000,-42.472332,-42.655742,-42.567067
607.050000,-42.444306,-42.628140,-42.539097
607.100000,-42.416539,-42.600797,-42.511387
607.150000,-42.389026,-42.573706,-42.483930
607.200000,-42.361759,-42.546861,-42.456719
607.250000,-42.334732,-42.520255,-42.429748
607.300000,-42.307938,-42.493880,-42.403011
607.350000,-42.281372,-42.467732,-42.376501
607.400000,-42.255026,-42.441804,-42.350211
607.450000,-42.228895,-42.416090,-42.324137
607.500000,-42.202973,-42.390583,-42.298271
607.550000,-42.177255,-42.365279,-42.272609
607.600000,-42.151735,-42.340172,-42.247145
607.650000,-42.126406,-42.315256,-42.221873
607.700000,-42.101265,-42.290526,-42.196788
607.750000,-42.076306,-42.265977,-42.171886
607.800000,-42.051524,-42.241604,-42.147161
607.850000,-42.026915,-42.217402,-42.122608
607.900000,-42.002472,-42.193366,-42.098222
607.950000,-41.978193,-42.169492,-42.074000
608.000000,-41.954072,-42.145775,-42.049936
608.050000,-41.930105,-42.122211,-42.026026
608.100000,-41.906288,-42.098796,-42.002266
608.150000,-41.882616,-42.075525,-41.978652
608.200000,-41.859086,-42.052394,-41.955180
608.250000,-41.835693,-42.029400,-41.931845
608.300000,-41.812435,-42.006539,-41.908645
608.350000,-41.789306,-41.983807,-41.885575
608.400000,-41.766305,-41.961200,-41.862631
608.450000,-41.743426,-41.938716,-41.839811
608.500000,-41.720666,-41.916349,-41.817111
608.550000,-41.698024,-41.894098,-41.794527
608.600000,-41.675494,-41.871959,-41.772057
608.650000,-41.653074,-41.849929,-41.749696
608.700000,-41.630760,-41.828004,-41.727443
608.750000,-41.608551,-41.806182,-41.705294
608.800000,-41.586442,-41.784461,-41.683246
608.850000,-41.564432,-41.762836,-41.661297
608.900000,-41.542517,-41.741305,-41.639443
608.950000,-41.520695,-41.719866,-41.617682
609.000000,-41.498962,-41.698517,-41.596011
609.050000,-41.477317,-41.677253,-41.574429
609.100000,-41.455758,-41.656074,-41.552931
609.150000,-41.434280,-41.634976,-41.531517
609.200000,-41.412883,-41.613958,-41.510183
609.250000,-41.391564,-41.593017,-41.488928
609.300000,-41.370321,-41.572151,-41.467748
609.350000,-41.349151,-41.551357,-41.446642
609.400000,-41.328052,-41.530634,-41.425609
609.450000,-41.307023,-41.509979,-41.404645
609.500000,-41.286061,-41.489391,-41.383748
609.550000,-41.265164,-41.468868,-41.362917
609.600000,-41.244331,-41.448407,-41.342151
609.650000,-41.223559,-41.428007,-41.321446
609.700000,-41.202847,-41.407666,-41.300801
609.750000,-41.182193,-41.387382,-41.280215
609.800000,-41.161595,-41.367154,-41.259685
609.850000,-41.141052,-41.346979,-41.239210
609.900000,-41.120561,-41.326857,-41.218789
609.950000,-41.100122,-41.306786,-41.198419
610.000000,-41.079732,-41.286763,-41.178099
610.050000,-41.059390,-41.266789,-41.157828
610.100000,-41.039095,-41.246860,-41.137604
610.150000,-41.018845,-41.226976,-41.117426
610.200000,-40.998639,-41.207135,-41.097292
610.250000,-40.978475,-41.187336,-41.077200
610.300000,-40.958352,-41.167577,-41.057150
610.350000,-40.938268,-41.147858,-41.037140
610.400000,-40.918222,-41.128176,-41.017169
610.450000,-40.898213,-41.108531,-40.997235
610.500000,-40.878240,-41.088922,-40.977337
610.550000,-40.858302,-41.069346,-40.957474
610.600000,-40.838396,-41.049804,-40.937645
610.650000,-40.818522,-41.030293,-40.917849
610.700000,-40.798680,-41.010813,-40.898084
610.750000,-40.778866,-40.991362,-40.878349
610.800000,-40.759082,-40.971940,-40.858643
610.850000,-40.739324,-40.952545,-40.838965
610.900000,-40.719593,-40.933176,-40.819314
610.950000,-40.699887,-40.913833,-40.799689
611.000000,-40.680206,-40.894513,-40.780088
611.050000,-40.660547,-40.875217,-40.760512
611.100000,-40.640911,-40.855944,-40.740958
611.150000,-40.621296,-40.836691,-40.721426
611.200000,-40.601701,-40.817459,-40.701915
611.250000,-40.582125,-40.798246,-40.682424
611.300000,-40.562568,-40.779052,-40.662952
611.350000,-40.543028,-40.759876,-40.643498
611.400000,-40.523504,-40.740716,-40.624061
611.450000,-40.503996,-40.721572,-40.604640
611.500000,-40.484503,-40.702443,-40.585235
611.550000,-40.465024,-40.683328,-40.565844
611.600000,-40.445557,-40.664227,-40.546467
611.650000,-40.426103,-40.645138,-40.527103
611.700000,-40.406660,-40.626061,-40.507751
611.750000,-40.387227,-40.606995,-40.488410
611.800000,-40.367804,-40.587939,-40.469079
611.850000,-40.348390,-40.568892,-40.449758
611.900000,-40.328984,-40.549854,-40.430446
611.950000,-40.309585,-40.530824,-40.411141
612.000000,-40.290192,-40.511801,-40.391844
612.050000,-40.270806,-40.492784,-40.372554
612.100000,-40.251424,-40.473773,-40.353269
612.150000,-40.232046,-40.454767,-40.333989
612.200000,-40.212672,-40.435766,-40.314714
612.250000,-40.193301,-40.416767,-40.295442
612.300000,-40.173932,-40.397772,-40.276172
612.350000,-40.154563,-40.378778,-40.256905
612.400000,-40.135196,-40.359786,-40.237639
612.450000,-40.115828,-40.340795,-40.218374
612.500000,-40.096459,-40.321804,-40.199108
612.550000,-40.077088,-40.302812,-40.179842
612.600000,-40.057715,-40.283819,-40.160575
612.650000,-40.038339,-40.264824,-40.141305
612.700000,-40.018960,-40.245826,-40.122032
612.750000,-39.999576,-40.226825,-40.102756
612.800000,-39.980186,-40.207820,-40.083475
612.850000,-39.960791,-40.188811,-40.064190
612.900000,-39.941390,-40.169796,-40.044899
612.950000,-39.921981,-40.150775,-40.025602
613.000000,-39.902564,-40.131748,-40.006297
613.050000,-39.883139,-40.112713,-39.986985
613.100000,-39.863704,-40.093671,-39.967665
613.150000,-39.844260,-40.074620,-39.948336
613.200000,-39.824805,-40.055560,-39.928997
613.250000,-39.805339,-40.036491,-39.909648
613.300000,-39.785860,-40.017411,-39.890288
613.350000,-39.766369,-39.998320,-39.870917
613.400000,-39.746865,-39.979217,-39.851533
613.450000,-39.727347,-39.960102,-39.832136
613.500000,-39.707814,-39.940974,-39.812725
613.550000,-39.688266,-39.921832,-39.793300
613.600000,-39.668701,-39.902676,-39.773860
613.650000,-39.649120,-39.883505,-39.754404
613.700000,-39.629522,-39.864319,-39.734932
613.750000,-39.609905,-39.845116,-39.715443
613.800000,-39.590269,-39.825897,-39.695937
613.850000,-39.570615,-39.806660,-39.676412
613.900000,-39.550940,-39.787405,-39.656867
613.950000,-39.531244,-39.768131,-39.637304
614.000000,-39.511526,-39.748838,-39.617719
614.050000,-39.491787,-39.729524,-39.598114
614.100000,-39.472024,-39.710190,-39.578487
614.150000,-39.452238,-39.690835,-39.558838
614.200000,-39.432427,-39.671457,-39.539165
614.250000,-39.412591,-39.652057,-39.519468
614.300000,-39.392730,-39.632633,-39.499747
614.350000,-39.372842,-39.613186,-39.480001
614.400000,-39.352927,-39.593713,-39.460229
614.450000,-39.332984,-39.574215,-39.440429
614.500000,-39.313012,-39.554691,-39.420603
614.550000,-39.293010,-39.535140,-39.400748
614.600000,-39.272979,-39.515562,-39.380865
614.650000,-39.252916,-39.495955,-39.360951
614.700000,-39.232822,-39.476319,-39.341008
614.750000,-39.212695,-39.456654,-39.321033
614.800000,-39.192535,-39.436958,-39.301026
614.850000,-39.172340,-39.417231,-39.280987
614.900000,-39.152111,-39.397472,-39.260914
614.950000,-39.131846,-39.377681,-39.240807
615.000000,-39.111545,-39.357855,-39.220664
615.050000,-39.091206,-39.337996,-39.200486
615.100000,-39.070829,-39.318102,-39.180271
615.150000,-39.050413,-39.298172,-39.160019
615.200000,-39.029957,-39.278206,-39.139728
615.250000,-39.009461,-39.258202,-39.119398
615.300000,-38.988922,-39.238159,-39.099028
615.350000,-38.968342,-39.218078,-39.078617
615.400000,-38.947718,-39.197957,-39.058164
615.450000,-38.927049,-39.177795,-39.037668
615.500000,-38.906335,-39.157592,-39.017129
615.550000,-38.885575,-39.137346,-38.996545
615.600000,-38.864768,-39.117057,-38.975916
615.650000,-38.843912,-39.096723,-38.955240
615.700000,-38.823008,-39.076345,-38.934516
615.750000,-38.802053,-39.055920,-38.913745
615.800000,-38.781047,-39.035448,-38.892923
615.850000,-38.759988,-39.014928,-38.872051
615.900000,-38.738876,-38.994358,-38.851128
615.950000,-38.717710,-38.973739,-38.830152
616.000000,-38.696489,-38.953069,-38.809122
616.050000,-38.675210,-38.932346,-38.788038
616.100000,-38.653874,-38.911570,-38.766898
616.150000,-38.632479,-38.890740,-38.745700
616.200000,-38.611024,-38.869855,-38.724445
616.250000,-38.589508,-38.848913,-38.703130
616.300000,-38.567929,-38.827914,-38.681755
616.350000,-38.546287,-38.806856,-38.660319
616.400000,-38.524579,-38.785738,-38.638819
616.450000,-38.502806,-38.764559,-38.617255
616.500000,-38.480964,-38.743318,-38.595626
616.550000,-38.459054,-38.722013,-38.573931
616.600000,-38.437074,-38.700644,-38.552167
616.650000,-38.415023,-38.679208,-38.530334
616.700000,-38.392898,-38.657706,-38.508430
616.750000,-38.370699,-38.636134,-38.486455
616.800000,-38.348424,-38.614493,-38.464406
616.850000,-38.326072,-38.592781,-38.442282
616.900000,-38.303641,-38.570995,-38.420081
616.950000,-38.281130,-38.549136,-38.397803
617.000000,-38.258537,-38.527201,-38.375445
617.050000,-38.235860,-38.505189,-38.353007
617.100000,-38.213098,-38.483098,-38.330485
617.150000,-38.190249,-38.460927,-38.307880
617.200000,-38.167312,-38.438674,-38.285188
617.250000,-38.144284,-38.416338,-38.262409
617.300000,-38.121164,-38.393917,-38.239541
617.350000,-38.097950,-38.371409,-38.216581
617.400000,-38.074640,-38.348813,-38.193528
617.450000,-38.051232,-38.326126,-38.170381
617.500000,-38.027725,-38.303347,-38.147136
617.550000,-38.004116,-38.280474,-38.123793
617.600000,-37.980402,-38.257505,-38.100349
617.650000,-37.956583,-38.234439,-38.076803
617.700000,-37.932656,-38.211272,-38.053151
617.750000,-37.908618,-38.188004,-38.029392
617.800000,-37.884468,-38.164631,-38.005524
617.850000,-37.860202,-38.141152,-37.981544
617.900000,-37.835819,-38.117565,-37.957450
617.950000,-37.811317,-38.093868,-37.933240
618.000000,-37.786691,-38.070057,-37.908911
618.050000,-37.761941,-38.046131,-37.884460
618.100000,-37.737063,-38.022086,-37.859886
618.150000,-37.712055,-37.997922,-37.835184
618.200000,-37.686913,-37.973634,-37.810354
618.250000,-37.661635,-37.949221,-37.785391
618.300000,-37.636218,-37.924679,-37.760293
618.350000,-37.610658,-37.900006,-37.735057
618.400000,-37.584953,-37.875199,-37.709679
618.450000,-37.559100,-37.850254,-37.684157
618.500000,-37.533094,-37.825169,-37.658488
618.550000,-37.506933,-37.799941,-37.632668
618.600000,-37.480613,-37.774566,-37.606693
618.650000,-37.454131,-37.749041,-37.580560
618.700000,-37.427482,-37.723363,-37.554266
618.750000,-37.400662,-37.697528,-37.527806
618.800000,-37.373669,-37.671531,-37.501177
618.850000,-37.346497,-37.645371,-37.474375
618.900000,-37.319142,-37.619042,-37.447396
618.950000,-37.291601,-37.592540,-37.420235
619.000000,-37.263868,-37.565862,-37.392888
619.050000,-37.235939,-37.539003,-37.365350
619.100000,-37.207809,-37.511959,-37.337618
619.150000,-37.179473,-37.484725,-37.309685
619.200000,-37.150926,-37.457297,-37.281548
619.250000,-37.122162,-37.429669,-37.253200
619.300000,-37.093177,-37.401837,-37.224636
619.350000,-37.063963,-37.373795,-37.195852
619.400000,-37.034517,-37.345538,-37.166841
619.450000,-37.004830,-37.317060,-37.137597
619.500000,-36.974898,-37.288355,-37.108114
619.550000,-36.944713,-37.259418,-37.078386
619.600000,-36.914269,-37.230243,-37.048406
619.650000,-36.883558,-37.200822,-37.018168
619.700000,-36.852573,-37.171149,-36.987663
619.750000,-36.821307,-37.141218,-36.956886
619.800000,-36.789752,-37.111020,-36.925827
619.850000,-36.757899,-37.080548,-36.894480
619.900000,-36.725740,-37.049796,-36.862835
619.950000,-36.693266,-37.018753,-36.830885
620.000000,-36.660467,-36.987413,-36.798620
620.050000,-36.627335,-36.955765,-36.766030
620.100000,-36.593858,-36.923802,-36.733107
620.150000,-36.560027,-36.891512,-36.699840
620.200000,-36.525830,-36.858888,-36.666217
620.250000,-36.491257,-36.825917,-36.632230
620.300000,-36.456294,-36.792590,-36.597864
620.350000,-36.420931,-36.758894,-36.563110
620.400000,-36.385153,-36.724818,-36.527953
620.450000,-36.348947,-36.690351,-36.492382
620.500000,-36.312299,-36.655478,-36.456382
620.550000,-36.275194,-36.620186,-36.419938
620.600000,-36.237617,-36.584461,-36.383036
620.650000,-36.199550,-36.548288,-36.345660
620.700000,-36.160977,-36.511652,-36.307793
620.750000,-36.121880,-36.474536,-36.269417
620.800000,-36.082239,-36.436923,-36.230515
620.850000,-36.042035,-36.398795,-36.191066
620.900000,-36.001247,-36.360133,-36.151052
620.950000,-35.959853,-36.320917,-36.110450
621.000000,-35.917829,-36.281126,-36.069237
621.050000,-35.875151,-36.240737,-36.027391
621.100000,-35.831792,-36.199728,-35.984886
621.150000,-35.787726,-36.158073,-35.941695
621.200000,-35.742923,-36.115747,-35.897791
621.250000,-35.697353,-36.072721,-35.853144
621.300000,-35.650983,-36.028967,-35.807722
621.350000,-35.603779,-35.984453,-35.761492
621.400000,-35.555704,-35.939146,-35.714420
621.450000,-35.506719,-35.893012,-35.666466
621.500000,-35.456783,-35.846014,-35.617593
621.550000,-35.405851,-35.798111,-35.567756
621.600000,-35.353878,-35.749262,-35.516911
621.650000,-35.300811,-35.699421,-35.465009
621.700000,-35.246599,-35.648541,-35.412000
621.750000,-35.191184,-35.596571,-35.357827
621.800000,-35.134505,-35.543456,-35.302433
621.850000,-35.076494,-35.489137,-35.245752
621.900000,-35.017083,-35.433550,-35.187718
621.950000,-34.956195,-35.376629,-35.128257
622.000000,-34.893748,-35.318300,-35.067290
622.050000,-34.829652,-35.258484,-35.004733
622.100000,-34.763814,-35.197096,-34.940493
622.150000,-34.696129,-35.134045,-34.874471
622.200000,-34.626485,-35.069230,-34.806559
622.250000,-34.554759,-35.002544,-34.736639
622.300000,-34.480820,-34.933869,-34.664586
622.350000,-34.404521,-34.863078,-34.590258
622.400000,-34.325706,-34.790029,-34.513506
622.450000,-34.244200,-34.714571,-34.434161
622.500000,-34.159813,-34.636536,-34.352043
622.550000,-34.072335,-34.555739,-34.266951
622.600000,-33.981536,-34.471978,-34.178662
622.650000,-33.887160,-34.385029,-34.086934
622.700000,-33.788923,-34.294643,-33.991494
622.750000,-33.686509,-34.200544,-33.892042
622.800000,-33.579568,-34.102426,-33.788240
622.850000,-33.467704,-33.999946,-33.679714
622.900000,-33.350475,-33.892718,-33.566039
622.950000,-33.227382,-33.780309,-33.446742
623.000000,-33.097861,-33.662232,-33.321284
623.050000,-32.961271,-33.537930,-33.189054
623.100000,-32.816879,-33.406774,-33.049356
623.150000,-32.663847,-33.268042,-32.901393
623.200000,-32.501210,-33.120905,-32.744248
623.250000,-32.327848,-32.964405,-32.576859
623.300000,-32.142462,-32.797431,-32.397992
623.350000,-31.943527,-32.618686,-32.206203
623.400000,-31.729247,-32.426644,-31.999793
623.450000,-31.497496,-32.219503,-31.776749
623.500000,-31.245729,-31.995116,-31.534669
623.550000,-30.970886,-31.750910,-31.270664
623.600000,-30.669253,-31.483770,-30.981235
623.650000,-30.336286,-31.189900,-30.662102
623.700000,-29.966371,-30.864627,-30.307987
623.750000,-29.552505,-30.502147,-29.912317
623.800000,-29.085870,-30.095179,-29.466820
623.850000,-28.555242,-29.634494,-28.960988
623.900000,-27.946194,-29.108277,-28.381331
623.950000,-27.240012,-28.501262,-27.710372
624.000000,-26.412248,-27.793574,-26.925308
624.050000,-25.430866,-26.959234,-25.996287
624.100000,-24.254107,-25.964409,-24.884413
624.150000,-22.828699,-24.765813,-23.540026
624.200000,-21.090293,-23.310620,-21.902956
624.250000,-18.970792,-21.541220,-19.908916
624.300000,-16.421170,-19.411242,-17.509868
624.350000,-13.457800,-16.919560,-14.715934
624.400000,-10.218924,-14.155214,-11.647889
624.450000,-6.979405,-11.318089,-8.554459
624.500000,-4.083840,-8.681514,-5.756317
624.550000,-1.832772,-6.511038,-3.543611
624.600000,-0.396869,-4.989820,-2.093214
624.650000,0.193857,-4.192093,-1.451378
624.700000,0.004641,-4.102981,-1.569719
624.750000,-0.856748,-4.654471,-2.352375
624.800000,-2.273414,-5.754654,-3.688645
624.850000,-4.133403,-7.304642,-5.468685
624.900000,-6.332997,-9.206485,-7.588813
624.950000,-8.776132,-11.366450,-9.952461
625.000000,-11.373755,-13.696770,-12.470392
625.050000,-14.045180,-16.117776,-15.062230
625.100000,-16.721840,-18.561149,-17.659880
625.150000,-19.351081,-20.973090,-20.210925
625.200000,-21.896241,-23.314881,-22.678757
625.250000,-24.332309,-25.560011,-25.038683
625.300000,-26.640361,-27.689742,-27.272714
625.350000,-28.804025,-29.689571,-29.365969
625.400000,-30.808825,-31.547676,-31.305640
625.450000,-32.643515,-33.255089,-33.081865
625.500000,-34.301911,-34.806655,-34.689242
625.550000,-35.784019,-36.201844,-36.127848
625.600000,-37.095867,-37.444818,-37.403191
625.650000,-38.248230,-38.543697,-38.525168
625.700000,-39.254834,-39.509327,-39.506501
625.750000,-40.130627,-40.353979,-40.361183
625.800000,-40.890473,-41.090247,-41.103259
625.850000,-41.548338,-41.730294,-41.746033
625.900000,-42.116894,-42.285407,-42.301664
625.950000,-42.607392,-42.765800,-42.781008
626.000000,-43.029704,-43.180569,-43.193636
626.050000,-43.392439,-43.537742,-43.547919
626.100000,-43.703082,-43.844365,-43.851159
626.150000,-43.968143,-44.106612,-44.109714
626.200000,-44.193282,-44.329883,-44.329122
626.250000,-44.383430,-44.518906,-44.514214
626.300000,-44.542890,-44.677822,-44.669205
626.350000,-44.675421,-44.810264,-44.797782
626.400000,-44.784315,-44.919421,-44.903175
626.450000,-44.872456,-45.008095,-44.988214
626.500000,-44.942377,-45.078754,-45.055385
626.550000,-44.996306,-45.133571,-45.106875
626.600000,-45.036201,-45.174463,-45.144606
626.650000,-45.063788,-45.203123,-45.170275
626.700000,-45.080591,-45.221045,-45.185375
626.750000,-45.087953,-45.229552,-45.191227
626.800000,-45.087059,-45.229814,-45.188994
626.850000,-45.078958,-45.222865,-45.179706
626.900000,-45.064577,-45.209622,-45.164274
626.950000,-45.044735,-45.190897,-45.143502
627.000000,-45.020157,-45.167409,-45.118100
627.050000,-44.991484,-45.139797,-45.088700
627.100000,-44.959284,-45.108624,-45.055859
627.150000,-44.924058,-45.074391,-45.020067
627.200000,-44.886251,-45.037542,-44.981763
627.250000,-44.846255,-44.998469,-44.941330
627.300000,-44.804418,-44.957520,-44.899109
627.350000,-44.761045,-44.915003,-44.855402
627.400000,-44.716408,-44.871189,-44.810474
627.450000,-44.670746,-44.826320,-44.764560
627.500000,-44.624270,-44.780607,-44.717865
627.550000,-44.577164,-44.734237,-44.670572
627.600000,-44.529593,-44.687376,-44.622841
627.650000,-44.481700,-44.640168,-44.574812
627.700000,-44.433609,-44.592740,-44.526608
627.750000,-44.385432,-44.545206,-44.478337
627.800000,-44.337264,-44.497661,-44.430092
627.850000,-44.289189,-44.450191,-44.381956
627.900000,-44.241280,-44.402870,-44.333999
627.950000,-44.193598,-44.355762,-44.286283
628.000000,-44.146199,-44.308923,-44.238859
628.050000,-44.099128,-44.262399,-44.191774
628.100000,-44.052425,-44.216233,-44.145066
628.150000,-44.006124,-44.170457,-44.098767
628.200000,-43.960251,-44.125101,-44.052903
628.250000,-43.914831,-44.080188,-44.007498
628.300000,-43.869882,-44.035740,-43.962570
628.350000,-43.825419,-43.991770,-43.918133
628.400000,-43.781455,-43.948293,-43.874198
628.450000,-43.737998,-43.905318,-43.830775
628.500000,-43.695054,-43.862851,-43.787868
628.550000,-43.652628,-43.820897,-43.745481
628.600000,-43.610721,-43.779458,-43.703617
628.650000,-43.569335,-43.738536,-43.662275
628.700000,-43.528467,-43.698130,-43.621454
628.750000,-43.488116,-43.658237,-43.581151
628.800000,-43.448277,-43.618855,-43.541362
628.850000,-43.408947,-43.579978,-43.502083
628.900000,-43.370119,-43.541602,-43.463307
628.950000,-43.331788,-43.503720,-43.425029
629.000000,-43.293946,-43.466327,-43.387241
629.050000,-43.256587,-43.429414,-43.349936
629.100000,-43.219702,-43.392974,-43.313107
629.150000,-43.183283,-43.356999,-43.276744
629.200000,-43.147322,-43.321481,-43.240839
629.250000,-43.111811,-43.286411,-43.205384
629.300000,-43.076740,-43.251781,-43.170369
629.350000,-43.042100,-43.217581,-43.135786
629.400000,-43.007882,-43.183802,-43.101626
629.450000,-42.974077,-43.150436,-43.067879
629.500000,-42.940677,-43.117473,-43.034535
629.550000,-42.907671,-43.084904,-43.001587
629.600000,-42.875052,-43.052719,-42.969025
629.650000,-42.842808,-43.020911,-42.936839
629.700000,-42.810933,-42.989470,-42.905021
629.750000,-42.779417,-42.958387,-42.873562
629.800000,-42.748250,-42.927654,-42.842452
629.850000,-42.717425,-42.897260,-42.811684
629.900000,-42.686932,-42.867199,-42.781249
629.950000,-42.656764,-42.837462,-42.751138
630.000000,-42.626913,-42.808040,-42.721343
630.050000,-42.597369,-42.778925,-42.691856
630.100000,-42.568125,-42.750109,-42.662669
630.150000,-42.539173,-42.721585,-42.633774
630.200000,-42.510506,-42.693344,-42.605164
630.250000,-42.482116,-42.665380,-42.576830
630.300000,-42.453996,-42.637685,-42.548767
630.350000,-42.426139,-42.610251,-42.520965
630.400000,-42.398537,-42.583072,-42.493420
630.450000,-42.371184,-42.556141,-42.466123
630.500000,-42.344073,-42.529451,-42.439069
630.550000,-42.317198,-42.502995,-42.412249
630.600000,-42.290552,-42.476768,-42.385660
630.650000,-42.264128,-42.450763,-42.359293
630.700000,-42.237922,-42.424973,-42.333143
630.750000,-42.211927,-42.399394,-42.307204
630.800000,-42.186138,-42.374019,-42.281471
630.850000,-42.160548,-42.348843,-42.255937
630.900000,-42.135152,-42.323860,-42.230598
630.950000,-42.109946,-42.299065,-42.205448
631.000000,-42.084923,-42.274452,-42.180482
631.050000,-42.060079,-42.250017,-42.155694
631.100000,-42.035409,-42.225755,-42.131081
631.150000,-42.010908,-42.201661,-42.106637
631.200000,-41.986571,-42.177730,-42.082357
631.250000,-41.962394,-42.153958,-42.058237
631.300000,-41.938373,-42.130341,-42.034273
631.350000,-41.914503,-42.106873,-42.010461
631.400000,-41.890781,-42.083551,-41.986796
631.450000,-41.867201,-42.060372,-41.963273
631.500000,-41.843760,-42.037330,-41.939890
631.550000,-41.820454,-42.014422,-41.916643
631.600000,-41.797280,-41.991645,-41.893527
631.650000,-41.774234,-41.968994,-41.870539
631.700000,-41.751312,-41.946466,-41.847676
631.750000,-41.728510,-41.924058,-41.824933
631.800000,-41.705826,-41.901766,-41.802308
631.850000,-41.683257,-41.879588,-41.779798
631.900000,-41.660798,-41.857519,-41.757399
631.950000,-41.638447,-41.835557,-41.735108
632.000000,-41.616201,-41.813699,-41.712922
632.050000,-41.594057,-41.791942,-41.690839
632.100000,-41.572012,-41.770283,-41.668854
632.150000,-41.550063,-41.748719,-41.646967
632.200000,-41.528208,-41.727248,-41.625173
632.250000,-41.506444,-41.705867,-41.603471
632.300000,-41.484768,-41.684573,-41.581857
632.350000,-41.463178,-41.663364,-41.560329
632.400000,-41.441672,-41.642237,-41.538886
632.450000,-41.420246,-41.621191,-41.517523
632.500000,-41.398899,-41.600223,-41.496240
632.550000,-41.377629,-41.579330,-41.475033
632.600000,-41.356433,-41.558510,-41.453902
632.650000,-41.335309,-41.537762,-41.432842
632.700000,-41.314255,-41.517083,-41.411854
632.750000,-41.293270,-41.496471,-41.390933
632.800000,-41.272350,-41.475925,-41.370079
632.850000,-41.251494,-41.455442,-41.349290
632.900000,-41.230700,-41.435020,-41.328563
632.950000,-41.209967,-41.414658,-41.307897
633.000000,-41.189292,-41.394354,-41.287289
633.050000,-41.168674,-41.374106,-41.266739
633.100000,-41.148111,-41.353912,-41.246245
633.150000,-41.127602,-41.333772,-41.225805
633.200000,-41.107144,-41.313682,-41.205416
633.250000,-41.086737,-41.293642,-41.185079
633.300000,-41.066378,-41.273650,-41.164790
633.350000,-41.046066,-41.253705,-41.144550
633.400000,-41.025800,-41.233805,-41.124355
633.450000,-41.005578,-41.213948,-41.104205
633.500000,-40.985399,-41.194134,-41.084098
633.550000,-40.965261,-41.174361,-41.064033
633.600000,-40.945163,-41.154628,-41.044008
633.650000,-40.925103,-41.134932,-41.024023
633.700000,-40.905081,-41.115274,-41.004076
633.750000,-40.885095,-41.095652,-40.984165
633.800000,-40.865144,-41.076064,-40.964289
633.850000,-40.845226,-41.056509,-40.944448
633.900000,-40.825341,-41.036987,-40.924640
633.950000,-40.805487,-41.017496,-40.904863
634.000000,-40.785663,-40.998034,-40.885117
634.050000,-40.765868,-40.978602,-40.865401
634.100000,-40.746100,-40.959197,-40.845713
634.150000,-40.726360,-40.939819,-40.826052
634.200000,-40.706645,-40.920466,-40.806417
634.250000,-40.686954,-40.901138,-40.786808
634.300000,-40.667287,-40.881833,-40.767222
634.350000,-40.647642,-40.862551,-40.747660
634.400000,-40.628019,-40.843291,-40.728120
634.450000,-40.608417,-40.824051,-40.708602
634.500000,-40.588834,-40.804831,-40.689103
634.550000,-40.569270,-40.785630,-40.669624
634.600000,-40.549723,-40.766447,-40.650163
634.650000,-40.530193,-40.747281,-40.630719
634.700000,-40.510680,-40.728131,-40.611293
634.750000,-40.491181,-40.708996,-40.591881
634.800000,-40.471696,-40.689876,-40.572485
634.850000,-40.452224,-40.670769,-40.553103
634.900000,-40.432765,-40.651676,-40.533733
634.950000,-40.413318,-40.632594,-40.514376
635.000000,-40.393881,-40.613523,-40.495031
635.050000,-40.374454,-40.594463,-40.475696
635.100000,-40.355036,-40.575413,-40.456371
635.150000,-40.335627,-40.556371,-40.437055
635.200000,-40.316225,-40.537338,-40.417748
635.250000,-40.296830,-40.518312,-40.398448
635.300000,-40.277440,-40.499293,-40.379154
635.350000,-40.258056,-40.480279,-40.359867
635.400000,-40.238677,-40.461271,-40.340585
635.450000,-40.219301,-40.442267,-40.321307
635.500000,-40.199928,-40.423267,-40.302034
635.550000,-40.180558,-40.404270,-40.282763
635.600000,-40.161188,-40.385275,-40.263494
635.650000,-40.141820,-40.366282,-40.244227
635.700000,-40.122451,-40.347290,-40.224961
635.750000,-40.103082,-40.328299,-40.205696
635.800000,-40.083712,-40.309306,-40.186429
635.850000,-40.064339,-40.290313,-40.167161
635.900000,-40.044964,-40.271318,-40.147892
635.950000,-40.025585,-40.252321,-40.128619
636.000000,-40.006202,-40.233320,-40.109344
636.050000,-39.986814,-40.214316,-40.090064
636.100000,-39.967420,-40.195308,-40.070780
636.150000,-39.948020,-40.176294,-40.051490
636.200000,-39.928613,-40.157275,-40.032195
636.250000,-39.909199,-40.138249,-40.012892
636.300000,-39.889776,-40.119217,-39.993582
636.350000,-39.870344,-40.100177,-39.974265
636.400000,-39.850902,-40.081128,-39.954938
636.450000,-39.831450,-40.062071,-39.935602
636.500000,-39.811987,-40.043004,-39.916256
636.550000,-39.792513,-40.023927,-39.896899
636.600000,-39.773026,-40.004839,-39.877531
636.650000,-39.753525,-39.985740,-39.858151
636.700000,-39.734011,-39.966629,-39.838758
636.750000,-39.714483,-39.947504,-39.819351
636.800000,-39.694939,-39.928367,-39.799930
636.850000,-39.675380,-39.909215,-39.780495
636.900000,-39.655804,-39.890049,-39.761044
636.950000,-39.636211,-39.870867,-39.741577
637.000000,-39.616600,-39.851670,-39.722094
637.050000,-39.596970,-39.832456,-39.702592
637.100000,-39.577322,-39.813224,-39.683073
637.150000,-39.557653,-39.793975,-39.663535
637.200000,-39.537964,-39.774707,-39.643977
637.250000,-39.518253,-39.755420,-39.624400
637.300000,-39.498520,-39.736113,-39.604801
637.350000,-39.478765,-39.716785,-39.585181
637.400000,-39.458986,-39.697437,-39.565539
637.450000,-39.439184,-39.678066,-39.545873
637.500000,-39.419356,-39.658673,-39.526184
637.550000,-39.399503,-39.639257,-39.506471
637.600000,-39.379623,-39.619817,-39.486733
637.650000,-39.359717,-39.600353,-39.466969
637.700000,-39.339783,-39.580863,-39.447178
637.750000,-39.319820,-39.561347,-39.427361
637.800000,-39.299828,-39.541805,-39.407515
637.850000,-39.279806,-39.522235,-39.387641
637.900000,-39.259754,-39.502638,-39.367737
637.950000,-39.239670,-39.483011,-39.347804
638.000000,-39.219554,-39.463356,-39.327839
638.050000,-39.199404,-39.443670,-39.307843
638.100000,-39.179221,-39.423953,-39.287814
638.150000,-39.159003,-39.404204,-39.267752
638.200000,-39.138750,-39.384423,-39.247656
638.250000,-39.118461,-39.364609,-39.227525
638.300000,-39.098134,-39.344761,-39.207358
638.350000,-39.077770,-39.324878,-39.187156
638.400000,-39.057367,-39.304960,-39.166915
638.450000,-39.036924,-39.285005,-39.146637
638.500000,-39.016441,-39.265014,-39.126320
638.550000,-38.995916,-39.244984,-39.105963
638.600000,-38.975349,-39.224916,-39.085566
638.650000,-38.954739,-39.204808,-39.065127
638.700000,-38.934085,-39.184659,-39.044645
638.750000,-38.913386,-39.164470,-39.024120
638.800000,-38.892642,-39.144238,-39.003551
638.850000,-38.871850,-39.123963,-38.982936
638.900000,-38.851010,-39.103644,-38.962276
638.950000,-38.830122,-39.083280,-38.941568
639.000000,-38.809184,-39.062871,-38.920812
639.050000,-38.788195,-39.042414,-38.900007
639.100000,-38.767153,-39.021910,-38.879152
639.150000,-38.746059,-39.001357,-38.858246
639.200000,-38.724911,-38.980754,-38.837287
639.250000,-38.703708,-38.960101,-38.816275
639.300000,-38.682448,-38.939395,-38.795209
639.350000,-38.661132,-38.918637,-38.774087
639.400000,-38.639756,-38.897825,-38.752909
639.450000,-38.618321,-38.876958,-38.731673
639.500000,-38.596825,-38.856035,-38.710378
639.550000,-38.575267,-38.835055,-38.689023
639.600000,-38.553646,-38.814016,-38.667607
639.650000,-38.531960,-38.792918,-38.646128
639.700000,-38.510208,-38.771759,-38.624586
639.750000,-38.488390,-38.750539,-38.602978
639.800000,-38.466503,-38.729255,-38.581305
639.850000,-38.444546,-38.707908,-38.559564
639.900000,-38.422518,-38.686494,-38.537754
639.950000,-38.400418,-38.665014,-38.515874
640.000000,-38.378244,-38.643466,-38.493922
640.050000,-38.355994,-38.621848,-38.471898
640.100000,-38.333668,-38.600159,-38.449799
640.150000,-38.311263,-38.578398,-38.427624
640.200000,-38.288779,-38.556563,-38.405372
640.250000,-38.266213,-38.534654,-38.383040
640.300000,-38.243564,-38.512667,-38.360629
640.350000,-38.220831,-38.490603,-38.338135
640.400000,-38.198011,-38.468458,-38.315558
640.450000,-38.175103,-38.446233,-38.292895
640.500000,-38.152105,-38.423925,-38.270145
640.550000,-38.129016,-38.401532,-38.247307
640.600000,-38.105834,-38.379053,-38.224377
640.650000,-38.082556,-38.356486,-38.201356
640.700000,-38.059181,-38.333830,-38.178240
640.750000,-38.035707,-38.311082,-38.155028
640.800000,-38.012132,-38.288240,-38.131718
640.850000,-37.988453,-38.265303,-38.108308
640.900000,-37.964670,-38.242269,-38.084795
640.950000,-37.940779,-38.219136,-38.061179
641.000000,-37.916778,-38.195902,-38.037456
641.050000,-37.892665,-38.172565,-38.013624
641.100000,-37.868439,-38.149121,-37.989682
641.150000,-37.844095,-38.125571,-37.965626
641.200000,-37.819633,-38.101910,-37.941455
641.250000,-37.795049,-38.078137,-37.917166
641.300000,-37.770340,-38.054250,-37.892756
641.350000,-37.745505,-38.030245,-37.868223
641.400000,-37.720541,-38.006121,-37.843565
641.450000,-37.695444,-37.981875,-37.818778
641.500000,-37.670211,-37.957504,-37.793859
641.550000,-37.644841,-37.933005,-37.768806
641.600000,-37.619329,-37.908376,-37.743617
641.650000,-37.593673,-37.883614,-37.718287
641.700000,-37.567870,-37.858716,-37.692814
641.750000,-37.541915,-37.833678,-37.667194
641.800000,-37.515807,-37.808498,-37.641424
641.850000,-37.489540,-37.783172,-37.615501
641.900000,-37.463112,-37.757698,-37.589422
641.950000,-37.436519,-37.732071,-37.563182
642.000000,-37.409758,-37.706289,-37.536778
642.050000,-37.382823,-37.680347,-37.510206
642.100000,-37.355711,-37.654241,-37.483463
642.150000,-37.328418,-37.627969,-37.456543
642.200000,-37.300940,-37.601526,-37.429443
642.250000,-37.273271,-37.574907,-37.402159
642.300000,-37.245408,-37.548109,-37.374686
642.350000,-37.217346,-37.521128,-37.347019
642.400000,-37.189079,-37.493958,-37.319154
642.450000,-37.160604,-37.466595,-37.291085
642.500000,-37.131913,-37.439035,-37.262808
642.550000,-37.103002,-37.411271,-37.234318
642.600000,-37.073866,-37.383300,-37.205608
642.650000,-37.044498,-37.355115,-37.176673
642.700000,-37.014893,-37.326712,-37.147508
642.750000,-36.985044,-37.298084,-37.118106
642.800000,-36.954944,-37.269226,-37.088461
642.850000,-36.924587,-37.240131,-37.058566
642.900000,-36.893967,-37.210793,-37.028415
642.950000,-36.863075,-37.181205,-36.998000
643.000000,-36.831904,-37.151361,-36.967315
643.050000,-36.800446,-37.121253,-36.936352
643.100000,-36.768694,-37.090874,-36.905102
643.150000,-36.736639,-37.060217,-36.873558
643.200000,-36.704271,-37.029272,-36.841711
643.250000,-36.671582,-36.998033,-36.809553
643.300000,-36.638563,-36.966489,-36.777073
643.350000,-36.605203,-36.934633,-36.744263
643.400000,-36.571492,-36.902454,-36.711112
643.450000,-36.537419,-36.869943,-36.677610
643.500000,-36.502973,-36.837089,-36.643746
643.550000,-36.468143,-36.803883,-36.609508
643.600000,-36.432915,-36.770312,-36.574886
643.650000,-36.397278,-36.736365,-36.539866
643.700000,-36.361217,-36.702030,-36.504435
643.750000,-36.324719,-36.667295,-36.468580
643.800000,-36.287769,-36.632145,-36.432287
643.850000,-36.250352,-36.596567,-36.395541
643.900000,-36.212451,-36.560546,-36.358325
643.950000,-36.174050,-36.524067,-36.320625
644.000000,-36.135131,-36.487114,-36.282422
644.050000,-36.095675,-36.449670,-36.243698
644.100000,-36.055663,-36.411717,-36.204436
644.150000,-36.015073,-36.373236,-36.164614
644.200000,-35.973885,-36.334209,-36.124211
644.250000,-35.932075,-36.294613,-36.083206
644.300000,-35.889619,-36.254427,-36.041575
644.350000,-35.846492,-36.213629,-35.999294
644.400000,-35.802667,-36.172194,-35.956337
644.450000,-35.758115,-36.130096,-35.912676
644.500000,-35.712806,-36.087309,-35.868281
644.550000,-35.666709,-36.043803,-35.823123
644.600000,-35.619789,-35.999547,-35.777169
644.650000,-35.572011,-35.954511,-35.730384
644.700000,-35.523336,-35.908659,-35.682731
644.750000,-35.473724,-35.861955,-35.634171
644.800000,-35.423132,-35.814360,-35.584662
644.850000,-35.371514,-35.765834,-35.534161
644.900000,-35.318820,-35.716332,-35.482621
644.950000,-35.265000,-35.665807,-35.429990
645.000000,-35.209996,-35.614209,-35.376214
645.050000,-35.153748,-35.561485,-35.321237
645.100000,-35.096193,-35.507577,-35.264996
645.150000,-35.037261,-35.452424,-35.207425
645.200000,-34.976878,-35.395959,-35.148452
645.250000,-34.914964,-35.338112,-35.088000
645.300000,-34.851433,-35.278805,-35.025987
645.350000,-34.786192,-35.217955,-34.962324
645.400000,-34.719140,-35.155474,-34.896912
645.450000,-34.650167,-35.091264,-34.829648
645.500000,-34.579156,-35.025219,-34.760418
645.550000,-34.505976,-34.957227,-34.689096
645.600000,-34.430488,-34.887162,-34.615550
645.650000,-34.352537,-34.814889,-34.539630
645.700000,-34.271957,-34.740259,-34.461177
645.750000,-34.188561,-34.663110,-34.380013
645.800000,-34.102147,-34.583264,-34.295945
645.850000,-34.012492,-34.500523,-34.208757
645.900000,-33.919349,-34.414673,-34.118214
645.950000,-33.822444,-34.325471,-34.024055
646.000000,-33.721472,-34.232654,-33.925988
646.050000,-33.616096,-34.135924,-33.823689
646.100000,-33.505934,-34.034952,-33.716796
646.150000,-33.390563,-33.929367,-33.604903
646.200000,-33.269502,-33.818752,-33.487554
646.250000,-33.142211,-33.702640,-33.364232
646.300000,-33.008075,-33.580498,-33.234353
646.350000,-32.866395,-33.451723,-33.097251
646.400000,-32.716371,-33.315627,-32.952165
646.450000,-32.557081,-33.171417,-32.798219
646.500000,-32.387463,-33.018182,-32.634405
646.550000,-32.206280,-32.854867,-32.459549
646.600000,-32.012088,-32.680239,-32.272283
646.650000,-31.803190,-32.492856,-32.070999
646.700000,-31.577578,-32.291016,-31.853798
646.750000,-31.332858,-32.072695,-31.618418
646.800000,-31.066157,-31.835475,-31.362146
646.850000,-30.773999,-31.576436,-31.081705
646.900000,-30.452142,-31.292032,-30.773100
646.950000,-30.095362,-30.977910,-30.431416
647.000000,-29.697167,-30.628678,-30.050556
647.050000,-29.249404,-30.237600,-29.622871
647.100000,-28.741738,-29.796162,-29.138678
647.150000,-28.160923,-29.293504,-28.585587
647.200000,-27.489831,-28.715636,-27.947595
647.250000,-26.706130,-28.044381,-27.203863
647.300000,-25.780565,-27.256001,-26.327126
647.350000,-24.674889,-26.319507,-25.281755
647.400000,-23.339827,-25.194922,-24.021838
647.450000,-21.714421,-23.832442,-22.490458
647.500000,-19.730276,-22.175003,-20.623332
647.550000,-17.328010,-20.169632,-18.363421
647.600000,-14.495471,-17.795058,-15.695324
647.650000,-11.324821,-15.105494,-12.697684
647.700000,-8.048311,-12.264559,-9.578644
647.750000,-4.998918,-9.528628,-6.645049
647.800000,-2.504490,-7.175681,-4.208929
647.850000,-0.784588,-5.422386,-2.490795
647.900000,0.086753,-4.379190,-1.578645
647.950000,0.149124,-4.057333,-1.450420
648.000000,-0.499146,-4.402822,-2.021646
648.050000,-1.741861,-5.329314,-3.184131
648.100000,-3.464681,-6.739038,-4.826783
648.150000,-5.561091,-8.533209,-6.843617
648.200000,-7.932575,-10.616453,-9.135668
648.250000,-10.487698,-12.898808,-11.611156
648.300000,-13.142642,-15.297568,-14.186423
648.350000,-15.824259,-17.740189,-16.788793
648.400000,-18.474286,-20.167747,-19.360342
648.450000,-21.050985,-22.536618,-21.859410
648.500000,-23.526071,-24.816658,-24.257885
648.550000,-25.879108,-26.986993,-26.536044
648.600000,-28.093077,-29.031971,-28.678201
648.650000,-30.152783,-30.938920,-30.670824
648.700000,-32.045683,-32.697821,-32.502896
648.750000,-33.763712,-34.302121,-34.167357
648.800000,-35.304743,-35.749685,-35.662390
648.850000,-36.672875,-37.043142,-36.991748
648.900000,-37.877474,-38.189400,-38.164013
648.950000,-38.931481,-39.198539,-39.191139
649.000000,-39.849602,-40.082487,-40.086849
649.050000,-40.646844,-40.853831,-40.865279
649.100000,-41.337539,-41.524943,-41.540045
649.150000,-41.934817,-42.107438,-42.123719
649.200000,-42.450410,-42.611900,-42.627600
649.250000,-42.894643,-43.047801,-43.061683
649.300000,-43.276534,-43.423519,-43.434732
649.350000,-43.603932,-43.746420,-43.754392
649.400000,-43.883658,-44.022959,-44.027324
649.450000,-44.121644,-44.258784,-44.259331
649.500000,-44.323056,-44.458840,-44.455470
649.550000,-44.492396,-44.627456,-44.620152
649.600000,-44.633598,-44.768429,-44.757234
649.650000,-44.750103,-44.885089,-44.870093
649.700000,-44.844927,-44.980363,-44.961686
649.750000,-44.920715,-45.056826,-45.034611
649.800000,-44.979793,-45.116747,-45.091149
649.850000,-45.024206,-45.162124,-45.133309
649.900000,-45.055754,-45.194723,-45.162860
649.950000,-45.076027,-45.216102,-45.181360
650.000000,-45.086425,-45.227639,-45.190185
650.050000,-45.088184,-45.230552,-45.190551
650.100000,-45.082399,-45.225921,-45.183529
650.150000,-45.070034,-45.214699,-45.170069
650.200000,-45.051943,-45.197734,-45.151009
650.250000,-45.028882,-45.175773,-45.127090
650.300000,-45.001520,-45.149481,-45.098970
650.350000,-44.970447,-45.119446,-45.067227
650.400000,-44.936186,-45.086190,-45.032377
650.450000,-44.899201,-45.050175,-44.994872
650.500000,-44.859900,-45.011809,-44.955114
650.550000,-44.818645,-44.971454,-44.913459
650.600000,-44.775757,-44.929432,-44.870220
650.650000,-44.731516,-44.886026,-44.825675
650.700000,-44.686174,-44.841486,-44.780067
650.750000,-44.639949,-44.796034,-44.733613
650.800000,-44.593035,-44.749865,-44.686502
650.850000,-44.545604,-44.703152,-44.638901
650.900000,-44.497803,-44.656045,-44.590957
650.950000,-44.449765,-44.608677,-44.542799
651.000000,-44.401606,-44.561167,-44.494539
651.050000,-44.353424,-44.513614,-44.446275
651.100000,-44.305309,-44.466110,-44.398093
651.150000,-44.257336,-44.418731,-44.350068
651.200000,-44.209570,-44.371544,-44.302264
651.250000,-44.162070,-44.324608,-44.254736
651.300000,-44.114883,-44.277973,-44.207532
651.350000,-44.068052,-44.231682,-44.160693
651.400000,-44.021612,-44.185770,-44.114252
651.450000,-43.975591,-44.140269,-44.068239
651.500000,-43.930016,-44.095205,-44.022677
651.550000,-43.884906,-44.050598,-43.977586
651.600000,-43.840278,-44.006465,-43.932982
651.650000,-43.796144,-43.962821,-43.888876
651.700000,-43.752515,-43.919675,-43.845279
651.750000,-43.709398,-43.877036,-43.802197
651.800000,-43.666796,-43.834908,-43.759635
651.850000,-43.624714,-43.793296,-43.717595
651.900000,-43.583152,-43.752200,-43.676076
651.950000,-43.542110,-43.711619,-43.635080
652.000000,-43.501585,-43.671554,-43.594602
652.050000,-43.461574,-43.632000,-43.554641
652.100000,-43.422073,-43.592953,-43.515190
652.150000,-43.383076,-43.554408,-43.476245
652.200000,-43.344578,-43.516361,-43.437800
652.250000,-43.306572,-43.478803,-43.399848
652.300000,-43.269050,-43.441729,-43.362381
652.350000,-43.232006,-43.405130,-43.325392
652.400000,-43.195431,-43.369000,-43.288872
652.450000,-43.159317,-43.333328,-43.252814
652.500000,-43.123655,-43.298108,-43.217208
652.550000,-43.088436,-43.263330,-43.182046
652.600000,-43.053651,-43.228986,-43.147318
652.650000,-43.019292,-43.195066,-43.113016
652.700000,-42.985349,-43.161562,-43.079130
652.750000,-42.951813,-43.128463,-43.045652
652.800000,-42.918676,-43.095762,-43.012571
652.850000,-42.885927,-43.063449,-42.979880
652.900000,-42.853557,-43.031515,-42.947568
652.950000,-42.821559,-42.999951,-42.915626
653.000000,-42.789922,-42.968748,-42.884047
653.050000,-42.758638,-42.937898,-42.852821
653.100000,-42.727699,-42.907391,-42.821938
653.150000,-42.697095,-42.877218,-42.791392
653.200000,-42.666818,-42.847373,-42.761172
653.250000,-42.636861,-42.817845,-42.731271
653.300000,-42.607214,-42.788627,-42.701681
653.350000,-42.577869,-42.759711,-42.672393
653.400000,-42.548820,-42.731089,-42.643401
653.450000,-42.520058,-42.702754,-42.614695
653.500000,-42.491575,-42.674697,-42.586269
653.550000,-42.463365,-42.646911,-42.558115
653.600000,-42.435419,-42.619390,-42.530226
653.650000,-42.407732,-42.592126,-42.502595
653.700000,-42.380295,-42.565112,-42.475215
653.750000,-42.353103,-42.538341,-42.448079
653.800000,-42.326149,-42.511807,-42.421181
653.850000,-42.299426,-42.485503,-42.394514
653.900000,-42.272928,-42.459423,-42.368073
653.950000,-42.246649,-42.433562,-42.341850
654.000000,-42.220584,-42.407912,-42.315841
654.050000,-42.194725,-42.382469,-42.290038
654.100000,-42.169068,-42.357226,-42.264438
654.150000,-42.143607,-42.332178,-42.239034
654.200000,-42.118338,-42.307320,-42.213820
654.250000,-42.093253,-42.282646,-42.188792
654.300000,-42.068349,-42.258151,-42.163945
654.350000,-42.043621,-42.233831,-42.139273
654.400000,-42.019063,-42.209681,-42.114772
654.450000,-41.994671,-42.185695,-42.090437
654.500000,-41.970441,-42.161870,-42.066264
654.550000,-41.946367,-42.138201,-42.042248
654.600000,-41.922447,-42.114683,-42.018384
654.650000,-41.898675,-42.091312,-41.994670
654.700000,-41.875047,-42.068085,-41.971099
654.750000,-41.851559,-42.044997,-41.947670
654.800000,-41.828208,-42.022044,-41.924377
654.850000,-41.804990,-41.999222,-41.901216
654.900000,-41.781901,-41.976529,-41.878185
654.950000,-41.758937,-41.953960,-41.855280
655.000000,-41.736095,-41.931512,-41.832497
655.050000,-41.713371,-41.909181,-41.809833
655.100000,-41.690763,-41.886964,-41.787284
655.150000,-41.668267,-41.864859,-41.764847
655.200000,-41.645880,-41.842861,-41.742520
655.250000,-41.623599,-41.820968,-41.720299
655.300000,-41.601420,-41.799177,-41.698181
655.350000,-41.579342,-41.777485,-41.676163
655.400000,-41.557361,-41.755889,-41.654243
655.450000,-41.535474,-41.734386,-41.632418
655.500000,-41.513679,-41.712975,-41.610685
655.550000,-41.491974,-41.691652,-41.589041
655.600000,-41.470355,-41.670414,-41.567484
655.650000,-41.448820,-41.649260,-41.546012
655.700000,-41.427367,-41.628186,-41.524622
655.750000,-41.405994,-41.607192,-41.503312
655.800000,-41.384698,-41.586273,-41.482080
655.850000,-41.363477,-41.565429,-41.460923
655.900000,-41.342328,-41.544657,-41.439839
655.950000,-41.321251,-41.523954,-41.418827
656.000000,-41.300242,-41.503320,-41.397883
656.050000,-41.279300,-41.482751,-41.377007
656.100000,-41.258422,-41.462247,-41.356195
656.150000,-41.237608,-41.441804,-41.335447
656.200000,-41.216854,-41.421422,-41.314760
656.250000,-41.196159,-41.401098,-41.294133
656.300000,-41.175522,-41.380831,-41.273564
656.350000,-41.154941,-41.360619,-41.253051
656.400000,-41.134413,-41.340460,-41.232592
656.450000,-41.113938,-41.320353,-41.212186
656.500000,-41.093513,-41.300297,-41.191831
656.550000,-41.073138,-41.280288,-41.171526
656.600000,-41.052810,-41.260327,-41.151269
656.650000,-41.032528,-41.240412,-41.131059
656.700000,-41.012291,-41.220540,-41.110893
656.750000,-40.992097,-41.200712,-41.090772
656.800000,-40.971945,-41.180925,-41.070692
656.850000,-40.951833,-41.161178,-41.050654
656.900000,-40.931761,-41.141469,-41.030655
656.950000,-40.911726,-41.121799,-41.010695
657.000000,-40.891728,-41.102164,-40.990772
657.050000,-40.871765,-41.082564,-40.970884
657.100000,-40.851835,-41.062998,-40.951031
657.150000,-40.831939,-41.043465,-40.931212
657.200000,-40.812074,-41.023963,-40.911424
657.250000,-40.792240,-41.004491,-40.891668
657.300000,-40.772435,-40.985049,-40.871941
657.350000,-40.752658,-40.965634,-40.852243
657.400000,-40.732908,-40.946247,-40.832573
657.450000,-40.713184,-40.926885,-40.812929
657.500000,-40.693485,-40.907548,-40.793311
657.550000,-40.673810,-40.888236,-40.773717
657.600000,-40.654157,-40.868946,-40.754147
657.650000,-40.634527,-40.849678,-40.734599
657.700000,-40.614917,-40.830431,-40.715073
657.750000,-40.595327,-40.811204,-40.695568
657.800000,-40.575757,-40.791997,-40.676082
657.850000,-40.556204,-40.772807,-40.656614
657.900000,-40.536668,-40.753635,-40.637165
657.950000,-40.517149,-40.734479,-40.617732
658.000000,-40.497644,-40.715339,-40.598315
658.050000,-40.478155,-40.696214,-40.578914
658.100000,-40.458678,-40.677102,-40.559526
658.150000,-40.439215,-40.658004,-40.540152
658.200000,-40.419763,-40.638918,-40.520791
658.250000,-40.400322,-40.619843,-40.501441
658.300000,-40.380892,-40.600780,-40.482103
658.350000,-40.361471,-40.581726,-40.462774
658.400000,-40.342058,-40.562681,-40.443455
658.450000,-40.322653,-40.543644,-40.424144
658.500000,-40.303256,-40.524616,-40.404841
658.550000,-40.283864,-40.505594,-40.385546
658.600000,-40.264478,-40.486578,-40.366256
658.650000,-40.245097,-40.467568,-40.346972
658.700000,-40.225719,-40.448562,-40.327692
658.750000,-40.206345,-40.429560,-40.308417
658.800000,-40.186973,-40.410562,-40.289145
658.850000,-40.167603,-40.391566,-40.269875
658.900000,-40.148234,-40.372573,-40.250608
658.950000,-40.128866,-40.353580,-40.231341
659.000000,-40.109496,-40.334588,-40.212075
659.050000,-40.090126,-40.315595,-40.192808
659.100000,-40.070754,-40.296602,-40.173540
659.150000,-40.051379,-40.277607,-40.154271
659.200000,-40.032001,-40.258611,-40.134999
659.250000,-40.012619,-40.239611,-40.115725
659.300000,-39.993232,-40.220608,-40.096446
659.350000,-39.973840,-40.201600,-40.077163
659.400000,-39.954442,-40.182588,-40.057875
659.450000,-39.935037,-40.163570,-40.038581
659.500000,-39.915624,-40.144547,-40.019280
659.550000,-39.896204,-40.125516,-39.999972
659.600000,-39.876775,-40.106478,-39.980657
659.650000,-39.857336,-40.087432,-39.961333
659.700000,-39.837887,-40.068377,-39.942000
659.750000,-39.818428,-40.049313,-39.922657
659.800000,-39.798956,-40.030239,-39.903303
659.850000,-39.779473,-40.011155,-39.883938
659.900000,-39.759977,-39.992059,-39.864562
659.950000,-39.740467,-39.972951,-39.845173
660.000000,-39.720943,-39.953831,-39.825770
660.050000,-39.701404,-39.934698,-39.806354
660.100000,-39.681850,-39.915550,-39.786923
660.150000,-39.662279,-39.896389,-39.767477
660.200000,-39.642691,-39.877212,-39.748015
660.250000,-39.623086,-39.858019,-39.728537
660.300000,-39.603462,-39.838810,-39.709041
660.350000,-39.583819,-39.819584,-39.689527
660.400000,-39.564157,-39.800340,-39.669995
660.450000,-39.544474,-39.781078,-39.650444
660.500000,-39.524770,-39.761797,-39.630872
660.550000,-39.505045,-39.742496,-39.611280
660.600000,-39.485297,-39.723175,-39.591667
660.650000,-39.465525,-39.703834,-39.572032
660.700000,-39.445730,-39.684470,-39.552374
660.750000,-39.425911,-39.665084,-39.532692
660.800000,-39.406066,-39.645675,-39.512987
660.850000,-39.386194,-39.626243,-39.493257
660.900000,-39.366297,-39.606786,-39.473501
660.950000,-39.346371,-39.587305,-39.453719
661.000000,-39.326418,-39.567797,-39.433910
661.050000,-39.306435,-39.548263,-39.414073
661.100000,-39.286423,-39.528703,-39.394208
661.150000,-39.266380,-39.509114,-39.374314
661.200000,-39.246306,-39.489497,-39.354390
661.250000,-39.226201,-39.469850,-39.334435
661.300000,-39.206062,-39.450174,-39.314449
661.350000,-39.185890,-39.430467,-39.294430
661.400000,-39.165683,-39.410729,-39.274379
661.450000,-39.145441,-39.390958,-39.254294
661.500000,-39.125163,-39.371155,-39.234174
661.550000,-39.104849,-39.351318,-39.214019
661.600000,-39.084497,-39.331446,-39.193828
661.650000,-39.064106,-39.311539,-39.173600
661.700000,-39.043676,-39.291596,-39.153334
661.750000,-39.023206,-39.271617,-39.133030
661.800000,-39.002695,-39.251599,-39.112686
661.850000,-38.982141,-39.231543,-39.092301
661.900000,-38.961546,-39.211448,-39.071876
661.950000,-38.940906,-39.191313,-39.051408
662.000000,-38.920221,-39.171137,-39.030897
662.050000,-38.899492,-39.150918,-39.010342
662.100000,-38.878715,-39.130657,-38.989742
662.150000,-38.857891,-39.110353,-38.969097
662.200000,-38.837018,-39.090003,-38.948404
662.250000,-38.816096,-39.069609,-38.927664
662.300000,-38.795124,-39.049167,-38.906875
662.350000,-38.774099,-39.028678,-38.886036
662.400000,-38.753023,-39.008141,-38.865146
662.450000,-38.731892,-38.987555,-38.844205
662.500000,-38.710707,-38.966918,-38.823210
662.550000,-38.689465,-38.946229,-38.802161
662.600000,-38.668167,-38.925488,-38.781058
662.650000,-38.646811,-38.904694,-38.759898
662.700000,-38.625395,-38.883845,-38.738680
662.750000,-38.603919,-38.862940,-38.717405
662.800000,-38.582381,-38.841978,-38.696069
662.850000,-38.560780,-38.820958,-38.674673
662.900000,-38.539116,-38.799880,-38.653214
662.950000,-38.517385,-38.778741,-38.631693
663.000000,-38.495589,-38.757540,-38.610107
663.050000,-38.473724,-38.736277,-38.588455
663.100000,-38.451790,-38.714950,-38.566736
663.150000,-38.429785,-38.693558,-38.544948
663.200000,-38.407708,-38.672100,-38.523091
663.250000,-38.385558,-38.650574,-38.501163
663.300000,-38.363334,-38.628979,-38.479162
663.350000,-38.341032,-38.607313,-38.457087
663.400000,-38.318653,-38.585575,-38.434937
663.450000,-38.296195,-38.563765,-38.412710
663.500000,-38.273656,-38.541880,-38.390405
663.550000,-38.251034,-38.519918,-38.368019
663.600000,-38.228328,-38.497879,-38.345553
663.650000,-38.205536,-38.475761,-38.323002
663.700000,-38.182657,-38.453562,-38.300368
663.750000,-38.159689,-38.431281,-38.277646
663.800000,-38.136630,-38.408916,-38.254837
663.850000,-38.113478,-38.386465,-38.231937
663.900000,-38.090231,-38.363927,-38.208946
663.950000,-38.066888,-38.341300,-38.185861
664.000000,-38.043446,-38.318582,-38.162680
664.050000,-38.019904,-38.295771,-38.139402
664.100000,-37.996260,-38.272865,-38.116025
664.150000,-37.972511,-38.249863,-38.092546
664.200000,-37.948655,-38.226762,-38.068964
664.250000,-37.924690,-38.203561,-38.045275
664.300000,-37.900614,-38.180257,-38.021479
664.350000,-37.876425,-38.156849,-37.997573
664.400000,-37.852119,-38.133333,-37.973555
664.450000,-37.827696,-38.109709,-37.949421
664.500000,-37.803152,-38.085973,-37.925171
664.550000,-37.778484,-38.062123,-37.900801
664.600000,-37.753691,-38.038157,-37.876308
664.650000,-37.728768,-38.014072,-37.851691
664.700000,-37.703715,-37.989865,-37.826946
664.750000,-37.678527,-37.965535,-37.802070
664.800000,-37.653202,-37.941078,-37.777062
664.850000,-37.627737,-37.916492,-37.751917
664.900000,-37.602128,-37.891774,-37.726633
664.950000,-37.576373,-37.866920,-37.701207
665.000000,-37.550468,-37.841928,-37.675635
665.050000,-37.524410,-37.816795,-37.649915
665.100000,-37.498195,-37.791517,-37.624042
665.150000,-37.471821,-37.766092,-37.598014
665.200000,-37.445282,-37.740515,-37.571827
665.250000,-37.418575,-37.714783,-37.545477
665.300000,-37.391697,-37.688894,-37.518960
665.350000,-37.364644,-37.662842,-37.492273
665.400000,-37.337410,-37.636625,-37.465411
665.450000,-37.309993,-37.610238,-37.438371
665.500000,-37.282387,-37.583677,-37.411147
665.550000,-37.254588,-37.556938,-37.383736
665.600000,-37.226591,-37.530017,-37.356133
665.650000,-37.198392,-37.502909,-37.328333
665.700000,-37.169985,-37.475609,-37.300331
665.750000,-37.141365,-37.448114,-37.272123
665.800000,-37.112527,-37.420417,-37.243703
665.850000,-37.083465,-37.392514,-37.215065
665.900000,-37.054173,-37.364400,-37.186204
665.950000,-37.024646,-37.336069,-37.157115
666.000000,-36.994877,-37.307515,-37.127791
666.050000,-36.964860,-37.278732,-37.098226
666.100000,-36.934588,-37.249715,-37.068413
666.150000,-36.904054,-37.220457,-37.038347
666.200000,-36.873252,-37.190952,-37.008019
666.250000,-36.842173,-37.161192,-36.977423
666.300000,-36.810810,-37.131171,-36.946551
666.350000,-36.779155,-37.100882,-36.915396
666.400000,-36.747199,-37.070316,-36.883949
666.450000,-36.714935,-37.039466,-36.852202
666.500000,-36.682352,-37.008324,-36.820146
666.550000,-36.649441,-36.976880,-36.787773
666.600000,-36.616194,-36.945127,-36.755071
666.650000,-36.582599,-36.913055,-36.722033
666.700000,-36.548645,-36.880653,-36.688647
666.750000,-36.514323,-36.847913,-36.654902
666.800000,-36.479619,-36.814823,-36.620788
666.850000,-36.444522,-36.781372,-36.586293
666.900000,-36.409020,-36.747549,-36.551404
666.950000,-36.373100,-36.713343,-36.516109
667.000000,-36.336746,-36.678740,-36.480394
667.050000,-36.299946,-36.643727,-36.444246
667.100000,-36.262683,-36.608290,-36.407649
667.150000,-36.224942,-36.572416,-36.370589
667.200000,-36.186707,-36.536088,-36.333049
667.250000,-36.147959,-36.499292,-36.295012
667.300000,-36.108680,-36.462011,-36.256461
667.350000,-36.068852,-36.424226,-36.217377
667.400000,-36.028454,-36.385920,-36.177740
667.450000,-35.987464,-36.347073,-36.137529
667.500000,-35.945860,-36.307665,-36.096724
667.550000,-35.903618,-36.267675,-36.055300
667.600000,-35.860713,-36.227080,-36.013235
667.650000,-35.817119,-36.185856,-35.970501
667.700000,-35.772808,-36.143978,-35.927073
667.750000,-35.727750,-36.101419,-35.882922
667.800000,-35.681915,-36.058151,-35.838017
667.850000,-35.635268,-36.014144,-35.792327
667.900000,-35.587774,-35.969367,-35.745818
667.950000,-35.539397,-35.923786,-35.698453
668.000000,-35.490096,-35.877364,-35.650194
668.050000,-35.439830,-35.830066,-35.601000
668.100000,-35.388552,-35.781849,-35.550829
668.150000,-35.336217,-35.732671,-35.499634
668.200000,-35.282771,-35.682486,-35.447365
668.250000,-35.228160,-35.631245,-35.393971
668.300000,-35.172326,-35.578895,-35.339393
668.350000,-35.115206,-35.525382,-35.283573
668.400000,-35.056733,-35.470643,-35.226444
668.450000,-34.996833,-35.414615,-35.167938
668.500000,-34.935429,-35.357228,-35.107979
668.550000,-34.872437,-35.298407,-35.046487
668.600000,-34.807767,-35.238072,-34.983374
668.650000,-34.741319,-35.176135,-34.918546
668.700000,-34.672987,-35.112501,-34.851900
668.750000,-34.602657,-35.047070,-34.783326
668.800000,-34.530202,-34.979728,-34.712703
668.850000,-34.455485,-34.910356,-34.639901
668.900000,-34.378359,-34.838821,-34.564775
668.950000,-34.298658,-34.764979,-34.487170
669.000000,-34.216205,-34.688674,-34.406913
669.050000,-34.130803,-34.609731,-34.323818
669.100000,-34.042235,-34.527961,-34.237676
669.150000,-33.950262,-34.443153,-34.148259
669.200000,-33.854620,-34.355077,-34.055314
669.250000,-33.755015,-34.263474,-33.958560
669.300000,-33.651120,-34.168060,-33.857684
669.350000,-33.542570,-34.068515,-33.752338
669.400000,-33.428954,-33.964483,-33.642130
669.450000,-33.309812,-33.855564,-33.526620
669.500000,-33.184624,-33.741306,-33.405315
669.550000,-33.052802,-33.621201,-33.277651
669.600000,-32.913675,-33.494670,-33.142993
669.650000,-32.766477,-33.361052,-33.000611
669.700000,-32.610330,-33.219592,-32.849670
669.750000,-32.444221,-33.069421,-32.689207
669.800000,-32.266972,-32.909532,-32.518106
669.850000,-32.077213,-32.738756,-32.335067
669.900000,-31.873335,-32.555723,-32.138567
669.950000,-31.653438,-32.358821,-31.926807
670.000000,-31.415265,-32.146142,-31.697653
670.050000,-31.156111,-31.915404,-31.448552
670.100000,-30.872714,-31.663866,-31.176426
670.150000,-30.561103,-31.388203,-30.877534
670.200000,-30.216404,-31.084348,-30.547288
670.250000,-29.832576,-30.747281,-30.180013
670.300000,-29.402062,-30.370745,-29.768615
670.350000,-28.915309,-29.946864,-29.304141
670.400000,-28.360119,-29.465620,-28.775173
670.450000,-27.720761,-28.914150,-28.167010
670.500000,-26.976775,-28.275783,-27.460553
670.550000,-26.101389,-27.528775,-26.630839
670.600000,-25.059539,-26.644710,-25.645204
670.650000,-23.805746,-25.586721,-24.461279
670.700000,-22.282755,-24.308182,-23.025660
670.750000,-20.423585,-22.753731,-21.275579
670.800000,-18.162924,-20.866950,-19.148962
670.850000,-15.467403,-18.611941,-16.611561
670.900000,-12.388769,-16.013104,-13.705359
670.950000,-9.113407,-13.196973,-10.595593
671.000000,-5.950829,-10.395285,-7.564925
671.050000,-3.243684,-7.888653,-4.935642
671.100000,-1.255078,-5.921380,-2.966238
671.150000,-0.105833,-4.640185,-1.788175
671.200000,0.212409,-4.085666,-1.410483
671.250000,-0.215677,-4.221122,-1.764027
671.300000,-1.276643,-4.967874,-2.745257
671.350000,-2.854401,-6.230327,-4.242676
671.400000,-4.839699,-7.909336,-6.148235
671.450000,-7.131515,-9.908128,-8.360630
671.500000,-9.636146,-12.134794,-10.785700
671.550000,-12.267067,-14.503994,-13.336912
671.600000,-14.947166,-16.939468,-15.937571
671.650000,-17.612918,-19.377505,-18.524576
671.700000,-20.217289,-21.769494,-21.051036
671.750000,-22.728164,-24.081276,-23.484920
671.800000,-25.123144,-26.289444,-25.804334
671.850000,-27.384410,-28.376986,-27.992609
671.900000,-29.496171,-30.330373,-30.035554
671.950000,-31.444834,-32.138662,-31.921199
672.000000,-33.220664,-33.794050,-33.641015
672.050000,-34.819493,-35.292876,-35.191377
672.100000,-36.243434,-36.636222,-36.574249
672.150000,-37.500291,-37.829697,-37.796767
672.200000,-38.602040,-38.882484,-38.869962
672.250000,-39.562994,-39.806050,-39.807144
672.300000,-40.398191,-40.612878,-40.622437
672.350000,-41.122263,-41.315487,-41.329704
672.400000,-41.748768,-41.925779,-41.941897
672.450000,-42.289904,-42.454695,-42.470742
672.500000,-42.756448,-42.912071,-42.926657
672.550000,-43.157835,-43.306637,-43.318797
672.600000,-43.502278,-43.646079,-43.655159
672.650000,-43.796919,-43.937139,-43.942714
672.700000,-44.047969,-44.185719,-44.187531
672.750000,-44.260830,-44.396982,-44.394898
672.800000,-44.440212,-44.575450,-44.569430
672.850000,-44.590226,-44.725086,-44.715156
672.900000,-44.714466,-44.849366,-44.835601
672.950000,-44.816081,-44.951343,-44.933855
673.000000,-44.897831,-45.033701,-45.012626
673.050000,-44.962142,-45.098806,-45.074296
673.100000,-45.011147,-45.148740,-45.120958
673.150000,-45.046723,-45.185341,-45.154456
673.200000,-45.070525,-45.210234,-45.176414
673.250000,-45.084012,-45.224851,-45.188266
673.300000,-45.088472,-45.230463,-45.191276
673.350000,-45.085045,-45.228191,-45.186563
673.400000,-45.074735,-45.219029,-45.175114
673.450000,-45.058431,-45.203856,-45.157801
673.500000,-45.036920,-45.183454,-45.135396
673.550000,-45.010897,-45.158512,-45.108584
673.600000,-44.980978,-45.129642,-45.077967
673.650000,-44.947707,-45.097387,-45.044081
673.700000,-44.911566,-45.062227,-45.007398
673.750000,-44.872980,-45.024588,-44.968337
673.800000,-44.832328,-44.984847,-44.927266
673.850000,-44.789941,-44.943338,-44.884514
673.900000,-44.746114,-44.900355,-44.840368
673.950000,-44.701107,-44.856160,-44.795082
674.000000,-44.655148,-44.810984,-44.748883
674.050000,-44.608439,-44.765029,-44.701967
674.100000,-44.561159,-44.718476,-44.654509
674.150000,-44.513464,-44.671482,-44.606662
674.200000,-44.465490,-44.624186,-44.558560
674.250000,-44.417358,-44.576710,-44.510322
674.300000,-44.369173,-44.529161,-44.462049
674.350000,-44.321027,-44.481631,-44.413831
674.400000,-44.272999,-44.434203,-44.365747
674.450000,-44.225159,-44.386946,-44.317864
674.500000,-44.177566,-44.339922,-44.270239
674.550000,-44.130271,-44.293183,-44.222924
674.600000,-44.083319,-44.246774,-44.175961
674.650000,-44.036747,-44.200734,-44.129386
674.700000,-43.990586,-44.155096,-44.083229
674.750000,-43.944862,-44.109885,-44.037517
674.800000,-43.899597,-44.065126,-43.992270
674.850000,-43.854810,-44.020836,-43.947504
674.900000,-43.810512,-43.977030,-43.903234
674.950000,-43.766717,-43.933720,-43.859470
675.000000,-43.723431,-43.890914,-43.816218
675.050000,-43.680660,-43.848618,-43.773485
675.100000,-43.638407,-43.806836,-43.731273
675.150000,-43.596675,-43.765571,-43.689584
675.200000,-43.555462,-43.724821,-43.648416
675.250000,-43.514767,-43.684587,-43.607769
675.300000,-43.474588,-43.644866,-43.567638
675.350000,-43.434920,-43.605653,-43.528021
675.400000,-43.395759,-43.566944,-43.488911
675.450000,-43.357098,-43.528734,-43.450302
675.500000,-43.318931,-43.491017,-43.412189
675.550000,-43.281252,-43.453785,-43.374564
675.600000,-43.244052,-43.417031,-43.337419
675.650000,-43.207324,-43.380748,-43.300746
675.700000,-43.171059,-43.344927,-43.264537
675.750000,-43.135250,-43.309560,-43.228784
675.800000,-43.099886,-43.274638,-43.193477
675.850000,-43.064960,-43.240152,-43.158608
675.900000,-43.030463,-43.206094,-43.124167
675.950000,-42.996384,-43.172454,-43.090146
676.000000,-42.962716,-43.139224,-43.056535
676.050000,-42.929448,-43.106393,-43.023325
676.100000,-42.896573,-43.073954,-42.990507
676.150000,-42.864080,-43.041897,-42.958071
676.200000,-42.831961,-43.010212,-42.926009
676.250000,-42.800206,-42.978892,-42.894312
676.300000,-42.768808,-42.947926,-42.862971
676.350000,-42.737756,-42.917307,-42.831976
676.400000,-42.707043,-42.887026,-42.801321
676.450000,-42.676660,-42.857074,-42.770995
676.500000,-42.646599,-42.827443,-42.740990
676.550000,-42.616850,-42.798124,-42.711299
676.600000,-42.587408,-42.769110,-42.681913
676.650000,-42.558262,-42.740393,-42.652824
676.700000,-42.529407,-42.711964,-42.624025
676.750000,-42.500833,-42.683816,-42.595508
676.800000,-42.472534,-42.655943,-42.567265
676.850000,-42.444502,-42.628335,-42.539290
676.900000,-42.416731,-42.600987,-42.511575
676.950000,-42.389213,-42.573892,-42.484113
677.000000,-42.361941,-42.547042,-42.456898
677.050000,-42.334909,-42.520431,-42.429923
677.100000,-42.308111,-42.494052,-42.403181
677.150000,-42.281540,-42.467899,-42.376666
677.200000,-42.255190,-42.441967,-42.350372
677.250000,-42.229055,-42.416248,-42.324293
677.300000,-42.203129,-42.390738,-42.298424
677.350000,-42.177406,-42.365429,-42.272757
677.400000,-42.151882,-42.340318,-42.247289
677.450000,-42.126550,-42.315398,-42.222014
677.500000,-42.101405,-42.290664,-42.196925
677.550000,-42.076442,-42.266112,-42.172019
677.600000,-42.051657,-42.241735,-42.147290
677.650000,-42.027043,-42.217529,-42.122733
677.700000,-42.002597,-42.193490,-42.098345
677.750000,-41.978315,-42.169612,-42.074119
677.800000,-41.954190,-42.145892,-42.050051
677.850000,-41.930220,-42.122325,-42.026138
677.900000,-41.906399,-42.098906,-42.002375
677.950000,-41.882724,-42.075632,-41.978758
678.000000,-41.859191,-42.052498,-41.955282
678.050000,-41.835795,-42.029502,-41.931944
678.100000,-41.812534,-42.006637,-41.908741
678.150000,-41.789402,-41.983902,-41.885668
678.200000,-41.766398,-41.961293,-41.862722
678.250000,-41.743516,-41.938805,-41.839899
678.300000,-41.720754,-41.916436,-41.817196
678.350000,-41.698108,-41.894182,-41.794609
678.400000,-41.675575,-41.872040,-41.772136
678.450000,-41.653153,-41.850007,-41.749773
678.500000,-41.630837,-41.828080,-41.727517
678.550000,-41.608625,-41.806256,-41.705365
678.600000,-41.586514,-41.784531,-41.683315
678.650000,-41.564501,-41.762904,-41.661363
678.700000,-41.542583,-41.741371,-41.639507
678.750000,-41.520759,-41.719930,-41.617743
678.800000,-41.499024,-41.698578,-41.596071
678.850000,-41.477377,-41.677312,-41.574486
678.900000,-41.455814,-41.656131,-41.552986
678.950000,-41.434335,-41.635031,-41.531569
679.000000,-41.412936,-41.614010,-41.510233
679.050000,-41.391614,-41.593067,-41.488975
679.100000,-41.370369,-41.572198,-41.467794
679.150000,-41.349196,-41.551403,-41.446686
679.200000,-41.328096,-41.530677,-41.425650
679.250000,-41.307064,-41.510021,-41.404684
679.300000,-41.286100,-41.489431,-41.383785
679.350000,-41.265202,-41.468905,-41.362953
679.400000,-41.244366,-41.448442,-41.342184
679.450000,-41.223593,-41.428040,-41.321477
679.500000,-41.202879,-41.407697,-41.300830
679.550000,-41.182223,-41.387412,-41.280242
679.600000,-41.161623,-41.367181,-41.259710
679.650000,-41.141078,-41.347005,-41.239234
679.700000,-41.120585,-41.326881,-41.218811
679.750000,-41.100144,-41.306808,-41.198439
679.800000,-41.079752,-41.286784,-41.178118
679.850000,-41.059409,-41.266807,-41.157845
679.900000,-41.039112,-41.246877,-41.137619
679.950000,-41.018860,-41.226991,-41.117439
680.000000,-40.998652,-41.207148,-41.097303
680.050000,-40.978486,-41.187348,-41.077210
680.100000,-40.958361,-41.167587,-41.057158
680.150000,-40.938276,-41.147866,-41.037146
680.200000,-40.918229,-41.128183,-41.017173
680.250000,-40.898218,-41.108537,-40.997238
680.300000,-40.878244,-41.088925,-40.977338
680.350000,-40.858303,-41.069348,-40.957474
680.400000,-40.838396,-41.049804,-40.937643
680.450000,-40.818521,-41.030292,-40.917845
680.500000,-40.798676,-41.010810,-40.898078
680.550000,-40.778862,-40.991358,-40.878342
680.600000,-40.759075,-40.971934,-40.858634
680.650000,-40.739316,-40.952538,-40.838955
680.700000,-40.719584,-40.933167,-40.819303
680.750000,-40.699877,-40.913823,-40.799676
680.800000,-40.680193,-40.894502,-40.780074
680.850000,-40.660533,-40.875204,-40.760496
680.900000,-40.640896,-40.855929,-40.740941
680.950000,-40.621279,-40.836675,-40.721408
681.000000,-40.601683,-40.817442,-40.701895
681.050000,-40.582106,-40.798228,-40.682403
681.100000,-40.562547,-40.779032,-40.662929
681.150000,-40.543005,-40.759854,-40.643473
681.200000,-40.523480,-40.740693,-40.624035
681.250000,-40.503971,-40.721548,-40.604613
681.300000,-40.484476,-40.702417,-40.585206
681.350000,-40.464995,-40.683301,-40.565814
681.400000,-40.445528,-40.664198,-40.546436
681.450000,-40.426072,-40.645108,-40.527070
681.500000,-40.406627,-40.626030,-40.507716
681.550000,-40.387193,-40.606962,-40.488374
681.600000,-40.367769,-40.587905,-40.469042
681.650000,-40.348353,-40.568857,-40.449720
681.700000,-40.328946,-40.549818,-40.430406
681.750000,-40.309546,-40.530786,-40.411100
681.800000,-40.290152,-40.511762,-40.391802
681.850000,-40.270764,-40.492744,-40.372510
681.900000,-40.251381,-40.473732,-40.353224
681.950000,-40.232002,-40.454724,-40.333943
682.000000,-40.212627,-40.435721,-40.314666
682.050000,-40.193254,-40.416722,-40.295393
682.100000,-40.173883,-40.397725,-40.276122
682.150000,-40.154514,-40.378730,-40.256854
682.200000,-40.135145,-40.359737,-40.237586
682.250000,-40.115775,-40.340745,-40.218320
682.300000,-40.096405,-40.321752,-40.199053
682.350000,-40.077033,-40.302759,-40.179786
682.400000,-40.057659,-40.283765,-40.160517
682.450000,-40.038282,-40.264768,-40.141246
682.500000,-40.018901,-40.245769,-40.121972
682.550000,-39.999516,-40.226767,-40.102694
682.600000,-39.980125,-40.207761,-40.083412
682.650000,-39.960729,-40.188750,-40.064126
682.700000,-39.941326,-40.169734,-40.044833
682.750000,-39.921916,-40.150712,-40.025535
682.800000,-39.902498,-40.131683,-40.006229
682.850000,-39.883071,-40.112648,-39.986916
682.900000,-39.863635,-40.093604,-39.967595
682.950000,-39.844190,-40.074552,-39.948264
683.000000,-39.824733,-40.055491,-39.928924
683.050000,-39.805266,-40.036420,-39.909574
683.100000,-39.785786,-40.017339,-39.890213
683.150000,-39.766294,-39.998246,-39.870840
683.200000,-39.746788,-39.979142,-39.851454
683.250000,-39.727269,-39.960026,-39.832056
683.300000,-39.707735,-39.940897,-39.812644
683.350000,-39.688185,-39.921754,-39.793218
683.400000,-39.668619,-39.902596,-39.773777
683.450000,-39.649037,-39.883424,-39.754320
683.500000,-39.629437,-39.864236,-39.734846
683.550000,-39.609819,-39.845033,-39.715356
683.600000,-39.590182,-39.825812,-39.695848
683.650000,-39.570526,-39.806574,-39.676322
683.700000,-39.550850,-39.787317,-39.656776
683.750000,-39.531153,-39.768042,-39.637211
683.800000,-39.511434,-39.748748,-39.617626
683.850000,-39.491693,-39.729433,-39.598019
683.900000,-39.471929,-39.710098,-39.578391
683.950000,-39.452141,-39.690741,-39.558740
684.000000,-39.432329,-39.671362,-39.539066
684.050000,-39.412492,-39.651961,-39.519368
684.100000,-39.392630,-39.632536,-39.499646
684.150000,-39.372740,-39.613087,-39.479898
684.200000,-39.352824,-39.593613,-39.460124
684.250000,-39.332879,-39.574114,-39.440324
684.300000,-39.312906,-39.554589,-39.420496
684.350000,-39.292903,-39.535036,-39.400640
684.400000,-39.272870,-39.515457,-39.380755
684.450000,-39.252806,-39.495848,-39.360840
684.500000,-39.232710,-39.476211,-39.340895
684.550000,-39.212582,-39.456545,-39.320919
684.600000,-39.192421,-39.436847,-39.300911
684.650000,-39.172225,-39.417119,-39.280870
684.700000,-39.151994,-39.397359,-39.260796
684.750000,-39.131728,-39.377566,-39.240687
684.800000,-39.111425,-39.357739,-39.220544
684.850000,-39.091085,-39.337879,-39.200364
684.900000,-39.070707,-39.317983,-39.180148
684.950000,-39.050289,-39.298052,-39.159894
685.000000,-39.029832,-39.278084,-39.139602
685.050000,-39.009334,-39.258079,-39.119270
685.100000,-38.988794,-39.238035,-39.098899
685.150000,-38.968212,-39.217952,-39.078486
685.200000,-38.947586,-39.197830,-39.058032
685.250000,-38.926916,-39.177667,-39.037535
685.300000,-38.906201,-39.157462,-39.016994
685.350000,-38.885439,-39.137215,-38.996409
685.400000,-38.864630,-39.116924,-38.975778
685.450000,-38.843773,-39.096589,-38.955100
685.500000,-38.822867,-39.076209,-38.934375
685.550000,-38.801911,-39.055782,-38.913602
685.600000,-38.780903,-39.035309,-38.892779
685.650000,-38.759843,-39.014787,-38.871906
685.700000,-38.738730,-38.994216,-38.850981
685.750000,-38.717562,-38.973595,-38.830003
685.800000,-38.696339,-38.952923,-38.808972
685.850000,-38.675059,-38.932199,-38.787886
685.900000,-38.653721,-38.911422,-38.766744
685.950000,-38.632324,-38.890590,-38.745545
686.000000,-38.610867,-38.869703,-38.724288
686.050000,-38.589349,-38.848760,-38.702972
686.100000,-38.567769,-38.827759,-38.681595
686.150000,-38.546125,-38.806699,-38.660156
686.200000,-38.524416,-38.785580,-38.638655
686.250000,-38.502640,-38.764399,-38.617090
686.300000,-38.480797,-38.743156,-38.595459
686.350000,-38.458886,-38.721850,-38.573761
686.400000,-38.436904,-38.700479,-38.551996
686.450000,-38.414850,-38.679041,-38.530161
686.500000,-38.392724,-38.657537,-38.508256
686.550000,-38.370523,-38.635964,-38.486278
686.600000,-38.348246,-38.614321,-38.464227
686.650000,-38.325892,-38.592607,-38.442102
686.700000,-38.303459,-38.570820,-38.419899
686.750000,-38.280946,-38.548958,-38.397619
686.800000,-38.258351,-38.527021,-38.375260
686.850000,-38.235672,-38.505007,-38.352819
686.900000,-38.212908,-38.482915,-38.330296
686.950000,-38.190057,-38.460742,-38.307688
687.000000,-38.167118,-38.438487,-38.284995
687.050000,-38.144088,-38.416149,-38.262213
687.100000,-38.120966,-38.393726,-38.239343
687.150000,-38.097750,-38.371216,-38.216381
687.200000,-38.074438,-38.348617,-38.193326
687.250000,-38.051028,-38.325928,-38.170176
687.300000,-38.027518,-38.303147,-38.146930
687.350000,-38.003906,-38.280272,-38.123585
687.400000,-37.980191,-38.257301,-38.100138
687.450000,-37.956370,-38.234233,-38.076589
687.500000,-37.932440,-38.211064,-38.052935
687.550000,-37.908400,-38.187793,-38.029174
687.600000,-37.884247,-38.164418,-38.005303
687.650000,-37.859979,-38.140937,-37.981321
687.700000,-37.835594,-38.117348,-37.957225
687.750000,-37.811088,-38.093648,-37.933012
687.800000,-37.786461,-38.069835,-37.908681
687.850000,-37.761708,-38.045906,-37.884228
687.900000,-37.736827,-38.021859,-37.859650
687.950000,-37.711816,-37.997692,-37.834947
688.000000,-37.686672,-37.973402,-37.810113
688.050000,-37.661391,-37.948986,-37.785148
688.100000,-37.635971,-37.924442,-37.760047
688.150000,-37.610409,-37.899766,-37.734808
688.200000,-37.584701,-37.874956,-37.709428
688.250000,-37.558844,-37.850009,-37.683903
688.300000,-37.532836,-37.824921,-37.658231
688.350000,-37.506672,-37.799690,-37.632407
688.400000,-37.480349,-37.774312,-37.606430
688.450000,-37.453863,-37.748784,-37.580294
688.500000,-37.427211,-37.723103,-37.553996
688.550000,-37.400388,-37.697265,-37.527534
688.600000,-37.373391,-37.671265,-37.500902
688.650000,-37.346216,-37.645101,-37.474096
688.700000,-37.318858,-37.618769,-37.447113
688.750000,-37.291313,-37.592264,-37.419949
688.800000,-37.263577,-37.565583,-37.392599
688.850000,-37.235644,-37.538721,-37.365058
688.900000,-37.207510,-37.511673,-37.337321
688.950000,-37.179170,-37.484436,-37.309385
689.000000,-37.150619,-37.457004,-37.281244
689.050000,-37.121852,-37.429372,-37.252892
689.100000,-37.092862,-37.401536,-37.224325
689.150000,-37.063645,-37.373490,-37.195536
689.200000,-37.034194,-37.345229,-37.166521
689.250000,-37.004504,-37.316747,-37.137273
689.300000,-36.974567,-37.288039,-37.107786
689.350000,-36.944377,-37.259098,-37.078053
689.400000,-36.913928,-37.229918,-37.048069
689.450000,-36.883213,-37.200493,-37.017826
689.500000,-36.852224,-37.170816,-36.987317
689.550000,-36.820953,-37.140879,-36.956535
689.600000,-36.789392,-37.110677,-36.925471
689.650000,-36.757534,-37.080201,-36.894119
689.700000,-36.725370,-37.049443,-36.862469
689.750000,-36.692890,-37.018395,-36.830514
689.800000,-36.660086,-36.987050,-36.798243
689.850000,-36.626948,-36.955397,-36.765648
689.900000,-36.593466,-36.923428,-36.732719
689.950000,-36.559629,-36.891133,-36.699446
690.000000,-36.525426,-36.858503,-36.665817
690.050000,-36.490846,-36.825526,-36.631823
690.100000,-36.455877,-36.792193,-36.597452
690.150000,-36.420507,-36.758491,-36.562691
690.200000,-36.384722,-36.724409,-36.527528
690.250000,-36.348509,-36.689935,-36.491949
690.300000,-36.311854,-36.655055,-36.455942
690.350000,-36.274741,-36.619756,-36.419491
690.400000,-36.237156,-36.584024,-36.382581
690.450000,-36.199081,-36.547844,-36.345197
690.500000,-36.160500,-36.511200,-36.307322
690.550000,-36.121394,-36.474076,-36.268938
690.600000,-36.081745,-36.436455,-36.230027
690.650000,-36.041532,-36.398319,-36.190570
690.700000,-36.000735,-36.359648,-36.150547
690.750000,-35.959330,-36.320423,-36.109935
690.800000,-35.917296,-36.280623,-36.068713
690.850000,-35.874608,-36.240224,-36.026856
690.900000,-35.831238,-36.199205,-35.984340
690.950000,-35.787161,-36.157540,-35.941139
691.000000,-35.742346,-36.115203,-35.897223
691.050000,-35.696764,-36.072166,-35.852564
691.100000,-35.650382,-36.028400,-35.807130
691.150000,-35.603164,-35.983874,-35.760888
691.200000,-35.555076,-35.938555,-35.713802
691.250000,-35.506076,-35.892408,-35.665834
691.300000,-35.456125,-35.845396,-35.616946
691.350000,-35.405178,-35.797479,-35.567094
691.400000,-35.353188,-35.748614,-35.516234
691.450000,-35.300105,-35.698758,-35.464316
691.500000,-35.245875,-35.647863,-35.411289
691.550000,-35.190441,-35.595876,-35.357098
691.600000,-35.133742,-35.542742,-35.301684
691.650000,-35.075711,-35.488404,-35.244984
691.700000,-35.016278,-35.432798,-35.186929
691.750000,-34.955367,-35.375856,-35.127446
691.800000,-34.892896,-35.317505,-35.066456
691.850000,-34.828775,-35.257666,-35.003874
691.900000,-34.762910,-35.196254,-34.939608
691.950000,-34.695196,-35.133177,-34.873558
692.000000,-34.625522,-35.068335,-34.805617
692.050000,-34.553765,-35.001621,-34.735667
692.100000,-34.479791,-34.932915,-34.663581
692.150000,-34.403457,-34.862091,-34.589219
692.200000,-34.324603,-34.789008,-34.512429
692.250000,-34.243056,-34.713513,-34.433045
692.300000,-34.158625,-34.635439,-34.350884
692.350000,-34.071100,-34.554600,-34.265746
692.400000,-33.980250,-34.470793,-34.177409
692.450000,-33.885819,-34.383795,-34.085628
692.500000,-33.787523,-34.293357,-33.990132
692.550000,-33.685046,-34.199201,-33.890618
692.600000,-33.578035,-34.101022,-33.786750
692.650000,-33.466097,-33.998475,-33.678152
692.700000,-33.348786,-33.891175,-33.564399
692.750000,-33.225604,-33.778687,-33.445016
692.800000,-33.095985,-33.660523,-33.319463
692.850000,-32.959286,-33.536126,-33.187130
692.900000,-32.814775,-33.404865,-33.047318
692.950000,-32.661611,-33.266017,-32.899229
693.000000,-32.498826,-33.118751,-32.741943
693.050000,-32.325300,-32.962108,-32.574397
693.100000,-32.139729,-32.794973,-32.395353
693.150000,-31.940586,-32.616047,-32.203366
693.200000,-31.726070,-32.423800,-31.996730
693.250000,-31.494048,-32.216425,-31.773429
693.300000,-31.241971,-31.991772,-31.531054
693.350000,-30.966769,-31.747258,-31.266708
693.400000,-30.664719,-31.479761,-30.976883
693.450000,-30.331262,-31.185473,-30.657285
693.500000,-29.960766,-30.859708,-30.302622
693.550000,-29.546208,-30.496642,-29.906296
693.600000,-29.078737,-30.088971,-29.460011
693.650000,-28.547091,-29.627433,-28.953220
693.700000,-27.936789,-29.100170,-28.372382
693.750000,-27.229046,-28.491860,-27.699957
693.800000,-26.399319,-27.782549,-26.913052
693.850000,-25.415446,-26.946160,-25.981699
693.900000,-24.235516,-25.948733,-24.866858
693.950000,-22.806083,-24.746840,-23.518708
694.000000,-21.062669,-23.287533,-21.876952
694.050000,-18.937236,-21.513215,-19.877346
694.100000,-16.381316,-19.377877,-17.472338
694.150000,-13.412654,-16.881374,-14.673284
694.200000,-10.171531,-14.114310,-11.602831
694.250000,-6.934477,-11.278039,-8.511314
694.300000,-4.046286,-8.646405,-5.719729
694.350000,-1.806089,-6.484221,-3.517054
694.400000,-0.382420,-4.973129,-2.078237
694.450000,0.196475,-4.185863,-1.447836
694.500000,-0.003216,-4.106526,-1.576469
694.550000,-0.873410,-4.666584,-2.367874
694.600000,-2.297220,-5.773935,-3.711288
694.650000,-4.162802,-7.329665,-5.496931
694.700000,-6.366557,-9.235867,-7.621223
694.750000,-8.812523,-11.398884,-9.987700
694.800000,-11.411752,-13.731048,-12.507237
694.850000,-14.083702,-16.152826,-15.099605
694.900000,-16.760012,-18.596092,-17.696915
694.950000,-19.388268,-21.007264,-20.246988
695.000000,-21.932016,-23.347829,-22.713422
695.050000,-24.366367,-25.591419,-25.071655
695.100000,-26.672455,-27.719378,-27.303763
695.150000,-28.833932,-29.717248,-29.394896
695.200000,-30.836357,-31.573243,-31.332278
695.250000,-32.668542,-33.278442,-33.106102
695.300000,-34.324390,-34.827753,-34.711040
695.350000,-35.803996,-36.220715,-36.147249
695.400000,-37.113467,-37.461554,-37.420311
695.450000,-38.263635,-38.558437,-38.540173
695.500000,-39.268253,-39.522241,-39.519587
695.550000,-40.142276,-40.365247,-40.372553
695.600000,-40.900562,-41.100048,-41.113111
695.650000,-41.557058,-41.738798,-41.754551
695.700000,-42.124417,-42.292768,-42.309012
695.750000,-42.613868,-42.772156,-42.787333
695.800000,-43.035266,-43.186043,-43.199065
695.850000,-43.397202,-43.542441,-43.552566
695.900000,-43.707146,-43.848385,-43.855121
695.950000,-43.971595,-44.110035,-44.113075
696.000000,-44.196197,-44.332781,-44.331958
696.050000,-44.385875,-44.521343,-44.516588
696.100000,-44.544922,-44.679854,-44.671174
696.150000,-44.677090,-44.811939,-44.799396
696.200000,-44.785665,-44.920781,-44.904476
696.250000,-44.873527,-45.009179,-44.989240
696.300000,-44.943202,-45.079594,-45.056171
696.350000,-44.996915,-45.134197,-45.107448
696.400000,-45.036620,-45.174901,-45.144994
696.450000,-45.064042,-45.203395,-45.170499
696.500000,-45.080699,-45.221173,-45.185457
696.550000,-45.087932,-45.229552,-45.191183
696.600000,-45.086927,-45.229702,-45.188841
696.650000,-45.078728,-45.222655,-45.179458
696.700000,-45.064262,-45.209327,-45.163942
696.750000,-45.044346,-45.190527,-45.143097
696.800000,-45.019703,-45.166975,-45.117633
696.850000,-44.990975,-45.139306,-45.088179
696.900000,-44.958726,-45.108084,-45.055290
696.950000,-44.923459,-45.073810,-45.019458
697.000000,-44.885617,-45.036924,-44.981119
697.050000,-44.845591,-44.997821,-44.940657
697.100000,-44.803728,-44.956846,-44.898412
697.150000,-44.760334,-44.914307,-44.854684
697.200000,-44.715679,-44.870476,-44.809739
697.250000,-44.670003,-44.825591,-44.763811
697.300000,-44.623515,-44.779866,-44.717105
697.350000,-44.576400,-44.733487,-44.669804
697.400000,-44.528822,-44.686618,-44.622066
697.450000,-44.480924,-44.639405,-44.574032
697.500000,-44.432830,-44.591974,-44.525825
697.550000,-44.384652,-44.544438,-44.477553
697.600000,-44.336483,-44.496892,-44.429308
697.650000,-44.288409,-44.449422,-44.381173
697.700000,-44.240501,-44.402103,-44.333217
697.750000,-44.192822,-44.354997,-44.285504
697.800000,-44.145426,-44.308161,-44.238084
697.850000,-44.098359,-44.261641,-44.191003
697.900000,-44.051661,-44.215479,-44.144299
697.950000,-44.005364,-44.169707,-44.098004
698.000000,-43.959496,-44.124356,-44.052146
698.050000,-43.914082,-44.079450,-44.006747
698.100000,-43.869138,-44.035007,-43.961825
698.150000,-43.824682,-43.991043,-43.917394
698.200000,-43.780723,-43.947572,-43.873465
698.250000,-43.737272,-43.904603,-43.830048
698.300000,-43.694335,-43.862142,-43.787147
698.350000,-43.651915,-43.820194,-43.744767
698.400000,-43.610015,-43.778762,-43.702909
698.450000,-43.568635,-43.737846,-43.661574
698.500000,-43.527773,-43.697446,-43.620759
698.550000,-43.487429,-43.657560,-43.580462
698.600000,-43.447596,-43.618184,-43.540680
698.650000,-43.408272,-43.579313,-43.501407
698.700000,-43.369451,-43.540943,-43.462637
698.750000,-43.331125,-43.503067,-43.424365
698.800000,-43.293290,-43.465680,-43.386583
698.850000,-43.255936,-43.428773,-43.349285
698.900000,-43.219057,-43.392339,-43.312461
698.950000,-43.182644,-43.356370,-43.276103
699.000000,-43.146689,-43.320857,-43.240204
699.050000,-43.111182,-43.285793,-43.204754
699.100000,-43.076116,-43.251167,-43.169745
699.150000,-43.041482,-43.216972,-43.135167
699.200000,-43.007269,-43.183199,-43.101012
699.250000,-42.973469,-43.149837,-43.067270
699.300000,-42.940074,-43.116879,-43.033931
699.350000,-42.907073,-43.084315,-43.000988
699.400000,-42.874458,-43.052135,-42.968430
699.450000,-42.842219,-43.020331,-42.936248
699.500000,-42.810348,-42.988895,-42.904435
699.550000,-42.778835,-42.957816,-42.872980
699.600000,-42.747673,-42.927086,-42.841874
699.650000,-42.716852,-42.896697,-42.811110
699.700000,-42.686363,-42.866640,-42.780679
699.750000,-42.656199,-42.836906,-42.750572
699.800000,-42.626351,-42.807487,-42.720780
699.850000,-42.596810,-42.778376,-42.691297
699.900000,-42.567570,-42.749564,-42.662113
699.950000,-42.538622,-42.721043,-42.633221
700.000000,-42.509958,-42.692805,-42.604614
700.050000,-42.843922,-42.901625,-42.890444
700.100000,-43.067558,-43.089577,-43.102548
700.150000,-43.247021,-43.252772,-43.277555
700.200000,-43.402520,-43.398693,-43.430673
700.250000,-43.542522,-43.532189,-43.569126
700.300000,-43.671447,-43.656287,-43.696923
700.350000,-43.791945,-43.772998,-43.816539
700.400000,-43.905747,-43.883722,-43.929619
700.450000,-44.014054,-43.989470,-44.037316
700.500000,-44.117737,-44.090991,-44.140468
700.550000,-44.217450,-44.188858,-44.239712
700.600000,-44.313698,-44.283519,-44.335537
700.650000,-44.406883,-44.375331,-44.428338
700.700000,-44.497330,-44.464585,-44.518430
700.750000,-44.585306,-44.551521,-44.606078
700.800000,-44.671037,-44.636342,-44.691501
700.850000,-44.754713,-44.719220,-44.774888
700.900000,-44.836497,-44.800302,-44.856398
700.950000,-44.916531,-44.879719,-44.936173
701.000000,-44.994939,-44.957584,-45.014334
701.050000,-45.071832,-45.033995,-45.090989
701.100000,-45.147304,-45.109044,-45.166235
701.150000,-45.221445,-45.182809,-45.240157
701.200000,-45.294330,-45.255363,-45.312832
701.250000,-45.366031,-45.326770,-45.384329
701.300000,-45.436611,-45.397089,-45.454712
701.350000,-45.506127,-45.466376,-45.524038
701.400000,-45.574634,-45.534678,-45.592360
701.450000,-45.642179,-45.602043,-45.659725
701.500000,-45.708807,-45.668511,-45.726178
701.550000,-45.774559,-45.734121,-45.791760
701.600000,-45.839474,-45.798910,-45.856508
701.650000,-45.903586,-45.862911,-45.920458
701.700000,-45.966929,-45.926156,-45.983643
701.750000,-46.029534,-45.988674,-46.046092
701.800000,-46.091428,-46.050491,-46.107834
701.850000,-46.152639,-46.111635,-46.168897
701.900000,-46.213192,-46.172129,-46.229305
701.950000,-46.273111,-46.231996,-46.289081
702.000000,-46.332417,-46.291257,-46.348248
702.050000,-46.391133,-46.349933,-46.406827
702.100000,-46.449278,-46.408043,-46.464837
702.150000,-46.506871,-46.465606,-46.522298
702.200000,-46.563929,-46.522639,-46.579227
702.250000,-46.620471,-46.579157,-46.635640
702.300000,-46.676510,-46.635178,-46.691554
702.350000,-46.732064,-46.690716,-46.746985
702.400000,-46.787146,-46.745785,-46.801945
702.450000,-46.841771,-46.800399,-46.856450
702.500000,-46.895951,-46.854571,-46.910513
702.550000,-46.949699,-46.908313,-46.964146
702.600000,-47.003028,-46.961636,-47.017360
702.650000,-47.055949,-47.014554,-47.070168
702.700000,-47.108472,-47.067075,-47.122581
702.750000,-47.160609,-47.119212,-47.174608
702.800000,-47.212369,-47.170973,-47.226261
702.850000,-47.263762,-47.222368,-47.277548
702.900000,-47.314798,-47.273407,-47.328479
702.950000,-47.365485,-47.324098,-47.379062
703.000000,-47.415833,-47.374450,-47.429307
703.050000,-47.465848,-47.424471,-47.479222
703.100000,-47.515539,-47.474169,-47.528814
703.150000,-47.564915,-47.523551,-47.578091
703.200000,-47.613981,-47.572625,-47.627060
703.250000,-47.662746,-47.621398,-47.675729
703.300000,-47.711215,-47.669877,-47.724104
703.350000,-47.759396,-47.718067,-47.772191
703.400000,-47.807295,-47.765976,-47.819997
703.450000,-47.854918,-47.813609,-47.867529
703.500000,-47.902270,-47.860973,-47.914791
703.550000,-47.949358,-47.908073,-47.961789
703.600000,-47.996187,-47.954913,-48.008530
703.650000,-48.042762,-48.001501,-48.055017
703.700000,-48.089089,-48.047840,-48.101257
703.750000,-48.135171,-48.093936,-48.147254
703.800000,-48.181014,-48.139793,-48.193013
703.850000,-48.226623,-48.185416,-48.238538
703.900000,-48.272002,-48.230809,-48.283833
703.950000,-48.317155,-48.275977,-48.328904
704.000000,-48.362086,-48.320924,-48.373754
704.050000,-48.406800,-48.365654,-48.418388
704.100000,-48.451300,-48.410170,-48.462808
704.150000,-48.495590,-48.454477,-48.507019
704.200000,-48.539673,-48.498577,-48.551025
704.250000,-48.583554,-48.542476,-48.594828
704.300000,-48.627235,-48.586175,-48.638433
704.350000,-48.670721,-48.629678,-48.681843
704.400000,-48.714013,-48.672990,-48.725060
704.450000,-48.757116,-48.716111,-48.768089
704.500000,-48.800032,-48.759047,-48.810931
704.550000,-48.842764,-48.801799,-48.853590
704.600000,-48.885315,-48.844370,-48.896069
704.650000,-48.927688,-48.886764,-48.938370
704.700000,-48.969885,-48.928982,-48.980496
704.750000,-49.011909,-48.971028,-49.022450
704.800000,-49.053763,-49.012903,-49.064234
704.850000,-49.095448,-49.054611,-49.105851
704.900000,-49.136968,-49.096153,-49.147302
704.950000,-49.178325,-49.137533,-49.188591
705.000000,-49.219520,-49.178752,-49.229719
705.050000,-49.260556,-49.219812,-49.270688
705.100000,-49.301435,-49.260715,-49.311501
705.150000,-49.342160,-49.301464,-49.352160
705.200000,-49.382731,-49.342061,-49.392666
705.250000,-49.423151,-49.382506,-49.433022
705.300000,-49.463423,-49.422804,-49.473230
705.350000,-49.503547,-49.462954,-49.513290
705.400000,-49.543525,-49.502959,-49.553206
705.450000,-49.583360,-49.542821,-49.592979
705.500000,-49.623053,-49.582541,-49.632609
705.550000,-49.662605,-49.622121,-49.672100
705.600000,-49.702018,-49.661562,-49.711453
705.650000,-49.741294,-49.700867,-49.750669
705.700000,-49.780434,-49.740036,-49.789749
705.750000,-49.819440,-49.779071,-49.828696
705.800000,-49.858313,-49.817974,-49.867510
705.850000,-49.897055,-49.856746,-49.906193
705.900000,-49.935666,-49.895387,-49.944747
705.950000,-49.974149,-49.933901,-49.983172
706.000000,-50.012504,-49.972287,-50.021470
706.050000,-50.050732,-50.010547,-50.059642
706.100000,-50.088836,-50.048683,-50.097690
706.150000,-50.126816,-50.086695,-50.135614
706.200000,-50.164673,-50.124585,-50.173416
706.250000,-50.202408,-50.162353,-50.211096
706.300000,-50.240023,-50.200002,-50.248657
706.350000,-50.277518,-50.237531,-50.286099
706.400000,-50.314896,-50.274942,-50.323422
706.450000,-50.352155,-50.312237,-50.360629
706.500000,-50.389299,-50.349415,-50.397720
706.550000,-50.426327,-50.386478,-50.434696
706.600000,-50.463241,-50.423428,-50.471557
706.650000,-50.500041,-50.460264,-50.508306
706.700000,-50.536729,-50.496988,-50.544943
706.750000,-50.573305,-50.533600,-50.581468
706.800000,-50.609770,-50.570103,-50.617883
706.850000,-50.646125,-50.606495,-50.654189
706.900000,-50.682371,-50.642779,-50.690385
706.950000,-50.718509,-50.678955,-50.726474
707.000000,-50.754540,-50.715024,-50.762455
707.050000,-50.790463,-50.750986,-50.798331
707.100000,-50.826281,-50.786842,-50.834100
707.150000,-50.861993,-50.822594,-50.869765
707.200000,-50.897601,-50.858242,-50.905325
707.250000,-50.933105,-50.893786,-50.940783
707.300000,-50.968506,-50.929227,-50.976137
707.350000,-51.003805,-50.964566,-51.011389
707.400000,-51.039002,-50.999804,-51.046540
707.450000,-51.074097,-51.034940,-51.081590
707.500000,-51.109092,-51.069977,-51.116540
707.550000,-51.143988,-51.104914,-51.151390
707.600000,-51.178784,-51.139752,-51.186141
707.650000,-51.213481,-51.174492,-51.220795
707.700000,-51.248080,-51.209134,-51.255350
707.750000,-51.282582,-51.243679,-51.289808
707.800000,-51.316987,-51.278127,-51.324169
707.850000,-51.351295,-51.312479,-51.358434
707.900000,-51.385507,-51.346735,-51.392604
707.950000,-51.419624,-51.380896,-51.426679
708.000000,-51.453647,-51.414963,-51.460659
708.050000,-51.487575,-51.448936,-51.494545
708.100000,-51.521409,-51.482815,-51.528338
708.150000,-51.555150,-51.516601,-51.562037
708.200000,-51.588797,-51.550294,-51.595644
708.250000,-51.622353,-51.583896,-51.629159
708.300000,-51.655816,-51.617405,-51.662583
708.350000,-51.689189,-51.650824,-51.695915
708.400000,-51.722470,-51.684151,-51.729156
708.450000,-51.755660,-51.717389,-51.762307
708.500000,-51.788760,-51.750536,-51.795368
708.550000,-51.821771,-51.783594,-51.828340
708.600000,-51.854692,-51.816563,-51.861222
708.650000,-51.887524,-51.849443,-51.894016
708.700000,-51.920268,-51.882235,-51.926722
708.750000,-51.952923,-51.914939,-51.959339
708.800000,-51.985491,-51.947556,-51.991869
708.850000,-52.017971,-51.980085,-52.024312
708.900000,-52.050364,-52.012527,-52.056669
708.950000,-52.082671,-52.044883,-52.088938
709.000000,-52.114891,-52.077153,-52.121122
709.050000,-52.147025,-52.109337,-52.153220
709.100000,-52.179074,-52.141436,-52.185233
709.150000,-52.211037,-52.173450,-52.217160
709.200000,-52.242916,-52.205379,-52.249003
709.250000,-52.274709,-52.237224,-52.280762
709.300000,-52.306419,-52.268984,-52.312436
709.350000,-52.338044,-52.300661,-52.344027
709.400000,-52.369586,-52.332255,-52.375534
709.450000,-52.401044,-52.363765,-52.406959
709.500000,-52.432420,-52.395192,-52.438300
709.550000,-52.463712,-52.426537,-52.469559
709.600000,-52.494922,-52.457800,-52.500735
709.650000,-52.526050,-52.488981,-52.531830
709.700000,-52.557097,-52.520080,-52.562843
709.750000,-52.588061,-52.551098,-52.593775
709.800000,-52.618944,-52.582034,-52.624626
709.850000,-52.649747,-52.612890,-52.655396
709.900000,-52.680468,-52.643665,-52.686085
709.950000,-52.711109,-52.674360,-52.716694
710.000000,-52.741670,-52.704975,-52.747223
710.050000,-52.772150,-52.735511,-52.777672
710.100000,-52.802551,-52.765966,-52.808042
710.150000,-52.832873,-52.796343,-52.838333
710.200000,-52.863115,-52.826640,-52.868544
710.250000,-52.893279,-52.856859,-52.898677
710.300000,-52.923364,-52.886999,-52.928732
710.350000,-52.953370,-52.917061,-52.958708
710.400000,-52.983298,-52.947045,-52.988606
710.450000,-53.013148,-52.976951,-53.018426
710.500000,-53.042920,-53.006779,-53.048169
710.550000,-53.072615,-53.036531,-53.077834
710.600000,-53.102232,-53.066205,-53.107422
710.650000,-53.131773,-53.095802,-53.136934
710.700000,-53.161236,-53.125322,-53.166368
710.750000,-53.190623,-53.154766,-53.195727
710.800000,-53.219933,-53.184134,-53.225009
710.850000,-53.249167,-53.213425,-53.254215
710.900000,-53.278325,-53.242641,-53.283345
710.950000,-53.307408,-53.271781,-53.312399
711.000000,-53.336414,-53.300846,-53.341378
711.050000,-53.365346,-53.329836,-53.370282
711.100000,-53.394202,-53.358750,-53.399111
711.150000,-53.422983,-53.387590,-53.427866
711.200000,-53.451690,-53.416355,-53.456545
711.250000,-53.480322,-53.445046,-53.485151
711.300000,-53.508879,-53.473663,-53.513682
711.350000,-53.537362,-53.502205,-53.542139
711.400000,-53.565772,-53.530674,-53.570522
711.450000,-53.594108,-53.559069,-53.598832
711.500000,-53.622370,-53.587391,-53.627068
711.550000,-53.650558,-53.615639,-53.655231
711.600000,-53.678674,-53.643815,-53.683321
711.650000,-53.706716,-53.671918,-53.711339
711.700000,-53.734686,-53.699948,-53.739283
711.750000,-53.762583,-53.727905,-53.767156
711.800000,-53.790408,-53.755790,-53.794956
711.850000,-53.818160,-53.783603,-53.822683
711.900000,-53.845840,-53.811344,-53.850339
711.950000,-53.873449,-53.839014,-53.877923
712.000000,-53.900985,-53.866612,-53.905436
712.050000,-53.928451,-53.894138,-53.932877
712.100000,-53.955844,-53.921593,-53.960247
712.150000,-53.983167,-53.948977,-53.987546
712.200000,-54.010418,-53.976290,-54.014775
712.250000,-54.037599,-54.003533,-54.041932
712.300000,-54.064709,-54.030705,-54.069019
712.350000,-54.091749,-54.057806,-54.096036
712.400000,-54.118718,-54.084838,-54.122982
712.450000,-54.145617,-54.111799,-54.149858
712.500000,-54.172446,-54.138690,-54.176665
712.550000,-54.199205,-54.165512,-54.203402
712.600000,-54.225895,-54.192264,-54.230069
712.650000,-54.252515,-54.218947,-54.256667
712.700000,-54.279065,-54.245561,-54.283196
712.750000,-54.305547,-54.272105,-54.309656
712.800000,-54.331959,-54.298581,-54.336047
712.850000,-54.358303,-54.324988,-54.362369
712.900000,-54.384578,-54.351326,-54.388623
712.950000,-54.410785,-54.377596,-54.414809
713.000000,-54.436923,-54.403798,-54.440926
713.050000,-54.462993,-54.429931,-54.466975
713.100000,-54.488995,-54.455997,-54.492956
713.150000,-54.514929,-54.481995,-54.518870
713.200000,-54.540796,-54.507925,-54.544716
713.250000,-54.566595,-54.533788,-54.570495
713.300000,-54.592326,-54.559584,-54.596206
713.350000,-54.617991,-54.585312,-54.621850
713.400000,-54.643588,-54.610974,-54.647428
713.450000,-54.669118,-54.636569,-54.672938
713.500000,-54.694582,-54.662097,-54.698382
713.550000,-54.719979,-54.687558,-54.723760
713.600000,-54.745310,-54.712954,-54.749071
713.650000,-54.770574,-54.738283,-54.774316
713.700000,-54.795773,-54.763546,-54.799496
713.750000,-54.820905,-54.788743,-54.824609
713.800000,-54.845971,-54.813874,-54.849657
713.850000,-54.870972,-54.838940,-54.874639
713.900000,-54.895908,-54.863941,-54.899556
713.950000,-54.920778,-54.888876,-54.924408
714.000000,-54.945583,-54.913746,-54.949194
714.050000,-54.970323,-54.938551,-54.973916
714.100000,-54.994998,-54.963292,-54.998573
714.150000,-55.019609,-54.987967,-55.023166
714.200000,-55.044155,-55.012579,-55.047694
714.250000,-55.068636,-55.037126,-55.072157
714.300000,-55.093054,-55.061609,-55.096557
714.350000,-55.117407,-55.086027,-55.120893
714.400000,-55.141696,-55.110382,-55.145165
714.450000,-55.165922,-55.134673,-55.169373
714.500000,-55.190084,-55.158901,-55.193518
714.550000,-55.214182,-55.183065,-55.217599
714.600000,-55.238217,-55.207166,-55.241617
714.650000,-55.262189,-55.231204,-55.265572
714.700000,-55.286098,-55.255178,-55.289464
714.750000,-55.309944,-55.279090,-55.313294
714.800000,-55.333728,-55.302940,-55.337061
714.850000,-55.357448,-55.326726,-55.360765
714.900000,-55.381107,-55.350451,-55.384407
714.950000,-55.404703,-55.374113,-55.407987
715.000000,-55.428237,-55.397713,-55.431505
715.050000,-55.451709,-55.421251,-55.454962
715.100000,-55.475120,-55.444728,-55.478356
715.150000,-55.498469,-55.468143,-55.501689
715.200000,-55.521756,-55.491496,-55.524961
715.250000,-55.544982,-55.514788,-55.548171
715.300000,-55.568147,-55.538019,-55.571321
715.350000,-55.591251,-55.561189,-55.594409
715.400000,-55.614294,-55.584298,-55.617437
715.450000,-55.637276,-55.607346,-55.640404
715.500000,-55.660197,-55.630334,-55.663310
715.550000,-55.683059,-55.653262,-55.686157
715.600000,-55.705860,-55.676129,-55.708943
715.650000,-55.728601,-55.698936,-55.731669
715.700000,-55.751282,-55.721683,-55.754335
715.750000,-55.773903,-55.744370,-55.776942
715.800000,-55.796464,-55.766998,-55.799489
715.850000,-55.818966,-55.789566,-55.821976
715.900000,-55.841409,-55.812075,-55.844405
715.950000,-55.863792,-55.834525,-55.866774
716.000000,-55.886117,-55.856915,-55.889084
716.050000,-55.908382,-55.879247,-55.911336
716.100000,-55.930589,-55.901520,-55.933529
716.150000,-55.952738,-55.923734,-55.955663
716.200000,-55.974827,-55.945890,-55.977739
716.250000,-55.996859,-55.967988,-55.999757
716.300000,-56.018832,-55.990027,-56.021717
716.350000,-56.040748,-56.012009,-56.043619
716.400000,-56.062605,-56.033932,-56.065463
716.450000,-56.084405,-56.055798,-56.087249
716.500000,-56.106148,-56.077607,-56.108979
716.550000,-56.127833,-56.099358,-56.130651
716.600000,-56.149461,-56.121051,-56.152265
716.650000,-56.171032,-56.142688,-56.173823
716.700000,-56.192546,-56.164268,-56.195324
716.750000,-56.214003,-56.185791,-56.216768
716.800000,-56.235403,-56.207257,-56.238156
716.850000,-56.256748,-56.228667,-56.259488
716.900000,-56.278035,-56.250020,-56.280763
716.950000,-56.299267,-56.271318,-56.301982
717.000000,-56.320443,-56.292559,-56.323145
717.050000,-56.341563,-56.313744,-56.344253
717.100000,-56.362627,-56.334874,-56.365305
717.150000,-56.383636,-56.355948,-56.386301
717.200000,-56.404589,-56.376967,-56.407243
717.250000,-56.425487,-56.397930,-56.428129
717.300000,-56.446330,-56.418839,-56.448960
717.350000,-56.467118,-56.439692,-56.469736
717.400000,-56.487852,-56.460490,-56.490457
717.450000,-56.508530,-56.481234,-56.511124
717.500000,-56.529155,-56.501923,-56.531737
717.550000,-56.549725,-56.522558,-56.552295
717.600000,-56.570240,-56.543139,-56.572800
717.650000,-56.590702,-56.563666,-56.593250
717.700000,-56.611110,-56.584139,-56.613647
717.750000,-56.631464,-56.604557,-56.633989
717.800000,-56.651765,-56.624923,-56.654279
717.850000,-56.672013,-56.645235,-56.674515
717.900000,-56.692207,-56.665493,-56.694698
717.950000,-56.712348,-56.685699,-56.714828
718.000000,-56.732436,-56.705851,-56.734905
718.050000,-56.752471,-56.725951,-56.754930
718.100000,-56.772454,-56.745998,-56.774901
718.150000,-56.792384,-56.765992,-56.794821
718.200000,-56.812262,-56.785934,-56.814688
718.250000,-56.832088,-56.805823,-56.834503
718.300000,-56.851861,-56.825661,-56.854266
718.350000,-56.871583,-56.845447,-56.873978
718.400000,-56.891253,-56.865180,-56.893637
718.450000,-56.910872,-56.884862,-56.913245
718.500000,-56.930439,-56.904493,-56.932802
718.550000,-56.949955,-56.924072,-56.952308
718.600000,-56.969419,-56.943600,-56.971762
718.650000,-56.988833,-56.963077,-56.991166
718.700000,-57.008196,-56.982503,-57.010519
718.750000,-57.027508,-57.001879,-57.029821
718.800000,-57.046770,-57.021203,-57.049073
718.850000,-57.065981,-57.040478,-57.068274
718.900000,-57.085143,-57.059701,-57.087426
718.950000,-57.104254,-57.078875,-57.106527
719.000000,-57.123315,-57.097999,-57.125578
719.050000,-57.142326,-57.117073,-57.144580
719.100000,-57.161288,-57.136097,-57.163532
719.150000,-57.180201,-57.155071,-57.182435
719.200000,-57.199064,-57.173997,-57.201289
719.250000,-57.217877,-57.192872,-57.220093
719.300000,-57.236642,-57.211699,-57.238849
719.350000,-57.255358,-57.230477,-57.257555
719.400000,-57.274025,-57.249206,-57.276213
719.450000,-57.292644,-57.267886,-57.294823
719.500000,-57.311214,-57.286518,-57.313384
719.550000,-57.329736,-57.305101,-57.331897
719.600000,-57.348210,-57.323636,-57.350362
719.650000,-57.366636,-57.342123,-57.368779
719.700000,-57.385014,-57.360562,-57.387148
719.750000,-57.403345,-57.378954,-57.405470
719.800000,-57.421628,-57.397297,-57.423744
719.850000,-57.439863,-57.415593,-57.441970
719.900000,-57.458051,-57.433842,-57.460150
719.950000,-57.476193,-57.452044,-57.478283
720.000000,-57.494287,-57.470198,-57.496368
720.050000,-57.512334,-57.488306,-57.514407
720.100000,-57.530335,-57.506367,-57.532399
720.150000,-57.548289,-57.524381,-57.550345
720.200000,-57.566197,-57.542349,-57.568245
720.250000,-57.584059,-57.560270,-57.586098
720.300000,-57.601875,-57.578145,-57.603906
720.350000,-57.619645,-57.595975,-57.621667
720.400000,-57.637369,-57.613758,-57.639383
720.450000,-57.655047,-57.631495,-57.657054
720.500000,-57.672680,-57.649187,-57.674678
720.550000,-57.690268,-57.666834,-57.692258
720.600000,-57.707810,-57.684435,-57.709792
720.650000,-57.725308,-57.701991,-57.727282
720.700000,-57.742760,-57.719502,-57.744727
720.750000,-57.760168,-57.736968,-57.762126
720.800000,-57.777531,-57.754389,-57.779482
720.850000,-57.794850,-57.771766,-57.796793
720.900000,-57.812124,-57.789098,-57.814059
720.950000,-57.829354,-57.806386,-57.831282
721.000000,-57.846540,-57.823630,-57.848460
721.050000,-57.863683,-57.840829,-57.865595
721.100000,-57.880781,-57.857985,-57.882686
721.150000,-57.897836,-57.875097,-57.899733
721.200000,-57.914847,-57.892166,-57.916737
721.250000,-57.931816,-57.909191,-57.933698
721.300000,-57.948740,-57.926172,-57.950616
721.350000,-57.965622,-57.943111,-57.967490
721.400000,-57.982461,-57.960006,-57.984322
721.450000,-57.999257,-57.976859,-58.001111
721.500000,-58.016011,-57.993668,-58.017857
721.550000,-58.032722,-58.010435,-58.034561
721.600000,-58.049391,-58.027160,-58.051223
721.650000,-58.066017,-58.043842,-58.067842
721.700000,-58.082602,-58.060482,-58.084420
721.750000,-58.099144,-58.077080,-58.100955
721.800000,-58.115645,-58.093636,-58.117449
721.850000,-58.132104,-58.110150,-58.133901
721.900000,-58.148521,-58.126623,-58.150312
721.950000,-58.164897,-58.143054,-58.166681
722.000000,-58.181232,-58.159443,-58.183009
722.050000,-58.197526,-58.175791,-58.199296
722.100000,-58.213779,-58.192098,-58.215542
722.150000,-58.229991,-58.208364,-58.231747
722.200000,-58.246162,-58.224590,-58.247912
722.250000,-58.262292,-58.240774,-58.264036
722.300000,-58.278383,-58.256918,-58.280119
722.350000,-58.294432,-58.273022,-58.296163
722.400000,-58.310442,-58.289085,-58.312166
722.450000,-58.326412,-58.305108,-58.328129
722.500000,-58.342341,-58.321090,-58.344053
722.550000,-58.358231,-58.337033,-58.359936
722.600000,-58.374082,-58.352937,-58.375780
722.650000,-58.389892,-58.368800,-58.391585
722.700000,-58.405664,-58.384624,-58.407350
722.750000,-58.421396,-58.400408,-58.423076
722.800000,-58.437089,-58.416154,-58.438763
722.850000,-58.452743,-58.431860,-58.454411
722.900000,-58.468358,-58.447527,-58.470020
722.950000,-58.483935,-58.463155,-58.485590
723.000000,-58.499473,-58.478745,-58.501122
723.050000,-58.514972,-58.494295,-58.516615
723.100000,-58.530433,-58.509808,-58.532071
723.150000,-58.545856,-58.525282,-58.547488
723.200000,-58.561241,-58.540717,-58.562866
723.250000,-58.576588,-58.556115,-58.578207
723.300000,-58.591897,-58.571475,-58.593511
723.350000,-58.607168,-58.586796,-58.608776
723.400000,-58.622402,-58.602080,-58.624004
723.450000,-58.637598,-58.617327,-58.639195
723.500000,-58.652757,-58.632536,-58.654348
723.550000,-58.667879,-58.647707,-58.669464
723.600000,-58.682964,-58.662841,-58.684543
723.650000,-58.698011,-58.677939,-58.699585
723.700000,-58.713022,-58.692999,-58.714591
723.750000,-58.727996,-58.708022,-58.729559
723.800000,-58.742934,-58.723009,-58.744492
723.850000,-58.757835,-58.737959,-58.759387
723.900000,-58.772700,-58.752873,-58.774247
723.950000,-58.787529,-58.767750,-58.789070
724.000000,-58.802321,-58.782591,-58.803857
724.050000,-58.817078,-58.797395,-58.818608
724.100000,-58.831799,-58.812164,-58.833324
724.150000,-58.846484,-58.826897,-58.848004
724.200000,-58.861133,-58.841594,-58.862648
724.250000,-58.875747,-58.856256,-58.877256
724.300000,-58.890326,-58.870882,-58.891830
724.350000,-58.904869,-58.885472,-58.906368
724.400000,-58.919377,-58.900027,-58.920871
724.450000,-58.933850,-58.914548,-58.935339
724.500000,-58.948289,-58.929033,-58.949772
724.550000,-58.962692,-58.943483,-58.964171
724.600000,-58.977061,-58.957898,-58.978535
724.650000,-58.991395,-58.972278,-58.992864
724.700000,-59.005695,-58.986624,-59.007159
724.750000,-59.019961,-59.000936,-59.021420
724.800000,-59.034192,-59.015213,-59.035646
724.850000,-59.048390,-59.029456,-59.049839
724.900000,-59.062553,-59.043665,-59.063997
724.950000,-59.076682,-59.057840,-59.078122
725.000000,-59.090778,-59.071980,-59.092213
725.050000,-59.104840,-59.086087,-59.106270
725.100000,-59.118869,-59.100161,-59.120294
725.150000,-59.132864,-59.114201,-59.134284
725.200000,-59.146826,-59.128207,-59.148241
725.250000,-59.160754,-59.142180,-59.162165
725.300000,-59.174650,-59.156120,-59.176056
725.350000,-59.188513,-59.170027,-59.189914
725.400000,-59.202342,-59.183900,-59.203740
725.450000,-59.216140,-59.197741,-59.217532
725.500000,-59.229904,-59.211549,-59.231292
725.550000,-59.243636,-59.225324,-59.245019
725.600000,-59.257335,-59.239067,-59.258714
725.650000,-59.271002,-59.252777,-59.272377
725.700000,-59.284637,-59.266455,-59.286008
725.750000,-59.298240,-59.280101,-59.299606
725.800000,-59.311811,-59.293714,-59.313173
725.850000,-59.325350,-59.307296,-59.326707
725.900000,-59.338857,-59.320845,-59.340210
725.950000,-59.352333,-59.334363,-59.353682
726.000000,-59.365777,-59.347849,-59.367121
726.050000,-59.379190,-59.361303,-59.380530
726.100000,-59.392571,-59.374726,-59.393906
726.150000,-59.405921,-59.388117,-59.407252
726.200000,-59.419239,-59.401478,-59.420567
726.250000,-59.432527,-59.414806,-59.433850
726.300000,-59.445784,-59.428104,-59.447103
726.350000,-59.459010,-59.441371,-59.460325
726.400000,-59.472205,-59.454607,-59.473516
726.450000,-59.485370,-59.467812,-59.486676
726.500000,-59.498504,-59.480987,-59.499806
726.550000,-59.511607,-59.494131,-59.512906
726.600000,-59.524681,-59.507244,-59.525975
726.650000,-59.537724,-59.520327,-59.539014
726.700000,-59.550736,-59.533380,-59.552023
726.750000,-59.563719,-59.546402,-59.565002
726.800000,-59.576672,-59.559394,-59.577951
726.850000,-59.589595,-59.572357,-59.590870
726.900000,-59.602488,-59.585289,-59.603760
726.950000,-59.615352,-59.598192,-59.616619
727.000000,-59.628186,-59.611065,-59.629450
727.050000,-59.640991,-59.623908,-59.642250
727.100000,-59.653766,-59.636722,-59.655022
727.150000,-59.666512,-59.649507,-59.667764
727.200000,-59.679229,-59.662262,-59.680477
727.250000,-59.691917,-59.674988,-59.693161
727.300000,-59.704575,-59.687685,-59.705816
727.350000,-59.717205,-59.700352,-59.718442
727.400000,-59.729806,-59.712991,-59.731040
727.450000,-59.742379,-59.725601,-59.743609
727.500000,-59.754923,-59.738182,-59.756149
727.550000,-59.767438,-59.750735,-59.768660
727.600000,-59.779925,-59.763259,-59.781144
727.650000,-59.792383,-59.775754,-59.793599
727.700000,-59.804813,-59.788221,-59.806025
727.750000,-59.817215,-59.800660,-59.818424
727.800000,-59.829589,-59.813071,-59.830794
727.850000,-59.841935,-59.825453,-59.843137
727.900000,-59.854254,-59.837808,-59.855451
727.950000,-59.866544,-59.850134,-59.867738
728.000000,-59.878807,-59.862433,-59.879998
728.050000,-59.891042,-59.874704,-59.892229
728.100000,-59.903249,-59.886947,-59.904433
728.150000,-59.915429,-59.899162,-59.916610
728.200000,-59.927582,-59.911351,-59.928759
728.250000,-59.939707,-59.923511,-59.940881
728.300000,-59.951806,-59.935645,-59.952976
728.350000,-59.963877,-59.947751,-59.965044
728.400000,-59.975921,-59.959830,-59.977085
728.450000,-59.987938,-59.971882,-59.989099
728.500000,-59.999928,-59.983907,-60.001086
728.550000,-60.011892,-59.995905,-60.013046
728.600000,-60.023829,-60.007876,-60.024980
728.650000,-60.035739,-60.019821,-60.036887
728.700000,-60.047623,-60.031738,-60.048768
728.750000,-60.059480,-60.043630,-60.060622
728.800000,-60.071312,-60.055495,-60.072450
728.850000,-60.083116,-60.067333,-60.084252
728.900000,-60.094895,-60.079145,-60.096027
728.950000,-60.106647,-60.090931,-60.107777
729.000000,-60.118374,-60.102691,-60.119500
729.050000,-60.130074,-60.114424,-60.131197
729.100000,-60.141749,-60.126132,-60.142869
729.150000,-60.153398,-60.137814,-60.154515
729.200000,-60.165021,-60.149470,-60.166135
729.250000,-60.176619,-60.161100,-60.177730
729.300000,-60.188191,-60.172704,-60.189299
729.350000,-60.199737,-60.184283,-60.200842
729.400000,-60.211259,-60.195837,-60.212361
729.450000,-60.222755,-60.207365,-60.223854
729.500000,-60.234225,-60.218867,-60.235321
729.550000,-60.245671,-60.230345,-60.246764
729.600000,-60.257091,-60.241797,-60.258181
729.650000,-60.268487,-60.253224,-60.269574
729.700000,-60.279857,-60.264626,-60.280942
729.750000,-60.291203,-60.276003,-60.292284
729.800000,-60.302524,-60.287355,-60.303603
729.850000,-60.313820,-60.298682,-60.314896
729.900000,-60.325092,-60.309985,-60.326165
729.950000,-60.336339,-60.321262,-60.337409
730.000000,-60.347561,-60.332516,-60.348629
730.050000,-60.358759,-60.343744,-60.359824
730.100000,-60.369933,-60.354949,-60.370995
730.150000,-60.381083,-60.366129,-60.382142
730.200000,-60.392208,-60.377284,-60.393265
730.250000,-60.403309,-60.388415,-60.404363
730.300000,-60.414387,-60.399523,-60.415438
730.350000,-60.425440,-60.410606,-60.426488
730.400000,-60.436469,-60.421665,-60.437515
730.450000,-60.447475,-60.432700,-60.448518
730.500000,-60.458457,-60.443711,-60.459497
730.550000,-60.469415,-60.454699,-60.470453
730.600000,-60.480349,-60.465662,-60.481385
730.650000,-60.491260,-60.476602,-60.492293
730.700000,-60.502148,-60.487519,-60.503178
730.750000,-60.513012,-60.498412,-60.514039
730.800000,-60.523852,-60.509281,-60.524878
730.850000,-60.534670,-60.520128,-60.535692
730.900000,-60.545464,-60.530950,-60.546484
730.950000,-60.556235,-60.541750,-60.557253
731.000000,-60.566983,-60.552526,-60.567998
731.050000,-60.577708,-60.563279,-60.578721
731.100000,-60.588410,-60.574010,-60.589421
731.150000,-60.599090,-60.584717,-60.600097
731.200000,-60.609746,-60.595401,-60.610751
731.250000,-60.620380,-60.606063,-60.621383
731.300000,-60.630991,-60.616701,-60.631991
731.350000,-60.641579,-60.627317,-60.642577
731.400000,-60.652145,-60.637911,-60.653141
731.450000,-60.662689,-60.648481,-60.663682
731.500000,-60.673210,-60.659030,-60.674200
731.550000,-60.683708,-60.669555,-60.684697
731.600000,-60.694185,-60.680059,-60.695171
731.650000,-60.704639,-60.690540,-60.705623
731.700000,-60.715071,-60.700999,-60.716052
731.750000,-60.725481,-60.711435,-60.726460
731.800000,-60.735869,-60.721850,-60.736846
731.850000,-60.746235,-60.732242,-60.747209
731.900000,-60.756579,-60.742612,-60.757551
731.950000,-60.766901,-60.752961,-60.767871
732.000000,-60.777201,-60.763287,-60.778169
732.050000,-60.787480,-60.773592,-60.788445
732.100000,-60.797737,-60.783875,-60.798700
732.150000,-60.807972,-60.794136,-60.808933
732.200000,-60.818186,-60.804376,-60.819145
732.250000,-60.828379,-60.814594,-60.829335
732.300000,-60.838550,-60.824790,-60.839504
732.350000,-60.848699,-60.834965,-60.849651
732.400000,-60.858828,-60.845119,-60.859777
732.450000,-60.868935,-60.855251,-60.869882
732.500000,-60.879020,-60.865362,-60.879966
732.550000,-60.889085,-60.875452,-60.890029
732.600000,-60.899129,-60.885520,-60.900070
732.650000,-60.909152,-60.895568,-60.910091
732.700000,-60.919153,-60.905594,-60.920090
732.750000,-60.929134,-60.915600,-60.930069
732.800000,-60.939094,-60.925584,-60.940027
732.850000,-60.949033,-60.935548,-60.949964
732.900000,-60.958952,-60.945491,-60.959881
732.950000,-60.968850,-60.955413,-60.969776
733.000000,-60.978727,-60.965314,-60.979652
733.050000,-60.988583,-60.975195,-60.989506
733.100000,-60.998420,-60.985055,-60.999340
733.150000,-61.008235,-60.994895,-61.009154
733.200000,-61.018031,-61.004714,-61.018947
733.250000,-61.027806,-61.014512,-61.028720
733.300000,-61.037560,-61.024291,-61.038473
733.350000,-61.047295,-61.034049,-61.048205
733.400000,-61.057009,-61.043786,-61.057918
733.450000,-61.066703,-61.053504,-61.067610
733.500000,-61.076377,-61.063201,-61.077282
733.550000,-61.086031,-61.072878,-61.086934
733.600000,-61.095665,-61.082535,-61.096566
733.650000,-61.105280,-61.092173,-61.106179
733.700000,-61.114874,-61.101790,-61.115771
733.750000,-61.124449,-61.111387,-61.125344
733.800000,-61.134003,-61.120965,-61.134897
733.850000,-61.143539,-61.130522,-61.144430
733.900000,-61.153054,-61.140060,-61.153944
733.950000,-61.162550,-61.149579,-61.163438
734.000000,-61.172026,-61.159077,-61.172912
734.050000,-61.181483,-61.168557,-61.182367
734.100000,-61.190921,-61.178016,-61.191803
734.150000,-61.200339,-61.187456,-61.201219
734.200000,-61.209737,-61.196877,-61.210616
734.250000,-61.219117,-61.206278,-61.219993
734.300000,-61.228477,-61.215660,-61.229352
734.350000,-61.237818,-61.225023,-61.238691
734.400000,-61.247140,-61.234366,-61.248011
734.450000,-61.256442,-61.243691,-61.257312
734.500000,-61.265726,-61.252996,-61.266594
734.550000,-61.274991,-61.262282,-61.275857
734.600000,-61.284237,-61.271549,-61.285101
734.650000,-61.293464,-61.280797,-61.294326
734.700000,-61.302672,-61.290027,-61.303532
734.750000,-61.311861,-61.299237,-61.312720
734.800000,-61.321031,-61.308429,-61.321889
734.850000,-61.330183,-61.317601,-61.331039
734.900000,-61.339316,-61.326755,-61.340170
734.950000,-61.348431,-61.335891,-61.349283
735.000000,-61.357527,-61.345007,-61.358378
735.050000,-61.366604,-61.354105,-61.367453
735.100000,-61.375663,-61.363185,-61.376511
735.150000,-61.384704,-61.372246,-61.385550
735.200000,-61.393726,-61.381289,-61.394570
735.250000,-61.402730,-61.390313,-61.403572
735.300000,-61.411716,-61.399319,-61.412556
735.350000,-61.420683,-61.408306,-61.421522
735.400000,-61.429633,-61.417276,-61.430470
735.450000,-61.438564,-61.426227,-61.439399
735.500000,-61.447477,-61.435160,-61.448311
735.550000,-61.456372,-61.444075,-61.457204
735.600000,-61.465248,-61.452971,-61.466079
735.650000,-61.474107,-61.461850,-61.474937
735.700000,-61.482948,-61.470711,-61.483776
735.750000,-61.491772,-61.479553,-61.492598
735.800000,-61.500577,-61.488378,-61.501402
735.850000,-61.509365,-61.497185,-61.510188
735.900000,-61.518134,-61.505974,-61.518956
735.950000,-61.526887,-61.514746,-61.527706
736.000000,-61.535621,-61.523500,-61.536439
736.050000,-61.544338,-61.532236,-61.545155
736.100000,-61.553037,-61.540954,-61.553853
736.150000,-61.561719,-61.549655,-61.562533
736.200000,-61.570383,-61.558338,-61.571196
736.250000,-61.579030,-61.567004,-61.579841
736.300000,-61.587660,-61.575652,-61.588469
736.350000,-61.596272,-61.584283,-61.597080
736.400000,-61.604867,-61.592896,-61.605673
736.450000,-61.613444,-61.601492,-61.614249
736.500000,-61.622004,-61.610071,-61.622808
736.550000,-61.630548,-61.618633,-61.631350
736.600000,-61.639074,-61.627177,-61.639874
736.650000,-61.647582,-61.635704,-61.648382
736.700000,-61.656074,-61.644215,-61.656872
736.750000,-61.664549,-61.652708,-61.665345
736.800000,-61.673007,-61.661184,-61.673802
736.850000,-61.681448,-61.669643,-61.682241
736.900000,-61.689872,-61.678084,-61.690664
736.950000,-61.698279,-61.686510,-61.699069
737.000000,-61.706669,-61.694918,-61.707458
737.050000,-61.715043,-61.703309,-61.715831
737.100000,-61.723400,-61.711684,-61.724186
737.150000,-61.731740,-61.720041,-61.732525
737.200000,-61.740063,-61.728383,-61.740847
737.250000,-61.748370,-61.736707,-61.749152
737.300000,-61.756660,-61.745015,-61.757441
737.350000,-61.764934,-61.753306,-61.765713
737.400000,-61.773191,-61.761580,-61.773969
737.450000,-61.781432,-61.769839,-61.782209
737.500000,-61.789656,-61.778080,-61.790432
737.550000,-61.797864,-61.786305,-61.798638
737.600000,-61.806056,-61.794514,-61.806829
737.650000,-61.814231,-61.802706,-61.815003
737.700000,-61.822390,-61.810882,-61.823160
737.750000,-61.830533,-61.819042,-61.831302
737.800000,-61.838660,-61.827186,-61.839427
737.850000,-61.846770,-61.835313,-61.847536
737.900000,-61.854864,-61.843424,-61.855629
737.950000,-61.862943,-61.851519,-61.863706
738.000000,-61.871005,-61.859598,-61.871767
738.050000,-61.879051,-61.867661,-61.879812
738.100000,-61.887081,-61.875707,-61.887841
738.150000,-61.895096,-61.883738,-61.895854
738.200000,-61.903094,-61.891753,-61.903851
738.250000,-61.911076,-61.899752,-61.911832
738.300000,-61.919043,-61.907735,-61.919798
738.350000,-61.926994,-61.915702,-61.927748
738.400000,-61.934929,-61.923654,-61.935682
738.450000,-61.942849,-61.931589,-61.943600
738.500000,-61.950753,-61.939509,-61.951502
738.550000,-61.958641,-61.947413,-61.959389
738.600000,-61.966513,-61.955302,-61.967261
738.650000,-61.974370,-61.963175,-61.975116
738.700000,-61.982212,-61.971032,-61.982957
738.750000,-61.990038,-61.978874,-61.990781
738.800000,-61.997848,-61.986700,-61.998591
738.850000,-62.005643,-61.994511,-62.006385
738.900000,-62.013423,-62.002306,-62.014163
738.950000,-62.021187,-62.010086,-62.021926
739.000000,-62.028936,-62.017851,-62.029674
739.050000,-62.036670,-62.025600,-62.037407
739.100000,-62.044388,-62.033334,-62.045124
739.150000,-62.052092,-62.041053,-62.052826
739.200000,-62.059780,-62.048756,-62.060513
739.250000,-62.067453,-62.056444,-62.068185
739.300000,-62.075110,-62.064117,-62.075841
739.350000,-62.082753,-62.071775,-62.083483
739.400000,-62.090381,-62.079418,-62.091109
739.450000,-62.097993,-62.087046,-62.098721
739.500000,-62.105591,-62.094658,-62.106317
739.550000,-62.113174,-62.102256,-62.113899
739.600000,-62.120741,-62.109839,-62.121465
739.650000,-62.128294,-62.117407,-62.129017
739.700000,-62.135832,-62.124960,-62.136554
739.750000,-62.143356,-62.132498,-62.144076
739.800000,-62.150864,-62.140021,-62.151584
739.850000,-62.158358,-62.147529,-62.159076
739.900000,-62.165837,-62.155023,-62.166554
739.950000,-62.173301,-62.162502,-62.174017
740.000000,-62.180751,-62.169966,-62.181466
740.050000,-62.188186,-62.177416,-62.188900
740.100000,-62.195606,-62.184851,-62.196319
740.150000,-62.203012,-62.192271,-62.203724
740.200000,-62.210403,-62.199677,-62.211114
740.250000,-62.217780,-62.207068,-62.218490
740.300000,-62.225143,-62.214445,-62.225851
740.350000,-62.232491,-62.221807,-62.233198
740.400000,-62.239824,-62.229155,-62.240531
740.450000,-62.247143,-62.236488,-62.247849
740.500000,-62.254448,-62.243807,-62.255153
740.550000,-62.261739,-62.251112,-62.262443
740.600000,-62.269015,-62.258402,-62.269718
740.650000,-62.276277,-62.265678,-62.276979
740.700000,-62.283525,-62.272940,-62.284226
740.750000,-62.290759,-62.280188,-62.291458
740.800000,-62.297978,-62.287421,-62.298677
740.850000,-62.305184,-62.294640,-62.305881
740.900000,-62.312375,-62.301845,-62.313072
740.950000,-62.319553,-62.309036,-62.320248
741.000000,-62.326716,-62.316213,-62.327410
741.050000,-62.333865,-62.323376,-62.334559
741.100000,-62.341001,-62.330525,-62.341693
741.150000,-62.348122,-62.337660,-62.348813
741.200000,-62.355229,-62.344781,-62.355920
741.250000,-62.362323,-62.351888,-62.363013
741.300000,-62.369403,-62.358982,-62.370091
741.350000,-62.376469,-62.366061,-62.377157
741.400000,-62.383521,-62.373126,-62.384208
741.450000,-62.390560,-62.380178,-62.391245
741.500000,-62.397584,-62.387216,-62.398269
741.550000,-62.404595,-62.394240,-62.405279
741.600000,-62.411593,-62.401251,-62.412276
741.650000,-62.418577,-62.408248,-62.419258
741.700000,-62.425547,-62.415231,-62.426228
741.750000,-62.432503,-62.422201,-62.433183
741.800000,-62.439446,-62.429157,-62.440125
741.850000,-62.446376,-62.436099,-62.447054
741.900000,-62.453292,-62.443028,-62.453969
741.950000,-62.460194,-62.449944,-62.460871
742.000000,-62.467084,-62.456846,-62.467759
742.050000,-62.473959,-62.463734,-62.474634
742.100000,-62.480822,-62.470610,-62.481495
742.150000,-62.487671,-62.477471,-62.488343
742.200000,-62.494506,-62.484320,-62.495178
742.250000,-62.501329,-62.491155,-62.502000
742.300000,-62.508138,-62.497977,-62.508808
742.350000,-62.514934,-62.504785,-62.515603
742.400000,-62.521717,-62.511580,-62.522385
742.450000,-62.528486,-62.518363,-62.529153
742.500000,-62.535243,-62.525131,-62.535909
742.550000,-62.541986,-62.531887,-62.542651
742.600000,-62.548716,-62.538630,-62.549381
742.650000,-62.555433,-62.545359,-62.556097
742.700000,-62.562137,-62.552076,-62.562800
742.750000,-62.568829,-62.558779,-62.569491
742.800000,-62.575507,-62.565470,-62.576168
742.850000,-62.582172,-62.572147,-62.582832
742.900000,-62.588824,-62.578811,-62.589484
742.950000,-62.595464,-62.585463,-62.596122
743.000000,-62.602090,-62.592101,-62.602748
743.050000,-62.608704,-62.598727,-62.609360
743.100000,-62.615304,-62.605340,-62.615960
743.150000,-62.621893,-62.611940,-62.622548
743.200000,-62.628468,-62.618527,-62.629122
743.250000,-62.635030,-62.625102,-62.635684
743.300000,-62.641580,-62.631664,-62.642233
743.350000,-62.648117,-62.638213,-62.648769
743.400000,-62.654642,-62.644749,-62.655293
743.450000,-62.661154,-62.651273,-62.661804
743.500000,-62.667653,-62.657784,-62.668302
743.550000,-62.674140,-62.664282,-62.674788
743.600000,-62.680614,-62.670768,-62.681261
743.650000,-62.687075,-62.677241,-62.687722
743.700000,-62.693524,-62.683702,-62.694171
743.750000,-62.699961,-62.690150,-62.700606
743.800000,-62.706385,-62.696586,-62.707030
743.850000,-62.712797,-62.703009,-62.713441
743.900000,-62.719197,-62.709420,-62.719839
743.950000,-62.725584,-62.715819,-62.726226
744.000000,-62.731958,-62.722205,-62.732600
744.050000,-62.738321,-62.728578,-62.738961
744.100000,-62.744671,-62.734940,-62.745310
744.150000,-62.751008,-62.741289,-62.751647
744.200000,-62.757334,-62.747626,-62.757972
744.250000,-62.763647,-62.753951,-62.764285
744.300000,-62.769949,-62.760263,-62.770585
744.350000,-62.776238,-62.766563,-62.776873
744.400000,-62.782514,-62.772851,-62.783150
744.450000,-62.788779,-62.779127,-62.789413
744.500000,-62.795032,-62.785391,-62.795665
744.550000,-62.801272,-62.791643,-62.801905
744.600000,-62.807501,-62.797882,-62.808133
744.650000,-62.813718,-62.804110,-62.814349
744.700000,-62.819922,-62.810325,-62.820553
744.750000,-62.826115,-62.816529,-62.826745
744.800000,-62.832295,-62.822720,-62.832924
744.850000,-62.838464,-62.828900,-62.839092
744.900000,-62.844621,-62.835068,-62.845249
744.950000,-62.850766,-62.841224,-62.851393
745.000000,-62.856899,-62.847367,-62.857525
745.050000,-62.863020,-62.853500,-62.863646
745.100000,-62.869130,-62.859620,-62.869755
745.150000,-62.875228,-62.865728,-62.875852
745.200000,-62.881314,-62.871825,-62.881937
745.250000,-62.887388,-62.877910,-62.888011
745.300000,-62.893451,-62.883983,-62.894072
745.350000,-62.899502,-62.890045,-62.900123
745.400000,-62.905541,-62.896095,-62.906161
745.450000,-62.911569,-62.902133,-62.912188
745.500000,-62.917585,-62.908159,-62.918204
745.550000,-62.923589,-62.914174,-62.924207
745.600000,-62.929582,-62.920178,-62.930200
745.650000,-62.935563,-62.926170,-62.936180
745.700000,-62.941533,-62.932150,-62.942150
745.750000,-62.947492,-62.938119,-62.948107
745.800000,-62.953439,-62.944076,-62.954054
745.850000,-62.959374,-62.950022,-62.959988
745.900000,-62.965298,-62.955956,-62.965912
745.950000,-62.971211,-62.961879,-62.971824
746.000000,-62.977112,-62.967791,-62.977725
746.050000,-62.983002,-62.973691,-62.983614
746.100000,-62.988881,-62.979580,-62.989492
746.150000,-62.994749,-62.985457,-62.995359
746.200000,-63.000605,-62.991324,-63.001214
746.250000,-63.006450,-62.997179,-63.007058
746.300000,-63.012283,-63.003022,-63.012891
746.350000,-63.018106,-63.008855,-63.018713
746.400000,-63.023917,-63.014676,-63.024524
746.450000,-63.029717,-63.020486,-63.030323
746.500000,-63.035506,-63.026285,-63.036111
746.550000,-63.041284,-63.032073,-63.041889
746.600000,-63.047051,-63.037850,-63.047655
746.650000,-63.052806,-63.043615,-63.053410
746.700000,-63.058551,-63.049370,-63.059154
746.750000,-63.064285,-63.055113,-63.064887
746.800000,-63.070007,-63.060846,-63.070609
746.850000,-63.075719,-63.066567,-63.076320
746.900000,-63.081419,-63.072277,-63.082020
746.950000,-63.087109,-63.077977,-63.087709
747.000000,-63.092788,-63.083665,-63.093387
747.050000,-63.098456,-63.089343,-63.099054
747.100000,-63.104113,-63.095010,-63.104711
747.150000,-63.109759,-63.100665,-63.110356
747.200000,-63.115395,-63.106310,-63.115991
747.250000,-63.121019,-63.111945,-63.121615
747.300000,-63.126633,-63.117568,-63.127228
747.350000,-63.132236,-63.123181,-63.132831
747.400000,-63.137828,-63.128782,-63.138423
747.450000,-63.143410,-63.134373,-63.144004
747.500000,-63.148981,-63.139954,-63.149574
747.550000,-63.154541,-63.145523,-63.155133
747.600000,-63.160091,-63.151082,-63.160682
747.650000,-63.165630,-63.156631,-63.166221
747.700000,-63.171158,-63.162168,-63.171748
747.750000,-63.176676,-63.167695,-63.177266
747.800000,-63.182183,-63.173212,-63.182772
747.850000,-63.187680,-63.178718,-63.188268
747.900000,-63.193166,-63.184213,-63.193754
747.950000,-63.198641,-63.189698,-63.199229
748.000000,-63.204106,-63.195172,-63.204693
748.050000,-63.209561,-63.200636,-63.210147
748.100000,-63.215005,-63.206090,-63.215591
748.150000,-63.220439,-63.211533,-63.221024
748.200000,-63.225862,-63.216965,-63.226447
748.250000,-63.231276,-63.222387,-63.231860
748.300000,-63.236678,-63.227799,-63.237262
748.350000,-63.242071,-63.233200,-63.242653
748.400000,-63.247453,-63.238591,-63.248035
748.450000,-63.252824,-63.243972,-63.253406
748.500000,-63.258186,-63.249343,-63.258767
748.550000,-63.263537,-63.254703,-63.264118
748.600000,-63.268878,-63.260053,-63.269458
748.650000,-63.274209,-63.265392,-63.274788
748.700000,-63.279529,-63.270722,-63.280108
748.750000,-63.284840,-63.276041,-63.285418
748.800000,-63.290140,-63.281350,-63.290718
748.850000,-63.295430,-63.286649,-63.296007
748.900000,-63.300710,-63.291938,-63.301287
748.950000,-63.305980,-63.297216,-63.306556
749.000000,-63.311240,-63.302485,-63.311815
749.050000,-63.316490,-63.307744,-63.317065
749.100000,-63.321729,-63.312992,-63.322304
749.150000,-63.326959,-63.318230,-63.327533
749.200000,-63.332179,-63.323459,-63.332752
749.250000,-63.337389,-63.328677,-63.337962
749.300000,-63.342589,-63.333886,-63.343161
749.350000,-63.347778,-63.339084,-63.348350
749.400000,-63.352958,-63.344273,-63.353530
749.450000,-63.358129,-63.349452,-63.358699
749.500000,-63.363289,-63.354620,-63.363859
749.550000,-63.368439,-63.359779,-63.369009
749.600000,-63.373580,-63.364928,-63.374149
749.650000,-63.378711,-63.370068,-63.379279
749.700000,-63.383831,-63.375197,-63.384400
749.750000,-63.388943,-63.380317,-63.389510
749.800000,-63.394044,-63.385426,-63.394611
749.850000,-63.399136,-63.390526,-63.399703
749.900000,-63.404218,-63.395617,-63.404784
749.950000,-63.409290,-63.400697,-63.409856
750.000000,-63.414353,-63.405768,-63.414918
750.050000,-63.419406,-63.410830,-63.419970
750.100000,-63.424449,-63.415881,-63.425013
750.150000,-63.429483,-63.420923,-63.430046
750.200000,-63.434507,-63.425955,-63.435070
750.250000,-63.439521,-63.430978,-63.440084
750.300000,-63.444526,-63.435991,-63.445088
750.350000,-63.449522,-63.440995,-63.450083
750.400000,-63.454507,-63.445989,-63.455069
750.450000,-63.459484,-63.450974,-63.460045
750.500000,-63.464451,-63.455949,-63.465011
750.550000,-63.469408,-63.460914,-63.469968
750.600000,-63.474356,-63.465870,-63.474915
750.650000,-63.479295,-63.470817,-63.479853
750.700000,-63.484224,-63.475754,-63.484782
750.750000,-63.489144,-63.480682,-63.489701
750.800000,-63.494054,-63.485600,-63.494611
750.850000,-63.498955,-63.490509,-63.499512
750.900000,-63.503847,-63.495409,-63.504403
750.950000,-63.508729,-63.500299,-63.509285
751.000000,-63.513602,-63.505180,-63.514157
751.050000,-63.518466,-63.510052,-63.519021
751.100000,-63.523320,-63.514914,-63.523875
751.150000,-63.528166,-63.519767,-63.528720
751.200000,-63.533002,-63.524611,-63.533555
751.250000,-63.537828,-63.529446,-63.538382
751.300000,-63.542646,-63.534271,-63.543199
751.350000,-63.547455,-63.539087,-63.548007
751.400000,-63.552254,-63.543894,-63.552806
751.450000,-63.557044,-63.548692,-63.557595
751.500000,-63.561825,-63.553481,-63.562376
751.550000,-63.566597,-63.558261,-63.567147
751.600000,-63.571360,-63.563031,-63.571910
751.650000,-63.576114,-63.567793,-63.576663
751.700000,-63.580859,-63.572545,-63.581408
751.750000,-63.585594,-63.577289,-63.586143
751.800000,-63.590321,-63.582023,-63.590869
751.850000,-63.595039,-63.586748,-63.595586
751.900000,-63.599748,-63.591465,-63.600295
751.950000,-63.604447,-63.596172,-63.604994
752.000000,-63.609138,-63.600871,-63.609685
752.050000,-63.613820,-63.605560,-63.614366
752.100000,-63.618493,-63.610241,-63.619039
752.150000,-63.623157,-63.614912,-63.623702
752.200000,-63.627813,-63.619575,-63.628357
752.250000,-63.632459,-63.624229,-63.633003
752.300000,-63.637097,-63.628874,-63.637640
752.350000,-63.641725,-63.633510,-63.642269
752.400000,-63.646345,-63.638137,-63.646888
752.450000,-63.650957,-63.642756,-63.651499
752.500000,-63.655559,-63.647366,-63.656101
752.550000,-63.660153,-63.651967,-63.660694
752.600000,-63.664738,-63.656559,-63.665279
752.650000,-63.669314,-63.661143,-63.669855
752.700000,-63.673881,-63.665718,-63.674422
752.750000,-63.678440,-63.670284,-63.678980
752.800000,-63.682990,-63.674841,-63.683530
752.850000,-63.687532,-63.679390,-63.688071
752.900000,-63.692065,-63.683930,-63.692603
752.950000,-63.696589,-63.688462,-63.697127
753.000000,-63.701105,-63.692984,-63.701643
753.050000,-63.705612,-63.697499,-63.706149
753.100000,-63.710110,-63.702005,-63.710648
753.150000,-63.714601,-63.706502,-63.715137
753.200000,-63.719082,-63.710990,-63.719618
753.250000,-63.723555,-63.715470,-63.724091
753.300000,-63.728019,-63.719942,-63.728555
753.350000,-63.732475,-63.724405,-63.733011
753.400000,-63.736923,-63.728860,-63.737458
753.450000,-63.741362,-63.733306,-63.741896
753.500000,-63.745793,-63.737744,-63.746327
753.550000,-63.750215,-63.742173,-63.750749
753.600000,-63.754629,-63.746594,-63.755162
753.650000,-63.759034,-63.751006,-63.759567
753.700000,-63.763432,-63.755410,-63.763964
753.750000,-63.767820,-63.759806,-63.768352
753.800000,-63.772201,-63.764193,-63.772732
753.850000,-63.776573,-63.768572,-63.777104
753.900000,-63.780937,-63.772943,-63.781467
753.950000,-63.785292,-63.777306,-63.785823
754.000000,-63.789640,-63.781660,-63.790170
754.050000,-63.793979,-63.786006,-63.794508
754.100000,-63.798309,-63.790343,-63.798839
754.150000,-63.802632,-63.794673,-63.803161
754.200000,-63.806946,-63.798994,-63.807475
754.250000,-63.811253,-63.803307,-63.811781
754.300000,-63.815551,-63.807612,-63.816078
754.350000,-63.819841,-63.811908,-63.820368
754.400000,-63.824122,-63.816197,-63.824649
754.450000,-63.828396,-63.820477,-63.828923
754.500000,-63.832662,-63.824750,-63.833188
754.550000,-63.836919,-63.829014,-63.837445
754.600000,-63.841168,-63.833270,-63.841694
754.650000,-63.845410,-63.837518,-63.845935
754.700000,-63.849643,-63.841758,-63.850168
754.750000,-63.853868,-63.845990,-63.854393
754.800000,-63.858085,-63.850213,-63.858610
754.850000,-63.862295,-63.854429,-63.862818
754.900000,-63.866496,-63.858637,-63.867019
754.950000,-63.870689,-63.862837,-63.871212
755.000000,-63.874875,-63.867029,-63.875397
755.050000,-63.879052,-63.871213,-63.879574
755.100000,-63.883222,-63.875389,-63.883743
755.150000,-63.887383,-63.879557,-63.887905
755.200000,-63.891537,-63.883717,-63.892058
755.250000,-63.895683,-63.887870,-63.896204
755.300000,-63.899821,-63.892014,-63.900341
755.350000,-63.903951,-63.896151,-63.904471
755.400000,-63.908073,-63.900279,-63.908593
755.450000,-63.912188,-63.904400,-63.912707
755.500000,-63.916294,-63.908514,-63.916814
755.550000,-63.920393,-63.912619,-63.920912
755.600000,-63.924485,-63.916716,-63.925003
755.650000,-63.928568,-63.920806,-63.929086
755.700000,-63.932644,-63.924888,-63.933161
755.750000,-63.936712,-63.928963,-63.937229
755.800000,-63.940772,-63.933029,-63.941289
755.850000,-63.944825,-63.937088,-63.945341
755.900000,-63.948869,-63.941139,-63.949386
755.950000,-63.952907,-63.945183,-63.953423
756.000000,-63.956936,-63.949219,-63.957452
756.050000,-63.960958,-63.953247,-63.961474
756.100000,-63.964973,-63.957268,-63.965488
756.150000,-63.968979,-63.961281,-63.969494
756.200000,-63.972979,-63.965286,-63.973493
756.250000,-63.976970,-63.969284,-63.977484
756.300000,-63.980954,-63.973274,-63.981468
756.350000,-63.984931,-63.977257,-63.985444
756.400000,-63.988900,-63.981232,-63.989413
756.450000,-63.992861,-63.985200,-63.993374
756.500000,-63.996815,-63.989160,-63.997328
756.550000,-64.000762,-63.993112,-64.001274
756.600000,-64.004701,-63.997057,-64.005213
756.650000,-64.008633,-64.000995,-64.009144
756.700000,-64.012557,-64.004925,-64.013068
756.750000,-64.016473,-64.008848,-64.016984
756.800000,-64.020383,-64.012764,-64.020893
756.850000,-64.024285,-64.016671,-64.024795
756.900000,-64.028179,-64.020572,-64.028689
756.950000,-64.032066,-64.024465,-64.032576
757.000000,-64.035946,-64.028351,-64.036456
757.050000,-64.039819,-64.032230,-64.040328
757.100000,-64.043684,-64.036101,-64.044193
757.150000,-64.047542,-64.039964,-64.048050
757.200000,-64.051392,-64.043821,-64.051900
757.250000,-64.055235,-64.047670,-64.055743
757.300000,-64.059071,-64.051512,-64.059579
757.350000,-64.062900,-64.055347,-64.063407
757.400000,-64.066722,-64.059174,-64.067229
757.450000,-64.070536,-64.062994,-64.071043
757.500000,-64.074343,-64.066807,-64.074849
757.550000,-64.078143,-64.070613,-64.078649
757.600000,-64.081936,-64.074411,-64.082441
757.650000,-64.085721,-64.078203,-64.086227
757.700000,-64.089500,-64.081987,-64.090005
757.750000,-64.093271,-64.085764,-64.093776
757.800000,-64.097035,-64.089534,-64.097540
757.850000,-64.100792,-64.093297,-64.101296
757.900000,-64.104542,-64.097052,-64.105046
757.950000,-64.108285,-64.100801,-64.108788
758.000000,-64.112020,-64.104542,-64.112524
758.050000,-64.115749,-64.108277,-64.116252
758.100000,-64.119471,-64.112004,-64.119974
758.150000,-64.123185,-64.115724,-64.123688
758.200000,-64.126893,-64.119438,-64.127395
758.250000,-64.130593,-64.123144,-64.131095
758.300000,-64.134287,-64.126843,-64.134789
758.350000,-64.137974,-64.130535,-64.138475
758.400000,-64.141653,-64.134221,-64.142154
758.450000,-64.145326,-64.137899,-64.145827
758.500000,-64.148992,-64.141570,-64.149492
758.550000,-64.152651,-64.145235,-64.153151
758.600000,-64.156303,-64.148892,-64.156803
758.650000,-64.159948,-64.152543,-64.160447
758.700000,-64.163586,-64.156187,-64.164085
758.750000,-64.167217,-64.159823,-64.167716
758.800000,-64.170841,-64.163453,-64.171340
758.850000,-64.174459,-64.167076,-64.174958
758.900000,-64.178070,-64.170693,-64.178568
758.950000,-64.181674,-64.174302,-64.182172
759.000000,-64.185271,-64.177905,-64.185769
759.050000,-64.188861,-64.181501,-64.189359
759.100000,-64.192445,-64.185090,-64.192942
759.150000,-64.196021,-64.188672,-64.196519
759.200000,-64.199592,-64.192247,-64.200088
759.250000,-64.203155,-64.195816,-64.203651
759.300000,-64.206711,-64.199378,-64.207208
759.350000,-64.210261,-64.202933,-64.210757
759.400000,-64.213804,-64.206482,-64.214300
759.450000,-64.217341,-64.210024,-64.217836
759.500000,-64.220871,-64.213559,-64.221366
759.550000,-64.224394,-64.217087,-64.224889
759.600000,-64.227910,-64.220609,-64.228405
759.650000,-64.231420,-64.224124,-64.231915
759.700000,-64.234924,-64.227633,-64.235418
759.750000,-64.238420,-64.231135,-64.238914
759.800000,-64.241910,-64.234630,-64.242404
759.850000,-64.245394,-64.238119,-64.245887
759.900000,-64.248871,-64.241601,-64.249364
759.950000,-64.252341,-64.245077,-64.252834
760.000000,-64.255805,-64.248546,-64.256297
760.050000,-64.259262,-64.252008,-64.259754
760.100000,-64.262713,-64.255464,-64.263205
760.150000,-64.266157,-64.258914,-64.266649
760.200000,-64.269595,-64.262357,-64.270086
760.250000,-64.273026,-64.265793,-64.273517
760.300000,-64.276451,-64.269223,-64.276942
760.350000,-64.279869,-64.272646,-64.280360
760.400000,-64.283281,-64.276064,-64.283772
760.450000,-64.286686,-64.279474,-64.287177
760.500000,-64.290085,-64.282878,-64.290576
760.550000,-64.293478,-64.286276,-64.293968
760.600000,-64.296864,-64.289667,-64.297354
760.650000,-64.300244,-64.293052,-64.300734
760.700000,-64.303617,-64.296431,-64.304107
760.750000,-64.306985,-64.299803,-64.307474
760.800000,-64.310345,-64.303169,-64.310834
760.850000,-64.313700,-64.306528,-64.314188
760.900000,-64.317048,-64.309881,-64.317536
760.950000,-64.320390,-64.313228,-64.320878
761.000000,-64.323725,-64.316569,-64.324213
761.050000,-64.327054,-64.319903,-64.327542
761.100000,-64.330377,-64.323231,-64.330865
761.150000,-64.333694,-64.326553,-64.334181
761.200000,-64.337004,-64.329868,-64.337491
761.250000,-64.340309,-64.333177,-64.340795
761.300000,-64.343607,-64.336480,-64.344093
761.350000,-64.346898,-64.339777,-64.347385
761.400000,-64.350184,-64.343067,-64.350670
761.450000,-64.353463,-64.346352,-64.353949
761.500000,-64.356736,-64.349630,-64.357222
761.550000,-64.360003,-64.352902,-64.360489
761.600000,-64.363264,-64.356167,-64.363750
761.650000,-64.366519,-64.359427,-64.367004
761.700000,-64.369768,-64.362681,-64.370252
761.750000,-64.373010,-64.365928,-64.373495
761.800000,-64.376246,-64.369169,-64.376731
761.850000,-64.379477,-64.372404,-64.379961
761.900000,-64.382701,-64.375633,-64.383185
761.950000,-64.385919,-64.378856,-64.386403
762.000000,-64.389131,-64.382073,-64.389615
762.050000,-64.392337,-64.385284,-64.392820
762.100000,-64.395537,-64.388489,-64.396020
762.150000,-64.398731,-64.391687,-64.399214
762.200000,-64.401919,-64.394880,-64.402402
762.250000,-64.405101,-64.398067,-64.405583
762.300000,-64.408277,-64.401248,-64.408759
762.350000,-64.411447,-64.404422,-64.411929
762.400000,-64.414611,-64.407591,-64.415093
762.450000,-64.417769,-64.410754,-64.418251
762.500000,-64.420921,-64.413911,-64.421402
762.550000,-64.424067,-64.417061,-64.424548
762.600000,-64.427208,-64.420206,-64.427688
762.650000,-64.430342,-64.423345,-64.430823
762.700000,-64.433470,-64.426479,-64.433951
762.750000,-64.436593,-64.429606,-64.437073
762.800000,-64.439710,-64.432727,-64.440190
762.850000,-64.442820,-64.435843,-64.443300
762.900000,-64.445925,-64.438952,-64.446405
762.950000,-64.449024,-64.442056,-64.449504
763.000000,-64.452118,-64.445154,-64.452597
763.050000,-64.455205,-64.448246,-64.455684
763.100000,-64.458287,-64.451332,-64.458766
763.150000,-64.461363,-64.454413,-64.461842
763.200000,-64.464433,-64.457487,-64.464911
763.250000,-64.467497,-64.460556,-64.467976
763.300000,-64.470556,-64.463619,-64.471034
763.350000,-64.473609,-64.466677,-64.474086
763.400000,-64.476656,-64.469728,-64.477133
763.450000,-64.479697,-64.472774,-64.480174
763.500000,-64.482732,-64.475814,-64.483210
763.550000,-64.485762,-64.478848,-64.486240
763.600000,-64.488787,-64.481877,-64.489264
763.650000,-64.491805,-64.484900,-64.492282
763.700000,-64.494818,-64.487917,-64.495295
763.750000,-64.497825,-64.490929,-64.498302
763.800000,-64.500827,-64.493935,-64.501303
763.850000,-64.503822,-64.496935,-64.504299
763.900000,-64.506813,-64.499930,-64.507289
763.950000,-64.509797,-64.502919,-64.510273
764.000000,-64.512776,-64.505902,-64.513252
764.050000,-64.515750,-64.508880,-64.516225
764.100000,-64.518718,-64.511852,-64.519193
764.150000,-64.521680,-64.514819,-64.522155
764.200000,-64.524636,-64.517780,-64.525111
764.250000,-64.527588,-64.520736,-64.528062
764.300000,-64.530533,-64.523686,-64.531008
764.350000,-64.533473,-64.526630,-64.533947
764.400000,-64.536408,-64.529569,-64.536882
764.450000,-64.539337,-64.532502,-64.539811
764.500000,-64.542260,-64.535430,-64.542734
764.550000,-64.545178,-64.538352,-64.545652
764.600000,-64.548091,-64.541269,-64.548564
764.650000,-64.550998,-64.544180,-64.551471
764.700000,-64.553899,-64.547086,-64.554372
764.750000,-64.556795,-64.549987,-64.557268
764.800000,-64.559686,-64.552882,-64.560159
764.850000,-64.562571,-64.555771,-64.563044
764.900000,-64.565451,-64.558655,-64.565923
764.950000,-64.568326,-64.561534,-64.568798
765.000000,-64.571195,-64.564407,-64.571667
765.050000,-64.574058,-64.567275,-64.574530
765.100000,-64.576916,-64.570137,-64.577388
765.150000,-64.579769,-64.572995,-64.580241
765.200000,-64.582617,-64.575846,-64.583088
765.250000,-64.585459,-64.578693,-64.585930
765.300000,-64.588296,-64.581534,-64.588767
765.350000,-64.591127,-64.584369,-64.591598
765.400000,-64.593954,-64.587200,-64.594424
765.450000,-64.596775,-64.590025,-64.597245
765.500000,-64.599590,-64.592844,-64.600060
765.550000,-64.602400,-64.595659,-64.602870
765.600000,-64.605205,-64.598468,-64.605675
765.650000,-64.608005,-64.601272,-64.608475
765.700000,-64.610800,-64.604071,-64.611269
765.750000,-64.613589,-64.606864,-64.614058
765.800000,-64.616373,-64.609652,-64.616842
765.850000,-64.619152,-64.612435,-64.619621
765.900000,-64.621925,-64.615213,-64.622394
765.950000,-64.624694,-64.617985,-64.625163
766.000000,-64.627457,-64.620752,-64.627926
766.050000,-64.630215,-64.623514,-64.630683
766.100000,-64.632968,-64.626271,-64.633436
766.150000,-64.635715,-64.629023,-64.636184
766.200000,-64.638458,-64.631769,-64.638926
766.250000,-64.641195,-64.634511,-64.641663
766.300000,-64.643927,-64.637247,-64.644395
766.350000,-64.646654,-64.639978,-64.647122
766.400000,-64.649376,-64.642704,-64.649844
766.450000,-64.652093,-64.645425,-64.652561
766.500000,-64.654805,-64.648141,-64.655272
766.550000,-64.657512,-64.650851,-64.657979
766.600000,-64.660213,-64.653557,-64.660680
766.650000,-64.662910,-64.656257,-64.663376
766.700000,-64.665601,-64.658953,-64.666068
766.750000,-64.668288,-64.661643,-64.668754
766.800000,-64.670969,-64.664328,-64.671435
766.850000,-64.673645,-64.667008,-64.674111
766.900000,-64.676317,-64.669684,-64.676783
766.950000,-64.678983,-64.672354,-64.679449
767.000000,-64.681644,-64.675019,-64.682110
767.050000,-64.684301,-64.677679,-64.684766
767.100000,-64.686952,-64.680335,-64.687417
767.150000,-64.689598,-64.682985,-64.690064
767.200000,-64.692240,-64.685630,-64.692705
767.250000,-64.694876,-64.688270,-64.695341
767.300000,-64.697508,-64.690906,-64.697972
767.350000,-64.700134,-64.693536,-64.700599
767.400000,-64.702756,-64.696162,-64.703220
767.450000,-64.705373,-64.698782,-64.705837
767.500000,-64.707984,-64.701398,-64.708449
767.550000,-64.710591,-64.704008,-64.711055
767.600000,-64.713193,-64.706614,-64.713657
767.650000,-64.715791,-64.709215,-64.716254
767.700000,-64.718383,-64.711811,-64.718846
767.750000,-64.720970,-64.714402,-64.721434
767.800000,-64.723553,-64.716989,-64.724016
767.850000,-64.726131,-64.719570,-64.726594
767.900000,-64.728704,-64.722147,-64.729167
767.950000,-64.731272,-64.724719,-64.731734
768.000000,-64.733835,-64.727286,-64.734298
768.050000,-64.736393,-64.729848,-64.736856
768.100000,-64.738947,-64.732405,-64.739409
768.150000,-64.741496,-64.734958,-64.741958
768.200000,-64.744040,-64.737506,-64.744502
768.250000,-64.746579,-64.740049,-64.747041
768.300000,-64.749114,-64.742587,-64.749576
768.350000,-64.751644,-64.745120,-64.752106
768.400000,-64.754169,-64.747649,-64.754630
768.450000,-64.756689,-64.750173,-64.757151
768.500000,-64.759205,-64.752693,-64.759666
768.550000,-64.761716,-64.755207,-64.762177
768.600000,-64.764222,-64.757717,-64.764683
768.650000,-64.766723,-64.760222,-64.767184
768.700000,-64.769220,-64.762723,-64.769681
768.750000,-64.771712,-64.765218,-64.772173
768.800000,-64.774200,-64.767709,-64.774661
768.850000,-64.776683,-64.770196,-64.777143
768.900000,-64.779161,-64.772678,-64.779621
768.950000,-64.781634,-64.775155,-64.782095
769.000000,-64.784103,-64.777627,-64.784563
769.050000,-64.786568,-64.780095,-64.787028
769.100000,-64.789027,-64.782558,-64.789487
769.150000,-64.791482,-64.785017,-64.791942
769.200000,-64.793933,-64.787471,-64.794392
769.250000,-64.796379,-64.789920,-64.796838
769.300000,-64.798820,-64.792365,-64.799279
769.350000,-64.801257,-64.794805,-64.801716
769.400000,-64.803689,-64.797241,-64.804148
769.450000,-64.806116,-64.799672,-64.806575
769.500000,-64.808539,-64.802099,-64.808998
769.550000,-64.810958,-64.804521,-64.811417
769.600000,-64.813372,-64.806938,-64.813831
769.650000,-64.815781,-64.809351,-64.816240
769.700000,-64.818186,-64.811760,-64.818645
769.750000,-64.820587,-64.814163,-64.821045
769.800000,-64.822983,-64.816563,-64.823441
769.850000,-64.825374,-64.818958,-64.825832
769.900000,-64.827761,-64.821348,-64.828219
769.950000,-64.830144,-64.823734,-64.830602
770.000000,-64.832522,-64.826116,-64.832980
770.050000,-64.834895,-64.828493,-64.835353
770.100000,-64.837265,-64.830865,-64.837722
770.150000,-64.839629,-64.833234,-64.840087
770.200000,-64.841990,-64.835597,-64.842447
770.250000,-64.844346,-64.837957,-64.844803
770.300000,-64.846697,-64.840311,-64.847154
770.350000,-64.849044,-64.842662,-64.849501
770.400000,-64.851387,-64.845008,-64.851844
770.450000,-64.853725,-64.847350,-64.854182
770.500000,-64.856059,-64.849687,-64.856516
770.550000,-64.858389,-64.852020,-64.858845
770.600000,-64.860714,-64.854348,-64.861170
770.650000,-64.863035,-64.856673,-64.863491
770.700000,-64.865351,-64.858992,-64.865807
770.750000,-64.867663,-64.861308,-64.868119
770.800000,-64.869971,-64.863619,-64.870427
770.850000,-64.872275,-64.865926,-64.872731
770.900000,-64.874574,-64.868229,-64.875030
770.950000,-64.876869,-64.870527,-64.877324
771.000000,-64.879160,-64.872821,-64.879615
771.050000,-64.881446,-64.875110,-64.881901
771.100000,-64.883728,-64.877396,-64.884183
771.150000,-64.886006,-64.879677,-64.886461
771.200000,-64.888279,-64.881954,-64.888734
771.250000,-64.890549,-64.884226,-64.891004
771.300000,-64.892814,-64.886494,-64.893268
771.350000,-64.895074,-64.888758,-64.895529
771.400000,-64.897331,-64.891018,-64.897786
771.450000,-64.899583,-64.893274,-64.900038
771.500000,-64.901831,-64.895525,-64.902286
771.550000,-64.904075,-64.897772,-64.904530
771.600000,-64.906315,-64.900015,-64.906769
771.650000,-64.908551,-64.902254,-64.909005
771.700000,-64.910782,-64.904489,-64.911236
771.750000,-64.913009,-64.906719,-64.913463
771.800000,-64.915232,-64.908945,-64.915686
771.850000,-64.917451,-64.911167,-64.917905
771.900000,-64.919666,-64.913385,-64.920120
771.950000,-64.921877,-64.915599,-64.922330
772.000000,-64.924083,-64.917809,-64.924537
772.050000,-64.926285,-64.920014,-64.926739
772.100000,-64.928484,-64.922216,-64.928937
772.150000,-64.930678,-64.924413,-64.931131
772.200000,-64.932868,-64.926606,-64.933321
772.250000,-64.935054,-64.928795,-64.935507
772.300000,-64.937236,-64.930980,-64.937688
772.350000,-64.939413,-64.933161,-64.939866
772.400000,-64.941587,-64.935338,-64.942040
772.450000,-64.943757,-64.937510,-64.944209
772.500000,-64.945922,-64.939679,-64.946375
772.550000,-64.948084,-64.941844,-64.948536
772.600000,-64.950241,-64.944004,-64.950693
772.650000,-64.952395,-64.946161,-64.952847
772.700000,-64.954544,-64.948313,-64.954996
772.750000,-64.956689,-64.950462,-64.957141
772.800000,-64.958831,-64.952606,-64.959283
772.850000,-64.960968,-64.954747,-64.961420
772.900000,-64.963102,-64.956883,-64.963553
772.950000,-64.965231,-64.959016,-64.965683
773.000000,-64.967356,-64.961144,-64.967808
773.050000,-64.969478,-64.963269,-64.969929
773.100000,-64.971595,-64.965389,-64.972047
773.150000,-64.973709,-64.967506,-64.974160
773.200000,-64.975819,-64.969618,-64.976270
773.250000,-64.977924,-64.971727,-64.978375
773.300000,-64.980026,-64.973832,-64.980477
773.350000,-64.982124,-64.975932,-64.982575
773.400000,-64.984218,-64.978029,-64.984669
773.450000,-64.986308,-64.980122,-64.986758
773.500000,-64.988394,-64.982211,-64.988844
773.550000,-64.990476,-64.984296,-64.990927
773.600000,-64.992554,-64.986378,-64.993005
773.650000,-64.994629,-64.988455,-64.995079
773.700000,-64.996699,-64.990529,-64.997150
773.750000,-64.998766,-64.992598,-64.999216
773.800000,-65.000829,-64.994664,-65.001279
773.850000,-65.002888,-64.996726,-65.003338
773.900000,-65.004943,-64.998784,-65.005393
773.950000,-65.006994,-65.000838,-65.007444
774.000000,-65.009041,-65.002888,-65.009491
774.050000,-65.011085,-65.004935,-65.011535
774.100000,-65.013125,-65.006978,-65.013575
774.150000,-65.015161,-65.009016,-65.015610
774.200000,-65.017193,-65.011052,-65.017643
774.250000,-65.019221,-65.013083,-65.019671
774.300000,-65.021246,-65.015110,-65.021695
774.350000,-65.023267,-65.017134,-65.023716
774.400000,-65.025284,-65.019154,-65.025733
774.450000,-65.027297,-65.021170,-65.027746
774.500000,-65.029307,-65.023182,-65.029756
774.550000,-65.031313,-65.025191,-65.031762
774.600000,-65.033315,-65.027196,-65.033763
774.650000,-65.035313,-65.029197,-65.035762
774.700000,-65.037307,-65.031195,-65.037756
774.750000,-65.039298,-65.033188,-65.039747
774.800000,-65.041285,-65.035178,-65.041734
774.850000,-65.043269,-65.037164,-65.043717
774.900000,-65.045249,-65.039147,-65.045697
774.950000,-65.047225,-65.041126,-65.047673
775.000000,-65.049197,-65.043101,-65.049645
775.050000,-65.051166,-65.045072,-65.051614
775.100000,-65.053131,-65.047040,-65.053579
775.150000,-65.055092,-65.049004,-65.055540
775.200000,-65.057050,-65.050965,-65.057498
775.250000,-65.059004,-65.052921,-65.059452
775.300000,-65.060954,-65.054875,-65.061402
775.350000,-65.062901,-65.056824,-65.063348
775.400000,-65.064844,-65.058770,-65.065291
775.450000,-65.066783,-65.060712,-65.067231
775.500000,-65.068719,-65.062651,-65.069167
775.550000,-65.070651,-65.064586,-65.071099
775.600000,-65.072580,-65.066517,-65.073027
775.650000,-65.074505,-65.068445,-65.074952
775.700000,-65.076426,-65.070369,-65.076874
775.750000,-65.078344,-65.072290,-65.078792
775.800000,-65.080259,-65.074207,-65.080706
775.850000,-65.082169,-65.076120,-65.082616
775.900000,-65.084076,-65.078030,-65.084523
775.950000,-65.085980,-65.079936,-65.086427
776.000000,-65.087880,-65.081839,-65.088327
776.050000,-65.089777,-65.083738,-65.090223
776.100000,-65.091670,-65.085634,-65.092116
776.150000,-65.093559,-65.087526,-65.094006
776.200000,-65.095445,-65.089414,-65.095892
776.250000,-65.097327,-65.091299,-65.097774
776.300000,-65.099206,-65.093181,-65.099653
776.350000,-65.101082,-65.095059,-65.101528
776.400000,-65.102953,-65.096933,-65.103400
776.450000,-65.104822,-65.098805,-65.105268
776.500000,-65.106687,-65.100672,-65.107133
776.550000,-65.108548,-65.102536,-65.108994
776.600000,-65.110406,-65.104397,-65.110852
776.650000,-65.112261,-65.106254,-65.112707
776.700000,-65.114112,-65.108107,-65.114558
776.750000,-65.115959,-65.109958,-65.116405
776.800000,-65.117803,-65.111804,-65.118249
776.850000,-65.119644,-65.113648,-65.120090
776.900000,-65.121481,-65.115488,-65.121927
776.950000,-65.123315,-65.117324,-65.123761
777.000000,-65.125146,-65.119157,-65.125591
777.050000,-65.126973,-65.120987,-65.127418
777.100000,-65.128796,-65.122813,-65.129242
777.150000,-65.130617,-65.124636,-65.131062
777.200000,-65.132433,-65.126455,-65.132879
777.250000,-65.134247,-65.128271,-65.134692
777.300000,-65.136057,-65.130084,-65.136502
777.350000,-65.137864,-65.131893,-65.138309
777.400000,-65.139667,-65.133699,-65.140112
777.450000,-65.141467,-65.135501,-65.141912
777.500000,-65.143264,-65.137300,-65.143709
777.550000,-65.145057,-65.139096,-65.145502
777.600000,-65.146847,-65.140889,-65.147292
777.650000,-65.148633,-65.142678,-65.149078
777.700000,-65.150417,-65.144463,-65.150861
777.750000,-65.152196,-65.146246,-65.152641
777.800000,-65.153973,-65.148025,-65.154418
777.850000,-65.155746,-65.149801,-65.156191
777.900000,-65.157516,-65.151573,-65.157961
777.950000,-65.159283,-65.153342,-65.159728
778.000000,-65.161047,-65.155108,-65.161491
778.050000,-65.162807,-65.156871,-65.163251
778.100000,-65.164564,-65.158630,-65.165008
778.150000,-65.166317,-65.160386,-65.166761
778.200000,-65.168067,-65.162139,-65.168512
778.250000,-65.169814,-65.163889,-65.170259
778.300000,-65.171558,-65.165635,-65.172002
778.350000,-65.173299,-65.167378,-65.173743
778.400000,-65.175036,-65.169118,-65.175480
778.450000,-65.176770,-65.170854,-65.177214
778.500000,-65.178501,-65.172587,-65.178945
778.550000,-65.180229,-65.174317,-65.180673
778.600000,-65.181953,-65.176044,-65.182397
778.650000,-65.183674,-65.177768,-65.184118
778.700000,-65.185392,-65.179488,-65.185836
778.750000,-65.187107,-65.181205,-65.187551
778.800000,-65.188819,-65.182919,-65.189262
778.850000,-65.190527,-65.184630,-65.190971
778.900000,-65.192232,-65.186338,-65.192676
778.950000,-65.193934,-65.188042,-65.194378
779.000000,-65.195633,-65.189744,-65.196077
779.050000,-65.197329,-65.191442,-65.197772
779.100000,-65.199022,-65.193137,-65.199465
779.150000,-65.200711,-65.194828,-65.201154
779.200000,-65.202397,-65.196517,-65.202840
779.250000,-65.204080,-65.198203,-65.204523
779.300000,-65.205760,-65.199885,-65.206203
779.350000,-65.207437,-65.201564,-65.207880
779.400000,-65.209111,-65.203240,-65.209554
779.450000,-65.210782,-65.204913,-65.211225
779.500000,-65.212449,-65.206583,-65.212892
779.550000,-65.214114,-65.208250,-65.214556
779.600000,-65.215775,-65.209913,-65.216218
779.650000,-65.217433,-65.211574,-65.217876
779.700000,-65.219088,-65.213231,-65.219531
779.750000,-65.220740,-65.214886,-65.221183
779.800000,-65.222389,-65.216537,-65.222832
779.850000,-65.224035,-65.218185,-65.224478
779.900000,-65.225678,-65.219830,-65.226121
779.950000,-65.227318,-65.221473,-65.227760
780.000000,-65.228955,-65.223112,-65.229397
780.050000,-65.230588,-65.224748,-65.231031
780.100000,-65.232219,-65.226381,-65.232661
780.150000,-65.233847,-65.228010,-65.234289
780.200000,-65.235471,-65.229637,-65.235914
780.250000,-65.237093,-65.231261,-65.237535
780.300000,-65.238711,-65.232882,-65.239154
780.350000,-65.240327,-65.234500,-65.240769
780.400000,-65.241940,-65.236115,-65.242382
780.450000,-65.243549,-65.237726,-65.243991
780.500000,-65.245156,-65.239335,-65.245598
780.550000,-65.246759,-65.240941,-65.247201
780.600000,-65.248360,-65.242544,-65.248802
780.650000,-65.249957,-65.244144,-65.250399
780.700000,-65.251552,-65.245740,-65.251994
780.750000,-65.253144,-65.247334,-65.253586
780.800000,-65.254732,-65.248925,-65.255174
780.850000,-65.256318,-65.250513,-65.256760
780.900000,-65.257901,-65.252098,-65.258343
780.950000,-65.259481,-65.253680,-65.259923
781.000000,-65.261058,-65.255259,-65.261499
781.050000,-65.262632,-65.256836,-65.263073
781.100000,-65.264203,-65.258409,-65.264644
781.150000,-65.265771,-65.259979,-65.266212
781.200000,-65.267336,-65.261547,-65.267778
781.250000,-65.268899,-65.263111,-65.269340
781.300000,-65.270458,-65.264673,-65.270899
781.350000,-65.272015,-65.266231,-65.272456
781.400000,-65.273568,-65.267787,-65.274009
781.450000,-65.275119,-65.269340,-65.275560
781.500000,-65.276667,-65.270890,-65.277108
781.550000,-65.278212,-65.272437,-65.278653
781.600000,-65.279754,-65.273981,-65.280195
781.650000,-65.281293,-65.275523,-65.281734
781.700000,-65.282829,-65.277061,-65.283270
781.750000,-65.284363,-65.278597,-65.284804
781.800000,-65.285894,-65.280130,-65.286335
781.850000,-65.287421,-65.281660,-65.287862
781.900000,-65.288946,-65.283187,-65.289387
781.950000,-65.290468,-65.284711,-65.290909
782.000000,-65.291988,-65.286232,-65.292429
782.050000,-65.293504,-65.287751,-65.293945
782.100000,-65.295018,-65.289267,-65.295459
782.150000,-65.296529,-65.290780,-65.296970
782.200000,-65.298037,-65.292290,-65.298478
782.250000,-65.299542,-65.293797,-65.299983
782.300000,-65.301045,-65.295302,-65.301485
782.350000,-65.302544,-65.296803,-65.302985
782.400000,-65.304041,-65.298302,-65.304482
782.450000,-65.305535,-65.299799,-65.305976
782.500000,-65.307027,-65.301292,-65.307467
782.550000,-65.308515,-65.302783,-65.308955
782.600000,-65.310001,-65.304270,-65.310441
782.650000,-65.311484,-65.305755,-65.311924
782.700000,-65.312964,-65.307238,-65.313404
782.750000,-65.314442,-65.308717,-65.314882
782.800000,-65.315916,-65.310194,-65.316357
782.850000,-65.317388,-65.311668,-65.317829
782.900000,-65.318858,-65.313140,-65.319298
782.950000,-65.320324,-65.314608,-65.320764
783.000000,-65.321788,-65.316074,-65.322228
783.050000,-65.323249,-65.317537,-65.323689
783.100000,-65.324708,-65.318998,-65.325148
783.150000,-65.326163,-65.320455,-65.326603
783.200000,-65.327616,-65.321910,-65.328056
783.250000,-65.329067,-65.323363,-65.329507
783.300000,-65.330514,-65.324812,-65.330954
783.350000,-65.331959,-65.326259,-65.332399
783.400000,-65.333401,-65.327703,-65.333841
783.450000,-65.334841,-65.329145,-65.335281
783.500000,-65.336278,-65.330584,-65.336718
783.550000,-65.337712,-65.332020,-65.338152
783.600000,-65.339144,-65.333453,-65.339583
783.650000,-65.340572,-65.334884,-65.341012
783.700000,-65.341999,-65.336312,-65.342438
783.750000,-65.343422,-65.337738,-65.343862
783.800000,-65.344843,-65.339161,-65.345283
783.850000,-65.346261,-65.340581,-65.346701
783.900000,-65.347677,-65.341999,-65.348117
783.950000,-65.349090,-65.343414,-65.349530
784.000000,-65.350501,-65.344826,-65.350940
784.050000,-65.351908,-65.346236,-65.352348
784.100000,-65.353314,-65.347643,-65.353753
784.150000,-65.354716,-65.349047,-65.355156
784.200000,-65.356116,-65.350449,-65.356556
784.250000,-65.357513,-65.351849,-65.357953
784.300000,-65.358908,-65.353245,-65.359348
784.350000,-65.360300,-65.354639,-65.360740
784.400000,-65.361690,-65.356031,-65.362129
784.450000,-65.363077,-65.357420,-65.363516
784.500000,-65.364461,-65.358806,-65.364901
784.550000,-65.365843,-65.360190,-65.366283
784.600000,-65.367223,-65.361571,-65.367662
784.650000,-65.368599,-65.362950,-65.369039
784.700000,-65.369974,-65.364326,-65.370413
784.750000,-65.371345,-65.365700,-65.371784
784.800000,-65.372714,-65.367071,-65.373154
784.850000,-65.374081,-65.368439,-65.374520
784.900000,-65.375445,-65.369805,-65.375884
784.950000,-65.376806,-65.371168,-65.377246
785.000000,-65.378165,-65.372529,-65.378604
785.050000,-65.379522,-65.373887,-65.379961
785.100000,-65.380876,-65.375243,-65.381315
785.150000,-65.382227,-65.376596,-65.382666
785.200000,-65.383576,-65.377947,-65.384015
785.250000,-65.384923,-65.379295,-65.385361
785.300000,-65.386266,-65.380641,-65.386705
785.350000,-65.387608,-65.381984,-65.388047
785.400000,-65.388947,-65.383325,-65.389386
785.450000,-65.390283,-65.384664,-65.390722
785.500000,-65.391617,-65.385999,-65.392056
785.550000,-65.392949,-65.387333,-65.393387
785.600000,-65.394278,-65.388663,-65.394716
785.650000,-65.395604,-65.389992,-65.396043
785.700000,-65.396928,-65.391318,-65.397367
785.750000,-65.398250,-65.392641,-65.398689
785.800000,-65.399569,-65.393962,-65.400008
785.850000,-65.400886,-65.395281,-65.401325
785.900000,-65.402200,-65.396597,-65.402639
785.950000,-65.403512,-65.397910,-65.403951
786.000000,-65.404821,-65.399222,-65.405260
786.050000,-65.406128,-65.400530,-65.406567
786.100000,-65.407433,-65.401837,-65.407872
786.150000,-65.408735,-65.403141,-65.409174
786.200000,-65.410035,-65.404442,-65.410473
786.250000,-65.411332,-65.405741,-65.411771
786.300000,-65.412627,-65.407038,-65.413066
786.350000,-65.413920,-65.408332,-65.414358
786.400000,-65.415210,-65.409624,-65.415648
786.450000,-65.416497,-65.410914,-65.416936
786.500000,-65.417783,-65.412201,-65.418221
786.550000,-65.419066,-65.413486,-65.419504
786.600000,-65.420346,-65.414768,-65.420785
786.650000,-65.421625,-65.416048,-65.422063
786.700000,-65.422900,-65.417325,-65.423339
786.750000,-65.424174,-65.418601,-65.424612
786.800000,-65.425445,-65.419873,-65.425883
786.850000,-65.426714,-65.421144,-65.427152
786.900000,-65.427980,-65.422412,-65.428418
786.950000,-65.429244,-65.423678,-65.429682
787.000000,-65.430506,-65.424941,-65.430944
787.050000,-65.431765,-65.426202,-65.432203
787.100000,-65.433022,-65.427461,-65.433460
787.150000,-65.434277,-65.428718,-65.434715
787.200000,-65.435529,-65.429972,-65.435968
787.250000,-65.436779,-65.431223,-65.437218
787.300000,-65.438027,-65.432473,-65.438465
787.350000,-65.439273,-65.433720,-65.439711
787.400000,-65.440516,-65.434965,-65.440954
787.450000,-65.441756,-65.436207,-65.442195
787.500000,-65.442995,-65.437448,-65.443433
787.550000,-65.444231,-65.438685,-65.444669
787.600000,-65.445465,-65.439921,-65.445903
787.650000,-65.446697,-65.441154,-65.447135
787.700000,-65.447926,-65.442385,-65.448364
787.750000,-65.449153,-65.443614,-65.449591
787.800000,-65.450378,-65.444841,-65.450816
787.850000,-65.451601,-65.446065,-65.452039
787.900000,-65.452821,-65.447287,-65.453259
787.950000,-65.454039,-65.448506,-65.454477
788.000000,-65.455255,-65.449724,-65.455693
788.050000,-65.456468,-65.450939,-65.456906
788.100000,-65.457679,-65.452152,-65.458117
788.150000,-65.458888,-65.453363,-65.459326
788.200000,-65.460095,-65.454571,-65.460533
788.250000,-65.461300,-65.455777,-65.461738
788.300000,-65.462502,-65.456981,-65.462940
788.350000,-65.463702,-65.458183,-65.464140
788.400000,-65.464900,-65.459382,-65.465338
788.450000,-65.466095,-65.460580,-65.466533
788.500000,-65.467289,-65.461775,-65.467727
788.550000,-65.468480,-65.462967,-65.468918
788.600000,-65.469669,-65.464158,-65.470107
788.650000,-65.470856,-65.465346,-65.471294
788.700000,-65.472040,-65.466533,-65.472478
788.750000,-65.473223,-65.467717,-65.473661
788.800000,-65.474403,-65.468898,-65.474841
788.850000,-65.475581,-65.470078,-65.476019
788.900000,-65.476757,-65.471256,-65.477195
788.950000,-65.477931,-65.472431,-65.478368
789.000000,-65.479102,-65.473604,-65.479540
789.050000,-65.480271,-65.474775,-65.480709
789.100000,-65.481439,-65.475944,-65.481876
789.150000,-65.482604,-65.477110,-65.483041
789.200000,-65.483766,-65.478275,-65.484204
789.250000,-65.484927,-65.479437,-65.485365
789.300000,-65.486086,-65.480597,-65.486523
789.350000,-65.487242,-65.481755,-65.487680
789.400000,-65.488396,-65.482911,-65.488834
789.450000,-65.489548,-65.484064,-65.489986
789.500000,-65.490698,-65.485216,-65.491136
789.550000,-65.491846,-65.486365,-65.492284
789.600000,-65.492992,-65.487513,-65.493430
789.650000,-65.494136,-65.488658,-65.494573
789.700000,-65.495277,-65.489801,-65.495715
789.750000,-65.496416,-65.490942,-65.496854
789.800000,-65.497554,-65.492081,-65.497991
789.850000,-65.498689,-65.493217,-65.499126
789.900000,-65.499822,-65.494352,-65.500259
789.950000,-65.500953,-65.495484,-65.501390
790.000000,-65.502082,-65.496615,-65.502519
790.050000,-65.503209,-65.497743,-65.503646
790.100000,-65.504333,-65.498869,-65.504771
790.150000,-65.505456,-65.499993,-65.505893
790.200000,-65.506576,-65.501115,-65.507014
790.250000,-65.507695,-65.502235,-65.508132
790.300000,-65.508811,-65.503353,-65.509249
790.350000,-65.509925,-65.504469,-65.510363
790.400000,-65.511038,-65.505583,-65.511475
790.450000,-65.512148,-65.506695,-65.512585
790.500000,-65.513256,-65.507804,-65.513694
790.550000,-65.514362,-65.508912,-65.514800
790.600000,-65.515466,-65.510017,-65.515904
790.650000,-65.516568,-65.511121,-65.517006
790.700000,-65.517668,-65.512222,-65.518106
790.750000,-65.518766,-65.513322,-65.519204
790.800000,-65.519862,-65.514419,-65.520299
790.850000,-65.520956,-65.515515,-65.521393
790.900000,-65.522048,-65.516608,-65.522485
790.950000,-65.523138,-65.517699,-65.523575
791.000000,-65.524225,-65.518788,-65.524663
791.050000,-65.525311,-65.519876,-65.525749
791.100000,-65.526395,-65.520961,-65.526832
791.150000,-65.527477,-65.522044,-65.527914
791.200000,-65.528557,-65.523126,-65.528994
791.250000,-65.529634,-65.524205,-65.530072
791.300000,-65.530710,-65.525282,-65.531148
791.350000,-65.531784,-65.526357,-65.532221
791.400000,-65.532856,-65.527431,-65.533293
791.450000,-65.533926,-65.528502,-65.534363
791.500000,-65.534993,-65.529571,-65.535431
791.550000,-65.536059,-65.530638,-65.536497
791.600000,-65.537123,-65.531704,-65.537561
791.650000,-65.538185,-65.532767,-65.538623
791.700000,-65.539245,-65.533829,-65.539682
791.750000,-65.540303,-65.534888,-65.540740
791.800000,-65.541359,-65.535945,-65.541797
791.850000,-65.542413,-65.537001,-65.542851
791.900000,-65.543465,-65.538055,-65.543903
791.950000,-65.544516,-65.539106,-65.544953
792.000000,-65.545564,-65.540156,-65.546001
792.050000,-65.546610,-65.541204,-65.547048
792.100000,-65.547655,-65.542249,-65.548092
792.150000,-65.548697,-65.543293,-65.549134
792.200000,-65.549738,-65.544335,-65.550175
792.250000,-65.550776,-65.545375,-65.551214
792.300000,-65.551813,-65.546413,-65.552250
792.350000,-65.552848,-65.547450,-65.553285
792.400000,-65.553881,-65.548484,-65.554318
792.450000,-65.554912,-65.549516,-65.555349
792.500000,-65.555941,-65.550547,-65.556378
792.550000,-65.556968,-65.551575,-65.557405
792.600000,-65.557993,-65.552602,-65.558430
792.650000,-65.559016,-65.553626,-65.559454
792.700000,-65.560038,-65.554649,-65.560475
792.750000,-65.561057,-65.555670,-65.561495
792.800000,-65.562075,-65.556689,-65.562512
792.850000,-65.563091,-65.557706,-65.563528
792.900000,-65.564105,-65.558722,-65.564542
792.950000,-65.565117,-65.559735,-65.565554
793.000000,-65.566127,-65.560747,-65.566564
793.050000,-65.567135,-65.561756,-65.567573
793.100000,-65.568142,-65.562764,-65.568579
793.150000,-65.569146,-65.563770,-65.569584
793.200000,-65.570149,-65.564774,-65.570586
793.250000,-65.571150,-65.565776,-65.571587
793.300000,-65.572149,-65.566777,-65.572586
793.350000,-65.573146,-65.567775,-65.573583
793.400000,-65.574141,-65.568772,-65.574579
793.450000,-65.575135,-65.569767,-65.575572
793.500000,-65.576127,-65.570760,-65.576564
793.550000,-65.577116,-65.571751,-65.577554
793.600000,-65.578104,-65.572740,-65.578542
793.650000,-65.579091,-65.573728,-65.579528
793.700000,-65.580075,-65.574713,-65.580512
793.750000,-65.581058,-65.575697,-65.581495
793.800000,-65.582038,-65.576679,-65.582476
793.850000,-65.583017,-65.577660,-65.583454
793.900000,-65.583994,-65.578638,-65.584432
793.950000,-65.584970,-65.579615,-65.585407
794.000000,-65.585943,-65.580589,-65.586380
794.050000,-65.586915,-65.581562,-65.587352
794.100000,-65.587885,-65.582534,-65.588322
794.150000,-65.588853,-65.583503,-65.589290
794.200000,-65.589819,-65.584471,-65.590256
794.250000,-65.590784,-65.585436,-65.591221
794.300000,-65.591746,-65.586400,-65.592184
794.350000,-65.592707,-65.587363,-65.593145
794.400000,-65.593666,-65.588323,-65.594104
794.450000,-65.594624,-65.589282,-65.595061
794.500000,-65.595580,-65.590239,-65.596017
794.550000,-65.596533,-65.591194,-65.596971
794.600000,-65.597486,-65.592147,-65.597923
794.650000,-65.598436,-65.593099,-65.598873
794.700000,-65.599385,-65.594049,-65.599822
794.750000,-65.600331,-65.594997,-65.600769
794.800000,-65.601277,-65.595943,-65.601714
794.850000,-65.602220,-65.596888,-65.602657
794.900000,-65.603162,-65.597831,-65.603599
794.950000,-65.604101,-65.598772,-65.604539
795.000000,-65.605040,-65.599712,-65.605477
795.050000,-65.605976,-65.600649,-65.606413
795.100000,-65.606911,-65.601585,-65.607348
795.150000,-65.607844,-65.602519,-65.608281
795.200000,-65.608775,-65.603452,-65.609212
795.250000,-65.609704,-65.604383,-65.610142
795.300000,-65.610632,-65.605312,-65.611070
795.350000,-65.611558,-65.606239,-65.611996
795.400000,-65.612483,-65.607165,-65.612920
795.450000,-65.613405,-65.608089,-65.613843
795.500000,-65.614326,-65.609011,-65.614764
795.550000,-65.615246,-65.609931,-65.615683
795.600000,-65.616163,-65.610850,-65.616601
795.650000,-65.617079,-65.611767,-65.617516
795.700000,-65.617993,-65.612683,-65.618431
795.750000,-65.618906,-65.613596,-65.619343
795.800000,-65.619817,-65.614508,-65.620254
795.850000,-65.620726,-65.615419,-65.621163
795.900000,-65.621633,-65.616327,-65.622071
795.950000,-65.622539,-65.617234,-65.622976
796.000000,-65.623443,-65.618140,-65.623880
796.050000,-65.624345,-65.619043,-65.624783
796.100000,-65.625246,-65.619945,-65.625684
796.150000,-65.626145,-65.620846,-65.626583
796.200000,-65.627043,-65.621744,-65.627480
796.250000,-65.627939,-65.622641,-65.628376
796.300000,-65.628833,-65.623537,-65.629270
796.350000,-65.629725,-65.624430,-65.630163
796.400000,-65.630616,-65.625322,-65.631054
796.450000,-65.631505,-65.626213,-65.631943
796.500000,-65.632393,-65.627102,-65.632830
796.550000,-65.633279,-65.627989,-65.633716
796.600000,-65.634163,-65.628874,-65.634601
796.650000,-65.635046,-65.629758,-65.635483
796.700000,-65.635927,-65.630640,-65.636364
796.750000,-65.636806,-65.631521,-65.637244
796.800000,-65.637684,-65.632400,-65.638121
796.850000,-65.638560,-65.633277,-65.638998
796.900000,-65.639435,-65.634153,-65.639872
796.950000,-65.640308,-65.635027,-65.640745
797.000000,-65.641179,-65.635899,-65.641616
797.050000,-65.642049,-65.636770,-65.642486
797.100000,-65.642917,-65.637639,-65.643354
797.150000,-65.643783,-65.638507,-65.644221
797.200000,-65.644648,-65.639373,-65.645086
797.250000,-65.645511,-65.640238,-65.645949
797.300000,-65.646373,-65.641100,-65.646811
797.350000,-65.647233,-65.641962,-65.647671
797.400000,-65.648092,-65.642821,-65.648529
797.450000,-65.648949,-65.643680,-65.649386
797.500000,-65.649804,-65.644536,-65.650242
797.550000,-65.650658,-65.645391,-65.651096
797.600000,-65.651510,-65.646244,-65.651948
797.650000,-65.652361,-65.647096,-65.652798
797.700000,-65.653210,-65.647946,-65.653648
797.750000,-65.654057,-65.648795,-65.654495
797.800000,-65.654903,-65.649642,-65.655341
797.850000,-65.655748,-65.650488,-65.656185
797.900000,-65.656591,-65.651332,-65.657028
797.950000,-65.657432,-65.652174,-65.657870
798.000000,-65.658272,-65.653015,-65.658709
798.050000,-65.659110,-65.653854,-65.659548
798.100000,-65.659947,-65.654692,-65.660384
798.150000,-65.660782,-65.655528,-65.661219
798.200000,-65.661615,-65.656363,-65.662053
798.250000,-65.662447,-65.657196,-65.662885
798.300000,-65.663278,-65.658027,-65.663715
798.350000,-65.664107,-65.658858,-65.664544
798.400000,-65.664934,-65.659686,-65.665372
798.450000,-65.665760,-65.660513,-65.666198
798.500000,-65.666584,-65.661339,-65.667022
798.550000,-65.667407,-65.662163,-65.667845
798.600000,-65.668229,-65.662985,-65.668666
798.650000,-65.669048,-65.663806,-65.669486
798.700000,-65.669867,-65.664625,-65.670304
798.750000,-65.670683,-65.665443,-65.671121
798.800000,-65.671499,-65.666260,-65.671937
798.850000,-65.672313,-65.667074,-65.672750
798.900000,-65.673125,-65.667888,-65.673563
798.950000,-65.673936,-65.668700,-65.674373
799.000000,-65.674745,-65.669510,-65.675183
799.050000,-65.675553,-65.670319,-65.675991
799.100000,-65.676359,-65.671126,-65.676797
799.150000,-65.677164,-65.671932,-65.677602
799.200000,-65.677967,-65.672737,-65.678405
799.250000,-65.678769,-65.673540,-65.679207
799.300000,-65.679570,-65.674341,-65.680007
799.350000,-65.680368,-65.675141,-65.680806
799.400000,-65.681166,-65.675940,-65.681604
799.450000,-65.681962,-65.676737,-65.682400
799.500000,-65.682756,-65.677532,-65.683194
799.550000,-65.683549,-65.678326,-65.683987
799.600000,-65.684341,-65.679119,-65.684779
799.650000,-65.685131,-65.679910,-65.685569
799.700000,-65.685920,-65.680700,-65.686358
799.750000,-65.686707,-65.681488,-65.687145
799.800000,-65.687493,-65.682275,-65.687931
799.850000,-65.688277,-65.683060,-65.688715
799.900000,-65.689060,-65.683844,-65.689498
799.950000,-65.689841,-65.684627,-65.690279
800.000000,-65.690621,-65.685408,-65.691059
800.050000,-65.691400,-65.686187,-65.691838
800.100000,-65.692177,-65.686965,-65.692615
800.150000,-65.692953,-65.687742,-65.693391
800.200000,-65.693727,-65.688517,-65.694165
800.250000,-65.694500,-65.689291,-65.694938
800.300000,-65.695271,-65.690064,-65.695709
800.350000,-65.696041,-65.690835,-65.696479
800.400000,-65.696810,-65.691604,-65.697248
800.450000,-65.697577,-65.692372,-65.698015
800.500000,-65.698343,-65.693139,-65.698781
800.550000,-65.699107,-65.693904,-65.699545
800.600000,-65.699870,-65.694668,-65.700308
800.650000,-65.700632,-65.695431,-65.701070
800.700000,-65.701392,-65.696192,-65.701830
800.750000,-65.702150,-65.696952,-65.702589
800.800000,-65.702908,-65.697710,-65.703346
800.850000,-65.703664,-65.698467,-65.704102
800.900000,-65.704418,-65.699223,-65.704856
800.950000,-65.705171,-65.699977,-65.705609
801.000000,-65.705923,-65.700729,-65.706361
801.050000,-65.706673,-65.701481,-65.707112
801.100000,-65.707422,-65.702231,-65.707861
801.150000,-65.708170,-65.702979,-65.708608
801.200000,-65.708916,-65.703727,-65.709354
801.250000,-65.709661,-65.704472,-65.710099
801.300000,-65.710405,-65.705217,-65.710843
801.350000,-65.711147,-65.705960,-65.711585
801.400000,-65.711887,-65.706702,-65.712326
801.450000,-65.712627,-65.707442,-65.713065
801.500000,-65.713365,-65.708181,-65.713803
801.550000,-65.714101,-65.708919,-65.714540
801.600000,-65.714837,-65.709655,-65.715275
801.650000,-65.715571,-65.710390,-65.716009
801.700000,-65.716303,-65.711123,-65.716742
801.750000,-65.717035,-65.711856,-65.717473
801.800000,-65.717765,-65.712587,-65.718203
801.850000,-65.718493,-65.713316,-65.718931
801.900000,-65.719220,-65.714044,-65.719659
801.950000,-65.719946,-65.714771,-65.720385
802.000000,-65.720671,-65.715497,-65.721109
802.050000,-65.721394,-65.716221,-65.721832
802.100000,-65.722116,-65.716944,-65.722554
802.150000,-65.722836,-65.717665,-65.723275
802.200000,-65.723556,-65.718385,-65.723994
802.250000,-65.724274,-65.719104,-65.724712
802.300000,-65.724990,-65.719822,-65.725429
802.350000,-65.725705,-65.720538,-65.726144
802.400000,-65.726419,-65.721253,-65.726858
802.450000,-65.727132,-65.721966,-65.727571
802.500000,-65.727843,-65.722679,-65.728282
802.550000,-65.728553,-65.723390,-65.728992
802.600000,-65.729262,-65.724099,-65.729701
802.650000,-65.729969,-65.724808,-65.730408
802.700000,-65.730676,-65.725515,-65.731114
802.750000,-65.731380,-65.726220,-65.731819
802.800000,-65.732084,-65.726925,-65.732522
802.850000,-65.732786,-65.727628,-65.733225
802.900000,-65.733487,-65.728330,-65.733926
802.950000,-65.734187,-65.729030,-65.734625
803.000000,-65.734885,-65.729730,-65.735324
803.050000,-65.735582,-65.730428,-65.736021
803.100000,-65.736278,-65.731124,-65.736716
803.150000,-65.736972,-65.731820,-65.737411
803.200000,-65.737665,-65.732514,-65.738104
803.250000,-65.738357,-65.733207,-65.738796
803.300000,-65.739048,-65.733898,-65.739487
803.350000,-65.739737,-65.734588,-65.740176
803.400000,-65.740426,-65.735277,-65.740864
803.450000,-65.741112,-65.735965,-65.741551
803.500000,-65.741798,-65.736652,-65.742237
803.550000,-65.742482,-65.737337,-65.742921
803.600000,-65.743165,-65.738021,-65.743604
803.650000,-65.743847,-65.738704,-65.744286
803.700000,-65.744528,-65.739385,-65.744967
803.750000,-65.745207,-65.740065,-65.745646
803.800000,-65.745885,-65.740744,-65.746324
803.850000,-65.746562,-65.741422,-65.747001
803.900000,-65.747238,-65.742098,-65.747677
803.950000,-65.747912,-65.742774,-65.748351
804.000000,-65.748585,-65.743448,-65.749024
804.050000,-65.749257,-65.744120,-65.749696
804.100000,-65.749927,-65.744792,-65.750366
804.150000,-65.750597,-65.745462,-65.751036
804.200000,-65.751265,-65.746131,-65.751704
804.250000,-65.751932,-65.746799,-65.752371
804.300000,-65.752598,-65.747466,-65.753037
804.350000,-65.753262,-65.748131,-65.753701
804.400000,-65.753925,-65.748795,-65.754364
804.450000,-65.754587,-65.749458,-65.755026
804.500000,-65.755248,-65.750120,-65.755687
804.550000,-65.755908,-65.750780,-65.756347
804.600000,-65.756566,-65.751439,-65.757005
804.650000,-65.757223,-65.752097,-65.757663
804.700000,-65.757879,-65.752754,-65.758318
804.750000,-65.758534,-65.753410,-65.758973
804.800000,-65.759188,-65.754064,-65.759627
804.850000,-65.759840,-65.754717,-65.760279
804.900000,-65.760491,-65.755369,-65.760930
804.950000,-65.761141,-65.756020,-65.761580
805.000000,-65.761790,-65.756670,-65.762229
805.050000,-65.762437,-65.757318,-65.762877
805.100000,-65.763084,-65.757966,-65.763523
805.150000,-65.763729,-65.758612,-65.764168
805.200000,-65.764373,-65.759256,-65.764812
805.250000,-65.765016,-65.759900,-65.765455
805.300000,-65.765657,-65.760543,-65.766097
805.350000,-65.766298,-65.761184,-65.766737
805.400000,-65.766937,-65.761824,-65.767377
805.450000,-65.767575,-65.762463,-65.768015
805.500000,-65.768212,-65.763101,-65.768652
805.550000,-65.768848,-65.763737,-65.769287
805.600000,-65.769483,-65.764373,-65.769922
805.650000,-65.770116,-65.765007,-65.770556
805.700000,-65.770748,-65.765640,-65.771188
805.750000,-65.771379,-65.766272,-65.771819
805.800000,-65.772009,-65.766903,-65.772449
805.850000,-65.772638,-65.767532,-65.773078
805.900000,-65.773266,-65.768161,-65.773705
805.950000,-65.773892,-65.768788,-65.774332
806.000000,-65.774518,-65.769414,-65.774957
806.050000,-65.775142,-65.770039,-65.775581
806.100000,-65.775765,-65.770663,-65.776204
806.150000,-65.776387,-65.771286,-65.776826
806.200000,-65.777007,-65.771907,-65.777447
806.250000,-65.777627,-65.772528,-65.778067
806.300000,-65.778246,-65.773147,-65.778685
806.350000,-65.778863,-65.773765,-65.779302
806.400000,-65.779479,-65.774382,-65.779919
806.450000,-65.780094,-65.774998,-65.780534
806.500000,-65.780708,-65.775613,-65.781148
806.550000,-65.781321,-65.776226,-65.781761
806.600000,-65.781933,-65.776839,-65.782372
806.650000,-65.782543,-65.777450,-65.782983
806.700000,-65.783152,-65.778060,-65.783592
806.750000,-65.783761,-65.778670,-65.784201
806.800000,-65.784368,-65.779278,-65.784808
806.850000,-65.784974,-65.779884,-65.785414
806.900000,-65.785579,-65.780490,-65.786019
806.950000,-65.786183,-65.781095,-65.786623
807.000000,-65.786786,-65.781698,-65.787226
807.050000,-65.787387,-65.782301,-65.787827
807.100000,-65.787988,-65.782902,-65.788428
807.150000,-65.788587,-65.783502,-65.789027
807.200000,-65.789186,-65.784101,-65.789625
807.250000,-65.789783,-65.784699,-65.790223
807.300000,-65.790379,-65.785296,-65.790819
807.350000,-65.790974,-65.785892,-65.791414
807.400000,-65.791568,-65.786487,-65.792008
807.450000,-65.792161,-65.787080,-65.792601
807.500000,-65.792753,-65.787673,-65.793193
807.550000,-65.793343,-65.788264,-65.793783
807.600000,-65.793933,-65.788855,-65.794373
807.650000,-65.794521,-65.789444,-65.794961
807.700000,-65.795109,-65.790032,-65.795549
807.750000,-65.795695,-65.790619,-65.796135
807.800000,-65.796280,-65.791205,-65.796721
807.850000,-65.796865,-65.791790,-65.797305
807.900000,-65.797448,-65.792374,-65.797888
807.950000,-65.798030,-65.792957,-65.798470
808.000000,-65.798611,-65.793539,-65.799051
808.050000,-65.799191,-65.794120,-65.799631
808.100000,-65.799770,-65.794699,-65.800210
808.150000,-65.800347,-65.795278,-65.800788
808.200000,-65.800924,-65.795855,-65.801364
808.250000,-65.801500,-65.796432,-65.801940
808.300000,-65.802074,-65.797007,-65.802515
808.350000,-65.802648,-65.797581,-65.803088
808.400000,-65.803220,-65.798155,-65.803661
808.450000,-65.803792,-65.798727,-65.804232
808.500000,-65.804362,-65.799298,-65.804803
808.550000,-65.804932,-65.799868,-65.805372
808.600000,-65.805500,-65.800437,-65.805940
808.650000,-65.806067,-65.801005,-65.806508
808.700000,-65.806633,-65.801572,-65.807074
808.750000,-65.807199,-65.802138,-65.807639
808.800000,-65.807763,-65.802703,-65.808203
808.850000,-65.808326,-65.803267,-65.808766
808.900000,-65.808888,-65.803830,-65.809329
808.950000,-65.809449,-65.804391,-65.809890
809.000000,-65.810009,-65.804952,-65.810450
809.050000,-65.810568,-65.805512,-65.811009
809.100000,-65.811126,-65.806070,-65.811567
809.150000,-65.811683,-65.806628,-65.812124
809.200000,-65.812239,-65.807185,-65.812680
809.250000,-65.812794,-65.807740,-65.813235
809.300000,-65.813348,-65.808295,-65.813788
809.350000,-65.813901,-65.808849,-65.814341
809.400000,-65.814453,-65.809401,-65.814893
809.450000,-65.815003,-65.809953,-65.815444
809.500000,-65.815553,-65.810503,-65.815994
809.550000,-65.816102,-65.811053,-65.816543
809.600000,-65.816650,-65.811601,-65.817091
809.650000,-65.817197,-65.812149,-65.817637
809.700000,-65.817742,-65.812695,-65.818183
809.750000,-65.818287,-65.813241,-65.818728
809.800000,-65.818831,-65.813785,-65.819272
809.850000,-65.819374,-65.814329,-65.819815
809.900000,-65.819916,-65.814871,-65.820357
809.950000,-65.820457,-65.815413,-65.820897
810.000000,-65.820996,-65.815954,-65.821437
810.050000,-65.821535,-65.816493,-65.821976
810.100000,-65.822073,-65.817032,-65.822514
810.150000,-65.822610,-65.817569,-65.823051
810.200000,-65.823146,-65.818106,-65.823587
810.250000,-65.823681,-65.818641,-65.824122
810.300000,-65.824215,-65.819176,-65.824656
810.350000,-65.824748,-65.819710,-65.825189
810.400000,-65.825279,-65.820242,-65.825720
810.450000,-65.825810,-65.820774,-65.826251
810.500000,-65.826340,-65.821305,-65.826782
810.550000,-65.826870,-65.821834,-65.827311
810.600000,-65.827398,-65.822363,-65.827839
810.650000,-65.827925,-65.822891,-65.828366
810.700000,-65.828451,-65.823418,-65.828892
810.750000,-65.828976,-65.823944,-65.829417
810.800000,-65.829500,-65.824468,-65.829941
810.850000,-65.830023,-65.824992,-65.830465
810.900000,-65.830546,-65.825515,-65.830987
810.950000,-65.831067,-65.826037,-65.831508
811.000000,-65.831587,-65.826558,-65.832029
811.050000,-65.832107,-65.827078,-65.832548
811.100000,-65.832625,-65.827598,-65.833067
811.150000,-65.833143,-65.828116,-65.833584
811.200000,-65.833659,-65.828633,-65.834101
811.250000,-65.834175,-65.829149,-65.834616
811.300000,-65.834690,-65.829665,-65.835131
811.350000,-65.835203,-65.830179,-65.835645
811.400000,-65.835716,-65.830692,-65.836157
811.450000,-65.836228,-65.831205,-65.836669
811.500000,-65.836739,-65.831716,-65.837180
811.550000,-65.837249,-65.832227,-65.837690
811.600000,-65.837758,-65.832737,-65.838199
811.650000,-65.838266,-65.833246,-65.838707
811.700000,-65.838773,-65.833753,-65.839215
811.750000,-65.839279,-65.834260,-65.839721
811.800000,-65.839785,-65.834766,-65.840226
811.850000,-65.840289,-65.835271,-65.840731
811.900000,-65.840793,-65.835775,-65.841234
811.950000,-65.841295,-65.836279,-65.841737
812.000000,-65.841797,-65.836781,-65.842238
812.050000,-65.842297,-65.837282,-65.842739
812.100000,-65.842797,-65.837783,-65.843239
812.150000,-65.843296,-65.838282,-65.843738
812.200000,-65.843794,-65.838781,-65.844236
812.250000,-65.844291,-65.839278,-65.844733
812.300000,-65.844787,-65.839775,-65.845229
812.350000,-65.845282,-65.840271,-65.845724
812.400000,-65.845777,-65.840766,-65.846218
812.450000,-65.846270,-65.841260,-65.846712
812.500000,-65.846763,-65.841753,-65.847204
812.550000,-65.847254,-65.842245,-65.847696
812.600000,-65.847745,-65.842737,-65.848187
812.650000,-65.848235,-65.843227,-65.848676
812.700000,-65.848724,-65.843717,-65.849165
812.750000,-65.849212,-65.844205,-65.849653
812.800000,-65.849699,-65.844693,-65.850141
812.850000,-65.850185,-65.845180,-65.850627
812.900000,-65.850670,-65.845666,-65.851112
812.950000,-65.851155,-65.846151,-65.851597
813.000000,-65.851638,-65.846635,-65.852080
813.050000,-65.852121,-65.847118,-65.852563
813.100000,-65.852603,-65.847601,-65.853045
813.150000,-65.853084,-65.848082,-65.853526
813.200000,-65.853564,-65.848563,-65.854006
813.250000,-65.854043,-65.849043,-65.854485
813.300000,-65.854521,-65.849521,-65.854963
813.350000,-65.854998,-65.849999,-65.855440
813.400000,-65.855475,-65.850477,-65.855917
813.450000,-65.855950,-65.850953,-65.856393
813.500000,-65.856425,-65.851428,-65.856867
813.550000,-65.856899,-65.851903,-65.857341
813.600000,-65.857372,-65.852376,-65.857814
813.650000,-65.857844,-65.852849,-65.858286
813.700000,-65.858316,-65.853321,-65.858758
813.750000,-65.858786,-65.853792,-65.859228
813.800000,-65.859256,-65.854262,-65.859698
813.850000,-65.859724,-65.854731,-65.860167
813.900000,-65.860192,-65.855200,-65.860634
813.950000,-65.860659,-65.855668,-65.861101
814.000000,-65.861125,-65.856134,-65.861568
814.050000,-65.861591,-65.856600,-65.862033
814.100000,-65.862055,-65.857065,-65.862497
814.150000,-65.862519,-65.857529,-65.862961
814.200000,-65.862981,-65.857993,-65.863424
814.250000,-65.863443,-65.858455,-65.863886
814.300000,-65.863904,-65.858917,-65.864347
814.350000,-65.864364,-65.859378,-65.864807
814.400000,-65.864824,-65.859838,-65.865266
814.450000,-65.865282,-65.860297,-65.865725
814.500000,-65.865740,-65.860755,-65.866182
814.550000,-65.866197,-65.861212,-65.866639
814.600000,-65.866653,-65.861669,-65.867095
814.650000,-65.867108,-65.862125,-65.867550
814.700000,-65.867562,-65.862580,-65.868005
814.750000,-65.868016,-65.863034,-65.868458
814.800000,-65.868468,-65.863487,-65.868911
814.850000,-65.868920,-65.863939,-65.869363
814.900000,-65.869371,-65.864391,-65.869814
814.950000,-65.869821,-65.864842,-65.870264
815.000000,-65.870271,-65.865292,-65.870713
815.050000,-65.870719,-65.865741,-65.871162
815.100000,-65.871167,-65.866189,-65.871610
815.150000,-65.871614,-65.866636,-65.872057
815.200000,-65.872060,-65.867083,-65.872503
815.250000,-65.872505,-65.867529,-65.872948
815.300000,-65.872950,-65.867974,-65.873393
815.350000,-65.873393,-65.868418,-65.873836
815.400000,-65.873836,-65.868862,-65.874279
815.450000,-65.874278,-65.869304,-65.874721
815.500000,-65.874719,-65.869746,-65.875162
815.550000,-65.875160,-65.870187,-65.875603
815.600000,-65.875599,-65.870627,-65.876042
815.650000,-65.876038,-65.871066,-65.876481
815.700000,-65.876476,-65.871505,-65.876919
815.750000,-65.876913,-65.871943,-65.877356
815.800000,-65.877350,-65.872380,-65.877793
815.850000,-65.877785,-65.872816,-65.878228
815.900000,-65.878220,-65.873251,-65.878663
815.950000,-65.878654,-65.873686,-65.879097
816.000000,-65.879087,-65.874119,-65.879530
816.050000,-65.879520,-65.874552,-65.879963
816.100000,-65.879951,-65.874984,-65.880394
816.150000,-65.880382,-65.875416,-65.880825
816.200000,-65.880812,-65.875846,-65.881255
816.250000,-65.881241,-65.876276,-65.881685
816.300000,-65.881670,-65.876705,-65.882113
816.350000,-65.882097,-65.877133,-65.882541
816.400000,-65.882524,-65.877561,-65.882968
816.450000,-65.882950,-65.877988,-65.883394
816.500000,-65.883376,-65.878413,-65.883819
816.550000,-65.883800,-65.878838,-65.884244
816.600000,-65.884224,-65.879263,-65.884667
816.650000,-65.884647,-65.879686,-65.885090
816.700000,-65.885069,-65.880109,-65.885513
816.750000,-65.885491,-65.880531,-65.885934
816.800000,-65.885912,-65.880952,-65.886355
816.850000,-65.886331,-65.881373,-65.886775
816.900000,-65.886751,-65.881792,-65.887194
816.950000,-65.887169,-65.882211,-65.887612
817.000000,-65.887587,-65.882630,-65.888030
817.050000,-65.888003,-65.883047,-65.888447
817.100000,-65.888420,-65.883464,-65.888863
817.150000,-65.888835,-65.883879,-65.889278
817.200000,-65.889249,-65.884294,-65.889693
817.250000,-65.889663,-65.884709,-65.890107
817.300000,-65.890076,-65.885122,-65.890520
817.350000,-65.890489,-65.885535,-65.890932
817.400000,-65.890900,-65.885947,-65.891344
817.450000,-65.891311,-65.886359,-65.891755
817.500000,-65.891721,-65.886769,-65.892165
817.550000,-65.892130,-65.887179,-65.892574
817.600000,-65.892539,-65.887588,-65.892982
817.650000,-65.892947,-65.887996,-65.893390
817.700000,-65.893354,-65.888404,-65.893797
817.750000,-65.893760,-65.888811,-65.894204
817.800000,-65.894165,-65.889217,-65.894609
817.850000,-65.894570,-65.889622,-65.895014
817.900000,-65.894974,-65.890027,-65.895418
817.950000,-65.895378,-65.890431,-65.895822
818.000000,-65.895780,-65.890834,-65.896224
818.050000,-65.896182,-65.891236,-65.896626
818.100000,-65.896583,-65.891638,-65.897027
818.150000,-65.896984,-65.892039,-65.897428
818.200000,-65.897383,-65.892439,-65.897827
818.250000,-65.897782,-65.892838,-65.898226
818.300000,-65.898181,-65.893237,-65.898624
818.350000,-65.898578,-65.893635,-65.899022
818.400000,-65.898975,-65.894032,-65.899419
818.450000,-65.899371,-65.894429,-65.899815
818.500000,-65.899766,-65.894825,-65.900210
818.550000,-65.900161,-65.895220,-65.900605
818.600000,-65.900555,-65.895614,-65.900999
818.650000,-65.900948,-65.896008,-65.901392
818.700000,-65.901340,-65.896401,-65.901784
818.750000,-65.901732,-65.896793,-65.902176
818.800000,-65.902123,-65.897184,-65.902567
818.850000,-65.902513,-65.897575,-65.902957
818.900000,-65.902903,-65.897965,-65.903347
818.950000,-65.903291,-65.898354,-65.903736
819.000000,-65.903680,-65.898743,-65.904124
819.050000,-65.904067,-65.899131,-65.904511
819.100000,-65.904454,-65.899518,-65.904898
819.150000,-65.904840,-65.899905,-65.905284
819.200000,-65.905225,-65.900290,-65.905669
819.250000,-65.905610,-65.900676,-65.906054
819.300000,-65.905994,-65.901060,-65.906438
819.350000,-65.906377,-65.901444,-65.906821
819.400000,-65.906759,-65.901827,-65.907204
819.450000,-65.907141,-65.902209,-65.907585
819.500000,-65.907522,-65.902591,-65.907967
819.550000,-65.907903,-65.902971,-65.908347
819.600000,-65.908282,-65.903352,-65.908727
819.650000,-65.908661,-65.903731,-65.909106
819.700000,-65.909040,-65.904110,-65.909484
819.750000,-65.909417,-65.904488,-65.909862
819.800000,-65.909794,-65.904865,-65.910239
819.850000,-65.910170,-65.905242,-65.910615
819.900000,-65.910546,-65.905618,-65.910991
819.950000,-65.910921,-65.905994,-65.911365
820.000000,-65.911295,-65.906368,-65.911740
820.050000,-65.911669,-65.906742,-65.912113
820.100000,-65.912041,-65.907116,-65.912486
820.150000,-65.912414,-65.907488,-65.912858
820.200000,-65.912785,-65.907860,-65.913230
820.250000,-65.913156,-65.908231,-65.913601
820.300000,-65.913526,-65.908602,-65.913971
820.350000,-65.913895,-65.908972,-65.914340
820.400000,-65.914264,-65.909341,-65.914709
820.450000,-65.914632,-65.909710,-65.915077
820.500000,-65.915000,-65.910077,-65.915444
820.550000,-65.915366,-65.910445,-65.915811
820.600000,-65.915732,-65.910811,-65.916177
820.650000,-65.916098,-65.911177,-65.916543
820.700000,-65.916463,-65.911542,-65.916907
820.750000,-65.916827,-65.911907,-65.917272
820.800000,-65.917190,-65.912271,-65.917635
820.850000,-65.917553,-65.912634,-65.917998
820.900000,-65.917915,-65.912996,-65.918360
820.950000,-65.918276,-65.913358,-65.918721
821.000000,-65.918637,-65.913720,-65.919082
821.050000,-65.918997,-65.914080,-65.919442
821.100000,-65.919357,-65.914440,-65.919802
821.150000,-65.919715,-65.914799,-65.920160
821.200000,-65.920074,-65.915158,-65.920519
821.250000,-65.920431,-65.915516,-65.920876
821.300000,-65.920788,-65.915873,-65.921233
821.350000,-65.921144,-65.916230,-65.921589
821.400000,-65.921500,-65.916586,-65.921945
821.450000,-65.921854,-65.916941,-65.922300
821.500000,-65.922209,-65.917296,-65.922654
821.550000,-65.922562,-65.917650,-65.923007
821.600000,-65.922915,-65.918003,-65.923360
821.650000,-65.923267,-65.918356,-65.923713
821.700000,-65.923619,-65.918708,-65.924064
821.750000,-65.923970,-65.919059,-65.924415
821.800000,-65.924320,-65.919410,-65.924766
821.850000,-65.924670,-65.919760,-65.925115
821.900000,-65.925019,-65.920110,-65.925465
821.950000,-65.925368,-65.920459,-65.925813
822.000000,-65.925715,-65.920807,-65.926161
822.050000,-65.926063,-65.921155,-65.926508
822.100000,-65.926409,-65.921502,-65.926855
822.150000,-65.926755,-65.921848,-65.927201
822.200000,-65.927100,-65.922194,-65.927546
822.250000,-65.927445,-65.922539,-65.927891
822.300000,-65.927789,-65.922883,-65.928235
822.350000,-65.928132,-65.923227,-65.928578
822.400000,-65.928475,-65.923570,-65.928921
822.450000,-65.928817,-65.923913,-65.929263
822.500000,-65.929159,-65.924255,-65.929604
822.550000,-65.929500,-65.924596,-65.929945
822.600000,-65.929840,-65.924937,-65.930286
822.650000,-65.930180,-65.925277,-65.930625
822.700000,-65.930519,-65.925616,-65.930964
822.750000,-65.930857,-65.925955,-65.931303
822.800000,-65.931195,-65.926293,-65.931641
822.850000,-65.931532,-65.926631,-65.931978
822.900000,-65.931869,-65.926968,-65.932314
822.950000,-65.932205,-65.927304,-65.932650
823.000000,-65.932540,-65.927640,-65.932986
823.050000,-65.932875,-65.927975,-65.933320
823.100000,-65.933209,-65.928310,-65.933655
823.150000,-65.933542,-65.928644,-65.933988
823.200000,-65.933875,-65.928977,-65.934321
823.250000,-65.934207,-65.929310,-65.934653
823.300000,-65.934539,-65.929642,-65.934985
823.350000,-65.934870,-65.929973,-65.935316
823.400000,-65.935201,-65.930304,-65.935647
823.450000,-65.935531,-65.930634,-65.935976
823.500000,-65.935860,-65.930964,-65.936306
823.550000,-65.936188,-65.931293,-65.936634
823.600000,-65.936517,-65.931622,-65.936963
823.650000,-65.936844,-65.931949,-65.937290
823.700000,-65.937171,-65.932277,-65.937617
823.750000,-65.937497,-65.932603,-65.937943
823.800000,-65.937823,-65.932930,-65.938269
823.850000,-65.938148,-65.933255,-65.938594
823.900000,-65.938472,-65.933580,-65.938918
823.950000,-65.938796,-65.933904,-65.939242
824.000000,-65.939120,-65.934228,-65.939566
824.050000,-65.939442,-65.934551,-65.939888
824.100000,-65.939764,-65.934874,-65.940211
824.150000,-65.940086,-65.935196,-65.940532
824.200000,-65.940407,-65.935517,-65.940853
824.250000,-65.940727,-65.935838,-65.941174
824.300000,-65.941047,-65.936158,-65.941493
824.350000,-65.941366,-65.936477,-65.941813
824.400000,-65.941685,-65.936796,-65.942131
824.450000,-65.942003,-65.937115,-65.942449
824.500000,-65.942320,-65.937433,-65.942767
824.550000,-65.942637,-65.937750,-65.943084
824.600000,-65.942954,-65.938067,-65.943400
824.650000,-65.943269,-65.938383,-65.943716
824.700000,-65.943584,-65.938698,-65.944031
824.750000,-65.943899,-65.939013,-65.944345
824.800000,-65.944213,-65.939328,-65.944660
824.850000,-65.944526,-65.939642,-65.944973
824.900000,-65.944839,-65.939955,-65.945286
824.950000,-65.945152,-65.940268,-65.945598
825.000000,-65.945463,-65.940580,-65.945910
825.050000,-65.945774,-65.940891,-65.946221
825.100000,-65.946085,-65.941202,-65.946532
825.150000,-65.946395,-65.941513,-65.946842
825.200000,-65.946705,-65.941822,-65.947151
825.250000,-65.947013,-65.942132,-65.947460
825.300000,-65.947322,-65.942440,-65.947768
825.350000,-65.947629,-65.942749,-65.948076
825.400000,-65.947937,-65.943056,-65.948383
825.450000,-65.948243,-65.943363,-65.948690
825.500000,-65.948549,-65.943670,-65.948996
825.550000,-65.948855,-65.943976,-65.949302
825.600000,-65.949160,-65.944281,-65.949607
825.650000,-65.949464,-65.944586,-65.949911
825.700000,-65.949768,-65.944890,-65.950215
825.750000,-65.950071,-65.945194,-65.950518
825.800000,-65.950374,-65.945497,-65.950821
825.850000,-65.950676,-65.945799,-65.951123
825.900000,-65.950978,-65.946101,-65.951425
825.950000,-65.951279,-65.946403,-65.951726
826.000000,-65.951580,-65.946704,-65.952027
826.050000,-65.951880,-65.947004,-65.952327
826.100000,-65.952179,-65.947304,-65.952626
826.150000,-65.952478,-65.947603,-65.952925
826.200000,-65.952776,-65.947902,-65.953223
826.250000,-65.953074,-65.948200,-65.953521
826.300000,-65.953372,-65.948498,-65.953819
826.350000,-65.953668,-65.948795,-65.954115
826.400000,-65.953964,-65.949091,-65.954412
826.450000,-65.954260,-65.949387,-65.954707
826.500000,-65.954555,-65.949683,-65.955002
826.550000,-65.954850,-65.949978,-65.955297
826.600000,-65.955144,-65.950272,-65.955591
826.650000,-65.955437,-65.950566,-65.955885
826.700000,-65.955730,-65.950860,-65.956178
826.750000,-65.956023,-65.951152,-65.956470
826.800000,-65.956315,-65.951445,-65.956762
826.850000,-65.956606,-65.951736,-65.957053
826.900000,-65.956897,-65.952028,-65.957344
826.950000,-65.957187,-65.952318,-65.957634
827.000000,-65.957477,-65.952608,-65.957924
827.050000,-65.957766,-65.952898,-65.958214
827.100000,-65.958055,-65.953187,-65.958502
827.150000,-65.958343,-65.953476,-65.958791
827.200000,-65.958631,-65.953764,-65.959078
827.250000,-65.958918,-65.954051,-65.959365
827.300000,-65.959205,-65.954338,-65.959652
827.350000,-65.959491,-65.954625,-65.959938
827.400000,-65.959776,-65.954911,-65.960224
827.450000,-65.960061,-65.955196,-65.960509
827.500000,-65.960346,-65.955481,-65.960793
827.550000,-65.960630,-65.955765,-65.961077
827.600000,-65.960913,-65.956049,-65.961361
827.650000,-65.961196,-65.956333,-65.961644
827.700000,-65.961479,-65.956615,-65.961926
827.750000,-65.961761,-65.956898,-65.962208
827.800000,-65.962042,-65.957179,-65.962490
827.850000,-65.962323,-65.957461,-65.962771
827.900000,-65.962604,-65.957742,-65.963051
827.950000,-65.962884,-65.958022,-65.963331
828.000000,-65.963163,-65.958302,-65.963611
828.050000,-65.963442,-65.958581,-65.963890
828.100000,-65.963720,-65.958860,-65.964168
828.150000,-65.963998,-65.959138,-65.964446
828.200000,-65.964276,-65.959415,-65.964723
828.250000,-65.964552,-65.959693,-65.965000
828.300000,-65.964829,-65.959969,-65.965277
828.350000,-65.965105,-65.960246,-65.965552
828.400000,-65.965380,-65.960521,-65.965828
828.450000,-65.965655,-65.960797,-65.966103
828.500000,-65.965929,-65.961071,-65.966377
828.550000,-65.966203,-65.961345,-65.966651
828.600000,-65.966476,-65.961619,-65.966924
828.650000,-65.966749,-65.961892,-65.967197
828.700000,-65.967022,-65.962165,-65.967470
828.750000,-65.967294,-65.962437,-65.967742
828.800000,-65.967565,-65.962709,-65.968013
828.850000,-65.967836,-65.962980,-65.968284
828.900000,-65.968106,-65.963251,-65.968554
828.950000,-65.968376,-65.963521,-65.968824
829.000000,-65.968646,-65.963791,-65.969094
829.050000,-65.968914,-65.964060,-65.969363
829.100000,-65.969183,-65.964329,-65.969631
829.150000,-65.969451,-65.964597,-65.969899
829.200000,-65.969718,-65.964865,-65.970166
829.250000,-65.969985,-65.965132,-65.970433
829.300000,-65.970252,-65.965399,-65.970700
829.350000,-65.970518,-65.965665,-65.970966
829.400000,-65.970783,-65.965931,-65.971231
829.450000,-65.971048,-65.966197,-65.971496
829.500000,-65.971313,-65.966461,-65.971761
829.550000,-65.971577,-65.966726,-65.972025
829.600000,-65.971840,-65.966990,-65.972289
829.650000,-65.972104,-65.967253,-65.972552
829.700000,-65.972366,-65.967516,-65.972814
829.750000,-65.972628,-65.967779,-65.973077
829.800000,-65.972890,-65.968041,-65.973338
829.850000,-65.973151,-65.968302,-65.973600
829.900000,-65.973412,-65.968563,-65.973860
829.950000,-65.973672,-65.968824,-65.974121
830.000000,-65.973932,-65.969084,-65.974380
830.050000,-65.974191,-65.969343,-65.974640
830.100000,-65.974450,-65.969603,-65.974898
830.150000,-65.974708,-65.969861,-65.975157
830.200000,-65.974966,-65.970119,-65.975415
830.250000,-65.975224,-65.970377,-65.975672
830.300000,-65.975481,-65.970634,-65.975929
830.350000,-65.975737,-65.970891,-65.976186
830.400000,-65.975993,-65.971148,-65.976442
830.450000,-65.976249,-65.971403,-65.976697
830.500000,-65.976504,-65.971659,-65.976952
830.550000,-65.976758,-65.971914,-65.977207
830.600000,-65.977012,-65.972168,-65.977461
830.650000,-65.977266,-65.972422,-65.977715
830.700000,-65.977519,-65.972676,-65.977968
830.750000,-65.977772,-65.972929,-65.978221
830.800000,-65.978024,-65.973181,-65.978473
830.850000,-65.978276,-65.973434,-65.978725
830.900000,-65.978528,-65.973685,-65.978976
830.950000,-65.978779,-65.973937,-65.979227
831.000000,-65.979029,-65.974187,-65.979478
831.050000,-65.979279,-65.974438,-65.979728
831.100000,-65.979529,-65.974688,-65.979978
831.150000,-65.979778,-65.974937,-65.980227
831.200000,-65.980026,-65.975186,-65.980475
831.250000,-65.980275,-65.975435,-65.980724
831.300000,-65.980522,-65.975683,-65.980971
831.350000,-65.980770,-65.975930,-65.981219
831.400000,-65.981017,-65.976177,-65.981466
831.450000,-65.981263,-65.976424,-65.981712
831.500000,-65.981509,-65.976670,-65.981958
831.550000,-65.981754,-65.976916,-65.982203
831.600000,-65.982000,-65.977162,-65.982449
831.650000,-65.982244,-65.977406,-65.982693
831.700000,-65.982488,-65.977651,-65.982937
831.750000,-65.982732,-65.977895,-65.983181
831.800000,-65.982975,-65.978139,-65.983424
831.850000,-65.983218,-65.978382,-65.983667
831.900000,-65.983461,-65.978624,-65.983910
831.950000,-65.983703,-65.978867,-65.984152
832.000000,-65.983944,-65.979108,-65.984393
832.050000,-65.984185,-65.979350,-65.984634
832.100000,-65.984426,-65.979591,-65.984875
832.150000,-65.984666,-65.979831,-65.985115
832.200000,-65.984906,-65.980071,-65.985355
832.250000,-65.985145,-65.980311,-65.985594
832.300000,-65.985384,-65.980550,-65.985833
832.350000,-65.985622,-65.980789,-65.986072
832.400000,-65.985860,-65.981027,-65.986310
832.450000,-65.986098,-65.981265,-65.986547
832.500000,-65.986335,-65.981503,-65.986785
832.550000,-65.986572,-65.981740,-65.987021
832.600000,-65.986808,-65.981976,-65.987258
832.650000,-65.987044,-65.982212,-65.987494
832.700000,-65.987280,-65.982448,-65.987729
832.750000,-65.987515,-65.982683,-65.987964
832.800000,-65.987749,-65.982918,-65.988199
832.850000,-65.987983,-65.983153,-65.988433
832.900000,-65.988217,-65.983387,-65.988667
832.950000,-65.988450,-65.983620,-65.988900
833.000000,-65.988683,-65.983854,-65.989133
833.050000,-65.988916,-65.984086,-65.989365
833.100000,-65.989148,-65.984319,-65.989597
833.150000,-65.989379,-65.984551,-65.989829
833.200000,-65.989611,-65.984782,-65.990060
833.250000,-65.989841,-65.985013,-65.990291
833.300000,-65.990072,-65.985244,-65.990521
833.350000,-65.990302,-65.985474,-65.990751
833.400000,-65.990531,-65.985704,-65.990981
833.450000,-65.990760,-65.985933,-65.991210
833.500000,-65.990989,-65.986162,-65.991439
833.550000,-65.991217,-65.986391,-65.991667
833.600000,-65.991445,-65.986619,-65.991895
833.650000,-65.991673,-65.986847,-65.992122
833.700000,-65.991900,-65.987074,-65.992350
833.750000,-65.992126,-65.987301,-65.992576
833.800000,-65.992353,-65.987527,-65.992802
833.850000,-65.992578,-65.987753,-65.993028
833.900000,-65.992804,-65.987979,-65.993254
833.950000,-65.993029,-65.988204,-65.993479
834.000000,-65.993253,-65.988429,-65.993703
834.050000,-65.993477,-65.988654,-65.993927
834.100000,-65.993701,-65.988878,-65.994151
834.150000,-65.993925,-65.989101,-65.994375
834.200000,-65.994148,-65.989325,-65.994597
834.250000,-65.994370,-65.989547,-65.994820
834.300000,-65.994592,-65.989770,-65.995042
834.350000,-65.994814,-65.989992,-65.995264
834.400000,-65.995035,-65.990213,-65.995485
834.450000,-65.995256,-65.990435,-65.995706
834.500000,-65.995477,-65.990655,-65.995927
834.550000,-65.995697,-65.990876,-65.996147
834.600000,-65.995917,-65.991096,-65.996367
834.650000,-65.996136,-65.991315,-65.996586
834.700000,-65.996355,-65.991535,-65.996805
834.750000,-65.996573,-65.991753,-65.997024
834.800000,-65.996791,-65.991972,-65.997242
834.850000,-65.997009,-65.992190,-65.997459
834.900000,-65.997227,-65.992407,-65.997677
834.950000,-65.997444,-65.992625,-65.997894
835.000000,-65.997660,-65.992841,-65.998110
835.050000,-65.997876,-65.993058,-65.998326
835.100000,-65.998092,-65.993274,-65.998542
835.150000,-65.998307,-65.993490,-65.998758
835.200000,-65.998522,-65.993705,-65.998973
835.250000,-65.998737,-65.993920,-65.999187
835.300000,-65.998951,-65.994134,-65.999401
835.350000,-65.999165,-65.994348,-65.999615
835.400000,-65.999378,-65.994562,-65.999829
835.450000,-65.999591,-65.994775,-66.000042
835.500000,-65.999804,-65.994988,-66.000254
835.550000,-66.000016,-65.995201,-66.000467
835.600000,-66.000228,-65.995413,-66.000679
835.650000,-66.000440,-65.995625,-66.000890
835.700000,-66.000651,-65.995836,-66.001101
835.750000,-66.000862,-65.996047,-66.001312
835.800000,-66.001072,-65.996257,-66.001522
835.850000,-66.001282,-65.996468,-66.001732
835.900000,-66.001491,-65.996678,-66.001942
835.950000,-66.001701,-65.996887,-66.002151
836.000000,-66.001910,-65.997096,-66.002360
836.050000,-66.002118,-65.997305,-66.002569
836.100000,-66.002326,-65.997513,-66.002777
836.150000,-66.002534,-65.997721,-66.002984
836.200000,-66.002741,-65.997929,-66.003192
836.250000,-66.002948,-65.998136,-66.003399
836.300000,-66.003155,-65.998343,-66.003605
836.350000,-66.003361,-65.998549,-66.003811
836.400000,-66.003566,-65.998755,-66.004017
836.450000,-66.003772,-65.998961,-66.004223
836.500000,-66.003977,-65.999166,-66.004428
836.550000,-66.004182,-65.999371,-66.004632
836.600000,-66.004386,-65.999576,-66.004837
836.650000,-66.004590,-65.999780,-66.005041
836.700000,-66.004794,-65.999984,-66.005244
836.750000,-66.004997,-66.000187,-66.005448
836.800000,-66.005200,-66.000390,-66.005650
836.850000,-66.005402,-66.000593,-66.005853
836.900000,-66.005604,-66.000795,-66.006055
836.950000,-66.005806,-66.000997,-66.006257
837.000000,-66.006007,-66.001199,-66.006458
837.050000,-66.006208,-66.001400,-66.006659
837.100000,-66.006409,-66.001601,-66.006860
837.150000,-66.006609,-66.001802,-66.007060
837.200000,-66.006809,-66.002002,-66.007260
837.250000,-66.007009,-66.002202,-66.007460
837.300000,-66.007208,-66.002401,-66.007659
837.350000,-66.007407,-66.002600,-66.007858
837.400000,-66.007605,-66.002799,-66.008056
837.450000,-66.007803,-66.002997,-66.008254
837.500000,-66.008001,-66.003195,-66.008452
837.550000,-66.008198,-66.003393,-66.008649
837.600000,-66.008395,-66.003590,-66.008847
837.650000,-66.008592,-66.003787,-66.009043
837.700000,-66.008788,-66.003983,-66.009240
837.750000,-66.008984,-66.004180,-66.009436
837.800000,-66.009180,-66.004375,-66.009631
837.850000,-66.009375,-66.004571,-66.009826
837.900000,-66.009570,-66.004766,-66.010021
837.950000,-66.009765,-66.004961,-66.010216
838.000000,-66.009959,-66.005155,-66.010410
838.050000,-66.010153,-66.005349,-66.010604
838.100000,-66.010346,-66.005543,-66.010797
838.150000,-66.010539,-66.005736,-66.010991
838.200000,-66.010732,-66.005930,-66.011183
838.250000,-66.010925,-66.006122,-66.011376
838.300000,-66.011117,-66.006314,-66.011568
838.350000,-66.011308,-66.006506,-66.011760
838.400000,-66.011500,-66.006698,-66.011951
838.450000,-66.011691,-66.006889,-66.012142
838.500000,-66.011881,-66.007080,-66.012333
838.550000,-66.012072,-66.007271,-66.012523
838.600000,-66.012262,-66.007461,-66.012713
838.650000,-66.012451,-66.007651,-66.012903
838.700000,-66.012641,-66.007841,-66.013092
838.750000,-66.012830,-66.008030,-66.013281
838.800000,-66.013018,-66.008219,-66.013470
838.850000,-66.013207,-66.008407,-66.013658
838.900000,-66.013395,-66.008595,-66.013846
838.950000,-66.013582,-66.008783,-66.014034
839.000000,-66.013770,-66.008971,-66.014221
839.050000,-66.013956,-66.009158,-66.014408
839.100000,-66.014143,-66.009345,-66.014595
839.150000,-66.014329,-66.009531,-66.014781
839.200000,-66.014515,-66.009717,-66.014967
839.250000,-66.014701,-66.009903,-66.015152
839.300000,-66.014886,-66.010088,-66.015338
839.350000,-66.015071,-66.010274,-66.015523
839.400000,-66.015255,-66.010458,-66.015707
839.450000,-66.015440,-66.010643,-66.015891
839.500000,-66.015624,-66.010827,-66.016075
839.550000,-66.015807,-66.011011,-66.016259
839.600000,-66.015990,-66.011194,-66.016442
839.650000,-66.016173,-66.011377,-66.016625
839.700000,-66.016356,-66.011560,-66.016808
839.750000,-66.016538,-66.011743,-66.016990
839.800000,-66.016720,-66.011925,-66.017172
839.850000,-66.016902,-66.012107,-66.017353
839.900000,-66.017083,-66.012288,-66.017535
839.950000,-66.017264,-66.012469,-66.017716
840.000000,-66.017444,-66.012650,-66.017896
840.050000,-66.017625,-66.012830,-66.018077
840.100000,-66.017805,-66.013011,-66.018256
840.150000,-66.017984,-66.013190,-66.018436
840.200000,-66.018163,-66.013370,-66.018615
840.250000,-66.018342,-66.013549,-66.018794
840.300000,-66.018521,-66.013728,-66.018973
840.350000,-66.018699,-66.013906,-66.019151
840.400000,-66.018877,-66.014085,-66.019329
840.450000,-66.019055,-66.014263,-66.019507
840.500000,-66.019232,-66.014440,-66.019684
840.550000,-66.019409,-66.014617,-66.019861
840.600000,-66.019586,-66.014794,-66.020038
840.650000,-66.019762,-66.014971,-66.020215
840.700000,-66.019939,-66.015147,-66.020391
840.750000,-66.020114,-66.015323,-66.020566
840.800000,-66.020290,-66.015499,-66.020742
840.850000,-66.020465,-66.015674,-66.020917
840.900000,-66.020640,-66.015849,-66.021092
840.950000,-66.020814,-66.016024,-66.021266
841.000000,-66.020988,-66.016198,-66.021440
841.050000,-66.021162,-66.016372,-66.021614
841.100000,-66.021336,-66.016546,-66.021788
841.150000,-66.021509,-66.016719,-66.021961
841.200000,-66.021682,-66.016892,-66.022134
841.250000,-66.021854,-66.017065,-66.022307
841.300000,-66.022027,-66.017238,-66.022479
841.350000,-66.022199,-66.017410,-66.022651
841.400000,-66.022370,-66.017582,-66.022823
841.450000,-66.022541,-66.017753,-66.022994
841.500000,-66.022713,-66.017925,-66.023165
841.550000,-66.022883,-66.018095,-66.023336
841.600000,-66.023054,-66.018266,-66.023506
841.650000,-66.023224,-66.018436,-66.023676
841.700000,-66.023394,-66.018606,-66.023846
841.750000,-66.023563,-66.018776,-66.024015
841.800000,-66.023732,-66.018945,-66.024185
841.850000,-66.023901,-66.019115,-66.024354
841.900000,-66.024070,-66.019283,-66.024522
841.950000,-66.024238,-66.019452,-66.024690
842.000000,-66.024406,-66.019620,-66.024858
842.050000,-66.024574,-66.019788,-66.025026
842.100000,-66.024741,-66.019955,-66.025193
842.150000,-66.024908,-66.020123,-66.025360
842.200000,-66.025075,-66.020290,-66.025527
842.250000,-66.025241,-66.020456,-66.025694
842.300000,-66.025407,-66.020623,-66.025860
842.350000,-66.025573,-66.020789,-66.026026
842.400000,-66.025739,-66.020954,-66.026191
842.450000,-66.025904,-66.021120,-66.026357
842.500000,-66.026069,-66.021285,-66.026521
842.550000,-66.026233,-66.021450,-66.026686
842.600000,-66.026398,-66.021614,-66.026850
842.650000,-66.026562,-66.021778,-66.027015
842.700000,-66.026726,-66.021942,-66.027178
842.750000,-66.026889,-66.022106,-66.027342
842.800000,-66.027052,-66.022269,-66.027505
842.850000,-66.027215,-66.022433,-66.027668
842.900000,-66.027378,-66.022595,-66.027830
842.950000,-66.027540,-66.022758,-66.027993
843.000000,-66.027702,-66.022920,-66.028155
843.050000,-66.027863,-66.023082,-66.028316
843.100000,-66.028025,-66.023243,-66.028478
843.150000,-66.028186,-66.023405,-66.028639
843.200000,-66.028347,-66.023566,-66.028800
843.250000,-66.028507,-66.023726,-66.028960
843.300000,-66.028668,-66.023887,-66.029120
843.350000,-66.028827,-66.024047,-66.029280
843.400000,-66.028987,-66.024207,-66.029440
843.450000,-66.029146,-66.024366,-66.029599
843.500000,-66.029306,-66.024526,-66.029759
843.550000,-66.029464,-66.024685,-66.029917
843.600000,-66.029623,-66.024843,-66.030076
843.650000,-66.029781,-66.025002,-66.030234
843.700000,-66.029939,-66.025160,-66.030392
843.750000,-66.030097,-66.025318,-66.030550
843.800000,-66.030254,-66.025475,-66.030707
843.850000,-66.030411,-66.025632,-66.030864
843.900000,-66.030568,-66.025789,-66.031021
843.950000,-66.030724,-66.025946,-66.031177
844.000000,-66.030880,-66.026102,-66.031334
844.050000,-66.031036,-66.026259,-66.031490
844.100000,-66.031192,-66.026414,-66.031645
844.150000,-66.031347,-66.026570,-66.031801
844.200000,-66.031502,-66.026725,-66.031956
844.250000,-66.031657,-66.026880,-66.032111
844.300000,-66.031812,-66.027035,-66.032265
844.350000,-66.031966,-66.027189,-66.032419
844.400000,-66.032120,-66.027343,-66.032573
844.450000,-66.032274,-66.027497,-66.032727
844.500000,-66.032427,-66.027651,-66.032880
844.550000,-66.032580,-66.027804,-66.033034
844.600000,-66.032733,-66.027957,-66.033186
844.650000,-66.032886,-66.028110,-66.033339
844.700000,-66.033038,-66.028263,-66.033491
844.750000,-66.033190,-66.028415,-66.033643
844.800000,-66.033342,-66.028567,-66.033795
844.850000,-66.033493,-66.028718,-66.033947
844.900000,-66.033644,-66.028870,-66.034098
844.950000,-66.033795,-66.029021,-66.034249
845.000000,-66.033946,-66.029172,-66.034399
845.050000,-66.034096,-66.029322,-66.034550
845.100000,-66.034246,-66.029473,-66.034700
845.150000,-66.034396,-66.029623,-66.034850
845.200000,-66.034546,-66.029772,-66.034999
845.250000,-66.034695,-66.029922,-66.035149
845.300000,-66.034844,-66.030071,-66.035298
845.350000,-66.034993,-66.030220,-66.035447
845.400000,-66.035141,-66.030369,-66.035595
845.450000,-66.035290,-66.030517,-66.035743
845.500000,-66.035438,-66.030665,-66.035891
845.550000,-66.035585,-66.030813,-66.036039
845.600000,-66.035733,-66.030961,-66.036186
845.650000,-66.035880,-66.031108,-66.036334
845.700000,-66.036027,-66.031255,-66.036480
845.750000,-66.036173,-66.031402,-66.036627
845.800000,-66.036320,-66.031548,-66.036773
845.850000,-66.036466,-66.031695,-66.036920
845.900000,-66.036612,-66.031841,-66.037065
845.950000,-66.036757,-66.031986,-66.037211
846.000000,-66.036903,-66.032132,-66.037356
846.050000,-66.037048,-66.032277,-66.037501
846.100000,-66.037192,-66.032422,-66.037646
846.150000,-66.037337,-66.032567,-66.037791
846.200000,-66.037481,-66.032711,-66.037935
846.250000,-66.037625,-66.032855,-66.038079
846.300000,-66.037769,-66.032999,-66.038223
846.350000,-66.037912,-66.033143,-66.038366
846.400000,-66.038055,-66.033286,-66.038509
846.450000,-66.038198,-66.033429,-66.038652
846.500000,-66.038341,-66.033572,-66.038795
846.550000,-66.038484,-66.033715,-66.038937
846.600000,-66.038626,-66.033857,-66.039080
846.650000,-66.038768,-66.033999,-66.039222
846.700000,-66.038909,-66.034141,-66.039363
846.750000,-66.039051,-66.034283,-66.039505
846.800000,-66.039192,-66.034424,-66.039646
846.850000,-66.039333,-66.034565,-66.039787
846.900000,-66.039473,-66.034706,-66.039927
846.950000,-66.039614,-66.034846,-66.040068
847.000000,-66.039754,-66.034987,-66.040208
847.050000,-66.039894,-66.035127,-66.040348
847.100000,-66.040033,-66.035266,-66.040488
847.150000,-66.040173,-66.035406,-66.040627
847.200000,-66.040312,-66.035545,-66.040766
847.250000,-66.040451,-66.035684,-66.040905
847.300000,-66.040589,-66.035823,-66.041044
847.350000,-66.040728,-66.035962,-66.041182
847.400000,-66.040866,-66.036100,-66.041320
847.450000,-66.041004,-66.036238,-66.041458
847.500000,-66.041141,-66.036376,-66.041596
847.550000,-66.041279,-66.036513,-66.041733
847.600000,-66.041416,-66.036651,-66.041870
847.650000,-66.041553,-66.036788,-66.042007
847.700000,-66.041689,-66.036924,-66.042144
847.750000,-66.041826,-66.037061,-66.042280
847.800000,-66.041962,-66.037197,-66.042416
847.850000,-66.042098,-66.037333,-66.042552
847.900000,-66.042233,-66.037469,-66.042688
847.950000,-66.042369,-66.037605,-66.042823
848.000000,-66.042504,-66.037740,-66.042958
848.050000,-66.042639,-66.037875,-66.043093
848.100000,-66.042774,-66.038010,-66.043228
848.150000,-66.042908,-66.038144,-66.043362
848.200000,-66.043042,-66.038279,-66.043497
848.250000,-66.043176,-66.038413,-66.043631
848.300000,-66.043310,-66.038547,-66.043764
848.350000,-66.043443,-66.038680,-66.043898
848.400000,-66.043576,-66.038814,-66.044031
848.450000,-66.043709,-66.038947,-66.044164
848.500000,-66.043842,-66.039080,-66.044297
848.550000,-66.043975,-66.039212,-66.044429
848.600000,-66.044107,-66.039345,-66.044561
848.650000,-66.044239,-66.039477,-66.044693
848.700000,-66.044371,-66.039609,-66.044825
848.750000,-66.044502,-66.039741,-66.044957
848.800000,-66.044634,-66.039872,-66.045088
848.850000,-66.044765,-66.040003,-66.045219
848.900000,-66.044895,-66.040134,-66.045350
848.950000,-66.045026,-66.040265,-66.045481
849.000000,-66.045156,-66.040396,-66.045611
849.050000,-66.045286,-66.040526,-66.045741
849.100000,-66.045416,-66.040656,-66.045871
849.150000,-66.045546,-66.040786,-66.046001
849.200000,-66.045675,-66.040915,-66.046130
849.250000,-66.045805,-66.041045,-66.046259
849.300000,-66.045934,-66.041174,-66.046388
849.350000,-66.046062,-66.041303,-66.046517
849.400000,-66.046191,-66.041431,-66.046645
849.450000,-66.046319,-66.041560,-66.046774
849.500000,-66.046447,-66.041688,-66.046902
849.550000,-66.046575,-66.041816,-66.047030
849.600000,-66.046702,-66.041943,-66.047157
849.650000,-66.046830,-66.042071,-66.047284
849.700000,-66.046957,-66.042198,-66.047412
849.750000,-66.047084,-66.042325,-66.047538
849.800000,-66.047210,-66.042452,-66.047665
849.850000,-66.047337,-66.042578,-66.047792
849.900000,-66.047463,-66.042705,-66.047918
849.950000,-66.047589,-66.042831,-66.048044
850.000000,-66.047715,-66.042957,-66.048169
850.050000,-66.047840,-66.043082,-66.048295
850.100000,-66.047965,-66.043208,-66.048420
850.150000,-66.048090,-66.043333,-66.048545
850.200000,-66.048215,-66.043458,-66.048670
850.250000,-66.048340,-66.043583,-66.048795
850.300000,-66.048464,-66.043707,-66.048919
850.350000,-66.048588,-66.043832,-66.049043
850.400000,-66.048712,-66.043956,-66.049167
850.450000,-66.048836,-66.044079,-66.049291
850.500000,-66.048959,-66.044203,-66.049414
850.550000,-66.049083,-66.044326,-66.049538
850.600000,-66.049206,-66.044450,-66.049661
850.650000,-66.049328,-66.044573,-66.049784
850.700000,-66.049451,-66.044695,-66.049906
850.750000,-66.049573,-66.044818,-66.050029
850.800000,-66.049696,-66.044940,-66.050151
850.850000,-66.049817,-66.045062,-66.050273
850.900000,-66.049939,-66.045184,-66.050394
850.950000,-66.050061,-66.045306,-66.050516
851.000000,-66.050182,-66.045427,-66.050637
851.050000,-66.050303,-66.045548,-66.050758
851.100000,-66.050424,-66.045669,-66.050879
851.150000,-66.050544,-66.045790,-66.051000
851.200000,-66.050665,-66.045911,-66.051120
851.250000,-66.050785,-66.046031,-66.051240
851.300000,-66.050905,-66.046151,-66.051360
851.350000,-66.051025,-66.046271,-66.051480
851.400000,-66.051144,-66.046390,-66.051599
851.450000,-66.051263,-66.046510,-66.051719
851.500000,-66.051383,-66.046629,-66.051838
851.550000,-66.051501,-66.046748,-66.051957
851.600000,-66.051620,-66.046867,-66.052075
851.650000,-66.051739,-66.046986,-66.052194
851.700000,-66.051857,-66.047104,-66.052312
851.750000,-66.051975,-66.047222,-66.052430
851.800000,-66.052093,-66.047340,-66.052548
851.850000,-66.052210,-66.047458,-66.052666
851.900000,-66.052328,-66.047575,-66.052783
851.950000,-66.052445,-66.047693,-66.052900
852.000000,-66.052562,-66.047810,-66.053017
852.050000,-66.052679,-66.047927,-66.053134
852.100000,-66.052795,-66.048043,-66.053250
852.150000,-66.052911,-66.048160,-66.053367
852.200000,-66.053027,-66.048276,-66.053483
852.250000,-66.053143,-66.048392,-66.053599
852.300000,-66.053259,-66.048508,-66.053715
852.350000,-66.053375,-66.048624,-66.053830
852.400000,-66.053490,-66.048739,-66.053945
852.450000,-66.053605,-66.048854,-66.054060
852.500000,-66.053720,-66.048969,-66.054175
852.550000,-66.053834,-66.049084,-66.054290
852.600000,-66.053949,-66.049199,-66.054405
852.650000,-66.054063,-66.049313,-66.054519
852.700000,-66.054177,-66.049427,-66.054633
852.750000,-66.054291,-66.049541,-66.054747
852.800000,-66.054405,-66.049655,-66.054860
852.850000,-66.054518,-66.049768,-66.054974
852.900000,-66.054631,-66.049882,-66.055087
852.950000,-66.054744,-66.049995,-66.055200
853.000000,-66.054857,-66.050108,-66.055313
853.050000,-66.054970,-66.050221,-66.055425
853.100000,-66.055082,-66.050333,-66.055538
853.150000,-66.055194,-66.050445,-66.055650
853.200000,-66.055306,-66.050558,-66.055762
853.250000,-66.055418,-66.050670,-66.055874
853.300000,-66.055530,-66.050781,-66.055986
853.350000,-66.055641,-66.050893,-66.056097
853.400000,-66.055752,-66.051004,-66.056208
853.450000,-66.055863,-66.051115,-66.056319
853.500000,-66.055974,-66.051226,-66.056430
853.550000,-66.056085,-66.051337,-66.056541
853.600000,-66.056195,-66.051447,-66.056651
853.650000,-66.056305,-66.051558,-66.056761
853.700000,-66.056415,-66.051668,-66.056871
853.750000,-66.056525,-66.051778,-66.056981
853.800000,-66.056635,-66.051888,-66.057091
853.850000,-66.056744,-66.051997,-66.057200
853.900000,-66.056853,-66.052106,-66.057309
853.950000,-66.056962,-66.052216,-66.057418
854.000000,-66.057071,-66.052325,-66.057527
854.050000,-66.057180,-66.052433,-66.057636
854.100000,-66.057288,-66.052542,-66.057744
854.150000,-66.057396,-66.052650,-66.057852
854.200000,-66.057504,-66.052758,-66.057960
854.250000,-66.057612,-66.052866,-66.058068
854.300000,-66.057720,-66.052974,-66.058176
854.350000,-66.057827,-66.053082,-66.058283
854.400000,-66.057935,-66.053189,-66.058391
854.450000,-66.058042,-66.053296,-66.058498
854.500000,-66.058149,-66.053403,-66.058605
854.550000,-66.058255,-66.053510,-66.058711
854.600000,-66.058362,-66.053617,-66.058818
854.650000,-66.058468,-66.053723,-66.058924
854.700000,-66.058574,-66.053829,-66.059030
854.750000,-66.058680,-66.053935,-66.059136
854.800000,-66.058786,-66.054041,-66.059242
854.850000,-66.058891,-66.054147,-66.059347
854.900000,-66.058997,-66.054252,-66.059453
854.950000,-66.059102,-66.054357,-66.059558
855.000000,-66.059207,-66.054463,-66.059663
855.050000,-66.059311,-66.054567,-66.059768
855.100000,-66.059416,-66.054672,-66.059872
855.150000,-66.059520,-66.054777,-66.059977
855.200000,-66.059625,-66.054881,-66.060081
855.250000,-66.059729,-66.054985,-66.060185
855.300000,-66.059832,-66.055089,-66.060289
855.350000,-66.059936,-66.055193,-66.060392
855.400000,-66.060040,-66.055296,-66.060496
855.450000,-66.060143,-66.055400,-66.060599
855.500000,-66.060246,-66.055503,-66.060702
855.550000,-66.060349,-66.055606,-66.060805
855.600000,-66.060452,-66.055709,-66.060908
855.650000,-66.060554,-66.055812,-66.061010
855.700000,-66.060656,-66.055914,-66.061113
855.750000,-66.060759,-66.056016,-66.061215
855.800000,-66.060861,-66.056118,-66.061317
855.850000,-66.060962,-66.056220,-66.061419
855.900000,-66.061064,-66.056322,-66.061520
855.950000,-66.061165,-66.056424,-66.061622
856.000000,-66.061267,-66.056525,-66.061723
856.050000,-66.061368,-66.056626,-66.061824
856.100000,-66.061469,-66.056727,-66.061925
856.150000,-66.061569,-66.056828,-66.062026
856.200000,-66.061670,-66.056928,-66.062126
856.250000,-66.061770,-66.057029,-66.062227
856.300000,-66.061870,-66.057129,-66.062327
856.350000,-66.061970,-66.057229,-66.062427
856.400000,-66.062070,-66.057329,-66.062526
856.450000,-66.062170,-66.057429,-66.062626
856.500000,-66.062269,-66.057528,-66.062726
856.550000,-66.062368,-66.057628,-66.062825
856.600000,-66.062467,-66.057727,-66.062924
856.650000,-66.062566,-66.057826,-66.063023
856.700000,-66.062665,-66.057925,-66.063122
856.750000,-66.062763,-66.058024,-66.063220
856.800000,-66.062862,-66.058122,-66.063318
856.850000,-66.062960,-66.058220,-66.063417
856.900000,-66.063058,-66.058318,-66.063515
856.950000,-66.063156,-66.058416,-66.063612
857.000000,-66.063253,-66.058514,-66.063710
857.050000,-66.063351,-66.058612,-66.063808
857.100000,-66.063448,-66.058709,-66.063905
857.150000,-66.063545,-66.058806,-66.064002
857.200000,-66.063642,-66.058903,-66.064099
857.250000,-66.063739,-66.059000,-66.064196
857.300000,-66.063836,-66.059097,-66.064292
857.350000,-66.063932,-66.059194,-66.064389
857.400000,-66.064028,-66.059290,-66.064485
857.450000,-66.064124,-66.059386,-66.064581
857.500000,-66.064220,-66.059482,-66.064677
857.550000,-66.064316,-66.059578,-66.064773
857.600000,-66.064412,-66.059674,-66.064869
857.650000,-66.064507,-66.059769,-66.064964
857.700000,-66.064602,-66.059865,-66.065059
857.750000,-66.064697,-66.059960,-66.065154
857.800000,-66.064792,-66.060055,-66.065249
857.850000,-66.064887,-66.060150,-66.065344
857.900000,-66.064981,-66.060244,-66.065438
857.950000,-66.065076,-66.060339,-66.065533
858.000000,-66.065170,-66.060433,-66.065627
858.050000,-66.065264,-66.060527,-66.065721
858.100000,-66.065358,-66.060621,-66.065815
858.150000,-66.065452,-66.060715,-66.065909
858.200000,-66.065545,-66.060809,-66.066002
858.250000,-66.065638,-66.060902,-66.066095
858.300000,-66.065732,-66.060995,-66.066189
858.350000,-66.065825,-66.061088,-66.066282
858.400000,-66.065918,-66.061181,-66.066375
858.450000,-66.066010,-66.061274,-66.066467
858.500000,-66.066103,-66.061367,-66.066560
858.550000,-66.066195,-66.061459,-66.066652
858.600000,-66.066287,-66.061552,-66.066744
858.650000,-66.066379,-66.061644,-66.066836
858.700000,-66.066471,-66.061736,-66.066928
858.750000,-66.066563,-66.061827,-66.067020
858.800000,-66.066654,-66.061919,-66.067111
858.850000,-66.066746,-66.062010,-66.067203
858.900000,-66.066837,-66.062102,-66.067294
858.950000,-66.066928,-66.062193,-66.067385
859.000000,-66.067019,-66.062284,-66.067476
859.050000,-66.067109,-66.062375,-66.067567
859.100000,-66.067200,-66.062465,-66.067657
859.150000,-66.067290,-66.062556,-66.067748
859.200000,-66.067381,-66.062646,-66.067838
859.250000,-66.067471,-66.062736,-66.067928
859.300000,-66.067561,-66.062826,-66.068018
859.350000,-66.067650,-66.062916,-66.068107
859.400000,-66.067740,-66.063006,-66.068197
859.450000,-66.067829,-66.063095,-66.068286
859.500000,-66.067918,-66.063185,-66.068376
859.550000,-66.068008,-66.063274,-66.068465
859.600000,-66.068096,-66.063363,-66.068554
859.650000,-66.068185,-66.063452,-66.068643
859.700000,-66.068274,-66.063540,-66.068731
859.750000,-66.068362,-66.063629,-66.068820
859.800000,-66.068451,-66.063717,-66.068908
859.850000,-66.068539,-66.063806,-66.068996
859.900000,-66.068627,-66.063894,-66.069084
859.950000,-66.068714,-66.063982,-66.069172
860.000000,-66.068802,-66.064069,-66.069259
860.050000,-66.068890,-66.064157,-66.069347
860.100000,-66.068977,-66.064244,-66.069434
860.150000,-66.069064,-66.064332,-66.069521
860.200000,-66.069151,-66.064419,-66.069609
860.250000,-66.069238,-66.064506,-66.069695
860.300000,-66.069325,-66.064593,-66.069782
860.350000,-66.069411,-66.064679,-66.069869
860.400000,-66.069498,-66.064766,-66.069955
860.450000,-66.069584,-66.064852,-66.070041
860.500000,-66.069670,-66.064938,-66.070127
860.550000,-66.069756,-66.065024,-66.070213
860.600000,-66.069842,-66.065110,-66.070299
860.650000,-66.069927,-66.065196,-66.070385
860.700000,-66.070013,-66.065281,-66.070470
860.750000,-66.070098,-66.065367,-66.070556
860.800000,-66.070183,-66.065452,-66.070641
860.850000,-66.070268,-66.065537,-66.070726
860.900000,-66.070353,-66.065622,-66.070811
860.950000,-66.070438,-66.065707,-66.070895
861.000000,-66.070522,-66.065792,-66.070980
861.050000,-66.070607,-66.065876,-66.071064
861.100000,-66.070691,-66.065960,-66.071149
861.150000,-66.070775,-66.066045,-66.071233
861.200000,-66.070859,-66.066129,-66.071317
861.250000,-66.070943,-66.066213,-66.071400
861.300000,-66.071026,-66.066296,-66.071484
861.350000,-66.071110,-66.066380,-66.071568
861.400000,-66.071193,-66.066463,-66.071651
861.450000,-66.071277,-66.066547,-66.071734
861.500000,-66.071360,-66.066630,-66.071817
861.550000,-66.071442,-66.066713,-66.071900
861.600000,-66.071525,-66.066796,-66.071983
861.650000,-66.071608,-66.066878,-66.072065
861.700000,-66.071690,-66.066961,-66.072148
861.750000,-66.071773,-66.067043,-66.072230
861.800000,-66.071855,-66.067125,-66.072312
861.850000,-66.071937,-66.067208,-66.072394
861.900000,-66.072019,-66.067289,-66.072476
861.950000,-66.072100,-66.067371,-66.072558
862.000000,-66.072182,-66.067453,-66.072640
862.050000,-66.072263,-66.067534,-66.072721
862.100000,-66.072344,-66.067616,-66.072802
862.150000,-66.072426,-66.067697,-66.072883
862.200000,-66.072507,-66.067778,-66.072964
862.250000,-66.072587,-66.067859,-66.073045
862.300000,-66.072668,-66.067940,-66.073126
862.350000,-66.072749,-66.068020,-66.073207
862.400000,-66.072829,-66.068101,-66.073287
862.450000,-66.072909,-66.068181,-66.073367
862.500000,-66.072989,-66.068261,-66.073447
862.550000,-66.073069,-66.068342,-66.073527
862.600000,-66.073149,-66.068421,-66.073607
862.650000,-66.073229,-66.068501,-66.073687
862.700000,-66.073308,-66.068581,-66.073766
862.750000,-66.073388,-66.068660,-66.073846
862.800000,-66.073467,-66.068740,-66.073925
862.850000,-66.073546,-66.068819,-66.074004
862.900000,-66.073625,-66.068898,-66.074083
862.950000,-66.073704,-66.068977,-66.074162
863.000000,-66.073783,-66.069056,-66.074241
863.050000,-66.073861,-66.069134,-66.074319
863.100000,-66.073940,-66.069213,-66.074398
863.150000,-66.074018,-66.069291,-66.074476
863.200000,-66.074096,-66.069369,-66.074554
863.250000,-66.074174,-66.069447,-66.074632
863.300000,-66.074252,-66.069525,-66.074710
863.350000,-66.074329,-66.069603,-66.074787
863.400000,-66.074407,-66.069681,-66.074865
863.450000,-66.074484,-66.069758,-66.074942
863.500000,-66.074562,-66.069836,-66.075020
863.550000,-66.074639,-66.069913,-66.075097
863.600000,-66.074716,-66.069990,-66.075174
863.650000,-66.074793,-66.070067,-66.075251
863.700000,-66.074869,-66.070144,-66.075328
863.750000,-66.074946,-66.070220,-66.075404
863.800000,-66.075022,-66.070297,-66.075481
863.850000,-66.075099,-66.070373,-66.075557
863.900000,-66.075175,-66.070450,-66.075633
863.950000,-66.075251,-66.070526,-66.075709
864.000000,-66.075327,-66.070602,-66.075785
864.050000,-66.075403,-66.070678,-66.075861
864.100000,-66.075478,-66.070753,-66.075936
864.150000,-66.075554,-66.070829,-66.076012
864.200000,-66.075629,-66.070904,-66.076087
864.250000,-66.075704,-66.070980,-66.076163
864.300000,-66.075779,-66.071055,-66.076238
864.350000,-66.075854,-66.071130,-66.076313
864.400000,-66.075929,-66.071205,-66.076387
864.450000,-66.076004,-66.071279,-66.076462
864.500000,-66.076078,-66.071354,-66.076537
864.550000,-66.076153,-66.071429,-66.076611
864.600000,-66.076227,-66.071503,-66.076685
864.650000,-66.076301,-66.071577,-66.076760
864.700000,-66.076375,-66.071651,-66.076834
864.750000,-66.076449,-66.071725,-66.076908
864.800000,-66.076523,-66.071799,-66.076981
864.850000,-66.076597,-66.071873,-66.077055
864.900000,-66.076670,-66.071946,-66.077128
864.950000,-66.076743,-66.072020,-66.077202
865.000000,-66.076817,-66.072093,-66.077275
865.050000,-66.076890,-66.072166,-66.077348
865.100000,-66.076963,-66.072239,-66.077421
865.150000,-66.077035,-66.072312,-66.077494
865.200000,-66.077108,-66.072385,-66.077567
865.250000,-66.077181,-66.072458,-66.077639
865.300000,-66.077253,-66.072530,-66.077712
865.350000,-66.077325,-66.072603,-66.077784
865.400000,-66.077398,-66.072675,-66.077856
865.450000,-66.077470,-66.072747,-66.077928
865.500000,-66.077542,-66.072819,-66.078000
865.550000,-66.077613,-66.072891,-66.078072
865.600000,-66.077685,-66.072963,-66.078144
865.650000,-66.077757,-66.073034,-66.078215
865.700000,-66.077828,-66.073106,-66.078287
865.750000,-66.077899,-66.073177,-66.078358
865.800000,-66.077970,-66.073248,-66.078429
865.850000,-66.078041,-66.073319,-66.078500
865.900000,-66.078112,-66.073390,-66.078571
865.950000,-66.078183,-66.073461,-66.078642
866.000000,-66.078254,-66.073532,-66.078712
866.050000,-66.078324,-66.073602,-66.078783
866.100000,-66.078395,-66.073673,-66.078853
866.150000,-66.078465,-66.073743,-66.078923
866.200000,-66.078535,-66.073814,-66.078994
866.250000,-66.078605,-66.073884,-66.079064
866.300000,-66.078675,-66.073954,-66.079134
866.350000,-66.078745,-66.074023,-66.079203
866.400000,-66.078814,-66.074093,-66.079273
866.450000,-66.078884,-66.074163,-66.079342
866.500000,-66.078953,-66.074232,-66.079412
866.550000,-66.079022,-66.074301,-66.079481
866.600000,-66.079092,-66.074371,-66.079550
866.650000,-66.079161,-66.074440,-66.079619
866.700000,-66.079229,-66.074509,-66.079688
866.750000,-66.079298,-66.074578,-66.079757
866.800000,-66.079367,-66.074646,-66.079826
866.850000,-66.079435,-66.074715,-66.079894
866.900000,-66.079504,-66.074783,-66.079962
866.950000,-66.079572,-66.074852,-66.080031
867.000000,-66.079640,-66.074920,-66.080099
867.050000,-66.079708,-66.074988,-66.080167
867.100000,-66.079776,-66.075056,-66.080235
867.150000,-66.079844,-66.075124,-66.080303
867.200000,-66.079911,-66.075192,-66.080370
867.250000,-66.079979,-66.075259,-66.080438
867.300000,-66.080046,-66.075327,-66.080505
867.350000,-66.080114,-66.075394,-66.080573
867.400000,-66.080181,-66.075461,-66.080640
867.450000,-66.080248,-66.075528,-66.080707
867.500000,-66.080315,-66.075595,-66.080774
867.550000,-66.080382,-66.075662,-66.080841
867.600000,-66.080448,-66.075729,-66.080907
867.650000,-66.080515,-66.075796,-66.080974
867.700000,-66.080581,-66.075862,-66.081040
867.750000,-66.080648,-66.075929,-66.081107
867.800000,-66.080714,-66.075995,-66.081173
867.850000,-66.080780,-66.076061,-66.081239
867.900000,-66.080846,-66.076127,-66.081305
867.950000,-66.080912,-66.076193,-66.081371
868.000000,-66.080978,-66.076259,-66.081437
868.050000,-66.081043,-66.076325,-66.081502
868.100000,-66.081109,-66.076390,-66.081568
868.150000,-66.081174,-66.076456,-66.081633
868.200000,-66.081239,-66.076521,-66.081698
868.250000,-66.081305,-66.076586,-66.081764
868.300000,-66.081370,-66.076651,-66.081829
868.350000,-66.081435,-66.076716,-66.081894
868.400000,-66.081499,-66.076781,-66.081958
868.450000,-66.081564,-66.076846,-66.082023
868.500000,-66.081629,-66.076911,-66.082088
868.550000,-66.081693,-66.076975,-66.082152
868.600000,-66.081757,-66.077040,-66.082216
868.650000,-66.081822,-66.077104,-66.082281
868.700000,-66.081886,-66.077168,-66.082345
868.750000,-66.081950,-66.077232,-66.082409
868.800000,-66.082014,-66.077296,-66.082473
868.850000,-66.082077,-66.077360,-66.082537
868.900000,-66.082141,-66.077424,-66.082600
868.950000,-66.082205,-66.077487,-66.082664
869.000000,-66.082268,-66.077551,-66.082727
869.050000,-66.082331,-66.077614,-66.082790
869.100000,-66.082394,-66.077677,-66.082854
869.150000,-66.082458,-66.077741,-66.082917
869.200000,-66.082521,-66.077804,-66.082980
869.250000,-66.082583,-66.077867,-66.083043
869.300000,-66.082646,-66.077929,-66.083105
869.350000,-66.082709,-66.077992,-66.083168
869.400000,-66.082771,-66.078055,-66.083231
869.450000,-66.082834,-66.078117,-66.083293
869.500000,-66.082896,-66.078180,-66.083355
869.550000,-66.082958,-66.078242,-66.083417
869.600000,-66.083020,-66.078304,-66.083480
869.650000,-66.083082,-66.078366,-66.083542
869.700000,-66.083144,-66.078428,-66.083603
869.750000,-66.083206,-66.078490,-66.083665
869.800000,-66.083267,-66.078551,-66.083727
869.850000,-66.083329,-66.078613,-66.083788
869.900000,-66.083390,-66.078674,-66.083850
869.950000,-66.083452,-66.078736,-66.083911
870.000000,-66.083513,-66.078797,-66.083972
870.050000,-66.083574,-66.078858,-66.084033
870.100000,-66.083635,-66.078919,-66.084094
870.150000,-66.083696,-66.078980,-66.084155
870.200000,-66.083757,-66.079041,-66.084216
870.250000,-66.083817,-66.079102,-66.084277
870.300000,-66.083878,-66.079162,-66.084337
870.350000,-66.083938,-66.079223,-66.084398
870.400000,-66.083998,-66.079283,-66.084458
870.450000,-66.084059,-66.079344,-66.084518
870.500000,-66.084119,-66.079404,-66.084578
870.550000,-66.084179,-66.079464,-66.084638
870.600000,-66.084239,-66.079524,-66.084698
870.650000,-66.084298,-66.079584,-66.084758
870.700000,-66.084358,-66.079643,-66.084818
870.750000,-66.084418,-66.079703,-66.084877
870.800000,-66.084477,-66.079762,-66.084937
870.850000,-66.084536,-66.079822,-66.084996
870.900000,-66.084596,-66.079881,-66.085055
870.950000,-66.084655,-66.079940,-66.085114
871.000000,-66.084714,-66.080000,-66.085173
871.050000,-66.084773,-66.080059,-66.085232
871.100000,-66.084832,-66.080117,-66.085291
871.150000,-66.084890,-66.080176,-66.085350
871.200000,-66.084949,-66.080235,-66.085408
871.250000,-66.085007,-66.080293,-66.085467
871.300000,-66.085066,-66.080352,-66.085525
871.350000,-66.085124,-66.080410,-66.085584
871.400000,-66.085182,-66.080469,-66.085642
871.450000,-66.085240,-66.080527,-66.085700
871.500000,-66.085298,-66.080585,-66.085758
871.550000,-66.085356,-66.080643,-66.085816
871.600000,-66.085414,-66.080701,-66.085874
871.650000,-66.085472,-66.080758,-66.085931
871.700000,-66.085529,-66.080816,-66.085989
871.750000,-66.085587,-66.080873,-66.086046
871.800000,-66.085644,-66.080931,-66.086104
871.850000,-66.085701,-66.080988,-66.086161
871.900000,-66.085759,-66.081045,-66.086218
871.950000,-66.085816,-66.081103,-66.086275
872.000000,-66.085873,-66.081160,-66.086332
872.050000,-66.085929,-66.081216,-66.086389
872.100000,-66.085986,-66.081273,-66.086446
872.150000,-66.086043,-66.081330,-66.086503
872.200000,-66.086099,-66.081387,-66.086559
872.250000,-66.086156,-66.081443,-66.086616
872.300000,-66.086212,-66.081500,-66.086672
872.350000,-66.086268,-66.081556,-66.086728
872.400000,-66.086325,-66.081612,-66.086784
872.450000,-66.086381,-66.081668,-66.086840
872.500000,-66.086437,-66.081724,-66.086896
872.550000,-66.086492,-66.081780,-66.086952
872.600000,-66.086548,-66.081836,-66.087008
872.650000,-66.086604,-66.081892,-66.087064
872.700000,-66.086659,-66.081947,-66.087119
872.750000,-66.086715,-66.082003,-66.087175
872.800000,-66.086770,-66.082058,-66.087230
872.850000,-66.086825,-66.082113,-66.087285
872.900000,-66.086880,-66.082169,-66.087340
872.950000,-66.086936,-66.082224,-66.087395
873.000000,-66.086990,-66.082279,-66.087450
873.050000,-66.087045,-66.082334,-66.087505
873.100000,-66.087100,-66.082388,-66.087560
873.150000,-66.087155,-66.082443,-66.087615
873.200000,-66.087209,-66.082498,-66.087669
873.250000,-66.087264,-66.082552,-66.087724
873.300000,-66.087318,-66.082607,-66.087778
873.350000,-66.087372,-66.082661,-66.087832
873.400000,-66.087427,-66.082715,-66.087886
873.450000,-66.087481,-66.082769,-66.087941
873.500000,-66.087535,-66.082823,-66.087995
873.550000,-66.087588,-66.082877,-66.088048
873.600000,-66.087642,-66.082931,-66.088102
873.650000,-66.087696,-66.082985,-66.088156
873.700000,-66.087750,-66.083039,-66.088209
873.750000,-66.087803,-66.083092,-66.088263
873.800000,-66.087856,-66.083146,-66.088316
873.850000,-66.087910,-66.083199,-66.088370
873.900000,-66.087963,-66.083252,-66.088423
873.950000,-66.088016,-66.083305,-66.088476
874.000000,-66.088069,-66.083359,-66.088529
874.050000,-66.088122,-66.083411,-66.088582
874.100000,-66.088175,-66.083464,-66.088635
874.150000,-66.088228,-66.083517,-66.088688
874.200000,-66.088280,-66.083570,-66.088740
874.250000,-66.088333,-66.083622,-66.088793
874.300000,-66.088385,-66.083675,-66.088845
874.350000,-66.088437,-66.083727,-66.088898
874.400000,-66.088490,-66.083780,-66.088950
874.450000,-66.088542,-66.083832,-66.089002
874.500000,-66.088594,-66.083884,-66.089054
874.550000,-66.088646,-66.083936,-66.089106
874.600000,-66.088698,-66.083988,-66.089158
874.650000,-66.088750,-66.084040,-66.089210
874.700000,-66.088801,-66.084092,-66.089261
874.750000,-66.088853,-66.084143,-66.089313
874.800000,-66.088904,-66.084195,-66.089365
874.850000,-66.088956,-66.084246,-66.089416
874.900000,-66.089007,-66.084298,-66.089467
874.950000,-66.089058,-66.084349,-66.089519
875.000000,-66.089110,-66.084400,-66.089570
875.050000,-66.089161,-66.084451,-66.089621
875.100000,-66.089212,-66.084502,-66.089672
875.150000,-66.089263,-66.084553,-66.089723
875.200000,-66.089313,-66.084604,-66.089774
875.250000,-66.089364,-66.084655,-66.089824
875.300000,-66.089415,-66.084706,-66.089875
875.350000,-66.089465,-66.084756,-66.089925
875.400000,-66.089516,-66.084807,-66.089976
875.450000,-66.089566,-66.084857,-66.090026
875.500000,-66.089616,-66.084907,-66.090076
875.550000,-66.089666,-66.084958,-66.090127
875.600000,-66.089716,-66.085008,-66.090177
875.650000,-66.089766,-66.085058,-66.090227
875.700000,-66.089816,-66.085108,-66.090277
875.750000,-66.089866,-66.085158,-66.090326
875.800000,-66.089916,-66.085207,-66.090376
875.850000,-66.089965,-66.085257,-66.090426
875.900000,-66.090015,-66.085307,-66.090475
875.950000,-66.090064,-66.085356,-66.090525
876.000000,-66.090114,-66.085405,-66.090574
876.050000,-66.090163,-66.085455,-66.090623
876.100000,-66.090212,-66.085504,-66.090672
876.150000,-66.090261,-66.085553,-66.090722
876.200000,-66.090310,-66.085602,-66.090771
876.250000,-66.090359,-66.085651,-66.090819
876.300000,-66.090408,-66.085700,-66.090868
876.350000,-66.090457,-66.085749,-66.090917
876.400000,-66.090505,-66.085798,-66.090966
876.450000,-66.090554,-66.085846,-66.091014
876.500000,-66.090602,-66.085895,-66.091063
876.550000,-66.090651,-66.085943,-66.091111
876.600000,-66.090699,-66.085992,-66.091159
876.650000,-66.090747,-66.086040,-66.091208
876.700000,-66.090795,-66.086088,-66.091256
876.750000,-66.090843,-66.086136,-66.091304
876.800000,-66.090891,-66.086184,-66.091352
876.850000,-66.090939,-66.086232,-66.091400
876.900000,-66.090987,-66.086280,-66.091448
876.950000,-66.091035,-66.086328,-66.091495
877.000000,-66.091082,-66.086375,-66.091543
877.050000,-66.091130,-66.086423,-66.091590
877.100000,-66.091177,-66.086470,-66.091638
877.150000,-66.091225,-66.086518,-66.091685
877.200000,-66.091272,-66.086565,-66.091733
877.250000,-66.091319,-66.086612,-66.091780
877.300000,-66.091366,-66.086660,-66.091827
877.350000,-66.091413,-66.086707,-66.091874
877.400000,-66.091460,-66.086754,-66.091921
877.450000,-66.091507,-66.086801,-66.091968
877.500000,-66.091554,-66.086847,-66.092014
877.550000,-66.091601,-66.086894,-66.092061
877.600000,-66.091647,-66.086941,-66.092108
877.650000,-66.091694,-66.086987,-66.092154
877.700000,-66.091740,-66.087034,-66.092201
877.750000,-66.091786,-66.087080,-66.092247
877.800000,-66.091833,-66.087127,-66.092293
877.850000,-66.091879,-66.087173,-66.092340
877.900000,-66.091925,-66.087219,-66.092386
877.950000,-66.091971,-66.087265,-66.092432
878.000000,-66.092017,-66.087311,-66.092478
878.050000,-66.092063,-66.087357,-66.092524
878.100000,-66.092109,-66.087403,-66.092569
878.150000,-66.092154,-66.087449,-66.092615
878.200000,-66.092200,-66.087494,-66.092661
878.250000,-66.092246,-66.087540,-66.092706
878.300000,-66.092291,-66.087585,-66.092752
878.350000,-66.092336,-66.087631,-66.092797
878.400000,-66.092382,-66.087676,-66.092842
878.450000,-66.092427,-66.087721,-66.092888
878.500000,-66.092472,-66.087766,-66.092933
878.550000,-66.092517,-66.087812,-66.092978
878.600000,-66.092562,-66.087857,-66.093023
878.650000,-66.092607,-66.087902,-66.093068
878.700000,-66.092652,-66.087946,-66.093112
878.750000,-66.092696,-66.087991,-66.093157
878.800000,-66.092741,-66.088036,-66.093202
878.850000,-66.092786,-66.088080,-66.093246
878.900000,-66.092830,-66.088125,-66.093291
878.950000,-66.092875,-66.088169,-66.093335
879.000000,-66.092919,-66.088214,-66.093380
879.050000,-66.092963,-66.088258,-66.093424
879.100000,-66.093007,-66.088302,-66.093468
879.150000,-66.093051,-66.088347,-66.093512
879.200000,-66.093095,-66.088391,-66.093556
879.250000,-66.093139,-66.088435,-66.093600
879.300000,-66.093183,-66.088478,-66.093644
879.350000,-66.093227,-66.088522,-66.093688
879.400000,-66.093271,-66.088566,-66.093732
879.450000,-66.093314,-66.088610,-66.093775
879.500000,-66.093358,-66.088653,-66.093819
879.550000,-66.093401,-66.088697,-66.093862
879.600000,-66.093445,-66.088740,-66.093906
879.650000,-66.093488,-66.088784,-66.093949
879.700000,-66.093531,-66.088827,-66.093992
879.750000,-66.093574,-66.088870,-66.094035
879.800000,-66.093617,-66.088913,-66.094078
879.850000,-66.093660,-66.088956,-66.094121
879.900000,-66.093703,-66.088999,-66.094164
879.950000,-66.093746,-66.089042,-66.094207
880.000000,-66.093789,-66.089085,-66.094250
880.050000,-66.093832,-66.089128,-66.094293
880.100000,-66.093874,-66.089170,-66.094335
880.150000,-66.093917,-66.089213,-66.094378
880.200000,-66.093959,-66.089256,-66.094420
880.250000,-66.094002,-66.089298,-66.094463
880.300000,-66.094044,-66.089340,-66.094505
880.350000,-66.094086,-66.089383,-66.094547
880.400000,-66.094128,-66.089425,-66.094589
880.450000,-66.094171,-66.089467,-66.094632
880.500000,-66.094213,-66.089509,-66.094674
880.550000,-66.094255,-66.089551,-66.094716
880.600000,-66.094296,-66.089593,-66.094757
880.650000,-66.094338,-66.089635,-66.094799
880.700000,-66.094380,-66.089677,-66.094841
880.750000,-66.094422,-66.089718,-66.094883
880.800000,-66.094463,-66.089760,-66.094924
880.850000,-66.094505,-66.089801,-66.094966
880.900000,-66.094546,-66.089843,-66.095007
880.950000,-66.094587,-66.089884,-66.095048
881.000000,-66.094629,-66.089926,-66.095090
881.050000,-66.094670,-66.089967,-66.095131
881.100000,-66.094711,-66.090008,-66.095172
881.150000,-66.094752,-66.090049,-66.095213
881.200000,-66.094793,-66.090090,-66.095254
881.250000,-66.094834,-66.090131,-66.095295
881.300000,-66.094875,-66.090172,-66.095336
881.350000,-66.094915,-66.090213,-66.095377
881.400000,-66.094956,-66.090253,-66.095417
881.450000,-66.094997,-66.090294,-66.095458
881.500000,-66.095037,-66.090335,-66.095498
881.550000,-66.095078,-66.090375,-66.095539
881.600000,-66.095118,-66.090416,-66.095579
881.650000,-66.095159,-66.090456,-66.095620
881.700000,-66.095199,-66.090496,-66.095660
881.750000,-66.095239,-66.090537,-66.095700
881.800000,-66.095279,-66.090577,-66.095740
881.850000,-66.095319,-66.090617,-66.095780
881.900000,-66.095359,-66.090657,-66.095820
881.950000,-66.095399,-66.090697,-66.095860
882.000000,-66.095439,-66.090737,-66.095900
882.050000,-66.095479,-66.090776,-66.095940
882.100000,-66.095518,-66.090816,-66.095979
882.150000,-66.095558,-66.090856,-66.096019
882.200000,-66.095597,-66.090895,-66.096059
882.250000,-66.095637,-66.090935,-66.096098
882.300000,-66.095676,-66.090974,-66.096137
882.350000,-66.095716,-66.091014,-66.096177
882.400000,-66.095755,-66.091053,-66.096216
882.450000,-66.095794,-66.091092,-66.096255
882.500000,-66.095833,-66.091131,-66.096294
882.550000,-66.095872,-66.091171,-66.096333
882.600000,-66.095911,-66.091210,-66.096372
882.650000,-66.095950,-66.091248,-66.096411
882.700000,-66.095989,-66.091287,-66.096450
882.750000,-66.096028,-66.091326,-66.096489
882.800000,-66.096066,-66.091365,-66.096528
882.850000,-66.096105,-66.091404,-66.096566
882.900000,-66.096144,-66.091442,-66.096605
882.950000,-66.096182,-66.091481,-66.096643
883.000000,-66.096221,-66.091519,-66.096682
883.050000,-66.096259,-66.091558,-66.096720
883.100000,-66.096297,-66.091596,-66.096758
883.150000,-66.096335,-66.091634,-66.096797
883.200000,-66.096374,-66.091672,-66.096835
883.250000,-66.096412,-66.091711,-66.096873
883.300000,-66.096450,-66.091749,-66.096911
883.350000,-66.096488,-66.091787,-66.096949
883.400000,-66.096525,-66.091825,-66.096987
883.450000,-66.096563,-66.091862,-66.097025
883.500000,-66.096601,-66.091900,-66.097062
883.550000,-66.096639,-66.091938,-66.097100
883.600000,-66.096676,-66.091976,-66.097138
883.650000,-66.096714,-66.092013,-66.097175
883.700000,-66.096751,-66.092051,-66.097213
883.750000,-66.096789,-66.092088,-66.097250
883.800000,-66.096826,-66.092125,-66.097288
883.850000,-66.096863,-66.092163,-66.097325
883.900000,-66.096901,-66.092200,-66.097362
883.950000,-66.096938,-66.092237,-66.097399
884.000000,-66.096975,-66.092274,-66.097436
884.050000,-66.097012,-66.092311,-66.097473
884.100000,-66.097049,-66.092348,-66.097510
884.150000,-66.097086,-66.092385,-66.097547
884.200000,-66.097122,-66.092422,-66.097584
884.250000,-66.097159,-66.092459,-66.097621
884.300000,-66.097196,-66.092496,-66.097657
884.350000,-66.097233,-66.092532,-66.097694
884.400000,-66.097269,-66.092569,-66.097731
884.450000,-66.097306,-66.092605,-66.097767
884.500000,-66.097342,-66.092642,-66.097804
884.550000,-66.097378,-66.092678,-66.097840
884.600000,-66.097415,-66.092715,-66.097876
884.650000,-66.097451,-66.092751,-66.097912
884.700000,-66.097487,-66.092787,-66.097949
884.750000,-66.097523,-66.092823,-66.097985
884.800000,-66.097559,-66.092859,-66.098021
884.850000,-66.097595,-66.092895,-66.098057
884.900000,-66.097631,-66.092931,-66.098093
884.950000,-66.097667,-66.092967,-66.098128
885.000000,-66.097703,-66.093003,-66.098164
885.050000,-66.097738,-66.093039,-66.098200
885.100000,-66.097774,-66.093075,-66.098236
885.150000,-66.097810,-66.093110,-66.098271
885.200000,-66.097845,-66.093146,-66.098307
885.250000,-66.097881,-66.093181,-66.098342
885.300000,-66.097916,-66.093217,-66.098378
885.350000,-66.097951,-66.093252,-66.098413
885.400000,-66.097987,-66.093287,-66.098448
885.450000,-66.098022,-66.093323,-66.098483
885.500000,-66.098057,-66.093358,-66.098519
885.550000,-66.098092,-66.093393,-66.098554
885.600000,-66.098127,-66.093428,-66.098589
885.650000,-66.098162,-66.093463,-66.098624
885.700000,-66.098197,-66.093498,-66.098659
885.750000,-66.098232,-66.093533,-66.098693
885.800000,-66.098267,-66.093568,-66.098728
885.850000,-66.098301,-66.093602,-66.098763
885.900000,-66.098336,-66.093637,-66.098798
885.950000,-66.098371,-66.093672,-66.098832
886.000000,-66.098405,-66.093706,-66.098867
886.050000,-66.098440,-66.093741,-66.098901
886.100000,-66.098474,-66.093775,-66.098936
886.150000,-66.098508,-66.093810,-66.098970
886.200000,-66.098543,-66.093844,-66.099004
886.250000,-66.098577,-66.093878,-66.099038
886.300000,-66.098611,-66.093912,-66.099073
886.350000,-66.098645,-66.093946,-66.099107
886.400000,-66.098679,-66.093981,-66.099141
886.450000,-66.098713,-66.094015,-66.099175
886.500000,-66.098747,-66.094048,-66.099209
886.550000,-66.098781,-66.094082,-66.099243
886.600000,-66.098815,-66.094116,-66.099276
886.650000,-66.098848,-66.094150,-66.099310
886.700000,-66.098882,-66.094184,-66.099344
886.750000,-66.098916,-66.094217,-66.099377
886.800000,-66.098949,-66.094251,-66.099411
886.850000,-66.098983,-66.094284,-66.099444
886.900000,-66.099016,-66.094318,-66.099478
886.950000,-66.099049,-66.094351,-66.099511
887.000000,-66.099083,-66.094385,-66.099545
887.050000,-66.099116,-66.094418,-66.099578
887.100000,-66.099149,-66.094451,-66.099611
887.150000,-66.099182,-66.094484,-66.099644
887.200000,-66.099215,-66.094518,-66.099677
887.250000,-66.099249,-66.094551,-66.099710
887.300000,-66.099281,-66.094584,-66.099743
887.350000,-66.099314,-66.094617,-66.099776
887.400000,-66.099347,-66.094649,-66.099809
887.450000,-66.099380,-66.094682,-66.099842
887.500000,-66.099413,-66.094715,-66.099875
887.550000,-66.099445,-66.094748,-66.099907
887.600000,-66.099478,-66.094780,-66.099940
887.650000,-66.099511,-66.094813,-66.099972
887.700000,-66.099543,-66.094845,-66.100005
887.750000,-66.099576,-66.094878,-66.100037
887.800000,-66.099608,-66.094910,-66.100070
887.850000,-66.099640,-66.094943,-66.100102
887.900000,-66.099672,-66.094975,-66.100134
887.950000,-66.099705,-66.095007,-66.100167
888.000000,-66.099737,-66.095039,-66.100199
888.050000,-66.099769,-66.095072,-66.100231
888.100000,-66.099801,-66.095104,-66.100263
888.150000,-66.099833,-66.095136,-66.100295
888.200000,-66.099865,-66.095168,-66.100327
888.250000,-66.099897,-66.095200,-66.100359
888.300000,-66.099929,-66.095231,-66.100391
888.350000,-66.099960,-66.095263,-66.100422
888.400000,-66.099992,-66.095295,-66.100454
888.450000,-66.100024,-66.095327,-66.100486
888.500000,-66.100055,-66.095358,-66.100517
888.550000,-66.100087,-66.095390,-66.100549
888.600000,-66.100118,-66.095421,-66.100580
888.650000,-66.100150,-66.095453,-66.100612
888.700000,-66.100181,-66.095484,-66.100643
888.750000,-66.100212,-66.095515,-66.100674
888.800000,-66.100244,-66.095547,-66.100706
888.850000,-66.100275,-66.095578,-66.100737
888.900000,-66.100306,-66.095609,-66.100768
888.950000,-66.100337,-66.095640,-66.100799
889.000000,-66.100368,-66.095671,-66.100830
889.050000,-66.100399,-66.095702,-66.100861
889.100000,-66.100430,-66.095733,-66.100892
889.150000,-66.100461,-66.095764,-66.100923
889.200000,-66.100492,-66.095795,-66.100954
889.250000,-66.100522,-66.095826,-66.100984
889.300000,-66.100553,-66.095856,-66.101015
889.350000,-66.100584,-66.095887,-66.101046
889.400000,-66.100614,-66.095918,-66.101076
889.450000,-66.100645,-66.095948,-66.101107
889.500000,-66.100675,-66.095979,-66.101137
889.550000,-66.100706,-66.096009,-66.101168
889.600000,-66.100736,-66.096040,-66.101198
889.650000,-66.100766,-66.096070,-66.101228
889.700000,-66.100797,-66.096100,-66.101259
889.750000,-66.100827,-66.096131,-66.101289
889.800000,-66.100857,-66.096161,-66.101319
889.850000,-66.100887,-66.096191,-66.101349
889.900000,-66.100917,-66.096221,-66.101379
889.950000,-66.100947,-66.096251,-66.101409
890.000000,-66.100977,-66.096281,-66.101439
890.050000,-66.101007,-66.096311,-66.101469
890.100000,-66.101037,-66.096341,-66.101499
890.150000,-66.101067,-66.096371,-66.101529
890.200000,-66.101096,-66.096400,-66.101558
890.250000,-66.101126,-66.096430,-66.101588
890.300000,-66.101156,-66.096460,-66.101618
890.350000,-66.101185,-66.096489,-66.101647
890.400000,-66.101215,-66.096519,-66.101677
890.450000,-66.101244,-66.096548,-66.101706
890.500000,-66.101273,-66.096578,-66.101736
890.550000,-66.101303,-66.096607,-66.101765
890.600000,-66.101332,-66.096637,-66.101794
890.650000,-66.101361,-66.096666,-66.101824
890.700000,-66.101391,-66.096695,-66.101853
890.750000,-66.101420,-66.096724,-66.101882
890.800000,-66.101449,-66.096753,-66.101911
890.850000,-66.101478,-66.096782,-66.101940
890.900000,-66.101507,-66.096811,-66.101969
890.950000,-66.101536,-66.096840,-66.101998
891.000000,-66.101565,-66.096869,-66.102027
891.050000,-66.101594,-66.096898,-66.102056
891.100000,-66.101622,-66.096927,-66.102085
891.150000,-66.101651,-66.096956,-66.102113
891.200000,-66.101680,-66.096985,-66.102142
891.250000,-66.101708,-66.097013,-66.102171
891.300000,-66.101737,-66.097042,-66.102199
891.350000,-66.101766,-66.097070,-66.102228
891.400000,-66.101794,-66.097099,-66.102256
891.450000,-66.101822,-66.097127,-66.102285
891.500000,-66.101851,-66.097156,-66.102313
891.550000,-66.101879,-66.097184,-66.102342
891.600000,-66.101907,-66.097213,-66.102370
891.650000,-66.101936,-66.097241,-66.102398
891.700000,-66.101964,-66.097269,-66.102426
891.750000,-66.101992,-66.097297,-66.102454
891.800000,-66.102020,-66.097325,-66.102482
891.850000,-66.102048,-66.097353,-66.102510
891.900000,-66.102076,-66.097381,-66.102538
891.950000,-66.102104,-66.097409,-66.102566
892.000000,-66.102132,-66.097437,-66.102594
892.050000,-66.102160,-66.097465,-66.102622
892.100000,-66.102188,-66.097493,-66.102650
892.150000,-66.102215,-66.097521,-66.102678
892.200000,-66.102243,-66.097548,-66.102705
892.250000,-66.102271,-66.097576,-66.102733
892.300000,-66.102298,-66.097604,-66.102761
892.350000,-66.102326,-66.097631,-66.102788
892.400000,-66.102353,-66.097659,-66.102816
892.450000,-66.102381,-66.097686,-66.102843
892.500000,-66.102408,-66.097714,-66.102870
892.550000,-66.102435,-66.097741,-66.102898
892.600000,-66.102463,-66.097768,-66.102925
892.650000,-66.102490,-66.097796,-66.102952
892.700000,-66.102517,-66.097823,-66.102980
892.750000,-66.102544,-66.097850,-66.103007
892.800000,-66.102571,-66.097877,-66.103034
892.850000,-66.102598,-66.097904,-66.103061
892.900000,-66.102625,-66.097931,-66.103088
892.950000,-66.102652,-66.097958,-66.103115
893.000000,-66.102679,-66.097985,-66.103142
893.050000,-66.102706,-66.098012,-66.103169
893.100000,-66.102733,-66.098039,-66.103195
893.150000,-66.102760,-66.098066,-66.103222
893.200000,-66.102786,-66.098092,-66.103249
893.250000,-66.102813,-66.098119,-66.103276
893.300000,-66.102840,-66.098146,-66.103302
893.350000,-66.102866,-66.098172,-66.103329
893.400000,-66.102893,-66.098199,-66.103355
893.450000,-66.102919,-66.098225,-66.103382
893.500000,-66.102946,-66.098252,-66.103408
893.550000,-66.102972,-66.098278,-66.103435
893.600000,-66.102998,-66.098305,-66.103461
893.650000,-66.103025,-66.098331,-66.103487
893.700000,-66.103051,-66.098357,-66.103514
893.750000,-66.103077,-66.098384,-66.103540
893.800000,-66.103103,-66.098410,-66.103566
893.850000,-66.103129,-66.098436,-66.103592
893.900000,-66.103156,-66.098462,-66.103618
893.950000,-66.103182,-66.098488,-66.103644
894.000000,-66.103208,-66.098514,-66.103670
894.050000,-66.103233,-66.098540,-66.103696
894.100000,-66.103259,-66.098566,-66.103722
894.150000,-66.103285,-66.098592,-66.103748
894.200000,-66.103311,-66.098618,-66.103774
894.250000,-66.103337,-66.098643,-66.103799
894.300000,-66.103362,-66.098669,-66.103825
894.350000,-66.103388,-66.098695,-66.103851
894.400000,-66.103414,-66.098720,-66.103876
894.450000,-66.103439,-66.098746,-66.103902
894.500000,-66.103465,-66.098771,-66.103927
894.550000,-66.103490,-66.098797,-66.103953
894.600000,-66.103516,-66.098822,-66.103978
894.650000,-66.103541,-66.098848,-66.104004
894.700000,-66.103566,-66.098873,-66.104029
894.750000,-66.103592,-66.098898,-66.104054
894.800000,-66.103617,-66.098924,-66.104079
894.850000,-66.103642,-66.098949,-66.104105
894.900000,-66.103667,-66.098974,-66.104130
894.950000,-66.103692,-66.098999,-66.104155
895.000000,-66.103717,-66.099024,-66.104180
895.050000,-66.103742,-66.099049,-66.104205
895.100000,-66.103767,-66.099074,-66.104230
895.150000,-66.103792,-66.099099,-66.104255
895.200000,-66.103817,-66.099124,-66.104280
895.250000,-66.103842,-66.099149,-66.104305
895.300000,-66.103867,-66.099174,-66.104329
895.350000,-66.103891,-66.099199,-66.104354
895.400000,-66.103916,-66.099223,-66.104379
895.450000,-66.103941,-66.099248,-66.104404
895.500000,-66.103965,-66.099273,-66.104428
895.550000,-66.103990,-66.099297,-66.104453
895.600000,-66.104015,-66.099322,-66.104477
895.650000,-66.104039,-66.099346,-66.104502
895.700000,-66.104064,-66.099371,-66.104526
895.750000,-66.104088,-66.099395,-66.104551
895.800000,-66.104112,-66.099420,-66.104575
895.850000,-66.104137,-66.099444,-66.104599
895.900000,-66.104161,-66.099468,-66.104624
895.950000,-66.104185,-66.099493,-66.104648
896.000000,-66.104209,-66.099517,-66.104672
896.050000,-66.104233,-66.099541,-66.104696
896.100000,-66.104258,-66.099565,-66.104720
896.150000,-66.104282,-66.099589,-66.104744
896.200000,-66.104306,-66.099613,-66.104768
896.250000,-66.104330,-66.099637,-66.104792
896.300000,-66.104354,-66.099661,-66.104816
896.350000,-66.104377,-66.099685,-66.104840
896.400000,-66.104401,-66.099709,-66.104864
896.450000,-66.104425,-66.099733,-66.104888
896.500000,-66.104449,-66.099757,-66.104912
896.550000,-66.104473,-66.099780,-66.104935
896.600000,-66.104496,-66.099804,-66.104959
896.650000,-66.104520,-66.099828,-66.104983
896.700000,-66.104543,-66.099851,-66.105006
896.750000,-66.104567,-66.099875,-66.105030
896.800000,-66.104590,-66.099898,-66.105053
896.850000,-66.104614,-66.099922,-66.105077
896.900000,-66.104637,-66.099945,-66.105100
896.950000,-66.104661,-66.099969,-66.105124
897.000000,-66.104684,-66.099992,-66.105147
897.050000,-66.104707,-66.100015,-66.105170
897.100000,-66.104731,-66.100039,-66.105194
897.150000,-66.104754,-66.100062,-66.105217
897.200000,-66.104777,-66.100085,-66.105240
897.250000,-66.104800,-66.100108,-66.105263
897.300000,-66.104823,-66.100132,-66.105286
897.350000,-66.104846,-66.100155,-66.105309
897.400000,-66.104869,-66.100178,-66.105332
897.450000,-66.104892,-66.100201,-66.105355
897.500000,-66.104915,-66.100224,-66.105378
897.550000,-66.104938,-66.100246,-66.105401
897.600000,-66.104961,-66.100269,-66.105424
897.650000,-66.104984,-66.100292,-66.105447
897.700000,-66.105007,-66.100315,-66.105469
897.750000,-66.105029,-66.100338,-66.105492
897.800000,-66.105052,-66.100360,-66.105515
897.850000,-66.105075,-66.100383,-66.105538
897.900000,-66.105097,-66.100406,-66.105560
897.950000,-66.105120,-66.100428,-66.105583
898.000000,-66.105142,-66.100451,-66.105605
898.050000,-66.105165,-66.100473,-66.105628
898.100000,-66.105187,-66.100496,-66.105650
898.150000,-66.105210,-66.100518,-66.105673
898.200000,-66.105232,-66.100541,-66.105695
898.250000,-66.105254,-66.100563,-66.105717
898.300000,-66.105277,-66.100585,-66.105740
898.350000,-66.105299,-66.100608,-66.105762
898.400000,-66.105321,-66.100630,-66.105784
898.450000,-66.105343,-66.100652,-66.105806
898.500000,-66.105365,-66.100674,-66.105828
898.550000,-66.105388,-66.100696,-66.105850
898.600000,-66.105410,-66.100718,-66.105873
898.650000,-66.105432,-66.100740,-66.105895
898.700000,-66.105454,-66.100762,-66.105917
898.750000,-66.105476,-66.100784,-66.105938
898.800000,-66.105497,-66.100806,-66.105960
898.850000,-66.105519,-66.100828,-66.105982
898.900000,-66.105541,-66.100850,-66.106004
898.950000,-66.105563,-66.100872,-66.106026
899.000000,-66.105585,-66.100894,-66.106048
899.050000,-66.105606,-66.100915,-66.106069
899.100000,-66.105628,-66.100937,-66.106091
899.150000,-66.105650,-66.100959,-66.106113
899.200000,-66.105671,-66.100980,-66.106134
899.250000,-66.105693,-66.101002,-66.106156
899.300000,-66.105714,-66.101023,-66.106177
899.350000,-66.105736,-66.101045,-66.106199
899.400000,-66.105757,-66.101066,-66.106220
899.450000,-66.105779,-66.101088,-66.106242
899.500000,-66.105800,-66.101109,-66.106263
899.550000,-66.105821,-66.101131,-66.106284
899.600000,-66.105843,-66.101152,-66.106306
899.650000,-66.105864,-66.101173,-66.106327
899.700000,-66.105885,-66.101194,-66.106348
899.750000,-66.105906,-66.101216,-66.106369
899.800000,-66.105927,-66.101237,-66.106390
899.850000,-66.105948,-66.101258,-66.106411
899.900000,-66.105969,-66.101279,-66.106433
899.950000,-66.105990,-66.101300,-66.106454
900.000000,-66.106011,-66.101321,-66.106475
