0.000000	-72.800000
0.025000	-72.800000
0.050000	-72.800000
0.075000	-72.800000
0.100000	-72.800000
0.125000	-72.800000
0.150000	-72.800000
0.175000	-72.800000
0.200000	-72.800000
0.225000	-72.800000
0.250000	-72.800000
0.275000	-72.800000
0.300000	-72.800000
0.325000	-72.800000
0.350000	-72.800000
0.375000	-72.800000
0.400000	-72.800000
0.425000	-72.800000
0.450000	-72.800000
0.475000	-72.800000
0.500000	-72.800000
0.525000	-72.800000
0.550000	-72.800000
0.575000	-72.800000
0.600000	-72.800000
0.625000	-72.800000
0.650000	-72.800000
0.675000	-72.800000
0.700000	-72.800000
0.725000	-72.800000
0.750000	-72.800000
0.775000	-72.800000
0.800000	-72.800000
0.825000	-72.800000
0.850000	-72.800000
0.875000	-72.800000
0.900000	-72.800000
0.925000	-72.800000
0.950000	-72.800000
0.975000	-72.800000
1.000000	-72.800000
1.025000	-72.800000
1.050000	-72.800000
1.075000	-72.800000
1.100000	-72.800000
1.125000	-72.800000
1.150000	-72.800000
1.175000	-72.800000
1.200000	-72.800000
1.225000	-72.800000
1.250000	-72.800000
1.275000	-72.800000
1.300000	-72.800000
1.325000	-72.800000
1.350000	-72.800000
1.375000	-72.800000
1.400000	-72.800000
1.425000	-72.800000
1.450000	-72.800000
1.475000	-72.800000
1.500000	-72.800000
1.525000	-72.800000
1.550000	-72.800000
1.575000	-72.800000
1.600000	-72.800000
1.625000	-72.800000
1.650000	-72.800000
1.675000	-72.800000
1.700000	-72.800000
1.725000	-72.800000
1.750000	-72.800000
1.775000	-72.800000
1.800000	-72.800000
1.825000	-72.800000
1.850000	-72.800000
1.875000	-72.800000
1.900000	-72.800000
1.925000	-72.800000
1.950000	-72.800000
1.975000	-72.800000
2.000000	-72.800000
2.025000	-72.800000
2.050000	-72.800000
2.075000	-72.800000
2.100000	-72.800000
2.125000	-72.800000
2.150000	-72.800000
2.175000	-72.800000
2.200000	-72.800000
2.225000	-72.800000
2.250000	-72.800000
2.275000	-72.800000
2.300000	-72.800000
2.325000	-72.800000
2.350000	-72.800000
2.375000	-72.800000
2.400000	-72.800000
2.425000	-72.800000
2.450000	-72.800000
2.475000	-72.800000
2.500000	-72.800000
2.525000	-72.800000
2.550000	-72.800000
2.575000	-72.800000
2.600000	-72.800000
2.625000	-72.800000
2.650000	-72.800000
2.675000	-72.800000
2.700000	-72.800000
2.725000	-72.800000
2.750000	-72.800000
2.775000	-72.800000
2.800000	-72.800000
2.825000	-72.800000
2.850000	-72.800000
2.875000	-72.800000
2.900000	-72.800000
2.925000	-72.800000
2.950000	-72.800000
2.975000	-72.800000
3.000000	-72.800000
3.025000	-72.800000
3.050000	-72.800000
3.075000	-72.800000
3.100000	-72.800000
3.125000	-72.800000
3.150000	-72.800000
3.175000	-72.800000
3.200000	-72.800000
3.225000	-72.800000
3.250000	-72.800000
3.275000	-72.800000
3.300000	-72.800000
3.325000	-72.800000
3.350000	-72.800000
3.375000	-72.800000
3.400000	-72.800000
3.425000	-72.800000
3.450000	-72.800000
3.475000	-72.800000
3.500000	-72.800000
3.525000	-72.800000
3.550000	-72.800000
3.575000	-72.800000
3.600000	-72.800000
3.625000	-72.800000
3.650000	-72.800000
3.675000	-72.800000
3.700000	-72.800000
3.725000	-72.800000
3.750000	-72.800000
3.775000	-72.800000
3.800000	-72.800000
3.825000	-72.800000
3.850000	-72.800000
3.875000	-72.800000
3.900000	-72.800000
3.925000	-72.800000
3.950000	-72.800000
3.975000	-72.800000
4.000000	-72.800000
4.025000	-72.800000
4.050000	-72.800000
4.075000	-72.800000
4.100000	-72.800000
4.125000	-72.800000
4.150000	-72.800000
4.175000	-72.800000
4.200000	-72.800000
4.225000	-72.800000
4.250000	-72.800000
4.275000	-72.800000
4.300000	-72.800000
4.325000	-72.800000
4.350000	-72.800000
4.375000	-72.800000
4.400000	-72.800000
4.425000	-72.800000
4.450000	-72.800000
4.475000	-72.800000
4.500000	-72.800000
4.525000	-72.800000
4.550000	-72.800000
4.575000	-72.800000
4.600000	-72.800000
4.625000	-72.800000
4.650000	-72.800000
4.675000	-72.800000
4.700000	-72.800000
4.725000	-72.800000
4.750000	-72.800000
4.775000	-72.800000
4.800000	-72.800000
4.825000	-72.800000
4.850000	-72.800000
4.875000	-72.800000
4.900000	-72.800000
4.925000	-72.800000
4.950000	-72.800000
4.975000	-72.800000
5.000000	-72.800000
5.025000	-72.800000
5.050000	-72.800000
5.075000	-72.800000
5.100000	-72.800000
5.125000	-72.800000
5.150000	-72.800000
5.175000	-72.800000
5.200000	-72.800000
5.225000	-72.800000
5.250000	-72.800000
5.275000	-72.800000
5.300000	-72.800000
5.325000	-72.800000
5.350000	-72.800000
5.375000	-72.800000
5.400000	-72.800000
5.425000	-72.800000
5.450000	-72.800000
5.475000	-72.800000
5.500000	-72.800000
5.525000	-72.800000
5.550000	-72.800000
5.575000	-72.800000
5.600000	-72.800000
5.625000	-72.800000
5.650000	-72.800000
5.675000	-72.800000
5.700000	-72.800000
5.725000	-72.800000
5.750000	-72.800000
5.775000	-72.800000
5.800000	-72.800000
5.825000	-72.800000
5.850000	-72.800000
5.875000	-72.800000
5.900000	-72.800000
5.925000	-72.800000
5.950000	-72.800000
5.975000	-72.800000
6.000000	-72.800000
6.025000	-72.800000
6.050000	-72.800000
6.075000	-72.800000
6.100000	-72.800000
6.125000	-72.800000
6.150000	-72.800000
6.175000	-72.800000
6.200000	-72.800000
6.225000	-72.800000
6.250000	-72.800000
6.275000	-72.800000
6.300000	-72.800000
6.325000	-72.800000
6.350000	-72.800000
6.375000	-72.800000
6.400000	-72.800000
6.425000	-72.800000
6.450000	-72.800000
6.475000	-72.800000
6.500000	-72.800000
6.525000	-72.800000
6.550000	-72.800000
6.575000	-72.800000
6.600000	-72.800000
6.625000	-72.800000
6.650000	-72.800000
6.675000	-72.800000
6.700000	-72.800000
6.725000	-72.800000
6.750000	-72.800000
6.775000	-72.800000
6.800000	-72.800000
6.825000	-72.800000
6.850000	-72.800000
6.875000	-72.800000
6.900000	-72.800000
6.925000	-72.800000
6.950000	-72.800000
6.975000	-72.800000
7.000000	-72.800000
7.025000	-72.800000
7.050000	-72.800000
7.075000	-72.800000
7.100000	-72.800000
7.125000	-72.800000
7.150000	-72.800000
7.175000	-72.800000
7.200000	-72.800000
7.225000	-72.800000
7.250000	-72.800000
7.275000	-72.800000
7.300000	-72.800000
7.325000	-72.800000
7.350000	-72.800000
7.375000	-72.800000
7.400000	-72.800000
7.425000	-72.800000
7.450000	-72.800000
7.475000	-72.800000
7.500000	-72.800000
7.525000	-72.800000
7.550000	-72.800000
7.575000	-72.800000
7.600000	-72.800000
7.625000	-72.800000
7.650000	-72.800000
7.675000	-72.800000
7.700000	-72.800000
7.725000	-72.800000
7.750000	-72.800000
7.775000	-72.800000
7.800000	-72.800000
7.825000	-72.800000
7.850000	-72.800000
7.875000	-72.800000
7.900000	-72.800000
7.925000	-72.800000
7.950000	-72.800000
7.975000	-72.800000
8.000000	-72.800000
8.025000	-72.800000
8.050000	-72.800000
8.075000	-72.800000
8.100000	-72.800000
8.125000	-72.800000
8.150000	-72.800000
8.175000	-72.800000
8.200000	-72.800000
8.225000	-72.800000
8.250000	-72.800000
8.275000	-72.800000
8.300000	-72.800000
8.325000	-72.800000
8.350000	-72.800000
8.375000	-72.800000
8.400000	-72.800000
8.425000	-72.800000
8.450000	-72.800000
8.475000	-72.800000
8.500000	-72.800000
8.525000	-72.800000
8.550000	-72.800000
8.575000	-72.800000
8.600000	-72.800000
8.625000	-72.800000
8.650000	-72.800000
8.675000	-72.800000
8.700000	-72.800000
8.725000	-72.800000
8.750000	-72.800000
8.775000	-72.800000
8.800000	-72.800000
8.825000	-72.800000
8.850000	-72.800000
8.875000	-72.800000
8.900000	-72.800000
8.925000	-72.800000
8.950000	-72.800000
8.975000	-72.800000
9.000000	-72.800000
9.025000	-72.800000
9.050000	-72.800000
9.075000	-72.800000
9.100000	-72.800000
9.125000	-72.800000
9.150000	-72.800000
9.175000	-72.800000
9.200000	-72.800000
9.225000	-72.800000
9.250000	-72.800000
9.275000	-72.800000
9.300000	-72.800000
9.325000	-72.800000
9.350000	-72.800000
9.375000	-72.800000
9.400000	-72.800000
9.425000	-72.800000
9.450000	-72.800000
9.475000	-72.800000
9.500000	-72.800000
9.525000	-72.800000
9.550000	-72.800000
9.575000	-72.800000
9.600000	-72.800000
9.625000	-72.800000
9.650000	-72.800000
9.675000	-72.800000
9.700000	-72.800000
9.725000	-72.800000
9.750000	-72.800000
9.775000	-72.800000
9.800000	-72.800000
9.825000	-72.800000
9.850000	-72.800000
9.875000	-72.800000
9.900000	-72.800000
9.925000	-72.800000
9.950000	-72.800000
9.975000	-72.800000
10.000000	-72.800000
10.025000	-72.800000
10.050000	-72.800000
10.075000	-72.800000
10.100000	-72.800000
10.125000	-72.800000
10.150000	-72.800000
10.175000	-72.800000
10.200000	-72.800000
10.225000	-72.800000
10.250000	-72.800000
10.275000	-72.800000
10.300000	-72.800000
10.325000	-72.800000
10.350000	-72.800000
10.375000	-72.800000
10.400000	-72.800000
10.425000	-72.800000
10.450000	-72.800000
10.475000	-72.800000
10.500000	-72.800000
10.525000	-72.800000
10.550000	-72.800000
10.575000	-72.800000
10.600000	-72.800000
10.625000	-72.800000
10.650000	-72.800000
10.675000	-72.800000
10.700000	-72.800000
10.725000	-72.800000
10.750000	-72.800000
10.775000	-72.800000
10.800000	-72.800000
10.825000	-72.800000
10.850000	-72.800000
10.875000	-72.800000
10.900000	-72.800000
10.925000	-72.800000
10.950000	-72.800000
10.975000	-72.800000
11.000000	-72.800000
11.025000	-72.800000
11.050000	-72.800000
11.075000	-72.800000
11.100000	-72.800000
11.125000	-72.800000
11.150000	-72.800000
11.175000	-72.800000
11.200000	-72.800000
11.225000	-72.800000
11.250000	-72.800000
11.275000	-72.800000
11.300000	-72.800000
11.325000	-72.800000
11.350000	-72.800000
11.375000	-72.800000
11.400000	-72.800000
11.425000	-72.800000
11.450000	-72.800000
11.475000	-72.800000
11.500000	-72.800000
11.525000	-72.800000
11.550000	-72.800000
11.575000	-72.800000
11.600000	-72.800000
11.625000	-72.800000
11.650000	-72.800000
11.675000	-72.800000
11.700000	-72.800000
11.725000	-72.800000
11.750000	-72.800000
11.775000	-72.800000
11.800000	-72.800000
11.825000	-72.800000
11.850000	-72.800000
11.875000	-72.800000
11.900000	-72.800000
11.925000	-72.800000
11.950000	-72.800000
11.975000	-72.800000
12.000000	-72.800000
12.025000	-72.800000
12.050000	-72.800000
12.075000	-72.800000
12.100000	-72.800000
12.125000	-72.800000
12.150000	-72.800000
12.175000	-72.800000
12.200000	-72.800000
12.225000	-72.800000
12.250000	-72.800000
12.275000	-72.800000
12.300000	-72.800000
12.325000	-72.800000
12.350000	-72.800000
12.375000	-72.800000
12.400000	-72.800000
12.425000	-72.800000
12.450000	-72.800000
12.475000	-72.800000
12.500000	-72.800000
12.525000	-72.800000
12.550000	-72.800000
12.575000	-72.800000
12.600000	-72.800000
12.625000	-72.800000
12.650000	-72.800000
12.675000	-72.800000
12.700000	-72.800000
12.725000	-72.800000
12.750000	-72.800000
12.775000	-72.800000
12.800000	-72.800000
12.825000	-72.800000
12.850000	-72.800000
12.875000	-72.800000
12.900000	-72.800000
12.925000	-72.800000
12.950000	-72.800000
12.975000	-72.800000
13.000000	-72.800000
13.025000	-72.800000
13.050000	-72.800000
13.075000	-72.800000
13.100000	-72.800000
13.125000	-72.800000
13.150000	-72.800000
13.175000	-72.800000
13.200000	-72.800000
13.225000	-72.800000
13.250000	-72.800000
13.275000	-72.800000
13.300000	-72.800000
13.325000	-72.800000
13.350000	-72.800000
13.375000	-72.800000
13.400000	-72.800000
13.425000	-72.800000
13.450000	-72.800000
13.475000	-72.800000
13.500000	-72.800000
13.525000	-72.800000
13.550000	-72.800000
13.575000	-72.800000
13.600000	-72.800000
13.625000	-72.800000
13.650000	-72.800000
13.675000	-72.800000
13.700000	-72.800000
13.725000	-72.800000
13.750000	-72.800000
13.775000	-72.800000
13.800000	-72.800000
13.825000	-72.800000
13.850000	-72.800000
13.875000	-72.800000
13.900000	-72.800000
13.925000	-72.800000
13.950000	-72.800000
13.975000	-72.800000
14.000000	-72.800000
14.025000	-72.800000
14.050000	-72.800000
14.075000	-72.800000
14.100000	-72.800000
14.125000	-72.800000
14.150000	-72.800000
14.175000	-72.800000
14.200000	-72.800000
14.225000	-72.800000
14.250000	-72.800000
14.275000	-72.800000
14.300000	-72.800000
14.325000	-72.800000
14.350000	-72.800000
14.375000	-72.800000
14.400000	-72.800000
14.425000	-72.800000
14.450000	-72.800000
14.475000	-72.800000
14.500000	-72.800000
14.525000	-72.800000
14.550000	-72.800000
14.575000	-72.800000
14.600000	-72.800000
14.625000	-72.800000
14.650000	-72.800000
14.675000	-72.800000
14.700000	-72.800000
14.725000	-72.800000
14.750000	-72.800000
14.775000	-72.800000
14.800000	-72.800000
14.825000	-72.800000
14.850000	-72.800000
14.875000	-72.800000
14.900000	-72.800000
14.925000	-72.800000
14.950000	-72.800000
14.975000	-72.800000
15.000000	-72.800000
15.025000	-72.800000
15.050000	-72.800000
15.075000	-72.800000
15.100000	-72.800000
15.125000	-72.800000
15.150000	-72.800000
15.175000	-72.800000
15.200000	-72.800000
15.225000	-72.800000
15.250000	-72.800000
15.275000	-72.800000
15.300000	-72.800000
15.325000	-72.800000
15.350000	-72.800000
15.375000	-72.800000
15.400000	-72.800000
15.425000	-72.800000
15.450000	-72.800000
15.475000	-72.800000
15.500000	-72.800000
15.525000	-72.800000
15.550000	-72.800000
15.575000	-72.800000
15.600000	-72.800000
15.625000	-72.800000
15.650000	-72.800000
15.675000	-72.800000
15.700000	-72.800000
15.725000	-72.800000
15.750000	-72.800000
15.775000	-72.800000
15.800000	-72.800000
15.825000	-72.800000
15.850000	-72.800000
15.875000	-72.800000
15.900000	-72.800000
15.925000	-72.800000
15.950000	-72.800000
15.975000	-72.800000
16.000000	-72.800000
16.025000	-72.800000
16.050000	-72.800000
16.075000	-72.800000
16.100000	-72.800000
16.125000	-72.800000
16.150000	-72.800000
16.175000	-72.800000
16.200000	-72.800000
16.225000	-72.800000
16.250000	-72.800000
16.275000	-72.800000
16.300000	-72.800000
16.325000	-72.800000
16.350000	-72.800000
16.375000	-72.800000
16.400000	-72.800000
16.425000	-72.800000
16.450000	-72.800000
16.475000	-72.800000
16.500000	-72.800000
16.525000	-72.800000
16.550000	-72.800000
16.575000	-72.800000
16.600000	-72.800000
16.625000	-72.800000
16.650000	-72.800000
16.675000	-72.800000
16.700000	-72.800000
16.725000	-72.800000
16.750000	-72.800000
16.775000	-72.800000
16.800000	-72.800000
16.825000	-72.800000
16.850000	-72.800000
16.875000	-72.800000
16.900000	-72.800000
16.925000	-72.800000
16.950000	-72.800000
16.975000	-72.800000
17.000000	-72.800000
17.025000	-72.800000
17.050000	-72.800000
17.075000	-72.800000
17.100000	-72.800000
17.125000	-72.800000
17.150000	-72.800000
17.175000	-72.800000
17.200000	-72.800000
17.225000	-72.800000
17.250000	-72.800000
17.275000	-72.800000
17.300000	-72.800000
17.325000	-72.800000
17.350000	-72.800000
17.375000	-72.800000
17.400000	-72.800000
17.425000	-72.800000
17.450000	-72.800000
17.475000	-72.800000
17.500000	-72.800000
17.525000	-72.800000
17.550000	-72.800000
17.575000	-72.800000
17.600000	-72.800000
17.625000	-72.800000
17.650000	-72.800000
17.675000	-72.800000
17.700000	-72.800000
17.725000	-72.800000
17.750000	-72.800000
17.775000	-72.800000
17.800000	-72.800000
17.825000	-72.800000
17.850000	-72.800000
17.875000	-72.800000
17.900000	-72.800000
17.925000	-72.800000
17.950000	-72.800000
17.975000	-72.800000
18.000000	-72.800000
18.025000	-72.800000
18.050000	-72.800000
18.075000	-72.800000
18.100000	-72.800000
18.125000	-72.800000
18.150000	-72.800000
18.175000	-72.800000
18.200000	-72.800000
18.225000	-72.800000
18.250000	-72.800000
18.275000	-72.800000
18.300000	-72.800000
18.325000	-72.800000
18.350000	-72.800000
18.375000	-72.800000
18.400000	-72.800000
18.425000	-72.800000
18.450000	-72.800000
18.475000	-72.800000
18.500000	-72.800000
18.525000	-72.800000
18.550000	-72.800000
18.575000	-72.800000
18.600000	-72.800000
18.625000	-72.800000
18.650000	-72.800000
18.675000	-72.800000
18.700000	-72.800000
18.725000	-72.800000
18.750000	-72.800000
18.775000	-72.800000
18.800000	-72.800000
18.825000	-72.800000
18.850000	-72.800000
18.875000	-72.800000
18.900000	-72.800000
18.925000	-72.800000
18.950000	-72.800000
18.975000	-72.800000
19.000000	-72.800000
19.025000	-72.800000
19.050000	-72.800000
19.075000	-72.800000
19.100000	-72.800000
19.125000	-72.800000
19.150000	-72.800000
19.175000	-72.800000
19.200000	-72.800000
19.225000	-72.800000
19.250000	-72.800000
19.275000	-72.800000
19.300000	-72.800000
19.325000	-72.800000
19.350000	-72.800000
19.375000	-72.800000
19.400000	-72.800000
19.425000	-72.800000
19.450000	-72.800000
19.475000	-72.800000
19.500000	-72.800000
19.525000	-72.800000
19.550000	-72.800000
19.575000	-72.800000
19.600000	-72.800000
19.625000	-72.800000
19.650000	-72.800000
19.675000	-72.800000
19.700000	-72.800000
19.725000	-72.800000
19.750000	-72.800000
19.775000	-72.800000
19.800000	-72.800000
19.825000	-72.800000
19.850000	-72.800000
19.875000	-72.800000
19.900000	-72.800000
19.925000	-72.800000
19.950000	-72.800000
19.975000	-72.800000
20.000000	-72.800000
20.025000	-72.800000
20.050000	-72.800000
20.075000	-72.800000
20.100000	-72.800000
20.125000	-72.800000
20.150000	-72.800000
20.175000	-72.800000
20.200000	-72.800000
20.225000	-72.800000
20.250000	-72.800000
20.275000	-72.800000
20.300000	-72.800000
20.325000	-72.800000
20.350000	-72.800000
20.375000	-72.800000
20.400000	-72.800000
20.425000	-72.800000
20.450000	-72.800000
20.475000	-72.800000
20.500000	-72.800000
20.525000	-72.800000
20.550000	-72.800000
20.575000	-72.800000
20.600000	-72.800000
20.625000	-72.800000
20.650000	-72.800000
20.675000	-72.800000
20.700000	-72.800000
20.725000	-72.800000
20.750000	-72.800000
20.775000	-72.800000
20.800000	-72.800000
20.825000	-72.800000
20.850000	-72.800000
20.875000	-72.800000
20.900000	-72.800000
20.925000	-72.800000
20.950000	-72.800000
20.975000	-72.800000
21.000000	-72.800000
21.025000	-72.800000
21.050000	-72.800000
21.075000	-72.800000
21.100000	-72.800000
21.125000	-72.800000
21.150000	-72.800000
21.175000	-72.800000
21.200000	-72.800000
21.225000	-72.800000
21.250000	-72.800000
21.275000	-72.800000
21.300000	-72.800000
21.325000	-72.800000
21.350000	-72.800000
21.375000	-72.800000
21.400000	-72.800000
21.425000	-72.800000
21.450000	-72.800000
21.475000	-72.800000
21.500000	-72.800000
21.525000	-72.800000
21.550000	-72.800000
21.575000	-72.800000
21.600000	-72.800000
21.625000	-72.800000
21.650000	-72.800000
21.675000	-72.800000
21.700000	-72.800000
21.725000	-72.800000
21.750000	-72.800000
21.775000	-72.800000
21.800000	-72.800000
21.825000	-72.800000
21.850000	-72.800000
21.875000	-72.800000
21.900000	-72.800000
21.925000	-72.800000
21.950000	-72.800000
21.975000	-72.800000
22.000000	-72.800000
22.025000	-72.800000
22.050000	-72.800000
22.075000	-72.800000
22.100000	-72.800000
22.125000	-72.800000
22.150000	-72.800000
22.175000	-72.800000
22.200000	-72.800000
22.225000	-72.800000
22.250000	-72.800000
22.275000	-72.800000
22.300000	-72.800000
22.325000	-72.800000
22.350000	-72.800000
22.375000	-72.800000
22.400000	-72.800000
22.425000	-72.800000
22.450000	-72.800000
22.475000	-72.800000
22.500000	-72.800000
22.525000	-72.800000
22.550000	-72.800000
22.575000	-72.800000
22.600000	-72.800000
22.625000	-72.800000
22.650000	-72.800000
22.675000	-72.800000
22.700000	-72.800000
22.725000	-72.800000
22.750000	-72.800000
22.775000	-72.800000
22.800000	-72.800000
22.825000	-72.800000
22.850000	-72.800000
22.875000	-72.800000
22.900000	-72.800000
22.925000	-72.800000
22.950000	-72.800000
22.975000	-72.800000
23.000000	-72.800000
23.025000	-72.800000
23.050000	-72.800000
23.075000	-72.800000
23.100000	-72.800000
23.125000	-72.800000
23.150000	-72.800000
23.175000	-72.800000
23.200000	-72.800000
23.225000	-72.800000
23.250000	-72.800000
23.275000	-72.800000
23.300000	-72.800000
23.325000	-72.800000
23.350000	-72.800000
23.375000	-72.800000
23.400000	-72.800000
23.425000	-72.800000
23.450000	-72.800000
23.475000	-72.800000
23.500000	-72.800000
23.525000	-72.800000
23.550000	-72.800000
23.575000	-72.800000
23.600000	-72.800000
23.625000	-72.800000
23.650000	-72.800000
23.675000	-72.800000
23.700000	-72.800000
23.725000	-72.800000
23.750000	-72.800000
23.775000	-72.800000
23.800000	-72.800000
23.825000	-72.800000
23.850000	-72.800000
23.875000	-72.800000
23.900000	-72.800000
23.925000	-72.800000
23.950000	-72.800000
23.975000	-72.800000
24.000000	-72.800000
24.025000	-72.800000
24.050000	-72.800000
24.075000	-72.800000
24.100000	-72.800000
24.125000	-72.800000
24.150000	-72.800000
24.175000	-72.800000
24.200000	-72.800000
24.225000	-72.800000
24.250000	-72.800000
24.275000	-72.800000
24.300000	-72.800000
24.325000	-72.800000
24.350000	-72.800000
24.375000	-72.800000
24.400000	-72.800000
24.425000	-72.800000
24.450000	-72.800000
24.475000	-72.800000
24.500000	-72.800000
24.525000	-72.800000
24.550000	-72.800000
24.575000	-72.800000
24.600000	-72.800000
24.625000	-72.800000
24.650000	-72.800000
24.675000	-72.800000
24.700000	-72.800000
24.725000	-72.800000
24.750000	-72.800000
24.775000	-72.800000
24.800000	-72.800000
24.825000	-72.800000
24.850000	-72.800000
24.875000	-72.800000
24.900000	-72.800000
24.925000	-72.800000
24.950000	-72.800000
24.975000	-72.800000
25.000000	-72.800000
25.025000	-72.800000
25.050000	-72.800000
25.075000	-72.800000
25.100000	-72.800000
25.125000	-72.800000
25.150000	-72.800000
25.175000	-72.800000
25.200000	-72.800000
25.225000	-72.800000
25.250000	-72.800000
25.275000	-72.800000
25.300000	-72.800000
25.325000	-72.800000
25.350000	-72.800000
25.375000	-72.800000
25.400000	-72.800000
25.425000	-72.800000
25.450000	-72.800000
25.475000	-72.800000
25.500000	-72.800000
25.525000	-72.800000
25.550000	-72.800000
25.575000	-72.800000
25.600000	-72.800000
25.625000	-72.800000
25.650000	-72.800000
25.675000	-72.800000
25.700000	-72.800000
25.725000	-72.800000
25.750000	-72.800000
25.775000	-72.800000
25.800000	-72.800000
25.825000	-72.800000
25.850000	-72.800000
25.875000	-72.800000
25.900000	-72.800000
25.925000	-72.800000
25.950000	-72.800000
25.975000	-72.800000
26.000000	-72.800000
26.025000	-72.800000
26.050000	-72.800000
26.075000	-72.800000
26.100000	-72.800000
26.125000	-72.800000
26.150000	-72.800000
26.175000	-72.800000
26.200000	-72.800000
26.225000	-72.800000
26.250000	-72.800000
26.275000	-72.800000
26.300000	-72.800000
26.325000	-72.800000
26.350000	-72.800000
26.375000	-72.800000
26.400000	-72.800000
26.425000	-72.800000
26.450000	-72.800000
26.475000	-72.800000
26.500000	-72.800000
26.525000	-72.800000
26.550000	-72.800000
26.575000	-72.800000
26.600000	-72.800000
26.625000	-72.800000
26.650000	-72.800000
26.675000	-72.800000
26.700000	-72.800000
26.725000	-72.800000
26.750000	-72.800000
26.775000	-72.800000
26.800000	-72.800000
26.825000	-72.800000
26.850000	-72.800000
26.875000	-72.800000
26.900000	-72.800000
26.925000	-72.800000
26.950000	-72.800000
26.975000	-72.800000
27.000000	-72.800000
27.025000	-72.800000
27.050000	-72.800000
27.075000	-72.800000
27.100000	-72.800000
27.125000	-72.800000
27.150000	-72.800000
27.175000	-72.800000
27.200000	-72.800000
27.225000	-72.800000
27.250000	-72.800000
27.275000	-72.800000
27.300000	-72.800000
27.325000	-72.800000
27.350000	-72.800000
27.375000	-72.800000
27.400000	-72.800000
27.425000	-72.800000
27.450000	-72.800000
27.475000	-72.800000
27.500000	-72.800000
27.525000	-72.800000
27.550000	-72.800000
27.575000	-72.800000
27.600000	-72.800000
27.625000	-72.800000
27.650000	-72.800000
27.675000	-72.800000
27.700000	-72.800000
27.725000	-72.800000
27.750000	-72.800000
27.775000	-72.800000
27.800000	-72.800000
27.825000	-72.800000
27.850000	-72.800000
27.875000	-72.800000
27.900000	-72.800000
27.925000	-72.800000
27.950000	-72.800000
27.975000	-72.800000
28.000000	-72.800000
28.025000	-72.800000
28.050000	-72.800000
28.075000	-72.800000
28.100000	-72.800000
28.125000	-72.800000
28.150000	-72.800000
28.175000	-72.800000
28.200000	-72.800000
28.225000	-72.800000
28.250000	-72.800000
28.275000	-72.800000
28.300000	-72.800000
28.325000	-72.800000
28.350000	-72.800000
28.375000	-72.800000
28.400000	-72.800000
28.425000	-72.800000
28.450000	-72.800000
28.475000	-72.800000
28.500000	-72.800000
28.525000	-72.800000
28.550000	-72.800000
28.575000	-72.800000
28.600000	-72.800000
28.625000	-72.800000
28.650000	-72.800000
28.675000	-72.800000
28.700000	-72.800000
28.725000	-72.800000
28.750000	-72.800000
28.775000	-72.800000
28.800000	-72.800000
28.825000	-72.800000
28.850000	-72.800000
28.875000	-72.800000
28.900000	-72.800000
28.925000	-72.800000
28.950000	-72.800000
28.975000	-72.800000
29.000000	-72.800000
29.025000	-72.800000
29.050000	-72.800000
29.075000	-72.800000
29.100000	-72.800000
29.125000	-72.800000
29.150000	-72.800000
29.175000	-72.800000
29.200000	-72.800000
29.225000	-72.800000
29.250000	-72.800000
29.275000	-72.800000
29.300000	-72.800000
29.325000	-72.800000
29.350000	-72.800000
29.375000	-72.800000
29.400000	-72.800000
29.425000	-72.800000
29.450000	-72.800000
29.475000	-72.800000
29.500000	-72.800000
29.525000	-72.800000
29.550000	-72.800000
29.575000	-72.800000
29.600000	-72.800000
29.625000	-72.800000
29.650000	-72.800000
29.675000	-72.800000
29.700000	-72.800000
29.725000	-72.800000
29.750000	-72.800000
29.775000	-72.800000
29.800000	-72.800000
29.825000	-72.800000
29.850000	-72.800000
29.875000	-72.800000
29.900000	-72.800000
29.925000	-72.800000
29.950000	-72.800000
29.975000	-72.800000
30.000000	-72.800000
30.025000	-72.800000
30.050000	-72.800000
30.075000	-72.800000
30.100000	-72.800000
30.125000	-72.800000
30.150000	-72.800000
30.175000	-72.800000
30.200000	-72.800000
30.225000	-72.800000
30.250000	-72.800000
30.275000	-72.800000
30.300000	-72.800000
30.325000	-72.800000
30.350000	-72.800000
30.375000	-72.800000
30.400000	-72.800000
30.425000	-72.800000
30.450000	-72.800000
30.475000	-72.800000
30.500000	-72.800000
30.525000	-72.800000
30.550000	-72.800000
30.575000	-72.800000
30.600000	-72.800000
30.625000	-72.800000
30.650000	-72.800000
30.675000	-72.800000
30.700000	-72.800000
30.725000	-72.800000
30.750000	-72.800000
30.775000	-72.800000
30.800000	-72.800000
30.825000	-72.800000
30.850000	-72.800000
30.875000	-72.800000
30.900000	-72.800000
30.925000	-72.800000
30.950000	-72.800000
30.975000	-72.800000
31.000000	-72.800000
31.025000	-72.800000
31.050000	-72.800000
31.075000	-72.800000
31.100000	-72.800000
31.125000	-72.800000
31.150000	-72.800000
31.175000	-72.800000
31.200000	-72.800000
31.225000	-72.800000
31.250000	-72.800000
31.275000	-72.800000
31.300000	-72.800000
31.325000	-72.800000
31.350000	-72.800000
31.375000	-72.800000
31.400000	-72.800000
31.425000	-72.800000
31.450000	-72.800000
31.475000	-72.800000
31.500000	-72.800000
31.525000	-72.800000
31.550000	-72.800000
31.575000	-72.800000
31.600000	-72.800000
31.625000	-72.800000
31.650000	-72.800000
31.675000	-72.800000
31.700000	-72.800000
31.725000	-72.800000
31.750000	-72.800000
31.775000	-72.800000
31.800000	-72.800000
31.825000	-72.800000
31.850000	-72.800000
31.875000	-72.800000
31.900000	-72.800000
31.925000	-72.800000
31.950000	-72.800000
31.975000	-72.800000
32.000000	-72.800000
32.025000	-72.800000
32.050000	-72.800000
32.075000	-72.800000
32.100000	-72.800000
32.125000	-72.800000
32.150000	-72.800000
32.175000	-72.800000
32.200000	-72.800000
32.225000	-72.800000
32.250000	-72.800000
32.275000	-72.800000
32.300000	-72.800000
32.325000	-72.800000
32.350000	-72.800000
32.375000	-72.800000
32.400000	-72.800000
32.425000	-72.800000
32.450000	-72.800000
32.475000	-72.800000
32.500000	-72.800000
32.525000	-72.800000
32.550000	-72.800000
32.575000	-72.800000
32.600000	-72.800000
32.625000	-72.800000
32.650000	-72.800000
32.675000	-72.800000
32.700000	-72.800000
32.725000	-72.800000
32.750000	-72.800000
32.775000	-72.800000
32.800000	-72.800000
32.825000	-72.800000
32.850000	-72.800000
32.875000	-72.800000
32.900000	-72.800000
32.925000	-72.800000
32.950000	-72.800000
32.975000	-72.800000
33.000000	-72.800000
33.025000	-72.800000
33.050000	-72.800000
33.075000	-72.800000
33.100000	-72.800000
33.125000	-72.800000
33.150000	-72.800000
33.175000	-72.800000
33.200000	-72.800000
33.225000	-72.800000
33.250000	-72.800000
33.275000	-72.800000
33.300000	-72.800000
33.325000	-72.800000
33.350000	-72.800000
33.375000	-72.800000
33.400000	-72.800000
33.425000	-72.800000
33.450000	-72.800000
33.475000	-72.800000
33.500000	-72.800000
33.525000	-72.800000
33.550000	-72.800000
33.575000	-72.800000
33.600000	-72.800000
33.625000	-72.800000
33.650000	-72.800000
33.675000	-72.800000
33.700000	-72.800000
33.725000	-72.800000
33.750000	-72.800000
33.775000	-72.800000
33.800000	-72.800000
33.825000	-72.800000
33.850000	-72.800000
33.875000	-72.800000
33.900000	-72.800000
33.925000	-72.800000
33.950000	-72.800000
33.975000	-72.800000
34.000000	-72.800000
34.025000	-72.800000
34.050000	-72.800000
34.075000	-72.800000
34.100000	-72.800000
34.125000	-72.800000
34.150000	-72.800000
34.175000	-72.800000
34.200000	-72.800000
34.225000	-72.800000
34.250000	-72.800000
34.275000	-72.800000
34.300000	-72.800000
34.325000	-72.800000
34.350000	-72.800000
34.375000	-72.800000
34.400000	-72.800000
34.425000	-72.800000
34.450000	-72.800000
34.475000	-72.800000
34.500000	-72.800000
34.525000	-72.800000
34.550000	-72.800000
34.575000	-72.800000
34.600000	-72.800000
34.625000	-72.800000
34.650000	-72.800000
34.675000	-72.800000
34.700000	-72.800000
34.725000	-72.800000
34.750000	-72.800000
34.775000	-72.800000
34.800000	-72.800000
34.825000	-72.800000
34.850000	-72.800000
34.875000	-72.800000
34.900000	-72.800000
34.925000	-72.800000
34.950000	-72.800000
34.975000	-72.800000
35.000000	-72.800000
35.025000	-72.800000
35.050000	-72.800000
35.075000	-72.800000
35.100000	-72.800000
35.125000	-72.800000
35.150000	-72.800000
35.175000	-72.800000
35.200000	-72.800000
35.225000	-72.800000
35.250000	-72.800000
35.275000	-72.800000
35.300000	-72.800000
35.325000	-72.800000
35.350000	-72.800000
35.375000	-72.800000
35.400000	-72.800000
35.425000	-72.800000
35.450000	-72.800000
35.475000	-72.800000
35.500000	-72.800000
35.525000	-72.800000
35.550000	-72.800000
35.575000	-72.800000
35.600000	-72.800000
35.625000	-72.800000
35.650000	-72.800000
35.675000	-72.800000
35.700000	-72.800000
35.725000	-72.800000
35.750000	-72.800000
35.775000	-72.800000
35.800000	-72.800000
35.825000	-72.800000
35.850000	-72.800000
35.875000	-72.800000
35.900000	-72.800000
35.925000	-72.800000
35.950000	-72.800000
35.975000	-72.800000
36.000000	-72.800000
36.025000	-72.800000
36.050000	-72.800000
36.075000	-72.800000
36.100000	-72.800000
36.125000	-72.800000
36.150000	-72.800000
36.175000	-72.800000
36.200000	-72.800000
36.225000	-72.800000
36.250000	-72.800000
36.275000	-72.800000
36.300000	-72.800000
36.325000	-72.800000
36.350000	-72.800000
36.375000	-72.800000
36.400000	-72.800000
36.425000	-72.800000
36.450000	-72.800000
36.475000	-72.800000
36.500000	-72.800000
36.525000	-72.800000
36.550000	-72.800000
36.575000	-72.800000
36.600000	-72.800000
36.625000	-72.800000
36.650000	-72.800000
36.675000	-72.800000
36.700000	-72.800000
36.725000	-72.800000
36.750000	-72.800000
36.775000	-72.800000
36.800000	-72.800000
36.825000	-72.800000
36.850000	-72.800000
36.875000	-72.800000
36.900000	-72.800000
36.925000	-72.800000
36.950000	-72.800000
36.975000	-72.800000
37.000000	-72.800000
37.025000	-72.800000
37.050000	-72.800000
37.075000	-72.800000
37.100000	-72.800000
37.125000	-72.800000
37.150000	-72.800000
37.175000	-72.800000
37.200000	-72.800000
37.225000	-72.800000
37.250000	-72.800000
37.275000	-72.800000
37.300000	-72.800000
37.325000	-72.800000
37.350000	-72.800000
37.375000	-72.800000
37.400000	-72.800000
37.425000	-72.800000
37.450000	-72.800000
37.475000	-72.800000
37.500000	-72.800000
37.525000	-72.800000
37.550000	-72.800000
37.575000	-72.800000
37.600000	-72.800000
37.625000	-72.800000
37.650000	-72.800000
37.675000	-72.800000
37.700000	-72.800000
37.725000	-72.800000
37.750000	-72.800000
37.775000	-72.800000
37.800000	-72.800000
37.825000	-72.800000
37.850000	-72.800000
37.875000	-72.800000
37.900000	-72.800000
37.925000	-72.800000
37.950000	-72.800000
37.975000	-72.800000
38.000000	-72.800000
38.025000	-72.800000
38.050000	-72.800000
38.075000	-72.800000
38.100000	-72.800000
38.125000	-72.800000
38.150000	-72.800000
38.175000	-72.800000
38.200000	-72.800000
38.225000	-72.800000
38.250000	-72.800000
38.275000	-72.800000
38.300000	-72.800000
38.325000	-72.800000
38.350000	-72.800000
38.375000	-72.800000
38.400000	-72.800000
38.425000	-72.800000
38.450000	-72.800000
38.475000	-72.800000
38.500000	-72.800000
38.525000	-72.800000
38.550000	-72.800000
38.575000	-72.800000
38.600000	-72.800000
38.625000	-72.800000
38.650000	-72.800000
38.675000	-72.800000
38.700000	-72.800000
38.725000	-72.800000
38.750000	-72.800000
38.775000	-72.800000
38.800000	-72.800000
38.825000	-72.800000
38.850000	-72.800000
38.875000	-72.800000
38.900000	-72.800000
38.925000	-72.800000
38.950000	-72.800000
38.975000	-72.800000
39.000000	-72.800000
39.025000	-72.800000
39.050000	-72.800000
39.075000	-72.800000
39.100000	-72.800000
39.125000	-72.800000
39.150000	-72.800000
39.175000	-72.800000
39.200000	-72.800000
39.225000	-72.800000
39.250000	-72.800000
39.275000	-72.800000
39.300000	-72.800000
39.325000	-72.800000
39.350000	-72.800000
39.375000	-72.800000
39.400000	-72.800000
39.425000	-72.800000
39.450000	-72.800000
39.475000	-72.800000
39.500000	-72.800000
39.525000	-72.800000
39.550000	-72.800000
39.575000	-72.800000
39.600000	-72.800000
39.625000	-72.800000
39.650000	-72.800000
39.675000	-72.800000
39.700000	-72.800000
39.725000	-72.800000
39.750000	-72.800000
39.775000	-72.800000
39.800000	-72.800000
39.825000	-72.800000
39.850000	-72.800000
39.875000	-72.800000
39.900000	-72.800000
39.925000	-72.800000
39.950000	-72.800000
39.975000	-72.800000
40.000000	-72.800000
40.025000	-72.800000
40.050000	-72.800000
40.075000	-72.800000
40.100000	-72.800000
40.125000	-72.800000
40.150000	-72.800000
40.175000	-72.800000
40.200000	-72.800000
40.225000	-72.800000
40.250000	-72.800000
40.275000	-72.800000
40.300000	-72.800000
40.325000	-72.800000
40.350000	-72.800000
40.375000	-72.800000
40.400000	-72.800000
40.425000	-72.800000
40.450000	-72.800000
40.475000	-72.800000
40.500000	-72.800000
40.525000	-72.800000
40.550000	-72.800000
40.575000	-72.800000
40.600000	-72.800000
40.625000	-72.800000
40.650000	-72.800000
40.675000	-72.800000
40.700000	-72.800000
40.725000	-72.800000
40.750000	-72.800000
40.775000	-72.800000
40.800000	-72.800000
40.825000	-72.800000
40.850000	-72.800000
40.875000	-72.800000
40.900000	-72.800000
40.925000	-72.800000
40.950000	-72.800000
40.975000	-72.800000
41.000000	-72.800000
41.025000	-72.800000
41.050000	-72.800000
41.075000	-72.800000
41.100000	-72.800000
41.125000	-72.800000
41.150000	-72.800000
41.175000	-72.800000
41.200000	-72.800000
41.225000	-72.800000
41.250000	-72.800000
41.275000	-72.800000
41.300000	-72.800000
41.325000	-72.800000
41.350000	-72.800000
41.375000	-72.800000
41.400000	-72.800000
41.425000	-72.800000
41.450000	-72.800000
41.475000	-72.800000
41.500000	-72.800000
41.525000	-72.800000
41.550000	-72.800000
41.575000	-72.800000
41.600000	-72.800000
41.625000	-72.800000
41.650000	-72.800000
41.675000	-72.800000
41.700000	-72.800000
41.725000	-72.800000
41.750000	-72.800000
41.775000	-72.800000
41.800000	-72.800000
41.825000	-72.800000
41.850000	-72.800000
41.875000	-72.800000
41.900000	-72.800000
41.925000	-72.800000
41.950000	-72.800000
41.975000	-72.800000
42.000000	-72.800000
42.025000	-72.800000
42.050000	-72.800000
42.075000	-72.800000
42.100000	-72.800000
42.125000	-72.800000
42.150000	-72.800000
42.175000	-72.800000
42.200000	-72.800000
42.225000	-72.800000
42.250000	-72.800000
42.275000	-72.800000
42.300000	-72.800000
42.325000	-72.800000
42.350000	-72.800000
42.375000	-72.800000
42.400000	-72.800000
42.425000	-72.800000
42.450000	-72.800000
42.475000	-72.800000
42.500000	-72.800000
42.525000	-72.800000
42.550000	-72.800000
42.575000	-72.800000
42.600000	-72.800000
42.625000	-72.800000
42.650000	-72.800000
42.675000	-72.800000
42.700000	-72.800000
42.725000	-72.800000
42.750000	-72.800000
42.775000	-72.800000
42.800000	-72.800000
42.825000	-72.800000
42.850000	-72.800000
42.875000	-72.800000
42.900000	-72.800000
42.925000	-72.800000
42.950000	-72.800000
42.975000	-72.800000
43.000000	-72.800000
43.025000	-72.800000
43.050000	-72.800000
43.075000	-72.800000
43.100000	-72.800000
43.125000	-72.800000
43.150000	-72.800000
43.175000	-72.800000
43.200000	-72.800000
43.225000	-72.800000
43.250000	-72.800000
43.275000	-72.800000
43.300000	-72.800000
43.325000	-72.800000
43.350000	-72.800000
43.375000	-72.800000
43.400000	-72.800000
43.425000	-72.800000
43.450000	-72.800000
43.475000	-72.800000
43.500000	-72.800000
43.525000	-72.800000
43.550000	-72.800000
43.575000	-72.800000
43.600000	-72.800000
43.625000	-72.800000
43.650000	-72.800000
43.675000	-72.800000
43.700000	-72.800000
43.725000	-72.800000
43.750000	-72.800000
43.775000	-72.800000
43.800000	-72.800000
43.825000	-72.800000
43.850000	-72.800000
43.875000	-72.800000
43.900000	-72.800000
43.925000	-72.800000
43.950000	-72.800000
43.975000	-72.800000
44.000000	-72.800000
44.025000	-72.800000
44.050000	-72.800000
44.075000	-72.800000
44.100000	-72.800000
44.125000	-72.800000
44.150000	-72.800000
44.175000	-72.800000
44.200000	-72.800000
44.225000	-72.800000
44.250000	-72.800000
44.275000	-72.800000
44.300000	-72.800000
44.325000	-72.800000
44.350000	-72.800000
44.375000	-72.800000
44.400000	-72.800000
44.425000	-72.800000
44.450000	-72.800000
44.475000	-72.800000
44.500000	-72.800000
44.525000	-72.800000
44.550000	-72.800000
44.575000	-72.800000
44.600000	-72.800000
44.625000	-72.800000
44.650000	-72.800000
44.675000	-72.800000
44.700000	-72.800000
44.725000	-72.800000
44.750000	-72.800000
44.775000	-72.800000
44.800000	-72.800000
44.825000	-72.800000
44.850000	-72.800000
44.875000	-72.800000
44.900000	-72.800000
44.925000	-72.800000
44.950000	-72.800000
44.975000	-72.800000
45.000000	-72.800000
45.025000	-72.800000
45.050000	-72.800000
45.075000	-72.800000
45.100000	-72.800000
45.125000	-72.800000
45.150000	-72.800000
45.175000	-72.800000
45.200000	-72.800000
45.225000	-72.800000
45.250000	-72.800000
45.275000	-72.800000
45.300000	-72.800000
45.325000	-72.800000
45.350000	-72.800000
45.375000	-72.800000
45.400000	-72.800000
45.425000	-72.800000
45.450000	-72.800000
45.475000	-72.800000
45.500000	-72.800000
45.525000	-72.800000
45.550000	-72.800000
45.575000	-72.800000
45.600000	-72.800000
45.625000	-72.800000
45.650000	-72.800000
45.675000	-72.800000
45.700000	-72.800000
45.725000	-72.800000
45.750000	-72.800000
45.775000	-72.800000
45.800000	-72.800000
45.825000	-72.800000
45.850000	-72.800000
45.875000	-72.800000
45.900000	-72.800000
45.925000	-72.800000
45.950000	-72.800000
45.975000	-72.800000
46.000000	-72.800000
46.025000	-72.800000
46.050000	-72.800000
46.075000	-72.800000
46.100000	-72.800000
46.125000	-72.800000
46.150000	-72.800000
46.175000	-72.800000
46.200000	-72.800000
46.225000	-72.800000
46.250000	-72.800000
46.275000	-72.800000
46.300000	-72.800000
46.325000	-72.800000
46.350000	-72.800000
46.375000	-72.800000
46.400000	-72.800000
46.425000	-72.800000
46.450000	-72.800000
46.475000	-72.800000
46.500000	-72.800000
46.525000	-72.800000
46.550000	-72.800000
46.575000	-72.800000
46.600000	-72.800000
46.625000	-72.800000
46.650000	-72.800000
46.675000	-72.800000
46.700000	-72.800000
46.725000	-72.800000
46.750000	-72.800000
46.775000	-72.800000
46.800000	-72.800000
46.825000	-72.800000
46.850000	-72.800000
46.875000	-72.800000
46.900000	-72.800000
46.925000	-72.800000
46.950000	-72.800000
46.975000	-72.800000
47.000000	-72.800000
47.025000	-72.800000
47.050000	-72.800000
47.075000	-72.800000
47.100000	-72.800000
47.125000	-72.800000
47.150000	-72.800000
47.175000	-72.800000
47.200000	-72.800000
47.225000	-72.800000
47.250000	-72.800000
47.275000	-72.800000
47.300000	-72.800000
47.325000	-72.800000
47.350000	-72.800000
47.375000	-72.800000
47.400000	-72.800000
47.425000	-72.800000
47.450000	-72.800000
47.475000	-72.800000
47.500000	-72.800000
47.525000	-72.800000
47.550000	-72.800000
47.575000	-72.800000
47.600000	-72.800000
47.625000	-72.800000
47.650000	-72.800000
47.675000	-72.800000
47.700000	-72.800000
47.725000	-72.800000
47.750000	-72.800000
47.775000	-72.800000
47.800000	-72.800000
47.825000	-72.800000
47.850000	-72.800000
47.875000	-72.800000
47.900000	-72.800000
47.925000	-72.800000
47.950000	-72.800000
47.975000	-72.800000
48.000000	-72.800000
48.025000	-72.800000
48.050000	-72.800000
48.075000	-72.800000
48.100000	-72.800000
48.125000	-72.800000
48.150000	-72.800000
48.175000	-72.800000
48.200000	-72.800000
48.225000	-72.800000
48.250000	-72.800000
48.275000	-72.800000
48.300000	-72.800000
48.325000	-72.800000
48.350000	-72.800000
48.375000	-72.800000
48.400000	-72.800000
48.425000	-72.800000
48.450000	-72.800000
48.475000	-72.800000
48.500000	-72.800000
48.525000	-72.800000
48.550000	-72.800000
48.575000	-72.800000
48.600000	-72.800000
48.625000	-72.800000
48.650000	-72.800000
48.675000	-72.800000
48.700000	-72.800000
48.725000	-72.800000
48.750000	-72.800000
48.775000	-72.800000
48.800000	-72.800000
48.825000	-72.800000
48.850000	-72.800000
48.875000	-72.800000
48.900000	-72.800000
48.925000	-72.800000
48.950000	-72.800000
48.975000	-72.800000
49.000000	-72.800000
49.025000	-72.800000
49.050000	-72.800000
49.075000	-72.800000
49.100000	-72.800000
49.125000	-72.800000
49.150000	-72.800000
49.175000	-72.800000
49.200000	-72.800000
49.225000	-72.800000
49.250000	-72.800000
49.275000	-72.800000
49.300000	-72.800000
49.325000	-72.800000
49.350000	-72.800000
49.375000	-72.800000
49.400000	-72.800000
49.425000	-72.800000
49.450000	-72.800000
49.475000	-72.800000
49.500000	-72.800000
49.525000	-72.800000
49.550000	-72.800000
49.575000	-72.800000
49.600000	-72.800000
49.625000	-72.800000
49.650000	-72.800000
49.675000	-72.800000
49.700000	-72.800000
49.725000	-72.800000
49.750000	-72.800000
49.775000	-72.800000
49.800000	-72.800000
49.825000	-72.800000
49.850000	-72.800000
49.875000	-72.800000
49.900000	-72.800000
49.925000	-72.800000
49.950000	-72.800000
49.975000	-72.800000
50.000000	-72.800000
50.025000	-72.800000
50.050000	-72.800000
50.075000	-72.800000
50.100000	-72.800000
50.125000	-72.800000
50.150000	-72.800000
50.175000	-72.800000
50.200000	-72.800000
50.225000	-72.800000
50.250000	-72.800000
50.275000	-72.800000
50.300000	-72.800000
50.325000	-72.800000
50.350000	-72.800000
50.375000	-72.800000
50.400000	-72.800000
50.425000	-72.800000
50.450000	-72.800000
50.475000	-72.800000
50.500000	-72.800000
50.525000	-72.800000
50.550000	-72.800000
50.575000	-72.800000
50.600000	-72.800000
50.625000	-72.800000
50.650000	-72.800000
50.675000	-72.800000
50.700000	-72.800000
50.725000	-72.800000
50.750000	-72.800000
50.775000	-72.800000
50.800000	-72.800000
50.825000	-72.800000
50.850000	-72.800000
50.875000	-72.800000
50.900000	-72.800000
50.925000	-72.800000
50.950000	-72.800000
50.975000	-72.800000
51.000000	-72.800000
51.025000	-72.800000
51.050000	-72.800000
51.075000	-72.800000
51.100000	-72.800000
51.125000	-72.800000
51.150000	-72.800000
51.175000	-72.800000
51.200000	-72.800000
51.225000	-72.800000
51.250000	-72.800000
51.275000	-72.800000
51.300000	-72.800000
51.325000	-72.800000
51.350000	-72.800000
51.375000	-72.800000
51.400000	-72.800000
51.425000	-72.800000
51.450000	-72.800000
51.475000	-72.800000
51.500000	-72.800000
51.525000	-72.800000
51.550000	-72.800000
51.575000	-72.800000
51.600000	-72.800000
51.625000	-72.800000
51.650000	-72.800000
51.675000	-72.800000
51.700000	-72.800000
51.725000	-72.800000
51.750000	-72.800000
51.775000	-72.800000
51.800000	-72.800000
51.825000	-72.800000
51.850000	-72.800000
51.875000	-72.800000
51.900000	-72.800000
51.925000	-72.800000
51.950000	-72.800000
51.975000	-72.800000
52.000000	-72.800000
52.025000	-72.800000
52.050000	-72.800000
52.075000	-72.800000
52.100000	-72.800000
52.125000	-72.800000
52.150000	-72.800000
52.175000	-72.800000
52.200000	-72.800000
52.225000	-72.800000
52.250000	-72.800000
52.275000	-72.800000
52.300000	-72.800000
52.325000	-72.800000
52.350000	-72.800000
52.375000	-72.800000
52.400000	-72.800000
52.425000	-72.800000
52.450000	-72.800000
52.475000	-72.800000
52.500000	-72.800000
52.525000	-72.800000
52.550000	-72.800000
52.575000	-72.800000
52.600000	-72.800000
52.625000	-72.800000
52.650000	-72.800000
52.675000	-72.800000
52.700000	-72.800000
52.725000	-72.800000
52.750000	-72.800000
52.775000	-72.800000
52.800000	-72.800000
52.825000	-72.800000
52.850000	-72.800000
52.875000	-72.800000
52.900000	-72.800000
52.925000	-72.800000
52.950000	-72.800000
52.975000	-72.800000
53.000000	-72.800000
53.025000	-72.800000
53.050000	-72.800000
53.075000	-72.800000
53.100000	-72.800000
53.125000	-72.800000
53.150000	-72.800000
53.175000	-72.800000
53.200000	-72.800000
53.225000	-72.800000
53.250000	-72.800000
53.275000	-72.800000
53.300000	-72.800000
53.325000	-72.800000
53.350000	-72.800000
53.375000	-72.800000
53.400000	-72.800000
53.425000	-72.800000
53.450000	-72.800000
53.475000	-72.800000
53.500000	-72.800000
53.525000	-72.800000
53.550000	-72.800000
53.575000	-72.800000
53.600000	-72.800000
53.625000	-72.800000
53.650000	-72.800000
53.675000	-72.800000
53.700000	-72.800000
53.725000	-72.800000
53.750000	-72.800000
53.775000	-72.800000
53.800000	-72.800000
53.825000	-72.800000
53.850000	-72.800000
53.875000	-72.800000
53.900000	-72.800000
53.925000	-72.800000
53.950000	-72.800000
53.975000	-72.800000
54.000000	-72.800000
54.025000	-72.800000
54.050000	-72.800000
54.075000	-72.800000
54.100000	-72.800000
54.125000	-72.800000
54.150000	-72.800000
54.175000	-72.800000
54.200000	-72.800000
54.225000	-72.800000
54.250000	-72.800000
54.275000	-72.800000
54.300000	-72.800000
54.325000	-72.800000
54.350000	-72.800000
54.375000	-72.800000
54.400000	-72.800000
54.425000	-72.800000
54.450000	-72.800000
54.475000	-72.800000
54.500000	-72.800000
54.525000	-72.800000
54.550000	-72.800000
54.575000	-72.800000
54.600000	-72.800000
54.625000	-72.800000
54.650000	-72.800000
54.675000	-72.800000
54.700000	-72.800000
54.725000	-72.800000
54.750000	-72.800000
54.775000	-72.800000
54.800000	-72.800000
54.825000	-72.800000
54.850000	-72.800000
54.875000	-72.800000
54.900000	-72.800000
54.925000	-72.800000
54.950000	-72.800000
54.975000	-72.800000
55.000000	-72.800000
55.025000	-72.800000
55.050000	-72.800000
55.075000	-72.800000
55.100000	-72.800000
55.125000	-72.800000
55.150000	-72.800000
55.175000	-72.800000
55.200000	-72.800000
55.225000	-72.800000
55.250000	-72.800000
55.275000	-72.800000
55.300000	-72.800000
55.325000	-72.800000
55.350000	-72.800000
55.375000	-72.800000
55.400000	-72.800000
55.425000	-72.800000
55.450000	-72.800000
55.475000	-72.800000
55.500000	-72.800000
55.525000	-72.800000
55.550000	-72.800000
55.575000	-72.800000
55.600000	-72.800000
55.625000	-72.800000
55.650000	-72.800000
55.675000	-72.800000
55.700000	-72.800000
55.725000	-72.800000
55.750000	-72.800000
55.775000	-72.800000
55.800000	-72.800000
55.825000	-72.800000
55.850000	-72.800000
55.875000	-72.800000
55.900000	-72.800000
55.925000	-72.800000
55.950000	-72.800000
55.975000	-72.800000
56.000000	-72.800000
56.025000	-72.800000
56.050000	-72.800000
56.075000	-72.800000
56.100000	-72.800000
56.125000	-72.800000
56.150000	-72.800000
56.175000	-72.800000
56.200000	-72.800000
56.225000	-72.800000
56.250000	-72.800000
56.275000	-72.800000
56.300000	-72.800000
56.325000	-72.800000
56.350000	-72.800000
56.375000	-72.800000
56.400000	-72.800000
56.425000	-72.800000
56.450000	-72.800000
56.475000	-72.800000
56.500000	-72.800000
56.525000	-72.800000
56.550000	-72.800000
56.575000	-72.800000
56.600000	-72.800000
56.625000	-72.800000
56.650000	-72.800000
56.675000	-72.800000
56.700000	-72.800000
56.725000	-72.800000
56.750000	-72.800000
56.775000	-72.800000
56.800000	-72.800000
56.825000	-72.800000
56.850000	-72.800000
56.875000	-72.800000
56.900000	-72.800000
56.925000	-72.800000
56.950000	-72.800000
56.975000	-72.800000
57.000000	-72.800000
57.025000	-72.800000
57.050000	-72.800000
57.075000	-72.800000
57.100000	-72.800000
57.125000	-72.800000
57.150000	-72.800000
57.175000	-72.800000
57.200000	-72.800000
57.225000	-72.800000
57.250000	-72.800000
57.275000	-72.800000
57.300000	-72.800000
57.325000	-72.800000
57.350000	-72.800000
57.375000	-72.800000
57.400000	-72.800000
57.425000	-72.800000
57.450000	-72.800000
57.475000	-72.800000
57.500000	-72.800000
57.525000	-72.800000
57.550000	-72.800000
57.575000	-72.800000
57.600000	-72.800000
57.625000	-72.800000
57.650000	-72.800000
57.675000	-72.800000
57.700000	-72.800000
57.725000	-72.800000
57.750000	-72.800000
57.775000	-72.800000
57.800000	-72.800000
57.825000	-72.800000
57.850000	-72.800000
57.875000	-72.800000
57.900000	-72.800000
57.925000	-72.800000
57.950000	-72.800000
57.975000	-72.800000
58.000000	-72.800000
58.025000	-72.800000
58.050000	-72.800000
58.075000	-72.800000
58.100000	-72.800000
58.125000	-72.800000
58.150000	-72.800000
58.175000	-72.800000
58.200000	-72.800000
58.225000	-72.800000
58.250000	-72.800000
58.275000	-72.800000
58.300000	-72.800000
58.325000	-72.800000
58.350000	-72.800000
58.375000	-72.800000
58.400000	-72.800000
58.425000	-72.800000
58.450000	-72.800000
58.475000	-72.800000
58.500000	-72.800000
58.525000	-72.800000
58.550000	-72.800000
58.575000	-72.800000
58.600000	-72.800000
58.625000	-72.800000
58.650000	-72.800000
58.675000	-72.800000
58.700000	-72.800000
58.725000	-72.800000
58.750000	-72.800000
58.775000	-72.800000
58.800000	-72.800000
58.825000	-72.800000
58.850000	-72.800000
58.875000	-72.800000
58.900000	-72.800000
58.925000	-72.800000
58.950000	-72.800000
58.975000	-72.800000
59.000000	-72.800000
59.025000	-72.800000
59.050000	-72.800000
59.075000	-72.800000
59.100000	-72.800000
59.125000	-72.800000
59.150000	-72.800000
59.175000	-72.800000
59.200000	-72.800000
59.225000	-72.800000
59.250000	-72.800000
59.275000	-72.800000
59.300000	-72.800000
59.325000	-72.800000
59.350000	-72.800000
59.375000	-72.800000
59.400000	-72.800000
59.425000	-72.800000
59.450000	-72.800000
59.475000	-72.800000
59.500000	-72.800000
59.525000	-72.800000
59.550000	-72.800000
59.575000	-72.800000
59.600000	-72.800000
59.625000	-72.800000
59.650000	-72.800000
59.675000	-72.800000
59.700000	-72.800000
59.725000	-72.800000
59.750000	-72.800000
59.775000	-72.800000
59.800000	-72.800000
59.825000	-72.800000
59.850000	-72.800000
59.875000	-72.800000
59.900000	-72.800000
59.925000	-72.800000
59.950000	-72.800000
59.975000	-72.800000
60.000000	-72.800000
60.025000	-72.800000
60.050000	-72.800000
60.075000	-72.800000
60.100000	-72.800000
60.125000	-72.800000
60.150000	-72.800000
60.175000	-72.800000
60.200000	-72.800000
60.225000	-72.800000
60.250000	-72.800000
60.275000	-72.800000
60.300000	-72.800000
60.325000	-72.800000
60.350000	-72.800000
60.375000	-72.800000
60.400000	-72.800000
60.425000	-72.800000
60.450000	-72.800000
60.475000	-72.800000
60.500000	-72.800000
60.525000	-72.800000
60.550000	-72.800000
60.575000	-72.800000
60.600000	-72.800000
60.625000	-72.800000
60.650000	-72.800000
60.675000	-72.800000
60.700000	-72.800000
60.725000	-72.800000
60.750000	-72.800000
60.775000	-72.800000
60.800000	-72.800000
60.825000	-72.800000
60.850000	-72.800000
60.875000	-72.800000
60.900000	-72.800000
60.925000	-72.800000
60.950000	-72.800000
60.975000	-72.800000
61.000000	-72.800000
61.025000	-72.800000
61.050000	-72.800000
61.075000	-72.800000
61.100000	-72.800000
61.125000	-72.800000
61.150000	-72.800000
61.175000	-72.800000
61.200000	-72.800000
61.225000	-72.800000
61.250000	-72.800000
61.275000	-72.800000
61.300000	-72.800000
61.325000	-72.800000
61.350000	-72.800000
61.375000	-72.800000
61.400000	-72.800000
61.425000	-72.800000
61.450000	-72.800000
61.475000	-72.800000
61.500000	-72.800000
61.525000	-72.800000
61.550000	-72.800000
61.575000	-72.800000
61.600000	-72.800000
61.625000	-72.800000
61.650000	-72.800000
61.675000	-72.800000
61.700000	-72.800000
61.725000	-72.800000
61.750000	-72.800000
61.775000	-72.800000
61.800000	-72.800000
61.825000	-72.800000
61.850000	-72.800000
61.875000	-72.800000
61.900000	-72.800000
61.925000	-72.800000
61.950000	-72.800000
61.975000	-72.800000
62.000000	-72.800000
62.025000	-72.800000
62.050000	-72.800000
62.075000	-72.800000
62.100000	-72.800000
62.125000	-72.800000
62.150000	-72.800000
62.175000	-72.800000
62.200000	-72.800000
62.225000	-72.800000
62.250000	-72.800000
62.275000	-72.800000
62.300000	-72.800000
62.325000	-72.800000
62.350000	-72.800000
62.375000	-72.800000
62.400000	-72.800000
62.425000	-72.800000
62.450000	-72.800000
62.475000	-72.800000
62.500000	-72.800000
62.525000	-72.800000
62.550000	-72.800000
62.575000	-72.800000
62.600000	-72.800000
62.625000	-72.800000
62.650000	-72.800000
62.675000	-72.800000
62.700000	-72.800000
62.725000	-72.800000
62.750000	-72.800000
62.775000	-72.800000
62.800000	-72.800000
62.825000	-72.800000
62.850000	-72.800000
62.875000	-72.800000
62.900000	-72.800000
62.925000	-72.800000
62.950000	-72.800000
62.975000	-72.800000
63.000000	-72.800000
63.025000	-72.800000
63.050000	-72.800000
63.075000	-72.800000
63.100000	-72.800000
63.125000	-72.800000
63.150000	-72.800000
63.175000	-72.800000
63.200000	-72.800000
63.225000	-72.800000
63.250000	-72.800000
63.275000	-72.800000
63.300000	-72.800000
63.325000	-72.800000
63.350000	-72.800000
63.375000	-72.800000
63.400000	-72.800000
63.425000	-72.800000
63.450000	-72.800000
63.475000	-72.800000
63.500000	-72.800000
63.525000	-72.800000
63.550000	-72.800000
63.575000	-72.800000
63.600000	-72.800000
63.625000	-72.800000
63.650000	-72.800000
63.675000	-72.800000
63.700000	-72.800000
63.725000	-72.800000
63.750000	-72.800000
63.775000	-72.800000
63.800000	-72.800000
63.825000	-72.800000
63.850000	-72.800000
63.875000	-72.800000
63.900000	-72.800000
63.925000	-72.800000
63.950000	-72.800000
63.975000	-72.800000
64.000000	-72.800000
64.025000	-72.800000
64.050000	-72.800000
64.075000	-72.800000
64.100000	-72.800000
64.125000	-72.800000
64.150000	-72.800000
64.175000	-72.800000
64.200000	-72.800000
64.225000	-72.800000
64.250000	-72.800000
64.275000	-72.800000
64.300000	-72.800000
64.325000	-72.800000
64.350000	-72.800000
64.375000	-72.800000
64.400000	-72.800000
64.425000	-72.800000
64.450000	-72.800000
64.475000	-72.800000
64.500000	-72.800000
64.525000	-72.800000
64.550000	-72.800000
64.575000	-72.800000
64.600000	-72.800000
64.625000	-72.800000
64.650000	-72.800000
64.675000	-72.800000
64.700000	-72.800000
64.725000	-72.800000
64.750000	-72.800000
64.775000	-72.800000
64.800000	-72.800000
64.825000	-72.800000
64.850000	-72.800000
64.875000	-72.800000
64.900000	-72.800000
64.925000	-72.800000
64.950000	-72.800000
64.975000	-72.800000
65.000000	-72.800000
65.025000	-72.800000
65.050000	-72.800000
65.075000	-72.800000
65.100000	-72.800000
65.125000	-72.800000
65.150000	-72.800000
65.175000	-72.800000
65.200000	-72.800000
65.225000	-72.800000
65.250000	-72.800000
65.275000	-72.800000
65.300000	-72.800000
65.325000	-72.800000
65.350000	-72.800000
65.375000	-72.800000
65.400000	-72.800000
65.425000	-72.800000
65.450000	-72.800000
65.475000	-72.800000
65.500000	-72.800000
65.525000	-72.800000
65.550000	-72.800000
65.575000	-72.800000
65.600000	-72.800000
65.625000	-72.800000
65.650000	-72.800000
65.675000	-72.800000
65.700000	-72.800000
65.725000	-72.800000
65.750000	-72.800000
65.775000	-72.800000
65.800000	-72.800000
65.825000	-72.800000
65.850000	-72.800000
65.875000	-72.800000
65.900000	-72.800000
65.925000	-72.800000
65.950000	-72.800000
65.975000	-72.800000
66.000000	-72.800000
66.025000	-72.800000
66.050000	-72.800000
66.075000	-72.800000
66.100000	-72.800000
66.125000	-72.800000
66.150000	-72.800000
66.175000	-72.800000
66.200000	-72.800000
66.225000	-72.800000
66.250000	-72.800000
66.275000	-72.800000
66.300000	-72.800000
66.325000	-72.800000
66.350000	-72.800000
66.375000	-72.800000
66.400000	-72.800000
66.425000	-72.800000
66.450000	-72.800000
66.475000	-72.800000
66.500000	-72.800000
66.525000	-72.800000
66.550000	-72.800000
66.575000	-72.800000
66.600000	-72.800000
66.625000	-72.800000
66.650000	-72.800000
66.675000	-72.800000
66.700000	-72.800000
66.725000	-72.800000
66.750000	-72.800000
66.775000	-72.800000
66.800000	-72.800000
66.825000	-72.800000
66.850000	-72.800000
66.875000	-72.800000
66.900000	-72.800000
66.925000	-72.800000
66.950000	-72.800000
66.975000	-72.800000
67.000000	-72.800000
67.025000	-72.800000
67.050000	-72.800000
67.075000	-72.800000
67.100000	-72.800000
67.125000	-72.800000
67.150000	-72.800000
67.175000	-72.800000
67.200000	-72.800000
67.225000	-72.800000
67.250000	-72.800000
67.275000	-72.800000
67.300000	-72.800000
67.325000	-72.800000
67.350000	-72.800000
67.375000	-72.800000
67.400000	-72.800000
67.425000	-72.800000
67.450000	-72.800000
67.475000	-72.800000
67.500000	-72.800000
67.525000	-72.800000
67.550000	-72.800000
67.575000	-72.800000
67.600000	-72.800000
67.625000	-72.800000
67.650000	-72.800000
67.675000	-72.800000
67.700000	-72.800000
67.725000	-72.800000
67.750000	-72.800000
67.775000	-72.800000
67.800000	-72.800000
67.825000	-72.800000
67.850000	-72.800000
67.875000	-72.800000
67.900000	-72.800000
67.925000	-72.800000
67.950000	-72.800000
67.975000	-72.800000
68.000000	-72.800000
68.025000	-72.800000
68.050000	-72.800000
68.075000	-72.800000
68.100000	-72.800000
68.125000	-72.800000
68.150000	-72.800000
68.175000	-72.800000
68.200000	-72.800000
68.225000	-72.800000
68.250000	-72.800000
68.275000	-72.800000
68.300000	-72.800000
68.325000	-72.800000
68.350000	-72.800000
68.375000	-72.800000
68.400000	-72.800000
68.425000	-72.800000
68.450000	-72.800000
68.475000	-72.800000
68.500000	-72.800000
68.525000	-72.800000
68.550000	-72.800000
68.575000	-72.800000
68.600000	-72.800000
68.625000	-72.800000
68.650000	-72.800000
68.675000	-72.800000
68.700000	-72.800000
68.725000	-72.800000
68.750000	-72.800000
68.775000	-72.800000
68.800000	-72.800000
68.825000	-72.800000
68.850000	-72.800000
68.875000	-72.800000
68.900000	-72.800000
68.925000	-72.800000
68.950000	-72.800000
68.975000	-72.800000
69.000000	-72.800000
69.025000	-72.800000
69.050000	-72.800000
69.075000	-72.800000
69.100000	-72.800000
69.125000	-72.800000
69.150000	-72.800000
69.175000	-72.800000
69.200000	-72.800000
69.225000	-72.800000
69.250000	-72.800000
69.275000	-72.800000
69.300000	-72.800000
69.325000	-72.800000
69.350000	-72.800000
69.375000	-72.800000
69.400000	-72.800000
69.425000	-72.800000
69.450000	-72.800000
69.475000	-72.800000
69.500000	-72.800000
69.525000	-72.800000
69.550000	-72.800000
69.575000	-72.800000
69.600000	-72.800000
69.625000	-72.800000
69.650000	-72.800000
69.675000	-72.800000
69.700000	-72.800000
69.725000	-72.800000
69.750000	-72.800000
69.775000	-72.800000
69.800000	-72.800000
69.825000	-72.800000
69.850000	-72.800000
69.875000	-72.800000
69.900000	-72.800000
69.925000	-72.800000
69.950000	-72.800000
69.975000	-72.800000
70.000000	-72.800000
70.025000	-72.800000
70.050000	-72.800000
70.075000	-72.800000
70.100000	-72.800000
70.125000	-72.800000
70.150000	-72.800000
70.175000	-72.800000
70.200000	-72.800000
70.225000	-72.800000
70.250000	-72.800000
70.275000	-72.800000
70.300000	-72.800000
70.325000	-72.800000
70.350000	-72.800000
70.375000	-72.800000
70.400000	-72.800000
70.425000	-72.800000
70.450000	-72.800000
70.475000	-72.800000
70.500000	-72.800000
70.525000	-72.800000
70.550000	-72.800000
70.575000	-72.800000
70.600000	-72.800000
70.625000	-72.800000
70.650000	-72.800000
70.675000	-72.800000
70.700000	-72.800000
70.725000	-72.800000
70.750000	-72.800000
70.775000	-72.800000
70.800000	-72.800000
70.825000	-72.800000
70.850000	-72.800000
70.875000	-72.800000
70.900000	-72.800000
70.925000	-72.800000
70.950000	-72.800000
70.975000	-72.800000
71.000000	-72.800000
71.025000	-72.800000
71.050000	-72.800000
71.075000	-72.800000
71.100000	-72.800000
71.125000	-72.800000
71.150000	-72.800000
71.175000	-72.800000
71.200000	-72.800000
71.225000	-72.800000
71.250000	-72.800000
71.275000	-72.800000
71.300000	-72.800000
71.325000	-72.800000
71.350000	-72.800000
71.375000	-72.800000
71.400000	-72.800000
71.425000	-72.800000
71.450000	-72.800000
71.475000	-72.800000
71.500000	-72.800000
71.525000	-72.800000
71.550000	-72.800000
71.575000	-72.800000
71.600000	-72.800000
71.625000	-72.800000
71.650000	-72.800000
71.675000	-72.800000
71.700000	-72.800000
71.725000	-72.800000
71.750000	-72.800000
71.775000	-72.800000
71.800000	-72.800000
71.825000	-72.800000
71.850000	-72.800000
71.875000	-72.800000
71.900000	-72.800000
71.925000	-72.800000
71.950000	-72.800000
71.975000	-72.800000
72.000000	-72.800000
72.025000	-72.800000
72.050000	-72.800000
72.075000	-72.800000
72.100000	-72.800000
72.125000	-72.800000
72.150000	-72.800000
72.175000	-72.800000
72.200000	-72.800000
72.225000	-72.800000
72.250000	-72.800000
72.275000	-72.800000
72.300000	-72.800000
72.325000	-72.800000
72.350000	-72.800000
72.375000	-72.800000
72.400000	-72.800000
72.425000	-72.800000
72.450000	-72.800000
72.475000	-72.800000
72.500000	-72.800000
72.525000	-72.800000
72.550000	-72.800000
72.575000	-72.800000
72.600000	-72.800000
72.625000	-72.800000
72.650000	-72.800000
72.675000	-72.800000
72.700000	-72.800000
72.725000	-72.800000
72.750000	-72.800000
72.775000	-72.800000
72.800000	-72.800000
72.825000	-72.800000
72.850000	-72.800000
72.875000	-72.800000
72.900000	-72.800000
72.925000	-72.800000
72.950000	-72.800000
72.975000	-72.800000
73.000000	-72.800000
73.025000	-72.800000
73.050000	-72.800000
73.075000	-72.800000
73.100000	-72.800000
73.125000	-72.800000
73.150000	-72.800000
73.175000	-72.800000
73.200000	-72.800000
73.225000	-72.800000
73.250000	-72.800000
73.275000	-72.800000
73.300000	-72.800000
73.325000	-72.800000
73.350000	-72.800000
73.375000	-72.800000
73.400000	-72.800000
73.425000	-72.800000
73.450000	-72.800000
73.475000	-72.800000
73.500000	-72.800000
73.525000	-72.800000
73.550000	-72.800000
73.575000	-72.800000
73.600000	-72.800000
73.625000	-72.800000
73.650000	-72.800000
73.675000	-72.800000
73.700000	-72.800000
73.725000	-72.800000
73.750000	-72.800000
73.775000	-72.800000
73.800000	-72.800000
73.825000	-72.800000
73.850000	-72.800000
73.875000	-72.800000
73.900000	-72.800000
73.925000	-72.800000
73.950000	-72.800000
73.975000	-72.800000
74.000000	-72.800000
74.025000	-72.800000
74.050000	-72.800000
74.075000	-72.800000
74.100000	-72.800000
74.125000	-72.800000
74.150000	-72.800000
74.175000	-72.800000
74.200000	-72.800000
74.225000	-72.800000
74.250000	-72.800000
74.275000	-72.800000
74.300000	-72.800000
74.325000	-72.800000
74.350000	-72.800000
74.375000	-72.800000
74.400000	-72.800000
74.425000	-72.800000
74.450000	-72.800000
74.475000	-72.800000
74.500000	-72.800000
74.525000	-72.800000
74.550000	-72.800000
74.575000	-72.800000
74.600000	-72.800000
74.625000	-72.800000
74.650000	-72.800000
74.675000	-72.800000
74.700000	-72.800000
74.725000	-72.800000
74.750000	-72.800000
74.775000	-72.800000
74.800000	-72.800000
74.825000	-72.800000
74.850000	-72.800000
74.875000	-72.800000
74.900000	-72.800000
74.925000	-72.800000
74.950000	-72.800000
74.975000	-72.800000
75.000000	-72.800000
75.025000	-72.800000
75.050000	-72.800000
75.075000	-72.800000
75.100000	-72.800000
75.125000	-72.800000
75.150000	-72.800000
75.175000	-72.800000
75.200000	-72.800000
75.225000	-72.800000
75.250000	-72.800000
75.275000	-72.800000
75.300000	-72.800000
75.325000	-72.800000
75.350000	-72.800000
75.375000	-72.800000
75.400000	-72.800000
75.425000	-72.800000
75.450000	-72.800000
75.475000	-72.800000
75.500000	-72.800000
75.525000	-72.800000
75.550000	-72.800000
75.575000	-72.800000
75.600000	-72.800000
75.625000	-72.800000
75.650000	-72.800000
75.675000	-72.800000
75.700000	-72.800000
75.725000	-72.800000
75.750000	-72.800000
75.775000	-72.800000
75.800000	-72.800000
75.825000	-72.800000
75.850000	-72.800000
75.875000	-72.800000
75.900000	-72.800000
75.925000	-72.800000
75.950000	-72.800000
75.975000	-72.800000
76.000000	-72.800000
76.025000	-72.800000
76.050000	-72.800000
76.075000	-72.800000
76.100000	-72.800000
76.125000	-72.800000
76.150000	-72.800000
76.175000	-72.800000
76.200000	-72.800000
76.225000	-72.800000
76.250000	-72.800000
76.275000	-72.800000
76.300000	-72.800000
76.325000	-72.800000
76.350000	-72.800000
76.375000	-72.800000
76.400000	-72.800000
76.425000	-72.800000
76.450000	-72.800000
76.475000	-72.800000
76.500000	-72.800000
76.525000	-72.800000
76.550000	-72.800000
76.575000	-72.800000
76.600000	-72.800000
76.625000	-72.800000
76.650000	-72.800000
76.675000	-72.800000
76.700000	-72.800000
76.725000	-72.800000
76.750000	-72.800000
76.775000	-72.800000
76.800000	-72.800000
76.825000	-72.800000
76.850000	-72.800000
76.875000	-72.800000
76.900000	-72.800000
76.925000	-72.800000
76.950000	-72.800000
76.975000	-72.800000
77.000000	-72.800000
77.025000	-72.800000
77.050000	-72.800000
77.075000	-72.800000
77.100000	-72.800000
77.125000	-72.800000
77.150000	-72.800000
77.175000	-72.800000
77.200000	-72.800000
77.225000	-72.800000
77.250000	-72.800000
77.275000	-72.800000
77.300000	-72.800000
77.325000	-72.800000
77.350000	-72.800000
77.375000	-72.800000
77.400000	-72.800000
77.425000	-72.800000
77.450000	-72.800000
77.475000	-72.800000
77.500000	-72.800000
77.525000	-72.800000
77.550000	-72.800000
77.575000	-72.800000
77.600000	-72.800000
77.625000	-72.800000
77.650000	-72.800000
77.675000	-72.800000
77.700000	-72.800000
77.725000	-72.800000
77.750000	-72.800000
77.775000	-72.800000
77.800000	-72.800000
77.825000	-72.800000
77.850000	-72.800000
77.875000	-72.800000
77.900000	-72.800000
77.925000	-72.800000
77.950000	-72.800000
77.975000	-72.800000
78.000000	-72.800000
78.025000	-72.800000
78.050000	-72.800000
78.075000	-72.800000
78.100000	-72.800000
78.125000	-72.800000
78.150000	-72.800000
78.175000	-72.800000
78.200000	-72.800000
78.225000	-72.800000
78.250000	-72.800000
78.275000	-72.800000
78.300000	-72.800000
78.325000	-72.800000
78.350000	-72.800000
78.375000	-72.800000
78.400000	-72.800000
78.425000	-72.800000
78.450000	-72.800000
78.475000	-72.800000
78.500000	-72.800000
78.525000	-72.800000
78.550000	-72.800000
78.575000	-72.800000
78.600000	-72.800000
78.625000	-72.800000
78.650000	-72.800000
78.675000	-72.800000
78.700000	-72.800000
78.725000	-72.800000
78.750000	-72.800000
78.775000	-72.800000
78.800000	-72.800000
78.825000	-72.800000
78.850000	-72.800000
78.875000	-72.800000
78.900000	-72.800000
78.925000	-72.800000
78.950000	-72.800000
78.975000	-72.800000
79.000000	-72.800000
79.025000	-72.800000
79.050000	-72.800000
79.075000	-72.800000
79.100000	-72.800000
79.125000	-72.800000
79.150000	-72.800000
79.175000	-72.800000
79.200000	-72.800000
79.225000	-72.800000
79.250000	-72.800000
79.275000	-72.800000
79.300000	-72.800000
79.325000	-72.800000
79.350000	-72.800000
79.375000	-72.800000
79.400000	-72.800000
79.425000	-72.800000
79.450000	-72.800000
79.475000	-72.800000
79.500000	-72.800000
79.525000	-72.800000
79.550000	-72.800000
79.575000	-72.800000
79.600000	-72.800000
79.625000	-72.800000
79.650000	-72.800000
79.675000	-72.800000
79.700000	-72.800000
79.725000	-72.800000
79.750000	-72.800000
79.775000	-72.800000
79.800000	-72.800000
79.825000	-72.800000
79.850000	-72.800000
79.875000	-72.800000
79.900000	-72.800000
79.925000	-72.800000
79.950000	-72.800000
79.975000	-72.800000
80.000000	-72.800000
80.025000	-72.800000
80.050000	-72.800000
80.075000	-72.800000
80.100000	-72.800000
80.125000	-72.800000
80.150000	-72.800000
80.175000	-72.800000
80.200000	-72.800000
80.225000	-72.800000
80.250000	-72.800000
80.275000	-72.800000
80.300000	-72.800000
80.325000	-72.800000
80.350000	-72.800000
80.375000	-72.800000
80.400000	-72.800000
80.425000	-72.800000
80.450000	-72.800000
80.475000	-72.800000
80.500000	-72.800000
80.525000	-72.800000
80.550000	-72.800000
80.575000	-72.800000
80.600000	-72.800000
80.625000	-72.800000
80.650000	-72.800000
80.675000	-72.800000
80.700000	-72.800000
80.725000	-72.800000
80.750000	-72.800000
80.775000	-72.800000
80.800000	-72.800000
80.825000	-72.800000
80.850000	-72.800000
80.875000	-72.800000
80.900000	-72.800000
80.925000	-72.800000
80.950000	-72.800000
80.975000	-72.800000
81.000000	-72.800000
81.025000	-72.800000
81.050000	-72.800000
81.075000	-72.800000
81.100000	-72.800000
81.125000	-72.800000
81.150000	-72.800000
81.175000	-72.800000
81.200000	-72.800000
81.225000	-72.800000
81.250000	-72.800000
81.275000	-72.800000
81.300000	-72.800000
81.325000	-72.800000
81.350000	-72.800000
81.375000	-72.800000
81.400000	-72.800000
81.425000	-72.800000
81.450000	-72.800000
81.475000	-72.800000
81.500000	-72.800000
81.525000	-72.800000
81.550000	-72.800000
81.575000	-72.800000
81.600000	-72.800000
81.625000	-72.800000
81.650000	-72.800000
81.675000	-72.800000
81.700000	-72.800000
81.725000	-72.800000
81.750000	-72.800000
81.775000	-72.800000
81.800000	-72.800000
81.825000	-72.800000
81.850000	-72.800000
81.875000	-72.800000
81.900000	-72.800000
81.925000	-72.800000
81.950000	-72.800000
81.975000	-72.800000
82.000000	-72.800000
82.025000	-72.800000
82.050000	-72.800000
82.075000	-72.800000
82.100000	-72.800000
82.125000	-72.800000
82.150000	-72.800000
82.175000	-72.800000
82.200000	-72.800000
82.225000	-72.800000
82.250000	-72.800000
82.275000	-72.800000
82.300000	-72.800000
82.325000	-72.800000
82.350000	-72.800000
82.375000	-72.800000
82.400000	-72.800000
82.425000	-72.800000
82.450000	-72.800000
82.475000	-72.800000
82.500000	-72.800000
82.525000	-72.800000
82.550000	-72.800000
82.575000	-72.800000
82.600000	-72.800000
82.625000	-72.800000
82.650000	-72.800000
82.675000	-72.800000
82.700000	-72.800000
82.725000	-72.800000
82.750000	-72.800000
82.775000	-72.800000
82.800000	-72.800000
82.825000	-72.800000
82.850000	-72.800000
82.875000	-72.800000
82.900000	-72.800000
82.925000	-72.800000
82.950000	-72.800000
82.975000	-72.800000
83.000000	-72.800000
83.025000	-72.800000
83.050000	-72.800000
83.075000	-72.800000
83.100000	-72.800000
83.125000	-72.800000
83.150000	-72.800000
83.175000	-72.800000
83.200000	-72.800000
83.225000	-72.800000
83.250000	-72.800000
83.275000	-72.800000
83.300000	-72.800000
83.325000	-72.800000
83.350000	-72.800000
83.375000	-72.800000
83.400000	-72.800000
83.425000	-72.800000
83.450000	-72.800000
83.475000	-72.800000
83.500000	-72.800000
83.525000	-72.800000
83.550000	-72.800000
83.575000	-72.800000
83.600000	-72.800000
83.625000	-72.800000
83.650000	-72.800000
83.675000	-72.800000
83.700000	-72.800000
83.725000	-72.800000
83.750000	-72.800000
83.775000	-72.800000
83.800000	-72.800000
83.825000	-72.800000
83.850000	-72.800000
83.875000	-72.800000
83.900000	-72.800000
83.925000	-72.800000
83.950000	-72.800000
83.975000	-72.800000
84.000000	-72.800000
84.025000	-72.800000
84.050000	-72.800000
84.075000	-72.800000
84.100000	-72.800000
84.125000	-72.800000
84.150000	-72.800000
84.175000	-72.800000
84.200000	-72.800000
84.225000	-72.800000
84.250000	-72.800000
84.275000	-72.800000
84.300000	-72.800000
84.325000	-72.800000
84.350000	-72.800000
84.375000	-72.800000
84.400000	-72.800000
84.425000	-72.800000
84.450000	-72.800000
84.475000	-72.800000
84.500000	-72.800000
84.525000	-72.800000
84.550000	-72.800000
84.575000	-72.800000
84.600000	-72.800000
84.625000	-72.800000
84.650000	-72.800000
84.675000	-72.800000
84.700000	-72.800000
84.725000	-72.800000
84.750000	-72.800000
84.775000	-72.800000
84.800000	-72.800000
84.825000	-72.800000
84.850000	-72.800000
84.875000	-72.800000
84.900000	-72.800000
84.925000	-72.800000
84.950000	-72.800000
84.975000	-72.800000
85.000000	-72.800000
85.025000	-72.800000
85.050000	-72.800000
85.075000	-72.800000
85.100000	-72.800000
85.125000	-72.800000
85.150000	-72.800000
85.175000	-72.800000
85.200000	-72.800000
85.225000	-72.800000
85.250000	-72.800000
85.275000	-72.800000
85.300000	-72.800000
85.325000	-72.800000
85.350000	-72.800000
85.375000	-72.800000
85.400000	-72.800000
85.425000	-72.800000
85.450000	-72.800000
85.475000	-72.800000
85.500000	-72.800000
85.525000	-72.800000
85.550000	-72.800000
85.575000	-72.800000
85.600000	-72.800000
85.625000	-72.800000
85.650000	-72.800000
85.675000	-72.800000
85.700000	-72.800000
85.725000	-72.800000
85.750000	-72.800000
85.775000	-72.800000
85.800000	-72.800000
85.825000	-72.800000
85.850000	-72.800000
85.875000	-72.800000
85.900000	-72.800000
85.925000	-72.800000
85.950000	-72.800000
85.975000	-72.800000
86.000000	-72.800000
86.025000	-72.800000
86.050000	-72.800000
86.075000	-72.800000
86.100000	-72.800000
86.125000	-72.800000
86.150000	-72.800000
86.175000	-72.800000
86.200000	-72.800000
86.225000	-72.800000
86.250000	-72.800000
86.275000	-72.800000
86.300000	-72.800000
86.325000	-72.800000
86.350000	-72.800000
86.375000	-72.800000
86.400000	-72.800000
86.425000	-72.800000
86.450000	-72.800000
86.475000	-72.800000
86.500000	-72.800000
86.525000	-72.800000
86.550000	-72.800000
86.575000	-72.800000
86.600000	-72.800000
86.625000	-72.800000
86.650000	-72.800000
86.675000	-72.800000
86.700000	-72.800000
86.725000	-72.800000
86.750000	-72.800000
86.775000	-72.800000
86.800000	-72.800000
86.825000	-72.800000
86.850000	-72.800000
86.875000	-72.800000
86.900000	-72.800000
86.925000	-72.800000
86.950000	-72.800000
86.975000	-72.800000
87.000000	-72.800000
87.025000	-72.800000
87.050000	-72.800000
87.075000	-72.800000
87.100000	-72.800000
87.125000	-72.800000
87.150000	-72.800000
87.175000	-72.800000
87.200000	-72.800000
87.225000	-72.800000
87.250000	-72.800000
87.275000	-72.800000
87.300000	-72.800000
87.325000	-72.800000
87.350000	-72.800000
87.375000	-72.800000
87.400000	-72.800000
87.425000	-72.800000
87.450000	-72.800000
87.475000	-72.800000
87.500000	-72.800000
87.525000	-72.800000
87.550000	-72.800000
87.575000	-72.800000
87.600000	-72.800000
87.625000	-72.800000
87.650000	-72.800000
87.675000	-72.800000
87.700000	-72.800000
87.725000	-72.800000
87.750000	-72.800000
87.775000	-72.800000
87.800000	-72.800000
87.825000	-72.800000
87.850000	-72.800000
87.875000	-72.800000
87.900000	-72.800000
87.925000	-72.800000
87.950000	-72.800000
87.975000	-72.800000
88.000000	-72.800000
88.025000	-72.800000
88.050000	-72.800000
88.075000	-72.800000
88.100000	-72.800000
88.125000	-72.800000
88.150000	-72.800000
88.175000	-72.800000
88.200000	-72.800000
88.225000	-72.800000
88.250000	-72.800000
88.275000	-72.800000
88.300000	-72.800000
88.325000	-72.800000
88.350000	-72.800000
88.375000	-72.800000
88.400000	-72.800000
88.425000	-72.800000
88.450000	-72.800000
88.475000	-72.800000
88.500000	-72.800000
88.525000	-72.800000
88.550000	-72.800000
88.575000	-72.800000
88.600000	-72.800000
88.625000	-72.800000
88.650000	-72.800000
88.675000	-72.800000
88.700000	-72.800000
88.725000	-72.800000
88.750000	-72.800000
88.775000	-72.800000
88.800000	-72.800000
88.825000	-72.800000
88.850000	-72.800000
88.875000	-72.800000
88.900000	-72.800000
88.925000	-72.800000
88.950000	-72.800000
88.975000	-72.800000
89.000000	-72.800000
89.025000	-72.800000
89.050000	-72.800000
89.075000	-72.800000
89.100000	-72.800000
89.125000	-72.800000
89.150000	-72.800000
89.175000	-72.800000
89.200000	-72.800000
89.225000	-72.800000
89.250000	-72.800000
89.275000	-72.800000
89.300000	-72.800000
89.325000	-72.800000
89.350000	-72.800000
89.375000	-72.800000
89.400000	-72.800000
89.425000	-72.800000
89.450000	-72.800000
89.475000	-72.800000
89.500000	-72.800000
89.525000	-72.800000
89.550000	-72.800000
89.575000	-72.800000
89.600000	-72.800000
89.625000	-72.800000
89.650000	-72.800000
89.675000	-72.800000
89.700000	-72.800000
89.725000	-72.800000
89.750000	-72.800000
89.775000	-72.800000
89.800000	-72.800000
89.825000	-72.800000
89.850000	-72.800000
89.875000	-72.800000
89.900000	-72.800000
89.925000	-72.800000
89.950000	-72.800000
89.975000	-72.800000
90.000000	-72.800000
90.025000	-72.800000
90.050000	-72.800000
90.075000	-72.800000
90.100000	-72.800000
90.125000	-72.800000
90.150000	-72.800000
90.175000	-72.800000
90.200000	-72.800000
90.225000	-72.800000
90.250000	-72.800000
90.275000	-72.800000
90.300000	-72.800000
90.325000	-72.800000
90.350000	-72.800000
90.375000	-72.800000
90.400000	-72.800000
90.425000	-72.800000
90.450000	-72.800000
90.475000	-72.800000
90.500000	-72.800000
90.525000	-72.800000
90.550000	-72.800000
90.575000	-72.800000
90.600000	-72.800000
90.625000	-72.800000
90.650000	-72.800000
90.675000	-72.800000
90.700000	-72.800000
90.725000	-72.800000
90.750000	-72.800000
90.775000	-72.800000
90.800000	-72.800000
90.825000	-72.800000
90.850000	-72.800000
90.875000	-72.800000
90.900000	-72.800000
90.925000	-72.800000
90.950000	-72.800000
90.975000	-72.800000
91.000000	-72.800000
91.025000	-72.800000
91.050000	-72.800000
91.075000	-72.800000
91.100000	-72.800000
91.125000	-72.800000
91.150000	-72.800000
91.175000	-72.800000
91.200000	-72.800000
91.225000	-72.800000
91.250000	-72.800000
91.275000	-72.800000
91.300000	-72.800000
91.325000	-72.800000
91.350000	-72.800000
91.375000	-72.800000
91.400000	-72.800000
91.425000	-72.800000
91.450000	-72.800000
91.475000	-72.800000
91.500000	-72.800000
91.525000	-72.800000
91.550000	-72.800000
91.575000	-72.800000
91.600000	-72.800000
91.625000	-72.800000
91.650000	-72.800000
91.675000	-72.800000
91.700000	-72.800000
91.725000	-72.800000
91.750000	-72.800000
91.775000	-72.800000
91.800000	-72.800000
91.825000	-72.800000
91.850000	-72.800000
91.875000	-72.800000
91.900000	-72.800000
91.925000	-72.800000
91.950000	-72.800000
91.975000	-72.800000
92.000000	-72.800000
92.025000	-72.800000
92.050000	-72.800000
92.075000	-72.800000
92.100000	-72.800000
92.125000	-72.800000
92.150000	-72.800000
92.175000	-72.800000
92.200000	-72.800000
92.225000	-72.800000
92.250000	-72.800000
92.275000	-72.800000
92.300000	-72.800000
92.325000	-72.800000
92.350000	-72.800000
92.375000	-72.800000
92.400000	-72.800000
92.425000	-72.800000
92.450000	-72.800000
92.475000	-72.800000
92.500000	-72.800000
92.525000	-72.800000
92.550000	-72.800000
92.575000	-72.800000
92.600000	-72.800000
92.625000	-72.800000
92.650000	-72.800000
92.675000	-72.800000
92.700000	-72.800000
92.725000	-72.800000
92.750000	-72.800000
92.775000	-72.800000
92.800000	-72.800000
92.825000	-72.800000
92.850000	-72.800000
92.875000	-72.800000
92.900000	-72.800000
92.925000	-72.800000
92.950000	-72.800000
92.975000	-72.800000
93.000000	-72.800000
93.025000	-72.800000
93.050000	-72.800000
93.075000	-72.800000
93.100000	-72.800000
93.125000	-72.800000
93.150000	-72.800000
93.175000	-72.800000
93.200000	-72.800000
93.225000	-72.800000
93.250000	-72.800000
93.275000	-72.800000
93.300000	-72.800000
93.325000	-72.800000
93.350000	-72.800000
93.375000	-72.800000
93.400000	-72.800000
93.425000	-72.800000
93.450000	-72.800000
93.475000	-72.800000
93.500000	-72.800000
93.525000	-72.800000
93.550000	-72.800000
93.575000	-72.800000
93.600000	-72.800000
93.625000	-72.800000
93.650000	-72.800000
93.675000	-72.800000
93.700000	-72.800000
93.725000	-72.800000
93.750000	-72.800000
93.775000	-72.800000
93.800000	-72.800000
93.825000	-72.800000
93.850000	-72.800000
93.875000	-72.800000
93.900000	-72.800000
93.925000	-72.800000
93.950000	-72.800000
93.975000	-72.800000
94.000000	-72.800000
94.025000	-72.800000
94.050000	-72.800000
94.075000	-72.800000
94.100000	-72.800000
94.125000	-72.800000
94.150000	-72.800000
94.175000	-72.800000
94.200000	-72.800000
94.225000	-72.800000
94.250000	-72.800000
94.275000	-72.800000
94.300000	-72.800000
94.325000	-72.800000
94.350000	-72.800000
94.375000	-72.800000
94.400000	-72.800000
94.425000	-72.800000
94.450000	-72.800000
94.475000	-72.800000
94.500000	-72.800000
94.525000	-72.800000
94.550000	-72.800000
94.575000	-72.800000
94.600000	-72.800000
94.625000	-72.800000
94.650000	-72.800000
94.675000	-72.800000
94.700000	-72.800000
94.725000	-72.800000
94.750000	-72.800000
94.775000	-72.800000
94.800000	-72.800000
94.825000	-72.800000
94.850000	-72.800000
94.875000	-72.800000
94.900000	-72.800000
94.925000	-72.800000
94.950000	-72.800000
94.975000	-72.800000
95.000000	-72.800000
95.025000	-72.800000
95.050000	-72.800000
95.075000	-72.800000
95.100000	-72.800000
95.125000	-72.800000
95.150000	-72.800000
95.175000	-72.800000
95.200000	-72.800000
95.225000	-72.800000
95.250000	-72.800000
95.275000	-72.800000
95.300000	-72.800000
95.325000	-72.800000
95.350000	-72.800000
95.375000	-72.800000
95.400000	-72.800000
95.425000	-72.800000
95.450000	-72.800000
95.475000	-72.800000
95.500000	-72.800000
95.525000	-72.800000
95.550000	-72.800000
95.575000	-72.800000
95.600000	-72.800000
95.625000	-72.800000
95.650000	-72.800000
95.675000	-72.800000
95.700000	-72.800000
95.725000	-72.800000
95.750000	-72.800000
95.775000	-72.800000
95.800000	-72.800000
95.825000	-72.800000
95.850000	-72.800000
95.875000	-72.800000
95.900000	-72.800000
95.925000	-72.800000
95.950000	-72.800000
95.975000	-72.800000
96.000000	-72.800000
96.025000	-72.800000
96.050000	-72.800000
96.075000	-72.800000
96.100000	-72.800000
96.125000	-72.800000
96.150000	-72.800000
96.175000	-72.800000
96.200000	-72.800000
96.225000	-72.800000
96.250000	-72.800000
96.275000	-72.800000
96.300000	-72.800000
96.325000	-72.800000
96.350000	-72.800000
96.375000	-72.800000
96.400000	-72.800000
96.425000	-72.800000
96.450000	-72.800000
96.475000	-72.800000
96.500000	-72.800000
96.525000	-72.800000
96.550000	-72.800000
96.575000	-72.800000
96.600000	-72.800000
96.625000	-72.800000
96.650000	-72.800000
96.675000	-72.800000
96.700000	-72.800000
96.725000	-72.800000
96.750000	-72.800000
96.775000	-72.800000
96.800000	-72.800000
96.825000	-72.800000
96.850000	-72.800000
96.875000	-72.800000
96.900000	-72.800000
96.925000	-72.800000
96.950000	-72.800000
96.975000	-72.800000
97.000000	-72.800000
97.025000	-72.800000
97.050000	-72.800000
97.075000	-72.800000
97.100000	-72.800000
97.125000	-72.800000
97.150000	-72.800000
97.175000	-72.800000
97.200000	-72.800000
97.225000	-72.800000
97.250000	-72.800000
97.275000	-72.800000
97.300000	-72.800000
97.325000	-72.800000
97.350000	-72.800000
97.375000	-72.800000
97.400000	-72.800000
97.425000	-72.800000
97.450000	-72.800000
97.475000	-72.800000
97.500000	-72.800000
97.525000	-72.800000
97.550000	-72.800000
97.575000	-72.800000
97.600000	-72.800000
97.625000	-72.800000
97.650000	-72.800000
97.675000	-72.800000
97.700000	-72.800000
97.725000	-72.800000
97.750000	-72.800000
97.775000	-72.800000
97.800000	-72.800000
97.825000	-72.800000
97.850000	-72.800000
97.875000	-72.800000
97.900000	-72.800000
97.925000	-72.800000
97.950000	-72.800000
97.975000	-72.800000
98.000000	-72.800000
98.025000	-72.800000
98.050000	-72.800000
98.075000	-72.800000
98.100000	-72.800000
98.125000	-72.800000
98.150000	-72.800000
98.175000	-72.800000
98.200000	-72.800000
98.225000	-72.800000
98.250000	-72.800000
98.275000	-72.800000
98.300000	-72.800000
98.325000	-72.800000
98.350000	-72.800000
98.375000	-72.800000
98.400000	-72.800000
98.425000	-72.800000
98.450000	-72.800000
98.475000	-72.800000
98.500000	-72.800000
98.525000	-72.800000
98.550000	-72.800000
98.575000	-72.800000
98.600000	-72.800000
98.625000	-72.800000
98.650000	-72.800000
98.675000	-72.800000
98.700000	-72.800000
98.725000	-72.800000
98.750000	-72.800000
98.775000	-72.800000
98.800000	-72.800000
98.825000	-72.800000
98.850000	-72.800000
98.875000	-72.800000
98.900000	-72.800000
98.925000	-72.800000
98.950000	-72.800000
98.975000	-72.800000
99.000000	-72.800000
99.025000	-72.800000
99.050000	-72.800000
99.075000	-72.800000
99.100000	-72.800000
99.125000	-72.800000
99.150000	-72.800000
99.175000	-72.800000
99.200000	-72.800000
99.225000	-72.800000
99.250000	-72.800000
99.275000	-72.800000
99.300000	-72.800000
99.325000	-72.800000
99.350000	-72.800000
99.375000	-72.800000
99.400000	-72.800000
99.425000	-72.800000
99.450000	-72.800000
99.475000	-72.800000
99.500000	-72.800000
99.525000	-72.800000
99.550000	-72.800000
99.575000	-72.800000
99.600000	-72.800000
99.625000	-72.800000
99.650000	-72.800000
99.675000	-72.800000
99.700000	-72.800000
99.725000	-72.800000
99.750000	-72.800000
99.775000	-72.800000
99.800000	-72.800000
99.825000	-72.800000
99.850000	-72.800000
99.875000	-72.800000
99.900000	-72.800000
99.925000	-72.800000
99.950000	-72.800000
99.975000	-72.800000
100.000000	-72.800000
100.025000	-72.804570
100.050000	-72.808442
100.075000	-72.811937
100.100000	-72.815182
100.125000	-72.818244
100.150000	-72.821163
100.175000	-72.823964
100.200000	-72.826667
100.225000	-72.829285
100.250000	-72.831829
100.275000	-72.834306
100.300000	-72.836723
100.325000	-72.839087
100.350000	-72.841400
100.375000	-72.843669
100.400000	-72.845895
100.425000	-72.848083
100.450000	-72.850234
100.475000	-72.852352
100.500000	-72.854437
100.525000	-72.856493
100.550000	-72.858520
100.575000	-72.860521
100.600000	-72.862496
100.625000	-72.864448
100.650000	-72.866376
100.675000	-72.868283
100.700000	-72.870168
100.725000	-72.872034
100.750000	-72.873881
100.775000	-72.875710
100.800000	-72.877521
100.825000	-72.879315
100.850000	-72.881093
100.875000	-72.882855
100.900000	-72.884603
100.925000	-72.886335
100.950000	-72.888054
100.975000	-72.889759
101.000000	-72.891451
101.025000	-72.893130
101.050000	-72.894797
101.075000	-72.896452
101.100000	-72.898095
101.125000	-72.899728
101.150000	-72.901349
101.175000	-72.902959
101.200000	-72.904559
101.225000	-72.906149
101.250000	-72.907730
101.275000	-72.909301
101.300000	-72.910862
101.325000	-72.912414
101.350000	-72.913958
101.375000	-72.915493
101.400000	-72.917019
101.425000	-72.918537
101.450000	-72.920048
101.475000	-72.921550
101.500000	-72.923044
101.525000	-72.924531
101.550000	-72.926011
101.575000	-72.927484
101.600000	-72.928949
101.625000	-72.930408
101.650000	-72.931859
101.675000	-72.933304
101.700000	-72.934743
101.725000	-72.936175
101.750000	-72.937601
101.775000	-72.939021
101.800000	-72.940435
101.825000	-72.941843
101.850000	-72.943245
101.875000	-72.944641
101.900000	-72.946032
101.925000	-72.947418
101.950000	-72.948798
101.975000	-72.950172
102.000000	-72.951542
102.025000	-72.952906
102.050000	-72.954265
102.075000	-72.955619
102.100000	-72.956969
102.125000	-72.958313
102.150000	-72.959653
102.175000	-72.960989
102.200000	-72.962319
102.225000	-72.963645
102.250000	-72.964967
102.275000	-72.966285
102.300000	-72.967598
102.325000	-72.968906
102.350000	-72.970211
102.375000	-72.971512
102.400000	-72.972808
102.425000	-72.974101
102.450000	-72.975389
102.475000	-72.976674
102.500000	-72.977955
102.525000	-72.979232
102.550000	-72.980505
102.575000	-72.981775
102.600000	-72.983041
102.625000	-72.984304
102.650000	-72.985563
102.675000	-72.986819
102.700000	-72.988071
102.725000	-72.989319
102.750000	-72.990565
102.775000	-72.991807
102.800000	-72.993046
102.825000	-72.994282
102.850000	-72.995514
102.875000	-72.996743
102.900000	-72.997970
102.925000	-72.999193
102.950000	-73.000413
102.975000	-73.001630
103.000000	-73.002845
103.025000	-73.004056
103.050000	-73.005265
103.075000	-73.006470
103.100000	-73.007673
103.125000	-73.008874
103.150000	-73.010071
103.175000	-73.011266
103.200000	-73.012458
103.225000	-73.013647
103.250000	-73.014834
103.275000	-73.016018
103.300000	-73.017200
103.325000	-73.018379
103.350000	-73.019556
103.375000	-73.020730
103.400000	-73.021901
103.425000	-73.023071
103.450000	-73.024238
103.475000	-73.025402
103.500000	-73.026565
103.525000	-73.027725
103.550000	-73.028882
103.575000	-73.030038
103.600000	-73.031191
103.625000	-73.032342
103.650000	-73.033491
103.675000	-73.034637
103.700000	-73.035782
103.725000	-73.036924
103.750000	-73.038065
103.775000	-73.039203
103.800000	-73.040339
103.825000	-73.041473
103.850000	-73.042605
103.875000	-73.043735
103.900000	-73.044864
103.925000	-73.045990
103.950000	-73.047114
103.975000	-73.048237
104.000000	-73.049357
104.025000	-73.050476
104.050000	-73.051592
104.075000	-73.052707
104.100000	-73.053821
104.125000	-73.054932
104.150000	-73.056041
104.175000	-73.057149
104.200000	-73.058255
104.225000	-73.059359
104.250000	-73.060462
104.275000	-73.061563
104.300000	-73.062662
104.325000	-73.063760
104.350000	-73.064856
104.375000	-73.065950
104.400000	-73.067043
104.425000	-73.068134
104.450000	-73.069223
104.475000	-73.070311
104.500000	-73.071397
104.525000	-73.072482
104.550000	-73.073565
104.575000	-73.074647
104.600000	-73.075727
104.625000	-73.076806
104.650000	-73.077883
104.675000	-73.078959
104.700000	-73.080033
104.725000	-73.081106
104.750000	-73.082178
104.775000	-73.083248
104.800000	-73.084316
104.825000	-73.085384
104.850000	-73.086450
104.875000	-73.087514
104.900000	-73.088577
104.925000	-73.089639
104.950000	-73.090700
104.975000	-73.091759
105.000000	-73.092817
105.025000	-73.093873
105.050000	-73.094929
105.075000	-73.095983
105.100000	-73.097036
105.125000	-73.098087
105.150000	-73.099138
105.175000	-73.100187
105.200000	-73.101234
105.225000	-73.102281
105.250000	-73.103327
105.275000	-73.104371
105.300000	-73.105414
105.325000	-73.106456
105.350000	-73.107497
105.375000	-73.108536
105.400000	-73.109575
105.425000	-73.110612
105.450000	-73.111648
105.475000	-73.112683
105.500000	-73.113717
105.525000	-73.114750
105.550000	-73.115782
105.575000	-73.116813
105.600000	-73.117843
105.625000	-73.118871
105.650000	-73.119899
105.675000	-73.120925
105.700000	-73.121951
105.725000	-73.122975
105.750000	-73.123999
105.775000	-73.125021
105.800000	-73.126042
105.825000	-73.127063
105.850000	-73.128082
105.875000	-73.129101
105.900000	-73.130118
105.925000	-73.131135
105.950000	-73.132150
105.975000	-73.133165
106.000000	-73.134179
106.025000	-73.135191
106.050000	-73.136203
106.075000	-73.137214
106.100000	-73.138224
106.125000	-73.139233
106.150000	-73.140241
106.175000	-73.141248
106.200000	-73.142255
106.225000	-73.143260
106.250000	-73.144265
106.275000	-73.145269
106.300000	-73.146271
106.325000	-73.147273
106.350000	-73.148275
106.375000	-73.149275
106.400000	-73.150274
106.425000	-73.151273
106.450000	-73.152271
106.475000	-73.153268
106.500000	-73.154264
106.525000	-73.155260
106.550000	-73.156254
106.575000	-73.157248
106.600000	-73.158241
106.625000	-73.159233
106.650000	-73.160225
106.675000	-73.161215
106.700000	-73.162205
106.725000	-73.163194
106.750000	-73.164183
106.775000	-73.165170
106.800000	-73.166157
106.825000	-73.167143
106.850000	-73.168129
106.875000	-73.169113
106.900000	-73.170097
106.925000	-73.171081
106.950000	-73.172063
106.975000	-73.173045
107.000000	-73.174026
107.025000	-73.175006
107.050000	-73.175986
107.075000	-73.176965
107.100000	-73.177943
107.125000	-73.178921
107.150000	-73.179898
107.175000	-73.180874
107.200000	-73.181850
107.225000	-73.182824
107.250000	-73.183799
107.275000	-73.184772
107.300000	-73.185745
107.325000	-73.186718
107.350000	-73.187689
107.375000	-73.188660
107.400000	-73.189631
107.425000	-73.190600
107.450000	-73.191570
107.475000	-73.192538
107.500000	-73.193506
107.525000	-73.194473
107.550000	-73.195440
107.575000	-73.196406
107.600000	-73.197371
107.625000	-73.198336
107.650000	-73.199300
107.675000	-73.200264
107.700000	-73.201227
107.725000	-73.202190
107.750000	-73.203151
107.775000	-73.204113
107.800000	-73.205073
107.825000	-73.206034
107.850000	-73.206993
107.875000	-73.207952
107.900000	-73.208911
107.925000	-73.209869
107.950000	-73.210826
107.975000	-73.211783
108.000000	-73.212739
108.025000	-73.213695
108.050000	-73.214650
108.075000	-73.215605
108.100000	-73.216559
108.125000	-73.217512
108.150000	-73.218465
108.175000	-73.219418
108.200000	-73.220370
108.225000	-73.221322
108.250000	-73.222272
108.275000	-73.223223
108.300000	-73.224173
108.325000	-73.225122
108.350000	-73.226071
108.375000	-73.227020
108.400000	-73.227968
108.425000	-73.228915
108.450000	-73.229862
108.475000	-73.230809
108.500000	-73.231755
108.525000	-73.232700
108.550000	-73.233645
108.575000	-73.234590
108.600000	-73.235534
108.625000	-73.236478
108.650000	-73.237421
108.675000	-73.238363
108.700000	-73.239306
108.725000	-73.240247
108.750000	-73.241189
108.775000	-73.242129
108.800000	-73.243070
108.825000	-73.244010
108.850000	-73.244949
108.875000	-73.245888
108.900000	-73.246827
108.925000	-73.247765
108.950000	-73.248703
108.975000	-73.249640
109.000000	-73.250577
109.025000	-73.251513
109.050000	-73.252449
109.075000	-73.253385
109.100000	-73.254320
109.125000	-73.255255
109.150000	-73.256189
109.175000	-73.257123
109.200000	-73.258057
109.225000	-73.258990
109.250000	-73.259922
109.275000	-73.260855
109.300000	-73.261786
109.325000	-73.262718
109.350000	-73.263649
109.375000	-73.264579
109.400000	-73.265510
109.425000	-73.266440
109.450000	-73.267369
109.475000	-73.268298
109.500000	-73.269227
109.525000	-73.270155
109.550000	-73.271083
109.575000	-73.272010
109.600000	-73.272937
109.625000	-73.273864
109.650000	-73.274791
109.675000	-73.275717
109.700000	-73.276642
109.725000	-73.277567
109.750000	-73.278492
109.775000	-73.279417
109.800000	-73.280341
109.825000	-73.281265
109.850000	-73.282188
109.875000	-73.283111
109.900000	-73.284034
109.925000	-73.284956
109.950000	-73.285878
109.975000	-73.286800
110.000000	-73.287721
110.025000	-73.288642
110.050000	-73.289563
110.075000	-73.290483
110.100000	-73.291403
110.125000	-73.292322
110.150000	-73.293241
110.175000	-73.294160
110.200000	-73.295079
110.225000	-73.295997
110.250000	-73.296915
110.275000	-73.297832
110.300000	-73.298750
110.325000	-73.299666
110.350000	-73.300583
110.375000	-73.301499
110.400000	-73.302415
110.425000	-73.303331
110.450000	-73.304246
110.475000	-73.305161
110.500000	-73.306075
110.525000	-73.306990
110.550000	-73.307903
110.575000	-73.308817
110.600000	-73.309730
110.625000	-73.310643
110.650000	-73.311556
110.675000	-73.312468
110.700000	-73.313381
110.725000	-73.314292
110.750000	-73.315204
110.775000	-73.316115
110.800000	-73.317026
110.825000	-73.317936
110.850000	-73.318847
110.875000	-73.319757
110.900000	-73.320666
110.925000	-73.321576
110.950000	-73.322485
110.975000	-73.323393
111.000000	-73.324302
111.025000	-73.325210
111.050000	-73.326118
111.075000	-73.327026
111.100000	-73.327933
111.125000	-73.328840
111.150000	-73.329747
111.175000	-73.330653
111.200000	-73.331559
111.225000	-73.332465
111.250000	-73.333371
111.275000	-73.334276
111.300000	-73.335181
111.325000	-73.336086
111.350000	-73.336990
111.375000	-73.337895
111.400000	-73.338799
111.425000	-73.339702
111.450000	-73.340606
111.475000	-73.341509
111.500000	-73.342412
111.525000	-73.343314
111.550000	-73.344217
111.575000	-73.345119
111.600000	-73.346021
111.625000	-73.346922
111.650000	-73.347824
111.675000	-73.348725
111.700000	-73.349625
111.725000	-73.350526
111.750000	-73.351426
111.775000	-73.352326
111.800000	-73.353226
111.825000	-73.354125
111.850000	-73.355025
111.875000	-73.355924
111.900000	-73.356822
111.925000	-73.357721
111.950000	-73.358619
111.975000	-73.359517
112.000000	-73.360415
112.025000	-73.361312
112.050000	-73.362209
112.075000	-73.363106
112.100000	-73.364003
112.125000	-73.364900
112.150000	-73.365796
112.175000	-73.366692
112.200000	-73.367588
112.225000	-73.368483
112.250000	-73.369378
112.275000	-73.370274
112.300000	-73.371168
112.325000	-73.372063
112.350000	-73.372957
112.375000	-73.373851
112.400000	-73.374745
112.425000	-73.375639
112.450000	-73.376532
112.475000	-73.377426
112.500000	-73.378319
112.525000	-73.379211
112.550000	-73.380104
112.575000	-73.380996
112.600000	-73.381888
112.625000	-73.382780
112.650000	-73.383671
112.675000	-73.384563
112.700000	-73.385454
112.725000	-73.386345
112.750000	-73.387236
112.775000	-73.388126
112.800000	-73.389016
112.825000	-73.389906
112.850000	-73.390796
112.875000	-73.391686
112.900000	-73.392575
112.925000	-73.393464
112.950000	-73.394353
112.975000	-73.395242
113.000000	-73.396130
113.025000	-73.397019
113.050000	-73.397907
113.075000	-73.398795
113.100000	-73.399682
113.125000	-73.400570
113.150000	-73.401457
113.175000	-73.402344
113.200000	-73.403231
113.225000	-73.404117
113.250000	-73.405004
113.275000	-73.405890
113.300000	-73.406776
113.325000	-73.407662
113.350000	-73.408547
113.375000	-73.409433
113.400000	-73.410318
113.425000	-73.411203
113.450000	-73.412088
113.475000	-73.412972
113.500000	-73.413857
113.525000	-73.414741
113.550000	-73.415625
113.575000	-73.416508
113.600000	-73.417392
113.625000	-73.418275
113.650000	-73.419159
113.675000	-73.420042
113.700000	-73.420924
113.725000	-73.421807
113.750000	-73.422689
113.775000	-73.423571
113.800000	-73.424453
113.825000	-73.425335
113.850000	-73.426217
113.875000	-73.427098
113.900000	-73.427979
113.925000	-73.428860
113.950000	-73.429741
113.975000	-73.430622
114.000000	-73.431502
114.025000	-73.432383
114.050000	-73.433263
114.075000	-73.434143
114.100000	-73.435022
114.125000	-73.435902
114.150000	-73.436781
114.175000	-73.437660
114.200000	-73.438539
114.225000	-73.439418
114.250000	-73.440297
114.275000	-73.441175
114.300000	-73.442053
114.325000	-73.442931
114.350000	-73.443809
114.375000	-73.444687
114.400000	-73.445564
114.425000	-73.446442
114.450000	-73.447319
114.475000	-73.448196
114.500000	-73.449072
114.525000	-73.449949
114.550000	-73.450825
114.575000	-73.451702
114.600000	-73.452578
114.625000	-73.453454
114.650000	-73.454329
114.675000	-73.455205
114.700000	-73.456080
114.725000	-73.456955
114.750000	-73.457830
114.775000	-73.458705
114.800000	-73.459580
114.825000	-73.460454
114.850000	-73.461329
114.875000	-73.462203
114.900000	-73.463077
114.925000	-73.463951
114.950000	-73.464824
114.975000	-73.465698
115.000000	-73.466571
115.025000	-73.467444
115.050000	-73.468317
115.075000	-73.469190
115.100000	-73.470062
115.125000	-73.470935
115.150000	-73.471807
115.175000	-73.472679
115.200000	-73.473551
115.225000	-73.474423
115.250000	-73.475295
115.275000	-73.476166
115.300000	-73.477037
115.325000	-73.477908
115.350000	-73.478779
115.375000	-73.479650
115.400000	-73.480521
115.425000	-73.481391
115.450000	-73.482262
115.475000	-73.483132
115.500000	-73.484002
115.525000	-73.484871
115.550000	-73.485741
115.575000	-73.486611
115.600000	-73.487480
115.625000	-73.488349
115.650000	-73.489218
115.675000	-73.490087
115.700000	-73.490956
115.725000	-73.491824
115.750000	-73.492692
115.775000	-73.493561
115.800000	-73.494429
115.825000	-73.495297
115.850000	-73.496164
115.875000	-73.497032
115.900000	-73.497899
115.925000	-73.498767
115.950000	-73.499634
115.975000	-73.500501
116.000000	-73.501367
116.025000	-73.502234
116.050000	-73.503101
116.075000	-73.503967
116.100000	-73.504833
116.125000	-73.505699
116.150000	-73.506565
116.175000	-73.507431
116.200000	-73.508296
116.225000	-73.509162
116.250000	-73.510027
116.275000	-73.510892
116.300000	-73.511757
116.325000	-73.512622
116.350000	-73.513486
116.375000	-73.514351
116.400000	-73.515215
116.425000	-73.516080
116.450000	-73.516944
116.475000	-73.517808
116.500000	-73.518671
116.525000	-73.519535
116.550000	-73.520398
116.575000	-73.521262
116.600000	-73.522125
116.625000	-73.522988
116.650000	-73.523851
116.675000	-73.524713
116.700000	-73.525576
116.725000	-73.526439
116.750000	-73.527301
116.775000	-73.528163
116.800000	-73.529025
116.825000	-73.529887
116.850000	-73.530749
116.875000	-73.531610
116.900000	-73.532471
116.925000	-73.533333
116.950000	-73.534194
116.975000	-73.535055
117.000000	-73.535916
117.025000	-73.536776
117.050000	-73.537637
117.075000	-73.538497
117.100000	-73.539358
117.125000	-73.540218
117.150000	-73.541078
117.175000	-73.541938
117.200000	-73.542797
117.225000	-73.543657
117.250000	-73.544516
117.275000	-73.545376
117.300000	-73.546235
117.325000	-73.547094
117.350000	-73.547953
117.375000	-73.548811
117.400000	-73.549670
117.425000	-73.550528
117.450000	-73.551387
117.475000	-73.552245
117.500000	-73.553103
117.525000	-73.553961
117.550000	-73.554819
117.575000	-73.555676
117.600000	-73.556534
117.625000	-73.557391
117.650000	-73.558248
117.675000	-73.559105
117.700000	-73.559962
117.725000	-73.560819
117.750000	-73.561676
117.775000	-73.562532
117.800000	-73.563389
117.825000	-73.564245
117.850000	-73.565101
117.875000	-73.565957
117.900000	-73.566813
117.925000	-73.567669
117.950000	-73.568524
117.975000	-73.569380
118.000000	-73.570235
118.025000	-73.571090
118.050000	-73.571945
118.075000	-73.572800
118.100000	-73.573655
118.125000	-73.574509
118.150000	-73.575364
118.175000	-73.576218
118.200000	-73.577073
118.225000	-73.577927
118.250000	-73.578781
118.275000	-73.579634
118.300000	-73.580488
118.325000	-73.581342
118.350000	-73.582195
118.375000	-73.583049
118.400000	-73.583902
118.425000	-73.584755
118.450000	-73.585608
118.475000	-73.586461
118.500000	-73.587313
118.525000	-73.588166
118.550000	-73.589018
118.575000	-73.589871
118.600000	-73.590723
118.625000	-73.591575
118.650000	-73.592427
118.675000	-73.593278
118.700000	-73.594130
118.725000	-73.594982
118.750000	-73.595833
118.775000	-73.596684
118.800000	-73.597535
118.825000	-73.598386
118.850000	-73.599237
118.875000	-73.600088
118.900000	-73.600939
118.925000	-73.601789
118.950000	-73.602639
118.975000	-73.603490
119.000000	-73.604340
119.025000	-73.605190
119.050000	-73.606040
119.075000	-73.606889
119.100000	-73.607739
119.125000	-73.608588
119.150000	-73.609438
119.175000	-73.610287
119.200000	-73.611136
119.225000	-73.611985
119.250000	-73.612834
119.275000	-73.613683
119.300000	-73.614531
119.325000	-73.615380
119.350000	-73.616228
119.375000	-73.617076
119.400000	-73.617925
119.425000	-73.618773
119.450000	-73.619620
119.475000	-73.620468
119.500000	-73.621316
119.525000	-73.622163
119.550000	-73.623011
119.575000	-73.623858
119.600000	-73.624705
119.625000	-73.625552
119.650000	-73.626399
119.675000	-73.627246
119.700000	-73.628092
119.725000	-73.628939
119.750000	-73.629785
119.775000	-73.630631
119.800000	-73.631478
119.825000	-73.632324
119.850000	-73.633170
119.875000	-73.634015
119.900000	-73.634861
119.925000	-73.635707
119.950000	-73.636552
119.975000	-73.637397
120.000000	-73.638242
120.025000	-73.639088
120.050000	-73.639932
120.075000	-73.640777
120.100000	-73.641622
120.125000	-73.642467
120.150000	-73.643311
120.175000	-73.644155
120.200000	-73.645000
120.225000	-73.645844
120.250000	-73.646688
120.275000	-73.647532
120.300000	-73.648375
120.325000	-73.649219
120.350000	-73.650063
120.375000	-73.650906
120.400000	-73.651749
120.425000	-73.652592
120.450000	-73.653435
120.475000	-73.654278
120.500000	-73.655121
120.525000	-73.655964
120.550000	-73.656806
120.575000	-73.657649
120.600000	-73.658491
120.625000	-73.659333
120.650000	-73.660176
120.675000	-73.661017
120.700000	-73.661859
120.725000	-73.662701
120.750000	-73.663543
120.775000	-73.664384
120.800000	-73.665226
120.825000	-73.666067
120.850000	-73.666908
120.875000	-73.667749
120.900000	-73.668590
120.925000	-73.669431
120.950000	-73.670272
120.975000	-73.671112
121.000000	-73.671953
121.025000	-73.672793
121.050000	-73.673633
121.075000	-73.674473
121.100000	-73.675313
121.125000	-73.676153
121.150000	-73.676993
121.175000	-73.677833
121.200000	-73.678672
121.225000	-73.679512
121.250000	-73.680351
121.275000	-73.681190
121.300000	-73.682029
121.325000	-73.682868
121.350000	-73.683707
121.375000	-73.684546
121.400000	-73.685385
121.425000	-73.686223
121.450000	-73.687062
121.475000	-73.687900
121.500000	-73.688738
121.525000	-73.689576
121.550000	-73.690414
121.575000	-73.691252
121.600000	-73.692090
121.625000	-73.692927
121.650000	-73.693765
121.675000	-73.694602
121.700000	-73.695440
121.725000	-73.696277
121.750000	-73.697114
121.775000	-73.697951
121.800000	-73.698788
121.825000	-73.699624
121.850000	-73.700461
121.875000	-73.701298
121.900000	-73.702134
121.925000	-73.702970
121.950000	-73.703806
121.975000	-73.704642
122.000000	-73.705478
122.025000	-73.706314
122.050000	-73.707150
122.075000	-73.707986
122.100000	-73.708821
122.125000	-73.709657
122.150000	-73.710492
122.175000	-73.711327
122.200000	-73.712162
122.225000	-73.712997
122.250000	-73.713832
122.275000	-73.714667
122.300000	-73.715501
122.325000	-73.716336
122.350000	-73.717170
122.375000	-73.718004
122.400000	-73.718839
122.425000	-73.719673
122.450000	-73.720507
122.475000	-73.721340
122.500000	-73.722174
122.525000	-73.723008
122.550000	-73.723841
122.575000	-73.724675
122.600000	-73.725508
122.625000	-73.726341
122.650000	-73.727174
122.675000	-73.728007
122.700000	-73.728840
122.725000	-73.729673
122.750000	-73.730506
122.775000	-73.731338
122.800000	-73.732171
122.825000	-73.733003
122.850000	-73.733835
122.875000	-73.734667
122.900000	-73.735499
122.925000	-73.736331
122.950000	-73.737163
122.975000	-73.737995
123.000000	-73.738826
123.025000	-73.739658
123.050000	-73.740489
123.075000	-73.741320
123.100000	-73.742151
123.125000	-73.742982
123.150000	-73.743813
123.175000	-73.744644
123.200000	-73.745475
123.225000	-73.746306
123.250000	-73.747136
123.275000	-73.747966
123.300000	-73.748797
123.325000	-73.749627
123.350000	-73.750457
123.375000	-73.751287
123.400000	-73.752117
123.425000	-73.752947
123.450000	-73.753776
123.475000	-73.754606
123.500000	-73.755435
123.525000	-73.756264
123.550000	-73.757094
123.575000	-73.757923
123.600000	-73.758752
123.625000	-73.759581
123.650000	-73.760409
123.675000	-73.761238
123.700000	-73.762067
123.725000	-73.762895
123.750000	-73.763724
123.775000	-73.764552
123.800000	-73.765380
123.825000	-73.766208
123.850000	-73.767036
123.875000	-73.767864
123.900000	-73.768692
123.925000	-73.769519
123.950000	-73.770347
123.975000	-73.771174
124.000000	-73.772002
124.025000	-73.772829
124.050000	-73.773656
124.075000	-73.774483
124.100000	-73.775310
124.125000	-73.776137
124.150000	-73.776963
124.175000	-73.777790
124.200000	-73.778616
124.225000	-73.779443
124.250000	-73.780269
124.275000	-73.781095
124.300000	-73.781921
124.325000	-73.782747
124.350000	-73.783573
124.375000	-73.784399
124.400000	-73.785225
124.425000	-73.786050
124.450000	-73.786876
124.475000	-73.787701
124.500000	-73.788526
124.525000	-73.789351
124.550000	-73.790176
124.575000	-73.791001
124.600000	-73.791826
124.625000	-73.792651
124.650000	-73.793475
124.675000	-73.794300
124.700000	-73.795124
124.725000	-73.795949
124.750000	-73.796773
124.775000	-73.797597
124.800000	-73.798421
124.825000	-73.799245
124.850000	-73.800069
124.875000	-73.800892
124.900000	-73.801716
124.925000	-73.802539
124.950000	-73.803363
124.975000	-73.804186
125.000000	-73.805009
125.025000	-73.805832
125.050000	-73.806655
125.075000	-73.807478
125.100000	-73.808301
125.125000	-73.809124
125.150000	-73.809946
125.175000	-73.810769
125.200000	-73.811591
125.225000	-73.812413
125.250000	-73.813235
125.275000	-73.814057
125.300000	-73.814879
125.325000	-73.815701
125.350000	-73.816523
125.375000	-73.817345
125.400000	-73.818166
125.425000	-73.818988
125.450000	-73.819809
125.475000	-73.820630
125.500000	-73.821451
125.525000	-73.822272
125.550000	-73.823093
125.575000	-73.823914
125.600000	-73.824735
125.625000	-73.825556
125.650000	-73.826376
125.675000	-73.827197
125.700000	-73.828017
125.725000	-73.828837
125.750000	-73.829657
125.775000	-73.830477
125.800000	-73.831297
125.825000	-73.832117
125.850000	-73.832937
125.875000	-73.833756
125.900000	-73.834576
125.925000	-73.835395
125.950000	-73.836215
125.975000	-73.837034
126.000000	-73.837853
126.025000	-73.838672
126.050000	-73.839491
126.075000	-73.840310
126.100000	-73.841129
126.125000	-73.841947
126.150000	-73.842766
126.175000	-73.843584
126.200000	-73.844403
126.225000	-73.845221
126.250000	-73.846039
126.275000	-73.846857
126.300000	-73.847675
126.325000	-73.848493
126.350000	-73.849311
126.375000	-73.850128
126.400000	-73.850946
126.425000	-73.851763
126.450000	-73.852580
126.475000	-73.853398
126.500000	-73.854215
126.525000	-73.855032
126.550000	-73.855849
126.575000	-73.856666
126.600000	-73.857482
126.625000	-73.858299
126.650000	-73.859116
126.675000	-73.859932
126.700000	-73.860748
126.725000	-73.861565
126.750000	-73.862381
126.775000	-73.863197
126.800000	-73.864013
126.825000	-73.864829
126.850000	-73.865644
126.875000	-73.866460
126.900000	-73.867276
126.925000	-73.868091
126.950000	-73.868906
126.975000	-73.869722
127.000000	-73.870537
127.025000	-73.871352
127.050000	-73.872167
127.075000	-73.872982
127.100000	-73.873797
127.125000	-73.874611
127.150000	-73.875426
127.175000	-73.876240
127.200000	-73.877055
127.225000	-73.877869
127.250000	-73.878683
127.275000	-73.879497
127.300000	-73.880311
127.325000	-73.881125
127.350000	-73.881939
127.375000	-73.882753
127.400000	-73.883566
127.425000	-73.884380
127.450000	-73.885193
127.475000	-73.886006
127.500000	-73.886820
127.525000	-73.887633
127.550000	-73.888446
127.575000	-73.889259
127.600000	-73.890071
127.625000	-73.890884
127.650000	-73.891697
127.675000	-73.892509
127.700000	-73.893322
127.725000	-73.894134
127.750000	-73.894946
127.775000	-73.895759
127.800000	-73.896571
127.825000	-73.897382
127.850000	-73.898194
127.875000	-73.899006
127.900000	-73.899818
127.925000	-73.900629
127.950000	-73.901441
127.975000	-73.902252
128.000000	-73.903063
128.025000	-73.903875
128.050000	-73.904686
128.075000	-73.905497
128.100000	-73.906308
128.125000	-73.907118
128.150000	-73.907929
128.175000	-73.908740
128.200000	-73.909550
128.225000	-73.910361
128.250000	-73.911171
128.275000	-73.911981
128.300000	-73.912791
128.325000	-73.913601
128.350000	-73.914411
128.375000	-73.915221
128.400000	-73.916031
128.425000	-73.916840
128.450000	-73.917650
128.475000	-73.918459
128.500000	-73.919269
128.525000	-73.920078
128.550000	-73.920887
128.575000	-73.921696
128.600000	-73.922505
128.625000	-73.923314
128.650000	-73.924123
128.675000	-73.924931
128.700000	-73.925740
128.725000	-73.926548
128.750000	-73.927357
128.775000	-73.928165
128.800000	-73.928973
128.825000	-73.929781
128.850000	-73.930589
128.875000	-73.931397
128.900000	-73.932205
128.925000	-73.933013
128.950000	-73.933821
128.975000	-73.934628
129.000000	-73.935435
129.025000	-73.936243
129.050000	-73.937050
129.075000	-73.937857
129.100000	-73.938664
129.125000	-73.939471
129.150000	-73.940278
129.175000	-73.941085
129.200000	-73.941892
129.225000	-73.942698
129.250000	-73.943505
129.275000	-73.944311
129.300000	-73.945117
129.325000	-73.945924
129.350000	-73.946730
129.375000	-73.947536
129.400000	-73.948342
129.425000	-73.949147
129.450000	-73.949953
129.475000	-73.950759
129.500000	-73.951564
129.525000	-73.952370
129.550000	-73.953175
129.575000	-73.953980
129.600000	-73.954786
129.625000	-73.955591
129.650000	-73.956396
129.675000	-73.957201
129.700000	-73.958005
129.725000	-73.958810
129.750000	-73.959615
129.775000	-73.960419
129.800000	-73.961224
129.825000	-73.962028
129.850000	-73.962832
129.875000	-73.963636
129.900000	-73.964440
129.925000	-73.965244
129.950000	-73.966048
129.975000	-73.966852
130.000000	-73.967655
130.025000	-73.968459
130.050000	-73.969263
130.075000	-73.970066
130.100000	-73.970869
130.125000	-73.971672
130.150000	-73.972475
130.175000	-73.973278
130.200000	-73.974081
130.225000	-73.974884
130.250000	-73.975687
130.275000	-73.976490
130.300000	-73.977292
130.325000	-73.978095
130.350000	-73.978897
130.375000	-73.979699
130.400000	-73.980501
130.425000	-73.981303
130.450000	-73.982105
130.475000	-73.982907
130.500000	-73.983709
130.525000	-73.984511
130.550000	-73.985312
130.575000	-73.986114
130.600000	-73.986915
130.625000	-73.987717
130.650000	-73.988518
130.675000	-73.989319
130.700000	-73.990120
130.725000	-73.990921
130.750000	-73.991722
130.775000	-73.992523
130.800000	-73.993323
130.825000	-73.994124
130.850000	-73.994925
130.875000	-73.995725
130.900000	-73.996525
130.925000	-73.997325
130.950000	-73.998126
130.975000	-73.998926
131.000000	-73.999726
131.025000	-74.000525
131.050000	-74.001325
131.075000	-74.002125
131.100000	-74.002924
131.125000	-74.003724
131.150000	-74.004523
131.175000	-74.005323
131.200000	-74.006122
131.225000	-74.006921
131.250000	-74.007720
131.275000	-74.008519
131.300000	-74.009318
131.325000	-74.010116
131.350000	-74.010915
131.375000	-74.011714
131.400000	-74.012512
131.425000	-74.013310
131.450000	-74.014109
131.475000	-74.014907
131.500000	-74.015705
131.525000	-74.016503
131.550000	-74.017301
131.575000	-74.018099
131.600000	-74.018896
131.625000	-74.019694
131.650000	-74.020492
131.675000	-74.021289
131.700000	-74.022086
131.725000	-74.022884
131.750000	-74.023681
131.775000	-74.024478
131.800000	-74.025275
131.825000	-74.026072
131.850000	-74.026869
131.875000	-74.027665
131.900000	-74.028462
131.925000	-74.029259
131.950000	-74.030055
131.975000	-74.030851
132.000000	-74.031648
132.025000	-74.032444
132.050000	-74.033240
132.075000	-74.034036
132.100000	-74.034832
132.125000	-74.035628
132.150000	-74.036423
132.175000	-74.037219
132.200000	-74.038015
132.225000	-74.038810
132.250000	-74.039605
132.275000	-74.040401
132.300000	-74.041196
132.325000	-74.041991
132.350000	-74.042786
132.375000	-74.043581
132.400000	-74.044376
132.425000	-74.045170
132.450000	-74.045965
132.475000	-74.046759
132.500000	-74.047554
132.525000	-74.048348
132.550000	-74.049142
132.575000	-74.049937
132.600000	-74.050731
132.625000	-74.051525
132.650000	-74.052319
132.675000	-74.053112
132.700000	-74.053906
132.725000	-74.054700
132.750000	-74.055493
132.775000	-74.056287
132.800000	-74.057080
132.825000	-74.057873
132.850000	-74.058667
132.875000	-74.059460
132.900000	-74.060253
132.925000	-74.061046
132.950000	-74.061838
132.975000	-74.062631
133.000000	-74.063424
133.025000	-74.064216
133.050000	-74.065009
133.075000	-74.065801
133.100000	-74.066593
133.125000	-74.067386
133.150000	-74.068178
133.175000	-74.068970
133.200000	-74.069762
133.225000	-74.070553
133.250000	-74.071345
133.275000	-74.072137
133.300000	-74.072928
133.325000	-74.073720
133.350000	-74.074511
133.375000	-74.075302
133.400000	-74.076094
133.425000	-74.076885
133.450000	-74.077676
133.475000	-74.078467
133.500000	-74.079257
133.525000	-74.080048
133.550000	-74.080839
133.575000	-74.081629
133.600000	-74.082420
133.625000	-74.083210
133.650000	-74.084001
133.675000	-74.084791
133.700000	-74.085581
133.725000	-74.086371
133.750000	-74.087161
133.775000	-74.087951
133.800000	-74.088740
133.825000	-74.089530
133.850000	-74.090320
133.875000	-74.091109
133.900000	-74.091899
133.925000	-74.092688
133.950000	-74.093477
133.975000	-74.094266
134.000000	-74.095055
134.025000	-74.095844
134.050000	-74.096633
134.075000	-74.097422
134.100000	-74.098211
134.125000	-74.098999
134.150000	-74.099788
134.175000	-74.100576
134.200000	-74.101364
134.225000	-74.102153
134.250000	-74.102941
134.275000	-74.103729
134.300000	-74.104517
134.325000	-74.105305
134.350000	-74.106092
134.375000	-74.106880
134.400000	-74.107668
134.425000	-74.108455
134.450000	-74.109243
134.475000	-74.110030
134.500000	-74.110817
134.525000	-74.111604
134.550000	-74.112392
134.575000	-74.113179
134.600000	-74.113965
134.625000	-74.114752
134.650000	-74.115539
134.675000	-74.116326
134.700000	-74.117112
134.725000	-74.117899
134.750000	-74.118685
134.775000	-74.119471
134.800000	-74.120257
134.825000	-74.121044
134.850000	-74.121830
134.875000	-74.122616
134.900000	-74.123401
134.925000	-74.124187
134.950000	-74.124973
134.975000	-74.125758
135.000000	-74.126544
135.025000	-74.127329
135.050000	-74.128115
135.075000	-74.128900
135.100000	-74.129685
135.125000	-74.130470
135.150000	-74.131255
135.175000	-74.132040
135.200000	-74.132825
135.225000	-74.133609
135.250000	-74.134394
135.275000	-74.135178
135.300000	-74.135963
135.325000	-74.136747
135.350000	-74.137531
135.375000	-74.138315
135.400000	-74.139100
135.425000	-74.139884
135.450000	-74.140667
135.475000	-74.141451
135.500000	-74.142235
135.525000	-74.143019
135.550000	-74.143802
135.575000	-74.144586
135.600000	-74.145369
135.625000	-74.146152
135.650000	-74.146935
135.675000	-74.147719
135.700000	-74.148502
135.725000	-74.149284
135.750000	-74.150067
135.775000	-74.150850
135.800000	-74.151633
135.825000	-74.152415
135.850000	-74.153198
135.875000	-74.153980
135.900000	-74.154762
135.925000	-74.155545
135.950000	-74.156327
135.975000	-74.157109
136.000000	-74.157891
136.025000	-74.158673
136.050000	-74.159455
136.075000	-74.160236
136.100000	-74.161018
136.125000	-74.161799
136.150000	-74.162581
136.175000	-74.163362
136.200000	-74.164143
136.225000	-74.164925
136.250000	-74.165706
136.275000	-74.166487
136.300000	-74.167268
136.325000	-74.168048
136.350000	-74.168829
136.375000	-74.169610
136.400000	-74.170390
136.425000	-74.171171
136.450000	-74.171951
136.475000	-74.172732
136.500000	-74.173512
136.525000	-74.174292
136.550000	-74.175072
136.575000	-74.175852
136.600000	-74.176632
136.625000	-74.177412
136.650000	-74.178191
136.675000	-74.178971
136.700000	-74.179750
136.725000	-74.180530
136.750000	-74.181309
136.775000	-74.182088
136.800000	-74.182868
136.825000	-74.183647
136.850000	-74.184426
136.875000	-74.185205
136.900000	-74.185983
136.925000	-74.186762
136.950000	-74.187541
136.975000	-74.188319
137.000000	-74.189098
137.025000	-74.189876
137.050000	-74.190654
137.075000	-74.191433
137.100000	-74.192211
137.125000	-74.192989
137.150000	-74.193767
137.175000	-74.194545
137.200000	-74.195322
137.225000	-74.196100
137.250000	-74.196878
137.275000	-74.197655
137.300000	-74.198433
137.325000	-74.199210
137.350000	-74.199987
137.375000	-74.200764
137.400000	-74.201542
137.425000	-74.202319
137.450000	-74.203095
137.475000	-74.203872
137.500000	-74.204649
137.525000	-74.205426
137.550000	-74.206202
137.575000	-74.206979
137.600000	-74.207755
137.625000	-74.208531
137.650000	-74.209308
137.675000	-74.210084
137.700000	-74.210860
137.725000	-74.211636
137.750000	-74.212412
137.775000	-74.213187
137.800000	-74.213963
137.825000	-74.214739
137.850000	-74.215514
137.875000	-74.216290
137.900000	-74.217065
137.925000	-74.217840
137.950000	-74.218616
137.975000	-74.219391
138.000000	-74.220166
138.025000	-74.220941
138.050000	-74.221715
138.075000	-74.222490
138.100000	-74.223265
138.125000	-74.224040
138.150000	-74.224814
138.175000	-74.225588
138.200000	-74.226363
138.225000	-74.227137
138.250000	-74.227911
138.275000	-74.228685
138.300000	-74.229459
138.325000	-74.230233
138.350000	-74.231007
138.375000	-74.231781
138.400000	-74.232554
138.425000	-74.233328
138.450000	-74.234101
138.475000	-74.234875
138.500000	-74.235648
138.525000	-74.236421
138.550000	-74.237194
138.575000	-74.237967
138.600000	-74.238740
138.625000	-74.239513
138.650000	-74.240286
138.675000	-74.241059
138.700000	-74.241831
138.725000	-74.242604
138.750000	-74.243376
138.775000	-74.244149
138.800000	-74.244921
138.825000	-74.245693
138.850000	-74.246465
138.875000	-74.247237
138.900000	-74.248009
138.925000	-74.248781
138.950000	-74.249553
138.975000	-74.250324
139.000000	-74.251096
139.025000	-74.251867
139.050000	-74.252639
139.075000	-74.253410
139.100000	-74.254181
139.125000	-74.254953
139.150000	-74.255724
139.175000	-74.256495
139.200000	-74.257266
139.225000	-74.258036
139.250000	-74.258807
139.275000	-74.259578
139.300000	-74.260348
139.325000	-74.261119
139.350000	-74.261889
139.375000	-74.262660
139.400000	-74.263430
139.425000	-74.264200
139.450000	-74.264970
139.475000	-74.265740
139.500000	-74.266510
139.525000	-74.267280
139.550000	-74.268049
139.575000	-74.268819
139.600000	-74.269588
139.625000	-74.270358
139.650000	-74.271127
139.675000	-74.271897
139.700000	-74.272666
139.725000	-74.273435
139.750000	-74.274204
139.775000	-74.274973
139.800000	-74.275742
139.825000	-74.276511
139.850000	-74.277279
139.875000	-74.278048
139.900000	-74.278816
139.925000	-74.279585
139.950000	-74.280353
139.975000	-74.281121
140.000000	-74.281890
140.025000	-74.282658
140.050000	-74.283426
140.075000	-74.284194
140.100000	-74.284961
140.125000	-74.285729
140.150000	-74.286497
140.175000	-74.287265
140.200000	-74.288032
140.225000	-74.288799
140.250000	-74.289567
140.275000	-74.290334
140.300000	-74.291101
140.325000	-74.291868
140.350000	-74.292635
140.375000	-74.293402
140.400000	-74.294169
140.425000	-74.294936
140.450000	-74.295702
140.475000	-74.296469
140.500000	-74.297236
140.525000	-74.298002
140.550000	-74.298768
140.575000	-74.299535
140.600000	-74.300301
140.625000	-74.301067
140.650000	-74.301833
140.675000	-74.302599
140.700000	-74.303364
140.725000	-74.304130
140.750000	-74.304896
140.775000	-74.305661
140.800000	-74.306427
140.825000	-74.307192
140.850000	-74.307958
140.875000	-74.308723
140.900000	-74.309488
140.925000	-74.310253
140.950000	-74.311018
140.975000	-74.311783
141.000000	-74.312548
141.025000	-74.313312
141.050000	-74.314077
141.075000	-74.314842
141.100000	-74.315606
141.125000	-74.316371
141.150000	-74.317135
141.175000	-74.317899
141.200000	-74.318663
141.225000	-74.319427
141.250000	-74.320191
141.275000	-74.320955
141.300000	-74.321719
141.325000	-74.322483
141.350000	-74.323246
141.375000	-74.324010
141.400000	-74.324773
141.425000	-74.325537
141.450000	-74.326300
141.475000	-74.327063
141.500000	-74.327826
141.525000	-74.328589
141.550000	-74.329352
141.575000	-74.330115
141.600000	-74.330878
141.625000	-74.331641
141.650000	-74.332403
141.675000	-74.333166
141.700000	-74.333928
141.725000	-74.334691
141.750000	-74.335453
141.775000	-74.336215
141.800000	-74.336977
141.825000	-74.337739
141.850000	-74.338501
141.875000	-74.339263
141.900000	-74.340025
141.925000	-74.340787
141.950000	-74.341548
141.975000	-74.342310
142.000000	-74.343071
142.025000	-74.343833
142.050000	-74.344594
142.075000	-74.345355
142.100000	-74.346116
142.125000	-74.346877
142.150000	-74.347638
142.175000	-74.348399
142.200000	-74.349160
142.225000	-74.349921
142.250000	-74.350681
142.275000	-74.351442
142.300000	-74.352202
142.325000	-74.352963
142.350000	-74.353723
142.375000	-74.354483
142.400000	-74.355243
142.425000	-74.356003
142.450000	-74.356763
142.475000	-74.357523
142.500000	-74.358283
142.525000	-74.359043
142.550000	-74.359802
142.575000	-74.360562
142.600000	-74.361321
142.625000	-74.362081
142.650000	-74.362840
142.675000	-74.363599
142.700000	-74.364358
142.725000	-74.365117
142.750000	-74.365876
142.775000	-74.366635
142.800000	-74.367394
142.825000	-74.368153
142.850000	-74.368911
142.875000	-74.369670
142.900000	-74.370428
142.925000	-74.371187
142.950000	-74.371945
142.975000	-74.372703
143.000000	-74.373461
143.025000	-74.374220
143.050000	-74.374977
143.075000	-74.375735
143.100000	-74.376493
143.125000	-74.377251
143.150000	-74.378009
143.175000	-74.378766
143.200000	-74.379524
143.225000	-74.380281
143.250000	-74.381038
143.275000	-74.381795
143.300000	-74.382553
143.325000	-74.383310
143.350000	-74.384067
143.375000	-74.384824
143.400000	-74.385580
143.425000	-74.386337
143.450000	-74.387094
143.475000	-74.387850
143.500000	-74.388607
143.525000	-74.389363
143.550000	-74.390119
143.575000	-74.390876
143.600000	-74.391632
143.625000	-74.392388
143.650000	-74.393144
143.675000	-74.393900
143.700000	-74.394656
143.725000	-74.395411
143.750000	-74.396167
143.775000	-74.396923
143.800000	-74.397678
143.825000	-74.398433
143.850000	-74.399189
143.875000	-74.399944
143.900000	-74.400699
143.925000	-74.401454
143.950000	-74.402209
143.975000	-74.402964
144.000000	-74.403719
144.025000	-74.404474
144.050000	-74.405228
144.075000	-74.405983
144.100000	-74.406738
144.125000	-74.407492
144.150000	-74.408246
144.175000	-74.409001
144.200000	-74.409755
144.225000	-74.410509
144.250000	-74.411263
144.275000	-74.412017
144.300000	-74.412771
144.325000	-74.413524
144.350000	-74.414278
144.375000	-74.415032
144.400000	-74.415785
144.425000	-74.416539
144.450000	-74.417292
144.475000	-74.418045
144.500000	-74.418798
144.525000	-74.419551
144.550000	-74.420305
144.575000	-74.421057
144.600000	-74.421810
144.625000	-74.422563
144.650000	-74.423316
144.675000	-74.424068
144.700000	-74.424821
144.725000	-74.425573
144.750000	-74.426326
144.775000	-74.427078
144.800000	-74.427830
144.825000	-74.428582
144.850000	-74.429334
144.875000	-74.430086
144.900000	-74.430838
144.925000	-74.431590
144.950000	-74.432342
144.975000	-74.433093
145.000000	-74.433845
145.025000	-74.434596
145.050000	-74.435348
145.075000	-74.436099
145.100000	-74.436850
145.125000	-74.437601
145.150000	-74.438353
145.175000	-74.439104
145.200000	-74.439854
145.225000	-74.440605
145.250000	-74.441356
145.275000	-74.442107
145.300000	-74.442857
145.325000	-74.443608
145.350000	-74.444358
145.375000	-74.445108
145.400000	-74.445859
145.425000	-74.446609
145.450000	-74.447359
145.475000	-74.448109
145.500000	-74.448859
145.525000	-74.449609
145.550000	-74.450358
145.575000	-74.451108
145.600000	-74.451858
145.625000	-74.452607
145.650000	-74.453357
145.675000	-74.454106
145.700000	-74.454855
145.725000	-74.455604
145.750000	-74.456354
145.775000	-74.457103
145.800000	-74.457851
145.825000	-74.458600
145.850000	-74.459349
145.875000	-74.460098
145.900000	-74.460846
145.925000	-74.461595
145.950000	-74.462343
145.975000	-74.463092
146.000000	-74.463840
146.025000	-74.464588
146.050000	-74.465336
146.075000	-74.466085
146.100000	-74.466832
146.125000	-74.467580
146.150000	-74.468328
146.175000	-74.469076
146.200000	-74.469824
146.225000	-74.470571
146.250000	-74.471319
146.275000	-74.472066
146.300000	-74.472813
146.325000	-74.473561
146.350000	-74.474308
146.375000	-74.475055
146.400000	-74.475802
146.425000	-74.476549
146.450000	-74.477296
146.475000	-74.478042
146.500000	-74.478789
146.525000	-74.479536
146.550000	-74.480282
146.575000	-74.481028
146.600000	-74.481775
146.625000	-74.482521
146.650000	-74.483267
146.675000	-74.484013
146.700000	-74.484759
146.725000	-74.485505
146.750000	-74.486251
146.775000	-74.486997
146.800000	-74.487743
146.825000	-74.488488
146.850000	-74.489234
146.875000	-74.489979
146.900000	-74.490725
146.925000	-74.491470
146.950000	-74.492215
146.975000	-74.492960
147.000000	-74.493705
147.025000	-74.494450
147.050000	-74.495195
147.075000	-74.495940
147.100000	-74.496685
147.125000	-74.497429
147.150000	-74.498174
147.175000	-74.498919
147.200000	-74.499663
147.225000	-74.500407
147.250000	-74.501151
147.275000	-74.501896
147.300000	-74.502640
147.325000	-74.503384
147.350000	-74.504128
147.375000	-74.504872
147.400000	-74.505615
147.425000	-74.506359
147.450000	-74.507103
147.475000	-74.507846
147.500000	-74.508590
147.525000	-74.509333
147.550000	-74.510076
147.575000	-74.510819
147.600000	-74.511563
147.625000	-74.512306
147.650000	-74.513049
147.675000	-74.513791
147.700000	-74.514534
147.725000	-74.515277
147.750000	-74.516020
147.775000	-74.516762
147.800000	-74.517505
147.825000	-74.518247
147.850000	-74.518989
147.875000	-74.519732
147.900000	-74.520474
147.925000	-74.521216
147.950000	-74.521958
147.975000	-74.522700
148.000000	-74.523442
148.025000	-74.524183
148.050000	-74.524925
148.075000	-74.525667
148.100000	-74.526408
148.125000	-74.527150
148.150000	-74.527891
148.175000	-74.528632
148.200000	-74.529373
148.225000	-74.530115
148.250000	-74.530856
148.275000	-74.531596
148.300000	-74.532337
148.325000	-74.533078
148.350000	-74.533819
148.375000	-74.534560
148.400000	-74.535300
148.425000	-74.536041
148.450000	-74.536781
148.475000	-74.537521
148.500000	-74.538262
148.525000	-74.539002
148.550000	-74.539742
148.575000	-74.540482
148.600000	-74.541222
148.625000	-74.541962
148.650000	-74.542701
148.675000	-74.543441
148.700000	-74.544181
148.725000	-74.544920
148.750000	-74.545659
148.775000	-74.546399
148.800000	-74.547138
148.825000	-74.547877
148.850000	-74.548616
148.875000	-74.549355
148.900000	-74.550094
148.925000	-74.550833
148.950000	-74.551572
148.975000	-74.552311
149.000000	-74.553049
149.025000	-74.553788
149.050000	-74.554527
149.075000	-74.555265
149.100000	-74.556003
149.125000	-74.556742
149.150000	-74.557480
149.175000	-74.558218
149.200000	-74.558956
149.225000	-74.559694
149.250000	-74.560432
149.275000	-74.561169
149.300000	-74.561907
149.325000	-74.562645
149.350000	-74.563382
149.375000	-74.564120
149.400000	-74.564857
149.425000	-74.565594
149.450000	-74.566331
149.475000	-74.567069
149.500000	-74.567806
149.525000	-74.568543
149.550000	-74.569279
149.575000	-74.570016
149.600000	-74.570753
149.625000	-74.571490
149.650000	-74.572226
149.675000	-74.572963
149.700000	-74.573699
149.725000	-74.574435
149.750000	-74.575172
149.775000	-74.575908
149.800000	-74.576644
149.825000	-74.577380
149.850000	-74.578116
149.875000	-74.578852
149.900000	-74.579588
149.925000	-74.580323
149.950000	-74.581059
149.975000	-74.581794
150.000000	-74.582530
150.025000	-74.583265
150.050000	-74.584001
150.075000	-74.584736
150.100000	-74.585471
150.125000	-74.586206
150.150000	-74.586941
150.175000	-74.587676
150.200000	-74.588411
150.225000	-74.589146
150.250000	-74.589880
150.275000	-74.590615
150.300000	-74.591349
150.325000	-74.592084
150.350000	-74.592818
150.375000	-74.593552
150.400000	-74.594287
150.425000	-74.595021
150.450000	-74.595755
150.475000	-74.596489
150.500000	-74.597223
150.525000	-74.597956
150.550000	-74.598690
150.575000	-74.599424
150.600000	-74.600157
150.625000	-74.600891
150.650000	-74.601624
150.675000	-74.602358
150.700000	-74.603091
150.725000	-74.603824
150.750000	-74.604557
150.775000	-74.605290
150.800000	-74.606023
150.825000	-74.606756
150.850000	-74.607489
150.875000	-74.608221
150.900000	-74.608954
150.925000	-74.609687
150.950000	-74.610419
150.975000	-74.611151
151.000000	-74.611884
151.025000	-74.612616
151.050000	-74.613348
151.075000	-74.614080
151.100000	-74.614812
151.125000	-74.615544
151.150000	-74.616276
151.175000	-74.617008
151.200000	-74.617739
151.225000	-74.618471
151.250000	-74.619202
151.275000	-74.619934
151.300000	-74.620665
151.325000	-74.621397
151.350000	-74.622128
151.375000	-74.622859
151.400000	-74.623590
151.425000	-74.624321
151.450000	-74.625052
151.475000	-74.625783
151.500000	-74.626513
151.525000	-74.627244
151.550000	-74.627975
151.575000	-74.628705
151.600000	-74.629435
151.625000	-74.630166
151.650000	-74.630896
151.675000	-74.631626
151.700000	-74.632356
151.725000	-74.633086
151.750000	-74.633816
151.775000	-74.634546
151.800000	-74.635276
151.825000	-74.636006
151.850000	-74.636735
151.875000	-74.637465
151.900000	-74.638194
151.925000	-74.638924
151.950000	-74.639653
151.975000	-74.640382
152.000000	-74.641111
152.025000	-74.641841
152.050000	-74.642570
152.075000	-74.643299
152.100000	-74.644027
152.125000	-74.644756
152.150000	-74.645485
152.175000	-74.646213
152.200000	-74.646942
152.225000	-74.647670
152.250000	-74.648399
152.275000	-74.649127
152.300000	-74.649855
152.325000	-74.650584
152.350000	-74.651312
152.375000	-74.652040
152.400000	-74.652768
152.425000	-74.653495
152.450000	-74.654223
152.475000	-74.654951
152.500000	-74.655678
152.525000	-74.656406
152.550000	-74.657133
152.575000	-74.657861
152.600000	-74.658588
152.625000	-74.659315
152.650000	-74.660042
152.675000	-74.660769
152.700000	-74.661496
152.725000	-74.662223
152.750000	-74.662950
152.775000	-74.663677
152.800000	-74.664404
152.825000	-74.665130
152.850000	-74.665857
152.875000	-74.666583
152.900000	-74.667309
152.925000	-74.668036
152.950000	-74.668762
152.975000	-74.669488
153.000000	-74.670214
153.025000	-74.670940
153.050000	-74.671666
153.075000	-74.672392
153.100000	-74.673117
153.125000	-74.673843
153.150000	-74.674569
153.175000	-74.675294
153.200000	-74.676020
153.225000	-74.676745
153.250000	-74.677470
153.275000	-74.678195
153.300000	-74.678921
153.325000	-74.679646
153.350000	-74.680371
153.375000	-74.681095
153.400000	-74.681820
153.425000	-74.682545
153.450000	-74.683270
153.475000	-74.683994
153.500000	-74.684719
153.525000	-74.685443
153.550000	-74.686167
153.575000	-74.686892
153.600000	-74.687616
153.625000	-74.688340
153.650000	-74.689064
153.675000	-74.689788
153.700000	-74.690512
153.725000	-74.691236
153.750000	-74.691959
153.775000	-74.692683
153.800000	-74.693406
153.825000	-74.694130
153.850000	-74.694853
153.875000	-74.695577
153.900000	-74.696300
153.925000	-74.697023
153.950000	-74.697746
153.975000	-74.698469
154.000000	-74.699192
154.025000	-74.699915
154.050000	-74.700638
154.075000	-74.701360
154.100000	-74.702083
154.125000	-74.702806
154.150000	-74.703528
154.175000	-74.704251
154.200000	-74.704973
154.225000	-74.705695
154.250000	-74.706417
154.275000	-74.707139
154.300000	-74.707861
154.325000	-74.708583
154.350000	-74.709305
154.375000	-74.710027
154.400000	-74.710749
154.425000	-74.711470
154.450000	-74.712192
154.475000	-74.712913
154.500000	-74.713635
154.525000	-74.714356
154.550000	-74.715077
154.575000	-74.715798
154.600000	-74.716519
154.625000	-74.717241
154.650000	-74.717961
154.675000	-74.718682
154.700000	-74.719403
154.725000	-74.720124
154.750000	-74.720844
154.775000	-74.721565
154.800000	-74.722285
154.825000	-74.723006
154.850000	-74.723726
154.875000	-74.724446
154.900000	-74.725167
154.925000	-74.725887
154.950000	-74.726607
154.975000	-74.727327
155.000000	-74.728046
155.025000	-74.728766
155.050000	-74.729486
155.075000	-74.730205
155.100000	-74.730925
155.125000	-74.731645
155.150000	-74.732364
155.175000	-74.733083
155.200000	-74.733802
155.225000	-74.734522
155.250000	-74.735241
155.275000	-74.735960
155.300000	-74.736679
155.325000	-74.737397
155.350000	-74.738116
155.375000	-74.738835
155.400000	-74.739554
155.425000	-74.740272
155.450000	-74.740991
155.475000	-74.741709
155.500000	-74.742427
155.525000	-74.743146
155.550000	-74.743864
155.575000	-74.744582
155.600000	-74.745300
155.625000	-74.746018
155.650000	-74.746736
155.675000	-74.747453
155.700000	-74.748171
155.725000	-74.748889
155.750000	-74.749606
155.775000	-74.750324
155.800000	-74.751041
155.825000	-74.751758
155.850000	-74.752476
155.875000	-74.753193
155.900000	-74.753910
155.925000	-74.754627
155.950000	-74.755344
155.975000	-74.756061
156.000000	-74.756778
156.025000	-74.757494
156.050000	-74.758211
156.075000	-74.758927
156.100000	-74.759644
156.125000	-74.760360
156.150000	-74.761077
156.175000	-74.761793
156.200000	-74.762509
156.225000	-74.763225
156.250000	-74.763941
156.275000	-74.764657
156.300000	-74.765373
156.325000	-74.766089
156.350000	-74.766805
156.375000	-74.767520
156.400000	-74.768236
156.425000	-74.768951
156.450000	-74.769667
156.475000	-74.770382
156.500000	-74.771097
156.525000	-74.771812
156.550000	-74.772527
156.575000	-74.773242
156.600000	-74.773957
156.625000	-74.774672
156.650000	-74.775387
156.675000	-74.776102
156.700000	-74.776816
156.725000	-74.777531
156.750000	-74.778246
156.775000	-74.778960
156.800000	-74.779674
156.825000	-74.780389
156.850000	-74.781103
156.875000	-74.781817
156.900000	-74.782531
156.925000	-74.783245
156.950000	-74.783959
156.975000	-74.784673
157.000000	-74.785386
157.025000	-74.786100
157.050000	-74.786814
157.075000	-74.787527
157.100000	-74.788240
157.125000	-74.788954
157.150000	-74.789667
157.175000	-74.790380
157.200000	-74.791093
157.225000	-74.791806
157.250000	-74.792519
157.275000	-74.793232
157.300000	-74.793945
157.325000	-74.794658
157.350000	-74.795371
157.375000	-74.796083
157.400000	-74.796796
157.425000	-74.797508
157.450000	-74.798220
157.475000	-74.798933
157.500000	-74.799645
157.525000	-74.800357
157.550000	-74.801069
157.575000	-74.801781
157.600000	-74.802493
157.625000	-74.803205
157.650000	-74.803917
157.675000	-74.804628
157.700000	-74.805340
157.725000	-74.806051
157.750000	-74.806763
157.775000	-74.807474
157.800000	-74.808186
157.825000	-74.808897
157.850000	-74.809608
157.875000	-74.810319
157.900000	-74.811030
157.925000	-74.811741
157.950000	-74.812452
157.975000	-74.813163
158.000000	-74.813873
158.025000	-74.814584
158.050000	-74.815294
158.075000	-74.816005
158.100000	-74.816715
158.125000	-74.817426
158.150000	-74.818136
158.175000	-74.818846
158.200000	-74.819556
158.225000	-74.820266
158.250000	-74.820976
158.275000	-74.821686
158.300000	-74.822396
158.325000	-74.823105
158.350000	-74.823815
158.375000	-74.824525
158.400000	-74.825234
158.425000	-74.825944
158.450000	-74.826653
158.475000	-74.827362
158.500000	-74.828071
158.525000	-74.828780
158.550000	-74.829489
158.575000	-74.830198
158.600000	-74.830907
158.625000	-74.831616
158.650000	-74.832325
158.675000	-74.833034
158.700000	-74.833742
158.725000	-74.834451
158.750000	-74.835159
158.775000	-74.835867
158.800000	-74.836576
158.825000	-74.837284
158.850000	-74.837992
158.875000	-74.838700
158.900000	-74.839408
158.925000	-74.840116
158.950000	-74.840824
158.975000	-74.841532
159.000000	-74.842239
159.025000	-74.842947
159.050000	-74.843654
159.075000	-74.844362
159.100000	-74.845069
159.125000	-74.845776
159.150000	-74.846484
159.175000	-74.847191
159.200000	-74.847898
159.225000	-74.848605
159.250000	-74.849312
159.275000	-74.850019
159.300000	-74.850725
159.325000	-74.851432
159.350000	-74.852139
159.375000	-74.852845
159.400000	-74.853552
159.425000	-74.854258
159.450000	-74.854964
159.475000	-74.855671
159.500000	-74.856377
159.525000	-74.857083
159.550000	-74.857789
159.575000	-74.858495
159.600000	-74.859201
159.625000	-74.859907
159.650000	-74.860612
159.675000	-74.861318
159.700000	-74.862024
159.725000	-74.862729
159.750000	-74.863435
159.775000	-74.864140
159.800000	-74.864845
159.825000	-74.865550
159.850000	-74.866255
159.875000	-74.866961
159.900000	-74.867665
159.925000	-74.868370
159.950000	-74.869075
159.975000	-74.869780
160.000000	-74.870485
160.025000	-74.871189
160.050000	-74.871894
160.075000	-74.872598
160.100000	-74.873303
160.125000	-74.874007
160.150000	-74.874711
160.175000	-74.875415
160.200000	-74.876119
160.225000	-74.876823
160.250000	-74.877527
160.275000	-74.878231
160.300000	-74.878935
160.325000	-74.879639
160.350000	-74.880342
160.375000	-74.881046
160.400000	-74.881749
160.425000	-74.882453
160.450000	-74.883156
160.475000	-74.883859
160.500000	-74.884562
160.525000	-74.885265
160.550000	-74.885969
160.575000	-74.886671
160.600000	-74.887374
160.625000	-74.888077
160.650000	-74.888780
160.675000	-74.889483
160.700000	-74.890185
160.725000	-74.890888
160.750000	-74.891590
160.775000	-74.892292
160.800000	-74.892995
160.825000	-74.893697
160.850000	-74.894399
160.875000	-74.895101
160.900000	-74.895803
160.925000	-74.896505
160.950000	-74.897207
160.975000	-74.897909
161.000000	-74.898610
161.025000	-74.899312
161.050000	-74.900013
161.075000	-74.900715
161.100000	-74.901416
161.125000	-74.902118
161.150000	-74.902819
161.175000	-74.903520
161.200000	-74.904221
161.225000	-74.904922
161.250000	-74.905623
161.275000	-74.906324
161.300000	-74.907025
161.325000	-74.907725
161.350000	-74.908426
161.375000	-74.909127
161.400000	-74.909827
161.425000	-74.910528
161.450000	-74.911228
161.475000	-74.911928
161.500000	-74.912628
161.525000	-74.913328
161.550000	-74.914029
161.575000	-74.914729
161.600000	-74.915428
161.625000	-74.916128
161.650000	-74.916828
161.675000	-74.917528
161.700000	-74.918227
161.725000	-74.918927
161.750000	-74.919626
161.775000	-74.920326
161.800000	-74.921025
161.825000	-74.921724
161.850000	-74.922423
161.875000	-74.923122
161.900000	-74.923821
161.925000	-74.924520
161.950000	-74.925219
161.975000	-74.925918
162.000000	-74.926617
162.025000	-74.927315
162.050000	-74.928014
162.075000	-74.928712
162.100000	-74.929411
162.125000	-74.930109
162.150000	-74.930807
162.175000	-74.931506
162.200000	-74.932204
162.225000	-74.932902
162.250000	-74.933600
162.275000	-74.934298
162.300000	-74.934996
162.325000	-74.935693
162.350000	-74.936391
162.375000	-74.937089
162.400000	-74.937786
162.425000	-74.938484
162.450000	-74.939181
162.475000	-74.939878
162.500000	-74.940575
162.525000	-74.941273
162.550000	-74.941970
162.575000	-74.942667
162.600000	-74.943364
162.625000	-74.944061
162.650000	-74.944757
162.675000	-74.945454
162.700000	-74.946151
162.725000	-74.946847
162.750000	-74.947544
162.775000	-74.948240
162.800000	-74.948937
162.825000	-74.949633
162.850000	-74.950329
162.875000	-74.951025
162.900000	-74.951721
162.925000	-74.952417
162.950000	-74.953113
162.975000	-74.953809
163.000000	-74.954505
163.025000	-74.955200
163.050000	-74.955896
163.075000	-74.956591
163.100000	-74.957287
163.125000	-74.957982
163.150000	-74.958678
163.175000	-74.959373
163.200000	-74.960068
163.225000	-74.960763
163.250000	-74.961458
163.275000	-74.962153
163.300000	-74.962848
163.325000	-74.963543
163.350000	-74.964238
163.375000	-74.964932
163.400000	-74.965627
163.425000	-74.966321
163.450000	-74.967016
163.475000	-74.967710
163.500000	-74.968404
163.525000	-74.969099
163.550000	-74.969793
163.575000	-74.970487
163.600000	-74.971181
163.625000	-74.971875
163.650000	-74.972569
163.675000	-74.973262
163.700000	-74.973956
163.725000	-74.974650
163.750000	-74.975343
163.775000	-74.976037
163.800000	-74.976730
163.825000	-74.977423
163.850000	-74.978117
163.875000	-74.978810
163.900000	-74.979503
163.925000	-74.980196
163.950000	-74.980889
163.975000	-74.981582
164.000000	-74.982275
164.025000	-74.982967
164.050000	-74.983660
164.075000	-74.984353
164.100000	-74.985045
164.125000	-74.985738
164.150000	-74.986430
164.175000	-74.987122
164.200000	-74.987815
164.225000	-74.988507
164.250000	-74.989199
164.275000	-74.989891
164.300000	-74.990583
164.325000	-74.991275
164.350000	-74.991966
164.375000	-74.992658
164.400000	-74.993350
164.425000	-74.994041
164.450000	-74.994733
164.475000	-74.995424
164.500000	-74.996116
164.525000	-74.996807
164.550000	-74.997498
164.575000	-74.998189
164.600000	-74.998880
164.625000	-74.999571
164.650000	-75.000262
164.675000	-75.000953
164.700000	-75.001644
164.725000	-75.002334
164.750000	-75.003025
164.775000	-75.003716
164.800000	-75.004406
164.825000	-75.005097
164.850000	-75.005787
164.875000	-75.006477
164.900000	-75.007167
164.925000	-75.007857
164.950000	-75.008547
164.975000	-75.009237
165.000000	-75.009927
165.025000	-75.010617
165.050000	-75.011307
165.075000	-75.011997
165.100000	-75.012686
165.125000	-75.013376
165.150000	-75.014065
165.175000	-75.014755
165.200000	-75.015444
165.225000	-75.016133
165.250000	-75.016822
165.275000	-75.017511
165.300000	-75.018200
165.325000	-75.018889
165.350000	-75.019578
165.375000	-75.020267
165.400000	-75.020956
165.425000	-75.021644
165.450000	-75.022333
165.475000	-75.023021
165.500000	-75.023710
165.525000	-75.024398
165.550000	-75.025086
165.575000	-75.025775
165.600000	-75.026463
165.625000	-75.027151
165.650000	-75.027839
165.675000	-75.028527
165.700000	-75.029215
165.725000	-75.029902
165.750000	-75.030590
165.775000	-75.031278
165.800000	-75.031965
165.825000	-75.032653
165.850000	-75.033340
165.875000	-75.034028
165.900000	-75.034715
165.925000	-75.035402
165.950000	-75.036089
165.975000	-75.036776
166.000000	-75.037463
166.025000	-75.038150
166.050000	-75.038837
166.075000	-75.039524
166.100000	-75.040210
166.125000	-75.040897
166.150000	-75.041584
166.175000	-75.042270
166.200000	-75.042956
166.225000	-75.043643
166.250000	-75.044329
166.275000	-75.045015
166.300000	-75.045701
166.325000	-75.046387
166.350000	-75.047073
166.375000	-75.047759
166.400000	-75.048445
166.425000	-75.049131
166.450000	-75.049816
166.475000	-75.050502
166.500000	-75.051188
166.525000	-75.051873
166.550000	-75.052558
166.575000	-75.053244
166.600000	-75.053929
166.625000	-75.054614
166.650000	-75.055299
166.675000	-75.055984
166.700000	-75.056669
166.725000	-75.057354
166.750000	-75.058039
166.775000	-75.058724
166.800000	-75.059408
166.825000	-75.060093
166.850000	-75.060777
166.875000	-75.061462
166.900000	-75.062146
166.925000	-75.062831
166.950000	-75.063515
166.975000	-75.064199
167.000000	-75.064883
167.025000	-75.065567
167.050000	-75.066251
167.075000	-75.066935
167.100000	-75.067619
167.125000	-75.068302
167.150000	-75.068986
167.175000	-75.069670
167.200000	-75.070353
167.225000	-75.071037
167.250000	-75.071720
167.275000	-75.072403
167.300000	-75.073086
167.325000	-75.073770
167.350000	-75.074453
167.375000	-75.075136
167.400000	-75.075819
167.425000	-75.076501
167.450000	-75.077184
167.475000	-75.077867
167.500000	-75.078550
167.525000	-75.079232
167.550000	-75.079915
167.575000	-75.080597
167.600000	-75.081279
167.625000	-75.081962
167.650000	-75.082644
167.675000	-75.083326
167.700000	-75.084008
167.725000	-75.084690
167.750000	-75.085372
167.775000	-75.086054
167.800000	-75.086736
167.825000	-75.087417
167.850000	-75.088099
167.875000	-75.088781
167.900000	-75.089462
167.925000	-75.090143
167.950000	-75.090825
167.975000	-75.091506
168.000000	-75.092187
168.025000	-75.092868
168.050000	-75.093549
168.075000	-75.094230
168.100000	-75.094911
168.125000	-75.095592
168.150000	-75.096273
168.175000	-75.096954
168.200000	-75.097634
168.225000	-75.098315
168.250000	-75.098995
168.275000	-75.099676
168.300000	-75.100356
168.325000	-75.101036
168.350000	-75.101717
168.375000	-75.102397
168.400000	-75.103077
168.425000	-75.103757
168.450000	-75.104437
168.475000	-75.105117
168.500000	-75.105796
168.525000	-75.106476
168.550000	-75.107156
168.575000	-75.107835
168.600000	-75.108515
168.625000	-75.109194
168.650000	-75.109873
168.675000	-75.110553
168.700000	-75.111232
168.725000	-75.111911
168.750000	-75.112590
168.775000	-75.113269
168.800000	-75.113948
168.825000	-75.114627
168.850000	-75.115305
168.875000	-75.115984
168.900000	-75.116663
168.925000	-75.117341
168.950000	-75.118020
168.975000	-75.118698
169.000000	-75.119377
169.025000	-75.120055
169.050000	-75.120733
169.075000	-75.121411
169.100000	-75.122089
169.125000	-75.122767
169.150000	-75.123445
169.175000	-75.124123
169.200000	-75.124801
169.225000	-75.125478
169.250000	-75.126156
169.275000	-75.126834
169.300000	-75.127511
169.325000	-75.128188
169.350000	-75.128866
169.375000	-75.129543
169.400000	-75.130220
169.425000	-75.130897
169.450000	-75.131574
169.475000	-75.132251
169.500000	-75.132928
169.525000	-75.133605
169.550000	-75.134282
169.575000	-75.134959
169.600000	-75.135635
169.625000	-75.136312
169.650000	-75.136988
169.675000	-75.137665
169.700000	-75.138341
169.725000	-75.139017
169.750000	-75.139693
169.775000	-75.140370
169.800000	-75.141046
169.825000	-75.141722
169.850000	-75.142398
169.875000	-75.143073
169.900000	-75.143749
169.925000	-75.144425
169.950000	-75.145100
169.975000	-75.145776
170.000000	-75.146451
170.025000	-75.147127
170.050000	-75.147802
170.075000	-75.148478
170.100000	-75.149153
170.125000	-75.149828
170.150000	-75.150503
170.175000	-75.151178
170.200000	-75.151853
170.225000	-75.152528
170.250000	-75.153202
170.275000	-75.153877
170.300000	-75.154552
170.325000	-75.155226
170.350000	-75.155901
170.375000	-75.156575
170.400000	-75.157250
170.425000	-75.157924
170.450000	-75.158598
170.475000	-75.159272
170.500000	-75.159946
170.525000	-75.160620
170.550000	-75.161294
170.575000	-75.161968
170.600000	-75.162642
170.625000	-75.163315
170.650000	-75.163989
170.675000	-75.164663
170.700000	-75.165336
170.725000	-75.166010
170.750000	-75.166683
170.775000	-75.167356
170.800000	-75.168029
170.825000	-75.168703
170.850000	-75.169376
170.875000	-75.170049
170.900000	-75.170722
170.925000	-75.171394
170.950000	-75.172067
170.975000	-75.172740
171.000000	-75.173413
171.025000	-75.174085
171.050000	-75.174758
171.075000	-75.175430
171.100000	-75.176102
171.125000	-75.176775
171.150000	-75.177447
171.175000	-75.178119
171.200000	-75.178791
171.225000	-75.179463
171.250000	-75.180135
171.275000	-75.180807
171.300000	-75.181479
171.325000	-75.182151
171.350000	-75.182822
171.375000	-75.183494
171.400000	-75.184165
171.425000	-75.184837
171.450000	-75.185508
171.475000	-75.186179
171.500000	-75.186851
171.525000	-75.187522
171.550000	-75.188193
171.575000	-75.188864
171.600000	-75.189535
171.625000	-75.190206
171.650000	-75.190877
171.675000	-75.191547
171.700000	-75.192218
171.725000	-75.192889
171.750000	-75.193559
171.775000	-75.194229
171.800000	-75.194900
171.825000	-75.195570
171.850000	-75.196240
171.875000	-75.196911
171.900000	-75.197581
171.925000	-75.198251
171.950000	-75.198921
171.975000	-75.199591
172.000000	-75.200260
172.025000	-75.200930
172.050000	-75.201600
172.075000	-75.202269
172.100000	-75.202939
172.125000	-75.203608
172.150000	-75.204278
172.175000	-75.204947
172.200000	-75.205616
172.225000	-75.206286
172.250000	-75.206955
172.275000	-75.207624
172.300000	-75.208293
172.325000	-75.208962
172.350000	-75.209630
172.375000	-75.210299
172.400000	-75.210968
172.425000	-75.211637
172.450000	-75.212305
172.475000	-75.212974
172.500000	-75.213642
172.525000	-75.214310
172.550000	-75.214979
172.575000	-75.215647
172.600000	-75.216315
172.625000	-75.216983
172.650000	-75.217651
172.675000	-75.218319
172.700000	-75.218987
172.725000	-75.219655
172.750000	-75.220322
172.775000	-75.220990
172.800000	-75.221658
172.825000	-75.222325
172.850000	-75.222992
172.875000	-75.223660
172.900000	-75.224327
172.925000	-75.224994
172.950000	-75.225661
172.975000	-75.226329
173.000000	-75.226996
173.025000	-75.227662
173.050000	-75.228329
173.075000	-75.228996
173.100000	-75.229663
173.125000	-75.230330
173.150000	-75.230996
173.175000	-75.231663
173.200000	-75.232329
173.225000	-75.232995
173.250000	-75.233662
173.275000	-75.234328
173.300000	-75.234994
173.325000	-75.235660
173.350000	-75.236326
173.375000	-75.236992
173.400000	-75.237658
173.425000	-75.238324
173.450000	-75.238990
173.475000	-75.239655
173.500000	-75.240321
173.525000	-75.240987
173.550000	-75.241652
173.575000	-75.242317
173.600000	-75.242983
173.625000	-75.243648
173.650000	-75.244313
173.675000	-75.244978
173.700000	-75.245643
173.725000	-75.246308
173.750000	-75.246973
173.775000	-75.247638
173.800000	-75.248303
173.825000	-75.248968
173.850000	-75.249632
173.875000	-75.250297
173.900000	-75.250961
173.925000	-75.251626
173.950000	-75.252290
173.975000	-75.252954
174.000000	-75.253619
174.025000	-75.254283
174.050000	-75.254947
174.075000	-75.255611
174.100000	-75.256275
174.125000	-75.256939
174.150000	-75.257602
174.175000	-75.258266
174.200000	-75.258930
174.225000	-75.259593
174.250000	-75.260257
174.275000	-75.260920
174.300000	-75.261584
174.325000	-75.262247
174.350000	-75.262910
174.375000	-75.263573
174.400000	-75.264236
174.425000	-75.264899
174.450000	-75.265562
174.475000	-75.266225
174.500000	-75.266888
174.525000	-75.267551
174.550000	-75.268214
174.575000	-75.268876
174.600000	-75.269539
174.625000	-75.270201
174.650000	-75.270864
174.675000	-75.271526
174.700000	-75.272188
174.725000	-75.272850
174.750000	-75.273513
174.775000	-75.274175
174.800000	-75.274837
174.825000	-75.275498
174.850000	-75.276160
174.875000	-75.276822
174.900000	-75.277484
174.925000	-75.278145
174.950000	-75.278807
174.975000	-75.279469
175.000000	-75.280130
175.025000	-75.280791
175.050000	-75.281453
175.075000	-75.282114
175.100000	-75.282775
175.125000	-75.283436
175.150000	-75.284097
175.175000	-75.284758
175.200000	-75.285419
175.225000	-75.286080
175.250000	-75.286740
175.275000	-75.287401
175.300000	-75.288062
175.325000	-75.288722
175.350000	-75.289383
175.375000	-75.290043
175.400000	-75.290703
175.425000	-75.291364
175.450000	-75.292024
175.475000	-75.292684
175.500000	-75.293344
175.525000	-75.294004
175.550000	-75.294664
175.575000	-75.295324
175.600000	-75.295983
175.625000	-75.296643
175.650000	-75.297303
175.675000	-75.297962
175.700000	-75.298622
175.725000	-75.299281
175.750000	-75.299941
175.775000	-75.300600
175.800000	-75.301259
175.825000	-75.301918
175.850000	-75.302577
175.875000	-75.303236
175.900000	-75.303895
175.925000	-75.304554
175.950000	-75.305213
175.975000	-75.305872
176.000000	-75.306530
176.025000	-75.307189
176.050000	-75.307847
176.075000	-75.308506
176.100000	-75.309164
176.125000	-75.309823
176.150000	-75.310481
176.175000	-75.311139
176.200000	-75.311797
176.225000	-75.312455
176.250000	-75.313113
176.275000	-75.313771
176.300000	-75.314429
176.325000	-75.315087
176.350000	-75.315744
176.375000	-75.316402
176.400000	-75.317059
176.425000	-75.317717
176.450000	-75.318374
176.475000	-75.319032
176.500000	-75.319689
176.525000	-75.320346
176.550000	-75.321003
176.575000	-75.321660
176.600000	-75.322317
176.625000	-75.322974
176.650000	-75.323631
176.675000	-75.324288
176.700000	-75.324945
176.725000	-75.325601
176.750000	-75.326258
176.775000	-75.326915
176.800000	-75.327571
176.825000	-75.328227
176.850000	-75.328884
176.875000	-75.329540
176.900000	-75.330196
176.925000	-75.330852
176.950000	-75.331508
176.975000	-75.332164
177.000000	-75.332820
177.025000	-75.333476
177.050000	-75.334132
177.075000	-75.334787
177.100000	-75.335443
177.125000	-75.336099
177.150000	-75.336754
177.175000	-75.337410
177.200000	-75.338065
177.225000	-75.338720
177.250000	-75.339375
177.275000	-75.340031
177.300000	-75.340686
177.325000	-75.341341
177.350000	-75.341996
177.375000	-75.342650
177.400000	-75.343305
177.425000	-75.343960
177.450000	-75.344615
177.475000	-75.345269
177.500000	-75.345924
177.525000	-75.346578
177.550000	-75.347233
177.575000	-75.347887
177.600000	-75.348541
177.625000	-75.349195
177.650000	-75.349850
177.675000	-75.350504
177.700000	-75.351158
177.725000	-75.351811
177.750000	-75.352465
177.775000	-75.353119
177.800000	-75.353773
177.825000	-75.354426
177.850000	-75.355080
177.875000	-75.355734
177.900000	-75.356387
177.925000	-75.357040
177.950000	-75.357694
177.975000	-75.358347
178.000000	-75.359000
178.025000	-75.359653
178.050000	-75.360306
178.075000	-75.360959
178.100000	-75.361612
178.125000	-75.362265
178.150000	-75.362918
178.175000	-75.363570
178.200000	-75.364223
178.225000	-75.364875
178.250000	-75.365528
178.275000	-75.366180
178.300000	-75.366833
178.325000	-75.367485
178.350000	-75.368137
178.375000	-75.368789
178.400000	-75.369441
178.425000	-75.370093
178.450000	-75.370745
178.475000	-75.371397
178.500000	-75.372049
178.525000	-75.372701
178.550000	-75.373352
178.575000	-75.374004
178.600000	-75.374655
178.625000	-75.375307
178.650000	-75.375958
178.675000	-75.376610
178.700000	-75.377261
178.725000	-75.377912
178.750000	-75.378563
178.775000	-75.379214
178.800000	-75.379865
178.825000	-75.380516
178.850000	-75.381167
178.875000	-75.381818
178.900000	-75.382468
178.925000	-75.383119
178.950000	-75.383770
178.975000	-75.384420
179.000000	-75.385070
179.025000	-75.385721
179.050000	-75.386371
179.075000	-75.387021
179.100000	-75.387671
179.125000	-75.388322
179.150000	-75.388972
179.175000	-75.389622
179.200000	-75.390271
179.225000	-75.390921
179.250000	-75.391571
179.275000	-75.392221
179.300000	-75.392870
179.325000	-75.393520
179.350000	-75.394169
179.375000	-75.394819
179.400000	-75.395468
179.425000	-75.396117
179.450000	-75.396767
179.475000	-75.397416
179.500000	-75.398065
179.525000	-75.398714
179.550000	-75.399363
179.575000	-75.400012
179.600000	-75.400660
179.625000	-75.401309
179.650000	-75.401958
179.675000	-75.402606
179.700000	-75.403255
179.725000	-75.403903
179.750000	-75.404552
179.775000	-75.405200
179.800000	-75.405848
179.825000	-75.406497
179.850000	-75.407145
179.875000	-75.407793
179.900000	-75.408441
179.925000	-75.409089
179.950000	-75.409736
179.975000	-75.410384
180.000000	-75.411032
180.025000	-75.411680
180.050000	-75.412327
180.075000	-75.412975
180.100000	-75.413622
180.125000	-75.414270
180.150000	-75.414917
180.175000	-75.415564
180.200000	-75.416211
180.225000	-75.416858
180.250000	-75.417505
180.275000	-75.418152
180.300000	-75.418799
180.325000	-75.419446
180.350000	-75.420093
180.375000	-75.420740
180.400000	-75.421386
180.425000	-75.422033
180.450000	-75.422679
180.475000	-75.423326
180.500000	-75.423972
180.525000	-75.424618
180.550000	-75.425265
180.575000	-75.425911
180.600000	-75.426557
180.625000	-75.427203
180.650000	-75.427849
180.675000	-75.428495
180.700000	-75.429140
180.725000	-75.429786
180.750000	-75.430432
180.775000	-75.431078
180.800000	-75.431723
180.825000	-75.432369
180.850000	-75.433014
180.875000	-75.433659
180.900000	-75.434305
180.925000	-75.434950
180.950000	-75.435595
180.975000	-75.436240
181.000000	-75.436885
181.025000	-75.437530
181.050000	-75.438175
181.075000	-75.438820
181.100000	-75.439464
181.125000	-75.440109
181.150000	-75.440754
181.175000	-75.441398
181.200000	-75.442043
181.225000	-75.442687
181.250000	-75.443331
181.275000	-75.443976
181.300000	-75.444620
181.325000	-75.445264
181.350000	-75.445908
181.375000	-75.446552
181.400000	-75.447196
181.425000	-75.447840
181.450000	-75.448484
181.475000	-75.449127
181.500000	-75.449771
181.525000	-75.450415
181.550000	-75.451058
181.575000	-75.451702
181.600000	-75.452345
181.625000	-75.452988
181.650000	-75.453632
181.675000	-75.454275
181.700000	-75.454918
181.725000	-75.455561
181.750000	-75.456204
181.775000	-75.456847
181.800000	-75.457490
181.825000	-75.458133
181.850000	-75.458775
181.875000	-75.459418
181.900000	-75.460061
181.925000	-75.460703
181.950000	-75.461346
181.975000	-75.461988
182.000000	-75.462630
182.025000	-75.463273
182.050000	-75.463915
182.075000	-75.464557
182.100000	-75.465199
182.125000	-75.465841
182.150000	-75.466483
182.175000	-75.467125
182.200000	-75.467766
182.225000	-75.468408
182.250000	-75.469050
182.275000	-75.469691
182.300000	-75.470333
182.325000	-75.470974
182.350000	-75.471616
182.375000	-75.472257
182.400000	-75.472898
182.425000	-75.473539
182.450000	-75.474181
182.475000	-75.474822
182.500000	-75.475463
182.525000	-75.476104
182.550000	-75.476744
182.575000	-75.477385
182.600000	-75.478026
182.625000	-75.478667
182.650000	-75.479307
182.675000	-75.479948
182.700000	-75.480588
182.725000	-75.481228
182.750000	-75.481869
182.775000	-75.482509
182.800000	-75.483149
182.825000	-75.483789
182.850000	-75.484429
182.875000	-75.485069
182.900000	-75.485709
182.925000	-75.486349
182.950000	-75.486989
182.975000	-75.487629
183.000000	-75.488268
183.025000	-75.488908
183.050000	-75.489547
183.075000	-75.490187
183.100000	-75.490826
183.125000	-75.491465
183.150000	-75.492105
183.175000	-75.492744
183.200000	-75.493383
183.225000	-75.494022
183.250000	-75.494661
183.275000	-75.495300
183.300000	-75.495939
183.325000	-75.496577
183.350000	-75.497216
183.375000	-75.497855
183.400000	-75.498493
183.425000	-75.499132
183.450000	-75.499770
183.475000	-75.500409
183.500000	-75.501047
183.525000	-75.501685
183.550000	-75.502323
183.575000	-75.502962
183.600000	-75.503600
183.625000	-75.504238
183.650000	-75.504875
183.675000	-75.505513
183.700000	-75.506151
183.725000	-75.506789
183.750000	-75.507426
183.775000	-75.508064
183.800000	-75.508702
183.825000	-75.509339
183.850000	-75.509976
183.875000	-75.510614
183.900000	-75.511251
183.925000	-75.511888
183.950000	-75.512525
183.975000	-75.513162
184.000000	-75.513799
184.025000	-75.514436
184.050000	-75.515073
184.075000	-75.515710
184.100000	-75.516346
184.125000	-75.516983
184.150000	-75.517620
184.175000	-75.518256
184.200000	-75.518893
184.225000	-75.519529
184.250000	-75.520165
184.275000	-75.520802
184.300000	-75.521438
184.325000	-75.522074
184.350000	-75.522710
184.375000	-75.523346
184.400000	-75.523982
184.425000	-75.524618
184.450000	-75.525253
184.475000	-75.525889
184.500000	-75.526525
184.525000	-75.527160
184.550000	-75.527796
184.575000	-75.528431
184.600000	-75.529067
184.625000	-75.529702
184.650000	-75.530337
184.675000	-75.530972
184.700000	-75.531608
184.725000	-75.532243
184.750000	-75.532878
184.775000	-75.533513
184.800000	-75.534147
184.825000	-75.534782
184.850000	-75.535417
184.875000	-75.536052
184.900000	-75.536686
184.925000	-75.537321
184.950000	-75.537955
184.975000	-75.538590
185.000000	-75.539224
185.025000	-75.539858
185.050000	-75.540492
185.075000	-75.541126
185.100000	-75.541760
185.125000	-75.542394
185.150000	-75.543028
185.175000	-75.543662
185.200000	-75.544296
185.225000	-75.544930
185.250000	-75.545563
185.275000	-75.546197
185.300000	-75.546831
185.325000	-75.547464
185.350000	-75.548097
185.375000	-75.548731
185.400000	-75.549364
185.425000	-75.549997
185.450000	-75.550630
185.475000	-75.551263
185.500000	-75.551896
185.525000	-75.552529
185.550000	-75.553162
185.575000	-75.553795
185.600000	-75.554428
185.625000	-75.555060
185.650000	-75.555693
185.675000	-75.556326
185.700000	-75.556958
185.725000	-75.557591
185.750000	-75.558223
185.775000	-75.558855
185.800000	-75.559487
185.825000	-75.560119
185.850000	-75.560752
185.875000	-75.561384
185.900000	-75.562016
185.925000	-75.562647
185.950000	-75.563279
185.975000	-75.563911
186.000000	-75.564543
186.025000	-75.565174
186.050000	-75.565806
186.075000	-75.566437
186.100000	-75.567069
186.125000	-75.567700
186.150000	-75.568331
186.175000	-75.568963
186.200000	-75.569594
186.225000	-75.570225
186.250000	-75.570856
186.275000	-75.571487
186.300000	-75.572118
186.325000	-75.572749
186.350000	-75.573379
186.375000	-75.574010
186.400000	-75.574641
186.425000	-75.575271
186.450000	-75.575902
186.475000	-75.576532
186.500000	-75.577163
186.525000	-75.577793
186.550000	-75.578423
186.575000	-75.579053
186.600000	-75.579683
186.625000	-75.580313
186.650000	-75.580943
186.675000	-75.581573
186.700000	-75.582203
186.725000	-75.582833
186.750000	-75.583463
186.775000	-75.584092
186.800000	-75.584722
186.825000	-75.585351
186.850000	-75.585981
186.875000	-75.586610
186.900000	-75.587240
186.925000	-75.587869
186.950000	-75.588498
186.975000	-75.589127
187.000000	-75.589756
187.025000	-75.590385
187.050000	-75.591014
187.075000	-75.591643
187.100000	-75.592272
187.125000	-75.592900
187.150000	-75.593529
187.175000	-75.594158
187.200000	-75.594786
187.225000	-75.595415
187.250000	-75.596043
187.275000	-75.596671
187.300000	-75.597300
187.325000	-75.597928
187.350000	-75.598556
187.375000	-75.599184
187.400000	-75.599812
187.425000	-75.600440
187.450000	-75.601068
187.475000	-75.601696
187.500000	-75.602324
187.525000	-75.602951
187.550000	-75.603579
187.575000	-75.604206
187.600000	-75.604834
187.625000	-75.605461
187.650000	-75.606089
187.675000	-75.606716
187.700000	-75.607343
187.725000	-75.607970
187.750000	-75.608597
187.775000	-75.609224
187.800000	-75.609851
187.825000	-75.610478
187.850000	-75.611105
187.875000	-75.611732
187.900000	-75.612359
187.925000	-75.612985
187.950000	-75.613612
187.975000	-75.614238
188.000000	-75.614865
188.025000	-75.615491
188.050000	-75.616117
188.075000	-75.616744
188.100000	-75.617370
188.125000	-75.617996
188.150000	-75.618622
188.175000	-75.619248
188.200000	-75.619874
188.225000	-75.620500
188.250000	-75.621126
188.275000	-75.621751
188.300000	-75.622377
188.325000	-75.623003
188.350000	-75.623628
188.375000	-75.624254
188.400000	-75.624879
188.425000	-75.625504
188.450000	-75.626130
188.475000	-75.626755
188.500000	-75.627380
188.525000	-75.628005
188.550000	-75.628630
188.575000	-75.629255
188.600000	-75.629880
188.625000	-75.630505
188.650000	-75.631129
188.675000	-75.631754
188.700000	-75.632379
188.725000	-75.633003
188.750000	-75.633628
188.775000	-75.634252
188.800000	-75.634876
188.825000	-75.635501
188.850000	-75.636125
188.875000	-75.636749
188.900000	-75.637373
188.925000	-75.637997
188.950000	-75.638621
188.975000	-75.639245
189.000000	-75.639869
189.025000	-75.640493
189.050000	-75.641116
189.075000	-75.641740
189.100000	-75.642364
189.125000	-75.642987
189.150000	-75.643611
189.175000	-75.644234
189.200000	-75.644857
189.225000	-75.645481
189.250000	-75.646104
189.275000	-75.646727
189.300000	-75.647350
189.325000	-75.647973
189.350000	-75.648596
189.375000	-75.649219
189.400000	-75.649842
189.425000	-75.650464
189.450000	-75.651087
189.475000	-75.651710
189.500000	-75.652332
189.525000	-75.652955
189.550000	-75.653577
189.575000	-75.654199
189.600000	-75.654822
189.625000	-75.655444
189.650000	-75.656066
189.675000	-75.656688
189.700000	-75.657310
189.725000	-75.657932
189.750000	-75.658554
189.775000	-75.659176
189.800000	-75.659798
189.825000	-75.660419
189.850000	-75.661041
189.875000	-75.661663
189.900000	-75.662284
189.925000	-75.662905
189.950000	-75.663527
189.975000	-75.664148
190.000000	-75.664769
190.025000	-75.665391
190.050000	-75.666012
190.075000	-75.666633
190.100000	-75.667254
190.125000	-75.667875
190.150000	-75.668496
190.175000	-75.669116
190.200000	-75.669737
190.225000	-75.670358
190.250000	-75.670978
190.275000	-75.671599
190.300000	-75.672219
190.325000	-75.672840
190.350000	-75.673460
190.375000	-75.674080
190.400000	-75.674701
190.425000	-75.675321
190.450000	-75.675941
190.475000	-75.676561
190.500000	-75.677181
190.525000	-75.677801
190.550000	-75.678420
190.575000	-75.679040
190.600000	-75.679660
190.625000	-75.680280
190.650000	-75.680899
190.675000	-75.681519
190.700000	-75.682138
190.725000	-75.682757
190.750000	-75.683377
190.775000	-75.683996
190.800000	-75.684615
190.825000	-75.685234
190.850000	-75.685853
190.875000	-75.686472
190.900000	-75.687091
190.925000	-75.687710
190.950000	-75.688329
190.975000	-75.688948
191.000000	-75.689566
191.025000	-75.690185
191.050000	-75.690804
191.075000	-75.691422
191.100000	-75.692040
191.125000	-75.692659
191.150000	-75.693277
191.175000	-75.693895
191.200000	-75.694513
191.225000	-75.695132
191.250000	-75.695750
191.275000	-75.696367
191.300000	-75.696985
191.325000	-75.697603
191.350000	-75.698221
191.375000	-75.698839
191.400000	-75.699456
191.425000	-75.700074
191.450000	-75.700691
191.475000	-75.701309
191.500000	-75.701926
191.525000	-75.702544
191.550000	-75.703161
191.575000	-75.703778
191.600000	-75.704395
191.625000	-75.705012
191.650000	-75.705629
191.675000	-75.706246
191.700000	-75.706863
191.725000	-75.707480
191.750000	-75.708097
191.775000	-75.708713
191.800000	-75.709330
191.825000	-75.709946
191.850000	-75.710563
191.875000	-75.711179
191.900000	-75.711796
191.925000	-75.712412
191.950000	-75.713028
191.975000	-75.713644
192.000000	-75.714260
192.025000	-75.714876
192.050000	-75.715492
192.075000	-75.716108
192.100000	-75.716724
192.125000	-75.717340
192.150000	-75.717956
192.175000	-75.718571
192.200000	-75.719187
192.225000	-75.719802
192.250000	-75.720418
192.275000	-75.721033
192.300000	-75.721649
192.325000	-75.722264
192.350000	-75.722879
192.375000	-75.723494
192.400000	-75.724109
192.425000	-75.724724
192.450000	-75.725339
192.475000	-75.725954
192.500000	-75.726569
192.525000	-75.727184
192.550000	-75.727799
192.575000	-75.728413
192.600000	-75.729028
192.625000	-75.729642
192.650000	-75.730257
192.675000	-75.730871
192.700000	-75.731485
192.725000	-75.732100
192.750000	-75.732714
192.775000	-75.733328
192.800000	-75.733942
192.825000	-75.734556
192.850000	-75.735170
192.875000	-75.735784
192.900000	-75.736398
192.925000	-75.737011
192.950000	-75.737625
192.975000	-75.738239
193.000000	-75.738852
193.025000	-75.739466
193.050000	-75.740079
193.075000	-75.740692
193.100000	-75.741306
193.125000	-75.741919
193.150000	-75.742532
193.175000	-75.743145
193.200000	-75.743758
193.225000	-75.744371
193.250000	-75.744984
193.275000	-75.745597
193.300000	-75.746210
193.325000	-75.746822
193.350000	-75.747435
193.375000	-75.748048
193.400000	-75.748660
193.425000	-75.749273
193.450000	-75.749885
193.475000	-75.750497
193.500000	-75.751110
193.525000	-75.751722
193.550000	-75.752334
193.575000	-75.752946
193.600000	-75.753558
193.625000	-75.754170
193.650000	-75.754782
193.675000	-75.755394
193.700000	-75.756006
193.725000	-75.756617
193.750000	-75.757229
193.775000	-75.757840
193.800000	-75.758452
193.825000	-75.759063
193.850000	-75.759675
193.875000	-75.760286
193.900000	-75.760897
193.925000	-75.761509
193.950000	-75.762120
193.975000	-75.762731
194.000000	-75.763342
194.025000	-75.763953
194.050000	-75.764564
194.075000	-75.765174
194.100000	-75.765785
194.125000	-75.766396
194.150000	-75.767006
194.175000	-75.767617
194.200000	-75.768228
194.225000	-75.768838
194.250000	-75.769448
194.275000	-75.770059
194.300000	-75.770669
194.325000	-75.771279
194.350000	-75.771889
194.375000	-75.772499
194.400000	-75.773109
194.425000	-75.773719
194.450000	-75.774329
194.475000	-75.774939
194.500000	-75.775549
194.525000	-75.776158
194.550000	-75.776768
194.575000	-75.777377
194.600000	-75.777987
194.625000	-75.778596
194.650000	-75.779206
194.675000	-75.779815
194.700000	-75.780424
194.725000	-75.781033
194.750000	-75.781642
194.775000	-75.782251
194.800000	-75.782860
194.825000	-75.783469
194.850000	-75.784078
194.875000	-75.784687
194.900000	-75.785296
194.925000	-75.785904
194.950000	-75.786513
194.975000	-75.787122
195.000000	-75.787730
195.025000	-75.788338
195.050000	-75.788947
195.075000	-75.789555
195.100000	-75.790163
195.125000	-75.790771
195.150000	-75.791380
195.175000	-75.791988
195.200000	-75.792596
195.225000	-75.793203
195.250000	-75.793811
195.275000	-75.794419
195.300000	-75.795027
195.325000	-75.795634
195.350000	-75.796242
195.375000	-75.796850
195.400000	-75.797457
195.425000	-75.798064
195.450000	-75.798672
195.475000	-75.799279
195.500000	-75.799886
195.525000	-75.800493
195.550000	-75.801100
195.575000	-75.801707
195.600000	-75.802314
195.625000	-75.802921
195.650000	-75.803528
195.675000	-75.804135
195.700000	-75.804742
195.725000	-75.805348
195.750000	-75.805955
195.775000	-75.806561
195.800000	-75.807168
195.825000	-75.807774
195.850000	-75.808381
195.875000	-75.808987
195.900000	-75.809593
195.925000	-75.810199
195.950000	-75.810805
195.975000	-75.811411
196.000000	-75.812017
196.025000	-75.812623
196.050000	-75.813229
196.075000	-75.813835
196.100000	-75.814440
196.125000	-75.815046
196.150000	-75.815652
196.175000	-75.816257
196.200000	-75.816863
196.225000	-75.817468
196.250000	-75.818073
196.275000	-75.818679
196.300000	-75.819284
196.325000	-75.819889
196.350000	-75.820494
196.375000	-75.821099
196.400000	-75.821704
196.425000	-75.822309
196.450000	-75.822914
196.475000	-75.823518
196.500000	-75.824123
196.525000	-75.824728
196.550000	-75.825332
196.575000	-75.825937
196.600000	-75.826541
196.625000	-75.827146
196.650000	-75.827750
196.675000	-75.828354
196.700000	-75.828958
196.725000	-75.829563
196.750000	-75.830167
196.775000	-75.830771
196.800000	-75.831375
196.825000	-75.831978
196.850000	-75.832582
196.875000	-75.833186
196.900000	-75.833790
196.925000	-75.834393
196.950000	-75.834997
196.975000	-75.835600
197.000000	-75.836204
197.025000	-75.836807
197.050000	-75.837411
197.075000	-75.838014
197.100000	-75.838617
197.125000	-75.839220
197.150000	-75.839823
197.175000	-75.840426
197.200000	-75.841029
197.225000	-75.841632
197.250000	-75.842235
197.275000	-75.842838
197.300000	-75.843440
197.325000	-75.844043
197.350000	-75.844645
197.375000	-75.845248
197.400000	-75.845850
197.425000	-75.846453
197.450000	-75.847055
197.475000	-75.847657
197.500000	-75.848260
197.525000	-75.848862
197.550000	-75.849464
197.575000	-75.850066
197.600000	-75.850668
197.625000	-75.851270
197.650000	-75.851871
197.675000	-75.852473
197.700000	-75.853075
197.725000	-75.853677
197.750000	-75.854278
197.775000	-75.854880
197.800000	-75.855481
197.825000	-75.856082
197.850000	-75.856684
197.875000	-75.857285
197.900000	-75.857886
197.925000	-75.858487
197.950000	-75.859088
197.975000	-75.859689
198.000000	-75.860290
198.025000	-75.860891
198.050000	-75.861492
198.075000	-75.862093
198.100000	-75.862694
198.125000	-75.863294
198.150000	-75.863895
198.175000	-75.864495
198.200000	-75.865096
198.225000	-75.865696
198.250000	-75.866296
198.275000	-75.866897
198.300000	-75.867497
198.325000	-75.868097
198.350000	-75.868697
198.375000	-75.869297
198.400000	-75.869897
198.425000	-75.870497
198.450000	-75.871097
198.475000	-75.871697
198.500000	-75.872296
198.525000	-75.872896
198.550000	-75.873495
198.575000	-75.874095
198.600000	-75.874694
198.625000	-75.875294
198.650000	-75.875893
198.675000	-75.876492
198.700000	-75.877092
198.725000	-75.877691
198.750000	-75.878290
198.775000	-75.878889
198.800000	-75.879488
198.825000	-75.880087
198.850000	-75.880686
198.875000	-75.881284
198.900000	-75.881883
198.925000	-75.882482
198.950000	-75.883080
198.975000	-75.883679
199.000000	-75.884277
199.025000	-75.884876
199.050000	-75.885474
199.075000	-75.886072
199.100000	-75.886671
199.125000	-75.887269
199.150000	-75.887867
199.175000	-75.888465
199.200000	-75.889063
199.225000	-75.889661
199.250000	-75.890259
199.275000	-75.890856
199.300000	-75.891454
199.325000	-75.892052
199.350000	-75.892649
199.375000	-75.893247
199.400000	-75.893844
199.425000	-75.894442
199.450000	-75.895039
199.475000	-75.895636
199.500000	-75.896234
199.525000	-75.896831
199.550000	-75.897428
199.575000	-75.898025
199.600000	-75.898622
199.625000	-75.899219
199.650000	-75.899816
199.675000	-75.900412
199.700000	-75.901009
199.725000	-75.901606
199.750000	-75.902202
199.775000	-75.902799
199.800000	-75.903395
199.825000	-75.903992
199.850000	-75.904588
199.875000	-75.905184
199.900000	-75.905781
199.925000	-75.906377
199.950000	-75.906973
199.975000	-75.907569
200.000000	-75.908165
200.025000	-75.908761
200.050000	-75.909357
200.075000	-75.909953
200.100000	-75.910548
200.125000	-75.911144
200.150000	-75.911740
200.175000	-75.912335
200.200000	-75.912931
200.225000	-75.913526
200.250000	-75.914122
200.275000	-75.914717
200.300000	-75.915312
200.325000	-75.915907
200.350000	-75.916502
200.375000	-75.917097
200.400000	-75.917692
200.425000	-75.918287
200.450000	-75.918882
200.475000	-75.919477
200.500000	-75.920072
200.525000	-75.920667
200.550000	-75.921261
200.575000	-75.921856
200.600000	-75.922450
200.625000	-75.923045
200.650000	-75.923639
200.675000	-75.924233
200.700000	-75.924828
200.725000	-75.925422
200.750000	-75.926016
200.775000	-75.926610
200.800000	-75.927204
200.825000	-75.927798
200.850000	-75.928392
200.875000	-75.928986
200.900000	-75.929580
200.925000	-75.930173
200.950000	-75.930767
200.975000	-75.931361
201.000000	-75.931954
201.025000	-75.932548
201.050000	-75.933141
201.075000	-75.933734
201.100000	-75.934328
201.125000	-75.934921
201.150000	-75.935514
201.175000	-75.936107
201.200000	-75.936700
201.225000	-75.937293
201.250000	-75.937886
201.275000	-75.938479
201.300000	-75.939072
201.325000	-75.939664
201.350000	-75.940257
201.375000	-75.940850
201.400000	-75.941442
201.425000	-75.942035
201.450000	-75.942627
201.475000	-75.943219
201.500000	-75.943812
201.525000	-75.944404
201.550000	-75.944996
201.575000	-75.945588
201.600000	-75.946180
201.625000	-75.946772
201.650000	-75.947364
201.675000	-75.947956
201.700000	-75.948548
201.725000	-75.949140
201.750000	-75.949731
201.775000	-75.950323
201.800000	-75.950915
201.825000	-75.951506
201.850000	-75.952097
201.875000	-75.952689
201.900000	-75.953280
201.925000	-75.953871
201.950000	-75.954463
201.975000	-75.955054
202.000000	-75.955645
202.025000	-75.956236
202.050000	-75.956827
202.075000	-75.957418
202.100000	-75.958009
202.125000	-75.958599
202.150000	-75.959190
202.175000	-75.959781
202.200000	-75.960371
202.225000	-75.960962
202.250000	-75.961552
202.275000	-75.962143
202.300000	-75.962733
202.325000	-75.963323
202.350000	-75.963913
202.375000	-75.964504
202.400000	-75.965094
202.425000	-75.965684
202.450000	-75.966274
202.475000	-75.966864
202.500000	-75.967453
202.525000	-75.968043
202.550000	-75.968633
202.575000	-75.969223
202.600000	-75.969812
202.625000	-75.970402
202.650000	-75.970991
202.675000	-75.971581
202.700000	-75.972170
202.725000	-75.972759
202.750000	-75.973349
202.775000	-75.973938
202.800000	-75.974527
202.825000	-75.975116
202.850000	-75.975705
202.875000	-75.976294
202.900000	-75.976883
202.925000	-75.977472
202.950000	-75.978060
202.975000	-75.978649
203.000000	-75.979238
203.025000	-75.979826
203.050000	-75.980415
203.075000	-75.981003
203.100000	-75.981592
203.125000	-75.982180
203.150000	-75.982768
203.175000	-75.983356
203.200000	-75.983945
203.225000	-75.984533
203.250000	-75.985121
203.275000	-75.985709
203.300000	-75.986297
203.325000	-75.986884
203.350000	-75.987472
203.375000	-75.988060
203.400000	-75.988648
203.425000	-75.989235
203.450000	-75.989823
203.475000	-75.990410
203.500000	-75.990998
203.525000	-75.991585
203.550000	-75.992172
203.575000	-75.992760
203.600000	-75.993347
203.625000	-75.993934
203.650000	-75.994521
203.675000	-75.995108
203.700000	-75.995695
203.725000	-75.996282
203.750000	-75.996869
203.775000	-75.997455
203.800000	-75.998042
203.825000	-75.998629
203.850000	-75.999215
203.875000	-75.999802
203.900000	-76.000388
203.925000	-76.000975
203.950000	-76.001561
203.975000	-76.002147
204.000000	-76.002733
204.025000	-76.003319
204.050000	-76.003906
204.075000	-76.004492
204.100000	-76.005078
204.125000	-76.005663
204.150000	-76.006249
204.175000	-76.006835
204.200000	-76.007421
204.225000	-76.008006
204.250000	-76.008592
204.275000	-76.009178
204.300000	-76.009763
204.325000	-76.010348
204.350000	-76.010934
204.375000	-76.011519
204.400000	-76.012104
204.425000	-76.012690
204.450000	-76.013275
204.475000	-76.013860
204.500000	-76.014445
204.525000	-76.015030
204.550000	-76.015615
204.575000	-76.016199
204.600000	-76.016784
204.625000	-76.017369
204.650000	-76.017953
204.675000	-76.018538
204.700000	-76.019122
204.725000	-76.019707
204.750000	-76.020291
204.775000	-76.020876
204.800000	-76.021460
204.825000	-76.022044
204.850000	-76.022628
204.875000	-76.023212
204.900000	-76.023796
204.925000	-76.024380
204.950000	-76.024964
204.975000	-76.025548
205.000000	-76.026132
205.025000	-76.026716
205.050000	-76.027299
205.075000	-76.027883
205.100000	-76.028466
205.125000	-76.029050
205.150000	-76.029633
205.175000	-76.030217
205.200000	-76.030800
205.225000	-76.031383
205.250000	-76.031966
205.275000	-76.032550
205.300000	-76.033133
205.325000	-76.033716
205.350000	-76.034299
205.375000	-76.034881
205.400000	-76.035464
205.425000	-76.036047
205.450000	-76.036630
205.475000	-76.037212
205.500000	-76.037795
205.525000	-76.038378
205.550000	-76.038960
205.575000	-76.039542
205.600000	-76.040125
205.625000	-76.040707
205.650000	-76.041289
205.675000	-76.041871
205.700000	-76.042454
205.725000	-76.043036
205.750000	-76.043618
205.775000	-76.044199
205.800000	-76.044781
205.825000	-76.045363
205.850000	-76.045945
205.875000	-76.046527
205.900000	-76.047108
205.925000	-76.047690
205.950000	-76.048271
205.975000	-76.048853
206.000000	-76.049434
206.025000	-76.050015
206.050000	-76.050597
206.075000	-76.051178
206.100000	-76.051759
206.125000	-76.052340
206.150000	-76.052921
206.175000	-76.053502
206.200000	-76.054083
206.225000	-76.054664
206.250000	-76.055245
206.275000	-76.055825
206.300000	-76.056406
206.325000	-76.056987
206.350000	-76.057567
206.375000	-76.058148
206.400000	-76.058728
206.425000	-76.059308
206.450000	-76.059889
206.475000	-76.060469
206.500000	-76.061049
206.525000	-76.061629
206.550000	-76.062209
206.575000	-76.062789
206.600000	-76.063369
206.625000	-76.063949
206.650000	-76.064529
206.675000	-76.065109
206.700000	-76.065688
206.725000	-76.066268
206.750000	-76.066848
206.775000	-76.067427
206.800000	-76.068007
206.825000	-76.068586
206.850000	-76.069165
206.875000	-76.069745
206.900000	-76.070324
206.925000	-76.070903
206.950000	-76.071482
206.975000	-76.072061
207.000000	-76.072640
207.025000	-76.073219
207.050000	-76.073798
207.075000	-76.074377
207.100000	-76.074955
207.125000	-76.075534
207.150000	-76.076113
207.175000	-76.076691
207.200000	-76.077270
207.225000	-76.077848
207.250000	-76.078427
207.275000	-76.079005
207.300000	-76.079583
207.325000	-76.080161
207.350000	-76.080740
207.375000	-76.081318
207.400000	-76.081896
207.425000	-76.082474
207.450000	-76.083052
207.475000	-76.083629
207.500000	-76.084207
207.525000	-76.084785
207.550000	-76.085363
207.575000	-76.085940
207.600000	-76.086518
207.625000	-76.087095
207.650000	-76.087673
207.675000	-76.088250
207.700000	-76.088827
207.725000	-76.089405
207.750000	-76.089982
207.775000	-76.090559
207.800000	-76.091136
207.825000	-76.091713
207.850000	-76.092290
207.875000	-76.092867
207.900000	-76.093444
207.925000	-76.094021
207.950000	-76.094597
207.975000	-76.095174
208.000000	-76.095751
208.025000	-76.096327
208.050000	-76.096904
208.075000	-76.097480
208.100000	-76.098056
208.125000	-76.098633
208.150000	-76.099209
208.175000	-76.099785
208.200000	-76.100361
208.225000	-76.100937
208.250000	-76.101513
208.275000	-76.102089
208.300000	-76.102665
208.325000	-76.103241
208.350000	-76.103817
208.375000	-76.104392
208.400000	-76.104968
208.425000	-76.105544
208.450000	-76.106119
208.475000	-76.106695
208.500000	-76.107270
208.525000	-76.107845
208.550000	-76.108421
208.575000	-76.108996
208.600000	-76.109571
208.625000	-76.110146
208.650000	-76.110721
208.675000	-76.111296
208.700000	-76.111871
208.725000	-76.112446
208.750000	-76.113021
208.775000	-76.113596
208.800000	-76.114170
208.825000	-76.114745
208.850000	-76.115320
208.875000	-76.115894
208.900000	-76.116469
208.925000	-76.117043
208.950000	-76.117617
208.975000	-76.118192
209.000000	-76.118766
209.025000	-76.119340
209.050000	-76.119914
209.075000	-76.120488
209.100000	-76.121062
209.125000	-76.121636
209.150000	-76.122210
209.175000	-76.122784
209.200000	-76.123357
209.225000	-76.123931
209.250000	-76.124505
209.275000	-76.125078
209.300000	-76.125652
209.325000	-76.126225
209.350000	-76.126799
209.375000	-76.127372
209.400000	-76.127945
209.425000	-76.128519
209.450000	-76.129092
209.475000	-76.129665
209.500000	-76.130238
209.525000	-76.130811
209.550000	-76.131384
209.575000	-76.131957
209.600000	-76.132529
209.625000	-76.133102
209.650000	-76.133675
209.675000	-76.134247
209.700000	-76.134820
209.725000	-76.135393
209.750000	-76.135965
209.775000	-76.136537
209.800000	-76.137110
209.825000	-76.137682
209.850000	-76.138254
209.875000	-76.138826
209.900000	-76.139398
209.925000	-76.139970
209.950000	-76.140542
209.975000	-76.141114
210.000000	-76.141686
210.025000	-76.142258
210.050000	-76.142830
210.075000	-76.143401
210.100000	-76.143973
210.125000	-76.144545
210.150000	-76.145116
210.175000	-76.145688
210.200000	-76.146259
210.225000	-76.146830
210.250000	-76.147402
210.275000	-76.147973
210.300000	-76.148544
210.325000	-76.149115
210.350000	-76.149686
210.375000	-76.150257
210.400000	-76.150828
210.425000	-76.151399
210.450000	-76.151970
210.475000	-76.152540
210.500000	-76.153111
210.525000	-76.153682
210.550000	-76.154252
210.575000	-76.154823
210.600000	-76.155393
210.625000	-76.155964
210.650000	-76.156534
210.675000	-76.157104
210.700000	-76.157674
210.725000	-76.158245
210.750000	-76.158815
210.775000	-76.159385
210.800000	-76.159955
210.825000	-76.160525
210.850000	-76.161094
210.875000	-76.161664
210.900000	-76.162234
210.925000	-76.162804
210.950000	-76.163373
210.975000	-76.163943
211.000000	-76.164512
211.025000	-76.165082
211.050000	-76.165651
211.075000	-76.166221
211.100000	-76.166790
211.125000	-76.167359
211.150000	-76.167928
211.175000	-76.168497
211.200000	-76.169066
211.225000	-76.169635
211.250000	-76.170204
211.275000	-76.170773
211.300000	-76.171342
211.325000	-76.171911
211.350000	-76.172479
211.375000	-76.173048
211.400000	-76.173616
211.425000	-76.174185
211.450000	-76.174753
211.475000	-76.175322
211.500000	-76.175890
211.525000	-76.176458
211.550000	-76.177027
211.575000	-76.177595
211.600000	-76.178163
211.625000	-76.178731
211.650000	-76.179299
211.675000	-76.179867
211.700000	-76.180435
211.725000	-76.181003
211.750000	-76.181570
211.775000	-76.182138
211.800000	-76.182706
211.825000	-76.183273
211.850000	-76.183841
211.875000	-76.184408
211.900000	-76.184976
211.925000	-76.185543
211.950000	-76.186110
211.975000	-76.186677
212.000000	-76.187245
212.025000	-76.187812
212.050000	-76.188379
212.075000	-76.188946
212.100000	-76.189513
212.125000	-76.190080
212.150000	-76.190646
212.175000	-76.191213
212.200000	-76.191780
212.225000	-76.192346
212.250000	-76.192913
212.275000	-76.193480
212.300000	-76.194046
212.325000	-76.194612
212.350000	-76.195179
212.375000	-76.195745
212.400000	-76.196311
212.425000	-76.196877
212.450000	-76.197444
212.475000	-76.198010
212.500000	-76.198576
212.525000	-76.199142
212.550000	-76.199707
212.575000	-76.200273
212.600000	-76.200839
212.625000	-76.201405
212.650000	-76.201970
212.675000	-76.202536
212.700000	-76.203101
212.725000	-76.203667
212.750000	-76.204232
212.775000	-76.204798
212.800000	-76.205363
212.825000	-76.205928
212.850000	-76.206493
212.875000	-76.207059
212.900000	-76.207624
212.925000	-76.208189
212.950000	-76.208754
212.975000	-76.209318
213.000000	-76.209883
213.025000	-76.210448
213.050000	-76.211013
213.075000	-76.211577
213.100000	-76.212142
213.125000	-76.212707
213.150000	-76.213271
213.175000	-76.213835
213.200000	-76.214400
213.225000	-76.214964
213.250000	-76.215528
213.275000	-76.216093
213.300000	-76.216657
213.325000	-76.217221
213.350000	-76.217785
213.375000	-76.218349
213.400000	-76.218913
213.425000	-76.219477
213.450000	-76.220040
213.475000	-76.220604
213.500000	-76.221168
213.525000	-76.221731
213.550000	-76.222295
213.575000	-76.222858
213.600000	-76.223422
213.625000	-76.223985
213.650000	-76.224549
213.675000	-76.225112
213.700000	-76.225675
213.725000	-76.226238
213.750000	-76.226801
213.775000	-76.227364
213.800000	-76.227927
213.825000	-76.228490
213.850000	-76.229053
213.875000	-76.229616
213.900000	-76.230179
213.925000	-76.230741
213.950000	-76.231304
213.975000	-76.231866
214.000000	-76.232429
214.025000	-76.232991
214.050000	-76.233554
214.075000	-76.234116
214.100000	-76.234678
214.125000	-76.235241
214.150000	-76.235803
214.175000	-76.236365
214.200000	-76.236927
214.225000	-76.237489
214.250000	-76.238051
214.275000	-76.238613
214.300000	-76.239175
214.325000	-76.239736
214.350000	-76.240298
214.375000	-76.240860
214.400000	-76.241421
214.425000	-76.241983
214.450000	-76.242544
214.475000	-76.243106
214.500000	-76.243667
214.525000	-76.244228
214.550000	-76.244790
214.575000	-76.245351
214.600000	-76.245912
214.625000	-76.246473
214.650000	-76.247034
214.675000	-76.247595
214.700000	-76.248156
214.725000	-76.248717
214.750000	-76.249277
214.775000	-76.249838
214.800000	-76.250399
214.825000	-76.250959
214.850000	-76.251520
214.875000	-76.252080
214.900000	-76.252641
214.925000	-76.253201
214.950000	-76.253761
214.975000	-76.254322
215.000000	-76.254882
215.025000	-76.255442
215.050000	-76.256002
215.075000	-76.256562
215.100000	-76.257122
215.125000	-76.257682
215.150000	-76.258242
215.175000	-76.258802
215.200000	-76.259361
215.225000	-76.259921
215.250000	-76.260481
215.275000	-76.261040
215.300000	-76.261600
215.325000	-76.262159
215.350000	-76.262719
215.375000	-76.263278
215.400000	-76.263837
215.425000	-76.264396
215.450000	-76.264956
215.475000	-76.265515
215.500000	-76.266074
215.525000	-76.266633
215.550000	-76.267192
215.575000	-76.267751
215.600000	-76.268309
215.625000	-76.268868
215.650000	-76.269427
215.675000	-76.269986
215.700000	-76.270544
215.725000	-76.271103
215.750000	-76.271661
215.775000	-76.272220
215.800000	-76.272778
215.825000	-76.273336
215.850000	-76.273894
215.875000	-76.274453
215.900000	-76.275011
215.925000	-76.275569
215.950000	-76.276127
215.975000	-76.276685
216.000000	-76.277243
216.025000	-76.277801
216.050000	-76.278358
216.075000	-76.278916
216.100000	-76.279474
216.125000	-76.280031
216.150000	-76.280589
216.175000	-76.281146
216.200000	-76.281704
216.225000	-76.282261
216.250000	-76.282818
216.275000	-76.283376
216.300000	-76.283933
216.325000	-76.284490
216.350000	-76.285047
216.375000	-76.285604
216.400000	-76.286161
216.425000	-76.286718
216.450000	-76.287275
216.475000	-76.287832
216.500000	-76.288389
216.525000	-76.288945
216.550000	-76.289502
216.575000	-76.290058
216.600000	-76.290615
216.625000	-76.291171
216.650000	-76.291728
216.675000	-76.292284
216.700000	-76.292841
216.725000	-76.293397
216.750000	-76.293953
216.775000	-76.294509
216.800000	-76.295065
216.825000	-76.295621
216.850000	-76.296177
216.875000	-76.296733
216.900000	-76.297289
216.925000	-76.297845
216.950000	-76.298400
216.975000	-76.298956
217.000000	-76.299512
217.025000	-76.300067
217.050000	-76.300623
217.075000	-76.301178
217.100000	-76.301733
217.125000	-76.302289
217.150000	-76.302844
217.175000	-76.303399
217.200000	-76.303954
217.225000	-76.304509
217.250000	-76.305064
217.275000	-76.305619
217.300000	-76.306174
217.325000	-76.306729
217.350000	-76.307284
217.375000	-76.307839
217.400000	-76.308394
217.425000	-76.308948
217.450000	-76.309503
217.475000	-76.310057
217.500000	-76.310612
217.525000	-76.311166
217.550000	-76.311720
217.575000	-76.312275
217.600000	-76.312829
217.625000	-76.313383
217.650000	-76.313937
217.675000	-76.314491
217.700000	-76.315045
217.725000	-76.315599
217.750000	-76.316153
217.775000	-76.316707
217.800000	-76.317261
217.825000	-76.317815
217.850000	-76.318368
217.875000	-76.318922
217.900000	-76.319475
217.925000	-76.320029
217.950000	-76.320582
217.975000	-76.321136
218.000000	-76.321689
218.025000	-76.322242
218.050000	-76.322796
218.075000	-76.323349
218.100000	-76.323902
218.125000	-76.324455
218.150000	-76.325008
218.175000	-76.325561
218.200000	-76.326114
218.225000	-76.326666
218.250000	-76.327219
218.275000	-76.327772
218.300000	-76.328325
218.325000	-76.328877
218.350000	-76.329430
218.375000	-76.329982
218.400000	-76.330535
218.425000	-76.331087
218.450000	-76.331639
218.475000	-76.332191
218.500000	-76.332744
218.525000	-76.333296
218.550000	-76.333848
218.575000	-76.334400
218.600000	-76.334952
218.625000	-76.335504
218.650000	-76.336056
218.675000	-76.336607
218.700000	-76.337159
218.725000	-76.337711
218.750000	-76.338262
218.775000	-76.338814
218.800000	-76.339365
218.825000	-76.339917
218.850000	-76.340468
218.875000	-76.341020
218.900000	-76.341571
218.925000	-76.342122
218.950000	-76.342673
218.975000	-76.343224
219.000000	-76.343776
219.025000	-76.344326
219.050000	-76.344877
219.075000	-76.345428
219.100000	-76.345979
219.125000	-76.346530
219.150000	-76.347081
219.175000	-76.347631
219.200000	-76.348182
219.225000	-76.348732
219.250000	-76.349283
219.275000	-76.349833
219.300000	-76.350384
219.325000	-76.350934
219.350000	-76.351484
219.375000	-76.352035
219.400000	-76.352585
219.425000	-76.353135
219.450000	-76.353685
219.475000	-76.354235
219.500000	-76.354785
219.525000	-76.355335
219.550000	-76.355884
219.575000	-76.356434
219.600000	-76.356984
219.625000	-76.357533
219.650000	-76.358083
219.675000	-76.358633
219.700000	-76.359182
219.725000	-76.359731
219.750000	-76.360281
219.775000	-76.360830
219.800000	-76.361379
219.825000	-76.361929
219.850000	-76.362478
219.875000	-76.363027
219.900000	-76.363576
219.925000	-76.364125
219.950000	-76.364674
219.975000	-76.365223
220.000000	-76.365771
220.025000	-76.366320
220.050000	-76.366869
220.075000	-76.367417
220.100000	-76.367966
220.125000	-76.368514
220.150000	-76.369063
220.175000	-76.369611
220.200000	-76.370160
220.225000	-76.370708
220.250000	-76.371256
220.275000	-76.371804
220.300000	-76.372352
220.325000	-76.372901
220.350000	-76.373449
220.375000	-76.373997
220.400000	-76.374544
220.425000	-76.375092
220.450000	-76.375640
220.475000	-76.376188
220.500000	-76.376735
220.525000	-76.377283
220.550000	-76.377831
220.575000	-76.378378
220.600000	-76.378926
220.625000	-76.379473
220.650000	-76.380020
220.675000	-76.380568
220.700000	-76.381115
220.725000	-76.381662
220.750000	-76.382209
220.775000	-76.382756
220.800000	-76.383303
220.825000	-76.383850
220.850000	-76.384397
220.875000	-76.384944
220.900000	-76.385490
220.925000	-76.386037
220.950000	-76.386584
220.975000	-76.387130
221.000000	-76.387677
221.025000	-76.388223
221.050000	-76.388770
221.075000	-76.389316
221.100000	-76.389863
221.125000	-76.390409
221.150000	-76.390955
221.175000	-76.391501
221.200000	-76.392047
221.225000	-76.392593
221.250000	-76.393139
221.275000	-76.393685
221.300000	-76.394231
221.325000	-76.394777
221.350000	-76.395323
221.375000	-76.395868
221.400000	-76.396414
221.425000	-76.396960
221.450000	-76.397505
221.475000	-76.398051
221.500000	-76.398596
221.525000	-76.399141
221.550000	-76.399687
221.575000	-76.400232
221.600000	-76.400777
221.625000	-76.401322
221.650000	-76.401867
221.675000	-76.402412
221.700000	-76.402957
221.725000	-76.403502
221.750000	-76.404047
221.775000	-76.404592
221.800000	-76.405137
221.825000	-76.405681
221.850000	-76.406226
221.875000	-76.406771
221.900000	-76.407315
221.925000	-76.407860
221.950000	-76.408404
221.975000	-76.408948
222.000000	-76.409493
222.025000	-76.410037
222.050000	-76.410581
222.075000	-76.411125
222.100000	-76.411669
222.125000	-76.412213
222.150000	-76.412757
222.175000	-76.413301
222.200000	-76.413845
222.225000	-76.414389
222.250000	-76.414933
222.275000	-76.415476
222.300000	-76.416020
222.325000	-76.416564
222.350000	-76.417107
222.375000	-76.417651
222.400000	-76.418194
222.425000	-76.418737
222.450000	-76.419281
222.475000	-76.419824
222.500000	-76.420367
222.525000	-76.420910
222.550000	-76.421453
222.575000	-76.421996
222.600000	-76.422539
222.625000	-76.423082
222.650000	-76.423625
222.675000	-76.424168
222.700000	-76.424711
222.725000	-76.425253
222.750000	-76.425796
222.775000	-76.426339
222.800000	-76.426881
222.825000	-76.427424
222.850000	-76.427966
222.875000	-76.428508
222.900000	-76.429051
222.925000	-76.429593
222.950000	-76.430135
222.975000	-76.430677
223.000000	-76.431219
223.025000	-76.431761
223.050000	-76.432303
223.075000	-76.432845
223.100000	-76.433387
223.125000	-76.433929
223.150000	-76.434470
223.175000	-76.435012
223.200000	-76.435554
223.225000	-76.436095
223.250000	-76.436637
223.275000	-76.437178
223.300000	-76.437720
223.325000	-76.438261
223.350000	-76.438802
223.375000	-76.439344
223.400000	-76.439885
223.425000	-76.440426
223.450000	-76.440967
223.475000	-76.441508
223.500000	-76.442049
223.525000	-76.442590
223.550000	-76.443131
223.575000	-76.443672
223.600000	-76.444212
223.625000	-76.444753
223.650000	-76.445294
223.675000	-76.445834
223.700000	-76.446375
223.725000	-76.446915
223.750000	-76.447456
223.775000	-76.447996
223.800000	-76.448536
223.825000	-76.449076
223.850000	-76.449617
223.875000	-76.450157
223.900000	-76.450697
223.925000	-76.451237
223.950000	-76.451777
223.975000	-76.452317
224.000000	-76.452857
224.025000	-76.453396
224.050000	-76.453936
224.075000	-76.454476
224.100000	-76.455015
224.125000	-76.455555
224.150000	-76.456095
224.175000	-76.456634
224.200000	-76.457173
224.225000	-76.457713
224.250000	-76.458252
224.275000	-76.458791
224.300000	-76.459330
224.325000	-76.459870
224.350000	-76.460409
224.375000	-76.460948
224.400000	-76.461487
224.425000	-76.462026
224.450000	-76.462564
224.475000	-76.463103
224.500000	-76.463642
224.525000	-76.464181
224.550000	-76.464719
224.575000	-76.465258
224.600000	-76.465796
224.625000	-76.466335
224.650000	-76.466873
224.675000	-76.467412
224.700000	-76.467950
224.725000	-76.468488
224.750000	-76.469026
224.775000	-76.469565
224.800000	-76.470103
224.825000	-76.470641
224.850000	-76.471179
224.875000	-76.471717
224.900000	-76.472254
224.925000	-76.472792
224.950000	-76.473330
224.975000	-76.473868
225.000000	-76.474405
225.025000	-76.474943
225.050000	-76.475480
225.075000	-76.476018
225.100000	-76.476555
225.125000	-76.477093
225.150000	-76.477630
225.175000	-76.478167
225.200000	-76.478704
225.225000	-76.479242
225.250000	-76.479779
225.275000	-76.480316
225.300000	-76.480853
225.325000	-76.481390
225.350000	-76.481927
225.375000	-76.482463
225.400000	-76.483000
225.425000	-76.483537
225.450000	-76.484073
225.475000	-76.484610
225.500000	-76.485147
225.525000	-76.485683
225.550000	-76.486220
225.575000	-76.486756
225.600000	-76.487292
225.625000	-76.487828
225.650000	-76.488365
225.675000	-76.488901
225.700000	-76.489437
225.725000	-76.489973
225.750000	-76.490509
225.775000	-76.491045
225.800000	-76.491581
225.825000	-76.492117
225.850000	-76.492652
225.875000	-76.493188
225.900000	-76.493724
225.925000	-76.494259
225.950000	-76.494795
225.975000	-76.495330
226.000000	-76.495866
226.025000	-76.496401
226.050000	-76.496937
226.075000	-76.497472
226.100000	-76.498007
226.125000	-76.498542
226.150000	-76.499077
226.175000	-76.499612
226.200000	-76.500147
226.225000	-76.500682
226.250000	-76.501217
226.275000	-76.501752
226.300000	-76.502287
226.325000	-76.502822
226.350000	-76.503356
226.375000	-76.503891
226.400000	-76.504425
226.425000	-76.504960
226.450000	-76.505494
226.475000	-76.506029
226.500000	-76.506563
226.525000	-76.507097
226.550000	-76.507632
226.575000	-76.508166
226.600000	-76.508700
226.625000	-76.509234
226.650000	-76.509768
226.675000	-76.510302
226.700000	-76.510836
226.725000	-76.511370
226.750000	-76.511904
226.775000	-76.512437
226.800000	-76.512971
226.825000	-76.513505
226.850000	-76.514038
226.875000	-76.514572
226.900000	-76.515105
226.925000	-76.515639
226.950000	-76.516172
226.975000	-76.516705
227.000000	-76.517239
227.025000	-76.517772
227.050000	-76.518305
227.075000	-76.518838
227.100000	-76.519371
227.125000	-76.519904
227.150000	-76.520437
227.175000	-76.520970
227.200000	-76.521503
227.225000	-76.522035
227.250000	-76.522568
227.275000	-76.523101
227.300000	-76.523633
227.325000	-76.524166
227.350000	-76.524698
227.375000	-76.525231
227.400000	-76.525763
227.425000	-76.526295
227.450000	-76.526828
227.475000	-76.527360
227.500000	-76.527892
227.525000	-76.528424
227.550000	-76.528956
227.575000	-76.529488
227.600000	-76.530020
227.625000	-76.530552
227.650000	-76.531084
227.675000	-76.531616
227.700000	-76.532147
227.725000	-76.532679
227.750000	-76.533211
227.775000	-76.533742
227.800000	-76.534274
227.825000	-76.534805
227.850000	-76.535337
227.875000	-76.535868
227.900000	-76.536399
227.925000	-76.536930
227.950000	-76.537462
227.975000	-76.537993
228.000000	-76.538524
228.025000	-76.539055
228.050000	-76.539586
228.075000	-76.540117
228.100000	-76.540647
228.125000	-76.541178
228.150000	-76.541709
228.175000	-76.542240
228.200000	-76.542770
228.225000	-76.543301
228.250000	-76.543831
228.275000	-76.544362
228.300000	-76.544892
228.325000	-76.545423
228.350000	-76.545953
228.375000	-76.546483
228.400000	-76.547013
228.425000	-76.547544
228.450000	-76.548074
228.475000	-76.548604
228.500000	-76.549134
228.525000	-76.549664
228.550000	-76.550193
228.575000	-76.550723
228.600000	-76.551253
228.625000	-76.551783
228.650000	-76.552312
228.675000	-76.552842
228.700000	-76.553372
228.725000	-76.553901
228.750000	-76.554431
228.775000	-76.554960
228.800000	-76.555489
228.825000	-76.556018
228.850000	-76.556548
228.875000	-76.557077
228.900000	-76.557606
228.925000	-76.558135
228.950000	-76.558664
228.975000	-76.559193
229.000000	-76.559722
229.025000	-76.560251
229.050000	-76.560780
229.075000	-76.561308
229.100000	-76.561837
229.125000	-76.562366
229.150000	-76.562894
229.175000	-76.563423
229.200000	-76.563951
229.225000	-76.564480
229.250000	-76.565008
229.275000	-76.565536
229.300000	-76.566064
229.325000	-76.566593
229.350000	-76.567121
229.375000	-76.567649
229.400000	-76.568177
229.425000	-76.568705
229.450000	-76.569233
229.475000	-76.569761
229.500000	-76.570288
229.525000	-76.570816
229.550000	-76.571344
229.575000	-76.571872
229.600000	-76.572399
229.625000	-76.572927
229.650000	-76.573454
229.675000	-76.573982
229.700000	-76.574509
229.725000	-76.575036
229.750000	-76.575564
229.775000	-76.576091
229.800000	-76.576618
229.825000	-76.577145
229.850000	-76.577672
229.875000	-76.578199
229.900000	-76.578726
229.925000	-76.579253
229.950000	-76.579780
229.975000	-76.580307
230.000000	-76.580833
230.025000	-76.581360
230.050000	-76.581887
230.075000	-76.582413
230.100000	-76.582940
230.125000	-76.583466
230.150000	-76.583993
230.175000	-76.584519
230.200000	-76.585045
230.225000	-76.585572
230.250000	-76.586098
230.275000	-76.586624
230.300000	-76.587150
230.325000	-76.587676
230.350000	-76.588202
230.375000	-76.588728
230.400000	-76.589254
230.425000	-76.589780
230.450000	-76.590305
230.475000	-76.590831
230.500000	-76.591357
230.525000	-76.591882
230.550000	-76.592408
230.575000	-76.592933
230.600000	-76.593459
230.625000	-76.593984
230.650000	-76.594509
230.675000	-76.595035
230.700000	-76.595560
230.725000	-76.596085
230.750000	-76.596610
230.775000	-76.597135
230.800000	-76.597660
230.825000	-76.598185
230.850000	-76.598710
230.875000	-76.599235
230.900000	-76.599760
230.925000	-76.600285
230.950000	-76.600809
230.975000	-76.601334
231.000000	-76.601858
231.025000	-76.602383
231.050000	-76.602907
231.075000	-76.603432
231.100000	-76.603956
231.125000	-76.604481
231.150000	-76.605005
231.175000	-76.605529
231.200000	-76.606053
231.225000	-76.606577
231.250000	-76.607101
231.275000	-76.607625
231.300000	-76.608149
231.325000	-76.608673
231.350000	-76.609197
231.375000	-76.609721
231.400000	-76.610244
231.425000	-76.610768
231.450000	-76.611292
231.475000	-76.611815
231.500000	-76.612339
231.525000	-76.612862
231.550000	-76.613386
231.575000	-76.613909
231.600000	-76.614432
231.625000	-76.614956
231.650000	-76.615479
231.675000	-76.616002
231.700000	-76.616525
231.725000	-76.617048
231.750000	-76.617571
231.775000	-76.618094
231.800000	-76.618617
231.825000	-76.619140
231.850000	-76.619662
231.875000	-76.620185
231.900000	-76.620708
231.925000	-76.621230
231.950000	-76.621753
231.975000	-76.622275
232.000000	-76.622798
232.025000	-76.623320
232.050000	-76.623842
232.075000	-76.624365
232.100000	-76.624887
232.125000	-76.625409
232.150000	-76.625931
232.175000	-76.626453
232.200000	-76.626975
232.225000	-76.627497
232.250000	-76.628019
232.275000	-76.628541
232.300000	-76.629063
232.325000	-76.629584
232.350000	-76.630106
232.375000	-76.630628
232.400000	-76.631149
232.425000	-76.631671
232.450000	-76.632192
232.475000	-76.632714
232.500000	-76.633235
232.525000	-76.633756
232.550000	-76.634278
232.575000	-76.634799
232.600000	-76.635320
232.625000	-76.635841
232.650000	-76.636362
232.675000	-76.636883
232.700000	-76.637404
232.725000	-76.637925
232.750000	-76.638446
232.775000	-76.638967
232.800000	-76.639487
232.825000	-76.640008
232.850000	-76.640529
232.875000	-76.641049
232.900000	-76.641570
232.925000	-76.642090
232.950000	-76.642611
232.975000	-76.643131
233.000000	-76.643651
233.025000	-76.644172
233.050000	-76.644692
233.075000	-76.645212
233.100000	-76.645732
233.125000	-76.646252
233.150000	-76.646772
233.175000	-76.647292
233.200000	-76.647812
233.225000	-76.648332
233.250000	-76.648851
233.275000	-76.649371
233.300000	-76.649891
233.325000	-76.650410
233.350000	-76.650930
233.375000	-76.651449
233.400000	-76.651969
233.425000	-76.652488
233.450000	-76.653008
233.475000	-76.653527
233.500000	-76.654046
233.525000	-76.654565
233.550000	-76.655085
233.575000	-76.655604
233.600000	-76.656123
233.625000	-76.656642
233.650000	-76.657160
233.675000	-76.657679
233.700000	-76.658198
233.725000	-76.658717
233.750000	-76.659236
233.775000	-76.659754
233.800000	-76.660273
233.825000	-76.660791
233.850000	-76.661310
233.875000	-76.661828
233.900000	-76.662347
233.925000	-76.662865
233.950000	-76.663383
233.975000	-76.663902
234.000000	-76.664420
234.025000	-76.664938
234.050000	-76.665456
234.075000	-76.665974
234.100000	-76.666492
234.125000	-76.667010
234.150000	-76.667528
234.175000	-76.668046
234.200000	-76.668563
234.225000	-76.669081
234.250000	-76.669599
234.275000	-76.670116
234.300000	-76.670634
234.325000	-76.671151
234.350000	-76.671669
234.375000	-76.672186
234.400000	-76.672703
234.425000	-76.673221
234.450000	-76.673738
234.475000	-76.674255
234.500000	-76.674772
234.525000	-76.675289
234.550000	-76.675806
234.575000	-76.676323
234.600000	-76.676840
234.625000	-76.677357
234.650000	-76.677874
234.675000	-76.678391
234.700000	-76.678907
234.725000	-76.679424
234.750000	-76.679940
234.775000	-76.680457
234.800000	-76.680973
234.825000	-76.681490
234.850000	-76.682006
234.875000	-76.682523
234.900000	-76.683039
234.925000	-76.683555
234.950000	-76.684071
234.975000	-76.684587
235.000000	-76.685103
235.025000	-76.685619
235.050000	-76.686135
235.075000	-76.686651
235.100000	-76.687167
235.125000	-76.687683
235.150000	-76.688199
235.175000	-76.688714
235.200000	-76.689230
235.225000	-76.689746
235.250000	-76.690261
235.275000	-76.690777
235.300000	-76.691292
235.325000	-76.691807
235.350000	-76.692323
235.375000	-76.692838
235.400000	-76.693353
235.425000	-76.693868
235.450000	-76.694384
235.475000	-76.694899
235.500000	-76.695414
235.525000	-76.695929
235.550000	-76.696443
235.575000	-76.696958
235.600000	-76.697473
235.625000	-76.697988
235.650000	-76.698503
235.675000	-76.699017
235.700000	-76.699532
235.725000	-76.700046
235.750000	-76.700561
235.775000	-76.701075
235.800000	-76.701590
235.825000	-76.702104
235.850000	-76.702618
235.875000	-76.703132
235.900000	-76.703647
235.925000	-76.704161
235.950000	-76.704675
235.975000	-76.705189
236.000000	-76.705703
236.025000	-76.706217
236.050000	-76.706730
236.075000	-76.707244
236.100000	-76.707758
236.125000	-76.708272
236.150000	-76.708785
236.175000	-76.709299
236.200000	-76.709812
236.225000	-76.710326
236.250000	-76.710839
236.275000	-76.711353
236.300000	-76.711866
236.325000	-76.712379
236.350000	-76.712893
236.375000	-76.713406
236.400000	-76.713919
236.425000	-76.714432
236.450000	-76.714945
236.475000	-76.715458
236.500000	-76.715971
236.525000	-76.716484
236.550000	-76.716996
236.575000	-76.717509
236.600000	-76.718022
236.625000	-76.718534
236.650000	-76.719047
236.675000	-76.719560
236.700000	-76.720072
236.725000	-76.720584
236.750000	-76.721097
236.775000	-76.721609
236.800000	-76.722121
236.825000	-76.722634
236.850000	-76.723146
236.875000	-76.723658
236.900000	-76.724170
236.925000	-76.724682
236.950000	-76.725194
236.975000	-76.725706
237.000000	-76.726218
237.025000	-76.726730
237.050000	-76.727241
237.075000	-76.727753
237.100000	-76.728265
237.125000	-76.728776
237.150000	-76.729288
237.175000	-76.729799
237.200000	-76.730311
237.225000	-76.730822
237.250000	-76.731333
237.275000	-76.731845
237.300000	-76.732356
237.325000	-76.732867
237.350000	-76.733378
237.375000	-76.733889
237.400000	-76.734400
237.425000	-76.734911
237.450000	-76.735422
237.475000	-76.735933
237.500000	-76.736444
237.525000	-76.736955
237.550000	-76.737465
237.575000	-76.737976
237.600000	-76.738487
237.625000	-76.738997
237.650000	-76.739508
237.675000	-76.740018
237.700000	-76.740529
237.725000	-76.741039
237.750000	-76.741549
237.775000	-76.742059
237.800000	-76.742570
237.825000	-76.743080
237.850000	-76.743590
237.875000	-76.744100
237.900000	-76.744610
237.925000	-76.745120
237.950000	-76.745630
237.975000	-76.746139
238.000000	-76.746649
238.025000	-76.747159
238.050000	-76.747669
238.075000	-76.748178
238.100000	-76.748688
238.125000	-76.749197
238.150000	-76.749707
238.175000	-76.750216
238.200000	-76.750726
238.225000	-76.751235
238.250000	-76.751744
238.275000	-76.752253
238.300000	-76.752762
238.325000	-76.753271
238.350000	-76.753781
238.375000	-76.754290
238.400000	-76.754798
238.425000	-76.755307
238.450000	-76.755816
238.475000	-76.756325
238.500000	-76.756834
238.525000	-76.757342
238.550000	-76.757851
238.575000	-76.758360
238.600000	-76.758868
238.625000	-76.759377
238.650000	-76.759885
238.675000	-76.760393
238.700000	-76.760902
238.725000	-76.761410
238.750000	-76.761918
238.775000	-76.762426
238.800000	-76.762934
238.825000	-76.763442
238.850000	-76.763950
238.875000	-76.764458
238.900000	-76.764966
238.925000	-76.765474
238.950000	-76.765982
238.975000	-76.766490
239.000000	-76.766997
239.025000	-76.767505
239.050000	-76.768013
239.075000	-76.768520
239.100000	-76.769028
239.125000	-76.769535
239.150000	-76.770042
239.175000	-76.770550
239.200000	-76.771057
239.225000	-76.771564
239.250000	-76.772071
239.275000	-76.772578
239.300000	-76.773086
239.325000	-76.773593
239.350000	-76.774100
239.375000	-76.774606
239.400000	-76.775113
239.425000	-76.775620
239.450000	-76.776127
239.475000	-76.776634
239.500000	-76.777140
239.525000	-76.777647
239.550000	-76.778153
239.575000	-76.778660
239.600000	-76.779166
239.625000	-76.779673
239.650000	-76.780179
239.675000	-76.780685
239.700000	-76.781192
239.725000	-76.781698
239.750000	-76.782204
239.775000	-76.782710
239.800000	-76.783216
239.825000	-76.783722
239.850000	-76.784228
239.875000	-76.784734
239.900000	-76.785240
239.925000	-76.785745
239.950000	-76.786251
239.975000	-76.786757
240.000000	-76.787262
240.025000	-76.787768
240.050000	-76.788274
240.075000	-76.788779
240.100000	-76.789284
240.125000	-76.789790
240.150000	-76.790295
240.175000	-76.790800
240.200000	-76.791306
240.225000	-76.791811
240.250000	-76.792316
240.275000	-76.792821
240.300000	-76.793326
240.325000	-76.793831
240.350000	-76.794336
240.375000	-76.794841
240.400000	-76.795345
240.425000	-76.795850
240.450000	-76.796355
240.475000	-76.796859
240.500000	-76.797364
240.525000	-76.797869
240.550000	-76.798373
240.575000	-76.798877
240.600000	-76.799382
240.625000	-76.799886
240.650000	-76.800390
240.675000	-76.800895
240.700000	-76.801399
240.725000	-76.801903
240.750000	-76.802407
240.775000	-76.802911
240.800000	-76.803415
240.825000	-76.803919
240.850000	-76.804423
240.875000	-76.804927
240.900000	-76.805430
240.925000	-76.805934
240.950000	-76.806438
240.975000	-76.806941
241.000000	-76.807445
241.025000	-76.807948
241.050000	-76.808452
241.075000	-76.808955
241.100000	-76.809459
241.125000	-76.809962
241.150000	-76.810465
241.175000	-76.810968
241.200000	-76.811472
241.225000	-76.811975
241.250000	-76.812478
241.275000	-76.812981
241.300000	-76.813484
241.325000	-76.813987
241.350000	-76.814489
241.375000	-76.814992
241.400000	-76.815495
241.425000	-76.815998
241.450000	-76.816500
241.475000	-76.817003
241.500000	-76.817505
241.525000	-76.818008
241.550000	-76.818510
241.575000	-76.819013
241.600000	-76.819515
241.625000	-76.820017
241.650000	-76.820519
241.675000	-76.821022
241.700000	-76.821524
241.725000	-76.822026
241.750000	-76.822528
241.775000	-76.823030
241.800000	-76.823532
241.825000	-76.824034
241.850000	-76.824535
241.875000	-76.825037
241.900000	-76.825539
241.925000	-76.826041
241.950000	-76.826542
241.975000	-76.827044
242.000000	-76.827545
242.025000	-76.828047
242.050000	-76.828548
242.075000	-76.829049
242.100000	-76.829551
242.125000	-76.830052
242.150000	-76.830553
242.175000	-76.831054
242.200000	-76.831555
242.225000	-76.832056
242.250000	-76.832557
242.275000	-76.833058
242.300000	-76.833559
242.325000	-76.834060
242.350000	-76.834561
242.375000	-76.835062
242.400000	-76.835562
242.425000	-76.836063
242.450000	-76.836564
242.475000	-76.837064
242.500000	-76.837565
242.525000	-76.838065
242.550000	-76.838565
242.575000	-76.839066
242.600000	-76.839566
242.625000	-76.840066
242.650000	-76.840566
242.675000	-76.841067
242.700000	-76.841567
242.725000	-76.842067
242.750000	-76.842567
242.775000	-76.843067
242.800000	-76.843566
242.825000	-76.844066
242.850000	-76.844566
242.875000	-76.845066
242.900000	-76.845565
242.925000	-76.846065
242.950000	-76.846565
242.975000	-76.847064
243.000000	-76.847564
243.025000	-76.848063
243.050000	-76.848562
243.075000	-76.849062
243.100000	-76.849561
243.125000	-76.850060
243.150000	-76.850559
243.175000	-76.851058
243.200000	-76.851557
243.225000	-76.852056
243.250000	-76.852555
243.275000	-76.853054
243.300000	-76.853553
243.325000	-76.854052
243.350000	-76.854551
243.375000	-76.855049
243.400000	-76.855548
243.425000	-76.856047
243.450000	-76.856545
243.475000	-76.857044
243.500000	-76.857542
243.525000	-76.858040
243.550000	-76.858539
243.575000	-76.859037
243.600000	-76.859535
243.625000	-76.860034
243.650000	-76.860532
243.675000	-76.861030
243.700000	-76.861528
243.725000	-76.862026
243.750000	-76.862524
243.775000	-76.863022
243.800000	-76.863519
243.825000	-76.864017
243.850000	-76.864515
243.875000	-76.865013
243.900000	-76.865510
243.925000	-76.866008
243.950000	-76.866505
243.975000	-76.867003
244.000000	-76.867500
244.025000	-76.867998
244.050000	-76.868495
244.075000	-76.868992
244.100000	-76.869490
244.125000	-76.869987
244.150000	-76.870484
244.175000	-76.870981
244.200000	-76.871478
244.225000	-76.871975
244.250000	-76.872472
244.275000	-76.872969
244.300000	-76.873466
244.325000	-76.873962
244.350000	-76.874459
244.375000	-76.874956
244.400000	-76.875452
244.425000	-76.875949
244.450000	-76.876445
244.475000	-76.876942
244.500000	-76.877438
244.525000	-76.877935
244.550000	-76.878431
244.575000	-76.878927
244.600000	-76.879423
244.625000	-76.879920
244.650000	-76.880416
244.675000	-76.880912
244.700000	-76.881408
244.725000	-76.881904
244.750000	-76.882400
244.775000	-76.882895
244.800000	-76.883391
244.825000	-76.883887
244.850000	-76.884383
244.875000	-76.884878
244.900000	-76.885374
244.925000	-76.885870
244.950000	-76.886365
244.975000	-76.886861
245.000000	-76.887356
245.025000	-76.887851
245.050000	-76.888347
245.075000	-76.888842
245.100000	-76.889337
245.125000	-76.889832
245.150000	-76.890327
245.175000	-76.890822
245.200000	-76.891317
245.225000	-76.891812
245.250000	-76.892307
245.275000	-76.892802
245.300000	-76.893297
245.325000	-76.893792
245.350000	-76.894286
245.375000	-76.894781
245.400000	-76.895275
245.425000	-76.895770
245.450000	-76.896265
245.475000	-76.896759
245.500000	-76.897253
245.525000	-76.897748
245.550000	-76.898242
245.575000	-76.898736
245.600000	-76.899230
245.625000	-76.899725
245.650000	-76.900219
245.675000	-76.900713
245.700000	-76.901207
245.725000	-76.901701
245.750000	-76.902195
245.775000	-76.902688
245.800000	-76.903182
245.825000	-76.903676
245.850000	-76.904170
245.875000	-76.904663
245.900000	-76.905157
245.925000	-76.905650
245.950000	-76.906144
245.975000	-76.906637
246.000000	-76.907131
246.025000	-76.907624
246.050000	-76.908117
246.075000	-76.908611
246.100000	-76.909104
246.125000	-76.909597
246.150000	-76.910090
246.175000	-76.910583
246.200000	-76.911076
246.225000	-76.911569
246.250000	-76.912062
246.275000	-76.912555
246.300000	-76.913047
246.325000	-76.913540
246.350000	-76.914033
246.375000	-76.914525
246.400000	-76.915018
246.425000	-76.915511
246.450000	-76.916003
246.475000	-76.916495
246.500000	-76.916988
246.525000	-76.917480
246.550000	-76.917972
246.575000	-76.918465
246.600000	-76.918957
246.625000	-76.919449
246.650000	-76.919941
246.675000	-76.920433
246.700000	-76.920925
246.725000	-76.921417
246.750000	-76.921909
246.775000	-76.922401
246.800000	-76.922893
246.825000	-76.923384
246.850000	-76.923876
246.875000	-76.924368
246.900000	-76.924859
246.925000	-76.925351
246.950000	-76.925842
246.975000	-76.926334
247.000000	-76.926825
247.025000	-76.927316
247.050000	-76.927808
247.075000	-76.928299
247.100000	-76.928790
247.125000	-76.929281
247.150000	-76.929772
247.175000	-76.930263
247.200000	-76.930754
247.225000	-76.931245
247.250000	-76.931736
247.275000	-76.932227
247.300000	-76.932718
247.325000	-76.933208
247.350000	-76.933699
247.375000	-76.934190
247.400000	-76.934680
247.425000	-76.935171
247.450000	-76.935661
247.475000	-76.936152
247.500000	-76.936642
247.525000	-76.937132
247.550000	-76.937623
247.575000	-76.938113
247.600000	-76.938603
247.625000	-76.939093
247.650000	-76.939583
247.675000	-76.940073
247.700000	-76.940563
247.725000	-76.941053
247.750000	-76.941543
247.775000	-76.942033
247.800000	-76.942523
247.825000	-76.943012
247.850000	-76.943502
247.875000	-76.943992
247.900000	-76.944481
247.925000	-76.944971
247.950000	-76.945460
247.975000	-76.945950
248.000000	-76.946439
248.025000	-76.946928
248.050000	-76.947418
248.075000	-76.947907
248.100000	-76.948396
248.125000	-76.948885
248.150000	-76.949374
248.175000	-76.949863
248.200000	-76.950352
248.225000	-76.950841
248.250000	-76.951330
248.275000	-76.951819
248.300000	-76.952308
248.325000	-76.952796
248.350000	-76.953285
248.375000	-76.953774
248.400000	-76.954262
248.425000	-76.954751
248.450000	-76.955239
248.475000	-76.955728
248.500000	-76.956216
248.525000	-76.956704
248.550000	-76.957193
248.575000	-76.957681
248.600000	-76.958169
248.625000	-76.958657
248.650000	-76.959145
248.675000	-76.959633
248.700000	-76.960121
248.725000	-76.960609
248.750000	-76.961097
248.775000	-76.961585
248.800000	-76.962073
248.825000	-76.962561
248.850000	-76.963048
248.875000	-76.963536
248.900000	-76.964024
248.925000	-76.964511
248.950000	-76.964999
248.975000	-76.965486
249.000000	-76.965973
249.025000	-76.966461
249.050000	-76.966948
249.075000	-76.967435
249.100000	-76.967922
249.125000	-76.968410
249.150000	-76.968897
249.175000	-76.969384
249.200000	-76.969871
249.225000	-76.970358
249.250000	-76.970845
249.275000	-76.971331
249.300000	-76.971818
249.325000	-76.972305
249.350000	-76.972792
249.375000	-76.973278
249.400000	-76.973765
249.425000	-76.974251
249.450000	-76.974738
249.475000	-76.975224
249.500000	-76.975711
249.525000	-76.976197
249.550000	-76.976683
249.575000	-76.977170
249.600000	-76.977656
249.625000	-76.978142
249.650000	-76.978628
249.675000	-76.979114
249.700000	-76.979600
249.725000	-76.980086
249.750000	-76.980572
249.775000	-76.981058
249.800000	-76.981544
249.825000	-76.982029
249.850000	-76.982515
249.875000	-76.983001
249.900000	-76.983486
249.925000	-76.983972
249.950000	-76.984457
249.975000	-76.984943
250.000000	-76.985428
250.025000	-76.985914
250.050000	-76.986399
250.075000	-76.986884
250.100000	-76.987369
250.125000	-76.987855
250.150000	-76.988340
250.175000	-76.988825
250.200000	-76.989310
250.225000	-76.989795
250.250000	-76.990280
250.275000	-76.990764
250.300000	-76.991249
250.325000	-76.991734
250.350000	-76.992219
250.375000	-76.992703
250.400000	-76.993188
250.425000	-76.993673
250.450000	-76.994157
250.475000	-76.994642
250.500000	-76.995126
250.525000	-76.995610
250.550000	-76.996095
250.575000	-76.996579
250.600000	-76.997063
250.625000	-76.997547
250.650000	-76.998031
250.675000	-76.998516
250.700000	-76.999000
250.725000	-76.999484
250.750000	-76.999967
250.775000	-77.000451
250.800000	-77.000935
250.825000	-77.001419
250.850000	-77.001903
250.875000	-77.002386
250.900000	-77.002870
250.925000	-77.003354
250.950000	-77.003837
250.975000	-77.004321
251.000000	-77.004804
251.025000	-77.005287
251.050000	-77.005771
251.075000	-77.006254
251.100000	-77.006737
251.125000	-77.007220
251.150000	-77.007704
251.175000	-77.008187
251.200000	-77.008670
251.225000	-77.009153
251.250000	-77.009636
251.275000	-77.010119
251.300000	-77.010601
251.325000	-77.011084
251.350000	-77.011567
251.375000	-77.012050
251.400000	-77.012532
251.425000	-77.013015
251.450000	-77.013497
251.475000	-77.013980
251.500000	-77.014462
251.525000	-77.014945
251.550000	-77.015427
251.575000	-77.015909
251.600000	-77.016392
251.625000	-77.016874
251.650000	-77.017356
251.675000	-77.017838
251.700000	-77.018320
251.725000	-77.018802
251.750000	-77.019284
251.775000	-77.019766
251.800000	-77.020248
251.825000	-77.020730
251.850000	-77.021211
251.875000	-77.021693
251.900000	-77.022175
251.925000	-77.022656
251.950000	-77.023138
251.975000	-77.023620
252.000000	-77.024101
252.025000	-77.024582
252.050000	-77.025064
252.075000	-77.025545
252.100000	-77.026026
252.125000	-77.026508
252.150000	-77.026989
252.175000	-77.027470
252.200000	-77.027951
252.225000	-77.028432
252.250000	-77.028913
252.275000	-77.029394
252.300000	-77.029875
252.325000	-77.030356
252.350000	-77.030836
252.375000	-77.031317
252.400000	-77.031798
252.425000	-77.032278
252.450000	-77.032759
252.475000	-77.033240
252.500000	-77.033720
252.525000	-77.034200
252.550000	-77.034681
252.575000	-77.035161
252.600000	-77.035641
252.625000	-77.036122
252.650000	-77.036602
252.675000	-77.037082
252.700000	-77.037562
252.725000	-77.038042
252.750000	-77.038522
252.775000	-77.039002
252.800000	-77.039482
252.825000	-77.039962
252.850000	-77.040442
252.875000	-77.040921
252.900000	-77.041401
252.925000	-77.041881
252.950000	-77.042360
252.975000	-77.042840
253.000000	-77.043320
253.025000	-77.043799
253.050000	-77.044278
253.075000	-77.044758
253.100000	-77.045237
253.125000	-77.045716
253.150000	-77.046196
253.175000	-77.046675
253.200000	-77.047154
253.225000	-77.047633
253.250000	-77.048112
253.275000	-77.048591
253.300000	-77.049070
253.325000	-77.049549
253.350000	-77.050028
253.375000	-77.050506
253.400000	-77.050985
253.425000	-77.051464
253.450000	-77.051942
253.475000	-77.052421
253.500000	-77.052899
253.525000	-77.053378
253.550000	-77.053856
253.575000	-77.054335
253.600000	-77.054813
253.625000	-77.055291
253.650000	-77.055770
253.675000	-77.056248
253.700000	-77.056726
253.725000	-77.057204
253.750000	-77.057682
253.775000	-77.058160
253.800000	-77.058638
253.825000	-77.059116
253.850000	-77.059594
253.875000	-77.060072
253.900000	-77.060549
253.925000	-77.061027
253.950000	-77.061505
253.975000	-77.061982
254.000000	-77.062460
254.025000	-77.062937
254.050000	-77.063415
254.075000	-77.063892
254.100000	-77.064370
254.125000	-77.064847
254.150000	-77.065324
254.175000	-77.065802
254.200000	-77.066279
254.225000	-77.066756
254.250000	-77.067233
254.275000	-77.067710
254.300000	-77.068187
254.325000	-77.068664
254.350000	-77.069141
254.375000	-77.069618
254.400000	-77.070094
254.425000	-77.070571
254.450000	-77.071048
254.475000	-77.071524
254.500000	-77.072001
254.525000	-77.072478
254.550000	-77.072954
254.575000	-77.073431
254.600000	-77.073907
254.625000	-77.074383
254.650000	-77.074860
254.675000	-77.075336
254.700000	-77.075812
254.725000	-77.076288
254.750000	-77.076764
254.775000	-77.077240
254.800000	-77.077716
254.825000	-77.078192
254.850000	-77.078668
254.875000	-77.079144
254.900000	-77.079620
254.925000	-77.080096
254.950000	-77.080571
254.975000	-77.081047
255.000000	-77.081523
255.025000	-77.081998
255.050000	-77.082474
255.075000	-77.082949
255.100000	-77.083425
255.125000	-77.083900
255.150000	-77.084375
255.175000	-77.084851
255.200000	-77.085326
255.225000	-77.085801
255.250000	-77.086276
255.275000	-77.086751
255.300000	-77.087226
255.325000	-77.087701
255.350000	-77.088176
255.375000	-77.088651
255.400000	-77.089126
255.425000	-77.089601
255.450000	-77.090076
255.475000	-77.090550
255.500000	-77.091025
255.525000	-77.091500
255.550000	-77.091974
255.575000	-77.092449
255.600000	-77.092923
255.625000	-77.093398
255.650000	-77.093872
255.675000	-77.094346
255.700000	-77.094820
255.725000	-77.095295
255.750000	-77.095769
255.775000	-77.096243
255.800000	-77.096717
255.825000	-77.097191
255.850000	-77.097665
255.875000	-77.098139
255.900000	-77.098613
255.925000	-77.099087
255.950000	-77.099561
255.975000	-77.100034
256.000000	-77.100508
256.025000	-77.100982
256.050000	-77.101455
256.075000	-77.101929
256.100000	-77.102402
256.125000	-77.102876
256.150000	-77.103349
256.175000	-77.103822
256.200000	-77.104296
256.225000	-77.104769
256.250000	-77.105242
256.275000	-77.105715
256.300000	-77.106188
256.325000	-77.106662
256.350000	-77.107135
256.375000	-77.107608
256.400000	-77.108080
256.425000	-77.108553
256.450000	-77.109026
256.475000	-77.109499
256.500000	-77.109972
256.525000	-77.110444
256.550000	-77.110917
256.575000	-77.111390
256.600000	-77.111862
256.625000	-77.112335
256.650000	-77.112807
256.675000	-77.113279
256.700000	-77.113752
256.725000	-77.114224
256.750000	-77.114696
256.775000	-77.115168
256.800000	-77.115641
256.825000	-77.116113
256.850000	-77.116585
256.875000	-77.117057
256.900000	-77.117529
256.925000	-77.118001
256.950000	-77.118473
256.975000	-77.118944
257.000000	-77.119416
257.025000	-77.119888
257.050000	-77.120360
257.075000	-77.120831
257.100000	-77.121303
257.125000	-77.121774
257.150000	-77.122246
257.175000	-77.122717
257.200000	-77.123189
257.225000	-77.123660
257.250000	-77.124131
257.275000	-77.124602
257.300000	-77.125074
257.325000	-77.125545
257.350000	-77.126016
257.375000	-77.126487
257.400000	-77.126958
257.425000	-77.127429
257.450000	-77.127900
257.475000	-77.128371
257.500000	-77.128841
257.525000	-77.129312
257.550000	-77.129783
257.575000	-77.130254
257.600000	-77.130724
257.625000	-77.131195
257.650000	-77.131665
257.675000	-77.132136
257.700000	-77.132606
257.725000	-77.133077
257.750000	-77.133547
257.775000	-77.134017
257.800000	-77.134487
257.825000	-77.134958
257.850000	-77.135428
257.875000	-77.135898
257.900000	-77.136368
257.925000	-77.136838
257.950000	-77.137308
257.975000	-77.137778
258.000000	-77.138248
258.025000	-77.138717
258.050000	-77.139187
258.075000	-77.139657
258.100000	-77.140126
258.125000	-77.140596
258.150000	-77.141066
258.175000	-77.141535
258.200000	-77.142005
258.225000	-77.142474
258.250000	-77.142943
258.275000	-77.143413
258.300000	-77.143882
258.325000	-77.144351
258.350000	-77.144820
258.375000	-77.145290
258.400000	-77.145759
258.425000	-77.146228
258.450000	-77.146697
258.475000	-77.147166
258.500000	-77.147635
258.525000	-77.148103
258.550000	-77.148572
258.575000	-77.149041
258.600000	-77.149510
258.625000	-77.149978
258.650000	-77.150447
258.675000	-77.150916
258.700000	-77.151384
258.725000	-77.151853
258.750000	-77.152321
258.775000	-77.152789
258.800000	-77.153258
258.825000	-77.153726
258.850000	-77.154194
258.875000	-77.154662
258.900000	-77.155130
258.925000	-77.155599
258.950000	-77.156067
258.975000	-77.156535
259.000000	-77.157003
259.025000	-77.157470
259.050000	-77.157938
259.075000	-77.158406
259.100000	-77.158874
259.125000	-77.159342
259.150000	-77.159809
259.175000	-77.160277
259.200000	-77.160744
259.225000	-77.161212
259.250000	-77.161679
259.275000	-77.162147
259.300000	-77.162614
259.325000	-77.163081
259.350000	-77.163549
259.375000	-77.164016
259.400000	-77.164483
259.425000	-77.164950
259.450000	-77.165417
259.475000	-77.165884
259.500000	-77.166351
259.525000	-77.166818
259.550000	-77.167285
259.575000	-77.167752
259.600000	-77.168219
259.625000	-77.168686
259.650000	-77.169152
259.675000	-77.169619
259.700000	-77.170086
259.725000	-77.170552
259.750000	-77.171019
259.775000	-77.171485
259.800000	-77.171952
259.825000	-77.172418
259.850000	-77.172884
259.875000	-77.173351
259.900000	-77.173817
259.925000	-77.174283
259.950000	-77.174749
259.975000	-77.175215
260.000000	-77.175681
260.025000	-77.176147
260.050000	-77.176613
260.075000	-77.177079
260.100000	-77.177545
260.125000	-77.178011
260.150000	-77.178477
260.175000	-77.178942
260.200000	-77.179408
260.225000	-77.179874
260.250000	-77.180339
260.275000	-77.180805
260.300000	-77.181270
260.325000	-77.181736
260.350000	-77.182201
260.375000	-77.182666
260.400000	-77.183132
260.425000	-77.183597
260.450000	-77.184062
260.475000	-77.184527
260.500000	-77.184992
260.525000	-77.185457
260.550000	-77.185922
260.575000	-77.186387
260.600000	-77.186852
260.625000	-77.187317
260.650000	-77.187782
260.675000	-77.188247
260.700000	-77.188712
260.725000	-77.189176
260.750000	-77.189641
260.775000	-77.190105
260.800000	-77.190570
260.825000	-77.191034
260.850000	-77.191499
260.875000	-77.191963
260.900000	-77.192428
260.925000	-77.192892
260.950000	-77.193356
260.975000	-77.193820
261.000000	-77.194284
261.025000	-77.194749
261.050000	-77.195213
261.075000	-77.195677
261.100000	-77.196141
261.125000	-77.196605
261.150000	-77.197068
261.175000	-77.197532
261.200000	-77.197996
261.225000	-77.198460
261.250000	-77.198923
261.275000	-77.199387
261.300000	-77.199851
261.325000	-77.200314
261.350000	-77.200778
261.375000	-77.201241
261.400000	-77.201705
261.425000	-77.202168
261.450000	-77.202631
261.475000	-77.203095
261.500000	-77.203558
261.525000	-77.204021
261.550000	-77.204484
261.575000	-77.204947
261.600000	-77.205410
261.625000	-77.205873
261.650000	-77.206336
261.675000	-77.206799
261.700000	-77.207262
261.725000	-77.207725
261.750000	-77.208187
261.775000	-77.208650
261.800000	-77.209113
261.825000	-77.209575
261.850000	-77.210038
261.875000	-77.210500
261.900000	-77.210963
261.925000	-77.211425
261.950000	-77.211888
261.975000	-77.212350
262.000000	-77.212812
262.025000	-77.213274
262.050000	-77.213737
262.075000	-77.214199
262.100000	-77.214661
262.125000	-77.215123
262.150000	-77.215585
262.175000	-77.216047
262.200000	-77.216509
262.225000	-77.216970
262.250000	-77.217432
262.275000	-77.217894
262.300000	-77.218356
262.325000	-77.218817
262.350000	-77.219279
262.375000	-77.219741
262.400000	-77.220202
262.425000	-77.220664
262.450000	-77.221125
262.475000	-77.221586
262.500000	-77.222048
262.525000	-77.222509
262.550000	-77.222970
262.575000	-77.223431
262.600000	-77.223893
262.625000	-77.224354
262.650000	-77.224815
262.675000	-77.225276
262.700000	-77.225737
262.725000	-77.226198
262.750000	-77.226659
262.775000	-77.227119
262.800000	-77.227580
262.825000	-77.228041
262.850000	-77.228502
262.875000	-77.228962
262.900000	-77.229423
262.925000	-77.229883
262.950000	-77.230344
262.975000	-77.230804
263.000000	-77.231265
263.025000	-77.231725
263.050000	-77.232185
263.075000	-77.232646
263.100000	-77.233106
263.125000	-77.233566
263.150000	-77.234026
263.175000	-77.234486
263.200000	-77.234946
263.225000	-77.235406
263.250000	-77.235866
263.275000	-77.236326
263.300000	-77.236786
263.325000	-77.237246
263.350000	-77.237705
263.375000	-77.238165
263.400000	-77.238625
263.425000	-77.239084
263.450000	-77.239544
263.475000	-77.240003
263.500000	-77.240463
263.525000	-77.240922
263.550000	-77.241382
263.575000	-77.241841
263.600000	-77.242300
263.625000	-77.242759
263.650000	-77.243219
263.675000	-77.243678
263.700000	-77.244137
263.725000	-77.244596
263.750000	-77.245055
263.775000	-77.245514
263.800000	-77.245973
263.825000	-77.246432
263.850000	-77.246890
263.875000	-77.247349
263.900000	-77.247808
263.925000	-77.248267
263.950000	-77.248725
263.975000	-77.249184
264.000000	-77.249642
264.025000	-77.250101
264.050000	-77.250559
264.075000	-77.251018
264.100000	-77.251476
264.125000	-77.251934
264.150000	-77.252393
264.175000	-77.252851
264.200000	-77.253309
264.225000	-77.253767
264.250000	-77.254225
264.275000	-77.254683
264.300000	-77.255141
264.325000	-77.255599
264.350000	-77.256057
264.375000	-77.256515
264.400000	-77.256973
264.425000	-77.257430
264.450000	-77.257888
264.475000	-77.258346
264.500000	-77.258803
264.525000	-77.259261
264.550000	-77.259718
264.575000	-77.260176
264.600000	-77.260633
264.625000	-77.261091
264.650000	-77.261548
264.675000	-77.262005
264.700000	-77.262462
264.725000	-77.262920
264.750000	-77.263377
264.775000	-77.263834
264.800000	-77.264291
264.825000	-77.264748
264.850000	-77.265205
264.875000	-77.265662
264.900000	-77.266119
264.925000	-77.266575
264.950000	-77.267032
264.975000	-77.267489
265.000000	-77.267946
265.025000	-77.268402
265.050000	-77.268859
265.075000	-77.269315
265.100000	-77.269772
265.125000	-77.270228
265.150000	-77.270685
265.175000	-77.271141
265.200000	-77.271597
265.225000	-77.272054
265.250000	-77.272510
265.275000	-77.272966
265.300000	-77.273422
265.325000	-77.273878
265.350000	-77.274334
265.375000	-77.274790
265.400000	-77.275246
265.425000	-77.275702
265.450000	-77.276158
265.475000	-77.276614
265.500000	-77.277069
265.525000	-77.277525
265.550000	-77.277981
265.575000	-77.278436
265.600000	-77.278892
265.625000	-77.279347
265.650000	-77.279803
265.675000	-77.280258
265.700000	-77.280714
265.725000	-77.281169
265.750000	-77.281624
265.775000	-77.282079
265.800000	-77.282535
265.825000	-77.282990
265.850000	-77.283445
265.875000	-77.283900
265.900000	-77.284355
265.925000	-77.284810
265.950000	-77.285265
265.975000	-77.285720
266.000000	-77.286175
266.025000	-77.286629
266.050000	-77.287084
266.075000	-77.287539
266.100000	-77.287993
266.125000	-77.288448
266.150000	-77.288903
266.175000	-77.289357
266.200000	-77.289811
266.225000	-77.290266
266.250000	-77.290720
266.275000	-77.291175
266.300000	-77.291629
266.325000	-77.292083
266.350000	-77.292537
266.375000	-77.292991
266.400000	-77.293445
266.425000	-77.293900
266.450000	-77.294354
266.475000	-77.294807
266.500000	-77.295261
266.525000	-77.295715
266.550000	-77.296169
266.575000	-77.296623
266.600000	-77.297077
266.625000	-77.297530
266.650000	-77.297984
266.675000	-77.298437
266.700000	-77.298891
266.725000	-77.299344
266.750000	-77.299798
266.775000	-77.300251
266.800000	-77.300705
266.825000	-77.301158
266.850000	-77.301611
266.875000	-77.302064
266.900000	-77.302518
266.925000	-77.302971
266.950000	-77.303424
266.975000	-77.303877
267.000000	-77.304330
267.025000	-77.304783
267.050000	-77.305236
267.075000	-77.305688
267.100000	-77.306141
267.125000	-77.306594
267.150000	-77.307047
267.175000	-77.307499
267.200000	-77.307952
267.225000	-77.308404
267.250000	-77.308857
267.275000	-77.309309
267.300000	-77.309762
267.325000	-77.310214
267.350000	-77.310667
267.375000	-77.311119
267.400000	-77.311571
267.425000	-77.312023
267.450000	-77.312476
267.475000	-77.312928
267.500000	-77.313380
267.525000	-77.313832
267.550000	-77.314284
267.575000	-77.314736
267.600000	-77.315188
267.625000	-77.315639
267.650000	-77.316091
267.675000	-77.316543
267.700000	-77.316995
267.725000	-77.317446
267.750000	-77.317898
267.775000	-77.318349
267.800000	-77.318801
267.825000	-77.319252
267.850000	-77.319704
267.875000	-77.320155
267.900000	-77.320606
267.925000	-77.321058
267.950000	-77.321509
267.975000	-77.321960
268.000000	-77.322411
268.025000	-77.322862
268.050000	-77.323314
268.075000	-77.323765
268.100000	-77.324215
268.125000	-77.324666
268.150000	-77.325117
268.175000	-77.325568
268.200000	-77.326019
268.225000	-77.326470
268.250000	-77.326920
268.275000	-77.327371
268.300000	-77.327822
268.325000	-77.328272
268.350000	-77.328723
268.375000	-77.329173
268.400000	-77.329623
268.425000	-77.330074
268.450000	-77.330524
268.475000	-77.330974
268.500000	-77.331425
268.525000	-77.331875
268.550000	-77.332325
268.575000	-77.332775
268.600000	-77.333225
268.625000	-77.333675
268.650000	-77.334125
268.675000	-77.334575
268.700000	-77.335025
268.725000	-77.335475
268.750000	-77.335924
268.775000	-77.336374
268.800000	-77.336824
268.825000	-77.337274
268.850000	-77.337723
268.875000	-77.338173
268.900000	-77.338622
268.925000	-77.339072
268.950000	-77.339521
268.975000	-77.339970
269.000000	-77.340420
269.025000	-77.340869
269.050000	-77.341318
269.075000	-77.341767
269.100000	-77.342217
269.125000	-77.342666
269.150000	-77.343115
269.175000	-77.343564
269.200000	-77.344013
269.225000	-77.344462
269.250000	-77.344910
269.275000	-77.345359
269.300000	-77.345808
269.325000	-77.346257
269.350000	-77.346705
269.375000	-77.347154
269.400000	-77.347603
269.425000	-77.348051
269.450000	-77.348500
269.475000	-77.348948
269.500000	-77.349397
269.525000	-77.349845
269.550000	-77.350293
269.575000	-77.350742
269.600000	-77.351190
269.625000	-77.351638
269.650000	-77.352086
269.675000	-77.352534
269.700000	-77.352982
269.725000	-77.353430
269.750000	-77.353878
269.775000	-77.354326
269.800000	-77.354774
269.825000	-77.355222
269.850000	-77.355670
269.875000	-77.356117
269.900000	-77.356565
269.925000	-77.357013
269.950000	-77.357460
269.975000	-77.357908
270.000000	-77.358355
270.025000	-77.358803
270.050000	-77.359250
270.075000	-77.359697
270.100000	-77.360145
270.125000	-77.360592
270.150000	-77.361039
270.175000	-77.361486
270.200000	-77.361934
270.225000	-77.362381
270.250000	-77.362828
270.275000	-77.363275
270.300000	-77.363722
270.325000	-77.364169
270.350000	-77.364615
270.375000	-77.365062
270.400000	-77.365509
270.425000	-77.365956
270.450000	-77.366402
270.475000	-77.366849
270.500000	-77.367296
270.525000	-77.367742
270.550000	-77.368189
270.575000	-77.368635
270.600000	-77.369082
270.625000	-77.369528
270.650000	-77.369974
270.675000	-77.370421
270.700000	-77.370867
270.725000	-77.371313
270.750000	-77.371759
270.775000	-77.372205
270.800000	-77.372651
270.825000	-77.373097
270.850000	-77.373543
270.875000	-77.373989
270.900000	-77.374435
270.925000	-77.374881
270.950000	-77.375327
270.975000	-77.375772
271.000000	-77.376218
271.025000	-77.376664
271.050000	-77.377109
271.075000	-77.377555
271.100000	-77.378000
271.125000	-77.378446
271.150000	-77.378891
271.175000	-77.379337
271.200000	-77.379782
271.225000	-77.380227
271.250000	-77.380672
271.275000	-77.381118
271.300000	-77.381563
271.325000	-77.382008
271.350000	-77.382453
271.375000	-77.382898
271.400000	-77.383343
271.425000	-77.383788
271.450000	-77.384233
271.475000	-77.384678
271.500000	-77.385122
271.525000	-77.385567
271.550000	-77.386012
271.575000	-77.386456
271.600000	-77.386901
271.625000	-77.387346
271.650000	-77.387790
271.675000	-77.388235
271.700000	-77.388679
271.725000	-77.389123
271.750000	-77.389568
271.775000	-77.390012
271.800000	-77.390456
271.825000	-77.390900
271.850000	-77.391345
271.875000	-77.391789
271.900000	-77.392233
271.925000	-77.392677
271.950000	-77.393121
271.975000	-77.393565
272.000000	-77.394009
272.025000	-77.394452
272.050000	-77.394896
272.075000	-77.395340
272.100000	-77.395784
272.125000	-77.396227
272.150000	-77.396671
272.175000	-77.397115
272.200000	-77.397558
272.225000	-77.398002
272.250000	-77.398445
272.275000	-77.398888
272.300000	-77.399332
272.325000	-77.399775
272.350000	-77.400218
272.375000	-77.400662
272.400000	-77.401105
272.425000	-77.401548
272.450000	-77.401991
272.475000	-77.402434
272.500000	-77.402877
272.525000	-77.403320
272.550000	-77.403763
272.575000	-77.404206
272.600000	-77.404648
272.625000	-77.405091
272.650000	-77.405534
272.675000	-77.405977
272.700000	-77.406419
272.725000	-77.406862
272.750000	-77.407304
272.775000	-77.407747
272.800000	-77.408189
272.825000	-77.408632
272.850000	-77.409074
272.875000	-77.409516
272.900000	-77.409959
272.925000	-77.410401
272.950000	-77.410843
272.975000	-77.411285
273.000000	-77.411727
273.025000	-77.412169
273.050000	-77.412611
273.075000	-77.413053
273.100000	-77.413495
273.125000	-77.413937
273.150000	-77.414379
273.175000	-77.414821
273.200000	-77.415262
273.225000	-77.415704
273.250000	-77.416146
273.275000	-77.416587
273.300000	-77.417029
273.325000	-77.417470
273.350000	-77.417912
273.375000	-77.418353
273.400000	-77.418795
273.425000	-77.419236
273.450000	-77.419677
273.475000	-77.420118
273.500000	-77.420560
273.525000	-77.421001
273.550000	-77.421442
273.575000	-77.421883
273.600000	-77.422324
273.625000	-77.422765
273.650000	-77.423206
273.675000	-77.423647
273.700000	-77.424088
273.725000	-77.424528
273.750000	-77.424969
273.775000	-77.425410
273.800000	-77.425850
273.825000	-77.426291
273.850000	-77.426732
273.875000	-77.427172
273.900000	-77.427613
273.925000	-77.428053
273.950000	-77.428493
273.975000	-77.428934
274.000000	-77.429374
274.025000	-77.429814
274.050000	-77.430255
274.075000	-77.430695
274.100000	-77.431135
274.125000	-77.431575
274.150000	-77.432015
274.175000	-77.432455
274.200000	-77.432895
274.225000	-77.433335
274.250000	-77.433775
274.275000	-77.434214
274.300000	-77.434654
274.325000	-77.435094
274.350000	-77.435534
274.375000	-77.435973
274.400000	-77.436413
274.425000	-77.436852
274.450000	-77.437292
274.475000	-77.437731
274.500000	-77.438171
274.525000	-77.438610
274.550000	-77.439049
274.575000	-77.439489
274.600000	-77.439928
274.625000	-77.440367
274.650000	-77.440806
274.675000	-77.441245
274.700000	-77.441684
274.725000	-77.442123
274.750000	-77.442562
274.775000	-77.443001
274.800000	-77.443440
274.825000	-77.443879
274.850000	-77.444318
274.875000	-77.444757
274.900000	-77.445195
274.925000	-77.445634
274.950000	-77.446072
274.975000	-77.446511
275.000000	-77.446950
275.025000	-77.447388
275.050000	-77.447826
275.075000	-77.448265
275.100000	-77.448703
275.125000	-77.449141
275.150000	-77.449580
275.175000	-77.450018
275.200000	-77.450456
275.225000	-77.450894
275.250000	-77.451332
275.275000	-77.451770
275.300000	-77.452208
275.325000	-77.452646
275.350000	-77.453084
275.375000	-77.453522
275.400000	-77.453960
275.425000	-77.454398
275.450000	-77.454835
275.475000	-77.455273
275.500000	-77.455711
275.525000	-77.456148
275.550000	-77.456586
275.575000	-77.457023
275.600000	-77.457461
275.625000	-77.457898
275.650000	-77.458335
275.675000	-77.458773
275.700000	-77.459210
275.725000	-77.459647
275.750000	-77.460085
275.775000	-77.460522
275.800000	-77.460959
275.825000	-77.461396
275.850000	-77.461833
275.875000	-77.462270
275.900000	-77.462707
275.925000	-77.463144
275.950000	-77.463580
275.975000	-77.464017
276.000000	-77.464454
276.025000	-77.464891
276.050000	-77.465327
276.075000	-77.465764
276.100000	-77.466201
276.125000	-77.466637
276.150000	-77.467074
276.175000	-77.467510
276.200000	-77.467946
276.225000	-77.468383
276.250000	-77.468819
276.275000	-77.469255
276.300000	-77.469691
276.325000	-77.470128
276.350000	-77.470564
276.375000	-77.471000
276.400000	-77.471436
276.425000	-77.471872
276.450000	-77.472308
276.475000	-77.472744
276.500000	-77.473180
276.525000	-77.473615
276.550000	-77.474051
276.575000	-77.474487
276.600000	-77.474923
276.625000	-77.475358
276.650000	-77.475794
276.675000	-77.476229
276.700000	-77.476665
276.725000	-77.477100
276.750000	-77.477536
276.775000	-77.477971
276.800000	-77.478407
276.825000	-77.478842
276.850000	-77.479277
276.875000	-77.479712
276.900000	-77.480147
276.925000	-77.480583
276.950000	-77.481018
276.975000	-77.481453
277.000000	-77.481888
277.025000	-77.482323
277.050000	-77.482757
277.075000	-77.483192
277.100000	-77.483627
277.125000	-77.484062
277.150000	-77.484497
277.175000	-77.484931
277.200000	-77.485366
277.225000	-77.485800
277.250000	-77.486235
277.275000	-77.486669
277.300000	-77.487104
277.325000	-77.487538
277.350000	-77.487973
277.375000	-77.488407
277.400000	-77.488841
277.425000	-77.489276
277.450000	-77.489710
277.475000	-77.490144
277.500000	-77.490578
277.525000	-77.491012
277.550000	-77.491446
277.575000	-77.491880
277.600000	-77.492314
277.625000	-77.492748
277.650000	-77.493182
277.675000	-77.493615
277.700000	-77.494049
277.725000	-77.494483
277.750000	-77.494917
277.775000	-77.495350
277.800000	-77.495784
277.825000	-77.496217
277.850000	-77.496651
277.875000	-77.497084
277.900000	-77.497518
277.925000	-77.497951
277.950000	-77.498384
277.975000	-77.498818
278.000000	-77.499251
278.025000	-77.499684
278.050000	-77.500117
278.075000	-77.500550
278.100000	-77.500983
278.125000	-77.501416
278.150000	-77.501849
278.175000	-77.502282
278.200000	-77.502715
278.225000	-77.503148
278.250000	-77.503581
278.275000	-77.504013
278.300000	-77.504446
278.325000	-77.504879
278.350000	-77.505311
278.375000	-77.505744
278.400000	-77.506176
278.425000	-77.506609
278.450000	-77.507041
278.475000	-77.507474
278.500000	-77.507906
278.525000	-77.508338
278.550000	-77.508771
278.575000	-77.509203
278.600000	-77.509635
278.625000	-77.510067
278.650000	-77.510499
278.675000	-77.510931
278.700000	-77.511363
278.725000	-77.511795
278.750000	-77.512227
278.775000	-77.512659
278.800000	-77.513091
278.825000	-77.513522
278.850000	-77.513954
278.875000	-77.514386
278.900000	-77.514818
278.925000	-77.515249
278.950000	-77.515681
278.975000	-77.516112
279.000000	-77.516544
279.025000	-77.516975
279.050000	-77.517407
279.075000	-77.517838
279.100000	-77.518269
279.125000	-77.518700
279.150000	-77.519132
279.175000	-77.519563
279.200000	-77.519994
279.225000	-77.520425
279.250000	-77.520856
279.275000	-77.521287
279.300000	-77.521718
279.325000	-77.522149
279.350000	-77.522580
279.375000	-77.523011
279.400000	-77.523441
279.425000	-77.523872
279.450000	-77.524303
279.475000	-77.524733
279.500000	-77.525164
279.525000	-77.525595
279.550000	-77.526025
279.575000	-77.526456
279.600000	-77.526886
279.625000	-77.527316
279.650000	-77.527747
279.675000	-77.528177
279.700000	-77.528607
279.725000	-77.529037
279.750000	-77.529468
279.775000	-77.529898
279.800000	-77.530328
279.825000	-77.530758
279.850000	-77.531188
279.875000	-77.531618
279.900000	-77.532048
279.925000	-77.532477
279.950000	-77.532907
279.975000	-77.533337
280.000000	-77.533767
280.025000	-77.534196
280.050000	-77.534626
280.075000	-77.535056
280.100000	-77.535485
280.125000	-77.535915
280.150000	-77.536344
280.175000	-77.536774
280.200000	-77.537203
280.225000	-77.537632
280.250000	-77.538062
280.275000	-77.538491
280.300000	-77.538920
280.325000	-77.539349
280.350000	-77.539778
280.375000	-77.540207
280.400000	-77.540637
280.425000	-77.541066
280.450000	-77.541494
280.475000	-77.541923
280.500000	-77.542352
280.525000	-77.542781
280.550000	-77.543210
280.575000	-77.543639
280.600000	-77.544067
280.625000	-77.544496
280.650000	-77.544924
280.675000	-77.545353
280.700000	-77.545782
280.725000	-77.546210
280.750000	-77.546638
280.775000	-77.547067
280.800000	-77.547495
280.825000	-77.547923
280.850000	-77.548352
280.875000	-77.548780
280.900000	-77.549208
280.925000	-77.549636
280.950000	-77.550064
280.975000	-77.550492
281.000000	-77.550920
281.025000	-77.551348
281.050000	-77.551776
281.075000	-77.552204
281.100000	-77.552632
281.125000	-77.553060
281.150000	-77.553487
281.175000	-77.553915
281.200000	-77.554343
281.225000	-77.554770
281.250000	-77.555198
281.275000	-77.555625
281.300000	-77.556053
281.325000	-77.556480
281.350000	-77.556908
281.375000	-77.557335
281.400000	-77.557762
281.425000	-77.558190
281.450000	-77.558617
281.475000	-77.559044
281.500000	-77.559471
281.525000	-77.559898
281.550000	-77.560325
281.575000	-77.560752
281.600000	-77.561179
281.625000	-77.561606
281.650000	-77.562033
281.675000	-77.562460
281.700000	-77.562886
281.725000	-77.563313
281.750000	-77.563740
281.775000	-77.564167
281.800000	-77.564593
281.825000	-77.565020
281.850000	-77.565446
281.875000	-77.565873
281.900000	-77.566299
281.925000	-77.566726
281.950000	-77.567152
281.975000	-77.567578
282.000000	-77.568004
282.025000	-77.568431
282.050000	-77.568857
282.075000	-77.569283
282.100000	-77.569709
282.125000	-77.570135
282.150000	-77.570561
282.175000	-77.570987
282.200000	-77.571413
282.225000	-77.571839
282.250000	-77.572265
282.275000	-77.572691
282.300000	-77.573116
282.325000	-77.573542
282.350000	-77.573968
282.375000	-77.574393
282.400000	-77.574819
282.425000	-77.575244
282.450000	-77.575670
282.475000	-77.576095
282.500000	-77.576521
282.525000	-77.576946
282.550000	-77.577371
282.575000	-77.577797
282.600000	-77.578222
282.625000	-77.578647
282.650000	-77.579072
282.675000	-77.579497
282.700000	-77.579922
282.725000	-77.580347
282.750000	-77.580772
282.775000	-77.581197
282.800000	-77.581622
282.825000	-77.582047
282.850000	-77.582472
282.875000	-77.582897
282.900000	-77.583321
282.925000	-77.583746
282.950000	-77.584171
282.975000	-77.584595
283.000000	-77.585020
283.025000	-77.585444
283.050000	-77.585869
283.075000	-77.586293
283.100000	-77.586717
283.125000	-77.587142
283.150000	-77.587566
283.175000	-77.587990
283.200000	-77.588414
283.225000	-77.588839
283.250000	-77.589263
283.275000	-77.589687
283.300000	-77.590111
283.325000	-77.590535
283.350000	-77.590959
283.375000	-77.591383
283.400000	-77.591806
283.425000	-77.592230
283.450000	-77.592654
283.475000	-77.593078
283.500000	-77.593501
283.525000	-77.593925
283.550000	-77.594349
283.575000	-77.594772
283.600000	-77.595196
283.625000	-77.595619
283.650000	-77.596043
283.675000	-77.596466
283.700000	-77.596889
283.725000	-77.597313
283.750000	-77.597736
283.775000	-77.598159
283.800000	-77.598582
283.825000	-77.599005
283.850000	-77.599429
283.875000	-77.599852
283.900000	-77.600275
283.925000	-77.600698
283.950000	-77.601120
283.975000	-77.601543
284.000000	-77.601966
284.025000	-77.602389
284.050000	-77.602812
284.075000	-77.603234
284.100000	-77.603657
284.125000	-77.604080
284.150000	-77.604502
284.175000	-77.604925
284.200000	-77.605347
284.225000	-77.605770
284.250000	-77.606192
284.275000	-77.606614
284.300000	-77.607037
284.325000	-77.607459
284.350000	-77.607881
284.375000	-77.608303
284.400000	-77.608726
284.425000	-77.609148
284.450000	-77.609570
284.475000	-77.609992
284.500000	-77.610414
284.525000	-77.610836
284.550000	-77.611258
284.575000	-77.611679
284.600000	-77.612101
284.625000	-77.612523
284.650000	-77.612945
284.675000	-77.613366
284.700000	-77.613788
284.725000	-77.614210
284.750000	-77.614631
284.775000	-77.615053
284.800000	-77.615474
284.825000	-77.615895
284.850000	-77.616317
284.875000	-77.616738
284.900000	-77.617159
284.925000	-77.617581
284.950000	-77.618002
284.975000	-77.618423
285.000000	-77.618844
285.025000	-77.619265
285.050000	-77.619686
285.075000	-77.620107
285.100000	-77.620528
285.125000	-77.620949
285.150000	-77.621370
285.175000	-77.621791
285.200000	-77.622212
285.225000	-77.622632
285.250000	-77.623053
285.275000	-77.623474
285.300000	-77.623894
285.325000	-77.624315
285.350000	-77.624735
285.375000	-77.625156
285.400000	-77.625576
285.425000	-77.625997
285.450000	-77.626417
285.475000	-77.626837
285.500000	-77.627258
285.525000	-77.627678
285.550000	-77.628098
285.575000	-77.628518
285.600000	-77.628938
285.625000	-77.629358
285.650000	-77.629778
285.675000	-77.630198
285.700000	-77.630618
285.725000	-77.631038
285.750000	-77.631458
285.775000	-77.631878
285.800000	-77.632298
285.825000	-77.632717
285.850000	-77.633137
285.875000	-77.633557
285.900000	-77.633976
285.925000	-77.634396
285.950000	-77.634815
285.975000	-77.635235
286.000000	-77.635654
286.025000	-77.636073
286.050000	-77.636493
286.075000	-77.636912
286.100000	-77.637331
286.125000	-77.637751
286.150000	-77.638170
286.175000	-77.638589
286.200000	-77.639008
286.225000	-77.639427
286.250000	-77.639846
286.275000	-77.640265
286.300000	-77.640684
286.325000	-77.641103
286.350000	-77.641522
286.375000	-77.641940
286.400000	-77.642359
286.425000	-77.642778
286.450000	-77.643196
286.475000	-77.643615
286.500000	-77.644034
286.525000	-77.644452
286.550000	-77.644871
286.575000	-77.645289
286.600000	-77.645707
286.625000	-77.646126
286.650000	-77.646544
286.675000	-77.646962
286.700000	-77.647381
286.725000	-77.647799
286.750000	-77.648217
286.775000	-77.648635
286.800000	-77.649053
286.825000	-77.649471
286.850000	-77.649889
286.875000	-77.650307
286.900000	-77.650725
286.925000	-77.651143
286.950000	-77.651561
286.975000	-77.651978
287.000000	-77.652396
287.025000	-77.652814
287.050000	-77.653232
287.075000	-77.653649
287.100000	-77.654067
287.125000	-77.654484
287.150000	-77.654902
287.175000	-77.655319
287.200000	-77.655736
287.225000	-77.656154
287.250000	-77.656571
287.275000	-77.656988
287.300000	-77.657406
287.325000	-77.657823
287.350000	-77.658240
287.375000	-77.658657
287.400000	-77.659074
287.425000	-77.659491
287.450000	-77.659908
287.475000	-77.660325
287.500000	-77.660742
287.525000	-77.661159
287.550000	-77.661576
287.575000	-77.661992
287.600000	-77.662409
287.625000	-77.662826
287.650000	-77.663242
287.675000	-77.663659
287.700000	-77.664075
287.725000	-77.664492
287.750000	-77.664908
287.775000	-77.665325
287.800000	-77.665741
287.825000	-77.666158
287.850000	-77.666574
287.875000	-77.666990
287.900000	-77.667406
287.925000	-77.667822
287.950000	-77.668239
287.975000	-77.668655
288.000000	-77.669071
288.025000	-77.669487
288.050000	-77.669903
288.075000	-77.670319
288.100000	-77.670734
288.125000	-77.671150
288.150000	-77.671566
288.175000	-77.671982
288.200000	-77.672398
288.225000	-77.672813
288.250000	-77.673229
288.275000	-77.673644
288.300000	-77.674060
288.325000	-77.674475
288.350000	-77.674891
288.375000	-77.675306
288.400000	-77.675722
288.425000	-77.676137
288.450000	-77.676552
288.475000	-77.676968
288.500000	-77.677383
288.525000	-77.677798
288.550000	-77.678213
288.575000	-77.678628
288.600000	-77.679043
288.625000	-77.679458
288.650000	-77.679873
288.675000	-77.680288
288.700000	-77.680703
288.725000	-77.681118
288.750000	-77.681532
288.775000	-77.681947
288.800000	-77.682362
288.825000	-77.682777
288.850000	-77.683191
288.875000	-77.683606
288.900000	-77.684020
288.925000	-77.684435
288.950000	-77.684849
288.975000	-77.685264
289.000000	-77.685678
289.025000	-77.686092
289.050000	-77.686507
289.075000	-77.686921
289.100000	-77.687335
289.125000	-77.687749
289.150000	-77.688163
289.175000	-77.688577
289.200000	-77.688991
289.225000	-77.689405
289.250000	-77.689819
289.275000	-77.690233
289.300000	-77.690647
289.325000	-77.691061
289.350000	-77.691475
289.375000	-77.691888
289.400000	-77.692302
289.425000	-77.692716
289.450000	-77.693129
289.475000	-77.693543
289.500000	-77.693956
289.525000	-77.694370
289.550000	-77.694783
289.575000	-77.695197
289.600000	-77.695610
289.625000	-77.696023
289.650000	-77.696437
289.675000	-77.696850
289.700000	-77.697263
289.725000	-77.697676
289.750000	-77.698089
289.775000	-77.698502
289.800000	-77.698915
289.825000	-77.699328
289.850000	-77.699741
289.875000	-77.700154
289.900000	-77.700567
289.925000	-77.700980
289.950000	-77.701393
289.975000	-77.701806
290.000000	-77.702218
290.025000	-77.702631
290.050000	-77.703043
290.075000	-77.703456
290.100000	-77.703869
290.125000	-77.704281
290.150000	-77.704693
290.175000	-77.705106
290.200000	-77.705518
290.225000	-77.705931
290.250000	-77.706343
290.275000	-77.706755
290.300000	-77.707167
290.325000	-77.707579
290.350000	-77.707992
290.375000	-77.708404
290.400000	-77.708816
290.425000	-77.709228
290.450000	-77.709640
290.475000	-77.710051
290.500000	-77.710463
290.525000	-77.710875
290.550000	-77.711287
290.575000	-77.711699
290.600000	-77.712110
290.625000	-77.712522
290.650000	-77.712934
290.675000	-77.713345
290.700000	-77.713757
290.725000	-77.714168
290.750000	-77.714580
290.775000	-77.714991
290.800000	-77.715402
290.825000	-77.715814
290.850000	-77.716225
290.875000	-77.716636
290.900000	-77.717047
290.925000	-77.717459
290.950000	-77.717870
290.975000	-77.718281
291.000000	-77.718692
291.025000	-77.719103
291.050000	-77.719514
291.075000	-77.719925
291.100000	-77.720335
291.125000	-77.720746
291.150000	-77.721157
291.175000	-77.721568
291.200000	-77.721978
291.225000	-77.722389
291.250000	-77.722800
291.275000	-77.723210
291.300000	-77.723621
291.325000	-77.724031
291.350000	-77.724442
291.375000	-77.724852
291.400000	-77.725263
291.425000	-77.725673
291.450000	-77.726083
291.475000	-77.726493
291.500000	-77.726904
291.525000	-77.727314
291.550000	-77.727724
291.575000	-77.728134
291.600000	-77.728544
291.625000	-77.728954
291.650000	-77.729364
291.675000	-77.729774
291.700000	-77.730184
291.725000	-77.730593
291.750000	-77.731003
291.775000	-77.731413
291.800000	-77.731823
291.825000	-77.732232
291.850000	-77.732642
291.875000	-77.733052
291.900000	-77.733461
291.925000	-77.733871
291.950000	-77.734280
291.975000	-77.734689
292.000000	-77.735099
292.025000	-77.735508
292.050000	-77.735917
292.075000	-77.736327
292.100000	-77.736736
292.125000	-77.737145
292.150000	-77.737554
292.175000	-77.737963
292.200000	-77.738372
292.225000	-77.738781
292.250000	-77.739190
292.275000	-77.739599
292.300000	-77.740008
292.325000	-77.740417
292.350000	-77.740826
292.375000	-77.741234
292.400000	-77.741643
292.425000	-77.742052
292.450000	-77.742460
292.475000	-77.742869
292.500000	-77.743278
292.525000	-77.743686
292.550000	-77.744095
292.575000	-77.744503
292.600000	-77.744911
292.625000	-77.745320
292.650000	-77.745728
292.675000	-77.746136
292.700000	-77.746544
292.725000	-77.746953
292.750000	-77.747361
292.775000	-77.747769
292.800000	-77.748177
292.825000	-77.748585
292.850000	-77.748993
292.875000	-77.749401
292.900000	-77.749809
292.925000	-77.750217
292.950000	-77.750624
292.975000	-77.751032
293.000000	-77.751440
293.025000	-77.751847
293.050000	-77.752255
293.075000	-77.752663
293.100000	-77.753070
293.125000	-77.753478
293.150000	-77.753885
293.175000	-77.754293
293.200000	-77.754700
293.225000	-77.755107
293.250000	-77.755515
293.275000	-77.755922
293.300000	-77.756329
293.325000	-77.756736
293.350000	-77.757144
293.375000	-77.757551
293.400000	-77.757958
293.425000	-77.758365
293.450000	-77.758772
293.475000	-77.759179
293.500000	-77.759586
293.525000	-77.759992
293.550000	-77.760399
293.575000	-77.760806
293.600000	-77.761213
293.625000	-77.761619
293.650000	-77.762026
293.675000	-77.762433
293.700000	-77.762839
293.725000	-77.763246
293.750000	-77.763652
293.775000	-77.764059
293.800000	-77.764465
293.825000	-77.764871
293.850000	-77.765278
293.875000	-77.765684
293.900000	-77.766090
293.925000	-77.766497
293.950000	-77.766903
293.975000	-77.767309
294.000000	-77.767715
294.025000	-77.768121
294.050000	-77.768527
294.075000	-77.768933
294.100000	-77.769339
294.125000	-77.769745
294.150000	-77.770150
294.175000	-77.770556
294.200000	-77.770962
294.225000	-77.771368
294.250000	-77.771773
294.275000	-77.772179
294.300000	-77.772585
294.325000	-77.772990
294.350000	-77.773396
294.375000	-77.773801
294.400000	-77.774207
294.425000	-77.774612
294.450000	-77.775017
294.475000	-77.775423
294.500000	-77.775828
294.525000	-77.776233
294.550000	-77.776638
294.575000	-77.777043
294.600000	-77.777448
294.625000	-77.777853
294.650000	-77.778258
294.675000	-77.778663
294.700000	-77.779068
294.725000	-77.779473
294.750000	-77.779878
294.775000	-77.780283
294.800000	-77.780688
294.825000	-77.781092
294.850000	-77.781497
294.875000	-77.781902
294.900000	-77.782306
294.925000	-77.782711
294.950000	-77.783115
294.975000	-77.783520
295.000000	-77.783924
295.025000	-77.784329
295.050000	-77.784733
295.075000	-77.785137
295.100000	-77.785542
295.125000	-77.785946
295.150000	-77.786350
295.175000	-77.786754
295.200000	-77.787158
295.225000	-77.787562
295.250000	-77.787967
295.275000	-77.788371
295.300000	-77.788774
295.325000	-77.789178
295.350000	-77.789582
295.375000	-77.789986
295.400000	-77.790390
295.425000	-77.790794
295.450000	-77.791197
295.475000	-77.791601
295.500000	-77.792005
295.525000	-77.792408
295.550000	-77.792812
295.575000	-77.793215
295.600000	-77.793619
295.625000	-77.794022
295.650000	-77.794425
295.675000	-77.794829
295.700000	-77.795232
295.725000	-77.795635
295.750000	-77.796039
295.775000	-77.796442
295.800000	-77.796845
295.825000	-77.797248
295.850000	-77.797651
295.875000	-77.798054
295.900000	-77.798457
295.925000	-77.798860
295.950000	-77.799263
295.975000	-77.799666
296.000000	-77.800069
296.025000	-77.800471
296.050000	-77.800874
296.075000	-77.801277
296.100000	-77.801679
296.125000	-77.802082
296.150000	-77.802485
296.175000	-77.802887
296.200000	-77.803290
296.225000	-77.803692
296.250000	-77.804094
296.275000	-77.804497
296.300000	-77.804899
296.325000	-77.805301
296.350000	-77.805704
296.375000	-77.806106
296.400000	-77.806508
296.425000	-77.806910
296.450000	-77.807312
296.475000	-77.807714
296.500000	-77.808116
296.525000	-77.808518
296.550000	-77.808920
296.575000	-77.809322
296.600000	-77.809724
296.625000	-77.810126
296.650000	-77.810527
296.675000	-77.810929
296.700000	-77.811331
296.725000	-77.811732
296.750000	-77.812134
296.775000	-77.812535
296.800000	-77.812937
296.825000	-77.813338
296.850000	-77.813740
296.875000	-77.814141
296.900000	-77.814543
296.925000	-77.814944
296.950000	-77.815345
296.975000	-77.815746
297.000000	-77.816148
297.025000	-77.816549
297.050000	-77.816950
297.075000	-77.817351
297.100000	-77.817752
297.125000	-77.818153
297.150000	-77.818554
297.175000	-77.818955
297.200000	-77.819356
297.225000	-77.819757
297.250000	-77.820157
297.275000	-77.820558
297.300000	-77.820959
297.325000	-77.821359
297.350000	-77.821760
297.375000	-77.822161
297.400000	-77.822561
297.425000	-77.822962
297.450000	-77.823362
297.475000	-77.823763
297.500000	-77.824163
297.525000	-77.824563
297.550000	-77.824964
297.575000	-77.825364
297.600000	-77.825764
297.625000	-77.826164
297.650000	-77.826564
297.675000	-77.826964
297.700000	-77.827364
297.725000	-77.827764
297.750000	-77.828164
297.775000	-77.828564
297.800000	-77.828964
297.825000	-77.829364
297.850000	-77.829764
297.875000	-77.830164
297.900000	-77.830563
297.925000	-77.830963
297.950000	-77.831363
297.975000	-77.831762
298.000000	-77.832162
298.025000	-77.832562
298.050000	-77.832961
298.075000	-77.833360
298.100000	-77.833760
298.125000	-77.834159
298.150000	-77.834559
298.175000	-77.834958
298.200000	-77.835357
298.225000	-77.835756
298.250000	-77.836155
298.275000	-77.836555
298.300000	-77.836954
298.325000	-77.837353
298.350000	-77.837752
298.375000	-77.838151
298.400000	-77.838550
298.425000	-77.838949
298.450000	-77.839347
298.475000	-77.839746
298.500000	-77.840145
298.525000	-77.840544
298.550000	-77.840942
298.575000	-77.841341
298.600000	-77.841740
298.625000	-77.842138
298.650000	-77.842537
298.675000	-77.842935
298.700000	-77.843334
298.725000	-77.843732
298.750000	-77.844130
298.775000	-77.844529
298.800000	-77.844927
298.825000	-77.845325
298.850000	-77.845723
298.875000	-77.846122
298.900000	-77.846520
298.925000	-77.846918
298.950000	-77.847316
298.975000	-77.847714
299.000000	-77.848112
299.025000	-77.848510
299.050000	-77.848908
299.075000	-77.849305
299.100000	-77.849703
299.125000	-77.850101
299.150000	-77.850499
299.175000	-77.850896
299.200000	-77.851294
299.225000	-77.851692
299.250000	-77.852089
299.275000	-77.852487
299.300000	-77.852884
299.325000	-77.853282
299.350000	-77.853679
299.375000	-77.854076
299.400000	-77.854474
299.425000	-77.854871
299.450000	-77.855268
299.475000	-77.855665
299.500000	-77.856063
299.525000	-77.856460
299.550000	-77.856857
299.575000	-77.857254
299.600000	-77.857651
299.625000	-77.858048
299.650000	-77.858445
299.675000	-77.858842
299.700000	-77.859238
299.725000	-77.859635
299.750000	-77.860032
299.775000	-77.860429
299.800000	-77.860825
299.825000	-77.861222
299.850000	-77.861619
299.875000	-77.862015
299.900000	-77.862412
299.925000	-77.862808
299.950000	-77.863205
299.975000	-77.863601
300.000000	-77.863997
300.025000	-77.864394
300.050000	-77.864790
300.075000	-77.865186
300.100000	-77.865582
300.125000	-77.865979
300.150000	-77.866375
300.175000	-77.866771
300.200000	-77.867167
300.225000	-77.867563
300.250000	-77.867959
300.275000	-77.868355
300.300000	-77.868751
300.325000	-77.869146
300.350000	-77.869542
300.375000	-77.869938
300.400000	-77.870334
300.425000	-77.870729
300.450000	-77.871125
300.475000	-77.871521
300.500000	-77.871916
300.525000	-77.872312
300.550000	-77.872707
300.575000	-77.873103
300.600000	-77.873498
300.625000	-77.873893
300.650000	-77.874289
300.675000	-77.874684
300.700000	-77.875079
300.725000	-77.875474
300.750000	-77.875870
300.775000	-77.876265
300.800000	-77.876660
300.825000	-77.877055
300.850000	-77.877450
300.875000	-77.877845
300.900000	-77.878240
300.925000	-77.878635
300.950000	-77.879030
300.975000	-77.879424
301.000000	-77.879819
301.025000	-77.880214
301.050000	-77.880608
301.075000	-77.881003
301.100000	-77.881398
301.125000	-77.881792
301.150000	-77.882187
301.175000	-77.882581
301.200000	-77.882976
301.225000	-77.883370
301.250000	-77.883765
301.275000	-77.884159
301.300000	-77.884553
301.325000	-77.884947
301.350000	-77.885342
301.375000	-77.885736
301.400000	-77.886130
301.425000	-77.886524
301.450000	-77.886918
301.475000	-77.887312
301.500000	-77.887706
301.525000	-77.888100
301.550000	-77.888494
301.575000	-77.888888
301.600000	-77.889281
301.625000	-77.889675
301.650000	-77.890069
301.675000	-77.890463
301.700000	-77.890856
301.725000	-77.891250
301.750000	-77.891643
301.775000	-77.892037
301.800000	-77.892431
301.825000	-77.892824
301.850000	-77.893217
301.875000	-77.893611
301.900000	-77.894004
301.925000	-77.894397
301.950000	-77.894791
301.975000	-77.895184
302.000000	-77.895577
302.025000	-77.895970
302.050000	-77.896363
302.075000	-77.896756
302.100000	-77.897149
302.125000	-77.897542
302.150000	-77.897935
302.175000	-77.898328
302.200000	-77.898721
302.225000	-77.899114
302.250000	-77.899507
302.275000	-77.899899
302.300000	-77.900292
302.325000	-77.900685
302.350000	-77.901077
302.375000	-77.901470
302.400000	-77.901862
302.425000	-77.902255
302.450000	-77.902647
302.475000	-77.903040
302.500000	-77.903432
302.525000	-77.903825
302.550000	-77.904217
302.575000	-77.904609
302.600000	-77.905001
302.625000	-77.905394
302.650000	-77.905786
302.675000	-77.906178
302.700000	-77.906570
302.725000	-77.906962
302.750000	-77.907354
302.775000	-77.907746
302.800000	-77.908138
302.825000	-77.908530
302.850000	-77.908921
302.875000	-77.909313
302.900000	-77.909705
302.925000	-77.910097
302.950000	-77.910488
302.975000	-77.910880
303.000000	-77.911272
303.025000	-77.911663
303.050000	-77.912055
303.075000	-77.912446
303.100000	-77.912838
303.125000	-77.913229
303.150000	-77.913620
303.175000	-77.914012
303.200000	-77.914403
303.225000	-77.914794
303.250000	-77.915185
303.275000	-77.915576
303.300000	-77.915968
303.325000	-77.916359
303.350000	-77.916750
303.375000	-77.917141
303.400000	-77.917532
303.425000	-77.917923
303.450000	-77.918313
303.475000	-77.918704
303.500000	-77.919095
303.525000	-77.919486
303.550000	-77.919877
303.575000	-77.920267
303.600000	-77.920658
303.625000	-77.921049
303.650000	-77.921439
303.675000	-77.921830
303.700000	-77.922220
303.725000	-77.922611
303.750000	-77.923001
303.775000	-77.923391
303.800000	-77.923782
303.825000	-77.924172
303.850000	-77.924562
303.875000	-77.924952
303.900000	-77.925343
303.925000	-77.925733
303.950000	-77.926123
303.975000	-77.926513
304.000000	-77.926903
304.025000	-77.927293
304.050000	-77.927683
304.075000	-77.928073
304.100000	-77.928463
304.125000	-77.928852
304.150000	-77.929242
304.175000	-77.929632
304.200000	-77.930022
304.225000	-77.930411
304.250000	-77.930801
304.275000	-77.931190
304.300000	-77.931580
304.325000	-77.931970
304.350000	-77.932359
304.375000	-77.932748
304.400000	-77.933138
304.425000	-77.933527
304.450000	-77.933916
304.475000	-77.934306
304.500000	-77.934695
304.525000	-77.935084
304.550000	-77.935473
304.575000	-77.935862
304.600000	-77.936251
304.625000	-77.936641
304.650000	-77.937030
304.675000	-77.937418
304.700000	-77.937807
304.725000	-77.938196
304.750000	-77.938585
304.775000	-77.938974
304.800000	-77.939363
304.825000	-77.939751
304.850000	-77.940140
304.875000	-77.940529
304.900000	-77.940917
304.925000	-77.941306
304.950000	-77.941694
304.975000	-77.942083
305.000000	-77.942471
305.025000	-77.942860
305.050000	-77.943248
305.075000	-77.943636
305.100000	-77.944025
305.125000	-77.944413
305.150000	-77.944801
305.175000	-77.945189
305.200000	-77.945578
305.225000	-77.945966
305.250000	-77.946354
305.275000	-77.946742
305.300000	-77.947130
305.325000	-77.947518
305.350000	-77.947905
305.375000	-77.948293
305.400000	-77.948681
305.425000	-77.949069
305.450000	-77.949457
305.475000	-77.949844
305.500000	-77.950232
305.525000	-77.950620
305.550000	-77.951007
305.575000	-77.951395
305.600000	-77.951782
305.625000	-77.952170
305.650000	-77.952557
305.675000	-77.952945
305.700000	-77.953332
305.725000	-77.953719
305.750000	-77.954107
305.775000	-77.954494
305.800000	-77.954881
305.825000	-77.955268
305.850000	-77.955655
305.875000	-77.956042
305.900000	-77.956429
305.925000	-77.956816
305.950000	-77.957203
305.975000	-77.957590
306.000000	-77.957977
306.025000	-77.958364
306.050000	-77.958751
306.075000	-77.959138
306.100000	-77.959524
306.125000	-77.959911
306.150000	-77.960298
306.175000	-77.960684
306.200000	-77.961071
306.225000	-77.961457
306.250000	-77.961844
306.275000	-77.962230
306.300000	-77.962617
306.325000	-77.963003
306.350000	-77.963389
306.375000	-77.963776
306.400000	-77.964162
306.425000	-77.964548
306.450000	-77.964934
306.475000	-77.965321
306.500000	-77.965707
306.525000	-77.966093
306.550000	-77.966479
306.575000	-77.966865
306.600000	-77.967251
306.625000	-77.967637
306.650000	-77.968022
306.675000	-77.968408
306.700000	-77.968794
306.725000	-77.969180
306.750000	-77.969566
306.775000	-77.969951
306.800000	-77.970337
306.825000	-77.970722
306.850000	-77.971108
306.875000	-77.971494
306.900000	-77.971879
306.925000	-77.972264
306.950000	-77.972650
306.975000	-77.973035
307.000000	-77.973421
307.025000	-77.973806
307.050000	-77.974191
307.075000	-77.974576
307.100000	-77.974962
307.125000	-77.975347
307.150000	-77.975732
307.175000	-77.976117
307.200000	-77.976502
307.225000	-77.976887
307.250000	-77.977272
307.275000	-77.977657
307.300000	-77.978042
307.325000	-77.978426
307.350000	-77.978811
307.375000	-77.979196
307.400000	-77.979581
307.425000	-77.979965
307.450000	-77.980350
307.475000	-77.980734
307.500000	-77.981119
307.525000	-77.981504
307.550000	-77.981888
307.575000	-77.982272
307.600000	-77.982657
307.625000	-77.983041
307.650000	-77.983426
307.675000	-77.983810
307.700000	-77.984194
307.725000	-77.984578
307.750000	-77.984962
307.775000	-77.985347
307.800000	-77.985731
307.825000	-77.986115
307.850000	-77.986499
307.875000	-77.986883
307.900000	-77.987267
307.925000	-77.987650
307.950000	-77.988034
307.975000	-77.988418
308.000000	-77.988802
308.025000	-77.989186
308.050000	-77.989569
308.075000	-77.989953
308.100000	-77.990337
308.125000	-77.990720
308.150000	-77.991104
308.175000	-77.991487
308.200000	-77.991871
308.225000	-77.992254
308.250000	-77.992638
308.275000	-77.993021
308.300000	-77.993404
308.325000	-77.993788
308.350000	-77.994171
308.375000	-77.994554
308.400000	-77.994937
308.425000	-77.995320
308.450000	-77.995703
308.475000	-77.996086
308.500000	-77.996469
308.525000	-77.996852
308.550000	-77.997235
308.575000	-77.997618
308.600000	-77.998001
308.625000	-77.998384
308.650000	-77.998767
308.675000	-77.999149
308.700000	-77.999532
308.725000	-77.999915
308.750000	-78.000297
308.775000	-78.000680
308.800000	-78.001062
308.825000	-78.001445
308.850000	-78.001827
308.875000	-78.002210
308.900000	-78.002592
308.925000	-78.002975
308.950000	-78.003357
308.975000	-78.003739
309.000000	-78.004121
309.025000	-78.004504
309.050000	-78.004886
309.075000	-78.005268
309.100000	-78.005650
309.125000	-78.006032
309.150000	-78.006414
309.175000	-78.006796
309.200000	-78.007178
309.225000	-78.007560
309.250000	-78.007942
309.275000	-78.008323
309.300000	-78.008705
309.325000	-78.009087
309.350000	-78.009469
309.375000	-78.009850
309.400000	-78.010232
309.425000	-78.010613
309.450000	-78.010995
309.475000	-78.011377
309.500000	-78.011758
309.525000	-78.012139
309.550000	-78.012521
309.575000	-78.012902
309.600000	-78.013283
309.625000	-78.013665
309.650000	-78.014046
309.675000	-78.014427
309.700000	-78.014808
309.725000	-78.015189
309.750000	-78.015571
309.775000	-78.015952
309.800000	-78.016333
309.825000	-78.016714
309.850000	-78.017094
309.875000	-78.017475
309.900000	-78.017856
309.925000	-78.018237
309.950000	-78.018618
309.975000	-78.018999
310.000000	-78.019379
310.025000	-78.019760
310.050000	-78.020141
310.075000	-78.020521
310.100000	-78.020902
310.125000	-78.021282
310.150000	-78.021663
310.175000	-78.022043
310.200000	-78.022423
310.225000	-78.022804
310.250000	-78.023184
310.275000	-78.023564
310.300000	-78.023945
310.325000	-78.024325
310.350000	-78.024705
310.375000	-78.025085
310.400000	-78.025465
310.425000	-78.025845
310.450000	-78.026225
310.475000	-78.026605
310.500000	-78.026985
310.525000	-78.027365
310.550000	-78.027745
310.575000	-78.028125
310.600000	-78.028505
310.625000	-78.028884
310.650000	-78.029264
310.675000	-78.029644
310.700000	-78.030023
310.725000	-78.030403
310.750000	-78.030782
310.775000	-78.031162
310.800000	-78.031541
310.825000	-78.031921
310.850000	-78.032300
310.875000	-78.032680
310.900000	-78.033059
310.925000	-78.033438
310.950000	-78.033817
310.975000	-78.034197
311.000000	-78.034576
311.025000	-78.034955
311.050000	-78.035334
311.075000	-78.035713
311.100000	-78.036092
311.125000	-78.036471
311.150000	-78.036850
311.175000	-78.037229
311.200000	-78.037608
311.225000	-78.037987
311.250000	-78.038365
311.275000	-78.038744
311.300000	-78.039123
311.325000	-78.039501
311.350000	-78.039880
311.375000	-78.040259
311.400000	-78.040637
311.425000	-78.041016
311.450000	-78.041394
311.475000	-78.041773
311.500000	-78.042151
311.525000	-78.042529
311.550000	-78.042908
311.575000	-78.043286
311.600000	-78.043664
311.625000	-78.044043
311.650000	-78.044421
311.675000	-78.044799
311.700000	-78.045177
311.725000	-78.045555
311.750000	-78.045933
311.775000	-78.046311
311.800000	-78.046689
311.825000	-78.047067
311.850000	-78.047445
311.875000	-78.047823
311.900000	-78.048200
311.925000	-78.048578
311.950000	-78.048956
311.975000	-78.049334
312.000000	-78.049711
312.025000	-78.050089
312.050000	-78.050466
312.075000	-78.050844
312.100000	-78.051221
312.125000	-78.051599
312.150000	-78.051976
312.175000	-78.052354
312.200000	-78.052731
312.225000	-78.053108
312.250000	-78.053486
312.275000	-78.053863
312.300000	-78.054240
312.325000	-78.054617
312.350000	-78.054994
312.375000	-78.055371
312.400000	-78.055748
312.425000	-78.056125
312.450000	-78.056502
312.475000	-78.056879
312.500000	-78.057256
312.525000	-78.057633
312.550000	-78.058010
312.575000	-78.058387
312.600000	-78.058763
312.625000	-78.059140
312.650000	-78.059517
312.675000	-78.059893
312.700000	-78.060270
312.725000	-78.060646
312.750000	-78.061023
312.775000	-78.061399
312.800000	-78.061776
312.825000	-78.062152
312.850000	-78.062529
312.875000	-78.062905
312.900000	-78.063281
312.925000	-78.063657
312.950000	-78.064034
312.975000	-78.064410
313.000000	-78.064786
313.025000	-78.065162
313.050000	-78.065538
313.075000	-78.065914
313.100000	-78.066290
313.125000	-78.066666
313.150000	-78.067042
313.175000	-78.067418
313.200000	-78.067793
313.225000	-78.068169
313.250000	-78.068545
313.275000	-78.068921
313.300000	-78.069296
313.325000	-78.069672
313.350000	-78.070048
313.375000	-78.070423
313.400000	-78.070799
313.425000	-78.071174
313.450000	-78.071550
313.475000	-78.071925
313.500000	-78.072300
313.525000	-78.072676
313.550000	-78.073051
313.575000	-78.073426
313.600000	-78.073802
313.625000	-78.074177
313.650000	-78.074552
313.675000	-78.074927
313.700000	-78.075302
313.725000	-78.075677
313.750000	-78.076052
313.775000	-78.076427
313.800000	-78.076802
313.825000	-78.077177
313.850000	-78.077552
313.875000	-78.077926
313.900000	-78.078301
313.925000	-78.078676
313.950000	-78.079051
313.975000	-78.079425
314.000000	-78.079800
314.025000	-78.080174
314.050000	-78.080549
314.075000	-78.080923
314.100000	-78.081298
314.125000	-78.081672
314.150000	-78.082047
314.175000	-78.082421
314.200000	-78.082795
314.225000	-78.083170
314.250000	-78.083544
314.275000	-78.083918
314.300000	-78.084292
314.325000	-78.084666
314.350000	-78.085041
314.375000	-78.085415
314.400000	-78.085789
314.425000	-78.086163
314.450000	-78.086537
314.475000	-78.086910
314.500000	-78.087284
314.525000	-78.087658
314.550000	-78.088032
314.575000	-78.088406
314.600000	-78.088779
314.625000	-78.089153
314.650000	-78.089527
314.675000	-78.089900
314.700000	-78.090274
314.725000	-78.090647
314.750000	-78.091021
314.775000	-78.091394
314.800000	-78.091768
314.825000	-78.092141
314.850000	-78.092514
314.875000	-78.092888
314.900000	-78.093261
314.925000	-78.093634
314.950000	-78.094007
314.975000	-78.094380
315.000000	-78.094754
315.025000	-78.095127
315.050000	-78.095500
315.075000	-78.095873
315.100000	-78.096246
315.125000	-78.096619
315.150000	-78.096991
315.175000	-78.097364
315.200000	-78.097737
315.225000	-78.098110
315.250000	-78.098483
315.275000	-78.098855
315.300000	-78.099228
315.325000	-78.099601
315.350000	-78.099973
315.375000	-78.100346
315.400000	-78.100718
315.425000	-78.101091
315.450000	-78.101463
315.475000	-78.101836
315.500000	-78.102208
315.525000	-78.102580
315.550000	-78.102953
315.575000	-78.103325
315.600000	-78.103697
315.625000	-78.104069
315.650000	-78.104441
315.675000	-78.104813
315.700000	-78.105185
315.725000	-78.105557
315.750000	-78.105929
315.775000	-78.106301
315.800000	-78.106673
315.825000	-78.107045
315.850000	-78.107417
315.875000	-78.107789
315.900000	-78.108161
315.925000	-78.108532
315.950000	-78.108904
315.975000	-78.109276
316.000000	-78.109647
316.025000	-78.110019
316.050000	-78.110390
316.075000	-78.110762
316.100000	-78.111133
316.125000	-78.111505
316.150000	-78.111876
316.175000	-78.112247
316.200000	-78.112619
316.225000	-78.112990
316.250000	-78.113361
316.275000	-78.113732
316.300000	-78.114104
316.325000	-78.114475
316.350000	-78.114846
316.375000	-78.115217
316.400000	-78.115588
316.425000	-78.115959
316.450000	-78.116330
316.475000	-78.116701
316.500000	-78.117072
316.525000	-78.117442
316.550000	-78.117813
316.575000	-78.118184
316.600000	-78.118555
316.625000	-78.118925
316.650000	-78.119296
316.675000	-78.119667
316.700000	-78.120037
316.725000	-78.120408
316.750000	-78.120778
316.775000	-78.121149
316.800000	-78.121519
316.825000	-78.121889
316.850000	-78.122260
316.875000	-78.122630
316.900000	-78.123000
316.925000	-78.123371
316.950000	-78.123741
316.975000	-78.124111
317.000000	-78.124481
317.025000	-78.124851
317.050000	-78.125221
317.075000	-78.125591
317.100000	-78.125961
317.125000	-78.126331
317.150000	-78.126701
317.175000	-78.127071
317.200000	-78.127441
317.225000	-78.127810
317.250000	-78.128180
317.275000	-78.128550
317.300000	-78.128920
317.325000	-78.129289
317.350000	-78.129659
317.375000	-78.130028
317.400000	-78.130398
317.425000	-78.130767
317.450000	-78.131137
317.475000	-78.131506
317.500000	-78.131876
317.525000	-78.132245
317.550000	-78.132614
317.575000	-78.132983
317.600000	-78.133353
317.625000	-78.133722
317.650000	-78.134091
317.675000	-78.134460
317.700000	-78.134829
317.725000	-78.135198
317.750000	-78.135567
317.775000	-78.135936
317.800000	-78.136305
317.825000	-78.136674
317.850000	-78.137043
317.875000	-78.137412
317.900000	-78.137781
317.925000	-78.138149
317.950000	-78.138518
317.975000	-78.138887
318.000000	-78.139255
318.025000	-78.139624
318.050000	-78.139992
318.075000	-78.140361
318.100000	-78.140729
318.125000	-78.141098
318.150000	-78.141466
318.175000	-78.141835
318.200000	-78.142203
318.225000	-78.142571
318.250000	-78.142940
318.275000	-78.143308
318.300000	-78.143676
318.325000	-78.144044
318.350000	-78.144412
318.375000	-78.144780
318.400000	-78.145148
318.425000	-78.145516
318.450000	-78.145884
318.475000	-78.146252
318.500000	-78.146620
318.525000	-78.146988
318.550000	-78.147356
318.575000	-78.147724
318.600000	-78.148091
318.625000	-78.148459
318.650000	-78.148827
318.675000	-78.149194
318.700000	-78.149562
318.725000	-78.149929
318.750000	-78.150297
318.775000	-78.150665
318.800000	-78.151032
318.825000	-78.151399
318.850000	-78.151767
318.875000	-78.152134
318.900000	-78.152501
318.925000	-78.152869
318.950000	-78.153236
318.975000	-78.153603
319.000000	-78.153970
319.025000	-78.154337
319.050000	-78.154704
319.075000	-78.155071
319.100000	-78.155438
319.125000	-78.155805
319.150000	-78.156172
319.175000	-78.156539
319.200000	-78.156906
319.225000	-78.157273
319.250000	-78.157640
319.275000	-78.158006
319.300000	-78.158373
319.325000	-78.158740
319.350000	-78.159106
319.375000	-78.159473
319.400000	-78.159840
319.425000	-78.160206
319.450000	-78.160573
319.475000	-78.160939
319.500000	-78.161305
319.525000	-78.161672
319.550000	-78.162038
319.575000	-78.162405
319.600000	-78.162771
319.625000	-78.163137
319.650000	-78.163503
319.675000	-78.163869
319.700000	-78.164235
319.725000	-78.164602
319.750000	-78.164968
319.775000	-78.165334
319.800000	-78.165700
319.825000	-78.166066
319.850000	-78.166431
319.875000	-78.166797
319.900000	-78.167163
319.925000	-78.167529
319.950000	-78.167895
319.975000	-78.168260
320.000000	-78.168626
320.025000	-78.168992
320.050000	-78.169357
320.075000	-78.169723
320.100000	-78.170088
320.125000	-78.170454
320.150000	-78.170819
320.175000	-78.171185
320.200000	-78.171550
320.225000	-78.171915
320.250000	-78.172281
320.275000	-78.172646
320.300000	-78.173011
320.325000	-78.173376
320.350000	-78.173742
320.375000	-78.174107
320.400000	-78.174472
320.425000	-78.174837
320.450000	-78.175202
320.475000	-78.175567
320.500000	-78.175932
320.525000	-78.176297
320.550000	-78.176662
320.575000	-78.177026
320.600000	-78.177391
320.625000	-78.177756
320.650000	-78.178121
320.675000	-78.178485
320.700000	-78.178850
320.725000	-78.179215
320.750000	-78.179579
320.775000	-78.179944
320.800000	-78.180308
320.825000	-78.180673
320.850000	-78.181037
320.875000	-78.181402
320.900000	-78.181766
320.925000	-78.182130
320.950000	-78.182495
320.975000	-78.182859
321.000000	-78.183223
321.025000	-78.183587
321.050000	-78.183951
321.075000	-78.184315
321.100000	-78.184679
321.125000	-78.185044
321.150000	-78.185408
321.175000	-78.185771
321.200000	-78.186135
321.225000	-78.186499
321.250000	-78.186863
321.275000	-78.187227
321.300000	-78.187591
321.325000	-78.187954
321.350000	-78.188318
321.375000	-78.188682
321.400000	-78.189045
321.425000	-78.189409
321.450000	-78.189773
321.475000	-78.190136
321.500000	-78.190500
321.525000	-78.190863
321.550000	-78.191226
321.575000	-78.191590
321.600000	-78.191953
321.625000	-78.192316
321.650000	-78.192680
321.675000	-78.193043
321.700000	-78.193406
321.725000	-78.193769
321.750000	-78.194132
321.775000	-78.194495
321.800000	-78.194858
321.825000	-78.195221
321.850000	-78.195584
321.875000	-78.195947
321.900000	-78.196310
321.925000	-78.196673
321.950000	-78.197036
321.975000	-78.197399
322.000000	-78.197761
322.025000	-78.198124
322.050000	-78.198487
322.075000	-78.198849
322.100000	-78.199212
322.125000	-78.199575
322.150000	-78.199937
322.175000	-78.200300
322.200000	-78.200662
322.225000	-78.201025
322.250000	-78.201387
322.275000	-78.201749
322.300000	-78.202112
322.325000	-78.202474
322.350000	-78.202836
322.375000	-78.203198
322.400000	-78.203560
322.425000	-78.203923
322.450000	-78.204285
322.475000	-78.204647
322.500000	-78.205009
322.525000	-78.205371
322.550000	-78.205733
322.575000	-78.206095
322.600000	-78.206456
322.625000	-78.206818
322.650000	-78.207180
322.675000	-78.207542
322.700000	-78.207904
322.725000	-78.208265
322.750000	-78.208627
322.775000	-78.208989
322.800000	-78.209350
322.825000	-78.209712
322.850000	-78.210073
322.875000	-78.210435
322.900000	-78.210796
322.925000	-78.211158
322.950000	-78.211519
322.975000	-78.211880
323.000000	-78.212241
323.025000	-78.212603
323.050000	-78.212964
323.075000	-78.213325
323.100000	-78.213686
323.125000	-78.214047
323.150000	-78.214408
323.175000	-78.214770
323.200000	-78.215131
323.225000	-78.215491
323.250000	-78.215852
323.275000	-78.216213
323.300000	-78.216574
323.325000	-78.216935
323.350000	-78.217296
323.375000	-78.217657
323.400000	-78.218017
323.425000	-78.218378
323.450000	-78.218739
323.475000	-78.219099
323.500000	-78.219460
323.525000	-78.219820
323.550000	-78.220181
323.575000	-78.220541
323.600000	-78.220902
323.625000	-78.221262
323.650000	-78.221622
323.675000	-78.221983
323.700000	-78.222343
323.725000	-78.222703
323.750000	-78.223063
323.775000	-78.223424
323.800000	-78.223784
323.825000	-78.224144
323.850000	-78.224504
323.875000	-78.224864
323.900000	-78.225224
323.925000	-78.225584
323.950000	-78.225944
323.975000	-78.226304
324.000000	-78.226663
324.025000	-78.227023
324.050000	-78.227383
324.075000	-78.227743
324.100000	-78.228102
324.125000	-78.228462
324.150000	-78.228822
324.175000	-78.229181
324.200000	-78.229541
324.225000	-78.229900
324.250000	-78.230260
324.275000	-78.230619
324.300000	-78.230979
324.325000	-78.231338
324.350000	-78.231697
324.375000	-78.232057
324.400000	-78.232416
324.425000	-78.232775
324.450000	-78.233134
324.475000	-78.233494
324.500000	-78.233853
324.525000	-78.234212
324.550000	-78.234571
324.575000	-78.234930
324.600000	-78.235289
324.625000	-78.235648
324.650000	-78.236007
324.675000	-78.236366
324.700000	-78.236724
324.725000	-78.237083
324.750000	-78.237442
324.775000	-78.237801
324.800000	-78.238159
324.825000	-78.238518
324.850000	-78.238877
324.875000	-78.239235
324.900000	-78.239594
324.925000	-78.239952
324.950000	-78.240311
324.975000	-78.240669
325.000000	-78.241028
325.025000	-78.241386
325.050000	-78.241744
325.075000	-78.242103
325.100000	-78.242461
325.125000	-78.242819
325.150000	-78.243177
325.175000	-78.243535
325.200000	-78.243893
325.225000	-78.244251
325.250000	-78.244610
325.275000	-78.244968
325.300000	-78.245326
325.325000	-78.245683
325.350000	-78.246041
325.375000	-78.246399
325.400000	-78.246757
325.425000	-78.247115
325.450000	-78.247473
325.475000	-78.247830
325.500000	-78.248188
325.525000	-78.248546
325.550000	-78.248903
325.575000	-78.249261
325.600000	-78.249618
325.625000	-78.249976
325.650000	-78.250333
325.675000	-78.250691
325.700000	-78.251048
325.725000	-78.251405
325.750000	-78.251763
325.775000	-78.252120
325.800000	-78.252477
325.825000	-78.252835
325.850000	-78.253192
325.875000	-78.253549
325.900000	-78.253906
325.925000	-78.254263
325.950000	-78.254620
325.975000	-78.254977
326.000000	-78.255334
326.025000	-78.255691
326.050000	-78.256048
326.075000	-78.256405
326.100000	-78.256761
326.125000	-78.257118
326.150000	-78.257475
326.175000	-78.257832
326.200000	-78.258188
326.225000	-78.258545
326.250000	-78.258902
326.275000	-78.259258
326.300000	-78.259615
326.325000	-78.259971
326.350000	-78.260328
326.375000	-78.260684
326.400000	-78.261040
326.425000	-78.261397
326.450000	-78.261753
326.475000	-78.262109
326.500000	-78.262466
326.525000	-78.262822
326.550000	-78.263178
326.575000	-78.263534
326.600000	-78.263890
326.625000	-78.264246
326.650000	-78.264602
326.675000	-78.264958
326.700000	-78.265314
326.725000	-78.265670
326.750000	-78.266026
326.775000	-78.266382
326.800000	-78.266738
326.825000	-78.267094
326.850000	-78.267449
326.875000	-78.267805
326.900000	-78.268161
326.925000	-78.268516
326.950000	-78.268872
326.975000	-78.269228
327.000000	-78.269583
327.025000	-78.269939
327.050000	-78.270294
327.075000	-78.270649
327.100000	-78.271005
327.125000	-78.271360
327.150000	-78.271715
327.175000	-78.272071
327.200000	-78.272426
327.225000	-78.272781
327.250000	-78.273136
327.275000	-78.273492
327.300000	-78.273847
327.325000	-78.274202
327.350000	-78.274557
327.375000	-78.274912
327.400000	-78.275267
327.425000	-78.275622
327.450000	-78.275976
327.475000	-78.276331
327.500000	-78.276686
327.525000	-78.277041
327.550000	-78.277396
327.575000	-78.277750
327.600000	-78.278105
327.625000	-78.278460
327.650000	-78.278814
327.675000	-78.279169
327.700000	-78.279523
327.725000	-78.279878
327.750000	-78.280232
327.775000	-78.280587
327.800000	-78.280941
327.825000	-78.281296
327.850000	-78.281650
327.875000	-78.282004
327.900000	-78.282358
327.925000	-78.282713
327.950000	-78.283067
327.975000	-78.283421
328.000000	-78.283775
328.025000	-78.284129
328.050000	-78.284483
328.075000	-78.284837
328.100000	-78.285191
328.125000	-78.285545
328.150000	-78.285899
328.175000	-78.286253
328.200000	-78.286607
328.225000	-78.286960
328.250000	-78.287314
328.275000	-78.287668
328.300000	-78.288021
328.325000	-78.288375
328.350000	-78.288729
328.375000	-78.289082
328.400000	-78.289436
328.425000	-78.289789
328.450000	-78.290143
328.475000	-78.290496
328.500000	-78.290850
328.525000	-78.291203
328.550000	-78.291556
328.575000	-78.291910
328.600000	-78.292263
328.625000	-78.292616
328.650000	-78.292969
328.675000	-78.293322
328.700000	-78.293675
328.725000	-78.294029
328.750000	-78.294382
328.775000	-78.294735
328.800000	-78.295088
328.825000	-78.295440
328.850000	-78.295793
328.875000	-78.296146
328.900000	-78.296499
328.925000	-78.296852
328.950000	-78.297205
328.975000	-78.297557
329.000000	-78.297910
329.025000	-78.298263
329.050000	-78.298615
329.075000	-78.298968
329.100000	-78.299320
329.125000	-78.299673
329.150000	-78.300025
329.175000	-78.300378
329.200000	-78.300730
329.225000	-78.301083
329.250000	-78.301435
329.275000	-78.301787
329.300000	-78.302139
329.325000	-78.302492
329.350000	-78.302844
329.375000	-78.303196
329.400000	-78.303548
329.425000	-78.303900
329.450000	-78.304252
329.475000	-78.304604
329.500000	-78.304956
329.525000	-78.305308
329.550000	-78.305660
329.575000	-78.306012
329.600000	-78.306364
329.625000	-78.306716
329.650000	-78.307067
329.675000	-78.307419
329.700000	-78.307771
329.725000	-78.308122
329.750000	-78.308474
329.775000	-78.308826
329.800000	-78.309177
329.825000	-78.309529
329.850000	-78.309880
329.875000	-78.310232
329.900000	-78.310583
329.925000	-78.310934
329.950000	-78.311286
329.975000	-78.311637
330.000000	-78.311988
330.025000	-78.312340
330.050000	-78.312691
330.075000	-78.313042
330.100000	-78.313393
330.125000	-78.313744
330.150000	-78.314095
330.175000	-78.314446
330.200000	-78.314797
330.225000	-78.315148
330.250000	-78.315499
330.275000	-78.315850
330.300000	-78.316201
330.325000	-78.316552
330.350000	-78.316902
330.375000	-78.317253
330.400000	-78.317604
330.425000	-78.317955
330.450000	-78.318305
330.475000	-78.318656
330.500000	-78.319006
330.525000	-78.319357
330.550000	-78.319707
330.575000	-78.320058
330.600000	-78.320408
330.625000	-78.320759
330.650000	-78.321109
330.675000	-78.321459
330.700000	-78.321810
330.725000	-78.322160
330.750000	-78.322510
330.775000	-78.322860
330.800000	-78.323210
330.825000	-78.323561
330.850000	-78.323911
330.875000	-78.324261
330.900000	-78.324611
330.925000	-78.324961
330.950000	-78.325311
330.975000	-78.325660
331.000000	-78.326010
331.025000	-78.326360
331.050000	-78.326710
331.075000	-78.327060
331.100000	-78.327409
331.125000	-78.327759
331.150000	-78.328109
331.175000	-78.328458
331.200000	-78.328808
331.225000	-78.329157
331.250000	-78.329507
331.275000	-78.329856
331.300000	-78.330206
331.325000	-78.330555
331.350000	-78.330905
331.375000	-78.331254
331.400000	-78.331603
331.425000	-78.331953
331.450000	-78.332302
331.475000	-78.332651
331.500000	-78.333000
331.525000	-78.333349
331.550000	-78.333698
331.575000	-78.334047
331.600000	-78.334396
331.625000	-78.334745
331.650000	-78.335094
331.675000	-78.335443
331.700000	-78.335792
331.725000	-78.336141
331.750000	-78.336490
331.775000	-78.336839
331.800000	-78.337187
331.825000	-78.337536
331.850000	-78.337885
331.875000	-78.338233
331.900000	-78.338582
331.925000	-78.338930
331.950000	-78.339279
331.975000	-78.339628
332.000000	-78.339976
332.025000	-78.340324
332.050000	-78.340673
332.075000	-78.341021
332.100000	-78.341369
332.125000	-78.341718
332.150000	-78.342066
332.175000	-78.342414
332.200000	-78.342762
332.225000	-78.343111
332.250000	-78.343459
332.275000	-78.343807
332.300000	-78.344155
332.325000	-78.344503
332.350000	-78.344851
332.375000	-78.345199
332.400000	-78.345547
332.425000	-78.345894
332.450000	-78.346242
332.475000	-78.346590
332.500000	-78.346938
332.525000	-78.347286
332.550000	-78.347633
332.575000	-78.347981
332.600000	-78.348329
332.625000	-78.348676
332.650000	-78.349024
332.675000	-78.349371
332.700000	-78.349719
332.725000	-78.350066
332.750000	-78.350414
332.775000	-78.350761
332.800000	-78.351108
332.825000	-78.351456
332.850000	-78.351803
332.875000	-78.352150
332.900000	-78.352497
332.925000	-78.352844
332.950000	-78.353192
332.975000	-78.353539
333.000000	-78.353886
333.025000	-78.354233
333.050000	-78.354580
333.075000	-78.354927
333.100000	-78.355274
333.125000	-78.355620
333.150000	-78.355967
333.175000	-78.356314
333.200000	-78.356661
333.225000	-78.357008
333.250000	-78.357354
333.275000	-78.357701
333.300000	-78.358048
333.325000	-78.358394
333.350000	-78.358741
333.375000	-78.359087
333.400000	-78.359434
333.425000	-78.359780
333.450000	-78.360127
333.475000	-78.360473
333.500000	-78.360820
333.525000	-78.361166
333.550000	-78.361512
333.575000	-78.361859
333.600000	-78.362205
333.625000	-78.362551
333.650000	-78.362897
333.675000	-78.363243
333.700000	-78.363589
333.725000	-78.363935
333.750000	-78.364281
333.775000	-78.364627
333.800000	-78.364973
333.825000	-78.365319
333.850000	-78.365665
333.875000	-78.366011
333.900000	-78.366357
333.925000	-78.366703
333.950000	-78.367048
333.975000	-78.367394
334.000000	-78.367740
334.025000	-78.368085
334.050000	-78.368431
334.075000	-78.368776
334.100000	-78.369122
334.125000	-78.369468
334.150000	-78.369813
334.175000	-78.370158
334.200000	-78.370504
334.225000	-78.370849
334.250000	-78.371194
334.275000	-78.371540
334.300000	-78.371885
334.325000	-78.372230
334.350000	-78.372575
334.375000	-78.372921
334.400000	-78.373266
334.425000	-78.373611
334.450000	-78.373956
334.475000	-78.374301
334.500000	-78.374646
334.525000	-78.374991
334.550000	-78.375336
334.575000	-78.375681
334.600000	-78.376025
334.625000	-78.376370
334.650000	-78.376715
334.675000	-78.377060
334.700000	-78.377404
334.725000	-78.377749
334.750000	-78.378094
334.775000	-78.378438
334.800000	-78.378783
334.825000	-78.379127
334.850000	-78.379472
334.875000	-78.379816
334.900000	-78.380161
334.925000	-78.380505
334.950000	-78.380850
334.975000	-78.381194
335.000000	-78.381538
335.025000	-78.381882
335.050000	-78.382227
335.075000	-78.382571
335.100000	-78.382915
335.125000	-78.383259
335.150000	-78.383603
335.175000	-78.383947
335.200000	-78.384291
335.225000	-78.384635
335.250000	-78.384979
335.275000	-78.385323
335.300000	-78.385667
335.325000	-78.386011
335.350000	-78.386355
335.375000	-78.386698
335.400000	-78.387042
335.425000	-78.387386
335.450000	-78.387729
335.475000	-78.388073
335.500000	-78.388417
335.525000	-78.388760
335.550000	-78.389104
335.575000	-78.389447
335.600000	-78.389791
335.625000	-78.390134
335.650000	-78.390477
335.675000	-78.390821
335.700000	-78.391164
335.725000	-78.391507
335.750000	-78.391851
335.775000	-78.392194
335.800000	-78.392537
335.825000	-78.392880
335.850000	-78.393223
335.875000	-78.393566
335.900000	-78.393909
335.925000	-78.394253
335.950000	-78.394595
335.975000	-78.394938
336.000000	-78.395281
336.025000	-78.395624
336.050000	-78.395967
336.075000	-78.396310
336.100000	-78.396653
336.125000	-78.396995
336.150000	-78.397338
336.175000	-78.397681
336.200000	-78.398023
336.225000	-78.398366
336.250000	-78.398709
336.275000	-78.399051
336.300000	-78.399394
336.325000	-78.399736
336.350000	-78.400078
336.375000	-78.400421
336.400000	-78.400763
336.425000	-78.401106
336.450000	-78.401448
336.475000	-78.401790
336.500000	-78.402132
336.525000	-78.402474
336.550000	-78.402817
336.575000	-78.403159
336.600000	-78.403501
336.625000	-78.403843
336.650000	-78.404185
336.675000	-78.404527
336.700000	-78.404869
336.725000	-78.405211
336.750000	-78.405553
336.775000	-78.405894
336.800000	-78.406236
336.825000	-78.406578
336.850000	-78.406920
336.875000	-78.407261
336.900000	-78.407603
336.925000	-78.407945
336.950000	-78.408286
336.975000	-78.408628
337.000000	-78.408969
337.025000	-78.409311
337.050000	-78.409652
337.075000	-78.409994
337.100000	-78.410335
337.125000	-78.410677
337.150000	-78.411018
337.175000	-78.411359
337.200000	-78.411701
337.225000	-78.412042
337.250000	-78.412383
337.275000	-78.412724
337.300000	-78.413065
337.325000	-78.413406
337.350000	-78.413747
337.375000	-78.414088
337.400000	-78.414429
337.425000	-78.414770
337.450000	-78.415111
337.475000	-78.415452
337.500000	-78.415793
337.525000	-78.416134
337.550000	-78.416475
337.575000	-78.416815
337.600000	-78.417156
337.625000	-78.417497
337.650000	-78.417837
337.675000	-78.418178
337.700000	-78.418519
337.725000	-78.418859
337.750000	-78.419200
337.775000	-78.419540
337.800000	-78.419880
337.825000	-78.420221
337.850000	-78.420561
337.875000	-78.420902
337.900000	-78.421242
337.925000	-78.421582
337.950000	-78.421922
337.975000	-78.422263
338.000000	-78.422603
338.025000	-78.422943
338.050000	-78.423283
338.075000	-78.423623
338.100000	-78.423963
338.125000	-78.424303
338.150000	-78.424643
338.175000	-78.424983
338.200000	-78.425323
338.225000	-78.425663
338.250000	-78.426003
338.275000	-78.426342
338.300000	-78.426682
338.325000	-78.427022
338.350000	-78.427362
338.375000	-78.427701
338.400000	-78.428041
338.425000	-78.428380
338.450000	-78.428720
338.475000	-78.429059
338.500000	-78.429399
338.525000	-78.429738
338.550000	-78.430078
338.575000	-78.430417
338.600000	-78.430757
338.625000	-78.431096
338.650000	-78.431435
338.675000	-78.431774
338.700000	-78.432114
338.725000	-78.432453
338.750000	-78.432792
338.775000	-78.433131
338.800000	-78.433470
338.825000	-78.433809
338.850000	-78.434148
338.875000	-78.434487
338.900000	-78.434826
338.925000	-78.435165
338.950000	-78.435504
338.975000	-78.435843
339.000000	-78.436181
339.025000	-78.436520
339.050000	-78.436859
339.075000	-78.437198
339.100000	-78.437536
339.125000	-78.437875
339.150000	-78.438214
339.175000	-78.438552
339.200000	-78.438891
339.225000	-78.439229
339.250000	-78.439568
339.275000	-78.439906
339.300000	-78.440244
339.325000	-78.440583
339.350000	-78.440921
339.375000	-78.441259
339.400000	-78.441598
339.425000	-78.441936
339.450000	-78.442274
339.475000	-78.442612
339.500000	-78.442950
339.525000	-78.443289
339.550000	-78.443627
339.575000	-78.443965
339.600000	-78.444303
339.625000	-78.444641
339.650000	-78.444978
339.675000	-78.445316
339.700000	-78.445654
339.725000	-78.445992
339.750000	-78.446330
339.775000	-78.446668
339.800000	-78.447005
339.825000	-78.447343
339.850000	-78.447681
339.875000	-78.448018
339.900000	-78.448356
339.925000	-78.448693
339.950000	-78.449031
339.975000	-78.449368
340.000000	-78.449706
340.025000	-78.450043
340.050000	-78.450381
340.075000	-78.450718
340.100000	-78.451055
340.125000	-78.451393
340.150000	-78.451730
340.175000	-78.452067
340.200000	-78.452404
340.225000	-78.452741
340.250000	-78.453078
340.275000	-78.453416
340.300000	-78.453753
340.325000	-78.454090
340.350000	-78.454427
340.375000	-78.454763
340.400000	-78.455100
340.425000	-78.455437
340.450000	-78.455774
340.475000	-78.456111
340.500000	-78.456448
340.525000	-78.456784
340.550000	-78.457121
340.575000	-78.457458
340.600000	-78.457794
340.625000	-78.458131
340.650000	-78.458468
340.675000	-78.458804
340.700000	-78.459141
340.725000	-78.459477
340.750000	-78.459814
340.775000	-78.460150
340.800000	-78.460486
340.825000	-78.460823
340.850000	-78.461159
340.875000	-78.461495
340.900000	-78.461831
340.925000	-78.462168
340.950000	-78.462504
340.975000	-78.462840
341.000000	-78.463176
341.025000	-78.463512
341.050000	-78.463848
341.075000	-78.464184
341.100000	-78.464520
341.125000	-78.464856
341.150000	-78.465192
341.175000	-78.465528
341.200000	-78.465864
341.225000	-78.466199
341.250000	-78.466535
341.275000	-78.466871
341.300000	-78.467207
341.325000	-78.467542
341.350000	-78.467878
341.375000	-78.468213
341.400000	-78.468549
341.425000	-78.468884
341.450000	-78.469220
341.475000	-78.469555
341.500000	-78.469891
341.525000	-78.470226
341.550000	-78.470562
341.575000	-78.470897
341.600000	-78.471232
341.625000	-78.471567
341.650000	-78.471903
341.675000	-78.472238
341.700000	-78.472573
341.725000	-78.472908
341.750000	-78.473243
341.775000	-78.473578
341.800000	-78.473913
341.825000	-78.474248
341.850000	-78.474583
341.875000	-78.474918
341.900000	-78.475253
341.925000	-78.475588
341.950000	-78.475923
341.975000	-78.476258
342.000000	-78.476592
342.025000	-78.476927
342.050000	-78.477262
342.075000	-78.477596
342.100000	-78.477931
342.125000	-78.478266
342.150000	-78.478600
342.175000	-78.478935
342.200000	-78.479269
342.225000	-78.479604
342.250000	-78.479938
342.275000	-78.480272
342.300000	-78.480607
342.325000	-78.480941
342.350000	-78.481275
342.375000	-78.481609
342.400000	-78.481944
342.425000	-78.482278
342.450000	-78.482612
342.475000	-78.482946
342.500000	-78.483280
342.525000	-78.483614
342.550000	-78.483948
342.575000	-78.484282
342.600000	-78.484616
342.625000	-78.484950
342.650000	-78.485284
342.675000	-78.485618
342.700000	-78.485952
342.725000	-78.486285
342.750000	-78.486619
342.775000	-78.486953
342.800000	-78.487287
342.825000	-78.487620
342.850000	-78.487954
342.875000	-78.488287
342.900000	-78.488621
342.925000	-78.488954
342.950000	-78.489288
342.975000	-78.489621
343.000000	-78.489955
343.025000	-78.490288
343.050000	-78.490622
343.075000	-78.490955
343.100000	-78.491288
343.125000	-78.491621
343.150000	-78.491955
343.175000	-78.492288
343.200000	-78.492621
343.225000	-78.492954
343.250000	-78.493287
343.275000	-78.493620
343.300000	-78.493953
343.325000	-78.494286
343.350000	-78.494619
343.375000	-78.494952
343.400000	-78.495285
343.425000	-78.495618
343.450000	-78.495950
343.475000	-78.496283
343.500000	-78.496616
343.525000	-78.496949
343.550000	-78.497281
343.575000	-78.497614
343.600000	-78.497947
343.625000	-78.498279
343.650000	-78.498612
343.675000	-78.498944
343.700000	-78.499277
343.725000	-78.499609
343.750000	-78.499942
343.775000	-78.500274
343.800000	-78.500606
343.825000	-78.500939
343.850000	-78.501271
343.875000	-78.501603
343.900000	-78.501935
343.925000	-78.502268
343.950000	-78.502600
343.975000	-78.502932
344.000000	-78.503264
344.025000	-78.503596
344.050000	-78.503928
344.075000	-78.504260
344.100000	-78.504592
344.125000	-78.504924
344.150000	-78.505256
344.175000	-78.505587
344.200000	-78.505919
344.225000	-78.506251
344.250000	-78.506583
344.275000	-78.506915
344.300000	-78.507246
344.325000	-78.507578
344.350000	-78.507909
344.375000	-78.508241
344.400000	-78.508573
344.425000	-78.508904
344.450000	-78.509236
344.475000	-78.509567
344.500000	-78.509898
344.525000	-78.510230
344.550000	-78.510561
344.575000	-78.510892
344.600000	-78.511224
344.625000	-78.511555
344.650000	-78.511886
344.675000	-78.512217
344.700000	-78.512549
344.725000	-78.512880
344.750000	-78.513211
344.775000	-78.513542
344.800000	-78.513873
344.825000	-78.514204
344.850000	-78.514535
344.875000	-78.514866
344.900000	-78.515196
344.925000	-78.515527
344.950000	-78.515858
344.975000	-78.516189
345.000000	-78.516520
345.025000	-78.516850
345.050000	-78.517181
345.075000	-78.517512
345.100000	-78.517842
345.125000	-78.518173
345.150000	-78.518503
345.175000	-78.518834
345.200000	-78.519164
345.225000	-78.519495
345.250000	-78.519825
345.275000	-78.520156
345.300000	-78.520486
345.325000	-78.520816
345.350000	-78.521147
345.375000	-78.521477
345.400000	-78.521807
345.425000	-78.522137
345.450000	-78.522467
345.475000	-78.522798
345.500000	-78.523128
345.525000	-78.523458
345.550000	-78.523788
345.575000	-78.524118
345.600000	-78.524448
345.625000	-78.524778
345.650000	-78.525107
345.675000	-78.525437
345.700000	-78.525767
345.725000	-78.526097
345.750000	-78.526427
345.775000	-78.526756
345.800000	-78.527086
345.825000	-78.527416
345.850000	-78.527745
345.875000	-78.528075
345.900000	-78.528405
345.925000	-78.528734
345.950000	-78.529064
345.975000	-78.529393
346.000000	-78.529722
346.025000	-78.530052
346.050000	-78.530381
346.075000	-78.530711
346.100000	-78.531040
346.125000	-78.531369
346.150000	-78.531698
346.175000	-78.532027
346.200000	-78.532357
346.225000	-78.532686
346.250000	-78.533015
346.275000	-78.533344
346.300000	-78.533673
346.325000	-78.534002
346.350000	-78.534331
346.375000	-78.534660
346.400000	-78.534989
346.425000	-78.535318
346.450000	-78.535646
346.475000	-78.535975
346.500000	-78.536304
346.525000	-78.536633
346.550000	-78.536961
346.575000	-78.537290
346.600000	-78.537619
346.625000	-78.537947
346.650000	-78.538276
346.675000	-78.538604
346.700000	-78.538933
346.725000	-78.539261
346.750000	-78.539590
346.775000	-78.539918
346.800000	-78.540247
346.825000	-78.540575
346.850000	-78.540903
346.875000	-78.541232
346.900000	-78.541560
346.925000	-78.541888
346.950000	-78.542216
346.975000	-78.542544
347.000000	-78.542872
347.025000	-78.543200
347.050000	-78.543528
347.075000	-78.543857
347.100000	-78.544184
347.125000	-78.544512
347.150000	-78.544840
347.175000	-78.545168
347.200000	-78.545496
347.225000	-78.545824
347.250000	-78.546152
347.275000	-78.546479
347.300000	-78.546807
347.325000	-78.547135
347.350000	-78.547462
347.375000	-78.547790
347.400000	-78.548118
347.425000	-78.548445
347.450000	-78.548773
347.475000	-78.549100
347.500000	-78.549428
347.525000	-78.549755
347.550000	-78.550082
347.575000	-78.550410
347.600000	-78.550737
347.625000	-78.551064
347.650000	-78.551392
347.675000	-78.551719
347.700000	-78.552046
347.725000	-78.552373
347.750000	-78.552700
347.775000	-78.553027
347.800000	-78.553354
347.825000	-78.553681
347.850000	-78.554008
347.875000	-78.554335
347.900000	-78.554662
347.925000	-78.554989
347.950000	-78.555316
347.975000	-78.555643
348.000000	-78.555970
348.025000	-78.556296
348.050000	-78.556623
348.075000	-78.556950
348.100000	-78.557277
348.125000	-78.557603
348.150000	-78.557930
348.175000	-78.558256
348.200000	-78.558583
348.225000	-78.558909
348.250000	-78.559236
348.275000	-78.559562
348.300000	-78.559889
348.325000	-78.560215
348.350000	-78.560541
348.375000	-78.560868
348.400000	-78.561194
348.425000	-78.561520
348.450000	-78.561846
348.475000	-78.562173
348.500000	-78.562499
348.525000	-78.562825
348.550000	-78.563151
348.575000	-78.563477
348.600000	-78.563803
348.625000	-78.564129
348.650000	-78.564455
348.675000	-78.564781
348.700000	-78.565107
348.725000	-78.565433
348.750000	-78.565758
348.775000	-78.566084
348.800000	-78.566410
348.825000	-78.566736
348.850000	-78.567061
348.875000	-78.567387
348.900000	-78.567713
348.925000	-78.568038
348.950000	-78.568364
348.975000	-78.568689
349.000000	-78.569015
349.025000	-78.569340
349.050000	-78.569666
349.075000	-78.569991
349.100000	-78.570316
349.125000	-78.570642
349.150000	-78.570967
349.175000	-78.571292
349.200000	-78.571617
349.225000	-78.571943
349.250000	-78.572268
349.275000	-78.572593
349.300000	-78.572918
349.325000	-78.573243
349.350000	-78.573568
349.375000	-78.573893
349.400000	-78.574218
349.425000	-78.574543
349.450000	-78.574868
349.475000	-78.575193
349.500000	-78.575518
349.525000	-78.575842
349.550000	-78.576167
349.575000	-78.576492
349.600000	-78.576817
349.625000	-78.577141
349.650000	-78.577466
349.675000	-78.577790
349.700000	-78.578115
349.725000	-78.578440
349.750000	-78.578764
349.775000	-78.579089
349.800000	-78.579413
349.825000	-78.579737
349.850000	-78.580062
349.875000	-78.580386
349.900000	-78.580710
349.925000	-78.581035
349.950000	-78.581359
349.975000	-78.581683
350.000000	-78.582007
350.025000	-78.582332
350.050000	-78.582656
350.075000	-78.582980
350.100000	-78.583304
350.125000	-78.583628
350.150000	-78.583952
350.175000	-78.584276
350.200000	-78.584600
350.225000	-78.584924
350.250000	-78.585247
350.275000	-78.585571
350.300000	-78.585895
350.325000	-78.586219
350.350000	-78.586543
350.375000	-78.586866
350.400000	-78.587190
350.425000	-78.587514
350.450000	-78.587837
350.475000	-78.588161
350.500000	-78.588484
350.525000	-78.588808
350.550000	-78.589131
350.575000	-78.589455
350.600000	-78.589778
350.625000	-78.590102
350.650000	-78.590425
350.675000	-78.590748
350.700000	-78.591071
350.725000	-78.591395
350.750000	-78.591718
350.775000	-78.592041
350.800000	-78.592364
350.825000	-78.592687
350.850000	-78.593010
350.875000	-78.593333
350.900000	-78.593656
350.925000	-78.593979
350.950000	-78.594302
350.975000	-78.594625
351.000000	-78.594948
351.025000	-78.595271
351.050000	-78.595594
351.075000	-78.595917
351.100000	-78.596239
351.125000	-78.596562
351.150000	-78.596885
351.175000	-78.597208
351.200000	-78.597530
351.225000	-78.597853
351.250000	-78.598175
351.275000	-78.598498
351.300000	-78.598820
351.325000	-78.599143
351.350000	-78.599465
351.375000	-78.599788
351.400000	-78.600110
351.425000	-78.600432
351.450000	-78.600755
351.475000	-78.601077
351.500000	-78.601399
351.525000	-78.601721
351.550000	-78.602044
351.575000	-78.602366
351.600000	-78.602688
351.625000	-78.603010
351.650000	-78.603332
351.675000	-78.603654
351.700000	-78.603976
351.725000	-78.604298
351.750000	-78.604620
351.775000	-78.604942
351.800000	-78.605264
351.825000	-78.605585
351.850000	-78.605907
351.875000	-78.606229
351.900000	-78.606551
351.925000	-78.606872
351.950000	-78.607194
351.975000	-78.607516
352.000000	-78.607837
352.025000	-78.608159
352.050000	-78.608480
352.075000	-78.608802
352.100000	-78.609123
352.125000	-78.609445
352.150000	-78.609766
352.175000	-78.610088
352.200000	-78.610409
352.225000	-78.610730
352.250000	-78.611052
352.275000	-78.611373
352.300000	-78.611694
352.325000	-78.612015
352.350000	-78.612336
352.375000	-78.612657
352.400000	-78.612978
352.425000	-78.613300
352.450000	-78.613621
352.475000	-78.613942
352.500000	-78.614262
352.525000	-78.614583
352.550000	-78.614904
352.575000	-78.615225
352.600000	-78.615546
352.625000	-78.615867
352.650000	-78.616188
352.675000	-78.616508
352.700000	-78.616829
352.725000	-78.617150
352.750000	-78.617470
352.775000	-78.617791
352.800000	-78.618111
352.825000	-78.618432
352.850000	-78.618752
352.875000	-78.619073
352.900000	-78.619393
352.925000	-78.619714
352.950000	-78.620034
352.975000	-78.620355
353.000000	-78.620675
353.025000	-78.620995
353.050000	-78.621315
353.075000	-78.621636
353.100000	-78.621956
353.125000	-78.622276
353.150000	-78.622596
353.175000	-78.622916
353.200000	-78.623236
353.225000	-78.623556
353.250000	-78.623876
353.275000	-78.624196
353.300000	-78.624516
353.325000	-78.624836
353.350000	-78.625156
353.375000	-78.625476
353.400000	-78.625795
353.425000	-78.626115
353.450000	-78.626435
353.475000	-78.626755
353.500000	-78.627074
353.525000	-78.627394
353.550000	-78.627714
353.575000	-78.628033
353.600000	-78.628353
353.625000	-78.628672
353.650000	-78.628992
353.675000	-78.629311
353.700000	-78.629631
353.725000	-78.629950
353.750000	-78.630269
353.775000	-78.630589
353.800000	-78.630908
353.825000	-78.631227
353.850000	-78.631546
353.875000	-78.631866
353.900000	-78.632185
353.925000	-78.632504
353.950000	-78.632823
353.975000	-78.633142
354.000000	-78.633461
354.025000	-78.633780
354.050000	-78.634099
354.075000	-78.634418
354.100000	-78.634737
354.125000	-78.635056
354.150000	-78.635375
354.175000	-78.635693
354.200000	-78.636012
354.225000	-78.636331
354.250000	-78.636650
354.275000	-78.636968
354.300000	-78.637287
354.325000	-78.637606
354.350000	-78.637924
354.375000	-78.638243
354.400000	-78.638561
354.425000	-78.638880
354.450000	-78.639198
354.475000	-78.639517
354.500000	-78.639835
354.525000	-78.640153
354.550000	-78.640472
354.575000	-78.640790
354.600000	-78.641108
354.625000	-78.641426
354.650000	-78.641745
354.675000	-78.642063
354.700000	-78.642381
354.725000	-78.642699
354.750000	-78.643017
354.775000	-78.643335
354.800000	-78.643653
354.825000	-78.643971
354.850000	-78.644289
354.875000	-78.644607
354.900000	-78.644925
354.925000	-78.645243
354.950000	-78.645561
354.975000	-78.645878
355.000000	-78.646196
355.025000	-78.646514
355.050000	-78.646832
355.075000	-78.647149
355.100000	-78.647467
355.125000	-78.647784
355.150000	-78.648102
355.175000	-78.648420
355.200000	-78.648737
355.225000	-78.649055
355.250000	-78.649372
355.275000	-78.649689
355.300000	-78.650007
355.325000	-78.650324
355.350000	-78.650641
355.375000	-78.650959
355.400000	-78.651276
355.425000	-78.651593
355.450000	-78.651910
355.475000	-78.652227
355.500000	-78.652545
355.525000	-78.652862
355.550000	-78.653179
355.575000	-78.653496
355.600000	-78.653813
355.625000	-78.654130
355.650000	-78.654447
355.675000	-78.654764
355.700000	-78.655080
355.725000	-78.655397
355.750000	-78.655714
355.775000	-78.656031
355.800000	-78.656348
355.825000	-78.656664
355.850000	-78.656981
355.875000	-78.657298
355.900000	-78.657614
355.925000	-78.657931
355.950000	-78.658247
355.975000	-78.658564
356.000000	-78.658880
356.025000	-78.659197
356.050000	-78.659513
356.075000	-78.659830
356.100000	-78.660146
356.125000	-78.660462
356.150000	-78.660779
356.175000	-78.661095
356.200000	-78.661411
356.225000	-78.661727
356.250000	-78.662043
356.275000	-78.662360
356.300000	-78.662676
356.325000	-78.662992
356.350000	-78.663308
356.375000	-78.663624
356.400000	-78.663940
356.425000	-78.664256
356.450000	-78.664572
356.475000	-78.664888
356.500000	-78.665203
356.525000	-78.665519
356.550000	-78.665835
356.575000	-78.666151
356.600000	-78.666467
356.625000	-78.666782
356.650000	-78.667098
356.675000	-78.667414
356.700000	-78.667729
356.725000	-78.668045
356.750000	-78.668360
356.775000	-78.668676
356.800000	-78.668991
356.825000	-78.669307
356.850000	-78.669622
356.875000	-78.669937
356.900000	-78.670253
356.925000	-78.670568
356.950000	-78.670883
356.975000	-78.671199
357.000000	-78.671514
357.025000	-78.671829
357.050000	-78.672144
357.075000	-78.672459
357.100000	-78.672774
357.125000	-78.673089
357.150000	-78.673405
357.175000	-78.673720
357.200000	-78.674034
357.225000	-78.674349
357.250000	-78.674664
357.275000	-78.674979
357.300000	-78.675294
357.325000	-78.675609
357.350000	-78.675924
357.375000	-78.676238
357.400000	-78.676553
357.425000	-78.676868
357.450000	-78.677182
357.475000	-78.677497
357.500000	-78.677812
357.525000	-78.678126
357.550000	-78.678441
357.575000	-78.678755
357.600000	-78.679070
357.625000	-78.679384
357.650000	-78.679699
357.675000	-78.680013
357.700000	-78.680327
357.725000	-78.680642
357.750000	-78.680956
357.775000	-78.681270
357.800000	-78.681584
357.825000	-78.681898
357.850000	-78.682213
357.875000	-78.682527
357.900000	-78.682841
357.925000	-78.683155
357.950000	-78.683469
357.975000	-78.683783
358.000000	-78.684097
358.025000	-78.684411
358.050000	-78.684725
358.075000	-78.685039
358.100000	-78.685352
358.125000	-78.685666
358.150000	-78.685980
358.175000	-78.686294
358.200000	-78.686607
358.225000	-78.686921
358.250000	-78.687235
358.275000	-78.687548
358.300000	-78.687862
358.325000	-78.688176
358.350000	-78.688489
358.375000	-78.688803
358.400000	-78.689116
358.425000	-78.689429
358.450000	-78.689743
358.475000	-78.690056
358.500000	-78.690370
358.525000	-78.690683
358.550000	-78.690996
358.575000	-78.691309
358.600000	-78.691623
358.625000	-78.691936
358.650000	-78.692249
358.675000	-78.692562
358.700000	-78.692875
358.725000	-78.693188
358.750000	-78.693501
358.775000	-78.693814
358.800000	-78.694127
358.825000	-78.694440
358.850000	-78.694753
358.875000	-78.695066
358.900000	-78.695379
358.925000	-78.695691
358.950000	-78.696004
358.975000	-78.696317
359.000000	-78.696630
359.025000	-78.696942
359.050000	-78.697255
359.075000	-78.697568
359.100000	-78.697880
359.125000	-78.698193
359.150000	-78.698505
359.175000	-78.698818
359.200000	-78.699130
359.225000	-78.699443
359.250000	-78.699755
359.275000	-78.700067
359.300000	-78.700380
359.325000	-78.700692
359.350000	-78.701004
359.375000	-78.701317
359.400000	-78.701629
359.425000	-78.701941
359.450000	-78.702253
359.475000	-78.702565
359.500000	-78.702877
359.525000	-78.703189
359.550000	-78.703501
359.575000	-78.703813
359.600000	-78.704125
359.625000	-78.704437
359.650000	-78.704749
359.675000	-78.705061
359.700000	-78.705373
359.725000	-78.705685
359.750000	-78.705996
359.775000	-78.706308
359.800000	-78.706620
359.825000	-78.706931
359.850000	-78.707243
359.875000	-78.707555
359.900000	-78.707866
359.925000	-78.708178
359.950000	-78.708489
359.975000	-78.708801
360.000000	-78.709112
360.025000	-78.709424
360.050000	-78.709735
360.075000	-78.710047
360.100000	-78.710358
360.125000	-78.710669
360.150000	-78.710980
360.175000	-78.711292
360.200000	-78.711603
360.225000	-78.711914
360.250000	-78.712225
360.275000	-78.712536
360.300000	-78.712847
360.325000	-78.713158
360.350000	-78.713469
360.375000	-78.713780
360.400000	-78.714091
360.425000	-78.714402
360.450000	-78.714713
360.475000	-78.715024
360.500000	-78.715335
360.525000	-78.715646
360.550000	-78.715957
360.575000	-78.716267
360.600000	-78.716578
360.625000	-78.716889
360.650000	-78.717199
360.675000	-78.717510
360.700000	-78.717821
360.725000	-78.718131
360.750000	-78.718442
360.775000	-78.718752
360.800000	-78.719063
360.825000	-78.719373
360.850000	-78.719683
360.875000	-78.719994
360.900000	-78.720304
360.925000	-78.720614
360.950000	-78.720925
360.975000	-78.721235
361.000000	-78.721545
361.025000	-78.721855
361.050000	-78.722165
361.075000	-78.722476
361.100000	-78.722786
361.125000	-78.723096
361.150000	-78.723406
361.175000	-78.723716
361.200000	-78.724026
361.225000	-78.724336
361.250000	-78.724646
361.275000	-78.724955
361.300000	-78.725265
361.325000	-78.725575
361.350000	-78.725885
361.375000	-78.726195
361.400000	-78.726504
361.425000	-78.726814
361.450000	-78.727124
361.475000	-78.727433
361.500000	-78.727743
361.525000	-78.728052
361.550000	-78.728362
361.575000	-78.728672
361.600000	-78.728981
361.625000	-78.729290
361.650000	-78.729600
361.675000	-78.729909
361.700000	-78.730219
361.725000	-78.730528
361.750000	-78.730837
361.775000	-78.731146
361.800000	-78.731456
361.825000	-78.731765
361.850000	-78.732074
361.875000	-78.732383
361.900000	-78.732692
361.925000	-78.733001
361.950000	-78.733310
361.975000	-78.733619
362.000000	-78.733928
362.025000	-78.734237
362.050000	-78.734546
362.075000	-78.734855
362.100000	-78.735164
362.125000	-78.735473
362.150000	-78.735782
362.175000	-78.736090
362.200000	-78.736399
362.225000	-78.736708
362.250000	-78.737016
362.275000	-78.737325
362.300000	-78.737634
362.325000	-78.737942
362.350000	-78.738251
362.375000	-78.738559
362.400000	-78.738868
362.425000	-78.739176
362.450000	-78.739485
362.475000	-78.739793
362.500000	-78.740101
362.525000	-78.740410
362.550000	-78.740718
362.575000	-78.741026
362.600000	-78.741334
362.625000	-78.741643
362.650000	-78.741951
362.675000	-78.742259
362.700000	-78.742567
362.725000	-78.742875
362.750000	-78.743183
362.775000	-78.743491
362.800000	-78.743799
362.825000	-78.744107
362.850000	-78.744415
362.875000	-78.744723
362.900000	-78.745031
362.925000	-78.745339
362.950000	-78.745647
362.975000	-78.745954
363.000000	-78.746262
363.025000	-78.746570
363.050000	-78.746877
363.075000	-78.747185
363.100000	-78.747493
363.125000	-78.747800
363.150000	-78.748108
363.175000	-78.748415
363.200000	-78.748723
363.225000	-78.749030
363.250000	-78.749338
363.275000	-78.749645
363.300000	-78.749953
363.325000	-78.750260
363.350000	-78.750567
363.375000	-78.750874
363.400000	-78.751182
363.425000	-78.751489
363.450000	-78.751796
363.475000	-78.752103
363.500000	-78.752410
363.525000	-78.752717
363.550000	-78.753025
363.575000	-78.753332
363.600000	-78.753639
363.625000	-78.753946
363.650000	-78.754253
363.675000	-78.754559
363.700000	-78.754866
363.725000	-78.755173
363.750000	-78.755480
363.775000	-78.755787
363.800000	-78.756094
363.825000	-78.756400
363.850000	-78.756707
363.875000	-78.757014
363.900000	-78.757320
363.925000	-78.757627
363.950000	-78.757933
363.975000	-78.758240
364.000000	-78.758546
364.025000	-78.758853
364.050000	-78.759159
364.075000	-78.759466
364.100000	-78.759772
364.125000	-78.760079
364.150000	-78.760385
364.175000	-78.760691
364.200000	-78.760997
364.225000	-78.761304
364.250000	-78.761610
364.275000	-78.761916
364.300000	-78.762222
364.325000	-78.762528
364.350000	-78.762834
364.375000	-78.763140
364.400000	-78.763447
364.425000	-78.763753
364.450000	-78.764058
364.475000	-78.764364
364.500000	-78.764670
364.525000	-78.764976
364.550000	-78.765282
364.575000	-78.765588
364.600000	-78.765894
364.625000	-78.766199
364.650000	-78.766505
364.675000	-78.766811
364.700000	-78.767116
364.725000	-78.767422
364.750000	-78.767728
364.775000	-78.768033
364.800000	-78.768339
364.825000	-78.768644
364.850000	-78.768950
364.875000	-78.769255
364.900000	-78.769561
364.925000	-78.769866
364.950000	-78.770171
364.975000	-78.770477
365.000000	-78.770782
365.025000	-78.771087
365.050000	-78.771392
365.075000	-78.771698
365.100000	-78.772003
365.125000	-78.772308
365.150000	-78.772613
365.175000	-78.772918
365.200000	-78.773223
365.225000	-78.773528
365.250000	-78.773833
365.275000	-78.774138
365.300000	-78.774443
365.325000	-78.774748
365.350000	-78.775053
365.375000	-78.775358
365.400000	-78.775662
365.425000	-78.775967
365.450000	-78.776272
365.475000	-78.776577
365.500000	-78.776881
365.525000	-78.777186
365.550000	-78.777491
365.575000	-78.777795
365.600000	-78.778100
365.625000	-78.778404
365.650000	-78.778709
365.675000	-78.779013
365.700000	-78.779318
365.725000	-78.779622
365.750000	-78.779926
365.775000	-78.780231
365.800000	-78.780535
365.825000	-78.780839
365.850000	-78.781144
365.875000	-78.781448
365.900000	-78.781752
365.925000	-78.782056
365.950000	-78.782360
365.975000	-78.782664
366.000000	-78.782968
366.025000	-78.783272
366.050000	-78.783576
366.075000	-78.783880
366.100000	-78.784184
366.125000	-78.784488
366.150000	-78.784792
366.175000	-78.785096
366.200000	-78.785400
366.225000	-78.785704
366.250000	-78.786007
366.275000	-78.786311
366.300000	-78.786615
366.325000	-78.786919
366.350000	-78.787222
366.375000	-78.787526
366.400000	-78.787829
366.425000	-78.788133
366.450000	-78.788437
366.475000	-78.788740
366.500000	-78.789043
366.525000	-78.789347
366.550000	-78.789650
366.575000	-78.789954
366.600000	-78.790257
366.625000	-78.790560
366.650000	-78.790864
366.675000	-78.791167
366.700000	-78.791470
366.725000	-78.791773
366.750000	-78.792076
366.775000	-78.792380
366.800000	-78.792683
366.825000	-78.792986
366.850000	-78.793289
366.875000	-78.793592
366.900000	-78.793895
366.925000	-78.794198
366.950000	-78.794501
366.975000	-78.794803
367.000000	-78.795106
367.025000	-78.795409
367.050000	-78.795712
367.075000	-78.796015
367.100000	-78.796317
367.125000	-78.796620
367.150000	-78.796923
367.175000	-78.797225
367.200000	-78.797528
367.225000	-78.797831
367.250000	-78.798133
367.275000	-78.798436
367.300000	-78.798738
367.325000	-78.799041
367.350000	-78.799343
367.375000	-78.799646
367.400000	-78.799948
367.425000	-78.800250
367.450000	-78.800553
367.475000	-78.800855
367.500000	-78.801157
367.525000	-78.801459
367.550000	-78.801762
367.575000	-78.802064
367.600000	-78.802366
367.625000	-78.802668
367.650000	-78.802970
367.675000	-78.803272
367.700000	-78.803574
367.725000	-78.803876
367.750000	-78.804178
367.775000	-78.804480
367.800000	-78.804782
367.825000	-78.805084
367.850000	-78.805385
367.875000	-78.805687
367.900000	-78.805989
367.925000	-78.806291
367.950000	-78.806592
367.975000	-78.806894
368.000000	-78.807196
368.025000	-78.807497
368.050000	-78.807799
368.075000	-78.808101
368.100000	-78.808402
368.125000	-78.808704
368.150000	-78.809005
368.175000	-78.809306
368.200000	-78.809608
368.225000	-78.809909
368.250000	-78.810211
368.275000	-78.810512
368.300000	-78.810813
368.325000	-78.811114
368.350000	-78.811416
368.375000	-78.811717
368.400000	-78.812018
368.425000	-78.812319
368.450000	-78.812620
368.475000	-78.812921
368.500000	-78.813222
368.525000	-78.813523
368.550000	-78.813824
368.575000	-78.814125
368.600000	-78.814426
368.625000	-78.814727
368.650000	-78.815028
368.675000	-78.815329
368.700000	-78.815630
368.725000	-78.815930
368.750000	-78.816231
368.775000	-78.816532
368.800000	-78.816833
368.825000	-78.817133
368.850000	-78.817434
368.875000	-78.817735
368.900000	-78.818035
368.925000	-78.818336
368.950000	-78.818636
368.975000	-78.818937
369.000000	-78.819237
369.025000	-78.819537
369.050000	-78.819838
369.075000	-78.820138
369.100000	-78.820438
369.125000	-78.820739
369.150000	-78.821039
369.175000	-78.821339
369.200000	-78.821639
369.225000	-78.821940
369.250000	-78.822240
369.275000	-78.822540
369.300000	-78.822840
369.325000	-78.823140
369.350000	-78.823440
369.375000	-78.823740
369.400000	-78.824040
369.425000	-78.824340
369.450000	-78.824640
369.475000	-78.824940
369.500000	-78.825240
369.525000	-78.825539
369.550000	-78.825839
369.575000	-78.826139
369.600000	-78.826439
369.625000	-78.826738
369.650000	-78.827038
369.675000	-78.827338
369.700000	-78.827637
369.725000	-78.827937
369.750000	-78.828236
369.775000	-78.828536
369.800000	-78.828835
369.825000	-78.829135
369.850000	-78.829434
369.875000	-78.829734
369.900000	-78.830033
369.925000	-78.830332
369.950000	-78.830632
369.975000	-78.830931
370.000000	-78.831230
370.025000	-78.831529
370.050000	-78.831829
370.075000	-78.832128
370.100000	-78.832427
370.125000	-78.832726
370.150000	-78.833025
370.175000	-78.833324
370.200000	-78.833623
370.225000	-78.833922
370.250000	-78.834221
370.275000	-78.834520
370.300000	-78.834819
370.325000	-78.835118
370.350000	-78.835416
370.375000	-78.835715
370.400000	-78.836014
370.425000	-78.836313
370.450000	-78.836611
370.475000	-78.836910
370.500000	-78.837209
370.525000	-78.837507
370.550000	-78.837806
370.575000	-78.838105
370.600000	-78.838403
370.625000	-78.838702
370.650000	-78.839000
370.675000	-78.839298
370.700000	-78.839597
370.725000	-78.839895
370.750000	-78.840194
370.775000	-78.840492
370.800000	-78.840790
370.825000	-78.841088
370.850000	-78.841387
370.875000	-78.841685
370.900000	-78.841983
370.925000	-78.842281
370.950000	-78.842579
370.975000	-78.842877
371.000000	-78.843175
371.025000	-78.843473
371.050000	-78.843771
371.075000	-78.844069
371.100000	-78.844367
371.125000	-78.844665
371.150000	-78.844963
371.175000	-78.845261
371.200000	-78.845559
371.225000	-78.845857
371.250000	-78.846154
371.275000	-78.846452
371.300000	-78.846750
371.325000	-78.847047
371.350000	-78.847345
371.375000	-78.847643
371.400000	-78.847940
371.425000	-78.848238
371.450000	-78.848535
371.475000	-78.848833
371.500000	-78.849130
371.525000	-78.849428
371.550000	-78.849725
371.575000	-78.850022
371.600000	-78.850320
371.625000	-78.850617
371.650000	-78.850914
371.675000	-78.851212
371.700000	-78.851509
371.725000	-78.851806
371.750000	-78.852103
371.775000	-78.852400
371.800000	-78.852697
371.825000	-78.852994
371.850000	-78.853292
371.875000	-78.853589
371.900000	-78.853885
371.925000	-78.854182
371.950000	-78.854479
371.975000	-78.854776
372.000000	-78.855073
372.025000	-78.855370
372.050000	-78.855667
372.075000	-78.855964
372.100000	-78.856260
372.125000	-78.856557
372.150000	-78.856854
372.175000	-78.857150
372.200000	-78.857447
372.225000	-78.857744
372.250000	-78.858040
372.275000	-78.858337
372.300000	-78.858633
372.325000	-78.858930
372.350000	-78.859226
372.375000	-78.859522
372.400000	-78.859819
372.425000	-78.860115
372.450000	-78.860412
372.475000	-78.860708
372.500000	-78.861004
372.525000	-78.861300
372.550000	-78.861597
372.575000	-78.861893
372.600000	-78.862189
372.625000	-78.862485
372.650000	-78.862781
372.675000	-78.863077
372.700000	-78.863373
372.725000	-78.863669
372.750000	-78.863965
372.775000	-78.864261
372.800000	-78.864557
372.825000	-78.864853
372.850000	-78.865149
372.875000	-78.865445
372.900000	-78.865740
372.925000	-78.866036
372.950000	-78.866332
372.975000	-78.866628
373.000000	-78.866923
373.025000	-78.867219
373.050000	-78.867515
373.075000	-78.867810
373.100000	-78.868106
373.125000	-78.868401
373.150000	-78.868697
373.175000	-78.868992
373.200000	-78.869288
373.225000	-78.869583
373.250000	-78.869878
373.275000	-78.870174
373.300000	-78.870469
373.325000	-78.870764
373.350000	-78.871060
373.375000	-78.871355
373.400000	-78.871650
373.425000	-78.871945
373.450000	-78.872240
373.475000	-78.872536
373.500000	-78.872831
373.525000	-78.873126
373.550000	-78.873421
373.575000	-78.873716
373.600000	-78.874011
373.625000	-78.874306
373.650000	-78.874601
373.675000	-78.874895
373.700000	-78.875190
373.725000	-78.875485
373.750000	-78.875780
373.775000	-78.876075
373.800000	-78.876369
373.825000	-78.876664
373.850000	-78.876959
373.875000	-78.877253
373.900000	-78.877548
373.925000	-78.877843
373.950000	-78.878137
373.975000	-78.878432
374.000000	-78.878726
374.025000	-78.879021
374.050000	-78.879315
374.075000	-78.879610
374.100000	-78.879904
374.125000	-78.880198
374.150000	-78.880493
374.175000	-78.880787
374.200000	-78.881081
374.225000	-78.881375
374.250000	-78.881670
374.275000	-78.881964
374.300000	-78.882258
374.325000	-78.882552
374.350000	-78.882846
374.375000	-78.883140
374.400000	-78.883434
374.425000	-78.883728
374.450000	-78.884022
374.475000	-78.884316
374.500000	-78.884610
374.525000	-78.884904
374.550000	-78.885198
374.575000	-78.885492
374.600000	-78.885785
374.625000	-78.886079
374.650000	-78.886373
374.675000	-78.886667
374.700000	-78.886960
374.725000	-78.887254
374.750000	-78.887547
374.775000	-78.887841
374.800000	-78.888135
374.825000	-78.888428
374.850000	-78.888722
374.875000	-78.889015
374.900000	-78.889309
374.925000	-78.889602
374.950000	-78.889895
374.975000	-78.890189
375.000000	-78.890482
375.025000	-78.890775
375.050000	-78.891069
375.075000	-78.891362
375.100000	-78.891655
375.125000	-78.891948
375.150000	-78.892241
375.175000	-78.892534
375.200000	-78.892828
375.225000	-78.893121
375.250000	-78.893414
375.275000	-78.893707
375.300000	-78.894000
375.325000	-78.894293
375.350000	-78.894585
375.375000	-78.894878
375.400000	-78.895171
375.425000	-78.895464
375.450000	-78.895757
375.475000	-78.896050
375.500000	-78.896342
375.525000	-78.896635
375.550000	-78.896928
375.575000	-78.897220
375.600000	-78.897513
375.625000	-78.897806
375.650000	-78.898098
375.675000	-78.898391
375.700000	-78.898683
375.725000	-78.898976
375.750000	-78.899268
375.775000	-78.899561
375.800000	-78.899853
375.825000	-78.900145
375.850000	-78.900438
375.875000	-78.900730
375.900000	-78.901022
375.925000	-78.901314
375.950000	-78.901607
375.975000	-78.901899
376.000000	-78.902191
376.025000	-78.902483
376.050000	-78.902775
376.075000	-78.903067
376.100000	-78.903359
376.125000	-78.903651
376.150000	-78.903943
376.175000	-78.904235
376.200000	-78.904527
376.225000	-78.904819
376.250000	-78.905111
376.275000	-78.905403
376.300000	-78.905695
376.325000	-78.905986
376.350000	-78.906278
376.375000	-78.906570
376.400000	-78.906861
376.425000	-78.907153
376.450000	-78.907445
376.475000	-78.907736
376.500000	-78.908028
376.525000	-78.908319
376.550000	-78.908611
376.575000	-78.908902
376.600000	-78.909194
376.625000	-78.909485
376.650000	-78.909777
376.675000	-78.910068
376.700000	-78.910359
376.725000	-78.910651
376.750000	-78.910942
376.775000	-78.911233
376.800000	-78.911524
376.825000	-78.911816
376.850000	-78.912107
376.875000	-78.912398
376.900000	-78.912689
376.925000	-78.912980
376.950000	-78.913271
376.975000	-78.913562
377.000000	-78.913853
377.025000	-78.914144
377.050000	-78.914435
377.075000	-78.914726
377.100000	-78.915017
377.125000	-78.915308
377.150000	-78.915599
377.175000	-78.915889
377.200000	-78.916180
377.225000	-78.916471
377.250000	-78.916762
377.275000	-78.917052
377.300000	-78.917343
377.325000	-78.917633
377.350000	-78.917924
377.375000	-78.918215
377.400000	-78.918505
377.425000	-78.918796
377.450000	-78.919086
377.475000	-78.919376
377.500000	-78.919667
377.525000	-78.919957
377.550000	-78.920248
377.575000	-78.920538
377.600000	-78.920828
377.625000	-78.921118
377.650000	-78.921409
377.675000	-78.921699
377.700000	-78.921989
377.725000	-78.922279
377.750000	-78.922569
377.775000	-78.922859
377.800000	-78.923150
377.825000	-78.923440
377.850000	-78.923730
377.875000	-78.924020
377.900000	-78.924309
377.925000	-78.924599
377.950000	-78.924889
377.975000	-78.925179
378.000000	-78.925469
378.025000	-78.925759
378.050000	-78.926049
378.075000	-78.926338
378.100000	-78.926628
378.125000	-78.926918
378.150000	-78.927207
378.175000	-78.927497
378.200000	-78.927787
378.225000	-78.928076
378.250000	-78.928366
378.275000	-78.928655
378.300000	-78.928945
378.325000	-78.929234
378.350000	-78.929524
378.375000	-78.929813
378.400000	-78.930102
378.425000	-78.930392
378.450000	-78.930681
378.475000	-78.930970
378.500000	-78.931259
378.525000	-78.931549
378.550000	-78.931838
378.575000	-78.932127
378.600000	-78.932416
378.625000	-78.932705
378.650000	-78.932994
378.675000	-78.933283
378.700000	-78.933572
378.725000	-78.933861
378.750000	-78.934150
378.775000	-78.934439
378.800000	-78.934728
378.825000	-78.935017
378.850000	-78.935306
378.875000	-78.935595
378.900000	-78.935884
378.925000	-78.936172
378.950000	-78.936461
378.975000	-78.936750
379.000000	-78.937038
379.025000	-78.937327
379.050000	-78.937616
379.075000	-78.937904
379.100000	-78.938193
379.125000	-78.938481
379.150000	-78.938770
379.175000	-78.939058
379.200000	-78.939347
379.225000	-78.939635
379.250000	-78.939924
379.275000	-78.940212
379.300000	-78.940500
379.325000	-78.940789
379.350000	-78.941077
379.375000	-78.941365
379.400000	-78.941653
379.425000	-78.941941
379.450000	-78.942230
379.475000	-78.942518
379.500000	-78.942806
379.525000	-78.943094
379.550000	-78.943382
379.575000	-78.943670
379.600000	-78.943958
379.625000	-78.944246
379.650000	-78.944534
379.675000	-78.944822
379.700000	-78.945110
379.725000	-78.945397
379.750000	-78.945685
379.775000	-78.945973
379.800000	-78.946261
379.825000	-78.946548
379.850000	-78.946836
379.875000	-78.947124
379.900000	-78.947411
379.925000	-78.947699
379.950000	-78.947987
379.975000	-78.948274
380.000000	-78.948562
380.025000	-78.948849
380.050000	-78.949137
380.075000	-78.949424
380.100000	-78.949712
380.125000	-78.949999
380.150000	-78.950286
380.175000	-78.950574
380.200000	-78.950861
380.225000	-78.951148
380.250000	-78.951435
380.275000	-78.951723
380.300000	-78.952010
380.325000	-78.952297
380.350000	-78.952584
380.375000	-78.952871
380.400000	-78.953158
380.425000	-78.953445
380.450000	-78.953732
380.475000	-78.954019
380.500000	-78.954306
380.525000	-78.954593
380.550000	-78.954880
380.575000	-78.955167
380.600000	-78.955454
380.625000	-78.955740
380.650000	-78.956027
380.675000	-78.956314
380.700000	-78.956601
380.725000	-78.956887
380.750000	-78.957174
380.775000	-78.957461
380.800000	-78.957747
380.825000	-78.958034
380.850000	-78.958320
380.875000	-78.958607
380.900000	-78.958893
380.925000	-78.959180
380.950000	-78.959466
380.975000	-78.959753
381.000000	-78.960039
381.025000	-78.960325
381.050000	-78.960612
381.075000	-78.960898
381.100000	-78.961184
381.125000	-78.961471
381.150000	-78.961757
381.175000	-78.962043
381.200000	-78.962329
381.225000	-78.962615
381.250000	-78.962901
381.275000	-78.963187
381.300000	-78.963473
381.325000	-78.963759
381.350000	-78.964045
381.375000	-78.964331
381.400000	-78.964617
381.425000	-78.964903
381.450000	-78.965189
381.475000	-78.965475
381.500000	-78.965761
381.525000	-78.966046
381.550000	-78.966332
381.575000	-78.966618
381.600000	-78.966904
381.625000	-78.967189
381.650000	-78.967475
381.675000	-78.967760
381.700000	-78.968046
381.725000	-78.968332
381.750000	-78.968617
381.775000	-78.968903
381.800000	-78.969188
381.825000	-78.969473
381.850000	-78.969759
381.875000	-78.970044
381.900000	-78.970330
381.925000	-78.970615
381.950000	-78.970900
381.975000	-78.971185
382.000000	-78.971471
382.025000	-78.971756
382.050000	-78.972041
382.075000	-78.972326
382.100000	-78.972611
382.125000	-78.972896
382.150000	-78.973182
382.175000	-78.973467
382.200000	-78.973752
382.225000	-78.974037
382.250000	-78.974322
382.275000	-78.974606
382.300000	-78.974891
382.325000	-78.975176
382.350000	-78.975461
382.375000	-78.975746
382.400000	-78.976031
382.425000	-78.976315
382.450000	-78.976600
382.475000	-78.976885
382.500000	-78.977169
382.525000	-78.977454
382.550000	-78.977739
382.575000	-78.978023
382.600000	-78.978308
382.625000	-78.978592
382.650000	-78.978877
382.675000	-78.979161
382.700000	-78.979446
382.725000	-78.979730
382.750000	-78.980015
382.775000	-78.980299
382.800000	-78.980583
382.825000	-78.980868
382.850000	-78.981152
382.875000	-78.981436
382.900000	-78.981720
382.925000	-78.982004
382.950000	-78.982289
382.975000	-78.982573
383.000000	-78.982857
383.025000	-78.983141
383.050000	-78.983425
383.075000	-78.983709
383.100000	-78.983993
383.125000	-78.984277
383.150000	-78.984561
383.175000	-78.984845
383.200000	-78.985129
383.225000	-78.985412
383.250000	-78.985696
383.275000	-78.985980
383.300000	-78.986264
383.325000	-78.986547
383.350000	-78.986831
383.375000	-78.987115
383.400000	-78.987399
383.425000	-78.987682
383.450000	-78.987966
383.475000	-78.988249
383.500000	-78.988533
383.525000	-78.988816
383.550000	-78.989100
383.575000	-78.989383
383.600000	-78.989667
383.625000	-78.989950
383.650000	-78.990233
383.675000	-78.990517
383.700000	-78.990800
383.725000	-78.991083
383.750000	-78.991367
383.775000	-78.991650
383.800000	-78.991933
383.825000	-78.992216
383.850000	-78.992499
383.875000	-78.992782
383.900000	-78.993065
383.925000	-78.993349
383.950000	-78.993632
383.975000	-78.993915
384.000000	-78.994197
384.025000	-78.994480
384.050000	-78.994763
384.075000	-78.995046
384.100000	-78.995329
384.125000	-78.995612
384.150000	-78.995895
384.175000	-78.996177
384.200000	-78.996460
384.225000	-78.996743
384.250000	-78.997026
384.275000	-78.997308
384.300000	-78.997591
384.325000	-78.997873
384.350000	-78.998156
384.375000	-78.998439
384.400000	-78.998721
384.425000	-78.999004
384.450000	-78.999286
384.475000	-78.999568
384.500000	-78.999851
384.525000	-79.000133
384.550000	-79.000416
384.575000	-79.000698
384.600000	-79.000980
384.625000	-79.001262
384.650000	-79.001545
384.675000	-79.001827
384.700000	-79.002109
384.725000	-79.002391
384.750000	-79.002673
384.775000	-79.002955
384.800000	-79.003237
384.825000	-79.003520
384.850000	-79.003802
384.875000	-79.004084
384.900000	-79.004365
384.925000	-79.004647
384.950000	-79.004929
384.975000	-79.005211
385.000000	-79.005493
385.025000	-79.005775
385.050000	-79.006057
385.075000	-79.006338
385.100000	-79.006620
385.125000	-79.006902
385.150000	-79.007183
385.175000	-79.007465
385.200000	-79.007747
385.225000	-79.008028
385.250000	-79.008310
385.275000	-79.008591
385.300000	-79.008873
385.325000	-79.009154
385.350000	-79.009436
385.375000	-79.009717
385.400000	-79.009999
385.425000	-79.010280
385.450000	-79.010561
385.475000	-79.010843
385.500000	-79.011124
385.525000	-79.011405
385.550000	-79.011686
385.575000	-79.011968
385.600000	-79.012249
385.625000	-79.012530
385.650000	-79.012811
385.675000	-79.013092
385.700000	-79.013373
385.725000	-79.013654
385.750000	-79.013935
385.775000	-79.014216
385.800000	-79.014497
385.825000	-79.014778
385.850000	-79.015059
385.875000	-79.015340
385.900000	-79.015620
385.925000	-79.015901
385.950000	-79.016182
385.975000	-79.016463
386.000000	-79.016743
386.025000	-79.017024
386.050000	-79.017305
386.075000	-79.017585
386.100000	-79.017866
386.125000	-79.018147
386.150000	-79.018427
386.175000	-79.018708
386.200000	-79.018988
386.225000	-79.019269
386.250000	-79.019549
386.275000	-79.019830
386.300000	-79.020110
386.325000	-79.020390
386.350000	-79.020671
386.375000	-79.020951
386.400000	-79.021231
386.425000	-79.021511
386.450000	-79.021792
386.475000	-79.022072
386.500000	-79.022352
386.525000	-79.022632
386.550000	-79.022912
386.575000	-79.023192
386.600000	-79.023472
386.625000	-79.023752
386.650000	-79.024032
386.675000	-79.024312
386.700000	-79.024592
386.725000	-79.024872
386.750000	-79.025152
386.775000	-79.025432
386.800000	-79.025712
386.825000	-79.025991
386.850000	-79.026271
386.875000	-79.026551
386.900000	-79.026831
386.925000	-79.027110
386.950000	-79.027390
386.975000	-79.027670
387.000000	-79.027949
387.025000	-79.028229
387.050000	-79.028508
387.075000	-79.028788
387.100000	-79.029067
387.125000	-79.029347
387.150000	-79.029626
387.175000	-79.029906
387.200000	-79.030185
387.225000	-79.030464
387.250000	-79.030744
387.275000	-79.031023
387.300000	-79.031302
387.325000	-79.031581
387.350000	-79.031861
387.375000	-79.032140
387.400000	-79.032419
387.425000	-79.032698
387.450000	-79.032977
387.475000	-79.033256
387.500000	-79.033535
387.525000	-79.033814
387.550000	-79.034093
387.575000	-79.034372
387.600000	-79.034651
387.625000	-79.034930
387.650000	-79.035209
387.675000	-79.035488
387.700000	-79.035767
387.725000	-79.036045
387.750000	-79.036324
387.775000	-79.036603
387.800000	-79.036882
387.825000	-79.037160
387.850000	-79.037439
387.875000	-79.037718
387.900000	-79.037996
387.925000	-79.038275
387.950000	-79.038553
387.975000	-79.038832
388.000000	-79.039110
388.025000	-79.039389
388.050000	-79.039667
388.075000	-79.039946
388.100000	-79.040224
388.125000	-79.040502
388.150000	-79.040781
388.175000	-79.041059
388.200000	-79.041337
388.225000	-79.041615
388.250000	-79.041894
388.275000	-79.042172
388.300000	-79.042450
388.325000	-79.042728
388.350000	-79.043006
388.375000	-79.043284
388.400000	-79.043562
388.425000	-79.043840
388.450000	-79.044118
388.475000	-79.044396
388.500000	-79.044674
388.525000	-79.044952
388.550000	-79.045230
388.575000	-79.045508
388.600000	-79.045785
388.625000	-79.046063
388.650000	-79.046341
388.675000	-79.046619
388.700000	-79.046896
388.725000	-79.047174
388.750000	-79.047452
388.775000	-79.047729
388.800000	-79.048007
388.825000	-79.048285
388.850000	-79.048562
388.875000	-79.048840
388.900000	-79.049117
388.925000	-79.049395
388.950000	-79.049672
388.975000	-79.049949
389.000000	-79.050227
389.025000	-79.050504
389.050000	-79.050781
389.075000	-79.051059
389.100000	-79.051336
389.125000	-79.051613
389.150000	-79.051890
389.175000	-79.052168
389.200000	-79.052445
389.225000	-79.052722
389.250000	-79.052999
389.275000	-79.053276
389.300000	-79.053553
389.325000	-79.053830
389.350000	-79.054107
389.375000	-79.054384
389.400000	-79.054661
389.425000	-79.054938
389.450000	-79.055215
389.475000	-79.055492
389.500000	-79.055768
389.525000	-79.056045
389.550000	-79.056322
389.575000	-79.056599
389.600000	-79.056875
389.625000	-79.057152
389.650000	-79.057429
389.675000	-79.057705
389.700000	-79.057982
389.725000	-79.058259
389.750000	-79.058535
389.775000	-79.058812
389.800000	-79.059088
389.825000	-79.059365
389.850000	-79.059641
389.875000	-79.059917
389.900000	-79.060194
389.925000	-79.060470
389.950000	-79.060747
389.975000	-79.061023
390.000000	-79.061299
390.025000	-79.061575
390.050000	-79.061852
390.075000	-79.062128
390.100000	-79.062404
390.125000	-79.062680
390.150000	-79.062956
390.175000	-79.063232
390.200000	-79.063508
390.225000	-79.063784
390.250000	-79.064060
390.275000	-79.064336
390.300000	-79.064612
390.325000	-79.064888
390.350000	-79.065164
390.375000	-79.065440
390.400000	-79.065716
390.425000	-79.065991
390.450000	-79.066267
390.475000	-79.066543
390.500000	-79.066819
390.525000	-79.067094
390.550000	-79.067370
390.575000	-79.067646
390.600000	-79.067921
390.625000	-79.068197
390.650000	-79.068472
390.675000	-79.068748
390.700000	-79.069023
390.725000	-79.069299
390.750000	-79.069574
390.775000	-79.069850
390.800000	-79.070125
390.825000	-79.070401
390.850000	-79.070676
390.875000	-79.070951
390.900000	-79.071226
390.925000	-79.071502
390.950000	-79.071777
390.975000	-79.072052
391.000000	-79.072327
391.025000	-79.072602
391.050000	-79.072878
391.075000	-79.073153
391.100000	-79.073428
391.125000	-79.073703
391.150000	-79.073978
391.175000	-79.074253
391.200000	-79.074528
391.225000	-79.074803
391.250000	-79.075078
391.275000	-79.075352
391.300000	-79.075627
391.325000	-79.075902
391.350000	-79.076177
391.375000	-79.076452
391.400000	-79.076726
391.425000	-79.077001
391.450000	-79.077276
391.475000	-79.077550
391.500000	-79.077825
391.525000	-79.078100
391.550000	-79.078374
391.575000	-79.078649
391.600000	-79.078923
391.625000	-79.079198
391.650000	-79.079472
391.675000	-79.079747
391.700000	-79.080021
391.725000	-79.080295
391.750000	-79.080570
391.775000	-79.080844
391.800000	-79.081118
391.825000	-79.081393
391.850000	-79.081667
391.875000	-79.081941
391.900000	-79.082215
391.925000	-79.082489
391.950000	-79.082763
391.975000	-79.083038
392.000000	-79.083312
392.025000	-79.083586
392.050000	-79.083860
392.075000	-79.084134
392.100000	-79.084408
392.125000	-79.084682
392.150000	-79.084956
392.175000	-79.085229
392.200000	-79.085503
392.225000	-79.085777
392.250000	-79.086051
392.275000	-79.086325
392.300000	-79.086598
392.325000	-79.086872
392.350000	-79.087146
392.375000	-79.087419
392.400000	-79.087693
392.425000	-79.087967
392.450000	-79.088240
392.475000	-79.088514
392.500000	-79.088787
392.525000	-79.089061
392.550000	-79.089334
392.575000	-79.089608
392.600000	-79.089881
392.625000	-79.090155
392.650000	-79.090428
392.675000	-79.090701
392.700000	-79.090975
392.725000	-79.091248
392.750000	-79.091521
392.775000	-79.091794
392.800000	-79.092068
392.825000	-79.092341
392.850000	-79.092614
392.875000	-79.092887
392.900000	-79.093160
392.925000	-79.093433
392.950000	-79.093706
392.975000	-79.093979
393.000000	-79.094252
393.025000	-79.094525
393.050000	-79.094798
393.075000	-79.095071
393.100000	-79.095344
393.125000	-79.095617
393.150000	-79.095890
393.175000	-79.096162
393.200000	-79.096435
393.225000	-79.096708
393.250000	-79.096981
393.275000	-79.097253
393.300000	-79.097526
393.325000	-79.097799
393.350000	-79.098071
393.375000	-79.098344
393.400000	-79.098616
393.425000	-79.098889
393.450000	-79.099161
393.475000	-79.099434
393.500000	-79.099706
393.525000	-79.099979
393.550000	-79.100251
393.575000	-79.100523
393.600000	-79.100796
393.625000	-79.101068
393.650000	-79.101340
393.675000	-79.101612
393.700000	-79.101885
393.725000	-79.102157
393.750000	-79.102429
393.775000	-79.102701
393.800000	-79.102973
393.825000	-79.103245
393.850000	-79.103517
393.875000	-79.103789
393.900000	-79.104061
393.925000	-79.104333
393.950000	-79.104605
393.975000	-79.104877
394.000000	-79.105149
394.025000	-79.105421
394.050000	-79.105693
394.075000	-79.105965
394.100000	-79.106237
394.125000	-79.106508
394.150000	-79.106780
394.175000	-79.107052
394.200000	-79.107323
394.225000	-79.107595
394.250000	-79.107867
394.275000	-79.108138
394.300000	-79.108410
394.325000	-79.108681
394.350000	-79.108953
394.375000	-79.109224
394.400000	-79.109496
394.425000	-79.109767
394.450000	-79.110039
394.475000	-79.110310
394.500000	-79.110581
394.525000	-79.110853
394.550000	-79.111124
394.575000	-79.111395
394.600000	-79.111667
394.625000	-79.111938
394.650000	-79.112209
394.675000	-79.112480
394.700000	-79.112751
394.725000	-79.113022
394.750000	-79.113294
394.775000	-79.113565
394.800000	-79.113836
394.825000	-79.114107
394.850000	-79.114378
394.875000	-79.114649
394.900000	-79.114919
394.925000	-79.115190
394.950000	-79.115461
394.975000	-79.115732
395.000000	-79.116003
395.025000	-79.116274
395.050000	-79.116544
395.075000	-79.116815
395.100000	-79.117086
395.125000	-79.117357
395.150000	-79.117627
395.175000	-79.117898
395.200000	-79.118168
395.225000	-79.118439
395.250000	-79.118710
395.275000	-79.118980
395.300000	-79.119251
395.325000	-79.119521
395.350000	-79.119791
395.375000	-79.120062
395.400000	-79.120332
395.425000	-79.120603
395.450000	-79.120873
395.475000	-79.121143
395.500000	-79.121413
395.525000	-79.121684
395.550000	-79.121954
395.575000	-79.122224
395.600000	-79.122494
395.625000	-79.122764
395.650000	-79.123035
395.675000	-79.123305
395.700000	-79.123575
395.725000	-79.123845
395.750000	-79.124115
395.775000	-79.124385
395.800000	-79.124655
395.825000	-79.124925
395.850000	-79.125194
395.875000	-79.125464
395.900000	-79.125734
395.925000	-79.126004
395.950000	-79.126274
395.975000	-79.126544
396.000000	-79.126813
396.025000	-79.127083
396.050000	-79.127353
396.075000	-79.127622
396.100000	-79.127892
396.125000	-79.128162
396.150000	-79.128431
396.175000	-79.128701
396.200000	-79.128970
396.225000	-79.129240
396.250000	-79.129509
396.275000	-79.129779
396.300000	-79.130048
396.325000	-79.130317
396.350000	-79.130587
396.375000	-79.130856
396.400000	-79.131125
396.425000	-79.131395
396.450000	-79.131664
396.475000	-79.131933
396.500000	-79.132202
396.525000	-79.132472
396.550000	-79.132741
396.575000	-79.133010
396.600000	-79.133279
396.625000	-79.133548
396.650000	-79.133817
396.675000	-79.134086
396.700000	-79.134355
396.725000	-79.134624
396.750000	-79.134893
396.775000	-79.135162
396.800000	-79.135431
396.825000	-79.135699
396.850000	-79.135968
396.875000	-79.136237
396.900000	-79.136506
396.925000	-79.136775
396.950000	-79.137043
396.975000	-79.137312
397.000000	-79.137581
397.025000	-79.137849
397.050000	-79.138118
397.075000	-79.138387
397.100000	-79.138655
397.125000	-79.138924
397.150000	-79.139192
397.175000	-79.139461
397.200000	-79.139729
397.225000	-79.139997
397.250000	-79.140266
397.275000	-79.140534
397.300000	-79.140803
397.325000	-79.141071
397.350000	-79.141339
397.375000	-79.141607
397.400000	-79.141876
397.425000	-79.142144
397.450000	-79.142412
397.475000	-79.142680
397.500000	-79.142948
397.525000	-79.143216
397.550000	-79.143484
397.575000	-79.143753
397.600000	-79.144021
397.625000	-79.144289
397.650000	-79.144557
397.675000	-79.144824
397.700000	-79.145092
397.725000	-79.145360
397.750000	-79.145628
397.775000	-79.145896
397.800000	-79.146164
397.825000	-79.146432
397.850000	-79.146699
397.875000	-79.146967
397.900000	-79.147235
397.925000	-79.147502
397.950000	-79.147770
397.975000	-79.148038
398.000000	-79.148305
398.025000	-79.148573
398.050000	-79.148840
398.075000	-79.149108
398.100000	-79.149375
398.125000	-79.149643
398.150000	-79.149910
398.175000	-79.150178
398.200000	-79.150445
398.225000	-79.150712
398.250000	-79.150980
398.275000	-79.151247
398.300000	-79.151514
398.325000	-79.151782
398.350000	-79.152049
398.375000	-79.152316
398.400000	-79.152583
398.425000	-79.152850
398.450000	-79.153117
398.475000	-79.153384
398.500000	-79.153651
398.525000	-79.153919
398.550000	-79.154186
398.575000	-79.154453
398.600000	-79.154719
398.625000	-79.154986
398.650000	-79.155253
398.675000	-79.155520
398.700000	-79.155787
398.725000	-79.156054
398.750000	-79.156321
398.775000	-79.156587
398.800000	-79.156854
398.825000	-79.157121
398.850000	-79.157388
398.875000	-79.157654
398.900000	-79.157921
398.925000	-79.158187
398.950000	-79.158454
398.975000	-79.158721
399.000000	-79.158987
399.025000	-79.159254
399.050000	-79.159520
399.075000	-79.159787
399.100000	-79.160053
399.125000	-79.160319
399.150000	-79.160586
399.175000	-79.160852
399.200000	-79.161118
399.225000	-79.161385
399.250000	-79.161651
399.275000	-79.161917
399.300000	-79.162183
399.325000	-79.162450
399.350000	-79.162716
399.375000	-79.162982
399.400000	-79.163248
399.425000	-79.163514
399.450000	-79.163780
399.475000	-79.164046
399.500000	-79.164312
399.525000	-79.164578
399.550000	-79.164844
399.575000	-79.165110
399.600000	-79.165376
399.625000	-79.165642
399.650000	-79.165908
399.675000	-79.166173
399.700000	-79.166439
399.725000	-79.166705
399.750000	-79.166971
399.775000	-79.167236
399.800000	-79.167502
399.825000	-79.167768
399.850000	-79.168033
399.875000	-79.168299
399.900000	-79.168564
399.925000	-79.168830
399.950000	-79.169096
399.975000	-79.169361
400.000000	-79.169626
400.025000	-79.169892
400.050000	-79.170157
400.075000	-79.170423
400.100000	-79.170688
400.125000	-79.170953
400.150000	-79.171219
400.175000	-79.171484
400.200000	-79.171749
400.225000	-79.172014
400.250000	-79.172280
400.275000	-79.172545
400.300000	-79.172810
400.325000	-79.173075
400.350000	-79.173340
400.375000	-79.173605
400.400000	-79.173870
400.425000	-79.174135
400.450000	-79.174400
400.475000	-79.174665
400.500000	-79.174930
400.525000	-79.175195
400.550000	-79.175460
400.575000	-79.175725
400.600000	-79.175990
400.625000	-79.176255
400.650000	-79.176519
400.675000	-79.176784
400.700000	-79.177049
400.725000	-79.177314
400.750000	-79.177578
400.775000	-79.177843
400.800000	-79.178107
400.825000	-79.178372
400.850000	-79.178637
400.875000	-79.178901
400.900000	-79.179166
400.925000	-79.179430
400.950000	-79.179695
400.975000	-79.179959
401.000000	-79.180224
401.025000	-79.180488
401.050000	-79.180752
401.075000	-79.181017
401.100000	-79.181281
401.125000	-79.181545
401.150000	-79.181809
401.175000	-79.182074
401.200000	-79.182338
401.225000	-79.182602
401.250000	-79.182866
401.275000	-79.183130
401.300000	-79.183394
401.325000	-79.183658
401.350000	-79.183923
401.375000	-79.184187
401.400000	-79.184451
401.425000	-79.184714
401.450000	-79.184978
401.475000	-79.185242
401.500000	-79.185506
401.525000	-79.185770
401.550000	-79.186034
401.575000	-79.186298
401.600000	-79.186561
401.625000	-79.186825
401.650000	-79.187089
401.675000	-79.187353
401.700000	-79.187616
401.725000	-79.187880
401.750000	-79.188144
401.775000	-79.188407
401.800000	-79.188671
401.825000	-79.188934
401.850000	-79.189198
401.875000	-79.189461
401.900000	-79.189725
401.925000	-79.189988
401.950000	-79.190252
401.975000	-79.190515
402.000000	-79.190778
402.025000	-79.191042
402.050000	-79.191305
402.075000	-79.191568
402.100000	-79.191832
402.125000	-79.192095
402.150000	-79.192358
402.175000	-79.192621
402.200000	-79.192884
402.225000	-79.193147
402.250000	-79.193411
402.275000	-79.193674
402.300000	-79.193937
402.325000	-79.194200
402.350000	-79.194463
402.375000	-79.194726
402.400000	-79.194989
402.425000	-79.195251
402.450000	-79.195514
402.475000	-79.195777
402.500000	-79.196040
402.525000	-79.196303
402.550000	-79.196566
402.575000	-79.196828
402.600000	-79.197091
402.625000	-79.197354
402.650000	-79.197617
402.675000	-79.197879
402.700000	-79.198142
402.725000	-79.198404
402.750000	-79.198667
402.775000	-79.198930
402.800000	-79.199192
402.825000	-79.199455
402.850000	-79.199717
402.875000	-79.199979
402.900000	-79.200242
402.925000	-79.200504
402.950000	-79.200767
402.975000	-79.201029
403.000000	-79.201291
403.025000	-79.201554
403.050000	-79.201816
403.075000	-79.202078
403.100000	-79.202340
403.125000	-79.202602
403.150000	-79.202865
403.175000	-79.203127
403.200000	-79.203389
403.225000	-79.203651
403.250000	-79.203913
403.275000	-79.204175
403.300000	-79.204437
403.325000	-79.204699
403.350000	-79.204961
403.375000	-79.205223
403.400000	-79.205485
403.425000	-79.205747
403.450000	-79.206008
403.475000	-79.206270
403.500000	-79.206532
403.525000	-79.206794
403.550000	-79.207056
403.575000	-79.207317
403.600000	-79.207579
403.625000	-79.207841
403.650000	-79.208102
403.675000	-79.208364
403.700000	-79.208625
403.725000	-79.208887
403.750000	-79.209148
403.775000	-79.209410
403.800000	-79.209671
403.825000	-79.209933
403.850000	-79.210194
403.875000	-79.210456
403.900000	-79.210717
403.925000	-79.210978
403.950000	-79.211240
403.975000	-79.211501
404.000000	-79.211762
404.025000	-79.212024
404.050000	-79.212285
404.075000	-79.212546
404.100000	-79.212807
404.125000	-79.213068
404.150000	-79.213329
404.175000	-79.213591
404.200000	-79.213852
404.225000	-79.214113
404.250000	-79.214374
404.275000	-79.214635
404.300000	-79.214896
404.325000	-79.215156
404.350000	-79.215417
404.375000	-79.215678
404.400000	-79.215939
404.425000	-79.216200
404.450000	-79.216461
404.475000	-79.216722
404.500000	-79.216982
404.525000	-79.217243
404.550000	-79.217504
404.575000	-79.217764
404.600000	-79.218025
404.625000	-79.218286
404.650000	-79.218546
404.675000	-79.218807
404.700000	-79.219067
404.725000	-79.219328
404.750000	-79.219588
404.775000	-79.219849
404.800000	-79.220109
404.825000	-79.220370
404.850000	-79.220630
404.875000	-79.220890
404.900000	-79.221151
404.925000	-79.221411
404.950000	-79.221671
404.975000	-79.221932
405.000000	-79.222192
405.025000	-79.222452
405.050000	-79.222712
405.075000	-79.222972
405.100000	-79.223232
405.125000	-79.223493
405.150000	-79.223753
405.175000	-79.224013
405.200000	-79.224273
405.225000	-79.224533
405.250000	-79.224793
405.275000	-79.225053
405.300000	-79.225313
405.325000	-79.225572
405.350000	-79.225832
405.375000	-79.226092
405.400000	-79.226352
405.425000	-79.226612
405.450000	-79.226871
405.475000	-79.227131
405.500000	-79.227391
405.525000	-79.227651
405.550000	-79.227910
405.575000	-79.228170
405.600000	-79.228430
405.625000	-79.228689
405.650000	-79.228949
405.675000	-79.229208
405.700000	-79.229468
405.725000	-79.229727
405.750000	-79.229987
405.775000	-79.230246
405.800000	-79.230505
405.825000	-79.230765
405.850000	-79.231024
405.875000	-79.231284
405.900000	-79.231543
405.925000	-79.231802
405.950000	-79.232061
405.975000	-79.232321
406.000000	-79.232580
406.025000	-79.232839
406.050000	-79.233098
406.075000	-79.233357
406.100000	-79.233616
406.125000	-79.233875
406.150000	-79.234134
406.175000	-79.234393
406.200000	-79.234652
406.225000	-79.234911
406.250000	-79.235170
406.275000	-79.235429
406.300000	-79.235688
406.325000	-79.235947
406.350000	-79.236206
406.375000	-79.236465
406.400000	-79.236723
406.425000	-79.236982
406.450000	-79.237241
406.475000	-79.237500
406.500000	-79.237758
406.525000	-79.238017
406.550000	-79.238275
406.575000	-79.238534
406.600000	-79.238793
406.625000	-79.239051
406.650000	-79.239310
406.675000	-79.239568
406.700000	-79.239827
406.725000	-79.240085
406.750000	-79.240344
406.775000	-79.240602
406.800000	-79.240860
406.825000	-79.241119
406.850000	-79.241377
406.875000	-79.241635
406.900000	-79.241894
406.925000	-79.242152
406.950000	-79.242410
406.975000	-79.242668
407.000000	-79.242926
407.025000	-79.243185
407.050000	-79.243443
407.075000	-79.243701
407.100000	-79.243959
407.125000	-79.244217
407.150000	-79.244475
407.175000	-79.244733
407.200000	-79.244991
407.225000	-79.245249
407.250000	-79.245507
407.275000	-79.245764
407.300000	-79.246022
407.325000	-79.246280
407.350000	-79.246538
407.375000	-79.246796
407.400000	-79.247054
407.425000	-79.247311
407.450000	-79.247569
407.475000	-79.247827
407.500000	-79.248084
407.525000	-79.248342
407.550000	-79.248599
407.575000	-79.248857
407.600000	-79.249115
407.625000	-79.249372
407.650000	-79.249630
407.675000	-79.249887
407.700000	-79.250145
407.725000	-79.250402
407.750000	-79.250659
407.775000	-79.250917
407.800000	-79.251174
407.825000	-79.251431
407.850000	-79.251689
407.875000	-79.251946
407.900000	-79.252203
407.925000	-79.252460
407.950000	-79.252718
407.975000	-79.252975
408.000000	-79.253232
408.025000	-79.253489
408.050000	-79.253746
408.075000	-79.254003
408.100000	-79.254260
408.125000	-79.254517
408.150000	-79.254774
408.175000	-79.255031
408.200000	-79.255288
408.225000	-79.255545
408.250000	-79.255802
408.275000	-79.256059
408.300000	-79.256316
408.325000	-79.256572
408.350000	-79.256829
408.375000	-79.257086
408.400000	-79.257343
408.425000	-79.257599
408.450000	-79.257856
408.475000	-79.258113
408.500000	-79.258369
408.525000	-79.258626
408.550000	-79.258882
408.575000	-79.259139
408.600000	-79.259395
408.625000	-79.259652
408.650000	-79.259908
408.675000	-79.260165
408.700000	-79.260421
408.725000	-79.260678
408.750000	-79.260934
408.775000	-79.261190
408.800000	-79.261447
408.825000	-79.261703
408.850000	-79.261959
408.875000	-79.262216
408.900000	-79.262472
408.925000	-79.262728
408.950000	-79.262984
408.975000	-79.263240
409.000000	-79.263496
409.025000	-79.263752
409.050000	-79.264009
409.075000	-79.264265
409.100000	-79.264521
409.125000	-79.264777
409.150000	-79.265033
409.175000	-79.265288
409.200000	-79.265544
409.225000	-79.265800
409.250000	-79.266056
409.275000	-79.266312
409.300000	-79.266568
409.325000	-79.266824
409.350000	-79.267079
409.375000	-79.267335
409.400000	-79.267591
409.425000	-79.267846
409.450000	-79.268102
409.475000	-79.268358
409.500000	-79.268613
409.525000	-79.268869
409.550000	-79.269124
409.575000	-79.269380
409.600000	-79.269636
409.625000	-79.269891
409.650000	-79.270146
409.675000	-79.270402
409.700000	-79.270657
409.725000	-79.270913
409.750000	-79.271168
409.775000	-79.271423
409.800000	-79.271679
409.825000	-79.271934
409.850000	-79.272189
409.875000	-79.272444
409.900000	-79.272700
409.925000	-79.272955
409.950000	-79.273210
409.975000	-79.273465
410.000000	-79.273720
410.025000	-79.273975
410.050000	-79.274230
410.075000	-79.274485
410.100000	-79.274740
410.125000	-79.274995
410.150000	-79.275250
410.175000	-79.275505
410.200000	-79.275760
410.225000	-79.276015
410.250000	-79.276270
410.275000	-79.276525
410.300000	-79.276779
410.325000	-79.277034
410.350000	-79.277289
410.375000	-79.277544
410.400000	-79.277798
410.425000	-79.278053
410.450000	-79.278308
410.475000	-79.278562
410.500000	-79.278817
410.525000	-79.279071
410.550000	-79.279326
410.575000	-79.279580
410.600000	-79.279835
410.625000	-79.280089
410.650000	-79.280344
410.675000	-79.280598
410.700000	-79.280853
410.725000	-79.281107
410.750000	-79.281361
410.775000	-79.281616
410.800000	-79.281870
410.825000	-79.282124
410.850000	-79.282378
410.875000	-79.282633
410.900000	-79.282887
410.925000	-79.283141
410.950000	-79.283395
410.975000	-79.283649
411.000000	-79.283903
411.025000	-79.284157
411.050000	-79.284411
411.075000	-79.284665
411.100000	-79.284919
411.125000	-79.285173
411.150000	-79.285427
411.175000	-79.285681
411.200000	-79.285935
411.225000	-79.286189
411.250000	-79.286443
411.275000	-79.286696
411.300000	-79.286950
411.325000	-79.287204
411.350000	-79.287458
411.375000	-79.287711
411.400000	-79.287965
411.425000	-79.288219
411.450000	-79.288472
411.475000	-79.288726
411.500000	-79.288980
411.525000	-79.289233
411.550000	-79.289487
411.575000	-79.289740
411.600000	-79.289994
411.625000	-79.290247
411.650000	-79.290500
411.675000	-79.290754
411.700000	-79.291007
411.725000	-79.291261
411.750000	-79.291514
411.775000	-79.291767
411.800000	-79.292021
411.825000	-79.292274
411.850000	-79.292527
411.875000	-79.292780
411.900000	-79.293033
411.925000	-79.293287
411.950000	-79.293540
411.975000	-79.293793
412.000000	-79.294046
412.025000	-79.294299
412.050000	-79.294552
412.075000	-79.294805
412.100000	-79.295058
412.125000	-79.295311
412.150000	-79.295564
412.175000	-79.295817
412.200000	-79.296069
412.225000	-79.296322
412.250000	-79.296575
412.275000	-79.296828
412.300000	-79.297081
412.325000	-79.297333
412.350000	-79.297586
412.375000	-79.297839
412.400000	-79.298092
412.425000	-79.298344
412.450000	-79.298597
412.475000	-79.298849
412.500000	-79.299102
412.525000	-79.299355
412.550000	-79.299607
412.575000	-79.299860
412.600000	-79.300112
412.625000	-79.300364
412.650000	-79.300617
412.675000	-79.300869
412.700000	-79.301122
412.725000	-79.301374
412.750000	-79.301626
412.775000	-79.301879
412.800000	-79.302131
412.825000	-79.302383
412.850000	-79.302635
412.875000	-79.302888
412.900000	-79.303140
412.925000	-79.303392
412.950000	-79.303644
412.975000	-79.303896
413.000000	-79.304148
413.025000	-79.304400
413.050000	-79.304652
413.075000	-79.304904
413.100000	-79.305156
413.125000	-79.305408
413.150000	-79.305660
413.175000	-79.305912
413.200000	-79.306164
413.225000	-79.306416
413.250000	-79.306667
413.275000	-79.306919
413.300000	-79.307171
413.325000	-79.307423
413.350000	-79.307674
413.375000	-79.307926
413.400000	-79.308178
413.425000	-79.308429
413.450000	-79.308681
413.475000	-79.308933
413.500000	-79.309184
413.525000	-79.309436
413.550000	-79.309687
413.575000	-79.309939
413.600000	-79.310190
413.625000	-79.310442
413.650000	-79.310693
413.675000	-79.310944
413.700000	-79.311196
413.725000	-79.311447
413.750000	-79.311698
413.775000	-79.311950
413.800000	-79.312201
413.825000	-79.312452
413.850000	-79.312703
413.875000	-79.312955
413.900000	-79.313206
413.925000	-79.313457
413.950000	-79.313708
413.975000	-79.313959
414.000000	-79.314210
414.025000	-79.314461
414.050000	-79.314712
414.075000	-79.314963
414.100000	-79.315214
414.125000	-79.315465
414.150000	-79.315716
414.175000	-79.315967
414.200000	-79.316218
414.225000	-79.316469
414.250000	-79.316720
414.275000	-79.316970
414.300000	-79.317221
414.325000	-79.317472
414.350000	-79.317723
414.375000	-79.317973
414.400000	-79.318224
414.425000	-79.318475
414.450000	-79.318725
414.475000	-79.318976
414.500000	-79.319226
414.525000	-79.319477
414.550000	-79.319727
414.575000	-79.319978
414.600000	-79.320228
414.625000	-79.320479
414.650000	-79.320729
414.675000	-79.320980
414.700000	-79.321230
414.725000	-79.321480
414.750000	-79.321731
414.775000	-79.321981
414.800000	-79.322231
414.825000	-79.322481
414.850000	-79.322732
414.875000	-79.322982
414.900000	-79.323232
414.925000	-79.323482
414.950000	-79.323732
414.975000	-79.323982
415.000000	-79.324232
415.025000	-79.324482
415.050000	-79.324732
415.075000	-79.324982
415.100000	-79.325232
415.125000	-79.325482
415.150000	-79.325732
415.175000	-79.325982
415.200000	-79.326232
415.225000	-79.326482
415.250000	-79.326732
415.275000	-79.326981
415.300000	-79.327231
415.325000	-79.327481
415.350000	-79.327731
415.375000	-79.327980
415.400000	-79.328230
415.425000	-79.328480
415.450000	-79.328729
415.475000	-79.328979
415.500000	-79.329229
415.525000	-79.329478
415.550000	-79.329728
415.575000	-79.329977
415.600000	-79.330227
415.625000	-79.330476
415.650000	-79.330725
415.675000	-79.330975
415.700000	-79.331224
415.725000	-79.331474
415.750000	-79.331723
415.775000	-79.331972
415.800000	-79.332221
415.825000	-79.332471
415.850000	-79.332720
415.875000	-79.332969
415.900000	-79.333218
415.925000	-79.333467
415.950000	-79.333717
415.975000	-79.333966
416.000000	-79.334215
416.025000	-79.334464
416.050000	-79.334713
416.075000	-79.334962
416.100000	-79.335211
416.125000	-79.335460
416.150000	-79.335709
416.175000	-79.335958
416.200000	-79.336206
416.225000	-79.336455
416.250000	-79.336704
416.275000	-79.336953
416.300000	-79.337202
416.325000	-79.337450
416.350000	-79.337699
416.375000	-79.337948
416.400000	-79.338197
416.425000	-79.338445
416.450000	-79.338694
416.475000	-79.338942
416.500000	-79.339191
416.525000	-79.339440
416.550000	-79.339688
416.575000	-79.339937
416.600000	-79.340185
416.625000	-79.340434
416.650000	-79.340682
416.675000	-79.340930
416.700000	-79.341179
416.725000	-79.341427
416.750000	-79.341675
416.775000	-79.341924
416.800000	-79.342172
416.825000	-79.342420
416.850000	-79.342669
416.875000	-79.342917
416.900000	-79.343165
416.925000	-79.343413
416.950000	-79.343661
416.975000	-79.343909
417.000000	-79.344157
417.025000	-79.344405
417.050000	-79.344653
417.075000	-79.344902
417.100000	-79.345149
417.125000	-79.345397
417.150000	-79.345645
417.175000	-79.345893
417.200000	-79.346141
417.225000	-79.346389
417.250000	-79.346637
417.275000	-79.346885
417.300000	-79.347132
417.325000	-79.347380
417.350000	-79.347628
417.375000	-79.347876
417.400000	-79.348123
417.425000	-79.348371
417.450000	-79.348619
417.475000	-79.348866
417.500000	-79.349114
417.525000	-79.349361
417.550000	-79.349609
417.575000	-79.349857
417.600000	-79.350104
417.625000	-79.350351
417.650000	-79.350599
417.675000	-79.350846
417.700000	-79.351094
417.725000	-79.351341
417.750000	-79.351588
417.775000	-79.351836
417.800000	-79.352083
417.825000	-79.352330
417.850000	-79.352578
417.875000	-79.352825
417.900000	-79.353072
417.925000	-79.353319
417.950000	-79.353566
417.975000	-79.353813
418.000000	-79.354061
418.025000	-79.354308
418.050000	-79.354555
418.075000	-79.354802
418.100000	-79.355049
418.125000	-79.355296
418.150000	-79.355543
418.175000	-79.355790
418.200000	-79.356036
418.225000	-79.356283
418.250000	-79.356530
418.275000	-79.356777
418.300000	-79.357024
418.325000	-79.357271
418.350000	-79.357517
418.375000	-79.357764
418.400000	-79.358011
418.425000	-79.358257
418.450000	-79.358504
418.475000	-79.358751
418.500000	-79.358997
418.525000	-79.359244
418.550000	-79.359491
418.575000	-79.359737
418.600000	-79.359984
418.625000	-79.360230
418.650000	-79.360477
418.675000	-79.360723
418.700000	-79.360969
418.725000	-79.361216
418.750000	-79.361462
418.775000	-79.361708
418.800000	-79.361955
418.825000	-79.362201
418.850000	-79.362447
418.875000	-79.362694
418.900000	-79.362940
418.925000	-79.363186
418.950000	-79.363432
418.975000	-79.363678
419.000000	-79.363924
419.025000	-79.364170
419.050000	-79.364417
419.075000	-79.364663
419.100000	-79.364909
419.125000	-79.365155
419.150000	-79.365401
419.175000	-79.365647
419.200000	-79.365892
419.225000	-79.366138
419.250000	-79.366384
419.275000	-79.366630
419.300000	-79.366876
419.325000	-79.367122
419.350000	-79.367367
419.375000	-79.367613
419.400000	-79.367859
419.425000	-79.368105
419.450000	-79.368350
419.475000	-79.368596
419.500000	-79.368842
419.525000	-79.369087
419.550000	-79.369333
419.575000	-79.369578
419.600000	-79.369824
419.625000	-79.370069
419.650000	-79.370315
419.675000	-79.370560
419.700000	-79.370806
419.725000	-79.371051
419.750000	-79.371297
419.775000	-79.371542
419.800000	-79.371787
419.825000	-79.372033
419.850000	-79.372278
419.875000	-79.372523
419.900000	-79.372768
419.925000	-79.373014
419.950000	-79.373259
419.975000	-79.373504
420.000000	-79.373749
420.025000	-79.373994
420.050000	-79.374239
420.075000	-79.374484
420.100000	-79.374729
420.125000	-79.374974
420.150000	-79.375219
420.175000	-79.375464
420.200000	-79.375709
420.225000	-79.375954
420.250000	-79.376199
420.275000	-79.376444
420.300000	-79.376689
420.325000	-79.376934
420.350000	-79.377178
420.375000	-79.377423
420.400000	-79.377668
420.425000	-79.377913
420.450000	-79.378157
420.475000	-79.378402
420.500000	-79.378647
420.525000	-79.378891
420.550000	-79.379136
420.575000	-79.379381
420.600000	-79.379625
420.625000	-79.379870
420.650000	-79.380114
420.675000	-79.380359
420.700000	-79.380603
420.725000	-79.380848
420.750000	-79.381092
420.775000	-79.381336
420.800000	-79.381581
420.825000	-79.381825
420.850000	-79.382069
420.875000	-79.382314
420.900000	-79.382558
420.925000	-79.382802
420.950000	-79.383046
420.975000	-79.383291
421.000000	-79.383535
421.025000	-79.383779
421.050000	-79.384023
421.075000	-79.384267
421.100000	-79.384511
421.125000	-79.384755
421.150000	-79.384999
421.175000	-79.385243
421.200000	-79.385487
421.225000	-79.385731
421.250000	-79.385975
421.275000	-79.386219
421.300000	-79.386463
421.325000	-79.386707
421.350000	-79.386950
421.375000	-79.387194
421.400000	-79.387438
421.425000	-79.387682
421.450000	-79.387926
421.475000	-79.388169
421.500000	-79.388413
421.525000	-79.388657
421.550000	-79.388900
421.575000	-79.389144
421.600000	-79.389387
421.625000	-79.389631
421.650000	-79.389874
421.675000	-79.390118
421.700000	-79.390361
421.725000	-79.390605
421.750000	-79.390848
421.775000	-79.391092
421.800000	-79.391335
421.825000	-79.391579
421.850000	-79.391822
421.875000	-79.392065
421.900000	-79.392308
421.925000	-79.392552
421.950000	-79.392795
421.975000	-79.393038
422.000000	-79.393281
422.025000	-79.393525
422.050000	-79.393768
422.075000	-79.394011
422.100000	-79.394254
422.125000	-79.394497
422.150000	-79.394740
422.175000	-79.394983
422.200000	-79.395226
422.225000	-79.395469
422.250000	-79.395712
422.275000	-79.395955
422.300000	-79.396198
422.325000	-79.396441
422.350000	-79.396684
422.375000	-79.396926
422.400000	-79.397169
422.425000	-79.397412
422.450000	-79.397655
422.475000	-79.397898
422.500000	-79.398140
422.525000	-79.398383
422.550000	-79.398626
422.575000	-79.398868
422.600000	-79.399111
422.625000	-79.399353
422.650000	-79.399596
422.675000	-79.399839
422.700000	-79.400081
422.725000	-79.400324
422.750000	-79.400566
422.775000	-79.400809
422.800000	-79.401051
422.825000	-79.401293
422.850000	-79.401536
422.875000	-79.401778
422.900000	-79.402020
422.925000	-79.402263
422.950000	-79.402505
422.975000	-79.402747
423.000000	-79.402989
423.025000	-79.403232
423.050000	-79.403474
423.075000	-79.403716
423.100000	-79.403958
423.125000	-79.404200
423.150000	-79.404442
423.175000	-79.404684
423.200000	-79.404926
423.225000	-79.405168
423.250000	-79.405410
423.275000	-79.405652
423.300000	-79.405894
423.325000	-79.406136
423.350000	-79.406378
423.375000	-79.406620
423.400000	-79.406862
423.425000	-79.407104
423.450000	-79.407346
423.475000	-79.407587
423.500000	-79.407829
423.525000	-79.408071
423.550000	-79.408312
423.575000	-79.408554
423.600000	-79.408796
423.625000	-79.409037
423.650000	-79.409279
423.675000	-79.409521
423.700000	-79.409762
423.725000	-79.410004
423.750000	-79.410245
423.775000	-79.410487
423.800000	-79.410728
423.825000	-79.410970
423.850000	-79.411211
423.875000	-79.411452
423.900000	-79.411694
423.925000	-79.411935
423.950000	-79.412176
423.975000	-79.412418
424.000000	-79.412659
424.025000	-79.412900
424.050000	-79.413141
424.075000	-79.413383
424.100000	-79.413624
424.125000	-79.413865
424.150000	-79.414106
424.175000	-79.414347
424.200000	-79.414588
424.225000	-79.414829
424.250000	-79.415070
424.275000	-79.415311
424.300000	-79.415552
424.325000	-79.415793
424.350000	-79.416034
424.375000	-79.416275
424.400000	-79.416516
424.425000	-79.416757
424.450000	-79.416998
424.475000	-79.417239
424.500000	-79.417479
424.525000	-79.417720
424.550000	-79.417961
424.575000	-79.418202
424.600000	-79.418442
424.625000	-79.418683
424.650000	-79.418924
424.675000	-79.419164
424.700000	-79.419405
424.725000	-79.419645
424.750000	-79.419886
424.775000	-79.420126
424.800000	-79.420367
424.825000	-79.420607
424.850000	-79.420848
424.875000	-79.421088
424.900000	-79.421329
424.925000	-79.421569
424.950000	-79.421809
424.975000	-79.422050
425.000000	-79.422290
425.025000	-79.422530
425.050000	-79.422771
425.075000	-79.423011
425.100000	-79.423251
425.125000	-79.423491
425.150000	-79.423731
425.175000	-79.423972
425.200000	-79.424212
425.225000	-79.424452
425.250000	-79.424692
425.275000	-79.424932
425.300000	-79.425172
425.325000	-79.425412
425.350000	-79.425652
425.375000	-79.425892
425.400000	-79.426132
425.425000	-79.426372
425.450000	-79.426612
425.475000	-79.426851
425.500000	-79.427091
425.525000	-79.427331
425.550000	-79.427571
425.575000	-79.427811
425.600000	-79.428050
425.625000	-79.428290
425.650000	-79.428530
425.675000	-79.428769
425.700000	-79.429009
425.725000	-79.429249
425.750000	-79.429488
425.775000	-79.429728
425.800000	-79.429967
425.825000	-79.430207
425.850000	-79.430446
425.875000	-79.430686
425.900000	-79.430925
425.925000	-79.431165
425.950000	-79.431404
425.975000	-79.431644
426.000000	-79.431883
426.025000	-79.432122
426.050000	-79.432362
426.075000	-79.432601
426.100000	-79.432840
426.125000	-79.433079
426.150000	-79.433319
426.175000	-79.433558
426.200000	-79.433797
426.225000	-79.434036
426.250000	-79.434275
426.275000	-79.434514
426.300000	-79.434753
426.325000	-79.434992
426.350000	-79.435231
426.375000	-79.435470
426.400000	-79.435709
426.425000	-79.435948
426.450000	-79.436187
426.475000	-79.436426
426.500000	-79.436665
426.525000	-79.436904
426.550000	-79.437143
426.575000	-79.437382
426.600000	-79.437620
426.625000	-79.437859
426.650000	-79.438098
426.675000	-79.438337
426.700000	-79.438575
426.725000	-79.438814
426.750000	-79.439053
426.775000	-79.439291
426.800000	-79.439530
426.825000	-79.439768
426.850000	-79.440007
426.875000	-79.440245
426.900000	-79.440484
426.925000	-79.440722
426.950000	-79.440961
426.975000	-79.441199
427.000000	-79.441438
427.025000	-79.441676
427.050000	-79.441915
427.075000	-79.442153
427.100000	-79.442391
427.125000	-79.442629
427.150000	-79.442868
427.175000	-79.443106
427.200000	-79.443344
427.225000	-79.443582
427.250000	-79.443821
427.275000	-79.444059
427.300000	-79.444297
427.325000	-79.444535
427.350000	-79.444773
427.375000	-79.445011
427.400000	-79.445249
427.425000	-79.445487
427.450000	-79.445725
427.475000	-79.445963
427.500000	-79.446201
427.525000	-79.446439
427.550000	-79.446677
427.575000	-79.446915
427.600000	-79.447152
427.625000	-79.447390
427.650000	-79.447628
427.675000	-79.447866
427.700000	-79.448104
427.725000	-79.448341
427.750000	-79.448579
427.775000	-79.448817
427.800000	-79.449054
427.825000	-79.449292
427.850000	-79.449530
427.875000	-79.449767
427.900000	-79.450005
427.925000	-79.450242
427.950000	-79.450480
427.975000	-79.450717
428.000000	-79.450955
428.025000	-79.451192
428.050000	-79.451429
428.075000	-79.451667
428.100000	-79.451904
428.125000	-79.452142
428.150000	-79.452379
428.175000	-79.452616
428.200000	-79.452853
428.225000	-79.453091
428.250000	-79.453328
428.275000	-79.453565
428.300000	-79.453802
428.325000	-79.454039
428.350000	-79.454277
428.375000	-79.454514
428.400000	-79.454751
428.425000	-79.454988
428.450000	-79.455225
428.475000	-79.455462
428.500000	-79.455699
428.525000	-79.455936
428.550000	-79.456173
428.575000	-79.456410
428.600000	-79.456647
428.625000	-79.456883
428.650000	-79.457120
428.675000	-79.457357
428.700000	-79.457594
428.725000	-79.457831
428.750000	-79.458067
428.775000	-79.458304
428.800000	-79.458541
428.825000	-79.458778
428.850000	-79.459014
428.875000	-79.459251
428.900000	-79.459487
428.925000	-79.459724
428.950000	-79.459961
428.975000	-79.460197
429.000000	-79.460434
429.025000	-79.460670
429.050000	-79.460907
429.075000	-79.461143
429.100000	-79.461380
429.125000	-79.461616
429.150000	-79.461852
429.175000	-79.462089
429.200000	-79.462325
429.225000	-79.462561
429.250000	-79.462798
429.275000	-79.463034
429.300000	-79.463270
429.325000	-79.463506
429.350000	-79.463742
429.375000	-79.463979
429.400000	-79.464215
429.425000	-79.464451
429.450000	-79.464687
429.475000	-79.464923
429.500000	-79.465159
429.525000	-79.465395
429.550000	-79.465631
429.575000	-79.465867
429.600000	-79.466103
429.625000	-79.466339
429.650000	-79.466575
429.675000	-79.466811
429.700000	-79.467047
429.725000	-79.467283
429.750000	-79.467518
429.775000	-79.467754
429.800000	-79.467990
429.825000	-79.468226
429.850000	-79.468461
429.875000	-79.468697
429.900000	-79.468933
429.925000	-79.469168
429.950000	-79.469404
429.975000	-79.469640
430.000000	-79.469875
430.025000	-79.470111
430.050000	-79.470346
430.075000	-79.470582
430.100000	-79.470817
430.125000	-79.471053
430.150000	-79.471288
430.175000	-79.471524
430.200000	-79.471759
430.225000	-79.471994
430.250000	-79.472230
430.275000	-79.472465
430.300000	-79.472700
430.325000	-79.472936
430.350000	-79.473171
430.375000	-79.473406
430.400000	-79.473641
430.425000	-79.473876
430.450000	-79.474112
430.475000	-79.474347
430.500000	-79.474582
430.525000	-79.474817
430.550000	-79.475052
430.575000	-79.475287
430.600000	-79.475522
430.625000	-79.475757
430.650000	-79.475992
430.675000	-79.476227
430.700000	-79.476462
430.725000	-79.476697
430.750000	-79.476932
430.775000	-79.477167
430.800000	-79.477401
430.825000	-79.477636
430.850000	-79.477871
430.875000	-79.478106
430.900000	-79.478340
430.925000	-79.478575
430.950000	-79.478810
430.975000	-79.479045
431.000000	-79.479279
431.025000	-79.479514
431.050000	-79.479748
431.075000	-79.479983
431.100000	-79.480218
431.125000	-79.480452
431.150000	-79.480687
431.175000	-79.480921
431.200000	-79.481155
431.225000	-79.481390
431.250000	-79.481624
431.275000	-79.481859
431.300000	-79.482093
431.325000	-79.482327
431.350000	-79.482562
431.375000	-79.482796
431.400000	-79.483030
431.425000	-79.483265
431.450000	-79.483499
431.475000	-79.483733
431.500000	-79.483967
431.525000	-79.484201
431.550000	-79.484435
431.575000	-79.484670
431.600000	-79.484904
431.625000	-79.485138
431.650000	-79.485372
431.675000	-79.485606
431.700000	-79.485840
431.725000	-79.486074
431.750000	-79.486308
431.775000	-79.486542
431.800000	-79.486775
431.825000	-79.487009
431.850000	-79.487243
431.875000	-79.487477
431.900000	-79.487711
431.925000	-79.487945
431.950000	-79.488178
431.975000	-79.488412
432.000000	-79.488646
432.025000	-79.488880
432.050000	-79.489113
432.075000	-79.489347
432.100000	-79.489580
432.125000	-79.489814
432.150000	-79.490048
432.175000	-79.490281
432.200000	-79.490515
432.225000	-79.490748
432.250000	-79.490982
432.275000	-79.491215
432.300000	-79.491449
432.325000	-79.491682
432.350000	-79.491915
432.375000	-79.492149
432.400000	-79.492382
432.425000	-79.492615
432.450000	-79.492849
432.475000	-79.493082
432.500000	-79.493315
432.525000	-79.493548
432.550000	-79.493782
432.575000	-79.494015
432.600000	-79.494248
432.625000	-79.494481
432.650000	-79.494714
432.675000	-79.494947
432.700000	-79.495180
432.725000	-79.495413
432.750000	-79.495646
432.775000	-79.495879
432.800000	-79.496112
432.825000	-79.496345
432.850000	-79.496578
432.875000	-79.496811
432.900000	-79.497044
432.925000	-79.497277
432.950000	-79.497510
432.975000	-79.497743
433.000000	-79.497975
433.025000	-79.498208
433.050000	-79.498441
433.075000	-79.498674
433.100000	-79.498906
433.125000	-79.499139
433.150000	-79.499372
433.175000	-79.499604
433.200000	-79.499837
433.225000	-79.500069
433.250000	-79.500302
433.275000	-79.500534
433.300000	-79.500767
433.325000	-79.500999
433.350000	-79.501232
433.375000	-79.501464
433.400000	-79.501697
433.425000	-79.501929
433.450000	-79.502162
433.475000	-79.502394
433.500000	-79.502626
433.525000	-79.502859
433.550000	-79.503091
433.575000	-79.503323
433.600000	-79.503555
433.625000	-79.503787
433.650000	-79.504020
433.675000	-79.504252
433.700000	-79.504484
433.725000	-79.504716
433.750000	-79.504948
433.775000	-79.505180
433.800000	-79.505412
433.825000	-79.505644
433.850000	-79.505876
433.875000	-79.506108
433.900000	-79.506340
433.925000	-79.506572
433.950000	-79.506804
433.975000	-79.507036
434.000000	-79.507268
434.025000	-79.507500
434.050000	-79.507731
434.075000	-79.507963
434.100000	-79.508195
434.125000	-79.508427
434.150000	-79.508659
434.175000	-79.508890
434.200000	-79.509122
434.225000	-79.509354
434.250000	-79.509585
434.275000	-79.509817
434.300000	-79.510048
434.325000	-79.510280
434.350000	-79.510511
434.375000	-79.510743
434.400000	-79.510975
434.425000	-79.511206
434.450000	-79.511437
434.475000	-79.511669
434.500000	-79.511900
434.525000	-79.512132
434.550000	-79.512363
434.575000	-79.512594
434.600000	-79.512826
434.625000	-79.513057
434.650000	-79.513288
434.675000	-79.513519
434.700000	-79.513751
434.725000	-79.513982
434.750000	-79.514213
434.775000	-79.514444
434.800000	-79.514675
434.825000	-79.514906
434.850000	-79.515137
434.875000	-79.515369
434.900000	-79.515600
434.925000	-79.515831
434.950000	-79.516062
434.975000	-79.516293
435.000000	-79.516523
435.025000	-79.516754
435.050000	-79.516985
435.075000	-79.517216
435.100000	-79.517447
435.125000	-79.517678
435.150000	-79.517909
435.175000	-79.518139
435.200000	-79.518370
435.225000	-79.518601
435.250000	-79.518832
435.275000	-79.519062
435.300000	-79.519293
435.325000	-79.519524
435.350000	-79.519754
435.375000	-79.519985
435.400000	-79.520215
435.425000	-79.520446
435.450000	-79.520677
435.475000	-79.520907
435.500000	-79.521137
435.525000	-79.521368
435.550000	-79.521598
435.575000	-79.521829
435.600000	-79.522059
435.625000	-79.522290
435.650000	-79.522520
435.675000	-79.522750
435.700000	-79.522981
435.725000	-79.523211
435.750000	-79.523441
435.775000	-79.523671
435.800000	-79.523902
435.825000	-79.524132
435.850000	-79.524362
435.875000	-79.524592
435.900000	-79.524822
435.925000	-79.525052
435.950000	-79.525282
435.975000	-79.525512
436.000000	-79.525742
436.025000	-79.525972
436.050000	-79.526202
436.075000	-79.526432
436.100000	-79.526662
436.125000	-79.526892
436.150000	-79.527122
436.175000	-79.527352
436.200000	-79.527582
436.225000	-79.527812
436.250000	-79.528041
436.275000	-79.528271
436.300000	-79.528501
436.325000	-79.528731
436.350000	-79.528960
436.375000	-79.529190
436.400000	-79.529420
436.425000	-79.529649
436.450000	-79.529879
436.475000	-79.530109
436.500000	-79.530338
436.525000	-79.530568
436.550000	-79.530797
436.575000	-79.531027
436.600000	-79.531256
436.625000	-79.531486
436.650000	-79.531715
436.675000	-79.531944
436.700000	-79.532174
436.725000	-79.532403
436.750000	-79.532633
436.775000	-79.532862
436.800000	-79.533091
436.825000	-79.533320
436.850000	-79.533550
436.875000	-79.533779
436.900000	-79.534008
436.925000	-79.534237
436.950000	-79.534466
436.975000	-79.534696
437.000000	-79.534925
437.025000	-79.535154
437.050000	-79.535383
437.075000	-79.535612
437.100000	-79.535841
437.125000	-79.536070
437.150000	-79.536299
437.175000	-79.536528
437.200000	-79.536757
437.225000	-79.536986
437.250000	-79.537215
437.275000	-79.537443
437.300000	-79.537672
437.325000	-79.537901
437.350000	-79.538130
437.375000	-79.538359
437.400000	-79.538587
437.425000	-79.538816
437.450000	-79.539045
437.475000	-79.539274
437.500000	-79.539502
437.525000	-79.539731
437.550000	-79.539959
437.575000	-79.540188
437.600000	-79.540417
437.625000	-79.540645
437.650000	-79.540874
437.675000	-79.541102
437.700000	-79.541331
437.725000	-79.541559
437.750000	-79.541788
437.775000	-79.542016
437.800000	-79.542244
437.825000	-79.542473
437.850000	-79.542701
437.875000	-79.542929
437.900000	-79.543158
437.925000	-79.543386
437.950000	-79.543614
437.975000	-79.543842
438.000000	-79.544071
438.025000	-79.544299
438.050000	-79.544527
438.075000	-79.544755
438.100000	-79.544983
438.125000	-79.545211
438.150000	-79.545439
438.175000	-79.545667
438.200000	-79.545895
438.225000	-79.546123
438.250000	-79.546351
438.275000	-79.546579
438.300000	-79.546807
438.325000	-79.547035
438.350000	-79.547263
438.375000	-79.547491
438.400000	-79.547719
438.425000	-79.547947
438.450000	-79.548174
438.475000	-79.548402
438.500000	-79.548630
438.525000	-79.548858
438.550000	-79.549085
438.575000	-79.549313
438.600000	-79.549541
438.625000	-79.549768
438.650000	-79.549996
438.675000	-79.550224
438.700000	-79.550451
438.725000	-79.550679
438.750000	-79.550906
438.775000	-79.551134
438.800000	-79.551361
438.825000	-79.551589
438.850000	-79.551816
438.875000	-79.552044
438.900000	-79.552271
438.925000	-79.552498
438.950000	-79.552726
438.975000	-79.552953
439.000000	-79.553180
439.025000	-79.553408
439.050000	-79.553635
439.075000	-79.553862
439.100000	-79.554089
439.125000	-79.554316
439.150000	-79.554544
439.175000	-79.554771
439.200000	-79.554998
439.225000	-79.555225
439.250000	-79.555452
439.275000	-79.555679
439.300000	-79.555906
439.325000	-79.556133
439.350000	-79.556360
439.375000	-79.556587
439.400000	-79.556814
439.425000	-79.557041
439.450000	-79.557268
439.475000	-79.557495
439.500000	-79.557722
439.525000	-79.557948
439.550000	-79.558175
439.575000	-79.558402
439.600000	-79.558629
439.625000	-79.558855
439.650000	-79.559082
439.675000	-79.559309
439.700000	-79.559535
439.725000	-79.559762
439.750000	-79.559989
439.775000	-79.560215
439.800000	-79.560442
439.825000	-79.560668
439.850000	-79.560895
439.875000	-79.561122
439.900000	-79.561348
439.925000	-79.561574
439.950000	-79.561801
439.975000	-79.562027
440.000000	-79.562254
440.025000	-79.562480
440.050000	-79.562706
440.075000	-79.562933
440.100000	-79.563159
440.125000	-79.563385
440.150000	-79.563612
440.175000	-79.563838
440.200000	-79.564064
440.225000	-79.564290
440.250000	-79.564517
440.275000	-79.564743
440.300000	-79.564969
440.325000	-79.565195
440.350000	-79.565421
440.375000	-79.565647
440.400000	-79.565873
440.425000	-79.566099
440.450000	-79.566325
440.475000	-79.566551
440.500000	-79.566777
440.525000	-79.567003
440.550000	-79.567229
440.575000	-79.567455
440.600000	-79.567681
440.625000	-79.567906
440.650000	-79.568132
440.675000	-79.568358
440.700000	-79.568584
440.725000	-79.568810
440.750000	-79.569035
440.775000	-79.569261
440.800000	-79.569487
440.825000	-79.569712
440.850000	-79.569938
440.875000	-79.570164
440.900000	-79.570389
440.925000	-79.570615
440.950000	-79.570840
440.975000	-79.571066
441.000000	-79.571291
441.025000	-79.571517
441.050000	-79.571742
441.075000	-79.571968
441.100000	-79.572193
441.125000	-79.572418
441.150000	-79.572644
441.175000	-79.572869
441.200000	-79.573094
441.225000	-79.573320
441.250000	-79.573545
441.275000	-79.573770
441.300000	-79.573996
441.325000	-79.574221
441.350000	-79.574446
441.375000	-79.574671
441.400000	-79.574896
441.425000	-79.575121
441.450000	-79.575346
441.475000	-79.575572
441.500000	-79.575797
441.525000	-79.576022
441.550000	-79.576247
441.575000	-79.576472
441.600000	-79.576697
441.625000	-79.576922
441.650000	-79.577146
441.675000	-79.577371
441.700000	-79.577596
441.725000	-79.577821
441.750000	-79.578046
441.775000	-79.578271
441.800000	-79.578495
441.825000	-79.578720
441.850000	-79.578945
441.875000	-79.579170
441.900000	-79.579394
441.925000	-79.579619
441.950000	-79.579844
441.975000	-79.580068
442.000000	-79.580293
442.025000	-79.580518
442.050000	-79.580742
442.075000	-79.580967
442.100000	-79.581191
442.125000	-79.581416
442.150000	-79.581640
442.175000	-79.581865
442.200000	-79.582089
442.225000	-79.582313
442.250000	-79.582538
442.275000	-79.582762
442.300000	-79.582987
442.325000	-79.583211
442.350000	-79.583435
442.375000	-79.583659
442.400000	-79.583884
442.425000	-79.584108
442.450000	-79.584332
442.475000	-79.584556
442.500000	-79.584780
442.525000	-79.585005
442.550000	-79.585229
442.575000	-79.585453
442.600000	-79.585677
442.625000	-79.585901
442.650000	-79.586125
442.675000	-79.586349
442.700000	-79.586573
442.725000	-79.586797
442.750000	-79.587021
442.775000	-79.587245
442.800000	-79.587469
442.825000	-79.587692
442.850000	-79.587916
442.875000	-79.588140
442.900000	-79.588364
442.925000	-79.588588
442.950000	-79.588812
442.975000	-79.589035
443.000000	-79.589259
443.025000	-79.589483
443.050000	-79.589706
443.075000	-79.589930
443.100000	-79.590154
443.125000	-79.590377
443.150000	-79.590601
443.175000	-79.590824
443.200000	-79.591048
443.225000	-79.591271
443.250000	-79.591495
443.275000	-79.591718
443.300000	-79.591942
443.325000	-79.592165
443.350000	-79.592389
443.375000	-79.592612
443.400000	-79.592835
443.425000	-79.593059
443.450000	-79.593282
443.475000	-79.593505
443.500000	-79.593729
443.525000	-79.593952
443.550000	-79.594175
443.575000	-79.594398
443.600000	-79.594621
443.625000	-79.594845
443.650000	-79.595068
443.675000	-79.595291
443.700000	-79.595514
443.725000	-79.595737
443.750000	-79.595960
443.775000	-79.596183
443.800000	-79.596406
443.825000	-79.596629
443.850000	-79.596852
443.875000	-79.597075
443.900000	-79.597298
443.925000	-79.597521
443.950000	-79.597744
443.975000	-79.597967
444.000000	-79.598189
444.025000	-79.598412
444.050000	-79.598635
444.075000	-79.598858
444.100000	-79.599081
444.125000	-79.599303
444.150000	-79.599526
444.175000	-79.599749
444.200000	-79.599971
444.225000	-79.600194
444.250000	-79.600416
444.275000	-79.600639
444.300000	-79.600862
444.325000	-79.601084
444.350000	-79.601307
444.375000	-79.601529
444.400000	-79.601752
444.425000	-79.601974
444.450000	-79.602197
444.475000	-79.602419
444.500000	-79.602641
444.525000	-79.602864
444.550000	-79.603086
444.575000	-79.603308
444.600000	-79.603531
444.625000	-79.603753
444.650000	-79.603975
444.675000	-79.604197
444.700000	-79.604420
444.725000	-79.604642
444.750000	-79.604864
444.775000	-79.605086
444.800000	-79.605308
444.825000	-79.605530
444.850000	-79.605752
444.875000	-79.605975
444.900000	-79.606197
444.925000	-79.606419
444.950000	-79.606641
444.975000	-79.606863
445.000000	-79.607084
445.025000	-79.607306
445.050000	-79.607528
445.075000	-79.607750
445.100000	-79.607972
445.125000	-79.608194
445.150000	-79.608416
445.175000	-79.608637
445.200000	-79.608859
445.225000	-79.609081
445.250000	-79.609303
445.275000	-79.609524
445.300000	-79.609746
445.325000	-79.609968
445.350000	-79.610189
445.375000	-79.610411
445.400000	-79.610633
445.425000	-79.610854
445.450000	-79.611076
445.475000	-79.611297
445.500000	-79.611519
445.525000	-79.611740
445.550000	-79.611962
445.575000	-79.612183
445.600000	-79.612405
445.625000	-79.612626
445.650000	-79.612847
445.675000	-79.613069
445.700000	-79.613290
445.725000	-79.613511
445.750000	-79.613733
445.775000	-79.613954
445.800000	-79.614175
445.825000	-79.614396
445.850000	-79.614618
445.875000	-79.614839
445.900000	-79.615060
445.925000	-79.615281
445.950000	-79.615502
445.975000	-79.615723
446.000000	-79.615944
446.025000	-79.616165
446.050000	-79.616386
446.075000	-79.616607
446.100000	-79.616828
446.125000	-79.617049
446.150000	-79.617270
446.175000	-79.617491
446.200000	-79.617712
446.225000	-79.617933
446.250000	-79.618154
446.275000	-79.618375
446.300000	-79.618595
446.325000	-79.618816
446.350000	-79.619037
446.375000	-79.619258
446.400000	-79.619478
446.425000	-79.619699
446.450000	-79.619920
446.475000	-79.620140
446.500000	-79.620361
446.525000	-79.620582
446.550000	-79.620802
446.575000	-79.621023
446.600000	-79.621243
446.625000	-79.621464
446.650000	-79.621684
446.675000	-79.621905
446.700000	-79.622125
446.725000	-79.622346
446.750000	-79.622566
446.775000	-79.622786
446.800000	-79.623007
446.825000	-79.623227
446.850000	-79.623447
446.875000	-79.623668
446.900000	-79.623888
446.925000	-79.624108
446.950000	-79.624329
446.975000	-79.624549
447.000000	-79.624769
447.025000	-79.624989
447.050000	-79.625209
447.075000	-79.625429
447.100000	-79.625649
447.125000	-79.625870
447.150000	-79.626090
447.175000	-79.626310
447.200000	-79.626530
447.225000	-79.626750
447.250000	-79.626970
447.275000	-79.627190
447.300000	-79.627409
447.325000	-79.627629
447.350000	-79.627849
447.375000	-79.628069
447.400000	-79.628289
447.425000	-79.628509
447.450000	-79.628729
447.475000	-79.628948
447.500000	-79.629168
447.525000	-79.629388
447.550000	-79.629608
447.575000	-79.629827
447.600000	-79.630047
447.625000	-79.630267
447.650000	-79.630486
447.675000	-79.630706
447.700000	-79.630925
447.725000	-79.631145
447.750000	-79.631364
447.775000	-79.631584
447.800000	-79.631803
447.825000	-79.632023
447.850000	-79.632242
447.875000	-79.632462
447.900000	-79.632681
447.925000	-79.632901
447.950000	-79.633120
447.975000	-79.633339
448.000000	-79.633559
448.025000	-79.633778
448.050000	-79.633997
448.075000	-79.634216
448.100000	-79.634436
448.125000	-79.634655
448.150000	-79.634874
448.175000	-79.635093
448.200000	-79.635312
448.225000	-79.635531
448.250000	-79.635751
448.275000	-79.635970
448.300000	-79.636189
448.325000	-79.636408
448.350000	-79.636627
448.375000	-79.636846
448.400000	-79.637065
448.425000	-79.637284
448.450000	-79.637503
448.475000	-79.637721
448.500000	-79.637940
448.525000	-79.638159
448.550000	-79.638378
448.575000	-79.638597
448.600000	-79.638816
448.625000	-79.639034
448.650000	-79.639253
448.675000	-79.639472
448.700000	-79.639691
448.725000	-79.639909
448.750000	-79.640128
448.775000	-79.640347
448.800000	-79.640565
448.825000	-79.640784
448.850000	-79.641002
448.875000	-79.641221
448.900000	-79.641440
448.925000	-79.641658
448.950000	-79.641877
448.975000	-79.642095
449.000000	-79.642313
449.025000	-79.642532
449.050000	-79.642750
449.075000	-79.642969
449.100000	-79.643187
449.125000	-79.643405
449.150000	-79.643624
449.175000	-79.643842
449.200000	-79.644060
449.225000	-79.644279
449.250000	-79.644497
449.275000	-79.644715
449.300000	-79.644933
449.325000	-79.645151
449.350000	-79.645369
449.375000	-79.645588
449.400000	-79.645806
449.425000	-79.646024
449.450000	-79.646242
449.475000	-79.646460
449.500000	-79.646678
449.525000	-79.646896
449.550000	-79.647114
449.575000	-79.647332
449.600000	-79.647550
449.625000	-79.647768
449.650000	-79.647985
449.675000	-79.648203
449.700000	-79.648421
449.725000	-79.648639
449.750000	-79.648857
449.775000	-79.649075
449.800000	-79.649292
449.825000	-79.649510
449.850000	-79.649728
449.875000	-79.649945
449.900000	-79.650163
449.925000	-79.650381
449.950000	-79.650598
449.975000	-79.650816
450.000000	-79.651034
450.025000	-79.651251
450.050000	-79.651469
450.075000	-79.651686
450.100000	-79.651904
450.125000	-79.652121
450.150000	-79.652339
450.175000	-79.652556
450.200000	-79.652773
450.225000	-79.652991
450.250000	-79.653208
450.275000	-79.653426
450.300000	-79.653643
450.325000	-79.653860
450.350000	-79.654077
450.375000	-79.654295
450.400000	-79.654512
450.425000	-79.654729
450.450000	-79.654946
450.475000	-79.655164
450.500000	-79.655381
450.525000	-79.655598
450.550000	-79.655815
450.575000	-79.656032
450.600000	-79.656249
450.625000	-79.656466
450.650000	-79.656683
450.675000	-79.656900
450.700000	-79.657117
450.725000	-79.657334
450.750000	-79.657551
450.775000	-79.657768
450.800000	-79.657985
450.825000	-79.658202
450.850000	-79.658419
450.875000	-79.658635
450.900000	-79.658852
450.925000	-79.659069
450.950000	-79.659286
450.975000	-79.659502
451.000000	-79.659719
451.025000	-79.659936
451.050000	-79.660153
451.075000	-79.660369
451.100000	-79.660586
451.125000	-79.660802
451.150000	-79.661019
451.175000	-79.661236
451.200000	-79.661452
451.225000	-79.661669
451.250000	-79.661885
451.275000	-79.662102
451.300000	-79.662318
451.325000	-79.662535
451.350000	-79.662751
451.375000	-79.662967
451.400000	-79.663184
451.425000	-79.663400
451.450000	-79.663616
451.475000	-79.663833
451.500000	-79.664049
451.525000	-79.664265
451.550000	-79.664482
451.575000	-79.664698
451.600000	-79.664914
451.625000	-79.665130
451.650000	-79.665346
451.675000	-79.665563
451.700000	-79.665779
451.725000	-79.665995
451.750000	-79.666211
451.775000	-79.666427
451.800000	-79.666643
451.825000	-79.666859
451.850000	-79.667075
451.875000	-79.667291
451.900000	-79.667507
451.925000	-79.667723
451.950000	-79.667939
451.975000	-79.668155
452.000000	-79.668370
452.025000	-79.668586
452.050000	-79.668802
452.075000	-79.669018
452.100000	-79.669234
452.125000	-79.669449
452.150000	-79.669665
452.175000	-79.669881
452.200000	-79.670097
452.225000	-79.670312
452.250000	-79.670528
452.275000	-79.670743
452.300000	-79.670959
452.325000	-79.671175
452.350000	-79.671390
452.375000	-79.671606
452.400000	-79.671821
452.425000	-79.672037
452.450000	-79.672252
452.475000	-79.672468
452.500000	-79.672683
452.525000	-79.672899
452.550000	-79.673114
452.575000	-79.673329
452.600000	-79.673545
452.625000	-79.673760
452.650000	-79.673975
452.675000	-79.674191
452.700000	-79.674406
452.725000	-79.674621
452.750000	-79.674836
452.775000	-79.675051
452.800000	-79.675267
452.825000	-79.675482
452.850000	-79.675697
452.875000	-79.675912
452.900000	-79.676127
452.925000	-79.676342
452.950000	-79.676557
452.975000	-79.676772
453.000000	-79.676987
453.025000	-79.677202
453.050000	-79.677417
453.075000	-79.677632
453.100000	-79.677847
453.125000	-79.678062
453.150000	-79.678277
453.175000	-79.678492
453.200000	-79.678707
453.225000	-79.678921
453.250000	-79.679136
453.275000	-79.679351
453.300000	-79.679566
453.325000	-79.679780
453.350000	-79.679995
453.375000	-79.680210
453.400000	-79.680425
453.425000	-79.680639
453.450000	-79.680854
453.475000	-79.681068
453.500000	-79.681283
453.525000	-79.681498
453.550000	-79.681712
453.575000	-79.681927
453.600000	-79.682141
453.625000	-79.682356
453.650000	-79.682570
453.675000	-79.682784
453.700000	-79.682999
453.725000	-79.683213
453.750000	-79.683428
453.775000	-79.683642
453.800000	-79.683856
453.825000	-79.684071
453.850000	-79.684285
453.875000	-79.684499
453.900000	-79.684713
453.925000	-79.684928
453.950000	-79.685142
453.975000	-79.685356
454.000000	-79.685570
454.025000	-79.685784
454.050000	-79.685998
454.075000	-79.686212
454.100000	-79.686426
454.125000	-79.686641
454.150000	-79.686855
454.175000	-79.687069
454.200000	-79.687283
454.225000	-79.687497
454.250000	-79.687710
454.275000	-79.687924
454.300000	-79.688138
454.325000	-79.688352
454.350000	-79.688566
454.375000	-79.688780
454.400000	-79.688994
454.425000	-79.689207
454.450000	-79.689421
454.475000	-79.689635
454.500000	-79.689849
454.525000	-79.690062
454.550000	-79.690276
454.575000	-79.690490
454.600000	-79.690703
454.625000	-79.690917
454.650000	-79.691131
454.675000	-79.691344
454.700000	-79.691558
454.725000	-79.691771
454.750000	-79.691985
454.775000	-79.692198
454.800000	-79.692412
454.825000	-79.692625
454.850000	-79.692839
454.875000	-79.693052
454.900000	-79.693265
454.925000	-79.693479
454.950000	-79.693692
454.975000	-79.693906
455.000000	-79.694119
455.025000	-79.694332
455.050000	-79.694545
455.075000	-79.694759
455.100000	-79.694972
455.125000	-79.695185
455.150000	-79.695398
455.175000	-79.695611
455.200000	-79.695825
455.225000	-79.696038
455.250000	-79.696251
455.275000	-79.696464
455.300000	-79.696677
455.325000	-79.696890
455.350000	-79.697103
455.375000	-79.697316
455.400000	-79.697529
455.425000	-79.697742
455.450000	-79.697955
455.475000	-79.698168
455.500000	-79.698381
455.525000	-79.698593
455.550000	-79.698806
455.575000	-79.699019
455.600000	-79.699232
455.625000	-79.699445
455.650000	-79.699657
455.675000	-79.699870
455.700000	-79.700083
455.725000	-79.700296
455.750000	-79.700508
455.775000	-79.700721
455.800000	-79.700933
455.825000	-79.701146
455.850000	-79.701359
455.875000	-79.701571
455.900000	-79.701784
455.925000	-79.701996
455.950000	-79.702209
455.975000	-79.702421
456.000000	-79.702634
456.025000	-79.702846
456.050000	-79.703059
456.075000	-79.703271
456.100000	-79.703483
456.125000	-79.703696
456.150000	-79.703908
456.175000	-79.704120
456.200000	-79.704333
456.225000	-79.704545
456.250000	-79.704757
456.275000	-79.704969
456.300000	-79.705182
456.325000	-79.705394
456.350000	-79.705606
456.375000	-79.705818
456.400000	-79.706030
456.425000	-79.706242
456.450000	-79.706454
456.475000	-79.706667
456.500000	-79.706879
456.525000	-79.707091
456.550000	-79.707303
456.575000	-79.707515
456.600000	-79.707727
456.625000	-79.707938
456.650000	-79.708150
456.675000	-79.708362
456.700000	-79.708574
456.725000	-79.708786
456.750000	-79.708998
456.775000	-79.709210
456.800000	-79.709421
456.825000	-79.709633
456.850000	-79.709845
456.875000	-79.710057
456.900000	-79.710268
456.925000	-79.710480
456.950000	-79.710692
456.975000	-79.710903
457.000000	-79.711115
457.025000	-79.711327
457.050000	-79.711538
457.075000	-79.711750
457.100000	-79.711961
457.125000	-79.712173
457.150000	-79.712384
457.175000	-79.712596
457.200000	-79.712807
457.225000	-79.713019
457.250000	-79.713230
457.275000	-79.713441
457.300000	-79.713653
457.325000	-79.713864
457.350000	-79.714075
457.375000	-79.714287
457.400000	-79.714498
457.425000	-79.714709
457.450000	-79.714920
457.475000	-79.715132
457.500000	-79.715343
457.525000	-79.715554
457.550000	-79.715765
457.575000	-79.715976
457.600000	-79.716188
457.625000	-79.716399
457.650000	-79.716610
457.675000	-79.716821
457.700000	-79.717032
457.725000	-79.717243
457.750000	-79.717454
457.775000	-79.717665
457.800000	-79.717876
457.825000	-79.718087
457.850000	-79.718298
457.875000	-79.718508
457.900000	-79.718719
457.925000	-79.718930
457.950000	-79.719141
457.975000	-79.719352
458.000000	-79.719563
458.025000	-79.719773
458.050000	-79.719984
458.075000	-79.720195
458.100000	-79.720405
458.125000	-79.720616
458.150000	-79.720827
458.175000	-79.721037
458.200000	-79.721248
458.225000	-79.721459
458.250000	-79.721669
458.275000	-79.721880
458.300000	-79.722090
458.325000	-79.722301
458.350000	-79.722511
458.375000	-79.722722
458.400000	-79.722932
458.425000	-79.723143
458.450000	-79.723353
458.475000	-79.723563
458.500000	-79.723774
458.525000	-79.723984
458.550000	-79.724194
458.575000	-79.724405
458.600000	-79.724615
458.625000	-79.724825
458.650000	-79.725036
458.675000	-79.725246
458.700000	-79.725456
458.725000	-79.725666
458.750000	-79.725876
458.775000	-79.726086
458.800000	-79.726296
458.825000	-79.726507
458.850000	-79.726717
458.875000	-79.726927
458.900000	-79.727137
458.925000	-79.727347
458.950000	-79.727557
458.975000	-79.727767
459.000000	-79.727977
459.025000	-79.728187
459.050000	-79.728396
459.075000	-79.728606
459.100000	-79.728816
459.125000	-79.729026
459.150000	-79.729236
459.175000	-79.729446
459.200000	-79.729655
459.225000	-79.729865
459.250000	-79.730075
459.275000	-79.730285
459.300000	-79.730494
459.325000	-79.730704
459.350000	-79.730914
459.375000	-79.731123
459.400000	-79.731333
459.425000	-79.731543
459.450000	-79.731752
459.475000	-79.731962
459.500000	-79.732171
459.525000	-79.732381
459.550000	-79.732590
459.575000	-79.732800
459.600000	-79.733009
459.625000	-79.733219
459.650000	-79.733428
459.675000	-79.733637
459.700000	-79.733847
459.725000	-79.734056
459.750000	-79.734265
459.775000	-79.734475
459.800000	-79.734684
459.825000	-79.734893
459.850000	-79.735102
459.875000	-79.735312
459.900000	-79.735521
459.925000	-79.735730
459.950000	-79.735939
459.975000	-79.736148
460.000000	-79.736357
460.025000	-79.736567
460.050000	-79.736776
460.075000	-79.736985
460.100000	-79.737194
460.125000	-79.737403
460.150000	-79.737612
460.175000	-79.737821
460.200000	-79.738030
460.225000	-79.738239
460.250000	-79.738447
460.275000	-79.738656
460.300000	-79.738865
460.325000	-79.739074
460.350000	-79.739283
460.375000	-79.739492
460.400000	-79.739700
460.425000	-79.739909
460.450000	-79.740118
460.475000	-79.740327
460.500000	-79.740535
460.525000	-79.740744
460.550000	-79.740953
460.575000	-79.741161
460.600000	-79.741370
460.625000	-79.741579
460.650000	-79.741787
460.675000	-79.741996
460.700000	-79.742204
460.725000	-79.742413
460.750000	-79.742621
460.775000	-79.742830
460.800000	-79.743038
460.825000	-79.743247
460.850000	-79.743455
460.875000	-79.743663
460.900000	-79.743872
460.925000	-79.744080
460.950000	-79.744288
460.975000	-79.744497
461.000000	-79.744705
461.025000	-79.744913
461.050000	-79.745122
461.075000	-79.745330
461.100000	-79.745538
461.125000	-79.745746
461.150000	-79.745954
461.175000	-79.746163
461.200000	-79.746371
461.225000	-79.746579
461.250000	-79.746787
461.275000	-79.746995
461.300000	-79.747203
461.325000	-79.747411
461.350000	-79.747619
461.375000	-79.747827
461.400000	-79.748035
461.425000	-79.748243
461.450000	-79.748451
461.475000	-79.748659
461.500000	-79.748866
461.525000	-79.749074
461.550000	-79.749282
461.575000	-79.749490
461.600000	-79.749698
461.625000	-79.749906
461.650000	-79.750113
461.675000	-79.750321
461.700000	-79.750529
461.725000	-79.750736
461.750000	-79.750944
461.775000	-79.751152
461.800000	-79.751359
461.825000	-79.751567
461.850000	-79.751775
461.875000	-79.751982
461.900000	-79.752190
461.925000	-79.752397
461.950000	-79.752605
461.975000	-79.752812
462.000000	-79.753020
462.025000	-79.753227
462.050000	-79.753435
462.075000	-79.753642
462.100000	-79.753849
462.125000	-79.754057
462.150000	-79.754264
462.175000	-79.754471
462.200000	-79.754679
462.225000	-79.754886
462.250000	-79.755093
462.275000	-79.755300
462.300000	-79.755508
462.325000	-79.755715
462.350000	-79.755922
462.375000	-79.756129
462.400000	-79.756336
462.425000	-79.756543
462.450000	-79.756750
462.475000	-79.756958
462.500000	-79.757165
462.525000	-79.757372
462.550000	-79.757579
462.575000	-79.757786
462.600000	-79.757993
462.625000	-79.758200
462.650000	-79.758406
462.675000	-79.758613
462.700000	-79.758820
462.725000	-79.759027
462.750000	-79.759234
462.775000	-79.759441
462.800000	-79.759648
462.825000	-79.759854
462.850000	-79.760061
462.875000	-79.760268
462.900000	-79.760475
462.925000	-79.760681
462.950000	-79.760888
462.975000	-79.761095
463.000000	-79.761301
463.025000	-79.761508
463.050000	-79.761715
463.075000	-79.761921
463.100000	-79.762128
463.125000	-79.762334
463.150000	-79.762541
463.175000	-79.762747
463.200000	-79.762954
463.225000	-79.763160
463.250000	-79.763367
463.275000	-79.763573
463.300000	-79.763779
463.325000	-79.763986
463.350000	-79.764192
463.375000	-79.764398
463.400000	-79.764605
463.425000	-79.764811
463.450000	-79.765017
463.475000	-79.765224
463.500000	-79.765430
463.525000	-79.765636
463.550000	-79.765842
463.575000	-79.766048
463.600000	-79.766255
463.625000	-79.766461
463.650000	-79.766667
463.675000	-79.766873
463.700000	-79.767079
463.725000	-79.767285
463.750000	-79.767491
463.775000	-79.767697
463.800000	-79.767903
463.825000	-79.768109
463.850000	-79.768315
463.875000	-79.768521
463.900000	-79.768727
463.925000	-79.768933
463.950000	-79.769138
463.975000	-79.769344
464.000000	-79.769550
464.025000	-79.769756
464.050000	-79.769962
464.075000	-79.770168
464.100000	-79.770373
464.125000	-79.770579
464.150000	-79.770785
464.175000	-79.770990
464.200000	-79.771196
464.225000	-79.771402
464.250000	-79.771607
464.275000	-79.771813
464.300000	-79.772018
464.325000	-79.772224
464.350000	-79.772430
464.375000	-79.772635
464.400000	-79.772841
464.425000	-79.773046
464.450000	-79.773251
464.475000	-79.773457
464.500000	-79.773662
464.525000	-79.773868
464.550000	-79.774073
464.575000	-79.774278
464.600000	-79.774484
464.625000	-79.774689
464.650000	-79.774894
464.675000	-79.775100
464.700000	-79.775305
464.725000	-79.775510
464.750000	-79.775715
464.775000	-79.775921
464.800000	-79.776126
464.825000	-79.776331
464.850000	-79.776536
464.875000	-79.776741
464.900000	-79.776946
464.925000	-79.777151
464.950000	-79.777356
464.975000	-79.777561
465.000000	-79.777766
465.025000	-79.777971
465.050000	-79.778176
465.075000	-79.778381
465.100000	-79.778586
465.125000	-79.778791
465.150000	-79.778996
465.175000	-79.779201
465.200000	-79.779406
465.225000	-79.779611
465.250000	-79.779815
465.275000	-79.780020
465.300000	-79.780225
465.325000	-79.780430
465.350000	-79.780634
465.375000	-79.780839
465.400000	-79.781044
465.425000	-79.781248
465.450000	-79.781453
465.475000	-79.781658
465.500000	-79.781862
465.525000	-79.782067
465.550000	-79.782271
465.575000	-79.782476
465.600000	-79.782680
465.625000	-79.782885
465.650000	-79.783089
465.675000	-79.783294
465.700000	-79.783498
465.725000	-79.783703
465.750000	-79.783907
465.775000	-79.784112
465.800000	-79.784316
465.825000	-79.784520
465.850000	-79.784725
465.875000	-79.784929
465.900000	-79.785133
465.925000	-79.785337
465.950000	-79.785542
465.975000	-79.785746
466.000000	-79.785950
466.025000	-79.786154
466.050000	-79.786358
466.075000	-79.786563
466.100000	-79.786767
466.125000	-79.786971
466.150000	-79.787175
466.175000	-79.787379
466.200000	-79.787583
466.225000	-79.787787
466.250000	-79.787991
466.275000	-79.788195
466.300000	-79.788399
466.325000	-79.788603
466.350000	-79.788807
466.375000	-79.789011
466.400000	-79.789214
466.425000	-79.789418
466.450000	-79.789622
466.475000	-79.789826
466.500000	-79.790030
466.525000	-79.790234
466.550000	-79.790437
466.575000	-79.790641
466.600000	-79.790845
466.625000	-79.791048
466.650000	-79.791252
466.675000	-79.791456
466.700000	-79.791659
466.725000	-79.791863
466.750000	-79.792067
466.775000	-79.792270
466.800000	-79.792474
466.825000	-79.792677
466.850000	-79.792881
466.875000	-79.793084
466.900000	-79.793288
466.925000	-79.793491
466.950000	-79.793695
466.975000	-79.793898
467.000000	-79.794101
467.025000	-79.794305
467.050000	-79.794508
467.075000	-79.794711
467.100000	-79.794915
467.125000	-79.795118
467.150000	-79.795321
467.175000	-79.795524
467.200000	-79.795728
467.225000	-79.795931
467.250000	-79.796134
467.275000	-79.796337
467.300000	-79.796540
467.325000	-79.796744
467.350000	-79.796947
467.375000	-79.797150
467.400000	-79.797353
467.425000	-79.797556
467.450000	-79.797759
467.475000	-79.797962
467.500000	-79.798165
467.525000	-79.798368
467.550000	-79.798571
467.575000	-79.798774
467.600000	-79.798977
467.625000	-79.799179
467.650000	-79.799382
467.675000	-79.799585
467.700000	-79.799788
467.725000	-79.799991
467.750000	-79.800194
467.775000	-79.800396
467.800000	-79.800599
467.825000	-79.800802
467.850000	-79.801005
467.875000	-79.801207
467.900000	-79.801410
467.925000	-79.801613
467.950000	-79.801815
467.975000	-79.802018
468.000000	-79.802220
468.025000	-79.802423
468.050000	-79.802625
468.075000	-79.802828
468.100000	-79.803030
468.125000	-79.803233
468.150000	-79.803435
468.175000	-79.803638
468.200000	-79.803840
468.225000	-79.804043
468.250000	-79.804245
468.275000	-79.804447
468.300000	-79.804650
468.325000	-79.804852
468.350000	-79.805054
468.375000	-79.805257
468.400000	-79.805459
468.425000	-79.805661
468.450000	-79.805863
468.475000	-79.806066
468.500000	-79.806268
468.525000	-79.806470
468.550000	-79.806672
468.575000	-79.806874
468.600000	-79.807076
468.625000	-79.807278
468.650000	-79.807480
468.675000	-79.807683
468.700000	-79.807885
468.725000	-79.808087
468.750000	-79.808289
468.775000	-79.808490
468.800000	-79.808692
468.825000	-79.808894
468.850000	-79.809096
468.875000	-79.809298
468.900000	-79.809500
468.925000	-79.809702
468.950000	-79.809904
468.975000	-79.810105
469.000000	-79.810307
469.025000	-79.810509
469.050000	-79.810711
469.075000	-79.810912
469.100000	-79.811114
469.125000	-79.811316
469.150000	-79.811518
469.175000	-79.811719
469.200000	-79.811921
469.225000	-79.812122
469.250000	-79.812324
469.275000	-79.812526
469.300000	-79.812727
469.325000	-79.812929
469.350000	-79.813130
469.375000	-79.813332
469.400000	-79.813533
469.425000	-79.813734
469.450000	-79.813936
469.475000	-79.814137
469.500000	-79.814339
469.525000	-79.814540
469.550000	-79.814741
469.575000	-79.814943
469.600000	-79.815144
469.625000	-79.815345
469.650000	-79.815547
469.675000	-79.815748
469.700000	-79.815949
469.725000	-79.816150
469.750000	-79.816351
469.775000	-79.816553
469.800000	-79.816754
469.825000	-79.816955
469.850000	-79.817156
469.875000	-79.817357
469.900000	-79.817558
469.925000	-79.817759
469.950000	-79.817960
469.975000	-79.818161
470.000000	-79.818362
470.025000	-79.818563
470.050000	-79.818764
470.075000	-79.818965
470.100000	-79.819166
470.125000	-79.819367
470.150000	-79.819568
470.175000	-79.819768
470.200000	-79.819969
470.225000	-79.820170
470.250000	-79.820371
470.275000	-79.820572
470.300000	-79.820772
470.325000	-79.820973
470.350000	-79.821174
470.375000	-79.821375
470.400000	-79.821575
470.425000	-79.821776
470.450000	-79.821976
470.475000	-79.822177
470.500000	-79.822378
470.525000	-79.822578
470.550000	-79.822779
470.575000	-79.822979
470.600000	-79.823180
470.625000	-79.823380
470.650000	-79.823581
470.675000	-79.823781
470.700000	-79.823982
470.725000	-79.824182
470.750000	-79.824382
470.775000	-79.824583
470.800000	-79.824783
470.825000	-79.824983
470.850000	-79.825184
470.875000	-79.825384
470.900000	-79.825584
470.925000	-79.825785
470.950000	-79.825985
470.975000	-79.826185
471.000000	-79.826385
471.025000	-79.826585
471.050000	-79.826785
471.075000	-79.826986
471.100000	-79.827186
471.125000	-79.827386
471.150000	-79.827586
471.175000	-79.827786
471.200000	-79.827986
471.225000	-79.828186
471.250000	-79.828386
471.275000	-79.828586
471.300000	-79.828786
471.325000	-79.828986
471.350000	-79.829186
471.375000	-79.829386
471.400000	-79.829585
471.425000	-79.829785
471.450000	-79.829985
471.475000	-79.830185
471.500000	-79.830385
471.525000	-79.830585
471.550000	-79.830784
471.575000	-79.830984
471.600000	-79.831184
471.625000	-79.831383
471.650000	-79.831583
471.675000	-79.831783
471.700000	-79.831982
471.725000	-79.832182
471.750000	-79.832382
471.775000	-79.832581
471.800000	-79.832781
471.825000	-79.832980
471.850000	-79.833180
471.875000	-79.833379
471.900000	-79.833579
471.925000	-79.833778
471.950000	-79.833978
471.975000	-79.834177
472.000000	-79.834376
472.025000	-79.834576
472.050000	-79.834775
472.075000	-79.834975
472.100000	-79.835174
472.125000	-79.835373
472.150000	-79.835572
472.175000	-79.835772
472.200000	-79.835971
472.225000	-79.836170
472.250000	-79.836369
472.275000	-79.836568
472.300000	-79.836768
472.325000	-79.836967
472.350000	-79.837166
472.375000	-79.837365
472.400000	-79.837564
472.425000	-79.837763
472.450000	-79.837962
472.475000	-79.838161
472.500000	-79.838360
472.525000	-79.838559
472.550000	-79.838758
472.575000	-79.838957
472.600000	-79.839156
472.625000	-79.839355
472.650000	-79.839554
472.675000	-79.839753
472.700000	-79.839952
472.725000	-79.840150
472.750000	-79.840349
472.775000	-79.840548
472.800000	-79.840747
472.825000	-79.840945
472.850000	-79.841144
472.875000	-79.841343
472.900000	-79.841542
472.925000	-79.841740
472.950000	-79.841939
472.975000	-79.842137
473.000000	-79.842336
473.025000	-79.842535
473.050000	-79.842733
473.075000	-79.842932
473.100000	-79.843130
473.125000	-79.843329
473.150000	-79.843527
473.175000	-79.843726
473.200000	-79.843924
473.225000	-79.844123
473.250000	-79.844321
473.275000	-79.844519
473.300000	-79.844718
473.325000	-79.844916
473.350000	-79.845115
473.375000	-79.845313
473.400000	-79.845511
473.425000	-79.845709
473.450000	-79.845908
473.475000	-79.846106
473.500000	-79.846304
473.525000	-79.846502
473.550000	-79.846700
473.575000	-79.846899
473.600000	-79.847097
473.625000	-79.847295
473.650000	-79.847493
473.675000	-79.847691
473.700000	-79.847889
473.725000	-79.848087
473.750000	-79.848285
473.775000	-79.848483
473.800000	-79.848681
473.825000	-79.848879
473.850000	-79.849077
473.875000	-79.849275
473.900000	-79.849473
473.925000	-79.849671
473.950000	-79.849869
473.975000	-79.850066
474.000000	-79.850264
474.025000	-79.850462
474.050000	-79.850660
474.075000	-79.850858
474.100000	-79.851055
474.125000	-79.851253
474.150000	-79.851451
474.175000	-79.851648
474.200000	-79.851846
474.225000	-79.852044
474.250000	-79.852241
474.275000	-79.852439
474.300000	-79.852637
474.325000	-79.852834
474.350000	-79.853032
474.375000	-79.853229
474.400000	-79.853427
474.425000	-79.853624
474.450000	-79.853822
474.475000	-79.854019
474.500000	-79.854217
474.525000	-79.854414
474.550000	-79.854611
474.575000	-79.854809
474.600000	-79.855006
474.625000	-79.855203
474.650000	-79.855401
474.675000	-79.855598
474.700000	-79.855795
474.725000	-79.855993
474.750000	-79.856190
474.775000	-79.856387
474.800000	-79.856584
474.825000	-79.856781
474.850000	-79.856979
474.875000	-79.857176
474.900000	-79.857373
474.925000	-79.857570
474.950000	-79.857767
474.975000	-79.857964
475.000000	-79.858161
475.025000	-79.858358
475.050000	-79.858555
475.075000	-79.858752
475.100000	-79.858949
475.125000	-79.859146
475.150000	-79.859343
475.175000	-79.859540
475.200000	-79.859737
475.225000	-79.859934
475.250000	-79.860130
475.275000	-79.860327
475.300000	-79.860524
475.325000	-79.860721
475.350000	-79.860918
475.375000	-79.861114
475.400000	-79.861311
475.425000	-79.861508
475.450000	-79.861704
475.475000	-79.861901
475.500000	-79.862098
475.525000	-79.862294
475.550000	-79.862491
475.575000	-79.862688
475.600000	-79.862884
475.625000	-79.863081
475.650000	-79.863277
475.675000	-79.863474
475.700000	-79.863670
475.725000	-79.863867
475.750000	-79.864063
475.775000	-79.864260
475.800000	-79.864456
475.825000	-79.864652
475.850000	-79.864849
475.875000	-79.865045
475.900000	-79.865241
475.925000	-79.865438
475.950000	-79.865634
475.975000	-79.865830
476.000000	-79.866027
476.025000	-79.866223
476.050000	-79.866419
476.075000	-79.866615
476.100000	-79.866811
476.125000	-79.867008
476.150000	-79.867204
476.175000	-79.867400
476.200000	-79.867596
476.225000	-79.867792
476.250000	-79.867988
476.275000	-79.868184
476.300000	-79.868380
476.325000	-79.868576
476.350000	-79.868772
476.375000	-79.868968
476.400000	-79.869164
476.425000	-79.869360
476.450000	-79.869556
476.475000	-79.869752
476.500000	-79.869948
476.525000	-79.870144
476.550000	-79.870339
476.575000	-79.870535
476.600000	-79.870731
476.625000	-79.870927
476.650000	-79.871123
476.675000	-79.871318
476.700000	-79.871514
476.725000	-79.871710
476.750000	-79.871905
476.775000	-79.872101
476.800000	-79.872297
476.825000	-79.872492
476.850000	-79.872688
476.875000	-79.872883
476.900000	-79.873079
476.925000	-79.873275
476.950000	-79.873470
476.975000	-79.873666
477.000000	-79.873861
477.025000	-79.874057
477.050000	-79.874252
477.075000	-79.874447
477.100000	-79.874643
477.125000	-79.874838
477.150000	-79.875034
477.175000	-79.875229
477.200000	-79.875424
477.225000	-79.875620
477.250000	-79.875815
477.275000	-79.876010
477.300000	-79.876205
477.325000	-79.876401
477.350000	-79.876596
477.375000	-79.876791
477.400000	-79.876986
477.425000	-79.877181
477.450000	-79.877376
477.475000	-79.877572
477.500000	-79.877767
477.525000	-79.877962
477.550000	-79.878157
477.575000	-79.878352
477.600000	-79.878547
477.625000	-79.878742
477.650000	-79.878937
477.675000	-79.879132
477.700000	-79.879327
477.725000	-79.879522
477.750000	-79.879717
477.775000	-79.879911
477.800000	-79.880106
477.825000	-79.880301
477.850000	-79.880496
477.875000	-79.880691
477.900000	-79.880886
477.925000	-79.881080
477.950000	-79.881275
477.975000	-79.881470
478.000000	-79.881664
478.025000	-79.881859
478.050000	-79.882054
478.075000	-79.882249
478.100000	-79.882443
478.125000	-79.882638
478.150000	-79.882832
478.175000	-79.883027
478.200000	-79.883221
478.225000	-79.883416
478.250000	-79.883611
478.275000	-79.883805
478.300000	-79.884000
478.325000	-79.884194
478.350000	-79.884388
478.375000	-79.884583
478.400000	-79.884777
478.425000	-79.884972
478.450000	-79.885166
478.475000	-79.885360
478.500000	-79.885555
478.525000	-79.885749
478.550000	-79.885943
478.575000	-79.886138
478.600000	-79.886332
478.625000	-79.886526
478.650000	-79.886720
478.675000	-79.886914
478.700000	-79.887109
478.725000	-79.887303
478.750000	-79.887497
478.775000	-79.887691
478.800000	-79.887885
478.825000	-79.888079
478.850000	-79.888273
478.875000	-79.888467
478.900000	-79.888661
478.925000	-79.888855
478.950000	-79.889049
478.975000	-79.889243
479.000000	-79.889437
479.025000	-79.889631
479.050000	-79.889825
479.075000	-79.890019
479.100000	-79.890213
479.125000	-79.890406
479.150000	-79.890600
479.175000	-79.890794
479.200000	-79.890988
479.225000	-79.891182
479.250000	-79.891375
479.275000	-79.891569
479.300000	-79.891763
479.325000	-79.891957
479.350000	-79.892150
479.375000	-79.892344
479.400000	-79.892538
479.425000	-79.892731
479.450000	-79.892925
479.475000	-79.893118
479.500000	-79.893312
479.525000	-79.893505
479.550000	-79.893699
479.575000	-79.893892
479.600000	-79.894086
479.625000	-79.894279
479.650000	-79.894473
479.675000	-79.894666
479.700000	-79.894860
479.725000	-79.895053
479.750000	-79.895246
479.775000	-79.895440
479.800000	-79.895633
479.825000	-79.895826
479.850000	-79.896020
479.875000	-79.896213
479.900000	-79.896406
479.925000	-79.896599
479.950000	-79.896793
479.975000	-79.896986
480.000000	-79.897179
480.025000	-79.897372
480.050000	-79.897565
480.075000	-79.897758
480.100000	-79.897951
480.125000	-79.898145
480.150000	-79.898338
480.175000	-79.898531
480.200000	-79.898724
480.225000	-79.898917
480.250000	-79.899110
480.275000	-79.899303
480.300000	-79.899496
480.325000	-79.899688
480.350000	-79.899881
480.375000	-79.900074
480.400000	-79.900267
480.425000	-79.900460
480.450000	-79.900653
480.475000	-79.900846
480.500000	-79.901038
480.525000	-79.901231
480.550000	-79.901424
480.575000	-79.901617
480.600000	-79.901809
480.625000	-79.902002
480.650000	-79.902195
480.675000	-79.902387
480.700000	-79.902580
480.725000	-79.902773
480.750000	-79.902965
480.775000	-79.903158
480.800000	-79.903350
480.825000	-79.903543
480.850000	-79.903735
480.875000	-79.903928
480.900000	-79.904120
480.925000	-79.904313
480.950000	-79.904505
480.975000	-79.904698
481.000000	-79.904890
481.025000	-79.905083
481.050000	-79.905275
481.075000	-79.905467
481.100000	-79.905660
481.125000	-79.905852
481.150000	-79.906044
481.175000	-79.906237
481.200000	-79.906429
481.225000	-79.906621
481.250000	-79.906813
481.275000	-79.907005
481.300000	-79.907198
481.325000	-79.907390
481.350000	-79.907582
481.375000	-79.907774
481.400000	-79.907966
481.425000	-79.908158
481.450000	-79.908350
481.475000	-79.908542
481.500000	-79.908734
481.525000	-79.908926
481.550000	-79.909118
481.575000	-79.909310
481.600000	-79.909502
481.625000	-79.909694
481.650000	-79.909886
481.675000	-79.910078
481.700000	-79.910270
481.725000	-79.910462
481.750000	-79.910654
481.775000	-79.910845
481.800000	-79.911037
481.825000	-79.911229
481.850000	-79.911421
481.875000	-79.911612
481.900000	-79.911804
481.925000	-79.911996
481.950000	-79.912188
481.975000	-79.912379
482.000000	-79.912571
482.025000	-79.912763
482.050000	-79.912954
482.075000	-79.913146
482.100000	-79.913337
482.125000	-79.913529
482.150000	-79.913720
482.175000	-79.913912
482.200000	-79.914103
482.225000	-79.914295
482.250000	-79.914486
482.275000	-79.914678
482.300000	-79.914869
482.325000	-79.915061
482.350000	-79.915252
482.375000	-79.915443
482.400000	-79.915635
482.425000	-79.915826
482.450000	-79.916017
482.475000	-79.916209
482.500000	-79.916400
482.525000	-79.916591
482.550000	-79.916782
482.575000	-79.916974
482.600000	-79.917165
482.625000	-79.917356
482.650000	-79.917547
482.675000	-79.917738
482.700000	-79.917929
482.725000	-79.918120
482.750000	-79.918312
482.775000	-79.918503
482.800000	-79.918694
482.825000	-79.918885
482.850000	-79.919076
482.875000	-79.919267
482.900000	-79.919458
482.925000	-79.919649
482.950000	-79.919840
482.975000	-79.920030
483.000000	-79.920221
483.025000	-79.920412
483.050000	-79.920603
483.075000	-79.920794
483.100000	-79.920985
483.125000	-79.921175
483.150000	-79.921366
483.175000	-79.921557
483.200000	-79.921748
483.225000	-79.921938
483.250000	-79.922129
483.275000	-79.922320
483.300000	-79.922511
483.325000	-79.922701
483.350000	-79.922892
483.375000	-79.923082
483.400000	-79.923273
483.425000	-79.923464
483.450000	-79.923654
483.475000	-79.923845
483.500000	-79.924035
483.525000	-79.924226
483.550000	-79.924416
483.575000	-79.924607
483.600000	-79.924797
483.625000	-79.924987
483.650000	-79.925178
483.675000	-79.925368
483.700000	-79.925559
483.725000	-79.925749
483.750000	-79.925939
483.775000	-79.926130
483.800000	-79.926320
483.825000	-79.926510
483.850000	-79.926700
483.875000	-79.926891
483.900000	-79.927081
483.925000	-79.927271
483.950000	-79.927461
483.975000	-79.927651
484.000000	-79.927841
484.025000	-79.928032
484.050000	-79.928222
484.075000	-79.928412
484.100000	-79.928602
484.125000	-79.928792
484.150000	-79.928982
484.175000	-79.929172
484.200000	-79.929362
484.225000	-79.929552
484.250000	-79.929742
484.275000	-79.929932
484.300000	-79.930122
484.325000	-79.930311
484.350000	-79.930501
484.375000	-79.930691
484.400000	-79.930881
484.425000	-79.931071
484.450000	-79.931261
484.475000	-79.931450
484.500000	-79.931640
484.525000	-79.931830
484.550000	-79.932020
484.575000	-79.932209
484.600000	-79.932399
484.625000	-79.932589
484.650000	-79.932778
484.675000	-79.932968
484.700000	-79.933158
484.725000	-79.933347
484.750000	-79.933537
484.775000	-79.933726
484.800000	-79.933916
484.825000	-79.934105
484.850000	-79.934295
484.875000	-79.934484
484.900000	-79.934674
484.925000	-79.934863
484.950000	-79.935053
484.975000	-79.935242
485.000000	-79.935431
485.025000	-79.935621
485.050000	-79.935810
485.075000	-79.935999
485.100000	-79.936189
485.125000	-79.936378
485.150000	-79.936567
485.175000	-79.936757
485.200000	-79.936946
485.225000	-79.937135
485.250000	-79.937324
485.275000	-79.937513
485.300000	-79.937703
485.325000	-79.937892
485.350000	-79.938081
485.375000	-79.938270
485.400000	-79.938459
485.425000	-79.938648
485.450000	-79.938837
485.475000	-79.939026
485.500000	-79.939215
485.525000	-79.939404
485.550000	-79.939593
485.575000	-79.939782
485.600000	-79.939971
485.625000	-79.940160
485.650000	-79.940349
485.675000	-79.940538
485.700000	-79.940727
485.725000	-79.940915
485.750000	-79.941104
485.775000	-79.941293
485.800000	-79.941482
485.825000	-79.941671
485.850000	-79.941859
485.875000	-79.942048
485.900000	-79.942237
485.925000	-79.942425
485.950000	-79.942614
485.975000	-79.942803
486.000000	-79.942991
486.025000	-79.943180
486.050000	-79.943369
486.075000	-79.943557
486.100000	-79.943746
486.125000	-79.943934
486.150000	-79.944123
486.175000	-79.944311
486.200000	-79.944500
486.225000	-79.944688
486.250000	-79.944877
486.275000	-79.945065
486.300000	-79.945254
486.325000	-79.945442
486.350000	-79.945630
486.375000	-79.945819
486.400000	-79.946007
486.425000	-79.946195
486.450000	-79.946384
486.475000	-79.946572
486.500000	-79.946760
486.525000	-79.946948
486.550000	-79.947137
486.575000	-79.947325
486.600000	-79.947513
486.625000	-79.947701
486.650000	-79.947889
486.675000	-79.948078
486.700000	-79.948266
486.725000	-79.948454
486.750000	-79.948642
486.775000	-79.948830
486.800000	-79.949018
486.825000	-79.949206
486.850000	-79.949394
486.875000	-79.949582
486.900000	-79.949770
486.925000	-79.949958
486.950000	-79.950146
486.975000	-79.950334
487.000000	-79.950522
487.025000	-79.950709
487.050000	-79.950897
487.075000	-79.951085
487.100000	-79.951273
487.125000	-79.951461
487.150000	-79.951648
487.175000	-79.951836
487.200000	-79.952024
487.225000	-79.952212
487.250000	-79.952399
487.275000	-79.952587
487.300000	-79.952775
487.325000	-79.952962
487.350000	-79.953150
487.375000	-79.953338
487.400000	-79.953525
487.425000	-79.953713
487.450000	-79.953900
487.475000	-79.954088
487.500000	-79.954275
487.525000	-79.954463
487.550000	-79.954650
487.575000	-79.954838
487.600000	-79.955025
487.625000	-79.955213
487.650000	-79.955400
487.675000	-79.955588
487.700000	-79.955775
487.725000	-79.955962
487.750000	-79.956150
487.775000	-79.956337
487.800000	-79.956524
487.825000	-79.956711
487.850000	-79.956899
487.875000	-79.957086
487.900000	-79.957273
487.925000	-79.957460
487.950000	-79.957648
487.975000	-79.957835
488.000000	-79.958022
488.025000	-79.958209
488.050000	-79.958396
488.075000	-79.958583
488.100000	-79.958770
488.125000	-79.958957
488.150000	-79.959144
488.175000	-79.959331
488.200000	-79.959518
488.225000	-79.959705
488.250000	-79.959892
488.275000	-79.960079
488.300000	-79.960266
488.325000	-79.960453
488.350000	-79.960640
488.375000	-79.960827
488.400000	-79.961014
488.425000	-79.961201
488.450000	-79.961387
488.475000	-79.961574
488.500000	-79.961761
488.525000	-79.961948
488.550000	-79.962134
488.575000	-79.962321
488.600000	-79.962508
488.625000	-79.962695
488.650000	-79.962881
488.675000	-79.963068
488.700000	-79.963254
488.725000	-79.963441
488.750000	-79.963628
488.775000	-79.963814
488.800000	-79.964001
488.825000	-79.964187
488.850000	-79.964374
488.875000	-79.964560
488.900000	-79.964747
488.925000	-79.964933
488.950000	-79.965120
488.975000	-79.965306
489.000000	-79.965493
489.025000	-79.965679
489.050000	-79.965865
489.075000	-79.966052
489.100000	-79.966238
489.125000	-79.966424
489.150000	-79.966611
489.175000	-79.966797
489.200000	-79.966983
489.225000	-79.967169
489.250000	-79.967356
489.275000	-79.967542
489.300000	-79.967728
489.325000	-79.967914
489.350000	-79.968100
489.375000	-79.968286
489.400000	-79.968473
489.425000	-79.968659
489.450000	-79.968845
489.475000	-79.969031
489.500000	-79.969217
489.525000	-79.969403
489.550000	-79.969589
489.575000	-79.969775
489.600000	-79.969961
489.625000	-79.970147
489.650000	-79.970333
489.675000	-79.970519
489.700000	-79.970705
489.725000	-79.970890
489.750000	-79.971076
489.775000	-79.971262
489.800000	-79.971448
489.825000	-79.971634
489.850000	-79.971819
489.875000	-79.972005
489.900000	-79.972191
489.925000	-79.972377
489.950000	-79.972562
489.975000	-79.972748
490.000000	-79.972934
490.025000	-79.973119
490.050000	-79.973305
490.075000	-79.973491
490.100000	-79.973676
490.125000	-79.973862
490.150000	-79.974047
490.175000	-79.974233
490.200000	-79.974418
490.225000	-79.974604
490.250000	-79.974789
490.275000	-79.974975
490.300000	-79.975160
490.325000	-79.975346
490.350000	-79.975531
490.375000	-79.975717
490.400000	-79.975902
490.425000	-79.976087
490.450000	-79.976273
490.475000	-79.976458
490.500000	-79.976643
490.525000	-79.976829
490.550000	-79.977014
490.575000	-79.977199
490.600000	-79.977384
490.625000	-79.977570
490.650000	-79.977755
490.675000	-79.977940
490.700000	-79.978125
490.725000	-79.978310
490.750000	-79.978495
490.775000	-79.978680
490.800000	-79.978866
490.825000	-79.979051
490.850000	-79.979236
490.875000	-79.979421
490.900000	-79.979606
490.925000	-79.979791
490.950000	-79.979976
490.975000	-79.980161
491.000000	-79.980346
491.025000	-79.980530
491.050000	-79.980715
491.075000	-79.980900
491.100000	-79.981085
491.125000	-79.981270
491.150000	-79.981455
491.175000	-79.981640
491.200000	-79.981824
491.225000	-79.982009
491.250000	-79.982194
491.275000	-79.982379
491.300000	-79.982563
491.325000	-79.982748
491.350000	-79.982933
491.375000	-79.983117
491.400000	-79.983302
491.425000	-79.983487
491.450000	-79.983671
491.475000	-79.983856
491.500000	-79.984040
491.525000	-79.984225
491.550000	-79.984410
491.575000	-79.984594
491.600000	-79.984779
491.625000	-79.984963
491.650000	-79.985147
491.675000	-79.985332
491.700000	-79.985516
491.725000	-79.985701
491.750000	-79.985885
491.775000	-79.986070
491.800000	-79.986254
491.825000	-79.986438
491.850000	-79.986623
491.875000	-79.986807
491.900000	-79.986991
491.925000	-79.987175
491.950000	-79.987360
491.975000	-79.987544
492.000000	-79.987728
492.025000	-79.987912
492.050000	-79.988096
492.075000	-79.988281
492.100000	-79.988465
492.125000	-79.988649
492.150000	-79.988833
492.175000	-79.989017
492.200000	-79.989201
492.225000	-79.989385
492.250000	-79.989569
492.275000	-79.989753
492.300000	-79.989937
492.325000	-79.990121
492.350000	-79.990305
492.375000	-79.990489
492.400000	-79.990673
492.425000	-79.990857
492.450000	-79.991041
492.475000	-79.991224
492.500000	-79.991408
492.525000	-79.991592
492.550000	-79.991776
492.575000	-79.991960
492.600000	-79.992143
492.625000	-79.992327
492.650000	-79.992511
492.675000	-79.992695
492.700000	-79.992878
492.725000	-79.993062
492.750000	-79.993246
492.775000	-79.993429
492.800000	-79.993613
492.825000	-79.993797
492.850000	-79.993980
492.875000	-79.994164
492.900000	-79.994347
492.925000	-79.994531
492.950000	-79.994714
492.975000	-79.994898
493.000000	-79.995081
493.025000	-79.995265
493.050000	-79.995448
493.075000	-79.995632
493.100000	-79.995815
493.125000	-79.995998
493.150000	-79.996182
493.175000	-79.996365
493.200000	-79.996548
493.225000	-79.996732
493.250000	-79.996915
493.275000	-79.997098
493.300000	-79.997282
493.325000	-79.997465
493.350000	-79.997648
493.375000	-79.997831
493.400000	-79.998015
493.425000	-79.998198
493.450000	-79.998381
493.475000	-79.998564
493.500000	-79.998747
493.525000	-79.998930
493.550000	-79.999113
493.575000	-79.999296
493.600000	-79.999479
493.625000	-79.999662
493.650000	-79.999845
493.675000	-80.000028
493.700000	-80.000211
493.725000	-80.000394
493.750000	-80.000577
493.775000	-80.000760
493.800000	-80.000943
493.825000	-80.001126
493.850000	-80.001309
493.875000	-80.001492
493.900000	-80.001674
493.925000	-80.001857
493.950000	-80.002040
493.975000	-80.002223
494.000000	-80.002406
494.025000	-80.002588
494.050000	-80.002771
494.075000	-80.002954
494.100000	-80.003136
494.125000	-80.003319
494.150000	-80.003502
494.175000	-80.003684
494.200000	-80.003867
494.225000	-80.004050
494.250000	-80.004232
494.275000	-80.004415
494.300000	-80.004597
494.325000	-80.004780
494.350000	-80.004962
494.375000	-80.005145
494.400000	-80.005327
494.425000	-80.005510
494.450000	-80.005692
494.475000	-80.005874
494.500000	-80.006057
494.525000	-80.006239
494.550000	-80.006422
494.575000	-80.006604
494.600000	-80.006786
494.625000	-80.006969
494.650000	-80.007151
494.675000	-80.007333
494.700000	-80.007515
494.725000	-80.007698
494.750000	-80.007880
494.775000	-80.008062
494.800000	-80.008244
494.825000	-80.008426
494.850000	-80.008608
494.875000	-80.008791
494.900000	-80.008973
494.925000	-80.009155
494.950000	-80.009337
494.975000	-80.009519
495.000000	-80.009701
495.025000	-80.009883
495.050000	-80.010065
495.075000	-80.010247
495.100000	-80.010429
495.125000	-80.010611
495.150000	-80.010793
495.175000	-80.010975
495.200000	-80.011156
495.225000	-80.011338
495.250000	-80.011520
495.275000	-80.011702
495.300000	-80.011884
495.325000	-80.012066
495.350000	-80.012247
495.375000	-80.012429
495.400000	-80.012611
495.425000	-80.012793
495.450000	-80.012974
495.475000	-80.013156
495.500000	-80.013338
495.525000	-80.013519
495.550000	-80.013701
495.575000	-80.013883
495.600000	-80.014064
495.625000	-80.014246
495.650000	-80.014427
495.675000	-80.014609
495.700000	-80.014790
495.725000	-80.014972
495.750000	-80.015153
495.775000	-80.015335
495.800000	-80.015516
495.825000	-80.015698
495.850000	-80.015879
495.875000	-80.016061
495.900000	-80.016242
495.925000	-80.016423
495.950000	-80.016605
495.975000	-80.016786
496.000000	-80.016967
496.025000	-80.017149
496.050000	-80.017330
496.075000	-80.017511
496.100000	-80.017692
496.125000	-80.017874
496.150000	-80.018055
496.175000	-80.018236
496.200000	-80.018417
496.225000	-80.018598
496.250000	-80.018780
496.275000	-80.018961
496.300000	-80.019142
496.325000	-80.019323
496.350000	-80.019504
496.375000	-80.019685
496.400000	-80.019866
496.425000	-80.020047
496.450000	-80.020228
496.475000	-80.020409
496.500000	-80.020590
496.525000	-80.020771
496.550000	-80.020952
496.575000	-80.021133
496.600000	-80.021313
496.625000	-80.021494
496.650000	-80.021675
496.675000	-80.021856
496.700000	-80.022037
496.725000	-80.022218
496.750000	-80.022398
496.775000	-80.022579
496.800000	-80.022760
496.825000	-80.022941
496.850000	-80.023121
496.875000	-80.023302
496.900000	-80.023483
496.925000	-80.023663
496.950000	-80.023844
496.975000	-80.024025
497.000000	-80.024205
497.025000	-80.024386
497.050000	-80.024566
497.075000	-80.024747
497.100000	-80.024927
497.125000	-80.025108
497.150000	-80.025288
497.175000	-80.025469
497.200000	-80.025649
497.225000	-80.025830
497.250000	-80.026010
497.275000	-80.026191
497.300000	-80.026371
497.325000	-80.026551
497.350000	-80.026732
497.375000	-80.026912
497.400000	-80.027092
497.425000	-80.027273
497.450000	-80.027453
497.475000	-80.027633
497.500000	-80.027813
497.525000	-80.027994
497.550000	-80.028174
497.575000	-80.028354
497.600000	-80.028534
497.625000	-80.028714
497.650000	-80.028894
497.675000	-80.029074
497.700000	-80.029255
497.725000	-80.029435
497.750000	-80.029615
497.775000	-80.029795
497.800000	-80.029975
497.825000	-80.030155
497.850000	-80.030335
497.875000	-80.030515
497.900000	-80.030695
497.925000	-80.030875
497.950000	-80.031055
497.975000	-80.031234
498.000000	-80.031414
498.025000	-80.031594
498.050000	-80.031774
498.075000	-80.031954
498.100000	-80.032134
498.125000	-80.032313
498.150000	-80.032493
498.175000	-80.032673
498.200000	-80.032853
498.225000	-80.033032
498.250000	-80.033212
498.275000	-80.033392
498.300000	-80.033572
498.325000	-80.033751
498.350000	-80.033931
498.375000	-80.034110
498.400000	-80.034290
498.425000	-80.034470
498.450000	-80.034649
498.475000	-80.034829
498.500000	-80.035008
498.525000	-80.035188
498.550000	-80.035367
498.575000	-80.035547
498.600000	-80.035726
498.625000	-80.035906
498.650000	-80.036085
498.675000	-80.036264
498.700000	-80.036444
498.725000	-80.036623
498.750000	-80.036803
498.775000	-80.036982
498.800000	-80.037161
498.825000	-80.037340
498.850000	-80.037520
498.875000	-80.037699
498.900000	-80.037878
498.925000	-80.038058
498.950000	-80.038237
498.975000	-80.038416
499.000000	-80.038595
499.025000	-80.038774
499.050000	-80.038953
499.075000	-80.039132
499.100000	-80.039312
499.125000	-80.039491
499.150000	-80.039670
499.175000	-80.039849
499.200000	-80.040028
499.225000	-80.040207
499.250000	-80.040386
499.275000	-80.040565
499.300000	-80.040744
499.325000	-80.040923
499.350000	-80.041102
499.375000	-80.041281
499.400000	-80.041459
499.425000	-80.041638
499.450000	-80.041817
499.475000	-80.041996
499.500000	-80.042175
499.525000	-80.042354
499.550000	-80.042532
499.575000	-80.042711
499.600000	-80.042890
499.625000	-80.043069
499.650000	-80.043247
499.675000	-80.043426
499.700000	-80.043605
499.725000	-80.043783
499.750000	-80.043962
499.775000	-80.044141
499.800000	-80.044319
499.825000	-80.044498
499.850000	-80.044676
499.875000	-80.044855
499.900000	-80.045033
499.925000	-80.045212
499.950000	-80.045390
499.975000	-80.045569
500.000000	-80.045747
500.025000	-80.045926
500.050000	-80.046104
500.075000	-80.046283
500.100000	-80.046461
500.125000	-80.046639
500.150000	-80.046818
500.175000	-80.046996
500.200000	-80.047174
500.225000	-80.047353
500.250000	-80.047531
500.275000	-80.047709
500.300000	-80.047888
500.325000	-80.048066
500.350000	-80.048244
500.375000	-80.048422
500.400000	-80.048600
500.425000	-80.048779
500.450000	-80.048957
500.475000	-80.049135
500.500000	-80.049313
500.525000	-80.049491
500.550000	-80.049669
500.575000	-80.049847
500.600000	-80.050025
500.625000	-80.050203
500.650000	-80.050381
500.675000	-80.050559
500.700000	-80.050737
500.725000	-80.050915
500.750000	-80.051093
500.775000	-80.051271
500.800000	-80.051449
500.825000	-80.051627
500.850000	-80.051805
500.875000	-80.051983
500.900000	-80.052160
500.925000	-80.052338
500.950000	-80.052516
500.975000	-80.052694
501.000000	-80.052872
501.025000	-80.053049
501.050000	-80.053227
501.075000	-80.053405
501.100000	-80.053582
501.125000	-80.053760
501.150000	-80.053938
501.175000	-80.054115
501.200000	-80.054293
501.225000	-80.054471
501.250000	-80.054648
501.275000	-80.054826
501.300000	-80.055003
501.325000	-80.055181
501.350000	-80.055358
501.375000	-80.055536
501.400000	-80.055713
501.425000	-80.055891
501.450000	-80.056068
501.475000	-80.056246
501.500000	-80.056423
501.525000	-80.056600
501.550000	-80.056778
501.575000	-80.056955
501.600000	-80.057132
501.625000	-80.057310
501.650000	-80.057487
501.675000	-80.057664
501.700000	-80.057842
501.725000	-80.058019
501.750000	-80.058196
501.775000	-80.058373
501.800000	-80.058551
501.825000	-80.058728
501.850000	-80.058905
501.875000	-80.059082
501.900000	-80.059259
501.925000	-80.059436
501.950000	-80.059613
501.975000	-80.059790
502.000000	-80.059967
502.025000	-80.060145
502.050000	-80.060322
502.075000	-80.060499
502.100000	-80.060676
502.125000	-80.060853
502.150000	-80.061029
502.175000	-80.061206
502.200000	-80.061383
502.225000	-80.061560
502.250000	-80.061737
502.275000	-80.061914
502.300000	-80.062091
502.325000	-80.062268
502.350000	-80.062444
502.375000	-80.062621
502.400000	-80.062798
502.425000	-80.062975
502.450000	-80.063152
502.475000	-80.063328
502.500000	-80.063505
502.525000	-80.063682
502.550000	-80.063858
502.575000	-80.064035
502.600000	-80.064212
502.625000	-80.064388
502.650000	-80.064565
502.675000	-80.064741
502.700000	-80.064918
502.725000	-80.065095
502.750000	-80.065271
502.775000	-80.065448
502.800000	-80.065624
502.825000	-80.065801
502.850000	-80.065977
502.875000	-80.066153
502.900000	-80.066330
502.925000	-80.066506
502.950000	-80.066683
502.975000	-80.066859
503.000000	-80.067035
503.025000	-80.067212
503.050000	-80.067388
503.075000	-80.067564
503.100000	-80.067741
503.125000	-80.067917
503.150000	-80.068093
503.175000	-80.068269
503.200000	-80.068446
503.225000	-80.068622
503.250000	-80.068798
503.275000	-80.068974
503.300000	-80.069150
503.325000	-80.069327
503.350000	-80.069503
503.375000	-80.069679
503.400000	-80.069855
503.425000	-80.070031
503.450000	-80.070207
503.475000	-80.070383
503.500000	-80.070559
503.525000	-80.070735
503.550000	-80.070911
503.575000	-80.071087
503.600000	-80.071263
503.625000	-80.071439
503.650000	-80.071615
503.675000	-80.071791
503.700000	-80.071966
503.725000	-80.072142
503.750000	-80.072318
503.775000	-80.072494
503.800000	-80.072670
503.825000	-80.072845
503.850000	-80.073021
503.875000	-80.073197
503.900000	-80.073373
503.925000	-80.073548
503.950000	-80.073724
503.975000	-80.073900
504.000000	-80.074075
504.025000	-80.074251
504.050000	-80.074427
504.075000	-80.074602
504.100000	-80.074778
504.125000	-80.074954
504.150000	-80.075129
504.175000	-80.075305
504.200000	-80.075480
504.225000	-80.075656
504.250000	-80.075831
504.275000	-80.076007
504.300000	-80.076182
504.325000	-80.076357
504.350000	-80.076533
504.375000	-80.076708
504.400000	-80.076884
504.425000	-80.077059
504.450000	-80.077234
504.475000	-80.077410
504.500000	-80.077585
504.525000	-80.077760
504.550000	-80.077936
504.575000	-80.078111
504.600000	-80.078286
504.625000	-80.078461
504.650000	-80.078637
504.675000	-80.078812
504.700000	-80.078987
504.725000	-80.079162
504.750000	-80.079337
504.775000	-80.079512
504.800000	-80.079687
504.825000	-80.079863
504.850000	-80.080038
504.875000	-80.080213
504.900000	-80.080388
504.925000	-80.080563
504.950000	-80.080738
504.975000	-80.080913
505.000000	-80.081088
505.025000	-80.081263
505.050000	-80.081438
505.075000	-80.081613
505.100000	-80.081787
505.125000	-80.081962
505.150000	-80.082137
505.175000	-80.082312
505.200000	-80.082487
505.225000	-80.082662
505.250000	-80.082836
505.275000	-80.083011
505.300000	-80.083186
505.325000	-80.083361
505.350000	-80.083535
505.375000	-80.083710
505.400000	-80.083885
505.425000	-80.084060
505.450000	-80.084234
505.475000	-80.084409
505.500000	-80.084583
505.525000	-80.084758
505.550000	-80.084933
505.575000	-80.085107
505.600000	-80.085282
505.625000	-80.085456
505.650000	-80.085631
505.675000	-80.085805
505.700000	-80.085980
505.725000	-80.086154
505.750000	-80.086329
505.775000	-80.086503
505.800000	-80.086678
505.825000	-80.086852
505.850000	-80.087026
505.875000	-80.087201
505.900000	-80.087375
505.925000	-80.087549
505.950000	-80.087724
505.975000	-80.087898
506.000000	-80.088072
506.025000	-80.088247
506.050000	-80.088421
506.075000	-80.088595
506.100000	-80.088769
506.125000	-80.088943
506.150000	-80.089118
506.175000	-80.089292
506.200000	-80.089466
506.225000	-80.089640
506.250000	-80.089814
506.275000	-80.089988
506.300000	-80.090162
506.325000	-80.090336
506.350000	-80.090510
506.375000	-80.090684
506.400000	-80.090858
506.425000	-80.091032
506.450000	-80.091206
506.475000	-80.091380
506.500000	-80.091554
506.525000	-80.091728
506.550000	-80.091902
506.575000	-80.092076
506.600000	-80.092250
506.625000	-80.092424
506.650000	-80.092597
506.675000	-80.092771
506.700000	-80.092945
506.725000	-80.093119
506.750000	-80.093293
506.775000	-80.093466
506.800000	-80.093640
506.825000	-80.093814
506.850000	-80.093987
506.875000	-80.094161
506.900000	-80.094335
506.925000	-80.094508
506.950000	-80.094682
506.975000	-80.094856
507.000000	-80.095029
507.025000	-80.095203
507.050000	-80.095376
507.075000	-80.095550
507.100000	-80.095723
507.125000	-80.095897
507.150000	-80.096070
507.175000	-80.096244
507.200000	-80.096417
507.225000	-80.096591
507.250000	-80.096764
507.275000	-80.096938
507.300000	-80.097111
507.325000	-80.097284
507.350000	-80.097458
507.375000	-80.097631
507.400000	-80.097804
507.425000	-80.097978
507.450000	-80.098151
507.475000	-80.098324
507.500000	-80.098497
507.525000	-80.098671
507.550000	-80.098844
507.575000	-80.099017
507.600000	-80.099190
507.625000	-80.099363
507.650000	-80.099537
507.675000	-80.099710
507.700000	-80.099883
507.725000	-80.100056
507.750000	-80.100229
507.775000	-80.100402
507.800000	-80.100575
507.825000	-80.100748
507.850000	-80.100921
507.875000	-80.101094
507.900000	-80.101267
507.925000	-80.101440
507.950000	-80.101613
507.975000	-80.101786
508.000000	-80.101959
508.025000	-80.102132
508.050000	-80.102305
508.075000	-80.102477
508.100000	-80.102650
508.125000	-80.102823
508.150000	-80.102996
508.175000	-80.103169
508.200000	-80.103341
508.225000	-80.103514
508.250000	-80.103687
508.275000	-80.103860
508.300000	-80.104032
508.325000	-80.104205
508.350000	-80.104378
508.375000	-80.104550
508.400000	-80.104723
508.425000	-80.104895
508.450000	-80.105068
508.475000	-80.105241
508.500000	-80.105413
508.525000	-80.105586
508.550000	-80.105758
508.575000	-80.105931
508.600000	-80.106103
508.625000	-80.106276
508.650000	-80.106448
508.675000	-80.106621
508.700000	-80.106793
508.725000	-80.106966
508.750000	-80.107138
508.775000	-80.107310
508.800000	-80.107483
508.825000	-80.107655
508.850000	-80.107827
508.875000	-80.108000
508.900000	-80.108172
508.925000	-80.108344
508.950000	-80.108516
508.975000	-80.108689
509.000000	-80.108861
509.025000	-80.109033
509.050000	-80.109205
509.075000	-80.109377
509.100000	-80.109550
509.125000	-80.109722
509.150000	-80.109894
509.175000	-80.110066
509.200000	-80.110238
509.225000	-80.110410
509.250000	-80.110582
509.275000	-80.110754
509.300000	-80.110926
509.325000	-80.111098
509.350000	-80.111270
509.375000	-80.111442
509.400000	-80.111614
509.425000	-80.111786
509.450000	-80.111958
509.475000	-80.112130
509.500000	-80.112302
509.525000	-80.112474
509.550000	-80.112645
509.575000	-80.112817
509.600000	-80.112989
509.625000	-80.113161
509.650000	-80.113333
509.675000	-80.113504
509.700000	-80.113676
509.725000	-80.113848
509.750000	-80.114020
509.775000	-80.114191
509.800000	-80.114363
509.825000	-80.114535
509.850000	-80.114706
509.875000	-80.114878
509.900000	-80.115050
509.925000	-80.115221
509.950000	-80.115393
509.975000	-80.115564
510.000000	-80.115736
510.025000	-80.115907
510.050000	-80.116079
510.075000	-80.116250
510.100000	-80.116422
510.125000	-80.116593
510.150000	-80.116765
510.175000	-80.116936
510.200000	-80.117108
510.225000	-80.117279
510.250000	-80.117450
510.275000	-80.117622
510.300000	-80.117793
510.325000	-80.117964
510.350000	-80.118136
510.375000	-80.118307
510.400000	-80.118478
510.425000	-80.118649
510.450000	-80.118821
510.475000	-80.118992
510.500000	-80.119163
510.525000	-80.119334
510.550000	-80.119505
510.575000	-80.119677
510.600000	-80.119848
510.625000	-80.120019
510.650000	-80.120190
510.675000	-80.120361
510.700000	-80.120532
510.725000	-80.120703
510.750000	-80.120874
510.775000	-80.121045
510.800000	-80.121216
510.825000	-80.121387
510.850000	-80.121558
510.875000	-80.121729
510.900000	-80.121900
510.925000	-80.122071
510.950000	-80.122242
510.975000	-80.122413
511.000000	-80.122584
511.025000	-80.122754
511.050000	-80.122925
511.075000	-80.123096
511.100000	-80.123267
511.125000	-80.123438
511.150000	-80.123608
511.175000	-80.123779
511.200000	-80.123950
511.225000	-80.124121
511.250000	-80.124291
511.275000	-80.124462
511.300000	-80.124633
511.325000	-80.124803
511.350000	-80.124974
511.375000	-80.125145
511.400000	-80.125315
511.425000	-80.125486
511.450000	-80.125656
511.475000	-80.125827
511.500000	-80.125997
511.525000	-80.126168
511.550000	-80.126338
511.575000	-80.126509
511.600000	-80.126679
511.625000	-80.126850
511.650000	-80.127020
511.675000	-80.127191
511.700000	-80.127361
511.725000	-80.127531
511.750000	-80.127702
511.775000	-80.127872
511.800000	-80.128042
511.825000	-80.128213
511.850000	-80.128383
511.875000	-80.128553
511.900000	-80.128723
511.925000	-80.128894
511.950000	-80.129064
511.975000	-80.129234
512.000000	-80.129404
512.025000	-80.129574
512.050000	-80.129745
512.075000	-80.129915
512.100000	-80.130085
512.125000	-80.130255
512.150000	-80.130425
512.175000	-80.130595
512.200000	-80.130765
512.225000	-80.130935
512.250000	-80.131105
512.275000	-80.131275
512.300000	-80.131445
512.325000	-80.131615
512.350000	-80.131785
512.375000	-80.131955
512.400000	-80.132125
512.425000	-80.132295
512.450000	-80.132465
512.475000	-80.132635
512.500000	-80.132805
512.525000	-80.132974
512.550000	-80.133144
512.575000	-80.133314
512.600000	-80.133484
512.625000	-80.133654
512.650000	-80.133823
512.675000	-80.133993
512.700000	-80.134163
512.725000	-80.134333
512.750000	-80.134502
512.775000	-80.134672
512.800000	-80.134842
512.825000	-80.135011
512.850000	-80.135181
512.875000	-80.135350
512.900000	-80.135520
512.925000	-80.135690
512.950000	-80.135859
512.975000	-80.136029
513.000000	-80.136198
513.025000	-80.136368
513.050000	-80.136537
513.075000	-80.136707
513.100000	-80.136876
513.125000	-80.137045
513.150000	-80.137215
513.175000	-80.137384
513.200000	-80.137554
513.225000	-80.137723
513.250000	-80.137892
513.275000	-80.138062
513.300000	-80.138231
513.325000	-80.138400
513.350000	-80.138570
513.375000	-80.138739
513.400000	-80.138908
513.425000	-80.139077
513.450000	-80.139247
513.475000	-80.139416
513.500000	-80.139585
513.525000	-80.139754
513.550000	-80.139923
513.575000	-80.140092
513.600000	-80.140262
513.625000	-80.140431
513.650000	-80.140600
513.675000	-80.140769
513.700000	-80.140938
513.725000	-80.141107
513.750000	-80.141276
513.775000	-80.141445
513.800000	-80.141614
513.825000	-80.141783
513.850000	-80.141952
513.875000	-80.142121
513.900000	-80.142290
513.925000	-80.142459
513.950000	-80.142627
513.975000	-80.142796
514.000000	-80.142965
514.025000	-80.143134
514.050000	-80.143303
514.075000	-80.143472
514.100000	-80.143640
514.125000	-80.143809
514.150000	-80.143978
514.175000	-80.144147
514.200000	-80.144315
514.225000	-80.144484
514.250000	-80.144653
514.275000	-80.144821
514.300000	-80.144990
514.325000	-80.145159
514.350000	-80.145327
514.375000	-80.145496
514.400000	-80.145664
514.425000	-80.145833
514.450000	-80.146002
514.475000	-80.146170
514.500000	-80.146339
514.525000	-80.146507
514.550000	-80.146676
514.575000	-80.146844
514.600000	-80.147013
514.625000	-80.147181
514.650000	-80.147349
514.675000	-80.147518
514.700000	-80.147686
514.725000	-80.147855
514.750000	-80.148023
514.775000	-80.148191
514.800000	-80.148360
514.825000	-80.148528
514.850000	-80.148696
514.875000	-80.148864
514.900000	-80.149033
514.925000	-80.149201
514.950000	-80.149369
514.975000	-80.149537
515.000000	-80.149705
515.025000	-80.149874
515.050000	-80.150042
515.075000	-80.150210
515.100000	-80.150378
515.125000	-80.150546
515.150000	-80.150714
515.175000	-80.150882
515.200000	-80.151050
515.225000	-80.151218
515.250000	-80.151386
515.275000	-80.151554
515.300000	-80.151722
515.325000	-80.151890
515.350000	-80.152058
515.375000	-80.152226
515.400000	-80.152394
515.425000	-80.152562
515.450000	-80.152730
515.475000	-80.152898
515.500000	-80.153066
515.525000	-80.153233
515.550000	-80.153401
515.575000	-80.153569
515.600000	-80.153737
515.625000	-80.153905
515.650000	-80.154072
515.675000	-80.154240
515.700000	-80.154408
515.725000	-80.154576
515.750000	-80.154743
515.775000	-80.154911
515.800000	-80.155079
515.825000	-80.155246
515.850000	-80.155414
515.875000	-80.155581
515.900000	-80.155749
515.925000	-80.155917
515.950000	-80.156084
515.975000	-80.156252
516.000000	-80.156419
516.025000	-80.156587
516.050000	-80.156754
516.075000	-80.156922
516.100000	-80.157089
516.125000	-80.157257
516.150000	-80.157424
516.175000	-80.157591
516.200000	-80.157759
516.225000	-80.157926
516.250000	-80.158093
516.275000	-80.158261
516.300000	-80.158428
516.325000	-80.158595
516.350000	-80.158763
516.375000	-80.158930
516.400000	-80.159097
516.425000	-80.159264
516.450000	-80.159432
516.475000	-80.159599
516.500000	-80.159766
516.525000	-80.159933
516.550000	-80.160100
516.575000	-80.160268
516.600000	-80.160435
516.625000	-80.160602
516.650000	-80.160769
516.675000	-80.160936
516.700000	-80.161103
516.725000	-80.161270
516.750000	-80.161437
516.775000	-80.161604
516.800000	-80.161771
516.825000	-80.161938
516.850000	-80.162105
516.875000	-80.162272
516.900000	-80.162439
516.925000	-80.162606
516.950000	-80.162773
516.975000	-80.162940
517.000000	-80.163106
517.025000	-80.163273
517.050000	-80.163440
517.075000	-80.163607
517.100000	-80.163774
517.125000	-80.163940
517.150000	-80.164107
517.175000	-80.164274
517.200000	-80.164441
517.225000	-80.164607
517.250000	-80.164774
517.275000	-80.164941
517.300000	-80.165107
517.325000	-80.165274
517.350000	-80.165441
517.375000	-80.165607
517.400000	-80.165774
517.425000	-80.165940
517.450000	-80.166107
517.475000	-80.166274
517.500000	-80.166440
517.525000	-80.166607
517.550000	-80.166773
517.575000	-80.166940
517.600000	-80.167106
517.625000	-80.167272
517.650000	-80.167439
517.675000	-80.167605
517.700000	-80.167772
517.725000	-80.167938
517.750000	-80.168104
517.775000	-80.168271
517.800000	-80.168437
517.825000	-80.168603
517.850000	-80.168770
517.875000	-80.168936
517.900000	-80.169102
517.925000	-80.169269
517.950000	-80.169435
517.975000	-80.169601
518.000000	-80.169767
518.025000	-80.169933
518.050000	-80.170100
518.075000	-80.170266
518.100000	-80.170432
518.125000	-80.170598
518.150000	-80.170764
518.175000	-80.170930
518.200000	-80.171096
518.225000	-80.171262
518.250000	-80.171428
518.275000	-80.171594
518.300000	-80.171760
518.325000	-80.171926
518.350000	-80.172092
518.375000	-80.172258
518.400000	-80.172424
518.425000	-80.172590
518.450000	-80.172756
518.475000	-80.172922
518.500000	-80.173088
518.525000	-80.173254
518.550000	-80.173419
518.575000	-80.173585
518.600000	-80.173751
518.625000	-80.173917
518.650000	-80.174083
518.675000	-80.174248
518.700000	-80.174414
518.725000	-80.174580
518.750000	-80.174746
518.775000	-80.174911
518.800000	-80.175077
518.825000	-80.175243
518.850000	-80.175408
518.875000	-80.175574
518.900000	-80.175739
518.925000	-80.175905
518.950000	-80.176071
518.975000	-80.176236
519.000000	-80.176402
519.025000	-80.176567
519.050000	-80.176733
519.075000	-80.176898
519.100000	-80.177064
519.125000	-80.177229
519.150000	-80.177395
519.175000	-80.177560
519.200000	-80.177726
519.225000	-80.177891
519.250000	-80.178056
519.275000	-80.178222
519.300000	-80.178387
519.325000	-80.178552
519.350000	-80.178718
519.375000	-80.178883
519.400000	-80.179048
519.425000	-80.179214
519.450000	-80.179379
519.475000	-80.179544
519.500000	-80.179709
519.525000	-80.179874
519.550000	-80.180040
519.575000	-80.180205
519.600000	-80.180370
519.625000	-80.180535
519.650000	-80.180700
519.675000	-80.180865
519.700000	-80.181030
519.725000	-80.181195
519.750000	-80.181360
519.775000	-80.181526
519.800000	-80.181691
519.825000	-80.181856
519.850000	-80.182021
519.875000	-80.182186
519.900000	-80.182350
519.925000	-80.182515
519.950000	-80.182680
519.975000	-80.182845
520.000000	-80.183010
520.025000	-80.183175
520.050000	-80.183340
520.075000	-80.183505
520.100000	-80.183670
520.125000	-80.183834
520.150000	-80.183999
520.175000	-80.184164
520.200000	-80.184329
520.225000	-80.184493
520.250000	-80.184658
520.275000	-80.184823
520.300000	-80.184988
520.325000	-80.185152
520.350000	-80.185317
520.375000	-80.185482
520.400000	-80.185646
520.425000	-80.185811
520.450000	-80.185975
520.475000	-80.186140
520.500000	-80.186305
520.525000	-80.186469
520.550000	-80.186634
520.575000	-80.186798
520.600000	-80.186963
520.625000	-80.187127
520.650000	-80.187292
520.675000	-80.187456
520.700000	-80.187620
520.725000	-80.187785
520.750000	-80.187949
520.775000	-80.188114
520.800000	-80.188278
520.825000	-80.188442
520.850000	-80.188607
520.875000	-80.188771
520.900000	-80.188935
520.925000	-80.189100
520.950000	-80.189264
520.975000	-80.189428
521.000000	-80.189592
521.025000	-80.189757
521.050000	-80.189921
521.075000	-80.190085
521.100000	-80.190249
521.125000	-80.190413
521.150000	-80.190578
521.175000	-80.190742
521.200000	-80.190906
521.225000	-80.191070
521.250000	-80.191234
521.275000	-80.191398
521.300000	-80.191562
521.325000	-80.191726
521.350000	-80.191890
521.375000	-80.192054
521.400000	-80.192218
521.425000	-80.192382
521.450000	-80.192546
521.475000	-80.192710
521.500000	-80.192874
521.525000	-80.193038
521.550000	-80.193202
521.575000	-80.193366
521.600000	-80.193529
521.625000	-80.193693
521.650000	-80.193857
521.675000	-80.194021
521.700000	-80.194185
521.725000	-80.194348
521.750000	-80.194512
521.775000	-80.194676
521.800000	-80.194840
521.825000	-80.195003
521.850000	-80.195167
521.875000	-80.195331
521.900000	-80.195494
521.925000	-80.195658
521.950000	-80.195822
521.975000	-80.195985
522.000000	-80.196149
522.025000	-80.196312
522.050000	-80.196476
522.075000	-80.196639
522.100000	-80.196803
522.125000	-80.196967
522.150000	-80.197130
522.175000	-80.197293
522.200000	-80.197457
522.225000	-80.197620
522.250000	-80.197784
522.275000	-80.197947
522.300000	-80.198111
522.325000	-80.198274
522.350000	-80.198437
522.375000	-80.198601
522.400000	-80.198764
522.425000	-80.198927
522.450000	-80.199091
522.475000	-80.199254
522.500000	-80.199417
522.525000	-80.199581
522.550000	-80.199744
522.575000	-80.199907
522.600000	-80.200070
522.625000	-80.200233
522.650000	-80.200397
522.675000	-80.200560
522.700000	-80.200723
522.725000	-80.200886
522.750000	-80.201049
522.775000	-80.201212
522.800000	-80.201375
522.825000	-80.201538
522.850000	-80.201701
522.875000	-80.201864
522.900000	-80.202027
522.925000	-80.202190
522.950000	-80.202353
522.975000	-80.202516
523.000000	-80.202679
523.025000	-80.202842
523.050000	-80.203005
523.075000	-80.203168
523.100000	-80.203331
523.125000	-80.203494
523.150000	-80.203657
523.175000	-80.203819
523.200000	-80.203982
523.225000	-80.204145
523.250000	-80.204308
523.275000	-80.204471
523.300000	-80.204633
523.325000	-80.204796
523.350000	-80.204959
523.375000	-80.205122
523.400000	-80.205284
523.425000	-80.205447
523.450000	-80.205610
523.475000	-80.205772
523.500000	-80.205935
523.525000	-80.206097
523.550000	-80.206260
523.575000	-80.206423
523.600000	-80.206585
523.625000	-80.206748
523.650000	-80.206910
523.675000	-80.207073
523.700000	-80.207235
523.725000	-80.207398
523.750000	-80.207560
523.775000	-80.207723
523.800000	-80.207885
523.825000	-80.208048
523.850000	-80.208210
523.875000	-80.208372
523.900000	-80.208535
523.925000	-80.208697
523.950000	-80.208859
523.975000	-80.209022
524.000000	-80.209184
524.025000	-80.209346
524.050000	-80.209509
524.075000	-80.209671
524.100000	-80.209833
524.125000	-80.209995
524.150000	-80.210157
524.175000	-80.210320
524.200000	-80.210482
524.225000	-80.210644
524.250000	-80.210806
524.275000	-80.210968
524.300000	-80.211130
524.325000	-80.211292
524.350000	-80.211455
524.375000	-80.211617
524.400000	-80.211779
524.425000	-80.211941
524.450000	-80.212103
524.475000	-80.212265
524.500000	-80.212427
524.525000	-80.212589
524.550000	-80.212751
524.575000	-80.212913
524.600000	-80.213075
524.625000	-80.213236
524.650000	-80.213398
524.675000	-80.213560
524.700000	-80.213722
524.725000	-80.213884
524.750000	-80.214046
524.775000	-80.214208
524.800000	-80.214369
524.825000	-80.214531
524.850000	-80.214693
524.875000	-80.214855
524.900000	-80.215016
524.925000	-80.215178
524.950000	-80.215340
524.975000	-80.215501
525.000000	-80.215663
525.025000	-80.215825
525.050000	-80.215986
525.075000	-80.216148
525.100000	-80.216310
525.125000	-80.216471
525.150000	-80.216633
525.175000	-80.216794
525.200000	-80.216956
525.225000	-80.217117
525.250000	-80.217279
525.275000	-80.217440
525.300000	-80.217602
525.325000	-80.217763
525.350000	-80.217925
525.375000	-80.218086
525.400000	-80.218248
525.425000	-80.218409
525.450000	-80.218570
525.475000	-80.218732
525.500000	-80.218893
525.525000	-80.219054
525.550000	-80.219216
525.575000	-80.219377
525.600000	-80.219538
525.625000	-80.219699
525.650000	-80.219861
525.675000	-80.220022
525.700000	-80.220183
525.725000	-80.220344
525.750000	-80.220506
525.775000	-80.220667
525.800000	-80.220828
525.825000	-80.220989
525.850000	-80.221150
525.875000	-80.221311
525.900000	-80.221472
525.925000	-80.221633
525.950000	-80.221795
525.975000	-80.221956
526.000000	-80.222117
526.025000	-80.222278
526.050000	-80.222439
526.075000	-80.222600
526.100000	-80.222761
526.125000	-80.222921
526.150000	-80.223082
526.175000	-80.223243
526.200000	-80.223404
526.225000	-80.223565
526.250000	-80.223726
526.275000	-80.223887
526.300000	-80.224048
526.325000	-80.224208
526.350000	-80.224369
526.375000	-80.224530
526.400000	-80.224691
526.425000	-80.224852
526.450000	-80.225012
526.475000	-80.225173
526.500000	-80.225334
526.525000	-80.225494
526.550000	-80.225655
526.575000	-80.225816
526.600000	-80.225976
526.625000	-80.226137
526.650000	-80.226298
526.675000	-80.226458
526.700000	-80.226619
526.725000	-80.226779
526.750000	-80.226940
526.775000	-80.227101
526.800000	-80.227261
526.825000	-80.227422
526.850000	-80.227582
526.875000	-80.227743
526.900000	-80.227903
526.925000	-80.228063
526.950000	-80.228224
526.975000	-80.228384
527.000000	-80.228545
527.025000	-80.228705
527.050000	-80.228865
527.075000	-80.229026
527.100000	-80.229186
527.125000	-80.229346
527.150000	-80.229507
527.175000	-80.229667
527.200000	-80.229827
527.225000	-80.229987
527.250000	-80.230148
527.275000	-80.230308
527.300000	-80.230468
527.325000	-80.230628
527.350000	-80.230788
527.375000	-80.230949
527.400000	-80.231109
527.425000	-80.231269
527.450000	-80.231429
527.475000	-80.231589
527.500000	-80.231749
527.525000	-80.231909
527.550000	-80.232069
527.575000	-80.232229
527.600000	-80.232389
527.625000	-80.232549
527.650000	-80.232709
527.675000	-80.232869
527.700000	-80.233029
527.725000	-80.233189
527.750000	-80.233349
527.775000	-80.233509
527.800000	-80.233669
527.825000	-80.233829
527.850000	-80.233989
527.875000	-80.234148
527.900000	-80.234308
527.925000	-80.234468
527.950000	-80.234628
527.975000	-80.234788
528.000000	-80.234947
528.025000	-80.235107
528.050000	-80.235267
528.075000	-80.235427
528.100000	-80.235586
528.125000	-80.235746
528.150000	-80.235906
528.175000	-80.236065
528.200000	-80.236225
528.225000	-80.236384
528.250000	-80.236544
528.275000	-80.236704
528.300000	-80.236863
528.325000	-80.237023
528.350000	-80.237182
528.375000	-80.237342
528.400000	-80.237501
528.425000	-80.237661
528.450000	-80.237820
528.475000	-80.237980
528.500000	-80.238139
528.525000	-80.238299
528.550000	-80.238458
528.575000	-80.238617
528.600000	-80.238777
528.625000	-80.238936
528.650000	-80.239096
528.675000	-80.239255
528.700000	-80.239414
528.725000	-80.239574
528.750000	-80.239733
528.775000	-80.239892
528.800000	-80.240051
528.825000	-80.240211
528.850000	-80.240370
528.875000	-80.240529
528.900000	-80.240688
528.925000	-80.240847
528.950000	-80.241007
528.975000	-80.241166
529.000000	-80.241325
529.025000	-80.241484
529.050000	-80.241643
529.075000	-80.241802
529.100000	-80.241961
529.125000	-80.242120
529.150000	-80.242279
529.175000	-80.242438
529.200000	-80.242597
529.225000	-80.242756
529.250000	-80.242915
529.275000	-80.243074
529.300000	-80.243233
529.325000	-80.243392
529.350000	-80.243551
529.375000	-80.243710
529.400000	-80.243869
529.425000	-80.244028
529.450000	-80.244186
529.475000	-80.244345
529.500000	-80.244504
529.525000	-80.244663
529.550000	-80.244822
529.575000	-80.244980
529.600000	-80.245139
529.625000	-80.245298
529.650000	-80.245457
529.675000	-80.245615
529.700000	-80.245774
529.725000	-80.245933
529.750000	-80.246091
529.775000	-80.246250
529.800000	-80.246409
529.825000	-80.246567
529.850000	-80.246726
529.875000	-80.246884
529.900000	-80.247043
529.925000	-80.247202
529.950000	-80.247360
529.975000	-80.247519
530.000000	-80.247677
530.025000	-80.247836
530.050000	-80.247994
530.075000	-80.248153
530.100000	-80.248311
530.125000	-80.248469
530.150000	-80.248628
530.175000	-80.248786
530.200000	-80.248945
530.225000	-80.249103
530.250000	-80.249261
530.275000	-80.249420
530.300000	-80.249578
530.325000	-80.249736
530.350000	-80.249895
530.375000	-80.250053
530.400000	-80.250211
530.425000	-80.250369
530.450000	-80.250528
530.475000	-80.250686
530.500000	-80.250844
530.525000	-80.251002
530.550000	-80.251160
530.575000	-80.251318
530.600000	-80.251477
530.625000	-80.251635
530.650000	-80.251793
530.675000	-80.251951
530.700000	-80.252109
530.725000	-80.252267
530.750000	-80.252425
530.775000	-80.252583
530.800000	-80.252741
530.825000	-80.252899
530.850000	-80.253057
530.875000	-80.253215
530.900000	-80.253373
530.925000	-80.253531
530.950000	-80.253689
530.975000	-80.253847
531.000000	-80.254004
531.025000	-80.254162
531.050000	-80.254320
531.075000	-80.254478
531.100000	-80.254636
531.125000	-80.254794
531.150000	-80.254951
531.175000	-80.255109
531.200000	-80.255267
531.225000	-80.255425
531.250000	-80.255582
531.275000	-80.255740
531.300000	-80.255898
531.325000	-80.256055
531.350000	-80.256213
531.375000	-80.256371
531.400000	-80.256528
531.425000	-80.256686
531.450000	-80.256844
531.475000	-80.257001
531.500000	-80.257159
531.525000	-80.257316
531.550000	-80.257474
531.575000	-80.257631
531.600000	-80.257789
531.625000	-80.257946
531.650000	-80.258104
531.675000	-80.258261
531.700000	-80.258419
531.725000	-80.258576
531.750000	-80.258734
531.775000	-80.258891
531.800000	-80.259048
531.825000	-80.259206
531.850000	-80.259363
531.875000	-80.259520
531.900000	-80.259678
531.925000	-80.259835
531.950000	-80.259992
531.975000	-80.260150
532.000000	-80.260307
532.025000	-80.260464
532.050000	-80.260621
532.075000	-80.260778
532.100000	-80.260936
532.125000	-80.261093
532.150000	-80.261250
532.175000	-80.261407
532.200000	-80.261564
532.225000	-80.261721
532.250000	-80.261878
532.275000	-80.262036
532.300000	-80.262193
532.325000	-80.262350
532.350000	-80.262507
532.375000	-80.262664
532.400000	-80.262821
532.425000	-80.262978
532.450000	-80.263135
532.475000	-80.263292
532.500000	-80.263449
532.525000	-80.263606
532.550000	-80.263762
532.575000	-80.263919
532.600000	-80.264076
532.625000	-80.264233
532.650000	-80.264390
532.675000	-80.264547
532.700000	-80.264704
532.725000	-80.264860
532.750000	-80.265017
532.775000	-80.265174
532.800000	-80.265331
532.825000	-80.265487
532.850000	-80.265644
532.875000	-80.265801
532.900000	-80.265958
532.925000	-80.266114
532.950000	-80.266271
532.975000	-80.266428
533.000000	-80.266584
533.025000	-80.266741
533.050000	-80.266897
533.075000	-80.267054
533.100000	-80.267211
533.125000	-80.267367
533.150000	-80.267524
533.175000	-80.267680
533.200000	-80.267837
533.225000	-80.267993
533.250000	-80.268150
533.275000	-80.268306
533.300000	-80.268463
533.325000	-80.268619
533.350000	-80.268776
533.375000	-80.268932
533.400000	-80.269088
533.425000	-80.269245
533.450000	-80.269401
533.475000	-80.269557
533.500000	-80.269714
533.525000	-80.269870
533.550000	-80.270026
533.575000	-80.270183
533.600000	-80.270339
533.625000	-80.270495
533.650000	-80.270651
533.675000	-80.270808
533.700000	-80.270964
533.725000	-80.271120
533.750000	-80.271276
533.775000	-80.271432
533.800000	-80.271588
533.825000	-80.271745
533.850000	-80.271901
533.875000	-80.272057
533.900000	-80.272213
533.925000	-80.272369
533.950000	-80.272525
533.975000	-80.272681
534.000000	-80.272837
534.025000	-80.272993
534.050000	-80.273149
534.075000	-80.273305
534.100000	-80.273461
534.125000	-80.273617
534.150000	-80.273773
534.175000	-80.273929
534.200000	-80.274085
534.225000	-80.274240
534.250000	-80.274396
534.275000	-80.274552
534.300000	-80.274708
534.325000	-80.274864
534.350000	-80.275020
534.375000	-80.275175
534.400000	-80.275331
534.425000	-80.275487
534.450000	-80.275643
534.475000	-80.275798
534.500000	-80.275954
534.525000	-80.276110
534.550000	-80.276265
534.575000	-80.276421
534.600000	-80.276577
534.625000	-80.276732
534.650000	-80.276888
534.675000	-80.277044
534.700000	-80.277199
534.725000	-80.277355
534.750000	-80.277510
534.775000	-80.277666
534.800000	-80.277821
534.825000	-80.277977
534.850000	-80.278132
534.875000	-80.278288
534.900000	-80.278443
534.925000	-80.278599
534.950000	-80.278754
534.975000	-80.278910
535.000000	-80.279065
535.025000	-80.279220
535.050000	-80.279376
535.075000	-80.279531
535.100000	-80.279687
535.125000	-80.279842
535.150000	-80.279997
535.175000	-80.280152
535.200000	-80.280308
535.225000	-80.280463
535.250000	-80.280618
535.275000	-80.280773
535.300000	-80.280929
535.325000	-80.281084
535.350000	-80.281239
535.375000	-80.281394
535.400000	-80.281549
535.425000	-80.281705
535.450000	-80.281860
535.475000	-80.282015
535.500000	-80.282170
535.525000	-80.282325
535.550000	-80.282480
535.575000	-80.282635
535.600000	-80.282790
535.625000	-80.282945
535.650000	-80.283100
535.675000	-80.283255
535.700000	-80.283410
535.725000	-80.283565
535.750000	-80.283720
535.775000	-80.283875
535.800000	-80.284030
535.825000	-80.284185
535.850000	-80.284340
535.875000	-80.284495
535.900000	-80.284649
535.925000	-80.284804
535.950000	-80.284959
535.975000	-80.285114
536.000000	-80.285269
536.025000	-80.285423
536.050000	-80.285578
536.075000	-80.285733
536.100000	-80.285888
536.125000	-80.286042
536.150000	-80.286197
536.175000	-80.286352
536.200000	-80.286506
536.225000	-80.286661
536.250000	-80.286816
536.275000	-80.286970
536.300000	-80.287125
536.325000	-80.287280
536.350000	-80.287434
536.375000	-80.287589
536.400000	-80.287743
536.425000	-80.287898
536.450000	-80.288052
536.475000	-80.288207
536.500000	-80.288361
536.525000	-80.288516
536.550000	-80.288670
536.575000	-80.288825
536.600000	-80.288979
536.625000	-80.289133
536.650000	-80.289288
536.675000	-80.289442
536.700000	-80.289597
536.725000	-80.289751
536.750000	-80.289905
536.775000	-80.290060
536.800000	-80.290214
536.825000	-80.290368
536.850000	-80.290522
536.875000	-80.290677
536.900000	-80.290831
536.925000	-80.290985
536.950000	-80.291139
536.975000	-80.291294
537.000000	-80.291448
537.025000	-80.291602
537.050000	-80.291756
537.075000	-80.291910
537.100000	-80.292064
537.125000	-80.292218
537.150000	-80.292372
537.175000	-80.292527
537.200000	-80.292681
537.225000	-80.292835
537.250000	-80.292989
537.275000	-80.293143
537.300000	-80.293297
537.325000	-80.293451
537.350000	-80.293605
537.375000	-80.293759
537.400000	-80.293913
537.425000	-80.294066
537.450000	-80.294220
537.475000	-80.294374
537.500000	-80.294528
537.525000	-80.294682
537.550000	-80.294836
537.575000	-80.294990
537.600000	-80.295143
537.625000	-80.295297
537.650000	-80.295451
537.675000	-80.295605
537.700000	-80.295759
537.725000	-80.295912
537.750000	-80.296066
537.775000	-80.296220
537.800000	-80.296373
537.825000	-80.296527
537.850000	-80.296681
537.875000	-80.296834
537.900000	-80.296988
537.925000	-80.297142
537.950000	-80.297295
537.975000	-80.297449
538.000000	-80.297602
538.025000	-80.297756
538.050000	-80.297910
538.075000	-80.298063
538.100000	-80.298217
538.125000	-80.298370
538.150000	-80.298524
538.175000	-80.298677
538.200000	-80.298830
538.225000	-80.298984
538.250000	-80.299137
538.275000	-80.299291
538.300000	-80.299444
538.325000	-80.299598
538.350000	-80.299751
538.375000	-80.299904
538.400000	-80.300058
538.425000	-80.300211
538.450000	-80.300364
538.475000	-80.300517
538.500000	-80.300671
538.525000	-80.300824
538.550000	-80.300977
538.575000	-80.301130
538.600000	-80.301284
538.625000	-80.301437
538.650000	-80.301590
538.675000	-80.301743
538.700000	-80.301896
538.725000	-80.302049
538.750000	-80.302203
538.775000	-80.302356
538.800000	-80.302509
538.825000	-80.302662
538.850000	-80.302815
538.875000	-80.302968
538.900000	-80.303121
538.925000	-80.303274
538.950000	-80.303427
538.975000	-80.303580
539.000000	-80.303733
539.025000	-80.303886
539.050000	-80.304039
539.075000	-80.304192
539.100000	-80.304345
539.125000	-80.304498
539.150000	-80.304650
539.175000	-80.304803
539.200000	-80.304956
539.225000	-80.305109
539.250000	-80.305262
539.275000	-80.305415
539.300000	-80.305567
539.325000	-80.305720
539.350000	-80.305873
539.375000	-80.306026
539.400000	-80.306178
539.425000	-80.306331
539.450000	-80.306484
539.475000	-80.306636
539.500000	-80.306789
539.525000	-80.306942
539.550000	-80.307094
539.575000	-80.307247
539.600000	-80.307400
539.625000	-80.307552
539.650000	-80.307705
539.675000	-80.307857
539.700000	-80.308010
539.725000	-80.308162
539.750000	-80.308315
539.775000	-80.308467
539.800000	-80.308620
539.825000	-80.308772
539.850000	-80.308925
539.875000	-80.309077
539.900000	-80.309230
539.925000	-80.309382
539.950000	-80.309535
539.975000	-80.309687
540.000000	-80.309839
540.025000	-80.309992
540.050000	-80.310144
540.075000	-80.310296
540.100000	-80.310449
540.125000	-80.310601
540.150000	-80.310753
540.175000	-80.310905
540.200000	-80.311058
540.225000	-80.311210
540.250000	-80.311362
540.275000	-80.311514
540.300000	-80.311666
540.325000	-80.311819
540.350000	-80.311971
540.375000	-80.312123
540.400000	-80.312275
540.425000	-80.312427
540.450000	-80.312579
540.475000	-80.312731
540.500000	-80.312883
540.525000	-80.313035
540.550000	-80.313187
540.575000	-80.313340
540.600000	-80.313492
540.625000	-80.313643
540.650000	-80.313795
540.675000	-80.313947
540.700000	-80.314099
540.725000	-80.314251
540.750000	-80.314403
540.775000	-80.314555
540.800000	-80.314707
540.825000	-80.314859
540.850000	-80.315011
540.875000	-80.315163
540.900000	-80.315314
540.925000	-80.315466
540.950000	-80.315618
540.975000	-80.315770
541.000000	-80.315922
541.025000	-80.316073
541.050000	-80.316225
541.075000	-80.316377
541.100000	-80.316528
541.125000	-80.316680
541.150000	-80.316832
541.175000	-80.316983
541.200000	-80.317135
541.225000	-80.317287
541.250000	-80.317438
541.275000	-80.317590
541.300000	-80.317742
541.325000	-80.317893
541.350000	-80.318045
541.375000	-80.318196
541.400000	-80.318348
541.425000	-80.318499
541.450000	-80.318651
541.475000	-80.318802
541.500000	-80.318954
541.525000	-80.319105
541.550000	-80.319257
541.575000	-80.319408
541.600000	-80.319559
541.625000	-80.319711
541.650000	-80.319862
541.675000	-80.320014
541.700000	-80.320165
541.725000	-80.320316
541.750000	-80.320467
541.775000	-80.320619
541.800000	-80.320770
541.825000	-80.320921
541.850000	-80.321073
541.875000	-80.321224
541.900000	-80.321375
541.925000	-80.321526
541.950000	-80.321677
541.975000	-80.321829
542.000000	-80.321980
542.025000	-80.322131
542.050000	-80.322282
542.075000	-80.322433
542.100000	-80.322584
542.125000	-80.322735
542.150000	-80.322887
542.175000	-80.323038
542.200000	-80.323189
542.225000	-80.323340
542.250000	-80.323491
542.275000	-80.323642
542.300000	-80.323793
542.325000	-80.323944
542.350000	-80.324095
542.375000	-80.324246
542.400000	-80.324396
542.425000	-80.324547
542.450000	-80.324698
542.475000	-80.324849
542.500000	-80.325000
542.525000	-80.325151
542.550000	-80.325302
542.575000	-80.325453
542.600000	-80.325603
542.625000	-80.325754
542.650000	-80.325905
542.675000	-80.326056
542.700000	-80.326206
542.725000	-80.326357
542.750000	-80.326508
542.775000	-80.326659
542.800000	-80.326809
542.825000	-80.326960
542.850000	-80.327111
542.875000	-80.327261
542.900000	-80.327412
542.925000	-80.327562
542.950000	-80.327713
542.975000	-80.327864
543.000000	-80.328014
543.025000	-80.328165
543.050000	-80.328315
543.075000	-80.328466
543.100000	-80.328616
543.125000	-80.328767
543.150000	-80.328917
543.175000	-80.329068
543.200000	-80.329218
543.225000	-80.329369
543.250000	-80.329519
543.275000	-80.329670
543.300000	-80.329820
543.325000	-80.329970
543.350000	-80.330121
543.375000	-80.330271
543.400000	-80.330421
543.425000	-80.330572
543.450000	-80.330722
543.475000	-80.330872
543.500000	-80.331023
543.525000	-80.331173
543.550000	-80.331323
543.575000	-80.331473
543.600000	-80.331623
543.625000	-80.331774
543.650000	-80.331924
543.675000	-80.332074
543.700000	-80.332224
543.725000	-80.332374
543.750000	-80.332524
543.775000	-80.332675
543.800000	-80.332825
543.825000	-80.332975
543.850000	-80.333125
543.875000	-80.333275
543.900000	-80.333425
543.925000	-80.333575
543.950000	-80.333725
543.975000	-80.333875
544.000000	-80.334025
544.025000	-80.334175
544.050000	-80.334325
544.075000	-80.334475
544.100000	-80.334625
544.125000	-80.334775
544.150000	-80.334924
544.175000	-80.335074
544.200000	-80.335224
544.225000	-80.335374
544.250000	-80.335524
544.275000	-80.335674
544.300000	-80.335823
544.325000	-80.335973
544.350000	-80.336123
544.375000	-80.336273
544.400000	-80.336423
544.425000	-80.336572
544.450000	-80.336722
544.475000	-80.336872
544.500000	-80.337021
544.525000	-80.337171
544.550000	-80.337321
544.575000	-80.337470
544.600000	-80.337620
544.625000	-80.337770
544.650000	-80.337919
544.675000	-80.338069
544.700000	-80.338218
544.725000	-80.338368
544.750000	-80.338517
544.775000	-80.338667
544.800000	-80.338816
544.825000	-80.338966
544.850000	-80.339115
544.875000	-80.339265
544.900000	-80.339414
544.925000	-80.339564
544.950000	-80.339713
544.975000	-80.339862
545.000000	-80.340012
545.025000	-80.340161
545.050000	-80.340311
545.075000	-80.340460
545.100000	-80.340609
545.125000	-80.340759
545.150000	-80.340908
545.175000	-80.341057
545.200000	-80.341206
545.225000	-80.341356
545.250000	-80.341505
545.275000	-80.341654
545.300000	-80.341803
545.325000	-80.341953
545.350000	-80.342102
545.375000	-80.342251
545.400000	-80.342400
545.425000	-80.342549
545.450000	-80.342698
545.475000	-80.342847
545.500000	-80.342997
545.525000	-80.343146
545.550000	-80.343295
545.575000	-80.343444
545.600000	-80.343593
545.625000	-80.343742
545.650000	-80.343891
545.675000	-80.344040
545.700000	-80.344189
545.725000	-80.344338
545.750000	-80.344487
545.775000	-80.344636
545.800000	-80.344784
545.825000	-80.344933
545.850000	-80.345082
545.875000	-80.345231
545.900000	-80.345380
545.925000	-80.345529
545.950000	-80.345678
545.975000	-80.345826
546.000000	-80.345975
546.025000	-80.346124
546.050000	-80.346273
546.075000	-80.346422
546.100000	-80.346570
546.125000	-80.346719
546.150000	-80.346868
546.175000	-80.347016
546.200000	-80.347165
546.225000	-80.347314
546.250000	-80.347462
546.275000	-80.347611
546.300000	-80.347760
546.325000	-80.347908
546.350000	-80.348057
546.375000	-80.348205
546.400000	-80.348354
546.425000	-80.348503
546.450000	-80.348651
546.475000	-80.348800
546.500000	-80.348948
546.525000	-80.349097
546.550000	-80.349245
546.575000	-80.349394
546.600000	-80.349542
546.625000	-80.349690
546.650000	-80.349839
546.675000	-80.349987
546.700000	-80.350136
546.725000	-80.350284
546.750000	-80.350432
546.775000	-80.350581
546.800000	-80.350729
546.825000	-80.350877
546.850000	-80.351026
546.875000	-80.351174
546.900000	-80.351322
546.925000	-80.351470
546.950000	-80.351619
546.975000	-80.351767
547.000000	-80.351915
547.025000	-80.352063
547.050000	-80.352212
547.075000	-80.352360
547.100000	-80.352508
547.125000	-80.352656
547.150000	-80.352804
547.175000	-80.352952
547.200000	-80.353100
547.225000	-80.353248
547.250000	-80.353396
547.275000	-80.353545
547.300000	-80.353693
547.325000	-80.353841
547.350000	-80.353989
547.375000	-80.354137
547.400000	-80.354285
547.425000	-80.354433
547.450000	-80.354580
547.475000	-80.354728
547.500000	-80.354876
547.525000	-80.355024
547.550000	-80.355172
547.575000	-80.355320
547.600000	-80.355468
547.625000	-80.355616
547.650000	-80.355764
547.675000	-80.355911
547.700000	-80.356059
547.725000	-80.356207
547.750000	-80.356355
547.775000	-80.356502
547.800000	-80.356650
547.825000	-80.356798
547.850000	-80.356946
547.875000	-80.357093
547.900000	-80.357241
547.925000	-80.357389
547.950000	-80.357536
547.975000	-80.357684
548.000000	-80.357832
548.025000	-80.357979
548.050000	-80.358127
548.075000	-80.358274
548.100000	-80.358422
548.125000	-80.358570
548.150000	-80.358717
548.175000	-80.358865
548.200000	-80.359012
548.225000	-80.359160
548.250000	-80.359307
548.275000	-80.359455
548.300000	-80.359602
548.325000	-80.359749
548.350000	-80.359897
548.375000	-80.360044
548.400000	-80.360192
548.425000	-80.360339
548.450000	-80.360486
548.475000	-80.360634
548.500000	-80.360781
548.525000	-80.360928
548.550000	-80.361076
548.575000	-80.361223
548.600000	-80.361370
548.625000	-80.361518
548.650000	-80.361665
548.675000	-80.361812
548.700000	-80.361959
548.725000	-80.362107
548.750000	-80.362254
548.775000	-80.362401
548.800000	-80.362548
548.825000	-80.362695
548.850000	-80.362842
548.875000	-80.362989
548.900000	-80.363137
548.925000	-80.363284
548.950000	-80.363431
548.975000	-80.363578
549.000000	-80.363725
549.025000	-80.363872
549.050000	-80.364019
549.075000	-80.364166
549.100000	-80.364313
549.125000	-80.364460
549.150000	-80.364607
549.175000	-80.364754
549.200000	-80.364901
549.225000	-80.365048
549.250000	-80.365194
549.275000	-80.365341
549.300000	-80.365488
549.325000	-80.365635
549.350000	-80.365782
549.375000	-80.365929
549.400000	-80.366076
549.425000	-80.366222
549.450000	-80.366369
549.475000	-80.366516
549.500000	-80.366663
549.525000	-80.366809
549.550000	-80.366956
549.575000	-80.367103
549.600000	-80.367250
549.625000	-80.367396
549.650000	-80.367543
549.675000	-80.367690
549.700000	-80.367836
549.725000	-80.367983
549.750000	-80.368129
549.775000	-80.368276
549.800000	-80.368423
549.825000	-80.368569
549.850000	-80.368716
549.875000	-80.368862
549.900000	-80.369009
549.925000	-80.369155
549.950000	-80.369302
549.975000	-80.369448
550.000000	-80.369595
550.025000	-80.369741
550.050000	-80.369888
550.075000	-80.370034
550.100000	-80.370181
550.125000	-80.370327
550.150000	-80.370473
550.175000	-80.370620
550.200000	-80.370766
550.225000	-80.370912
550.250000	-80.371059
550.275000	-80.371205
550.300000	-80.371351
550.325000	-80.371498
550.350000	-80.371644
550.375000	-80.371790
550.400000	-80.371936
550.425000	-80.372083
550.450000	-80.372229
550.475000	-80.372375
550.500000	-80.372521
550.525000	-80.372667
550.550000	-80.372813
550.575000	-80.372960
550.600000	-80.373106
550.625000	-80.373252
550.650000	-80.373398
550.675000	-80.373544
550.700000	-80.373690
550.725000	-80.373836
550.750000	-80.373982
550.775000	-80.374128
550.800000	-80.374274
550.825000	-80.374420
550.850000	-80.374566
550.875000	-80.374712
550.900000	-80.374858
550.925000	-80.375004
550.950000	-80.375150
550.975000	-80.375296
551.000000	-80.375442
551.025000	-80.375588
551.050000	-80.375733
551.075000	-80.375879
551.100000	-80.376025
551.125000	-80.376171
551.150000	-80.376317
551.175000	-80.376462
551.200000	-80.376608
551.225000	-80.376754
551.250000	-80.376900
551.275000	-80.377046
551.300000	-80.377191
551.325000	-80.377337
551.350000	-80.377483
551.375000	-80.377628
551.400000	-80.377774
551.425000	-80.377920
551.450000	-80.378065
551.475000	-80.378211
551.500000	-80.378356
551.525000	-80.378502
551.550000	-80.378648
551.575000	-80.378793
551.600000	-80.378939
551.625000	-80.379084
551.650000	-80.379230
551.675000	-80.379375
551.700000	-80.379521
551.725000	-80.379666
551.750000	-80.379812
551.775000	-80.379957
551.800000	-80.380103
551.825000	-80.380248
551.850000	-80.380393
551.875000	-80.380539
551.900000	-80.380684
551.925000	-80.380830
551.950000	-80.380975
551.975000	-80.381120
552.000000	-80.381265
552.025000	-80.381411
552.050000	-80.381556
552.075000	-80.381701
552.100000	-80.381847
552.125000	-80.381992
552.150000	-80.382137
552.175000	-80.382282
552.200000	-80.382428
552.225000	-80.382573
552.250000	-80.382718
552.275000	-80.382863
552.300000	-80.383008
552.325000	-80.383153
552.350000	-80.383298
552.375000	-80.383444
552.400000	-80.383589
552.425000	-80.383734
552.450000	-80.383879
552.475000	-80.384024
552.500000	-80.384169
552.525000	-80.384314
552.550000	-80.384459
552.575000	-80.384604
552.600000	-80.384749
552.625000	-80.384894
552.650000	-80.385039
552.675000	-80.385184
552.700000	-80.385329
552.725000	-80.385473
552.750000	-80.385618
552.775000	-80.385763
552.800000	-80.385908
552.825000	-80.386053
552.850000	-80.386198
552.875000	-80.386343
552.900000	-80.386487
552.925000	-80.386632
552.950000	-80.386777
552.975000	-80.386922
553.000000	-80.387066
553.025000	-80.387211
553.050000	-80.387356
553.075000	-80.387501
553.100000	-80.387645
553.125000	-80.387790
553.150000	-80.387935
553.175000	-80.388079
553.200000	-80.388224
553.225000	-80.388368
553.250000	-80.388513
553.275000	-80.388658
553.300000	-80.388802
553.325000	-80.388947
553.350000	-80.389091
553.375000	-80.389236
553.400000	-80.389380
553.425000	-80.389525
553.450000	-80.389669
553.475000	-80.389814
553.500000	-80.389958
553.525000	-80.390103
553.550000	-80.390247
553.575000	-80.390392
553.600000	-80.390536
553.625000	-80.390680
553.650000	-80.390825
553.675000	-80.390969
553.700000	-80.391113
553.725000	-80.391258
553.750000	-80.391402
553.775000	-80.391546
553.800000	-80.391691
553.825000	-80.391835
553.850000	-80.391979
553.875000	-80.392123
553.900000	-80.392268
553.925000	-80.392412
553.950000	-80.392556
553.975000	-80.392700
554.000000	-80.392844
554.025000	-80.392989
554.050000	-80.393133
554.075000	-80.393277
554.100000	-80.393421
554.125000	-80.393565
554.150000	-80.393709
554.175000	-80.393853
554.200000	-80.393997
554.225000	-80.394141
554.250000	-80.394285
554.275000	-80.394429
554.300000	-80.394573
554.325000	-80.394717
554.350000	-80.394861
554.375000	-80.395005
554.400000	-80.395149
554.425000	-80.395293
554.450000	-80.395437
554.475000	-80.395581
554.500000	-80.395725
554.525000	-80.395869
554.550000	-80.396013
554.575000	-80.396157
554.600000	-80.396300
554.625000	-80.396444
554.650000	-80.396588
554.675000	-80.396732
554.700000	-80.396876
554.725000	-80.397019
554.750000	-80.397163
554.775000	-80.397307
554.800000	-80.397451
554.825000	-80.397594
554.850000	-80.397738
554.875000	-80.397882
554.900000	-80.398025
554.925000	-80.398169
554.950000	-80.398313
554.975000	-80.398456
555.000000	-80.398600
555.025000	-80.398743
555.050000	-80.398887
555.075000	-80.399030
555.100000	-80.399174
555.125000	-80.399318
555.150000	-80.399461
555.175000	-80.399605
555.200000	-80.399748
555.225000	-80.399892
555.250000	-80.400035
555.275000	-80.400178
555.300000	-80.400322
555.325000	-80.400465
555.350000	-80.400609
555.375000	-80.400752
555.400000	-80.400896
555.425000	-80.401039
555.450000	-80.401182
555.475000	-80.401326
555.500000	-80.401469
555.525000	-80.401612
555.550000	-80.401756
555.575000	-80.401899
555.600000	-80.402042
555.625000	-80.402185
555.650000	-80.402329
555.675000	-80.402472
555.700000	-80.402615
555.725000	-80.402758
555.750000	-80.402901
555.775000	-80.403045
555.800000	-80.403188
555.825000	-80.403331
555.850000	-80.403474
555.875000	-80.403617
555.900000	-80.403760
555.925000	-80.403903
555.950000	-80.404046
555.975000	-80.404189
556.000000	-80.404332
556.025000	-80.404475
556.050000	-80.404618
556.075000	-80.404761
556.100000	-80.404904
556.125000	-80.405047
556.150000	-80.405190
556.175000	-80.405333
556.200000	-80.405476
556.225000	-80.405619
556.250000	-80.405762
556.275000	-80.405905
556.300000	-80.406048
556.325000	-80.406191
556.350000	-80.406333
556.375000	-80.406476
556.400000	-80.406619
556.425000	-80.406762
556.450000	-80.406905
556.475000	-80.407047
556.500000	-80.407190
556.525000	-80.407333
556.550000	-80.407476
556.575000	-80.407618
556.600000	-80.407761
556.625000	-80.407904
556.650000	-80.408046
556.675000	-80.408189
556.700000	-80.408332
556.725000	-80.408474
556.750000	-80.408617
556.775000	-80.408760
556.800000	-80.408902
556.825000	-80.409045
556.850000	-80.409187
556.875000	-80.409330
556.900000	-80.409472
556.925000	-80.409615
556.950000	-80.409757
556.975000	-80.409900
557.000000	-80.410042
557.025000	-80.410185
557.050000	-80.410327
557.075000	-80.410470
557.100000	-80.410612
557.125000	-80.410755
557.150000	-80.410897
557.175000	-80.411039
557.200000	-80.411182
557.225000	-80.411324
557.250000	-80.411466
557.275000	-80.411609
557.300000	-80.411751
557.325000	-80.411893
557.350000	-80.412036
557.375000	-80.412178
557.400000	-80.412320
557.425000	-80.412462
557.450000	-80.412605
557.475000	-80.412747
557.500000	-80.412889
557.525000	-80.413031
557.550000	-80.413173
557.575000	-80.413316
557.600000	-80.413458
557.625000	-80.413600
557.650000	-80.413742
557.675000	-80.413884
557.700000	-80.414026
557.725000	-80.414168
557.750000	-80.414310
557.775000	-80.414452
557.800000	-80.414594
557.825000	-80.414736
557.850000	-80.414878
557.875000	-80.415020
557.900000	-80.415162
557.925000	-80.415304
557.950000	-80.415446
557.975000	-80.415588
558.000000	-80.415730
558.025000	-80.415872
558.050000	-80.416014
558.075000	-80.416156
558.100000	-80.416298
558.125000	-80.416439
558.150000	-80.416581
558.175000	-80.416723
558.200000	-80.416865
558.225000	-80.417007
558.250000	-80.417148
558.275000	-80.417290
558.300000	-80.417432
558.325000	-80.417574
558.350000	-80.417715
558.375000	-80.417857
558.400000	-80.417999
558.425000	-80.418140
558.450000	-80.418282
558.475000	-80.418424
558.500000	-80.418565
558.525000	-80.418707
558.550000	-80.418849
558.575000	-80.418990
558.600000	-80.419132
558.625000	-80.419273
558.650000	-80.419415
558.675000	-80.419557
558.700000	-80.419698
558.725000	-80.419840
558.750000	-80.419981
558.775000	-80.420123
558.800000	-80.420264
558.825000	-80.420405
558.850000	-80.420547
558.875000	-80.420688
558.900000	-80.420830
558.925000	-80.420971
558.950000	-80.421113
558.975000	-80.421254
559.000000	-80.421395
559.025000	-80.421537
559.050000	-80.421678
559.075000	-80.421819
559.100000	-80.421961
559.125000	-80.422102
559.150000	-80.422243
559.175000	-80.422384
559.200000	-80.422526
559.225000	-80.422667
559.250000	-80.422808
559.275000	-80.422949
559.300000	-80.423090
559.325000	-80.423232
559.350000	-80.423373
559.375000	-80.423514
559.400000	-80.423655
559.425000	-80.423796
559.450000	-80.423937
559.475000	-80.424078
559.500000	-80.424219
559.525000	-80.424361
559.550000	-80.424502
559.575000	-80.424643
559.600000	-80.424784
559.625000	-80.424925
559.650000	-80.425066
559.675000	-80.425207
559.700000	-80.425348
559.725000	-80.425489
559.750000	-80.425630
559.775000	-80.425770
559.800000	-80.425911
559.825000	-80.426052
559.850000	-80.426193
559.875000	-80.426334
559.900000	-80.426475
559.925000	-80.426616
559.950000	-80.426757
559.975000	-80.426897
560.000000	-80.427038
560.025000	-80.427179
560.050000	-80.427320
560.075000	-80.427460
560.100000	-80.427601
560.125000	-80.427742
560.150000	-80.427883
560.175000	-80.428023
560.200000	-80.428164
560.225000	-80.428305
560.250000	-80.428445
560.275000	-80.428586
560.300000	-80.428727
560.325000	-80.428867
560.350000	-80.429008
560.375000	-80.429148
560.400000	-80.429289
560.425000	-80.429430
560.450000	-80.429570
560.475000	-80.429711
560.500000	-80.429851
560.525000	-80.429992
560.550000	-80.430132
560.575000	-80.430273
560.600000	-80.430413
560.625000	-80.430554
560.650000	-80.430694
560.675000	-80.430835
560.700000	-80.430975
560.725000	-80.431115
560.750000	-80.431256
560.775000	-80.431396
560.800000	-80.431536
560.825000	-80.431677
560.850000	-80.431817
560.875000	-80.431957
560.900000	-80.432098
560.925000	-80.432238
560.950000	-80.432378
560.975000	-80.432519
561.000000	-80.432659
561.025000	-80.432799
561.050000	-80.432939
561.075000	-80.433079
561.100000	-80.433220
561.125000	-80.433360
561.150000	-80.433500
561.175000	-80.433640
561.200000	-80.433780
561.225000	-80.433920
561.250000	-80.434061
561.275000	-80.434201
561.300000	-80.434341
561.325000	-80.434481
561.350000	-80.434621
561.375000	-80.434761
561.400000	-80.434901
561.425000	-80.435041
561.450000	-80.435181
561.475000	-80.435321
561.500000	-80.435461
561.525000	-80.435601
561.550000	-80.435741
561.575000	-80.435881
561.600000	-80.436021
561.625000	-80.436161
561.650000	-80.436300
561.675000	-80.436440
561.700000	-80.436580
561.725000	-80.436720
561.750000	-80.436860
561.775000	-80.437000
561.800000	-80.437139
561.825000	-80.437279
561.850000	-80.437419
561.875000	-80.437559
561.900000	-80.437699
561.925000	-80.437838
561.950000	-80.437978
561.975000	-80.438118
562.000000	-80.438257
562.025000	-80.438397
562.050000	-80.438537
562.075000	-80.438676
562.100000	-80.438816
562.125000	-80.438956
562.150000	-80.439095
562.175000	-80.439235
562.200000	-80.439374
562.225000	-80.439514
562.250000	-80.439654
562.275000	-80.439793
562.300000	-80.439933
562.325000	-80.440072
562.350000	-80.440212
562.375000	-80.440351
562.400000	-80.440491
562.425000	-80.440630
562.450000	-80.440770
562.475000	-80.440909
562.500000	-80.441048
562.525000	-80.441188
562.550000	-80.441327
562.575000	-80.441467
562.600000	-80.441606
562.625000	-80.441745
562.650000	-80.441885
562.675000	-80.442024
562.700000	-80.442163
562.725000	-80.442303
562.750000	-80.442442
562.775000	-80.442581
562.800000	-80.442720
562.825000	-80.442860
562.850000	-80.442999
562.875000	-80.443138
562.900000	-80.443277
562.925000	-80.443416
562.950000	-80.443556
562.975000	-80.443695
563.000000	-80.443834
563.025000	-80.443973
563.050000	-80.444112
563.075000	-80.444251
563.100000	-80.444390
563.125000	-80.444529
563.150000	-80.444668
563.175000	-80.444808
563.200000	-80.444947
563.225000	-80.445086
563.250000	-80.445225
563.275000	-80.445364
563.300000	-80.445503
563.325000	-80.445642
563.350000	-80.445780
563.375000	-80.445919
563.400000	-80.446058
563.425000	-80.446197
563.450000	-80.446336
563.475000	-80.446475
563.500000	-80.446614
563.525000	-80.446753
563.550000	-80.446892
563.575000	-80.447030
563.600000	-80.447169
563.625000	-80.447308
563.650000	-80.447447
563.675000	-80.447586
563.700000	-80.447724
563.725000	-80.447863
563.750000	-80.448002
563.775000	-80.448141
563.800000	-80.448279
563.825000	-80.448418
563.850000	-80.448557
563.875000	-80.448695
563.900000	-80.448834
563.925000	-80.448973
563.950000	-80.449111
563.975000	-80.449250
564.000000	-80.449388
564.025000	-80.449527
564.050000	-80.449666
564.075000	-80.449804
564.100000	-80.449943
564.125000	-80.450081
564.150000	-80.450220
564.175000	-80.450358
564.200000	-80.450497
564.225000	-80.450635
564.250000	-80.450774
564.275000	-80.450912
564.300000	-80.451051
564.325000	-80.451189
564.350000	-80.451327
564.375000	-80.451466
564.400000	-80.451604
564.425000	-80.451743
564.450000	-80.451881
564.475000	-80.452019
564.500000	-80.452158
564.525000	-80.452296
564.550000	-80.452434
564.575000	-80.452572
564.600000	-80.452711
564.625000	-80.452849
564.650000	-80.452987
564.675000	-80.453125
564.700000	-80.453264
564.725000	-80.453402
564.750000	-80.453540
564.775000	-80.453678
564.800000	-80.453816
564.825000	-80.453955
564.850000	-80.454093
564.875000	-80.454231
564.900000	-80.454369
564.925000	-80.454507
564.950000	-80.454645
564.975000	-80.454783
565.000000	-80.454921
565.025000	-80.455059
565.050000	-80.455197
565.075000	-80.455335
565.100000	-80.455473
565.125000	-80.455611
565.150000	-80.455749
565.175000	-80.455887
565.200000	-80.456025
565.225000	-80.456163
565.250000	-80.456301
565.275000	-80.456439
565.300000	-80.456577
565.325000	-80.456715
565.350000	-80.456852
565.375000	-80.456990
565.400000	-80.457128
565.425000	-80.457266
565.450000	-80.457404
565.475000	-80.457542
565.500000	-80.457679
565.525000	-80.457817
565.550000	-80.457955
565.575000	-80.458093
565.600000	-80.458230
565.625000	-80.458368
565.650000	-80.458506
565.675000	-80.458643
565.700000	-80.458781
565.725000	-80.458919
565.750000	-80.459056
565.775000	-80.459194
565.800000	-80.459332
565.825000	-80.459469
565.850000	-80.459607
565.875000	-80.459744
565.900000	-80.459882
565.925000	-80.460020
565.950000	-80.460157
565.975000	-80.460295
566.000000	-80.460432
566.025000	-80.460570
566.050000	-80.460707
566.075000	-80.460845
566.100000	-80.460982
566.125000	-80.461119
566.150000	-80.461257
566.175000	-80.461394
566.200000	-80.461532
566.225000	-80.461669
566.250000	-80.461806
566.275000	-80.461944
566.300000	-80.462081
566.325000	-80.462218
566.350000	-80.462356
566.375000	-80.462493
566.400000	-80.462630
566.425000	-80.462768
566.450000	-80.462905
566.475000	-80.463042
566.500000	-80.463179
566.525000	-80.463317
566.550000	-80.463454
566.575000	-80.463591
566.600000	-80.463728
566.625000	-80.463865
566.650000	-80.464003
566.675000	-80.464140
566.700000	-80.464277
566.725000	-80.464414
566.750000	-80.464551
566.775000	-80.464688
566.800000	-80.464825
566.825000	-80.464962
566.850000	-80.465099
566.875000	-80.465236
566.900000	-80.465373
566.925000	-80.465510
566.950000	-80.465647
566.975000	-80.465784
567.000000	-80.465921
567.025000	-80.466058
567.050000	-80.466195
567.075000	-80.466332
567.100000	-80.466469
567.125000	-80.466606
567.150000	-80.466743
567.175000	-80.466880
567.200000	-80.467017
567.225000	-80.467153
567.250000	-80.467290
567.275000	-80.467427
567.300000	-80.467564
567.325000	-80.467701
567.350000	-80.467837
567.375000	-80.467974
567.400000	-80.468111
567.425000	-80.468248
567.450000	-80.468384
567.475000	-80.468521
567.500000	-80.468658
567.525000	-80.468795
567.550000	-80.468931
567.575000	-80.469068
567.600000	-80.469205
567.625000	-80.469341
567.650000	-80.469478
567.675000	-80.469614
567.700000	-80.469751
567.725000	-80.469888
567.750000	-80.470024
567.775000	-80.470161
567.800000	-80.470297
567.825000	-80.470434
567.850000	-80.470570
567.875000	-80.470707
567.900000	-80.470843
567.925000	-80.470980
567.950000	-80.471116
567.975000	-80.471253
568.000000	-80.471389
568.025000	-80.471525
568.050000	-80.471662
568.075000	-80.471798
568.100000	-80.471935
568.125000	-80.472071
568.150000	-80.472207
568.175000	-80.472344
568.200000	-80.472480
568.225000	-80.472616
568.250000	-80.472753
568.275000	-80.472889
568.300000	-80.473025
568.325000	-80.473161
568.350000	-80.473298
568.375000	-80.473434
568.400000	-80.473570
568.425000	-80.473706
568.450000	-80.473842
568.475000	-80.473979
568.500000	-80.474115
568.525000	-80.474251
568.550000	-80.474387
568.575000	-80.474523
568.600000	-80.474659
568.625000	-80.474795
568.650000	-80.474931
568.675000	-80.475068
568.700000	-80.475204
568.725000	-80.475340
568.750000	-80.475476
568.775000	-80.475612
568.800000	-80.475748
568.825000	-80.475884
568.850000	-80.476020
568.875000	-80.476156
568.900000	-80.476292
568.925000	-80.476427
568.950000	-80.476563
568.975000	-80.476699
569.000000	-80.476835
569.025000	-80.476971
569.050000	-80.477107
569.075000	-80.477243
569.100000	-80.477379
569.125000	-80.477514
569.150000	-80.477650
569.175000	-80.477786
569.200000	-80.477922
569.225000	-80.478058
569.250000	-80.478193
569.275000	-80.478329
569.300000	-80.478465
569.325000	-80.478601
569.350000	-80.478736
569.375000	-80.478872
569.400000	-80.479008
569.425000	-80.479143
569.450000	-80.479279
569.475000	-80.479415
569.500000	-80.479550
569.525000	-80.479686
569.550000	-80.479821
569.575000	-80.479957
569.600000	-80.480093
569.625000	-80.480228
569.650000	-80.480364
569.675000	-80.480499
569.700000	-80.480635
569.725000	-80.480770
569.750000	-80.480906
569.775000	-80.481041
569.800000	-80.481177
569.825000	-80.481312
569.850000	-80.481448
569.875000	-80.481583
569.900000	-80.481718
569.925000	-80.481854
569.950000	-80.481989
569.975000	-80.482124
570.000000	-80.482260
570.025000	-80.482395
570.050000	-80.482531
570.075000	-80.482666
570.100000	-80.482801
570.125000	-80.482936
570.150000	-80.483072
570.175000	-80.483207
570.200000	-80.483342
570.225000	-80.483477
570.250000	-80.483613
570.275000	-80.483748
570.300000	-80.483883
570.325000	-80.484018
570.350000	-80.484153
570.375000	-80.484289
570.400000	-80.484424
570.425000	-80.484559
570.450000	-80.484694
570.475000	-80.484829
570.500000	-80.484964
570.525000	-80.485099
570.550000	-80.485234
570.575000	-80.485369
570.600000	-80.485504
570.625000	-80.485639
570.650000	-80.485774
570.675000	-80.485909
570.700000	-80.486044
570.725000	-80.486179
570.750000	-80.486314
570.775000	-80.486449
570.800000	-80.486584
570.825000	-80.486719
570.850000	-80.486854
570.875000	-80.486989
570.900000	-80.487124
570.925000	-80.487259
570.950000	-80.487394
570.975000	-80.487528
571.000000	-80.487663
571.025000	-80.487798
571.050000	-80.487933
571.075000	-80.488068
571.100000	-80.488202
571.125000	-80.488337
571.150000	-80.488472
571.175000	-80.488607
571.200000	-80.488741
571.225000	-80.488876
571.250000	-80.489011
571.275000	-80.489145
571.300000	-80.489280
571.325000	-80.489415
571.350000	-80.489549
571.375000	-80.489684
571.400000	-80.489819
571.425000	-80.489953
571.450000	-80.490088
571.475000	-80.490222
571.500000	-80.490357
571.525000	-80.490491
571.550000	-80.490626
571.575000	-80.490761
571.600000	-80.490895
571.625000	-80.491030
571.650000	-80.491164
571.675000	-80.491298
571.700000	-80.491433
571.725000	-80.491567
571.750000	-80.491702
571.775000	-80.491836
571.800000	-80.491971
571.825000	-80.492105
571.850000	-80.492239
571.875000	-80.492374
571.900000	-80.492508
571.925000	-80.492642
571.950000	-80.492777
571.975000	-80.492911
572.000000	-80.493045
572.025000	-80.493180
572.050000	-80.493314
572.075000	-80.493448
572.100000	-80.493582
572.125000	-80.493717
572.150000	-80.493851
572.175000	-80.493985
572.200000	-80.494119
572.225000	-80.494253
572.250000	-80.494388
572.275000	-80.494522
572.300000	-80.494656
572.325000	-80.494790
572.350000	-80.494924
572.375000	-80.495058
572.400000	-80.495192
572.425000	-80.495326
572.450000	-80.495460
572.475000	-80.495594
572.500000	-80.495728
572.525000	-80.495862
572.550000	-80.495996
572.575000	-80.496130
572.600000	-80.496264
572.625000	-80.496398
572.650000	-80.496532
572.675000	-80.496666
572.700000	-80.496800
572.725000	-80.496934
572.750000	-80.497068
572.775000	-80.497202
572.800000	-80.497336
572.825000	-80.497470
572.850000	-80.497603
572.875000	-80.497737
572.900000	-80.497871
572.925000	-80.498005
572.950000	-80.498139
572.975000	-80.498272
573.000000	-80.498406
573.025000	-80.498540
573.050000	-80.498674
573.075000	-80.498807
573.100000	-80.498941
573.125000	-80.499075
573.150000	-80.499209
573.175000	-80.499342
573.200000	-80.499476
573.225000	-80.499610
573.250000	-80.499743
573.275000	-80.499877
573.300000	-80.500010
573.325000	-80.500144
573.350000	-80.500278
573.375000	-80.500411
573.400000	-80.500545
573.425000	-80.500678
573.450000	-80.500812
573.475000	-80.500945
573.500000	-80.501079
573.525000	-80.501212
573.550000	-80.501346
573.575000	-80.501479
573.600000	-80.501613
573.625000	-80.501746
573.650000	-80.501880
573.675000	-80.502013
573.700000	-80.502146
573.725000	-80.502280
573.750000	-80.502413
573.775000	-80.502546
573.800000	-80.502680
573.825000	-80.502813
573.850000	-80.502946
573.875000	-80.503080
573.900000	-80.503213
573.925000	-80.503346
573.950000	-80.503480
573.975000	-80.503613
574.000000	-80.503746
574.025000	-80.503879
574.050000	-80.504013
574.075000	-80.504146
574.100000	-80.504279
574.125000	-80.504412
574.150000	-80.504545
574.175000	-80.504678
574.200000	-80.504812
574.225000	-80.504945
574.250000	-80.505078
574.275000	-80.505211
574.300000	-80.505344
574.325000	-80.505477
574.350000	-80.505610
574.375000	-80.505743
574.400000	-80.505876
574.425000	-80.506009
574.450000	-80.506142
574.475000	-80.506275
574.500000	-80.506408
574.525000	-80.506541
574.550000	-80.506674
574.575000	-80.506807
574.600000	-80.506940
574.625000	-80.507073
574.650000	-80.507206
574.675000	-80.507339
574.700000	-80.507471
574.725000	-80.507604
574.750000	-80.507737
574.775000	-80.507870
574.800000	-80.508003
574.825000	-80.508136
574.850000	-80.508268
574.875000	-80.508401
574.900000	-80.508534
574.925000	-80.508667
574.950000	-80.508799
574.975000	-80.508932
575.000000	-80.509065
575.025000	-80.509198
575.050000	-80.509330
575.075000	-80.509463
575.100000	-80.509596
575.125000	-80.509728
575.150000	-80.509861
575.175000	-80.509994
575.200000	-80.510126
575.225000	-80.510259
575.250000	-80.510391
575.275000	-80.510524
575.300000	-80.510656
575.325000	-80.510789
575.350000	-80.510922
575.375000	-80.511054
575.400000	-80.511187
575.425000	-80.511319
575.450000	-80.511452
575.475000	-80.511584
575.500000	-80.511716
575.525000	-80.511849
575.550000	-80.511981
575.575000	-80.512114
575.600000	-80.512246
575.625000	-80.512379
575.650000	-80.512511
575.675000	-80.512643
575.700000	-80.512776
575.725000	-80.512908
575.750000	-80.513040
575.775000	-80.513173
575.800000	-80.513305
575.825000	-80.513437
575.850000	-80.513569
575.875000	-80.513702
575.900000	-80.513834
575.925000	-80.513966
575.950000	-80.514098
575.975000	-80.514231
576.000000	-80.514363
576.025000	-80.514495
576.050000	-80.514627
576.075000	-80.514759
576.100000	-80.514891
576.125000	-80.515024
576.150000	-80.515156
576.175000	-80.515288
576.200000	-80.515420
576.225000	-80.515552
576.250000	-80.515684
576.275000	-80.515816
576.300000	-80.515948
576.325000	-80.516080
576.350000	-80.516212
576.375000	-80.516344
576.400000	-80.516476
576.425000	-80.516608
576.450000	-80.516740
576.475000	-80.516872
576.500000	-80.517004
576.525000	-80.517136
576.550000	-80.517268
576.575000	-80.517400
576.600000	-80.517532
576.625000	-80.517663
576.650000	-80.517795
576.675000	-80.517927
576.700000	-80.518059
576.725000	-80.518191
576.750000	-80.518323
576.775000	-80.518454
576.800000	-80.518586
576.825000	-80.518718
576.850000	-80.518850
576.875000	-80.518981
576.900000	-80.519113
576.925000	-80.519245
576.950000	-80.519377
576.975000	-80.519508
577.000000	-80.519640
577.025000	-80.519772
577.050000	-80.519903
577.075000	-80.520035
577.100000	-80.520166
577.125000	-80.520298
577.150000	-80.520430
577.175000	-80.520561
577.200000	-80.520693
577.225000	-80.520824
577.250000	-80.520956
577.275000	-80.521087
577.300000	-80.521219
577.325000	-80.521350
577.350000	-80.521482
577.375000	-80.521613
577.400000	-80.521745
577.425000	-80.521876
577.450000	-80.522008
577.475000	-80.522139
577.500000	-80.522271
577.525000	-80.522402
577.550000	-80.522533
577.575000	-80.522665
577.600000	-80.522796
577.625000	-80.522928
577.650000	-80.523059
577.675000	-80.523190
577.700000	-80.523322
577.725000	-80.523453
577.750000	-80.523584
577.775000	-80.523715
577.800000	-80.523847
577.825000	-80.523978
577.850000	-80.524109
577.875000	-80.524240
577.900000	-80.524372
577.925000	-80.524503
577.950000	-80.524634
577.975000	-80.524765
578.000000	-80.524896
578.025000	-80.525027
578.050000	-80.525159
578.075000	-80.525290
578.100000	-80.525421
578.125000	-80.525552
578.150000	-80.525683
578.175000	-80.525814
578.200000	-80.525945
578.225000	-80.526076
578.250000	-80.526207
578.275000	-80.526338
578.300000	-80.526469
578.325000	-80.526600
578.350000	-80.526731
578.375000	-80.526862
578.400000	-80.526993
578.425000	-80.527124
578.450000	-80.527255
578.475000	-80.527386
578.500000	-80.527517
578.525000	-80.527648
578.550000	-80.527778
578.575000	-80.527909
578.600000	-80.528040
578.625000	-80.528171
578.650000	-80.528302
578.675000	-80.528433
578.700000	-80.528563
578.725000	-80.528694
578.750000	-80.528825
578.775000	-80.528956
578.800000	-80.529086
578.825000	-80.529217
578.850000	-80.529348
578.875000	-80.529479
578.900000	-80.529609
578.925000	-80.529740
578.950000	-80.529871
578.975000	-80.530001
579.000000	-80.530132
579.025000	-80.530263
579.050000	-80.530393
579.075000	-80.530524
579.100000	-80.530654
579.125000	-80.530785
579.150000	-80.530915
579.175000	-80.531046
579.200000	-80.531177
579.225000	-80.531307
579.250000	-80.531438
579.275000	-80.531568
579.300000	-80.531699
579.325000	-80.531829
579.350000	-80.531959
579.375000	-80.532090
579.400000	-80.532220
579.425000	-80.532351
579.450000	-80.532481
579.475000	-80.532612
579.500000	-80.532742
579.525000	-80.532872
579.550000	-80.533003
579.575000	-80.533133
579.600000	-80.533263
579.625000	-80.533394
579.650000	-80.533524
579.675000	-80.533654
579.700000	-80.533785
579.725000	-80.533915
579.750000	-80.534045
579.775000	-80.534175
579.800000	-80.534306
579.825000	-80.534436
579.850000	-80.534566
579.875000	-80.534696
579.900000	-80.534826
579.925000	-80.534957
579.950000	-80.535087
579.975000	-80.535217
580.000000	-80.535347
580.025000	-80.535477
580.050000	-80.535607
580.075000	-80.535737
580.100000	-80.535867
580.125000	-80.535997
580.150000	-80.536127
580.175000	-80.536257
580.200000	-80.536387
580.225000	-80.536517
580.250000	-80.536647
580.275000	-80.536777
580.300000	-80.536907
580.325000	-80.537037
580.350000	-80.537167
580.375000	-80.537297
580.400000	-80.537427
580.425000	-80.537557
580.450000	-80.537687
580.475000	-80.537817
580.500000	-80.537947
580.525000	-80.538077
580.550000	-80.538206
580.575000	-80.538336
580.600000	-80.538466
580.625000	-80.538596
580.650000	-80.538726
580.675000	-80.538855
580.700000	-80.538985
580.725000	-80.539115
580.750000	-80.539245
580.775000	-80.539374
580.800000	-80.539504
580.825000	-80.539634
580.850000	-80.539764
580.875000	-80.539893
580.900000	-80.540023
580.925000	-80.540153
580.950000	-80.540282
580.975000	-80.540412
581.000000	-80.540541
581.025000	-80.540671
581.050000	-80.540801
581.075000	-80.540930
581.100000	-80.541060
581.125000	-80.541189
581.150000	-80.541319
581.175000	-80.541448
581.200000	-80.541578
581.225000	-80.541707
581.250000	-80.541837
581.275000	-80.541966
581.300000	-80.542096
581.325000	-80.542225
581.350000	-80.542355
581.375000	-80.542484
581.400000	-80.542614
581.425000	-80.542743
581.450000	-80.542872
581.475000	-80.543002
581.500000	-80.543131
581.525000	-80.543260
581.550000	-80.543390
581.575000	-80.543519
581.600000	-80.543648
581.625000	-80.543778
581.650000	-80.543907
581.675000	-80.544036
581.700000	-80.544165
581.725000	-80.544295
581.750000	-80.544424
581.775000	-80.544553
581.800000	-80.544682
581.825000	-80.544812
581.850000	-80.544941
581.875000	-80.545070
581.900000	-80.545199
581.925000	-80.545328
581.950000	-80.545457
581.975000	-80.545586
582.000000	-80.545716
582.025000	-80.545845
582.050000	-80.545974
582.075000	-80.546103
582.100000	-80.546232
582.125000	-80.546361
582.150000	-80.546490
582.175000	-80.546619
582.200000	-80.546748
582.225000	-80.546877
582.250000	-80.547006
582.275000	-80.547135
582.300000	-80.547264
582.325000	-80.547393
582.350000	-80.547522
582.375000	-80.547651
582.400000	-80.547780
582.425000	-80.547908
582.450000	-80.548037
582.475000	-80.548166
582.500000	-80.548295
582.525000	-80.548424
582.550000	-80.548553
582.575000	-80.548681
582.600000	-80.548810
582.625000	-80.548939
582.650000	-80.549068
582.675000	-80.549197
582.700000	-80.549325
582.725000	-80.549454
582.750000	-80.549583
582.775000	-80.549712
582.800000	-80.549840
582.825000	-80.549969
582.850000	-80.550098
582.875000	-80.550226
582.900000	-80.550355
582.925000	-80.550484
582.950000	-80.550612
582.975000	-80.550741
583.000000	-80.550869
583.025000	-80.550998
583.050000	-80.551127
583.075000	-80.551255
583.100000	-80.551384
583.125000	-80.551512
583.150000	-80.551641
583.175000	-80.551769
583.200000	-80.551898
583.225000	-80.552026
583.250000	-80.552155
583.275000	-80.552283
583.300000	-80.552412
583.325000	-80.552540
583.350000	-80.552668
583.375000	-80.552797
583.400000	-80.552925
583.425000	-80.553054
583.450000	-80.553182
583.475000	-80.553310
583.500000	-80.553439
583.525000	-80.553567
583.550000	-80.553695
583.575000	-80.553824
583.600000	-80.553952
583.625000	-80.554080
583.650000	-80.554208
583.675000	-80.554337
583.700000	-80.554465
583.725000	-80.554593
583.750000	-80.554721
583.775000	-80.554850
583.800000	-80.554978
583.825000	-80.555106
583.850000	-80.555234
583.875000	-80.555362
583.900000	-80.555490
583.925000	-80.555619
583.950000	-80.555747
583.975000	-80.555875
584.000000	-80.556003
584.025000	-80.556131
584.050000	-80.556259
584.075000	-80.556387
584.100000	-80.556515
584.125000	-80.556643
584.150000	-80.556771
584.175000	-80.556899
584.200000	-80.557027
584.225000	-80.557155
584.250000	-80.557283
584.275000	-80.557411
584.300000	-80.557539
584.325000	-80.557667
584.350000	-80.557795
584.375000	-80.557923
584.400000	-80.558051
584.425000	-80.558178
584.450000	-80.558306
584.475000	-80.558434
584.500000	-80.558562
584.525000	-80.558690
584.550000	-80.558818
584.575000	-80.558945
584.600000	-80.559073
584.625000	-80.559201
584.650000	-80.559329
584.675000	-80.559457
584.700000	-80.559584
584.725000	-80.559712
584.750000	-80.559840
584.775000	-80.559967
584.800000	-80.560095
584.825000	-80.560223
584.850000	-80.560350
584.875000	-80.560478
584.900000	-80.560606
584.925000	-80.560733
584.950000	-80.560861
584.975000	-80.560989
585.000000	-80.561116
585.025000	-80.561244
585.050000	-80.561371
585.075000	-80.561499
585.100000	-80.561626
585.125000	-80.561754
585.150000	-80.561881
585.175000	-80.562009
585.200000	-80.562136
585.225000	-80.562264
585.250000	-80.562391
585.275000	-80.562519
585.300000	-80.562646
585.325000	-80.562774
585.350000	-80.562901
585.375000	-80.563029
585.400000	-80.563156
585.425000	-80.563283
585.450000	-80.563411
585.475000	-80.563538
585.500000	-80.563665
585.525000	-80.563793
585.550000	-80.563920
585.575000	-80.564047
585.600000	-80.564175
585.625000	-80.564302
585.650000	-80.564429
585.675000	-80.564556
585.700000	-80.564684
585.725000	-80.564811
585.750000	-80.564938
585.775000	-80.565065
585.800000	-80.565192
585.825000	-80.565320
585.850000	-80.565447
585.875000	-80.565574
585.900000	-80.565701
585.925000	-80.565828
585.950000	-80.565955
585.975000	-80.566082
586.000000	-80.566209
586.025000	-80.566336
586.050000	-80.566464
586.075000	-80.566591
586.100000	-80.566718
586.125000	-80.566845
586.150000	-80.566972
586.175000	-80.567099
586.200000	-80.567226
586.225000	-80.567353
586.250000	-80.567480
586.275000	-80.567607
586.300000	-80.567733
586.325000	-80.567860
586.350000	-80.567987
586.375000	-80.568114
586.400000	-80.568241
586.425000	-80.568368
586.450000	-80.568495
586.475000	-80.568622
586.500000	-80.568749
586.525000	-80.568875
586.550000	-80.569002
586.575000	-80.569129
586.600000	-80.569256
586.625000	-80.569383
586.650000	-80.569509
586.675000	-80.569636
586.700000	-80.569763
586.725000	-80.569889
586.750000	-80.570016
586.775000	-80.570143
586.800000	-80.570270
586.825000	-80.570396
586.850000	-80.570523
586.875000	-80.570650
586.900000	-80.570776
586.925000	-80.570903
586.950000	-80.571029
586.975000	-80.571156
587.000000	-80.571283
587.025000	-80.571409
587.050000	-80.571536
587.075000	-80.571662
587.100000	-80.571789
587.125000	-80.571915
587.150000	-80.572042
587.175000	-80.572168
587.200000	-80.572295
587.225000	-80.572421
587.250000	-80.572548
587.275000	-80.572674
587.300000	-80.572801
587.325000	-80.572927
587.350000	-80.573054
587.375000	-80.573180
587.400000	-80.573306
587.425000	-80.573433
587.450000	-80.573559
587.475000	-80.573685
587.500000	-80.573812
587.525000	-80.573938
587.550000	-80.574064
587.575000	-80.574191
587.600000	-80.574317
587.625000	-80.574443
587.650000	-80.574569
587.675000	-80.574696
587.700000	-80.574822
587.725000	-80.574948
587.750000	-80.575074
587.775000	-80.575201
587.800000	-80.575327
587.825000	-80.575453
587.850000	-80.575579
587.875000	-80.575705
587.900000	-80.575831
587.925000	-80.575958
587.950000	-80.576084
587.975000	-80.576210
588.000000	-80.576336
588.025000	-80.576462
588.050000	-80.576588
588.075000	-80.576714
588.100000	-80.576840
588.125000	-80.576966
588.150000	-80.577092
588.175000	-80.577218
588.200000	-80.577344
588.225000	-80.577470
588.250000	-80.577596
588.275000	-80.577722
588.300000	-80.577848
588.325000	-80.577974
588.350000	-80.578100
588.375000	-80.578226
588.400000	-80.578352
588.425000	-80.578477
588.450000	-80.578603
588.475000	-80.578729
588.500000	-80.578855
588.525000	-80.578981
588.550000	-80.579107
588.575000	-80.579232
588.600000	-80.579358
588.625000	-80.579484
588.650000	-80.579610
588.675000	-80.579736
588.700000	-80.579861
588.725000	-80.579987
588.750000	-80.580113
588.775000	-80.580238
588.800000	-80.580364
588.825000	-80.580490
588.850000	-80.580616
588.875000	-80.580741
588.900000	-80.580867
588.925000	-80.580992
588.950000	-80.581118
588.975000	-80.581244
589.000000	-80.581369
589.025000	-80.581495
589.050000	-80.581620
589.075000	-80.581746
589.100000	-80.581872
589.125000	-80.581997
589.150000	-80.582123
589.175000	-80.582248
589.200000	-80.582374
589.225000	-80.582499
589.250000	-80.582625
589.275000	-80.582750
589.300000	-80.582875
589.325000	-80.583001
589.350000	-80.583126
589.375000	-80.583252
589.400000	-80.583377
589.425000	-80.583502
589.450000	-80.583628
589.475000	-80.583753
589.500000	-80.583879
589.525000	-80.584004
589.550000	-80.584129
589.575000	-80.584254
589.600000	-80.584380
589.625000	-80.584505
589.650000	-80.584630
589.675000	-80.584756
589.700000	-80.584881
589.725000	-80.585006
589.750000	-80.585131
589.775000	-80.585257
589.800000	-80.585382
589.825000	-80.585507
589.850000	-80.585632
589.875000	-80.585757
589.900000	-80.585882
589.925000	-80.586008
589.950000	-80.586133
589.975000	-80.586258
590.000000	-80.586383
590.025000	-80.586508
590.050000	-80.586633
590.075000	-80.586758
590.100000	-80.586883
590.125000	-80.587008
590.150000	-80.587133
590.175000	-80.587258
590.200000	-80.587383
590.225000	-80.587508
590.250000	-80.587633
590.275000	-80.587758
590.300000	-80.587883
590.325000	-80.588008
590.350000	-80.588133
590.375000	-80.588258
590.400000	-80.588383
590.425000	-80.588508
590.450000	-80.588633
590.475000	-80.588757
590.500000	-80.588882
590.525000	-80.589007
590.550000	-80.589132
590.575000	-80.589257
590.600000	-80.589382
590.625000	-80.589506
590.650000	-80.589631
590.675000	-80.589756
590.700000	-80.589881
590.725000	-80.590005
590.750000	-80.590130
590.775000	-80.590255
590.800000	-80.590380
590.825000	-80.590504
590.850000	-80.590629
590.875000	-80.590754
590.900000	-80.590878
590.925000	-80.591003
590.950000	-80.591128
590.975000	-80.591252
591.000000	-80.591377
591.025000	-80.591501
591.050000	-80.591626
591.075000	-80.591750
591.100000	-80.591875
591.125000	-80.592000
591.150000	-80.592124
591.175000	-80.592249
591.200000	-80.592373
591.225000	-80.592498
591.250000	-80.592622
591.275000	-80.592747
591.300000	-80.592871
591.325000	-80.592996
591.350000	-80.593120
591.375000	-80.593244
591.400000	-80.593369
591.425000	-80.593493
591.450000	-80.593618
591.475000	-80.593742
591.500000	-80.593866
591.525000	-80.593991
591.550000	-80.594115
591.575000	-80.594239
591.600000	-80.594364
591.625000	-80.594488
591.650000	-80.594612
591.675000	-80.594737
591.700000	-80.594861
591.725000	-80.594985
591.750000	-80.595109
591.775000	-80.595234
591.800000	-80.595358
591.825000	-80.595482
591.850000	-80.595606
591.875000	-80.595730
591.900000	-80.595854
591.925000	-80.595979
591.950000	-80.596103
591.975000	-80.596227
592.000000	-80.596351
592.025000	-80.596475
592.050000	-80.596599
592.075000	-80.596723
592.100000	-80.596847
592.125000	-80.596971
592.150000	-80.597095
592.175000	-80.597219
592.200000	-80.597344
592.225000	-80.597468
592.250000	-80.597592
592.275000	-80.597716
592.300000	-80.597839
592.325000	-80.597963
592.350000	-80.598087
592.375000	-80.598211
592.400000	-80.598335
592.425000	-80.598459
592.450000	-80.598583
592.475000	-80.598707
592.500000	-80.598831
592.525000	-80.598955
592.550000	-80.599079
592.575000	-80.599202
592.600000	-80.599326
592.625000	-80.599450
592.650000	-80.599574
592.675000	-80.599698
592.700000	-80.599821
592.725000	-80.599945
592.750000	-80.600069
592.775000	-80.600193
592.800000	-80.600316
592.825000	-80.600440
592.850000	-80.600564
592.875000	-80.600687
592.900000	-80.600811
592.925000	-80.600935
592.950000	-80.601058
592.975000	-80.601182
593.000000	-80.601306
593.025000	-80.601429
593.050000	-80.601553
593.075000	-80.601677
593.100000	-80.601800
593.125000	-80.601924
593.150000	-80.602047
593.175000	-80.602171
593.200000	-80.602294
593.225000	-80.602418
593.250000	-80.602541
593.275000	-80.602665
593.300000	-80.602788
593.325000	-80.602912
593.350000	-80.603035
593.375000	-80.603159
593.400000	-80.603282
593.425000	-80.603406
593.450000	-80.603529
593.475000	-80.603652
593.500000	-80.603776
593.525000	-80.603899
593.550000	-80.604023
593.575000	-80.604146
593.600000	-80.604269
593.625000	-80.604393
593.650000	-80.604516
593.675000	-80.604639
593.700000	-80.604762
593.725000	-80.604886
593.750000	-80.605009
593.775000	-80.605132
593.800000	-80.605255
593.825000	-80.605379
593.850000	-80.605502
593.875000	-80.605625
593.900000	-80.605748
593.925000	-80.605871
593.950000	-80.605995
593.975000	-80.606118
594.000000	-80.606241
594.025000	-80.606364
594.050000	-80.606487
594.075000	-80.606610
594.100000	-80.606733
594.125000	-80.606857
594.150000	-80.606980
594.175000	-80.607103
594.200000	-80.607226
594.225000	-80.607349
594.250000	-80.607472
594.275000	-80.607595
594.300000	-80.607718
594.325000	-80.607841
594.350000	-80.607964
594.375000	-80.608087
594.400000	-80.608210
594.425000	-80.608333
594.450000	-80.608455
594.475000	-80.608578
594.500000	-80.608701
594.525000	-80.608824
594.550000	-80.608947
594.575000	-80.609070
594.600000	-80.609193
594.625000	-80.609316
594.650000	-80.609438
594.675000	-80.609561
594.700000	-80.609684
594.725000	-80.609807
594.750000	-80.609930
594.775000	-80.610052
594.800000	-80.610175
594.825000	-80.610298
594.850000	-80.610421
594.875000	-80.610543
594.900000	-80.610666
594.925000	-80.610789
594.950000	-80.610911
594.975000	-80.611034
595.000000	-80.611157
595.025000	-80.611279
595.050000	-80.611402
595.075000	-80.611525
595.100000	-80.611647
595.125000	-80.611770
595.150000	-80.611893
595.175000	-80.612015
595.200000	-80.612138
595.225000	-80.612260
595.250000	-80.612383
595.275000	-80.612505
595.300000	-80.612628
595.325000	-80.612750
595.350000	-80.612873
595.375000	-80.612995
595.400000	-80.613118
595.425000	-80.613240
595.450000	-80.613363
595.475000	-80.613485
595.500000	-80.613607
595.525000	-80.613730
595.550000	-80.613852
595.575000	-80.613975
595.600000	-80.614097
595.625000	-80.614219
595.650000	-80.614342
595.675000	-80.614464
595.700000	-80.614586
595.725000	-80.614709
595.750000	-80.614831
595.775000	-80.614953
595.800000	-80.615076
595.825000	-80.615198
595.850000	-80.615320
595.875000	-80.615442
595.900000	-80.615565
595.925000	-80.615687
595.950000	-80.615809
595.975000	-80.615931
596.000000	-80.616053
596.025000	-80.616176
596.050000	-80.616298
596.075000	-80.616420
596.100000	-80.616542
596.125000	-80.616664
596.150000	-80.616786
596.175000	-80.616908
596.200000	-80.617030
596.225000	-80.617152
596.250000	-80.617274
596.275000	-80.617397
596.300000	-80.617519
596.325000	-80.617641
596.350000	-80.617763
596.375000	-80.617885
596.400000	-80.618007
596.425000	-80.618129
596.450000	-80.618250
596.475000	-80.618372
596.500000	-80.618494
596.525000	-80.618616
596.550000	-80.618738
596.575000	-80.618860
596.600000	-80.618982
596.625000	-80.619104
596.650000	-80.619226
596.675000	-80.619348
596.700000	-80.619469
596.725000	-80.619591
596.750000	-80.619713
596.775000	-80.619835
596.800000	-80.619957
596.825000	-80.620078
596.850000	-80.620200
596.875000	-80.620322
596.900000	-80.620444
596.925000	-80.620565
596.950000	-80.620687
596.975000	-80.620809
597.000000	-80.620931
597.025000	-80.621052
597.050000	-80.621174
597.075000	-80.621296
597.100000	-80.621417
597.125000	-80.621539
597.150000	-80.621661
597.175000	-80.621782
597.200000	-80.621904
597.225000	-80.622025
597.250000	-80.622147
597.275000	-80.622269
597.300000	-80.622390
597.325000	-80.622512
597.350000	-80.622633
597.375000	-80.622755
597.400000	-80.622876
597.425000	-80.622998
597.450000	-80.623119
597.475000	-80.623241
597.500000	-80.623362
597.525000	-80.623484
597.550000	-80.623605
597.575000	-80.623726
597.600000	-80.623848
597.625000	-80.623969
597.650000	-80.624091
597.675000	-80.624212
597.700000	-80.624333
597.725000	-80.624455
597.750000	-80.624576
597.775000	-80.624697
597.800000	-80.624819
597.825000	-80.624940
597.850000	-80.625061
597.875000	-80.625183
597.900000	-80.625304
597.925000	-80.625425
597.950000	-80.625546
597.975000	-80.625668
598.000000	-80.625789
598.025000	-80.625910
598.050000	-80.626031
598.075000	-80.626152
598.100000	-80.626274
598.125000	-80.626395
598.150000	-80.626516
598.175000	-80.626637
598.200000	-80.626758
598.225000	-80.626879
598.250000	-80.627000
598.275000	-80.627121
598.300000	-80.627242
598.325000	-80.627364
598.350000	-80.627485
598.375000	-80.627606
598.400000	-80.627727
598.425000	-80.627848
598.450000	-80.627969
598.475000	-80.628090
598.500000	-80.628211
598.525000	-80.628332
598.550000	-80.628453
598.575000	-80.628574
598.600000	-80.628694
598.625000	-80.628815
598.650000	-80.628936
598.675000	-80.629057
598.700000	-80.629178
598.725000	-80.629299
598.750000	-80.629420
598.775000	-80.629541
598.800000	-80.629661
598.825000	-80.629782
598.850000	-80.629903
598.875000	-80.630024
598.900000	-80.630145
598.925000	-80.630266
598.950000	-80.630386
598.975000	-80.630507
599.000000	-80.630628
599.025000	-80.630749
599.050000	-80.630869
599.075000	-80.630990
599.100000	-80.631111
599.125000	-80.631231
599.150000	-80.631352
599.175000	-80.631473
599.200000	-80.631593
599.225000	-80.631714
599.250000	-80.631835
599.275000	-80.631955
599.300000	-80.632076
599.325000	-80.632196
599.350000	-80.632317
599.375000	-80.632438
599.400000	-80.632558
599.425000	-80.632679
599.450000	-80.632799
599.475000	-80.632920
599.500000	-80.633040
599.525000	-80.633161
599.550000	-80.633281
599.575000	-80.633402
599.600000	-80.633522
599.625000	-80.633643
599.650000	-80.633763
599.675000	-80.633883
599.700000	-80.634004
599.725000	-80.634124
599.750000	-80.634245
599.775000	-80.634365
599.800000	-80.634485
599.825000	-80.634606
599.850000	-80.634726
599.875000	-80.634846
599.900000	-80.634967
599.925000	-80.635087
599.950000	-80.635207
599.975000	-80.635328
600.000000	-80.635448
600.025000	-80.630998
600.050000	-80.627246
600.075000	-80.623872
600.100000	-80.620747
600.125000	-80.617805
600.150000	-80.615006
600.175000	-80.612325
600.200000	-80.609742
600.225000	-80.607244
600.250000	-80.604821
600.275000	-80.602464
600.300000	-80.600167
600.325000	-80.597924
600.350000	-80.595730
600.375000	-80.593581
600.400000	-80.591475
600.425000	-80.589408
600.450000	-80.587376
600.475000	-80.585379
600.500000	-80.583413
600.525000	-80.581478
600.550000	-80.579570
600.575000	-80.577690
600.600000	-80.575834
600.625000	-80.574003
600.650000	-80.572195
600.675000	-80.570408
600.700000	-80.568642
600.725000	-80.566896
600.750000	-80.565169
600.775000	-80.563460
600.800000	-80.561769
600.825000	-80.560095
600.850000	-80.558437
600.875000	-80.556794
600.900000	-80.555167
600.925000	-80.553554
600.950000	-80.551955
600.975000	-80.550370
601.000000	-80.548798
601.025000	-80.547238
601.050000	-80.545691
601.075000	-80.544156
601.100000	-80.542633
601.125000	-80.541120
601.150000	-80.539619
601.175000	-80.538128
601.200000	-80.536647
601.225000	-80.535177
601.250000	-80.533716
601.275000	-80.532265
601.300000	-80.530824
601.325000	-80.529391
601.350000	-80.527967
601.375000	-80.526552
601.400000	-80.525145
601.425000	-80.523746
601.450000	-80.522356
601.475000	-80.520973
601.500000	-80.519598
601.525000	-80.518230
601.550000	-80.516870
601.575000	-80.515517
601.600000	-80.514171
601.625000	-80.512832
601.650000	-80.511500
601.675000	-80.510174
601.700000	-80.508855
601.725000	-80.507543
601.750000	-80.506236
601.775000	-80.504936
601.800000	-80.503641
601.825000	-80.502353
601.850000	-80.501070
601.875000	-80.499793
601.900000	-80.498521
601.925000	-80.497256
601.950000	-80.495995
601.975000	-80.494740
602.000000	-80.493490
602.025000	-80.492245
602.050000	-80.491005
602.075000	-80.489770
602.100000	-80.488539
602.125000	-80.487314
602.150000	-80.486094
602.175000	-80.484877
602.200000	-80.483666
602.225000	-80.482459
602.250000	-80.481257
602.275000	-80.480058
602.300000	-80.478864
602.325000	-80.477675
602.350000	-80.476489
602.375000	-80.475308
602.400000	-80.474130
602.425000	-80.472957
602.450000	-80.471788
602.475000	-80.470622
602.500000	-80.469460
602.525000	-80.468302
602.550000	-80.467148
602.575000	-80.465997
602.600000	-80.464850
602.625000	-80.463707
602.650000	-80.462567
602.675000	-80.461430
602.700000	-80.460297
602.725000	-80.459167
602.750000	-80.458041
602.775000	-80.456917
602.800000	-80.455797
602.825000	-80.454681
602.850000	-80.453567
602.875000	-80.452457
602.900000	-80.451349
602.925000	-80.450245
602.950000	-80.449144
602.975000	-80.448045
603.000000	-80.446950
603.025000	-80.445857
603.050000	-80.444767
603.075000	-80.443681
603.100000	-80.442596
603.125000	-80.441515
603.150000	-80.440437
603.175000	-80.439361
603.200000	-80.438287
603.225000	-80.437217
603.250000	-80.436149
603.275000	-80.435083
603.300000	-80.434020
603.325000	-80.432960
603.350000	-80.431902
603.375000	-80.430846
603.400000	-80.429793
603.425000	-80.428742
603.450000	-80.427694
603.475000	-80.426648
603.500000	-80.425605
603.525000	-80.424563
603.550000	-80.423524
603.575000	-80.422487
603.600000	-80.421453
603.625000	-80.420420
603.650000	-80.419390
603.675000	-80.418362
603.700000	-80.417336
603.725000	-80.416312
603.750000	-80.415290
603.775000	-80.414270
603.800000	-80.413253
603.825000	-80.412237
603.850000	-80.411223
603.875000	-80.410212
603.900000	-80.409202
603.925000	-80.408194
603.950000	-80.407188
603.975000	-80.406184
604.000000	-80.405182
604.025000	-80.404182
604.050000	-80.403184
604.075000	-80.402187
604.100000	-80.401192
604.125000	-80.400199
604.150000	-80.399208
604.175000	-80.398219
604.200000	-80.397231
604.225000	-80.396245
604.250000	-80.395260
604.275000	-80.394278
604.300000	-80.393297
604.325000	-80.392318
604.350000	-80.391340
604.375000	-80.390364
604.400000	-80.389389
604.425000	-80.388417
604.450000	-80.387445
604.475000	-80.386476
604.500000	-80.385507
604.525000	-80.384541
604.550000	-80.383576
604.575000	-80.382612
604.600000	-80.381650
604.625000	-80.380689
604.650000	-80.379730
604.675000	-80.378772
604.700000	-80.377816
604.725000	-80.376861
604.750000	-80.375908
604.775000	-80.374956
604.800000	-80.374005
604.825000	-80.373056
604.850000	-80.372108
604.875000	-80.371161
604.900000	-80.370216
604.925000	-80.369272
604.950000	-80.368330
604.975000	-80.367388
605.000000	-80.366448
605.025000	-80.365510
605.050000	-80.364572
605.075000	-80.363636
605.100000	-80.362701
605.125000	-80.361768
605.150000	-80.360835
605.175000	-80.359904
605.200000	-80.358974
605.225000	-80.358045
605.250000	-80.357117
605.275000	-80.356191
605.300000	-80.355266
605.325000	-80.354341
605.350000	-80.353418
605.375000	-80.352497
605.400000	-80.351576
605.425000	-80.350656
605.450000	-80.349738
605.475000	-80.348820
605.500000	-80.347904
605.525000	-80.346989
605.550000	-80.346075
605.575000	-80.345162
605.600000	-80.344250
605.625000	-80.343339
605.650000	-80.342429
605.675000	-80.341520
605.700000	-80.340612
605.725000	-80.339705
605.750000	-80.338799
605.775000	-80.337894
605.800000	-80.336990
605.825000	-80.336088
605.850000	-80.335186
605.875000	-80.334285
605.900000	-80.333385
605.925000	-80.332486
605.950000	-80.331588
605.975000	-80.330690
606.000000	-80.329794
606.025000	-80.328899
606.050000	-80.328005
606.075000	-80.327111
606.100000	-80.326219
606.125000	-80.325327
606.150000	-80.324436
606.175000	-80.323546
606.200000	-80.322657
606.225000	-80.321769
606.250000	-80.320882
606.275000	-80.319996
606.300000	-80.319110
606.325000	-80.318225
606.350000	-80.317341
606.375000	-80.316458
606.400000	-80.315576
606.425000	-80.314695
606.450000	-80.313814
606.475000	-80.312934
606.500000	-80.312055
606.525000	-80.311177
606.550000	-80.310300
606.575000	-80.309423
606.600000	-80.308548
606.625000	-80.307672
606.650000	-80.306798
606.675000	-80.305925
606.700000	-80.305052
606.725000	-80.304180
606.750000	-80.303309
606.775000	-80.302438
606.800000	-80.301568
606.825000	-80.300699
606.850000	-80.299831
606.875000	-80.298963
606.900000	-80.298096
606.925000	-80.297230
606.950000	-80.296365
606.975000	-80.295500
607.000000	-80.294636
607.025000	-80.293773
607.050000	-80.292910
607.075000	-80.292048
607.100000	-80.291187
607.125000	-80.290326
607.150000	-80.289466
607.175000	-80.288607
607.200000	-80.287748
607.225000	-80.286890
607.250000	-80.286032
607.275000	-80.285176
607.300000	-80.284320
607.325000	-80.283464
607.350000	-80.282609
607.375000	-80.281755
607.400000	-80.280902
607.425000	-80.280049
607.450000	-80.279196
607.475000	-80.278345
607.500000	-80.277494
607.525000	-80.276643
607.550000	-80.275793
607.575000	-80.274944
607.600000	-80.274095
607.625000	-80.273247
607.650000	-80.272400
607.675000	-80.271553
607.700000	-80.270706
607.725000	-80.269860
607.750000	-80.269015
607.775000	-80.268170
607.800000	-80.267326
607.825000	-80.266483
607.850000	-80.265640
607.875000	-80.264797
607.900000	-80.263956
607.925000	-80.263114
607.950000	-80.262273
607.975000	-80.261433
608.000000	-80.260593
608.025000	-80.259754
608.050000	-80.258915
608.075000	-80.258077
608.100000	-80.257240
608.125000	-80.256403
608.150000	-80.255566
608.175000	-80.254730
608.200000	-80.253894
608.225000	-80.253059
608.250000	-80.252225
608.275000	-80.251391
608.300000	-80.250557
608.325000	-80.249724
608.350000	-80.248892
608.375000	-80.248059
608.400000	-80.247228
608.425000	-80.246397
608.450000	-80.245566
608.475000	-80.244736
608.500000	-80.243906
608.525000	-80.243077
608.550000	-80.242248
608.575000	-80.241420
608.600000	-80.240592
608.625000	-80.239765
608.650000	-80.238938
608.675000	-80.238111
608.700000	-80.237285
608.725000	-80.236460
608.750000	-80.235635
608.775000	-80.234810
608.800000	-80.233986
608.825000	-80.233162
608.850000	-80.232339
608.875000	-80.231516
608.900000	-80.230693
608.925000	-80.229871
608.950000	-80.229050
608.975000	-80.228229
609.000000	-80.227408
609.025000	-80.226587
609.050000	-80.225767
609.075000	-80.224948
609.100000	-80.224129
609.125000	-80.223310
609.150000	-80.222492
609.175000	-80.221674
609.200000	-80.220856
609.225000	-80.220039
609.250000	-80.219223
609.275000	-80.218406
609.300000	-80.217591
609.325000	-80.216775
609.350000	-80.215960
609.375000	-80.215145
609.400000	-80.214331
609.425000	-80.213517
609.450000	-80.212703
609.475000	-80.211890
609.500000	-80.211077
609.525000	-80.210265
609.550000	-80.209453
609.575000	-80.208641
609.600000	-80.207830
609.625000	-80.207019
609.650000	-80.206208
609.675000	-80.205398
609.700000	-80.204588
609.725000	-80.203779
609.750000	-80.202970
609.775000	-80.202161
609.800000	-80.201352
609.825000	-80.200544
609.850000	-80.199737
609.875000	-80.198929
609.900000	-80.198122
609.925000	-80.197316
609.950000	-80.196509
609.975000	-80.195703
610.000000	-80.194898
610.025000	-80.194092
610.050000	-80.193287
610.075000	-80.192483
610.100000	-80.191678
610.125000	-80.190874
610.150000	-80.190071
610.175000	-80.189268
610.200000	-80.188465
610.225000	-80.187662
610.250000	-80.186860
610.275000	-80.186058
610.300000	-80.185256
610.325000	-80.184454
610.350000	-80.183653
610.375000	-80.182853
610.400000	-80.182052
610.425000	-80.181252
610.450000	-80.180452
610.475000	-80.179653
610.500000	-80.178854
610.525000	-80.178055
610.550000	-80.177256
610.575000	-80.176458
610.600000	-80.175660
610.625000	-80.174862
610.650000	-80.174065
610.675000	-80.173268
610.700000	-80.172471
610.725000	-80.171675
610.750000	-80.170879
610.775000	-80.170083
610.800000	-80.169287
610.825000	-80.168492
610.850000	-80.167697
610.875000	-80.166902
610.900000	-80.166108
610.925000	-80.165313
610.950000	-80.164520
610.975000	-80.163726
611.000000	-80.162933
611.025000	-80.162140
611.050000	-80.161347
611.075000	-80.160554
611.100000	-80.159762
611.125000	-80.158970
611.150000	-80.158179
611.175000	-80.157387
611.200000	-80.156596
611.225000	-80.155805
611.250000	-80.155015
611.275000	-80.154225
611.300000	-80.153435
611.325000	-80.152645
611.350000	-80.151855
611.375000	-80.151066
611.400000	-80.150277
611.425000	-80.149488
611.450000	-80.148700
611.475000	-80.147912
611.500000	-80.147124
611.525000	-80.146336
611.550000	-80.145549
611.575000	-80.144762
611.600000	-80.143975
611.625000	-80.143188
611.650000	-80.142402
611.675000	-80.141615
611.700000	-80.140829
611.725000	-80.140044
611.750000	-80.139258
611.775000	-80.138473
611.800000	-80.137688
611.825000	-80.136904
611.850000	-80.136119
611.875000	-80.135335
611.900000	-80.134551
611.925000	-80.133767
611.950000	-80.132984
611.975000	-80.132201
612.000000	-80.131418
612.025000	-80.130635
612.050000	-80.129852
612.075000	-80.129070
612.100000	-80.128288
612.125000	-80.127506
612.150000	-80.126724
612.175000	-80.125943
612.200000	-80.125162
612.225000	-80.124381
612.250000	-80.123600
612.275000	-80.122820
612.300000	-80.122040
612.325000	-80.121260
612.350000	-80.120480
612.375000	-80.119700
612.400000	-80.118921
612.425000	-80.118142
612.450000	-80.117363
612.475000	-80.116584
612.500000	-80.115806
612.525000	-80.115028
612.550000	-80.114250
612.575000	-80.113472
612.600000	-80.112694
612.625000	-80.111917
612.650000	-80.111140
612.675000	-80.110363
612.700000	-80.109586
612.725000	-80.108809
612.750000	-80.108033
612.775000	-80.107257
612.800000	-80.106481
612.825000	-80.105705
612.850000	-80.104930
612.875000	-80.104155
612.900000	-80.103380
612.925000	-80.102605
612.950000	-80.101830
612.975000	-80.101056
613.000000	-80.100281
613.025000	-80.099507
613.050000	-80.098734
613.075000	-80.097960
613.100000	-80.097186
613.125000	-80.096413
613.150000	-80.095640
613.175000	-80.094867
613.200000	-80.094095
613.225000	-80.093322
613.250000	-80.092550
613.275000	-80.091778
613.300000	-80.091006
613.325000	-80.090234
613.350000	-80.089463
613.375000	-80.088692
613.400000	-80.087921
613.425000	-80.087150
613.450000	-80.086379
613.475000	-80.085609
613.500000	-80.084838
613.525000	-80.084068
613.550000	-80.083298
613.575000	-80.082528
613.600000	-80.081759
613.625000	-80.080990
613.650000	-80.080220
613.675000	-80.079451
613.700000	-80.078683
613.725000	-80.077914
613.750000	-80.077146
613.775000	-80.076377
613.800000	-80.075609
613.825000	-80.074841
613.850000	-80.074074
613.875000	-80.073306
613.900000	-80.072539
613.925000	-80.071772
613.950000	-80.071005
613.975000	-80.070238
614.000000	-80.069471
614.025000	-80.068705
614.050000	-80.067938
614.075000	-80.067172
614.100000	-80.066406
614.125000	-80.065641
614.150000	-80.064875
614.175000	-80.064110
614.200000	-80.063344
614.225000	-80.062579
614.250000	-80.061814
614.275000	-80.061050
614.300000	-80.060285
614.325000	-80.059521
614.350000	-80.058757
614.375000	-80.057993
614.400000	-80.057229
614.425000	-80.056465
614.450000	-80.055702
614.475000	-80.054938
614.500000	-80.054175
614.525000	-80.053412
614.550000	-80.052649
614.575000	-80.051887
614.600000	-80.051124
614.625000	-80.050362
614.650000	-80.049600
614.675000	-80.048838
614.700000	-80.048076
614.725000	-80.047314
614.750000	-80.046552
614.775000	-80.045791
614.800000	-80.045030
614.825000	-80.044269
614.850000	-80.043508
614.875000	-80.042747
614.900000	-80.041987
614.925000	-80.041226
614.950000	-80.040466
614.975000	-80.039706
615.000000	-80.038946
615.025000	-80.038186
615.050000	-80.037427
615.075000	-80.036667
615.100000	-80.035908
615.125000	-80.035149
615.150000	-80.034390
615.175000	-80.033631
615.200000	-80.032873
615.225000	-80.032114
615.250000	-80.031356
615.275000	-80.030598
615.300000	-80.029840
615.325000	-80.029082
615.350000	-80.028324
615.375000	-80.027566
615.400000	-80.026809
615.425000	-80.026052
615.450000	-80.025295
615.475000	-80.024538
615.500000	-80.023781
615.525000	-80.023024
615.550000	-80.022268
615.575000	-80.021511
615.600000	-80.020755
615.625000	-80.019999
615.650000	-80.019243
615.675000	-80.018487
615.700000	-80.017732
615.725000	-80.016976
615.750000	-80.016221
615.775000	-80.015466
615.800000	-80.014711
615.825000	-80.013956
615.850000	-80.013201
615.875000	-80.012446
615.900000	-80.011692
615.925000	-80.010938
615.950000	-80.010184
615.975000	-80.009430
616.000000	-80.008676
616.025000	-80.007922
616.050000	-80.007168
616.075000	-80.006415
616.100000	-80.005662
616.125000	-80.004908
616.150000	-80.004155
616.175000	-80.003403
616.200000	-80.002650
616.225000	-80.001897
616.250000	-80.001145
616.275000	-80.000393
616.300000	-79.999640
616.325000	-79.998888
616.350000	-79.998136
616.375000	-79.997385
616.400000	-79.996633
616.425000	-79.995882
616.450000	-79.995130
616.475000	-79.994379
616.500000	-79.993628
616.525000	-79.992877
616.550000	-79.992126
616.575000	-79.991376
616.600000	-79.990625
616.625000	-79.989875
616.650000	-79.989125
616.675000	-79.988375
616.700000	-79.987625
616.725000	-79.986875
616.750000	-79.986125
616.775000	-79.985375
616.800000	-79.984626
616.825000	-79.983877
616.850000	-79.983128
616.875000	-79.982379
616.900000	-79.981630
616.925000	-79.980881
616.950000	-79.980132
616.975000	-79.979384
617.000000	-79.978635
617.025000	-79.977887
617.050000	-79.977139
617.075000	-79.976391
617.100000	-79.975643
617.125000	-79.974896
617.150000	-79.974148
617.175000	-79.973401
617.200000	-79.972653
617.225000	-79.971906
617.250000	-79.971159
617.275000	-79.970412
617.300000	-79.969665
617.325000	-79.968919
617.350000	-79.968172
617.375000	-79.967426
617.400000	-79.966680
617.425000	-79.965933
617.450000	-79.965187
617.475000	-79.964441
617.500000	-79.963696
617.525000	-79.962950
617.550000	-79.962205
617.575000	-79.961459
617.600000	-79.960714
617.625000	-79.959969
617.650000	-79.959224
617.675000	-79.958479
617.700000	-79.957734
617.725000	-79.956989
617.750000	-79.956245
617.775000	-79.955501
617.800000	-79.954756
617.825000	-79.954012
617.850000	-79.953268
617.875000	-79.952524
617.900000	-79.951781
617.925000	-79.951037
617.950000	-79.950293
617.975000	-79.949550
618.000000	-79.948807
618.025000	-79.948064
618.050000	-79.947321
618.075000	-79.946578
618.100000	-79.945835
618.125000	-79.945092
618.150000	-79.944350
618.175000	-79.943607
618.200000	-79.942865
618.225000	-79.942123
618.250000	-79.941381
618.275000	-79.940639
618.300000	-79.939897
618.325000	-79.939155
618.350000	-79.938414
618.375000	-79.937672
618.400000	-79.936931
618.425000	-79.936190
618.450000	-79.935449
618.475000	-79.934708
618.500000	-79.933967
618.525000	-79.933226
618.550000	-79.932486
618.575000	-79.931745
618.600000	-79.931005
618.625000	-79.930264
618.650000	-79.929524
618.675000	-79.928784
618.700000	-79.928044
618.725000	-79.927305
618.750000	-79.926565
618.775000	-79.925825
618.800000	-79.925086
618.825000	-79.924347
618.850000	-79.923607
618.875000	-79.922868
618.900000	-79.922129
618.925000	-79.921390
618.950000	-79.920652
618.975000	-79.919913
619.000000	-79.919175
619.025000	-79.918436
619.050000	-79.917698
619.075000	-79.916960
619.100000	-79.916222
619.125000	-79.915484
619.150000	-79.914746
619.175000	-79.914008
619.200000	-79.913271
619.225000	-79.912533
619.250000	-79.911796
619.275000	-79.911059
619.300000	-79.910321
619.325000	-79.909584
619.350000	-79.908848
619.375000	-79.908111
619.400000	-79.907374
619.425000	-79.906637
619.450000	-79.905901
619.475000	-79.905165
619.500000	-79.904428
619.525000	-79.903692
619.550000	-79.902956
619.575000	-79.902220
619.600000	-79.901485
619.625000	-79.900749
619.650000	-79.900013
619.675000	-79.899278
619.700000	-79.898543
619.725000	-79.897807
619.750000	-79.897072
619.775000	-79.896337
619.800000	-79.895602
619.825000	-79.894868
619.850000	-79.894133
619.875000	-79.893398
619.900000	-79.892664
619.925000	-79.891930
619.950000	-79.891195
619.975000	-79.890461
620.000000	-79.889727
620.025000	-79.888993
620.050000	-79.888259
620.075000	-79.887526
620.100000	-79.886792
620.125000	-79.886059
620.150000	-79.885325
620.175000	-79.884592
620.200000	-79.883859
620.225000	-79.883126
620.250000	-79.882393
620.275000	-79.881660
620.300000	-79.880927
620.325000	-79.880195
620.350000	-79.879462
620.375000	-79.878730
620.400000	-79.877998
620.425000	-79.877265
620.450000	-79.876533
620.475000	-79.875801
620.500000	-79.875070
620.525000	-79.874338
620.550000	-79.873606
620.575000	-79.872875
620.600000	-79.872143
620.625000	-79.871412
620.650000	-79.870681
620.675000	-79.869950
620.700000	-79.869219
620.725000	-79.868488
620.750000	-79.867757
620.775000	-79.867026
620.800000	-79.866296
620.825000	-79.865565
620.850000	-79.864835
620.875000	-79.864104
620.900000	-79.863374
620.925000	-79.862644
620.950000	-79.861914
620.975000	-79.861184
621.000000	-79.860455
621.025000	-79.859725
621.050000	-79.858995
621.075000	-79.858266
621.100000	-79.857537
621.125000	-79.856807
621.150000	-79.856078
621.175000	-79.855349
621.200000	-79.854620
621.225000	-79.853892
621.250000	-79.853163
621.275000	-79.852434
621.300000	-79.851706
621.325000	-79.850977
621.350000	-79.850249
621.375000	-79.849521
621.400000	-79.848793
621.425000	-79.848065
621.450000	-79.847337
621.475000	-79.846609
621.500000	-79.845881
621.525000	-79.845154
621.550000	-79.844426
621.575000	-79.843699
621.600000	-79.842972
621.625000	-79.842245
621.650000	-79.841518
621.675000	-79.840791
621.700000	-79.840064
621.725000	-79.839337
621.750000	-79.838610
621.775000	-79.837884
621.800000	-79.837157
621.825000	-79.836431
621.850000	-79.835705
621.875000	-79.834979
621.900000	-79.834252
621.925000	-79.833527
621.950000	-79.832801
621.975000	-79.832075
622.000000	-79.831349
622.025000	-79.830624
622.050000	-79.829898
622.075000	-79.829173
622.100000	-79.828448
622.125000	-79.827722
622.150000	-79.826997
622.175000	-79.826272
622.200000	-79.825548
622.225000	-79.824823
622.250000	-79.824098
622.275000	-79.823374
622.300000	-79.822649
622.325000	-79.821925
622.350000	-79.821201
622.375000	-79.820476
622.400000	-79.819752
622.425000	-79.819028
622.450000	-79.818305
622.475000	-79.817581
622.500000	-79.816857
622.525000	-79.816134
622.550000	-79.815410
622.575000	-79.814687
622.600000	-79.813963
622.625000	-79.813240
622.650000	-79.812517
622.675000	-79.811794
622.700000	-79.811071
622.725000	-79.810349
622.750000	-79.809626
622.775000	-79.808903
622.800000	-79.808181
622.825000	-79.807458
622.850000	-79.806736
622.875000	-79.806014
622.900000	-79.805292
622.925000	-79.804570
622.950000	-79.803848
622.975000	-79.803126
623.000000	-79.802404
623.025000	-79.801683
623.050000	-79.800961
623.075000	-79.800240
623.100000	-79.799519
623.125000	-79.798797
623.150000	-79.798076
623.175000	-79.797355
623.200000	-79.796634
623.225000	-79.795913
623.250000	-79.795193
623.275000	-79.794472
623.300000	-79.793751
623.325000	-79.793031
623.350000	-79.792311
623.375000	-79.791590
623.400000	-79.790870
623.425000	-79.790150
623.450000	-79.789430
623.475000	-79.788710
623.500000	-79.787991
623.525000	-79.787271
623.550000	-79.786551
623.575000	-79.785832
623.600000	-79.785112
623.625000	-79.784393
623.650000	-79.783674
623.675000	-79.782955
623.700000	-79.782236
623.725000	-79.781517
623.750000	-79.780798
623.775000	-79.780079
623.800000	-79.779361
623.825000	-79.778642
623.850000	-79.777924
623.875000	-79.777205
623.900000	-79.776487
623.925000	-79.775769
623.950000	-79.775051
623.975000	-79.774333
624.000000	-79.773615
624.025000	-79.772897
624.050000	-79.772179
624.075000	-79.771462
624.100000	-79.770744
624.125000	-79.770027
624.150000	-79.769309
624.175000	-79.768592
624.200000	-79.767875
624.225000	-79.767158
624.250000	-79.766441
624.275000	-79.765724
624.300000	-79.765007
624.325000	-79.764291
624.350000	-79.763574
624.375000	-79.762858
624.400000	-79.762141
624.425000	-79.761425
624.450000	-79.760709
624.475000	-79.759993
624.500000	-79.759277
624.525000	-79.758561
624.550000	-79.757845
624.575000	-79.757129
624.600000	-79.756413
624.625000	-79.755698
624.650000	-79.754982
624.675000	-79.754267
624.700000	-79.753552
624.725000	-79.752837
624.750000	-79.752122
624.775000	-79.751407
624.800000	-79.750692
624.825000	-79.749977
624.850000	-79.749262
624.875000	-79.748547
624.900000	-79.747833
624.925000	-79.747118
624.950000	-79.746404
624.975000	-79.745690
625.000000	-79.744976
625.025000	-79.744262
625.050000	-79.743548
625.075000	-79.742834
625.100000	-79.742120
625.125000	-79.741406
625.150000	-79.740692
625.175000	-79.739979
625.200000	-79.739265
625.225000	-79.738552
625.250000	-79.737839
625.275000	-79.737126
625.300000	-79.736413
625.325000	-79.735700
625.350000	-79.734987
625.375000	-79.734274
625.400000	-79.733561
625.425000	-79.732849
625.450000	-79.732136
625.475000	-79.731424
625.500000	-79.730711
625.525000	-79.729999
625.550000	-79.729287
625.575000	-79.728575
625.600000	-79.727863
625.625000	-79.727151
625.650000	-79.726439
625.675000	-79.725727
625.700000	-79.725016
625.725000	-79.724304
625.750000	-79.723593
625.775000	-79.722881
625.800000	-79.722170
625.825000	-79.721459
625.850000	-79.720748
625.875000	-79.720037
625.900000	-79.719326
625.925000	-79.718615
625.950000	-79.717904
625.975000	-79.717194
626.000000	-79.716483
626.025000	-79.715773
626.050000	-79.715062
626.075000	-79.714352
626.100000	-79.713642
626.125000	-79.712932
626.150000	-79.712222
626.175000	-79.711512
626.200000	-79.710802
626.225000	-79.710092
626.250000	-79.709382
626.275000	-79.708673
626.300000	-79.707963
626.325000	-79.707254
626.350000	-79.706545
626.375000	-79.705835
626.400000	-79.705126
626.425000	-79.704417
626.450000	-79.703708
626.475000	-79.702999
626.500000	-79.702291
626.525000	-79.701582
626.550000	-79.700873
626.575000	-79.700165
626.600000	-79.699456
626.625000	-79.698748
626.650000	-79.698040
626.675000	-79.697332
626.700000	-79.696624
626.725000	-79.695916
626.750000	-79.695208
626.775000	-79.694500
626.800000	-79.693792
626.825000	-79.693084
626.850000	-79.692377
626.875000	-79.691669
626.900000	-79.690962
626.925000	-79.690255
626.950000	-79.689548
626.975000	-79.688841
627.000000	-79.688134
627.025000	-79.687427
627.050000	-79.686720
627.075000	-79.686013
627.100000	-79.685306
627.125000	-79.684600
627.150000	-79.683893
627.175000	-79.683187
627.200000	-79.682481
627.225000	-79.681774
627.250000	-79.681068
627.275000	-79.680362
627.300000	-79.679656
627.325000	-79.678950
627.350000	-79.678244
627.375000	-79.677539
627.400000	-79.676833
627.425000	-79.676128
627.450000	-79.675422
627.475000	-79.674717
627.500000	-79.674012
627.525000	-79.673306
627.550000	-79.672601
627.575000	-79.671896
627.600000	-79.671191
627.625000	-79.670486
627.650000	-79.669782
627.675000	-79.669077
627.700000	-79.668372
627.725000	-79.667668
627.750000	-79.666964
627.775000	-79.666259
627.800000	-79.665555
627.825000	-79.664851
627.850000	-79.664147
627.875000	-79.663443
627.900000	-79.662739
627.925000	-79.662035
627.950000	-79.661331
627.975000	-79.660628
628.000000	-79.659924
628.025000	-79.659221
628.050000	-79.658517
628.075000	-79.657814
628.100000	-79.657111
628.125000	-79.656408
628.150000	-79.655705
628.175000	-79.655002
628.200000	-79.654299
628.225000	-79.653596
628.250000	-79.652894
628.275000	-79.652191
628.300000	-79.651488
628.325000	-79.650786
628.350000	-79.650084
628.375000	-79.649381
628.400000	-79.648679
628.425000	-79.647977
628.450000	-79.647275
628.475000	-79.646573
628.500000	-79.645871
628.525000	-79.645170
628.550000	-79.644468
628.575000	-79.643766
628.600000	-79.643065
628.625000	-79.642363
628.650000	-79.641662
628.675000	-79.640961
628.700000	-79.640260
628.725000	-79.639559
628.750000	-79.638858
628.775000	-79.638157
628.800000	-79.637456
628.825000	-79.636755
628.850000	-79.636055
628.875000	-79.635354
628.900000	-79.634654
628.925000	-79.633953
628.950000	-79.633253
628.975000	-79.632553
629.000000	-79.631852
629.025000	-79.631152
629.050000	-79.630452
629.075000	-79.629753
629.100000	-79.629053
629.125000	-79.628353
629.150000	-79.627653
629.175000	-79.626954
629.200000	-79.626254
629.225000	-79.625555
629.250000	-79.624856
629.275000	-79.624157
629.300000	-79.623457
629.325000	-79.622758
629.350000	-79.622059
629.375000	-79.621361
629.400000	-79.620662
629.425000	-79.619963
629.450000	-79.619264
629.475000	-79.618566
629.500000	-79.617867
629.525000	-79.617169
629.550000	-79.616471
629.575000	-79.615773
629.600000	-79.615074
629.625000	-79.614376
629.650000	-79.613678
629.675000	-79.612981
629.700000	-79.612283
629.725000	-79.611585
629.750000	-79.610888
629.775000	-79.610190
629.800000	-79.609493
629.825000	-79.608795
629.850000	-79.608098
629.875000	-79.607401
629.900000	-79.606704
629.925000	-79.606007
629.950000	-79.605310
629.975000	-79.604613
630.000000	-79.603916
630.025000	-79.603219
630.050000	-79.602523
630.075000	-79.601826
630.100000	-79.601130
630.125000	-79.600433
630.150000	-79.599737
630.175000	-79.599041
630.200000	-79.598345
630.225000	-79.597649
630.250000	-79.596953
630.275000	-79.596257
630.300000	-79.595561
630.325000	-79.594865
630.350000	-79.594170
630.375000	-79.593474
630.400000	-79.592779
630.425000	-79.592083
630.450000	-79.591388
630.475000	-79.590693
630.500000	-79.589998
630.525000	-79.589303
630.550000	-79.588608
630.575000	-79.587913
630.600000	-79.587218
630.625000	-79.586523
630.650000	-79.585829
630.675000	-79.585134
630.700000	-79.584440
630.725000	-79.583745
630.750000	-79.583051
630.775000	-79.582357
630.800000	-79.581663
630.825000	-79.580969
630.850000	-79.580275
630.875000	-79.579581
630.900000	-79.578887
630.925000	-79.578193
630.950000	-79.577500
630.975000	-79.576806
631.000000	-79.576112
631.025000	-79.575419
631.050000	-79.574726
631.075000	-79.574033
631.100000	-79.573339
631.125000	-79.572646
631.150000	-79.571953
631.175000	-79.571260
631.200000	-79.570568
631.225000	-79.569875
631.250000	-79.569182
631.275000	-79.568490
631.300000	-79.567797
631.325000	-79.567105
631.350000	-79.566412
631.375000	-79.565720
631.400000	-79.565028
631.425000	-79.564336
631.450000	-79.563644
631.475000	-79.562952
631.500000	-79.562260
631.525000	-79.561568
631.550000	-79.560877
631.575000	-79.560185
631.600000	-79.559493
631.625000	-79.558802
631.650000	-79.558111
631.675000	-79.557419
631.700000	-79.556728
631.725000	-79.556037
631.750000	-79.555346
631.775000	-79.554655
631.800000	-79.553964
631.825000	-79.553273
631.850000	-79.552583
631.875000	-79.551892
631.900000	-79.551202
631.925000	-79.550511
631.950000	-79.549821
631.975000	-79.549130
632.000000	-79.548440
632.025000	-79.547750
632.050000	-79.547060
632.075000	-79.546370
632.100000	-79.545680
632.125000	-79.544990
632.150000	-79.544301
632.175000	-79.543611
632.200000	-79.542921
632.225000	-79.542232
632.250000	-79.541542
632.275000	-79.540853
632.300000	-79.540164
632.325000	-79.539475
632.350000	-79.538786
632.375000	-79.538097
632.400000	-79.537408
632.425000	-79.536719
632.450000	-79.536030
632.475000	-79.535341
632.500000	-79.534653
632.525000	-79.533964
632.550000	-79.533276
632.575000	-79.532587
632.600000	-79.531899
632.625000	-79.531211
632.650000	-79.530523
632.675000	-79.529835
632.700000	-79.529147
632.725000	-79.528459
632.750000	-79.527771
632.775000	-79.527083
632.800000	-79.526396
632.825000	-79.525708
632.850000	-79.525021
632.875000	-79.524333
632.900000	-79.523646
632.925000	-79.522959
632.950000	-79.522272
632.975000	-79.521584
633.000000	-79.520897
633.025000	-79.520210
633.050000	-79.519524
633.075000	-79.518837
633.100000	-79.518150
633.125000	-79.517464
633.150000	-79.516777
633.175000	-79.516091
633.200000	-79.515404
633.225000	-79.514718
633.250000	-79.514032
633.275000	-79.513346
633.300000	-79.512660
633.325000	-79.511974
633.350000	-79.511288
633.375000	-79.510602
633.400000	-79.509916
633.425000	-79.509231
633.450000	-79.508545
633.475000	-79.507859
633.500000	-79.507174
633.525000	-79.506489
633.550000	-79.505803
633.575000	-79.505118
633.600000	-79.504433
633.625000	-79.503748
633.650000	-79.503063
633.675000	-79.502378
633.700000	-79.501694
633.725000	-79.501009
633.750000	-79.500324
633.775000	-79.499640
633.800000	-79.498955
633.825000	-79.498271
633.850000	-79.497587
633.875000	-79.496902
633.900000	-79.496218
633.925000	-79.495534
633.950000	-79.494850
633.975000	-79.494166
634.000000	-79.493482
634.025000	-79.492799
634.050000	-79.492115
634.075000	-79.491431
634.100000	-79.490748
634.125000	-79.490065
634.150000	-79.489381
634.175000	-79.488698
634.200000	-79.488015
634.225000	-79.487332
634.250000	-79.486649
634.275000	-79.485966
634.300000	-79.485283
634.325000	-79.484600
634.350000	-79.483917
634.375000	-79.483235
634.400000	-79.482552
634.425000	-79.481870
634.450000	-79.481187
634.475000	-79.480505
634.500000	-79.479823
634.525000	-79.479140
634.550000	-79.478458
634.575000	-79.477776
634.600000	-79.477094
634.625000	-79.476412
634.650000	-79.475731
634.675000	-79.475049
634.700000	-79.474367
634.725000	-79.473686
634.750000	-79.473004
634.775000	-79.472323
634.800000	-79.471642
634.825000	-79.470960
634.850000	-79.470279
634.875000	-79.469598
634.900000	-79.468917
634.925000	-79.468236
634.950000	-79.467555
634.975000	-79.466875
635.000000	-79.466194
635.025000	-79.465513
635.050000	-79.464833
635.075000	-79.464152
635.100000	-79.463472
635.125000	-79.462792
635.150000	-79.462112
635.175000	-79.461431
635.200000	-79.460751
635.225000	-79.460071
635.250000	-79.459391
635.275000	-79.458712
635.300000	-79.458032
635.325000	-79.457352
635.350000	-79.456673
635.375000	-79.455993
635.400000	-79.455314
635.425000	-79.454634
635.450000	-79.453955
635.475000	-79.453276
635.500000	-79.452597
635.525000	-79.451918
635.550000	-79.451239
635.575000	-79.450560
635.600000	-79.449881
635.625000	-79.449202
635.650000	-79.448524
635.675000	-79.447845
635.700000	-79.447166
635.725000	-79.446488
635.750000	-79.445810
635.775000	-79.445131
635.800000	-79.444453
635.825000	-79.443775
635.850000	-79.443097
635.875000	-79.442419
635.900000	-79.441741
635.925000	-79.441063
635.950000	-79.440386
635.975000	-79.439708
636.000000	-79.439030
636.025000	-79.438353
636.050000	-79.437676
636.075000	-79.436998
636.100000	-79.436321
636.125000	-79.435644
636.150000	-79.434967
636.175000	-79.434290
636.200000	-79.433613
636.225000	-79.432936
636.250000	-79.432259
636.275000	-79.431582
636.300000	-79.430906
636.325000	-79.430229
636.350000	-79.429553
636.375000	-79.428876
636.400000	-79.428200
636.425000	-79.427524
636.450000	-79.426847
636.475000	-79.426171
636.500000	-79.425495
636.525000	-79.424819
636.550000	-79.424143
636.575000	-79.423468
636.600000	-79.422792
636.625000	-79.422116
636.650000	-79.421441
636.675000	-79.420765
636.700000	-79.420090
636.725000	-79.419414
636.750000	-79.418739
636.775000	-79.418064
636.800000	-79.417389
636.825000	-79.416714
636.850000	-79.416039
636.875000	-79.415364
636.900000	-79.414689
636.925000	-79.414014
636.950000	-79.413340
636.975000	-79.412665
637.000000	-79.411991
637.025000	-79.411316
637.050000	-79.410642
637.075000	-79.409968
637.100000	-79.409294
637.125000	-79.408619
637.150000	-79.407945
637.175000	-79.407271
637.200000	-79.406598
637.225000	-79.405924
637.250000	-79.405250
637.275000	-79.404576
637.300000	-79.403903
637.325000	-79.403229
637.350000	-79.402556
637.375000	-79.401883
637.400000	-79.401209
637.425000	-79.400536
637.450000	-79.399863
637.475000	-79.399190
637.500000	-79.398517
637.525000	-79.397844
637.550000	-79.397171
637.575000	-79.396499
637.600000	-79.395826
637.625000	-79.395153
637.650000	-79.394481
637.675000	-79.393808
637.700000	-79.393136
637.725000	-79.392464
637.750000	-79.391792
637.775000	-79.391119
637.800000	-79.390447
637.825000	-79.389775
637.850000	-79.389103
637.875000	-79.388432
637.900000	-79.387760
637.925000	-79.387088
637.950000	-79.386417
637.975000	-79.385745
638.000000	-79.385074
638.025000	-79.384402
638.050000	-79.383731
638.075000	-79.383060
638.100000	-79.382389
638.125000	-79.381718
638.150000	-79.381047
638.175000	-79.380376
638.200000	-79.379705
638.225000	-79.379034
638.250000	-79.378363
638.275000	-79.377693
638.300000	-79.377022
638.325000	-79.376352
638.350000	-79.375681
638.375000	-79.375011
638.400000	-79.374341
638.425000	-79.373671
638.450000	-79.373001
638.475000	-79.372331
638.500000	-79.371661
638.525000	-79.370991
638.550000	-79.370321
638.575000	-79.369651
638.600000	-79.368982
638.625000	-79.368312
638.650000	-79.367643
638.675000	-79.366973
638.700000	-79.366304
638.725000	-79.365635
638.750000	-79.364966
638.775000	-79.364296
638.800000	-79.363627
638.825000	-79.362958
638.850000	-79.362290
638.875000	-79.361621
638.900000	-79.360952
638.925000	-79.360283
638.950000	-79.359615
638.975000	-79.358946
639.000000	-79.358278
639.025000	-79.357610
639.050000	-79.356941
639.075000	-79.356273
639.100000	-79.355605
639.125000	-79.354937
639.150000	-79.354269
639.175000	-79.353601
639.200000	-79.352933
639.225000	-79.352266
639.250000	-79.351598
639.275000	-79.350930
639.300000	-79.350263
639.325000	-79.349595
639.350000	-79.348928
639.375000	-79.348261
639.400000	-79.347593
639.425000	-79.346926
639.450000	-79.346259
639.475000	-79.345592
639.500000	-79.344925
639.525000	-79.344258
639.550000	-79.343592
639.575000	-79.342925
639.600000	-79.342258
639.625000	-79.341592
639.650000	-79.340925
639.675000	-79.340259
639.700000	-79.339593
639.725000	-79.338926
639.750000	-79.338260
639.775000	-79.337594
639.800000	-79.336928
639.825000	-79.336262
639.850000	-79.335596
639.875000	-79.334931
639.900000	-79.334265
639.925000	-79.333599
639.950000	-79.332934
639.975000	-79.332268
640.000000	-79.331603
640.025000	-79.330937
640.050000	-79.330272
640.075000	-79.329607
640.100000	-79.328942
640.125000	-79.328277
640.150000	-79.327612
640.175000	-79.326947
640.200000	-79.326282
640.225000	-79.325617
640.250000	-79.324953
640.275000	-79.324288
640.300000	-79.323623
640.325000	-79.322959
640.350000	-79.322295
640.375000	-79.321630
640.400000	-79.320966
640.425000	-79.320302
640.450000	-79.319638
640.475000	-79.318974
640.500000	-79.318310
640.525000	-79.317646
640.550000	-79.316982
640.575000	-79.316318
640.600000	-79.315655
640.625000	-79.314991
640.650000	-79.314328
640.675000	-79.313664
640.700000	-79.313001
640.725000	-79.312338
640.750000	-79.311675
640.775000	-79.311011
640.800000	-79.310348
640.825000	-79.309685
640.850000	-79.309023
640.875000	-79.308360
640.900000	-79.307697
640.925000	-79.307034
640.950000	-79.306372
640.975000	-79.305709
641.000000	-79.305047
641.025000	-79.304384
641.050000	-79.303722
641.075000	-79.303060
641.100000	-79.302398
641.125000	-79.301736
641.150000	-79.301074
641.175000	-79.300412
641.200000	-79.299750
641.225000	-79.299088
641.250000	-79.298426
641.275000	-79.297765
641.300000	-79.297103
641.325000	-79.296442
641.350000	-79.295780
641.375000	-79.295119
641.400000	-79.294458
641.425000	-79.293796
641.450000	-79.293135
641.475000	-79.292474
641.500000	-79.291813
641.525000	-79.291152
641.550000	-79.290491
641.575000	-79.289831
641.600000	-79.289170
641.625000	-79.288509
641.650000	-79.287849
641.675000	-79.287188
641.700000	-79.286528
641.725000	-79.285868
641.750000	-79.285208
641.775000	-79.284547
641.800000	-79.283887
641.825000	-79.283227
641.850000	-79.282567
641.875000	-79.281907
641.900000	-79.281248
641.925000	-79.280588
641.950000	-79.279928
641.975000	-79.279269
642.000000	-79.278609
642.025000	-79.277950
642.050000	-79.277290
642.075000	-79.276631
642.100000	-79.275972
642.125000	-79.275313
642.150000	-79.274654
642.175000	-79.273995
642.200000	-79.273336
642.225000	-79.272677
642.250000	-79.272018
642.275000	-79.271359
642.300000	-79.270701
642.325000	-79.270042
642.350000	-79.269384
642.375000	-79.268725
642.400000	-79.268067
642.425000	-79.267409
642.450000	-79.266751
642.475000	-79.266093
642.500000	-79.265435
642.525000	-79.264777
642.550000	-79.264119
642.575000	-79.263461
642.600000	-79.262803
642.625000	-79.262145
642.650000	-79.261488
642.675000	-79.260830
642.700000	-79.260173
642.725000	-79.259515
642.750000	-79.258858
642.775000	-79.258201
642.800000	-79.257544
642.825000	-79.256887
642.850000	-79.256230
642.875000	-79.255573
642.900000	-79.254916
642.925000	-79.254259
642.950000	-79.253602
642.975000	-79.252946
643.000000	-79.252289
643.025000	-79.251633
643.050000	-79.250976
643.075000	-79.250320
643.100000	-79.249664
643.125000	-79.249007
643.150000	-79.248351
643.175000	-79.247695
643.200000	-79.247039
643.225000	-79.246383
643.250000	-79.245727
643.275000	-79.245072
643.300000	-79.244416
643.325000	-79.243760
643.350000	-79.243105
643.375000	-79.242449
643.400000	-79.241794
643.425000	-79.241138
643.450000	-79.240483
643.475000	-79.239828
643.500000	-79.239173
643.525000	-79.238518
643.550000	-79.237863
643.575000	-79.237208
643.600000	-79.236553
643.625000	-79.235898
643.650000	-79.235244
643.675000	-79.234589
643.700000	-79.233935
643.725000	-79.233280
643.750000	-79.232626
643.775000	-79.231971
643.800000	-79.231317
643.825000	-79.230663
643.850000	-79.230009
643.875000	-79.229355
643.900000	-79.228701
643.925000	-79.228047
643.950000	-79.227393
643.975000	-79.226739
644.000000	-79.226086
644.025000	-79.225432
644.050000	-79.224779
644.075000	-79.224125
644.100000	-79.223472
644.125000	-79.222818
644.150000	-79.222165
644.175000	-79.221512
644.200000	-79.220859
644.225000	-79.220206
644.250000	-79.219553
644.275000	-79.218900
644.300000	-79.218247
644.325000	-79.217594
644.350000	-79.216942
644.375000	-79.216289
644.400000	-79.215637
644.425000	-79.214984
644.450000	-79.214332
644.475000	-79.213680
644.500000	-79.213027
644.525000	-79.212375
644.550000	-79.211723
644.575000	-79.211071
644.600000	-79.210419
644.625000	-79.209767
644.650000	-79.209116
644.675000	-79.208464
644.700000	-79.207812
644.725000	-79.207161
644.750000	-79.206509
644.775000	-79.205858
644.800000	-79.205206
644.825000	-79.204555
644.850000	-79.203904
644.875000	-79.203253
644.900000	-79.202602
644.925000	-79.201951
644.950000	-79.201300
644.975000	-79.200649
645.000000	-79.199998
645.025000	-79.199347
645.050000	-79.198697
645.075000	-79.198046
645.100000	-79.197396
645.125000	-79.196745
645.150000	-79.196095
645.175000	-79.195444
645.200000	-79.194794
645.225000	-79.194144
645.250000	-79.193494
645.275000	-79.192844
645.300000	-79.192194
645.325000	-79.191544
645.350000	-79.190894
645.375000	-79.190245
645.400000	-79.189595
645.425000	-79.188946
645.450000	-79.188296
645.475000	-79.187647
645.500000	-79.186997
645.525000	-79.186348
645.550000	-79.185699
645.575000	-79.185050
645.600000	-79.184401
645.625000	-79.183752
645.650000	-79.183103
645.675000	-79.182454
645.700000	-79.181805
645.725000	-79.181156
645.750000	-79.180508
645.775000	-79.179859
645.800000	-79.179211
645.825000	-79.178562
645.850000	-79.177914
645.875000	-79.177265
645.900000	-79.176617
645.925000	-79.175969
645.950000	-79.175321
645.975000	-79.174673
646.000000	-79.174025
646.025000	-79.173377
646.050000	-79.172730
646.075000	-79.172082
646.100000	-79.171434
646.125000	-79.170787
646.150000	-79.170139
646.175000	-79.169492
646.200000	-79.168844
646.225000	-79.168197
646.250000	-79.167550
646.275000	-79.166903
646.300000	-79.166256
646.325000	-79.165609
646.350000	-79.164962
646.375000	-79.164315
646.400000	-79.163668
646.425000	-79.163021
646.450000	-79.162375
646.475000	-79.161728
646.500000	-79.161082
646.525000	-79.160435
646.550000	-79.159789
646.575000	-79.159143
646.600000	-79.158496
646.625000	-79.157850
646.650000	-79.157204
646.675000	-79.156558
646.700000	-79.155912
646.725000	-79.155266
646.750000	-79.154620
646.775000	-79.153975
646.800000	-79.153329
646.825000	-79.152684
646.850000	-79.152038
646.875000	-79.151393
646.900000	-79.150747
646.925000	-79.150102
646.950000	-79.149457
646.975000	-79.148812
647.000000	-79.148166
647.025000	-79.147521
647.050000	-79.146877
647.075000	-79.146232
647.100000	-79.145587
647.125000	-79.144942
647.150000	-79.144297
647.175000	-79.143653
647.200000	-79.143008
647.225000	-79.142364
647.250000	-79.141720
647.275000	-79.141075
647.300000	-79.140431
647.325000	-79.139787
647.350000	-79.139143
647.375000	-79.138499
647.400000	-79.137855
647.425000	-79.137211
647.450000	-79.136567
647.475000	-79.135923
647.500000	-79.135280
647.525000	-79.134636
647.550000	-79.133993
647.575000	-79.133349
647.600000	-79.132706
647.625000	-79.132062
647.650000	-79.131419
647.675000	-79.130776
647.700000	-79.130133
647.725000	-79.129490
647.750000	-79.128847
647.775000	-79.128204
647.800000	-79.127561
647.825000	-79.126918
647.850000	-79.126276
647.875000	-79.125633
647.900000	-79.124991
647.925000	-79.124348
647.950000	-79.123706
647.975000	-79.123063
648.000000	-79.122421
648.025000	-79.121779
648.050000	-79.121137
648.075000	-79.120495
648.100000	-79.119853
648.125000	-79.119211
648.150000	-79.118569
648.175000	-79.117927
648.200000	-79.117286
648.225000	-79.116644
648.250000	-79.116002
648.275000	-79.115361
648.300000	-79.114720
648.325000	-79.114078
648.350000	-79.113437
648.375000	-79.112796
648.400000	-79.112155
648.425000	-79.111514
648.450000	-79.110873
648.475000	-79.110232
648.500000	-79.109591
648.525000	-79.108950
648.550000	-79.108309
648.575000	-79.107669
648.600000	-79.107028
648.625000	-79.106388
648.650000	-79.105747
648.675000	-79.105107
648.700000	-79.104467
648.725000	-79.103826
648.750000	-79.103186
648.775000	-79.102546
648.800000	-79.101906
648.825000	-79.101266
648.850000	-79.100626
648.875000	-79.099986
648.900000	-79.099347
648.925000	-79.098707
648.950000	-79.098067
648.975000	-79.097428
649.000000	-79.096788
649.025000	-79.096149
649.050000	-79.095510
649.075000	-79.094871
649.100000	-79.094231
649.125000	-79.093592
649.150000	-79.092953
649.175000	-79.092314
649.200000	-79.091675
649.225000	-79.091037
649.250000	-79.090398
649.275000	-79.089759
649.300000	-79.089121
649.325000	-79.088482
649.350000	-79.087844
649.375000	-79.087205
649.400000	-79.086567
649.425000	-79.085929
649.450000	-79.085290
649.475000	-79.084652
649.500000	-79.084014
649.525000	-79.083376
649.550000	-79.082738
649.575000	-79.082100
649.600000	-79.081463
649.625000	-79.080825
649.650000	-79.080187
649.675000	-79.079550
649.700000	-79.078912
649.725000	-79.078275
649.750000	-79.077637
649.775000	-79.077000
649.800000	-79.076363
649.825000	-79.075726
649.850000	-79.075089
649.875000	-79.074452
649.900000	-79.073815
649.925000	-79.073178
649.950000	-79.072541
649.975000	-79.071904
650.000000	-79.071268
650.025000	-79.070631
650.050000	-79.069995
650.075000	-79.069358
650.100000	-79.068722
650.125000	-79.068085
650.150000	-79.067449
650.175000	-79.066813
650.200000	-79.066177
650.225000	-79.065541
650.250000	-79.064905
650.275000	-79.064269
650.300000	-79.063633
650.325000	-79.062997
650.350000	-79.062362
650.375000	-79.061726
650.400000	-79.061091
650.425000	-79.060455
650.450000	-79.059820
650.475000	-79.059184
650.500000	-79.058549
650.525000	-79.057914
650.550000	-79.057279
650.575000	-79.056644
650.600000	-79.056009
650.625000	-79.055374
650.650000	-79.054739
650.675000	-79.054104
650.700000	-79.053469
650.725000	-79.052835
650.750000	-79.052200
650.775000	-79.051566
650.800000	-79.050931
650.825000	-79.050297
650.850000	-79.049662
650.875000	-79.049028
650.900000	-79.048394
650.925000	-79.047760
650.950000	-79.047126
650.975000	-79.046492
651.000000	-79.045858
651.025000	-79.045224
651.050000	-79.044591
651.075000	-79.043957
651.100000	-79.043323
651.125000	-79.042690
651.150000	-79.042056
651.175000	-79.041423
651.200000	-79.040789
651.225000	-79.040156
651.250000	-79.039523
651.275000	-79.038890
651.300000	-79.038257
651.325000	-79.037624
651.350000	-79.036991
651.375000	-79.036358
651.400000	-79.035725
651.425000	-79.035092
651.450000	-79.034460
651.475000	-79.033827
651.500000	-79.033195
651.525000	-79.032562
651.550000	-79.031930
651.575000	-79.031298
651.600000	-79.030665
651.625000	-79.030033
651.650000	-79.029401
651.675000	-79.028769
651.700000	-79.028137
651.725000	-79.027505
651.750000	-79.026873
651.775000	-79.026242
651.800000	-79.025610
651.825000	-79.024978
651.850000	-79.024347
651.875000	-79.023715
651.900000	-79.023084
651.925000	-79.022453
651.950000	-79.021821
651.975000	-79.021190
652.000000	-79.020559
652.025000	-79.019928
652.050000	-79.019297
652.075000	-79.018666
652.100000	-79.018035
652.125000	-79.017404
652.150000	-79.016774
652.175000	-79.016143
652.200000	-79.015512
652.225000	-79.014882
652.250000	-79.014251
652.275000	-79.013621
652.300000	-79.012991
652.325000	-79.012360
652.350000	-79.011730
652.375000	-79.011100
652.400000	-79.010470
652.425000	-79.009840
652.450000	-79.009210
652.475000	-79.008580
652.500000	-79.007951
652.525000	-79.007321
652.550000	-79.006691
652.575000	-79.006062
652.600000	-79.005432
652.625000	-79.004803
652.650000	-79.004173
652.675000	-79.003544
652.700000	-79.002915
652.725000	-79.002286
652.750000	-79.001657
652.775000	-79.001028
652.800000	-79.000399
652.825000	-78.999770
652.850000	-78.999141
652.875000	-78.998512
652.900000	-78.997884
652.925000	-78.997255
652.950000	-78.996627
652.975000	-78.995998
653.000000	-78.995370
653.025000	-78.994741
653.050000	-78.994113
653.075000	-78.993485
653.100000	-78.992857
653.125000	-78.992229
653.150000	-78.991601
653.175000	-78.990973
653.200000	-78.990345
653.225000	-78.989717
653.250000	-78.989089
653.275000	-78.988462
653.300000	-78.987834
653.325000	-78.987207
653.350000	-78.986579
653.375000	-78.985952
653.400000	-78.985325
653.425000	-78.984697
653.450000	-78.984070
653.475000	-78.983443
653.500000	-78.982816
653.525000	-78.982189
653.550000	-78.981562
653.575000	-78.980935
653.600000	-78.980309
653.625000	-78.979682
653.650000	-78.979055
653.675000	-78.978429
653.700000	-78.977802
653.725000	-78.977176
653.750000	-78.976549
653.775000	-78.975923
653.800000	-78.975297
653.825000	-78.974671
653.850000	-78.974045
653.875000	-78.973419
653.900000	-78.972793
653.925000	-78.972167
653.950000	-78.971541
653.975000	-78.970915
654.000000	-78.970290
654.025000	-78.969664
654.050000	-78.969038
654.075000	-78.968413
654.100000	-78.967787
654.125000	-78.967162
654.150000	-78.966537
654.175000	-78.965912
654.200000	-78.965287
654.225000	-78.964661
654.250000	-78.964036
654.275000	-78.963412
654.300000	-78.962787
654.325000	-78.962162
654.350000	-78.961537
654.375000	-78.960912
654.400000	-78.960288
654.425000	-78.959663
654.450000	-78.959039
654.475000	-78.958415
654.500000	-78.957790
654.525000	-78.957166
654.550000	-78.956542
654.575000	-78.955918
654.600000	-78.955294
654.625000	-78.954670
654.650000	-78.954046
654.675000	-78.953422
654.700000	-78.952798
654.725000	-78.952174
654.750000	-78.951551
654.775000	-78.950927
654.800000	-78.950304
654.825000	-78.949680
654.850000	-78.949057
654.875000	-78.948433
654.900000	-78.947810
654.925000	-78.947187
654.950000	-78.946564
654.975000	-78.945941
655.000000	-78.945318
655.025000	-78.944695
655.050000	-78.944072
655.075000	-78.943449
655.100000	-78.942827
655.125000	-78.942204
655.150000	-78.941581
655.175000	-78.940959
655.200000	-78.940337
655.225000	-78.939714
655.250000	-78.939092
655.275000	-78.938470
655.300000	-78.937847
655.325000	-78.937225
655.350000	-78.936603
655.375000	-78.935981
655.400000	-78.935360
655.425000	-78.934738
655.450000	-78.934116
655.475000	-78.933494
655.500000	-78.932873
655.525000	-78.932251
655.550000	-78.931630
655.575000	-78.931008
655.600000	-78.930387
655.625000	-78.929765
655.650000	-78.929144
655.675000	-78.928523
655.700000	-78.927902
655.725000	-78.927281
655.750000	-78.926660
655.775000	-78.926039
655.800000	-78.925418
655.825000	-78.924798
655.850000	-78.924177
655.875000	-78.923556
655.900000	-78.922936
655.925000	-78.922315
655.950000	-78.921695
655.975000	-78.921074
656.000000	-78.920454
656.025000	-78.919834
656.050000	-78.919214
656.075000	-78.918594
656.100000	-78.917974
656.125000	-78.917354
656.150000	-78.916734
656.175000	-78.916114
656.200000	-78.915494
656.225000	-78.914875
656.250000	-78.914255
656.275000	-78.913635
656.300000	-78.913016
656.325000	-78.912397
656.350000	-78.911777
656.375000	-78.911158
656.400000	-78.910539
656.425000	-78.909920
656.450000	-78.909301
656.475000	-78.908682
656.500000	-78.908063
656.525000	-78.907444
656.550000	-78.906825
656.575000	-78.906206
656.600000	-78.905587
656.625000	-78.904969
656.650000	-78.904350
656.675000	-78.903732
656.700000	-78.903113
656.725000	-78.902495
656.750000	-78.901877
656.775000	-78.901259
656.800000	-78.900640
656.825000	-78.900022
656.850000	-78.899404
656.875000	-78.898786
656.900000	-78.898169
656.925000	-78.897551
656.950000	-78.896933
656.975000	-78.896315
657.000000	-78.895698
657.025000	-78.895080
657.050000	-78.894463
657.075000	-78.893845
657.100000	-78.893228
657.125000	-78.892611
657.150000	-78.891993
657.175000	-78.891376
657.200000	-78.890759
657.225000	-78.890142
657.250000	-78.889525
657.275000	-78.888908
657.300000	-78.888292
657.325000	-78.887675
657.350000	-78.887058
657.375000	-78.886442
657.400000	-78.885825
657.425000	-78.885209
657.450000	-78.884592
657.475000	-78.883976
657.500000	-78.883360
657.525000	-78.882743
657.550000	-78.882127
657.575000	-78.881511
657.600000	-78.880895
657.625000	-78.880279
657.650000	-78.879663
657.675000	-78.879047
657.700000	-78.878432
657.725000	-78.877816
657.750000	-78.877200
657.775000	-78.876585
657.800000	-78.875969
657.825000	-78.875354
657.850000	-78.874739
657.875000	-78.874123
657.900000	-78.873508
657.925000	-78.872893
657.950000	-78.872278
657.975000	-78.871663
658.000000	-78.871048
658.025000	-78.870433
658.050000	-78.869818
658.075000	-78.869203
658.100000	-78.868589
658.125000	-78.867974
658.150000	-78.867360
658.175000	-78.866745
658.200000	-78.866131
658.225000	-78.865516
658.250000	-78.864902
658.275000	-78.864288
658.300000	-78.863674
658.325000	-78.863060
658.350000	-78.862446
658.375000	-78.861832
658.400000	-78.861218
658.425000	-78.860604
658.450000	-78.859990
658.475000	-78.859376
658.500000	-78.858763
658.525000	-78.858149
658.550000	-78.857536
658.575000	-78.856922
658.600000	-78.856309
658.625000	-78.855696
658.650000	-78.855082
658.675000	-78.854469
658.700000	-78.853856
658.725000	-78.853243
658.750000	-78.852630
658.775000	-78.852017
658.800000	-78.851404
658.825000	-78.850792
658.850000	-78.850179
658.875000	-78.849566
658.900000	-78.848954
658.925000	-78.848341
658.950000	-78.847729
658.975000	-78.847116
659.000000	-78.846504
659.025000	-78.845892
659.050000	-78.845280
659.075000	-78.844668
659.100000	-78.844056
659.125000	-78.843444
659.150000	-78.842832
659.175000	-78.842220
659.200000	-78.841608
659.225000	-78.840996
659.250000	-78.840385
659.275000	-78.839773
659.300000	-78.839162
659.325000	-78.838550
659.350000	-78.837939
659.375000	-78.837327
659.400000	-78.836716
659.425000	-78.836105
659.450000	-78.835494
659.475000	-78.834883
659.500000	-78.834272
659.525000	-78.833661
659.550000	-78.833050
659.575000	-78.832439
659.600000	-78.831829
659.625000	-78.831218
659.650000	-78.830607
659.675000	-78.829997
659.700000	-78.829386
659.725000	-78.828776
659.750000	-78.828166
659.775000	-78.827555
659.800000	-78.826945
659.825000	-78.826335
659.850000	-78.825725
659.875000	-78.825115
659.900000	-78.824505
659.925000	-78.823895
659.950000	-78.823285
659.975000	-78.822676
660.000000	-78.822066
660.025000	-78.821456
660.050000	-78.820847
660.075000	-78.820237
660.100000	-78.819628
660.125000	-78.819018
660.150000	-78.818409
660.175000	-78.817800
660.200000	-78.817191
660.225000	-78.816582
660.250000	-78.815973
660.275000	-78.815364
660.300000	-78.814755
660.325000	-78.814146
660.350000	-78.813537
660.375000	-78.812929
660.400000	-78.812320
660.425000	-78.811711
660.450000	-78.811103
660.475000	-78.810494
660.500000	-78.809886
660.525000	-78.809278
660.550000	-78.808670
660.575000	-78.808061
660.600000	-78.807453
660.625000	-78.806845
660.650000	-78.806237
660.675000	-78.805629
660.700000	-78.805021
660.725000	-78.804414
660.750000	-78.803806
660.775000	-78.803198
660.800000	-78.802591
660.825000	-78.801983
660.850000	-78.801376
660.875000	-78.800768
660.900000	-78.800161
660.925000	-78.799554
660.950000	-78.798947
660.975000	-78.798340
661.000000	-78.797732
661.025000	-78.797125
661.050000	-78.796519
661.075000	-78.795912
661.100000	-78.795305
661.125000	-78.794698
661.150000	-78.794091
661.175000	-78.793485
661.200000	-78.792878
661.225000	-78.792272
661.250000	-78.791665
661.275000	-78.791059
661.300000	-78.790453
661.325000	-78.789847
661.350000	-78.789240
661.375000	-78.788634
661.400000	-78.788028
661.425000	-78.787422
661.450000	-78.786816
661.475000	-78.786211
661.500000	-78.785605
661.525000	-78.784999
661.550000	-78.784394
661.575000	-78.783788
661.600000	-78.783183
661.625000	-78.782577
661.650000	-78.781972
661.675000	-78.781366
661.700000	-78.780761
661.725000	-78.780156
661.750000	-78.779551
661.775000	-78.778946
661.800000	-78.778341
661.825000	-78.777736
661.850000	-78.777131
661.875000	-78.776526
661.900000	-78.775922
661.925000	-78.775317
661.950000	-78.774712
661.975000	-78.774108
662.000000	-78.773503
662.025000	-78.772899
662.050000	-78.772295
662.075000	-78.771690
662.100000	-78.771086
662.125000	-78.770482
662.150000	-78.769878
662.175000	-78.769274
662.200000	-78.768670
662.225000	-78.768066
662.250000	-78.767462
662.275000	-78.766859
662.300000	-78.766255
662.325000	-78.765651
662.350000	-78.765048
662.375000	-78.764444
662.400000	-78.763841
662.425000	-78.763237
662.450000	-78.762634
662.475000	-78.762031
662.500000	-78.761428
662.525000	-78.760825
662.550000	-78.760222
662.575000	-78.759619
662.600000	-78.759016
662.625000	-78.758413
662.650000	-78.757810
662.675000	-78.757207
662.700000	-78.756605
662.725000	-78.756002
662.750000	-78.755400
662.775000	-78.754797
662.800000	-78.754195
662.825000	-78.753592
662.850000	-78.752990
662.875000	-78.752388
662.900000	-78.751786
662.925000	-78.751184
662.950000	-78.750582
662.975000	-78.749980
663.000000	-78.749378
663.025000	-78.748776
663.050000	-78.748174
663.075000	-78.747573
663.100000	-78.746971
663.125000	-78.746370
663.150000	-78.745768
663.175000	-78.745167
663.200000	-78.744565
663.225000	-78.743964
663.250000	-78.743363
663.275000	-78.742762
663.300000	-78.742161
663.325000	-78.741560
663.350000	-78.740959
663.375000	-78.740358
663.400000	-78.739757
663.425000	-78.739156
663.450000	-78.738555
663.475000	-78.737955
663.500000	-78.737354
663.525000	-78.736754
663.550000	-78.736153
663.575000	-78.735553
663.600000	-78.734952
663.625000	-78.734352
663.650000	-78.733752
663.675000	-78.733152
663.700000	-78.732552
663.725000	-78.731952
663.750000	-78.731352
663.775000	-78.730752
663.800000	-78.730152
663.825000	-78.729552
663.850000	-78.728953
663.875000	-78.728353
663.900000	-78.727753
663.925000	-78.727154
663.950000	-78.726555
663.975000	-78.725955
664.000000	-78.725356
664.025000	-78.724757
664.050000	-78.724157
664.075000	-78.723558
664.100000	-78.722959
664.125000	-78.722360
664.150000	-78.721761
664.175000	-78.721163
664.200000	-78.720564
664.225000	-78.719965
664.250000	-78.719366
664.275000	-78.718768
664.300000	-78.718169
664.325000	-78.717571
664.350000	-78.716972
664.375000	-78.716374
664.400000	-78.715776
664.425000	-78.715178
664.450000	-78.714579
664.475000	-78.713981
664.500000	-78.713383
664.525000	-78.712785
664.550000	-78.712187
664.575000	-78.711590
664.600000	-78.710992
664.625000	-78.710394
664.650000	-78.709797
664.675000	-78.709199
664.700000	-78.708601
664.725000	-78.708004
664.750000	-78.707407
664.775000	-78.706809
664.800000	-78.706212
664.825000	-78.705615
664.850000	-78.705018
664.875000	-78.704421
664.900000	-78.703824
664.925000	-78.703227
664.950000	-78.702630
664.975000	-78.702033
665.000000	-78.701436
665.025000	-78.700840
665.050000	-78.700243
665.075000	-78.699647
665.100000	-78.699050
665.125000	-78.698454
665.150000	-78.697857
665.175000	-78.697261
665.200000	-78.696665
665.225000	-78.696069
665.250000	-78.695472
665.275000	-78.694876
665.300000	-78.694280
665.325000	-78.693685
665.350000	-78.693089
665.375000	-78.692493
665.400000	-78.691897
665.425000	-78.691301
665.450000	-78.690706
665.475000	-78.690110
665.500000	-78.689515
665.525000	-78.688920
665.550000	-78.688324
665.575000	-78.687729
665.600000	-78.687134
665.625000	-78.686539
665.650000	-78.685943
665.675000	-78.685348
665.700000	-78.684753
665.725000	-78.684159
665.750000	-78.683564
665.775000	-78.682969
665.800000	-78.682374
665.825000	-78.681780
665.850000	-78.681185
665.875000	-78.680591
665.900000	-78.679996
665.925000	-78.679402
665.950000	-78.678807
665.975000	-78.678213
666.000000	-78.677619
666.025000	-78.677025
666.050000	-78.676431
666.075000	-78.675837
666.100000	-78.675243
666.125000	-78.674649
666.150000	-78.674055
666.175000	-78.673461
666.200000	-78.672868
666.225000	-78.672274
666.250000	-78.671680
666.275000	-78.671087
666.300000	-78.670494
666.325000	-78.669900
666.350000	-78.669307
666.375000	-78.668714
666.400000	-78.668120
666.425000	-78.667527
666.450000	-78.666934
666.475000	-78.666341
666.500000	-78.665748
666.525000	-78.665155
666.550000	-78.664563
666.575000	-78.663970
666.600000	-78.663377
666.625000	-78.662785
666.650000	-78.662192
666.675000	-78.661600
666.700000	-78.661007
666.725000	-78.660415
666.750000	-78.659823
666.775000	-78.659230
666.800000	-78.658638
666.825000	-78.658046
666.850000	-78.657454
666.875000	-78.656862
666.900000	-78.656270
666.925000	-78.655678
666.950000	-78.655086
666.975000	-78.654495
667.000000	-78.653903
667.025000	-78.653311
667.050000	-78.652720
667.075000	-78.652128
667.100000	-78.651537
667.125000	-78.650946
667.150000	-78.650354
667.175000	-78.649763
667.200000	-78.649172
667.225000	-78.648581
667.250000	-78.647990
667.275000	-78.647399
667.300000	-78.646808
667.325000	-78.646217
667.350000	-78.645626
667.375000	-78.645036
667.400000	-78.644445
667.425000	-78.643854
667.450000	-78.643264
667.475000	-78.642673
667.500000	-78.642083
667.525000	-78.641493
667.550000	-78.640902
667.575000	-78.640312
667.600000	-78.639722
667.625000	-78.639132
667.650000	-78.638542
667.675000	-78.637952
667.700000	-78.637362
667.725000	-78.636772
667.750000	-78.636183
667.775000	-78.635593
667.800000	-78.635003
667.825000	-78.634414
667.850000	-78.633824
667.875000	-78.633235
667.900000	-78.632645
667.925000	-78.632056
667.950000	-78.631467
667.975000	-78.630877
668.000000	-78.630288
668.025000	-78.629699
668.050000	-78.629110
668.075000	-78.628521
668.100000	-78.627932
668.125000	-78.627343
668.150000	-78.626755
668.175000	-78.626166
668.200000	-78.625577
668.225000	-78.624989
668.250000	-78.624400
668.275000	-78.623812
668.300000	-78.623223
668.325000	-78.622635
668.350000	-78.622047
668.375000	-78.621459
668.400000	-78.620871
668.425000	-78.620282
668.450000	-78.619694
668.475000	-78.619106
668.500000	-78.618519
668.525000	-78.617931
668.550000	-78.617343
668.575000	-78.616755
668.600000	-78.616168
668.625000	-78.615580
668.650000	-78.614993
668.675000	-78.614405
668.700000	-78.613818
668.725000	-78.613230
668.750000	-78.612643
668.775000	-78.612056
668.800000	-78.611469
668.825000	-78.610882
668.850000	-78.610295
668.875000	-78.609708
668.900000	-78.609121
668.925000	-78.608534
668.950000	-78.607947
668.975000	-78.607361
669.000000	-78.606774
669.025000	-78.606187
669.050000	-78.605601
669.075000	-78.605014
669.100000	-78.604428
669.125000	-78.603842
669.150000	-78.603255
669.175000	-78.602669
669.200000	-78.602083
669.225000	-78.601497
669.250000	-78.600911
669.275000	-78.600325
669.300000	-78.599739
669.325000	-78.599153
669.350000	-78.598568
669.375000	-78.597982
669.400000	-78.597396
669.425000	-78.596811
669.450000	-78.596225
669.475000	-78.595640
669.500000	-78.595054
669.525000	-78.594469
669.550000	-78.593884
669.575000	-78.593299
669.600000	-78.592713
669.625000	-78.592128
669.650000	-78.591543
669.675000	-78.590958
669.700000	-78.590373
669.725000	-78.589789
669.750000	-78.589204
669.775000	-78.588619
669.800000	-78.588035
669.825000	-78.587450
669.850000	-78.586865
669.875000	-78.586281
669.900000	-78.585697
669.925000	-78.585112
669.950000	-78.584528
669.975000	-78.583944
670.000000	-78.583360
670.025000	-78.582776
670.050000	-78.582192
670.075000	-78.581608
670.100000	-78.581024
670.125000	-78.580440
670.150000	-78.579856
670.175000	-78.579272
670.200000	-78.578689
670.225000	-78.578105
670.250000	-78.577522
670.275000	-78.576938
670.300000	-78.576355
670.325000	-78.575771
670.350000	-78.575188
670.375000	-78.574605
670.400000	-78.574022
670.425000	-78.573439
670.450000	-78.572856
670.475000	-78.572273
670.500000	-78.571690
670.525000	-78.571107
670.550000	-78.570524
670.575000	-78.569941
670.600000	-78.569359
670.625000	-78.568776
670.650000	-78.568194
670.675000	-78.567611
670.700000	-78.567029
670.725000	-78.566447
670.750000	-78.565864
670.775000	-78.565282
670.800000	-78.564700
670.825000	-78.564118
670.850000	-78.563536
670.875000	-78.562954
670.900000	-78.562372
670.925000	-78.561790
670.950000	-78.561208
670.975000	-78.560626
671.000000	-78.560045
671.025000	-78.559463
671.050000	-78.558882
671.075000	-78.558300
671.100000	-78.557719
671.125000	-78.557137
671.150000	-78.556556
671.175000	-78.555975
671.200000	-78.555394
671.225000	-78.554813
671.250000	-78.554232
671.275000	-78.553651
671.300000	-78.553070
671.325000	-78.552489
671.350000	-78.551908
671.375000	-78.551327
671.400000	-78.550747
671.425000	-78.550166
671.450000	-78.549585
671.475000	-78.549005
671.500000	-78.548425
671.525000	-78.547844
671.550000	-78.547264
671.575000	-78.546684
671.600000	-78.546103
671.625000	-78.545523
671.650000	-78.544943
671.675000	-78.544363
671.700000	-78.543783
671.725000	-78.543203
671.750000	-78.542624
671.775000	-78.542044
671.800000	-78.541464
671.825000	-78.540885
671.850000	-78.540305
671.875000	-78.539726
671.900000	-78.539146
671.925000	-78.538567
671.950000	-78.537987
671.975000	-78.537408
672.000000	-78.536829
672.025000	-78.536250
672.050000	-78.535671
672.075000	-78.535092
672.100000	-78.534513
672.125000	-78.533934
672.150000	-78.533355
672.175000	-78.532776
672.200000	-78.532198
672.225000	-78.531619
672.250000	-78.531040
672.275000	-78.530462
672.300000	-78.529883
672.325000	-78.529305
672.350000	-78.528727
672.375000	-78.528148
672.400000	-78.527570
672.425000	-78.526992
672.450000	-78.526414
672.475000	-78.525836
672.500000	-78.525258
672.525000	-78.524680
672.550000	-78.524102
672.575000	-78.523524
672.600000	-78.522947
672.625000	-78.522369
672.650000	-78.521791
672.675000	-78.521214
672.700000	-78.520636
672.725000	-78.520059
672.750000	-78.519482
672.775000	-78.518904
672.800000	-78.518327
672.825000	-78.517750
672.850000	-78.517173
672.875000	-78.516596
672.900000	-78.516019
672.925000	-78.515442
672.950000	-78.514865
672.975000	-78.514288
673.000000	-78.513712
673.025000	-78.513135
673.050000	-78.512558
673.075000	-78.511982
673.100000	-78.511405
673.125000	-78.510829
673.150000	-78.510252
673.175000	-78.509676
673.200000	-78.509100
673.225000	-78.508524
673.250000	-78.507948
673.275000	-78.507371
673.300000	-78.506795
673.325000	-78.506220
673.350000	-78.505644
673.375000	-78.505068
673.400000	-78.504492
673.425000	-78.503916
673.450000	-78.503341
673.475000	-78.502765
673.500000	-78.502190
673.525000	-78.501614
673.550000	-78.501039
673.575000	-78.500463
673.600000	-78.499888
673.625000	-78.499313
673.650000	-78.498738
673.675000	-78.498163
673.700000	-78.497588
673.725000	-78.497013
673.750000	-78.496438
673.775000	-78.495863
673.800000	-78.495288
673.825000	-78.494713
673.850000	-78.494139
673.875000	-78.493564
673.900000	-78.492990
673.925000	-78.492415
673.950000	-78.491841
673.975000	-78.491266
674.000000	-78.490692
674.025000	-78.490118
674.050000	-78.489544
674.075000	-78.488970
674.100000	-78.488396
674.125000	-78.487822
674.150000	-78.487248
674.175000	-78.486674
674.200000	-78.486100
674.225000	-78.485526
674.250000	-78.484953
674.275000	-78.484379
674.300000	-78.483805
674.325000	-78.483232
674.350000	-78.482658
674.375000	-78.482085
674.400000	-78.481512
674.425000	-78.480938
674.450000	-78.480365
674.475000	-78.479792
674.500000	-78.479219
674.525000	-78.478646
674.550000	-78.478073
674.575000	-78.477500
674.600000	-78.476927
674.625000	-78.476355
674.650000	-78.475782
674.675000	-78.475209
674.700000	-78.474637
674.725000	-78.474064
674.750000	-78.473492
674.775000	-78.472919
674.800000	-78.472347
674.825000	-78.471775
674.850000	-78.471202
674.875000	-78.470630
674.900000	-78.470058
674.925000	-78.469486
674.950000	-78.468914
674.975000	-78.468342
675.000000	-78.467770
675.025000	-78.467198
675.050000	-78.466627
675.075000	-78.466055
675.100000	-78.465483
675.125000	-78.464912
675.150000	-78.464340
675.175000	-78.463769
675.200000	-78.463197
675.225000	-78.462626
675.250000	-78.462055
675.275000	-78.461484
675.300000	-78.460913
675.325000	-78.460341
675.350000	-78.459770
675.375000	-78.459199
675.400000	-78.458629
675.425000	-78.458058
675.450000	-78.457487
675.475000	-78.456916
675.500000	-78.456346
675.525000	-78.455775
675.550000	-78.455204
675.575000	-78.454634
675.600000	-78.454064
675.625000	-78.453493
675.650000	-78.452923
675.675000	-78.452353
675.700000	-78.451783
675.725000	-78.451212
675.750000	-78.450642
675.775000	-78.450072
675.800000	-78.449502
675.825000	-78.448933
675.850000	-78.448363
675.875000	-78.447793
675.900000	-78.447223
675.925000	-78.446654
675.950000	-78.446084
675.975000	-78.445515
676.000000	-78.444945
676.025000	-78.444376
676.050000	-78.443807
676.075000	-78.443237
676.100000	-78.442668
676.125000	-78.442099
676.150000	-78.441530
676.175000	-78.440961
676.200000	-78.440392
676.225000	-78.439823
676.250000	-78.439254
676.275000	-78.438685
676.300000	-78.438117
676.325000	-78.437548
676.350000	-78.436979
676.375000	-78.436411
676.400000	-78.435842
676.425000	-78.435274
676.450000	-78.434706
676.475000	-78.434137
676.500000	-78.433569
676.525000	-78.433001
676.550000	-78.432433
676.575000	-78.431865
676.600000	-78.431297
676.625000	-78.430729
676.650000	-78.430161
676.675000	-78.429593
676.700000	-78.429025
676.725000	-78.428457
676.750000	-78.427890
676.775000	-78.427322
676.800000	-78.426755
676.825000	-78.426187
676.850000	-78.425620
676.875000	-78.425053
676.900000	-78.424485
676.925000	-78.423918
676.950000	-78.423351
676.975000	-78.422784
677.000000	-78.422217
677.025000	-78.421650
677.050000	-78.421083
677.075000	-78.420516
677.100000	-78.419949
677.125000	-78.419382
677.150000	-78.418816
677.175000	-78.418249
677.200000	-78.417683
677.225000	-78.417116
677.250000	-78.416550
677.275000	-78.415983
677.300000	-78.415417
677.325000	-78.414851
677.350000	-78.414285
677.375000	-78.413718
677.400000	-78.413152
677.425000	-78.412586
677.450000	-78.412020
677.475000	-78.411454
677.500000	-78.410889
677.525000	-78.410323
677.550000	-78.409757
677.575000	-78.409191
677.600000	-78.408626
677.625000	-78.408060
677.650000	-78.407495
677.675000	-78.406929
677.700000	-78.406364
677.725000	-78.405799
677.750000	-78.405233
677.775000	-78.404668
677.800000	-78.404103
677.825000	-78.403538
677.850000	-78.402973
677.875000	-78.402408
677.900000	-78.401843
677.925000	-78.401278
677.950000	-78.400714
677.975000	-78.400149
678.000000	-78.399584
678.025000	-78.399020
678.050000	-78.398455
678.075000	-78.397891
678.100000	-78.397326
678.125000	-78.396762
678.150000	-78.396198
678.175000	-78.395634
678.200000	-78.395069
678.225000	-78.394505
678.250000	-78.393941
678.275000	-78.393377
678.300000	-78.392813
678.325000	-78.392249
678.350000	-78.391686
678.375000	-78.391122
678.400000	-78.390558
678.425000	-78.389995
678.450000	-78.389431
678.475000	-78.388867
678.500000	-78.388304
678.525000	-78.387741
678.550000	-78.387177
678.575000	-78.386614
678.600000	-78.386051
678.625000	-78.385488
678.650000	-78.384925
678.675000	-78.384361
678.700000	-78.383799
678.725000	-78.383236
678.750000	-78.382673
678.775000	-78.382110
678.800000	-78.381547
678.825000	-78.380985
678.850000	-78.380422
678.875000	-78.379859
678.900000	-78.379297
678.925000	-78.378734
678.950000	-78.378172
678.975000	-78.377610
679.000000	-78.377047
679.025000	-78.376485
679.050000	-78.375923
679.075000	-78.375361
679.100000	-78.374799
679.125000	-78.374237
679.150000	-78.373675
679.175000	-78.373113
679.200000	-78.372552
679.225000	-78.371990
679.250000	-78.371428
679.275000	-78.370867
679.300000	-78.370305
679.325000	-78.369743
679.350000	-78.369182
679.375000	-78.368621
679.400000	-78.368059
679.425000	-78.367498
679.450000	-78.366937
679.475000	-78.366376
679.500000	-78.365815
679.525000	-78.365254
679.550000	-78.364693
679.575000	-78.364132
679.600000	-78.363571
679.625000	-78.363010
679.650000	-78.362450
679.675000	-78.361889
679.700000	-78.361328
679.725000	-78.360768
679.750000	-78.360207
679.775000	-78.359647
679.800000	-78.359086
679.825000	-78.358526
679.850000	-78.357966
679.875000	-78.357406
679.900000	-78.356846
679.925000	-78.356286
679.950000	-78.355726
679.975000	-78.355166
680.000000	-78.354606
680.025000	-78.354046
680.050000	-78.353486
680.075000	-78.352926
680.100000	-78.352367
680.125000	-78.351807
680.150000	-78.351248
680.175000	-78.350688
680.200000	-78.350129
680.225000	-78.349569
680.250000	-78.349010
680.275000	-78.348451
680.300000	-78.347892
680.325000	-78.347332
680.350000	-78.346773
680.375000	-78.346214
680.400000	-78.345655
680.425000	-78.345097
680.450000	-78.344538
680.475000	-78.343979
680.500000	-78.343420
680.525000	-78.342862
680.550000	-78.342303
680.575000	-78.341745
680.600000	-78.341186
680.625000	-78.340628
680.650000	-78.340069
680.675000	-78.339511
680.700000	-78.338953
680.725000	-78.338395
680.750000	-78.337836
680.775000	-78.337278
680.800000	-78.336720
680.825000	-78.336162
680.850000	-78.335605
680.875000	-78.335047
680.900000	-78.334489
680.925000	-78.333931
680.950000	-78.333374
680.975000	-78.332816
681.000000	-78.332258
681.025000	-78.331701
681.050000	-78.331144
681.075000	-78.330586
681.100000	-78.330029
681.125000	-78.329472
681.150000	-78.328915
681.175000	-78.328357
681.200000	-78.327800
681.225000	-78.327243
681.250000	-78.326686
681.275000	-78.326130
681.300000	-78.325573
681.325000	-78.325016
681.350000	-78.324459
681.375000	-78.323903
681.400000	-78.323346
681.425000	-78.322789
681.450000	-78.322233
681.475000	-78.321677
681.500000	-78.321120
681.525000	-78.320564
681.550000	-78.320008
681.575000	-78.319452
681.600000	-78.318895
681.625000	-78.318339
681.650000	-78.317783
681.675000	-78.317227
681.700000	-78.316672
681.725000	-78.316116
681.750000	-78.315560
681.775000	-78.315004
681.800000	-78.314449
681.825000	-78.313893
681.850000	-78.313337
681.875000	-78.312782
681.900000	-78.312227
681.925000	-78.311671
681.950000	-78.311116
681.975000	-78.310561
682.000000	-78.310005
682.025000	-78.309450
682.050000	-78.308895
682.075000	-78.308340
682.100000	-78.307785
682.125000	-78.307230
682.150000	-78.306676
682.175000	-78.306121
682.200000	-78.305566
682.225000	-78.305011
682.250000	-78.304457
682.275000	-78.303902
682.300000	-78.303348
682.325000	-78.302793
682.350000	-78.302239
682.375000	-78.301685
682.400000	-78.301131
682.425000	-78.300576
682.450000	-78.300022
682.475000	-78.299468
682.500000	-78.298914
682.525000	-78.298360
682.550000	-78.297806
682.575000	-78.297252
682.600000	-78.296699
682.625000	-78.296145
682.650000	-78.295591
682.675000	-78.295038
682.700000	-78.294484
682.725000	-78.293931
682.750000	-78.293377
682.775000	-78.292824
682.800000	-78.292271
682.825000	-78.291717
682.850000	-78.291164
682.875000	-78.290611
682.900000	-78.290058
682.925000	-78.289505
682.950000	-78.288952
682.975000	-78.288399
683.000000	-78.287846
683.025000	-78.287293
683.050000	-78.286741
683.075000	-78.286188
683.100000	-78.285635
683.125000	-78.285083
683.150000	-78.284530
683.175000	-78.283978
683.200000	-78.283425
683.225000	-78.282873
683.250000	-78.282321
683.275000	-78.281769
683.300000	-78.281217
683.325000	-78.280664
683.350000	-78.280112
683.375000	-78.279560
683.400000	-78.279009
683.425000	-78.278457
683.450000	-78.277905
683.475000	-78.277353
683.500000	-78.276801
683.525000	-78.276250
683.550000	-78.275698
683.575000	-78.275147
683.600000	-78.274595
683.625000	-78.274044
683.650000	-78.273493
683.675000	-78.272941
683.700000	-78.272390
683.725000	-78.271839
683.750000	-78.271288
683.775000	-78.270737
683.800000	-78.270186
683.825000	-78.269635
683.850000	-78.269084
683.875000	-78.268533
683.900000	-78.267982
683.925000	-78.267432
683.950000	-78.266881
683.975000	-78.266331
684.000000	-78.265780
684.025000	-78.265230
684.050000	-78.264679
684.075000	-78.264129
684.100000	-78.263579
684.125000	-78.263028
684.150000	-78.262478
684.175000	-78.261928
684.200000	-78.261378
684.225000	-78.260828
684.250000	-78.260278
684.275000	-78.259728
684.300000	-78.259178
684.325000	-78.258629
684.350000	-78.258079
684.375000	-78.257529
684.400000	-78.256980
684.425000	-78.256430
684.450000	-78.255881
684.475000	-78.255331
684.500000	-78.254782
684.525000	-78.254233
684.550000	-78.253683
684.575000	-78.253134
684.600000	-78.252585
684.625000	-78.252036
684.650000	-78.251487
684.675000	-78.250938
684.700000	-78.250389
684.725000	-78.249840
684.750000	-78.249291
684.775000	-78.248743
684.800000	-78.248194
684.825000	-78.247645
684.850000	-78.247097
684.875000	-78.246548
684.900000	-78.246000
684.925000	-78.245452
684.950000	-78.244903
684.975000	-78.244355
685.000000	-78.243807
685.025000	-78.243259
685.050000	-78.242710
685.075000	-78.242162
685.100000	-78.241614
685.125000	-78.241067
685.150000	-78.240519
685.175000	-78.239971
685.200000	-78.239423
685.225000	-78.238875
685.250000	-78.238328
685.275000	-78.237780
685.300000	-78.237233
685.325000	-78.236685
685.350000	-78.236138
685.375000	-78.235591
685.400000	-78.235043
685.425000	-78.234496
685.450000	-78.233949
685.475000	-78.233402
685.500000	-78.232855
685.525000	-78.232308
685.550000	-78.231761
685.575000	-78.231214
685.600000	-78.230667
685.625000	-78.230120
685.650000	-78.229574
685.675000	-78.229027
685.700000	-78.228480
685.725000	-78.227934
685.750000	-78.227387
685.775000	-78.226841
685.800000	-78.226295
685.825000	-78.225748
685.850000	-78.225202
685.875000	-78.224656
685.900000	-78.224110
685.925000	-78.223564
685.950000	-78.223018
685.975000	-78.222472
686.000000	-78.221926
686.025000	-78.221380
686.050000	-78.220834
686.075000	-78.220288
686.100000	-78.219743
686.125000	-78.219197
686.150000	-78.218652
686.175000	-78.218106
686.200000	-78.217561
686.225000	-78.217015
686.250000	-78.216470
686.275000	-78.215925
686.300000	-78.215379
686.325000	-78.214834
686.350000	-78.214289
686.375000	-78.213744
686.400000	-78.213199
686.425000	-78.212654
686.450000	-78.212109
686.475000	-78.211564
686.500000	-78.211020
686.525000	-78.210475
686.550000	-78.209930
686.575000	-78.209386
686.600000	-78.208841
686.625000	-78.208297
686.650000	-78.207752
686.675000	-78.207208
686.700000	-78.206664
686.725000	-78.206120
686.750000	-78.205575
686.775000	-78.205031
686.800000	-78.204487
686.825000	-78.203943
686.850000	-78.203399
686.875000	-78.202855
686.900000	-78.202311
686.925000	-78.201768
686.950000	-78.201224
686.975000	-78.200680
687.000000	-78.200137
687.025000	-78.199593
687.050000	-78.199050
687.075000	-78.198506
687.100000	-78.197963
687.125000	-78.197419
687.150000	-78.196876
687.175000	-78.196333
687.200000	-78.195790
687.225000	-78.195247
687.250000	-78.194704
687.275000	-78.194161
687.300000	-78.193618
687.325000	-78.193075
687.350000	-78.192532
687.375000	-78.191989
687.400000	-78.191447
687.425000	-78.190904
687.450000	-78.190361
687.475000	-78.189819
687.500000	-78.189276
687.525000	-78.188734
687.550000	-78.188192
687.575000	-78.187649
687.600000	-78.187107
687.625000	-78.186565
687.650000	-78.186023
687.675000	-78.185481
687.700000	-78.184939
687.725000	-78.184397
687.750000	-78.183855
687.775000	-78.183313
687.800000	-78.182771
687.825000	-78.182230
687.850000	-78.181688
687.875000	-78.181146
687.900000	-78.180605
687.925000	-78.180063
687.950000	-78.179522
687.975000	-78.178980
688.000000	-78.178439
688.025000	-78.177898
688.050000	-78.177357
688.075000	-78.176815
688.100000	-78.176274
688.125000	-78.175733
688.150000	-78.175192
688.175000	-78.174651
688.200000	-78.174110
688.225000	-78.173570
688.250000	-78.173029
688.275000	-78.172488
688.300000	-78.171947
688.325000	-78.171407
688.350000	-78.170866
688.375000	-78.170326
688.400000	-78.169785
688.425000	-78.169245
688.450000	-78.168705
688.475000	-78.168165
688.500000	-78.167624
688.525000	-78.167084
688.550000	-78.166544
688.575000	-78.166004
688.600000	-78.165464
688.625000	-78.164924
688.650000	-78.164384
688.675000	-78.163845
688.700000	-78.163305
688.725000	-78.162765
688.750000	-78.162226
688.775000	-78.161686
688.800000	-78.161146
688.825000	-78.160607
688.850000	-78.160068
688.875000	-78.159528
688.900000	-78.158989
688.925000	-78.158450
688.950000	-78.157911
688.975000	-78.157371
689.000000	-78.156832
689.025000	-78.156293
689.050000	-78.155754
689.075000	-78.155216
689.100000	-78.154677
689.125000	-78.154138
689.150000	-78.153599
689.175000	-78.153061
689.200000	-78.152522
689.225000	-78.151983
689.250000	-78.151445
689.275000	-78.150906
689.300000	-78.150368
689.325000	-78.149830
689.350000	-78.149291
689.375000	-78.148753
689.400000	-78.148215
689.425000	-78.147677
689.450000	-78.147139
689.475000	-78.146601
689.500000	-78.146063
689.525000	-78.145525
689.550000	-78.144987
689.575000	-78.144450
689.600000	-78.143912
689.625000	-78.143374
689.650000	-78.142837
689.675000	-78.142299
689.700000	-78.141762
689.725000	-78.141224
689.750000	-78.140687
689.775000	-78.140150
689.800000	-78.139612
689.825000	-78.139075
689.850000	-78.138538
689.875000	-78.138001
689.900000	-78.137464
689.925000	-78.136927
689.950000	-78.136390
689.975000	-78.135853
690.000000	-78.135316
690.025000	-78.134780
690.050000	-78.134243
690.075000	-78.133706
690.100000	-78.133170
690.125000	-78.132633
690.150000	-78.132097
690.175000	-78.131560
690.200000	-78.131024
690.225000	-78.130488
690.250000	-78.129951
690.275000	-78.129415
690.300000	-78.128879
690.325000	-78.128343
690.350000	-78.127807
690.375000	-78.127271
690.400000	-78.126735
690.425000	-78.126199
690.450000	-78.125664
690.475000	-78.125128
690.500000	-78.124592
690.525000	-78.124056
690.550000	-78.123521
690.575000	-78.122985
690.600000	-78.122450
690.625000	-78.121915
690.650000	-78.121379
690.675000	-78.120844
690.700000	-78.120309
690.725000	-78.119774
690.750000	-78.119238
690.775000	-78.118703
690.800000	-78.118168
690.825000	-78.117633
690.850000	-78.117099
690.875000	-78.116564
690.900000	-78.116029
690.925000	-78.115494
690.950000	-78.114960
690.975000	-78.114425
691.000000	-78.113890
691.025000	-78.113356
691.050000	-78.112821
691.075000	-78.112287
691.100000	-78.111753
691.125000	-78.111218
691.150000	-78.110684
691.175000	-78.110150
691.200000	-78.109616
691.225000	-78.109082
691.250000	-78.108548
691.275000	-78.108014
691.300000	-78.107480
691.325000	-78.106946
691.350000	-78.106413
691.375000	-78.105879
691.400000	-78.105345
691.425000	-78.104812
691.450000	-78.104278
691.475000	-78.103745
691.500000	-78.103211
691.525000	-78.102678
691.550000	-78.102144
691.575000	-78.101611
691.600000	-78.101078
691.625000	-78.100545
691.650000	-78.100012
691.675000	-78.099479
691.700000	-78.098946
691.725000	-78.098413
691.750000	-78.097880
691.775000	-78.097347
691.800000	-78.096814
691.825000	-78.096282
691.850000	-78.095749
691.875000	-78.095216
691.900000	-78.094684
691.925000	-78.094151
691.950000	-78.093619
691.975000	-78.093086
692.000000	-78.092554
692.025000	-78.092022
692.050000	-78.091490
692.075000	-78.090958
692.100000	-78.090425
692.125000	-78.089893
692.150000	-78.089361
692.175000	-78.088830
692.200000	-78.088298
692.225000	-78.087766
692.250000	-78.087234
692.275000	-78.086702
692.300000	-78.086171
692.325000	-78.085639
692.350000	-78.085108
692.375000	-78.084576
692.400000	-78.084045
692.425000	-78.083513
692.450000	-78.082982
692.475000	-78.082451
692.500000	-78.081920
692.525000	-78.081388
692.550000	-78.080857
692.575000	-78.080326
692.600000	-78.079795
692.625000	-78.079264
692.650000	-78.078734
692.675000	-78.078203
692.700000	-78.077672
692.725000	-78.077141
692.750000	-78.076611
692.775000	-78.076080
692.800000	-78.075550
692.825000	-78.075019
692.850000	-78.074489
692.875000	-78.073958
692.900000	-78.073428
692.925000	-78.072898
692.950000	-78.072367
692.975000	-78.071837
693.000000	-78.071307
693.025000	-78.070777
693.050000	-78.070247
693.075000	-78.069717
693.100000	-78.069187
693.125000	-78.068658
693.150000	-78.068128
693.175000	-78.067598
693.200000	-78.067069
693.225000	-78.066539
693.250000	-78.066009
693.275000	-78.065480
693.300000	-78.064951
693.325000	-78.064421
693.350000	-78.063892
693.375000	-78.063363
693.400000	-78.062833
693.425000	-78.062304
693.450000	-78.061775
693.475000	-78.061246
693.500000	-78.060717
693.525000	-78.060188
693.550000	-78.059659
693.575000	-78.059131
693.600000	-78.058602
693.625000	-78.058073
693.650000	-78.057544
693.675000	-78.057016
693.700000	-78.056487
693.725000	-78.055959
693.750000	-78.055430
693.775000	-78.054902
693.800000	-78.054374
693.825000	-78.053845
693.850000	-78.053317
693.875000	-78.052789
693.900000	-78.052261
693.925000	-78.051733
693.950000	-78.051205
693.975000	-78.050677
694.000000	-78.050149
694.025000	-78.049621
694.050000	-78.049094
694.075000	-78.048566
694.100000	-78.048038
694.125000	-78.047511
694.150000	-78.046983
694.175000	-78.046456
694.200000	-78.045928
694.225000	-78.045401
694.250000	-78.044874
694.275000	-78.044346
694.300000	-78.043819
694.325000	-78.043292
694.350000	-78.042765
694.375000	-78.042238
694.400000	-78.041711
694.425000	-78.041184
694.450000	-78.040657
694.475000	-78.040130
694.500000	-78.039603
694.525000	-78.039077
694.550000	-78.038550
694.575000	-78.038023
694.600000	-78.037497
694.625000	-78.036970
694.650000	-78.036444
694.675000	-78.035918
694.700000	-78.035391
694.725000	-78.034865
694.750000	-78.034339
694.775000	-78.033813
694.800000	-78.033286
694.825000	-78.032760
694.850000	-78.032234
694.875000	-78.031708
694.900000	-78.031183
694.925000	-78.030657
694.950000	-78.030131
694.975000	-78.029605
695.000000	-78.029080
695.025000	-78.028554
695.050000	-78.028028
695.075000	-78.027503
695.100000	-78.026977
695.125000	-78.026452
695.150000	-78.025927
695.175000	-78.025401
695.200000	-78.024876
695.225000	-78.024351
695.250000	-78.023826
695.275000	-78.023301
695.300000	-78.022776
695.325000	-78.022251
695.350000	-78.021726
695.375000	-78.021201
695.400000	-78.020676
695.425000	-78.020152
695.450000	-78.019627
695.475000	-78.019102
695.500000	-78.018578
695.525000	-78.018053
695.550000	-78.017529
695.575000	-78.017004
695.600000	-78.016480
695.625000	-78.015956
695.650000	-78.015432
695.675000	-78.014907
695.700000	-78.014383
695.725000	-78.013859
695.750000	-78.013335
695.775000	-78.012811
695.800000	-78.012287
695.825000	-78.011763
695.850000	-78.011240
695.875000	-78.010716
695.900000	-78.010192
695.925000	-78.009669
695.950000	-78.009145
695.975000	-78.008622
696.000000	-78.008098
696.025000	-78.007575
696.050000	-78.007051
696.075000	-78.006528
696.100000	-78.006005
696.125000	-78.005482
696.150000	-78.004958
696.175000	-78.004435
696.200000	-78.003912
696.225000	-78.003389
696.250000	-78.002866
696.275000	-78.002343
696.300000	-78.001821
696.325000	-78.001298
696.350000	-78.000775
696.375000	-78.000253
696.400000	-77.999730
696.425000	-77.999207
696.450000	-77.998685
696.475000	-77.998163
696.500000	-77.997640
696.525000	-77.997118
696.550000	-77.996596
696.575000	-77.996073
696.600000	-77.995551
696.625000	-77.995029
696.650000	-77.994507
696.675000	-77.993985
696.700000	-77.993463
696.725000	-77.992941
696.750000	-77.992419
696.775000	-77.991898
696.800000	-77.991376
696.825000	-77.990854
696.850000	-77.990333
696.875000	-77.989811
696.900000	-77.989290
696.925000	-77.988768
696.950000	-77.988247
696.975000	-77.987725
697.000000	-77.987204
697.025000	-77.986683
697.050000	-77.986162
697.075000	-77.985641
697.100000	-77.985119
697.125000	-77.984598
697.150000	-77.984078
697.175000	-77.983557
697.200000	-77.983036
697.225000	-77.982515
697.250000	-77.981994
697.275000	-77.981474
697.300000	-77.980953
697.325000	-77.980432
697.350000	-77.979912
697.375000	-77.979391
697.400000	-77.978871
697.425000	-77.978351
697.450000	-77.977830
697.475000	-77.977310
697.500000	-77.976790
697.525000	-77.976270
697.550000	-77.975750
697.575000	-77.975230
697.600000	-77.974710
697.625000	-77.974190
697.650000	-77.973670
697.675000	-77.973150
697.700000	-77.972630
697.725000	-77.972111
697.750000	-77.971591
697.775000	-77.971071
697.800000	-77.970552
697.825000	-77.970032
697.850000	-77.969513
697.875000	-77.968993
697.900000	-77.968474
697.925000	-77.967955
697.950000	-77.967436
697.975000	-77.966916
698.000000	-77.966397
698.025000	-77.965878
698.050000	-77.965359
698.075000	-77.964840
698.100000	-77.964321
698.125000	-77.963803
698.150000	-77.963284
698.175000	-77.962765
698.200000	-77.962246
698.225000	-77.961728
698.250000	-77.961209
698.275000	-77.960691
698.300000	-77.960172
698.325000	-77.959654
698.350000	-77.959135
698.375000	-77.958617
698.400000	-77.958099
698.425000	-77.957581
698.450000	-77.957063
698.475000	-77.956545
698.500000	-77.956027
698.525000	-77.955509
698.550000	-77.954991
698.575000	-77.954473
698.600000	-77.953955
698.625000	-77.953437
698.650000	-77.952920
698.675000	-77.952402
698.700000	-77.951884
698.725000	-77.951367
698.750000	-77.950849
698.775000	-77.950332
698.800000	-77.949814
698.825000	-77.949297
698.850000	-77.948780
698.875000	-77.948263
698.900000	-77.947745
698.925000	-77.947228
698.950000	-77.946711
698.975000	-77.946194
699.000000	-77.945677
699.025000	-77.945160
699.050000	-77.944644
699.075000	-77.944127
699.100000	-77.943610
699.125000	-77.943093
699.150000	-77.942577
699.175000	-77.942060
699.200000	-77.941544
699.225000	-77.941027
699.250000	-77.940511
699.275000	-77.939995
699.300000	-77.939478
699.325000	-77.938962
699.350000	-77.938446
699.375000	-77.937930
699.400000	-77.937414
699.425000	-77.936898
699.450000	-77.936382
699.475000	-77.935866
699.500000	-77.935350
699.525000	-77.934834
699.550000	-77.934318
699.575000	-77.933803
699.600000	-77.933287
699.625000	-77.932771
699.650000	-77.932256
699.675000	-77.931740
699.700000	-77.931225
699.725000	-77.930709
699.750000	-77.930194
699.775000	-77.929679
699.800000	-77.929164
699.825000	-77.928648
699.850000	-77.928133
699.875000	-77.927618
699.900000	-77.927103
699.925000	-77.926588
699.950000	-77.926073
699.975000	-77.925559
700.000000	-77.925044
700.025000	-77.924529
700.050000	-77.924014
700.075000	-77.923500
700.100000	-77.922985
700.125000	-77.922471
700.150000	-77.921956
700.175000	-77.921442
700.200000	-77.920927
700.225000	-77.920413
700.250000	-77.919899
700.275000	-77.919385
700.300000	-77.918871
700.325000	-77.918356
700.350000	-77.917842
700.375000	-77.917328
700.400000	-77.916814
700.425000	-77.916301
700.450000	-77.915787
700.475000	-77.915273
700.500000	-77.914759
700.525000	-77.914246
700.550000	-77.913732
700.575000	-77.913218
700.600000	-77.912705
700.625000	-77.912192
700.650000	-77.911678
700.675000	-77.911165
700.700000	-77.910651
700.725000	-77.910138
700.750000	-77.909625
700.775000	-77.909112
700.800000	-77.908599
700.825000	-77.908086
700.850000	-77.907573
700.875000	-77.907060
700.900000	-77.906547
700.925000	-77.906034
700.950000	-77.905522
700.975000	-77.905009
701.000000	-77.904496
701.025000	-77.903984
701.050000	-77.903471
701.075000	-77.902959
701.100000	-77.902446
701.125000	-77.901934
701.150000	-77.901421
701.175000	-77.900909
701.200000	-77.900397
701.225000	-77.899885
701.250000	-77.899373
701.275000	-77.898861
701.300000	-77.898349
701.325000	-77.897837
701.350000	-77.897325
701.375000	-77.896813
701.400000	-77.896301
701.425000	-77.895789
701.450000	-77.895278
701.475000	-77.894766
701.500000	-77.894255
701.525000	-77.893743
701.550000	-77.893232
701.575000	-77.892720
701.600000	-77.892209
701.625000	-77.891697
701.650000	-77.891186
701.675000	-77.890675
701.700000	-77.890164
701.725000	-77.889653
701.750000	-77.889142
701.775000	-77.888631
701.800000	-77.888120
701.825000	-77.887609
701.850000	-77.887098
701.875000	-77.886587
701.900000	-77.886077
701.925000	-77.885566
701.950000	-77.885055
701.975000	-77.884545
702.000000	-77.884034
702.025000	-77.883524
702.050000	-77.883013
702.075000	-77.882503
702.100000	-77.881993
702.125000	-77.881482
702.150000	-77.880972
702.175000	-77.880462
702.200000	-77.879952
702.225000	-77.879442
702.250000	-77.878932
702.275000	-77.878422
702.300000	-77.877912
702.325000	-77.877402
702.350000	-77.876893
702.375000	-77.876383
702.400000	-77.875873
702.425000	-77.875364
702.450000	-77.874854
702.475000	-77.874345
702.500000	-77.873835
702.525000	-77.873326
702.550000	-77.872816
702.575000	-77.872307
702.600000	-77.871798
702.625000	-77.871289
702.650000	-77.870780
702.675000	-77.870271
702.700000	-77.869762
702.725000	-77.869253
702.750000	-77.868744
702.775000	-77.868235
702.800000	-77.867726
702.825000	-77.867217
702.850000	-77.866709
702.875000	-77.866200
702.900000	-77.865691
702.925000	-77.865183
702.950000	-77.864674
702.975000	-77.864166
703.000000	-77.863657
703.025000	-77.863149
703.050000	-77.862641
703.075000	-77.862133
703.100000	-77.861624
703.125000	-77.861116
703.150000	-77.860608
703.175000	-77.860100
703.200000	-77.859592
703.225000	-77.859084
703.250000	-77.858576
703.275000	-77.858069
703.300000	-77.857561
703.325000	-77.857053
703.350000	-77.856546
703.375000	-77.856038
703.400000	-77.855530
703.425000	-77.855023
703.450000	-77.854516
703.475000	-77.854008
703.500000	-77.853501
703.525000	-77.852994
703.550000	-77.852486
703.575000	-77.851979
703.600000	-77.851472
703.625000	-77.850965
703.650000	-77.850458
703.675000	-77.849951
703.700000	-77.849444
703.725000	-77.848937
703.750000	-77.848430
703.775000	-77.847924
703.800000	-77.847417
703.825000	-77.846910
703.850000	-77.846404
703.875000	-77.845897
703.900000	-77.845391
703.925000	-77.844884
703.950000	-77.844378
703.975000	-77.843872
704.000000	-77.843365
704.025000	-77.842859
704.050000	-77.842353
704.075000	-77.841847
704.100000	-77.841341
704.125000	-77.840835
704.150000	-77.840329
704.175000	-77.839823
704.200000	-77.839317
704.225000	-77.838811
704.250000	-77.838306
704.275000	-77.837800
704.300000	-77.837294
704.325000	-77.836789
704.350000	-77.836283
704.375000	-77.835778
704.400000	-77.835272
704.425000	-77.834767
704.450000	-77.834262
704.475000	-77.833756
704.500000	-77.833251
704.525000	-77.832746
704.550000	-77.832241
704.575000	-77.831736
704.600000	-77.831231
704.625000	-77.830726
704.650000	-77.830221
704.675000	-77.829716
704.700000	-77.829211
704.725000	-77.828707
704.750000	-77.828202
704.775000	-77.827697
704.800000	-77.827193
704.825000	-77.826688
704.850000	-77.826184
704.875000	-77.825679
704.900000	-77.825175
704.925000	-77.824670
704.950000	-77.824166
704.975000	-77.823662
705.000000	-77.823158
705.025000	-77.822654
705.050000	-77.822150
705.075000	-77.821646
705.100000	-77.821142
705.125000	-77.820638
705.150000	-77.820134
705.175000	-77.819630
705.200000	-77.819126
705.225000	-77.818623
705.250000	-77.818119
705.275000	-77.817615
705.300000	-77.817112
705.325000	-77.816608
705.350000	-77.816105
705.375000	-77.815602
705.400000	-77.815098
705.425000	-77.814595
705.450000	-77.814092
705.475000	-77.813589
705.500000	-77.813086
705.525000	-77.812582
705.550000	-77.812079
705.575000	-77.811577
705.600000	-77.811074
705.625000	-77.810571
705.650000	-77.810068
705.675000	-77.809565
705.700000	-77.809062
705.725000	-77.808560
705.750000	-77.808057
705.775000	-77.807555
705.800000	-77.807052
705.825000	-77.806550
705.850000	-77.806047
705.875000	-77.805545
705.900000	-77.805043
705.925000	-77.804541
705.950000	-77.804038
705.975000	-77.803536
706.000000	-77.803034
706.025000	-77.802532
706.050000	-77.802030
706.075000	-77.801528
706.100000	-77.801026
706.125000	-77.800525
706.150000	-77.800023
706.175000	-77.799521
706.200000	-77.799020
706.225000	-77.798518
706.250000	-77.798016
706.275000	-77.797515
706.300000	-77.797013
706.325000	-77.796512
706.350000	-77.796011
706.375000	-77.795509
706.400000	-77.795008
706.425000	-77.794507
706.450000	-77.794006
706.475000	-77.793505
706.500000	-77.793004
706.525000	-77.792503
706.550000	-77.792002
706.575000	-77.791501
706.600000	-77.791000
706.625000	-77.790499
706.650000	-77.789999
706.675000	-77.789498
706.700000	-77.788997
706.725000	-77.788497
706.750000	-77.787996
706.775000	-77.787496
706.800000	-77.786996
706.825000	-77.786495
706.850000	-77.785995
706.875000	-77.785495
706.900000	-77.784994
706.925000	-77.784494
706.950000	-77.783994
706.975000	-77.783494
707.000000	-77.782994
707.025000	-77.782494
707.050000	-77.781994
707.075000	-77.781495
707.100000	-77.780995
707.125000	-77.780495
707.150000	-77.779995
707.175000	-77.779496
707.200000	-77.778996
707.225000	-77.778497
707.250000	-77.777997
707.275000	-77.777498
707.300000	-77.776999
707.325000	-77.776499
707.350000	-77.776000
707.375000	-77.775501
707.400000	-77.775002
707.425000	-77.774502
707.450000	-77.774003
707.475000	-77.773504
707.500000	-77.773006
707.525000	-77.772507
707.550000	-77.772008
707.575000	-77.771509
707.600000	-77.771010
707.625000	-77.770512
707.650000	-77.770013
707.675000	-77.769514
707.700000	-77.769016
707.725000	-77.768517
707.750000	-77.768019
707.775000	-77.767521
707.800000	-77.767022
707.825000	-77.766524
707.850000	-77.766026
707.875000	-77.765528
707.900000	-77.765029
707.925000	-77.764531
707.950000	-77.764033
707.975000	-77.763535
708.000000	-77.763038
708.025000	-77.762540
708.050000	-77.762042
708.075000	-77.761544
708.100000	-77.761046
708.125000	-77.760549
708.150000	-77.760051
708.175000	-77.759554
708.200000	-77.759056
708.225000	-77.758559
708.250000	-77.758061
708.275000	-77.757564
708.300000	-77.757067
708.325000	-77.756569
708.350000	-77.756072
708.375000	-77.755575
708.400000	-77.755078
708.425000	-77.754581
708.450000	-77.754084
708.475000	-77.753587
708.500000	-77.753090
708.525000	-77.752593
708.550000	-77.752097
708.575000	-77.751600
708.600000	-77.751103
708.625000	-77.750607
708.650000	-77.750110
708.675000	-77.749614
708.700000	-77.749117
708.725000	-77.748621
708.750000	-77.748124
708.775000	-77.747628
708.800000	-77.747132
708.825000	-77.746636
708.850000	-77.746139
708.875000	-77.745643
708.900000	-77.745147
708.925000	-77.744651
708.950000	-77.744155
708.975000	-77.743660
709.000000	-77.743164
709.025000	-77.742668
709.050000	-77.742172
709.075000	-77.741676
709.100000	-77.741181
709.125000	-77.740685
709.150000	-77.740190
709.175000	-77.739694
709.200000	-77.739199
709.225000	-77.738703
709.250000	-77.738208
709.275000	-77.737713
709.300000	-77.737218
709.325000	-77.736722
709.350000	-77.736227
709.375000	-77.735732
709.400000	-77.735237
709.425000	-77.734742
709.450000	-77.734247
709.475000	-77.733752
709.500000	-77.733258
709.525000	-77.732763
709.550000	-77.732268
709.575000	-77.731774
709.600000	-77.731279
709.625000	-77.730784
709.650000	-77.730290
709.675000	-77.729795
709.700000	-77.729301
709.725000	-77.728807
709.750000	-77.728312
709.775000	-77.727818
709.800000	-77.727324
709.825000	-77.726830
709.850000	-77.726336
709.875000	-77.725842
709.900000	-77.725348
709.925000	-77.724854
709.950000	-77.724360
709.975000	-77.723866
710.000000	-77.723372
710.025000	-77.722879
710.050000	-77.722385
710.075000	-77.721891
710.100000	-77.721398
710.125000	-77.720904
710.150000	-77.720411
710.175000	-77.719917
710.200000	-77.719424
710.225000	-77.718931
710.250000	-77.718437
710.275000	-77.717944
710.300000	-77.717451
710.325000	-77.716958
710.350000	-77.716465
710.375000	-77.715972
710.400000	-77.715479
710.425000	-77.714986
710.450000	-77.714493
710.475000	-77.714000
710.500000	-77.713507
710.525000	-77.713015
710.550000	-77.712522
710.575000	-77.712029
710.600000	-77.711537
710.625000	-77.711044
710.650000	-77.710552
710.675000	-77.710060
710.700000	-77.709567
710.725000	-77.709075
710.750000	-77.708583
710.775000	-77.708090
710.800000	-77.707598
710.825000	-77.707106
710.850000	-77.706614
710.875000	-77.706122
710.900000	-77.705630
710.925000	-77.705138
710.950000	-77.704647
710.975000	-77.704155
711.000000	-77.703663
711.025000	-77.703171
711.050000	-77.702680
711.075000	-77.702188
711.100000	-77.701697
711.125000	-77.701205
711.150000	-77.700714
711.175000	-77.700222
711.200000	-77.699731
711.225000	-77.699240
711.250000	-77.698748
711.275000	-77.698257
711.300000	-77.697766
711.325000	-77.697275
711.350000	-77.696784
711.375000	-77.696293
711.400000	-77.695802
711.425000	-77.695311
711.450000	-77.694820
711.475000	-77.694330
711.500000	-77.693839
711.525000	-77.693348
711.550000	-77.692858
711.575000	-77.692367
711.600000	-77.691877
711.625000	-77.691386
711.650000	-77.690896
711.675000	-77.690405
711.700000	-77.689915
711.725000	-77.689425
711.750000	-77.688935
711.775000	-77.688445
711.800000	-77.687954
711.825000	-77.687464
711.850000	-77.686974
711.875000	-77.686484
711.900000	-77.685995
711.925000	-77.685505
711.950000	-77.685015
711.975000	-77.684525
712.000000	-77.684035
712.025000	-77.683546
712.050000	-77.683056
712.075000	-77.682567
712.100000	-77.682077
712.125000	-77.681588
712.150000	-77.681098
712.175000	-77.680609
712.200000	-77.680120
712.225000	-77.679630
712.250000	-77.679141
712.275000	-77.678652
712.300000	-77.678163
712.325000	-77.677674
712.350000	-77.677185
712.375000	-77.676696
712.400000	-77.676207
712.425000	-77.675718
712.450000	-77.675230
712.475000	-77.674741
712.500000	-77.674252
712.525000	-77.673764
712.550000	-77.673275
712.575000	-77.672786
712.600000	-77.672298
712.625000	-77.671810
712.650000	-77.671321
712.675000	-77.670833
712.700000	-77.670345
712.725000	-77.669856
712.750000	-77.669368
712.775000	-77.668880
712.800000	-77.668392
712.825000	-77.667904
712.850000	-77.667416
712.875000	-77.666928
712.900000	-77.666440
712.925000	-77.665952
712.950000	-77.665465
712.975000	-77.664977
713.000000	-77.664489
713.025000	-77.664002
713.050000	-77.663514
713.075000	-77.663027
713.100000	-77.662539
713.125000	-77.662052
713.150000	-77.661564
713.175000	-77.661077
713.200000	-77.660590
713.225000	-77.660102
713.250000	-77.659615
713.275000	-77.659128
713.300000	-77.658641
713.325000	-77.658154
713.350000	-77.657667
713.375000	-77.657180
713.400000	-77.656693
713.425000	-77.656207
713.450000	-77.655720
713.475000	-77.655233
713.500000	-77.654747
713.525000	-77.654260
713.550000	-77.653773
713.575000	-77.653287
713.600000	-77.652800
713.625000	-77.652314
713.650000	-77.651828
713.675000	-77.651341
713.700000	-77.650855
713.725000	-77.650369
713.750000	-77.649883
713.775000	-77.649397
713.800000	-77.648911
713.825000	-77.648425
713.850000	-77.647939
713.875000	-77.647453
713.900000	-77.646967
713.925000	-77.646481
713.950000	-77.645995
713.975000	-77.645510
714.000000	-77.645024
714.025000	-77.644538
714.050000	-77.644053
714.075000	-77.643567
714.100000	-77.643082
714.125000	-77.642597
714.150000	-77.642111
714.175000	-77.641626
714.200000	-77.641141
714.225000	-77.640655
714.250000	-77.640170
714.275000	-77.639685
714.300000	-77.639200
714.325000	-77.638715
714.350000	-77.638230
714.375000	-77.637745
714.400000	-77.637260
714.425000	-77.636776
714.450000	-77.636291
714.475000	-77.635806
714.500000	-77.635322
714.525000	-77.634837
714.550000	-77.634352
714.575000	-77.633868
714.600000	-77.633384
714.625000	-77.632899
714.650000	-77.632415
714.675000	-77.631931
714.700000	-77.631446
714.725000	-77.630962
714.750000	-77.630478
714.775000	-77.629994
714.800000	-77.629510
714.825000	-77.629026
714.850000	-77.628542
714.875000	-77.628058
714.900000	-77.627574
714.925000	-77.627090
714.950000	-77.626607
714.975000	-77.626123
715.000000	-77.625639
715.025000	-77.625156
715.050000	-77.624672
715.075000	-77.624189
715.100000	-77.623705
715.125000	-77.623222
715.150000	-77.622739
715.175000	-77.622255
715.200000	-77.621772
715.225000	-77.621289
715.250000	-77.620806
715.275000	-77.620323
715.300000	-77.619840
715.325000	-77.619357
715.350000	-77.618874
715.375000	-77.618391
715.400000	-77.617908
715.425000	-77.617425
715.450000	-77.616942
715.475000	-77.616460
715.500000	-77.615977
715.525000	-77.615495
715.550000	-77.615012
715.575000	-77.614530
715.600000	-77.614047
715.625000	-77.613565
715.650000	-77.613082
715.675000	-77.612600
715.700000	-77.612118
715.725000	-77.611636
715.750000	-77.611154
715.775000	-77.610672
715.800000	-77.610189
715.825000	-77.609707
715.850000	-77.609226
715.875000	-77.608744
715.900000	-77.608262
715.925000	-77.607780
715.950000	-77.607298
715.975000	-77.606817
716.000000	-77.606335
716.025000	-77.605853
716.050000	-77.605372
716.075000	-77.604890
716.100000	-77.604409
716.125000	-77.603928
716.150000	-77.603446
716.175000	-77.602965
716.200000	-77.602484
716.225000	-77.602003
716.250000	-77.601521
716.275000	-77.601040
716.300000	-77.600559
716.325000	-77.600078
716.350000	-77.599597
716.375000	-77.599116
716.400000	-77.598636
716.425000	-77.598155
716.450000	-77.597674
716.475000	-77.597193
716.500000	-77.596713
716.525000	-77.596232
716.550000	-77.595752
716.575000	-77.595271
716.600000	-77.594791
716.625000	-77.594310
716.650000	-77.593830
716.675000	-77.593350
716.700000	-77.592869
716.725000	-77.592389
716.750000	-77.591909
716.775000	-77.591429
716.800000	-77.590949
716.825000	-77.590469
716.850000	-77.589989
716.875000	-77.589509
716.900000	-77.589029
716.925000	-77.588550
716.950000	-77.588070
716.975000	-77.587590
717.000000	-77.587111
717.025000	-77.586631
717.050000	-77.586151
717.075000	-77.585672
717.100000	-77.585192
717.125000	-77.584713
717.150000	-77.584234
717.175000	-77.583754
717.200000	-77.583275
717.225000	-77.582796
717.250000	-77.582317
717.275000	-77.581838
717.300000	-77.581359
717.325000	-77.580880
717.350000	-77.580401
717.375000	-77.579922
717.400000	-77.579443
717.425000	-77.578964
717.450000	-77.578485
717.475000	-77.578007
717.500000	-77.577528
717.525000	-77.577050
717.550000	-77.576571
717.575000	-77.576092
717.600000	-77.575614
717.625000	-77.575136
717.650000	-77.574657
717.675000	-77.574179
717.700000	-77.573701
717.725000	-77.573223
717.750000	-77.572744
717.775000	-77.572266
717.800000	-77.571788
717.825000	-77.571310
717.850000	-77.570832
717.875000	-77.570354
717.900000	-77.569876
717.925000	-77.569399
717.950000	-77.568921
717.975000	-77.568443
718.000000	-77.567966
718.025000	-77.567488
718.050000	-77.567010
718.075000	-77.566533
718.100000	-77.566055
718.125000	-77.565578
718.150000	-77.565101
718.175000	-77.564623
718.200000	-77.564146
718.225000	-77.563669
718.250000	-77.563192
718.275000	-77.562715
718.300000	-77.562238
718.325000	-77.561761
718.350000	-77.561284
718.375000	-77.560807
718.400000	-77.560330
718.425000	-77.559853
718.450000	-77.559376
718.475000	-77.558899
718.500000	-77.558423
718.525000	-77.557946
718.550000	-77.557470
718.575000	-77.556993
718.600000	-77.556517
718.625000	-77.556040
718.650000	-77.555564
718.675000	-77.555087
718.700000	-77.554611
718.725000	-77.554135
718.750000	-77.553659
718.775000	-77.553183
718.800000	-77.552707
718.825000	-77.552231
718.850000	-77.551755
718.875000	-77.551279
718.900000	-77.550803
718.925000	-77.550327
718.950000	-77.549851
718.975000	-77.549375
719.000000	-77.548900
719.025000	-77.548424
719.050000	-77.547949
719.075000	-77.547473
719.100000	-77.546998
719.125000	-77.546522
719.150000	-77.546047
719.175000	-77.545571
719.200000	-77.545096
719.225000	-77.544621
719.250000	-77.544146
719.275000	-77.543670
719.300000	-77.543195
719.325000	-77.542720
719.350000	-77.542245
719.375000	-77.541770
719.400000	-77.541296
719.425000	-77.540821
719.450000	-77.540346
719.475000	-77.539871
719.500000	-77.539396
719.525000	-77.538922
719.550000	-77.538447
719.575000	-77.537973
719.600000	-77.537498
719.625000	-77.537024
719.650000	-77.536549
719.675000	-77.536075
719.700000	-77.535601
719.725000	-77.535126
719.750000	-77.534652
719.775000	-77.534178
719.800000	-77.533704
719.825000	-77.533230
719.850000	-77.532756
719.875000	-77.532282
719.900000	-77.531808
719.925000	-77.531334
719.950000	-77.530860
719.975000	-77.530386
720.000000	-77.529913
720.025000	-77.529439
720.050000	-77.528965
720.075000	-77.528492
720.100000	-77.528018
720.125000	-77.527545
720.150000	-77.527071
720.175000	-77.526598
720.200000	-77.526125
720.225000	-77.525651
720.250000	-77.525178
720.275000	-77.524705
720.300000	-77.524232
720.325000	-77.523759
720.350000	-77.523286
720.375000	-77.522813
720.400000	-77.522340
720.425000	-77.521867
720.450000	-77.521394
720.475000	-77.520921
720.500000	-77.520449
720.525000	-77.519976
720.550000	-77.519503
720.575000	-77.519031
720.600000	-77.518558
720.625000	-77.518086
720.650000	-77.517613
720.675000	-77.517141
720.700000	-77.516669
720.725000	-77.516196
720.750000	-77.515724
720.775000	-77.515252
720.800000	-77.514780
720.825000	-77.514308
720.850000	-77.513835
720.875000	-77.513363
720.900000	-77.512892
720.925000	-77.512420
720.950000	-77.511948
720.975000	-77.511476
721.000000	-77.511004
721.025000	-77.510532
721.050000	-77.510061
721.075000	-77.509589
721.100000	-77.509118
721.125000	-77.508646
721.150000	-77.508175
721.175000	-77.507703
721.200000	-77.507232
721.225000	-77.506761
721.250000	-77.506289
721.275000	-77.505818
721.300000	-77.505347
721.325000	-77.504876
721.350000	-77.504405
721.375000	-77.503934
721.400000	-77.503463
721.425000	-77.502992
721.450000	-77.502521
721.475000	-77.502050
721.500000	-77.501579
721.525000	-77.501108
721.550000	-77.500638
721.575000	-77.500167
721.600000	-77.499697
721.625000	-77.499226
721.650000	-77.498756
721.675000	-77.498285
721.700000	-77.497815
721.725000	-77.497344
721.750000	-77.496874
721.775000	-77.496404
721.800000	-77.495934
721.825000	-77.495463
721.850000	-77.494993
721.875000	-77.494523
721.900000	-77.494053
721.925000	-77.493583
721.950000	-77.493113
721.975000	-77.492644
722.000000	-77.492174
722.025000	-77.491704
722.050000	-77.491234
722.075000	-77.490765
722.100000	-77.490295
722.125000	-77.489825
722.150000	-77.489356
722.175000	-77.488886
722.200000	-77.488417
722.225000	-77.487948
722.250000	-77.487478
722.275000	-77.487009
722.300000	-77.486540
722.325000	-77.486071
722.350000	-77.485601
722.375000	-77.485132
722.400000	-77.484663
722.425000	-77.484194
722.450000	-77.483725
722.475000	-77.483257
722.500000	-77.482788
722.525000	-77.482319
722.550000	-77.481850
722.575000	-77.481381
722.600000	-77.480913
722.625000	-77.480444
722.650000	-77.479976
722.675000	-77.479507
722.700000	-77.479039
722.725000	-77.478570
722.750000	-77.478102
722.775000	-77.477634
722.800000	-77.477165
722.825000	-77.476697
722.850000	-77.476229
722.875000	-77.475761
722.900000	-77.475293
722.925000	-77.474825
722.950000	-77.474357
722.975000	-77.473889
723.000000	-77.473421
723.025000	-77.472953
723.050000	-77.472485
723.075000	-77.472018
723.100000	-77.471550
723.125000	-77.471082
723.150000	-77.470615
723.175000	-77.470147
723.200000	-77.469680
723.225000	-77.469212
723.250000	-77.468745
723.275000	-77.468278
723.300000	-77.467810
723.325000	-77.467343
723.350000	-77.466876
723.375000	-77.466409
723.400000	-77.465942
723.425000	-77.465475
723.450000	-77.465008
723.475000	-77.464541
723.500000	-77.464074
723.525000	-77.463607
723.550000	-77.463140
723.575000	-77.462673
723.600000	-77.462207
723.625000	-77.461740
723.650000	-77.461273
723.675000	-77.460807
723.700000	-77.460340
723.725000	-77.459874
723.750000	-77.459407
723.775000	-77.458941
723.800000	-77.458475
723.825000	-77.458008
723.850000	-77.457542
723.875000	-77.457076
723.900000	-77.456610
723.925000	-77.456144
723.950000	-77.455678
723.975000	-77.455212
724.000000	-77.454746
724.025000	-77.454280
724.050000	-77.453814
724.075000	-77.453348
724.100000	-77.452882
724.125000	-77.452417
724.150000	-77.451951
724.175000	-77.451485
724.200000	-77.451020
724.225000	-77.450554
724.250000	-77.450089
724.275000	-77.449624
724.300000	-77.449158
724.325000	-77.448693
724.350000	-77.448228
724.375000	-77.447762
724.400000	-77.447297
724.425000	-77.446832
724.450000	-77.446367
724.475000	-77.445902
724.500000	-77.445437
724.525000	-77.444972
724.550000	-77.444507
724.575000	-77.444042
724.600000	-77.443578
724.625000	-77.443113
724.650000	-77.442648
724.675000	-77.442183
724.700000	-77.441719
724.725000	-77.441254
724.750000	-77.440790
724.775000	-77.440325
724.800000	-77.439861
724.825000	-77.439397
724.850000	-77.438932
724.875000	-77.438468
724.900000	-77.438004
724.925000	-77.437540
724.950000	-77.437076
724.975000	-77.436611
725.000000	-77.436147
725.025000	-77.435683
725.050000	-77.435220
725.075000	-77.434756
725.100000	-77.434292
725.125000	-77.433828
725.150000	-77.433364
725.175000	-77.432901
725.200000	-77.432437
725.225000	-77.431973
725.250000	-77.431510
725.275000	-77.431046
725.300000	-77.430583
725.325000	-77.430120
725.350000	-77.429656
725.375000	-77.429193
725.400000	-77.428730
725.425000	-77.428266
725.450000	-77.427803
725.475000	-77.427340
725.500000	-77.426877
725.525000	-77.426414
725.550000	-77.425951
725.575000	-77.425488
725.600000	-77.425025
725.625000	-77.424562
725.650000	-77.424100
725.675000	-77.423637
725.700000	-77.423174
725.725000	-77.422712
725.750000	-77.422249
725.775000	-77.421787
725.800000	-77.421324
725.825000	-77.420862
725.850000	-77.420399
725.875000	-77.419937
725.900000	-77.419475
725.925000	-77.419012
725.950000	-77.418550
725.975000	-77.418088
726.000000	-77.417626
726.025000	-77.417164
726.050000	-77.416702
726.075000	-77.416240
726.100000	-77.415778
726.125000	-77.415316
726.150000	-77.414854
726.175000	-77.414392
726.200000	-77.413931
726.225000	-77.413469
726.250000	-77.413007
726.275000	-77.412546
726.300000	-77.412084
726.325000	-77.411623
726.350000	-77.411161
726.375000	-77.410700
726.400000	-77.410239
726.425000	-77.409777
726.450000	-77.409316
726.475000	-77.408855
726.500000	-77.408394
726.525000	-77.407933
726.550000	-77.407472
726.575000	-77.407011
726.600000	-77.406550
726.625000	-77.406089
726.650000	-77.405628
726.675000	-77.405167
726.700000	-77.404706
726.725000	-77.404245
726.750000	-77.403785
726.775000	-77.403324
726.800000	-77.402864
726.825000	-77.402403
726.850000	-77.401943
726.875000	-77.401482
726.900000	-77.401022
726.925000	-77.400561
726.950000	-77.400101
726.975000	-77.399641
727.000000	-77.399181
727.025000	-77.398720
727.050000	-77.398260
727.075000	-77.397800
727.100000	-77.397340
727.125000	-77.396880
727.150000	-77.396420
727.175000	-77.395961
727.200000	-77.395501
727.225000	-77.395041
727.250000	-77.394581
727.275000	-77.394122
727.300000	-77.393662
727.325000	-77.393202
727.350000	-77.392743
727.375000	-77.392283
727.400000	-77.391824
727.425000	-77.391364
727.450000	-77.390905
727.475000	-77.390446
727.500000	-77.389987
727.525000	-77.389527
727.550000	-77.389068
727.575000	-77.388609
727.600000	-77.388150
727.625000	-77.387691
727.650000	-77.387232
727.675000	-77.386773
727.700000	-77.386314
727.725000	-77.385855
727.750000	-77.385397
727.775000	-77.384938
727.800000	-77.384479
727.825000	-77.384021
727.850000	-77.383562
727.875000	-77.383103
727.900000	-77.382645
727.925000	-77.382186
727.950000	-77.381728
727.975000	-77.381270
728.000000	-77.380811
728.025000	-77.380353
728.050000	-77.379895
728.075000	-77.379437
728.100000	-77.378979
728.125000	-77.378521
728.150000	-77.378063
728.175000	-77.377605
728.200000	-77.377147
728.225000	-77.376689
728.250000	-77.376231
728.275000	-77.375773
728.300000	-77.375315
728.325000	-77.374858
728.350000	-77.374400
728.375000	-77.373942
728.400000	-77.373485
728.425000	-77.373027
728.450000	-77.372570
728.475000	-77.372113
728.500000	-77.371655
728.525000	-77.371198
728.550000	-77.370741
728.575000	-77.370283
728.600000	-77.369826
728.625000	-77.369369
728.650000	-77.368912
728.675000	-77.368455
728.700000	-77.367998
728.725000	-77.367541
728.750000	-77.367084
728.775000	-77.366627
728.800000	-77.366171
728.825000	-77.365714
728.850000	-77.365257
728.875000	-77.364800
728.900000	-77.364344
728.925000	-77.363887
728.950000	-77.363431
728.975000	-77.362974
729.000000	-77.362518
729.025000	-77.362062
729.050000	-77.361605
729.075000	-77.361149
729.100000	-77.360693
729.125000	-77.360237
729.150000	-77.359780
729.175000	-77.359324
729.200000	-77.358868
729.225000	-77.358412
729.250000	-77.357956
729.275000	-77.357500
729.300000	-77.357045
729.325000	-77.356589
729.350000	-77.356133
729.375000	-77.355677
729.400000	-77.355222
729.425000	-77.354766
729.450000	-77.354310
729.475000	-77.353855
729.500000	-77.353399
729.525000	-77.352944
729.550000	-77.352489
729.575000	-77.352033
729.600000	-77.351578
729.625000	-77.351123
729.650000	-77.350668
729.675000	-77.350212
729.700000	-77.349757
729.725000	-77.349302
729.750000	-77.348847
729.775000	-77.348392
729.800000	-77.347937
729.825000	-77.347482
729.850000	-77.347028
729.875000	-77.346573
729.900000	-77.346118
729.925000	-77.345663
729.950000	-77.345209
729.975000	-77.344754
730.000000	-77.344300
730.025000	-77.343845
730.050000	-77.343391
730.075000	-77.342936
730.100000	-77.342482
730.125000	-77.342028
730.150000	-77.341573
730.175000	-77.341119
730.200000	-77.340665
730.225000	-77.340211
730.250000	-77.339757
730.275000	-77.339303
730.300000	-77.338849
730.325000	-77.338395
730.350000	-77.337941
730.375000	-77.337487
730.400000	-77.337033
730.425000	-77.336580
730.450000	-77.336126
730.475000	-77.335672
730.500000	-77.335219
730.525000	-77.334765
730.550000	-77.334312
730.575000	-77.333858
730.600000	-77.333405
730.625000	-77.332951
730.650000	-77.332498
730.675000	-77.332045
730.700000	-77.331592
730.725000	-77.331138
730.750000	-77.330685
730.775000	-77.330232
730.800000	-77.329779
730.825000	-77.329326
730.850000	-77.328873
730.875000	-77.328420
730.900000	-77.327967
730.925000	-77.327515
730.950000	-77.327062
730.975000	-77.326609
731.000000	-77.326157
731.025000	-77.325704
731.050000	-77.325251
731.075000	-77.324799
731.100000	-77.324346
731.125000	-77.323894
731.150000	-77.323441
731.175000	-77.322989
731.200000	-77.322537
731.225000	-77.322085
731.250000	-77.321632
731.275000	-77.321180
731.300000	-77.320728
731.325000	-77.320276
731.350000	-77.319824
731.375000	-77.319372
731.400000	-77.318920
731.425000	-77.318468
731.450000	-77.318016
731.475000	-77.317565
731.500000	-77.317113
731.525000	-77.316661
731.550000	-77.316210
731.575000	-77.315758
731.600000	-77.315306
731.625000	-77.314855
731.650000	-77.314404
731.675000	-77.313952
731.700000	-77.313501
731.725000	-77.313049
731.750000	-77.312598
731.775000	-77.312147
731.800000	-77.311696
731.825000	-77.311245
731.850000	-77.310794
731.875000	-77.310342
731.900000	-77.309892
731.925000	-77.309441
731.950000	-77.308990
731.975000	-77.308539
732.000000	-77.308088
732.025000	-77.307637
732.050000	-77.307187
732.075000	-77.306736
732.100000	-77.306285
732.125000	-77.305835
732.150000	-77.305384
732.175000	-77.304934
732.200000	-77.304483
732.225000	-77.304033
732.250000	-77.303583
732.275000	-77.303132
732.300000	-77.302682
732.325000	-77.302232
732.350000	-77.301782
732.375000	-77.301331
732.400000	-77.300881
732.425000	-77.300431
732.450000	-77.299981
732.475000	-77.299532
732.500000	-77.299082
732.525000	-77.298632
732.550000	-77.298182
732.575000	-77.297732
732.600000	-77.297283
732.625000	-77.296833
732.650000	-77.296383
732.675000	-77.295934
732.700000	-77.295484
732.725000	-77.295035
732.750000	-77.294585
732.775000	-77.294136
732.800000	-77.293687
732.825000	-77.293237
732.850000	-77.292788
732.875000	-77.292339
732.900000	-77.291890
732.925000	-77.291441
732.950000	-77.290992
732.975000	-77.290543
733.000000	-77.290094
733.025000	-77.289645
733.050000	-77.289196
733.075000	-77.288747
733.100000	-77.288298
733.125000	-77.287850
733.150000	-77.287401
733.175000	-77.286952
733.200000	-77.286504
733.225000	-77.286055
733.250000	-77.285607
733.275000	-77.285158
733.300000	-77.284710
733.325000	-77.284262
733.350000	-77.283813
733.375000	-77.283365
733.400000	-77.282917
733.425000	-77.282469
733.450000	-77.282021
733.475000	-77.281573
733.500000	-77.281125
733.525000	-77.280677
733.550000	-77.280229
733.575000	-77.279781
733.600000	-77.279333
733.625000	-77.278885
733.650000	-77.278437
733.675000	-77.277990
733.700000	-77.277542
733.725000	-77.277094
733.750000	-77.276647
733.775000	-77.276199
733.800000	-77.275752
733.825000	-77.275304
733.850000	-77.274857
733.875000	-77.274410
733.900000	-77.273962
733.925000	-77.273515
733.950000	-77.273068
733.975000	-77.272621
734.000000	-77.272174
734.025000	-77.271727
734.050000	-77.271280
734.075000	-77.270833
734.100000	-77.270386
734.125000	-77.269939
734.150000	-77.269492
734.175000	-77.269045
734.200000	-77.268598
734.225000	-77.268152
734.250000	-77.267705
734.275000	-77.267259
734.300000	-77.266812
734.325000	-77.266365
734.350000	-77.265919
734.375000	-77.265473
734.400000	-77.265026
734.425000	-77.264580
734.450000	-77.264134
734.475000	-77.263687
734.500000	-77.263241
734.525000	-77.262795
734.550000	-77.262349
734.575000	-77.261903
734.600000	-77.261457
734.625000	-77.261011
734.650000	-77.260565
734.675000	-77.260119
734.700000	-77.259673
734.725000	-77.259228
734.750000	-77.258782
734.775000	-77.258336
734.800000	-77.257891
734.825000	-77.257445
734.850000	-77.256999
734.875000	-77.256554
734.900000	-77.256109
734.925000	-77.255663
734.950000	-77.255218
734.975000	-77.254772
735.000000	-77.254327
735.025000	-77.253882
735.050000	-77.253437
735.075000	-77.252992
735.100000	-77.252547
735.125000	-77.252102
735.150000	-77.251657
735.175000	-77.251212
735.200000	-77.250767
735.225000	-77.250322
735.250000	-77.249877
735.275000	-77.249432
735.300000	-77.248988
735.325000	-77.248543
735.350000	-77.248098
735.375000	-77.247654
735.400000	-77.247209
735.425000	-77.246765
735.450000	-77.246320
735.475000	-77.245876
735.500000	-77.245431
735.525000	-77.244987
735.550000	-77.244543
735.575000	-77.244099
735.600000	-77.243654
735.625000	-77.243210
735.650000	-77.242766
735.675000	-77.242322
735.700000	-77.241878
735.725000	-77.241434
735.750000	-77.240990
735.775000	-77.240547
735.800000	-77.240103
735.825000	-77.239659
735.850000	-77.239215
735.875000	-77.238772
735.900000	-77.238328
735.925000	-77.237884
735.950000	-77.237441
735.975000	-77.236997
736.000000	-77.236554
736.025000	-77.236111
736.050000	-77.235667
736.075000	-77.235224
736.100000	-77.234781
736.125000	-77.234338
736.150000	-77.233894
736.175000	-77.233451
736.200000	-77.233008
736.225000	-77.232565
736.250000	-77.232122
736.275000	-77.231679
736.300000	-77.231236
736.325000	-77.230793
736.350000	-77.230351
736.375000	-77.229908
736.400000	-77.229465
736.425000	-77.229023
736.450000	-77.228580
736.475000	-77.228137
736.500000	-77.227695
736.525000	-77.227252
736.550000	-77.226810
736.575000	-77.226368
736.600000	-77.225925
736.625000	-77.225483
736.650000	-77.225041
736.675000	-77.224598
736.700000	-77.224156
736.725000	-77.223714
736.750000	-77.223272
736.775000	-77.222830
736.800000	-77.222388
736.825000	-77.221946
736.850000	-77.221504
736.875000	-77.221062
736.900000	-77.220621
736.925000	-77.220179
736.950000	-77.219737
736.975000	-77.219296
737.000000	-77.218854
737.025000	-77.218412
737.050000	-77.217971
737.075000	-77.217529
737.100000	-77.217088
737.125000	-77.216647
737.150000	-77.216205
737.175000	-77.215764
737.200000	-77.215323
737.225000	-77.214881
737.250000	-77.214440
737.275000	-77.213999
737.300000	-77.213558
737.325000	-77.213117
737.350000	-77.212676
737.375000	-77.212235
737.400000	-77.211794
737.425000	-77.211353
737.450000	-77.210913
737.475000	-77.210472
737.500000	-77.210031
737.525000	-77.209590
737.550000	-77.209150
737.575000	-77.208709
737.600000	-77.208269
737.625000	-77.207828
737.650000	-77.207388
737.675000	-77.206947
737.700000	-77.206507
737.725000	-77.206067
737.750000	-77.205627
737.775000	-77.205186
737.800000	-77.204746
737.825000	-77.204306
737.850000	-77.203866
737.875000	-77.203426
737.900000	-77.202986
737.925000	-77.202546
737.950000	-77.202106
737.975000	-77.201666
738.000000	-77.201227
738.025000	-77.200787
738.050000	-77.200347
738.075000	-77.199907
738.100000	-77.199468
738.125000	-77.199028
738.150000	-77.198589
738.175000	-77.198149
738.200000	-77.197710
738.225000	-77.197270
738.250000	-77.196831
738.275000	-77.196392
738.300000	-77.195952
738.325000	-77.195513
738.350000	-77.195074
738.375000	-77.194635
738.400000	-77.194196
738.425000	-77.193757
738.450000	-77.193318
738.475000	-77.192879
738.500000	-77.192440
738.525000	-77.192001
738.550000	-77.191562
738.575000	-77.191124
738.600000	-77.190685
738.625000	-77.190246
738.650000	-77.189808
738.675000	-77.189369
738.700000	-77.188930
738.725000	-77.188492
738.750000	-77.188053
738.775000	-77.187615
738.800000	-77.187177
738.825000	-77.186738
738.850000	-77.186300
738.875000	-77.185862
738.900000	-77.185424
738.925000	-77.184986
738.950000	-77.184548
738.975000	-77.184109
739.000000	-77.183671
739.025000	-77.183234
739.050000	-77.182796
739.075000	-77.182358
739.100000	-77.181920
739.125000	-77.181482
739.150000	-77.181044
739.175000	-77.180607
739.200000	-77.180169
739.225000	-77.179732
739.250000	-77.179294
739.275000	-77.178857
739.300000	-77.178419
739.325000	-77.177982
739.350000	-77.177544
739.375000	-77.177107
739.400000	-77.176670
739.425000	-77.176232
739.450000	-77.175795
739.475000	-77.175358
739.500000	-77.174921
739.525000	-77.174484
739.550000	-77.174047
739.575000	-77.173610
739.600000	-77.173173
739.625000	-77.172736
739.650000	-77.172299
739.675000	-77.171863
739.700000	-77.171426
739.725000	-77.170989
739.750000	-77.170553
739.775000	-77.170116
739.800000	-77.169679
739.825000	-77.169243
739.850000	-77.168806
739.875000	-77.168370
739.900000	-77.167934
739.925000	-77.167497
739.950000	-77.167061
739.975000	-77.166625
740.000000	-77.166189
740.025000	-77.165752
740.050000	-77.165316
740.075000	-77.164880
740.100000	-77.164444
740.125000	-77.164008
740.150000	-77.163572
740.175000	-77.163136
740.200000	-77.162701
740.225000	-77.162265
740.250000	-77.161829
740.275000	-77.161393
740.300000	-77.160958
740.325000	-77.160522
740.350000	-77.160086
740.375000	-77.159651
740.400000	-77.159215
740.425000	-77.158780
740.450000	-77.158345
740.475000	-77.157909
740.500000	-77.157474
740.525000	-77.157039
740.550000	-77.156604
740.575000	-77.156168
740.600000	-77.155733
740.625000	-77.155298
740.650000	-77.154863
740.675000	-77.154428
740.700000	-77.153993
740.725000	-77.153558
740.750000	-77.153123
740.775000	-77.152689
740.800000	-77.152254
740.825000	-77.151819
740.850000	-77.151384
740.875000	-77.150950
740.900000	-77.150515
740.925000	-77.150081
740.950000	-77.149646
740.975000	-77.149212
741.000000	-77.148777
741.025000	-77.148343
741.050000	-77.147909
741.075000	-77.147474
741.100000	-77.147040
741.125000	-77.146606
741.150000	-77.146172
741.175000	-77.145738
741.200000	-77.145304
741.225000	-77.144870
741.250000	-77.144436
741.275000	-77.144002
741.300000	-77.143568
741.325000	-77.143134
741.350000	-77.142700
741.375000	-77.142267
741.400000	-77.141833
741.425000	-77.141399
741.450000	-77.140966
741.475000	-77.140532
741.500000	-77.140099
741.525000	-77.139665
741.550000	-77.139232
741.575000	-77.138798
741.600000	-77.138365
741.625000	-77.137932
741.650000	-77.137498
741.675000	-77.137065
741.700000	-77.136632
741.725000	-77.136199
741.750000	-77.135766
741.775000	-77.135333
741.800000	-77.134900
741.825000	-77.134467
741.850000	-77.134034
741.875000	-77.133601
741.900000	-77.133168
741.925000	-77.132736
741.950000	-77.132303
741.975000	-77.131870
742.000000	-77.131438
742.025000	-77.131005
742.050000	-77.130572
742.075000	-77.130140
742.100000	-77.129707
742.125000	-77.129275
742.150000	-77.128843
742.175000	-77.128410
742.200000	-77.127978
742.225000	-77.127546
742.250000	-77.127114
742.275000	-77.126682
742.300000	-77.126249
742.325000	-77.125817
742.350000	-77.125385
742.375000	-77.124953
742.400000	-77.124522
742.425000	-77.124090
742.450000	-77.123658
742.475000	-77.123226
742.500000	-77.122794
742.525000	-77.122363
742.550000	-77.121931
742.575000	-77.121499
742.600000	-77.121068
742.625000	-77.120636
742.650000	-77.120205
742.675000	-77.119773
742.700000	-77.119342
742.725000	-77.118911
742.750000	-77.118479
742.775000	-77.118048
742.800000	-77.117617
742.825000	-77.117186
742.850000	-77.116755
742.875000	-77.116324
742.900000	-77.115893
742.925000	-77.115462
742.950000	-77.115031
742.975000	-77.114600
743.000000	-77.114169
743.025000	-77.113738
743.050000	-77.113307
743.075000	-77.112877
743.100000	-77.112446
743.125000	-77.112015
743.150000	-77.111585
743.175000	-77.111154
743.200000	-77.110724
743.225000	-77.110293
743.250000	-77.109863
743.275000	-77.109432
743.300000	-77.109002
743.325000	-77.108572
743.350000	-77.108142
743.375000	-77.107711
743.400000	-77.107281
743.425000	-77.106851
743.450000	-77.106421
743.475000	-77.105991
743.500000	-77.105561
743.525000	-77.105131
743.550000	-77.104701
743.575000	-77.104271
743.600000	-77.103842
743.625000	-77.103412
743.650000	-77.102982
743.675000	-77.102553
743.700000	-77.102123
743.725000	-77.101693
743.750000	-77.101264
743.775000	-77.100834
743.800000	-77.100405
743.825000	-77.099976
743.850000	-77.099546
743.875000	-77.099117
743.900000	-77.098688
743.925000	-77.098258
743.950000	-77.097829
743.975000	-77.097400
744.000000	-77.096971
744.025000	-77.096542
744.050000	-77.096113
744.075000	-77.095684
744.100000	-77.095255
744.125000	-77.094826
744.150000	-77.094397
744.175000	-77.093969
744.200000	-77.093540
744.225000	-77.093111
744.250000	-77.092683
744.275000	-77.092254
744.300000	-77.091825
744.325000	-77.091397
744.350000	-77.090968
744.375000	-77.090540
744.400000	-77.090112
744.425000	-77.089683
744.450000	-77.089255
744.475000	-77.088827
744.500000	-77.088399
744.525000	-77.087970
744.550000	-77.087542
744.575000	-77.087114
744.600000	-77.086686
744.625000	-77.086258
744.650000	-77.085830
744.675000	-77.085402
744.700000	-77.084974
744.725000	-77.084547
744.750000	-77.084119
744.775000	-77.083691
744.800000	-77.083263
744.825000	-77.082836
744.850000	-77.082408
744.875000	-77.081981
744.900000	-77.081553
744.925000	-77.081126
744.950000	-77.080698
744.975000	-77.080271
745.000000	-77.079844
745.025000	-77.079416
745.050000	-77.078989
745.075000	-77.078562
745.100000	-77.078135
745.125000	-77.077708
745.150000	-77.077281
745.175000	-77.076854
745.200000	-77.076427
745.225000	-77.076000
745.250000	-77.075573
745.275000	-77.075146
745.300000	-77.074719
745.325000	-77.074292
745.350000	-77.073866
745.375000	-77.073439
745.400000	-77.073012
745.425000	-77.072586
745.450000	-77.072159
745.475000	-77.071733
745.500000	-77.071306
745.525000	-77.070880
745.550000	-77.070454
745.575000	-77.070027
745.600000	-77.069601
745.625000	-77.069175
745.650000	-77.068749
745.675000	-77.068322
745.700000	-77.067896
745.725000	-77.067470
745.750000	-77.067044
745.775000	-77.066618
745.800000	-77.066192
745.825000	-77.065766
745.850000	-77.065341
745.875000	-77.064915
745.900000	-77.064489
745.925000	-77.064063
745.950000	-77.063638
745.975000	-77.063212
746.000000	-77.062786
746.025000	-77.062361
746.050000	-77.061935
746.075000	-77.061510
746.100000	-77.061085
746.125000	-77.060659
746.150000	-77.060234
746.175000	-77.059809
746.200000	-77.059383
746.225000	-77.058958
746.250000	-77.058533
746.275000	-77.058108
746.300000	-77.057683
746.325000	-77.057258
746.350000	-77.056833
746.375000	-77.056408
746.400000	-77.055983
746.425000	-77.055558
746.450000	-77.055134
746.475000	-77.054709
746.500000	-77.054284
746.525000	-77.053859
746.550000	-77.053435
746.575000	-77.053010
746.600000	-77.052586
746.625000	-77.052161
746.650000	-77.051737
746.675000	-77.051312
746.700000	-77.050888
746.725000	-77.050464
746.750000	-77.050039
746.775000	-77.049615
746.800000	-77.049191
746.825000	-77.048767
746.850000	-77.048343
746.875000	-77.047919
746.900000	-77.047495
746.925000	-77.047071
746.950000	-77.046647
746.975000	-77.046223
747.000000	-77.045799
747.025000	-77.045375
747.050000	-77.044952
747.075000	-77.044528
747.100000	-77.044104
747.125000	-77.043681
747.150000	-77.043257
747.175000	-77.042834
747.200000	-77.042410
747.225000	-77.041987
747.250000	-77.041563
747.275000	-77.041140
747.300000	-77.040717
747.325000	-77.040293
747.350000	-77.039870
747.375000	-77.039447
747.400000	-77.039024
747.425000	-77.038601
747.450000	-77.038178
747.475000	-77.037755
747.500000	-77.037332
747.525000	-77.036909
747.550000	-77.036486
747.575000	-77.036063
747.600000	-77.035640
747.625000	-77.035217
747.650000	-77.034795
747.675000	-77.034372
747.700000	-77.033949
747.725000	-77.033527
747.750000	-77.033104
747.775000	-77.032682
747.800000	-77.032259
747.825000	-77.031837
747.850000	-77.031415
747.875000	-77.030992
747.900000	-77.030570
747.925000	-77.030148
747.950000	-77.029726
747.975000	-77.029304
748.000000	-77.028881
748.025000	-77.028459
748.050000	-77.028037
748.075000	-77.027615
748.100000	-77.027193
748.125000	-77.026772
748.150000	-77.026350
748.175000	-77.025928
748.200000	-77.025506
748.225000	-77.025084
748.250000	-77.024663
748.275000	-77.024241
748.300000	-77.023820
748.325000	-77.023398
748.350000	-77.022977
748.375000	-77.022555
748.400000	-77.022134
748.425000	-77.021712
748.450000	-77.021291
748.475000	-77.020870
748.500000	-77.020449
748.525000	-77.020027
748.550000	-77.019606
748.575000	-77.019185
748.600000	-77.018764
748.625000	-77.018343
748.650000	-77.017922
748.675000	-77.017501
748.700000	-77.017080
748.725000	-77.016659
748.750000	-77.016239
748.775000	-77.015818
748.800000	-77.015397
748.825000	-77.014976
748.850000	-77.014556
748.875000	-77.014135
748.900000	-77.013715
748.925000	-77.013294
748.950000	-77.012874
748.975000	-77.012453
749.000000	-77.012033
749.025000	-77.011613
749.050000	-77.011192
749.075000	-77.010772
749.100000	-77.010352
749.125000	-77.009932
749.150000	-77.009512
749.175000	-77.009092
749.200000	-77.008672
749.225000	-77.008252
749.250000	-77.007832
749.275000	-77.007412
749.300000	-77.006992
749.325000	-77.006572
749.350000	-77.006152
749.375000	-77.005733
749.400000	-77.005313
749.425000	-77.004893
749.450000	-77.004474
749.475000	-77.004054
749.500000	-77.003635
749.525000	-77.003215
749.550000	-77.002796
749.575000	-77.002376
749.600000	-77.001957
749.625000	-77.001538
749.650000	-77.001118
749.675000	-77.000699
749.700000	-77.000280
749.725000	-76.999861
749.750000	-76.999442
749.775000	-76.999023
749.800000	-76.998604
749.825000	-76.998185
749.850000	-76.997766
749.875000	-76.997347
749.900000	-76.996928
749.925000	-76.996510
749.950000	-76.996091
749.975000	-76.995672
750.000000	-76.995253
750.025000	-76.994835
750.050000	-76.994416
750.075000	-76.993998
750.100000	-76.993579
750.125000	-76.993161
750.150000	-76.992742
750.175000	-76.992324
750.200000	-76.991906
750.225000	-76.991488
750.250000	-76.991069
750.275000	-76.990651
750.300000	-76.990233
750.325000	-76.989815
750.350000	-76.989397
750.375000	-76.988979
750.400000	-76.988561
750.425000	-76.988143
750.450000	-76.987725
750.475000	-76.987307
750.500000	-76.986889
750.525000	-76.986472
750.550000	-76.986054
750.575000	-76.985636
750.600000	-76.985219
750.625000	-76.984801
750.650000	-76.984384
750.675000	-76.983966
750.700000	-76.983549
750.725000	-76.983131
750.750000	-76.982714
750.775000	-76.982297
750.800000	-76.981879
750.825000	-76.981462
750.850000	-76.981045
750.875000	-76.980628
750.900000	-76.980211
750.925000	-76.979794
750.950000	-76.979377
750.975000	-76.978960
751.000000	-76.978543
751.025000	-76.978126
751.050000	-76.977709
751.075000	-76.977292
751.100000	-76.976875
751.125000	-76.976459
751.150000	-76.976042
751.175000	-76.975625
751.200000	-76.975209
751.225000	-76.974792
751.250000	-76.974376
751.275000	-76.973959
751.300000	-76.973543
751.325000	-76.973126
751.350000	-76.972710
751.375000	-76.972294
751.400000	-76.971877
751.425000	-76.971461
751.450000	-76.971045
751.475000	-76.970629
751.500000	-76.970213
751.525000	-76.969797
751.550000	-76.969381
751.575000	-76.968965
751.600000	-76.968549
751.625000	-76.968133
751.650000	-76.967717
751.675000	-76.967301
751.700000	-76.966886
751.725000	-76.966470
751.750000	-76.966054
751.775000	-76.965639
751.800000	-76.965223
751.825000	-76.964808
751.850000	-76.964392
751.875000	-76.963977
751.900000	-76.963561
751.925000	-76.963146
751.950000	-76.962731
751.975000	-76.962315
752.000000	-76.961900
752.025000	-76.961485
752.050000	-76.961070
752.075000	-76.960655
752.100000	-76.960240
752.125000	-76.959825
752.150000	-76.959410
752.175000	-76.958995
752.200000	-76.958580
752.225000	-76.958165
752.250000	-76.957750
752.275000	-76.957335
752.300000	-76.956921
752.325000	-76.956506
752.350000	-76.956091
752.375000	-76.955677
752.400000	-76.955262
752.425000	-76.954848
752.450000	-76.954433
752.475000	-76.954019
752.500000	-76.953604
752.525000	-76.953190
752.550000	-76.952776
752.575000	-76.952362
752.600000	-76.951947
752.625000	-76.951533
752.650000	-76.951119
752.675000	-76.950705
752.700000	-76.950291
752.725000	-76.949877
752.750000	-76.949463
752.775000	-76.949049
752.800000	-76.948635
752.825000	-76.948221
752.850000	-76.947808
752.875000	-76.947394
752.900000	-76.946980
752.925000	-76.946566
752.950000	-76.946153
752.975000	-76.945739
753.000000	-76.945326
753.025000	-76.944912
753.050000	-76.944499
753.075000	-76.944085
753.100000	-76.943672
753.125000	-76.943259
753.150000	-76.942845
753.175000	-76.942432
753.200000	-76.942019
753.225000	-76.941606
753.250000	-76.941193
753.275000	-76.940780
753.300000	-76.940367
753.325000	-76.939954
753.350000	-76.939541
753.375000	-76.939128
753.400000	-76.938715
753.425000	-76.938302
753.450000	-76.937889
753.475000	-76.937477
753.500000	-76.937064
753.525000	-76.936651
753.550000	-76.936239
753.575000	-76.935826
753.600000	-76.935414
753.625000	-76.935001
753.650000	-76.934589
753.675000	-76.934176
753.700000	-76.933764
753.725000	-76.933352
753.750000	-76.932939
753.775000	-76.932527
753.800000	-76.932115
753.825000	-76.931703
753.850000	-76.931291
753.875000	-76.930879
753.900000	-76.930467
753.925000	-76.930055
753.950000	-76.929643
753.975000	-76.929231
754.000000	-76.928819
754.025000	-76.928407
754.050000	-76.927995
754.075000	-76.927584
754.100000	-76.927172
754.125000	-76.926760
754.150000	-76.926349
754.175000	-76.925937
754.200000	-76.925526
754.225000	-76.925114
754.250000	-76.924703
754.275000	-76.924292
754.300000	-76.923880
754.325000	-76.923469
754.350000	-76.923058
754.375000	-76.922646
754.400000	-76.922235
754.425000	-76.921824
754.450000	-76.921413
754.475000	-76.921002
754.500000	-76.920591
754.525000	-76.920180
754.550000	-76.919769
754.575000	-76.919358
754.600000	-76.918947
754.625000	-76.918537
754.650000	-76.918126
754.675000	-76.917715
754.700000	-76.917305
754.725000	-76.916894
754.750000	-76.916483
754.775000	-76.916073
754.800000	-76.915662
754.825000	-76.915252
754.850000	-76.914841
754.875000	-76.914431
754.900000	-76.914021
754.925000	-76.913610
754.950000	-76.913200
754.975000	-76.912790
755.000000	-76.912380
755.025000	-76.911970
755.050000	-76.911560
755.075000	-76.911150
755.100000	-76.910740
755.125000	-76.910330
755.150000	-76.909920
755.175000	-76.909510
755.200000	-76.909100
755.225000	-76.908690
755.250000	-76.908281
755.275000	-76.907871
755.300000	-76.907461
755.325000	-76.907052
755.350000	-76.906642
755.375000	-76.906233
755.400000	-76.905823
755.425000	-76.905414
755.450000	-76.905004
755.475000	-76.904595
755.500000	-76.904185
755.525000	-76.903776
755.550000	-76.903367
755.575000	-76.902958
755.600000	-76.902549
755.625000	-76.902140
755.650000	-76.901730
755.675000	-76.901321
755.700000	-76.900912
755.725000	-76.900503
755.750000	-76.900095
755.775000	-76.899686
755.800000	-76.899277
755.825000	-76.898868
755.850000	-76.898459
755.875000	-76.898051
755.900000	-76.897642
755.925000	-76.897233
755.950000	-76.896825
755.975000	-76.896416
756.000000	-76.896008
756.025000	-76.895599
756.050000	-76.895191
756.075000	-76.894783
756.100000	-76.894374
756.125000	-76.893966
756.150000	-76.893558
756.175000	-76.893150
756.200000	-76.892742
756.225000	-76.892333
756.250000	-76.891925
756.275000	-76.891517
756.300000	-76.891109
756.325000	-76.890701
756.350000	-76.890293
756.375000	-76.889886
756.400000	-76.889478
756.425000	-76.889070
756.450000	-76.888662
756.475000	-76.888255
756.500000	-76.887847
756.525000	-76.887439
756.550000	-76.887032
756.575000	-76.886624
756.600000	-76.886217
756.625000	-76.885809
756.650000	-76.885402
756.675000	-76.884995
756.700000	-76.884587
756.725000	-76.884180
756.750000	-76.883773
756.775000	-76.883366
756.800000	-76.882958
756.825000	-76.882551
756.850000	-76.882144
756.875000	-76.881737
756.900000	-76.881330
756.925000	-76.880923
756.950000	-76.880516
756.975000	-76.880110
757.000000	-76.879703
757.025000	-76.879296
757.050000	-76.878889
757.075000	-76.878483
757.100000	-76.878076
757.125000	-76.877669
757.150000	-76.877263
757.175000	-76.876856
757.200000	-76.876450
757.225000	-76.876043
757.250000	-76.875637
757.275000	-76.875231
757.300000	-76.874824
757.325000	-76.874418
757.350000	-76.874012
757.375000	-76.873606
757.400000	-76.873199
757.425000	-76.872793
757.450000	-76.872387
757.475000	-76.871981
757.500000	-76.871575
757.525000	-76.871169
757.550000	-76.870763
757.575000	-76.870357
757.600000	-76.869952
757.625000	-76.869546
757.650000	-76.869140
757.675000	-76.868734
757.700000	-76.868329
757.725000	-76.867923
757.750000	-76.867518
757.775000	-76.867112
757.800000	-76.866707
757.825000	-76.866301
757.850000	-76.865896
757.875000	-76.865490
757.900000	-76.865085
757.925000	-76.864680
757.950000	-76.864275
757.975000	-76.863869
758.000000	-76.863464
758.025000	-76.863059
758.050000	-76.862654
758.075000	-76.862249
758.100000	-76.861844
758.125000	-76.861439
758.150000	-76.861034
758.175000	-76.860629
758.200000	-76.860225
758.225000	-76.859820
758.250000	-76.859415
758.275000	-76.859010
758.300000	-76.858606
758.325000	-76.858201
758.350000	-76.857796
758.375000	-76.857392
758.400000	-76.856987
758.425000	-76.856583
758.450000	-76.856179
758.475000	-76.855774
758.500000	-76.855370
758.525000	-76.854966
758.550000	-76.854561
758.575000	-76.854157
758.600000	-76.853753
758.625000	-76.853349
758.650000	-76.852945
758.675000	-76.852541
758.700000	-76.852137
758.725000	-76.851733
758.750000	-76.851329
758.775000	-76.850925
758.800000	-76.850521
758.825000	-76.850117
758.850000	-76.849714
758.875000	-76.849310
758.900000	-76.848906
758.925000	-76.848503
758.950000	-76.848099
758.975000	-76.847696
759.000000	-76.847292
759.025000	-76.846889
759.050000	-76.846485
759.075000	-76.846082
759.100000	-76.845678
759.125000	-76.845275
759.150000	-76.844872
759.175000	-76.844469
759.200000	-76.844066
759.225000	-76.843662
759.250000	-76.843259
759.275000	-76.842856
759.300000	-76.842453
759.325000	-76.842050
759.350000	-76.841647
759.375000	-76.841244
759.400000	-76.840842
759.425000	-76.840439
759.450000	-76.840036
759.475000	-76.839633
759.500000	-76.839231
759.525000	-76.838828
759.550000	-76.838425
759.575000	-76.838023
759.600000	-76.837620
759.625000	-76.837218
759.650000	-76.836816
759.675000	-76.836413
759.700000	-76.836011
759.725000	-76.835608
759.750000	-76.835206
759.775000	-76.834804
759.800000	-76.834402
759.825000	-76.834000
759.850000	-76.833598
759.875000	-76.833196
759.900000	-76.832794
759.925000	-76.832392
759.950000	-76.831990
759.975000	-76.831588
760.000000	-76.831186
760.025000	-76.830784
760.050000	-76.830382
760.075000	-76.829981
760.100000	-76.829579
760.125000	-76.829177
760.150000	-76.828776
760.175000	-76.828374
760.200000	-76.827973
760.225000	-76.827571
760.250000	-76.827170
760.275000	-76.826768
760.300000	-76.826367
760.325000	-76.825966
760.350000	-76.825564
760.375000	-76.825163
760.400000	-76.824762
760.425000	-76.824361
760.450000	-76.823960
760.475000	-76.823558
760.500000	-76.823157
760.525000	-76.822756
760.550000	-76.822355
760.575000	-76.821955
760.600000	-76.821554
760.625000	-76.821153
760.650000	-76.820752
760.675000	-76.820351
760.700000	-76.819951
760.725000	-76.819550
760.750000	-76.819149
760.775000	-76.818749
760.800000	-76.818348
760.825000	-76.817948
760.850000	-76.817547
760.875000	-76.817147
760.900000	-76.816746
760.925000	-76.816346
760.950000	-76.815946
760.975000	-76.815546
761.000000	-76.815145
761.025000	-76.814745
761.050000	-76.814345
761.075000	-76.813945
761.100000	-76.813545
761.125000	-76.813145
761.150000	-76.812745
761.175000	-76.812345
761.200000	-76.811945
761.225000	-76.811545
761.250000	-76.811146
761.275000	-76.810746
761.300000	-76.810346
761.325000	-76.809946
761.350000	-76.809547
761.375000	-76.809147
761.400000	-76.808748
761.425000	-76.808348
761.450000	-76.807949
761.475000	-76.807549
761.500000	-76.807150
761.525000	-76.806750
761.550000	-76.806351
761.575000	-76.805952
761.600000	-76.805553
761.625000	-76.805153
761.650000	-76.804754
761.675000	-76.804355
761.700000	-76.803956
761.725000	-76.803557
761.750000	-76.803158
761.775000	-76.802759
761.800000	-76.802360
761.825000	-76.801961
761.850000	-76.801562
761.875000	-76.801164
761.900000	-76.800765
761.925000	-76.800366
761.950000	-76.799968
761.975000	-76.799569
762.000000	-76.799170
762.025000	-76.798772
762.050000	-76.798373
762.075000	-76.797975
762.100000	-76.797576
762.125000	-76.797178
762.150000	-76.796780
762.175000	-76.796381
762.200000	-76.795983
762.225000	-76.795585
762.250000	-76.795187
762.275000	-76.794789
762.300000	-76.794391
762.325000	-76.793993
762.350000	-76.793595
762.375000	-76.793197
762.400000	-76.792799
762.425000	-76.792401
762.450000	-76.792003
762.475000	-76.791605
762.500000	-76.791207
762.525000	-76.790810
762.550000	-76.790412
762.575000	-76.790014
762.600000	-76.789617
762.625000	-76.789219
762.650000	-76.788822
762.675000	-76.788424
762.700000	-76.788027
762.725000	-76.787629
762.750000	-76.787232
762.775000	-76.786835
762.800000	-76.786437
762.825000	-76.786040
762.850000	-76.785643
762.875000	-76.785246
762.900000	-76.784849
762.925000	-76.784452
762.950000	-76.784055
762.975000	-76.783658
763.000000	-76.783261
763.025000	-76.782864
763.050000	-76.782467
763.075000	-76.782070
763.100000	-76.781673
763.125000	-76.781276
763.150000	-76.780880
763.175000	-76.780483
763.200000	-76.780086
763.225000	-76.779690
763.250000	-76.779293
763.275000	-76.778897
763.300000	-76.778500
763.325000	-76.778104
763.350000	-76.777707
763.375000	-76.777311
763.400000	-76.776915
763.425000	-76.776519
763.450000	-76.776122
763.475000	-76.775726
763.500000	-76.775330
763.525000	-76.774934
763.550000	-76.774538
763.575000	-76.774142
763.600000	-76.773746
763.625000	-76.773350
763.650000	-76.772954
763.675000	-76.772558
763.700000	-76.772162
763.725000	-76.771767
763.750000	-76.771371
763.775000	-76.770975
763.800000	-76.770579
763.825000	-76.770184
763.850000	-76.769788
763.875000	-76.769393
763.900000	-76.768997
763.925000	-76.768602
763.950000	-76.768206
763.975000	-76.767811
764.000000	-76.767416
764.025000	-76.767020
764.050000	-76.766625
764.075000	-76.766230
764.100000	-76.765835
764.125000	-76.765440
764.150000	-76.765044
764.175000	-76.764649
764.200000	-76.764254
764.225000	-76.763859
764.250000	-76.763464
764.275000	-76.763070
764.300000	-76.762675
764.325000	-76.762280
764.350000	-76.761885
764.375000	-76.761490
764.400000	-76.761096
764.425000	-76.760701
764.450000	-76.760306
764.475000	-76.759912
764.500000	-76.759517
764.525000	-76.759123
764.550000	-76.758728
764.575000	-76.758334
764.600000	-76.757940
764.625000	-76.757545
764.650000	-76.757151
764.675000	-76.756757
764.700000	-76.756363
764.725000	-76.755968
764.750000	-76.755574
764.775000	-76.755180
764.800000	-76.754786
764.825000	-76.754392
764.850000	-76.753998
764.875000	-76.753604
764.900000	-76.753210
764.925000	-76.752817
764.950000	-76.752423
764.975000	-76.752029
765.000000	-76.751635
765.025000	-76.751242
765.050000	-76.750848
765.075000	-76.750454
765.100000	-76.750061
765.125000	-76.749667
765.150000	-76.749274
765.175000	-76.748880
765.200000	-76.748487
765.225000	-76.748094
765.250000	-76.747700
765.275000	-76.747307
765.300000	-76.746914
765.325000	-76.746521
765.350000	-76.746127
765.375000	-76.745734
765.400000	-76.745341
765.425000	-76.744948
765.450000	-76.744555
765.475000	-76.744162
765.500000	-76.743769
765.525000	-76.743376
765.550000	-76.742984
765.575000	-76.742591
765.600000	-76.742198
765.625000	-76.741805
765.650000	-76.741413
765.675000	-76.741020
765.700000	-76.740627
765.725000	-76.740235
765.750000	-76.739842
765.775000	-76.739450
765.800000	-76.739057
765.825000	-76.738665
765.850000	-76.738273
765.875000	-76.737880
765.900000	-76.737488
765.925000	-76.737096
765.950000	-76.736704
765.975000	-76.736311
766.000000	-76.735919
766.025000	-76.735527
766.050000	-76.735135
766.075000	-76.734743
766.100000	-76.734351
766.125000	-76.733959
766.150000	-76.733567
766.175000	-76.733176
766.200000	-76.732784
766.225000	-76.732392
766.250000	-76.732000
766.275000	-76.731609
766.300000	-76.731217
766.325000	-76.730825
766.350000	-76.730434
766.375000	-76.730042
766.400000	-76.729651
766.425000	-76.729259
766.450000	-76.728868
766.475000	-76.728477
766.500000	-76.728085
766.525000	-76.727694
766.550000	-76.727303
766.575000	-76.726912
766.600000	-76.726520
766.625000	-76.726129
766.650000	-76.725738
766.675000	-76.725347
766.700000	-76.724956
766.725000	-76.724565
766.750000	-76.724174
766.775000	-76.723783
766.800000	-76.723393
766.825000	-76.723002
766.850000	-76.722611
766.875000	-76.722220
766.900000	-76.721830
766.925000	-76.721439
766.950000	-76.721048
766.975000	-76.720658
767.000000	-76.720267
767.025000	-76.719877
767.050000	-76.719486
767.075000	-76.719096
767.100000	-76.718706
767.125000	-76.718315
767.150000	-76.717925
767.175000	-76.717535
767.200000	-76.717145
767.225000	-76.716754
767.250000	-76.716364
767.275000	-76.715974
767.300000	-76.715584
767.325000	-76.715194
767.350000	-76.714804
767.375000	-76.714414
767.400000	-76.714024
767.425000	-76.713635
767.450000	-76.713245
767.475000	-76.712855
767.500000	-76.712465
767.525000	-76.712076
767.550000	-76.711686
767.575000	-76.711296
767.600000	-76.710907
767.625000	-76.710517
767.650000	-76.710128
767.675000	-76.709738
767.700000	-76.709349
767.725000	-76.708960
767.750000	-76.708570
767.775000	-76.708181
767.800000	-76.707792
767.825000	-76.707402
767.850000	-76.707013
767.875000	-76.706624
767.900000	-76.706235
767.925000	-76.705846
767.950000	-76.705457
767.975000	-76.705068
768.000000	-76.704679
768.025000	-76.704290
768.050000	-76.703901
768.075000	-76.703513
768.100000	-76.703124
768.125000	-76.702735
768.150000	-76.702346
768.175000	-76.701958
768.200000	-76.701569
768.225000	-76.701181
768.250000	-76.700792
768.275000	-76.700403
768.300000	-76.700015
768.325000	-76.699627
768.350000	-76.699238
768.375000	-76.698850
768.400000	-76.698462
768.425000	-76.698073
768.450000	-76.697685
768.475000	-76.697297
768.500000	-76.696909
768.525000	-76.696521
768.550000	-76.696133
768.575000	-76.695745
768.600000	-76.695357
768.625000	-76.694969
768.650000	-76.694581
768.675000	-76.694193
768.700000	-76.693805
768.725000	-76.693417
768.750000	-76.693030
768.775000	-76.692642
768.800000	-76.692254
768.825000	-76.691867
768.850000	-76.691479
768.875000	-76.691092
768.900000	-76.690704
768.925000	-76.690317
768.950000	-76.689929
768.975000	-76.689542
769.000000	-76.689154
769.025000	-76.688767
769.050000	-76.688380
769.075000	-76.687993
769.100000	-76.687605
769.125000	-76.687218
769.150000	-76.686831
769.175000	-76.686444
769.200000	-76.686057
769.225000	-76.685670
769.250000	-76.685283
769.275000	-76.684896
769.300000	-76.684509
769.325000	-76.684122
769.350000	-76.683736
769.375000	-76.683349
769.400000	-76.682962
769.425000	-76.682576
769.450000	-76.682189
769.475000	-76.681802
769.500000	-76.681416
769.525000	-76.681029
769.550000	-76.680643
769.575000	-76.680256
769.600000	-76.679870
769.625000	-76.679484
769.650000	-76.679097
769.675000	-76.678711
769.700000	-76.678325
769.725000	-76.677939
769.750000	-76.677552
769.775000	-76.677166
769.800000	-76.676780
769.825000	-76.676394
769.850000	-76.676008
769.875000	-76.675622
769.900000	-76.675236
769.925000	-76.674850
769.950000	-76.674464
769.975000	-76.674079
770.000000	-76.673693
770.025000	-76.673307
770.050000	-76.672922
770.075000	-76.672536
770.100000	-76.672150
770.125000	-76.671765
770.150000	-76.671379
770.175000	-76.670994
770.200000	-76.670608
770.225000	-76.670223
770.250000	-76.669837
770.275000	-76.669452
770.300000	-76.669067
770.325000	-76.668682
770.350000	-76.668296
770.375000	-76.667911
770.400000	-76.667526
770.425000	-76.667141
770.450000	-76.666756
770.475000	-76.666371
770.500000	-76.665986
770.525000	-76.665601
770.550000	-76.665216
770.575000	-76.664831
770.600000	-76.664446
770.625000	-76.664061
770.650000	-76.663677
770.675000	-76.663292
770.700000	-76.662907
770.725000	-76.662523
770.750000	-76.662138
770.775000	-76.661754
770.800000	-76.661369
770.825000	-76.660985
770.850000	-76.660600
770.875000	-76.660216
770.900000	-76.659831
770.925000	-76.659447
770.950000	-76.659063
770.975000	-76.658679
771.000000	-76.658294
771.025000	-76.657910
771.050000	-76.657526
771.075000	-76.657142
771.100000	-76.656758
771.125000	-76.656374
771.150000	-76.655990
771.175000	-76.655606
771.200000	-76.655222
771.225000	-76.654838
771.250000	-76.654455
771.275000	-76.654071
771.300000	-76.653687
771.325000	-76.653303
771.350000	-76.652920
771.375000	-76.652536
771.400000	-76.652153
771.425000	-76.651769
771.450000	-76.651386
771.475000	-76.651002
771.500000	-76.650619
771.525000	-76.650235
771.550000	-76.649852
771.575000	-76.649469
771.600000	-76.649085
771.625000	-76.648702
771.650000	-76.648319
771.675000	-76.647936
771.700000	-76.647553
771.725000	-76.647170
771.750000	-76.646787
771.775000	-76.646404
771.800000	-76.646021
771.825000	-76.645638
771.850000	-76.645255
771.875000	-76.644872
771.900000	-76.644489
771.925000	-76.644107
771.950000	-76.643724
771.975000	-76.643341
772.000000	-76.642959
772.025000	-76.642576
772.050000	-76.642193
772.075000	-76.641811
772.100000	-76.641428
772.125000	-76.641046
772.150000	-76.640664
772.175000	-76.640281
772.200000	-76.639899
772.225000	-76.639517
772.250000	-76.639134
772.275000	-76.638752
772.300000	-76.638370
772.325000	-76.637988
772.350000	-76.637606
772.375000	-76.637224
772.400000	-76.636842
772.425000	-76.636460
772.450000	-76.636078
772.475000	-76.635696
772.500000	-76.635314
772.525000	-76.634932
772.550000	-76.634550
772.575000	-76.634169
772.600000	-76.633787
772.625000	-76.633405
772.650000	-76.633024
772.675000	-76.632642
772.700000	-76.632261
772.725000	-76.631879
772.750000	-76.631498
772.775000	-76.631116
772.800000	-76.630735
772.825000	-76.630353
772.850000	-76.629972
772.875000	-76.629591
772.900000	-76.629210
772.925000	-76.628828
772.950000	-76.628447
772.975000	-76.628066
773.000000	-76.627685
773.025000	-76.627304
773.050000	-76.626923
773.075000	-76.626542
773.100000	-76.626161
773.125000	-76.625780
773.150000	-76.625399
773.175000	-76.625019
773.200000	-76.624638
773.225000	-76.624257
773.250000	-76.623877
773.275000	-76.623496
773.300000	-76.623115
773.325000	-76.622735
773.350000	-76.622354
773.375000	-76.621974
773.400000	-76.621593
773.425000	-76.621213
773.450000	-76.620832
773.475000	-76.620452
773.500000	-76.620072
773.525000	-76.619691
773.550000	-76.619311
773.575000	-76.618931
773.600000	-76.618551
773.625000	-76.618171
773.650000	-76.617791
773.675000	-76.617411
773.700000	-76.617031
773.725000	-76.616651
773.750000	-76.616271
773.775000	-76.615891
773.800000	-76.615511
773.825000	-76.615131
773.850000	-76.614752
773.875000	-76.614372
773.900000	-76.613992
773.925000	-76.613613
773.950000	-76.613233
773.975000	-76.612853
774.000000	-76.612474
774.025000	-76.612094
774.050000	-76.611715
774.075000	-76.611336
774.100000	-76.610956
774.125000	-76.610577
774.150000	-76.610198
774.175000	-76.609818
774.200000	-76.609439
774.225000	-76.609060
774.250000	-76.608681
774.275000	-76.608302
774.300000	-76.607923
774.325000	-76.607544
774.350000	-76.607165
774.375000	-76.606786
774.400000	-76.606407
774.425000	-76.606028
774.450000	-76.605649
774.475000	-76.605270
774.500000	-76.604891
774.525000	-76.604513
774.550000	-76.604134
774.575000	-76.603755
774.600000	-76.603377
774.625000	-76.602998
774.650000	-76.602620
774.675000	-76.602241
774.700000	-76.601863
774.725000	-76.601484
774.750000	-76.601106
774.775000	-76.600728
774.800000	-76.600349
774.825000	-76.599971
774.850000	-76.599593
774.875000	-76.599215
774.900000	-76.598837
774.925000	-76.598459
774.950000	-76.598080
774.975000	-76.597702
775.000000	-76.597324
775.025000	-76.596947
775.050000	-76.596569
775.075000	-76.596191
775.100000	-76.595813
775.125000	-76.595435
775.150000	-76.595057
775.175000	-76.594680
775.200000	-76.594302
775.225000	-76.593924
775.250000	-76.593547
775.275000	-76.593169
775.300000	-76.592792
775.325000	-76.592414
775.350000	-76.592037
775.375000	-76.591659
775.400000	-76.591282
775.425000	-76.590905
775.450000	-76.590527
775.475000	-76.590150
775.500000	-76.589773
775.525000	-76.589396
775.550000	-76.589019
775.575000	-76.588641
775.600000	-76.588264
775.625000	-76.587887
775.650000	-76.587510
775.675000	-76.587133
775.700000	-76.586757
775.725000	-76.586380
775.750000	-76.586003
775.775000	-76.585626
775.800000	-76.585249
775.825000	-76.584873
775.850000	-76.584496
775.875000	-76.584119
775.900000	-76.583743
775.925000	-76.583366
775.950000	-76.582990
775.975000	-76.582613
776.000000	-76.582237
776.025000	-76.581860
776.050000	-76.581484
776.075000	-76.581108
776.100000	-76.580731
776.125000	-76.580355
776.150000	-76.579979
776.175000	-76.579603
776.200000	-76.579226
776.225000	-76.578850
776.250000	-76.578474
776.275000	-76.578098
776.300000	-76.577722
776.325000	-76.577346
776.350000	-76.576970
776.375000	-76.576595
776.400000	-76.576219
776.425000	-76.575843
776.450000	-76.575467
776.475000	-76.575091
776.500000	-76.574716
776.525000	-76.574340
776.550000	-76.573965
776.575000	-76.573589
776.600000	-76.573213
776.625000	-76.572838
776.650000	-76.572463
776.675000	-76.572087
776.700000	-76.571712
776.725000	-76.571336
776.750000	-76.570961
776.775000	-76.570586
776.800000	-76.570211
776.825000	-76.569835
776.850000	-76.569460
776.875000	-76.569085
776.900000	-76.568710
776.925000	-76.568335
776.950000	-76.567960
776.975000	-76.567585
777.000000	-76.567210
777.025000	-76.566835
777.050000	-76.566461
777.075000	-76.566086
777.100000	-76.565711
777.125000	-76.565336
777.150000	-76.564962
777.175000	-76.564587
777.200000	-76.564212
777.225000	-76.563838
777.250000	-76.563463
777.275000	-76.563089
777.300000	-76.562714
777.325000	-76.562340
777.350000	-76.561965
777.375000	-76.561591
777.400000	-76.561217
777.425000	-76.560843
777.450000	-76.560468
777.475000	-76.560094
777.500000	-76.559720
777.525000	-76.559346
777.550000	-76.558972
777.575000	-76.558598
777.600000	-76.558224
777.625000	-76.557850
777.650000	-76.557476
777.675000	-76.557102
777.700000	-76.556728
777.725000	-76.556354
777.750000	-76.555981
777.775000	-76.555607
777.800000	-76.555233
777.825000	-76.554859
777.850000	-76.554486
777.875000	-76.554112
777.900000	-76.553739
777.925000	-76.553365
777.950000	-76.552992
777.975000	-76.552618
778.000000	-76.552245
778.025000	-76.551872
778.050000	-76.551498
778.075000	-76.551125
778.100000	-76.550752
778.125000	-76.550378
778.150000	-76.550005
778.175000	-76.549632
778.200000	-76.549259
778.225000	-76.548886
778.250000	-76.548513
778.275000	-76.548140
778.300000	-76.547767
778.325000	-76.547394
778.350000	-76.547021
778.375000	-76.546649
778.400000	-76.546276
778.425000	-76.545903
778.450000	-76.545530
778.475000	-76.545158
778.500000	-76.544785
778.525000	-76.544412
778.550000	-76.544040
778.575000	-76.543667
778.600000	-76.543295
778.625000	-76.542922
778.650000	-76.542550
778.675000	-76.542178
778.700000	-76.541805
778.725000	-76.541433
778.750000	-76.541061
778.775000	-76.540689
778.800000	-76.540316
778.825000	-76.539944
778.850000	-76.539572
778.875000	-76.539200
778.900000	-76.538828
778.925000	-76.538456
778.950000	-76.538084
778.975000	-76.537712
779.000000	-76.537340
779.025000	-76.536969
779.050000	-76.536597
779.075000	-76.536225
779.100000	-76.535853
779.125000	-76.535482
779.150000	-76.535110
779.175000	-76.534738
779.200000	-76.534367
779.225000	-76.533995
779.250000	-76.533624
779.275000	-76.533252
779.300000	-76.532881
779.325000	-76.532509
779.350000	-76.532138
779.375000	-76.531767
779.400000	-76.531396
779.425000	-76.531024
779.450000	-76.530653
779.475000	-76.530282
779.500000	-76.529911
779.525000	-76.529540
779.550000	-76.529169
779.575000	-76.528798
779.600000	-76.528427
779.625000	-76.528056
779.650000	-76.527685
779.675000	-76.527314
779.700000	-76.526943
779.725000	-76.526572
779.750000	-76.526202
779.775000	-76.525831
779.800000	-76.525460
779.825000	-76.525090
779.850000	-76.524719
779.875000	-76.524349
779.900000	-76.523978
779.925000	-76.523608
779.950000	-76.523237
779.975000	-76.522867
780.000000	-76.522496
780.025000	-76.522126
780.050000	-76.521756
780.075000	-76.521386
780.100000	-76.521015
780.125000	-76.520645
780.150000	-76.520275
780.175000	-76.519905
780.200000	-76.519535
780.225000	-76.519165
780.250000	-76.518795
780.275000	-76.518425
780.300000	-76.518055
780.325000	-76.517685
780.350000	-76.517315
780.375000	-76.516945
780.400000	-76.516576
780.425000	-76.516206
780.450000	-76.515836
780.475000	-76.515467
780.500000	-76.515097
780.525000	-76.514727
780.550000	-76.514358
780.575000	-76.513988
780.600000	-76.513619
780.625000	-76.513250
780.650000	-76.512880
780.675000	-76.512511
780.700000	-76.512142
780.725000	-76.511772
780.750000	-76.511403
780.775000	-76.511034
780.800000	-76.510665
780.825000	-76.510296
780.850000	-76.509926
780.875000	-76.509557
780.900000	-76.509188
780.925000	-76.508819
780.950000	-76.508450
780.975000	-76.508082
781.000000	-76.507713
781.025000	-76.507344
781.050000	-76.506975
781.075000	-76.506606
781.100000	-76.506238
781.125000	-76.505869
781.150000	-76.505500
781.175000	-76.505132
781.200000	-76.504763
781.225000	-76.504395
781.250000	-76.504026
781.275000	-76.503658
781.300000	-76.503289
781.325000	-76.502921
781.350000	-76.502553
781.375000	-76.502184
781.400000	-76.501816
781.425000	-76.501448
781.450000	-76.501080
781.475000	-76.500712
781.500000	-76.500343
781.525000	-76.499975
781.550000	-76.499607
781.575000	-76.499239
781.600000	-76.498871
781.625000	-76.498503
781.650000	-76.498136
781.675000	-76.497768
781.700000	-76.497400
781.725000	-76.497032
781.750000	-76.496664
781.775000	-76.496297
781.800000	-76.495929
781.825000	-76.495561
781.850000	-76.495194
781.875000	-76.494826
781.900000	-76.494459
781.925000	-76.494091
781.950000	-76.493724
781.975000	-76.493356
782.000000	-76.492989
782.025000	-76.492622
782.050000	-76.492255
782.075000	-76.491887
782.100000	-76.491520
782.125000	-76.491153
782.150000	-76.490786
782.175000	-76.490419
782.200000	-76.490052
782.225000	-76.489685
782.250000	-76.489318
782.275000	-76.488951
782.300000	-76.488584
782.325000	-76.488217
782.350000	-76.487850
782.375000	-76.487483
782.400000	-76.487116
782.425000	-76.486750
782.450000	-76.486383
782.475000	-76.486016
782.500000	-76.485650
782.525000	-76.485283
782.550000	-76.484917
782.575000	-76.484550
782.600000	-76.484184
782.625000	-76.483817
782.650000	-76.483451
782.675000	-76.483085
782.700000	-76.482718
782.725000	-76.482352
782.750000	-76.481986
782.775000	-76.481619
782.800000	-76.481253
782.825000	-76.480887
782.850000	-76.480521
782.875000	-76.480155
782.900000	-76.479789
782.925000	-76.479423
782.950000	-76.479057
782.975000	-76.478691
783.000000	-76.478325
783.025000	-76.477959
783.050000	-76.477594
783.075000	-76.477228
783.100000	-76.476862
783.125000	-76.476497
783.150000	-76.476131
783.175000	-76.475765
783.200000	-76.475400
783.225000	-76.475034
783.250000	-76.474669
783.275000	-76.474303
783.300000	-76.473938
783.325000	-76.473572
783.350000	-76.473207
783.375000	-76.472842
783.400000	-76.472476
783.425000	-76.472111
783.450000	-76.471746
783.475000	-76.471381
783.500000	-76.471016
783.525000	-76.470651
783.550000	-76.470286
783.575000	-76.469921
783.600000	-76.469556
783.625000	-76.469191
783.650000	-76.468826
783.675000	-76.468461
783.700000	-76.468096
783.725000	-76.467731
783.750000	-76.467367
783.775000	-76.467002
783.800000	-76.466637
783.825000	-76.466273
783.850000	-76.465908
783.875000	-76.465543
783.900000	-76.465179
783.925000	-76.464814
783.950000	-76.464450
783.975000	-76.464085
784.000000	-76.463721
784.025000	-76.463357
784.050000	-76.462992
784.075000	-76.462628
784.100000	-76.462264
784.125000	-76.461900
784.150000	-76.461536
784.175000	-76.461171
784.200000	-76.460807
784.225000	-76.460443
784.250000	-76.460079
784.275000	-76.459715
784.300000	-76.459351
784.325000	-76.458987
784.350000	-76.458624
784.375000	-76.458260
784.400000	-76.457896
784.425000	-76.457532
784.450000	-76.457168
784.475000	-76.456805
784.500000	-76.456441
784.525000	-76.456078
784.550000	-76.455714
784.575000	-76.455350
784.600000	-76.454987
784.625000	-76.454623
784.650000	-76.454260
784.675000	-76.453897
784.700000	-76.453533
784.725000	-76.453170
784.750000	-76.452807
784.775000	-76.452444
784.800000	-76.452080
784.825000	-76.451717
784.850000	-76.451354
784.875000	-76.450991
784.900000	-76.450628
784.925000	-76.450265
784.950000	-76.449902
784.975000	-76.449539
785.000000	-76.449176
785.025000	-76.448813
785.050000	-76.448450
785.075000	-76.448088
785.100000	-76.447725
785.125000	-76.447362
785.150000	-76.446999
785.175000	-76.446637
785.200000	-76.446274
785.225000	-76.445912
785.250000	-76.445549
785.275000	-76.445187
785.300000	-76.444824
785.325000	-76.444462
785.350000	-76.444099
785.375000	-76.443737
785.400000	-76.443375
785.425000	-76.443012
785.450000	-76.442650
785.475000	-76.442288
785.500000	-76.441926
785.525000	-76.441564
785.550000	-76.441201
785.575000	-76.440839
785.600000	-76.440477
785.625000	-76.440115
785.650000	-76.439753
785.675000	-76.439392
785.700000	-76.439030
785.725000	-76.438668
785.750000	-76.438306
785.775000	-76.437944
785.800000	-76.437583
785.825000	-76.437221
785.850000	-76.436859
785.875000	-76.436498
785.900000	-76.436136
785.925000	-76.435775
785.950000	-76.435413
785.975000	-76.435052
786.000000	-76.434690
786.025000	-76.434329
786.050000	-76.433967
786.075000	-76.433606
786.100000	-76.433245
786.125000	-76.432883
786.150000	-76.432522
786.175000	-76.432161
786.200000	-76.431800
786.225000	-76.431439
786.250000	-76.431078
786.275000	-76.430717
786.300000	-76.430356
786.325000	-76.429995
786.350000	-76.429634
786.375000	-76.429273
786.400000	-76.428912
786.425000	-76.428551
786.450000	-76.428191
786.475000	-76.427830
786.500000	-76.427469
786.525000	-76.427109
786.550000	-76.426748
786.575000	-76.426387
786.600000	-76.426027
786.625000	-76.425666
786.650000	-76.425306
786.675000	-76.424945
786.700000	-76.424585
786.725000	-76.424225
786.750000	-76.423864
786.775000	-76.423504
786.800000	-76.423144
786.825000	-76.422783
786.850000	-76.422423
786.875000	-76.422063
786.900000	-76.421703
786.925000	-76.421343
786.950000	-76.420983
786.975000	-76.420623
787.000000	-76.420263
787.025000	-76.419903
787.050000	-76.419543
787.075000	-76.419183
787.100000	-76.418823
787.125000	-76.418464
787.150000	-76.418104
787.175000	-76.417744
787.200000	-76.417385
787.225000	-76.417025
787.250000	-76.416665
787.275000	-76.416306
787.300000	-76.415946
787.325000	-76.415587
787.350000	-76.415227
787.375000	-76.414868
787.400000	-76.414508
787.425000	-76.414149
787.450000	-76.413790
787.475000	-76.413431
787.500000	-76.413071
787.525000	-76.412712
787.550000	-76.412353
787.575000	-76.411994
787.600000	-76.411635
787.625000	-76.411276
787.650000	-76.410917
787.675000	-76.410558
787.700000	-76.410199
787.725000	-76.409840
787.750000	-76.409481
787.775000	-76.409122
787.800000	-76.408763
787.825000	-76.408405
787.850000	-76.408046
787.875000	-76.407687
787.900000	-76.407328
787.925000	-76.406970
787.950000	-76.406611
787.975000	-76.406253
788.000000	-76.405894
788.025000	-76.405536
788.050000	-76.405177
788.075000	-76.404819
788.100000	-76.404461
788.125000	-76.404102
788.150000	-76.403744
788.175000	-76.403386
788.200000	-76.403028
788.225000	-76.402669
788.250000	-76.402311
788.275000	-76.401953
788.300000	-76.401595
788.325000	-76.401237
788.350000	-76.400879
788.375000	-76.400521
788.400000	-76.400163
788.425000	-76.399805
788.450000	-76.399447
788.475000	-76.399090
788.500000	-76.398732
788.525000	-76.398374
788.550000	-76.398016
788.575000	-76.397659
788.600000	-76.397301
788.625000	-76.396943
788.650000	-76.396586
788.675000	-76.396228
788.700000	-76.395871
788.725000	-76.395513
788.750000	-76.395156
788.775000	-76.394799
788.800000	-76.394441
788.825000	-76.394084
788.850000	-76.393727
788.875000	-76.393370
788.900000	-76.393012
788.925000	-76.392655
788.950000	-76.392298
788.975000	-76.391941
789.000000	-76.391584
789.025000	-76.391227
789.050000	-76.390870
789.075000	-76.390513
789.100000	-76.390156
789.125000	-76.389799
789.150000	-76.389442
789.175000	-76.389086
789.200000	-76.388729
789.225000	-76.388372
789.250000	-76.388015
789.275000	-76.387659
789.300000	-76.387302
789.325000	-76.386946
789.350000	-76.386589
789.375000	-76.386232
789.400000	-76.385876
789.425000	-76.385520
789.450000	-76.385163
789.475000	-76.384807
789.500000	-76.384450
789.525000	-76.384094
789.550000	-76.383738
789.575000	-76.383382
789.600000	-76.383026
789.625000	-76.382669
789.650000	-76.382313
789.675000	-76.381957
789.700000	-76.381601
789.725000	-76.381245
789.750000	-76.380889
789.775000	-76.380533
789.800000	-76.380177
789.825000	-76.379822
789.850000	-76.379466
789.875000	-76.379110
789.900000	-76.378754
789.925000	-76.378398
789.950000	-76.378043
789.975000	-76.377687
790.000000	-76.377332
790.025000	-76.376976
790.050000	-76.376620
790.075000	-76.376265
790.100000	-76.375909
790.125000	-76.375554
790.150000	-76.375199
790.175000	-76.374843
790.200000	-76.374488
790.225000	-76.374133
790.250000	-76.373778
790.275000	-76.373422
790.300000	-76.373067
790.325000	-76.372712
790.350000	-76.372357
790.375000	-76.372002
790.400000	-76.371647
790.425000	-76.371292
790.450000	-76.370937
790.475000	-76.370582
790.500000	-76.370227
790.525000	-76.369872
790.550000	-76.369517
790.575000	-76.369163
790.600000	-76.368808
790.625000	-76.368453
790.650000	-76.368099
790.675000	-76.367744
790.700000	-76.367389
790.725000	-76.367035
790.750000	-76.366680
790.775000	-76.366326
790.800000	-76.365971
790.825000	-76.365617
790.850000	-76.365263
790.875000	-76.364908
790.900000	-76.364554
790.925000	-76.364200
790.950000	-76.363845
790.975000	-76.363491
791.000000	-76.363137
791.025000	-76.362783
791.050000	-76.362429
791.075000	-76.362075
791.100000	-76.361721
791.125000	-76.361367
791.150000	-76.361013
791.175000	-76.360659
791.200000	-76.360305
791.225000	-76.359951
791.250000	-76.359597
791.275000	-76.359244
791.300000	-76.358890
791.325000	-76.358536
791.350000	-76.358183
791.375000	-76.357829
791.400000	-76.357475
791.425000	-76.357122
791.450000	-76.356768
791.475000	-76.356415
791.500000	-76.356061
791.525000	-76.355708
791.550000	-76.355355
791.575000	-76.355001
791.600000	-76.354648
791.625000	-76.354295
791.650000	-76.353941
791.675000	-76.353588
791.700000	-76.353235
791.725000	-76.352882
791.750000	-76.352529
791.775000	-76.352176
791.800000	-76.351823
791.825000	-76.351470
791.850000	-76.351117
791.875000	-76.350764
791.900000	-76.350411
791.925000	-76.350058
791.950000	-76.349705
791.975000	-76.349353
792.000000	-76.349000
792.025000	-76.348647
792.050000	-76.348295
792.075000	-76.347942
792.100000	-76.347589
792.125000	-76.347237
792.150000	-76.346884
792.175000	-76.346532
792.200000	-76.346179
792.225000	-76.345827
792.250000	-76.345475
792.275000	-76.345122
792.300000	-76.344770
792.325000	-76.344418
792.350000	-76.344066
792.375000	-76.343713
792.400000	-76.343361
792.425000	-76.343009
792.450000	-76.342657
792.475000	-76.342305
792.500000	-76.341953
792.525000	-76.341601
792.550000	-76.341249
792.575000	-76.340897
792.600000	-76.340545
792.625000	-76.340193
792.650000	-76.339842
792.675000	-76.339490
792.700000	-76.339138
792.725000	-76.338786
792.750000	-76.338435
792.775000	-76.338083
792.800000	-76.337732
792.825000	-76.337380
792.850000	-76.337029
792.875000	-76.336677
792.900000	-76.336326
792.925000	-76.335974
792.950000	-76.335623
792.975000	-76.335272
793.000000	-76.334920
793.025000	-76.334569
793.050000	-76.334218
793.075000	-76.333867
793.100000	-76.333515
793.125000	-76.333164
793.150000	-76.332813
793.175000	-76.332462
793.200000	-76.332111
793.225000	-76.331760
793.250000	-76.331409
793.275000	-76.331058
793.300000	-76.330707
793.325000	-76.330357
793.350000	-76.330006
793.375000	-76.329655
793.400000	-76.329304
793.425000	-76.328954
793.450000	-76.328603
793.475000	-76.328252
793.500000	-76.327902
793.525000	-76.327551
793.550000	-76.327201
793.575000	-76.326850
793.600000	-76.326500
793.625000	-76.326149
793.650000	-76.325799
793.675000	-76.325449
793.700000	-76.325098
793.725000	-76.324748
793.750000	-76.324398
793.775000	-76.324048
793.800000	-76.323698
793.825000	-76.323347
793.850000	-76.322997
793.875000	-76.322647
793.900000	-76.322297
793.925000	-76.321947
793.950000	-76.321597
793.975000	-76.321247
794.000000	-76.320898
794.025000	-76.320548
794.050000	-76.320198
794.075000	-76.319848
794.100000	-76.319498
794.125000	-76.319149
794.150000	-76.318799
794.175000	-76.318449
794.200000	-76.318100
794.225000	-76.317750
794.250000	-76.317401
794.275000	-76.317051
794.300000	-76.316702
794.325000	-76.316352
794.350000	-76.316003
794.375000	-76.315654
794.400000	-76.315304
794.425000	-76.314955
794.450000	-76.314606
794.475000	-76.314257
794.500000	-76.313908
794.525000	-76.313558
794.550000	-76.313209
794.575000	-76.312860
794.600000	-76.312511
794.625000	-76.312162
794.650000	-76.311813
794.675000	-76.311464
794.700000	-76.311116
794.725000	-76.310767
794.750000	-76.310418
794.775000	-76.310069
794.800000	-76.309720
794.825000	-76.309372
794.850000	-76.309023
794.875000	-76.308674
794.900000	-76.308326
794.925000	-76.307977
794.950000	-76.307629
794.975000	-76.307280
795.000000	-76.306932
795.025000	-76.306583
795.050000	-76.306235
795.075000	-76.305887
795.100000	-76.305538
795.125000	-76.305190
795.150000	-76.304842
795.175000	-76.304494
795.200000	-76.304145
795.225000	-76.303797
795.250000	-76.303449
795.275000	-76.303101
795.300000	-76.302753
795.325000	-76.302405
795.350000	-76.302057
795.375000	-76.301709
795.400000	-76.301361
795.425000	-76.301013
795.450000	-76.300666
795.475000	-76.300318
795.500000	-76.299970
795.525000	-76.299622
795.550000	-76.299275
795.575000	-76.298927
795.600000	-76.298579
795.625000	-76.298232
795.650000	-76.297884
795.675000	-76.297537
795.700000	-76.297189
795.725000	-76.296842
795.750000	-76.296494
795.775000	-76.296147
795.800000	-76.295800
795.825000	-76.295453
795.850000	-76.295105
795.875000	-76.294758
795.900000	-76.294411
795.925000	-76.294064
795.950000	-76.293717
795.975000	-76.293370
796.000000	-76.293022
796.025000	-76.292675
796.050000	-76.292328
796.075000	-76.291982
796.100000	-76.291635
796.125000	-76.291288
796.150000	-76.290941
796.175000	-76.290594
796.200000	-76.290247
796.225000	-76.289901
796.250000	-76.289554
796.275000	-76.289207
796.300000	-76.288861
796.325000	-76.288514
796.350000	-76.288168
796.375000	-76.287821
796.400000	-76.287475
796.425000	-76.287128
796.450000	-76.286782
796.475000	-76.286435
796.500000	-76.286089
796.525000	-76.285743
796.550000	-76.285396
796.575000	-76.285050
796.600000	-76.284704
796.625000	-76.284358
796.650000	-76.284012
796.675000	-76.283666
796.700000	-76.283319
796.725000	-76.282973
796.750000	-76.282627
796.775000	-76.282282
796.800000	-76.281936
796.825000	-76.281590
796.850000	-76.281244
796.875000	-76.280898
796.900000	-76.280552
796.925000	-76.280207
796.950000	-76.279861
796.975000	-76.279515
797.000000	-76.279170
797.025000	-76.278824
797.050000	-76.278478
797.075000	-76.278133
797.100000	-76.277787
797.125000	-76.277442
797.150000	-76.277096
797.175000	-76.276751
797.200000	-76.276406
797.225000	-76.276060
797.250000	-76.275715
797.275000	-76.275370
797.300000	-76.275025
797.325000	-76.274679
797.350000	-76.274334
797.375000	-76.273989
797.400000	-76.273644
797.425000	-76.273299
797.450000	-76.272954
797.475000	-76.272609
797.500000	-76.272264
797.525000	-76.271919
797.550000	-76.271574
797.575000	-76.271229
797.600000	-76.270885
797.625000	-76.270540
797.650000	-76.270195
797.675000	-76.269850
797.700000	-76.269506
797.725000	-76.269161
797.750000	-76.268817
797.775000	-76.268472
797.800000	-76.268128
797.825000	-76.267783
797.850000	-76.267439
797.875000	-76.267094
797.900000	-76.266750
797.925000	-76.266405
797.950000	-76.266061
797.975000	-76.265717
798.000000	-76.265373
798.025000	-76.265028
798.050000	-76.264684
798.075000	-76.264340
798.100000	-76.263996
798.125000	-76.263652
798.150000	-76.263308
798.175000	-76.262964
798.200000	-76.262620
798.225000	-76.262276
798.250000	-76.261932
798.275000	-76.261588
798.300000	-76.261244
798.325000	-76.260901
798.350000	-76.260557
798.375000	-76.260213
798.400000	-76.259870
798.425000	-76.259526
798.450000	-76.259182
798.475000	-76.258839
798.500000	-76.258495
798.525000	-76.258152
798.550000	-76.257808
798.575000	-76.257465
798.600000	-76.257121
798.625000	-76.256778
798.650000	-76.256435
798.675000	-76.256091
798.700000	-76.255748
798.725000	-76.255405
798.750000	-76.255062
798.775000	-76.254719
798.800000	-76.254375
798.825000	-76.254032
798.850000	-76.253689
798.875000	-76.253346
798.900000	-76.253003
798.925000	-76.252660
798.950000	-76.252317
798.975000	-76.251974
799.000000	-76.251632
799.025000	-76.251289
799.050000	-76.250946
799.075000	-76.250603
799.100000	-76.250261
799.125000	-76.249918
799.150000	-76.249575
799.175000	-76.249233
799.200000	-76.248890
799.225000	-76.248548
799.250000	-76.248205
799.275000	-76.247863
799.300000	-76.247520
799.325000	-76.247178
799.350000	-76.246835
799.375000	-76.246493
799.400000	-76.246151
799.425000	-76.245809
799.450000	-76.245466
799.475000	-76.245124
799.500000	-76.244782
799.525000	-76.244440
799.550000	-76.244098
799.575000	-76.243756
799.600000	-76.243414
799.625000	-76.243072
799.650000	-76.242730
799.675000	-76.242388
799.700000	-76.242046
799.725000	-76.241704
799.750000	-76.241362
799.775000	-76.241021
799.800000	-76.240679
799.825000	-76.240337
799.850000	-76.239996
799.875000	-76.239654
799.900000	-76.239312
799.925000	-76.238971
799.950000	-76.238629
799.975000	-76.238288
800.000000	-76.237946
