time_ms,v_soma_mV,v_proximal_dendrite_mV,v_proximal_axon_candidate_mV
0.000000,-65.000000,-65.000000,-65.000000
0.050000,-65.009099,-65.006582,-65.010472
0.100000,-65.015871,-65.012496,-65.017090
0.150000,-65.021569,-65.017772,-65.022707
0.200000,-65.026648,-65.022595,-65.027739
0.250000,-65.031314,-65.027086,-65.032374
0.300000,-65.035680,-65.031322,-65.036718
0.350000,-65.039816,-65.035355,-65.040835
0.400000,-65.043767,-65.039221,-65.044772
0.450000,-65.047565,-65.042949,-65.048558
0.500000,-65.051235,-65.046557,-65.052217
0.550000,-65.054793,-65.050063,-65.055765
0.600000,-65.058253,-65.053477,-65.059217
0.650000,-65.061627,-65.056810,-65.062583
0.700000,-65.064922,-65.060070,-65.065871
0.750000,-65.068147,-65.063263,-65.069089
0.800000,-65.071307,-65.066395,-65.072243
0.850000,-65.074407,-65.069469,-65.075338
0.900000,-65.077453,-65.072492,-65.078378
0.950000,-65.080447,-65.075465,-65.081367
1.000000,-65.083394,-65.078393,-65.084309
1.050000,-65.086296,-65.081278,-65.087206
1.100000,-65.089155,-65.084121,-65.090061
1.150000,-65.091975,-65.086927,-65.092877
1.200000,-65.094758,-65.089696,-65.095655
1.250000,-65.097505,-65.092430,-65.098398
1.300000,-65.100217,-65.095131,-65.101106
1.350000,-65.102898,-65.097801,-65.103783
1.400000,-65.105547,-65.100441,-65.106429
1.450000,-65.108168,-65.103052,-65.109046
1.500000,-65.110759,-65.105635,-65.111634
1.550000,-65.113324,-65.108191,-65.114195
1.600000,-65.115863,-65.110722,-65.116731
1.650000,-65.118377,-65.113228,-65.119241
1.700000,-65.120866,-65.115711,-65.121727
1.750000,-65.123332,-65.118170,-65.124190
1.800000,-65.125776,-65.120607,-65.126631
1.850000,-65.128198,-65.123023,-65.129050
1.900000,-65.130599,-65.125418,-65.131448
1.950000,-65.132979,-65.127793,-65.133825
2.000000,-65.135340,-65.130149,-65.136183
2.050000,-65.137682,-65.132485,-65.138522
2.100000,-65.140005,-65.134803,-65.140842
2.150000,-65.142310,-65.137103,-65.143145
2.200000,-65.144597,-65.139386,-65.145430
2.250000,-65.146868,-65.141652,-65.147698
2.300000,-65.149122,-65.143902,-65.149949
2.350000,-65.151359,-65.146135,-65.152184
2.400000,-65.153582,-65.148353,-65.154404
2.450000,-65.155788,-65.150556,-65.156608
2.500000,-65.157980,-65.152744,-65.158798
2.550000,-65.160157,-65.154917,-65.160972
2.600000,-65.162320,-65.157076,-65.163133
2.650000,-65.164469,-65.159222,-65.165280
2.700000,-65.166605,-65.161354,-65.167413
2.750000,-65.168727,-65.163473,-65.169533
2.800000,-65.170837,-65.165579,-65.171640
2.850000,-65.172933,-65.167672,-65.173735
2.900000,-65.175018,-65.169753,-65.175817
2.950000,-65.177090,-65.171822,-65.177887
3.000000,-65.179150,-65.173879,-65.179945
3.050000,-65.181199,-65.175925,-65.181992
3.100000,-65.183236,-65.177959,-65.184027
3.150000,-65.185262,-65.179982,-65.186051
3.200000,-65.187277,-65.181995,-65.188065
3.250000,-65.189282,-65.183996,-65.190067
3.300000,-65.191276,-65.185988,-65.192059
3.350000,-65.193259,-65.187969,-65.194041
3.400000,-65.195233,-65.189939,-65.196012
3.450000,-65.197196,-65.191900,-65.197974
3.500000,-65.199150,-65.193852,-65.199926
3.550000,-65.201094,-65.195793,-65.201868
3.600000,-65.203029,-65.197726,-65.203801
3.650000,-65.204955,-65.199649,-65.205725
3.700000,-65.206871,-65.201563,-65.207639
3.750000,-65.208778,-65.203468,-65.209545
3.800000,-65.210677,-65.205365,-65.211442
3.850000,-65.212567,-65.207253,-65.213330
3.900000,-65.214449,-65.209132,-65.215210
3.950000,-65.216322,-65.211003,-65.217081
4.000000,-65.218186,-65.212866,-65.218945
4.050000,-65.220043,-65.214721,-65.220800
4.100000,-65.221892,-65.216568,-65.222647
4.150000,-65.223733,-65.218407,-65.224486
4.200000,-65.225566,-65.220238,-65.226317
4.250000,-65.227391,-65.222062,-65.228141
4.300000,-65.229209,-65.223878,-65.229958
4.350000,-65.231020,-65.225687,-65.231767
4.400000,-65.232823,-65.227488,-65.233568
4.450000,-65.234619,-65.229283,-65.235363
4.500000,-65.236408,-65.231070,-65.237150
4.550000,-65.238189,-65.232850,-65.238930
4.600000,-65.239964,-65.234624,-65.240703
4.650000,-65.241732,-65.236390,-65.242470
4.700000,-65.243493,-65.238150,-65.244230
4.750000,-65.245248,-65.239903,-65.245983
4.800000,-65.246996,-65.241650,-65.247729
4.850000,-65.248737,-65.243390,-65.249469
4.900000,-65.250472,-65.245124,-65.251203
4.950000,-65.252201,-65.246852,-65.252930
5.000000,-65.253924,-65.248573,-65.254651
5.050000,-65.255640,-65.250288,-65.256366
5.100000,-65.257350,-65.251997,-65.258075
5.150000,-65.259054,-65.253701,-65.259778
5.200000,-65.260752,-65.255398,-65.261474
5.250000,-65.262444,-65.257089,-65.263165
5.300000,-65.264131,-65.258774,-65.264850
5.350000,-65.265811,-65.260454,-65.266529
5.400000,-65.267486,-65.262128,-65.268203
5.450000,-65.269155,-65.263796,-65.269870
5.500000,-65.270818,-65.265459,-65.271533
5.550000,-65.272476,-65.267116,-65.273189
5.600000,-65.274129,-65.268768,-65.274840
5.650000,-65.275776,-65.270415,-65.276486
5.700000,-65.277417,-65.272056,-65.278127
5.750000,-65.279054,-65.273691,-65.279762
5.800000,-65.280685,-65.275322,-65.281391
5.850000,-65.282310,-65.276947,-65.283016
5.900000,-65.283931,-65.278567,-65.284635
5.950000,-65.285546,-65.280183,-65.286249
6.000000,-65.287157,-65.281793,-65.287859
6.050000,-65.288762,-65.283398,-65.289463
6.100000,-65.290362,-65.284998,-65.291062
6.150000,-65.291958,-65.286593,-65.292656
6.200000,-65.293548,-65.288183,-65.294245
6.250000,-65.295134,-65.289768,-65.295830
6.300000,-65.296715,-65.291349,-65.297409
6.350000,-65.298291,-65.292925,-65.298984
6.400000,-65.299862,-65.294496,-65.300554
6.450000,-65.301428,-65.296062,-65.302120
6.500000,-65.302990,-65.297624,-65.303680
6.550000,-65.304547,-65.299181,-65.305236
6.600000,-65.306100,-65.300734,-65.306788
6.650000,-65.307648,-65.302282,-65.308335
6.700000,-65.309192,-65.303825,-65.309877
6.750000,-65.310731,-65.305365,-65.311415
6.800000,-65.312265,-65.306899,-65.312949
6.850000,-65.313796,-65.308430,-65.314478
6.900000,-65.315321,-65.309956,-65.316003
6.950000,-65.316843,-65.311477,-65.317523
7.000000,-65.318360,-65.312994,-65.319039
7.050000,-65.319873,-65.314508,-65.320551
7.100000,-65.321381,-65.316016,-65.322058
7.150000,-65.322886,-65.317521,-65.323562
7.200000,-65.324386,-65.319021,-65.325061
7.250000,-65.325882,-65.320518,-65.326556
7.300000,-65.327373,-65.322010,-65.328046
7.350000,-65.328861,-65.323498,-65.329533
7.400000,-65.330345,-65.324982,-65.331015
7.450000,-65.331824,-65.326461,-65.332494
7.500000,-65.333300,-65.327937,-65.333968
7.550000,-65.334771,-65.329409,-65.335439
7.600000,-65.336238,-65.330877,-65.336905
7.650000,-65.337702,-65.332341,-65.338368
7.700000,-65.339161,-65.333801,-65.339826
7.750000,-65.340617,-65.335257,-65.341281
7.800000,-65.342069,-65.336709,-65.342732
7.850000,-65.343517,-65.338158,-65.344178
7.900000,-65.344961,-65.339602,-65.345622
7.950000,-65.346401,-65.341043,-65.347061
8.000000,-65.347837,-65.342480,-65.348496
8.050000,-65.349270,-65.343913,-65.349928
8.100000,-65.350698,-65.345343,-65.351356
8.150000,-65.352123,-65.346769,-65.352780
8.200000,-65.353545,-65.348191,-65.354200
8.250000,-65.354963,-65.349609,-65.355617
8.300000,-65.356376,-65.351024,-65.357030
8.350000,-65.357787,-65.352435,-65.358439
8.400000,-65.359193,-65.353842,-65.359845
8.450000,-65.360597,-65.355246,-65.361247
8.500000,-65.361996,-65.356646,-65.362646
8.550000,-65.363392,-65.358043,-65.364041
8.600000,-65.364784,-65.359436,-65.365432
8.650000,-65.366173,-65.360826,-65.366820
8.700000,-65.367558,-65.362212,-65.368205
8.750000,-65.368940,-65.363594,-65.369585
8.800000,-65.370318,-65.364973,-65.370963
8.850000,-65.371693,-65.366349,-65.372337
8.900000,-65.373064,-65.367721,-65.373707
8.950000,-65.374432,-65.369090,-65.375074
9.000000,-65.375797,-65.370455,-65.376438
9.050000,-65.377158,-65.371817,-65.377798
9.100000,-65.378515,-65.373176,-65.379155
9.150000,-65.379870,-65.374531,-65.380508
9.200000,-65.381221,-65.375883,-65.381858
9.250000,-65.382568,-65.377232,-65.383205
9.300000,-65.383912,-65.378577,-65.384548
9.350000,-65.385253,-65.379919,-65.385889
9.400000,-65.386591,-65.381258,-65.387225
9.450000,-65.387925,-65.382593,-65.388559
9.500000,-65.389256,-65.383925,-65.389889
9.550000,-65.390584,-65.385254,-65.391216
9.600000,-65.391909,-65.386580,-65.392540
9.650000,-65.393230,-65.387902,-65.393860
9.700000,-65.394548,-65.389221,-65.395178
9.750000,-65.395863,-65.390537,-65.396492
9.800000,-65.397175,-65.391850,-65.397803
9.850000,-65.398484,-65.393160,-65.399111
9.900000,-65.399789,-65.394466,-65.400415
9.950000,-65.401091,-65.395770,-65.401717
10.000000,-65.402390,-65.397070,-65.403015
10.050000,-65.403686,-65.398367,-65.404310
10.100000,-65.404979,-65.399661,-65.405603
10.150000,-65.406269,-65.400952,-65.406892
10.200000,-65.407556,-65.402240,-65.408178
10.250000,-65.408840,-65.403525,-65.409461
10.300000,-65.410120,-65.404807,-65.410740
10.350000,-65.411398,-65.406086,-65.412017
10.400000,-65.412672,-65.407361,-65.413291
10.450000,-65.413944,-65.408634,-65.414562
10.500000,-65.415212,-65.409904,-65.415830
10.550000,-65.416478,-65.411171,-65.417094
10.600000,-65.417740,-65.412434,-65.418356
10.650000,-65.419000,-65.413695,-65.419615
10.700000,-65.420257,-65.414953,-65.420871
10.750000,-65.421510,-65.416208,-65.422124
10.800000,-65.422761,-65.417460,-65.423374
10.850000,-65.424009,-65.418709,-65.424621
10.900000,-65.425254,-65.419955,-65.425865
10.950000,-65.426495,-65.421198,-65.427106
11.000000,-65.427735,-65.422439,-65.428345
11.050000,-65.428971,-65.423676,-65.429580
11.100000,-65.430204,-65.424911,-65.430813
11.150000,-65.431434,-65.426142,-65.432042
11.200000,-65.432662,-65.427371,-65.433269
11.250000,-65.433887,-65.428597,-65.434493
11.300000,-65.435108,-65.429820,-65.435714
11.350000,-65.436327,-65.431041,-65.436933
11.400000,-65.437544,-65.432258,-65.438148
11.450000,-65.438757,-65.433473,-65.439361
11.500000,-65.439968,-65.434685,-65.440571
11.550000,-65.441176,-65.435894,-65.441778
11.600000,-65.442381,-65.437101,-65.442982
11.650000,-65.443583,-65.438304,-65.444184
11.700000,-65.444782,-65.439505,-65.445383
11.750000,-65.445979,-65.440703,-65.446579
11.800000,-65.447173,-65.441899,-65.447772
11.850000,-65.448365,-65.443091,-65.448963
11.900000,-65.449553,-65.444281,-65.450151
11.950000,-65.450739,-65.445469,-65.451336
12.000000,-65.451922,-65.446653,-65.452519
12.050000,-65.453103,-65.447835,-65.453698
12.100000,-65.454280,-65.449014,-65.454876
12.150000,-65.455456,-65.450191,-65.456050
12.200000,-65.456628,-65.451365,-65.457222
12.250000,-65.457798,-65.452536,-65.458391
12.300000,-65.458965,-65.453704,-65.459557
12.350000,-65.460129,-65.454870,-65.460721
12.400000,-65.461291,-65.456033,-65.461883
12.450000,-65.462450,-65.457194,-65.463041
12.500000,-65.463607,-65.458352,-65.464197
12.550000,-65.464761,-65.459508,-65.465351
12.600000,-65.465912,-65.460660,-65.466501
12.650000,-65.467061,-65.461811,-65.467649
12.700000,-65.468207,-65.462958,-65.468795
12.750000,-65.469351,-65.464103,-65.469938
12.800000,-65.470492,-65.465246,-65.471079
12.850000,-65.471631,-65.466386,-65.472216
12.900000,-65.472767,-65.467523,-65.473352
12.950000,-65.473900,-65.468658,-65.474485
13.000000,-65.475031,-65.469790,-65.475615
13.050000,-65.476159,-65.470920,-65.476743
13.100000,-65.477285,-65.472047,-65.477868
13.150000,-65.478408,-65.473172,-65.478991
13.200000,-65.479529,-65.474294,-65.480111
13.250000,-65.480647,-65.475414,-65.481229
13.300000,-65.481763,-65.476532,-65.482344
13.350000,-65.482877,-65.477646,-65.483457
13.400000,-65.483987,-65.478759,-65.484567
13.450000,-65.485096,-65.479868,-65.485675
13.500000,-65.486202,-65.480976,-65.486780
13.550000,-65.487305,-65.482081,-65.487883
13.600000,-65.488406,-65.483183,-65.488983
13.650000,-65.489505,-65.484283,-65.490081
13.700000,-65.490601,-65.485381,-65.491177
13.750000,-65.491695,-65.486476,-65.492270
13.800000,-65.492786,-65.487569,-65.493361
13.850000,-65.493875,-65.488659,-65.494449
13.900000,-65.494961,-65.489747,-65.495535
13.950000,-65.496046,-65.490833,-65.496619
14.000000,-65.497127,-65.491916,-65.497700
14.050000,-65.498207,-65.492997,-65.498779
14.100000,-65.499283,-65.494075,-65.499855
14.150000,-65.500358,-65.495151,-65.500929
14.200000,-65.501430,-65.496225,-65.502001
14.250000,-65.502500,-65.497296,-65.503070
14.300000,-65.503568,-65.498365,-65.504137
14.350000,-65.504633,-65.499432,-65.505202
14.400000,-65.505696,-65.500496,-65.506264
14.450000,-65.506756,-65.501558,-65.507324
14.500000,-65.507814,-65.502618,-65.508381
14.550000,-65.508870,-65.503675,-65.509437
14.600000,-65.509924,-65.504730,-65.510490
14.650000,-65.510975,-65.505783,-65.511541
14.700000,-65.512024,-65.506834,-65.512589
14.750000,-65.513070,-65.507882,-65.513635
14.800000,-65.514115,-65.508928,-65.514679
14.850000,-65.515157,-65.509971,-65.515720
14.900000,-65.516197,-65.511012,-65.516760
14.950000,-65.517234,-65.512051,-65.517797
15.000000,-65.518270,-65.513088,-65.518832
15.050000,-65.519303,-65.514123,-65.519864
15.100000,-65.520333,-65.515155,-65.520894
15.150000,-65.521362,-65.516185,-65.521922
15.200000,-65.522388,-65.517213,-65.522948
15.250000,-65.523412,-65.518238,-65.523972
15.300000,-65.524434,-65.519262,-65.524993
15.350000,-65.525454,-65.520283,-65.526012
15.400000,-65.526471,-65.521302,-65.527029
15.450000,-65.527486,-65.522319,-65.528044
15.500000,-65.528499,-65.523333,-65.529057
15.550000,-65.529510,-65.524345,-65.530067
15.600000,-65.530519,-65.525356,-65.531075
15.650000,-65.531525,-65.526364,-65.532081
15.700000,-65.532530,-65.527369,-65.533085
15.750000,-65.533532,-65.528373,-65.534086
15.800000,-65.534532,-65.529374,-65.535086
15.850000,-65.535530,-65.530374,-65.536083
15.900000,-65.536525,-65.531371,-65.537078
15.950000,-65.537519,-65.532366,-65.538071
16.000000,-65.538510,-65.533359,-65.539062
16.050000,-65.539499,-65.534349,-65.540051
16.100000,-65.540486,-65.535338,-65.541038
16.150000,-65.541471,-65.536324,-65.542022
16.200000,-65.542454,-65.537309,-65.543005
16.250000,-65.543435,-65.538291,-65.543985
16.300000,-65.544414,-65.539271,-65.544963
16.350000,-65.545390,-65.540249,-65.545939
16.400000,-65.546364,-65.541225,-65.546913
16.450000,-65.547337,-65.542199,-65.547885
16.500000,-65.548307,-65.543171,-65.548855
16.550000,-65.549275,-65.544140,-65.549823
16.600000,-65.550241,-65.545108,-65.550788
16.650000,-65.551205,-65.546073,-65.551752
16.700000,-65.552167,-65.547037,-65.552713
16.750000,-65.553127,-65.547998,-65.553673
16.800000,-65.554085,-65.548957,-65.554630
16.850000,-65.555041,-65.549915,-65.555586
16.900000,-65.555995,-65.550870,-65.556539
16.950000,-65.556946,-65.551823,-65.557490
17.000000,-65.557896,-65.552774,-65.558439
17.050000,-65.558844,-65.553724,-65.559387
17.100000,-65.559789,-65.554671,-65.560332
17.150000,-65.560733,-65.555616,-65.561275
17.200000,-65.561675,-65.556559,-65.562216
17.250000,-65.562614,-65.557500,-65.563155
17.300000,-65.563552,-65.558439,-65.564093
17.350000,-65.564488,-65.559376,-65.565028
17.400000,-65.565421,-65.560311,-65.565961
17.450000,-65.566353,-65.561244,-65.566892
17.500000,-65.567282,-65.562175,-65.567821
17.550000,-65.568210,-65.563105,-65.568749
17.600000,-65.569136,-65.564032,-65.569674
17.650000,-65.570060,-65.564957,-65.570597
17.700000,-65.570981,-65.565880,-65.571519
17.750000,-65.571901,-65.566801,-65.572438
17.800000,-65.572819,-65.567721,-65.573356
17.850000,-65.573735,-65.568638,-65.574271
17.900000,-65.574649,-65.569554,-65.575185
17.950000,-65.575561,-65.570467,-65.576096
18.000000,-65.576471,-65.571379,-65.577006
18.050000,-65.577379,-65.572288,-65.577914
18.100000,-65.578286,-65.573196,-65.578820
18.150000,-65.579190,-65.574102,-65.579724
18.200000,-65.580092,-65.575006,-65.580626
18.250000,-65.580993,-65.575908,-65.581526
18.300000,-65.581892,-65.576808,-65.582424
18.350000,-65.582788,-65.577706,-65.583320
18.400000,-65.583683,-65.578602,-65.584215
18.450000,-65.584576,-65.579497,-65.585107
18.500000,-65.585467,-65.580389,-65.585998
18.550000,-65.586356,-65.581280,-65.586887
18.600000,-65.587244,-65.582169,-65.587774
18.650000,-65.588129,-65.583055,-65.588659
18.700000,-65.589013,-65.583940,-65.589542
18.750000,-65.589894,-65.584824,-65.590423
18.800000,-65.590774,-65.585705,-65.591303
18.850000,-65.591652,-65.586584,-65.592181
18.900000,-65.592528,-65.587462,-65.593056
18.950000,-65.593403,-65.588338,-65.593930
19.000000,-65.594275,-65.589212,-65.594802
19.050000,-65.595146,-65.590084,-65.595673
19.100000,-65.596015,-65.590954,-65.596541
19.150000,-65.596882,-65.591822,-65.597408
19.200000,-65.597747,-65.592689,-65.598273
19.250000,-65.598610,-65.593554,-65.599136
19.300000,-65.599472,-65.594417,-65.599997
19.350000,-65.600332,-65.595278,-65.600856
19.400000,-65.601189,-65.596137,-65.601714
19.450000,-65.602046,-65.596995,-65.602569
19.500000,-65.602900,-65.597850,-65.603423
19.550000,-65.603752,-65.598704,-65.604276
19.600000,-65.604603,-65.599556,-65.605126
19.650000,-65.605452,-65.600407,-65.605975
19.700000,-65.606299,-65.601255,-65.606822
19.750000,-65.607145,-65.602102,-65.607667
19.800000,-65.607989,-65.602947,-65.608510
19.850000,-65.608830,-65.603791,-65.609351
19.900000,-65.609671,-65.604632,-65.610191
19.950000,-65.610509,-65.605472,-65.611029
20.000000,-65.611346,-65.606310,-65.611866
20.050000,-65.612181,-65.607146,-65.612700
20.100000,-65.613014,-65.607981,-65.613533
20.150000,-65.613845,-65.608814,-65.614364
20.200000,-65.614675,-65.609645,-65.615193
20.250000,-65.615503,-65.610474,-65.616021
20.300000,-65.616329,-65.611302,-65.616847
20.350000,-65.617153,-65.612127,-65.617671
20.400000,-65.617976,-65.612952,-65.618493
20.450000,-65.618797,-65.613774,-65.619314
20.500000,-65.619617,-65.614595,-65.620133
20.550000,-65.620434,-65.615414,-65.620950
20.600000,-65.621250,-65.616231,-65.621766
20.650000,-65.622064,-65.617047,-65.622580
20.700000,-65.622877,-65.617861,-65.623392
20.750000,-65.623688,-65.618673,-65.624203
20.800000,-65.624497,-65.619483,-65.625012
20.850000,-65.625305,-65.620292,-65.625819
20.900000,-65.626110,-65.621099,-65.626624
20.950000,-65.626915,-65.621905,-65.627428
21.000000,-65.627717,-65.622709,-65.628230
21.050000,-65.628518,-65.623511,-65.629031
21.100000,-65.629317,-65.624311,-65.629830
21.150000,-65.630115,-65.625110,-65.630627
21.200000,-65.630910,-65.625907,-65.631422
21.250000,-65.631705,-65.626703,-65.632216
21.300000,-65.632497,-65.627497,-65.633008
21.350000,-65.633288,-65.628289,-65.633799
21.400000,-65.634077,-65.629080,-65.634588
21.450000,-65.634865,-65.629869,-65.635375
21.500000,-65.635651,-65.630656,-65.636161
21.550000,-65.636435,-65.631442,-65.636945
21.600000,-65.637218,-65.632226,-65.637728
21.650000,-65.637999,-65.633008,-65.638508
21.700000,-65.638779,-65.633789,-65.639288
21.750000,-65.639557,-65.634568,-65.640065
21.800000,-65.640333,-65.635346,-65.640841
21.850000,-65.641108,-65.636122,-65.641616
21.900000,-65.641881,-65.636896,-65.642388
21.950000,-65.642652,-65.637669,-65.643160
22.000000,-65.643422,-65.638440,-65.643929
22.050000,-65.644190,-65.639210,-65.644697
22.100000,-65.644957,-65.639978,-65.645464
22.150000,-65.645722,-65.640744,-65.646228
22.200000,-65.646486,-65.641509,-65.646992
22.250000,-65.647248,-65.642273,-65.647753
22.300000,-65.648008,-65.643034,-65.648514
22.350000,-65.648767,-65.643795,-65.649272
22.400000,-65.649525,-65.644553,-65.650029
22.450000,-65.650280,-65.645310,-65.650785
22.500000,-65.651034,-65.646066,-65.651539
22.550000,-65.651787,-65.646820,-65.652291
22.600000,-65.652538,-65.647572,-65.653042
22.650000,-65.653288,-65.648323,-65.653791
22.700000,-65.654036,-65.649072,-65.654539
22.750000,-65.654782,-65.649820,-65.655285
22.800000,-65.655527,-65.650566,-65.656029
22.850000,-65.656270,-65.651311,-65.656773
22.900000,-65.657012,-65.652054,-65.657514
22.950000,-65.657753,-65.652795,-65.658254
23.000000,-65.658491,-65.653535,-65.658993
23.050000,-65.659229,-65.654274,-65.659730
23.100000,-65.659965,-65.655011,-65.660465
23.150000,-65.660699,-65.655747,-65.661199
23.200000,-65.661432,-65.656481,-65.661932
23.250000,-65.662163,-65.657213,-65.662663
23.300000,-65.662893,-65.657944,-65.663392
23.350000,-65.663621,-65.658674,-65.664120
23.400000,-65.664348,-65.659402,-65.664847
23.450000,-65.665073,-65.660128,-65.665572
23.500000,-65.665797,-65.660853,-65.666295
23.550000,-65.666519,-65.661577,-65.667017
23.600000,-65.667240,-65.662299,-65.667738
23.650000,-65.667959,-65.663020,-65.668457
23.700000,-65.668677,-65.663739,-65.669175
23.750000,-65.669394,-65.664456,-65.669891
23.800000,-65.670109,-65.665173,-65.670606
23.850000,-65.670822,-65.665887,-65.671319
23.900000,-65.671534,-65.666601,-65.672031
23.950000,-65.672245,-65.667312,-65.672741
24.000000,-65.672954,-65.668023,-65.673450
24.050000,-65.673662,-65.668732,-65.674157
24.100000,-65.674368,-65.669439,-65.674863
24.150000,-65.675073,-65.670145,-65.675568
24.200000,-65.675776,-65.670850,-65.676271
24.250000,-65.676478,-65.671553,-65.676972
24.300000,-65.677178,-65.672254,-65.677673
24.350000,-65.677878,-65.672955,-65.678372
24.400000,-65.678575,-65.673654,-65.679069
24.450000,-65.679271,-65.674351,-65.679765
24.500000,-65.679966,-65.675047,-65.680459
24.550000,-65.680660,-65.675742,-65.681153
24.600000,-65.681352,-65.676435,-65.681844
24.650000,-65.682042,-65.677126,-65.682535
24.700000,-65.682731,-65.677817,-65.683223
24.750000,-65.683419,-65.678506,-65.683911
24.800000,-65.684105,-65.679193,-65.684597
24.850000,-65.684790,-65.679879,-65.685282
24.900000,-65.685474,-65.680564,-65.685965
24.950000,-65.686156,-65.681247,-65.686647
25.000000,-65.686837,-65.681929,-65.687328
25.050000,-65.687516,-65.682610,-65.688007
25.100000,-65.688194,-65.683289,-65.688684
25.150000,-65.688871,-65.683967,-65.689361
25.200000,-65.689546,-65.684643,-65.690036
25.250000,-65.690220,-65.685318,-65.690709
25.300000,-65.690892,-65.685992,-65.691382
25.350000,-65.691564,-65.686664,-65.692053
25.400000,-65.692233,-65.687335,-65.692722
25.450000,-65.692902,-65.688005,-65.693390
25.500000,-65.693569,-65.688673,-65.694057
25.550000,-65.694235,-65.689340,-65.694723
25.600000,-65.694899,-65.690006,-65.695387
25.650000,-65.695562,-65.690670,-65.696050
25.700000,-65.696224,-65.691333,-65.696711
25.750000,-65.696884,-65.691994,-65.697371
25.800000,-65.697543,-65.692654,-65.698030
25.850000,-65.698201,-65.693313,-65.698687
25.900000,-65.698857,-65.693970,-65.699343
25.950000,-65.699512,-65.694627,-65.699998
26.000000,-65.700166,-65.695281,-65.700652
26.050000,-65.700818,-65.695935,-65.701304
26.100000,-65.701469,-65.696587,-65.701955
26.150000,-65.702119,-65.697238,-65.702604
26.200000,-65.702767,-65.697887,-65.703252
26.250000,-65.703414,-65.698536,-65.703899
26.300000,-65.704060,-65.699182,-65.704545
26.350000,-65.704704,-65.699828,-65.705189
26.400000,-65.705348,-65.700472,-65.705832
26.450000,-65.705989,-65.701115,-65.706473
26.500000,-65.706630,-65.701757,-65.707114
26.550000,-65.707269,-65.702397,-65.707753
26.600000,-65.707907,-65.703036,-65.708391
26.650000,-65.708544,-65.703674,-65.709027
26.700000,-65.709179,-65.704311,-65.709662
26.750000,-65.709813,-65.704946,-65.710296
26.800000,-65.710446,-65.705580,-65.710929
26.850000,-65.711078,-65.706212,-65.711560
26.900000,-65.711708,-65.706844,-65.712190
26.950000,-65.712337,-65.707474,-65.712819
27.000000,-65.712965,-65.708103,-65.713447
27.050000,-65.713591,-65.708730,-65.714073
27.100000,-65.714217,-65.709357,-65.714698
27.150000,-65.714841,-65.709982,-65.715322
27.200000,-65.715463,-65.710605,-65.715944
27.250000,-65.716085,-65.711228,-65.716565
27.300000,-65.716705,-65.711849,-65.717185
27.350000,-65.717324,-65.712469,-65.717804
27.400000,-65.717942,-65.713088,-65.718421
27.450000,-65.718558,-65.713706,-65.719038
27.500000,-65.719173,-65.714322,-65.719653
27.550000,-65.719787,-65.714937,-65.720266
27.600000,-65.720400,-65.715551,-65.720879
27.650000,-65.721011,-65.716163,-65.721490
27.700000,-65.721622,-65.716775,-65.722100
27.750000,-65.722231,-65.717385,-65.722709
27.800000,-65.722839,-65.717994,-65.723317
27.850000,-65.723445,-65.718601,-65.723923
27.900000,-65.724051,-65.719208,-65.724528
27.950000,-65.724655,-65.719813,-65.725132
28.000000,-65.725258,-65.720417,-65.725735
28.050000,-65.725859,-65.721020,-65.726337
28.100000,-65.726460,-65.721621,-65.726937
28.150000,-65.727059,-65.722222,-65.727536
28.200000,-65.727657,-65.722821,-65.728134
28.250000,-65.728254,-65.723419,-65.728731
28.300000,-65.728850,-65.724015,-65.729326
28.350000,-65.729445,-65.724611,-65.729921
28.400000,-65.730038,-65.725205,-65.730514
28.450000,-65.730630,-65.725798,-65.731106
28.500000,-65.731221,-65.726390,-65.731696
28.550000,-65.731811,-65.726981,-65.732286
28.600000,-65.732399,-65.727571,-65.732874
28.650000,-65.732987,-65.728159,-65.733462
28.700000,-65.733573,-65.728747,-65.734048
28.750000,-65.734158,-65.729333,-65.734633
28.800000,-65.734742,-65.729917,-65.735216
28.850000,-65.735325,-65.730501,-65.735799
28.900000,-65.735906,-65.731084,-65.736380
28.950000,-65.736487,-65.731665,-65.736960
29.000000,-65.737066,-65.732245,-65.737539
29.050000,-65.737644,-65.732824,-65.738117
29.100000,-65.738221,-65.733402,-65.738694
29.150000,-65.738796,-65.733979,-65.739270
29.200000,-65.739371,-65.734555,-65.739844
29.250000,-65.739944,-65.735129,-65.740417
29.300000,-65.740517,-65.735702,-65.740989
29.350000,-65.741088,-65.736275,-65.741560
29.400000,-65.741658,-65.736846,-65.742130
29.450000,-65.742227,-65.737415,-65.742699
29.500000,-65.742795,-65.737984,-65.743266
29.550000,-65.743361,-65.738552,-65.743833
29.600000,-65.743927,-65.739118,-65.744398
29.650000,-65.744491,-65.739683,-65.744962
29.700000,-65.745054,-65.740248,-65.745525
29.750000,-65.745616,-65.740811,-65.746087
29.800000,-65.746177,-65.741373,-65.746648
29.850000,-65.746737,-65.741933,-65.747208
29.900000,-65.747296,-65.742493,-65.747766
29.950000,-65.747853,-65.743052,-65.748324
30.000000,-65.748410,-65.743609,-65.748880
30.050000,-65.748965,-65.744166,-65.749435
30.100000,-65.749520,-65.744721,-65.749989
30.150000,-65.750073,-65.745275,-65.750542
30.200000,-65.750625,-65.745828,-65.751094
30.250000,-65.751176,-65.746380,-65.751645
30.300000,-65.751726,-65.746931,-65.752195
30.350000,-65.752274,-65.747480,-65.752743
30.400000,-65.752822,-65.748029,-65.753291
30.450000,-65.753369,-65.748577,-65.753837
30.500000,-65.753914,-65.749123,-65.754383
30.550000,-65.754459,-65.749668,-65.754927
30.600000,-65.755002,-65.750213,-65.755470
30.650000,-65.755544,-65.750756,-65.756012
30.700000,-65.756085,-65.751298,-65.756553
30.750000,-65.756626,-65.751839,-65.757093
30.800000,-65.757165,-65.752379,-65.757632
30.850000,-65.757703,-65.752918,-65.758170
30.900000,-65.758239,-65.753456,-65.758706
30.950000,-65.758775,-65.753992,-65.759242
31.000000,-65.759310,-65.754528,-65.759777
31.050000,-65.759844,-65.755063,-65.760310
31.100000,-65.760376,-65.755596,-65.760843
31.150000,-65.760908,-65.756129,-65.761374
31.200000,-65.761438,-65.756660,-65.761904
31.250000,-65.761968,-65.757190,-65.762434
31.300000,-65.762496,-65.757720,-65.762962
31.350000,-65.763024,-65.758248,-65.763489
31.400000,-65.763550,-65.758775,-65.764015
31.450000,-65.764075,-65.759301,-65.764540
31.500000,-65.764599,-65.759827,-65.765064
31.550000,-65.765122,-65.760351,-65.765587
31.600000,-65.765645,-65.760874,-65.766109
31.650000,-65.766166,-65.761396,-65.766630
31.700000,-65.766686,-65.761917,-65.767150
31.750000,-65.767205,-65.762437,-65.767669
31.800000,-65.767723,-65.762955,-65.768187
31.850000,-65.768240,-65.763473,-65.768704
31.900000,-65.768756,-65.763990,-65.769220
31.950000,-65.769271,-65.764506,-65.769734
32.000000,-65.769785,-65.765021,-65.770248
32.050000,-65.770298,-65.765535,-65.770761
32.100000,-65.770809,-65.766047,-65.771273
32.150000,-65.771320,-65.766559,-65.771783
32.200000,-65.771830,-65.767070,-65.772293
32.250000,-65.772339,-65.767579,-65.772802
32.300000,-65.772847,-65.768088,-65.773309
32.350000,-65.773354,-65.768596,-65.773816
32.400000,-65.773859,-65.769103,-65.774322
32.450000,-65.774364,-65.769608,-65.774826
32.500000,-65.774868,-65.770113,-65.775330
32.550000,-65.775371,-65.770617,-65.775833
32.600000,-65.775873,-65.771119,-65.776334
32.650000,-65.776374,-65.771621,-65.776835
32.700000,-65.776873,-65.772122,-65.777335
32.750000,-65.777372,-65.772621,-65.777834
32.800000,-65.777870,-65.773120,-65.778331
32.850000,-65.778367,-65.773618,-65.778828
32.900000,-65.778863,-65.774115,-65.779324
32.950000,-65.779358,-65.774610,-65.779819
33.000000,-65.779852,-65.775105,-65.780312
33.050000,-65.780345,-65.775599,-65.780805
33.100000,-65.780837,-65.776092,-65.781297
33.150000,-65.781328,-65.776584,-65.781788
33.200000,-65.781818,-65.777075,-65.782278
33.250000,-65.782307,-65.777565,-65.782767
33.300000,-65.782795,-65.778053,-65.783255
33.350000,-65.783282,-65.778541,-65.783742
33.400000,-65.783768,-65.779028,-65.784228
33.450000,-65.784254,-65.779515,-65.784713
33.500000,-65.784738,-65.780000,-65.785197
33.550000,-65.785221,-65.780484,-65.785680
33.600000,-65.785703,-65.780967,-65.786162
33.650000,-65.786185,-65.781449,-65.786644
33.700000,-65.786665,-65.781930,-65.787124
33.750000,-65.787145,-65.782411,-65.787603
33.800000,-65.787623,-65.782890,-65.788082
33.850000,-65.788101,-65.783369,-65.788559
33.900000,-65.788578,-65.783846,-65.789036
33.950000,-65.789054,-65.784323,-65.789511
34.000000,-65.789528,-65.784798,-65.789986
34.050000,-65.790002,-65.785273,-65.790460
34.100000,-65.790475,-65.785747,-65.790933
34.150000,-65.790947,-65.786220,-65.791405
34.200000,-65.791418,-65.786691,-65.791876
34.250000,-65.791888,-65.787162,-65.792346
34.300000,-65.792358,-65.787632,-65.792815
34.350000,-65.792826,-65.788102,-65.793283
34.400000,-65.793293,-65.788570,-65.793750
34.450000,-65.793760,-65.789037,-65.794216
34.500000,-65.794225,-65.789503,-65.794682
34.550000,-65.794690,-65.789969,-65.795146
34.600000,-65.795154,-65.790433,-65.795610
34.650000,-65.795616,-65.790897,-65.796073
34.700000,-65.796078,-65.791359,-65.796534
34.750000,-65.796539,-65.791821,-65.796995
34.800000,-65.796999,-65.792282,-65.797455
34.850000,-65.797458,-65.792742,-65.797914
34.900000,-65.797917,-65.793201,-65.798372
34.950000,-65.798374,-65.793659,-65.798829
35.000000,-65.798831,-65.794116,-65.799286
35.050000,-65.799286,-65.794573,-65.799741
35.100000,-65.799741,-65.795028,-65.800196
35.150000,-65.800195,-65.795483,-65.800649
35.200000,-65.800647,-65.795936,-65.801102
35.250000,-65.801099,-65.796389,-65.801554
35.300000,-65.801551,-65.796841,-65.802005
35.350000,-65.802001,-65.797292,-65.802455
35.400000,-65.802450,-65.797742,-65.802904
35.450000,-65.802899,-65.798191,-65.803353
35.500000,-65.803346,-65.798640,-65.803800
35.550000,-65.803793,-65.799087,-65.804247
35.600000,-65.804239,-65.799534,-65.804692
35.650000,-65.804684,-65.799979,-65.805137
35.700000,-65.805128,-65.800424,-65.805581
35.750000,-65.805571,-65.800868,-65.806024
35.800000,-65.806013,-65.801311,-65.806467
35.850000,-65.806455,-65.801753,-65.806908
35.900000,-65.806895,-65.802195,-65.807348
35.950000,-65.807335,-65.802635,-65.807788
36.000000,-65.807774,-65.803075,-65.808227
36.050000,-65.808212,-65.803514,-65.808665
36.100000,-65.808649,-65.803952,-65.809102
36.150000,-65.809085,-65.804389,-65.809538
36.200000,-65.809521,-65.804825,-65.809973
36.250000,-65.809955,-65.805260,-65.810408
36.300000,-65.810389,-65.805695,-65.810841
36.350000,-65.810822,-65.806128,-65.811274
36.400000,-65.811254,-65.806561,-65.811706
36.450000,-65.811685,-65.806993,-65.812137
36.500000,-65.812116,-65.807424,-65.812567
36.550000,-65.812545,-65.807854,-65.812997
36.600000,-65.812974,-65.808284,-65.813425
36.650000,-65.813402,-65.808712,-65.813853
36.700000,-65.813829,-65.809140,-65.814280
36.750000,-65.814255,-65.809567,-65.814706
36.800000,-65.814680,-65.809993,-65.815131
36.850000,-65.815105,-65.810418,-65.815555
36.900000,-65.815528,-65.810842,-65.815979
36.950000,-65.815951,-65.811266,-65.816402
37.000000,-65.816373,-65.811689,-65.816824
37.050000,-65.816794,-65.812111,-65.817245
37.100000,-65.817215,-65.812532,-65.817665
37.150000,-65.817634,-65.812952,-65.818084
37.200000,-65.818053,-65.813371,-65.818503
37.250000,-65.818471,-65.813790,-65.818921
37.300000,-65.818888,-65.814208,-65.819338
37.350000,-65.819304,-65.814625,-65.819754
37.400000,-65.819720,-65.815041,-65.820169
37.450000,-65.820134,-65.815456,-65.820584
37.500000,-65.820548,-65.815871,-65.820997
37.550000,-65.820961,-65.816284,-65.821410
37.600000,-65.821373,-65.816697,-65.821822
37.650000,-65.821785,-65.817109,-65.822234
37.700000,-65.822195,-65.817521,-65.822644
37.750000,-65.822605,-65.817931,-65.823054
37.800000,-65.823014,-65.818341,-65.823463
37.850000,-65.823422,-65.818750,-65.823871
37.900000,-65.823830,-65.819158,-65.824278
37.950000,-65.824236,-65.819565,-65.824685
38.000000,-65.824642,-65.819972,-65.825090
38.050000,-65.825047,-65.820377,-65.825495
38.100000,-65.825451,-65.820782,-65.825900
38.150000,-65.825855,-65.821186,-65.826303
38.200000,-65.826257,-65.821590,-65.826705
38.250000,-65.826659,-65.821992,-65.827107
38.300000,-65.827060,-65.822394,-65.827508
38.350000,-65.827461,-65.822795,-65.827908
38.400000,-65.827860,-65.823195,-65.828308
38.450000,-65.828259,-65.823595,-65.828707
38.500000,-65.828657,-65.823993,-65.829104
38.550000,-65.829054,-65.824391,-65.829502
38.600000,-65.829451,-65.824788,-65.829898
38.650000,-65.829846,-65.825184,-65.830293
38.700000,-65.830241,-65.825580,-65.830688
38.750000,-65.830635,-65.825975,-65.831082
38.800000,-65.831029,-65.826369,-65.831475
38.850000,-65.831421,-65.826762,-65.831868
38.900000,-65.831813,-65.827154,-65.832260
38.950000,-65.832204,-65.827546,-65.832651
39.000000,-65.832594,-65.827937,-65.833041
39.050000,-65.832984,-65.828327,-65.833430
39.100000,-65.833373,-65.828717,-65.833819
39.150000,-65.833761,-65.829105,-65.834207
39.200000,-65.834148,-65.829493,-65.834594
39.250000,-65.834534,-65.829880,-65.834980
39.300000,-65.834920,-65.830267,-65.835366
39.350000,-65.835305,-65.830653,-65.835751
39.400000,-65.835690,-65.831037,-65.836135
39.450000,-65.836073,-65.831422,-65.836519
39.500000,-65.836456,-65.831805,-65.836901
39.550000,-65.836838,-65.832188,-65.837283
39.600000,-65.837219,-65.832570,-65.837664
39.650000,-65.837600,-65.832951,-65.838045
39.700000,-65.837979,-65.833331,-65.838425
39.750000,-65.838358,-65.833711,-65.838803
39.800000,-65.838737,-65.834090,-65.839182
39.850000,-65.839114,-65.834468,-65.839559
39.900000,-65.839491,-65.834845,-65.839936
39.950000,-65.839867,-65.835222,-65.840312
40.000000,-65.840243,-65.835598,-65.840687
40.050000,-65.840617,-65.835974,-65.841062
40.100000,-65.840991,-65.836348,-65.841436
40.150000,-65.841365,-65.836722,-65.841809
40.200000,-65.841737,-65.837095,-65.842181
40.250000,-65.842109,-65.837467,-65.842553
40.300000,-65.842480,-65.837839,-65.842924
40.350000,-65.842850,-65.838210,-65.843294
40.400000,-65.843220,-65.838580,-65.843664
40.450000,-65.843589,-65.838950,-65.844032
40.500000,-65.843957,-65.839318,-65.844400
40.550000,-65.844324,-65.839687,-65.844768
40.600000,-65.844691,-65.840054,-65.845134
40.650000,-65.845057,-65.840420,-65.845500
40.700000,-65.845422,-65.840786,-65.845866
40.750000,-65.845787,-65.841152,-65.846230
40.800000,-65.846151,-65.841516,-65.846594
40.850000,-65.846514,-65.841880,-65.846957
40.900000,-65.846877,-65.842243,-65.847320
40.950000,-65.847238,-65.842605,-65.847681
41.000000,-65.847599,-65.842967,-65.848042
41.050000,-65.847960,-65.843328,-65.848403
41.100000,-65.848320,-65.843688,-65.848762
41.150000,-65.848679,-65.844048,-65.849121
41.200000,-65.849037,-65.844407,-65.849479
41.250000,-65.849394,-65.844765,-65.849837
41.300000,-65.849751,-65.845123,-65.850194
41.350000,-65.850108,-65.845479,-65.850550
41.400000,-65.850463,-65.845835,-65.850905
41.450000,-65.850818,-65.846191,-65.851260
41.500000,-65.851172,-65.846546,-65.851614
41.550000,-65.851526,-65.846900,-65.851967
41.600000,-65.851878,-65.847253,-65.852320
41.650000,-65.852230,-65.847606,-65.852672
41.700000,-65.852582,-65.847958,-65.853023
41.750000,-65.852933,-65.848309,-65.853374
41.800000,-65.853283,-65.848660,-65.853724
41.850000,-65.853632,-65.849010,-65.854073
41.900000,-65.853981,-65.849359,-65.854422
41.950000,-65.854329,-65.849708,-65.854770
42.000000,-65.854676,-65.850055,-65.855117
42.050000,-65.855023,-65.850403,-65.855464
42.100000,-65.855369,-65.850749,-65.855810
42.150000,-65.855714,-65.851095,-65.856155
42.200000,-65.856059,-65.851440,-65.856500
42.250000,-65.856403,-65.851785,-65.856844
42.300000,-65.856746,-65.852129,-65.857187
42.350000,-65.857089,-65.852472,-65.857530
42.400000,-65.857431,-65.852815,-65.857871
42.450000,-65.857772,-65.853157,-65.858213
42.500000,-65.858113,-65.853498,-65.858553
42.550000,-65.858453,-65.853839,-65.858893
42.600000,-65.858793,-65.854179,-65.859233
42.650000,-65.859131,-65.854518,-65.859571
42.700000,-65.859469,-65.854856,-65.859909
42.750000,-65.859807,-65.855194,-65.860247
42.800000,-65.860144,-65.855532,-65.860583
42.850000,-65.860480,-65.855868,-65.860919
42.900000,-65.860815,-65.856204,-65.861255
42.950000,-65.861150,-65.856540,-65.861590
43.000000,-65.861484,-65.856875,-65.861924
43.050000,-65.861818,-65.857209,-65.862257
43.100000,-65.862151,-65.857542,-65.862590
43.150000,-65.862483,-65.857875,-65.862922
43.200000,-65.862814,-65.858207,-65.863254
43.250000,-65.863145,-65.858538,-65.863585
43.300000,-65.863476,-65.858869,-65.863915
43.350000,-65.863805,-65.859200,-65.864244
43.400000,-65.864134,-65.859529,-65.864573
43.450000,-65.864463,-65.859858,-65.864902
43.500000,-65.864791,-65.860186,-65.865229
43.550000,-65.865118,-65.860514,-65.865557
43.600000,-65.865444,-65.860841,-65.865883
43.650000,-65.865770,-65.861168,-65.866209
43.700000,-65.866095,-65.861493,-65.866534
43.750000,-65.866420,-65.861819,-65.866859
43.800000,-65.866744,-65.862143,-65.867183
43.850000,-65.867068,-65.862467,-65.867506
43.900000,-65.867390,-65.862790,-65.867829
43.950000,-65.867712,-65.863113,-65.868151
44.000000,-65.868034,-65.863435,-65.868472
44.050000,-65.868355,-65.863756,-65.868793
44.100000,-65.868675,-65.864077,-65.869113
44.150000,-65.868995,-65.864397,-65.869433
44.200000,-65.869314,-65.864717,-65.869752
44.250000,-65.869632,-65.865036,-65.870070
44.300000,-65.869950,-65.865354,-65.870388
44.350000,-65.870267,-65.865672,-65.870705
44.400000,-65.870584,-65.865989,-65.871021
44.450000,-65.870900,-65.866306,-65.871337
44.500000,-65.871215,-65.866621,-65.871653
44.550000,-65.871530,-65.866937,-65.871967
44.600000,-65.871844,-65.867251,-65.872281
44.650000,-65.872158,-65.867566,-65.872595
44.700000,-65.872471,-65.867879,-65.872908
44.750000,-65.872783,-65.868192,-65.873220
44.800000,-65.873095,-65.868504,-65.873532
44.850000,-65.873406,-65.868816,-65.873843
44.900000,-65.873717,-65.869127,-65.874153
44.950000,-65.874027,-65.869437,-65.874463
45.000000,-65.874336,-65.869747,-65.874773
45.050000,-65.874645,-65.870056,-65.875081
45.100000,-65.874953,-65.870365,-65.875389
45.150000,-65.875260,-65.870673,-65.875697
45.200000,-65.875567,-65.870981,-65.876004
45.250000,-65.875874,-65.871288,-65.876310
45.300000,-65.876180,-65.871594,-65.876616
45.350000,-65.876485,-65.871900,-65.876921
45.400000,-65.876789,-65.872205,-65.877226
45.450000,-65.877094,-65.872509,-65.877530
45.500000,-65.877397,-65.872813,-65.877833
45.550000,-65.877700,-65.873117,-65.878136
45.600000,-65.878002,-65.873419,-65.878438
45.650000,-65.878304,-65.873722,-65.878740
45.700000,-65.878605,-65.874023,-65.879041
45.750000,-65.878906,-65.874324,-65.879341
45.800000,-65.879206,-65.874625,-65.879641
45.850000,-65.879505,-65.874925,-65.879941
45.900000,-65.879804,-65.875224,-65.880239
45.950000,-65.880102,-65.875523,-65.880538
46.000000,-65.880400,-65.875821,-65.880835
46.050000,-65.880697,-65.876118,-65.881132
46.100000,-65.880993,-65.876415,-65.881429
46.150000,-65.881289,-65.876712,-65.881725
46.200000,-65.881585,-65.877008,-65.882020
46.250000,-65.881880,-65.877303,-65.882315
46.300000,-65.882174,-65.877598,-65.882609
46.350000,-65.882468,-65.877892,-65.882903
46.400000,-65.882761,-65.878186,-65.883196
46.450000,-65.883053,-65.878479,-65.883488
46.500000,-65.883345,-65.878771,-65.883780
46.550000,-65.883637,-65.879063,-65.884072
46.600000,-65.883928,-65.879354,-65.884362
46.650000,-65.884218,-65.879645,-65.884653
46.700000,-65.884508,-65.879935,-65.884942
46.750000,-65.884797,-65.880225,-65.885232
46.800000,-65.885086,-65.880514,-65.885520
46.850000,-65.885374,-65.880803,-65.885808
46.900000,-65.885661,-65.881091,-65.886096
46.950000,-65.885949,-65.881378,-65.886383
47.000000,-65.886235,-65.881665,-65.886669
47.050000,-65.886521,-65.881952,-65.886955
47.100000,-65.886806,-65.882237,-65.887240
47.150000,-65.887091,-65.882523,-65.887525
47.200000,-65.887375,-65.882807,-65.887809
47.250000,-65.887659,-65.883092,-65.888093
47.300000,-65.887942,-65.883375,-65.888376
47.350000,-65.888225,-65.883658,-65.888659
47.400000,-65.888507,-65.883941,-65.888941
47.450000,-65.888789,-65.884223,-65.889222
47.500000,-65.889070,-65.884504,-65.889503
47.550000,-65.889350,-65.884785,-65.889784
47.600000,-65.889630,-65.885066,-65.890064
47.650000,-65.889909,-65.885346,-65.890343
47.700000,-65.890188,-65.885625,-65.890622
47.750000,-65.890467,-65.885904,-65.890900
47.800000,-65.890744,-65.886182,-65.891178
47.850000,-65.891022,-65.886460,-65.891455
47.900000,-65.891299,-65.886737,-65.891732
47.950000,-65.891575,-65.887014,-65.892008
48.000000,-65.891850,-65.887290,-65.892283
48.050000,-65.892126,-65.887565,-65.892559
48.100000,-65.892400,-65.887840,-65.892833
48.150000,-65.892674,-65.888115,-65.893107
48.200000,-65.892948,-65.888389,-65.893381
48.250000,-65.893221,-65.888662,-65.893654
48.300000,-65.893494,-65.888935,-65.893926
48.350000,-65.893766,-65.889208,-65.894198
48.400000,-65.894037,-65.889480,-65.894470
48.450000,-65.894308,-65.889751,-65.894741
48.500000,-65.894578,-65.890022,-65.895011
48.550000,-65.894848,-65.890292,-65.895281
48.600000,-65.895118,-65.890562,-65.895550
48.650000,-65.895387,-65.890832,-65.895819
48.700000,-65.895655,-65.891100,-65.896087
48.750000,-65.895923,-65.891369,-65.896355
48.800000,-65.896190,-65.891636,-65.896623
48.850000,-65.896457,-65.891904,-65.896889
48.900000,-65.896724,-65.892171,-65.897156
48.950000,-65.896989,-65.892437,-65.897421
49.000000,-65.897255,-65.892703,-65.897687
49.050000,-65.897520,-65.892968,-65.897952
49.100000,-65.897784,-65.893233,-65.898216
49.150000,-65.898048,-65.893497,-65.898480
49.200000,-65.898311,-65.893760,-65.898743
49.250000,-65.898574,-65.894024,-65.899006
49.300000,-65.898836,-65.894286,-65.899268
49.350000,-65.899098,-65.894549,-65.899530
49.400000,-65.899359,-65.894810,-65.899791
49.450000,-65.899620,-65.895072,-65.900052
49.500000,-65.899880,-65.895332,-65.900312
49.550000,-65.900140,-65.895592,-65.900572
49.600000,-65.900399,-65.895852,-65.900831
49.650000,-65.900658,-65.896111,-65.901090
49.700000,-65.900917,-65.896370,-65.901348
49.750000,-65.901174,-65.896628,-65.901606
49.800000,-65.901432,-65.896886,-65.901863
49.850000,-65.901689,-65.897143,-65.902120
49.900000,-65.901945,-65.897400,-65.902376
49.950000,-65.902201,-65.897656,-65.902632
50.000000,-65.902456,-65.897912,-65.902887
50.050000,-65.902711,-65.898167,-65.903142
50.100000,-65.902966,-65.898422,-65.903396
50.150000,-65.903219,-65.898677,-65.903650
50.200000,-65.903473,-65.898930,-65.903904
50.250000,-65.903726,-65.899184,-65.904157
50.300000,-65.903978,-65.899437,-65.904409
50.350000,-65.904230,-65.899689,-65.904661
50.400000,-65.904482,-65.899941,-65.904912
50.450000,-65.904733,-65.900192,-65.905163
50.500000,-65.904983,-65.900443,-65.905414
50.550000,-65.905233,-65.900694,-65.905664
50.600000,-65.905483,-65.900944,-65.905913
50.650000,-65.905732,-65.901193,-65.906163
50.700000,-65.905981,-65.901442,-65.906411
50.750000,-65.906229,-65.901691,-65.906659
50.800000,-65.906477,-65.901939,-65.906907
50.850000,-65.906724,-65.902186,-65.907154
50.900000,-65.906971,-65.902434,-65.907401
50.950000,-65.907217,-65.902680,-65.907647
51.000000,-65.907463,-65.902926,-65.907893
51.050000,-65.907708,-65.903172,-65.908138
51.100000,-65.907953,-65.903417,-65.908383
51.150000,-65.908197,-65.903662,-65.908627
51.200000,-65.908441,-65.903907,-65.908871
51.250000,-65.908685,-65.904150,-65.909115
51.300000,-65.908928,-65.904394,-65.909358
51.350000,-65.909170,-65.904637,-65.909600
51.400000,-65.909412,-65.904879,-65.909842
51.450000,-65.909654,-65.905121,-65.910084
51.500000,-65.909895,-65.905363,-65.910325
51.550000,-65.910136,-65.905604,-65.910566
51.600000,-65.910376,-65.905844,-65.910806
51.650000,-65.910616,-65.906085,-65.911045
51.700000,-65.910855,-65.906324,-65.911285
51.750000,-65.911094,-65.906564,-65.911524
51.800000,-65.911333,-65.906802,-65.911762
51.850000,-65.911571,-65.907041,-65.912000
51.900000,-65.911808,-65.907279,-65.912237
51.950000,-65.912045,-65.907516,-65.912474
52.000000,-65.912282,-65.907753,-65.912711
52.050000,-65.912518,-65.907990,-65.912947
52.100000,-65.912754,-65.908226,-65.913183
52.150000,-65.912989,-65.908461,-65.913418
52.200000,-65.913224,-65.908697,-65.913653
52.250000,-65.913458,-65.908931,-65.913887
52.300000,-65.913692,-65.909166,-65.914121
52.350000,-65.913926,-65.909399,-65.914354
52.400000,-65.914159,-65.909633,-65.914587
52.450000,-65.914391,-65.909866,-65.914820
52.500000,-65.914623,-65.910098,-65.915052
52.550000,-65.914855,-65.910330,-65.915284
52.600000,-65.915086,-65.910562,-65.915515
52.650000,-65.915317,-65.910793,-65.915746
52.700000,-65.915548,-65.911024,-65.915976
52.750000,-65.915778,-65.911254,-65.916206
52.800000,-65.916007,-65.911484,-65.916436
52.850000,-65.916236,-65.911713,-65.916665
52.900000,-65.916465,-65.911942,-65.916893
52.950000,-65.916693,-65.912171,-65.917121
53.000000,-65.916921,-65.912399,-65.917349
53.050000,-65.917148,-65.912627,-65.917576
53.100000,-65.917375,-65.912854,-65.917803
53.150000,-65.917602,-65.913081,-65.918030
53.200000,-65.917828,-65.913307,-65.918256
53.250000,-65.918053,-65.913533,-65.918481
53.300000,-65.918278,-65.913759,-65.918706
53.350000,-65.918503,-65.913984,-65.918931
53.400000,-65.918727,-65.914209,-65.919155
53.450000,-65.918951,-65.914433,-65.919379
53.500000,-65.919175,-65.914657,-65.919603
53.550000,-65.919398,-65.914880,-65.919826
53.600000,-65.919621,-65.915103,-65.920048
53.650000,-65.919843,-65.915326,-65.920271
53.700000,-65.920065,-65.915548,-65.920492
53.750000,-65.920286,-65.915770,-65.920714
53.800000,-65.920507,-65.915991,-65.920935
53.850000,-65.920727,-65.916212,-65.921155
53.900000,-65.920948,-65.916432,-65.921375
53.950000,-65.921167,-65.916652,-65.921595
54.000000,-65.921387,-65.916872,-65.921814
54.050000,-65.921605,-65.917091,-65.922033
54.100000,-65.921824,-65.917310,-65.922251
54.150000,-65.922042,-65.917528,-65.922469
54.200000,-65.922259,-65.917746,-65.922687
54.250000,-65.922477,-65.917964,-65.922904
54.300000,-65.922693,-65.918181,-65.923121
54.350000,-65.922910,-65.918397,-65.923337
54.400000,-65.923126,-65.918614,-65.923553
54.450000,-65.923341,-65.918830,-65.923769
54.500000,-65.923557,-65.919045,-65.923984
54.550000,-65.923771,-65.919260,-65.924198
54.600000,-65.923986,-65.919475,-65.924413
54.650000,-65.924200,-65.919689,-65.924627
54.700000,-65.924413,-65.919903,-65.924840
54.750000,-65.924626,-65.920116,-65.925053
54.800000,-65.924839,-65.920329,-65.925266
54.850000,-65.925051,-65.920542,-65.925478
54.900000,-65.925263,-65.920754,-65.925690
54.950000,-65.925475,-65.920966,-65.925901
55.000000,-65.925686,-65.921178,-65.926113
55.050000,-65.925896,-65.921389,-65.926323
55.100000,-65.926107,-65.921599,-65.926534
55.150000,-65.926317,-65.921810,-65.926743
55.200000,-65.926526,-65.922019,-65.926953
55.250000,-65.926735,-65.922229,-65.927162
55.300000,-65.926944,-65.922438,-65.927371
55.350000,-65.927152,-65.922646,-65.927579
55.400000,-65.927360,-65.922855,-65.927787
55.450000,-65.927568,-65.923063,-65.927994
55.500000,-65.927775,-65.923270,-65.928201
55.550000,-65.927982,-65.923477,-65.928408
55.600000,-65.928188,-65.923684,-65.928614
55.650000,-65.928394,-65.923890,-65.928820
55.700000,-65.928600,-65.924096,-65.929026
55.750000,-65.928805,-65.924301,-65.929231
55.800000,-65.929010,-65.924507,-65.929436
55.850000,-65.929214,-65.924711,-65.929640
55.900000,-65.929418,-65.924916,-65.929844
55.950000,-65.929622,-65.925120,-65.930048
56.000000,-65.929825,-65.925323,-65.930251
56.050000,-65.930028,-65.925526,-65.930454
56.100000,-65.930230,-65.925729,-65.930656
56.150000,-65.930432,-65.925931,-65.930858
56.200000,-65.930634,-65.926133,-65.931060
56.250000,-65.930835,-65.926335,-65.931261
56.300000,-65.931036,-65.926536,-65.931462
56.350000,-65.931237,-65.926737,-65.931663
56.400000,-65.931437,-65.926938,-65.931863
56.450000,-65.931637,-65.927138,-65.932063
56.500000,-65.931836,-65.927338,-65.932262
56.550000,-65.932035,-65.927537,-65.932461
56.600000,-65.932234,-65.927736,-65.932660
56.650000,-65.932432,-65.927935,-65.932858
56.700000,-65.932630,-65.928133,-65.933056
56.750000,-65.932828,-65.928331,-65.933254
56.800000,-65.933025,-65.928528,-65.933451
56.850000,-65.933222,-65.928725,-65.933647
56.900000,-65.933418,-65.928922,-65.933844
56.950000,-65.933614,-65.929118,-65.934040
57.000000,-65.933810,-65.929314,-65.934236
57.050000,-65.934005,-65.929510,-65.934431
57.100000,-65.934200,-65.929705,-65.934626
57.150000,-65.934395,-65.929900,-65.934820
57.200000,-65.934589,-65.930095,-65.935014
57.250000,-65.934783,-65.930289,-65.935208
57.300000,-65.934977,-65.930482,-65.935402
57.350000,-65.935170,-65.930676,-65.935595
57.400000,-65.935362,-65.930869,-65.935788
57.450000,-65.935555,-65.931062,-65.935980
57.500000,-65.935747,-65.931254,-65.936172
57.550000,-65.935938,-65.931446,-65.936364
57.600000,-65.936130,-65.931637,-65.936555
57.650000,-65.936321,-65.931829,-65.936746
57.700000,-65.936511,-65.932020,-65.936936
57.750000,-65.936702,-65.932210,-65.937126
57.800000,-65.936891,-65.932400,-65.937316
57.850000,-65.937081,-65.932590,-65.937506
57.900000,-65.937270,-65.932779,-65.937695
57.950000,-65.937459,-65.932968,-65.937884
58.000000,-65.937647,-65.933157,-65.938072
58.050000,-65.937835,-65.933346,-65.938260
58.100000,-65.938023,-65.933534,-65.938448
58.150000,-65.938210,-65.933721,-65.938635
58.200000,-65.938397,-65.933908,-65.938822
58.250000,-65.938584,-65.934095,-65.939009
58.300000,-65.938770,-65.934282,-65.939195
58.350000,-65.938956,-65.934468,-65.939381
58.400000,-65.939142,-65.934654,-65.939566
58.450000,-65.939327,-65.934840,-65.939752
58.500000,-65.939512,-65.935025,-65.939937
58.550000,-65.939697,-65.935210,-65.940121
58.600000,-65.939881,-65.935394,-65.940305
58.650000,-65.940065,-65.935578,-65.940489
58.700000,-65.940248,-65.935762,-65.940673
58.750000,-65.940431,-65.935945,-65.940856
58.800000,-65.940614,-65.936129,-65.941038
58.850000,-65.940797,-65.936311,-65.941221
58.900000,-65.940979,-65.936494,-65.941403
58.950000,-65.941160,-65.936676,-65.941585
59.000000,-65.941342,-65.936857,-65.941766
59.050000,-65.941523,-65.937039,-65.941947
59.100000,-65.941704,-65.937220,-65.942128
59.150000,-65.941884,-65.937401,-65.942308
59.200000,-65.942064,-65.937581,-65.942488
59.250000,-65.942244,-65.937761,-65.942668
59.300000,-65.942423,-65.937941,-65.942847
59.350000,-65.942602,-65.938120,-65.943027
59.400000,-65.942781,-65.938299,-65.943205
59.450000,-65.942960,-65.938477,-65.943384
59.500000,-65.943138,-65.938656,-65.943562
59.550000,-65.943315,-65.938834,-65.943739
59.600000,-65.943493,-65.939011,-65.943917
59.650000,-65.943670,-65.939189,-65.944094
59.700000,-65.943846,-65.939366,-65.944270
59.750000,-65.944023,-65.939542,-65.944447
59.800000,-65.944199,-65.939719,-65.944623
59.850000,-65.944375,-65.939895,-65.944798
59.900000,-65.944550,-65.940070,-65.944974
59.950000,-65.944725,-65.940246,-65.945149
60.000000,-65.944900,-65.940420,-65.945323
60.050000,-65.945074,-65.940595,-65.945498
60.100000,-65.945248,-65.940769,-65.945672
60.150000,-65.945422,-65.940943,-65.945845
60.200000,-65.945595,-65.941117,-65.946019
60.250000,-65.945768,-65.941290,-65.946192
60.300000,-65.945941,-65.941463,-65.946365
60.350000,-65.946114,-65.941636,-65.946537
60.400000,-65.946286,-65.941808,-65.946709
60.450000,-65.946457,-65.941980,-65.946881
60.500000,-65.946629,-65.942152,-65.947052
60.550000,-65.946800,-65.942324,-65.947223
60.600000,-65.946971,-65.942495,-65.947394
60.650000,-65.947141,-65.942665,-65.947565
60.700000,-65.947311,-65.942836,-65.947735
60.750000,-65.947481,-65.943006,-65.947905
60.800000,-65.947651,-65.943176,-65.948074
60.850000,-65.947820,-65.943345,-65.948243
60.900000,-65.947989,-65.943514,-65.948412
60.950000,-65.948157,-65.943683,-65.948581
61.000000,-65.948326,-65.943852,-65.948749
61.050000,-65.948494,-65.944020,-65.948917
61.100000,-65.948661,-65.944188,-65.949084
61.150000,-65.948829,-65.944355,-65.949252
61.200000,-65.948996,-65.944522,-65.949419
61.250000,-65.949162,-65.944689,-65.949585
61.300000,-65.949329,-65.944856,-65.949752
61.350000,-65.949495,-65.945022,-65.949918
61.400000,-65.949660,-65.945188,-65.950083
61.450000,-65.949826,-65.945354,-65.950249
61.500000,-65.949991,-65.945519,-65.950414
61.550000,-65.950156,-65.945684,-65.950579
61.600000,-65.950320,-65.945849,-65.950743
61.650000,-65.950484,-65.946013,-65.950907
61.700000,-65.950648,-65.946177,-65.951071
61.750000,-65.950812,-65.946341,-65.951235
61.800000,-65.950975,-65.946505,-65.951398
61.850000,-65.951138,-65.946668,-65.951561
61.900000,-65.951301,-65.946831,-65.951723
61.950000,-65.951463,-65.946993,-65.951886
62.000000,-65.951625,-65.947156,-65.952048
62.050000,-65.951787,-65.947318,-65.952209
62.100000,-65.951948,-65.947479,-65.952371
62.150000,-65.952109,-65.947641,-65.952532
62.200000,-65.952270,-65.947802,-65.952693
62.250000,-65.952431,-65.947962,-65.952853
62.300000,-65.952591,-65.948123,-65.953013
62.350000,-65.952751,-65.948283,-65.953173
62.400000,-65.952910,-65.948443,-65.953333
62.450000,-65.953070,-65.948602,-65.953492
62.500000,-65.953229,-65.948762,-65.953651
62.550000,-65.953387,-65.948921,-65.953810
62.600000,-65.953546,-65.949079,-65.953968
62.650000,-65.953704,-65.949238,-65.954126
62.700000,-65.953862,-65.949396,-65.954284
62.750000,-65.954019,-65.949553,-65.954441
62.800000,-65.954176,-65.949711,-65.954599
62.850000,-65.954333,-65.949868,-65.954756
62.900000,-65.954490,-65.950025,-65.954912
62.950000,-65.954646,-65.950181,-65.955069
63.000000,-65.954802,-65.950338,-65.955225
63.050000,-65.954958,-65.950494,-65.955380
63.100000,-65.955113,-65.950649,-65.955536
63.150000,-65.955269,-65.950805,-65.955691
63.200000,-65.955424,-65.950960,-65.955846
63.250000,-65.955578,-65.951115,-65.956000
63.300000,-65.955732,-65.951269,-65.956155
63.350000,-65.955886,-65.951423,-65.956308
63.400000,-65.956040,-65.951577,-65.956462
63.450000,-65.956194,-65.951731,-65.956616
63.500000,-65.956347,-65.951884,-65.956769
63.550000,-65.956499,-65.952037,-65.956922
63.600000,-65.956652,-65.952190,-65.957074
63.650000,-65.956804,-65.952343,-65.957226
63.700000,-65.956956,-65.952495,-65.957378
63.750000,-65.957108,-65.952647,-65.957530
63.800000,-65.957259,-65.952798,-65.957681
63.850000,-65.957411,-65.952950,-65.957832
63.900000,-65.957561,-65.953101,-65.957983
63.950000,-65.957712,-65.953252,-65.958134
64.000000,-65.957862,-65.953402,-65.958284
64.050000,-65.958012,-65.953552,-65.958434
64.100000,-65.958162,-65.953702,-65.958584
64.150000,-65.958311,-65.953852,-65.958733
64.200000,-65.958461,-65.954001,-65.958882
64.250000,-65.958609,-65.954150,-65.959031
64.300000,-65.958758,-65.954299,-65.959180
64.350000,-65.958906,-65.954448,-65.959328
64.400000,-65.959054,-65.954596,-65.959476
64.450000,-65.959202,-65.954744,-65.959624
64.500000,-65.959350,-65.954892,-65.959771
64.550000,-65.959497,-65.955039,-65.959919
64.600000,-65.959644,-65.955186,-65.960065
64.650000,-65.959790,-65.955333,-65.960212
64.700000,-65.959937,-65.955480,-65.960358
64.750000,-65.960083,-65.955626,-65.960505
64.800000,-65.960229,-65.955772,-65.960650
64.850000,-65.960374,-65.955918,-65.960796
64.900000,-65.960520,-65.956063,-65.960941
64.950000,-65.960665,-65.956209,-65.961086
65.000000,-65.960809,-65.956354,-65.961231
65.050000,-65.960954,-65.956498,-65.961375
65.100000,-65.961098,-65.956643,-65.961519
65.150000,-65.961242,-65.956787,-65.961663
65.200000,-65.961386,-65.956931,-65.961807
65.250000,-65.961529,-65.957074,-65.961950
65.300000,-65.961672,-65.957218,-65.962094
65.350000,-65.961815,-65.957361,-65.962236
65.400000,-65.961958,-65.957503,-65.962379
65.450000,-65.962100,-65.957646,-65.962521
65.500000,-65.962242,-65.957788,-65.962663
65.550000,-65.962384,-65.957930,-65.962805
65.600000,-65.962525,-65.958072,-65.962947
65.650000,-65.962667,-65.958213,-65.963088
65.700000,-65.962808,-65.958355,-65.963229
65.750000,-65.962948,-65.958496,-65.963369
65.800000,-65.963089,-65.958636,-65.963510
65.850000,-65.963229,-65.958777,-65.963650
65.900000,-65.963369,-65.958917,-65.963790
65.950000,-65.963509,-65.959057,-65.963930
66.000000,-65.963648,-65.959196,-65.964069
66.050000,-65.963787,-65.959336,-65.964208
66.100000,-65.963926,-65.959475,-65.964347
66.150000,-65.964065,-65.959614,-65.964486
66.200000,-65.964203,-65.959752,-65.964624
66.250000,-65.964341,-65.959890,-65.964762
66.300000,-65.964479,-65.960028,-65.964900
66.350000,-65.964617,-65.960166,-65.965037
66.400000,-65.964754,-65.960304,-65.965175
66.450000,-65.964891,-65.960441,-65.965312
66.500000,-65.965028,-65.960578,-65.965449
66.550000,-65.965164,-65.960715,-65.965585
66.600000,-65.965301,-65.960851,-65.965721
66.650000,-65.965437,-65.960988,-65.965858
66.700000,-65.965572,-65.961124,-65.965993
66.750000,-65.965708,-65.961259,-65.966129
66.800000,-65.965843,-65.961395,-65.966264
66.850000,-65.965978,-65.961530,-65.966399
66.900000,-65.966113,-65.961665,-65.966534
66.950000,-65.966248,-65.961800,-65.966668
67.000000,-65.966382,-65.961934,-65.966803
67.050000,-65.966516,-65.962068,-65.966937
67.100000,-65.966650,-65.962202,-65.967070
67.150000,-65.966783,-65.962336,-65.967204
67.200000,-65.966917,-65.962470,-65.967337
67.250000,-65.967050,-65.962603,-65.967470
67.300000,-65.967182,-65.962736,-65.967603
67.350000,-65.967315,-65.962869,-65.967736
67.400000,-65.967447,-65.963001,-65.967868
67.450000,-65.967579,-65.963133,-65.968000
67.500000,-65.967711,-65.963265,-65.968132
67.550000,-65.967843,-65.963397,-65.968263
67.600000,-65.967974,-65.963528,-65.968394
67.650000,-65.968105,-65.963660,-65.968525
67.700000,-65.968236,-65.963791,-65.968656
67.750000,-65.968366,-65.963921,-65.968787
67.800000,-65.968497,-65.964052,-65.968917
67.850000,-65.968627,-65.964182,-65.969047
67.900000,-65.968756,-65.964312,-65.969177
67.950000,-65.968886,-65.964442,-65.969306
68.000000,-65.969015,-65.964571,-65.969436
68.050000,-65.969144,-65.964701,-65.969565
68.100000,-65.969273,-65.964830,-65.969694
68.150000,-65.969402,-65.964959,-65.969822
68.200000,-65.969530,-65.965087,-65.969951
68.250000,-65.969658,-65.965215,-65.970079
68.300000,-65.969786,-65.965344,-65.970207
68.350000,-65.969914,-65.965471,-65.970334
68.400000,-65.970041,-65.965599,-65.970462
68.450000,-65.970169,-65.965726,-65.970589
68.500000,-65.970296,-65.965853,-65.970716
68.550000,-65.970422,-65.965980,-65.970843
68.600000,-65.970549,-65.966107,-65.970969
68.650000,-65.970675,-65.966233,-65.971095
68.700000,-65.970801,-65.966360,-65.971221
68.750000,-65.970927,-65.966486,-65.971347
68.800000,-65.971052,-65.966611,-65.971472
68.850000,-65.971178,-65.966737,-65.971598
68.900000,-65.971303,-65.966862,-65.971723
68.950000,-65.971427,-65.966987,-65.971848
69.000000,-65.971552,-65.967112,-65.971972
69.050000,-65.971676,-65.967236,-65.972096
69.100000,-65.971801,-65.967361,-65.972221
69.150000,-65.971924,-65.967485,-65.972344
69.200000,-65.972048,-65.967608,-65.972468
69.250000,-65.972172,-65.967732,-65.972592
69.300000,-65.972295,-65.967855,-65.972715
69.350000,-65.972418,-65.967979,-65.972838
69.400000,-65.972540,-65.968102,-65.972960
69.450000,-65.972663,-65.968224,-65.973083
69.500000,-65.972785,-65.968347,-65.973205
69.550000,-65.972907,-65.968469,-65.973327
69.600000,-65.973029,-65.968591,-65.973449
69.650000,-65.973151,-65.968713,-65.973571
69.700000,-65.973272,-65.968834,-65.973692
69.750000,-65.973393,-65.968955,-65.973813
69.800000,-65.973514,-65.969077,-65.973934
69.850000,-65.973635,-65.969197,-65.974055
69.900000,-65.973755,-65.969318,-65.974175
69.950000,-65.973876,-65.969438,-65.974295
70.000000,-65.973996,-65.969559,-65.974415
70.050000,-65.974115,-65.969679,-65.974535
70.100000,-65.974235,-65.969798,-65.974655
70.150000,-65.974354,-65.969918,-65.974774
70.200000,-65.974473,-65.970037,-65.974893
70.250000,-65.974592,-65.970156,-65.975012
70.300000,-65.974711,-65.970275,-65.975131
70.350000,-65.974829,-65.970394,-65.975249
70.400000,-65.974948,-65.970512,-65.975367
70.450000,-65.975066,-65.970630,-65.975485
70.500000,-65.975183,-65.970748,-65.975603
70.550000,-65.975301,-65.970866,-65.975721
70.600000,-65.975418,-65.970984,-65.975838
70.650000,-65.975535,-65.971101,-65.975955
70.700000,-65.975652,-65.971218,-65.976072
70.750000,-65.975769,-65.971335,-65.976189
70.800000,-65.975886,-65.971451,-65.976305
70.850000,-65.976002,-65.971568,-65.976421
70.900000,-65.976118,-65.971684,-65.976537
70.950000,-65.976234,-65.971800,-65.976653
71.000000,-65.976349,-65.971916,-65.976769
71.050000,-65.976465,-65.972031,-65.976884
71.100000,-65.976580,-65.972147,-65.976999
71.150000,-65.976695,-65.972262,-65.977114
71.200000,-65.976810,-65.972377,-65.977229
71.250000,-65.976924,-65.972492,-65.977344
71.300000,-65.977039,-65.972606,-65.977458
71.350000,-65.977153,-65.972720,-65.977572
71.400000,-65.977267,-65.972834,-65.977686
71.450000,-65.977380,-65.972948,-65.977800
71.500000,-65.977494,-65.973062,-65.977913
71.550000,-65.977607,-65.973175,-65.978026
71.600000,-65.977720,-65.973288,-65.978139
71.650000,-65.977833,-65.973401,-65.978252
71.700000,-65.977945,-65.973514,-65.978365
71.750000,-65.978058,-65.973627,-65.978477
71.800000,-65.978170,-65.973739,-65.978589
71.850000,-65.978282,-65.973851,-65.978701
71.900000,-65.978394,-65.973963,-65.978813
71.950000,-65.978505,-65.974075,-65.978925
72.000000,-65.978617,-65.974187,-65.979036
72.050000,-65.978728,-65.974298,-65.979147
72.100000,-65.978839,-65.974409,-65.979258
72.150000,-65.978950,-65.974520,-65.979369
72.200000,-65.979060,-65.974631,-65.979480
72.250000,-65.979171,-65.974741,-65.979590
72.300000,-65.979281,-65.974851,-65.979700
72.350000,-65.979391,-65.974962,-65.979810
72.400000,-65.979500,-65.975071,-65.979920
72.450000,-65.979610,-65.975181,-65.980029
72.500000,-65.979719,-65.975291,-65.980138
72.550000,-65.979828,-65.975400,-65.980248
72.600000,-65.979937,-65.975509,-65.980356
72.650000,-65.980046,-65.975618,-65.980465
72.700000,-65.980155,-65.975726,-65.980574
72.750000,-65.980263,-65.975835,-65.980682
72.800000,-65.980371,-65.975943,-65.980790
72.850000,-65.980479,-65.976051,-65.980898
72.900000,-65.980587,-65.976159,-65.981006
72.950000,-65.980694,-65.976267,-65.981113
73.000000,-65.980801,-65.976374,-65.981220
73.050000,-65.980908,-65.976481,-65.981327
73.100000,-65.981015,-65.976588,-65.981434
73.150000,-65.981122,-65.976695,-65.981541
73.200000,-65.981229,-65.976802,-65.981648
73.250000,-65.981335,-65.976908,-65.981754
73.300000,-65.981441,-65.977015,-65.981860
73.350000,-65.981547,-65.977121,-65.981966
73.400000,-65.981653,-65.977227,-65.982071
73.450000,-65.981758,-65.977332,-65.982177
73.500000,-65.981863,-65.977438,-65.982282
73.550000,-65.981968,-65.977543,-65.982387
73.600000,-65.982073,-65.977648,-65.982492
73.650000,-65.982178,-65.977753,-65.982597
73.700000,-65.982283,-65.977858,-65.982702
73.750000,-65.982387,-65.977962,-65.982806
73.800000,-65.982491,-65.978066,-65.982910
73.850000,-65.982595,-65.978170,-65.983014
73.900000,-65.982699,-65.978274,-65.983118
73.950000,-65.982802,-65.978378,-65.983221
74.000000,-65.982906,-65.978482,-65.983325
74.050000,-65.983009,-65.978585,-65.983428
74.100000,-65.983112,-65.978688,-65.983531
74.150000,-65.983215,-65.978791,-65.983634
74.200000,-65.983317,-65.978894,-65.983736
74.250000,-65.983420,-65.978996,-65.983839
74.300000,-65.983522,-65.979099,-65.983941
74.350000,-65.983624,-65.979201,-65.984043
74.400000,-65.983726,-65.979303,-65.984145
74.450000,-65.983828,-65.979405,-65.984246
74.500000,-65.983929,-65.979506,-65.984348
74.550000,-65.984030,-65.979608,-65.984449
74.600000,-65.984131,-65.979709,-65.984550
74.650000,-65.984232,-65.979810,-65.984651
74.700000,-65.984333,-65.979911,-65.984752
74.750000,-65.984433,-65.980011,-65.984852
74.800000,-65.984534,-65.980112,-65.984952
74.850000,-65.984634,-65.980212,-65.985053
74.900000,-65.984734,-65.980312,-65.985153
74.950000,-65.984834,-65.980412,-65.985252
75.000000,-65.984933,-65.980512,-65.985352
75.050000,-65.985033,-65.980611,-65.985451
75.100000,-65.985132,-65.980711,-65.985551
75.150000,-65.985231,-65.980810,-65.985650
75.200000,-65.985330,-65.980909,-65.985748
75.250000,-65.985428,-65.981008,-65.985847
75.300000,-65.985527,-65.981106,-65.985946
75.350000,-65.985625,-65.981205,-65.986044
75.400000,-65.985723,-65.981303,-65.986142
75.450000,-65.985821,-65.981401,-65.986240
75.500000,-65.985919,-65.981499,-65.986338
75.550000,-65.986017,-65.981597,-65.986435
75.600000,-65.986114,-65.981694,-65.986533
75.650000,-65.986211,-65.981792,-65.986630
75.700000,-65.986308,-65.981889,-65.986727
75.750000,-65.986405,-65.981986,-65.986824
75.800000,-65.986502,-65.982083,-65.986920
75.850000,-65.986598,-65.982179,-65.987017
75.900000,-65.986695,-65.982276,-65.987113
75.950000,-65.986791,-65.982372,-65.987209
76.000000,-65.986887,-65.982468,-65.987305
76.050000,-65.986982,-65.982564,-65.987401
76.100000,-65.987078,-65.982660,-65.987496
76.150000,-65.987173,-65.982755,-65.987592
76.200000,-65.987269,-65.982851,-65.987687
76.250000,-65.987364,-65.982946,-65.987782
76.300000,-65.987459,-65.983041,-65.987877
76.350000,-65.987553,-65.983136,-65.987972
76.400000,-65.987648,-65.983230,-65.988066
76.450000,-65.987742,-65.983325,-65.988161
76.500000,-65.987836,-65.983419,-65.988255
76.550000,-65.987930,-65.983513,-65.988349
76.600000,-65.988024,-65.983607,-65.988443
76.650000,-65.988118,-65.983701,-65.988536
76.700000,-65.988211,-65.983795,-65.988630
76.750000,-65.988305,-65.983888,-65.988723
76.800000,-65.988398,-65.983981,-65.988816
76.850000,-65.988491,-65.984074,-65.988909
76.900000,-65.988584,-65.984167,-65.989002
76.950000,-65.988676,-65.984260,-65.989094
77.000000,-65.988769,-65.984353,-65.989187
77.050000,-65.988861,-65.984445,-65.989279
77.100000,-65.988953,-65.984537,-65.989371
77.150000,-65.989045,-65.984629,-65.989463
77.200000,-65.989137,-65.984721,-65.989555
77.250000,-65.989228,-65.984813,-65.989647
77.300000,-65.989320,-65.984904,-65.989738
77.350000,-65.989411,-65.984996,-65.989829
77.400000,-65.989502,-65.985087,-65.989920
77.450000,-65.989593,-65.985178,-65.990011
77.500000,-65.989684,-65.985269,-65.990102
77.550000,-65.989774,-65.985360,-65.990193
77.600000,-65.989865,-65.985450,-65.990283
77.650000,-65.989955,-65.985541,-65.990373
77.700000,-65.990045,-65.985631,-65.990463
77.750000,-65.990135,-65.985721,-65.990553
77.800000,-65.990225,-65.985811,-65.990643
77.850000,-65.990314,-65.985900,-65.990732
77.900000,-65.990404,-65.985990,-65.990822
77.950000,-65.990493,-65.986079,-65.990911
78.000000,-65.990582,-65.986168,-65.991000
78.050000,-65.990671,-65.986257,-65.991089
78.100000,-65.990760,-65.986346,-65.991178
78.150000,-65.990848,-65.986435,-65.991266
78.200000,-65.990937,-65.986524,-65.991355
78.250000,-65.991025,-65.986612,-65.991443
78.300000,-65.991113,-65.986700,-65.991531
78.350000,-65.991201,-65.986788,-65.991619
78.400000,-65.991289,-65.986876,-65.991707
78.450000,-65.991376,-65.986964,-65.991794
78.500000,-65.991464,-65.987051,-65.991882
78.550000,-65.991551,-65.987139,-65.991969
78.600000,-65.991638,-65.987226,-65.992056
78.650000,-65.991725,-65.987313,-65.992143
78.700000,-65.991812,-65.987400,-65.992230
78.750000,-65.991898,-65.987487,-65.992316
78.800000,-65.991985,-65.987573,-65.992403
78.850000,-65.992071,-65.987660,-65.992489
78.900000,-65.992157,-65.987746,-65.992575
78.950000,-65.992243,-65.987832,-65.992661
79.000000,-65.992329,-65.987918,-65.992747
79.050000,-65.992415,-65.988004,-65.992833
79.100000,-65.992500,-65.988089,-65.992918
79.150000,-65.992586,-65.988175,-65.993004
79.200000,-65.992671,-65.988260,-65.993089
79.250000,-65.992756,-65.988345,-65.993174
79.300000,-65.992841,-65.988430,-65.993259
79.350000,-65.992926,-65.988515,-65.993343
79.400000,-65.993010,-65.988600,-65.993428
79.450000,-65.993095,-65.988684,-65.993512
79.500000,-65.993179,-65.988769,-65.993597
79.550000,-65.993263,-65.988853,-65.993681
79.600000,-65.993347,-65.988937,-65.993765
79.650000,-65.993431,-65.989021,-65.993848
79.700000,-65.993514,-65.989105,-65.993932
79.750000,-65.993598,-65.989188,-65.994015
79.800000,-65.993681,-65.989272,-65.994099
79.850000,-65.993764,-65.989355,-65.994182
79.900000,-65.993847,-65.989438,-65.994265
79.950000,-65.993930,-65.989521,-65.994348
80.000000,-65.994013,-65.989604,-65.994430
80.050000,-65.994095,-65.989687,-65.994513
80.100000,-65.994178,-65.989769,-65.994595
80.150000,-65.994260,-65.989851,-65.994678
80.200000,-65.994342,-65.989934,-65.994760
80.250000,-65.994424,-65.990016,-65.994842
80.300000,-65.994506,-65.990098,-65.994923
80.350000,-65.994587,-65.990179,-65.995005
80.400000,-65.994669,-65.990261,-65.995087
80.450000,-65.994750,-65.990342,-65.995168
80.500000,-65.994831,-65.990424,-65.995249
80.550000,-65.994912,-65.990505,-65.995330
80.600000,-65.994993,-65.990586,-65.995411
80.650000,-65.995074,-65.990667,-65.995492
80.700000,-65.995155,-65.990747,-65.995572
80.750000,-65.995235,-65.990828,-65.995653
80.800000,-65.995315,-65.990908,-65.995733
80.850000,-65.995395,-65.990988,-65.995813
80.900000,-65.995475,-65.991069,-65.995893
80.950000,-65.995555,-65.991148,-65.995973
81.000000,-65.995635,-65.991228,-65.996053
81.050000,-65.995714,-65.991308,-65.996132
81.100000,-65.995794,-65.991387,-65.996211
81.150000,-65.995873,-65.991467,-65.996291
81.200000,-65.995952,-65.991546,-65.996370
81.250000,-65.996031,-65.991625,-65.996449
81.300000,-65.996110,-65.991704,-65.996528
81.350000,-65.996189,-65.991783,-65.996606
81.400000,-65.996267,-65.991861,-65.996685
81.450000,-65.996346,-65.991940,-65.996763
81.500000,-65.996424,-65.992018,-65.996841
81.550000,-65.996502,-65.992096,-65.996919
81.600000,-65.996580,-65.992174,-65.996997
81.650000,-65.996658,-65.992252,-65.997075
81.700000,-65.996735,-65.992330,-65.997153
81.750000,-65.996813,-65.992408,-65.997230
81.800000,-65.996890,-65.992485,-65.997308
81.850000,-65.996967,-65.992562,-65.997385
81.900000,-65.997044,-65.992640,-65.997462
81.950000,-65.997121,-65.992717,-65.997539
82.000000,-65.997198,-65.992794,-65.997616
82.050000,-65.997275,-65.992870,-65.997692
82.100000,-65.997351,-65.992947,-65.997769
82.150000,-65.997428,-65.993023,-65.997845
82.200000,-65.997504,-65.993100,-65.997921
82.250000,-65.997580,-65.993176,-65.997997
82.300000,-65.997656,-65.993252,-65.998073
82.350000,-65.997732,-65.993328,-65.998149
82.400000,-65.997807,-65.993404,-65.998225
82.450000,-65.997883,-65.993479,-65.998300
82.500000,-65.997958,-65.993555,-65.998376
82.550000,-65.998033,-65.993630,-65.998451
82.600000,-65.998108,-65.993705,-65.998526
82.650000,-65.998183,-65.993780,-65.998601
82.700000,-65.998258,-65.993855,-65.998676
82.750000,-65.998333,-65.993930,-65.998750
82.800000,-65.998408,-65.994005,-65.998825
82.850000,-65.998482,-65.994079,-65.998899
82.900000,-65.998556,-65.994154,-65.998974
82.950000,-65.998630,-65.994228,-65.999048
83.000000,-65.998704,-65.994302,-65.999122
83.050000,-65.998778,-65.994376,-65.999196
83.100000,-65.998852,-65.994450,-65.999269
83.150000,-65.998925,-65.994523,-65.999343
83.200000,-65.998999,-65.994597,-65.999416
83.250000,-65.999072,-65.994670,-65.999490
83.300000,-65.999145,-65.994744,-65.999563
83.350000,-65.999218,-65.994817,-65.999636
83.400000,-65.999291,-65.994890,-65.999709
83.450000,-65.999364,-65.994963,-65.999781
83.500000,-65.999437,-65.995035,-65.999854
83.550000,-65.999509,-65.995108,-65.999927
83.600000,-65.999582,-65.995180,-65.999999
83.650000,-65.999654,-65.995253,-66.000071
83.700000,-65.999726,-65.995325,-66.000143
83.750000,-65.999798,-65.995397,-66.000215
83.800000,-65.999870,-65.995469,-66.000287
83.850000,-65.999942,-65.995541,-66.000359
83.900000,-66.000013,-65.995612,-66.000430
83.950000,-66.000085,-65.995684,-66.000502
84.000000,-66.000156,-65.995755,-66.000573
84.050000,-66.000227,-65.995827,-66.000644
84.100000,-66.000298,-65.995898,-66.000715
84.150000,-66.000369,-65.995969,-66.000786
84.200000,-66.000440,-65.996040,-66.000857
84.250000,-66.000510,-65.996110,-66.000928
84.300000,-66.000581,-65.996181,-66.000998
84.350000,-66.000651,-65.996251,-66.001068
84.400000,-66.000722,-65.996322,-66.001139
84.450000,-66.000792,-65.996392,-66.001209
84.500000,-66.000862,-65.996462,-66.001279
84.550000,-66.000932,-65.996532,-66.001349
84.600000,-66.001001,-65.996602,-66.001418
84.650000,-66.001071,-65.996672,-66.001488
84.700000,-66.001140,-65.996741,-66.001558
84.750000,-66.001210,-65.996811,-66.001627
84.800000,-66.001279,-65.996880,-66.001696
84.850000,-66.001348,-65.996949,-66.001765
84.900000,-66.001417,-65.997018,-66.001834
84.950000,-66.001486,-65.997087,-66.001903
85.000000,-66.001555,-65.997156,-66.001972
85.050000,-66.001623,-65.997225,-66.002040
85.100000,-66.001692,-65.997293,-66.002109
85.150000,-66.001760,-65.997362,-66.002177
85.200000,-66.001828,-65.997430,-66.002245
85.250000,-66.001896,-65.997498,-66.002313
85.300000,-66.001964,-65.997566,-66.002381
85.350000,-66.002032,-65.997634,-66.002449
85.400000,-66.002100,-65.997702,-66.002517
85.450000,-66.002167,-65.997770,-66.002584
85.500000,-66.002235,-65.997837,-66.002652
85.550000,-66.002302,-65.997905,-66.002719
85.600000,-66.002369,-65.997972,-66.002786
85.650000,-66.002436,-65.998039,-66.002854
85.700000,-66.002503,-65.998106,-66.002920
85.750000,-66.002570,-65.998173,-66.002987
85.800000,-66.002637,-65.998240,-66.003054
85.850000,-66.002704,-65.998306,-66.003121
85.900000,-66.002770,-65.998373,-66.003187
85.950000,-66.002836,-65.998439,-66.003253
86.000000,-66.002903,-65.998506,-66.003320
86.050000,-66.002969,-65.998572,-66.003386
86.100000,-66.003035,-65.998638,-66.003452
86.150000,-66.003100,-65.998704,-66.003518
86.200000,-66.003166,-65.998770,-66.003583
86.250000,-66.003232,-65.998836,-66.003649
86.300000,-66.003297,-65.998901,-66.003714
86.350000,-66.003363,-65.998967,-66.003780
86.400000,-66.003428,-65.999032,-66.003845
86.450000,-66.003493,-65.999097,-66.003910
86.500000,-66.003558,-65.999162,-66.003975
86.550000,-66.003623,-65.999227,-66.004040
86.600000,-66.003688,-65.999292,-66.004105
86.650000,-66.003752,-65.999357,-66.004169
86.700000,-66.003817,-65.999421,-66.004234
86.750000,-66.003881,-65.999486,-66.004298
86.800000,-66.003946,-65.999550,-66.004363
86.850000,-66.004010,-65.999615,-66.004427
86.900000,-66.004074,-65.999679,-66.004491
86.950000,-66.004138,-65.999743,-66.004555
87.000000,-66.004202,-65.999807,-66.004619
87.050000,-66.004265,-65.999870,-66.004682
87.100000,-66.004329,-65.999934,-66.004746
87.150000,-66.004392,-65.999998,-66.004809
87.200000,-66.004456,-66.000061,-66.004873
87.250000,-66.004519,-66.000124,-66.004936
87.300000,-66.004582,-66.000188,-66.004999
87.350000,-66.004645,-66.000251,-66.005062
87.400000,-66.004708,-66.000314,-66.005125
87.450000,-66.004771,-66.000376,-66.005188
87.500000,-66.004833,-66.000439,-66.005250
87.550000,-66.004896,-66.000502,-66.005313
87.600000,-66.004958,-66.000564,-66.005375
87.650000,-66.005021,-66.000627,-66.005438
87.700000,-66.005083,-66.000689,-66.005500
87.750000,-66.005145,-66.000751,-66.005562
87.800000,-66.005207,-66.000813,-66.005624
87.850000,-66.005269,-66.000875,-66.005686
87.900000,-66.005330,-66.000937,-66.005747
87.950000,-66.005392,-66.000999,-66.005809
88.000000,-66.005454,-66.001060,-66.005870
88.050000,-66.005515,-66.001122,-66.005932
88.100000,-66.005576,-66.001183,-66.005993
88.150000,-66.005637,-66.001244,-66.006054
88.200000,-66.005698,-66.001305,-66.006115
88.250000,-66.005759,-66.001366,-66.006176
88.300000,-66.005820,-66.001427,-66.006237
88.350000,-66.005881,-66.001488,-66.006298
88.400000,-66.005942,-66.001549,-66.006358
88.450000,-66.006002,-66.001609,-66.006419
88.500000,-66.006062,-66.001670,-66.006479
88.550000,-66.006123,-66.001730,-66.006540
88.600000,-66.006183,-66.001790,-66.006600
88.650000,-66.006243,-66.001851,-66.006660
88.700000,-66.006303,-66.001911,-66.006720
88.750000,-66.006363,-66.001971,-66.006779
88.800000,-66.006422,-66.002030,-66.006839
88.850000,-66.006482,-66.002090,-66.006899
88.900000,-66.006541,-66.002150,-66.006958
88.950000,-66.006601,-66.002209,-66.007018
89.000000,-66.006660,-66.002268,-66.007077
89.050000,-66.006719,-66.002328,-66.007136
89.100000,-66.006778,-66.002387,-66.007195
89.150000,-66.006837,-66.002446,-66.007254
89.200000,-66.006896,-66.002505,-66.007313
89.250000,-66.006955,-66.002564,-66.007372
89.300000,-66.007014,-66.002622,-66.007430
89.350000,-66.007072,-66.002681,-66.007489
89.400000,-66.007130,-66.002739,-66.007547
89.450000,-66.007189,-66.002798,-66.007605
89.500000,-66.007247,-66.002856,-66.007664
89.550000,-66.007305,-66.002914,-66.007722
89.600000,-66.007363,-66.002972,-66.007780
89.650000,-66.007421,-66.003030,-66.007838
89.700000,-66.007479,-66.003088,-66.007895
89.750000,-66.007536,-66.003146,-66.007953
89.800000,-66.007594,-66.003203,-66.008011
89.850000,-66.007651,-66.003261,-66.008068
89.900000,-66.007709,-66.003318,-66.008125
89.950000,-66.007766,-66.003376,-66.008183
90.000000,-66.007823,-66.003433,-66.008240
90.050000,-66.007880,-66.003490,-66.008297
90.100000,-66.007937,-66.003547,-66.008354
90.150000,-66.007994,-66.003604,-66.008410
90.200000,-66.008050,-66.003661,-66.008467
90.250000,-66.008107,-66.003717,-66.008524
90.300000,-66.008164,-66.003774,-66.008580
90.350000,-66.008220,-66.003830,-66.008637
90.400000,-66.008276,-66.003887,-66.008693
90.450000,-66.008332,-66.003943,-66.008749
90.500000,-66.008389,-66.003999,-66.008805
90.550000,-66.008445,-66.004055,-66.008861
90.600000,-66.008500,-66.004111,-66.008917
90.650000,-66.008556,-66.004167,-66.008973
90.700000,-66.008612,-66.004223,-66.009029
90.750000,-66.008667,-66.004278,-66.009084
90.800000,-66.008723,-66.004334,-66.009140
90.850000,-66.008778,-66.004389,-66.009195
90.900000,-66.008834,-66.004445,-66.009250
90.950000,-66.008889,-66.004500,-66.009305
91.000000,-66.008944,-66.004555,-66.009360
91.050000,-66.008999,-66.004610,-66.009415
91.100000,-66.009054,-66.004665,-66.009470
91.150000,-66.009108,-66.004720,-66.009525
91.200000,-66.009163,-66.004775,-66.009580
91.250000,-66.009218,-66.004829,-66.009634
91.300000,-66.009272,-66.004884,-66.009689
91.350000,-66.009326,-66.004938,-66.009743
91.400000,-66.009381,-66.004992,-66.009797
91.450000,-66.009435,-66.005047,-66.009851
91.500000,-66.009489,-66.005101,-66.009905
91.550000,-66.009543,-66.005155,-66.009959
91.600000,-66.009597,-66.005209,-66.010013
91.650000,-66.009650,-66.005263,-66.010067
91.700000,-66.009704,-66.005316,-66.010121
91.750000,-66.009758,-66.005370,-66.010174
91.800000,-66.009811,-66.005424,-66.010228
91.850000,-66.009864,-66.005477,-66.010281
91.900000,-66.009918,-66.005530,-66.010334
91.950000,-66.009971,-66.005584,-66.010388
92.000000,-66.010024,-66.005637,-66.010441
92.050000,-66.010077,-66.005690,-66.010494
92.100000,-66.010130,-66.005743,-66.010546
92.150000,-66.010183,-66.005796,-66.010599
92.200000,-66.010235,-66.005848,-66.010652
92.250000,-66.010288,-66.005901,-66.010704
92.300000,-66.010340,-66.005953,-66.010757
92.350000,-66.010393,-66.006006,-66.010809
92.400000,-66.010445,-66.006058,-66.010862
92.450000,-66.010497,-66.006111,-66.010914
92.500000,-66.010549,-66.006163,-66.010966
92.550000,-66.010601,-66.006215,-66.011018
92.600000,-66.010653,-66.006267,-66.011070
92.650000,-66.010705,-66.006319,-66.011122
92.700000,-66.010757,-66.006370,-66.011173
92.750000,-66.010808,-66.006422,-66.011225
92.800000,-66.010860,-66.006474,-66.011276
92.850000,-66.010911,-66.006525,-66.011328
92.900000,-66.010963,-66.006577,-66.011379
92.950000,-66.011014,-66.006628,-66.011431
93.000000,-66.011065,-66.006679,-66.011482
93.050000,-66.011116,-66.006730,-66.011533
93.100000,-66.011167,-66.006781,-66.011584
93.150000,-66.011218,-66.006832,-66.011635
93.200000,-66.011269,-66.006883,-66.011685
93.250000,-66.011319,-66.006934,-66.011736
93.300000,-66.011370,-66.006985,-66.011787
93.350000,-66.011421,-66.007035,-66.011837
93.400000,-66.011471,-66.007086,-66.011887
93.450000,-66.011521,-66.007136,-66.011938
93.500000,-66.011572,-66.007186,-66.011988
93.550000,-66.011622,-66.007236,-66.012038
93.600000,-66.011672,-66.007287,-66.012088
93.650000,-66.011722,-66.007337,-66.012138
93.700000,-66.011771,-66.007386,-66.012188
93.750000,-66.011821,-66.007436,-66.012238
93.800000,-66.011871,-66.007486,-66.012287
93.850000,-66.011920,-66.007536,-66.012337
93.900000,-66.011970,-66.007585,-66.012386
93.950000,-66.012019,-66.007635,-66.012436
94.000000,-66.012069,-66.007684,-66.012485
94.050000,-66.012118,-66.007733,-66.012534
94.100000,-66.012167,-66.007783,-66.012583
94.150000,-66.012216,-66.007832,-66.012632
94.200000,-66.012265,-66.007881,-66.012681
94.250000,-66.012314,-66.007930,-66.012730
94.300000,-66.012363,-66.007978,-66.012779
94.350000,-66.012411,-66.008027,-66.012828
94.400000,-66.012460,-66.008076,-66.012876
94.450000,-66.012508,-66.008124,-66.012925
94.500000,-66.012557,-66.008173,-66.012973
94.550000,-66.012605,-66.008221,-66.013022
94.600000,-66.012653,-66.008269,-66.013070
94.650000,-66.012701,-66.008318,-66.013118
94.700000,-66.012749,-66.008366,-66.013166
94.750000,-66.012797,-66.008414,-66.013214
94.800000,-66.012845,-66.008462,-66.013262
94.850000,-66.012893,-66.008510,-66.013310
94.900000,-66.012941,-66.008557,-66.013357
94.950000,-66.012988,-66.008605,-66.013405
95.000000,-66.013036,-66.008653,-66.013452
95.050000,-66.013083,-66.008700,-66.013500
95.100000,-66.013131,-66.008748,-66.013547
95.150000,-66.013178,-66.008795,-66.013594
95.200000,-66.013225,-66.008842,-66.013642
95.250000,-66.013272,-66.008889,-66.013689
95.300000,-66.013319,-66.008936,-66.013736
95.350000,-66.013366,-66.008983,-66.013783
95.400000,-66.013413,-66.009030,-66.013829
95.450000,-66.013460,-66.009077,-66.013876
95.500000,-66.013506,-66.009124,-66.013923
95.550000,-66.013553,-66.009170,-66.013969
95.600000,-66.013599,-66.009217,-66.014016
95.650000,-66.013646,-66.009263,-66.014062
95.700000,-66.013692,-66.009310,-66.014109
95.750000,-66.013738,-66.009356,-66.014155
95.800000,-66.013785,-66.009402,-66.014201
95.850000,-66.013831,-66.009448,-66.014247
95.900000,-66.013877,-66.009494,-66.014293
95.950000,-66.013922,-66.009540,-66.014339
96.000000,-66.013968,-66.009586,-66.014385
96.050000,-66.014014,-66.009632,-66.014430
96.100000,-66.014060,-66.009678,-66.014476
96.150000,-66.014105,-66.009723,-66.014522
96.200000,-66.014151,-66.009769,-66.014567
96.250000,-66.014196,-66.009814,-66.014612
96.300000,-66.014241,-66.009860,-66.014658
96.350000,-66.014287,-66.009905,-66.014703
96.400000,-66.014332,-66.009950,-66.014748
96.450000,-66.014377,-66.009995,-66.014793
96.500000,-66.014422,-66.010040,-66.014838
96.550000,-66.014467,-66.010085,-66.014883
96.600000,-66.014511,-66.010130,-66.014928
96.650000,-66.014556,-66.010175,-66.014973
96.700000,-66.014601,-66.010220,-66.015017
96.750000,-66.014645,-66.010264,-66.015062
96.800000,-66.014690,-66.010309,-66.015106
96.850000,-66.014734,-66.010353,-66.015151
96.900000,-66.014779,-66.010398,-66.015195
96.950000,-66.014823,-66.010442,-66.015239
97.000000,-66.014867,-66.010486,-66.015283
97.050000,-66.014911,-66.010530,-66.015327
97.100000,-66.014955,-66.010574,-66.015371
97.150000,-66.014999,-66.010618,-66.015415
97.200000,-66.015043,-66.010662,-66.015459
97.250000,-66.015087,-66.010706,-66.015503
97.300000,-66.015130,-66.010750,-66.015547
97.350000,-66.015174,-66.010793,-66.015590
97.400000,-66.015217,-66.010837,-66.015634
97.450000,-66.015261,-66.010880,-66.015677
97.500000,-66.015304,-66.010924,-66.015720
97.550000,-66.015347,-66.010967,-66.015764
97.600000,-66.015391,-66.011010,-66.015807
97.650000,-66.015434,-66.011054,-66.015850
97.700000,-66.015477,-66.011097,-66.015893
97.750000,-66.015520,-66.011140,-66.015936
97.800000,-66.015563,-66.011183,-66.015979
97.850000,-66.015605,-66.011225,-66.016022
97.900000,-66.015648,-66.011268,-66.016064
97.950000,-66.015691,-66.011311,-66.016107
98.000000,-66.015733,-66.011353,-66.016150
98.050000,-66.015776,-66.011396,-66.016192
98.100000,-66.015818,-66.011438,-66.016234
98.150000,-66.015861,-66.011481,-66.016277
98.200000,-66.015903,-66.011523,-66.016319
98.250000,-66.015945,-66.011565,-66.016361
98.300000,-66.015987,-66.011608,-66.016403
98.350000,-66.016029,-66.011650,-66.016445
98.400000,-66.016071,-66.011692,-66.016487
98.450000,-66.016113,-66.011734,-66.016529
98.500000,-66.016155,-66.011775,-66.016571
98.550000,-66.016196,-66.011817,-66.016613
98.600000,-66.016238,-66.011859,-66.016654
98.650000,-66.016280,-66.011900,-66.016696
98.700000,-66.016321,-66.011942,-66.016737
98.750000,-66.016362,-66.011983,-66.016779
98.800000,-66.016404,-66.012025,-66.016820
98.850000,-66.016445,-66.012066,-66.016861
98.900000,-66.016486,-66.012107,-66.016903
98.950000,-66.016527,-66.012149,-66.016944
99.000000,-66.016568,-66.012190,-66.016985
99.050000,-66.016609,-66.012231,-66.017026
99.100000,-66.016650,-66.012272,-66.017066
99.150000,-66.016691,-66.012312,-66.017107
99.200000,-66.016732,-66.012353,-66.017148
99.250000,-66.016772,-66.012394,-66.017189
99.300000,-66.016813,-66.012435,-66.017229
99.350000,-66.016853,-66.012475,-66.017270
99.400000,-66.016894,-66.012516,-66.017310
99.450000,-66.016934,-66.012556,-66.017351
99.500000,-66.016975,-66.012596,-66.017391
99.550000,-66.017015,-66.012637,-66.017431
99.600000,-66.017055,-66.012677,-66.017471
99.650000,-66.017095,-66.012717,-66.017511
99.700000,-66.017135,-66.012757,-66.017551
99.750000,-66.017175,-66.012797,-66.017591
99.800000,-66.017215,-66.012837,-66.017631
99.850000,-66.017254,-66.012877,-66.017671
99.900000,-66.017294,-66.012916,-66.017710
99.950000,-66.017334,-66.012956,-66.017750
100.000000,-66.017373,-66.012996,-66.017790
100.050000,-66.017413,-66.013035,-66.017829
100.100000,-66.017452,-66.013075,-66.017869
100.150000,-66.017492,-66.013114,-66.017908
100.200000,-66.017531,-66.013153,-66.017947
100.250000,-66.017570,-66.013193,-66.017986
100.300000,-66.017609,-66.013232,-66.018025
100.350000,-66.017648,-66.013271,-66.018064
100.400000,-66.017687,-66.013310,-66.018103
100.450000,-66.017726,-66.013349,-66.018142
100.500000,-66.017765,-66.013388,-66.018181
100.550000,-66.017804,-66.013427,-66.018220
100.600000,-66.017842,-66.013465,-66.018259
100.650000,-66.017881,-66.013504,-66.018297
100.700000,-66.017920,-66.013543,-66.018336
100.750000,-66.017958,-66.013581,-66.018374
100.800000,-66.017996,-66.013620,-66.018413
100.850000,-66.018035,-66.013658,-66.018451
100.900000,-66.018073,-66.013696,-66.018489
100.950000,-66.018111,-66.013735,-66.018527
101.000000,-66.018149,-66.013773,-66.018566
101.050000,-66.018187,-66.013811,-66.018604
101.100000,-66.018225,-66.013849,-66.018642
101.150000,-66.018263,-66.013887,-66.018680
101.200000,-66.018301,-66.013925,-66.018717
101.250000,-66.018339,-66.013963,-66.018755
101.300000,-66.018377,-66.014000,-66.018793
101.350000,-66.018414,-66.014038,-66.018831
101.400000,-66.018452,-66.014076,-66.018868
101.450000,-66.018489,-66.014113,-66.018906
101.500000,-66.018527,-66.014151,-66.018943
101.550000,-66.018564,-66.014188,-66.018980
101.600000,-66.018602,-66.014225,-66.019018
101.650000,-66.018639,-66.014263,-66.019055
101.700000,-66.018676,-66.014300,-66.019092
101.750000,-66.018713,-66.014337,-66.019129
101.800000,-66.018750,-66.014374,-66.019166
101.850000,-66.018787,-66.014411,-66.019203
101.900000,-66.018824,-66.014448,-66.019240
101.950000,-66.018861,-66.014485,-66.019277
102.000000,-66.018897,-66.014522,-66.019314
102.050000,-66.018934,-66.014558,-66.019350
102.100000,-66.018971,-66.014595,-66.019387
102.150000,-66.019007,-66.014632,-66.019424
102.200000,-66.019044,-66.014668,-66.019460
102.250000,-66.019080,-66.014705,-66.019496
102.300000,-66.019117,-66.014741,-66.019533
102.350000,-66.019153,-66.014777,-66.019569
102.400000,-66.019189,-66.014814,-66.019605
102.450000,-66.019225,-66.014850,-66.019641
102.500000,-66.019261,-66.014886,-66.019678
102.550000,-66.019297,-66.014922,-66.019714
102.600000,-66.019333,-66.014958,-66.019750
102.650000,-66.019369,-66.014994,-66.019785
102.700000,-66.019405,-66.015030,-66.019821
102.750000,-66.019441,-66.015066,-66.019857
102.800000,-66.019477,-66.015102,-66.019893
102.850000,-66.019512,-66.015137,-66.019928
102.900000,-66.019548,-66.015173,-66.019964
102.950000,-66.019583,-66.015208,-66.019999
103.000000,-66.019619,-66.015244,-66.020035
103.050000,-66.019654,-66.015279,-66.020070
103.100000,-66.019689,-66.015315,-66.020105
103.150000,-66.019725,-66.015350,-66.020141
103.200000,-66.019760,-66.015385,-66.020176
103.250000,-66.019795,-66.015420,-66.020211
103.300000,-66.019830,-66.015455,-66.020246
103.350000,-66.019865,-66.015490,-66.020281
103.400000,-66.019900,-66.015525,-66.020316
103.450000,-66.019935,-66.015560,-66.020351
103.500000,-66.019969,-66.015595,-66.020386
103.550000,-66.020004,-66.015630,-66.020420
103.600000,-66.020039,-66.015665,-66.020455
103.650000,-66.020073,-66.015699,-66.020490
103.700000,-66.020108,-66.015734,-66.020524
103.750000,-66.020142,-66.015768,-66.020559
103.800000,-66.020177,-66.015803,-66.020593
103.850000,-66.020211,-66.015837,-66.020627
103.900000,-66.020246,-66.015872,-66.020662
103.950000,-66.020280,-66.015906,-66.020696
104.000000,-66.020314,-66.015940,-66.020730
104.050000,-66.020348,-66.015974,-66.020764
104.100000,-66.020382,-66.016008,-66.020798
104.150000,-66.020416,-66.016042,-66.020832
104.200000,-66.020450,-66.016076,-66.020866
104.250000,-66.020484,-66.016110,-66.020900
104.300000,-66.020518,-66.016144,-66.020934
104.350000,-66.020551,-66.016178,-66.020967
104.400000,-66.020585,-66.016211,-66.021001
104.450000,-66.020619,-66.016245,-66.021035
104.500000,-66.020652,-66.016279,-66.021068
104.550000,-66.020686,-66.016312,-66.021102
104.600000,-66.020719,-66.016346,-66.021135
104.650000,-66.020752,-66.016379,-66.021168
104.700000,-66.020786,-66.016412,-66.021202
104.750000,-66.020819,-66.016446,-66.021235
104.800000,-66.020852,-66.016479,-66.021268
104.850000,-66.020885,-66.016512,-66.021301
104.900000,-66.020918,-66.016545,-66.021334
104.950000,-66.020951,-66.016578,-66.021367
105.000000,-66.020984,-66.016611,-66.021400
105.050000,-66.021017,-66.016644,-66.021433
105.100000,-66.021050,-66.016677,-66.021466
105.150000,-66.021083,-66.016710,-66.021499
105.200000,-66.021115,-66.016742,-66.021531
105.250000,-66.021148,-66.016775,-66.021564
105.300000,-66.021180,-66.016808,-66.021597
105.350000,-66.021213,-66.016840,-66.021629
105.400000,-66.021245,-66.016873,-66.021662
105.450000,-66.021278,-66.016905,-66.021694
105.500000,-66.021310,-66.016938,-66.021726
105.550000,-66.021342,-66.016970,-66.021759
105.600000,-66.021375,-66.017002,-66.021791
105.650000,-66.021407,-66.017034,-66.021823
105.700000,-66.021439,-66.017066,-66.021855
105.750000,-66.021471,-66.017099,-66.021887
105.800000,-66.021503,-66.017131,-66.021919
105.850000,-66.021535,-66.017163,-66.021951
105.900000,-66.021567,-66.017194,-66.021983
105.950000,-66.021599,-66.017226,-66.022015
106.000000,-66.021630,-66.017258,-66.022046
106.050000,-66.021662,-66.017290,-66.022078
106.100000,-66.021694,-66.017322,-66.022110
106.150000,-66.021725,-66.017353,-66.022141
106.200000,-66.021757,-66.017385,-66.022173
106.250000,-66.021788,-66.017416,-66.022204
106.300000,-66.021820,-66.017448,-66.022236
106.350000,-66.021851,-66.017479,-66.022267
106.400000,-66.021882,-66.017510,-66.022298
106.450000,-66.021914,-66.017542,-66.022330
106.500000,-66.021945,-66.017573,-66.022361
106.550000,-66.021976,-66.017604,-66.022392
106.600000,-66.022007,-66.017635,-66.022423
106.650000,-66.022038,-66.017666,-66.022454
106.700000,-66.022069,-66.017697,-66.022485
106.750000,-66.022100,-66.017728,-66.022516
106.800000,-66.022131,-66.017759,-66.022547
106.850000,-66.022161,-66.017790,-66.022577
106.900000,-66.022192,-66.017821,-66.022608
106.950000,-66.022223,-66.017851,-66.022639
107.000000,-66.022253,-66.017882,-66.022669
107.050000,-66.022284,-66.017912,-66.022700
107.100000,-66.022314,-66.017943,-66.022730
107.150000,-66.022345,-66.017974,-66.022761
107.200000,-66.022375,-66.018004,-66.022791
107.250000,-66.022406,-66.018034,-66.022822
107.300000,-66.022436,-66.018065,-66.022852
107.350000,-66.022466,-66.018095,-66.022882
107.400000,-66.022496,-66.018125,-66.022912
107.450000,-66.022526,-66.018155,-66.022942
107.500000,-66.022556,-66.018185,-66.022972
107.550000,-66.022586,-66.018215,-66.023003
107.600000,-66.022616,-66.018245,-66.023032
107.650000,-66.022646,-66.018275,-66.023062
107.700000,-66.022676,-66.018305,-66.023092
107.750000,-66.022706,-66.018335,-66.023122
107.800000,-66.022736,-66.018365,-66.023152
107.850000,-66.022765,-66.018394,-66.023181
107.900000,-66.022795,-66.018424,-66.023211
107.950000,-66.022824,-66.018454,-66.023241
108.000000,-66.022854,-66.018483,-66.023270
108.050000,-66.022883,-66.018513,-66.023300
108.100000,-66.022913,-66.018542,-66.023329
108.150000,-66.022942,-66.018572,-66.023358
108.200000,-66.022972,-66.018601,-66.023388
108.250000,-66.023001,-66.018630,-66.023417
108.300000,-66.023030,-66.018659,-66.023446
108.350000,-66.023059,-66.018689,-66.023475
108.400000,-66.023088,-66.018718,-66.023504
108.450000,-66.023117,-66.018747,-66.023533
108.500000,-66.023146,-66.018776,-66.023562
108.550000,-66.023175,-66.018805,-66.023591
108.600000,-66.023204,-66.018834,-66.023620
108.650000,-66.023233,-66.018863,-66.023649
108.700000,-66.023262,-66.018891,-66.023678
108.750000,-66.023290,-66.018920,-66.023706
108.800000,-66.023319,-66.018949,-66.023735
108.850000,-66.023348,-66.018978,-66.023764
108.900000,-66.023376,-66.019006,-66.023792
108.950000,-66.023405,-66.019035,-66.023821
109.000000,-66.023433,-66.019063,-66.023849
109.050000,-66.023461,-66.019092,-66.023878
109.100000,-66.023490,-66.019120,-66.023906
109.150000,-66.023518,-66.019148,-66.023934
109.200000,-66.023546,-66.019177,-66.023962
109.250000,-66.023575,-66.019205,-66.023991
109.300000,-66.023603,-66.019233,-66.024019
109.350000,-66.023631,-66.019261,-66.024047
109.400000,-66.023659,-66.019289,-66.024075
109.450000,-66.023687,-66.019317,-66.024103
109.500000,-66.023715,-66.019345,-66.024131
109.550000,-66.023743,-66.019373,-66.024159
109.600000,-66.023771,-66.019401,-66.024187
109.650000,-66.023798,-66.019429,-66.024214
109.700000,-66.023826,-66.019457,-66.024242
109.750000,-66.023854,-66.019484,-66.024270
109.800000,-66.023881,-66.019512,-66.024297
109.850000,-66.023909,-66.019540,-66.024325
109.900000,-66.023937,-66.019567,-66.024353
109.950000,-66.023964,-66.019595,-66.024380
110.000000,-66.023991,-66.019622,-66.024407
110.050000,-66.024019,-66.019650,-66.024435
110.100000,-66.024046,-66.019677,-66.024462
110.150000,-66.024073,-66.019704,-66.024490
110.200000,-66.024101,-66.019732,-66.024517
110.250000,-66.024128,-66.019759,-66.024544
110.300000,-66.024155,-66.019786,-66.024571
110.350000,-66.024182,-66.019813,-66.024598
110.400000,-66.024209,-66.019840,-66.024625
110.450000,-66.024236,-66.019867,-66.024652
110.500000,-66.024263,-66.019894,-66.024679
110.550000,-66.024290,-66.019921,-66.024706
110.600000,-66.024317,-66.019948,-66.024733
110.650000,-66.024344,-66.019975,-66.024760
110.700000,-66.024370,-66.020002,-66.024786
110.750000,-66.024397,-66.020028,-66.024813
110.800000,-66.024424,-66.020055,-66.024840
110.850000,-66.024450,-66.020082,-66.024866
110.900000,-66.024477,-66.020108,-66.024893
110.950000,-66.024503,-66.020135,-66.024919
111.000000,-66.024530,-66.020161,-66.024946
111.050000,-66.024556,-66.020188,-66.024972
111.100000,-66.024583,-66.020214,-66.024999
111.150000,-66.024609,-66.020240,-66.025025
111.200000,-66.024635,-66.020267,-66.025051
111.250000,-66.024661,-66.020293,-66.025077
111.300000,-66.024687,-66.020319,-66.025104
111.350000,-66.024714,-66.020345,-66.025130
111.400000,-66.024740,-66.020371,-66.025156
111.450000,-66.024766,-66.020397,-66.025182
111.500000,-66.024792,-66.020423,-66.025208
111.550000,-66.024818,-66.020449,-66.025234
111.600000,-66.024843,-66.020475,-66.025260
111.650000,-66.024869,-66.020501,-66.025285
111.700000,-66.024895,-66.020527,-66.025311
111.750000,-66.024921,-66.020553,-66.025337
111.800000,-66.024947,-66.020578,-66.025363
111.850000,-66.024972,-66.020604,-66.025388
111.900000,-66.024998,-66.020630,-66.025414
111.950000,-66.025023,-66.020655,-66.025439
112.000000,-66.025049,-66.020681,-66.025465
112.050000,-66.025074,-66.020706,-66.025490
112.100000,-66.025100,-66.020732,-66.025516
112.150000,-66.025125,-66.020757,-66.025541
112.200000,-66.025150,-66.020783,-66.025566
112.250000,-66.025176,-66.020808,-66.025592
112.300000,-66.025201,-66.020833,-66.025617
112.350000,-66.025226,-66.020858,-66.025642
112.400000,-66.025251,-66.020884,-66.025667
112.450000,-66.025276,-66.020909,-66.025692
112.500000,-66.025301,-66.020934,-66.025717
112.550000,-66.025326,-66.020959,-66.025742
112.600000,-66.025351,-66.020984,-66.025767
112.650000,-66.025376,-66.021009,-66.025792
112.700000,-66.025401,-66.021034,-66.025817
112.750000,-66.025426,-66.021058,-66.025842
112.800000,-66.025451,-66.021083,-66.025867
112.850000,-66.025475,-66.021108,-66.025891
112.900000,-66.025500,-66.021133,-66.025916
112.950000,-66.025525,-66.021157,-66.025941
113.000000,-66.025549,-66.021182,-66.025965
113.050000,-66.025574,-66.021207,-66.025990
113.100000,-66.025598,-66.021231,-66.026014
113.150000,-66.025623,-66.021256,-66.026039
113.200000,-66.025647,-66.021280,-66.026063
113.250000,-66.025672,-66.021304,-66.026088
113.300000,-66.025696,-66.021329,-66.026112
113.350000,-66.025720,-66.021353,-66.026136
113.400000,-66.025744,-66.021377,-66.026160
113.450000,-66.025769,-66.021402,-66.026185
113.500000,-66.025793,-66.021426,-66.026209
113.550000,-66.025817,-66.021450,-66.026233
113.600000,-66.025841,-66.021474,-66.026257
113.650000,-66.025865,-66.021498,-66.026281
113.700000,-66.025889,-66.021522,-66.026305
113.750000,-66.025913,-66.021546,-66.026329
113.800000,-66.025937,-66.021570,-66.026353
113.850000,-66.025961,-66.021594,-66.026377
113.900000,-66.025984,-66.021618,-66.026400
113.950000,-66.026008,-66.021641,-66.026424
114.000000,-66.026032,-66.021665,-66.026448
114.050000,-66.026056,-66.021689,-66.026472
114.100000,-66.026079,-66.021713,-66.026495
114.150000,-66.026103,-66.021736,-66.026519
114.200000,-66.026126,-66.021760,-66.026542
114.250000,-66.026150,-66.021783,-66.026566
114.300000,-66.026173,-66.021807,-66.026589
114.350000,-66.026197,-66.021830,-66.026613
114.400000,-66.026220,-66.021854,-66.026636
114.450000,-66.026243,-66.021877,-66.026659
114.500000,-66.026267,-66.021900,-66.026683
114.550000,-66.026290,-66.021924,-66.026706
114.600000,-66.026313,-66.021947,-66.026729
114.650000,-66.026336,-66.021970,-66.026752
114.700000,-66.026359,-66.021993,-66.026775
114.750000,-66.026382,-66.022016,-66.026798
114.800000,-66.026405,-66.022039,-66.026822
114.850000,-66.026428,-66.022062,-66.026845
114.900000,-66.026451,-66.022085,-66.026867
114.950000,-66.026474,-66.022108,-66.026890
115.000000,-66.026497,-66.022131,-66.026913
115.050000,-66.026520,-66.022154,-66.026936
115.100000,-66.026543,-66.022177,-66.026959
115.150000,-66.026566,-66.022200,-66.026982
115.200000,-66.026588,-66.022222,-66.027004
115.250000,-66.026611,-66.022245,-66.027027
115.300000,-66.026634,-66.022268,-66.027050
115.350000,-66.026656,-66.022290,-66.027072
115.400000,-66.026679,-66.022313,-66.027095
115.450000,-66.026701,-66.022335,-66.027117
115.500000,-66.026724,-66.022358,-66.027140
115.550000,-66.026746,-66.022380,-66.027162
115.600000,-66.026768,-66.022403,-66.027184
115.650000,-66.026791,-66.022425,-66.027207
115.700000,-66.026813,-66.022447,-66.027229
115.750000,-66.026835,-66.022470,-66.027251
115.800000,-66.026857,-66.022492,-66.027273
115.850000,-66.026880,-66.022514,-66.027296
115.900000,-66.026902,-66.022536,-66.027318
115.950000,-66.026924,-66.022558,-66.027340
116.000000,-66.026946,-66.022580,-66.027362
116.050000,-66.026968,-66.022602,-66.027384
116.100000,-66.026990,-66.022624,-66.027406
116.150000,-66.027012,-66.022646,-66.027428
116.200000,-66.027034,-66.022668,-66.027450
116.250000,-66.027056,-66.022690,-66.027472
116.300000,-66.027077,-66.022712,-66.027493
116.350000,-66.027099,-66.022734,-66.027515
116.400000,-66.027121,-66.022755,-66.027537
116.450000,-66.027143,-66.022777,-66.027559
116.500000,-66.027164,-66.022799,-66.027580
116.550000,-66.027186,-66.022821,-66.027602
116.600000,-66.027207,-66.022842,-66.027623
116.650000,-66.027229,-66.022864,-66.027645
116.700000,-66.027250,-66.022885,-66.027666
116.750000,-66.027272,-66.022907,-66.027688
116.800000,-66.027293,-66.022928,-66.027709
116.850000,-66.027315,-66.022950,-66.027731
116.900000,-66.027336,-66.022971,-66.027752
116.950000,-66.027357,-66.022992,-66.027773
117.000000,-66.027379,-66.023013,-66.027795
117.050000,-66.027400,-66.023035,-66.027816
117.100000,-66.027421,-66.023056,-66.027837
117.150000,-66.027442,-66.023077,-66.027858
117.200000,-66.027463,-66.023098,-66.027879
117.250000,-66.027484,-66.023119,-66.027900
117.300000,-66.027505,-66.023140,-66.027921
117.350000,-66.027526,-66.023161,-66.027942
117.400000,-66.027547,-66.023182,-66.027963
117.450000,-66.027568,-66.023203,-66.027984
117.500000,-66.027589,-66.023224,-66.028005
117.550000,-66.027610,-66.023245,-66.028026
117.600000,-66.027631,-66.023266,-66.028047
117.650000,-66.027651,-66.023287,-66.028067
117.700000,-66.027672,-66.023307,-66.028088
117.750000,-66.027693,-66.023328,-66.028109
117.800000,-66.027713,-66.023349,-66.028130
117.850000,-66.027734,-66.023370,-66.028150
117.900000,-66.027755,-66.023390,-66.028171
117.950000,-66.027775,-66.023411,-66.028191
118.000000,-66.027796,-66.023431,-66.028212
118.050000,-66.027816,-66.023452,-66.028232
118.100000,-66.027837,-66.023472,-66.028253
118.150000,-66.027857,-66.023493,-66.028273
118.200000,-66.027877,-66.023513,-66.028293
118.250000,-66.027898,-66.023533,-66.028314
118.300000,-66.027918,-66.023554,-66.028334
118.350000,-66.027938,-66.023574,-66.028354
118.400000,-66.027958,-66.023594,-66.028374
118.450000,-66.027979,-66.023614,-66.028395
118.500000,-66.027999,-66.023634,-66.028415
118.550000,-66.028019,-66.023655,-66.028435
118.600000,-66.028039,-66.023675,-66.028455
118.650000,-66.028059,-66.023695,-66.028475
118.700000,-66.028079,-66.023715,-66.028495
118.750000,-66.028099,-66.023735,-66.028515
118.800000,-66.028119,-66.023755,-66.028535
118.850000,-66.028139,-66.023775,-66.028555
118.900000,-66.028158,-66.023794,-66.028574
118.950000,-66.028178,-66.023814,-66.028594
119.000000,-66.028198,-66.023834,-66.028614
119.050000,-66.028218,-66.023854,-66.028634
119.100000,-66.028237,-66.023873,-66.028654
119.150000,-66.028257,-66.023893,-66.028673
119.200000,-66.028277,-66.023913,-66.028693
119.250000,-66.028296,-66.023932,-66.028712
119.300000,-66.028316,-66.023952,-66.028732
119.350000,-66.028335,-66.023972,-66.028751
119.400000,-66.028355,-66.023991,-66.028771
119.450000,-66.028374,-66.024011,-66.028790
119.500000,-66.028394,-66.024030,-66.028810
119.550000,-66.028413,-66.024049,-66.028829
119.600000,-66.028432,-66.024069,-66.028849
119.650000,-66.028452,-66.024088,-66.028868
119.700000,-66.028471,-66.024107,-66.028887
119.750000,-66.028490,-66.024127,-66.028906
119.800000,-66.028510,-66.024146,-66.028926
119.850000,-66.028529,-66.024165,-66.028945
119.900000,-66.028548,-66.024184,-66.028964
119.950000,-66.028567,-66.024203,-66.028983
120.000000,-66.028586,-66.024222,-66.029002
120.050000,-66.028605,-66.024241,-66.029021
120.100000,-66.028624,-66.024261,-66.029040
120.150000,-66.028643,-66.024279,-66.029059
120.200000,-66.028662,-66.024298,-66.029078
120.250000,-66.028681,-66.024317,-66.029097
120.300000,-66.028700,-66.024336,-66.029116
120.350000,-66.028718,-66.024355,-66.029135
120.400000,-66.028737,-66.024374,-66.029153
120.450000,-66.028756,-66.024393,-66.029172
120.500000,-66.028775,-66.024411,-66.029191
120.550000,-66.028793,-66.024430,-66.029209
120.600000,-66.028812,-66.024449,-66.029228
120.650000,-66.028831,-66.024467,-66.029247
120.700000,-66.028849,-66.024486,-66.029265
120.750000,-66.028868,-66.024505,-66.029284
120.800000,-66.028886,-66.024523,-66.029302
120.850000,-66.028905,-66.024542,-66.029321
120.900000,-66.028923,-66.024560,-66.029339
120.950000,-66.028942,-66.024579,-66.029358
121.000000,-66.028960,-66.024597,-66.029376
121.050000,-66.028978,-66.024615,-66.029394
121.100000,-66.028997,-66.024634,-66.029413
121.150000,-66.029015,-66.024652,-66.029431
121.200000,-66.029033,-66.024670,-66.029449
121.250000,-66.029052,-66.024689,-66.029468
121.300000,-66.029070,-66.024707,-66.029486
121.350000,-66.029088,-66.024725,-66.029504
121.400000,-66.029106,-66.024743,-66.029522
121.450000,-66.029124,-66.024761,-66.029540
121.500000,-66.029142,-66.024779,-66.029558
121.550000,-66.029160,-66.024797,-66.029576
121.600000,-66.029178,-66.024815,-66.029594
121.650000,-66.029196,-66.024833,-66.029612
121.700000,-66.029214,-66.024851,-66.029630
121.750000,-66.029232,-66.024869,-66.029648
121.800000,-66.029250,-66.024887,-66.029666
121.850000,-66.029268,-66.024905,-66.029684
121.900000,-66.029285,-66.024923,-66.029701
121.950000,-66.029303,-66.024940,-66.029719
122.000000,-66.029321,-66.024958,-66.029737
122.050000,-66.029339,-66.024976,-66.029755
122.100000,-66.029356,-66.024994,-66.029772
122.150000,-66.029374,-66.025011,-66.029790
122.200000,-66.029391,-66.025029,-66.029808
122.250000,-66.029409,-66.025047,-66.029825
122.300000,-66.029427,-66.025064,-66.029843
122.350000,-66.029444,-66.025082,-66.029860
122.400000,-66.029462,-66.025099,-66.029878
122.450000,-66.029479,-66.025117,-66.029895
122.500000,-66.029496,-66.025134,-66.029912
122.550000,-66.029514,-66.025151,-66.029930
122.600000,-66.029531,-66.025169,-66.029947
122.650000,-66.029548,-66.025186,-66.029965
122.700000,-66.029566,-66.025203,-66.029982
122.750000,-66.029583,-66.025221,-66.029999
122.800000,-66.029600,-66.025238,-66.030016
122.850000,-66.029617,-66.025255,-66.030033
122.900000,-66.029635,-66.025272,-66.030051
122.950000,-66.029652,-66.025289,-66.030068
123.000000,-66.029669,-66.025307,-66.030085
123.050000,-66.029686,-66.025324,-66.030102
123.100000,-66.029703,-66.025341,-66.030119
123.150000,-66.029720,-66.025358,-66.030136
123.200000,-66.029737,-66.025375,-66.030153
123.250000,-66.029754,-66.025392,-66.030170
123.300000,-66.029771,-66.025409,-66.030187
123.350000,-66.029788,-66.025426,-66.030204
123.400000,-66.029804,-66.025442,-66.030221
123.450000,-66.029821,-66.025459,-66.030237
123.500000,-66.029838,-66.025476,-66.030254
123.550000,-66.029855,-66.025493,-66.030271
123.600000,-66.029872,-66.025510,-66.030288
123.650000,-66.029888,-66.025526,-66.030304
123.700000,-66.029905,-66.025543,-66.030321
123.750000,-66.029922,-66.025560,-66.030338
123.800000,-66.029938,-66.025576,-66.030354
123.850000,-66.029955,-66.025593,-66.030371
123.900000,-66.029971,-66.025609,-66.030387
123.950000,-66.029988,-66.025626,-66.030404
124.000000,-66.030004,-66.025643,-66.030420
124.050000,-66.030021,-66.025659,-66.030437
124.100000,-66.030037,-66.025675,-66.030453
124.150000,-66.030054,-66.025692,-66.030470
124.200000,-66.030070,-66.025708,-66.030486
124.250000,-66.030086,-66.025725,-66.030502
124.300000,-66.030103,-66.025741,-66.030519
124.350000,-66.030119,-66.025757,-66.030535
124.400000,-66.030135,-66.025774,-66.030551
124.450000,-66.030151,-66.025790,-66.030567
124.500000,-66.030168,-66.025806,-66.030584
124.550000,-66.030184,-66.025822,-66.030600
124.600000,-66.030200,-66.025838,-66.030616
124.650000,-66.030216,-66.025854,-66.030632
124.700000,-66.030232,-66.025871,-66.030648
124.750000,-66.030248,-66.025887,-66.030664
124.800000,-66.030264,-66.025903,-66.030680
124.850000,-66.030280,-66.025919,-66.030696
124.900000,-66.030296,-66.025935,-66.030712
124.950000,-66.030312,-66.025951,-66.030728
125.000000,-66.030328,-66.025966,-66.030744
125.050000,-66.030344,-66.025982,-66.030760
125.100000,-66.030360,-66.025998,-66.030776
125.150000,-66.030375,-66.026014,-66.030792
125.200000,-66.030391,-66.026030,-66.030807
125.250000,-66.030407,-66.026046,-66.030823
125.300000,-66.030423,-66.026061,-66.030839
125.350000,-66.030438,-66.026077,-66.030854
125.400000,-66.030454,-66.026093,-66.030870
125.450000,-66.030470,-66.026108,-66.030886
125.500000,-66.030485,-66.026124,-66.030901
125.550000,-66.030501,-66.026140,-66.030917
125.600000,-66.030516,-66.026155,-66.030933
125.650000,-66.030532,-66.026171,-66.030948
125.700000,-66.030548,-66.026186,-66.030964
125.750000,-66.030563,-66.026202,-66.030979
125.800000,-66.030578,-66.026217,-66.030995
125.850000,-66.030594,-66.026233,-66.031010
125.900000,-66.030609,-66.026248,-66.031025
125.950000,-66.030625,-66.026264,-66.031041
126.000000,-66.030640,-66.026279,-66.031056
126.050000,-66.030655,-66.026294,-66.031071
126.100000,-66.030671,-66.026310,-66.031087
126.150000,-66.030686,-66.026325,-66.031102
126.200000,-66.030701,-66.026340,-66.031117
126.250000,-66.030716,-66.026355,-66.031132
126.300000,-66.030731,-66.026370,-66.031147
126.350000,-66.030747,-66.026386,-66.031163
126.400000,-66.030762,-66.026401,-66.031178
126.450000,-66.030777,-66.026416,-66.031193
126.500000,-66.030792,-66.026431,-66.031208
126.550000,-66.030807,-66.026446,-66.031223
126.600000,-66.030822,-66.026461,-66.031238
126.650000,-66.030837,-66.026476,-66.031253
126.700000,-66.030852,-66.026491,-66.031268
126.750000,-66.030867,-66.026506,-66.031283
126.800000,-66.030882,-66.026521,-66.031298
126.850000,-66.030896,-66.026536,-66.031313
126.900000,-66.030911,-66.026551,-66.031327
126.950000,-66.030926,-66.026565,-66.031342
127.000000,-66.030941,-66.026580,-66.031357
127.050000,-66.030956,-66.026595,-66.031372
127.100000,-66.030970,-66.026610,-66.031387
127.150000,-66.030985,-66.026625,-66.031401
127.200000,-66.031000,-66.026639,-66.031416
127.250000,-66.031014,-66.026654,-66.031431
127.300000,-66.031029,-66.026669,-66.031445
127.350000,-66.031044,-66.026683,-66.031460
127.400000,-66.031058,-66.026698,-66.031474
127.450000,-66.031073,-66.026712,-66.031489
127.500000,-66.031087,-66.026727,-66.031503
127.550000,-66.031102,-66.026741,-66.031518
127.600000,-66.031116,-66.026756,-66.031532
127.650000,-66.031131,-66.026770,-66.031547
127.700000,-66.031145,-66.026785,-66.031561
127.750000,-66.031160,-66.026799,-66.031576
127.800000,-66.031174,-66.026814,-66.031590
127.850000,-66.031188,-66.026828,-66.031604
127.900000,-66.031203,-66.026842,-66.031619
127.950000,-66.031217,-66.026857,-66.031633
128.000000,-66.031231,-66.026871,-66.031647
128.050000,-66.031245,-66.026885,-66.031662
128.100000,-66.031260,-66.026899,-66.031676
128.150000,-66.031274,-66.026914,-66.031690
128.200000,-66.031288,-66.026928,-66.031704
128.250000,-66.031302,-66.026942,-66.031718
128.300000,-66.031316,-66.026956,-66.031732
128.350000,-66.031330,-66.026970,-66.031746
128.400000,-66.031344,-66.026984,-66.031760
128.450000,-66.031358,-66.026998,-66.031775
128.500000,-66.031372,-66.027012,-66.031789
128.550000,-66.031386,-66.027026,-66.031803
128.600000,-66.031400,-66.027040,-66.031816
128.650000,-66.031414,-66.027054,-66.031830
128.700000,-66.031428,-66.027068,-66.031844
128.750000,-66.031442,-66.027082,-66.031858
128.800000,-66.031456,-66.027096,-66.031872
128.850000,-66.031470,-66.027110,-66.031886
128.900000,-66.031484,-66.027124,-66.031900
128.950000,-66.031497,-66.027137,-66.031913
129.000000,-66.031511,-66.027151,-66.031927
129.050000,-66.031525,-66.027165,-66.031941
129.100000,-66.031539,-66.027179,-66.031955
129.150000,-66.031552,-66.027192,-66.031968
129.200000,-66.031566,-66.027206,-66.031982
129.250000,-66.031580,-66.027220,-66.031996
129.300000,-66.031593,-66.027233,-66.032009
129.350000,-66.031607,-66.027247,-66.032023
129.400000,-66.031620,-66.027260,-66.032036
129.450000,-66.031634,-66.027274,-66.032050
129.500000,-66.031647,-66.027288,-66.032063
129.550000,-66.031661,-66.027301,-66.032077
129.600000,-66.031674,-66.027315,-66.032090
129.650000,-66.031688,-66.027328,-66.032104
129.700000,-66.031701,-66.027341,-66.032117
129.750000,-66.031715,-66.027355,-66.032131
129.800000,-66.031728,-66.027368,-66.032144
129.850000,-66.031741,-66.027382,-66.032157
129.900000,-66.031755,-66.027395,-66.032171
129.950000,-66.031768,-66.027408,-66.032184
130.000000,-66.031781,-66.027422,-66.032197
130.050000,-66.031794,-66.027435,-66.032211
130.100000,-66.031808,-66.027448,-66.032224
130.150000,-66.031821,-66.027461,-66.032237
130.200000,-66.031834,-66.027474,-66.032250
130.250000,-66.031847,-66.027488,-66.032263
130.300000,-66.031860,-66.027501,-66.032276
130.350000,-66.031873,-66.027514,-66.032289
130.400000,-66.031886,-66.027527,-66.032303
130.450000,-66.031900,-66.027540,-66.032316
130.500000,-66.031913,-66.027553,-66.032329
130.550000,-66.031926,-66.027566,-66.032342
130.600000,-66.031939,-66.027579,-66.032355
130.650000,-66.031951,-66.027592,-66.032368
130.700000,-66.031964,-66.027605,-66.032381
130.750000,-66.031977,-66.027618,-66.032393
130.800000,-66.031990,-66.027631,-66.032406
130.850000,-66.032003,-66.027644,-66.032419
130.900000,-66.032016,-66.027657,-66.032432
130.950000,-66.032029,-66.027669,-66.032445
131.000000,-66.032042,-66.027682,-66.032458
131.050000,-66.032054,-66.027695,-66.032470
131.100000,-66.032067,-66.027708,-66.032483
131.150000,-66.032080,-66.027721,-66.032496
131.200000,-66.032093,-66.027733,-66.032509
131.250000,-66.032105,-66.027746,-66.032521
131.300000,-66.032118,-66.027759,-66.032534
131.350000,-66.032131,-66.027771,-66.032547
131.400000,-66.032143,-66.027784,-66.032559
131.450000,-66.032156,-66.027797,-66.032572
131.500000,-66.032168,-66.027809,-66.032584
131.550000,-66.032181,-66.027822,-66.032597
131.600000,-66.032193,-66.027834,-66.032609
131.650000,-66.032206,-66.027847,-66.032622
131.700000,-66.032218,-66.027859,-66.032634
131.750000,-66.032231,-66.027872,-66.032647
131.800000,-66.032243,-66.027884,-66.032659
131.850000,-66.032256,-66.027897,-66.032672
131.900000,-66.032268,-66.027909,-66.032684
131.950000,-66.032280,-66.027921,-66.032697
132.000000,-66.032293,-66.027934,-66.032709
132.050000,-66.032305,-66.027946,-66.032721
132.100000,-66.032317,-66.027958,-66.032733
132.150000,-66.032330,-66.027971,-66.032746
132.200000,-66.032342,-66.027983,-66.032758
132.250000,-66.032354,-66.027995,-66.032770
132.300000,-66.032366,-66.028007,-66.032782
132.350000,-66.032379,-66.028020,-66.032795
132.400000,-66.032391,-66.028032,-66.032807
132.450000,-66.032403,-66.028044,-66.032819
132.500000,-66.032415,-66.028056,-66.032831
132.550000,-66.032427,-66.028068,-66.032843
132.600000,-66.032439,-66.028080,-66.032855
132.650000,-66.032451,-66.028092,-66.032867
132.700000,-66.032463,-66.028104,-66.032879
132.750000,-66.032475,-66.028116,-66.032891
132.800000,-66.032487,-66.028128,-66.032903
132.850000,-66.032499,-66.028140,-66.032915
132.900000,-66.032511,-66.028152,-66.032927
132.950000,-66.032523,-66.028164,-66.032939
133.000000,-66.032535,-66.028176,-66.032951
133.050000,-66.032547,-66.028188,-66.032963
133.100000,-66.032559,-66.028200,-66.032975
133.150000,-66.032571,-66.028212,-66.032987
133.200000,-66.032582,-66.028224,-66.032999
133.250000,-66.032594,-66.028236,-66.033010
133.300000,-66.032606,-66.028247,-66.033022
133.350000,-66.032618,-66.028259,-66.033034
133.400000,-66.032629,-66.028271,-66.033046
133.450000,-66.032641,-66.028283,-66.033057
133.500000,-66.032653,-66.028294,-66.033069
133.550000,-66.032665,-66.028306,-66.033081
133.600000,-66.032676,-66.028318,-66.033092
133.650000,-66.032688,-66.028329,-66.033104
133.700000,-66.032699,-66.028341,-66.033116
133.750000,-66.032711,-66.028353,-66.033127
133.800000,-66.032723,-66.028364,-66.033139
133.850000,-66.032734,-66.028376,-66.033150
133.900000,-66.032746,-66.028387,-66.033162
133.950000,-66.032757,-66.028399,-66.033173
134.000000,-66.032769,-66.028410,-66.033185
134.050000,-66.032780,-66.028422,-66.033196
134.100000,-66.032792,-66.028433,-66.033208
134.150000,-66.032803,-66.028445,-66.033219
134.200000,-66.032814,-66.028456,-66.033231
134.250000,-66.032826,-66.028467,-66.033242
134.300000,-66.032837,-66.028479,-66.033253
134.350000,-66.032848,-66.028490,-66.033265
134.400000,-66.032860,-66.028501,-66.033276
134.450000,-66.032871,-66.028513,-66.033287
134.500000,-66.032882,-66.028524,-66.033299
134.550000,-66.032894,-66.028535,-66.033310
134.600000,-66.032905,-66.028547,-66.033321
134.650000,-66.032916,-66.028558,-66.033332
134.700000,-66.032927,-66.028569,-66.033343
134.750000,-66.032938,-66.028580,-66.033355
134.800000,-66.032950,-66.028591,-66.033366
134.850000,-66.032961,-66.028603,-66.033377
134.900000,-66.032972,-66.028614,-66.033388
134.950000,-66.032983,-66.028625,-66.033399
135.000000,-66.032994,-66.028636,-66.033410
135.050000,-66.033005,-66.028647,-66.033421
135.100000,-66.033016,-66.028658,-66.033432
135.150000,-66.033027,-66.028669,-66.033443
135.200000,-66.033038,-66.028680,-66.033454
135.250000,-66.033049,-66.028691,-66.033465
135.300000,-66.033060,-66.028702,-66.033476
135.350000,-66.033071,-66.028713,-66.033487
135.400000,-66.033082,-66.028724,-66.033498
135.450000,-66.033093,-66.028735,-66.033509
135.500000,-66.033104,-66.028746,-66.033520
135.550000,-66.033115,-66.028757,-66.033531
135.600000,-66.033125,-66.028767,-66.033542
135.650000,-66.033136,-66.028778,-66.033552
135.700000,-66.033147,-66.028789,-66.033563
135.750000,-66.033158,-66.028800,-66.033574
135.800000,-66.033169,-66.028811,-66.033585
135.850000,-66.033179,-66.028821,-66.033595
135.900000,-66.033190,-66.028832,-66.033606
135.950000,-66.033201,-66.028843,-66.033617
136.000000,-66.033211,-66.028854,-66.033628
136.050000,-66.033222,-66.028864,-66.033638
136.100000,-66.033233,-66.028875,-66.033649
136.150000,-66.033243,-66.028885,-66.033660
136.200000,-66.033254,-66.028896,-66.033670
136.250000,-66.033265,-66.028907,-66.033681
136.300000,-66.033275,-66.028917,-66.033691
136.350000,-66.033286,-66.028928,-66.033702
136.400000,-66.033296,-66.028938,-66.033712
136.450000,-66.033307,-66.028949,-66.033723
136.500000,-66.033317,-66.028959,-66.033733
136.550000,-66.033328,-66.028970,-66.033744
136.600000,-66.033338,-66.028980,-66.033754
136.650000,-66.033349,-66.028991,-66.033765
136.700000,-66.033359,-66.029001,-66.033775
136.750000,-66.033369,-66.029012,-66.033786
136.800000,-66.033380,-66.029022,-66.033796
136.850000,-66.033390,-66.029032,-66.033806
136.900000,-66.033401,-66.029043,-66.033817
136.950000,-66.033411,-66.029053,-66.033827
137.000000,-66.033421,-66.029063,-66.033837
137.050000,-66.033431,-66.029074,-66.033848
137.100000,-66.033442,-66.029084,-66.033858
137.150000,-66.033452,-66.029094,-66.033868
137.200000,-66.033462,-66.029105,-66.033878
137.250000,-66.033472,-66.029115,-66.033889
137.300000,-66.033483,-66.029125,-66.033899
137.350000,-66.033493,-66.029135,-66.033909
137.400000,-66.033503,-66.029145,-66.033919
137.450000,-66.033513,-66.029155,-66.033929
137.500000,-66.033523,-66.029166,-66.033939
137.550000,-66.033533,-66.029176,-66.033949
137.600000,-66.033543,-66.029186,-66.033960
137.650000,-66.033553,-66.029196,-66.033970
137.700000,-66.033563,-66.029206,-66.033980
137.750000,-66.033574,-66.029216,-66.033990
137.800000,-66.033584,-66.029226,-66.034000
137.850000,-66.033594,-66.029236,-66.034010
137.900000,-66.033604,-66.029246,-66.034020
137.950000,-66.033613,-66.029256,-66.034030
138.000000,-66.033623,-66.029266,-66.034040
138.050000,-66.033633,-66.029276,-66.034050
138.100000,-66.033643,-66.029286,-66.034059
138.150000,-66.033653,-66.029296,-66.034069
138.200000,-66.033663,-66.029306,-66.034079
138.250000,-66.033673,-66.029315,-66.034089
138.300000,-66.033683,-66.029325,-66.034099
138.350000,-66.033693,-66.029335,-66.034109
138.400000,-66.033702,-66.029345,-66.034118
138.450000,-66.033712,-66.029355,-66.034128
138.500000,-66.033722,-66.029365,-66.034138
138.550000,-66.033732,-66.029374,-66.034148
138.600000,-66.033741,-66.029384,-66.034157
138.650000,-66.033751,-66.029394,-66.034167
138.700000,-66.033761,-66.029403,-66.034177
138.750000,-66.033770,-66.029413,-66.034187
138.800000,-66.033780,-66.029423,-66.034196
138.850000,-66.033790,-66.029432,-66.034206
138.900000,-66.033799,-66.029442,-66.034216
138.950000,-66.033809,-66.029452,-66.034225
139.000000,-66.033819,-66.029461,-66.034235
139.050000,-66.033828,-66.029471,-66.034244
139.100000,-66.033838,-66.029480,-66.034254
139.150000,-66.033847,-66.029490,-66.034263
139.200000,-66.033857,-66.029500,-66.034273
139.250000,-66.033866,-66.029509,-66.034282
139.300000,-66.033876,-66.029519,-66.034292
139.350000,-66.033885,-66.029528,-66.034301
139.400000,-66.033895,-66.029537,-66.034311
139.450000,-66.033904,-66.029547,-66.034320
139.500000,-66.033913,-66.029556,-66.034330
139.550000,-66.033923,-66.029566,-66.034339
139.600000,-66.033932,-66.029575,-66.034348
139.650000,-66.033942,-66.029585,-66.034358
139.700000,-66.033951,-66.029594,-66.034367
139.750000,-66.033960,-66.029603,-66.034376
139.800000,-66.033970,-66.029613,-66.034386
139.850000,-66.033979,-66.029622,-66.034395
139.900000,-66.033988,-66.029631,-66.034404
139.950000,-66.033997,-66.029640,-66.034414
140.000000,-66.034007,-66.029650,-66.034423
140.050000,-66.034016,-66.029659,-66.034432
140.100000,-66.034025,-66.029668,-66.034441
140.150000,-66.034034,-66.029677,-66.034451
140.200000,-66.034044,-66.029687,-66.034460
140.250000,-66.034053,-66.029696,-66.034469
140.300000,-66.034062,-66.029705,-66.034478
140.350000,-66.034071,-66.029714,-66.034487
140.400000,-66.034080,-66.029723,-66.034496
140.450000,-66.034089,-66.029732,-66.034505
140.500000,-66.034098,-66.029741,-66.034515
140.550000,-66.034107,-66.029751,-66.034524
140.600000,-66.034116,-66.029760,-66.034533
140.650000,-66.034125,-66.029769,-66.034542
140.700000,-66.034135,-66.029778,-66.034551
140.750000,-66.034144,-66.029787,-66.034560
140.800000,-66.034152,-66.029796,-66.034569
140.850000,-66.034161,-66.029805,-66.034578
140.900000,-66.034170,-66.029814,-66.034587
140.950000,-66.034179,-66.029823,-66.034596
141.000000,-66.034188,-66.029831,-66.034604
141.050000,-66.034197,-66.029840,-66.034613
141.100000,-66.034206,-66.029849,-66.034622
141.150000,-66.034215,-66.029858,-66.034631
141.200000,-66.034224,-66.029867,-66.034640
141.250000,-66.034233,-66.029876,-66.034649
141.300000,-66.034241,-66.029885,-66.034658
141.350000,-66.034250,-66.029894,-66.034666
141.400000,-66.034259,-66.029902,-66.034675
141.450000,-66.034268,-66.029911,-66.034684
141.500000,-66.034277,-66.029920,-66.034693
141.550000,-66.034285,-66.029929,-66.034702
141.600000,-66.034294,-66.029937,-66.034710
141.650000,-66.034303,-66.029946,-66.034719
141.700000,-66.034312,-66.029955,-66.034728
141.750000,-66.034320,-66.029964,-66.034736
141.800000,-66.034329,-66.029972,-66.034745
141.850000,-66.034338,-66.029981,-66.034754
141.900000,-66.034346,-66.029990,-66.034762
141.950000,-66.034355,-66.029998,-66.034771
142.000000,-66.034363,-66.030007,-66.034780
142.050000,-66.034372,-66.030015,-66.034788
142.100000,-66.034381,-66.030024,-66.034797
142.150000,-66.034389,-66.030033,-66.034805
142.200000,-66.034398,-66.030041,-66.034814
142.250000,-66.034406,-66.030050,-66.034822
142.300000,-66.034415,-66.030058,-66.034831
142.350000,-66.034423,-66.030067,-66.034839
142.400000,-66.034432,-66.030075,-66.034848
142.450000,-66.034440,-66.030084,-66.034856
142.500000,-66.034449,-66.030092,-66.034865
142.550000,-66.034457,-66.030101,-66.034873
142.600000,-66.034466,-66.030109,-66.034882
142.650000,-66.034474,-66.030117,-66.034890
142.700000,-66.034482,-66.030126,-66.034899
142.750000,-66.034491,-66.030134,-66.034907
142.800000,-66.034499,-66.030143,-66.034915
142.850000,-66.034507,-66.030151,-66.034924
142.900000,-66.034516,-66.030159,-66.034932
142.950000,-66.034524,-66.030168,-66.034940
143.000000,-66.034532,-66.030176,-66.034949
143.050000,-66.034541,-66.030184,-66.034957
143.100000,-66.034549,-66.030193,-66.034965
143.150000,-66.034557,-66.030201,-66.034973
143.200000,-66.034565,-66.030209,-66.034982
143.250000,-66.034574,-66.030217,-66.034990
143.300000,-66.034582,-66.030226,-66.034998
143.350000,-66.034590,-66.030234,-66.035006
143.400000,-66.034598,-66.030242,-66.035014
143.450000,-66.034606,-66.030250,-66.035023
143.500000,-66.034615,-66.030258,-66.035031
143.550000,-66.034623,-66.030266,-66.035039
143.600000,-66.034631,-66.030275,-66.035047
143.650000,-66.034639,-66.030283,-66.035055
143.700000,-66.034647,-66.030291,-66.035063
143.750000,-66.034655,-66.030299,-66.035071
143.800000,-66.034663,-66.030307,-66.035079
143.850000,-66.034671,-66.030315,-66.035087
143.900000,-66.034679,-66.030323,-66.035096
143.950000,-66.034687,-66.030331,-66.035104
144.000000,-66.034695,-66.030339,-66.035112
144.050000,-66.034703,-66.030347,-66.035120
144.100000,-66.034711,-66.030355,-66.035128
144.150000,-66.034719,-66.030363,-66.035136
144.200000,-66.034727,-66.030371,-66.035143
144.250000,-66.034735,-66.030379,-66.035151
144.300000,-66.034743,-66.030387,-66.035159
144.350000,-66.034751,-66.030395,-66.035167
144.400000,-66.034759,-66.030403,-66.035175
144.450000,-66.034767,-66.030411,-66.035183
144.500000,-66.034775,-66.030419,-66.035191
144.550000,-66.034783,-66.030426,-66.035199
144.600000,-66.034790,-66.030434,-66.035207
144.650000,-66.034798,-66.030442,-66.035214
144.700000,-66.034806,-66.030450,-66.035222
144.750000,-66.034814,-66.030458,-66.035230
144.800000,-66.034822,-66.030466,-66.035238
144.850000,-66.034829,-66.030473,-66.035246
144.900000,-66.034837,-66.030481,-66.035253
144.950000,-66.034845,-66.030489,-66.035261
145.000000,-66.034853,-66.030497,-66.035269
145.050000,-66.034860,-66.030504,-66.035277
145.100000,-66.034868,-66.030512,-66.035284
145.150000,-66.034876,-66.030520,-66.035292
145.200000,-66.034883,-66.030527,-66.035300
145.250000,-66.034891,-66.030535,-66.035307
145.300000,-66.034899,-66.030543,-66.035315
145.350000,-66.034906,-66.030550,-66.035323
145.400000,-66.034914,-66.030558,-66.035330
145.450000,-66.034921,-66.030566,-66.035338
145.500000,-66.034929,-66.030573,-66.035345
145.550000,-66.034937,-66.030581,-66.035353
145.600000,-66.034944,-66.030588,-66.035360
145.650000,-66.034952,-66.030596,-66.035368
145.700000,-66.034959,-66.030603,-66.035376
145.750000,-66.034967,-66.030611,-66.035383
145.800000,-66.034974,-66.030618,-66.035391
145.850000,-66.034982,-66.030626,-66.035398
145.900000,-66.034989,-66.030633,-66.035406
145.950000,-66.034997,-66.030641,-66.035413
146.000000,-66.035004,-66.030648,-66.035420
146.050000,-66.035012,-66.030656,-66.035428
146.100000,-66.035019,-66.030663,-66.035435
146.150000,-66.035027,-66.030671,-66.035443
146.200000,-66.035034,-66.030678,-66.035450
146.250000,-66.035041,-66.030686,-66.035458
146.300000,-66.035049,-66.030693,-66.035465
146.350000,-66.035056,-66.030700,-66.035472
146.400000,-66.035063,-66.030708,-66.035480
146.450000,-66.035071,-66.030715,-66.035487
146.500000,-66.035078,-66.030722,-66.035494
146.550000,-66.035085,-66.030730,-66.035502
146.600000,-66.035093,-66.030737,-66.035509
146.650000,-66.035100,-66.030744,-66.035516
146.700000,-66.035107,-66.030751,-66.035523
146.750000,-66.035114,-66.030759,-66.035531
146.800000,-66.035122,-66.030766,-66.035538
146.850000,-66.035129,-66.030773,-66.035545
146.900000,-66.035136,-66.030780,-66.035552
146.950000,-66.035143,-66.030788,-66.035560
147.000000,-66.035151,-66.030795,-66.035567
147.050000,-66.035158,-66.030802,-66.035574
147.100000,-66.035165,-66.030809,-66.035581
147.150000,-66.035172,-66.030816,-66.035588
147.200000,-66.035179,-66.030824,-66.035595
147.250000,-66.035186,-66.030831,-66.035603
147.300000,-66.035193,-66.030838,-66.035610
147.350000,-66.035201,-66.030845,-66.035617
147.400000,-66.035208,-66.030852,-66.035624
147.450000,-66.035215,-66.030859,-66.035631
147.500000,-66.035222,-66.030866,-66.035638
147.550000,-66.035229,-66.030873,-66.035645
147.600000,-66.035236,-66.030880,-66.035652
147.650000,-66.035243,-66.030887,-66.035659
147.700000,-66.035250,-66.030894,-66.035666
147.750000,-66.035257,-66.030901,-66.035673
147.800000,-66.035264,-66.030908,-66.035680
147.850000,-66.035271,-66.030915,-66.035687
147.900000,-66.035278,-66.030922,-66.035694
147.950000,-66.035285,-66.030929,-66.035701
148.000000,-66.035292,-66.030936,-66.035708
148.050000,-66.035299,-66.030943,-66.035715
148.100000,-66.035306,-66.030950,-66.035722
148.150000,-66.035312,-66.030957,-66.035729
148.200000,-66.035319,-66.030964,-66.035736
148.250000,-66.035326,-66.030971,-66.035742
148.300000,-66.035333,-66.030978,-66.035749
148.350000,-66.035340,-66.030984,-66.035756
148.400000,-66.035347,-66.030991,-66.035763
148.450000,-66.035354,-66.030998,-66.035770
148.500000,-66.035360,-66.031005,-66.035777
148.550000,-66.035367,-66.031012,-66.035783
148.600000,-66.035374,-66.031019,-66.035790
148.650000,-66.035381,-66.031025,-66.035797
148.700000,-66.035388,-66.031032,-66.035804
148.750000,-66.035394,-66.031039,-66.035811
148.800000,-66.035401,-66.031046,-66.035817
148.850000,-66.035408,-66.031052,-66.035824
148.900000,-66.035415,-66.031059,-66.035831
148.950000,-66.035421,-66.031066,-66.035837
149.000000,-66.035428,-66.031073,-66.035844
149.050000,-66.035435,-66.031079,-66.035851
149.100000,-66.035441,-66.031086,-66.035858
149.150000,-66.035448,-66.031093,-66.035864
149.200000,-66.035455,-66.031099,-66.035871
149.250000,-66.035461,-66.031106,-66.035877
149.300000,-66.035468,-66.031113,-66.035884
149.350000,-66.035474,-66.031119,-66.035891
149.400000,-66.035481,-66.031126,-66.035897
149.450000,-66.035488,-66.031132,-66.035904
149.500000,-66.035494,-66.031139,-66.035910
149.550000,-66.035501,-66.031145,-66.035917
149.600000,-66.035507,-66.031152,-66.035924
149.650000,-66.035514,-66.031159,-66.035930
149.700000,-66.035520,-66.031165,-66.035937
149.750000,-66.035527,-66.031172,-66.035943
149.800000,-66.035533,-66.031178,-66.035950
149.850000,-66.035540,-66.031185,-66.035956
149.900000,-66.035546,-66.031191,-66.035963
149.950000,-66.035553,-66.031198,-66.035969
150.000000,-66.035559,-66.031204,-66.035976
150.050000,-66.035566,-66.031211,-66.035982
150.100000,-66.035572,-66.031217,-66.035988
150.150000,-66.035579,-66.031223,-66.035995
150.200000,-66.035585,-66.031230,-66.036001
150.250000,-66.035591,-66.031236,-66.036008
150.300000,-66.035598,-66.031243,-66.036014
150.350000,-66.035604,-66.031249,-66.036020
150.400000,-66.035611,-66.031255,-66.036027
150.450000,-66.035617,-66.031262,-66.036033
150.500000,-66.035623,-66.031268,-66.036040
150.550000,-66.035630,-66.031274,-66.036046
150.600000,-66.035636,-66.031281,-66.036052
150.650000,-66.035642,-66.031287,-66.036058
150.700000,-66.035649,-66.031293,-66.036065
150.750000,-66.035655,-66.031300,-66.036071
150.800000,-66.035661,-66.031306,-66.036077
150.850000,-66.035667,-66.031312,-66.036084
150.900000,-66.035674,-66.031319,-66.036090
150.950000,-66.035680,-66.031325,-66.036096
151.000000,-66.035686,-66.031331,-66.036102
151.050000,-66.035692,-66.031337,-66.036109
151.100000,-66.035698,-66.031343,-66.036115
151.150000,-66.035705,-66.031350,-66.036121
151.200000,-66.035711,-66.031356,-66.036127
151.250000,-66.035717,-66.031362,-66.036133
151.300000,-66.035723,-66.031368,-66.036139
151.350000,-66.035729,-66.031374,-66.036146
151.400000,-66.035736,-66.031381,-66.036152
151.450000,-66.035742,-66.031387,-66.036158
151.500000,-66.035748,-66.031393,-66.036164
151.550000,-66.035754,-66.031399,-66.036170
151.600000,-66.035760,-66.031405,-66.036176
151.650000,-66.035766,-66.031411,-66.036182
151.700000,-66.035772,-66.031417,-66.036188
151.750000,-66.035778,-66.031423,-66.036194
151.800000,-66.035784,-66.031429,-66.036201
151.850000,-66.035790,-66.031435,-66.036207
151.900000,-66.035796,-66.031441,-66.036213
151.950000,-66.035802,-66.031447,-66.036219
152.000000,-66.035808,-66.031453,-66.036225
152.050000,-66.035814,-66.031459,-66.036231
152.100000,-66.035820,-66.031465,-66.036237
152.150000,-66.035826,-66.031471,-66.036243
152.200000,-66.035832,-66.031477,-66.036249
152.250000,-66.035838,-66.031483,-66.036255
152.300000,-66.035844,-66.031489,-66.036260
152.350000,-66.035850,-66.031495,-66.036266
152.400000,-66.035856,-66.031501,-66.036272
152.450000,-66.035862,-66.031507,-66.036278
152.500000,-66.035868,-66.031513,-66.036284
152.550000,-66.035874,-66.031519,-66.036290
152.600000,-66.035880,-66.031525,-66.036296
152.650000,-66.035886,-66.031531,-66.036302
152.700000,-66.035891,-66.031537,-66.036308
152.750000,-66.035897,-66.031542,-66.036314
152.800000,-66.035903,-66.031548,-66.036319
152.850000,-66.035909,-66.031554,-66.036325
152.900000,-66.035915,-66.031560,-66.036331
152.950000,-66.035921,-66.031566,-66.036337
153.000000,-66.035926,-66.031572,-66.036343
153.050000,-66.035932,-66.031577,-66.036348
153.100000,-66.035938,-66.031583,-66.036354
153.150000,-66.035944,-66.031589,-66.036360
153.200000,-66.035949,-66.031595,-66.036366
153.250000,-66.035955,-66.031600,-66.036371
153.300000,-66.035961,-66.031606,-66.036377
153.350000,-66.035967,-66.031612,-66.036383
153.400000,-66.035972,-66.031618,-66.036389
153.450000,-66.035978,-66.031623,-66.036394
153.500000,-66.035984,-66.031629,-66.036400
153.550000,-66.035989,-66.031635,-66.036406
153.600000,-66.035995,-66.031640,-66.036411
153.650000,-66.036001,-66.031646,-66.036417
153.700000,-66.036006,-66.031652,-66.036423
153.750000,-66.036012,-66.031657,-66.036428
153.800000,-66.036018,-66.031663,-66.036434
153.850000,-66.036023,-66.031669,-66.036440
153.900000,-66.036029,-66.031674,-66.036445
153.950000,-66.036035,-66.031680,-66.036451
154.000000,-66.036040,-66.031686,-66.036456
154.050000,-66.036046,-66.031691,-66.036462
154.100000,-66.036051,-66.031697,-66.036468
154.150000,-66.036057,-66.031702,-66.036473
154.200000,-66.036062,-66.031708,-66.036479
154.250000,-66.036068,-66.031713,-66.036484
154.300000,-66.036074,-66.031719,-66.036490
154.350000,-66.036079,-66.031724,-66.036495
154.400000,-66.036085,-66.031730,-66.036501
154.450000,-66.036090,-66.031736,-66.036506
154.500000,-66.036096,-66.031741,-66.036512
154.550000,-66.036101,-66.031747,-66.036517
154.600000,-66.036107,-66.031752,-66.036523
154.650000,-66.036112,-66.031757,-66.036528
154.700000,-66.036117,-66.031763,-66.036534
154.750000,-66.036123,-66.031768,-66.036539
154.800000,-66.036128,-66.031774,-66.036545
154.850000,-66.036134,-66.031779,-66.036550
154.900000,-66.036139,-66.031785,-66.036556
154.950000,-66.036145,-66.031790,-66.036561
155.000000,-66.036150,-66.031795,-66.036566
155.050000,-66.036155,-66.031801,-66.036572
155.100000,-66.036161,-66.031806,-66.036577
155.150000,-66.036166,-66.031812,-66.036582
155.200000,-66.036172,-66.031817,-66.036588
155.250000,-66.036177,-66.031822,-66.036593
155.300000,-66.036182,-66.031828,-66.036599
155.350000,-66.036188,-66.031833,-66.036604
155.400000,-66.036193,-66.031838,-66.036609
155.450000,-66.036198,-66.031844,-66.036615
155.500000,-66.036203,-66.031849,-66.036620
155.550000,-66.036209,-66.031854,-66.036625
155.600000,-66.036214,-66.031860,-66.036630
155.650000,-66.036219,-66.031865,-66.036636
155.700000,-66.036225,-66.031870,-66.036641
155.750000,-66.036230,-66.031875,-66.036646
155.800000,-66.036235,-66.031881,-66.036651
155.850000,-66.036240,-66.031886,-66.036657
155.900000,-66.036246,-66.031891,-66.036662
155.950000,-66.036251,-66.031896,-66.036667
156.000000,-66.036256,-66.031902,-66.036672
156.050000,-66.036261,-66.031907,-66.036678
156.100000,-66.036266,-66.031912,-66.036683
156.150000,-66.036272,-66.031917,-66.036688
156.200000,-66.036277,-66.031922,-66.036693
156.250000,-66.036282,-66.031928,-66.036698
156.300000,-66.036287,-66.031933,-66.036703
156.350000,-66.036292,-66.031938,-66.036709
156.400000,-66.036297,-66.031943,-66.036714
156.450000,-66.036302,-66.031948,-66.036719
156.500000,-66.036308,-66.031953,-66.036724
156.550000,-66.036313,-66.031958,-66.036729
156.600000,-66.036318,-66.031963,-66.036734
156.650000,-66.036323,-66.031969,-66.036739
156.700000,-66.036328,-66.031974,-66.036744
156.750000,-66.036333,-66.031979,-66.036749
156.800000,-66.036338,-66.031984,-66.036754
156.850000,-66.036343,-66.031989,-66.036759
156.900000,-66.036348,-66.031994,-66.036765
156.950000,-66.036353,-66.031999,-66.036770
157.000000,-66.036358,-66.032004,-66.036775
157.050000,-66.036363,-66.032009,-66.036780
157.100000,-66.036368,-66.032014,-66.036785
157.150000,-66.036373,-66.032019,-66.036790
157.200000,-66.036378,-66.032024,-66.036795
157.250000,-66.036383,-66.032029,-66.036800
157.300000,-66.036388,-66.032034,-66.036805
157.350000,-66.036393,-66.032039,-66.036810
157.400000,-66.036398,-66.032044,-66.036814
157.450000,-66.036403,-66.032049,-66.036819
157.500000,-66.036408,-66.032054,-66.036824
157.550000,-66.036413,-66.032059,-66.036829
157.600000,-66.036418,-66.032064,-66.036834
157.650000,-66.036423,-66.032069,-66.036839
157.700000,-66.036428,-66.032073,-66.036844
157.750000,-66.036433,-66.032078,-66.036849
157.800000,-66.036437,-66.032083,-66.036854
157.850000,-66.036442,-66.032088,-66.036859
157.900000,-66.036447,-66.032093,-66.036864
157.950000,-66.036452,-66.032098,-66.036868
158.000000,-66.036457,-66.032103,-66.036873
158.050000,-66.036462,-66.032108,-66.036878
158.100000,-66.036467,-66.032112,-66.036883
158.150000,-66.036471,-66.032117,-66.036888
158.200000,-66.036476,-66.032122,-66.036893
158.250000,-66.036481,-66.032127,-66.036897
158.300000,-66.036486,-66.032132,-66.036902
158.350000,-66.036491,-66.032136,-66.036907
158.400000,-66.036495,-66.032141,-66.036912
158.450000,-66.036500,-66.032146,-66.036917
158.500000,-66.036505,-66.032151,-66.036921
158.550000,-66.036510,-66.032156,-66.036926
158.600000,-66.036514,-66.032160,-66.036931
158.650000,-66.036519,-66.032165,-66.036936
158.700000,-66.036524,-66.032170,-66.036940
158.750000,-66.036529,-66.032175,-66.036945
158.800000,-66.036533,-66.032179,-66.036950
158.850000,-66.036538,-66.032184,-66.036954
158.900000,-66.036543,-66.032189,-66.036959
158.950000,-66.036547,-66.032193,-66.036964
159.000000,-66.036552,-66.032198,-66.036968
159.050000,-66.036557,-66.032203,-66.036973
159.100000,-66.036561,-66.032207,-66.036978
159.150000,-66.036566,-66.032212,-66.036982
159.200000,-66.036571,-66.032217,-66.036987
159.250000,-66.036575,-66.032221,-66.036992
159.300000,-66.036580,-66.032226,-66.036996
159.350000,-66.036585,-66.032231,-66.037001
159.400000,-66.036589,-66.032235,-66.037006
159.450000,-66.036594,-66.032240,-66.037010
159.500000,-66.036598,-66.032244,-66.037015
159.550000,-66.036603,-66.032249,-66.037019
159.600000,-66.036608,-66.032254,-66.037024
159.650000,-66.036612,-66.032258,-66.037029
159.700000,-66.036617,-66.032263,-66.037033
159.750000,-66.036621,-66.032267,-66.037038
159.800000,-66.036626,-66.032272,-66.037042
159.850000,-66.036630,-66.032276,-66.037047
159.900000,-66.036635,-66.032281,-66.037051
159.950000,-66.036639,-66.032285,-66.037056
160.000000,-66.036644,-66.032290,-66.037060
160.050000,-66.036648,-66.032294,-66.037065
160.100000,-66.036653,-66.032299,-66.037069
160.150000,-66.036657,-66.032303,-66.037074
160.200000,-66.036662,-66.032308,-66.037078
160.250000,-66.036666,-66.032312,-66.037083
160.300000,-66.036671,-66.032317,-66.037087
160.350000,-66.036675,-66.032321,-66.037092
160.400000,-66.036680,-66.032326,-66.037096
160.450000,-66.036684,-66.032330,-66.037101
160.500000,-66.036689,-66.032335,-66.037105
160.550000,-66.036693,-66.032339,-66.037109
160.600000,-66.036698,-66.032344,-66.037114
160.650000,-66.036702,-66.032348,-66.037118
160.700000,-66.036706,-66.032352,-66.037123
160.750000,-66.036711,-66.032357,-66.037127
160.800000,-66.036715,-66.032361,-66.037131
160.850000,-66.036719,-66.032366,-66.037136
160.900000,-66.036724,-66.032370,-66.037140
160.950000,-66.036728,-66.032374,-66.037145
161.000000,-66.036733,-66.032379,-66.037149
161.050000,-66.036737,-66.032383,-66.037153
161.100000,-66.036741,-66.032387,-66.037158
161.150000,-66.036746,-66.032392,-66.037162
161.200000,-66.036750,-66.032396,-66.037166
161.250000,-66.036754,-66.032400,-66.037171
161.300000,-66.036759,-66.032405,-66.037175
161.350000,-66.036763,-66.032409,-66.037179
161.400000,-66.036767,-66.032413,-66.037184
161.450000,-66.036771,-66.032418,-66.037188
161.500000,-66.036776,-66.032422,-66.037192
161.550000,-66.036780,-66.032426,-66.037196
161.600000,-66.036784,-66.032430,-66.037201
161.650000,-66.036789,-66.032435,-66.037205
161.700000,-66.036793,-66.032439,-66.037209
161.750000,-66.036797,-66.032443,-66.037213
161.800000,-66.036801,-66.032447,-66.037218
161.850000,-66.036805,-66.032452,-66.037222
161.900000,-66.036810,-66.032456,-66.037226
161.950000,-66.036814,-66.032460,-66.037230
162.000000,-66.036818,-66.032464,-66.037234
162.050000,-66.036822,-66.032469,-66.037239
162.100000,-66.036826,-66.032473,-66.037243
162.150000,-66.036831,-66.032477,-66.037247
162.200000,-66.036835,-66.032481,-66.037251
162.250000,-66.036839,-66.032485,-66.037255
162.300000,-66.036843,-66.032489,-66.037260
162.350000,-66.036847,-66.032494,-66.037264
162.400000,-66.036851,-66.032498,-66.037268
162.450000,-66.036856,-66.032502,-66.037272
162.500000,-66.036860,-66.032506,-66.037276
162.550000,-66.036864,-66.032510,-66.037280
162.600000,-66.036868,-66.032514,-66.037284
162.650000,-66.036872,-66.032518,-66.037288
162.700000,-66.036876,-66.032522,-66.037293
162.750000,-66.036880,-66.032527,-66.037297
162.800000,-66.036884,-66.032531,-66.037301
162.850000,-66.036888,-66.032535,-66.037305
162.900000,-66.036893,-66.032539,-66.037309
162.950000,-66.036897,-66.032543,-66.037313
163.000000,-66.036901,-66.032547,-66.037317
163.050000,-66.036905,-66.032551,-66.037321
163.100000,-66.036909,-66.032555,-66.037325
163.150000,-66.036913,-66.032559,-66.037329
163.200000,-66.036917,-66.032563,-66.037333
163.250000,-66.036921,-66.032567,-66.037337
163.300000,-66.036925,-66.032571,-66.037341
163.350000,-66.036929,-66.032575,-66.037345
163.400000,-66.036933,-66.032579,-66.037349
163.450000,-66.036937,-66.032583,-66.037353
163.500000,-66.036941,-66.032587,-66.037357
163.550000,-66.036945,-66.032591,-66.037361
163.600000,-66.036949,-66.032595,-66.037365
163.650000,-66.036953,-66.032599,-66.037369
163.700000,-66.036957,-66.032603,-66.037373
163.750000,-66.036961,-66.032607,-66.037377
163.800000,-66.036965,-66.032611,-66.037381
163.850000,-66.036968,-66.032615,-66.037385
163.900000,-66.036972,-66.032619,-66.037389
163.950000,-66.036976,-66.032623,-66.037393
164.000000,-66.036980,-66.032627,-66.037397
164.050000,-66.036984,-66.032631,-66.037401
164.100000,-66.036988,-66.032634,-66.037404
164.150000,-66.036992,-66.032638,-66.037408
164.200000,-66.036996,-66.032642,-66.037412
164.250000,-66.037000,-66.032646,-66.037416
164.300000,-66.037004,-66.032650,-66.037420
164.350000,-66.037007,-66.032654,-66.037424
164.400000,-66.037011,-66.032658,-66.037428
164.450000,-66.037015,-66.032662,-66.037432
164.500000,-66.037019,-66.032665,-66.037435
164.550000,-66.037023,-66.032669,-66.037439
164.600000,-66.037027,-66.032673,-66.037443
164.650000,-66.037031,-66.032677,-66.037447
164.700000,-66.037034,-66.032681,-66.037451
164.750000,-66.037038,-66.032685,-66.037455
164.800000,-66.037042,-66.032688,-66.037458
164.850000,-66.037046,-66.032692,-66.037462
164.900000,-66.037050,-66.032696,-66.037466
164.950000,-66.037053,-66.032700,-66.037470
165.000000,-66.037057,-66.032704,-66.037473
165.050000,-66.037061,-66.032707,-66.037477
165.100000,-66.037065,-66.032711,-66.037481
165.150000,-66.037068,-66.032715,-66.037485
165.200000,-66.037072,-66.032719,-66.037489
165.250000,-66.037076,-66.032722,-66.037492
165.300000,-66.037080,-66.032726,-66.037496
165.350000,-66.037083,-66.032730,-66.037500
165.400000,-66.037087,-66.032734,-66.037503
165.450000,-66.037091,-66.032737,-66.037507
165.500000,-66.037095,-66.032741,-66.037511
165.550000,-66.037098,-66.032745,-66.037515
165.600000,-66.037102,-66.032748,-66.037518
165.650000,-66.037106,-66.032752,-66.037522
165.700000,-66.037109,-66.032756,-66.037526
165.750000,-66.037113,-66.032760,-66.037529
165.800000,-66.037117,-66.032763,-66.037533
165.850000,-66.037120,-66.032767,-66.037537
165.900000,-66.037124,-66.032771,-66.037540
165.950000,-66.037128,-66.032774,-66.037544
166.000000,-66.037131,-66.032778,-66.037548
166.050000,-66.037135,-66.032781,-66.037551
166.100000,-66.037139,-66.032785,-66.037555
166.150000,-66.037142,-66.032789,-66.037559
166.200000,-66.037146,-66.032792,-66.037562
166.250000,-66.037149,-66.032796,-66.037566
166.300000,-66.037153,-66.032800,-66.037569
166.350000,-66.037157,-66.032803,-66.037573
166.400000,-66.037160,-66.032807,-66.037577
166.450000,-66.037164,-66.032810,-66.037580
166.500000,-66.037167,-66.032814,-66.037584
166.550000,-66.037171,-66.032818,-66.037587
166.600000,-66.037174,-66.032821,-66.037591
166.650000,-66.037178,-66.032825,-66.037594
166.700000,-66.037182,-66.032828,-66.037598
166.750000,-66.037185,-66.032832,-66.037602
166.800000,-66.037189,-66.032835,-66.037605
166.850000,-66.037192,-66.032839,-66.037609
166.900000,-66.037196,-66.032842,-66.037612
166.950000,-66.037199,-66.032846,-66.037616
167.000000,-66.037203,-66.032849,-66.037619
167.050000,-66.037206,-66.032853,-66.037623
167.100000,-66.037210,-66.032856,-66.037626
167.150000,-66.037213,-66.032860,-66.037630
167.200000,-66.037217,-66.032863,-66.037633
167.250000,-66.037220,-66.032867,-66.037637
167.300000,-66.037224,-66.032870,-66.037640
167.350000,-66.037227,-66.032874,-66.037644
167.400000,-66.037231,-66.032877,-66.037647
167.450000,-66.037234,-66.032881,-66.037651
167.500000,-66.037238,-66.032884,-66.037654
167.550000,-66.037241,-66.032888,-66.037657
167.600000,-66.037245,-66.032891,-66.037661
167.650000,-66.037248,-66.032895,-66.037664
167.700000,-66.037251,-66.032898,-66.037668
167.750000,-66.037255,-66.032902,-66.037671
167.800000,-66.037258,-66.032905,-66.037675
167.850000,-66.037262,-66.032908,-66.037678
167.900000,-66.037265,-66.032912,-66.037681
167.950000,-66.037268,-66.032915,-66.037685
168.000000,-66.037272,-66.032919,-66.037688
168.050000,-66.037275,-66.032922,-66.037692
168.100000,-66.037279,-66.032925,-66.037695
168.150000,-66.037282,-66.032929,-66.037698
168.200000,-66.037285,-66.032932,-66.037702
168.250000,-66.037289,-66.032935,-66.037705
168.300000,-66.037292,-66.032939,-66.037708
168.350000,-66.037295,-66.032942,-66.037712
168.400000,-66.037299,-66.032946,-66.037715
168.450000,-66.037302,-66.032949,-66.037719
168.500000,-66.037305,-66.032952,-66.037722
168.550000,-66.037309,-66.032956,-66.037725
168.600000,-66.037312,-66.032959,-66.037729
168.650000,-66.037315,-66.032962,-66.037732
168.700000,-66.037319,-66.032966,-66.037735
168.750000,-66.037322,-66.032969,-66.037738
168.800000,-66.037325,-66.032972,-66.037742
168.850000,-66.037329,-66.032975,-66.037745
168.900000,-66.037332,-66.032979,-66.037748
168.950000,-66.037335,-66.032982,-66.037752
169.000000,-66.037338,-66.032985,-66.037755
169.050000,-66.037342,-66.032989,-66.037758
169.100000,-66.037345,-66.032992,-66.037761
169.150000,-66.037348,-66.032995,-66.037765
169.200000,-66.037352,-66.032998,-66.037768
169.250000,-66.037355,-66.033002,-66.037771
169.300000,-66.037358,-66.033005,-66.037774
169.350000,-66.037361,-66.033008,-66.037778
169.400000,-66.037364,-66.033011,-66.037781
169.450000,-66.037368,-66.033015,-66.037784
169.500000,-66.037371,-66.033018,-66.037787
169.550000,-66.037374,-66.033021,-66.037791
169.600000,-66.037377,-66.033024,-66.037794
169.650000,-66.037381,-66.033027,-66.037797
169.700000,-66.037384,-66.033031,-66.037800
169.750000,-66.037387,-66.033034,-66.037803
169.800000,-66.037390,-66.033037,-66.037807
169.850000,-66.037393,-66.033040,-66.037810
169.900000,-66.037396,-66.033043,-66.037813
169.950000,-66.037400,-66.033046,-66.037816
170.000000,-66.037403,-66.033050,-66.037819
170.050000,-66.037406,-66.033053,-66.037822
170.100000,-66.037409,-66.033056,-66.037826
170.150000,-66.037412,-66.033059,-66.037829
170.200000,-66.037415,-66.033062,-66.037832
170.250000,-66.037418,-66.033065,-66.037835
170.300000,-66.037422,-66.033069,-66.037838
170.350000,-66.037425,-66.033072,-66.037841
170.400000,-66.037428,-66.033075,-66.037844
170.450000,-66.037431,-66.033078,-66.037847
170.500000,-66.037434,-66.033081,-66.037851
170.550000,-66.037437,-66.033084,-66.037854
170.600000,-66.037440,-66.033087,-66.037857
170.650000,-66.037443,-66.033090,-66.037860
170.700000,-66.037446,-66.033093,-66.037863
170.750000,-66.037450,-66.033096,-66.037866
170.800000,-66.037453,-66.033100,-66.037869
170.850000,-66.037456,-66.033103,-66.037872
170.900000,-66.037459,-66.033106,-66.037875
170.950000,-66.037462,-66.033109,-66.037878
171.000000,-66.037465,-66.033112,-66.037881
171.050000,-66.037468,-66.033115,-66.037884
171.100000,-66.037471,-66.033118,-66.037887
171.150000,-66.037474,-66.033121,-66.037890
171.200000,-66.037477,-66.033124,-66.037893
171.250000,-66.037480,-66.033127,-66.037896
171.300000,-66.037483,-66.033130,-66.037899
171.350000,-66.037486,-66.033133,-66.037902
171.400000,-66.037489,-66.033136,-66.037905
171.450000,-66.037492,-66.033139,-66.037908
171.500000,-66.037495,-66.033142,-66.037911
171.550000,-66.037498,-66.033145,-66.037914
171.600000,-66.037501,-66.033148,-66.037917
171.650000,-66.037504,-66.033151,-66.037920
171.700000,-66.037507,-66.033154,-66.037923
171.750000,-66.037510,-66.033157,-66.037926
171.800000,-66.037513,-66.033160,-66.037929
171.850000,-66.037516,-66.033163,-66.037932
171.900000,-66.037519,-66.033166,-66.037935
171.950000,-66.037522,-66.033169,-66.037938
172.000000,-66.037525,-66.033172,-66.037941
172.050000,-66.037528,-66.033175,-66.037944
172.100000,-66.037531,-66.033178,-66.037947
172.150000,-66.037534,-66.033181,-66.037950
172.200000,-66.037536,-66.033183,-66.037953
172.250000,-66.037539,-66.033186,-66.037956
172.300000,-66.037542,-66.033189,-66.037959
172.350000,-66.037545,-66.033192,-66.037962
172.400000,-66.037548,-66.033195,-66.037965
172.450000,-66.037551,-66.033198,-66.037967
172.500000,-66.037554,-66.033201,-66.037970
172.550000,-66.037557,-66.033204,-66.037973
172.600000,-66.037560,-66.033207,-66.037976
172.650000,-66.037563,-66.033210,-66.037979
172.700000,-66.037565,-66.033212,-66.037982
172.750000,-66.037568,-66.033215,-66.037985
172.800000,-66.037571,-66.033218,-66.037988
172.850000,-66.037574,-66.033221,-66.037990
172.900000,-66.037577,-66.033224,-66.037993
172.950000,-66.037580,-66.033227,-66.037996
173.000000,-66.037583,-66.033230,-66.037999
173.050000,-66.037585,-66.033232,-66.038002
173.100000,-66.037588,-66.033235,-66.038005
173.150000,-66.037591,-66.033238,-66.038007
173.200000,-66.037594,-66.033241,-66.038010
173.250000,-66.037597,-66.033244,-66.038013
173.300000,-66.037599,-66.033247,-66.038016
173.350000,-66.037602,-66.033249,-66.038019
173.400000,-66.037605,-66.033252,-66.038022
173.450000,-66.037608,-66.033255,-66.038024
173.500000,-66.037611,-66.033258,-66.038027
173.550000,-66.037613,-66.033261,-66.038030
173.600000,-66.037616,-66.033263,-66.038033
173.650000,-66.037619,-66.033266,-66.038035
173.700000,-66.037622,-66.033269,-66.038038
173.750000,-66.037625,-66.033272,-66.038041
173.800000,-66.037627,-66.033274,-66.038044
173.850000,-66.037630,-66.033277,-66.038046
173.900000,-66.037633,-66.033280,-66.038049
173.950000,-66.037636,-66.033283,-66.038052
174.000000,-66.037638,-66.033285,-66.038055
174.050000,-66.037641,-66.033288,-66.038057
174.100000,-66.037644,-66.033291,-66.038060
174.150000,-66.037646,-66.033294,-66.038063
174.200000,-66.037649,-66.033296,-66.038066
174.250000,-66.037652,-66.033299,-66.038068
174.300000,-66.037655,-66.033302,-66.038071
174.350000,-66.037657,-66.033304,-66.038074
174.400000,-66.037660,-66.033307,-66.038076
174.450000,-66.037663,-66.033310,-66.038079
174.500000,-66.037665,-66.033313,-66.038082
174.550000,-66.037668,-66.033315,-66.038085
174.600000,-66.037671,-66.033318,-66.038087
174.650000,-66.037673,-66.033321,-66.038090
174.700000,-66.037676,-66.033323,-66.038093
174.750000,-66.037679,-66.033326,-66.038095
174.800000,-66.037682,-66.033329,-66.038098
174.850000,-66.037684,-66.033331,-66.038101
174.900000,-66.037687,-66.033334,-66.038103
174.950000,-66.037689,-66.033337,-66.038106
175.000000,-66.037692,-66.033339,-66.038109
175.050000,-66.037695,-66.033342,-66.038111
175.100000,-66.037697,-66.033345,-66.038114
175.150000,-66.037700,-66.033347,-66.038116
175.200000,-66.037703,-66.033350,-66.038119
175.250000,-66.037705,-66.033352,-66.038122
175.300000,-66.037708,-66.033355,-66.038124
175.350000,-66.037711,-66.033358,-66.038127
175.400000,-66.037713,-66.033360,-66.038130
175.450000,-66.037716,-66.033363,-66.038132
175.500000,-66.037718,-66.033366,-66.038135
175.550000,-66.037721,-66.033368,-66.038137
175.600000,-66.037724,-66.033371,-66.038140
175.650000,-66.037726,-66.033373,-66.038143
175.700000,-66.037729,-66.033376,-66.038145
175.750000,-66.037731,-66.033378,-66.038148
175.800000,-66.037734,-66.033381,-66.038150
175.850000,-66.037736,-66.033384,-66.038153
175.900000,-66.037739,-66.033386,-66.038155
175.950000,-66.037742,-66.033389,-66.038158
176.000000,-66.037744,-66.033391,-66.038161
176.050000,-66.037747,-66.033394,-66.038163
176.100000,-66.037749,-66.033396,-66.038166
176.150000,-66.037752,-66.033399,-66.038168
176.200000,-66.037754,-66.033401,-66.038171
176.250000,-66.037757,-66.033404,-66.038173
176.300000,-66.037759,-66.033407,-66.038176
176.350000,-66.037762,-66.033409,-66.038178
176.400000,-66.037764,-66.033412,-66.038181
176.450000,-66.037767,-66.033414,-66.038183
176.500000,-66.037769,-66.033417,-66.038186
176.550000,-66.037772,-66.033419,-66.038188
176.600000,-66.037774,-66.033422,-66.038191
176.650000,-66.037777,-66.033424,-66.038193
176.700000,-66.037779,-66.033427,-66.038196
176.750000,-66.037782,-66.033429,-66.038198
176.800000,-66.037784,-66.033432,-66.038201
176.850000,-66.037787,-66.033434,-66.038203
176.900000,-66.037789,-66.033437,-66.038206
176.950000,-66.037792,-66.033439,-66.038208
177.000000,-66.037794,-66.033442,-66.038211
177.050000,-66.037797,-66.033444,-66.038213
177.100000,-66.037799,-66.033446,-66.038216
177.150000,-66.037802,-66.033449,-66.038218
177.200000,-66.037804,-66.033451,-66.038220
177.250000,-66.037806,-66.033454,-66.038223
177.300000,-66.037809,-66.033456,-66.038225
177.350000,-66.037811,-66.033459,-66.038228
177.400000,-66.037814,-66.033461,-66.038230
177.450000,-66.037816,-66.033464,-66.038233
177.500000,-66.037819,-66.033466,-66.038235
177.550000,-66.037821,-66.033468,-66.038237
177.600000,-66.037823,-66.033471,-66.038240
177.650000,-66.037826,-66.033473,-66.038242
177.700000,-66.037828,-66.033476,-66.038245
177.750000,-66.037831,-66.033478,-66.038247
177.800000,-66.037833,-66.033480,-66.038250
177.850000,-66.037835,-66.033483,-66.038252
177.900000,-66.037838,-66.033485,-66.038254
177.950000,-66.037840,-66.033488,-66.038257
178.000000,-66.037843,-66.033490,-66.038259
178.050000,-66.037845,-66.033492,-66.038261
178.100000,-66.037847,-66.033495,-66.038264
178.150000,-66.037850,-66.033497,-66.038266
178.200000,-66.037852,-66.033499,-66.038269
178.250000,-66.037854,-66.033502,-66.038271
178.300000,-66.037857,-66.033504,-66.038273
178.350000,-66.037859,-66.033507,-66.038276
178.400000,-66.037861,-66.033509,-66.038278
178.450000,-66.037864,-66.033511,-66.038280
178.500000,-66.037866,-66.033514,-66.038283
178.550000,-66.037868,-66.033516,-66.038285
178.600000,-66.037871,-66.033518,-66.038287
178.650000,-66.037873,-66.033521,-66.038290
178.700000,-66.037875,-66.033523,-66.038292
178.750000,-66.037878,-66.033525,-66.038294
178.800000,-66.037880,-66.033527,-66.038297
178.850000,-66.037882,-66.033530,-66.038299
178.900000,-66.037885,-66.033532,-66.038301
178.950000,-66.037887,-66.033534,-66.038303
179.000000,-66.037889,-66.033537,-66.038306
179.050000,-66.037892,-66.033539,-66.038308
179.100000,-66.037894,-66.033541,-66.038310
179.150000,-66.037896,-66.033544,-66.038313
179.200000,-66.037898,-66.033546,-66.038315
179.250000,-66.037901,-66.033548,-66.038317
179.300000,-66.037903,-66.033550,-66.038319
179.350000,-66.037905,-66.033553,-66.038322
179.400000,-66.037908,-66.033555,-66.038324
179.450000,-66.037910,-66.033557,-66.038326
179.500000,-66.037912,-66.033559,-66.038329
179.550000,-66.037914,-66.033562,-66.038331
179.600000,-66.037917,-66.033564,-66.038333
179.650000,-66.037919,-66.033566,-66.038335
179.700000,-66.037921,-66.033568,-66.038337
179.750000,-66.037923,-66.033571,-66.038340
179.800000,-66.037925,-66.033573,-66.038342
179.850000,-66.037928,-66.033575,-66.038344
179.900000,-66.037930,-66.033577,-66.038346
179.950000,-66.037932,-66.033580,-66.038349
180.000000,-66.037934,-66.033582,-66.038351
180.050000,-66.037937,-66.033584,-66.038353
180.100000,-66.037939,-66.033586,-66.038355
180.150000,-66.037941,-66.033588,-66.038357
180.200000,-66.037943,-66.033591,-66.038360
180.250000,-66.037945,-66.033593,-66.038362
180.300000,-66.037948,-66.033595,-66.038364
180.350000,-66.037950,-66.033597,-66.038366
180.400000,-66.037952,-66.033599,-66.038368
180.450000,-66.037954,-66.033602,-66.038371
180.500000,-66.037956,-66.033604,-66.038373
180.550000,-66.037958,-66.033606,-66.038375
180.600000,-66.037961,-66.033608,-66.038377
180.650000,-66.037963,-66.033610,-66.038379
180.700000,-66.037965,-66.033612,-66.038381
180.750000,-66.037967,-66.033615,-66.038384
180.800000,-66.037969,-66.033617,-66.038386
180.850000,-66.037971,-66.033619,-66.038388
180.900000,-66.037974,-66.033621,-66.038390
180.950000,-66.037976,-66.033623,-66.038392
181.000000,-66.037978,-66.033625,-66.038394
181.050000,-66.037980,-66.033628,-66.038396
181.100000,-66.037982,-66.033630,-66.038399
181.150000,-66.037984,-66.033632,-66.038401
181.200000,-66.037986,-66.033634,-66.038403
181.250000,-66.037989,-66.033636,-66.038405
181.300000,-66.037991,-66.033638,-66.038407
181.350000,-66.037993,-66.033640,-66.038409
181.400000,-66.037995,-66.033642,-66.038411
181.450000,-66.037997,-66.033644,-66.038413
181.500000,-66.037999,-66.033647,-66.038416
181.550000,-66.038001,-66.033649,-66.038418
181.600000,-66.038003,-66.033651,-66.038420
181.650000,-66.038005,-66.033653,-66.038422
181.700000,-66.038007,-66.033655,-66.038424
181.750000,-66.038010,-66.033657,-66.038426
181.800000,-66.038012,-66.033659,-66.038428
181.850000,-66.038014,-66.033661,-66.038430
181.900000,-66.038016,-66.033663,-66.038432
181.950000,-66.038018,-66.033665,-66.038434
182.000000,-66.038020,-66.033667,-66.038436
182.050000,-66.038022,-66.033669,-66.038438
182.100000,-66.038024,-66.033672,-66.038440
182.150000,-66.038026,-66.033674,-66.038443
182.200000,-66.038028,-66.033676,-66.038445
182.250000,-66.038030,-66.033678,-66.038447
182.300000,-66.038032,-66.033680,-66.038449
182.350000,-66.038034,-66.033682,-66.038451
182.400000,-66.038036,-66.033684,-66.038453
182.450000,-66.038038,-66.033686,-66.038455
182.500000,-66.038040,-66.033688,-66.038457
182.550000,-66.038042,-66.033690,-66.038459
182.600000,-66.038044,-66.033692,-66.038461
182.650000,-66.038046,-66.033694,-66.038463
182.700000,-66.038048,-66.033696,-66.038465
182.750000,-66.038050,-66.033698,-66.038467
182.800000,-66.038052,-66.033700,-66.038469
182.850000,-66.038054,-66.033702,-66.038471
182.900000,-66.038056,-66.033704,-66.038473
182.950000,-66.038058,-66.033706,-66.038475
183.000000,-66.038060,-66.033708,-66.038477
183.050000,-66.038062,-66.033710,-66.038479
183.100000,-66.038064,-66.033712,-66.038481
183.150000,-66.038066,-66.033714,-66.038483
183.200000,-66.038068,-66.033716,-66.038485
183.250000,-66.038070,-66.033718,-66.038487
183.300000,-66.038072,-66.033720,-66.038489
183.350000,-66.038074,-66.033722,-66.038491
183.400000,-66.038076,-66.033724,-66.038493
183.450000,-66.038078,-66.033726,-66.038495
183.500000,-66.038080,-66.033728,-66.038497
183.550000,-66.038082,-66.033730,-66.038499
183.600000,-66.038084,-66.033732,-66.038501
183.650000,-66.038086,-66.033734,-66.038502
183.700000,-66.038088,-66.033736,-66.038504
183.750000,-66.038090,-66.033737,-66.038506
183.800000,-66.038092,-66.033739,-66.038508
183.850000,-66.038094,-66.033741,-66.038510
183.900000,-66.038096,-66.033743,-66.038512
183.950000,-66.038098,-66.033745,-66.038514
184.000000,-66.038100,-66.033747,-66.038516
184.050000,-66.038101,-66.033749,-66.038518
184.100000,-66.038103,-66.033751,-66.038520
184.150000,-66.038105,-66.033753,-66.038522
184.200000,-66.038107,-66.033755,-66.038524
184.250000,-66.038109,-66.033757,-66.038526
184.300000,-66.038111,-66.033759,-66.038527
184.350000,-66.038113,-66.033761,-66.038529
184.400000,-66.038115,-66.033762,-66.038531
184.450000,-66.038117,-66.033764,-66.038533
184.500000,-66.038119,-66.033766,-66.038535
184.550000,-66.038120,-66.033768,-66.038537
184.600000,-66.038122,-66.033770,-66.038539
184.650000,-66.038124,-66.033772,-66.038541
184.700000,-66.038126,-66.033774,-66.038543
184.750000,-66.038128,-66.033776,-66.038544
184.800000,-66.038130,-66.033777,-66.038546
184.850000,-66.038132,-66.033779,-66.038548
184.900000,-66.038134,-66.033781,-66.038550
184.950000,-66.038135,-66.033783,-66.038552
185.000000,-66.038137,-66.033785,-66.038554
185.050000,-66.038139,-66.033787,-66.038556
185.100000,-66.038141,-66.033789,-66.038557
185.150000,-66.038143,-66.033790,-66.038559
185.200000,-66.038145,-66.033792,-66.038561
185.250000,-66.038147,-66.033794,-66.038563
185.300000,-66.038148,-66.033796,-66.038565
185.350000,-66.038150,-66.033798,-66.038567
185.400000,-66.038152,-66.033800,-66.038569
185.450000,-66.038154,-66.033802,-66.038570
185.500000,-66.038156,-66.033803,-66.038572
185.550000,-66.038157,-66.033805,-66.038574
185.600000,-66.038159,-66.033807,-66.038576
185.650000,-66.038161,-66.033809,-66.038578
185.700000,-66.038163,-66.033811,-66.038579
185.750000,-66.038165,-66.033812,-66.038581
185.800000,-66.038167,-66.033814,-66.038583
185.850000,-66.038168,-66.033816,-66.038585
185.900000,-66.038170,-66.033818,-66.038587
185.950000,-66.038172,-66.033820,-66.038588
186.000000,-66.038174,-66.033821,-66.038590
186.050000,-66.038176,-66.033823,-66.038592
186.100000,-66.038177,-66.033825,-66.038594
186.150000,-66.038179,-66.033827,-66.038596
186.200000,-66.038181,-66.033829,-66.038597
186.250000,-66.038183,-66.033830,-66.038599
186.300000,-66.038184,-66.033832,-66.038601
186.350000,-66.038186,-66.033834,-66.038603
186.400000,-66.038188,-66.033836,-66.038604
186.450000,-66.038190,-66.033837,-66.038606
186.500000,-66.038191,-66.033839,-66.038608
186.550000,-66.038193,-66.033841,-66.038610
186.600000,-66.038195,-66.033843,-66.038611
186.650000,-66.038197,-66.033844,-66.038613
186.700000,-66.038198,-66.033846,-66.038615
186.750000,-66.038200,-66.033848,-66.038617
186.800000,-66.038202,-66.033850,-66.038618
186.850000,-66.038204,-66.033851,-66.038620
186.900000,-66.038205,-66.033853,-66.038622
186.950000,-66.038207,-66.033855,-66.038624
187.000000,-66.038209,-66.033857,-66.038625
187.050000,-66.038211,-66.033858,-66.038627
187.100000,-66.038212,-66.033860,-66.038629
187.150000,-66.038214,-66.033862,-66.038631
187.200000,-66.038216,-66.033864,-66.038632
187.250000,-66.038217,-66.033865,-66.038634
187.300000,-66.038219,-66.033867,-66.038636
187.350000,-66.038221,-66.033869,-66.038637
187.400000,-66.038223,-66.033870,-66.038639
187.450000,-66.038224,-66.033872,-66.038641
187.500000,-66.038226,-66.033874,-66.038643
187.550000,-66.038228,-66.033875,-66.038644
187.600000,-66.038229,-66.033877,-66.038646
187.650000,-66.038231,-66.033879,-66.038648
187.700000,-66.038233,-66.033881,-66.038649
187.750000,-66.038234,-66.033882,-66.038651
187.800000,-66.038236,-66.033884,-66.038653
187.850000,-66.038238,-66.033886,-66.038654
187.900000,-66.038240,-66.033887,-66.038656
187.950000,-66.038241,-66.033889,-66.038658
188.000000,-66.038243,-66.033891,-66.038659
188.050000,-66.038245,-66.033892,-66.038661
188.100000,-66.038246,-66.033894,-66.038663
188.150000,-66.038248,-66.033896,-66.038664
188.200000,-66.038249,-66.033897,-66.038666
188.250000,-66.038251,-66.033899,-66.038668
188.300000,-66.038253,-66.033901,-66.038669
188.350000,-66.038254,-66.033902,-66.038671
188.400000,-66.038256,-66.033904,-66.038673
188.450000,-66.038258,-66.033906,-66.038674
188.500000,-66.038259,-66.033907,-66.038676
188.550000,-66.038261,-66.033909,-66.038678
188.600000,-66.038263,-66.033910,-66.038679
188.650000,-66.038264,-66.033912,-66.038681
188.700000,-66.038266,-66.033914,-66.038682
188.750000,-66.038268,-66.033915,-66.038684
188.800000,-66.038269,-66.033917,-66.038686
188.850000,-66.038271,-66.033919,-66.038687
188.900000,-66.038272,-66.033920,-66.038689
188.950000,-66.038274,-66.033922,-66.038691
189.000000,-66.038276,-66.033923,-66.038692
189.050000,-66.038277,-66.033925,-66.038694
189.100000,-66.038279,-66.033927,-66.038695
189.150000,-66.038280,-66.033928,-66.038697
189.200000,-66.038282,-66.033930,-66.038699
189.250000,-66.038284,-66.033931,-66.038700
189.300000,-66.038285,-66.033933,-66.038702
189.350000,-66.038287,-66.033935,-66.038703
189.400000,-66.038288,-66.033936,-66.038705
189.450000,-66.038290,-66.033938,-66.038707
189.500000,-66.038292,-66.033939,-66.038708
189.550000,-66.038293,-66.033941,-66.038710
189.600000,-66.038295,-66.033943,-66.038711
189.650000,-66.038296,-66.033944,-66.038713
189.700000,-66.038298,-66.033946,-66.038714
189.750000,-66.038299,-66.033947,-66.038716
189.800000,-66.038301,-66.033949,-66.038718
189.850000,-66.038303,-66.033950,-66.038719
189.900000,-66.038304,-66.033952,-66.038721
189.950000,-66.038306,-66.033954,-66.038722
190.000000,-66.038307,-66.033955,-66.038724
190.050000,-66.038309,-66.033957,-66.038725
190.100000,-66.038310,-66.033958,-66.038727
190.150000,-66.038312,-66.033960,-66.038728
190.200000,-66.038313,-66.033961,-66.038730
190.250000,-66.038315,-66.033963,-66.038732
190.300000,-66.038317,-66.033964,-66.038733
190.350000,-66.038318,-66.033966,-66.038735
190.400000,-66.038320,-66.033967,-66.038736
190.450000,-66.038321,-66.033969,-66.038738
190.500000,-66.038323,-66.033971,-66.038739
190.550000,-66.038324,-66.033972,-66.038741
190.600000,-66.038326,-66.033974,-66.038742
190.650000,-66.038327,-66.033975,-66.038744
190.700000,-66.038329,-66.033977,-66.038745
190.750000,-66.038330,-66.033978,-66.038747
190.800000,-66.038332,-66.033980,-66.038748
190.850000,-66.038333,-66.033981,-66.038750
190.900000,-66.038335,-66.033983,-66.038751
190.950000,-66.038336,-66.033984,-66.038753
191.000000,-66.038338,-66.033986,-66.038754
191.050000,-66.038339,-66.033987,-66.038756
191.100000,-66.038341,-66.033989,-66.038757
191.150000,-66.038342,-66.033990,-66.038759
191.200000,-66.038344,-66.033992,-66.038760
191.250000,-66.038345,-66.033993,-66.038762
191.300000,-66.038347,-66.033995,-66.038763
191.350000,-66.038348,-66.033996,-66.038765
191.400000,-66.038350,-66.033998,-66.038766
191.450000,-66.038351,-66.033999,-66.038768
191.500000,-66.038353,-66.034001,-66.038769
191.550000,-66.038354,-66.034002,-66.038771
191.600000,-66.038356,-66.034004,-66.038772
191.650000,-66.038357,-66.034005,-66.038774
191.700000,-66.038359,-66.034006,-66.038775
191.750000,-66.038360,-66.034008,-66.038777
191.800000,-66.038361,-66.034009,-66.038778
191.850000,-66.038363,-66.034011,-66.038779
191.900000,-66.038364,-66.034012,-66.038781
191.950000,-66.038366,-66.034014,-66.038782
192.000000,-66.038367,-66.034015,-66.038784
192.050000,-66.038369,-66.034017,-66.038785
192.100000,-66.038370,-66.034018,-66.038787
192.150000,-66.038372,-66.034020,-66.038788
192.200000,-66.038373,-66.034021,-66.038790
192.250000,-66.038374,-66.034022,-66.038791
192.300000,-66.038376,-66.034024,-66.038792
192.350000,-66.038377,-66.034025,-66.038794
192.400000,-66.038379,-66.034027,-66.038795
192.450000,-66.038380,-66.034028,-66.038797
192.500000,-66.038382,-66.034030,-66.038798
192.550000,-66.038383,-66.034031,-66.038800
192.600000,-66.038384,-66.034032,-66.038801
192.650000,-66.038386,-66.034034,-66.038802
192.700000,-66.038387,-66.034035,-66.038804
192.750000,-66.038389,-66.034037,-66.038805
192.800000,-66.038390,-66.034038,-66.038807
192.850000,-66.038392,-66.034039,-66.038808
192.900000,-66.038393,-66.034041,-66.038809
192.950000,-66.038394,-66.034042,-66.038811
193.000000,-66.038396,-66.034044,-66.038812
193.050000,-66.038397,-66.034045,-66.038814
193.100000,-66.038399,-66.034046,-66.038815
193.150000,-66.038400,-66.034048,-66.038816
193.200000,-66.038401,-66.034049,-66.038818
193.250000,-66.038403,-66.034051,-66.038819
193.300000,-66.038404,-66.034052,-66.038821
193.350000,-66.038405,-66.034053,-66.038822
193.400000,-66.038407,-66.034055,-66.038823
193.450000,-66.038408,-66.034056,-66.038825
193.500000,-66.038410,-66.034058,-66.038826
193.550000,-66.038411,-66.034059,-66.038828
193.600000,-66.038412,-66.034060,-66.038829
193.650000,-66.038414,-66.034062,-66.038830
193.700000,-66.038415,-66.034063,-66.038832
193.750000,-66.038416,-66.034064,-66.038833
193.800000,-66.038418,-66.034066,-66.038834
193.850000,-66.038419,-66.034067,-66.038836
193.900000,-66.038421,-66.034068,-66.038837
193.950000,-66.038422,-66.034070,-66.038838
194.000000,-66.038423,-66.034071,-66.038840
194.050000,-66.038425,-66.034073,-66.038841
194.100000,-66.038426,-66.034074,-66.038842
194.150000,-66.038427,-66.034075,-66.038844
194.200000,-66.038429,-66.034077,-66.038845
194.250000,-66.038430,-66.034078,-66.038846
194.300000,-66.038431,-66.034079,-66.038848
194.350000,-66.038433,-66.034081,-66.038849
194.400000,-66.038434,-66.034082,-66.038850
194.450000,-66.038435,-66.034083,-66.038852
194.500000,-66.038437,-66.034085,-66.038853
194.550000,-66.038438,-66.034086,-66.038854
194.600000,-66.038439,-66.034087,-66.038856
194.650000,-66.038441,-66.034089,-66.038857
194.700000,-66.038442,-66.034090,-66.038858
194.750000,-66.038443,-66.034091,-66.038860
194.800000,-66.038445,-66.034093,-66.038861
194.850000,-66.038446,-66.034094,-66.038862
194.900000,-66.038447,-66.034095,-66.038864
194.950000,-66.038448,-66.034096,-66.038865
195.000000,-66.038450,-66.034098,-66.038866
195.050000,-66.038451,-66.034099,-66.038868
195.100000,-66.038452,-66.034100,-66.038869
195.150000,-66.038454,-66.034102,-66.038870
195.200000,-66.038455,-66.034103,-66.038871
195.250000,-66.038456,-66.034104,-66.038873
195.300000,-66.038458,-66.034106,-66.038874
195.350000,-66.038459,-66.034107,-66.038875
195.400000,-66.038460,-66.034108,-66.038877
195.450000,-66.038461,-66.034109,-66.038878
195.500000,-66.038463,-66.034111,-66.038879
195.550000,-66.038464,-66.034112,-66.038880
195.600000,-66.038465,-66.034113,-66.038882
195.650000,-66.038466,-66.034114,-66.038883
195.700000,-66.038468,-66.034116,-66.038884
195.750000,-66.038469,-66.034117,-66.038886
195.800000,-66.038470,-66.034118,-66.038887
195.850000,-66.038472,-66.034120,-66.038888
195.900000,-66.038473,-66.034121,-66.038889
195.950000,-66.038474,-66.034122,-66.038891
196.000000,-66.038475,-66.034123,-66.038892
196.050000,-66.038477,-66.034125,-66.038893
196.100000,-66.038478,-66.034126,-66.038894
196.150000,-66.038479,-66.034127,-66.038896
196.200000,-66.038480,-66.034128,-66.038897
196.250000,-66.038482,-66.034130,-66.038898
196.300000,-66.038483,-66.034131,-66.038899
196.350000,-66.038484,-66.034132,-66.038901
196.400000,-66.038485,-66.034133,-66.038902
196.450000,-66.038487,-66.034135,-66.038903
196.500000,-66.038488,-66.034136,-66.038904
196.550000,-66.038489,-66.034137,-66.038906
196.600000,-66.038490,-66.034138,-66.038907
196.650000,-66.038491,-66.034140,-66.038908
196.700000,-66.038493,-66.034141,-66.038909
196.750000,-66.038494,-66.034142,-66.038911
196.800000,-66.038495,-66.034143,-66.038912
196.850000,-66.038496,-66.034144,-66.038913
196.900000,-66.038498,-66.034146,-66.038914
196.950000,-66.038499,-66.034147,-66.038915
197.000000,-66.038500,-66.034148,-66.038917
197.050000,-66.038501,-66.034149,-66.038918
197.100000,-66.038502,-66.034151,-66.038919
197.150000,-66.038504,-66.034152,-66.038920
197.200000,-66.038505,-66.034153,-66.038921
197.250000,-66.038506,-66.034154,-66.038923
197.300000,-66.038507,-66.034155,-66.038924
197.350000,-66.038508,-66.034157,-66.038925
197.400000,-66.038510,-66.034158,-66.038926
197.450000,-66.038511,-66.034159,-66.038927
197.500000,-66.038512,-66.034160,-66.038929
197.550000,-66.038513,-66.034161,-66.038930
197.600000,-66.038514,-66.034163,-66.038931
197.650000,-66.038516,-66.034164,-66.038932
197.700000,-66.038517,-66.034165,-66.038933
197.750000,-66.038518,-66.034166,-66.038935
197.800000,-66.038519,-66.034167,-66.038936
197.850000,-66.038520,-66.034168,-66.038937
197.900000,-66.038522,-66.034170,-66.038938
197.950000,-66.038523,-66.034171,-66.038939
198.000000,-66.038524,-66.034172,-66.038940
198.050000,-66.038525,-66.034173,-66.038942
198.100000,-66.038526,-66.034174,-66.038943
198.150000,-66.038527,-66.034175,-66.038944
198.200000,-66.038529,-66.034177,-66.038945
198.250000,-66.038530,-66.034178,-66.038946
198.300000,-66.038531,-66.034179,-66.038947
198.350000,-66.038532,-66.034180,-66.038949
198.400000,-66.038533,-66.034181,-66.038950
198.450000,-66.038534,-66.034182,-66.038951
198.500000,-66.038536,-66.034184,-66.038952
198.550000,-66.038537,-66.034185,-66.038953
198.600000,-66.038538,-66.034186,-66.038954
198.650000,-66.038539,-66.034187,-66.038956
198.700000,-66.038540,-66.034188,-66.038957
198.750000,-66.038541,-66.034189,-66.038958
198.800000,-66.038542,-66.034190,-66.038959
198.850000,-66.038544,-66.034192,-66.038960
198.900000,-66.038545,-66.034193,-66.038961
198.950000,-66.038546,-66.034194,-66.038962
199.000000,-66.038547,-66.034195,-66.038963
199.050000,-66.038548,-66.034196,-66.038965
199.100000,-66.038549,-66.034197,-66.038966
199.150000,-66.038550,-66.034198,-66.038967
199.200000,-66.038551,-66.034200,-66.038968
199.250000,-66.038553,-66.034201,-66.038969
199.300000,-66.038554,-66.034202,-66.038970
199.350000,-66.038555,-66.034203,-66.038971
199.400000,-66.038556,-66.034204,-66.038972
199.450000,-66.038557,-66.034205,-66.038974
199.500000,-66.038558,-66.034206,-66.038975
199.550000,-66.038559,-66.034207,-66.038976
199.600000,-66.038560,-66.034208,-66.038977
199.650000,-66.038561,-66.034210,-66.038978
199.700000,-66.038563,-66.034211,-66.038979
199.750000,-66.038564,-66.034212,-66.038980
199.800000,-66.038565,-66.034213,-66.038981
199.850000,-66.038566,-66.034214,-66.038982
199.900000,-66.038567,-66.034215,-66.038984
199.950000,-66.038568,-66.034216,-66.038985
200.000000,-66.038569,-66.034217,-66.038986
200.050000,-65.433522,-65.638742,-65.514049
200.100000,-65.013379,-65.278686,-65.112916
200.150000,-64.668044,-64.960826,-64.774744
200.200000,-64.363702,-64.672685,-64.474093
200.250000,-64.086079,-64.406093,-64.198779
200.300000,-63.827664,-64.155901,-63.941989
200.350000,-63.583932,-63.918667,-63.699488
200.400000,-63.351916,-63.691984,-63.468455
200.450000,-63.129557,-63.474111,-63.246909
200.500000,-62.915359,-63.263751,-63.033405
200.550000,-62.708199,-63.059916,-62.826851
200.600000,-62.507212,-62.861833,-62.626401
200.650000,-62.311708,-62.668886,-62.431383
200.700000,-62.121134,-62.480574,-62.241250
200.750000,-61.935031,-62.296484,-62.055554
200.800000,-61.753017,-62.116267,-61.873917
200.850000,-61.574766,-61.939628,-61.696020
200.900000,-61.400002,-61.766313,-61.521587
200.950000,-61.228483,-61.596101,-61.350381
201.000000,-61.059998,-61.428800,-61.182194
201.050000,-60.894363,-61.264237,-61.016842
201.100000,-60.731413,-61.102263,-60.854163
201.150000,-60.571003,-60.942740,-60.694012
201.200000,-60.413000,-60.785548,-60.536258
201.250000,-60.257287,-60.630575,-60.380785
201.300000,-60.103758,-60.477724,-60.227487
201.350000,-59.952315,-60.326901,-60.076267
201.400000,-59.802869,-60.178025,-59.927037
201.450000,-59.655341,-60.031019,-59.779718
201.500000,-59.509655,-59.885814,-59.634236
201.550000,-59.365744,-59.742343,-59.490522
201.600000,-59.223544,-59.600548,-59.348514
201.650000,-59.082997,-59.460373,-59.208154
201.700000,-58.944049,-59.321767,-59.069388
201.750000,-58.806650,-59.184680,-58.932166
201.800000,-58.670753,-59.049069,-58.796442
201.850000,-58.536314,-58.914891,-58.662172
201.900000,-58.403292,-58.782107,-58.529315
201.950000,-58.271649,-58.650679,-58.397833
202.000000,-58.141349,-58.520574,-58.267691
202.050000,-58.012358,-58.391757,-58.138854
202.100000,-57.884645,-58.264200,-58.011292
202.150000,-57.758179,-58.137871,-57.884973
202.200000,-57.632932,-58.012744,-57.759871
202.250000,-57.508878,-57.888793,-57.635958
202.300000,-57.385990,-57.765992,-57.513210
202.350000,-57.264246,-57.644319,-57.391602
202.400000,-57.143622,-57.523751,-57.271111
202.450000,-57.024097,-57.404266,-57.151717
202.500000,-56.905650,-57.285846,-57.033399
202.550000,-56.788263,-57.168470,-56.916137
202.600000,-56.671915,-57.052121,-56.799914
202.650000,-56.556591,-56.936781,-56.684711
202.700000,-56.442273,-56.822434,-56.570512
202.750000,-56.328945,-56.709063,-56.457300
202.800000,-56.216592,-56.596655,-56.345062
202.850000,-56.105199,-56.485193,-56.233782
202.900000,-55.994752,-56.374666,-56.123446
202.950000,-55.885239,-56.265058,-56.014041
203.000000,-55.776646,-56.156359,-55.905555
203.050000,-55.668961,-56.048556,-55.797976
203.100000,-55.562174,-55.941636,-55.691291
203.150000,-55.456271,-55.835591,-55.585490
203.200000,-55.351244,-55.730407,-55.480562
203.250000,-55.247081,-55.626077,-55.376496
203.300000,-55.143773,-55.522589,-55.273284
203.350000,-55.041310,-55.419935,-55.170916
203.400000,-54.939684,-55.318105,-55.069383
203.450000,-54.838885,-55.217092,-54.968675
203.500000,-54.738906,-55.116886,-54.868786
203.550000,-54.639739,-55.017480,-54.769706
203.600000,-54.541375,-54.918866,-54.671429
203.650000,-54.443807,-54.821036,-54.573946
203.700000,-54.347029,-54.723985,-54.477251
203.750000,-54.251032,-54.627704,-54.381337
203.800000,-54.155812,-54.532188,-54.286197
203.850000,-54.061361,-54.437430,-54.191825
203.900000,-53.967672,-54.343423,-54.098214
203.950000,-53.874742,-54.250163,-54.005360
204.000000,-53.782562,-54.157643,-53.913255
204.050000,-53.691129,-54.065858,-53.821896
204.100000,-53.600436,-53.974803,-53.731275
204.150000,-53.510478,-53.884472,-53.641388
204.200000,-53.421250,-53.794861,-53.552231
204.250000,-53.332748,-53.705964,-53.463797
204.300000,-53.244966,-53.617777,-53.376083
204.350000,-53.157901,-53.530296,-53.289083
204.400000,-53.071547,-53.443516,-53.202794
204.450000,-52.985900,-53.357432,-53.117211
204.500000,-52.900957,-53.272042,-53.032330
204.550000,-52.816712,-53.187340,-52.948147
204.600000,-52.733162,-53.103323,-52.864657
204.650000,-52.650304,-53.019987,-52.781858
204.700000,-52.568132,-52.937329,-52.699744
204.750000,-52.486644,-52.855343,-52.618312
204.800000,-52.405835,-52.774028,-52.537559
204.850000,-52.325702,-52.693379,-52.457482
204.900000,-52.246243,-52.613394,-52.378075
204.950000,-52.167452,-52.534068,-52.299337
205.000000,-52.089327,-52.455398,-52.221263
205.050000,-52.011864,-52.377382,-52.143851
205.100000,-51.935061,-52.300016,-52.067097
205.150000,-51.858914,-52.223297,-51.990999
205.200000,-51.783419,-52.147223,-51.915552
205.250000,-51.708575,-52.071789,-51.840753
205.300000,-51.634376,-51.996992,-51.766601
205.350000,-51.560822,-51.922831,-51.693090
205.400000,-51.487907,-51.849302,-51.620219
205.450000,-51.415630,-51.776401,-51.547984
205.500000,-51.343987,-51.704127,-51.476383
205.550000,-51.272975,-51.632476,-51.405411
205.600000,-51.202591,-51.561446,-51.335068
205.650000,-51.132833,-51.491034,-51.265349
205.700000,-51.063698,-51.421236,-51.196251
205.750000,-50.995182,-51.352050,-51.127773
205.800000,-50.927283,-51.283474,-51.059910
205.850000,-50.859998,-51.215505,-50.992660
205.900000,-50.793324,-51.148139,-50.926021
205.950000,-50.727258,-51.081375,-50.859989
206.000000,-50.661797,-51.015209,-50.794561
206.050000,-50.596938,-50.949639,-50.729734
206.100000,-50.532679,-50.884661,-50.665506
206.150000,-50.469016,-50.820273,-50.601873
206.200000,-50.405946,-50.756473,-50.538833
206.250000,-50.343467,-50.693257,-50.476382
206.300000,-50.281575,-50.630623,-50.414519
206.350000,-50.220268,-50.568567,-50.353239
206.400000,-50.159543,-50.507088,-50.292541
206.450000,-50.099397,-50.446182,-50.232420
206.500000,-50.039827,-50.385847,-50.172875
206.550000,-49.980829,-50.326080,-50.113902
206.600000,-49.922402,-50.266877,-50.055499
206.650000,-49.864542,-50.208237,-49.997662
206.700000,-49.807246,-50.150156,-49.940388
206.750000,-49.750511,-50.092631,-49.883675
206.800000,-49.694334,-50.035660,-49.827519
206.850000,-49.638712,-49.979240,-49.771917
206.900000,-49.583641,-49.923367,-49.716866
206.950000,-49.529119,-49.868038,-49.662363
207.000000,-49.475142,-49.813251,-49.608404
207.050000,-49.421708,-49.759002,-49.554988
207.100000,-49.368812,-49.705290,-49.502109
207.150000,-49.316453,-49.652109,-49.449767
207.200000,-49.264627,-49.599459,-49.397956
207.250000,-49.213330,-49.547334,-49.346675
207.300000,-49.162560,-49.495734,-49.295919
207.350000,-49.112313,-49.444654,-49.245686
207.400000,-49.062586,-49.394091,-49.195973
207.450000,-49.013376,-49.344042,-49.146776
207.500000,-48.964679,-49.294504,-49.098092
207.550000,-48.916493,-49.245475,-49.049918
207.600000,-48.868813,-49.196950,-49.002250
207.650000,-48.821638,-49.148927,-48.955086
207.700000,-48.774962,-49.101402,-48.908421
207.750000,-48.728783,-49.054372,-48.862252
207.800000,-48.683098,-49.007834,-48.816576
207.850000,-48.637903,-48.961785,-48.771390
207.900000,-48.593193,-48.916221,-48.726689
207.950000,-48.548967,-48.871138,-48.682471
208.000000,-48.505221,-48.826534,-48.638732
208.050000,-48.461950,-48.782405,-48.595469
208.100000,-48.419152,-48.738748,-48.552678
208.150000,-48.376824,-48.695560,-48.510355
208.200000,-48.334961,-48.652836,-48.468498
208.250000,-48.293560,-48.610575,-48.427102
208.300000,-48.252617,-48.568772,-48.386165
208.350000,-48.212130,-48.527423,-48.345683
208.400000,-48.172094,-48.486527,-48.305651
208.450000,-48.132507,-48.446078,-48.266068
208.500000,-48.093364,-48.406074,-48.226928
208.550000,-48.054661,-48.366512,-48.188229
208.600000,-48.016397,-48.327387,-48.149967
208.650000,-47.978566,-48.288697,-48.112139
208.700000,-47.941165,-48.250438,-48.074740
208.750000,-47.904191,-48.212606,-48.037768
208.800000,-47.867640,-48.175198,-48.001218
208.850000,-47.831508,-48.138210,-47.965088
208.900000,-47.795792,-48.101639,-47.929373
208.950000,-47.760488,-48.065482,-47.894070
209.000000,-47.725593,-48.029734,-47.859175
209.050000,-47.691102,-47.994393,-47.824684
209.100000,-47.657012,-47.959454,-47.790594
209.150000,-47.623320,-47.924915,-47.756901
209.200000,-47.590022,-47.890770,-47.723601
209.250000,-47.557113,-47.857018,-47.690691
209.300000,-47.524591,-47.823654,-47.658168
209.350000,-47.492452,-47.790676,-47.626027
209.400000,-47.460691,-47.758078,-47.594264
209.450000,-47.429307,-47.725858,-47.562877
209.500000,-47.398294,-47.694013,-47.531862
209.550000,-47.367650,-47.662538,-47.501215
209.600000,-47.337370,-47.631430,-47.470932
209.650000,-47.307452,-47.600686,-47.441011
209.700000,-47.277890,-47.570302,-47.411446
209.750000,-47.248683,-47.540275,-47.382235
209.800000,-47.219826,-47.510601,-47.353374
209.850000,-47.191316,-47.481276,-47.324860
209.900000,-47.163149,-47.452298,-47.296689
209.950000,-47.135321,-47.423662,-47.268857
210.000000,-47.107830,-47.395366,-47.241361
210.050000,-47.080671,-47.367405,-47.214197
210.100000,-47.053840,-47.339776,-47.187362
210.150000,-47.027335,-47.312475,-47.160852
210.200000,-47.001152,-47.285500,-47.134663
210.250000,-46.975287,-47.258847,-47.108793
210.300000,-46.949737,-47.232512,-47.083237
210.350000,-46.924498,-47.206492,-47.057993
210.400000,-46.899567,-47.180783,-47.033056
210.450000,-46.874940,-47.155382,-47.008423
210.500000,-46.850613,-47.130286,-46.984091
210.550000,-46.826584,-47.105490,-46.960055
210.600000,-46.802849,-47.080993,-46.936314
210.650000,-46.779404,-47.056790,-46.912863
210.700000,-46.756246,-47.032877,-46.889698
210.750000,-46.733372,-47.009253,-46.866817
210.800000,-46.710778,-46.985912,-46.844216
210.850000,-46.688460,-46.962852,-46.821892
210.900000,-46.666416,-46.940070,-46.799840
210.950000,-46.644641,-46.917562,-46.778058
211.000000,-46.623133,-46.895325,-46.756543
211.050000,-46.601888,-46.873355,-46.735291
211.100000,-46.580904,-46.851649,-46.714299
211.150000,-46.560176,-46.830205,-46.693563
211.200000,-46.539701,-46.809019,-46.673081
211.250000,-46.519477,-46.788087,-46.652849
211.300000,-46.499499,-46.767407,-46.632864
211.350000,-46.479766,-46.746975,-46.613122
211.400000,-46.460272,-46.726788,-46.593621
211.450000,-46.441017,-46.706843,-46.574358
211.500000,-46.421996,-46.687137,-46.555328
211.550000,-46.403205,-46.667667,-46.536530
211.600000,-46.384643,-46.648430,-46.517960
211.650000,-46.366306,-46.629423,-46.499614
211.700000,-46.348191,-46.610642,-46.481491
211.750000,-46.330295,-46.592084,-46.463587
211.800000,-46.312615,-46.573748,-46.445898
211.850000,-46.295147,-46.555629,-46.428422
211.900000,-46.277889,-46.537725,-46.411156
211.950000,-46.260839,-46.520032,-46.394097
212.000000,-46.243992,-46.502548,-46.377242
212.050000,-46.227347,-46.485271,-46.360588
212.100000,-46.210899,-46.468196,-46.344132
212.150000,-46.194647,-46.451321,-46.327872
212.200000,-46.178587,-46.434644,-46.311803
212.250000,-46.162717,-46.418162,-46.295925
212.300000,-46.147034,-46.401871,-46.280233
212.350000,-46.131535,-46.385769,-46.264725
212.400000,-46.116216,-46.369853,-46.249399
212.450000,-46.101077,-46.354120,-46.234250
212.500000,-46.086113,-46.338569,-46.219278
212.550000,-46.071322,-46.323195,-46.204479
212.600000,-46.056702,-46.307997,-46.189850
212.650000,-46.042249,-46.292971,-46.175389
212.700000,-46.027962,-46.278115,-46.161093
212.750000,-46.013836,-46.263427,-46.146959
212.800000,-45.999871,-46.248904,-46.132985
212.850000,-45.986063,-46.234543,-46.119169
212.900000,-45.972410,-46.220342,-46.105507
212.950000,-45.958909,-46.206298,-46.091998
213.000000,-45.945558,-46.192408,-46.078638
213.050000,-45.932354,-46.178671,-46.065426
213.100000,-45.919294,-46.165084,-46.052358
213.150000,-45.906377,-46.151644,-46.039433
213.200000,-45.893600,-46.138348,-46.026648
213.250000,-45.880961,-46.125196,-46.014000
213.300000,-45.868457,-46.112183,-46.001488
213.350000,-45.856085,-46.099308,-45.989108
213.400000,-45.843844,-46.086569,-45.976859
213.450000,-45.831731,-46.073963,-45.964738
213.500000,-45.819744,-46.061487,-45.952743
213.550000,-45.807881,-46.049141,-45.940872
213.600000,-45.796139,-46.036920,-45.929122
213.650000,-45.784516,-46.024824,-45.917491
213.700000,-45.773011,-46.012849,-45.905978
213.750000,-45.761620,-46.000994,-45.894579
213.800000,-45.750342,-45.989257,-45.883293
213.850000,-45.739174,-45.977635,-45.872118
213.900000,-45.728115,-45.966127,-45.861051
213.950000,-45.717162,-45.954729,-45.850091
214.000000,-45.706314,-45.943441,-45.839235
214.050000,-45.695568,-45.932260,-45.828481
214.100000,-45.684922,-45.921184,-45.817827
214.150000,-45.674375,-45.910211,-45.807272
214.200000,-45.663923,-45.899339,-45.796814
214.250000,-45.653566,-45.888566,-45.786449
214.300000,-45.643302,-45.877891,-45.776178
214.350000,-45.633128,-45.867310,-45.765996
214.400000,-45.623043,-45.856823,-45.755904
214.450000,-45.613045,-45.846428,-45.745899
214.500000,-45.603131,-45.836122,-45.735978
214.550000,-45.593301,-45.825904,-45.726141
214.600000,-45.583552,-45.815772,-45.716385
214.650000,-45.573883,-45.805724,-45.706709
214.700000,-45.564292,-45.795759,-45.697111
214.750000,-45.554777,-45.785874,-45.687589
214.800000,-45.545336,-45.776068,-45.678142
214.850000,-45.535968,-45.766340,-45.668767
214.900000,-45.526671,-45.756687,-45.659464
214.950000,-45.517444,-45.747108,-45.650230
215.000000,-45.508284,-45.737601,-45.641064
215.050000,-45.499191,-45.728165,-45.631965
215.100000,-45.490162,-45.718798,-45.622930
215.150000,-45.481197,-45.709498,-45.613958
215.200000,-45.472293,-45.700265,-45.605048
215.250000,-45.463449,-45.691095,-45.596198
215.300000,-45.454663,-45.681989,-45.587406
215.350000,-45.445935,-45.672943,-45.578672
215.400000,-45.437262,-45.663958,-45.569993
215.450000,-45.428643,-45.655030,-45.561369
215.500000,-45.420076,-45.646160,-45.552797
215.550000,-45.411561,-45.637345,-45.544276
215.600000,-45.403096,-45.628584,-45.535806
215.650000,-45.394679,-45.619876,-45.527384
215.700000,-45.386310,-45.611219,-45.519009
215.750000,-45.377986,-45.602611,-45.510680
215.800000,-45.369706,-45.594052,-45.502396
215.850000,-45.361470,-45.585541,-45.494154
215.900000,-45.353276,-45.577075,-45.485955
215.950000,-45.345122,-45.568654,-45.477797
216.000000,-45.337007,-45.560276,-45.469677
216.050000,-45.328931,-45.551940,-45.461596
216.100000,-45.320891,-45.543645,-45.453552
216.150000,-45.312887,-45.535389,-45.445544
216.200000,-45.304918,-45.527172,-45.437571
216.250000,-45.296982,-45.518992,-45.429630
216.300000,-45.289078,-45.510848,-45.421722
216.350000,-45.281205,-45.502739,-45.413846
216.400000,-45.273362,-45.494663,-45.405999
216.450000,-45.265548,-45.486620,-45.398181
216.500000,-45.257762,-45.478608,-45.390391
216.550000,-45.250002,-45.470627,-45.382627
216.600000,-45.242268,-45.462675,-45.374890
216.650000,-45.234558,-45.454751,-45.367177
216.700000,-45.226872,-45.446854,-45.359488
216.750000,-45.219208,-45.438983,-45.351821
216.800000,-45.211566,-45.431138,-45.344176
216.850000,-45.203945,-45.423316,-45.336551
216.900000,-45.196343,-45.415517,-45.328946
216.950000,-45.188759,-45.407741,-45.321360
217.000000,-45.181194,-45.399986,-45.313792
217.050000,-45.173645,-45.392250,-45.306241
217.100000,-45.166112,-45.384535,-45.298705
217.150000,-45.158594,-45.376837,-45.291185
217.200000,-45.151090,-45.369157,-45.283679
217.250000,-45.143599,-45.361493,-45.276186
217.300000,-45.136121,-45.353845,-45.268705
217.350000,-45.128654,-45.346212,-45.261237
217.400000,-45.121197,-45.338592,-45.253779
217.450000,-45.113751,-45.330986,-45.246331
217.500000,-45.106314,-45.323392,-45.238892
217.550000,-45.098885,-45.315810,-45.231462
217.600000,-45.091463,-45.308238,-45.224039
217.650000,-45.084049,-45.300676,-45.216623
217.700000,-45.076640,-45.293123,-45.209213
217.750000,-45.069237,-45.285578,-45.201808
217.800000,-45.061838,-45.278041,-45.194409
217.850000,-45.054443,-45.270511,-45.187013
217.900000,-45.047051,-45.262986,-45.179620
217.950000,-45.039661,-45.255468,-45.172230
218.000000,-45.032273,-45.247953,-45.164842
218.050000,-45.024887,-45.240443,-45.157455
218.100000,-45.017500,-45.232936,-45.150068
218.150000,-45.010114,-45.225432,-45.142681
218.200000,-45.002726,-45.217930,-45.135294
218.250000,-44.995337,-45.210429,-45.127905
218.300000,-44.987947,-45.202929,-45.120515
218.350000,-44.980553,-45.195428,-45.113121
218.400000,-44.973156,-45.187927,-45.105725
218.450000,-44.965755,-45.180426,-45.098324
218.500000,-44.958350,-45.172922,-45.090920
218.550000,-44.950939,-45.165416,-45.083510
218.600000,-44.943524,-45.157907,-45.076095
218.650000,-44.936102,-45.150394,-45.068674
218.700000,-44.928673,-45.142878,-45.061247
218.750000,-44.921237,-45.135356,-45.053812
218.800000,-44.913794,-45.127830,-45.046370
218.850000,-44.906342,-45.120298,-45.038920
218.900000,-44.898882,-45.112760,-45.031461
218.950000,-44.891412,-45.105215,-45.023993
219.000000,-44.883933,-45.097663,-45.016516
219.050000,-44.876444,-45.090103,-45.009029
219.100000,-44.868944,-45.082536,-45.001531
219.150000,-44.861434,-45.074959,-44.994023
219.200000,-44.853912,-45.067374,-44.986503
219.250000,-44.846378,-45.059779,-44.978971
219.300000,-44.838831,-45.052174,-44.971427
219.350000,-44.831272,-45.044558,-44.963871
219.400000,-44.823700,-45.036932,-44.956301
219.450000,-44.816114,-45.029294,-44.948718
219.500000,-44.808514,-45.021645,-44.941122
219.550000,-44.800900,-45.013983,-44.933511
219.600000,-44.793272,-45.006309,-44.925885
219.650000,-44.785628,-44.998623,-44.918245
219.700000,-44.777969,-44.990922,-44.910589
219.750000,-44.770294,-44.983209,-44.902917
219.800000,-44.762603,-44.975481,-44.895230
219.850000,-44.754895,-44.967739,-44.887526
219.900000,-44.747171,-44.959982,-44.879805
219.950000,-44.739429,-44.952210,-44.872068
220.000000,-44.731670,-44.944422,-44.864313
220.050000,-44.723893,-44.936619,-44.856540
220.100000,-44.716098,-44.928799,-44.848750
220.150000,-44.708285,-44.920964,-44.840941
220.200000,-44.700453,-44.913111,-44.833113
220.250000,-44.692602,-44.905242,-44.825267
220.300000,-44.684732,-44.897355,-44.817402
220.350000,-44.676843,-44.889450,-44.809517
220.400000,-44.668933,-44.881528,-44.801613
220.450000,-44.661004,-44.873587,-44.793688
220.500000,-44.653054,-44.865628,-44.785744
220.550000,-44.645083,-44.857650,-44.777778
220.600000,-44.637092,-44.849653,-44.769793
220.650000,-44.629080,-44.841637,-44.761786
220.700000,-44.621046,-44.833601,-44.753758
220.750000,-44.612991,-44.825546,-44.745709
220.800000,-44.604915,-44.817471,-44.737638
220.850000,-44.596816,-44.809375,-44.729545
220.900000,-44.588695,-44.801259,-44.721431
220.950000,-44.580552,-44.793122,-44.713294
221.000000,-44.572386,-44.784964,-44.705134
221.050000,-44.564198,-44.776785,-44.696953
221.100000,-44.555986,-44.768585,-44.688748
221.150000,-44.547752,-44.760364,-44.680520
221.200000,-44.539494,-44.752120,-44.672269
221.250000,-44.531213,-44.743855,-44.663995
221.300000,-44.522908,-44.735568,-44.655697
221.350000,-44.514579,-44.727258,-44.647376
221.400000,-44.506227,-44.718926,-44.639030
221.450000,-44.497850,-44.710572,-44.630661
221.500000,-44.489449,-44.702194,-44.622267
221.550000,-44.481023,-44.693794,-44.613850
221.600000,-44.472573,-44.685371,-44.605408
221.650000,-44.464098,-44.676924,-44.596941
221.700000,-44.455599,-44.668454,-44.588449
221.750000,-44.447074,-44.659960,-44.579933
221.800000,-44.438524,-44.651443,-44.571391
221.850000,-44.429949,-44.642901,-44.562825
221.900000,-44.421349,-44.634336,-44.554233
221.950000,-44.412723,-44.625747,-44.545616
222.000000,-44.404072,-44.617133,-44.536974
222.050000,-44.395395,-44.608495,-44.528305
222.100000,-44.386692,-44.599833,-44.519612
222.150000,-44.377963,-44.591146,-44.510892
222.200000,-44.369208,-44.582434,-44.502147
222.250000,-44.360427,-44.573697,-44.493375
222.300000,-44.351620,-44.564936,-44.484578
222.350000,-44.342787,-44.556149,-44.475754
222.400000,-44.333927,-44.547337,-44.466904
222.450000,-44.325041,-44.538500,-44.458028
222.500000,-44.316128,-44.529638,-44.449125
222.550000,-44.307188,-44.520750,-44.440196
222.600000,-44.298222,-44.511837,-44.431240
222.650000,-44.289229,-44.502898,-44.422257
222.700000,-44.280209,-44.493933,-44.413248
222.750000,-44.271162,-44.484943,-44.404212
222.800000,-44.262089,-44.475926,-44.395149
222.850000,-44.252988,-44.466884,-44.386059
222.900000,-44.243860,-44.457816,-44.376943
222.950000,-44.234705,-44.448722,-44.367799
223.000000,-44.225522,-44.439602,-44.358628
223.050000,-44.216313,-44.430455,-44.349430
223.100000,-44.207076,-44.421282,-44.340205
223.150000,-44.197812,-44.412083,-44.330952
223.200000,-44.188520,-44.402857,-44.321672
223.250000,-44.179201,-44.393606,-44.312365
223.300000,-44.169854,-44.384327,-44.303031
223.350000,-44.160480,-44.375022,-44.293669
223.400000,-44.151078,-44.365691,-44.284279
223.450000,-44.141648,-44.356332,-44.274862
223.500000,-44.132191,-44.346948,-44.265418
223.550000,-44.122706,-44.337536,-44.255946
223.600000,-44.113193,-44.328098,-44.246446
223.650000,-44.103653,-44.318633,-44.236919
223.700000,-44.094085,-44.309141,-44.227364
223.750000,-44.084489,-44.299622,-44.217782
223.800000,-44.074865,-44.290076,-44.208171
223.850000,-44.065213,-44.280504,-44.198533
223.900000,-44.055534,-44.270904,-44.188868
223.950000,-44.045826,-44.261277,-44.179174
224.000000,-44.036091,-44.251624,-44.169453
224.050000,-44.026328,-44.241943,-44.159704
224.100000,-44.016537,-44.232235,-44.149927
224.150000,-44.006717,-44.222501,-44.140123
224.200000,-43.996870,-44.212739,-44.130290
224.250000,-43.986995,-44.202950,-44.120430
224.300000,-43.977092,-44.193134,-44.110542
224.350000,-43.967161,-44.183291,-44.100626
224.400000,-43.957202,-44.173420,-44.090682
224.450000,-43.947215,-44.163522,-44.080710
224.500000,-43.937200,-44.153598,-44.070711
224.550000,-43.927156,-44.143645,-44.060683
224.600000,-43.917085,-44.133666,-44.050628
224.650000,-43.906986,-44.123660,-44.040544
224.700000,-43.896858,-44.113626,-44.030433
224.750000,-43.886703,-44.103565,-44.020294
224.800000,-43.876520,-44.093476,-44.010127
224.850000,-43.866308,-44.083361,-43.999932
224.900000,-43.856069,-44.073218,-43.989709
224.950000,-43.845801,-44.063048,-43.979459
225.000000,-43.835506,-44.052851,-43.969180
225.050000,-43.825182,-44.042626,-43.958874
225.100000,-43.814830,-44.032374,-43.948539
225.150000,-43.804451,-44.022095,-43.938177
225.200000,-43.794043,-44.011788,-43.927787
225.250000,-43.783607,-44.001454,-43.917369
225.300000,-43.773143,-43.991093,-43.906923
225.350000,-43.762651,-43.980704,-43.896449
225.400000,-43.752132,-43.970289,-43.885948
225.450000,-43.741584,-43.959845,-43.875418
225.500000,-43.731008,-43.949375,-43.864861
225.550000,-43.720404,-43.938877,-43.854276
225.600000,-43.709772,-43.928352,-43.843663
225.650000,-43.699112,-43.917800,-43.833022
225.700000,-43.688425,-43.907220,-43.822353
225.750000,-43.677709,-43.896613,-43.811656
225.800000,-43.666965,-43.885979,-43.800932
225.850000,-43.656193,-43.875318,-43.790180
225.900000,-43.645394,-43.864629,-43.779400
225.950000,-43.634566,-43.853913,-43.768592
226.000000,-43.623710,-43.843169,-43.757756
226.050000,-43.612827,-43.832399,-43.746893
226.100000,-43.601915,-43.821601,-43.736002
226.150000,-43.590976,-43.810776,-43.725083
226.200000,-43.580009,-43.799924,-43.714137
226.250000,-43.569014,-43.789044,-43.703163
226.300000,-43.557991,-43.778137,-43.692161
226.350000,-43.546941,-43.767203,-43.681131
226.400000,-43.535862,-43.756242,-43.670074
226.450000,-43.524756,-43.745254,-43.658989
226.500000,-43.513622,-43.734239,-43.647877
226.550000,-43.502460,-43.723196,-43.636737
226.600000,-43.491271,-43.712127,-43.625570
226.650000,-43.480054,-43.701030,-43.614375
226.700000,-43.468809,-43.689906,-43.603153
226.750000,-43.457537,-43.678755,-43.591903
226.800000,-43.446237,-43.667577,-43.580625
226.850000,-43.434909,-43.656372,-43.569321
226.900000,-43.423554,-43.645141,-43.557988
226.950000,-43.412171,-43.633882,-43.546629
227.000000,-43.400760,-43.622596,-43.535242
227.050000,-43.389322,-43.611283,-43.523827
227.100000,-43.377857,-43.599943,-43.512385
227.150000,-43.366364,-43.588576,-43.500916
227.200000,-43.354843,-43.577182,-43.489420
227.250000,-43.343295,-43.565762,-43.477896
227.300000,-43.331719,-43.554314,-43.466345
227.350000,-43.320116,-43.542840,-43.454766
227.400000,-43.308486,-43.531338,-43.443161
227.450000,-43.296828,-43.519810,-43.431528
227.500000,-43.285142,-43.508255,-43.419868
227.550000,-43.273429,-43.496673,-43.408180
227.600000,-43.261689,-43.485064,-43.396466
227.650000,-43.249921,-43.473429,-43.384724
227.700000,-43.238126,-43.461766,-43.372955
227.750000,-43.226304,-43.450077,-43.361159
227.800000,-43.214454,-43.438361,-43.349336
227.850000,-43.202577,-43.426618,-43.337485
227.900000,-43.190673,-43.414849,-43.325608
227.950000,-43.178741,-43.403052,-43.313703
228.000000,-43.166782,-43.391229,-43.301771
228.050000,-43.154796,-43.379379,-43.289812
228.100000,-43.142782,-43.367503,-43.277826
228.150000,-43.130741,-43.355599,-43.265813
228.200000,-43.118673,-43.343669,-43.253773
228.250000,-43.106577,-43.331712,-43.241705
228.300000,-43.094454,-43.319729,-43.229611
228.350000,-43.082304,-43.307719,-43.217489
228.400000,-43.070126,-43.295682,-43.205341
228.450000,-43.057922,-43.283618,-43.193165
228.500000,-43.045690,-43.271528,-43.180963
228.550000,-43.033430,-43.259410,-43.168733
228.600000,-43.021144,-43.247267,-43.156476
228.650000,-43.008830,-43.235096,-43.144192
228.700000,-42.996489,-43.222899,-43.131881
228.750000,-42.984120,-43.210675,-43.119543
228.800000,-42.971725,-43.198424,-43.107178
228.850000,-42.959302,-43.186146,-43.094786
228.900000,-42.946851,-43.173842,-43.082367
228.950000,-42.934374,-43.161511,-43.069921
229.000000,-42.921869,-43.149153,-43.057447
229.050000,-42.909336,-43.136769,-43.044947
229.100000,-42.896777,-43.124358,-43.032419
229.150000,-42.884190,-43.111920,-43.019864
229.200000,-42.871575,-43.099455,-43.007282
229.250000,-42.858933,-43.086963,-42.994673
229.300000,-42.846264,-43.074444,-42.982037
229.350000,-42.833567,-43.061899,-42.969374
229.400000,-42.820843,-43.049327,-42.956683
229.450000,-42.808091,-43.036728,-42.943965
229.500000,-42.795312,-43.024102,-42.931220
229.550000,-42.782506,-43.011449,-42.918447
229.600000,-42.769671,-42.998769,-42.905647
229.650000,-42.756810,-42.986062,-42.892820
229.700000,-42.743920,-42.973328,-42.879966
229.750000,-42.731003,-42.960567,-42.867084
229.800000,-42.718058,-42.947779,-42.854174
229.850000,-42.705086,-42.934963,-42.841238
229.900000,-42.692085,-42.922121,-42.828273
229.950000,-42.679057,-42.909251,-42.815281
230.000000,-42.666001,-42.896355,-42.802262
230.050000,-42.652918,-42.883431,-42.789215
230.100000,-42.639806,-42.870479,-42.776140
230.150000,-42.626666,-42.857501,-42.763037
230.200000,-42.613498,-42.844495,-42.749907
230.250000,-42.600303,-42.831461,-42.736749
230.300000,-42.587079,-42.818401,-42.723563
230.350000,-42.573827,-42.805312,-42.710350
230.400000,-42.560547,-42.792197,-42.697108
230.450000,-42.547239,-42.779053,-42.683839
230.500000,-42.533903,-42.765883,-42.670542
230.550000,-42.520538,-42.752684,-42.657216
230.600000,-42.507145,-42.739458,-42.643863
230.650000,-42.493724,-42.726204,-42.630482
230.700000,-42.480274,-42.712923,-42.617072
230.750000,-42.466796,-42.699614,-42.603635
230.800000,-42.453289,-42.686277,-42.590169
230.850000,-42.439754,-42.672912,-42.576675
230.900000,-42.426191,-42.659519,-42.563153
230.950000,-42.412598,-42.646098,-42.549602
231.000000,-42.398977,-42.632649,-42.536023
231.050000,-42.385327,-42.619173,-42.522416
231.100000,-42.371649,-42.605668,-42.508780
231.150000,-42.357941,-42.592135,-42.495115
231.200000,-42.344205,-42.578573,-42.481422
231.250000,-42.330439,-42.564984,-42.467700
231.300000,-42.316645,-42.551366,-42.453950
231.350000,-42.302821,-42.537720,-42.440171
231.400000,-42.288969,-42.524045,-42.426362
231.450000,-42.275087,-42.510342,-42.412525
231.500000,-42.261175,-42.496610,-42.398659
231.550000,-42.247235,-42.482849,-42.384764
231.600000,-42.233264,-42.469060,-42.370840
231.650000,-42.219265,-42.455242,-42.356886
231.700000,-42.205235,-42.441395,-42.342904
231.750000,-42.191176,-42.427519,-42.328891
231.800000,-42.177087,-42.413614,-42.314850
231.850000,-42.162968,-42.399680,-42.300779
231.900000,-42.148819,-42.385717,-42.286678
231.950000,-42.134641,-42.371725,-42.272547
232.000000,-42.120432,-42.357703,-42.258387
232.050000,-42.106192,-42.343652,-42.244197
232.100000,-42.091923,-42.329571,-42.229977
232.150000,-42.077622,-42.315461,-42.215727
232.200000,-42.063292,-42.301321,-42.201446
232.250000,-42.048931,-42.287151,-42.187136
232.300000,-42.034539,-42.272951,-42.172795
232.350000,-42.020116,-42.258721,-42.158423
232.400000,-42.005662,-42.244462,-42.144021
232.450000,-41.991177,-42.230172,-42.129588
232.500000,-41.976661,-42.215851,-42.115125
232.550000,-41.962113,-42.201500,-42.100630
232.600000,-41.947535,-42.187119,-42.086105
232.650000,-41.932924,-42.172707,-42.071548
232.700000,-41.918282,-42.158264,-42.056960
232.750000,-41.903608,-42.143791,-42.042341
232.800000,-41.888902,-42.129286,-42.027690
232.850000,-41.874164,-42.114750,-42.013007
232.900000,-41.859394,-42.100183,-41.998293
232.950000,-41.844591,-42.085585,-41.983547
233.000000,-41.829756,-42.070955,-41.968768
233.050000,-41.814888,-42.056293,-41.953958
233.100000,-41.799988,-42.041600,-41.939115
233.150000,-41.785054,-42.026874,-41.924239
233.200000,-41.770087,-42.012117,-41.909331
233.250000,-41.755087,-41.997327,-41.894390
233.300000,-41.740054,-41.982505,-41.879416
233.350000,-41.724987,-41.967650,-41.864408
233.400000,-41.709886,-41.952762,-41.849368
233.450000,-41.694751,-41.937842,-41.834294
233.500000,-41.679582,-41.922888,-41.819186
233.550000,-41.664379,-41.907902,-41.804044
233.600000,-41.649141,-41.892881,-41.788868
233.650000,-41.633868,-41.877827,-41.773658
233.700000,-41.618560,-41.862740,-41.758413
233.750000,-41.603218,-41.847618,-41.743134
233.800000,-41.587840,-41.832462,-41.727820
233.850000,-41.572426,-41.817272,-41.712471
233.900000,-41.556977,-41.802048,-41.697087
233.950000,-41.541492,-41.786789,-41.681668
234.000000,-41.525971,-41.771495,-41.666212
234.050000,-41.510413,-41.756165,-41.650722
234.100000,-41.494819,-41.740801,-41.635195
234.150000,-41.479189,-41.725401,-41.619632
234.200000,-41.463521,-41.709966,-41.604033
234.250000,-41.447817,-41.694494,-41.588397
234.300000,-41.432075,-41.678987,-41.572724
234.350000,-41.416295,-41.663444,-41.557015
234.400000,-41.400478,-41.647863,-41.541268
234.450000,-41.384623,-41.632247,-41.525483
234.500000,-41.368729,-41.616593,-41.509661
234.550000,-41.352797,-41.600902,-41.493802
234.600000,-41.336826,-41.585174,-41.477904
234.650000,-41.320817,-41.569408,-41.461967
234.700000,-41.304768,-41.553605,-41.445992
234.750000,-41.288679,-41.537763,-41.429978
234.800000,-41.272551,-41.521883,-41.413925
234.850000,-41.256383,-41.505965,-41.397833
234.900000,-41.240175,-41.490007,-41.381701
234.950000,-41.223926,-41.474011,-41.365529
235.000000,-41.207636,-41.457975,-41.349317
235.050000,-41.191305,-41.441900,-41.333064
235.100000,-41.174932,-41.425785,-41.316771
235.150000,-41.158518,-41.409630,-41.300436
235.200000,-41.142062,-41.393434,-41.284061
235.250000,-41.125564,-41.377198,-41.267643
235.300000,-41.109023,-41.360920,-41.251184
235.350000,-41.092439,-41.344602,-41.234682
235.400000,-41.075812,-41.328241,-41.218138
235.450000,-41.059141,-41.311839,-41.201552
235.500000,-41.042426,-41.295395,-41.184921
235.550000,-41.025668,-41.278908,-41.168248
235.600000,-41.008864,-41.262378,-41.151530
235.650000,-40.992016,-41.245805,-41.134769
235.700000,-40.975122,-41.229189,-41.117962
235.750000,-40.958183,-41.212529,-41.101111
235.800000,-40.941197,-41.195824,-41.084215
235.850000,-40.924165,-41.179075,-41.067273
235.900000,-40.907087,-41.162281,-41.050285
235.950000,-40.889961,-41.145442,-41.033250
236.000000,-40.872788,-41.128557,-41.016169
236.050000,-40.855566,-41.111626,-40.999041
236.100000,-40.838296,-41.094649,-40.981865
236.150000,-40.820978,-41.077625,-40.964641
236.200000,-40.803610,-41.060553,-40.947368
236.250000,-40.786192,-41.043434,-40.930047
236.300000,-40.768724,-41.026267,-40.912676
236.350000,-40.751206,-41.009051,-40.895256
236.400000,-40.733636,-40.991787,-40.877785
236.450000,-40.716015,-40.974473,-40.860264
236.500000,-40.698342,-40.957109,-40.842691
236.550000,-40.680616,-40.939694,-40.825067
236.600000,-40.662837,-40.922229,-40.807391
236.650000,-40.645005,-40.904713,-40.789662
236.700000,-40.627118,-40.887145,-40.771880
236.750000,-40.609177,-40.869525,-40.754044
236.800000,-40.591180,-40.851852,-40.736153
236.850000,-40.573128,-40.834125,-40.718209
236.900000,-40.555020,-40.816345,-40.700208
236.950000,-40.536855,-40.798510,-40.682152
237.000000,-40.518632,-40.780621,-40.664040
237.050000,-40.500351,-40.762676,-40.645871
237.100000,-40.482012,-40.744675,-40.627644
237.150000,-40.463614,-40.726618,-40.609359
237.200000,-40.445156,-40.708504,-40.591015
237.250000,-40.426638,-40.690332,-40.572613
237.300000,-40.408058,-40.672102,-40.554150
237.350000,-40.389417,-40.653812,-40.535627
237.400000,-40.370714,-40.635464,-40.517042
237.450000,-40.351948,-40.617055,-40.498396
237.500000,-40.333118,-40.598586,-40.479688
237.550000,-40.314223,-40.580056,-40.460916
237.600000,-40.295264,-40.561463,-40.442081
237.650000,-40.276239,-40.542808,-40.423181
237.700000,-40.257148,-40.524089,-40.404215
237.750000,-40.237989,-40.505306,-40.385184
237.800000,-40.218763,-40.486459,-40.366086
237.850000,-40.199467,-40.467546,-40.346921
237.900000,-40.180103,-40.448567,-40.327688
237.950000,-40.160668,-40.429520,-40.308385
238.000000,-40.141161,-40.410407,-40.289013
238.050000,-40.121583,-40.391224,-40.269570
238.100000,-40.101932,-40.371972,-40.250056
238.150000,-40.082207,-40.352650,-40.230469
238.200000,-40.062408,-40.333257,-40.210809
238.250000,-40.042533,-40.313792,-40.191075
238.300000,-40.022581,-40.294255,-40.171267
238.350000,-40.002552,-40.274644,-40.151382
238.400000,-39.982445,-40.254958,-40.131420
238.450000,-39.962259,-40.235197,-40.111381
238.500000,-39.941992,-40.215360,-40.091263
238.550000,-39.921644,-40.195445,-40.071065
238.600000,-39.901213,-40.175452,-40.050786
238.650000,-39.880698,-40.155379,-40.030426
238.700000,-39.860100,-40.135226,-40.009982
238.750000,-39.839415,-40.114992,-39.989455
238.800000,-39.818643,-40.094675,-39.968842
238.850000,-39.797783,-40.074275,-39.948143
238.900000,-39.776834,-40.053790,-39.927356
238.950000,-39.755795,-40.033218,-39.906480
239.000000,-39.734663,-40.012560,-39.885515
239.050000,-39.713439,-39.991814,-39.864458
239.100000,-39.692120,-39.970978,-39.843309
239.150000,-39.670705,-39.950051,-39.822065
239.200000,-39.649193,-39.929032,-39.800727
239.250000,-39.627582,-39.907919,-39.779292
239.300000,-39.605871,-39.886712,-39.757758
239.350000,-39.584058,-39.865408,-39.736125
239.400000,-39.562143,-39.844007,-39.714392
239.450000,-39.540122,-39.822507,-39.692555
239.500000,-39.517996,-39.800906,-39.670615
239.550000,-39.495762,-39.779203,-39.648569
239.600000,-39.473418,-39.757396,-39.626415
239.650000,-39.450963,-39.735484,-39.604153
239.700000,-39.428394,-39.713466,-39.581780
239.750000,-39.405712,-39.691339,-39.559295
239.800000,-39.382912,-39.669102,-39.536696
239.850000,-39.359995,-39.646752,-39.513981
239.900000,-39.336957,-39.624290,-39.491148
239.950000,-39.313797,-39.601711,-39.468196
240.000000,-39.290512,-39.579016,-39.445122
240.050000,-39.267101,-39.556201,-39.421924
240.100000,-39.243562,-39.533265,-39.398600
240.150000,-39.219892,-39.510205,-39.375149
240.200000,-39.196089,-39.487020,-39.351568
240.250000,-39.172151,-39.463708,-39.327854
240.300000,-39.148076,-39.440266,-39.304007
240.350000,-39.123861,-39.416692,-39.280022
240.400000,-39.099503,-39.392984,-39.255898
240.450000,-39.075001,-39.369139,-39.231632
240.500000,-39.050351,-39.345155,-39.207222
240.550000,-39.025551,-39.321030,-39.182665
240.600000,-39.000598,-39.296760,-39.157959
240.650000,-38.975489,-39.272344,-39.133100
240.700000,-38.950221,-39.247779,-39.108086
240.750000,-38.924791,-39.223061,-39.082914
240.800000,-38.899197,-39.198188,-39.057580
240.850000,-38.873434,-39.173156,-39.032082
240.900000,-38.847500,-39.147964,-39.006417
240.950000,-38.821392,-39.122607,-38.980581
241.000000,-38.795105,-39.097083,-38.954571
241.050000,-38.768636,-39.071388,-38.928382
241.100000,-38.741981,-39.045518,-38.902013
241.150000,-38.715137,-39.019470,-38.875458
241.200000,-38.688099,-38.993241,-38.848714
241.250000,-38.660864,-38.966826,-38.821777
241.300000,-38.633427,-38.940222,-38.794643
241.350000,-38.605783,-38.913424,-38.767307
241.400000,-38.577929,-38.886428,-38.739765
241.450000,-38.549860,-38.859231,-38.712013
241.500000,-38.521570,-38.831827,-38.684046
241.550000,-38.493054,-38.804212,-38.655858
241.600000,-38.464309,-38.776381,-38.627446
241.650000,-38.435327,-38.748329,-38.598804
241.700000,-38.406105,-38.720051,-38.569926
241.750000,-38.376635,-38.691543,-38.540807
241.800000,-38.346913,-38.662798,-38.511441
241.850000,-38.316932,-38.633810,-38.481823
241.900000,-38.286686,-38.604575,-38.451945
241.950000,-38.256167,-38.575085,-38.421803
242.000000,-38.225370,-38.545335,-38.391389
242.050000,-38.194288,-38.515319,-38.360696
242.100000,-38.162912,-38.485028,-38.329717
242.150000,-38.131236,-38.454457,-38.298445
242.200000,-38.099252,-38.423598,-38.266872
242.250000,-38.066950,-38.392444,-38.234990
242.300000,-38.034323,-38.360986,-38.202791
242.350000,-38.001362,-38.329216,-38.170266
242.400000,-37.968058,-38.297127,-38.137406
242.450000,-37.934400,-38.264708,-38.104202
242.500000,-37.900379,-38.231952,-38.070644
242.550000,-37.865985,-38.198847,-38.036721
242.600000,-37.831205,-38.165384,-38.002424
242.650000,-37.796030,-38.131553,-37.967741
242.700000,-37.760446,-38.097343,-37.932660
242.750000,-37.724441,-38.062741,-37.897170
242.800000,-37.688003,-38.027737,-37.861257
242.850000,-37.651117,-37.992317,-37.824908
242.900000,-37.613770,-37.956469,-37.788109
242.950000,-37.575945,-37.920178,-37.750846
243.000000,-37.537628,-37.883431,-37.713104
243.050000,-37.498802,-37.846211,-37.674866
243.100000,-37.459449,-37.808504,-37.636115
243.150000,-37.419551,-37.770293,-37.596834
243.200000,-37.379090,-37.731560,-37.557005
243.250000,-37.338044,-37.692286,-37.516608
243.300000,-37.296393,-37.652453,-37.475622
243.350000,-37.254114,-37.612040,-37.434025
243.400000,-37.211185,-37.571026,-37.391796
243.450000,-37.167579,-37.529388,-37.348909
243.500000,-37.123271,-37.487102,-37.305340
243.550000,-37.078233,-37.444143,-37.261062
243.600000,-37.032436,-37.400485,-37.216046
243.650000,-36.985848,-37.356099,-37.170262
243.700000,-36.938437,-37.310955,-37.123679
243.750000,-36.890167,-37.265022,-37.076261
243.800000,-36.841002,-37.218265,-37.027975
243.850000,-36.790901,-37.170650,-36.978780
243.900000,-36.739822,-37.122138,-36.928637
243.950000,-36.687722,-37.072687,-36.877502
244.000000,-36.634550,-37.022256,-36.825329
244.050000,-36.580256,-36.970798,-36.772067
244.100000,-36.524786,-36.918262,-36.717665
244.150000,-36.468080,-36.864597,-36.662064
244.200000,-36.410074,-36.809745,-36.605205
244.250000,-36.350702,-36.753646,-36.547022
244.300000,-36.289889,-36.696233,-36.487443
244.350000,-36.227558,-36.637437,-36.426395
244.400000,-36.163622,-36.577181,-36.363794
244.450000,-36.097991,-36.515382,-36.299552
244.500000,-36.030564,-36.451953,-36.233573
244.550000,-35.961234,-36.386796,-36.165753
244.600000,-35.889882,-36.319806,-36.095980
244.650000,-35.816381,-36.250870,-36.024129
244.700000,-35.740589,-36.179863,-35.950067
244.750000,-35.662355,-36.106649,-35.873645
244.800000,-35.581510,-36.031079,-35.794703
244.850000,-35.497868,-35.952989,-35.713063
244.900000,-35.411226,-35.872198,-35.628530
244.950000,-35.321358,-35.788509,-35.540886
245.000000,-35.228013,-35.701700,-35.449894
245.050000,-35.130915,-35.611527,-35.355285
245.100000,-35.029752,-35.517719,-35.256765
245.150000,-34.924178,-35.419970,-35.154000
245.200000,-34.813803,-35.317940,-35.046618
245.250000,-34.698186,-35.211245,-34.934200
245.300000,-34.576831,-35.099453,-34.816271
245.350000,-34.449171,-34.982070,-34.692290
245.400000,-34.314561,-34.858538,-34.561643
245.450000,-34.172257,-34.728214,-34.423622
245.500000,-34.021406,-34.590362,-34.277414
245.550000,-33.861015,-34.444128,-34.122077
245.600000,-33.689926,-34.288520,-33.956512
245.650000,-33.506782,-34.122374,-33.779430
245.700000,-33.309975,-33.944323,-33.589308
245.750000,-33.097590,-33.752738,-33.384333
245.800000,-32.867330,-33.545675,-33.162333
245.850000,-32.616409,-33.320783,-32.920678
245.900000,-32.341422,-33.075203,-32.656157
245.950000,-32.038160,-32.805412,-32.364807
246.000000,-31.701364,-32.507030,-32.041680
246.050000,-31.324378,-32.174540,-31.680529
246.100000,-30.898669,-31.800900,-31.273355
246.150000,-30.413130,-31.376997,-30.809766
246.200000,-29.853080,-30.890850,-30.276051
246.250000,-29.198783,-30.326442,-29.653810
246.300000,-28.423234,-29.661990,-28.917922
246.350000,-27.488840,-28.867339,-28.033479
246.400000,-26.342446,-27.900080,-26.951212
246.450000,-24.908164,-26.699919,-25.600884
246.500000,-23.078154,-25.181282,-23.882731
246.550000,-20.704988,-23.226544,-21.660131
246.600000,-17.610884,-20.690386,-18.767021
246.650000,-13.654231,-17.444087,-15.066217
246.700000,-8.895301,-13.493713,-10.597881
246.750000,-3.760858,-9.114976,-5.734279
246.800000,1.026790,-4.840508,-1.131585
246.850000,4.782492,-1.245702,2.559691
246.900000,7.177917,1.304712,4.992820
246.950000,8.245126,2.720609,6.153769
247.000000,8.183890,3.086531,6.202936
247.050000,7.214227,2.551853,5.339609
247.100000,5.523974,1.273058,3.745639
247.150000,3.266458,-0.604494,1.576150
247.200000,0.571150,-2.948426,-1.034834
247.250000,-2.447188,-5.637614,-3.968030
247.300000,-5.683206,-8.560907,-7.114970
247.350000,-9.038187,-11.616494,-10.375812
247.400000,-12.419636,-14.712123,-13.658937
247.450000,-15.745673,-17.767941,-16.884505
247.500000,-18.953876,-20.722261,-19.991878
247.550000,-22.005751,-23.534944,-22.943459
247.600000,-24.880255,-26.183373,-25.719031
247.650000,-27.562853,-28.654189,-28.305777
247.700000,-30.039066,-30.936956,-30.691828
247.750000,-32.294486,-33.022280,-32.865522
247.800000,-34.318549,-34.903310,-34.818301
247.850000,-36.108477,-36.578268,-36.548143
247.900000,-37.670935,-38.051994,-38.061225
247.950000,-39.020851,-39.335649,-39.371144
248.000000,-40.178483,-40.444983,-40.496482
248.050000,-41.166219,-41.398087,-41.458001
248.100000,-42.006134,-42.213452,-42.276403
248.150000,-42.718550,-42.908644,-42.970946
248.200000,-43.321437,-43.499614,-43.558804
248.250000,-43.830331,-44.000457,-44.054930
248.300000,-44.258515,-44.423425,-44.472176
248.350000,-44.617297,-44.779091,-44.821527
248.400000,-44.916298,-45.076541,-45.112356
248.450000,-45.163720,-45.323582,-45.352671
248.500000,-45.366571,-45.526923,-45.549322
248.550000,-45.530857,-45.692348,-45.708188
248.600000,-45.661742,-45.824845,-45.834325
248.650000,-45.763675,-45.928731,-45.932095
248.700000,-45.840501,-46.007745,-46.005267
248.750000,-45.895551,-46.065138,-46.057107
248.800000,-45.931714,-46.103737,-46.090449
248.850000,-45.951505,-46.126005,-46.107759
248.900000,-45.957111,-46.134095,-46.111183
248.950000,-45.950440,-46.129885,-46.102595
249.000000,-45.933159,-46.115020,-46.083628
249.050000,-45.906724,-46.090942,-46.055711
249.100000,-45.872407,-46.058912,-46.020095
249.150000,-45.831324,-46.020038,-45.977871
249.200000,-45.784450,-45.975290,-45.929998
249.250000,-45.732640,-45.925522,-45.877314
249.300000,-45.676643,-45.871482,-45.820554
249.350000,-45.617114,-45.813826,-45.760360
249.400000,-45.554629,-45.753131,-45.697297
249.450000,-45.489690,-45.689903,-45.631857
249.500000,-45.422737,-45.624585,-45.564472
249.550000,-45.354156,-45.557566,-45.495519
249.600000,-45.284282,-45.489186,-45.425328
249.650000,-45.213410,-45.419742,-45.354185
249.700000,-45.141795,-45.349495,-45.282343
249.750000,-45.069660,-45.278671,-45.210018
249.800000,-44.997199,-45.207468,-45.137400
249.850000,-44.924578,-45.136057,-45.064653
249.900000,-44.851944,-45.064587,-44.991919
249.950000,-44.779420,-44.993186,-44.919319
250.000000,-44.707115,-44.921965,-44.846958
250.050000,-44.635119,-44.851019,-44.774925
250.100000,-44.563512,-44.780429,-44.703296
250.150000,-44.492357,-44.710262,-44.632136
250.200000,-44.421712,-44.640578,-44.561498
250.250000,-44.351621,-44.571425,-44.491426
250.300000,-44.282123,-44.502842,-44.421957
250.350000,-44.213248,-44.434862,-44.353120
250.400000,-44.145020,-44.367511,-44.284938
250.450000,-44.077457,-44.300810,-44.217429
250.500000,-44.010574,-44.234774,-44.150606
250.550000,-43.944380,-44.169414,-44.084478
250.600000,-43.878880,-44.104737,-44.019049
250.650000,-43.814078,-44.040747,-43.954323
250.700000,-43.749972,-43.977445,-43.890297
250.750000,-43.686561,-43.914829,-43.826969
250.800000,-43.623839,-43.852896,-43.764334
250.850000,-43.561801,-43.791639,-43.702385
250.900000,-43.500437,-43.731053,-43.641114
250.950000,-43.439739,-43.671127,-43.580510
251.000000,-43.379696,-43.611852,-43.520564
251.050000,-43.320296,-43.553218,-43.461264
251.100000,-43.261529,-43.495212,-43.402597
251.150000,-43.203380,-43.437824,-43.344551
251.200000,-43.145838,-43.381038,-43.287112
251.250000,-43.088887,-43.324844,-43.230267
251.300000,-43.032514,-43.269226,-43.174001
251.350000,-42.976705,-43.214171,-43.118300
251.400000,-42.921446,-43.159665,-43.063150
251.450000,-42.866721,-43.105694,-43.008536
251.500000,-42.812518,-43.052244,-42.954444
251.550000,-42.758821,-42.999300,-42.900859
251.600000,-42.705615,-42.946847,-42.847767
251.650000,-42.652887,-42.894873,-42.795154
251.700000,-42.600622,-42.843363,-42.743005
251.750000,-42.548806,-42.792302,-42.691305
251.800000,-42.497426,-42.741678,-42.640042
251.850000,-42.446466,-42.691476,-42.589202
251.900000,-42.395915,-42.641683,-42.538770
251.950000,-42.345759,-42.592285,-42.488734
252.000000,-42.295984,-42.543271,-42.439081
252.050000,-42.246577,-42.494626,-42.389797
252.100000,-42.197527,-42.446339,-42.340871
252.150000,-42.148820,-42.398397,-42.292289
252.200000,-42.100444,-42.350788,-42.244040
252.250000,-42.052388,-42.303500,-42.196111
252.300000,-42.004640,-42.256521,-42.148491
252.350000,-41.957188,-42.209841,-42.101169
252.400000,-41.910021,-42.163447,-42.054133
252.450000,-41.863128,-42.117329,-42.007373
252.500000,-41.816499,-42.071476,-41.960877
252.550000,-41.770122,-42.025879,-41.914635
252.600000,-41.723987,-41.980525,-41.868638
252.650000,-41.678085,-41.935406,-41.822873
252.700000,-41.632405,-41.890512,-41.777333
252.750000,-41.586938,-41.845832,-41.732007
252.800000,-41.541673,-41.801358,-41.686885
252.850000,-41.496602,-41.757080,-41.641959
252.900000,-41.451716,-41.712989,-41.597220
252.950000,-41.407006,-41.669076,-41.552657
253.000000,-41.362462,-41.625333,-41.508263
253.050000,-41.318077,-41.581750,-41.464030
253.100000,-41.273841,-41.538321,-41.419948
253.150000,-41.229746,-41.495036,-41.376009
253.200000,-41.185785,-41.451887,-41.332206
253.250000,-41.141950,-41.408867,-41.288530
253.300000,-41.098231,-41.365967,-41.244974
253.350000,-41.054623,-41.323181,-41.201530
253.400000,-41.011116,-41.280501,-41.158190
253.450000,-40.967704,-41.237919,-41.114947
253.500000,-40.924379,-41.195427,-41.071794
253.550000,-40.881135,-41.153020,-41.028723
253.600000,-40.837963,-41.110690,-40.985728
253.650000,-40.794857,-41.068430,-40.942800
253.700000,-40.751809,-41.026233,-40.899935
253.750000,-40.708814,-40.984093,-40.857124
253.800000,-40.665863,-40.942002,-40.814360
253.850000,-40.622950,-40.899954,-40.771638
253.900000,-40.580069,-40.857944,-40.728950
253.950000,-40.537213,-40.815963,-40.686291
254.000000,-40.494375,-40.774006,-40.643652
254.050000,-40.451549,-40.732066,-40.601028
254.100000,-40.408727,-40.690137,-40.558413
254.150000,-40.365905,-40.648214,-40.515799
254.200000,-40.323074,-40.606289,-40.473182
254.250000,-40.280230,-40.564356,-40.430553
254.300000,-40.237364,-40.522409,-40.387908
254.350000,-40.194472,-40.480442,-40.345239
254.400000,-40.151546,-40.438450,-40.302541
254.450000,-40.108580,-40.396424,-40.259806
254.500000,-40.065567,-40.354361,-40.217029
254.550000,-40.022502,-40.312252,-40.174203
254.600000,-39.979377,-40.270093,-40.131322
254.650000,-39.936186,-40.227876,-40.088380
254.700000,-39.892923,-40.185596,-40.045369
254.750000,-39.849580,-40.143246,-40.002284
254.800000,-39.806152,-40.100820,-39.959117
254.850000,-39.762631,-40.058312,-39.915863
254.900000,-39.719010,-40.015714,-39.872514
254.950000,-39.675284,-39.973021,-39.829064
255.000000,-39.631443,-39.930226,-39.785506
255.050000,-39.587483,-39.887322,-39.741832
255.100000,-39.543395,-39.844303,-39.698037
255.150000,-39.499171,-39.801161,-39.654112
255.200000,-39.454806,-39.757889,-39.610051
255.250000,-39.410290,-39.714481,-39.565845
255.300000,-39.365617,-39.670929,-39.521489
255.350000,-39.320779,-39.627226,-39.476973
255.400000,-39.275767,-39.583364,-39.432290
255.450000,-39.230573,-39.539336,-39.387432
255.500000,-39.185189,-39.495134,-39.342391
255.550000,-39.139607,-39.450750,-39.297159
255.600000,-39.093818,-39.406176,-39.251726
255.650000,-39.047812,-39.361403,-39.206085
255.700000,-39.001581,-39.316423,-39.160226
255.750000,-38.955115,-39.271226,-39.114140
255.800000,-38.908405,-39.225805,-39.067818
255.850000,-38.861439,-39.180149,-39.021249
255.900000,-38.814208,-39.134250,-38.974424
255.950000,-38.766701,-39.088096,-38.927332
256.000000,-38.718908,-39.041678,-38.879962
256.050000,-38.670816,-38.994985,-38.832303
256.100000,-38.622414,-38.948007,-38.784344
256.150000,-38.573689,-38.900731,-38.736073
256.200000,-38.524629,-38.853147,-38.687477
256.250000,-38.475221,-38.805242,-38.638544
256.300000,-38.425451,-38.757004,-38.589260
256.350000,-38.375306,-38.708419,-38.539612
256.400000,-38.324769,-38.659475,-38.489585
256.450000,-38.273827,-38.610156,-38.439165
256.500000,-38.222462,-38.560449,-38.388335
256.550000,-38.170660,-38.510338,-38.337081
256.600000,-38.118401,-38.459808,-38.285386
256.650000,-38.065669,-38.408841,-38.233231
256.700000,-38.012444,-38.357421,-38.180598
256.750000,-37.958707,-38.305530,-38.127469
256.800000,-37.904437,-38.253148,-38.073823
256.850000,-37.849612,-38.200256,-38.019639
256.900000,-37.794210,-38.146834,-37.964895
256.950000,-37.738206,-38.092859,-37.909569
257.000000,-37.681577,-38.038308,-37.853636
257.050000,-37.624295,-37.983158,-37.797070
257.100000,-37.566332,-37.927383,-37.739845
257.150000,-37.507660,-37.870957,-37.681931
257.200000,-37.448248,-37.813851,-37.623300
257.250000,-37.388062,-37.756036,-37.563920
257.300000,-37.327068,-37.697481,-37.503757
257.350000,-37.265231,-37.638153,-37.442775
257.400000,-37.202511,-37.578016,-37.380939
257.450000,-37.138867,-37.517033,-37.318208
257.500000,-37.074256,-37.455166,-37.254539
257.550000,-37.008631,-37.392372,-37.189889
257.600000,-36.941944,-37.328607,-37.124209
257.650000,-36.874141,-37.263823,-37.057450
257.700000,-36.805166,-37.197969,-36.989556
257.750000,-36.734960,-37.130993,-36.920471
257.800000,-36.663459,-37.062836,-36.850131
257.850000,-36.590593,-36.993436,-36.778471
257.900000,-36.516289,-36.922726,-36.705419
257.950000,-36.440466,-36.850637,-36.630899
258.000000,-36.363040,-36.777090,-36.554829
258.050000,-36.283918,-36.702003,-36.477118
258.100000,-36.203001,-36.625287,-36.397672
258.150000,-36.120179,-36.546845,-36.316386
258.200000,-36.035336,-36.466573,-36.233147
258.250000,-35.948344,-36.384357,-36.147832
258.300000,-35.859064,-36.300074,-36.060309
258.350000,-35.767344,-36.213589,-35.970431
258.400000,-35.673019,-36.124754,-35.878039
258.450000,-35.575907,-36.033408,-35.782958
258.500000,-35.475806,-35.939374,-35.684996
258.550000,-35.372497,-35.842458,-35.583942
258.600000,-35.265734,-35.742444,-35.479561
258.650000,-35.155249,-35.639093,-35.371595
258.700000,-35.040740,-35.532143,-35.259755
258.750000,-34.921871,-35.421298,-35.143722
258.800000,-34.798267,-35.306230,-35.023135
258.850000,-34.669506,-35.186570,-34.897591
258.900000,-34.535113,-35.061903,-34.766637
258.950000,-34.394547,-34.931761,-34.629758
259.000000,-34.247197,-34.795611,-34.486370
259.050000,-34.092364,-34.652847,-34.335806
259.100000,-33.929243,-34.502777,-34.177302
259.150000,-33.756909,-34.344600,-34.009978
259.200000,-33.574286,-34.177394,-33.832810
259.250000,-33.380121,-34.000084,-33.644610
259.300000,-33.172940,-33.811409,-33.443979
259.350000,-32.951000,-33.609887,-33.229266
259.400000,-32.712226,-33.393755,-32.998507
259.450000,-32.454126,-33.160904,-32.749345
259.500000,-32.173681,-32.908789,-32.478932
259.550000,-31.867201,-32.634311,-32.183786
259.600000,-31.530128,-32.333658,-31.859616
259.650000,-31.156773,-32.002094,-31.501073
259.700000,-30.739950,-31.633661,-31.101408
259.750000,-30.270468,-31.220777,-30.652007
259.800000,-29.736410,-30.753657,-30.141715
259.850000,-29.122105,-30.219504,-29.555894
259.900000,-28.406647,-29.601328,-28.875042
259.950000,-27.561741,-28.876257,-28.072818
260.000000,-26.548622,-28.013097,-27.113185
260.050000,-25.313768,-26.968938,-25.946452
260.100000,-23.783494,-25.684795,-24.504250
260.150000,-21.859003,-24.081308,-22.694811
260.200000,-19.418075,-22.058796,-20.404054
260.250000,-16.340439,-19.513766,-17.517700
260.300000,-12.585086,-16.393143,-13.990173
260.350000,-8.314430,-12.787892,-9.957954
260.400000,-3.951152,-8.992555,-5.798327
260.450000,-0.056427,-5.442380,-2.029713
260.500000,2.906850,-2.548308,0.899739
260.550000,4.737846,-0.553228,2.770695
260.600000,5.470755,0.487862,3.584479
260.650000,5.252876,0.640627,3.461106
260.700000,4.252316,0.021170,2.553766
260.750000,2.621082,-1.243614,1.009609
260.800000,0.490005,-3.031028,-1.039763
260.850000,-2.026191,-5.226055,-3.476716
260.900000,-4.823397,-7.721411,-6.194205
260.950000,-7.804599,-10.417232,-9.093364
261.000000,-10.878609,-13.221333,-12.082650
261.050000,-13.961985,-16.050986,-15.079522
261.100000,-16.984831,-18.836972,-18.015362
261.150000,-19.896834,-21.527944,-20.840678
261.200000,-22.667110,-24.090777,-23.524982
261.250000,-25.277342,-26.505849,-26.050646
261.300000,-27.714183,-28.760812,-28.405766
261.350000,-29.965424,-30.846400,-30.580151
261.400000,-32.020209,-32.755209,-32.564967
261.450000,-33.871389,-34.482551,-34.354515
261.500000,-35.517859,-36.027911,-35.948259
261.550000,-36.965472,-37.395784,-37.351751
261.600000,-38.226204,-38.595399,-38.576045
261.650000,-39.316180,-39.639526,-39.636059
261.700000,-40.253449,-40.542909,-40.548619
261.750000,-41.056167,-41.320839,-41.330806
261.800000,-41.741424,-41.988113,-41.998838
261.850000,-42.324656,-42.558424,-42.567476
261.900000,-42.819467,-43.044080,-43.049813
261.950000,-43.237679,-43.455959,-43.457283
262.000000,-43.589500,-43.803570,-43.799797
262.050000,-43.883718,-44.095189,-44.085914
262.100000,-44.127899,-44.337997,-44.323019
262.150000,-44.328567,-44.538226,-44.517489
262.200000,-44.491358,-44.701285,-44.674837
262.250000,-44.621149,-44.831878,-44.799840
262.300000,-44.722171,-44.934102,-44.896647
262.350000,-44.798104,-45.011528,-44.968863
262.400000,-44.852152,-45.067277,-45.019632
262.450000,-44.887111,-45.104079,-45.051697
262.500000,-44.905425,-45.124326,-45.067455
262.550000,-44.909232,-45.130116,-45.069006
262.600000,-44.900409,-45.123292,-45.058190
262.650000,-44.880598,-45.105474,-45.036619
262.700000,-44.851243,-45.078087,-45.005712
262.750000,-44.813614,-45.042387,-44.966714
262.800000,-44.768826,-44.999480,-44.920720
262.850000,-44.717860,-44.950340,-44.868692
262.900000,-44.661581,-44.895826,-44.811480
262.950000,-44.600748,-44.836696,-44.749828
263.000000,-44.536031,-44.773619,-44.684394
263.050000,-44.468019,-44.707183,-44.615756
263.100000,-44.397230,-44.637909,-44.544422
263.150000,-44.324120,-44.566254,-44.470839
263.200000,-44.249091,-44.492622,-44.395401
263.250000,-44.172493,-44.417366,-44.318452
263.300000,-44.094637,-44.340801,-44.240297
263.350000,-44.015794,-44.263199,-44.161200
263.400000,-43.936201,-44.184802,-44.081395
263.450000,-43.856066,-44.105820,-44.001084
263.500000,-43.775570,-44.026438,-43.920446
263.550000,-43.694870,-43.946817,-43.839634
263.600000,-43.614105,-43.867097,-43.758782
263.650000,-43.533392,-43.787400,-43.678007
263.700000,-43.452834,-43.707830,-43.597409
263.750000,-43.372520,-43.628479,-43.517074
263.800000,-43.292524,-43.549426,-43.437076
263.850000,-43.212912,-43.470735,-43.357476
263.900000,-43.133737,-43.392464,-43.278328
263.950000,-43.055044,-43.314660,-43.199675
264.000000,-42.976871,-43.237363,-43.121555
264.050000,-42.899248,-43.160605,-43.043995
264.100000,-42.822201,-43.084413,-42.967021
264.150000,-42.745748,-43.008806,-42.890650
264.200000,-42.669904,-42.933801,-42.814897
264.250000,-42.594678,-42.859410,-42.739769
264.300000,-42.520078,-42.785640,-42.665274
264.350000,-42.446107,-42.712495,-42.591415
264.400000,-42.372764,-42.639978,-42.518190
264.450000,-42.300048,-42.568086,-42.445599
264.500000,-42.227956,-42.496818,-42.373636
264.550000,-42.156481,-42.426168,-42.302295
264.600000,-42.085615,-42.356128,-42.231568
264.650000,-42.015349,-42.286692,-42.161447
264.700000,-41.945673,-42.217848,-42.091920
264.750000,-41.876577,-42.149587,-42.022977
264.800000,-41.808047,-42.081897,-41.954604
264.850000,-41.740070,-42.014766,-41.886790
264.900000,-41.672634,-41.948179,-41.819519
264.950000,-41.605724,-41.882125,-41.752779
265.000000,-41.539326,-41.816587,-41.686553
265.050000,-41.473424,-41.751553,-41.620829
265.100000,-41.408003,-41.687007,-41.555589
265.150000,-41.343048,-41.622935,-41.490819
265.200000,-41.278543,-41.559320,-41.426503
265.250000,-41.214472,-41.496147,-41.362625
265.300000,-41.150821,-41.433401,-41.299170
265.350000,-41.087571,-41.371066,-41.236121
265.400000,-41.024709,-41.309127,-41.173463
265.450000,-40.962217,-41.247568,-41.111179
265.500000,-40.900080,-41.186373,-41.049255
265.550000,-40.838282,-41.125528,-40.987674
265.600000,-40.776808,-41.065015,-40.926420
265.650000,-40.715641,-41.004821,-40.865479
265.700000,-40.654766,-40.944929,-40.804834
265.750000,-40.594168,-40.885324,-40.744469
265.800000,-40.533830,-40.825991,-40.684370
265.850000,-40.473738,-40.766916,-40.624521
265.900000,-40.413876,-40.708082,-40.564907
265.950000,-40.354229,-40.649476,-40.505513
266.000000,-40.294781,-40.591082,-40.446324
266.050000,-40.235519,-40.532885,-40.387325
266.100000,-40.176426,-40.474872,-40.328501
266.150000,-40.117488,-40.417027,-40.269837
266.200000,-40.058690,-40.359336,-40.211319
266.250000,-40.000017,-40.301784,-40.152932
266.300000,-39.941455,-40.244358,-40.094661
266.350000,-39.882988,-40.187042,-40.036492
266.400000,-39.824602,-40.129823,-39.978410
266.450000,-39.766282,-40.072686,-39.920400
266.500000,-39.708014,-40.015617,-39.862449
266.550000,-39.649782,-39.958602,-39.804541
266.600000,-39.591572,-39.901626,-39.746661
266.650000,-39.533368,-39.844675,-39.688796
266.700000,-39.475157,-39.787735,-39.630931
266.750000,-39.416923,-39.730792,-39.573051
266.800000,-39.358651,-39.673831,-39.515140
266.850000,-39.300326,-39.616837,-39.457184
266.900000,-39.241933,-39.559796,-39.399169
266.950000,-39.183455,-39.502693,-39.341078
267.000000,-39.124878,-39.445513,-39.282897
267.050000,-39.066185,-39.388242,-39.224610
267.100000,-39.007361,-39.330863,-39.166200
267.150000,-38.948389,-39.273362,-39.107653
267.200000,-38.889252,-39.215722,-39.048952
267.250000,-38.829934,-39.157928,-38.990080
267.300000,-38.770417,-39.099964,-38.931020
267.350000,-38.710684,-39.041812,-38.871755
267.400000,-38.650716,-38.983456,-38.812267
267.450000,-38.590495,-38.924878,-38.752539
267.500000,-38.530003,-38.866061,-38.692551
267.550000,-38.469218,-38.806987,-38.632285
267.600000,-38.408122,-38.747636,-38.571720
267.650000,-38.346694,-38.687990,-38.510838
267.700000,-38.284913,-38.628028,-38.449617
267.750000,-38.222756,-38.567731,-38.388036
267.800000,-38.160201,-38.507077,-38.326073
267.850000,-38.097224,-38.446045,-38.263704
267.900000,-38.033802,-38.384612,-38.200906
267.950000,-37.969908,-38.322754,-38.137656
268.000000,-37.905517,-38.260448,-38.073926
268.050000,-37.840600,-38.197668,-38.009690
268.100000,-37.775130,-38.134388,-37.944921
268.150000,-37.709076,-38.070581,-37.879589
268.200000,-37.642408,-38.006217,-37.813665
268.250000,-37.575092,-37.941267,-37.747116
268.300000,-37.507094,-37.875699,-37.679909
268.350000,-37.438378,-37.809481,-37.612008
268.400000,-37.368906,-37.742577,-37.543379
268.450000,-37.298638,-37.674952,-37.473980
268.500000,-37.227532,-37.606566,-37.403772
268.550000,-37.155543,-37.537380,-37.332712
268.600000,-37.082624,-37.467351,-37.260754
268.650000,-37.008726,-37.396433,-37.187849
268.700000,-36.933794,-37.324579,-37.113948
268.750000,-36.857774,-37.251738,-37.038994
268.800000,-36.780605,-37.177855,-36.962931
268.850000,-36.702223,-37.102874,-36.885696
268.900000,-36.622561,-37.026732,-36.807225
268.950000,-36.541545,-36.949364,-36.727446
269.000000,-36.459097,-36.870700,-36.646285
269.050000,-36.375133,-36.790665,-36.563661
269.100000,-36.289564,-36.709177,-36.479486
269.150000,-36.202292,-36.626151,-36.393667
269.200000,-36.113213,-36.541492,-36.306105
269.250000,-36.022214,-36.455100,-36.216689
269.300000,-35.929171,-36.366864,-36.125302
269.350000,-35.833952,-36.276667,-36.031815
269.400000,-35.736411,-36.184380,-35.936090
269.450000,-35.636392,-36.089862,-35.837976
269.500000,-35.533721,-35.992961,-35.737305
269.550000,-35.428210,-35.893509,-35.633897
269.600000,-35.319651,-35.791322,-35.527553
269.650000,-35.207814,-35.686199,-35.418054
269.700000,-35.092449,-35.577917,-35.305157
269.750000,-34.973274,-35.466230,-35.188595
269.800000,-34.849980,-35.350866,-35.068071
269.850000,-34.722220,-35.231520,-34.943253
269.900000,-34.589607,-35.107854,-34.813772
269.950000,-34.451706,-34.979489,-34.679211
270.000000,-34.308028,-34.845998,-34.539104
270.050000,-34.158019,-34.706898,-34.392923
270.100000,-34.001050,-34.561646,-34.240067
270.150000,-33.836404,-34.409619,-34.079854
270.200000,-33.663259,-34.250107,-33.911501
270.250000,-33.480666,-34.082294,-33.734107
270.300000,-33.287529,-33.905236,-33.546629
270.350000,-33.082567,-33.717838,-33.347851
270.400000,-32.864281,-33.518818,-33.136352
270.450000,-32.630901,-33.306669,-32.910456
270.500000,-32.380323,-33.079605,-32.668170
270.550000,-32.110028,-32.835493,-32.407113
270.600000,-31.816972,-32.571767,-32.124410
270.650000,-31.497448,-32.285313,-31.816567
270.700000,-31.146895,-31.972316,-31.479286
270.750000,-30.759646,-31.628052,-31.107239
270.800000,-30.328585,-31.246617,-30.693741
270.850000,-29.844666,-30.820539,-30.230309
270.900000,-29.296257,-30.340254,-29.706052
270.950000,-28.668211,-29.793364,-29.106808
271.000000,-27.940563,-29.163606,-28.413941
271.050000,-27.086698,-28.429394,-27.602648
271.100000,-26.070853,-27.561828,-26.639637
271.150000,-24.844865,-26.522086,-25.480116
271.200000,-23.344585,-25.258438,-24.064426
271.250000,-21.487802,-23.704170,-22.315960
271.300000,-19.179322,-21.780376,-20.145405
271.350000,-16.336072,-19.412977,-17.472898
271.400000,-12.949025,-16.577093,-14.283604
271.450000,-9.170087,-13.364177,-10.707688
271.500000,-5.343595,-10.018914,-7.054428
271.550000,-1.913680,-6.889489,-3.735575
271.600000,0.742472,-4.310039,-1.115866
271.650000,2.435296,-2.495330,0.603517
271.700000,3.160665,-1.514641,1.394347
271.750000,3.021009,-1.331655,1.336805
271.800000,2.152537,-1.856883,0.553287
271.850000,0.688513,-2.982781,-0.828738
271.900000,-1.251057,-4.600198,-2.689994
271.950000,-3.558529,-6.604141,-4.921299
272.000000,-6.135287,-8.895274,-7.422121
272.050000,-8.889263,-11.380394,-10.099149
272.100000,-11.734510,-13.973333,-12.866246
272.150000,-14.593777,-16.597301,-15.646775
272.200000,-17.403650,-19.188730,-18.378068
272.250000,-20.118581,-21.700436,-21.014954
272.300000,-22.709626,-24.101157,-23.528669
272.350000,-25.158644,-26.371421,-25.901594
272.400000,-27.452345,-28.498536,-28.121607
272.450000,-29.579196,-30.473167,-30.178815
272.500000,-31.529307,-32.288127,-32.065002
272.550000,-33.295993,-33.938786,-33.774751
272.600000,-34.877503,-35.424055,-35.306905
272.650000,-36.277811,-36.747032,-36.665331
272.700000,-37.506150,-37.914880,-37.858620
272.750000,-38.575593,-38.937980,-38.898909
272.800000,-39.501313,-39.828721,-39.800366
272.850000,-40.299031,-40.600306,-40.577786
272.900000,-40.983921,-41.265821,-41.245563
272.950000,-41.569979,-41.837620,-41.817069
273.000000,-42.069753,-42.326998,-42.304369
273.050000,-42.494300,-42.744079,-42.718147
273.100000,-42.853274,-43.097816,-43.067770
273.150000,-43.155063,-43.396078,-43.361400
273.200000,-43.406944,-43.645745,-43.606137
273.250000,-43.615232,-43.852830,-43.808150
273.300000,-43.785409,-44.022586,-43.972805
273.350000,-43.922247,-44.159601,-44.104773
273.400000,-44.029902,-44.267889,-44.208128
273.450000,-44.112003,-44.350968,-44.286428
273.500000,-44.171721,-44.411920,-44.342784
273.550000,-44.211836,-44.453454,-44.379923
273.600000,-44.234784,-44.477951,-44.400236
273.650000,-44.242705,-44.487506,-44.405823
273.700000,-44.237480,-44.483966,-44.398532
273.750000,-44.220765,-44.468960,-44.379989
273.800000,-44.194020,-44.443925,-44.351625
273.850000,-44.158529,-44.410130,-44.314702
273.900000,-44.115426,-44.368699,-44.270335
273.950000,-44.065713,-44.320622,-44.219506
274.000000,-44.010273,-44.266778,-44.163082
274.050000,-43.949886,-44.207942,-44.101830
274.100000,-43.885241,-44.144801,-44.036425
274.150000,-43.816948,-44.077962,-43.967466
274.200000,-43.745542,-44.007963,-43.895479
274.250000,-43.671498,-43.935278,-43.820930
274.300000,-43.595235,-43.860328,-43.744229
274.350000,-43.517122,-43.783484,-43.665740
274.400000,-43.437484,-43.705072,-43.585780
274.450000,-43.356607,-43.625382,-43.504630
274.500000,-43.274744,-43.544669,-43.422538
274.550000,-43.192115,-43.463156,-43.339721
274.600000,-43.108915,-43.381040,-43.256368
274.650000,-43.025313,-43.298493,-43.172646
274.700000,-42.941458,-43.215668,-43.088701
274.750000,-42.857479,-43.132694,-43.004658
274.800000,-42.773489,-43.049689,-42.920627
274.850000,-42.689584,-42.966750,-42.836704
274.900000,-42.605848,-42.883964,-42.752971
274.950000,-42.522353,-42.801406,-42.669497
275.000000,-42.439160,-42.719137,-42.586341
275.050000,-42.356322,-42.637214,-42.503556
275.100000,-42.273881,-42.555680,-42.421182
275.150000,-42.191874,-42.474573,-42.339255
275.200000,-42.110329,-42.393925,-42.257803
275.250000,-42.029272,-42.313761,-42.176850
275.300000,-41.948720,-42.234101,-42.096412
275.350000,-41.868687,-42.154960,-42.016504
275.400000,-41.789183,-42.076349,-41.937134
275.450000,-41.710214,-41.998276,-41.858308
275.500000,-41.631784,-41.920745,-41.780028
275.550000,-41.553892,-41.843757,-41.702296
275.600000,-41.476536,-41.767310,-41.625107
275.650000,-41.399712,-41.691402,-41.548457
275.700000,-41.323413,-41.616026,-41.472340
275.750000,-41.247631,-41.541176,-41.396747
275.800000,-41.172357,-41.466842,-41.321669
275.850000,-41.097579,-41.393015,-41.247093
275.900000,-41.023286,-41.319683,-41.173009
275.950000,-40.949464,-41.246833,-41.099403
276.000000,-40.876100,-41.174453,-41.026262
276.050000,-40.803179,-41.102528,-40.953570
276.100000,-40.730686,-41.031044,-40.881312
276.150000,-40.658605,-40.959986,-40.809472
276.200000,-40.586920,-40.889337,-40.738035
276.250000,-40.515613,-40.819082,-40.666983
276.300000,-40.444667,-40.749204,-40.596299
276.350000,-40.374066,-40.679685,-40.525966
276.400000,-40.303791,-40.610509,-40.455966
276.450000,-40.233824,-40.541658,-40.386281
276.500000,-40.164147,-40.473115,-40.316894
276.550000,-40.094742,-40.404861,-40.247785
276.600000,-40.025589,-40.336879,-40.178936
276.650000,-39.956671,-40.269150,-40.110329
276.700000,-39.887968,-40.201656,-40.041945
276.750000,-39.819461,-40.134379,-39.973765
276.800000,-39.751130,-40.067299,-39.905770
276.850000,-39.682958,-40.000399,-39.837941
276.900000,-39.614923,-39.933659,-39.770258
276.950000,-39.547006,-39.867061,-39.702703
277.000000,-39.479189,-39.800584,-39.635255
277.050000,-39.411449,-39.734211,-39.567895
277.100000,-39.343769,-39.667922,-39.500603
277.150000,-39.276126,-39.601697,-39.433359
277.200000,-39.208502,-39.535517,-39.366143
277.250000,-39.140874,-39.469362,-39.298935
277.300000,-39.073223,-39.403212,-39.231714
277.350000,-39.005527,-39.337047,-39.164459
277.400000,-38.937764,-39.270846,-39.097149
277.450000,-38.869912,-39.204588,-39.029763
277.500000,-38.801950,-39.138252,-38.962278
277.550000,-38.733854,-39.071817,-38.894673
277.600000,-38.665602,-39.005262,-38.826925
277.650000,-38.597170,-38.938562,-38.759010
277.700000,-38.528534,-38.871697,-38.690905
277.750000,-38.459668,-38.804643,-38.622587
277.800000,-38.390549,-38.737376,-38.554029
277.850000,-38.321149,-38.669871,-38.485208
277.900000,-38.251443,-38.602105,-38.416096
277.950000,-38.181403,-38.534050,-38.346668
278.000000,-38.111001,-38.465682,-38.276896
278.050000,-38.040207,-38.396973,-38.206751
278.100000,-37.968992,-38.327894,-38.136203
278.150000,-37.897324,-38.258417,-38.065224
278.200000,-37.825170,-38.188513,-37.993780
278.250000,-37.752498,-38.118149,-37.921840
278.300000,-37.679272,-38.047293,-37.849368
278.350000,-37.605456,-37.975913,-37.776331
278.400000,-37.531010,-37.903972,-37.702689
278.450000,-37.455896,-37.831433,-37.628406
278.500000,-37.380071,-37.758260,-37.553439
278.550000,-37.303491,-37.684411,-37.477746
278.600000,-37.226110,-37.609843,-37.401283
278.650000,-37.147880,-37.534514,-37.324002
278.700000,-37.068749,-37.458375,-37.245854
278.750000,-36.988663,-37.381379,-37.166786
278.800000,-36.907564,-37.303471,-37.086742
278.850000,-36.825391,-37.224599,-37.005665
278.900000,-36.742081,-37.144702,-36.923491
278.950000,-36.657564,-37.063719,-36.840154
279.000000,-36.571768,-36.981585,-36.755584
279.050000,-36.484613,-36.898227,-36.669704
279.100000,-36.396016,-36.813572,-36.582434
279.150000,-36.305887,-36.727538,-36.493688
279.200000,-36.214131,-36.640039,-36.403373
279.250000,-36.120643,-36.550983,-36.311389
279.300000,-36.025312,-36.460268,-36.217628
279.350000,-35.928017,-36.367788,-36.121975
279.400000,-35.828627,-36.273426,-36.024302
279.450000,-35.727000,-36.177056,-35.924475
279.500000,-35.622983,-36.078539,-35.822345
279.550000,-35.516406,-35.977728,-35.717749
279.600000,-35.407086,-35.874458,-35.610513
279.650000,-35.294822,-35.768553,-35.500442
279.700000,-35.179392,-35.659815,-35.387324
279.750000,-35.060554,-35.548031,-35.270926
279.800000,-34.938037,-35.432964,-35.150991
279.850000,-34.811543,-35.314351,-35.027232
279.900000,-34.680741,-35.191901,-34.899333
279.950000,-34.545262,-35.065291,-34.766940
280.000000,-34.404691,-34.934159,-34.629657
280.050000,-34.258564,-34.798099,-34.487040
280.100000,-34.106357,-34.656656,-34.338591
280.150000,-33.947476,-34.509315,-34.183743
280.200000,-33.781248,-34.355490,-34.021854
280.250000,-33.606903,-34.194517,-33.852190
280.300000,-33.423557,-34.025633,-33.673911
280.350000,-33.230189,-33.847960,-33.486048
280.400000,-33.025618,-33.660484,-33.287476
280.450000,-32.808463,-33.462024,-33.076887
280.500000,-32.577104,-33.251197,-32.852744
280.550000,-32.329626,-33.026375,-32.613235
280.600000,-32.063749,-32.785625,-32.356202
280.650000,-31.776740,-32.526637,-32.079062
280.700000,-31.465290,-32.246626,-31.778693
280.750000,-31.125364,-31.942207,-31.451292
280.800000,-30.751994,-31.609228,-31.092181
280.850000,-30.338999,-31.242544,-30.695548
280.900000,-29.878608,-30.835717,-30.254099
280.950000,-29.360949,-30.380600,-29.758578
281.000000,-28.773331,-29.866765,-29.197106
281.050000,-28.099263,-29.280724,-28.554269
281.100000,-27.317097,-28.604840,-27.809861
281.150000,-26.398183,-27.815862,-26.937175
281.200000,-25.304497,-26.883006,-25.900798
281.250000,-23.985894,-25.765697,-24.654042
281.300000,-22.377972,-24.411626,-23.136876
281.350000,-20.403493,-22.757196,-21.277001
281.400000,-17.984612,-20.735602,-19.000554
281.450000,-15.078247,-18.301797,-16.263723
281.500000,-11.740380,-15.480341,-13.111168
281.550000,-8.184685,-12.415106,-9.731781
281.600000,-4.763421,-9.369502,-6.447117
281.650000,-1.855836,-6.655885,-3.614653
281.700000,0.263235,-4.535144,-1.506767
281.750000,1.485939,-3.151737,-0.246061
281.800000,1.842414,-2.533862,0.176848
281.850000,1.434428,-2.632321,-0.153254
281.900000,0.384170,-3.360309,-1.124020
281.950000,-1.189778,-4.618350,-2.620694
282.000000,-3.178826,-6.305951,-4.534936
282.050000,-5.483602,-8.325975,-6.766176
282.100000,-8.011816,-10.586161,-9.220887
282.150000,-10.677196,-13.000117,-11.812222
282.200000,-13.400694,-15.489108,-14.461315
282.250000,-16.114282,-17.985179,-17.100672
282.300000,-18.765344,-20.434601,-19.678040
282.350000,-21.317841,-22.799135,-22.157468
282.400000,-23.748784,-25.053767,-24.516156
282.450000,-26.042652,-27.182380,-26.739270
282.500000,-28.187155,-29.173798,-28.815764
282.550000,-30.171649,-31.019559,-30.736515
282.600000,-31.987661,-32.713431,-32.494452
282.650000,-33.630334,-34.251964,-34.085659
282.700000,-35.099633,-35.635239,-35.510437
282.750000,-36.400636,-36.867177,-36.773617
282.800000,-37.542815,-37.955200,-37.884019
282.850000,-38.538674,-38.909349,-38.853293
282.900000,-39.402255,-39.741213,-39.694600
282.950000,-40.147872,-40.462923,-40.421455
283.000000,-40.789244,-41.086397,-41.046911
283.050000,-41.339009,-41.622850,-41.583065
283.100000,-41.808512,-42.082542,-42.040845
283.150000,-42.207788,-42.474683,-42.429960
283.200000,-42.545635,-42.807451,-42.758953
283.250000,-42.829731,-43.088056,-43.035301
283.300000,-43.066767,-43.322831,-43.265534
283.350000,-43.262573,-43.517332,-43.455351
283.400000,-43.422232,-43.676426,-43.609725
283.450000,-43.550181,-43.804385,-43.733005
283.500000,-43.650301,-43.904956,-43.828995
283.550000,-43.725991,-43.981434,-43.901026
283.600000,-43.780229,-44.036713,-43.952022
283.650000,-43.815634,-44.073345,-43.984553
283.700000,-43.834506,-44.093579,-44.000876
283.750000,-43.838872,-44.099399,-44.002982
283.800000,-43.830518,-44.092556,-43.992623
283.850000,-43.811018,-44.074600,-43.971347
283.900000,-43.781764,-44.046901,-43.940518
283.950000,-43.743983,-44.010671,-43.901343
284.000000,-43.698762,-43.966986,-43.854889
284.050000,-43.647061,-43.916796,-43.802099
284.100000,-43.589728,-43.860944,-43.743807
284.150000,-43.527516,-43.800177,-43.680750
284.200000,-43.461090,-43.735158,-43.613582
284.250000,-43.391038,-43.666473,-43.542879
284.300000,-43.317879,-43.594643,-43.469155
284.350000,-43.242076,-43.520128,-43.392859
284.400000,-43.164033,-43.443337,-43.314391
284.450000,-43.084112,-43.364630,-43.234105
284.500000,-43.002628,-43.284327,-43.152311
284.550000,-42.919863,-43.202709,-43.069284
284.600000,-42.836062,-43.120026,-42.985266
284.650000,-42.751444,-43.036497,-42.900471
284.700000,-42.666197,-42.952315,-42.815083
284.750000,-42.580490,-42.867650,-42.729269
284.800000,-42.494468,-42.782650,-42.643170
284.850000,-42.408260,-42.697446,-42.556911
284.900000,-42.321976,-42.612151,-42.470602
284.950000,-42.235712,-42.526863,-42.384336
285.000000,-42.149553,-42.441668,-42.298195
285.050000,-42.063568,-42.356640,-42.212249
285.100000,-41.977820,-42.271841,-42.126557
285.150000,-41.892359,-42.187325,-42.041169
285.200000,-41.807230,-42.103138,-41.956128
285.250000,-41.722468,-42.019317,-41.871470
285.300000,-41.638103,-41.935893,-41.787221
285.350000,-41.554159,-41.852891,-41.703406
285.400000,-41.470653,-41.770332,-41.620041
285.450000,-41.387600,-41.688230,-41.537141
285.500000,-41.305009,-41.606596,-41.454714
285.550000,-41.222887,-41.525438,-41.372765
285.600000,-41.141235,-41.444759,-41.291297
285.650000,-41.060054,-41.364561,-41.210310
285.700000,-40.979341,-41.284842,-41.129800
285.750000,-40.899090,-41.205597,-41.049762
285.800000,-40.819296,-41.126820,-40.970189
285.850000,-40.739949,-41.048505,-40.891072
285.900000,-40.661038,-40.970640,-40.812401
285.950000,-40.582552,-40.893216,-40.734163
286.000000,-40.504478,-40.816219,-40.656345
286.050000,-40.426801,-40.739637,-40.578933
286.100000,-40.349506,-40.663455,-40.501912
286.150000,-40.272578,-40.587657,-40.425266
286.200000,-40.195998,-40.512229,-40.348978
286.250000,-40.119751,-40.437152,-40.273031
286.300000,-40.043816,-40.362409,-40.197405
286.350000,-39.968176,-40.287982,-40.122083
286.400000,-39.892810,-40.213853,-40.047045
286.450000,-39.817700,-40.140002,-39.972272
286.500000,-39.742825,-40.066410,-39.897743
286.550000,-39.668163,-39.993057,-39.823437
286.600000,-39.593694,-39.919922,-39.749335
286.650000,-39.519397,-39.846985,-39.675414
286.700000,-39.445248,-39.774226,-39.601652
286.750000,-39.371227,-39.701622,-39.528029
286.800000,-39.297311,-39.629151,-39.454522
286.850000,-39.223476,-39.556793,-39.381107
286.900000,-39.149699,-39.484525,-39.307762
286.950000,-39.075957,-39.412323,-39.234465
287.000000,-39.002225,-39.340166,-39.161190
287.050000,-38.928479,-39.268030,-39.087914
287.100000,-38.854694,-39.195890,-39.014613
287.150000,-38.780845,-39.123723,-38.941261
287.200000,-38.706905,-39.051505,-38.867833
287.250000,-38.632848,-38.979209,-38.794302
287.300000,-38.558647,-38.906811,-38.720642
287.350000,-38.484274,-38.834284,-38.646827
287.400000,-38.409700,-38.761602,-38.572827
287.450000,-38.334897,-38.688737,-38.498615
287.500000,-38.259834,-38.615660,-38.424162
287.550000,-38.184481,-38.542344,-38.349436
287.600000,-38.108806,-38.468758,-38.274408
287.650000,-38.032776,-38.394873,-38.199046
287.700000,-37.956358,-38.320656,-38.123315
287.750000,-37.879517,-38.246075,-38.047184
287.800000,-37.802216,-38.171097,-37.970616
287.850000,-37.724419,-38.095686,-37.893574
287.900000,-37.646085,-38.019808,-37.816021
287.950000,-37.567174,-37.943423,-37.737917
288.000000,-37.487643,-37.866494,-37.659221
288.050000,-37.407449,-37.788979,-37.579890
288.100000,-37.326544,-37.710834,-37.499877
288.150000,-37.244880,-37.632017,-37.419136
288.200000,-37.162405,-37.552479,-37.337618
288.250000,-37.079065,-37.472172,-37.255269
288.300000,-36.994804,-37.391044,-37.172036
288.350000,-36.909561,-37.309039,-37.087858
288.400000,-36.823273,-37.226101,-37.002677
288.450000,-36.735873,-37.142168,-36.916425
288.500000,-36.647289,-37.057176,-36.829034
288.550000,-36.557444,-36.971055,-36.740430
288.600000,-36.466257,-36.883732,-36.650535
288.650000,-36.373642,-36.795129,-36.559264
288.700000,-36.279506,-36.705162,-36.466529
288.750000,-36.183748,-36.613743,-36.372234
288.800000,-36.086262,-36.520774,-36.276274
288.850000,-35.986932,-36.426153,-36.178539
288.900000,-35.885634,-36.329768,-36.078908
288.950000,-35.782232,-36.231498,-35.977253
289.000000,-35.676580,-36.131214,-35.873432
289.050000,-35.568521,-36.028774,-35.767292
289.100000,-35.457879,-35.924024,-35.658668
289.150000,-35.344466,-35.816797,-35.547378
289.200000,-35.228075,-35.706909,-35.433222
289.250000,-35.108479,-35.594159,-35.315983
289.300000,-34.985427,-35.478327,-35.195421
289.350000,-34.858642,-35.359169,-35.071271
289.400000,-34.727818,-35.236415,-34.943240
289.450000,-34.592615,-35.109767,-34.811001
289.500000,-34.452652,-34.978892,-34.674191
289.550000,-34.307504,-34.843420,-34.532405
289.600000,-34.156695,-34.702933,-34.385187
289.650000,-33.999686,-34.556964,-34.232023
289.700000,-33.835868,-34.404983,-34.072332
289.750000,-33.664550,-34.246392,-33.905456
289.800000,-33.484939,-34.080506,-33.730641
289.850000,-33.296129,-33.906544,-33.547024
289.900000,-33.097071,-33.723604,-33.353609
289.950000,-32.886552,-33.530644,-33.149242
290.000000,-32.663154,-33.326454,-32.932580
290.050000,-32.425214,-33.109613,-32.702045
290.100000,-32.170766,-32.878451,-32.455776
290.150000,-31.897468,-32.630984,-32.191560
290.200000,-31.602515,-32.364843,-31.906744
290.250000,-31.282514,-32.077170,-31.598126
290.300000,-30.933326,-31.764497,-31.261807
290.350000,-30.549861,-31.422570,-30.892994
290.400000,-30.125791,-31.046125,-30.485739
290.450000,-29.653174,-30.628579,-30.032586
290.500000,-29.121936,-30.161620,-29.524090
290.550000,-28.519163,-29.634636,-28.948163
290.600000,-27.828132,-29.033942,-28.289171
290.650000,-27.026997,-28.341727,-27.526720
290.700000,-26.087050,-27.534664,-26.634039
290.750000,-24.970565,-26.582151,-25.575973
290.800000,-23.628530,-25.444410,-24.306844
290.850000,-21.999439,-24.071231,-22.769234
290.900000,-20.012401,-22.403695,-20.896586
290.950000,-17.601687,-20.384069,-18.626067
291.000000,-14.743160,-17.981912,-15.931265
291.050000,-11.512946,-15.238548,-12.875841
291.100000,-8.131012,-12.306250,-9.655870
291.150000,-4.930324,-9.438407,-6.577027
291.200000,-2.251661,-6.920545,-3.962397
291.250000,-0.332663,-4.983134,-2.049280
291.300000,0.738346,-3.750050,-0.940013
291.350000,0.993198,-3.242164,-0.621291
291.400000,0.526553,-3.411740,-1.013427
291.450000,-0.547905,-4.176888,-2.011462
291.500000,-2.118499,-5.443454,-3.507208
291.550000,-4.081640,-7.115657,-5.397447
291.600000,-6.341635,-9.100393,-7.585601
291.650000,-8.809244,-11.308990,-9.981519
291.700000,-11.401283,-13.658551,-12.501663
291.750000,-14.042414,-16.074103,-15.070918
291.800000,-16.669013,-18.491801,-17.626064
291.850000,-19.232755,-20.861881,-20.118974
291.900000,-21.700718,-23.149156,-22.516729
291.950000,-24.051516,-25.330415,-24.798149
292.000000,-26.270239,-27.390363,-26.949031
292.050000,-28.344891,-29.318166,-28.958587
292.100000,-30.265206,-31.105601,-30.817972
292.150000,-32.023220,-32.746712,-32.520495
292.200000,-33.614553,-34.238316,-34.062618
292.250000,-35.039415,-35.580631,-35.444825
292.300000,-36.302778,-36.777495,-36.671845
292.350000,-37.413661,-37.835991,-37.752085
292.400000,-38.383878,-38.765635,-38.696570
292.450000,-39.226667,-39.577382,-39.517722
292.500000,-39.955542,-40.282704,-40.228313
292.550000,-40.583492,-40.892898,-40.840709
292.600000,-41.122524,-41.418625,-41.366411
292.650000,-41.583460,-41.869672,-41.815843
292.700000,-41.975907,-42.254856,-42.198302
292.750000,-42.308316,-42.582029,-42.521996
292.800000,-42.588087,-42.858136,-42.794129
292.850000,-42.821686,-43.089295,-43.021014
292.900000,-43.014761,-43.280884,-43.208172
292.950000,-43.172248,-43.437629,-43.360432
293.000000,-43.298465,-43.563684,-43.482025
293.050000,-43.397196,-43.662701,-43.576661
293.100000,-43.471759,-43.737896,-43.647594
293.150000,-43.525069,-43.792099,-43.697684
293.200000,-43.559691,-43.827811,-43.729449
293.250000,-43.577884,-43.847236,-43.745105
293.300000,-43.581638,-43.852323,-43.746608
293.350000,-43.572710,-43.844796,-43.735682
293.400000,-43.552653,-43.826181,-43.713852
293.450000,-43.522839,-43.797828,-43.682466
293.500000,-43.484480,-43.760935,-43.642715
293.550000,-43.438651,-43.716564,-43.595654
293.600000,-43.386302,-43.665657,-43.542216
293.650000,-43.328277,-43.609048,-43.483230
293.700000,-43.265320,-43.547479,-43.419427
293.750000,-43.198092,-43.481607,-43.351457
293.800000,-43.127178,-43.412017,-43.279894
293.850000,-43.053098,-43.339226,-43.205247
293.900000,-42.976309,-43.263693,-43.127966
293.950000,-42.897218,-43.185825,-43.048451
294.000000,-42.816184,-43.105982,-42.967054
294.050000,-42.733525,-43.024484,-42.884087
294.100000,-42.649521,-42.941614,-42.799825
294.150000,-42.564419,-42.857619,-42.714510
294.200000,-42.478438,-42.772721,-42.628355
294.250000,-42.391767,-42.687114,-42.541550
294.300000,-42.304577,-42.600968,-42.454258
294.350000,-42.217014,-42.514432,-42.366625
294.400000,-42.129207,-42.427638,-42.278775
294.450000,-42.041267,-42.340700,-42.190820
294.500000,-41.953294,-42.253718,-42.102854
294.550000,-41.865369,-42.166779,-42.014960
294.600000,-41.777567,-42.079956,-41.927208
294.650000,-41.689949,-41.993314,-41.839659
294.700000,-41.602568,-41.906907,-41.752365
294.750000,-41.515467,-41.820781,-41.665367
294.800000,-41.428683,-41.734974,-41.578703
294.850000,-41.342246,-41.649517,-41.492400
294.900000,-41.256180,-41.564438,-41.406482
294.950000,-41.170504,-41.479755,-41.320966
295.000000,-41.085231,-41.395483,-41.235868
295.050000,-41.000372,-41.311635,-41.151194
295.100000,-40.915932,-41.228217,-41.066952
295.150000,-40.831914,-41.145234,-40.983142
295.200000,-40.748317,-41.062685,-40.899766
295.250000,-40.665139,-40.980569,-40.816818
295.300000,-40.582373,-40.898881,-40.734295
295.350000,-40.500013,-40.817616,-40.652186
295.400000,-40.418049,-40.736764,-40.570484
295.450000,-40.336469,-40.656315,-40.489177
295.500000,-40.255261,-40.576258,-40.408252
295.550000,-40.174410,-40.496579,-40.327694
295.600000,-40.093901,-40.417264,-40.247489
295.650000,-40.013718,-40.338297,-40.167620
295.700000,-39.933843,-40.259662,-40.088070
295.750000,-39.854257,-40.181341,-40.008819
295.800000,-39.774942,-40.103316,-39.929849
295.850000,-39.695876,-40.025567,-39.851141
295.900000,-39.617040,-39.948074,-39.772672
295.950000,-39.538411,-39.870818,-39.694423
296.000000,-39.459968,-39.793777,-39.616370
296.050000,-39.381688,-39.716930,-39.538492
296.100000,-39.303547,-39.640253,-39.460766
296.150000,-39.225521,-39.563725,-39.383168
296.200000,-39.147587,-39.487322,-39.305674
296.250000,-39.069719,-39.411021,-39.228260
296.300000,-38.991892,-39.334797,-39.150900
296.350000,-38.914080,-39.258625,-39.073569
296.400000,-38.836255,-39.182480,-38.996240
296.450000,-38.758391,-39.106336,-38.918887
296.500000,-38.680460,-39.030167,-38.841482
296.550000,-38.602433,-38.953946,-38.763997
296.600000,-38.524280,-38.877644,-38.686403
296.650000,-38.445971,-38.801233,-38.608671
296.700000,-38.367476,-38.724685,-38.530770
296.750000,-38.288763,-38.647969,-38.452669
296.800000,-38.209799,-38.571056,-38.374337
296.850000,-38.130551,-38.493912,-38.295740
296.900000,-38.050983,-38.416507,-38.216845
296.950000,-37.971061,-38.338807,-38.137617
297.000000,-37.890746,-38.260777,-38.058020
297.050000,-37.810001,-38.182381,-37.978016
297.100000,-37.728786,-38.103583,-37.897566
297.150000,-37.647060,-38.024345,-37.816631
297.200000,-37.564779,-37.944626,-37.735168
297.250000,-37.481898,-37.864385,-37.653133
297.300000,-37.398370,-37.783579,-37.570482
297.350000,-37.314147,-37.702163,-37.487165
297.400000,-37.229176,-37.620090,-37.403134
297.450000,-37.143404,-37.537309,-37.318335
297.500000,-37.056774,-37.453769,-37.232713
297.550000,-36.969225,-37.369416,-37.146212
297.600000,-36.880694,-37.284191,-37.058768
297.650000,-36.791115,-37.198034,-36.970318
297.700000,-36.700417,-37.110880,-36.880792
297.750000,-36.608523,-37.022662,-36.790118
297.800000,-36.515355,-36.933307,-36.698219
297.850000,-36.420826,-36.842737,-36.605012
297.900000,-36.324845,-36.750871,-36.510409
297.950000,-36.227314,-36.657620,-36.414315
298.000000,-36.128129,-36.562891,-36.316629
298.050000,-36.027176,-36.466581,-36.217243
298.100000,-35.924335,-36.368583,-36.116040
298.150000,-35.819473,-36.268779,-36.012893
298.200000,-35.712449,-36.167043,-35.907666
298.250000,-35.603109,-36.063236,-35.800211
298.300000,-35.491284,-35.957211,-35.690366
298.350000,-35.376794,-35.848806,-35.577956
298.400000,-35.259437,-35.737842,-35.462790
298.450000,-35.138995,-35.624128,-35.344658
298.500000,-35.015228,-35.507450,-35.223329
298.550000,-34.887871,-35.387575,-35.098550
298.600000,-34.756631,-35.264246,-34.970040
298.650000,-34.621183,-35.137177,-34.837488
298.700000,-34.481164,-35.006052,-34.700547
298.750000,-34.336173,-34.870516,-34.558834
298.800000,-34.185756,-34.730176,-34.411914
298.850000,-34.029405,-34.584589,-34.259304
298.900000,-33.866547,-34.433256,-34.100456
298.950000,-33.696529,-34.275612,-33.934749
299.000000,-33.518611,-34.111016,-33.761477
299.050000,-33.331945,-33.938735,-33.579834
299.100000,-33.135555,-33.757931,-33.388890
299.150000,-32.928314,-33.567633,-33.187576
299.200000,-32.708909,-33.366721,-32.974647
299.250000,-32.475810,-33.153884,-32.748649
299.300000,-32.227212,-32.927587,-32.507874
299.350000,-31.960977,-32.686015,-32.250298
299.400000,-31.674555,-32.427011,-31.973511
299.450000,-31.364879,-32.147987,-31.674616
299.500000,-31.028228,-31.845818,-31.350104
299.550000,-30.660053,-31.516696,-30.995690
299.600000,-30.254741,-31.155938,-30.606091
299.650000,-29.805290,-30.757730,-30.174732
299.700000,-29.302893,-30.314782,-29.693346
299.750000,-28.736344,-29.817866,-29.151437
299.800000,-28.091258,-29.255172,-28.535542
299.850000,-27.348989,-28.611463,-27.828240
299.900000,-26.485216,-27.866922,-27.006830
299.950000,-25.468133,-26.995697,-26.041652
300.000000,-24.256399,-25.964209,-24.894168
300.050000,-22.797503,-24.729660,-23.515380
300.100000,-21.028458,-23.240138,-21.846309
300.150000,-18.883462,-21.439628,-19.824704
300.200000,-16.316855,-19.284186,-17.405537
300.250000,-13.348422,-16.775326,-14.602046
300.300000,-10.116673,-14.002781,-11.535409
300.350000,-6.889946,-11.162376,-8.448709
300.400000,-4.000053,-8.518394,-5.651169
300.450000,-1.733945,-6.325808,-3.420424
300.500000,-0.253905,-4.760284,-1.925316
300.550000,0.411142,-3.894042,-1.210777
300.600000,0.322097,-3.715010,-1.232352
300.650000,-0.420147,-4.160812,-1.900758
300.700000,-1.706120,-5.146183,-3.112539
300.750000,-3.430834,-6.578722,-4.764668
300.800000,-5.496702,-8.366169,-6.759392
300.850000,-7.812860,-10.419440,-9.005040
300.900000,-10.294372,-12.654220,-11.416114
300.950000,-12.863003,-14.992745,-13.914354
301.000000,-15.450144,-17.366545,-16.431463
301.050000,-18.000687,-19.719641,-18.912585
301.100000,-20.474905,-22.010320,-21.318013
301.150000,-22.846404,-24.210012,-23.621376
301.200000,-25.097515,-26.299861,-25.805405
301.250000,-27.214999,-28.266973,-27.857779
301.300000,-29.187750,-30.101821,-29.768681
301.350000,-31.006536,-31.797195,-31.530215
301.400000,-32.664939,-33.348303,-33.137020
301.450000,-34.160505,-34.753347,-34.587218
301.500000,-35.495368,-36.013971,-35.882984
301.550000,-36.676015,-37.135208,-37.030412
301.600000,-37.712352,-38.124927,-38.038739
301.650000,-38.616426,-38.992948,-38.919236
301.700000,-39.401191,-39.750116,-39.684102
301.750000,-40.079546,-40.407495,-40.345567
301.800000,-40.663703,-40.975802,-40.915291
301.850000,-41.164852,-41.465049,-41.404020
301.900000,-41.593037,-41.884372,-41.821447
301.950000,-41.957158,-42.241980,-42.176199
302.000000,-42.265042,-42.545174,-42.475886
302.050000,-42.523551,-42.800412,-42.727196
302.100000,-42.738688,-43.013388,-42.935994
302.150000,-42.915708,-43.189114,-43.107416
302.200000,-43.059209,-43.332000,-43.245967
302.250000,-43.173223,-43.445929,-43.355597
302.300000,-43.261287,-43.534319,-43.439775
302.350000,-43.326511,-43.600185,-43.501550
302.400000,-43.371629,-43.646187,-43.543607
302.450000,-43.399051,-43.674672,-43.568310
302.500000,-43.410902,-43.687717,-43.577746
302.550000,-43.409057,-43.687160,-43.573756
302.600000,-43.395173,-43.674627,-43.557969
302.650000,-43.370717,-43.651559,-43.531823
302.700000,-43.336986,-43.619235,-43.496594
302.750000,-43.295127,-43.578788,-43.453408
302.800000,-43.246159,-43.531225,-43.403265
302.850000,-43.190981,-43.477437,-43.347051
302.900000,-43.130395,-43.418219,-43.285551
302.950000,-43.065107,-43.354274,-43.219459
303.000000,-42.995746,-43.286227,-43.149393
303.050000,-42.922869,-43.214634,-43.075900
303.100000,-42.846968,-43.139988,-42.999463
303.150000,-42.768480,-43.062725,-42.920512
303.200000,-42.687793,-42.983233,-42.839427
303.250000,-42.605249,-42.901856,-42.756544
303.300000,-42.521150,-42.818899,-42.672159
303.350000,-42.435763,-42.734630,-42.586535
303.400000,-42.349326,-42.649288,-42.499904
303.450000,-42.262044,-42.563082,-42.412469
303.500000,-42.174102,-42.476198,-42.324410
303.550000,-42.085659,-42.388798,-42.235883
303.600000,-41.996856,-42.301025,-42.147028
303.650000,-41.907816,-42.213004,-42.057963
303.700000,-41.818646,-42.124845,-41.968794
303.750000,-41.729438,-42.036642,-41.879611
303.800000,-41.640272,-41.948477,-41.790492
303.850000,-41.551218,-41.860420,-41.701505
303.900000,-41.462333,-41.772533,-41.612707
303.950000,-41.373666,-41.684867,-41.524146
304.000000,-41.285260,-41.597464,-41.435862
304.050000,-41.197149,-41.510361,-41.347888
304.100000,-41.109359,-41.423587,-41.260252
304.150000,-41.021913,-41.337166,-41.172974
304.200000,-40.934828,-41.251115,-41.086071
304.250000,-40.848116,-41.165449,-40.999554
304.300000,-40.761785,-41.080177,-40.913431
304.350000,-40.675839,-40.995304,-40.827706
304.400000,-40.590280,-40.910833,-40.742379
304.450000,-40.505106,-40.826764,-40.657450
304.500000,-40.420311,-40.743092,-40.572912
304.550000,-40.335890,-40.659813,-40.488759
304.600000,-40.251832,-40.576918,-40.404981
304.650000,-40.168128,-40.494398,-40.321568
304.700000,-40.084764,-40.412241,-40.238507
304.750000,-40.001726,-40.330433,-40.155784
304.800000,-39.918999,-40.248961,-40.073382
304.850000,-39.836565,-40.167808,-39.991286
304.900000,-39.754406,-40.086957,-39.909477
304.950000,-39.672503,-40.006390,-39.827935
305.000000,-39.590836,-39.926087,-39.746641
305.050000,-39.509383,-39.846030,-39.665574
305.100000,-39.428123,-39.766196,-39.584713
305.150000,-39.347032,-39.686565,-39.504033
305.200000,-39.266088,-39.607113,-39.423513
305.250000,-39.185265,-39.527818,-39.343128
305.300000,-39.104539,-39.448656,-39.262854
305.350000,-39.023884,-39.369603,-39.182665
305.400000,-38.943273,-39.290633,-39.102535
305.450000,-38.862679,-39.211721,-39.022437
305.500000,-38.782075,-39.132839,-38.942345
305.550000,-38.701430,-39.053962,-38.862228
305.600000,-38.620717,-38.975061,-38.782059
305.650000,-38.539904,-38.896107,-38.701808
305.700000,-38.458961,-38.817071,-38.621444
305.750000,-38.377855,-38.737923,-38.540936
305.800000,-38.296553,-38.658632,-38.460251
305.850000,-38.215021,-38.579166,-38.379357
305.900000,-38.133225,-38.499493,-38.298219
305.950000,-38.051129,-38.419579,-38.216801
306.000000,-37.968694,-38.339388,-38.135069
306.050000,-37.885883,-38.258886,-38.052983
306.100000,-37.802655,-38.178034,-37.970505
306.150000,-37.718969,-38.096794,-37.887595
306.200000,-37.634782,-38.015127,-37.804209
306.250000,-37.550049,-37.932991,-37.720306
306.300000,-37.464722,-37.850342,-37.635838
306.350000,-37.378753,-37.767136,-37.550759
306.400000,-37.292090,-37.683324,-37.465017
306.450000,-37.204679,-37.598858,-37.378562
306.500000,-37.116465,-37.513686,-37.291338
306.550000,-37.027386,-37.427754,-37.203287
306.600000,-36.937382,-37.341004,-37.114350
306.650000,-36.846385,-37.253377,-37.024461
306.700000,-36.754326,-37.164809,-36.933554
306.750000,-36.661131,-37.075232,-36.841556
306.800000,-36.566721,-36.984575,-36.748391
306.850000,-36.471011,-36.892763,-36.653979
306.900000,-36.373913,-36.799715,-36.558233
306.950000,-36.275331,-36.705344,-36.461061
307.000000,-36.175162,-36.609559,-36.362363
307.050000,-36.073297,-36.512260,-36.262035
307.100000,-35.969617,-36.413343,-36.159962
307.150000,-35.863995,-36.312693,-36.056022
307.200000,-35.756293,-36.210187,-35.950082
307.250000,-35.646363,-36.105692,-35.841998
307.300000,-35.534042,-35.999064,-35.731616
307.350000,-35.419154,-35.890147,-35.618765
307.400000,-35.301508,-35.778770,-35.503262
307.450000,-35.180891,-35.664748,-35.384904
307.500000,-35.057076,-35.547875,-35.263471
307.550000,-34.929806,-35.427929,-35.138720
307.600000,-34.798803,-35.304663,-35.010381
307.650000,-34.663757,-35.177805,-34.878160
307.700000,-34.524322,-35.047052,-34.741725
307.750000,-34.380117,-34.912070,-34.600711
307.800000,-34.230712,-34.772482,-34.454707
307.850000,-34.075627,-34.627871,-34.303256
307.900000,-33.914318,-34.477764,-34.145839
307.950000,-33.746175,-34.321630,-33.981873
308.000000,-33.570501,-34.158866,-33.810695
308.050000,-33.386502,-33.988786,-33.631549
308.100000,-33.193266,-33.810604,-33.443567
308.150000,-32.989745,-33.623418,-33.245754
308.200000,-32.774723,-33.426186,-33.036953
308.250000,-32.546782,-33.217694,-32.815821
308.300000,-32.304261,-32.996528,-32.580782
308.350000,-32.045200,-32.761019,-32.329982
308.400000,-31.767269,-32.509193,-32.061215
308.450000,-31.467678,-32.238695,-31.771847
308.500000,-31.143064,-31.946692,-31.458702
308.550000,-30.789332,-31.629749,-31.117921
308.600000,-30.401459,-31.283669,-30.744775
308.650000,-29.973221,-30.903270,-30.333412
308.700000,-29.496834,-30.482097,-29.876522
308.750000,-28.962467,-30.012031,-29.364887
308.800000,-28.357578,-29.482756,-28.786763
308.850000,-27.666030,-28.881048,-28.127057
308.900000,-26.866892,-28.189816,-27.366220
308.950000,-25.932903,-27.386864,-26.478813
309.000000,-24.828633,-26.443384,-25.431797
309.050000,-23.508687,-25.322416,-24.182825
309.100000,-21.917107,-23.978085,-22.679587
309.150000,-19.990930,-22.357739,-20.862860
309.200000,-17.674032,-20.411489,-18.678789
309.250000,-14.949572,-18.115644,-16.108092
309.300000,-11.890311,-15.511129,-13.212175
309.350000,-8.695454,-12.736854,-10.169026
309.400000,-5.664881,-10.021690,-7.254206
309.450000,-3.109368,-7.625676,-4.762194
309.500000,-1.253630,-5.764122,-2.916320
309.550000,-0.191441,-4.559710,-1.821880
309.600000,0.094824,-4.041154,-1.477586
309.650000,-0.313949,-4.170921,-1.816472
309.700000,-1.313888,-4.875963,-2.743301
309.750000,-2.799493,-6.068761,-4.156438
309.800000,-4.671078,-7.658395,-5.957052
309.850000,-6.835726,-9.555469,-8.051750
309.900000,-9.206551,-11.674353,-10.352995
309.950000,-11.702717,-13.934852,-12.779695
310.000000,-14.251354,-16.264496,-15.259153
310.050000,-16.791139,-18.601621,-17.730326
310.100000,-19.275354,-20.897995,-20.146585
310.150000,-21.671732,-23.119134,-22.475617
310.200000,-23.958897,-25.241880,-24.696202
310.250000,-26.121775,-27.250709,-26.793899
310.300000,-28.148322,-29.134554,-28.757763
310.350000,-30.028330,-30.885034,-30.578896
310.400000,-31.753820,-32.496029,-32.250524
310.450000,-33.320137,-33.964058,-33.768815
310.500000,-34.726865,-35.288823,-35.133673
310.550000,-35.978043,-36.473425,-36.348972
310.600000,-37.081593,-37.524074,-37.422115
310.650000,-38.048225,-38.449380,-38.363103
310.700000,-38.890188,-39.259455,-39.183432
310.750000,-39.620182,-39.965051,-39.895102
310.800000,-40.250561,-40.576880,-40.509866
310.850000,-40.792861,-41.105153,-41.038767
310.900000,-41.257561,-41.559317,-41.491894
310.950000,-41.654022,-41.947941,-41.878299
311.000000,-41.990522,-42.278696,-42.206018
311.050000,-42.274340,-42.558399,-42.482135
311.100000,-42.511854,-42.793072,-42.712875
311.150000,-42.708656,-42.988031,-42.903700
311.200000,-42.869642,-43.147957,-43.059402
311.250000,-42.999103,-43.276971,-43.184187
311.300000,-43.100809,-43.378709,-43.281746
311.350000,-43.178070,-43.456373,-43.355328
311.400000,-43.233799,-43.512791,-43.407790
311.450000,-43.270562,-43.550460,-43.441651
311.500000,-43.290622,-43.571589,-43.459133
311.550000,-43.295977,-43.578131,-43.462198
311.600000,-43.288394,-43.571818,-43.452580
311.650000,-43.269432,-43.554181,-43.431812
311.700000,-43.240475,-43.526583,-43.401253
311.750000,-43.202747,-43.490229,-43.362103
311.800000,-43.157331,-43.446190,-43.315430
311.850000,-43.105190,-43.395419,-43.262176
311.900000,-43.047177,-43.338760,-43.203180
311.950000,-42.984046,-43.276963,-43.139184
312.000000,-42.916468,-43.210696,-43.070847
312.050000,-42.845039,-43.140551,-42.998753
312.100000,-42.770285,-43.067054,-42.923420
312.150000,-42.692675,-42.990672,-42.845307
312.200000,-42.612622,-42.911821,-42.764821
312.250000,-42.530493,-42.830867,-42.682321
312.300000,-42.446612,-42.748138,-42.598127
312.350000,-42.361267,-42.663921,-42.512521
312.400000,-42.274712,-42.578472,-42.425750
312.450000,-42.187170,-42.492017,-42.338036
312.500000,-42.098838,-42.404755,-42.249570
312.550000,-42.009889,-42.316862,-42.160523
312.600000,-41.920475,-42.228492,-42.071044
312.650000,-41.830729,-42.139779,-41.981263
312.700000,-41.740768,-42.050843,-41.891294
312.750000,-41.650692,-41.961787,-41.801235
312.800000,-41.560589,-41.872699,-41.711173
312.850000,-41.470533,-41.783658,-41.621181
312.900000,-41.380589,-41.694729,-41.531321
312.950000,-41.290811,-41.605969,-41.441647
313.000000,-41.201247,-41.517426,-41.352203
313.050000,-41.111933,-41.429141,-41.263028
313.100000,-41.022901,-41.341145,-41.174151
313.150000,-40.934177,-41.253466,-41.085597
313.200000,-40.845780,-41.166125,-40.997385
313.250000,-40.757724,-41.079138,-40.909529
313.300000,-40.670020,-40.992518,-40.822039
313.350000,-40.582674,-40.906270,-40.734920
313.400000,-40.495689,-40.820400,-40.648175
313.450000,-40.409063,-40.734909,-40.561803
313.500000,-40.322795,-40.649793,-40.475800
313.550000,-40.236876,-40.565049,-40.390160
313.600000,-40.151300,-40.480668,-40.304874
313.650000,-40.066056,-40.396643,-40.219933
313.700000,-39.981130,-40.312961,-40.135323
313.750000,-39.896510,-40.229609,-40.051030
313.800000,-39.812178,-40.146574,-39.967039
313.850000,-39.728119,-40.063839,-39.883333
313.900000,-39.644314,-39.981386,-39.799893
313.950000,-39.560742,-39.899198,-39.716700
314.000000,-39.477383,-39.817254,-39.633733
314.050000,-39.394216,-39.735535,-39.550971
314.100000,-39.311217,-39.654018,-39.468391
314.150000,-39.228363,-39.572682,-39.385969
314.200000,-39.145629,-39.491502,-39.303682
314.250000,-39.062990,-39.410455,-39.221505
314.300000,-38.980419,-39.329516,-39.139411
314.350000,-38.897889,-39.248659,-39.057373
314.400000,-38.815372,-39.167858,-38.975365
314.450000,-38.732840,-39.087086,-38.893358
314.500000,-38.650262,-39.006314,-38.811321
314.550000,-38.567608,-38.925513,-38.729227
314.600000,-38.484846,-38.844654,-38.647042
314.650000,-38.401943,-38.763706,-38.564736
314.700000,-38.318867,-38.682638,-38.482276
314.750000,-38.235583,-38.601417,-38.399628
314.800000,-38.152054,-38.520011,-38.316756
314.850000,-38.068245,-38.438384,-38.233627
314.900000,-37.984117,-38.356501,-38.150201
314.950000,-37.899631,-38.274326,-38.066441
315.000000,-37.814746,-38.191820,-37.982307
315.050000,-37.729420,-38.108945,-37.897757
315.100000,-37.643608,-38.025660,-37.812750
315.150000,-37.557266,-37.941921,-37.727239
315.200000,-37.470344,-37.857686,-37.641179
315.250000,-37.382792,-37.772907,-37.554520
315.300000,-37.294559,-37.687537,-37.467212
315.350000,-37.205590,-37.601525,-37.379202
315.400000,-37.115826,-37.514819,-37.290433
315.450000,-37.025207,-37.427363,-37.200848
315.500000,-36.933670,-37.339098,-37.110383
315.550000,-36.841147,-37.249965,-37.018974
315.600000,-36.747567,-37.159897,-36.926552
315.650000,-36.652854,-37.068826,-36.833044
315.700000,-36.556927,-36.976680,-36.738372
315.750000,-36.459703,-36.883381,-36.642454
315.800000,-36.361089,-36.788847,-36.545201
315.850000,-36.260988,-36.692991,-36.446521
315.900000,-36.159296,-36.595719,-36.346312
315.950000,-36.055901,-36.496930,-36.244466
316.000000,-35.950683,-36.396517,-36.140869
316.050000,-35.843512,-36.294364,-36.035394
316.100000,-35.734248,-36.190345,-35.927908
316.150000,-35.622740,-36.084326,-35.818264
316.200000,-35.508823,-35.976160,-35.706303
316.250000,-35.392317,-35.865687,-35.591855
316.300000,-35.273027,-35.752735,-35.474730
316.350000,-35.150739,-35.637113,-35.354724
316.400000,-35.025218,-35.518614,-35.231612
316.450000,-34.896206,-35.397012,-35.105146
316.500000,-34.763418,-35.272053,-34.975054
316.550000,-34.626538,-35.143462,-34.841032
316.600000,-34.485216,-35.010931,-34.702745
316.650000,-34.339060,-34.874118,-34.559821
316.700000,-34.187635,-34.732641,-34.411840
316.750000,-34.030450,-34.586073,-34.258337
316.800000,-33.866951,-34.433933,-34.098783
316.850000,-33.696515,-34.275679,-33.932582
316.900000,-33.518431,-34.110696,-33.759059
316.950000,-33.331888,-33.938283,-33.577440
317.000000,-33.135956,-33.757638,-33.386841
317.050000,-32.929561,-33.567840,-33.186243
317.100000,-32.711461,-33.367823,-32.974465
317.150000,-32.480207,-33.156348,-32.750132
317.200000,-32.234097,-32.931964,-32.511633
317.250000,-31.971124,-32.692967,-32.257067
317.300000,-31.688900,-32.437332,-31.984175
317.350000,-31.384566,-32.162647,-31.690256
317.400000,-31.054669,-31.866005,-31.372053
317.450000,-30.695009,-31.543884,-31.025605
317.500000,-30.300423,-31.191973,-30.646055
317.550000,-29.864518,-30.804950,-30.227390
317.600000,-29.379290,-30.376182,-29.762098
317.650000,-28.834631,-29.897324,-29.240700
317.700000,-28.217648,-29.357772,-28.651124
317.750000,-27.511758,-28.743940,-27.977862
317.800000,-26.695478,-28.038288,-27.200851
317.850000,-25.740899,-27.218085,-26.294045
317.900000,-24.611905,-26.253945,-25.223757
317.950000,-23.262581,-25.108428,-23.947135
318.000000,-21.637127,-23.735651,-22.411973
318.050000,-19.674543,-22.084243,-20.560762
318.100000,-17.324390,-20.108343,-18.344741
318.150000,-14.581196,-17.792659,-15.754936
318.200000,-11.533461,-15.190431,-12.867304
318.250000,-8.392642,-12.451631,-9.871743
318.300000,-5.458027,-9.807705,-7.044458
318.350000,-3.025660,-7.510182,-4.667428
318.400000,-1.299252,-5.759046,-2.944895
318.450000,-0.355455,-4.662175,-1.965651
318.500000,-0.167953,-4.238616,-1.719178
318.550000,-0.653958,-4.446531,-2.135651
318.600000,-1.710992,-5.212012,-3.120425
318.650000,-3.235804,-6.448301,-4.573652
318.700000,-5.130781,-8.065787,-6.398409
318.750000,-7.304710,-9.976531,-8.503027
318.800000,-9.672224,-12.096429,-10.801586
318.850000,-12.154157,-14.347005,-13.214756
318.900000,-14.679776,-16.657863,-15.672002
318.950000,-17.190372,-18.969767,-18.114850
319.000000,-19.641852,-21.236944,-20.499238
319.050000,-22.003974,-23.426941,-22.794870
319.100000,-24.256551,-25.517959,-24.981764
319.150000,-26.385065,-27.495234,-27.046090
319.200000,-28.377760,-29.348107,-28.977211
319.250000,-30.224709,-31.068482,-30.766489
319.300000,-31.918334,-32.650542,-32.407490
319.350000,-33.454470,-34.091152,-33.896801
319.400000,-34.833181,-35.390363,-35.234742
319.450000,-36.058871,-36.551558,-36.425512
319.500000,-37.139652,-37.581117,-37.476690
319.550000,-38.086244,-38.487682,-38.398293
319.600000,-38.910759,-39.281285,-39.201700
319.650000,-39.625673,-39.972517,-39.898709
319.700000,-40.243073,-40.571884,-40.500829
319.750000,-40.774224,-41.089377,-41.018852
319.800000,-41.229351,-41.534229,-41.462627
319.850000,-41.617586,-41.914808,-41.840988
319.900000,-41.947008,-42.238609,-42.161779
319.950000,-42.224723,-42.512291,-42.431921
320.000000,-42.456967,-42.741744,-42.657496
320.050000,-42.649204,-42.932167,-42.843849
320.100000,-42.806228,-43.088141,-42.995668
320.150000,-42.932242,-43.213708,-43.117072
320.200000,-43.030939,-43.312426,-43.211681
320.250000,-43.105565,-43.387440,-43.282678
320.300000,-43.158980,-43.441523,-43.332870
320.350000,-43.193702,-43.477129,-43.364729
320.400000,-43.211956,-43.496426,-43.380437
320.450000,-43.215704,-43.501335,-43.381924
320.500000,-43.206684,-43.493559,-43.370894
320.550000,-43.186431,-43.474605,-43.348857
320.600000,-43.156306,-43.445814,-43.317149
320.650000,-43.117514,-43.408373,-43.276954
320.700000,-43.071124,-43.363338,-43.229321
320.750000,-43.018084,-43.311645,-43.175181
320.800000,-42.959232,-43.254130,-43.115361
320.850000,-42.895316,-43.191531,-43.050591
320.900000,-42.826997,-43.124506,-42.981522
320.950000,-42.754862,-43.053640,-42.908731
321.000000,-42.679430,-42.979453,-42.832729
321.050000,-42.601165,-42.902406,-42.753969
321.100000,-42.520474,-42.822909,-42.672852
321.150000,-42.437720,-42.741324,-42.589735
321.200000,-42.353224,-42.657973,-42.504933
321.250000,-42.267270,-42.573144,-42.418724
321.300000,-42.180109,-42.487087,-42.331354
321.350000,-42.091961,-42.400026,-42.243040
321.400000,-42.003022,-42.312158,-42.153973
321.450000,-41.913462,-42.223657,-42.064322
321.500000,-41.823432,-42.134675,-41.974233
321.550000,-41.733064,-42.045345,-41.883836
321.600000,-41.642472,-41.955786,-41.793243
321.650000,-41.551755,-41.866098,-41.702552
321.700000,-41.461001,-41.776370,-41.611846
321.750000,-41.370284,-41.686679,-41.521200
321.800000,-41.279666,-41.597089,-41.430673
321.850000,-41.189201,-41.507657,-41.340320
321.900000,-41.098936,-41.418429,-41.250185
321.950000,-41.008907,-41.329446,-41.160303
322.000000,-40.919145,-41.240739,-41.070705
322.050000,-40.829675,-41.152336,-40.981416
322.100000,-40.740516,-41.064255,-40.892452
322.150000,-40.651682,-40.976514,-40.803828
322.200000,-40.563183,-40.889123,-40.715552
322.250000,-40.475023,-40.802089,-40.627631
322.300000,-40.387205,-40.715415,-40.540066
322.350000,-40.299729,-40.629103,-40.452855
322.400000,-40.212589,-40.543148,-40.365994
322.450000,-40.125780,-40.457547,-40.279476
322.500000,-40.039291,-40.372290,-40.193293
322.550000,-39.953113,-40.287369,-40.107432
322.600000,-39.867231,-40.202770,-40.021882
322.650000,-39.781631,-40.118481,-39.936626
322.700000,-39.696297,-40.034486,-39.851648
322.750000,-39.611209,-39.950769,-39.766932
322.800000,-39.526350,-39.867311,-39.682456
322.850000,-39.441698,-39.784093,-39.598202
322.900000,-39.357231,-39.701095,-39.514147
322.950000,-39.272928,-39.618295,-39.430270
323.000000,-39.188763,-39.535671,-39.346545
323.050000,-39.104712,-39.453199,-39.262950
323.100000,-39.020749,-39.370855,-39.179458
323.150000,-38.936848,-39.288613,-39.096044
323.200000,-38.852980,-39.206447,-39.012679
323.250000,-38.769117,-39.124331,-38.929335
323.300000,-38.685229,-39.042236,-38.845984
323.350000,-38.601286,-38.960134,-38.762596
323.400000,-38.517255,-38.877994,-38.679138
323.450000,-38.433105,-38.795787,-38.595580
323.500000,-38.348802,-38.713480,-38.511889
323.550000,-38.264311,-38.631041,-38.428030
323.600000,-38.179596,-38.548437,-38.343968
323.650000,-38.094621,-38.465633,-38.259668
323.700000,-38.009347,-38.382594,-38.175092
323.750000,-37.923734,-38.299281,-38.090201
323.800000,-37.837741,-38.215658,-38.004956
323.850000,-37.751326,-38.131685,-37.919314
323.900000,-37.664445,-38.047320,-37.833233
323.950000,-37.577051,-37.962522,-37.746668
324.000000,-37.489095,-37.877244,-37.659571
324.050000,-37.400528,-37.791441,-37.571893
324.100000,-37.311297,-37.705065,-37.483584
324.150000,-37.221347,-37.618065,-37.394590
324.200000,-37.130619,-37.530387,-37.304854
324.250000,-37.039053,-37.441977,-37.214318
324.300000,-36.946585,-37.352775,-37.122920
324.350000,-36.853147,-37.262720,-37.030593
324.400000,-36.758668,-37.171746,-36.937269
324.450000,-36.663071,-37.079786,-36.842875
324.500000,-36.566277,-36.986766,-36.747332
324.550000,-36.468199,-36.892609,-36.650558
324.600000,-36.368747,-36.797233,-36.552465
324.650000,-36.267823,-36.700549,-36.452959
324.700000,-36.165323,-36.602463,-36.351939
324.750000,-36.061135,-36.502877,-36.249298
324.800000,-35.955138,-36.401680,-36.144919
324.850000,-35.847204,-36.298759,-36.038678
324.900000,-35.737191,-36.193987,-35.930440
324.950000,-35.624949,-36.087229,-35.820059
325.000000,-35.510313,-35.978340,-35.707377
325.050000,-35.393104,-35.867160,-35.592223
325.100000,-35.273128,-35.753515,-35.474409
325.150000,-35.150170,-35.637218,-35.353730
325.200000,-35.023996,-35.518061,-35.229961
325.250000,-34.894350,-35.395818,-35.102858
325.300000,-34.760947,-35.270238,-34.972146
325.350000,-34.623473,-35.141045,-34.837525
325.400000,-34.481579,-35.007932,-34.698662
325.450000,-34.334876,-34.870560,-34.555184
325.500000,-34.182930,-34.728549,-34.406676
325.550000,-34.025253,-34.581475,-34.252674
325.600000,-33.861296,-34.428858,-34.092653
325.650000,-33.690438,-34.270161,-33.926021
325.700000,-33.511974,-34.104772,-33.752106
325.750000,-33.325099,-33.931996,-33.570142
325.800000,-33.128890,-33.751039,-33.379252
325.850000,-32.922283,-33.560984,-33.178424
325.900000,-32.704047,-33.360777,-32.966488
325.950000,-32.472747,-33.149191,-32.742084
326.000000,-32.226699,-32.924789,-32.503616
326.050000,-31.963917,-32.685885,-32.249204
326.100000,-31.682044,-32.430480,-31.976616
326.150000,-31.378254,-32.156188,-31.683186
326.200000,-31.049144,-31.860145,-31.365699
326.250000,-30.690572,-31.538877,-31.020253
326.300000,-30.297459,-31.188139,-30.642066
326.350000,-29.863516,-30.802697,-30.225224
326.400000,-29.380887,-30.376036,-29.762352
326.450000,-28.839661,-29.899971,-29.244155
326.500000,-28.227218,-29.364118,-28.658815
326.550000,-27.527352,-28.755194,-27.991174
326.600000,-26.719109,-28.056081,-27.221659
326.650000,-25.775316,-27.244637,-26.324907
326.700000,-24.660869,-26.292285,-25.268171
326.750000,-23.331189,-25.162661,-24.009839
326.800000,-21.732080,-23.811199,-22.499205
326.850000,-19.804024,-22.187826,-20.680178
326.900000,-17.496850,-20.247184,-18.504350
326.950000,-14.802094,-17.972180,-15.960189
327.000000,-11.800295,-15.410465,-13.116536
327.050000,-8.691672,-12.703371,-10.152949
327.100000,-5.766485,-10.074318,-7.336894
327.150000,-3.318654,-7.771297,-4.947655
327.200000,-1.557014,-5.996428,-3.193510
327.250000,-0.566697,-4.863301,-2.170802
327.300000,-0.328867,-4.397081,-1.876110
327.350000,-0.765430,-4.560587,-2.244392
327.400000,-1.776223,-5.282839,-3.183608
327.450000,-3.258948,-6.478745,-4.595150
327.500000,-5.116358,-8.059634,-6.382664
327.550000,-7.257420,-9.938104,-8.454763
327.600000,-9.596886,-12.030361,-10.725683
327.650000,-12.055638,-14.258055,-13.116127
327.700000,-14.562805,-16.550690,-15.555399
327.750000,-17.059271,-18.848673,-17.984603
327.800000,-19.500307,-21.105657,-20.359042
327.850000,-21.855024,-23.288553,-22.647757
327.900000,-24.102745,-25.375018,-24.830244
327.950000,-26.228680,-27.349911,-26.892357
328.000000,-28.220934,-29.202335,-28.823280
328.050000,-30.069470,-30.924024,-30.614244
328.100000,-31.766526,-32.508975,-32.258636
328.150000,-33.307640,-33.953814,-33.752772
328.200000,-34.692485,-35.258287,-35.096620
328.250000,-35.925036,-36.425439,-36.293990
328.300000,-37.013005,-37.461320,-37.352090
328.350000,-37.966780,-38.374291,-38.280630
328.400000,-38.798239,-39.174167,-39.090762
328.450000,-39.519705,-39.871389,-39.794136
328.500000,-40.143187,-40.476374,-40.402179
328.550000,-40.679919,-40.999067,-40.925648
328.600000,-41.140125,-41.448687,-41.374388
328.650000,-41.532958,-41.833608,-41.757250
328.700000,-41.866527,-42.161344,-42.082104
328.750000,-42.147970,-42.438578,-42.355901
328.800000,-42.383556,-42.671228,-42.584757
328.850000,-42.578786,-42.864519,-42.774045
328.900000,-42.738481,-43.023061,-42.928485
328.950000,-42.866875,-43.150919,-43.052225
329.000000,-42.967687,-43.251678,-43.148908
329.050000,-43.044188,-43.328501,-43.221744
329.100000,-43.099257,-43.384184,-43.273558
329.150000,-43.135435,-43.421198,-43.306843
329.200000,-43.154963,-43.441729,-43.323799
329.250000,-43.159820,-43.447713,-43.326371
329.300000,-43.151759,-43.440866,-43.316279
329.350000,-43.132328,-43.422709,-43.295044
329.400000,-43.102900,-43.394594,-43.264016
329.450000,-43.064691,-43.357718,-43.224388
329.500000,-43.018780,-43.313146,-43.177220
329.550000,-42.966124,-43.261826,-43.123452
329.600000,-42.907570,-43.204597,-43.063917
329.650000,-42.843872,-43.142207,-42.999355
329.700000,-42.775699,-43.075321,-42.930423
329.750000,-42.703643,-43.004530,-42.857703
329.800000,-42.628229,-42.930357,-42.781712
329.850000,-42.549926,-42.853270,-42.702908
329.900000,-42.469147,-42.773682,-42.621698
329.950000,-42.386257,-42.691960,-42.538441
330.000000,-42.301583,-42.608432,-42.453455
330.050000,-42.215410,-42.523384,-42.367024
330.100000,-42.127993,-42.437074,-42.279396
330.150000,-42.039556,-42.349727,-42.190791
330.200000,-41.950296,-42.261542,-42.101402
330.250000,-41.860386,-42.172695,-42.011400
330.300000,-41.769980,-42.083341,-41.920935
330.350000,-41.679210,-41.993616,-41.830136
330.400000,-41.588192,-41.903638,-41.739118
330.450000,-41.497029,-41.813510,-41.647980
330.500000,-41.405807,-41.723322,-41.556809
330.550000,-41.314602,-41.633152,-41.465676
330.600000,-41.223478,-41.543066,-41.374647
330.650000,-41.132491,-41.453121,-41.283774
330.700000,-41.041686,-41.363364,-41.193101
330.750000,-40.951101,-41.273837,-41.102668
330.800000,-40.860768,-41.184572,-41.012503
330.850000,-40.770713,-41.095596,-40.922632
330.900000,-40.680954,-41.006930,-40.833073
330.950000,-40.591505,-40.918589,-40.743840
331.000000,-40.502378,-40.830586,-40.654943
331.050000,-40.413577,-40.742928,-40.566386
331.100000,-40.325105,-40.655617,-40.478172
331.150000,-40.236960,-40.568656,-40.390300
331.200000,-40.149139,-40.482040,-40.302765
331.250000,-40.061634,-40.395764,-40.215560
331.300000,-39.974437,-40.309821,-40.128676
331.350000,-39.887536,-40.224201,-40.042102
331.400000,-39.800918,-40.138891,-39.955824
331.450000,-39.714567,-40.053877,-39.869827
331.500000,-39.628467,-39.969144,-39.784095
331.550000,-39.542600,-39.884675,-39.698608
331.600000,-39.456944,-39.800452,-39.613348
331.650000,-39.371480,-39.716454,-39.528294
331.700000,-39.286185,-39.632661,-39.443423
331.750000,-39.201036,-39.549051,-39.358713
331.800000,-39.116008,-39.465600,-39.274139
331.850000,-39.031075,-39.382285,-39.189677
331.900000,-38.946211,-39.299080,-39.105299
331.950000,-38.861388,-39.215960,-39.020979
332.000000,-38.776578,-39.132897,-38.936688
332.050000,-38.691751,-39.049864,-38.852398
332.100000,-38.606875,-38.966831,-38.768077
332.150000,-38.521920,-38.883768,-38.683695
332.200000,-38.436852,-38.800646,-38.599221
332.250000,-38.351638,-38.717431,-38.514619
332.300000,-38.266243,-38.634092,-38.429857
332.350000,-38.180630,-38.550595,-38.344899
332.400000,-38.094762,-38.466904,-38.259708
332.450000,-38.008600,-38.382983,-38.174247
332.500000,-37.922105,-38.298796,-38.088477
332.550000,-37.835234,-38.214303,-38.002356
332.600000,-37.747946,-38.129465,-37.915844
332.650000,-37.660193,-38.044239,-37.828895
332.700000,-37.571931,-37.958583,-37.741466
332.750000,-37.483109,-37.872451,-37.653507
332.800000,-37.393677,-37.785797,-37.564969
332.850000,-37.303582,-37.698571,-37.475801
332.900000,-37.212767,-37.610722,-37.385947
332.950000,-37.121174,-37.522196,-37.295352
333.000000,-37.028740,-37.432936,-37.203955
333.050000,-36.935402,-37.342884,-37.111693
333.100000,-36.841090,-37.251976,-37.018499
333.150000,-36.745731,-37.160147,-36.924304
333.200000,-36.649249,-37.067326,-36.829033
333.250000,-36.551562,-36.973441,-36.732606
333.300000,-36.452583,-36.878411,-36.634941
333.350000,-36.352219,-36.782154,-36.535947
333.400000,-36.250372,-36.684581,-36.435530
333.450000,-36.146936,-36.585596,-36.333586
333.500000,-36.041796,-36.485097,-36.230007
333.550000,-35.934831,-36.382974,-36.124674
333.600000,-35.825909,-36.279110,-36.017460
333.650000,-35.714887,-36.173377,-35.908229
333.700000,-35.601612,-36.065639,-35.796833
333.750000,-35.485916,-35.955746,-35.683111
333.800000,-35.367617,-35.843536,-35.566887
333.850000,-35.246516,-35.728834,-35.447971
333.900000,-35.122397,-35.611447,-35.326155
333.950000,-34.995020,-35.491165,-35.201210
334.000000,-34.864123,-35.367755,-35.072884
334.050000,-34.729418,-35.240964,-34.940901
334.100000,-34.590583,-35.110510,-34.804954
334.150000,-34.447262,-34.976080,-34.664701
334.200000,-34.299058,-34.837327,-34.519763
334.250000,-34.145528,-34.693863,-34.369717
334.300000,-33.986173,-34.545255,-34.214087
334.350000,-33.820432,-34.391014,-34.052337
334.400000,-33.647670,-34.230589,-33.883861
334.450000,-33.467164,-34.063355,-33.707973
334.500000,-33.278089,-33.888599,-33.523886
334.550000,-33.079501,-33.705507,-33.330701
334.600000,-32.870306,-33.513141,-33.127381
334.650000,-32.649241,-33.310417,-32.912724
334.700000,-32.414830,-33.096073,-32.685333
334.750000,-32.165342,-32.868636,-32.443565
334.800000,-31.898731,-32.626367,-32.185487
334.850000,-31.612567,-32.367207,-31.908796
334.900000,-31.303935,-32.088697,-31.610742
334.950000,-30.969319,-31.787878,-31.288006
335.000000,-30.604434,-31.461161,-30.936552
335.050000,-30.204022,-31.104152,-30.551428
335.100000,-29.761564,-30.711429,-30.126507
335.150000,-29.268906,-30.276234,-29.654134
335.200000,-28.715750,-29.790067,-29.124655
335.250000,-28.088974,-29.242137,-28.525784
335.300000,-27.371719,-28.618633,-27.841754
335.350000,-26.542192,-27.901755,-27.052210
335.400000,-25.572170,-27.068506,-26.130811
335.450000,-24.425317,-26.089293,-25.043655
335.500000,-23.055825,-24.926702,-23.747970
335.550000,-21.408837,-23.535474,-22.192375
335.600000,-19.426063,-21.866173,-20.321797
335.650000,-17.062916,-19.877233,-18.092770
335.700000,-14.323686,-17.560790,-15.505255
335.750000,-11.308097,-14.979243,-12.645731
335.800000,-8.233414,-12.288682,-9.710085
335.850000,-5.393558,-9.718795,-6.970502
335.900000,-3.069602,-7.511278,-4.695801
335.950000,-1.448304,-5.852908,-3.074484
336.000000,-0.594636,-4.840639,-2.183766
336.050000,-0.477733,-4.487440,-2.007909
336.100000,-1.015047,-4.749538,-2.476505
336.150000,-2.106239,-5.553416,-3.496461
336.200000,-3.650402,-6.813632,-4.969988
336.250000,-5.551901,-8.442113,-6.802076
336.300000,-7.721132,-10.352449,-8.902727
336.350000,-10.074196,-12.462077,-11.187590
336.400000,-12.533555,-14.694201,-13.579032
336.450000,-15.030484,-16.980362,-16.008527
336.500000,-17.508569,-19.263460,-18.419843
336.550000,-19.925850,-21.499745,-20.771006
336.600000,-22.253616,-23.658332,-23.033250
336.650000,-24.472519,-25.718404,-25.187464
336.700000,-26.568418,-27.665718,-27.220229
336.750000,-28.529765,-29.489889,-29.121118
336.800000,-30.346868,-31.183026,-30.881693
336.850000,-32.012457,-32.739525,-32.495777
336.900000,-33.522707,-34.156484,-33.960240
336.950000,-34.877970,-35.434157,-35.275648
337.000000,-36.082814,-36.576055,-36.446345
337.050000,-37.145363,-37.588578,-37.479924
337.100000,-38.076215,-38.480290,-38.386291
337.150000,-38.887268,-39.261065,-39.176633
337.200000,-39.590733,-39.941290,-39.862506
337.250000,-40.198428,-40.531250,-40.455169
337.300000,-40.721359,-41.040719,-40.965170
337.350000,-41.169520,-41.478727,-41.402139
337.400000,-41.551843,-41.853466,-41.774719
337.450000,-41.876238,-42.172275,-42.090592
337.500000,-42.149666,-42.441680,-42.356537
337.550000,-42.378243,-42.667460,-42.578522
337.600000,-42.567335,-42.854717,-42.761793
337.650000,-42.721648,-43.007954,-42.910956
337.700000,-42.845318,-43.131142,-43.030061
337.750000,-42.941976,-43.227786,-43.122671
337.800000,-43.014821,-43.300980,-43.191920
337.850000,-43.066669,-43.353458,-43.240574
337.900000,-43.100004,-43.387637,-43.271069
337.950000,-43.117019,-43.405658,-43.285561
338.000000,-43.119653,-43.409417,-43.285952
338.050000,-43.109621,-43.400594,-43.273926
338.100000,-43.088440,-43.380681,-43.250974
338.150000,-43.057455,-43.350999,-43.218419
338.200000,-43.017859,-43.312726,-43.177429
338.250000,-42.970709,-43.266905,-43.129046
338.300000,-42.916942,-43.214464,-43.074188
338.350000,-42.857391,-43.156227,-43.013676
338.400000,-42.792795,-43.092929,-42.948233
338.450000,-42.723809,-43.025221,-42.878504
338.500000,-42.651015,-42.953683,-42.805061
338.550000,-42.574930,-42.878830,-42.728410
338.600000,-42.496011,-42.801120,-42.649002
338.650000,-42.414664,-42.720958,-42.567235
338.700000,-42.331249,-42.638706,-42.483462
338.750000,-42.246085,-42.554684,-42.397997
338.800000,-42.159454,-42.469175,-42.311116
338.850000,-42.071605,-42.382430,-42.223063
338.900000,-41.982757,-42.294671,-42.134055
338.950000,-41.893104,-42.206093,-42.044282
339.000000,-41.802817,-42.116870,-41.953909
339.050000,-41.712045,-42.027152,-41.863085
339.100000,-41.620919,-41.937074,-41.771937
339.150000,-41.529553,-41.846750,-41.680576
339.200000,-41.438045,-41.756283,-41.589101
339.250000,-41.346482,-41.665760,-41.497595
339.300000,-41.254937,-41.575257,-41.406129
339.350000,-41.163474,-41.484839,-41.314766
339.400000,-41.072145,-41.394561,-41.223558
339.450000,-40.980996,-41.304471,-41.132548
339.500000,-40.890063,-41.214606,-41.041773
339.550000,-40.799378,-41.125000,-40.951262
339.600000,-40.708964,-41.035678,-40.861039
339.650000,-40.618839,-40.946660,-40.771122
339.700000,-40.529018,-40.857962,-40.681524
339.750000,-40.439510,-40.769593,-40.592253
339.800000,-40.350319,-40.681562,-40.503314
339.850000,-40.261447,-40.593870,-40.414708
339.900000,-40.172892,-40.506517,-40.326434
339.950000,-40.084650,-40.419500,-40.238487
340.000000,-39.996713,-40.332813,-40.150859
340.050000,-39.909071,-40.246447,-40.063539
340.100000,-39.821713,-40.160393,-39.976517
340.150000,-39.734624,-40.074636,-39.889778
340.200000,-39.647788,-39.989163,-39.803306
340.250000,-39.561188,-39.903958,-39.717084
340.300000,-39.474806,-39.819002,-39.631094
340.350000,-39.388619,-39.734278,-39.545314
340.400000,-39.302608,-39.649764,-39.459725
340.450000,-39.216748,-39.565439,-39.374302
340.500000,-39.131017,-39.481280,-39.289022
340.550000,-39.045387,-39.397264,-39.203861
340.600000,-38.959834,-39.313366,-39.118791
340.650000,-38.874329,-39.229560,-39.033787
340.700000,-38.788844,-39.145819,-38.948820
340.750000,-38.703349,-39.062115,-38.863861
340.800000,-38.617814,-38.978419,-38.778880
340.850000,-38.532207,-38.894702,-38.693845
340.900000,-38.446495,-38.810933,-38.608725
340.950000,-38.360644,-38.727080,-38.523486
341.000000,-38.274619,-38.643109,-38.438094
341.050000,-38.188384,-38.558988,-38.352513
341.100000,-38.101901,-38.474680,-38.266707
341.150000,-38.015131,-38.390151,-38.180637
341.200000,-37.928035,-38.305362,-38.094265
341.250000,-37.840570,-38.220274,-38.007550
341.300000,-37.752692,-38.134847,-37.920449
341.350000,-37.664357,-38.049040,-37.832918
341.400000,-37.575518,-37.962808,-37.744912
341.450000,-37.486125,-37.876107,-37.656383
341.500000,-37.396127,-37.788888,-37.567279
341.550000,-37.305471,-37.701104,-37.477551
341.600000,-37.214099,-37.612701,-37.387142
341.650000,-37.121953,-37.523625,-37.295995
341.700000,-37.028971,-37.433821,-37.204050
341.750000,-36.935087,-37.343228,-37.111244
341.800000,-36.840232,-37.251783,-37.017509
341.850000,-36.744333,-37.159420,-36.922776
341.900000,-36.647313,-37.066068,-36.826969
341.950000,-36.549090,-36.971654,-36.730009
342.000000,-36.449576,-36.876097,-36.631811
342.050000,-36.348678,-36.779315,-36.532286
342.100000,-36.246296,-36.681217,-36.431337
342.150000,-36.142325,-36.581708,-36.328862
342.200000,-36.036649,-36.480684,-36.224750
342.250000,-35.929146,-36.378036,-36.118883
342.300000,-35.819683,-36.273646,-36.011133
342.350000,-35.708118,-36.167384,-35.901364
342.400000,-35.594294,-36.059114,-35.789424
342.450000,-35.478045,-35.948686,-35.675154
342.500000,-35.359186,-35.835936,-35.558377
342.550000,-35.237519,-35.720689,-35.438902
342.600000,-35.112824,-35.602749,-35.316518
342.650000,-34.984863,-35.481907,-35.190996
342.700000,-34.853371,-35.357929,-35.062084
342.750000,-34.718057,-35.230558,-34.929502
342.800000,-34.578598,-35.099513,-34.792942
342.850000,-34.434637,-34.964477,-34.652060
342.900000,-34.285775,-34.825104,-34.506477
342.950000,-34.131565,-34.681002,-34.355764
343.000000,-33.971505,-34.531735,-34.199444
343.050000,-33.805032,-34.376811,-34.036979
343.100000,-33.631506,-34.215677,-33.867758
343.150000,-33.450200,-34.047704,-33.691090
343.200000,-33.260285,-33.872174,-33.506184
343.250000,-33.060808,-33.688268,-33.312136
343.300000,-32.850671,-33.495042,-33.107901
343.350000,-32.628600,-33.291405,-32.892271
343.400000,-32.393110,-33.076087,-32.663836
343.450000,-32.142459,-32.847604,-32.420946
343.500000,-31.874586,-32.604206,-32.161650
343.550000,-31.587042,-32.343819,-31.883632
343.600000,-31.276893,-32.063966,-31.584121
343.650000,-30.940594,-31.761667,-31.259773
343.700000,-30.573830,-31.433305,-30.906520
343.750000,-30.171302,-31.074453,-30.519375
343.800000,-29.726438,-30.679648,-30.092162
343.850000,-29.231022,-30.242080,-29.617166
343.900000,-28.674677,-29.753183,-29.084659
343.950000,-28.044179,-29.202085,-28.482260
344.000000,-27.322547,-28.574872,-27.794090
344.050000,-26.487841,-27.853628,-26.999655
344.100000,-25.511680,-27.015220,-26.072465
344.150000,-24.357582,-26.029929,-24.978480
344.200000,-22.979696,-24.860283,-23.674879
344.250000,-21.323402,-23.461165,-22.110485
344.300000,-19.331293,-21.783751,-20.231011
344.350000,-16.960856,-19.787983,-17.994861
344.400000,-14.219994,-17.468721,-15.405296
344.450000,-11.212755,-14.891855,-12.552834
344.500000,-8.158928,-12.216008,-9.635916
344.550000,-5.350982,-9.670626,-6.925729
344.600000,-3.064951,-7.494200,-4.686703
344.650000,-1.481584,-5.868905,-3.101791
344.700000,-0.661468,-4.887699,-2.243901
344.750000,-0.571790,-4.561159,-2.095139
344.800000,-1.129792,-4.844578,-2.584611
344.850000,-2.235688,-5.664378,-3.619564
344.900000,-3.789278,-6.935439,-5.102805
344.950000,-5.695554,-8.570135,-6.939918
345.000000,-7.865435,-10.482531,-9.041443
345.050000,-10.215517,-12.590564,-11.323553
345.100000,-12.668822,-14.818007,-13.709198
345.150000,-15.157332,-17.097076,-16.130556
345.200000,-17.625443,-19.371424,-18.532193
345.250000,-20.031951,-21.598020,-20.872873
345.300000,-22.348688,-23.746537,-23.124376
345.350000,-24.556607,-25.796517,-25.267909
345.400000,-26.641708,-27.733911,-27.290205
345.450000,-28.592524,-29.548442,-29.180921
345.500000,-30.399452,-31.232301,-30.931699
345.550000,-32.055342,-32.779972,-32.536463
345.600000,-33.556507,-34.188649,-33.992201
345.650000,-34.903423,-35.458678,-35.299586
345.700000,-36.100744,-36.593635,-36.463038
345.750000,-37.156626,-37.599952,-37.490180
345.800000,-38.081647,-38.486186,-38.390903
345.850000,-38.887651,-39.262172,-39.176344
345.900000,-39.586769,-39.938239,-39.857990
345.950000,-40.190737,-40.524606,-40.447021
346.000000,-40.710476,-41.030975,-40.953907
346.050000,-41.155902,-41.466313,-41.388203
346.100000,-41.535880,-41.838750,-41.758490
346.150000,-41.858260,-42.155571,-42.072391
346.200000,-42.129954,-42.423258,-42.336638
346.250000,-42.357034,-42.647549,-42.557156
346.300000,-42.544829,-42.833513,-42.739157
346.350000,-42.698017,-42.985623,-42.887216
346.400000,-42.820707,-43.107827,-43.005360
346.450000,-42.916508,-43.203607,-43.097129
346.500000,-42.988601,-43.276041,-43.165640
346.550000,-43.039785,-43.327846,-43.213643
346.600000,-43.072532,-43.361428,-43.243561
346.650000,-43.089023,-43.378916,-43.257538
346.700000,-43.091187,-43.382196,-43.257467
346.750000,-43.080731,-43.372940,-43.245025
346.800000,-43.059166,-43.352633,-43.221695
346.850000,-43.027829,-43.322591,-43.188793
346.900000,-42.987908,-43.283985,-43.147484
346.950000,-42.940456,-43.237855,-43.098803
347.000000,-42.886407,-43.185124,-43.043666
347.050000,-42.826588,-43.126614,-42.982890
347.100000,-42.761737,-43.063056,-42.917195
347.150000,-42.692507,-42.995098,-42.847225
347.200000,-42.619476,-42.923319,-42.773548
347.250000,-42.543160,-42.848232,-42.696669
347.300000,-42.464015,-42.770293,-42.617037
347.350000,-42.382445,-42.689906,-42.535050
347.400000,-42.298810,-42.607431,-42.451058
347.450000,-42.213426,-42.523187,-42.365375
347.500000,-42.126574,-42.437457,-42.278276
347.550000,-42.038504,-42.350491,-42.190005
347.600000,-41.949434,-42.262510,-42.100777
347.650000,-41.859557,-42.173710,-42.010781
347.700000,-41.769042,-42.084261,-41.920184
347.750000,-41.678040,-41.994316,-41.829132
347.800000,-41.586680,-41.904006,-41.737752
347.850000,-41.495077,-41.813449,-41.646157
347.900000,-41.403327,-41.722744,-41.554443
347.950000,-41.311518,-41.631979,-41.462693
348.000000,-41.219723,-41.541230,-41.370980
348.050000,-41.128004,-41.450562,-41.279364
348.100000,-41.036414,-41.360029,-41.187898
348.150000,-40.944999,-41.269679,-41.096625
348.200000,-40.853795,-41.179550,-41.005582
348.250000,-40.762832,-41.089674,-40.914797
348.300000,-40.672134,-41.000077,-40.824294
348.350000,-40.581720,-40.910778,-40.734091
348.400000,-40.491603,-40.821792,-40.644201
348.450000,-40.401791,-40.733131,-40.554631
348.500000,-40.312291,-40.644801,-40.465387
348.550000,-40.223102,-40.556803,-40.376470
348.600000,-40.134224,-40.469138,-40.287877
348.650000,-40.045651,-40.381803,-40.199603
348.700000,-39.957374,-40.294790,-40.111641
348.750000,-39.869386,-40.208091,-40.023980
348.800000,-39.781672,-40.121696,-39.936608
348.850000,-39.694219,-40.035591,-39.849511
348.900000,-39.607010,-39.949762,-39.762673
348.950000,-39.520028,-39.864192,-39.676076
349.000000,-39.433254,-39.778863,-39.589701
349.050000,-39.346666,-39.693756,-39.503527
349.100000,-39.260243,-39.608850,-39.417533
349.150000,-39.173961,-39.524124,-39.331696
349.200000,-39.087796,-39.439554,-39.245991
349.250000,-39.001721,-39.355116,-39.160393
349.300000,-38.915710,-39.270784,-39.074875
349.350000,-38.829736,-39.186534,-38.989411
349.400000,-38.743768,-39.102336,-38.903971
349.450000,-38.657776,-39.018164,-38.818525
349.500000,-38.571730,-38.933986,-38.733044
349.550000,-38.485597,-38.849773,-38.647494
349.600000,-38.399342,-38.765494,-38.561843
349.650000,-38.312933,-38.681116,-38.476058
349.700000,-38.226331,-38.596605,-38.390102
349.750000,-38.139502,-38.511926,-38.303940
349.800000,-38.052405,-38.427044,-38.217535
349.850000,-37.965001,-38.341922,-38.130846
349.900000,-37.877250,-38.256521,-38.043835
349.950000,-37.789107,-38.170801,-37.956458
350.000000,-37.700528,-38.084721,-37.868673
350.050000,-37.611466,-37.998237,-37.780434
350.100000,-37.521874,-37.911305,-37.691694
350.150000,-37.431700,-37.823878,-37.602403
350.200000,-37.340891,-37.735908,-37.512509
350.250000,-37.249391,-37.647342,-37.421960
350.300000,-37.157143,-37.558128,-37.330698
350.350000,-37.064085,-37.468210,-37.238663
350.400000,-36.970152,-37.377529,-37.145794
350.450000,-36.875277,-37.286022,-37.052025
350.500000,-36.779388,-37.193625,-36.957286
350.550000,-36.682409,-37.100268,-36.861503
350.600000,-36.584258,-37.005878,-36.764598
350.650000,-36.484852,-36.910378,-36.666490
350.700000,-36.384097,-36.813686,-36.567088
350.750000,-36.281897,-36.715712,-36.466300
350.800000,-36.178148,-36.616364,-36.364025
350.850000,-36.072737,-36.515541,-36.260155
350.900000,-35.965544,-36.413136,-36.154574
350.950000,-35.856441,-36.309032,-36.047158
351.000000,-35.745288,-36.203105,-35.937772
351.050000,-35.631933,-36.095220,-35.826271
351.100000,-35.516213,-35.985231,-35.712499
351.150000,-35.397950,-35.872981,-35.596283
351.200000,-35.276950,-35.758296,-35.477437
351.250000,-35.153001,-35.640990,-35.355758
351.300000,-35.025870,-35.520857,-35.231024
351.350000,-34.895303,-35.397671,-35.102989
351.400000,-34.761017,-35.271184,-34.971383
351.450000,-34.622701,-35.141123,-34.835909
351.500000,-34.480009,-35.007184,-34.696235
351.550000,-34.332557,-34.869031,-34.551994
351.600000,-34.179915,-34.726288,-34.402775
351.650000,-34.021601,-34.578534,-34.248117
351.700000,-33.857072,-34.425298,-34.087505
351.750000,-33.685717,-34.266048,-33.920353
351.800000,-33.506840,-34.100182,-33.745999
351.850000,-33.319648,-33.927015,-33.563689
351.900000,-33.123233,-33.745763,-33.372557
351.950000,-32.916549,-33.555528,-33.171611
352.000000,-32.698386,-33.355271,-32.959701
352.050000,-32.467336,-33.143789,-32.735492
352.100000,-32.221751,-32.919675,-32.497420
352.150000,-31.959686,-32.681276,-32.243645
352.200000,-31.678836,-32.426638,-31.971985
352.250000,-31.376446,-32.153433,-31.679839
352.300000,-31.049197,-31.858867,-31.364072
352.350000,-30.693064,-31.539560,-31.020890
352.400000,-30.303114,-31.191391,-30.645649
352.450000,-29.873258,-30.809285,-30.232621
352.500000,-29.395901,-30.386941,-29.774674
352.550000,-28.861488,-29.916463,-29.262847
352.600000,-28.257887,-29.387858,-28.685773
352.650000,-27.569559,-28.788383,-28.028916
352.700000,-26.776476,-28.101659,-27.273560
352.750000,-25.852736,-27.306564,-26.395525
352.800000,-24.764959,-26.375903,-25.363661
352.850000,-23.470808,-25.275123,-24.138445
352.900000,-21.918711,-23.961824,-22.671627
352.950000,-20.051468,-22.387988,-20.909339
353.000000,-17.819028,-20.508862,-18.803472
353.050000,-15.207421,-18.303944,-16.337743
353.100000,-12.283103,-15.810942,-13.568392
353.150000,-9.226494,-13.155924,-10.656742
353.200000,-6.311961,-10.548168,-7.854870
353.250000,-3.829871,-8.229555,-5.437480
353.300000,-1.998533,-6.406289,-3.620370
353.350000,-0.918729,-5.202573,-2.513835
353.400000,-0.585514,-4.654961,-2.127640
353.450000,-0.929530,-4.734941,-2.405643
353.500000,-1.854855,-5.376932,-3.260587
353.550000,-3.260844,-6.498853,-4.596053
353.600000,-5.050788,-8.013633,-6.316597
353.650000,-7.133824,-9.834727,-8.331202
353.700000,-9.424779,-11.878765,-10.554233
353.750000,-11.844457,-14.067466,-12.906297
353.800000,-14.321571,-16.330003,-15.316240
353.850000,-16.796079,-18.605968,-17.724225
353.900000,-19.221941,-20.847818,-20.084239
353.950000,-21.566939,-23.021172,-22.363980
354.000000,-23.809414,-25.102603,-24.541903
354.050000,-25.934009,-27.076218,-26.603217
354.100000,-27.928550,-28.930651,-28.536753
354.150000,-29.782777,-30.657305,-30.333483
354.200000,-31.488591,-32.249836,-31.986465
354.250000,-33.040996,-33.704438,-33.491531
354.300000,-34.438969,-35.020311,-34.848021
354.350000,-35.685723,-36.199904,-36.059054
354.400000,-36.788255,-37.248683,-37.131184
354.450000,-37.756378,-38.174516,-38.073579
354.500000,-38.601557,-38.986838,-38.896998
354.550000,-39.335865,-39.695841,-39.612843
354.600000,-39.971185,-40.311792,-40.232413
354.650000,-40.518716,-40.844575,-40.766419
354.700000,-40.988704,-41.303399,-41.224719
354.750000,-41.390353,-41.696666,-41.616210
354.800000,-41.731840,-42.031935,-41.948822
354.850000,-42.020378,-42.315946,-42.229574
354.900000,-42.262309,-42.554675,-42.464651
354.950000,-42.463200,-42.753407,-42.659494
355.000000,-42.627940,-42.916808,-42.818883
355.050000,-42.760819,-43.048995,-42.947024
355.100000,-42.865611,-43.153602,-43.047612
355.150000,-42.945634,-43.233836,-43.123902
355.200000,-43.003813,-43.292534,-43.178765
355.250000,-43.042725,-43.332202,-43.214730
355.300000,-43.064649,-43.355061,-43.234033
355.350000,-43.071594,-43.363075,-43.238650
355.400000,-43.065342,-43.357989,-43.230327
355.450000,-43.047467,-43.341347,-43.210613
355.500000,-43.019366,-43.314523,-43.180879
355.550000,-42.982276,-43.278736,-43.142340
355.600000,-42.937293,-43.235068,-43.096074
355.650000,-42.885392,-43.184483,-43.043039
355.700000,-42.827437,-43.127836,-42.984081
355.750000,-42.764194,-43.065889,-42.919956
355.800000,-42.696346,-42.999317,-42.851333
355.850000,-42.624495,-42.928723,-42.778804
355.900000,-42.549179,-42.854642,-42.702897
355.950000,-42.470873,-42.777548,-42.624079
356.000000,-42.390000,-42.697865,-42.542765
356.050000,-42.306935,-42.615967,-42.459323
356.100000,-42.222007,-42.532187,-42.374078
356.150000,-42.135512,-42.446819,-42.287318
356.200000,-42.047709,-42.360126,-42.199299
356.250000,-41.958826,-42.272339,-42.110244
356.300000,-41.869066,-42.183660,-42.020353
356.350000,-41.778607,-42.094271,-41.929799
356.400000,-41.687604,-42.004329,-41.838736
356.450000,-41.596194,-41.913974,-41.747297
356.500000,-41.504497,-41.823327,-41.655601
356.550000,-41.412617,-41.732494,-41.563748
356.600000,-41.320643,-41.641568,-41.471827
356.650000,-41.228654,-41.550627,-41.379913
356.700000,-41.136715,-41.459741,-41.288072
356.750000,-41.044883,-41.368968,-41.196358
356.800000,-40.953206,-41.278358,-41.104819
356.850000,-40.861723,-41.187951,-41.013493
356.900000,-40.770467,-41.097783,-40.922411
356.950000,-40.679464,-41.007880,-40.831599
357.000000,-40.588733,-40.918265,-40.741077
357.050000,-40.498291,-40.828955,-40.650858
357.100000,-40.408146,-40.739961,-40.560953
357.150000,-40.318307,-40.651291,-40.471367
357.200000,-40.228774,-40.562949,-40.382104
357.250000,-40.139547,-40.474936,-40.293160
357.300000,-40.050622,-40.387249,-40.204533
357.350000,-39.961992,-40.299882,-40.116216
357.400000,-39.873647,-40.212827,-40.028198
357.450000,-39.785576,-40.126075,-39.940468
357.500000,-39.697766,-40.039612,-39.853012
357.550000,-39.610199,-39.953425,-39.765816
357.600000,-39.522860,-39.867498,-39.678860
357.650000,-39.435729,-39.781812,-39.592128
357.700000,-39.348785,-39.696349,-39.505598
357.750000,-39.262006,-39.611089,-39.419248
357.800000,-39.175370,-39.526009,-39.333057
357.850000,-39.088852,-39.441087,-39.246999
357.900000,-39.002426,-39.356299,-39.161050
357.950000,-38.916066,-39.271619,-39.075183
358.000000,-38.829742,-39.187021,-38.989371
358.050000,-38.743428,-39.102479,-38.903584
358.100000,-38.657091,-39.017962,-38.817794
358.150000,-38.570700,-38.933443,-38.731969
358.200000,-38.484224,-38.848890,-38.646077
358.250000,-38.397628,-38.764272,-38.560086
358.300000,-38.310878,-38.679556,-38.473961
358.350000,-38.223937,-38.594709,-38.387668
358.400000,-38.136769,-38.509696,-38.301169
358.450000,-38.049334,-38.424480,-38.214426
358.500000,-37.961593,-38.339025,-38.127402
358.550000,-37.873504,-38.253291,-38.040055
358.600000,-37.785023,-38.167239,-37.952343
358.650000,-37.696106,-38.080827,-37.864222
358.700000,-37.606707,-37.994012,-37.775647
358.750000,-37.516775,-37.906747,-37.686570
358.800000,-37.426260,-37.818988,-37.596941
358.850000,-37.335109,-37.730683,-37.506709
358.900000,-37.243266,-37.641783,-37.415819
358.950000,-37.150672,-37.552232,-37.324214
359.000000,-37.057264,-37.461975,-37.231834
359.050000,-36.962980,-37.370952,-37.138617
359.100000,-36.867749,-37.279102,-37.044496
359.150000,-36.771500,-37.186357,-36.949401
359.200000,-36.674156,-37.092649,-36.853258
359.250000,-36.575636,-36.997904,-36.755989
359.300000,-36.475854,-36.902044,-36.657510
359.350000,-36.374717,-36.804985,-36.557731
359.400000,-36.272127,-36.706639,-36.456560
359.450000,-36.167979,-36.606912,-36.353893
359.500000,-36.062160,-36.505702,-36.249622
359.550000,-35.954550,-36.402900,-36.143631
359.600000,-35.845018,-36.298391,-36.035794
359.650000,-35.733422,-36.192047,-35.925975
359.700000,-35.619612,-36.083734,-35.814028
359.750000,-35.503421,-35.973304,-35.699795
359.800000,-35.384670,-35.860597,-35.583102
359.850000,-35.263164,-35.745440,-35.463761
359.900000,-35.138687,-35.627644,-35.341568
359.950000,-35.011006,-35.507000,-35.216296
360.000000,-34.879862,-35.383281,-35.087700
360.050000,-34.744970,-35.256237,-34.955506
360.100000,-34.606017,-35.125590,-34.819412
360.150000,-34.462652,-34.991035,-34.679084
360.200000,-34.314487,-34.852231,-34.534151
360.250000,-34.161086,-34.708798,-34.384198
360.300000,-34.001963,-34.560310,-34.228757
360.350000,-33.836568,-34.406291,-34.067307
360.400000,-33.664281,-34.246202,-33.899256
360.450000,-33.484399,-34.079434,-33.723932
360.500000,-33.296116,-33.905291,-33.540571
360.550000,-33.098513,-33.722980,-33.348297
360.600000,-32.890530,-33.531590,-33.146102
360.650000,-32.670937,-33.330068,-32.932820
360.700000,-32.438307,-33.117192,-32.707095
360.750000,-32.190963,-32.891532,-32.467339
360.800000,-31.926931,-32.651411,-32.211683
360.850000,-31.643865,-32.394842,-31.937907
360.900000,-31.338962,-32.119455,-31.643364
360.950000,-31.008844,-31.822407,-31.324864
361.000000,-30.649406,-31.500255,-30.978539
361.050000,-30.255621,-31.148797,-30.599656
361.100000,-29.821273,-30.762857,-30.182369
361.150000,-29.338608,-30.336004,-29.719397
361.200000,-28.797862,-29.860169,-29.201582
361.250000,-28.186628,-29.325141,-28.617305
361.300000,-27.489013,-28.717885,-27.951697
361.350000,-26.684525,-28.021650,-27.185612
361.400000,-25.746678,-27.214837,-26.294324
361.450000,-24.641390,-26.269675,-25.246027
361.500000,-23.325570,-25.150978,-24.000488
361.550000,-21.747103,-23.815835,-22.508928
361.600000,-19.849081,-22.216293,-20.717688
361.650000,-17.583815,-20.309153,-18.580731
361.700000,-14.943400,-18.078241,-16.087220
361.750000,-12.004327,-15.568853,-13.302568
361.800000,-8.957264,-12.915600,-10.397785
361.850000,-6.080761,-10.332694,-7.629471
361.900000,-3.660344,-8.060338,-5.268657
361.950000,-1.903229,-6.297431,-3.521361
362.000000,-0.898717,-5.159107,-2.487151
362.050000,-0.634181,-4.674614,-2.168113
362.100000,-1.036839,-4.811086,-2.504255
362.150000,-2.010076,-5.500992,-3.407142
362.200000,-3.453716,-6.661699,-4.780477
362.250000,-5.271804,-8.206255,-6.529385
362.300000,-7.374197,-10.048521,-8.563518
362.350000,-9.676398,-12.105696,-10.797940
362.400000,-12.099995,-14.300252,-13.154078
362.450000,-14.574768,-16.562373,-15.561868
362.500000,-17.042069,-18.832932,-17.962849
362.550000,-19.457349,-21.065782,-20.312478
362.600000,-21.789635,-23.227776,-22.579700
362.650000,-24.018066,-25.296385,-24.743803
362.700000,-26.127700,-27.256263,-26.790453
362.750000,-28.106572,-29.096361,-28.708721
362.800000,-29.944605,-30.808298,-30.489764
362.850000,-31.633955,-32.385951,-32.126868
362.900000,-33.169972,-33.825772,-33.616168
362.950000,-34.552017,-35.127253,-34.957343
363.000000,-35.783660,-36.293118,-36.153834
363.050000,-36.872173,-37.329063,-37.212445
363.100000,-37.827529,-38.243102,-38.142498
363.150000,-38.661249,-39.044740,-38.954810
363.200000,-39.385377,-39.744166,-39.660764
363.250000,-40.011717,-40.351602,-40.271588
363.300000,-40.551358,-40.876851,-40.797897
363.350000,-41.014430,-41.329030,-41.249440
363.400000,-41.410022,-41.716446,-41.635006
363.450000,-41.746205,-42.046568,-41.962425
363.500000,-42.030094,-42.326051,-42.238623
363.550000,-42.267948,-42.560797,-42.469705
363.600000,-42.465261,-42.756021,-42.661039
363.650000,-42.626855,-42.916332,-42.817345
363.700000,-42.756969,-43.045794,-42.942772
363.750000,-42.859326,-43.147996,-43.040972
363.800000,-42.937204,-43.226107,-43.115158
363.850000,-42.993490,-43.282928,-43.168164
363.900000,-43.030732,-43.320936,-43.202491
363.950000,-43.051179,-43.342325,-43.220346
364.000000,-43.056820,-43.349038,-43.223682
364.050000,-43.049412,-43.342797,-43.214226
364.100000,-43.030515,-43.325132,-43.193509
364.150000,-43.001506,-43.297399,-43.162886
364.200000,-42.963610,-43.260804,-43.123557
364.250000,-42.917912,-43.216418,-43.076590
364.300000,-42.865375,-43.165192,-43.022931
364.350000,-42.806853,-43.107974,-42.963418
364.400000,-42.743104,-43.045516,-42.898797
364.450000,-42.674803,-42.978488,-42.829730
364.500000,-42.602547,-42.907485,-42.756804
364.550000,-42.526867,-42.833036,-42.680540
364.600000,-42.448233,-42.755611,-42.601401
364.650000,-42.367064,-42.675628,-42.519798
364.700000,-42.283729,-42.593459,-42.436092
364.750000,-42.198557,-42.509431,-42.350608
364.800000,-42.111837,-42.423838,-42.263629
364.850000,-42.023828,-42.336938,-42.175408
364.900000,-41.934754,-42.248958,-42.086167
364.950000,-41.844817,-42.160102,-41.996102
365.000000,-41.754191,-42.070546,-41.905386
365.050000,-41.663031,-41.980448,-41.814169
365.100000,-41.571472,-41.889945,-41.722586
365.150000,-41.479632,-41.799157,-41.630750
365.200000,-41.387615,-41.708188,-41.538763
365.250000,-41.295508,-41.617130,-41.446711
365.300000,-41.203387,-41.526062,-41.354670
365.350000,-41.111320,-41.435051,-41.262704
365.400000,-41.019361,-41.344154,-41.170866
365.450000,-40.927557,-41.253421,-41.079203
365.500000,-40.835947,-41.162892,-40.987753
365.550000,-40.744563,-41.072600,-40.896547
365.600000,-40.653430,-40.982574,-40.805609
365.650000,-40.562568,-40.892833,-40.714958
365.700000,-40.471992,-40.803396,-40.624609
365.750000,-40.381711,-40.714272,-40.534571
365.800000,-40.291732,-40.625469,-40.444849
365.850000,-40.202056,-40.536992,-40.355446
365.900000,-40.112681,-40.448839,-40.266359
365.950000,-40.023605,-40.361009,-40.177584
366.000000,-39.934818,-40.273494,-40.089114
366.050000,-39.846312,-40.186288,-40.000939
366.100000,-39.758074,-40.099379,-39.913046
366.150000,-39.670091,-40.012754,-39.825423
366.200000,-39.582347,-39.926400,-39.738052
366.250000,-39.494823,-39.840300,-39.650917
366.300000,-39.407501,-39.754435,-39.563998
366.350000,-39.320359,-39.668787,-39.477275
366.400000,-39.233375,-39.583335,-39.390726
366.450000,-39.146527,-39.498057,-39.304328
366.500000,-39.059789,-39.412930,-39.218055
366.550000,-38.973134,-39.327928,-39.131884
366.600000,-38.886537,-39.243028,-39.045786
366.650000,-38.799968,-39.158202,-38.959734
366.700000,-38.713399,-39.073422,-38.873700
366.750000,-38.626797,-38.988660,-38.787652
366.800000,-38.540132,-38.903885,-38.701559
366.850000,-38.453371,-38.819067,-38.615390
366.900000,-38.366479,-38.734174,-38.529110
366.950000,-38.279421,-38.649173,-38.442686
367.000000,-38.192160,-38.564030,-38.356081
367.050000,-38.104660,-38.478709,-38.269259
367.100000,-38.016879,-38.393173,-38.182180
367.150000,-37.928778,-38.307386,-38.094806
367.200000,-37.840315,-38.221306,-38.007096
367.250000,-37.751445,-38.134895,-37.919005
367.300000,-37.662123,-38.048108,-37.830490
367.350000,-37.572300,-37.960903,-37.741504
367.400000,-37.481928,-37.873233,-37.651999
367.450000,-37.390954,-37.785050,-37.561924
367.500000,-37.299323,-37.696305,-37.471225
367.550000,-37.206978,-37.606943,-37.379848
367.600000,-37.113860,-37.516912,-37.287735
367.650000,-37.019905,-37.426152,-37.194824
367.700000,-36.925047,-37.334604,-37.101050
367.750000,-36.829216,-37.242204,-37.006347
367.800000,-36.732337,-37.148883,-36.910641
367.850000,-36.634333,-37.054571,-36.813858
367.900000,-36.535119,-36.959193,-36.715917
367.950000,-36.434608,-36.862668,-36.616731
368.000000,-36.332703,-36.764910,-36.516210
368.050000,-36.229305,-36.665828,-36.414256
368.100000,-36.124305,-36.565326,-36.310764
368.150000,-36.017586,-36.463298,-36.205622
368.200000,-35.909024,-36.359634,-36.098711
368.250000,-35.798485,-36.254211,-35.989900
368.300000,-35.685822,-36.146902,-35.879049
368.350000,-35.570878,-36.037564,-35.766008
368.400000,-35.453483,-35.926046,-35.650611
368.450000,-35.333448,-35.812182,-35.532679
368.500000,-35.210573,-35.695793,-35.412017
368.550000,-35.084633,-35.576681,-35.288413
368.600000,-34.955385,-35.454630,-35.161632
368.650000,-34.822561,-35.329405,-35.031416
368.700000,-34.685863,-35.200743,-34.897481
368.750000,-34.544962,-35.068356,-34.759513
368.800000,-34.399494,-34.931924,-34.617162
368.850000,-34.249051,-34.791091,-34.470039
368.900000,-34.093177,-34.645458,-34.317708
368.950000,-33.931360,-34.494580,-34.159681
369.000000,-33.763024,-34.337955,-33.995408
369.050000,-33.587514,-34.175017,-33.824265
369.100000,-33.404087,-34.005121,-33.645544
369.150000,-33.211893,-33.827535,-33.458437
369.200000,-33.009957,-33.641418,-33.262015
369.250000,-32.797152,-33.445804,-33.055209
369.300000,-32.572171,-33.239572,-32.836778
369.350000,-32.333489,-33.021421,-32.605276
369.400000,-32.079315,-32.789824,-32.359004
369.450000,-31.807529,-32.542983,-32.095959
369.500000,-31.515609,-32.278763,-31.813755
369.550000,-31.200531,-31.994612,-31.509535
369.600000,-30.858636,-31.687456,-31.179849
369.650000,-30.485468,-31.353561,-30.820498
369.700000,-30.075546,-30.988354,-30.426325
369.750000,-29.622070,-30.586181,-29.990937
369.800000,-29.116525,-30.139992,-29.506345
369.850000,-28.548152,-29.640908,-28.962462
369.900000,-27.903231,-29.077655,-28.346444
369.950000,-27.164141,-28.435800,-27.641817
370.000000,-26.308133,-27.696768,-26.827331
370.050000,-25.305833,-26.836615,-25.875571
370.100000,-24.119654,-25.824703,-24.751459
370.150000,-22.702770,-24.622692,-23.411238
370.200000,-21.000380,-23.185144,-21.803503
370.250000,-18.957170,-21.464518,-19.875769
370.300000,-16.537442,-19.425512,-17.592517
370.350000,-13.762802,-17.073074,-14.969425
370.400000,-10.755581,-14.487471,-12.113945
370.450000,-7.749069,-11.839726,-9.237735
370.500000,-5.035087,-9.362217,-6.612716
370.550000,-2.874482,-7.284793,-4.490480
370.600000,-1.426671,-5.774112,-3.034588
370.650000,-0.734684,-4.908002,-2.301038
370.700000,-0.756159,-4.686726,-2.261909
370.750000,-1.405334,-5.060375,-2.842408
370.800000,-2.582812,-5.953608,-3.949392
370.850000,-4.189895,-7.281306,-5.486695
370.900000,-6.133147,-8.956596,-7.361281
370.950000,-8.324888,-10.894609,-9.485080
371.000000,-10.683095,-13.014590,-11.775722
371.050000,-13.132485,-15.241964,-14.157914
371.100000,-15.607300,-17.511072,-16.566104
371.150000,-18.054642,-19.768062,-18.947513
371.200000,-20.435898,-21.972370,-21.263464
371.250000,-22.724817,-24.095654,-23.487680
371.300000,-24.903456,-26.118775,-25.602540
371.350000,-26.958352,-28.028445,-27.595383
371.400000,-28.878356,-29.814832,-29.456209
371.450000,-30.654221,-31.470482,-31.176994
371.500000,-32.279299,-32.990271,-32.752099
371.550000,-33.750517,-34.371850,-34.179048
371.600000,-35.068973,-35.616031,-35.459067
371.650000,-36.239837,-36.726802,-36.597038
371.700000,-37.271598,-37.710883,-37.600895
371.750000,-38.174973,-38.576979,-38.480669
371.800000,-38.961779,-39.334942,-39.247484
371.850000,-39.644010,-39.995018,-39.912705
371.900000,-40.233197,-40.567281,-40.487331
371.950000,-40.740033,-41.061258,-40.981622
372.000000,-41.174209,-41.485729,-41.404923
372.050000,-41.544379,-41.848644,-41.765614
372.100000,-41.858202,-42.157123,-42.071136
372.150000,-42.122421,-42.417496,-42.328061
372.200000,-42.342965,-42.635370,-42.542173
372.250000,-42.525037,-42.815697,-42.718562
372.300000,-42.673205,-42.962851,-42.861700
372.350000,-42.791486,-43.080690,-42.975519
372.400000,-42.883409,-43.172622,-43.063484
372.450000,-42.952084,-43.241657,-43.128643
372.500000,-43.000253,-43.290457,-43.173687
372.550000,-43.030334,-43.321377,-43.200990
372.600000,-43.044465,-43.336503,-43.212651
372.650000,-43.044535,-43.337683,-43.210525
372.700000,-43.032217,-43.326557,-43.196255
372.750000,-43.008991,-43.304581,-43.171297
372.800000,-42.976172,-43.273046,-43.136939
372.850000,-42.934923,-43.233100,-43.094327
372.900000,-42.886277,-43.185764,-43.044474
372.950000,-42.831151,-43.131946,-42.988281
373.000000,-42.770358,-43.072451,-42.926549
373.050000,-42.704622,-43.007997,-42.859985
373.100000,-42.634584,-42.939222,-42.789222
373.150000,-42.560812,-42.866693,-42.714817
373.200000,-42.483813,-42.790914,-42.637267
373.250000,-42.404034,-42.712334,-42.557013
373.300000,-42.321873,-42.631351,-42.474445
373.350000,-42.237684,-42.548318,-42.389910
373.400000,-42.151776,-42.463547,-42.303713
373.450000,-42.064428,-42.377318,-42.216126
373.500000,-41.975883,-42.289876,-42.127388
373.550000,-41.886356,-42.201438,-42.037711
373.600000,-41.796036,-42.112195,-41.947280
373.650000,-41.705092,-42.022318,-41.856260
373.700000,-41.613668,-41.931954,-41.764793
373.750000,-41.521893,-41.841234,-41.673006
373.800000,-41.429878,-41.750270,-41.581007
373.850000,-41.337720,-41.659164,-41.488891
373.900000,-41.245504,-41.567999,-41.396741
373.950000,-41.153299,-41.476850,-41.304625
374.000000,-41.061169,-41.385780,-41.212606
374.050000,-40.969165,-41.294844,-41.120733
374.100000,-40.877330,-41.204086,-41.029048
374.150000,-40.785701,-41.113545,-40.937587
374.200000,-40.694306,-41.023251,-40.846378
374.250000,-40.603169,-40.933229,-40.755444
374.300000,-40.512307,-40.843499,-40.664801
374.350000,-40.421732,-40.754073,-40.574461
374.400000,-40.331453,-40.664963,-40.484433
374.450000,-40.241474,-40.576173,-40.394719
374.500000,-40.151795,-40.487707,-40.305321
374.550000,-40.062414,-40.399562,-40.216235
374.600000,-39.973325,-40.311734,-40.127456
374.650000,-39.884520,-40.224217,-40.038975
374.700000,-39.795988,-40.137001,-39.950781
374.750000,-39.707715,-40.050075,-39.862861
374.800000,-39.619688,-39.963424,-39.775202
374.850000,-39.531888,-39.877035,-39.687785
374.900000,-39.444298,-39.790889,-39.600592
374.950000,-39.356898,-39.704968,-39.513604
375.000000,-39.269666,-39.619252,-39.426800
375.050000,-39.182579,-39.533719,-39.340157
375.100000,-39.095613,-39.448348,-39.253650
375.150000,-39.008742,-39.363113,-39.167256
375.200000,-38.921941,-39.277991,-39.080947
375.250000,-38.835180,-39.192955,-38.994696
375.300000,-38.748431,-39.107977,-38.908475
375.350000,-38.661664,-39.023030,-38.822254
375.400000,-38.574847,-38.938084,-38.736002
375.450000,-38.487948,-38.853108,-38.649688
375.500000,-38.400933,-38.768070,-38.563278
375.550000,-38.313767,-38.682939,-38.476737
375.600000,-38.226414,-38.597680,-38.390032
375.650000,-38.138837,-38.512259,-38.303124
375.700000,-38.050997,-38.426639,-38.215977
375.750000,-37.962853,-38.340782,-38.128551
375.800000,-37.874364,-38.254651,-38.040805
375.850000,-37.785487,-38.168204,-37.952697
375.900000,-37.696176,-38.081400,-37.864182
375.950000,-37.606384,-37.994196,-37.775216
376.000000,-37.516062,-37.906545,-37.685751
376.050000,-37.425159,-37.818401,-37.595735
376.100000,-37.333622,-37.729714,-37.505118
376.150000,-37.241393,-37.640432,-37.413844
376.200000,-37.148414,-37.550502,-37.321856
376.250000,-37.054623,-37.459867,-37.229095
376.300000,-36.959955,-37.368467,-37.135496
376.350000,-36.864340,-37.276240,-37.040994
376.400000,-36.767707,-37.183118,-36.945517
376.450000,-36.669978,-37.089033,-36.848992
376.500000,-36.571071,-36.993910,-36.751339
376.550000,-36.470900,-36.897671,-36.652475
376.600000,-36.369372,-36.800232,-36.552309
376.650000,-36.266388,-36.701504,-36.450747
376.700000,-36.161843,-36.601391,-36.347687
376.750000,-36.055623,-36.499793,-36.243019
376.800000,-35.947606,-36.396599,-36.136626
376.850000,-35.837661,-36.291693,-36.028382
376.900000,-35.725647,-36.184947,-35.918150
376.950000,-35.611411,-36.076226,-35.805783
377.000000,-35.494785,-35.965381,-35.691122
377.050000,-35.375590,-35.852251,-35.573992
377.100000,-35.253628,-35.736662,-35.454204
377.150000,-35.128684,-35.618424,-35.331552
377.200000,-35.000522,-35.497326,-35.205809
377.250000,-34.868882,-35.373141,-35.076726
377.300000,-34.733478,-35.245615,-34.944029
377.350000,-34.593992,-35.114471,-34.807415
377.400000,-34.450072,-34.979400,-34.666546
377.450000,-34.301328,-34.840059,-34.521048
377.500000,-34.147321,-34.696064,-34.370503
377.550000,-33.987559,-34.546989,-34.214442
377.600000,-33.821491,-34.392353,-34.052337
377.650000,-33.648491,-34.231611,-33.883593
377.700000,-33.467848,-34.064151,-33.707533
377.750000,-33.278754,-33.889272,-33.523386
377.800000,-33.080279,-33.706174,-33.330269
377.850000,-32.871353,-33.513938,-33.127164
377.900000,-32.650739,-33.311501,-32.912897
377.950000,-32.416993,-33.097630,-32.686098
378.000000,-32.168424,-32.870884,-32.445166
378.050000,-31.903038,-32.629568,-32.188211
378.100000,-31.618467,-32.371675,-31.912993
378.150000,-31.311877,-32.094812,-31.616836
378.200000,-30.979855,-31.796106,-31.296518
378.250000,-30.618251,-31.472077,-30.948128
378.300000,-30.221979,-31.118475,-30.566877
378.350000,-29.784751,-30.730065,-30.146854
378.400000,-29.298721,-30.300338,-29.680690
378.450000,-28.754003,-29.821130,-29.159115
378.500000,-28.138037,-29.282103,-28.570364
378.550000,-27.434729,-28.670060,-27.899385
378.600000,-26.623337,-27.968046,-27.126796
378.650000,-25.677067,-27.154210,-26.227583
378.700000,-24.561482,-26.200488,-25.169609
378.750000,-23.233164,-25.071408,-23.912329
378.800000,-21.639868,-23.723904,-22.406824
378.850000,-19.725167,-22.110302,-20.599846
378.900000,-17.443209,-20.188667,-18.446989
378.950000,-14.790115,-17.945759,-15.941051
379.000000,-11.848381,-15.431504,-13.152970
379.050000,-8.814046,-12.785162,-10.258903
379.100000,-5.966829,-10.222926,-7.516948
379.150000,-3.588124,-7.982963,-5.194762
379.200000,-1.877961,-6.259173,-3.491931
379.250000,-0.918981,-5.161204,-2.501707
379.300000,-0.694519,-4.714239,-2.222054
379.350000,-1.130284,-4.883206,-2.591177
379.400000,-2.129614,-5.599736,-3.520298
379.450000,-3.592838,-6.781112,-4.913433
379.500000,-5.424584,-8.340626,-6.676200
379.550000,-7.535236,-10.192511,-8.718762
379.600000,-9.840789,-12.254418,-10.956695
379.650000,-12.263394,-14.449374,-13.312019
379.700000,-14.733574,-16.708268,-15.715417
379.750000,-17.193603,-18.972827,-18.109339
379.800000,-19.599875,-21.197787,-20.450169
379.850000,-21.922165,-23.350756,-22.707600
379.900000,-24.140072,-25.409726,-24.861402
379.950000,-26.238885,-27.359664,-26.897496
380.000000,-28.206759,-29.189696,-28.805088
380.050000,-30.033732,-30.891566,-30.575444
380.100000,-31.712116,-32.459280,-32.201988
380.150000,-33.237460,-33.889436,-33.681028
380.200000,-34.609339,-35.181686,-35.012431
380.250000,-35.831509,-36.338898,-36.199804
380.300000,-36.911367,-37.366874,-37.250066
380.350000,-37.858945,-38.273687,-38.172597
380.400000,-38.685762,-39.068854,-38.978218
380.450000,-39.403820,-39.762539,-39.678271
380.500000,-40.024850,-40.364914,-40.283924
380.550000,-40.559862,-40.885719,-40.805717
380.600000,-41.018903,-41.334006,-41.253322
380.650000,-41.410986,-41.718016,-41.635456
380.700000,-41.744111,-42.045157,-41.959882
380.750000,-42.025334,-42.322031,-42.233469
380.800000,-42.260859,-42.554489,-42.462269
380.850000,-42.456135,-42.747707,-42.651607
380.900000,-42.615946,-42.906255,-42.806164
380.950000,-42.744494,-43.034165,-42.930056
381.000000,-42.845474,-43.135000,-43.026905
381.050000,-42.922138,-43.211903,-43.099901
381.100000,-42.977354,-43.267657,-43.151857
381.150000,-43.013650,-43.304719,-43.185255
381.200000,-43.033258,-43.325268,-43.202288
381.250000,-43.038154,-43.331233,-43.204892
381.300000,-43.030083,-43.324325,-43.194786
381.350000,-43.010592,-43.306063,-43.173487
381.400000,-42.981053,-43.277795,-43.142342
381.450000,-42.942680,-43.240718,-43.102546
381.500000,-42.896552,-43.195897,-43.055156
381.550000,-42.843625,-43.144277,-43.001114
381.600000,-42.784748,-43.086700,-42.941253
381.650000,-42.720675,-43.023914,-42.876314
381.700000,-42.652077,-42.956585,-42.806955
381.750000,-42.579546,-42.885303,-42.733759
381.800000,-42.503610,-42.810596,-42.657244
381.850000,-42.424738,-42.732930,-42.577871
381.900000,-42.343344,-42.652721,-42.496047
381.950000,-42.259798,-42.570337,-42.412133
382.000000,-42.174424,-42.486107,-42.326450
382.050000,-42.087511,-42.400320,-42.239281
382.100000,-41.999316,-42.313232,-42.150877
382.150000,-41.910062,-42.225072,-42.061458
382.200000,-41.819948,-42.136040,-41.971220
382.250000,-41.729150,-42.046313,-41.880335
382.300000,-41.637820,-41.956046,-41.788951
382.350000,-41.546093,-41.865377,-41.697202
382.400000,-41.454086,-41.774423,-41.605202
382.450000,-41.361902,-41.683290,-41.513050
382.500000,-41.269627,-41.592069,-41.420834
382.550000,-41.177339,-41.500836,-41.328628
382.600000,-41.085102,-41.409659,-41.236495
382.650000,-40.992972,-41.318595,-41.144489
382.700000,-40.900994,-41.227693,-41.052655
382.750000,-40.809209,-41.136993,-40.961032
382.800000,-40.717646,-41.046528,-40.869650
382.850000,-40.626331,-40.956325,-40.778533
382.900000,-40.535284,-40.866406,-40.687700
382.950000,-40.444518,-40.776786,-40.597165
383.000000,-40.354044,-40.687476,-40.506937
383.050000,-40.263866,-40.598483,-40.417021
383.100000,-40.173987,-40.509811,-40.327419
383.150000,-40.084406,-40.421460,-40.238128
383.200000,-39.995116,-40.333426,-40.149145
383.250000,-39.906112,-40.245703,-40.060460
383.300000,-39.817382,-40.158283,-39.972066
383.350000,-39.728915,-40.071155,-39.883948
383.400000,-39.640696,-39.984307,-39.796093
383.450000,-39.552709,-39.897722,-39.708485
383.500000,-39.464936,-39.811385,-39.621106
383.550000,-39.377357,-39.725278,-39.533936
383.600000,-39.289952,-39.639380,-39.446955
383.650000,-39.202698,-39.553672,-39.360141
383.700000,-39.115570,-39.468130,-39.273469
383.750000,-39.028544,-39.382732,-39.186916
383.800000,-38.941594,-39.297451,-39.100455
383.850000,-38.854692,-39.212264,-39.014059
383.900000,-38.767809,-39.127142,-38.927700
383.950000,-38.680914,-39.042057,-38.841348
384.000000,-38.593978,-38.956980,-38.754973
384.050000,-38.506968,-38.871882,-38.668543
384.100000,-38.419849,-38.786730,-38.582025
384.150000,-38.332589,-38.701492,-38.495385
384.200000,-38.245149,-38.616134,-38.408589
384.250000,-38.157495,-38.530623,-38.321599
384.300000,-38.069586,-38.444921,-38.234379
384.350000,-37.981383,-38.358992,-38.146889
384.400000,-37.892845,-38.272797,-38.059088
384.450000,-37.803928,-38.186296,-37.970935
384.500000,-37.714587,-38.099447,-37.882386
384.550000,-37.624777,-38.012208,-37.793396
384.600000,-37.534447,-37.924533,-37.703916
384.650000,-37.443548,-37.836375,-37.613898
384.700000,-37.352025,-37.747685,-37.523289
384.750000,-37.259824,-37.658412,-37.432036
384.800000,-37.166885,-37.568503,-37.340081
384.850000,-37.073147,-37.477900,-37.247366
384.900000,-36.978546,-37.386545,-37.153826
384.950000,-36.883013,-37.294376,-37.059397
385.000000,-36.786476,-37.201327,-36.964009
385.050000,-36.688859,-37.107329,-36.867587
385.100000,-36.590082,-37.012309,-36.770054
385.150000,-36.490058,-36.916189,-36.671326
385.200000,-36.388696,-36.818885,-36.571316
385.250000,-36.285897,-36.720311,-36.469928
385.300000,-36.181559,-36.620372,-36.367063
385.350000,-36.075568,-36.518967,-36.262612
385.400000,-35.967805,-36.415989,-36.156459
385.450000,-35.858141,-36.311322,-36.048480
385.500000,-35.746435,-36.204841,-35.938541
385.550000,-35.632536,-36.096412,-35.826495
385.600000,-35.516281,-35.985887,-35.712187
385.650000,-35.397493,-35.873110,-35.595444
385.700000,-35.275976,-35.757909,-35.476080
385.750000,-35.151519,-35.640094,-35.353893
385.800000,-35.023890,-35.519462,-35.228659
385.850000,-34.892834,-35.395787,-35.100134
385.900000,-34.758070,-35.268821,-34.968049
385.950000,-34.619286,-35.138292,-34.832105
386.000000,-34.476137,-35.003895,-34.691973
386.050000,-34.328240,-34.865295,-34.547285
386.100000,-34.175166,-34.722118,-34.397631
386.150000,-34.016433,-34.573943,-34.242554
386.200000,-33.851502,-34.420301,-34.081536
386.250000,-33.679762,-34.260661,-33.913995
386.300000,-33.500519,-34.094424,-33.739272
386.350000,-33.312984,-33.920905,-33.556613
386.400000,-33.116251,-33.739324,-33.365158
386.450000,-32.909279,-33.548787,-33.163917
386.500000,-32.690864,-33.348261,-32.951747
386.550000,-32.459603,-33.136545,-32.727317
386.600000,-32.213858,-32.912241,-32.489072
386.650000,-31.951694,-32.673706,-32.235182
386.700000,-31.670820,-32.418996,-31.963479
386.750000,-31.368498,-32.145798,-31.671376
386.800000,-31.041433,-31.851337,-31.355763
386.850000,-30.685629,-31.532259,-31.012871
386.900000,-30.296195,-31.184473,-30.638095
386.950000,-29.867093,-30.802950,-30.225757
387.000000,-29.390803,-30.381448,-29.768793
387.050000,-28.857870,-29.912150,-29.258335
387.100000,-28.256298,-29.385178,-28.683143
387.150000,-27.570743,-28.787940,-28.028863
387.200000,-26.781449,-28.104277,-27.277031
387.250000,-25.862897,-27.313372,-26.403820
387.300000,-24.782243,-26.388458,-25.378578
387.350000,-23.497873,-25.295562,-24.162455
387.400000,-21.959133,-23.993029,-22.708052
387.450000,-20.109792,-22.433661,-20.962422
387.500000,-17.900358,-20.573276,-18.878013
387.550000,-15.316011,-18.390972,-16.437864
387.600000,-12.419829,-15.922180,-13.695226
387.650000,-9.386514,-13.288713,-10.806221
387.700000,-6.484802,-10.695146,-8.017592
387.750000,-4.002335,-8.380362,-5.601182
387.800000,-2.158641,-6.550463,-3.773517
387.850000,-1.058315,-5.331917,-2.648168
387.900000,-0.700506,-4.764371,-2.238683
387.950000,-1.018819,-4.821998,-2.491841
388.000000,-1.919027,-5.441091,-3.322189
388.050000,-3.301323,-6.540735,-4.634291
388.100000,-5.069401,-8.034575,-6.333223
388.150000,-7.132632,-9.836514,-8.328274
388.200000,-9.406009,-11.863481,-10.534008
388.250000,-11.810468,-14.037386,-12.871163
388.300000,-14.274770,-16.287474,-15.268624
388.350000,-16.738788,-18.553276,-17.666457
388.400000,-19.156253,-20.787051,-20.018417
388.450000,-21.494661,-22.954147,-22.291909
388.500000,-23.732106,-25.030872,-24.465128
388.550000,-25.853080,-27.001133,-26.523104
388.600000,-27.845326,-28.853430,-28.454565
388.650000,-29.698532,-30.579072,-30.250416
388.700000,-31.404517,-32.171625,-31.903628
388.750000,-32.958146,-33.627160,-33.409905
388.800000,-34.358196,-34.944722,-34.768404
388.850000,-35.607646,-36.126573,-35.982034
388.900000,-36.713261,-37.177993,-37.057132
388.950000,-37.684646,-38.106673,-38.002675
389.000000,-38.533108,-38.921910,-38.829272
389.050000,-39.270606,-39.633785,-39.548216
389.100000,-39.908956,-40.252498,-40.170734
389.150000,-40.459313,-40.787885,-40.707499
389.200000,-40.931909,-41.249132,-41.168350
389.250000,-41.335946,-41.644633,-41.562178
389.300000,-41.679605,-41.981945,-41.896918
389.350000,-41.970109,-42.267814,-42.179599
389.400000,-42.213813,-42.508226,-42.416417
389.450000,-42.416299,-42.708475,-42.612825
389.500000,-42.582466,-42.873239,-42.773617
389.550000,-42.716621,-43.006644,-42.903008
389.600000,-42.822547,-43.112336,-43.004710
389.650000,-42.903575,-43.193534,-43.081986
389.700000,-42.962639,-43.253081,-43.137718
389.750000,-43.002329,-43.293496,-43.174445
389.800000,-43.024929,-43.317004,-43.194411
389.850000,-43.032460,-43.325581,-43.199599
389.900000,-43.026709,-43.320975,-43.191767
389.950000,-43.009258,-43.304740,-43.172466
390.000000,-42.981510,-43.278255,-43.143076
390.050000,-42.944707,-43.242743,-43.104817
390.100000,-42.899953,-43.199293,-43.058772
390.150000,-42.848226,-43.148872,-43.005903
390.200000,-42.790393,-43.092340,-42.947063
390.250000,-42.727228,-43.030463,-42.883009
390.300000,-42.659413,-42.963920,-42.814415
390.350000,-42.587557,-42.893317,-42.741877
390.400000,-42.512199,-42.819191,-42.665924
390.450000,-42.433819,-42.742020,-42.587029
390.500000,-42.352840,-42.662230,-42.505607
390.550000,-42.269641,-42.580197,-42.422029
390.600000,-42.184553,-42.496256,-42.336622
390.650000,-42.097873,-42.410705,-42.249676
390.700000,-42.009862,-42.323806,-42.161449
390.750000,-41.920751,-42.235792,-42.072165
390.800000,-41.830744,-42.146868,-41.982026
390.850000,-41.740018,-42.057216,-41.891207
390.900000,-41.648732,-41.966995,-41.799861
390.950000,-41.557023,-41.876345,-41.708124
391.000000,-41.465012,-41.785388,-41.616115
391.050000,-41.372804,-41.694232,-41.523935
391.100000,-41.280488,-41.602970,-41.431674
391.150000,-41.188144,-41.511681,-41.339408
391.200000,-41.095839,-41.420436,-41.247203
391.250000,-41.003628,-41.329292,-41.155114
391.300000,-40.911561,-41.238300,-41.063188
391.350000,-40.819678,-41.147501,-40.971464
391.400000,-40.728011,-41.056931,-40.879975
391.450000,-40.636586,-40.966618,-40.788746
391.500000,-40.545424,-40.876582,-40.697796
391.550000,-40.454540,-40.786842,-40.607140
391.600000,-40.363944,-40.697409,-40.516789
391.650000,-40.273644,-40.608291,-40.426747
391.700000,-40.183640,-40.519492,-40.337018
391.750000,-40.093932,-40.431013,-40.247600
391.800000,-40.004517,-40.342850,-40.158488
391.850000,-39.915386,-40.254999,-40.069676
391.900000,-39.826531,-40.167450,-39.981154
391.950000,-39.737939,-40.080195,-39.892910
392.000000,-39.649596,-39.993220,-39.804930
392.050000,-39.561487,-39.906510,-39.717199
392.100000,-39.473594,-39.820049,-39.629698
392.150000,-39.385897,-39.733820,-39.542408
392.200000,-39.298375,-39.647804,-39.455309
392.250000,-39.211007,-39.561978,-39.368379
392.300000,-39.123768,-39.476321,-39.281595
392.350000,-39.036633,-39.390810,-39.194931
392.400000,-38.949577,-39.305420,-39.108363
392.450000,-38.862572,-39.220126,-39.021863
392.500000,-38.775589,-39.134900,-38.935402
392.550000,-38.688598,-39.049715,-38.848952
392.600000,-38.601568,-38.964541,-38.762482
392.650000,-38.514467,-38.879348,-38.675960
392.700000,-38.427262,-38.794105,-38.589354
392.750000,-38.339918,-38.708779,-38.502630
392.800000,-38.252399,-38.623337,-38.415752
392.850000,-38.164668,-38.537745,-38.328685
392.900000,-38.076687,-38.451966,-38.241390
392.950000,-37.988416,-38.365964,-38.153830
393.000000,-37.899813,-38.279699,-38.065963
393.050000,-37.810836,-38.193133,-37.977748
393.100000,-37.721439,-38.106222,-37.889140
393.150000,-37.631576,-38.018925,-37.800096
393.200000,-37.541198,-37.931196,-37.710566
393.250000,-37.450255,-37.842988,-37.620502
393.300000,-37.358694,-37.754253,-37.529852
393.350000,-37.266458,-37.664939,-37.438562
393.400000,-37.173489,-37.574993,-37.346575
393.450000,-37.079727,-37.484359,-37.253832
393.500000,-36.985106,-37.392977,-37.160271
393.550000,-36.889559,-37.300786,-37.065825
393.600000,-36.793013,-37.207721,-36.970425
393.650000,-36.695393,-37.113712,-36.873997
393.700000,-36.596619,-37.018686,-36.776464
393.750000,-36.496604,-36.922565,-36.677742
393.800000,-36.395258,-36.825268,-36.577744
393.850000,-36.292483,-36.726707,-36.476376
393.900000,-36.188175,-36.626787,-36.373537
393.950000,-36.082223,-36.525409,-36.269121
394.000000,-35.974507,-36.422466,-36.163011
394.050000,-35.864898,-36.317841,-36.055083
394.100000,-35.753258,-36.211412,-35.945204
394.150000,-35.639435,-36.103043,-35.833229
394.200000,-35.523267,-35.992589,-35.719001
394.250000,-35.404577,-35.879893,-35.602351
394.300000,-35.283172,-35.764784,-35.483092
394.350000,-35.158841,-35.647076,-35.361023
394.400000,-35.031354,-35.526563,-35.235923
394.450000,-34.900456,-35.403023,-35.107548
394.500000,-34.765869,-35.276208,-34.975630
394.550000,-34.627282,-35.145847,-34.839874
394.600000,-34.484354,-35.011640,-34.699950
394.650000,-34.336702,-34.873251,-34.555496
394.700000,-34.183902,-34.730310,-34.406103
394.750000,-34.025475,-34.582400,-34.251315
394.800000,-33.860885,-34.429053,-34.090622
394.850000,-33.689526,-34.269743,-33.923445
394.900000,-33.510710,-34.103875,-33.749128
394.950000,-33.323655,-33.930772,-33.566926
395.000000,-33.127461,-33.749659,-33.375986
395.050000,-32.921099,-33.559649,-33.175325
395.100000,-32.703373,-33.359719,-32.963811
395.150000,-32.472897,-33.148680,-32.740126
395.200000,-32.228046,-32.925147,-32.502732
395.250000,-31.966907,-32.687494,-32.249817
395.300000,-31.687214,-32.433798,-31.979235
395.350000,-31.386260,-32.161772,-31.688430
395.400000,-31.060790,-31.868673,-31.374329
395.450000,-30.706856,-31.551188,-31.033208
395.500000,-30.319631,-31.205279,-30.660524
395.550000,-29.893161,-30.825985,-30.250674
395.600000,-29.420033,-30.407150,-29.796695
395.650000,-28.890931,-29.941072,-29.289850
395.700000,-28.294047,-29.418024,-28.719073
395.750000,-27.614283,-28.825612,-28.070239
395.800000,-26.832207,-28.147943,-27.325186
395.850000,-25.922728,-27.364541,-26.460485
395.900000,-24.853538,-26.449077,-25.445983
395.950000,-23.583648,-25.368094,-24.243416
396.000000,-22.062998,-24.080453,-22.805951
396.050000,-20.235570,-22.539224,-21.080870
396.100000,-18.050936,-20.699681,-19.019833
396.150000,-15.491031,-18.538681,-16.602985
396.200000,-12.612713,-16.087066,-13.877942
396.250000,-9.583278,-13.460705,-10.993910
396.300000,-6.666929,-10.859718,-8.193084
396.350000,-4.152464,-8.522488,-5.747832
396.400000,-2.265439,-6.658695,-3.879844
396.450000,-1.117904,-5.400362,-2.709526
396.500000,-0.714724,-4.792201,-2.255997
396.550000,-0.992552,-4.811774,-2.469274
396.600000,-1.858227,-5.397166,-3.265268
396.650000,-3.212019,-6.468209,-4.548862
396.700000,-4.957358,-7.938750,-6.225016
396.750000,-7.003299,-9.722634,-8.202760
396.800000,-9.264526,-11.736589,-10.396350
396.850000,-11.661597,-13.902192,-12.726131
396.900000,-14.122733,-16.148182,-15.120428
396.950000,-16.587042,-18.413390,-17.518548
397.000000,-19.007376,-20.649264,-19.873377
397.050000,-21.350446,-22.820382,-22.151536
397.100000,-23.593810,-24.902461,-24.330658
397.150000,-25.721664,-26.879028,-26.395449
397.200000,-27.721605,-28.738359,-28.334467
397.250000,-29.583207,-30.471611,-30.138491
397.300000,-31.298129,-32.072205,-31.800349
397.350000,-32.861013,-33.536035,-33.315543
397.400000,-34.270368,-34.861943,-34.682994
397.450000,-35.528903,-36.051983,-35.905366
397.500000,-36.643154,-37.111244,-36.988789
397.550000,-37.622566,-38.047280,-37.942090
397.600000,-38.478360,-38.869298,-38.775791
397.650000,-39.222468,-39.587344,-39.501154
397.700000,-39.866721,-40.211615,-40.129420
397.750000,-40.422322,-40.751976,-40.671301
397.800000,-40.899558,-41.217652,-41.136685
397.850000,-41.307693,-41.617085,-41.534521
397.900000,-41.654967,-41.957883,-41.872802
397.950000,-41.948660,-42.246838,-42.158607
398.000000,-42.195177,-42.489981,-42.398182
398.050000,-42.400144,-42.692647,-42.597023
398.100000,-42.568500,-42.859548,-42.759962
398.150000,-42.704585,-42.994844,-42.891248
398.200000,-42.812215,-43.102207,-42.994621
398.250000,-42.894747,-43.184882,-43.073373
398.300000,-42.955138,-43.245736,-43.130405
398.350000,-42.995997,-43.287303,-43.168279
398.400000,-43.019627,-43.311829,-43.189255
398.450000,-43.028065,-43.321303,-43.195333
398.500000,-43.023111,-43.317487,-43.188281
398.550000,-43.006360,-43.301947,-43.169667
398.600000,-42.979225,-43.276071,-43.140877
398.650000,-42.942959,-43.241093,-43.103143
398.700000,-42.898673,-43.198110,-43.057557
398.750000,-42.847353,-43.148095,-43.005086
398.800000,-42.789874,-43.091916,-42.946590
398.850000,-42.727012,-43.030343,-42.882834
398.900000,-42.659459,-42.964062,-42.814494
398.950000,-42.587826,-42.893682,-42.742173
399.000000,-42.512657,-42.819746,-42.666404
399.050000,-42.434434,-42.742734,-42.587662
399.100000,-42.353587,-42.663076,-42.506366
399.150000,-42.270493,-42.581151,-42.422891
399.200000,-42.185491,-42.497297,-42.337566
399.250000,-42.098877,-42.411812,-42.250683
399.300000,-42.010915,-42.324963,-42.162501
399.350000,-41.921837,-42.236983,-42.073249
399.400000,-41.831849,-42.148080,-41.983127
399.450000,-41.741132,-42.058437,-41.892313
399.500000,-41.649843,-41.968214,-41.800963
399.550000,-41.558122,-41.877553,-41.709213
399.600000,-41.466091,-41.786576,-41.617182
399.650000,-41.373854,-41.695393,-41.524973
399.700000,-41.281505,-41.604097,-41.432676
399.750000,-41.189121,-41.512769,-41.340369
399.800000,-41.096770,-41.421479,-41.248117
399.850000,-41.004510,-41.330286,-41.155978
399.900000,-40.912390,-41.239241,-41.063998
399.950000,-40.820450,-41.148386,-40.972218
400.000000,-40.728723,-41.057757,-40.880668
400.050000,-40.637237,-40.967382,-40.789376
400.100000,-40.546010,-40.877282,-40.698362
400.150000,-40.455060,-40.787476,-40.607640
400.200000,-40.364397,-40.697975,-40.517220
400.250000,-40.274027,-40.608789,-40.427109
400.300000,-40.183954,-40.519920,-40.337310
400.350000,-40.094175,-40.431370,-40.247821
400.400000,-40.004688,-40.343136,-40.158637
400.450000,-39.915485,-40.255212,-40.069753
400.500000,-39.826556,-40.167591,-39.981158
400.550000,-39.737891,-40.080263,-39.892840
400.600000,-39.649475,-39.993214,-39.804787
400.650000,-39.561292,-39.906431,-39.716981
400.700000,-39.473325,-39.819897,-39.629406
400.750000,-39.385554,-39.733594,-39.542043
400.800000,-39.297958,-39.647504,-39.454870
400.850000,-39.210516,-39.561604,-39.367867
400.900000,-39.123203,-39.475874,-39.281008
400.950000,-39.035995,-39.390290,-39.194271
401.000000,-38.948864,-39.304827,-39.107629
401.050000,-38.861785,-39.219459,-39.021055
401.100000,-38.774728,-39.134160,-38.934521
401.150000,-38.687663,-39.048901,-38.847997
401.200000,-38.600560,-38.963654,-38.761453
401.250000,-38.513385,-38.878389,-38.674858
401.300000,-38.426106,-38.793073,-38.588178
401.350000,-38.338688,-38.707674,-38.501380
401.400000,-38.251095,-38.622160,-38.414429
401.450000,-38.163290,-38.536494,-38.327288
401.500000,-38.075234,-38.450643,-38.239920
401.550000,-37.986888,-38.364567,-38.152285
401.600000,-37.898210,-38.278229,-38.064344
401.650000,-37.809157,-38.191588,-37.976054
401.700000,-37.719684,-38.104604,-37.887371
401.750000,-37.629745,-38.017232,-37.798251
401.800000,-37.539290,-37.929428,-37.708645
401.850000,-37.448270,-37.841145,-37.618504
401.900000,-37.356629,-37.752334,-37.527776
401.950000,-37.264314,-37.662943,-37.436408
402.000000,-37.171265,-37.572920,-37.344342
402.050000,-37.077421,-37.482207,-37.251518
402.100000,-36.982717,-37.390745,-37.157875
402.150000,-36.887085,-37.298474,-37.063346
402.200000,-36.790454,-37.205326,-36.967861
402.250000,-36.692747,-37.111233,-36.871347
402.300000,-36.593883,-37.016122,-36.773726
402.350000,-36.493777,-36.919915,-36.674915
402.400000,-36.392338,-36.822530,-36.574825
402.450000,-36.289467,-36.723877,-36.473363
402.500000,-36.185060,-36.623865,-36.370428
402.550000,-36.079006,-36.522391,-36.265911
402.600000,-35.971185,-36.419349,-36.159699
402.650000,-35.861468,-36.314623,-36.051665
402.700000,-35.749715,-36.208088,-35.941676
402.750000,-35.635775,-36.099610,-35.829587
402.800000,-35.519486,-35.989044,-35.715241
402.850000,-35.400669,-35.876231,-35.598467
402.900000,-35.279132,-35.761000,-35.479079
402.950000,-35.154662,-35.643163,-35.356876
403.000000,-35.027029,-35.522516,-35.231633
403.050000,-34.895978,-35.398835,-35.103109
403.100000,-34.761228,-35.271872,-34.971034
403.150000,-34.622469,-35.141354,-34.835111
403.200000,-34.479358,-35.006981,-34.695010
403.250000,-34.331512,-34.868416,-34.550367
403.300000,-34.178503,-34.725286,-34.400773
403.350000,-34.019853,-34.577174,-34.245770
403.400000,-33.855023,-34.423612,-34.084845
403.450000,-33.683404,-34.264069,-33.917417
403.500000,-33.504306,-34.097950,-33.742829
403.550000,-33.316943,-33.924573,-33.560332
403.600000,-33.120414,-33.743161,-33.369068
403.650000,-32.913682,-33.552825,-33.168053
403.700000,-32.695549,-33.352534,-32.956147
403.750000,-32.464620,-33.141097,-32.732029
403.800000,-32.219263,-32.917121,-32.494151
403.850000,-31.957556,-32.678973,-32.240693
403.900000,-31.677222,-32.424719,-31.969500
403.950000,-31.375538,-32.152060,-31.677999
404.000000,-31.049232,-31.858240,-31.363102
404.050000,-30.694334,-31.539926,-31.021065
404.100000,-30.305987,-31.193056,-30.647315
404.150000,-29.878200,-30.812638,-30.236216
404.200000,-29.403512,-30.392480,-29.780761
404.250000,-28.872546,-29.924827,-29.272154
404.300000,-28.273412,-29.399886,-28.699254
404.350000,-27.590905,-28.805178,-28.047836
404.400000,-26.805457,-28.124697,-27.299610
404.450000,-25.891798,-27.337824,-26.430982
404.500000,-24.817404,-26.418053,-25.411598
404.550000,-23.541048,-25.331728,-24.202967
404.600000,-22.012473,-24.037532,-22.758070
404.650000,-20.175677,-22.488501,-21.024185
404.700000,-17.980806,-20.640275,-18.953470
404.750000,-15.411424,-18.470862,-16.527531
404.800000,-12.527283,-16.013266,-13.796617
404.850000,-9.498911,-13.385994,-10.912968
404.900000,-6.592208,-10.790941,-8.120526
404.950000,-4.094989,-8.466364,-5.690995
405.000000,-2.229715,-6.619994,-3.843373
405.050000,-1.104916,-5.381156,-2.694809
405.100000,-0.722914,-4.792237,-2.261916
405.150000,-1.019114,-4.829329,-2.493356
405.200000,-1.900013,-5.429803,-3.304549
405.250000,-3.265956,-6.513249,-4.600342
405.300000,-5.020574,-7.993504,-6.285833
405.350000,-7.073128,-9.784508,-8.270235
405.400000,-9.338493,-11.803140,-10.468000
405.450000,-11.737450,-13.971183,-12.799703
405.500000,-14.198518,-16.217662,-15.193978
405.550000,-16.661205,-18.481776,-17.590528
405.600000,-19.078811,-20.715385,-19.942678
405.650000,-21.418432,-22.883447,-22.217434
405.700000,-23.657882,-24.961965,-24.392698
405.750000,-25.781498,-26.934642,-26.453327
405.800000,-27.776946,-28.789860,-28.387958
405.850000,-29.633852,-30.518843,-30.187429
405.900000,-31.343952,-32.115080,-31.844632
405.950000,-32.901989,-33.574542,-33.355160
406.000000,-34.306589,-34.896160,-34.718039
406.050000,-35.560574,-36.082075,-35.936034
406.100000,-36.670572,-37.137453,-37.015358
406.150000,-37.646088,-38.069898,-37.964893
406.200000,-38.498365,-38.888646,-38.795187
406.250000,-39.239335,-39.603748,-39.517503
406.300000,-39.880810,-40.225391,-40.143065
406.350000,-40.433963,-40.763418,-40.682558
406.400000,-40.909048,-41.227032,-41.145840
406.450000,-41.315294,-41.624644,-41.541830
406.500000,-41.660912,-41.963837,-41.878489
406.550000,-41.953150,-42.251379,-42.162870
406.600000,-42.198389,-42.493275,-42.401193
406.650000,-42.402233,-42.694842,-42.598932
406.700000,-42.569601,-42.860773,-42.760902
406.750000,-42.704816,-42.995213,-42.891335
406.800000,-42.811680,-43.101821,-42.993956
406.850000,-42.893535,-43.183828,-43.072045
406.900000,-42.953329,-43.244091,-43.128492
406.950000,-42.993661,-43.285136,-43.165849
407.000000,-43.016826,-43.309199,-43.186369
407.050000,-43.024852,-43.318263,-43.192043
407.100000,-43.019534,-43.314085,-43.184635
407.150000,-43.002462,-43.298223,-43.165704
407.200000,-42.975042,-43.272062,-43.136635
407.250000,-42.938523,-43.236831,-43.098654
407.300000,-42.894013,-43.193623,-43.052848
407.350000,-42.842494,-43.143409,-43.000182
407.400000,-42.784839,-43.087053,-42.941515
407.450000,-42.721821,-43.025323,-42.877605
407.500000,-42.654129,-42.958902,-42.809129
407.550000,-42.582372,-42.888397,-42.736687
407.600000,-42.507093,-42.814350,-42.660811
407.650000,-42.428772,-42.737239,-42.581972
407.700000,-42.347837,-42.657492,-42.500591
407.750000,-42.264665,-42.575487,-42.417039
407.800000,-42.179592,-42.491562,-42.331645
407.850000,-42.092914,-42.406013,-42.244700
407.900000,-42.004895,-42.319106,-42.156462
407.950000,-41.915765,-42.231074,-42.067159
408.000000,-41.825729,-42.142124,-41.976991
408.050000,-41.734968,-42.052437,-41.886135
408.100000,-41.643639,-41.962173,-41.794746
408.150000,-41.551881,-41.871475,-41.702960
408.200000,-41.459815,-41.780464,-41.610895
408.250000,-41.367546,-41.689249,-41.518654
408.300000,-41.275165,-41.597922,-41.426327
408.350000,-41.182751,-41.506565,-41.333991
408.400000,-41.090371,-41.415246,-41.241711
408.450000,-40.998083,-41.324026,-41.149545
408.500000,-40.905936,-41.232954,-41.057538
408.550000,-40.813968,-41.142073,-40.965731
408.600000,-40.722214,-41.051418,-40.874156
408.650000,-40.630700,-40.961017,-40.782837
408.700000,-40.539447,-40.870891,-40.691796
408.750000,-40.448469,-40.781058,-40.601047
408.800000,-40.357777,-40.691531,-40.510600
408.850000,-40.267378,-40.602317,-40.420461
408.900000,-40.177275,-40.513420,-40.330633
408.950000,-40.087465,-40.424841,-40.241114
409.000000,-39.997946,-40.336578,-40.151900
409.050000,-39.908710,-40.248623,-40.062983
409.100000,-39.819748,-40.160971,-39.974355
409.150000,-39.731047,-40.073609,-39.886004
409.200000,-39.642594,-39.986527,-39.797915
409.250000,-39.554373,-39.899708,-39.710072
409.300000,-39.466366,-39.813137,-39.622459
409.350000,-39.378554,-39.726797,-39.535055
409.400000,-39.290916,-39.640666,-39.447841
409.450000,-39.203429,-39.554725,-39.360794
409.500000,-39.116069,-39.468952,-39.273890
409.550000,-39.028812,-39.383323,-39.187106
409.600000,-38.941631,-39.297813,-39.100415
409.650000,-38.854499,-39.212397,-39.013789
409.700000,-38.767387,-39.127047,-38.927202
409.750000,-38.680265,-39.041735,-38.840623
409.800000,-38.593102,-38.956433,-38.754021
409.850000,-38.505865,-38.871110,-38.667365
409.900000,-38.418521,-38.785734,-38.580623
409.950000,-38.331035,-38.700273,-38.493759
410.000000,-38.243372,-38.614694,-38.406739
410.050000,-38.155493,-38.528961,-38.319527
410.100000,-38.067361,-38.443038,-38.232084
410.150000,-37.978935,-38.356889,-38.144372
410.200000,-37.890173,-38.270474,-38.056349
410.250000,-37.801033,-38.183753,-37.967975
410.300000,-37.711469,-38.096685,-37.879204
410.350000,-37.621434,-38.009226,-37.789991
410.400000,-37.530880,-37.921331,-37.700288
410.450000,-37.439755,-37.832952,-37.610046
410.500000,-37.348006,-37.744041,-37.519213
410.550000,-37.255577,-37.654546,-37.427734
410.600000,-37.162409,-37.564413,-37.335552
410.650000,-37.068440,-37.473586,-37.242608
410.700000,-36.973605,-37.382005,-37.148838
410.750000,-36.877836,-37.289608,-37.054175
410.800000,-36.781060,-37.196329,-36.958551
410.850000,-36.683202,-37.102098,-36.861891
410.900000,-36.584179,-37.006842,-36.764115
410.950000,-36.483905,-36.910482,-36.665142
411.000000,-36.382289,-36.812935,-36.564881
411.050000,-36.279231,-36.714114,-36.463238
411.100000,-36.174628,-36.613923,-36.360113
411.150000,-36.068366,-36.512261,-36.255396
411.200000,-35.960326,-36.409020,-36.148970
411.250000,-35.850375,-36.304083,-36.040711
411.300000,-35.738375,-36.197325,-35.930484
411.350000,-35.624173,-36.088610,-35.818141
411.400000,-35.507605,-35.977792,-35.703526
411.450000,-35.388491,-35.864711,-35.586465
411.500000,-35.266637,-35.749194,-35.466772
411.550000,-35.141828,-35.631053,-35.344241
411.600000,-35.013832,-35.510080,-35.218649
411.650000,-34.882391,-35.386050,-35.089749
411.700000,-34.747222,-35.258712,-34.957271
411.750000,-34.608012,-35.127791,-34.820913
411.800000,-34.464414,-34.992983,-34.680344
411.850000,-34.316040,-34.853948,-34.535194
411.900000,-34.162458,-34.710309,-34.385049
411.950000,-34.003185,-34.561644,-34.229447
412.000000,-33.837674,-34.407478,-34.067869
412.050000,-33.665310,-34.247277,-33.899726
412.100000,-33.485394,-34.080435,-33.724354
412.150000,-33.297129,-33.906263,-33.540992
412.200000,-33.099600,-33.723974,-33.348771
412.250000,-32.891758,-33.532664,-33.146694
412.300000,-32.672385,-33.331290,-32.933604
412.350000,-32.440066,-33.118640,-32.708158
412.400000,-32.193142,-32.893302,-32.468785
412.450000,-31.929660,-32.653613,-32.213635
412.500000,-31.647302,-32.397609,-31.940514
412.550000,-31.343297,-32.122949,-31.646805
412.600000,-31.014310,-31.826826,-31.329361
412.650000,-30.656294,-31.505842,-30.984364
412.700000,-30.264292,-31.155855,-30.607150
412.750000,-29.832185,-30.771767,-30.191962
412.800000,-29.352345,-30.347248,-29.731637
412.850000,-28.815179,-29.874370,-29.217176
412.900000,-28.208510,-29.343107,-28.637173
412.950000,-27.516757,-28.740675,-27.977051
413.000000,-26.719858,-28.050668,-27.218062
413.050000,-25.791908,-27.251954,-26.336020
413.100000,-24.699596,-26.317383,-25.299836
413.150000,-23.400809,-25.212564,-24.070188
413.200000,-21.844523,-23.895494,-22.599320
413.250000,-19.974672,-22.319000,-20.834395
413.300000,-17.743261,-20.439881,-18.729179
413.350000,-15.139389,-18.240025,-16.270219
413.400000,-12.232716,-15.759829,-13.516784
413.450000,-9.204858,-13.126831,-10.631515
413.500000,-6.327621,-10.549082,-7.864418
413.550000,-3.885736,-8.264592,-5.485179
413.600000,-2.091491,-6.474755,-3.703967
413.650000,-1.041757,-5.299994,-2.627156
413.700000,-0.730372,-4.774974,-2.263015
413.750000,-1.088492,-4.870835,-2.555602
413.800000,-2.021326,-5.522474,-3.418576
413.850000,-3.429341,-6.648554,-4.756534
413.900000,-5.216723,-8.162773,-6.474918
413.950000,-7.293322,-9.979294,-8.483456
414.000000,-9.574590,-12.015419,-10.697180
414.050000,-11.981982,-14.193557,-13.037375
414.100000,-14.444968,-16.443625,-15.433648
414.150000,-16.904348,-18.706006,-17.826983
414.200000,-19.314857,-20.933895,-20.172122
414.250000,-21.644835,-23.093474,-22.437315
414.300000,-23.872926,-25.161665,-24.601329
414.350000,-25.983909,-27.122755,-26.649512
414.400000,-27.965676,-28.965463,-28.570762
414.450000,-29.808038,-30.681246,-30.356106
414.500000,-31.502982,-32.263817,-31.998669
414.550000,-33.045601,-33.709421,-33.494354
414.600000,-34.434930,-35.017296,-34.842546
414.650000,-35.674191,-36.189893,-36.046371
414.700000,-36.770335,-37.232645,-37.112338
414.750000,-37.733081,-38.153350,-38.049532
414.800000,-38.573779,-38.961350,-38.868606
414.850000,-39.304372,-39.666734,-39.580842
414.900000,-39.936624,-40.279667,-40.197423
414.950000,-40.481620,-40.809937,-40.728960
415.000000,-40.949513,-41.266667,-41.185216
415.050000,-41.349429,-41.658188,-41.575014
415.100000,-41.689476,-41.991997,-41.906219
415.150000,-41.976813,-42.274783,-42.185799
415.200000,-42.217739,-42.512480,-42.419894
415.250000,-42.417784,-42.710338,-42.613909
415.300000,-42.581806,-42.872993,-42.772597
415.350000,-42.714072,-43.004538,-42.900137
415.400000,-42.818334,-43.108588,-43.000206
415.450000,-42.897895,-43.188333,-43.076044
415.500000,-42.955664,-43.246597,-43.130505
415.550000,-42.994210,-43.285875,-43.166110
415.600000,-43.015799,-43.308377,-43.185084
415.650000,-43.022434,-43.316061,-43.189395
415.700000,-43.015890,-43.310663,-43.180784
415.750000,-42.997736,-43.293725,-43.160794
415.800000,-42.969364,-43.266614,-43.130792
415.850000,-42.932006,-43.230545,-43.091989
415.900000,-42.886759,-43.186600,-43.045461
415.950000,-42.834592,-43.135737,-42.992161
416.000000,-42.776367,-43.078810,-42.932937
416.050000,-42.712851,-43.016580,-42.868540
416.100000,-42.644722,-42.949720,-42.799638
416.150000,-42.572585,-42.878833,-42.726824
416.200000,-42.496974,-42.804451,-42.650624
416.250000,-42.418364,-42.727049,-42.571505
416.300000,-42.337179,-42.647050,-42.489880
416.350000,-42.253791,-42.564827,-42.406118
416.400000,-42.168532,-42.480714,-42.320544
416.450000,-42.081695,-42.395004,-42.233444
416.500000,-41.993539,-42.307960,-42.145075
416.550000,-41.904294,-42.219811,-42.055661
416.600000,-41.814161,-42.130761,-41.965400
416.650000,-41.723318,-42.040992,-41.874466
416.700000,-41.631921,-41.950660,-41.783012
416.750000,-41.540107,-41.859906,-41.691173
416.800000,-41.447996,-41.768850,-41.599065
416.850000,-41.355690,-41.677598,-41.506791
416.900000,-41.263280,-41.586243,-41.414438
416.950000,-41.170844,-41.494864,-41.322082
417.000000,-41.078447,-41.403530,-41.229788
417.050000,-40.986147,-41.312298,-41.137612
417.100000,-40.893991,-41.221220,-41.045599
417.150000,-40.802018,-41.130335,-40.953788
417.200000,-40.710261,-41.039678,-40.862212
417.250000,-40.618746,-40.949278,-40.770894
417.300000,-40.527492,-40.859154,-40.679854
417.350000,-40.436514,-40.769324,-40.589107
417.400000,-40.345823,-40.679800,-40.498663
417.450000,-40.255425,-40.590590,-40.408526
417.500000,-40.165321,-40.501696,-40.318700
417.550000,-40.075510,-40.413119,-40.229181
417.600000,-39.985989,-40.324857,-40.139967
417.650000,-39.896749,-40.236903,-40.051049
417.700000,-39.807782,-40.149249,-39.962417
417.750000,-39.719074,-40.061884,-39.874060
417.800000,-39.630611,-39.974796,-39.785964
417.850000,-39.542378,-39.887970,-39.698111
417.900000,-39.454357,-39.801390,-39.610485
417.950000,-39.366527,-39.715037,-39.523067
418.000000,-39.278868,-39.628891,-39.435834
418.050000,-39.191358,-39.542933,-39.348766
418.100000,-39.103971,-39.457138,-39.261838
418.150000,-39.016684,-39.371485,-39.175026
418.200000,-38.929470,-39.285948,-39.088303
418.250000,-38.842300,-39.200500,-39.001643
418.300000,-38.755147,-39.115116,-38.915017
418.350000,-38.667979,-39.029766,-38.828394
418.400000,-38.580766,-38.944421,-38.741746
418.450000,-38.493474,-38.859051,-38.655039
418.500000,-38.406072,-38.773625,-38.568240
418.550000,-38.318522,-38.688108,-38.481316
418.600000,-38.230790,-38.602469,-38.394230
418.650000,-38.142837,-38.516671,-38.306947
418.700000,-38.054625,-38.430679,-38.219428
418.750000,-37.966114,-38.344454,-38.131634
418.800000,-37.877261,-38.257959,-38.043525
418.850000,-37.788023,-38.171152,-37.955057
418.900000,-37.698356,-38.083991,-37.866186
418.950000,-37.608211,-37.996434,-37.776867
419.000000,-37.517539,-37.908434,-37.687052
419.050000,-37.426289,-37.819944,-37.596690
419.100000,-37.334407,-37.730914,-37.505729
419.150000,-37.241836,-37.641293,-37.414114
419.200000,-37.148518,-37.551025,-37.321787
419.250000,-37.054390,-37.460055,-37.228690
419.300000,-36.959386,-37.368323,-37.134757
419.350000,-36.863438,-37.275765,-37.039922
419.400000,-36.766472,-37.182315,-36.944114
419.450000,-36.668412,-37.087903,-36.847259
419.500000,-36.569174,-36.992454,-36.749278
419.550000,-36.468673,-36.895890,-36.650085
419.600000,-36.366815,-36.798127,-36.549591
419.650000,-36.263501,-36.699074,-36.447701
419.700000,-36.158625,-36.598638,-36.344312
419.750000,-36.052073,-36.496715,-36.239315
419.800000,-35.943723,-36.393196,-36.132592
419.850000,-35.833443,-36.287964,-36.024015
419.900000,-35.721091,-36.180890,-35.913448
419.950000,-35.606513,-36.071839,-35.800744
420.000000,-35.489543,-35.960660,-35.685742
420.050000,-35.369999,-35.847195,-35.568267
420.100000,-35.247683,-35.731266,-35.448130
420.150000,-35.122380,-35.612682,-35.325123
420.200000,-34.993851,-35.491234,-35.199018
420.250000,-34.861837,-35.366692,-35.069567
420.300000,-34.726050,-35.238803,-34.936494
420.350000,-34.586171,-35.107287,-34.799493
420.400000,-34.441848,-34.971834,-34.658228
420.450000,-34.292686,-34.832101,-34.512321
420.500000,-34.138247,-34.687702,-34.361353
420.550000,-33.978038,-34.538209,-34.204854
420.600000,-33.811502,-34.383138,-34.042293
420.650000,-33.638013,-34.221944,-33.873072
420.700000,-33.456858,-34.054011,-33.696512
420.750000,-33.267223,-33.878636,-33.511839
420.800000,-33.068174,-33.695014,-33.318165
420.850000,-32.858639,-33.502222,-33.114469
420.900000,-32.637372,-33.299194,-32.899570
420.950000,-32.402924,-33.084691,-32.672092
421.000000,-32.153596,-32.857264,-32.430426
421.050000,-31.887383,-32.615209,-32.172674
421.100000,-31.601905,-32.356511,-31.896584
421.150000,-31.294315,-32.078765,-31.599467
421.200000,-30.961180,-31.779082,-31.278082
421.250000,-30.598329,-31.453963,-30.928499
421.300000,-30.200649,-31.099137,-30.545903
421.350000,-29.761815,-30.709338,-30.124349
421.400000,-29.273937,-30.278024,-29.656427
421.450000,-28.727076,-29.796984,-29.132816
421.500000,-28.108599,-29.255821,-28.541686
421.550000,-27.402327,-28.641270,-27.867902
421.600000,-26.587412,-27.936289,-27.091985
421.650000,-25.636939,-27.118927,-26.188807
421.700000,-24.516353,-26.161017,-25.126120
421.750000,-23.182164,-25.027017,-23.863306
421.800000,-21.582213,-23.673900,-22.351515
421.850000,-19.660537,-22.054307,-20.537910
421.900000,-17.372491,-20.127168,-18.379170
421.950000,-14.716460,-17.880932,-15.870153
422.000000,-11.777918,-15.367881,-13.084560
422.050000,-8.755089,-12.729292,-10.200688
422.100000,-5.927410,-10.181720,-7.476602
422.150000,-3.573382,-7.961622,-5.177492
422.200000,-1.889026,-6.259947,-3.499288
422.250000,-0.953703,-5.183498,-2.532079
422.300000,-0.749035,-4.755567,-2.272016
422.350000,-1.200307,-4.940207,-2.656701
422.400000,-2.211086,-5.668850,-3.597433
422.450000,-3.682121,-6.858906,-4.998557
422.500000,-5.518448,-8.423919,-6.766066
422.550000,-7.630797,-10.278418,-8.810470
422.600000,-9.935485,-12.340368,-11.047683
422.650000,-12.355026,-14.533160,-13.400102
422.700000,-14.820396,-16.788119,-15.798868
422.750000,-17.274406,-19.047470,-18.186958
422.800000,-19.673970,-21.266440,-20.521263
422.850000,-21.989257,-23.413036,-22.771872
422.900000,-24.200096,-25.465518,-24.918796
422.950000,-26.291888,-27.409004,-26.948077
423.000000,-28.252849,-29.232703,-28.848986
423.050000,-30.073077,-30.928420,-30.612844
423.100000,-31.744964,-32.490222,-32.233144
423.150000,-33.264156,-33.914777,-33.706277
423.200000,-34.630321,-35.201803,-35.032191
423.250000,-35.847286,-36.354227,-36.214556
423.300000,-36.922486,-37.377881,-37.260326
423.350000,-37.865953,-38.280845,-38.178882
423.400000,-38.689182,-39.072620,-38.981024
423.450000,-39.404129,-39.763340,-39.678055
423.500000,-40.022474,-40.363135,-40.281094
423.550000,-40.555173,-40.881701,-40.800631
423.600000,-41.012220,-41.328048,-41.246290
423.650000,-41.402585,-41.710376,-41.626743
423.700000,-41.734225,-42.036059,-41.949718
423.750000,-42.014164,-42.311664,-42.222048
423.800000,-42.248575,-42.543018,-42.449757
423.850000,-42.442882,-42.735273,-42.638146
423.900000,-42.601847,-42.892977,-42.791874
423.950000,-42.729654,-43.020147,-42.915041
424.000000,-42.829985,-43.120330,-43.011253
424.050000,-42.906077,-43.196658,-43.083688
424.100000,-42.960786,-43.251900,-43.135148
424.150000,-42.996632,-43.288508,-43.168104
424.200000,-43.015838,-43.308650,-43.184742
424.250000,-43.020373,-43.314249,-43.186994
424.300000,-43.011977,-43.307011,-43.176568
424.350000,-42.992192,-43.288449,-43.154979
424.400000,-42.962383,-43.259906,-43.123570
424.450000,-42.923763,-43.222577,-43.083530
424.500000,-42.877405,-43.177522,-43.035915
424.550000,-42.824265,-43.125685,-42.981663
424.600000,-42.765187,-43.067903,-42.921604
424.650000,-42.700925,-43.004925,-42.856479
424.700000,-42.632146,-42.937411,-42.786942
424.750000,-42.559442,-42.865954,-42.713575
424.800000,-42.483340,-42.791077,-42.636896
424.850000,-42.404305,-42.713247,-42.557363
424.900000,-42.322753,-42.632878,-42.475382
424.950000,-42.239051,-42.550338,-42.391315
425.000000,-42.153524,-42.465953,-42.305481
425.050000,-42.066459,-42.380013,-42.218161
425.100000,-41.978111,-42.292775,-42.129608
425.150000,-41.888706,-42.204464,-42.040040
425.200000,-41.798441,-42.115280,-41.949652
425.250000,-41.707490,-42.025402,-41.858615
425.300000,-41.616006,-41.934983,-41.767080
425.350000,-41.524125,-41.844160,-41.675178
425.400000,-41.431961,-41.753051,-41.583023
425.450000,-41.339617,-41.661762,-41.490715
425.500000,-41.247182,-41.570382,-41.398340
425.550000,-41.154730,-41.478988,-41.305972
425.600000,-41.062327,-41.387648,-41.213675
425.650000,-40.970027,-41.296419,-41.121502
425.700000,-40.877877,-41.205349,-41.029499
425.750000,-40.785916,-41.114478,-40.937702
425.800000,-40.694174,-41.023839,-40.846144
425.850000,-40.602677,-40.933459,-40.754847
425.900000,-40.511443,-40.843359,-40.663831
425.950000,-40.420487,-40.753554,-40.573108
426.000000,-40.329818,-40.664056,-40.482689
426.050000,-40.239443,-40.574872,-40.392577
426.100000,-40.149361,-40.486005,-40.302776
426.150000,-40.059572,-40.397454,-40.213281
426.200000,-39.970070,-40.309216,-40.124089
426.250000,-39.880848,-40.221285,-40.035191
426.300000,-39.791896,-40.133652,-39.946578
426.350000,-39.703202,-40.046306,-39.858237
426.400000,-39.614750,-39.959234,-39.770153
426.450000,-39.526524,-39.872421,-39.682311
426.500000,-39.438506,-39.785851,-39.594692
426.550000,-39.350677,-39.699505,-39.507276
426.600000,-39.263014,-39.613362,-39.420042
426.650000,-39.175495,-39.527403,-39.332969
426.700000,-39.088097,-39.441604,-39.246032
426.750000,-39.000792,-39.355941,-39.159206
426.800000,-38.913556,-39.270390,-39.072464
426.850000,-38.826359,-39.184924,-38.985780
426.900000,-38.739174,-39.099516,-38.899125
426.950000,-38.651968,-39.014138,-38.812469
427.000000,-38.564711,-38.928759,-38.725780
427.050000,-38.477371,-38.843350,-38.639027
427.100000,-38.389912,-38.757878,-38.552177
427.150000,-38.302301,-38.672311,-38.465195
427.200000,-38.214500,-38.586614,-38.378045
427.250000,-38.126471,-38.500753,-38.290690
427.300000,-38.038177,-38.414690,-38.203093
427.350000,-37.949575,-38.328389,-38.115214
427.400000,-37.860624,-38.241809,-38.027011
427.450000,-37.771281,-38.154910,-37.938442
427.500000,-37.681498,-38.067650,-37.849462
427.550000,-37.591229,-37.979984,-37.760025
427.600000,-37.500425,-37.891868,-37.670083
427.650000,-37.409032,-37.803252,-37.579584
427.700000,-37.316997,-37.714087,-37.488477
427.750000,-37.224263,-37.624321,-37.396705
427.800000,-37.130769,-37.533899,-37.304211
427.850000,-37.036454,-37.442763,-37.210934
427.900000,-36.941251,-37.350853,-37.116809
427.950000,-36.845089,-37.258106,-37.021769
428.000000,-36.747897,-37.164453,-36.925744
428.050000,-36.649594,-37.069825,-36.828656
428.100000,-36.550098,-36.974146,-36.730426
428.150000,-36.449322,-36.877336,-36.630968
428.200000,-36.347170,-36.779310,-36.530192
428.250000,-36.243543,-36.679978,-36.428000
428.300000,-36.138333,-36.579243,-36.324290
428.350000,-36.031424,-36.477002,-36.218950
428.400000,-35.922693,-36.373142,-36.111859
428.450000,-35.812005,-36.267546,-36.002891
428.500000,-35.699218,-36.160083,-35.891905
428.550000,-35.584174,-36.050615,-35.778752
428.600000,-35.466704,-35.938990,-35.663269
428.650000,-35.346624,-35.825046,-35.545278
428.700000,-35.223733,-35.708603,-35.424587
428.750000,-35.097809,-35.589467,-35.300984
428.800000,-34.968613,-35.467424,-35.174238
428.850000,-34.835878,-35.342241,-35.044095
428.900000,-34.699312,-35.213660,-34.910273
428.950000,-34.558590,-35.081394,-34.772462
429.000000,-34.413350,-34.945129,-34.630317
429.050000,-34.263193,-34.804512,-34.483454
429.100000,-34.107667,-34.659152,-34.331444
429.150000,-33.946270,-34.508609,-34.173805
429.200000,-33.778433,-34.352389,-34.009996
429.250000,-33.603512,-34.189935,-33.839404
429.300000,-33.420778,-34.020613,-33.661332
429.350000,-33.229394,-33.843702,-33.474986
429.400000,-33.028403,-33.658379,-33.279454
429.450000,-32.816701,-33.463693,-33.073687
429.500000,-32.593006,-33.258548,-32.856470
429.550000,-32.355825,-33.041667,-32.626385
429.600000,-32.103406,-32.811557,-32.381773
429.650000,-31.833677,-32.566460,-32.120672
429.700000,-31.544178,-32.304292,-31.840755
429.750000,-31.231958,-32.022563,-31.539237
429.800000,-30.893457,-31.718278,-31.212757
429.850000,-30.524341,-31.387806,-30.857232
429.900000,-30.119288,-31.026702,-30.467652
429.950000,-29.671706,-30.629484,-30.037822
430.000000,-29.173354,-30.189322,-29.560004
430.050000,-28.613833,-29.697632,-29.024449
430.100000,-27.979908,-29.143531,-28.418765
430.150000,-27.254603,-28.513107,-27.727077
430.200000,-26.416030,-27.788477,-26.928935
430.250000,-25.435940,-26.946609,-25.997972
430.300000,-24.278157,-25.958009,-24.900422
430.350000,-22.897440,-24.785663,-23.594022
430.400000,-21.240334,-23.385334,-22.028656
430.450000,-19.251471,-21.709750,-20.151903
430.500000,-16.891466,-19.721286,-17.925046
430.550000,-14.171950,-17.417842,-15.354837
430.600000,-11.199332,-14.867625,-12.534156
430.650000,-8.191773,-12.228831,-9.660269
430.700000,-5.435565,-9.726892,-6.998958
430.750000,-3.198628,-7.594120,-4.807192
430.800000,-1.655380,-6.007043,-3.261771
430.850000,-0.863799,-5.055358,-2.432703
430.900000,-0.791482,-4.748840,-2.302049
430.950000,-1.357405,-5.043452,-2.800286
431.000000,-2.463621,-5.866830,-3.836322
431.050000,-4.011431,-7.135093,-5.314421
431.100000,-5.906958,-8.761730,-7.141341
431.150000,-8.062026,-10.661788,-9.228589
431.200000,-10.394059,-12.754125,-11.493224
431.250000,-12.826973,-14.963448,-13.859111
431.300000,-15.293761,-17.222953,-16.259432
431.350000,-17.739847,-19.477261,-18.639744
431.400000,-20.124863,-21.684153,-20.959629
431.450000,-22.421158,-23.813849,-23.191379
431.500000,-24.609924,-25.846183,-25.316447
431.550000,-26.677255,-27.767234,-27.321660
431.600000,-28.611748,-29.566784,-29.196723
431.650000,-30.403881,-31.237067,-30.933335
431.700000,-32.046592,-32.772609,-32.525481
431.750000,-33.536252,-34.170633,-33.970193
431.800000,-34.873334,-35.431470,-35.268134
431.850000,-36.062412,-36.558636,-36.423649
431.900000,-37.111503,-37.558450,-37.444231
431.950000,-38.031000,-38.439325,-38.339604
432.000000,-38.832552,-39.210937,-39.120725
432.050000,-39.528107,-39.883460,-39.798905
432.100000,-40.129231,-40.466964,-40.385166
432.150000,-40.646705,-40.971029,-40.889844
432.200000,-41.090328,-41.404512,-41.322383
432.250000,-41.468871,-41.775455,-41.691270
432.300000,-41.790105,-42.091071,-42.004053
432.350000,-42.060882,-42.357782,-42.267407
432.400000,-42.287226,-42.581278,-42.487207
432.450000,-42.474425,-42.766590,-42.668626
432.500000,-42.627126,-42.918160,-42.816210
432.550000,-42.749410,-43.039908,-42.933959
432.600000,-42.844868,-43.135299,-43.025392
432.650000,-42.916662,-43.207391,-43.093611
432.700000,-42.967579,-43.258889,-43.141350
432.750000,-43.000080,-43.292187,-43.171026
432.800000,-43.016335,-43.309405,-43.184770
432.850000,-43.018268,-43.312422,-43.184470
432.900000,-43.007579,-43.302905,-43.171796
432.950000,-42.985774,-43.282332,-43.148229
433.000000,-42.954188,-43.252018,-43.115078
433.050000,-42.914005,-43.213129,-43.073508
433.100000,-42.866276,-43.166703,-43.024551
433.150000,-42.811933,-43.113662,-42.969122
433.200000,-42.751804,-43.054826,-42.908035
433.250000,-42.686623,-42.990925,-42.842012
433.300000,-42.617043,-42.922608,-42.771693
433.350000,-42.543643,-42.850451,-42.697648
433.400000,-42.466938,-42.774967,-42.620382
433.450000,-42.387383,-42.696613,-42.540342
433.500000,-42.305385,-42.615793,-42.457928
433.550000,-42.221300,-42.532867,-42.373490
433.600000,-42.135448,-42.448153,-42.287341
433.650000,-42.048109,-42.361936,-42.199758
433.700000,-41.959533,-42.274465,-42.110983
433.750000,-41.869937,-42.185962,-42.021234
433.800000,-41.779517,-42.096622,-41.930698
433.850000,-41.688441,-42.006617,-41.839544
433.900000,-41.596860,-41.916099,-41.747917
433.950000,-41.504903,-41.825200,-41.655946
434.000000,-41.412685,-41.734037,-41.563741
434.050000,-41.320304,-41.642711,-41.471401
434.100000,-41.227847,-41.551309,-41.379009
434.150000,-41.135386,-41.459907,-41.286636
434.200000,-41.042984,-41.368570,-41.194345
434.250000,-40.950696,-41.277354,-41.102187
434.300000,-40.858564,-41.186305,-41.010206
434.350000,-40.766628,-41.095461,-40.918439
434.400000,-40.674915,-41.004855,-40.826913
434.450000,-40.583451,-40.914511,-40.735653
434.500000,-40.492254,-40.824451,-40.644676
434.550000,-40.401336,-40.734688,-40.553995
434.600000,-40.310706,-40.645234,-40.463618
434.650000,-40.220369,-40.556094,-40.373549
434.700000,-40.130326,-40.467270,-40.283789
434.750000,-40.040575,-40.378762,-40.194335
434.800000,-39.951109,-40.290566,-40.105182
434.850000,-39.861921,-40.202674,-40.016321
434.900000,-39.773001,-40.115079,-39.927743
434.950000,-39.684334,-40.027768,-39.839433
435.000000,-39.595907,-39.940728,-39.751377
435.050000,-39.507702,-39.853944,-39.663559
435.100000,-39.419702,-39.767398,-39.575960
435.150000,-39.331885,-39.681072,-39.488560
435.200000,-39.244230,-39.594946,-39.401338
435.250000,-39.156714,-39.508998,-39.314271
435.300000,-39.069313,-39.423205,-39.227335
435.350000,-38.982000,-39.337544,-39.140504
435.400000,-38.894750,-39.251988,-39.053753
435.450000,-38.807534,-39.166513,-38.967053
435.500000,-38.720321,-39.081089,-38.880375
435.550000,-38.633083,-38.995689,-38.793690
435.600000,-38.545787,-38.910282,-38.706966
435.650000,-38.458399,-38.824838,-38.620170
435.700000,-38.370886,-38.739324,-38.533270
435.750000,-38.283213,-38.653708,-38.446231
435.800000,-38.195342,-38.567954,-38.359016
435.850000,-38.107235,-38.482029,-38.271589
435.900000,-38.018854,-38.395894,-38.183910
435.950000,-37.930157,-38.309512,-38.095941
436.000000,-37.841101,-38.222843,-38.007639
436.050000,-37.751642,-38.135846,-37.918961
436.100000,-37.661735,-38.048479,-37.829863
436.150000,-37.571331,-37.960697,-37.740297
436.200000,-37.480380,-37.872453,-37.650215
436.250000,-37.388829,-37.783700,-37.559566
436.300000,-37.296624,-37.694386,-37.468296
436.350000,-37.203706,-37.604459,-37.376349
436.400000,-37.110017,-37.513864,-37.283667
436.450000,-37.015491,-37.422542,-37.190188
436.500000,-36.920062,-37.330433,-37.095847
436.550000,-36.823659,-37.237472,-37.000576
436.600000,-36.726208,-37.143590,-36.904302
436.650000,-36.627629,-37.048717,-36.806949
436.700000,-36.527839,-36.952775,-36.708435
436.750000,-36.426747,-36.855685,-36.608675
436.800000,-36.324258,-36.757359,-36.507575
436.850000,-36.220271,-36.657706,-36.405038
436.900000,-36.114676,-36.556628,-36.300958
436.950000,-36.007356,-36.454020,-36.195222
437.000000,-35.898185,-36.349768,-36.087708
437.050000,-35.787026,-36.243751,-35.978286
437.100000,-35.673734,-36.135838,-35.866815
437.150000,-35.558149,-36.025887,-35.753142
437.200000,-35.440099,-35.913745,-35.637100
437.250000,-35.319395,-35.799244,-35.518510
437.300000,-35.195832,-35.682204,-35.397174
437.350000,-35.069186,-35.562424,-35.272876
437.400000,-34.939210,-35.439688,-35.145381
437.450000,-34.805633,-35.313756,-35.014428
437.500000,-34.668155,-35.184365,-34.879730
437.550000,-34.526444,-35.051222,-34.740970
437.600000,-34.380130,-34.914005,-34.597794
437.650000,-34.228803,-34.772352,-34.449808
437.700000,-34.072000,-34.625863,-34.296573
437.750000,-33.909206,-34.474086,-34.137595
437.800000,-33.739834,-34.316514,-33.972316
437.850000,-33.563225,-34.152573,-33.800107
437.900000,-33.378625,-33.981612,-33.620250
437.950000,-33.185175,-33.802889,-33.431926
438.000000,-32.981885,-33.615553,-33.234196
438.050000,-32.767615,-33.418624,-33.025977
438.100000,-32.541039,-33.210969,-32.806009
438.150000,-32.300612,-32.991265,-32.572828
438.200000,-32.044515,-32.757967,-32.324711
438.250000,-31.770598,-32.509248,-32.059622
438.300000,-31.476300,-32.242941,-31.775140
438.350000,-31.158547,-31.956456,-31.468363
438.400000,-30.813622,-31.646667,-31.135785
438.450000,-30.436992,-31.309779,-30.773135
438.500000,-30.023080,-30.941140,-30.375167
438.550000,-29.564965,-30.534997,-29.935374
438.600000,-29.053975,-30.084169,-29.445620
438.650000,-28.479148,-29.579616,-28.895629
438.700000,-27.826503,-29.009851,-28.272315
438.750000,-27.078088,-28.360171,-27.558893
438.800000,-26.210735,-27.611659,-26.733724
438.850000,-25.194571,-26.739965,-25.768926
438.900000,-23.991476,-25.713996,-24.628916
438.950000,-22.554203,-24.495035,-23.269536
439.000000,-20.828053,-23.037611,-21.639431
439.050000,-18.759142,-21.295115,-19.687369
439.100000,-16.315825,-19.235112,-17.381457
439.150000,-13.527255,-16.868169,-14.744241
439.200000,-10.525067,-14.281992,-11.891838
439.250000,-7.548476,-11.653345,-9.041820
439.300000,-4.887568,-9.215065,-6.465211
439.350000,-2.794422,-7.191685,-4.406056
439.400000,-1.417403,-5.741584,-3.017779
439.450000,-0.791020,-4.935028,-2.348082
439.500000,-0.868586,-4.767369,-2.364413
439.550000,-1.563184,-5.186357,-2.990351
439.600000,-2.775808,-6.115959,-4.132760
439.650000,-4.408611,-7.471182,-5.696104
439.700000,-6.369000,-9.165614,-7.588108
439.750000,-8.570051,-11.114999,-9.721464
439.800000,-10.930505,-13.239316,-12.014604
439.850000,-13.376032,-15.464915,-14.393219
439.900000,-15.842122,-17.727308,-16.793001
439.950000,-18.277318,-19.973972,-19.162588
440.000000,-20.644333,-22.165619,-21.464610
440.050000,-22.917857,-24.274898,-23.673750
440.100000,-25.080474,-26.283312,-25.772952
440.150000,-27.118977,-28.177939,-27.749840
440.200000,-29.022381,-29.949168,-29.594587
440.250000,-30.781633,-31.589728,-31.299349
440.300000,-32.390353,-33.094703,-32.858719
440.350000,-33.845786,-34.461976,-34.270500
440.400000,-35.149341,-35.692596,-35.536191
440.450000,-36.306431,-36.790747,-36.660897
440.500000,-37.325697,-37.763279,-37.652691
440.550000,-38.217903,-38.618958,-38.521654
440.600000,-38.994834,-39.367628,-39.278886
440.650000,-39.668399,-40.019480,-39.935679
440.700000,-40.250014,-40.584504,-40.502926
440.750000,-40.750250,-41.072129,-40.990776
440.800000,-41.178678,-41.491036,-41.408459
440.850000,-41.543839,-41.849080,-41.764251
440.900000,-41.853294,-42.153294,-42.065497
440.950000,-42.113700,-42.409929,-42.318687
441.000000,-42.330910,-42.624524,-42.529532
441.050000,-42.510060,-42.801970,-42.703059
441.100000,-42.655666,-42.946589,-42.843684
441.150000,-42.771694,-43.062194,-42.955295
441.200000,-42.861634,-43.152155,-43.041314
441.250000,-42.928559,-43.219446,-43.104757
441.300000,-42.975181,-43.266702,-43.148284
441.350000,-43.003892,-43.296251,-43.174243
441.400000,-43.016805,-43.310157,-43.184709
441.450000,-43.015792,-43.310249,-43.181521
441.500000,-43.002506,-43.298151,-43.166302
441.550000,-42.978415,-43.275302,-43.140495
441.600000,-42.944819,-43.242983,-43.105375
441.650000,-42.902869,-43.202330,-43.062075
441.700000,-42.853590,-43.154354,-43.011600
441.750000,-42.797888,-43.099953,-42.954843
441.800000,-42.736571,-43.039927,-42.892595
441.850000,-42.670354,-42.974985,-42.825559
441.900000,-42.599872,-42.905762,-42.754360
441.950000,-42.525689,-42.832817,-42.679551
442.000000,-42.448307,-42.756651,-42.601626
442.050000,-42.368169,-42.677709,-42.521019
442.100000,-42.285670,-42.596384,-42.438119
442.150000,-42.201160,-42.513027,-42.353268
442.200000,-42.114946,-42.427949,-42.266770
442.250000,-42.027304,-42.341424,-42.178894
442.300000,-41.938474,-42.253697,-42.089877
442.350000,-41.848671,-42.164983,-41.999928
442.400000,-41.758082,-42.075472,-41.909233
442.450000,-41.666873,-41.985331,-41.817952
442.500000,-41.575188,-41.894708,-41.726229
442.550000,-41.483154,-41.803732,-41.634187
442.600000,-41.390881,-41.712514,-41.541934
442.650000,-41.298466,-41.621154,-41.449566
442.700000,-41.205991,-41.529735,-41.357161
442.750000,-41.113527,-41.438332,-41.264791
442.800000,-41.021135,-41.347007,-41.172514
442.850000,-40.928867,-41.255813,-41.080381
442.900000,-40.836764,-41.164794,-40.988433
442.950000,-40.744863,-41.073989,-40.896705
443.000000,-40.653192,-40.983428,-40.805225
443.050000,-40.561773,-40.893134,-40.714014
443.100000,-40.470624,-40.803126,-40.623090
443.150000,-40.379757,-40.713419,-40.532463
443.200000,-40.289179,-40.624021,-40.442141
443.250000,-40.198894,-40.534938,-40.352127
443.300000,-40.108902,-40.446171,-40.262422
443.350000,-40.019201,-40.357719,-40.173022
443.400000,-39.929783,-40.269577,-40.083921
443.450000,-39.840641,-40.181739,-39.995109
443.500000,-39.751763,-40.094193,-39.906577
443.550000,-39.663136,-40.006929,-39.818310
443.600000,-39.574744,-39.919933,-39.730293
443.650000,-39.486571,-39.833187,-39.642510
443.700000,-39.398596,-39.746677,-39.554941
443.750000,-39.310801,-39.660381,-39.467566
443.800000,-39.223162,-39.574280,-39.380364
443.850000,-39.135656,-39.488352,-39.293311
443.900000,-39.048259,-39.402573,-39.206383
443.950000,-38.960945,-39.316921,-39.119554
444.000000,-38.873686,-39.231367,-39.032798
444.050000,-38.786454,-39.145888,-38.946087
444.100000,-38.699219,-39.060453,-38.859391
444.150000,-38.611950,-38.975035,-38.772680
444.200000,-38.524616,-38.889603,-38.685923
444.250000,-38.437182,-38.804126,-38.599087
444.300000,-38.349615,-38.718572,-38.512137
444.350000,-38.261878,-38.632907,-38.425040
444.400000,-38.173935,-38.547097,-38.337758
444.450000,-38.085747,-38.461105,-38.250255
444.500000,-37.997274,-38.374896,-38.162492
444.550000,-37.908476,-38.288430,-38.074427
444.600000,-37.819308,-38.201667,-37.986020
444.650000,-37.729727,-38.114566,-37.897226
444.700000,-37.639685,-38.027084,-37.808001
444.750000,-37.549135,-37.939176,-37.718296
444.800000,-37.458025,-37.850796,-37.628063
444.850000,-37.366302,-37.761893,-37.537250
444.900000,-37.273912,-37.672418,-37.445803
444.950000,-37.180794,-37.582316,-37.353665
445.000000,-37.086889,-37.491532,-37.260777
445.050000,-36.992132,-37.400007,-37.167077
445.100000,-36.896455,-37.307679,-37.072499
445.150000,-36.799786,-37.214483,-36.976973
445.200000,-36.702050,-37.120349,-36.880426
445.250000,-36.603166,-37.025206,-36.782780
445.300000,-36.503049,-36.928975,-36.683953
445.350000,-36.401608,-36.831574,-36.583857
445.400000,-36.298746,-36.732916,-36.482399
445.450000,-36.194359,-36.632907,-36.379477
445.500000,-36.088336,-36.531448,-36.274986
445.550000,-35.980558,-36.428432,-36.168810
445.600000,-35.870896,-36.323743,-36.060825
445.650000,-35.759213,-36.217258,-35.950898
445.700000,-35.645357,-36.108843,-35.838885
445.750000,-35.529167,-35.998353,-35.724631
445.800000,-35.410467,-35.885633,-35.607965
445.850000,-35.289065,-35.770510,-35.488703
445.900000,-35.164750,-35.652800,-35.366644
445.950000,-35.037294,-35.532300,-35.241567
446.000000,-34.906443,-35.408786,-35.113232
446.050000,-34.771920,-35.282013,-34.981370
446.100000,-34.633417,-35.151712,-34.845688
446.150000,-34.490593,-35.017583,-34.705860
446.200000,-34.343070,-34.879294,-34.561522
446.250000,-34.190423,-34.736475,-34.412272
446.300000,-34.032180,-34.588712,-34.257655
446.350000,-33.867806,-34.435542,-34.097163
446.400000,-33.696701,-34.276442,-33.930223
446.450000,-33.518181,-34.110820,-33.756184
446.500000,-33.331468,-33.938004,-33.574305
446.550000,-33.135674,-33.757227,-33.383740
446.600000,-32.929773,-33.567607,-33.183515
446.650000,-32.712584,-33.368131,-32.972508
446.700000,-32.482730,-33.157620,-32.749411
446.750000,-32.238603,-32.934703,-32.512702
446.800000,-31.978309,-32.697767,-32.260585
446.850000,-31.699605,-32.444911,-31.990939
446.900000,-31.399812,-32.173871,-31.701232
446.950000,-31.075714,-31.881936,-31.388426
447.000000,-30.723408,-31.565829,-31.048844
447.050000,-30.338129,-31.221563,-30.677996
447.100000,-29.913999,-30.844240,-30.270354
447.150000,-29.443707,-30.427789,-29.819049
447.200000,-28.918074,-29.964616,-29.315469
447.250000,-28.325469,-29.445139,-28.748717
447.300000,-27.651033,-28.857157,-28.104888
447.350000,-26.875654,-28.185033,-27.366116
447.400000,-25.974659,-27.408632,-26.509365
447.450000,-24.916282,-26.502061,-25.504984
447.500000,-23.660185,-25.432400,-24.315318
447.550000,-22.156977,-24.159077,-22.894166
447.600000,-20.351025,-22.635555,-21.189197
447.650000,-18.191307,-20.816822,-19.151586
447.700000,-15.657037,-18.677897,-16.759079
447.750000,-12.799406,-16.245494,-14.054167
447.800000,-9.778431,-13.629739,-11.179304
447.850000,-6.853209,-11.025984,-8.371657
447.900000,-4.312641,-8.671374,-5.903177
447.950000,-2.387337,-6.778359,-3.999794
448.000000,-1.196314,-5.483985,-2.788239
448.050000,-0.750149,-4.837868,-2.293132
448.100000,-0.988765,-4.821029,-2.467901
448.150000,-1.820316,-5.373492,-3.230036
448.200000,-3.145335,-6.415991,-4.484923
448.250000,-4.867123,-7.862704,-6.137539
448.300000,-6.894512,-9.627521,-8.096762
448.350000,-9.141955,-11.627065,-10.276627
448.400000,-11.529726,-13.782674,-12.597177
448.450000,-13.985606,-16.022687,-14.986284
448.500000,-16.448054,-18.285342,-17.382604
448.550000,-18.869139,-20.521367,-19.738250
448.600000,-21.214848,-22.694634,-22.019116
448.650000,-23.462220,-24.780303,-24.202300
448.700000,-25.595166,-26.761529,-26.272188
448.750000,-27.601137,-28.626367,-28.217167
448.800000,-29.469599,-30.365826,-30.027900
448.850000,-31.192068,-31.973189,-31.697076
448.900000,-32.762978,-33.444183,-33.220013
448.950000,-34.180574,-34.777450,-34.595397
449.000000,-35.447295,-35.974832,-35.825649
449.050000,-36.569437,-37.041226,-36.916681
449.100000,-37.556271,-37.984030,-37.877152
449.150000,-38.418906,-38.812350,-38.717481
449.200000,-39.169228,-39.536173,-39.448881
449.250000,-39.819070,-40.165685,-40.082589
449.300000,-40.379660,-40.710761,-40.629337
449.350000,-40.861332,-41.180656,-41.099055
449.400000,-41.273399,-41.583850,-41.500740
449.450000,-41.624155,-41.927994,-41.842430
449.500000,-41.920927,-42.219920,-42.131253
449.550000,-42.170166,-42.465698,-42.373498
449.600000,-42.377538,-42.670700,-42.574699
449.650000,-42.548020,-42.839670,-42.739723
449.700000,-42.685984,-42.976798,-42.872852
449.750000,-42.795272,-43.085782,-42.977852
449.800000,-42.879266,-43.169890,-43.058039
449.850000,-42.940946,-43.232008,-43.116337
449.900000,-42.982940,-43.274691,-43.155324
449.950000,-43.007569,-43.300200,-43.177279
450.000000,-43.016882,-43.310537,-43.184216
450.050000,-43.012695,-43.307478,-43.177916
450.100000,-42.996615,-43.292600,-43.159958
450.150000,-42.970063,-43.267301,-43.131739
450.200000,-42.934302,-43.232824,-43.094500
450.250000,-42.890452,-43.190273,-43.049340
450.300000,-42.839506,-43.140630,-42.997234
450.350000,-42.782345,-43.084767,-42.939049
450.400000,-42.719753,-43.023462,-42.875555
450.450000,-42.652423,-42.957405,-42.807433
450.500000,-42.580975,-42.887209,-42.735290
450.550000,-42.505954,-42.813421,-42.659665
450.600000,-42.427848,-42.736526,-42.581035
450.650000,-42.347088,-42.656956,-42.499823
450.700000,-42.264056,-42.575093,-42.416406
450.750000,-42.179093,-42.491278,-42.331116
450.800000,-42.092496,-42.405813,-42.244249
450.850000,-42.004533,-42.318964,-42.156064
450.900000,-41.915438,-42.230968,-42.066792
450.950000,-41.825418,-42.142033,-41.976636
451.000000,-41.734654,-42.052345,-41.885774
451.050000,-41.643307,-41.962065,-41.794365
451.100000,-41.551517,-41.871336,-41.702544
451.150000,-41.459407,-41.780282,-41.610433
451.200000,-41.367083,-41.689013,-41.518136
451.250000,-41.274637,-41.597623,-41.425743
451.300000,-41.182150,-41.506193,-41.333333
451.350000,-41.089690,-41.414795,-41.240972
451.400000,-40.997315,-41.323489,-41.148717
451.450000,-40.905075,-41.232325,-41.056617
451.500000,-40.813010,-41.141347,-40.964711
451.550000,-40.721153,-41.050590,-40.873033
451.600000,-40.629533,-40.960083,-40.781608
451.650000,-40.538169,-40.869848,-40.690456
451.700000,-40.447079,-40.779904,-40.599594
451.750000,-40.356272,-40.690262,-40.509032
451.800000,-40.265755,-40.600931,-40.418775
451.850000,-40.175532,-40.511916,-40.328827
451.900000,-40.085601,-40.423216,-40.239187
451.950000,-39.995960,-40.334831,-40.149850
452.000000,-39.906600,-40.246754,-40.060810
452.050000,-39.817512,-40.158977,-39.972057
452.100000,-39.728685,-40.071491,-39.883580
452.150000,-39.640106,-39.984282,-39.795364
452.200000,-39.551757,-39.897337,-39.707395
452.250000,-39.463622,-39.810639,-39.619654
452.300000,-39.375680,-39.724171,-39.532122
452.350000,-39.287912,-39.637913,-39.444779
452.400000,-39.200295,-39.551843,-39.357602
452.450000,-39.112805,-39.465941,-39.270568
452.500000,-39.025416,-39.380183,-39.183654
452.550000,-38.938104,-39.294543,-39.096831
452.600000,-38.850839,-39.208996,-39.010075
452.650000,-38.763594,-39.123516,-38.923355
452.700000,-38.676338,-39.038073,-38.836643
452.750000,-38.589040,-38.952639,-38.749908
452.800000,-38.501668,-38.867183,-38.663118
452.850000,-38.414187,-38.781674,-38.576240
452.900000,-38.326564,-38.696080,-38.489240
452.950000,-38.238762,-38.610365,-38.402084
453.000000,-38.150744,-38.524496,-38.314733
453.050000,-38.062470,-38.438437,-38.227151
453.100000,-37.973901,-38.352149,-38.139297
453.150000,-37.884996,-38.265595,-38.051133
453.200000,-37.795709,-38.178733,-37.962614
453.250000,-37.705997,-38.091522,-37.873697
453.300000,-37.615812,-38.003919,-37.784336
453.350000,-37.525106,-37.915877,-37.694483
453.400000,-37.433826,-37.827350,-37.604089
453.450000,-37.341919,-37.738288,-37.513100
453.500000,-37.249328,-37.648639,-37.421463
453.550000,-37.155995,-37.558350,-37.329119
453.600000,-37.061858,-37.467363,-37.236010
453.650000,-36.966852,-37.375619,-37.142071
453.700000,-36.870907,-37.283055,-37.047236
453.750000,-36.773950,-37.189605,-36.951434
453.800000,-36.675906,-37.095198,-36.854592
453.850000,-36.576692,-36.999762,-36.756629
453.900000,-36.476221,-36.903217,-36.657463
453.950000,-36.374400,-36.805480,-36.557003
454.000000,-36.271132,-36.706461,-36.455154
454.050000,-36.166311,-36.606066,-36.351816
454.100000,-36.059822,-36.504193,-36.246877
454.150000,-35.951546,-36.400733,-36.140222
454.200000,-35.841350,-36.295569,-36.031723
454.250000,-35.729093,-36.188574,-35.921246
454.300000,-35.614623,-36.079611,-35.808643
454.350000,-35.497773,-35.968534,-35.693754
454.400000,-35.378364,-35.855182,-35.576406
454.450000,-35.256198,-35.739380,-35.456410
454.500000,-35.131061,-35.620939,-35.333561
454.550000,-35.002717,-35.499650,-35.207632
454.600000,-34.870908,-35.375284,-35.078376
454.650000,-34.735347,-35.247591,-34.945518
454.700000,-34.595720,-35.116292,-34.808756
454.750000,-34.451675,-34.981080,-34.667756
454.800000,-34.302822,-34.841614,-34.522143
454.850000,-34.148725,-34.697513,-34.371501
454.900000,-33.988896,-34.548350,-34.215364
454.950000,-33.822783,-34.393646,-34.053206
455.000000,-33.649765,-34.232862,-33.884434
455.050000,-33.469136,-34.065386,-33.708376
455.100000,-33.280090,-33.890522,-33.524264
455.150000,-33.081702,-33.707474,-33.331220
455.200000,-32.872912,-33.515328,-33.128233
455.250000,-32.652486,-33.313028,-32.914135
455.300000,-32.418993,-33.099350,-32.687566
455.350000,-32.170752,-32.872862,-32.446935
455.400000,-31.905785,-32.631881,-32.190367
455.450000,-31.621742,-32.374415,-31.915639
455.500000,-31.315813,-32.098092,-31.620098
455.550000,-30.984612,-31.800062,-31.300548
455.600000,-30.624031,-31.476878,-30.953115
455.650000,-30.229033,-31.124330,-30.573057
455.700000,-29.793396,-30.737238,-30.154525
455.750000,-29.309359,-30.309163,-29.690229
455.800000,-28.767156,-29.832036,-29.171010
455.850000,-28.154383,-29.295646,-28.585251
455.900000,-27.455163,-28.686970,-27.918097
455.950000,-26.649045,-27.989288,-27.150439
456.000000,-25.709628,-27.181066,-26.257630
456.050000,-24.602999,-26.234659,-25.208017
456.100000,-23.286388,-25.115125,-23.961660
456.150000,-21.708258,-23.779992,-22.470305
456.200000,-19.812672,-22.182055,-20.681189
456.250000,-17.553420,-20.279265,-18.549634
456.300000,-14.924372,-18.056898,-16.066464
456.350000,-12.003227,-15.561406,-13.298290
456.400000,-8.979984,-12.927279,-10.415660
456.450000,-6.130179,-10.366787,-7.672546
456.500000,-3.735143,-8.116974,-5.336134
456.550000,-1.998642,-6.373713,-3.609115
456.600000,-1.008466,-5.250331,-2.589407
456.650000,-0.752181,-4.775621,-2.279046
456.700000,-1.157993,-4.917112,-2.618828
456.750000,-2.130358,-5.607982,-3.521280
456.800000,-3.569969,-6.766320,-4.890949
456.850000,-5.381518,-8.305810,-6.633630
456.900000,-7.475361,-10.140859,-8.659509
456.950000,-9.767440,-12.189160,-10.884118
457.000000,-12.179792,-14.373670,-13.229355
457.050000,-14.642700,-16.625067,-15.625652
457.100000,-17.098035,-18.884719,-18.015054
457.150000,-19.501686,-21.106896,-20.353441
457.200000,-21.822961,-23.258746,-22.610035
457.250000,-24.041131,-25.317895,-24.764256
457.300000,-26.141304,-27.269065,-26.801820
457.350000,-28.111541,-29.101231,-28.711817
457.400000,-29.941801,-30.806028,-30.485427
457.450000,-31.624277,-32.377350,-32.115960
457.500000,-33.154344,-33.811654,-33.599566
457.550000,-34.531353,-35.108419,-34.935913
457.600000,-35.758827,-36.270332,-36.128395
457.650000,-36.843954,-37.303021,-37.183741
457.700000,-37.796604,-38.214418,-38.111175
457.750000,-38.628186,-39.013938,-38.921415
457.800000,-39.350641,-39.711683,-39.625744
457.850000,-39.975680,-40.317791,-40.235303
457.900000,-40.514314,-40.841997,-40.760633
457.950000,-40.976610,-41.293360,-41.211421
458.000000,-41.371605,-41.680138,-41.596406
458.050000,-41.707329,-42.009762,-41.923380
458.100000,-41.990868,-42.288856,-42.199239
458.150000,-42.228453,-42.523295,-42.430060
458.200000,-42.425559,-42.718278,-42.621194
458.250000,-42.586993,-42.878395,-42.777344
458.300000,-42.716978,-43.007699,-42.902648
458.350000,-42.819230,-43.109767,-43.000745
458.400000,-42.897017,-43.187761,-43.074843
458.450000,-42.953220,-43.244476,-43.127768
458.500000,-42.990383,-43.282383,-43.162016
458.550000,-43.010750,-43.303672,-43.179792
458.600000,-43.016305,-43.310282,-43.183044
458.650000,-43.008807,-43.303934,-43.173498
458.700000,-42.989809,-43.286154,-43.152681
458.750000,-42.960691,-43.258298,-43.121948
458.800000,-42.922674,-43.221570,-43.082499
458.850000,-42.876843,-43.177040,-43.035400
458.900000,-42.824161,-43.125660,-42.981595
458.950000,-42.765481,-43.068276,-42.921925
459.000000,-42.701561,-43.005640,-42.857134
459.050000,-42.633076,-42.938422,-42.787884
459.100000,-42.560624,-42.867217,-42.714762
459.150000,-42.484734,-42.792554,-42.638290
459.200000,-42.405878,-42.714904,-42.558930
459.250000,-42.324475,-42.634684,-42.477093
459.300000,-42.240893,-42.552267,-42.393143
459.350000,-42.155463,-42.467980,-42.307401
459.400000,-42.068474,-42.382117,-42.220154
459.450000,-41.980183,-42.294936,-42.131654
459.500000,-41.890818,-42.206666,-42.042123
459.550000,-41.800577,-42.117509,-41.951758
459.600000,-41.709638,-42.027643,-41.860730
459.650000,-41.618154,-41.937224,-41.769193
459.700000,-41.526262,-41.846391,-41.677278
459.750000,-41.434079,-41.755264,-41.585102
459.800000,-41.341707,-41.663948,-41.492765
459.850000,-41.249237,-41.572533,-41.400353
459.900000,-41.156744,-41.481099,-41.307943
459.950000,-41.064295,-41.389713,-41.215599
460.000000,-40.971944,-41.298433,-41.123374
460.050000,-40.879739,-41.207308,-41.031315
460.100000,-40.787719,-41.116378,-40.939459
460.150000,-40.695915,-41.025677,-40.847838
460.200000,-40.604354,-40.935233,-40.756477
460.250000,-40.513054,-40.845067,-40.665393
460.300000,-40.422030,-40.755194,-40.574602
460.350000,-40.331291,-40.665626,-40.484112
460.400000,-40.240844,-40.576371,-40.393930
460.450000,-40.150691,-40.487431,-40.304056
460.500000,-40.060829,-40.398807,-40.214488
460.550000,-39.971254,-40.310496,-40.125222
460.600000,-39.881958,-40.222491,-40.036251
460.650000,-39.792932,-40.134783,-39.947563
460.700000,-39.704163,-40.047363,-39.859148
460.750000,-39.615637,-39.960217,-39.770990
460.800000,-39.527337,-39.873330,-39.683073
460.850000,-39.439245,-39.786685,-39.595380
460.900000,-39.351342,-39.700265,-39.507890
460.950000,-39.263606,-39.614049,-39.420583
461.000000,-39.176014,-39.528016,-39.333436
461.050000,-39.088542,-39.442144,-39.246426
461.100000,-39.001165,-39.356409,-39.159527
461.150000,-38.913857,-39.270786,-39.072714
461.200000,-38.826588,-39.185248,-38.985958
461.250000,-38.739331,-39.099769,-38.899232
461.300000,-38.652055,-39.014320,-38.812505
461.350000,-38.564728,-38.928871,-38.725746
461.400000,-38.477317,-38.843392,-38.638923
461.450000,-38.389789,-38.757851,-38.552003
461.500000,-38.302108,-38.672214,-38.464951
461.550000,-38.214237,-38.586449,-38.377733
461.600000,-38.126140,-38.500519,-38.290310
461.650000,-38.037777,-38.414389,-38.202645
461.700000,-37.949107,-38.328019,-38.114698
461.750000,-37.860089,-38.241372,-38.026427
461.800000,-37.770677,-38.154406,-37.937790
461.850000,-37.680827,-38.067079,-37.848743
461.900000,-37.590490,-37.979347,-37.759239
461.950000,-37.499618,-37.891164,-37.669229
462.000000,-37.408157,-37.802482,-37.578663
462.050000,-37.316054,-37.713250,-37.487488
462.100000,-37.223252,-37.623418,-37.395649
462.150000,-37.129690,-37.532929,-37.303087
462.200000,-37.035306,-37.441726,-37.209742
462.250000,-36.940034,-37.349748,-37.115549
462.300000,-36.843803,-37.256933,-37.020441
462.350000,-36.746540,-37.163213,-36.924345
462.400000,-36.648166,-37.068516,-36.827187
462.450000,-36.548599,-36.972767,-36.728886
462.500000,-36.447750,-36.875887,-36.629357
462.550000,-36.345524,-36.777791,-36.528508
462.600000,-36.241822,-36.678387,-36.426243
462.650000,-36.136535,-36.577579,-36.322457
462.700000,-36.029549,-36.475263,-36.217040
462.750000,-35.920738,-36.371328,-36.109872
462.800000,-35.809969,-36.265653,-36.000823
462.850000,-35.697098,-36.158111,-35.889755
462.900000,-35.581968,-36.048562,-35.776518
462.950000,-35.464410,-35.936854,-35.660948
463.000000,-35.344238,-35.822824,-35.542868
463.050000,-35.221252,-35.706292,-35.422084
463.100000,-35.095230,-35.587064,-35.298385
463.150000,-34.965931,-35.464927,-35.171538
463.200000,-34.833090,-35.339644,-35.041291
463.250000,-34.696411,-35.210959,-34.907359
463.300000,-34.555571,-35.078585,-34.769434
463.350000,-34.410208,-34.942206,-34.627168
463.400000,-34.259919,-34.801469,-34.480178
463.450000,-34.104255,-34.655982,-34.328033
463.500000,-33.942710,-34.505305,-34.170251
463.550000,-33.774714,-34.348942,-34.006289
463.600000,-33.599624,-34.186334,-33.835533
463.650000,-33.416706,-34.016847,-33.657284
463.700000,-33.225124,-33.839760,-33.470747
463.750000,-33.023918,-33.654244,-33.275007
463.800000,-32.811981,-33.459349,-33.069014
463.850000,-32.588028,-33.253974,-32.851549
463.900000,-32.350561,-33.036842,-32.621190
463.950000,-32.097825,-32.806453,-32.376273
464.000000,-31.827741,-32.561045,-32.114833
464.050000,-31.537843,-32.298528,-31.834534
464.100000,-31.225170,-32.016406,-31.532584
464.150000,-30.886152,-31.711674,-31.205611
464.200000,-30.516441,-31.380689,-30.849520
464.250000,-30.110697,-31.018994,-30.459284
464.300000,-29.662306,-30.621085,-30.028686
464.350000,-29.162997,-30.180111,-29.549961
464.400000,-28.602334,-29.687456,-29.013327
464.450000,-27.967033,-29.132197,-28.406343
464.500000,-27.240054,-28.500371,-27.713077
464.550000,-26.399427,-27.774029,-26.913002
464.600000,-25.416802,-26.930055,-25.979656
464.650000,-24.255887,-25.938860,-24.879166
464.700000,-22.871331,-24.763334,-23.569161
464.750000,-21.209633,-23.359187,-21.999481
464.800000,-19.215584,-21.679239,-20.117835
464.850000,-16.850391,-19.686269,-17.886035
464.900000,-14.126947,-17.379103,-15.311972
464.950000,-11.153428,-14.827320,-12.490157
465.000000,-8.149420,-12.190389,-9.619237
465.050000,-5.401353,-9.694171,-6.965248
465.100000,-3.175866,-7.570302,-4.784095
465.150000,-1.645390,-5.993896,-3.250786
465.200000,-0.866167,-5.053193,-2.433670
465.250000,-0.804784,-4.756921,-2.313764
465.300000,-1.379840,-5.060477,-2.821094
465.350000,-2.493375,-5.891275,-3.864472
465.400000,-4.046799,-7.165401,-5.348228
465.450000,-5.946369,-8.796388,-7.179231
465.500000,-8.104032,-10.699368,-9.269107
465.550000,-10.437334,-12.793313,-11.535043
465.600000,-12.870343,-15.003074,-13.901062
465.650000,-15.336258,-17.262039,-16.300549
465.700000,-17.780750,-19.515059,-18.679312
465.750000,-20.163698,-21.720146,-20.997169
465.800000,-22.457634,-23.847712,-23.226602
465.850000,-24.643861,-25.877719,-25.349180
465.900000,-26.708526,-27.796325,-27.351790
465.950000,-28.640260,-29.593355,-29.224174
466.000000,-30.429573,-31.261078,-30.958061
466.050000,-32.069451,-32.794061,-32.547481
466.100000,-33.556326,-34.189569,-33.989517
466.150000,-34.890734,-35.447983,-35.284887
466.200000,-36.077303,-36.572860,-36.437988
466.250000,-37.124086,-37.570553,-37.456344
466.300000,-38.041498,-38.449493,-38.349700
466.350000,-38.841189,-39.219362,-39.129016
466.400000,-39.535096,-39.890328,-39.805595
466.450000,-40.134771,-40.472453,-40.390444
466.500000,-40.650973,-40.975300,-40.893882
466.550000,-41.093483,-41.407710,-41.325333
466.600000,-41.471051,-41.777708,-41.693266
466.650000,-41.791431,-42.092494,-42.005215
466.700000,-42.061460,-42.358475,-42.267835
466.750000,-42.287147,-42.581328,-42.486993
466.800000,-42.473769,-42.766073,-42.667846
466.850000,-42.625962,-42.917142,-42.814932
466.900000,-42.747799,-43.038449,-42.932243
466.950000,-42.842863,-43.133450,-43.023289
467.000000,-42.914309,-43.205196,-43.091167
467.050000,-42.964918,-43.256388,-43.138604
467.100000,-42.997146,-43.289415,-43.168012
467.150000,-43.013160,-43.306392,-43.181520
467.200000,-43.014878,-43.309195,-43.181009
467.250000,-43.003998,-43.299486,-43.168148
467.300000,-42.982023,-43.278743,-43.144414
467.350000,-42.950285,-43.248277,-43.111115
467.400000,-42.909967,-43.209252,-43.069412
467.450000,-42.862117,-43.162703,-43.020336
467.500000,-42.807664,-43.109553,-42.964801
467.550000,-42.747437,-43.050618,-42.903617
467.600000,-42.682167,-42.986628,-42.837507
467.650000,-42.612507,-42.918229,-42.767110
467.700000,-42.539035,-42.845998,-42.692994
467.750000,-42.462263,-42.770448,-42.615662
467.800000,-42.382648,-42.692032,-42.535564
467.850000,-42.300593,-42.611155,-42.453094
467.900000,-42.216457,-42.528177,-42.368606
467.950000,-42.130557,-42.443416,-42.282411
468.000000,-42.043174,-42.357154,-42.194783
468.050000,-41.954555,-42.269640,-42.105968
468.100000,-41.864920,-42.181097,-42.016179
468.150000,-41.774461,-42.091719,-41.925607
468.200000,-41.683350,-42.001678,-41.834417
468.250000,-41.591734,-41.911125,-41.742756
468.300000,-41.499743,-41.820193,-41.650752
468.350000,-41.407492,-41.728998,-41.558516
468.400000,-41.315080,-41.637640,-41.466144
468.450000,-41.222590,-41.546207,-41.373721
468.500000,-41.130098,-41.454775,-41.281318
468.550000,-41.037665,-41.363407,-41.188996
468.600000,-40.945346,-41.272161,-41.096808
468.650000,-40.853183,-41.181081,-41.004797
468.700000,-40.761215,-41.090207,-40.912999
468.750000,-40.669471,-40.999570,-40.821442
468.800000,-40.577975,-40.909196,-40.730151
468.850000,-40.486745,-40.819104,-40.639142
468.900000,-40.395794,-40.729310,-40.548429
468.950000,-40.305130,-40.639823,-40.458018
469.000000,-40.214759,-40.550650,-40.367916
469.050000,-40.124681,-40.461792,-40.278121
469.100000,-40.034893,-40.373250,-40.188632
469.150000,-39.945390,-40.285018,-40.099443
469.200000,-39.856165,-40.197091,-40.010545
469.250000,-39.767205,-40.109458,-39.921928
469.300000,-39.678498,-40.022109,-39.833579
469.350000,-39.590029,-39.935030,-39.745483
469.400000,-39.501782,-39.848205,-39.657623
469.450000,-39.413737,-39.761618,-39.569981
469.500000,-39.325874,-39.675249,-39.482537
469.550000,-39.238173,-39.589079,-39.395269
469.600000,-39.150608,-39.503085,-39.308155
469.650000,-39.063157,-39.417245,-39.221170
469.700000,-38.975793,-39.331536,-39.134289
469.750000,-38.888490,-39.245930,-39.047486
469.800000,-38.801218,-39.160403,-38.960732
469.850000,-38.713949,-39.074926,-38.873999
469.900000,-38.626651,-38.989470,-38.787256
469.950000,-38.539294,-38.904006,-38.700472
470.000000,-38.451843,-38.818503,-38.613615
470.050000,-38.364264,-38.732928,-38.526651
470.100000,-38.276523,-38.647249,-38.439545
470.150000,-38.188581,-38.561430,-38.352262
470.200000,-38.100401,-38.475436,-38.264763
470.250000,-38.011944,-38.389231,-38.177011
470.300000,-37.923168,-38.302776,-38.088965
470.350000,-37.834030,-38.216031,-38.000583
470.400000,-37.744486,-38.128955,-37.911823
470.450000,-37.654491,-38.041506,-37.822638
470.500000,-37.563994,-37.953639,-37.732983
470.550000,-37.472947,-37.865306,-37.642808
470.600000,-37.381296,-37.776460,-37.552061
470.650000,-37.288986,-37.687051,-37.460689
470.700000,-37.195960,-37.597024,-37.368637
470.750000,-37.102156,-37.506324,-37.275844
470.800000,-37.007512,-37.414893,-37.182250
470.850000,-36.911958,-37.322669,-37.087788
470.900000,-36.815425,-37.229589,-36.992391
470.950000,-36.717838,-37.135582,-36.895985
471.000000,-36.619116,-37.040578,-36.798493
471.050000,-36.519175,-36.944499,-36.699834
471.100000,-36.417926,-36.847265,-36.599920
471.150000,-36.315271,-36.748788,-36.498660
471.200000,-36.211109,-36.648976,-36.395953
471.250000,-36.105329,-36.547730,-36.291694
471.300000,-35.997814,-36.444944,-36.185770
471.350000,-35.888437,-36.340505,-36.078057
471.400000,-35.777061,-36.234291,-35.968425
471.450000,-35.663538,-36.126169,-35.856731
471.500000,-35.547708,-36.015996,-35.742820
471.550000,-35.429396,-35.903619,-35.626527
471.600000,-35.308414,-35.788868,-35.507668
471.650000,-35.184555,-35.671560,-35.386046
471.700000,-35.057592,-35.551496,-35.261442
471.750000,-34.927277,-35.428455,-35.133620
471.800000,-34.793336,-35.302196,-35.002316
471.850000,-34.655466,-35.172454,-34.867241
471.900000,-34.513332,-35.038934,-34.728074
471.950000,-34.366562,-34.901309,-34.584458
472.000000,-34.214739,-34.759216,-34.435997
472.050000,-34.057399,-34.612248,-34.282245
472.100000,-33.894018,-34.459951,-34.122703
472.150000,-33.724005,-34.301811,-33.956809
472.200000,-33.546693,-34.137250,-33.783926
472.250000,-33.361320,-33.965607,-33.603327
472.300000,-33.167015,-33.786132,-33.414185
472.350000,-32.962777,-33.597964,-33.215548
472.400000,-32.747451,-33.400110,-33.006318
472.450000,-32.519694,-33.191423,-32.785222
472.500000,-32.277937,-32.970562,-32.550772
472.550000,-32.020338,-32.735958,-32.301221
472.600000,-31.744712,-32.485759,-32.034504
472.650000,-31.448458,-32.217765,-31.748161
472.700000,-31.128454,-31.929343,-31.439244
472.750000,-30.780918,-31.617315,-31.104186
472.800000,-30.401236,-31.277821,-30.738643
472.850000,-29.983730,-30.906123,-30.337269
472.900000,-29.521342,-30.496358,-29.893435
472.950000,-29.005229,-30.041206,-29.398840
473.000000,-28.424197,-29.531438,-28.842997
473.050000,-27.763967,-28.955326,-28.212539
473.100000,-27.006190,-28.297847,-27.490312
473.150000,-26.127187,-27.539669,-26.654202
473.200000,-25.096439,-26.655915,-25.675724
473.250000,-23.875069,-25.614871,-24.518588
473.300000,-22.415091,-24.377181,-23.137931
473.350000,-20.661461,-22.896992,-21.482042
473.400000,-18.561206,-21.128192,-19.500453
473.450000,-16.086288,-19.040818,-17.164470
473.500000,-13.273357,-16.650911,-14.503415
473.550000,-10.263991,-14.053990,-11.642617
473.600000,-7.304715,-11.433536,-8.806804
473.650000,-4.685636,-9.024223,-6.267727
473.700000,-2.651542,-7.046575,-4.263316
473.750000,-1.340406,-5.651492,-2.937574
473.800000,-0.778073,-4.901833,-2.329875
473.850000,-0.912919,-4.787737,-2.402527
473.900000,-1.656180,-5.254125,-3.076851
473.950000,-2.908664,-6.223778,-4.259157
474.000000,-4.572943,-7.611401,-5.854095
474.050000,-6.556955,-9.330702,-7.769818
474.100000,-8.774281,-11.297744,-9.919511
474.150000,-11.144215,-13.432994,-12.222182
474.200000,-13.593169,-15.663507,-14.604292
474.250000,-16.057677,-17.925753,-17.002577
474.300000,-18.487538,-20.168366,-19.366911
474.350000,-20.846646,-22.353194,-21.661102
474.400000,-23.110555,-24.453799,-23.860715
474.450000,-25.262341,-26.452291,-25.949227
474.500000,-27.289043,-28.336106,-27.914545
474.550000,-29.179835,-30.095857,-29.747017
474.600000,-30.925860,-31.724467,-31.438984
474.650000,-32.521017,-33.217242,-32.985286
474.700000,-33.962900,-34.572328,-34.384033
474.750000,-35.253275,-35.791051,-35.637047
474.800000,-36.397870,-36.877844,-36.749716
474.850000,-37.405546,-37.839752,-37.730319
474.900000,-38.287192,-38.685659,-38.589059
474.950000,-39.054626,-39.425460,-39.337074
475.000000,-39.719730,-40.069344,-39.985635
475.050000,-40.293852,-40.627257,-40.545579
475.100000,-40.787477,-41.108568,-41.026973
475.150000,-41.210083,-41.521882,-41.438964
475.200000,-41.570122,-41.874981,-41.789742
475.250000,-41.875070,-42.174826,-42.086574
475.300000,-42.131510,-42.427604,-42.335877
475.350000,-42.345226,-42.638791,-42.543299
475.400000,-42.521301,-42.813227,-42.713808
475.450000,-42.664195,-42.955187,-42.851774
475.500000,-42.777831,-43.068442,-42.961040
475.550000,-42.865662,-43.156324,-43.044990
475.600000,-42.930726,-43.221779,-43.106607
475.650000,-42.975705,-43.267410,-43.148522
475.700000,-43.002965,-43.295523,-43.173059
475.750000,-43.014599,-43.308159,-43.182271
475.800000,-43.012456,-43.307129,-43.177975
475.850000,-42.998175,-43.294039,-43.161780
475.900000,-42.973205,-43.270315,-43.135112
475.950000,-42.938835,-43.237224,-43.099234
476.000000,-42.896203,-43.195889,-43.055266
476.050000,-42.846324,-43.147313,-43.004205
476.100000,-42.790095,-43.092383,-42.946932
476.150000,-42.728315,-43.031893,-42.884231
476.200000,-42.661692,-42.966544,-42.816799
476.250000,-42.590855,-42.896963,-42.745253
476.300000,-42.516362,-42.823705,-42.670142
476.350000,-42.438709,-42.747267,-42.591952
476.400000,-42.358336,-42.668087,-42.511117
476.450000,-42.275633,-42.586556,-42.428018
476.500000,-42.190945,-42.503020,-42.342995
476.550000,-42.104579,-42.417788,-42.256349
476.600000,-42.016806,-42.331131,-42.168346
476.650000,-41.927864,-42.243290,-42.079221
476.700000,-41.837965,-42.154479,-41.989180
476.750000,-41.747295,-42.064886,-41.898407
476.800000,-41.656017,-41.974676,-41.807061
476.850000,-41.564274,-41.883995,-41.715283
476.900000,-41.472192,-41.792971,-41.623195
476.950000,-41.379879,-41.701714,-41.530906
477.000000,-41.287432,-41.610321,-41.438507
477.050000,-41.194930,-41.518876,-41.346078
477.100000,-41.102444,-41.427452,-41.253688
477.150000,-41.010035,-41.336111,-41.161396
477.200000,-40.917752,-41.244904,-41.069251
477.250000,-40.825638,-41.153876,-40.977294
477.300000,-40.733728,-41.063063,-40.885559
477.350000,-40.642050,-40.972496,-40.794073
477.400000,-40.550625,-40.882198,-40.702858
477.450000,-40.459470,-40.792187,-40.611929
477.500000,-40.368597,-40.702476,-40.521299
477.550000,-40.278013,-40.613076,-40.430973
477.600000,-40.187723,-40.523989,-40.340955
477.650000,-40.097724,-40.435219,-40.251245
477.700000,-40.008015,-40.346763,-40.161839
477.750000,-39.918588,-40.258615,-40.072731
477.800000,-39.829436,-40.170769,-39.983910
477.850000,-39.740545,-40.083215,-39.895367
477.900000,-39.651904,-39.995941,-39.807088
477.950000,-39.563495,-39.908932,-39.719057
478.000000,-39.475302,-39.822172,-39.631256
478.050000,-39.387307,-39.735644,-39.543668
478.100000,-39.299487,-39.649329,-39.456271
478.150000,-39.211821,-39.563206,-39.369043
478.200000,-39.124285,-39.477254,-39.281962
478.250000,-39.036855,-39.391448,-39.195003
478.300000,-38.949504,-39.305764,-39.108141
478.350000,-38.862205,-39.220177,-39.021347
478.400000,-38.774929,-39.134660,-38.934595
478.450000,-38.687647,-39.049184,-38.847854
478.500000,-38.600327,-38.963722,-38.761094
478.550000,-38.512937,-38.878241,-38.674284
478.600000,-38.425443,-38.792712,-38.587391
478.650000,-38.337811,-38.707102,-38.500380
478.700000,-38.250006,-38.621376,-38.413217
478.750000,-38.161989,-38.535501,-38.325865
478.800000,-38.073722,-38.449440,-38.238287
478.850000,-37.985165,-38.363156,-38.150442
478.900000,-37.896277,-38.276610,-38.062292
478.950000,-37.807014,-38.189762,-37.973793
479.000000,-37.717332,-38.102571,-37.884902
479.050000,-37.627183,-38.014993,-37.795573
479.100000,-37.536518,-37.926983,-37.705759
479.150000,-37.445287,-37.838494,-37.615410
479.200000,-37.353436,-37.749476,-37.524473
479.250000,-37.260909,-37.659878,-37.432895
479.300000,-37.167647,-37.569647,-37.340618
479.350000,-37.073589,-37.478726,-37.247583
479.400000,-36.978670,-37.387055,-37.153726
479.450000,-36.882822,-37.294573,-37.058982
479.500000,-36.785971,-37.201213,-36.963281
479.550000,-36.688043,-37.106906,-36.866548
479.600000,-36.588954,-37.011579,-36.768706
479.650000,-36.488621,-36.915152,-36.669670
479.700000,-36.386950,-36.817545,-36.569352
479.750000,-36.283844,-36.718667,-36.467659
479.800000,-36.179198,-36.618426,-36.364487
479.850000,-36.072899,-36.516719,-36.259730
479.900000,-35.964828,-36.413439,-36.153271
479.950000,-35.854854,-36.308470,-36.044986
480.000000,-35.742838,-36.201686,-35.934738
480.050000,-35.628627,-36.092952,-35.822383
480.100000,-35.512058,-35.982123,-35.707763
480.150000,-35.392952,-35.869039,-35.590707
480.200000,-35.271115,-35.753527,-35.471026
480.250000,-35.146335,-35.635401,-35.348519
480.300000,-35.018377,-35.514453,-35.222960
480.350000,-34.886987,-35.390457,-35.094106
480.400000,-34.751883,-35.263167,-34.961685
480.450000,-34.612751,-35.132306,-34.825399
480.500000,-34.469248,-34.997572,-34.684917
480.550000,-34.320986,-34.858627,-34.539870
480.600000,-34.167536,-34.715096,-34.389849
480.650000,-34.008417,-34.566557,-34.234391
480.700000,-33.843085,-34.412540,-34.072981
480.750000,-33.670929,-34.252513,-33.905033
480.800000,-33.491252,-34.085872,-33.729885
480.850000,-33.303262,-33.911932,-33.546783
480.900000,-33.106051,-33.729912,-33.354863
480.950000,-32.898575,-33.538913,-33.153131
481.000000,-32.679624,-33.337898,-32.940441
481.050000,-32.447793,-33.125665,-32.715457
481.100000,-32.201436,-32.900808,-32.476620
481.150000,-31.938611,-32.661680,-32.222092
481.200000,-31.657021,-32.406329,-31.949697
481.250000,-31.353915,-32.132435,-31.656840
481.300000,-31.025989,-31.837212,-31.340398
481.350000,-30.669230,-31.517293,-30.996589
481.400000,-30.278728,-31.168574,-30.620790
481.450000,-29.848423,-30.786005,-30.207302
481.500000,-29.370766,-30.363321,-29.749035
481.550000,-28.836267,-29.892678,-29.237085
481.600000,-28.232887,-29.364159,-28.660175
481.650000,-27.545228,-28.765131,-28.003899
481.700000,-26.753472,-28.079383,-27.249734
481.750000,-25.832034,-27.286042,-26.373793
481.800000,-24.748010,-26.358289,-25.345367
481.850000,-23.459772,-25.262131,-24.125585
481.900000,-21.916766,-23.955971,-22.667140
481.950000,-20.063130,-22.392870,-20.917407
482.000000,-17.850240,-20.529277,-18.829624
482.050000,-15.264870,-18.345485,-16.388277
482.100000,-12.372200,-15.878591,-13.648570
482.150000,-9.348514,-13.251858,-10.768169
482.200000,-6.462343,-10.670119,-7.993796
482.250000,-3.999148,-8.370959,-5.595426
482.300000,-2.175367,-6.558205,-3.786771
482.350000,-1.093037,-5.356113,-2.678939
482.400000,-0.749982,-4.802866,-2.284078
482.450000,-1.079523,-4.871992,-2.548540
482.500000,-1.987679,-5.499678,-3.386993
482.550000,-3.375032,-6.605166,-4.704320
482.600000,-5.145641,-8.102346,-6.405935
482.650000,-7.209182,-9.905388,-8.401436
482.700000,-9.480925,-11.931492,-10.605674
482.750000,-11.882093,-14.102866,-12.939692
482.800000,-14.341803,-16.349102,-15.332731
482.850000,-16.800345,-18.610118,-17.725266
482.900000,-19.211860,-20.838562,-20.071455
482.950000,-21.544165,-23.000100,-22.339020
483.000000,-23.775544,-25.071256,-24.506351
483.050000,-25.890581,-27.036058,-26.558580
483.100000,-27.877067,-28.883073,-28.484484
483.150000,-29.724733,-30.603651,-30.275006
483.200000,-31.425453,-32.191402,-31.923165
483.250000,-32.974158,-33.642441,-33.424719
483.300000,-34.369687,-34.955858,-34.778880
483.350000,-35.615064,-36.133950,-35.988594
483.400000,-36.717070,-37.182011,-37.060216
483.450000,-37.685303,-38.107729,-38.002714
483.500000,-38.531041,-38.920380,-38.826673
483.550000,-39.266199,-39.630015,-39.543345
483.600000,-39.902547,-40.246796,-40.163917
483.650000,-40.451195,-40.780521,-40.699016
483.700000,-40.922330,-41.240339,-41.158442
483.750000,-41.325116,-41.634609,-41.551049
483.800000,-41.667703,-41.970861,-41.884743
483.850000,-41.957285,-42.255814,-42.166522
483.900000,-42.200194,-42.495433,-42.402563
483.950000,-42.401990,-42.694992,-42.598296
484.000000,-42.567559,-42.859154,-42.758502
484.050000,-42.701191,-42.992033,-42.887383
484.100000,-42.806658,-43.097261,-42.988635
484.150000,-42.887282,-43.178049,-43.065516
484.200000,-42.945988,-43.237232,-43.120896
484.250000,-42.985358,-43.277320,-43.157309
484.300000,-43.007671,-43.300535,-43.176994
484.350000,-43.014942,-43.308846,-43.181928
484.400000,-43.008954,-43.303998,-43.173862
484.450000,-42.991285,-43.287540,-43.154348
484.500000,-42.963336,-43.260847,-43.124760
484.550000,-42.926345,-43.225142,-43.086315
484.600000,-42.881413,-43.181510,-43.040096
484.650000,-42.829517,-43.130917,-42.987061
484.700000,-42.771524,-43.074220,-42.928062
484.750000,-42.708202,-43.012184,-42.863855
484.800000,-42.640237,-42.945487,-42.795112
484.850000,-42.568233,-42.874733,-42.722428
484.900000,-42.492730,-42.800460,-42.646333
484.950000,-42.414206,-42.723144,-42.567295
485.000000,-42.333085,-42.643209,-42.485733
485.050000,-42.249743,-42.561033,-42.402014
485.100000,-42.164513,-42.476949,-42.316466
485.150000,-42.077690,-42.391255,-42.229380
485.200000,-41.989536,-42.304212,-42.141010
485.250000,-41.900280,-42.216053,-42.051583
485.300000,-41.810125,-42.126983,-41.961299
485.350000,-41.719251,-42.037183,-41.870333
485.400000,-41.627814,-41.946813,-41.778839
485.450000,-41.535953,-41.856011,-41.686952
485.500000,-41.443787,-41.764902,-41.594789
485.550000,-41.351420,-41.673590,-41.502454
485.600000,-41.258944,-41.582170,-41.410034
485.650000,-41.166437,-41.490721,-41.317607
485.700000,-41.073965,-41.399312,-41.225237
485.750000,-40.981585,-41.308002,-41.132981
485.800000,-40.889346,-41.216841,-41.040885
485.850000,-40.797286,-41.125871,-40.948988
485.900000,-40.705439,-41.035126,-40.857322
485.950000,-40.613831,-40.944634,-40.765912
486.000000,-40.522483,-40.854417,-40.674778
486.050000,-40.431408,-40.764492,-40.583934
486.100000,-40.340618,-40.674870,-40.493391
486.150000,-40.250118,-40.585560,-40.403154
486.200000,-40.159912,-40.496565,-40.313226
486.250000,-40.069997,-40.407886,-40.223604
486.300000,-39.980369,-40.319519,-40.134284
486.350000,-39.891022,-40.231460,-40.045259
486.400000,-39.801945,-40.143699,-39.956519
486.450000,-39.713126,-40.056226,-39.868052
486.500000,-39.624552,-39.969028,-39.779845
486.550000,-39.536205,-39.882091,-39.691880
486.600000,-39.448069,-39.795399,-39.604141
486.650000,-39.360123,-39.708932,-39.516607
486.700000,-39.272347,-39.622672,-39.429258
486.750000,-39.184717,-39.536598,-39.342072
486.800000,-39.097210,-39.450686,-39.255025
486.850000,-39.009801,-39.364914,-39.168092
486.900000,-38.922462,-39.279257,-39.081247
486.950000,-38.835167,-39.193688,-38.994463
487.000000,-38.747886,-39.108180,-38.907711
487.050000,-38.660589,-39.022706,-38.820961
487.100000,-38.573244,-38.937234,-38.734183
487.150000,-38.485819,-38.851736,-38.647344
487.200000,-38.398280,-38.766179,-38.560412
487.250000,-38.310592,-38.680530,-38.473351
487.300000,-38.222719,-38.594755,-38.386127
487.350000,-38.134623,-38.508820,-38.298703
487.400000,-38.046264,-38.422688,-38.211040
487.450000,-37.957603,-38.336321,-38.123100
487.500000,-37.868597,-38.249680,-38.034840
487.550000,-37.779203,-38.162724,-37.946218
487.600000,-37.689375,-38.075412,-37.857190
487.650000,-37.599065,-37.987698,-37.767710
487.700000,-37.508224,-37.899539,-37.677729
487.750000,-37.416801,-37.810885,-37.587197
487.800000,-37.324740,-37.721687,-37.496061
487.850000,-37.231986,-37.631893,-37.404266
487.900000,-37.138478,-37.541448,-37.311755
487.950000,-37.044153,-37.450295,-37.218466
488.000000,-36.948947,-37.358373,-37.124335
488.050000,-36.852790,-37.265620,-37.029296
488.100000,-36.755607,-37.171968,-36.933277
488.150000,-36.657322,-37.077346,-36.836202
488.200000,-36.557850,-36.981680,-36.737993
488.250000,-36.457106,-36.884891,-36.638563
488.300000,-36.354994,-36.786893,-36.537822
488.350000,-36.251415,-36.687596,-36.435675
488.400000,-36.146262,-36.586905,-36.332017
488.450000,-36.039421,-36.484716,-36.226739
488.500000,-35.930767,-36.380918,-36.119720
488.550000,-35.820168,-36.275393,-36.010834
488.600000,-35.707480,-36.168013,-35.899942
488.650000,-35.592549,-36.058638,-35.786895
488.700000,-35.475206,-35.947120,-35.671531
488.750000,-35.355267,-35.833295,-35.553673
488.800000,-35.232532,-35.716986,-35.433131
488.850000,-35.106784,-35.597999,-35.309693
488.900000,-34.977781,-35.476123,-35.183131
488.950000,-34.845262,-35.351125,-35.053192
489.000000,-34.708934,-35.222749,-34.919597
489.050000,-34.568475,-35.090711,-34.782037
489.100000,-34.423528,-34.954699,-34.640170
489.150000,-34.273695,-34.814364,-34.493616
489.200000,-34.118529,-34.669316,-34.341949
489.250000,-33.957532,-34.519121,-34.184691
489.300000,-33.790139,-34.363288,-34.021306
489.350000,-33.615715,-34.201264,-33.851186
489.400000,-33.433534,-34.032423,-33.673643
489.450000,-33.242771,-33.856052,-33.487888
489.500000,-33.042477,-33.671333,-33.293020
489.550000,-32.831561,-33.477328,-33.088002
489.600000,-32.608755,-33.272952,-32.871630
489.650000,-32.372583,-33.056943,-32.642506
489.700000,-32.121315,-32.827827,-32.398988
489.750000,-31.852907,-32.583866,-32.139142
489.800000,-31.564928,-32.323004,-31.860669
489.850000,-31.254471,-32.042785,-31.560823
489.900000,-30.918027,-31.740257,-31.236294
489.950000,-30.551328,-31.411843,-30.883057
490.000000,-30.149135,-31.053168,-30.496183
490.050000,-29.704967,-30.658837,-30.069579
490.100000,-29.210724,-30.222138,-29.595639
490.150000,-28.656197,-29.734640,-29.064791
490.200000,-28.028397,-29.185660,-28.464873
490.250000,-27.310679,-28.561552,-27.780315
490.300000,-26.481585,-27.844781,-26.991072
490.350000,-25.513424,-27.012768,-26.071291
490.400000,-24.370701,-26.036575,-24.987848
490.450000,-23.008925,-24.879815,-23.699179
490.500000,-21.375215,-23.498783,-22.155729
490.550000,-19.414018,-21.846219,-20.304962
490.600000,-17.083862,-19.883140,-18.106337
490.650000,-14.391030,-17.603644,-15.561808
490.700000,-11.433482,-15.069514,-12.756516
490.750000,-8.421376,-12.432148,-9.880110
490.800000,-5.638235,-9.913400,-7.195258
490.850000,-3.356119,-7.747171,-4.962135
490.900000,-1.757921,-6.115630,-3.365038
490.950000,-0.909998,-5.115169,-2.481845
491.000000,-0.785460,-4.760869,-2.300154
491.050000,-1.305804,-5.011898,-2.753279
491.100000,-2.373745,-5.797432,-3.751128
491.150000,-3.890432,-7.034155,-5.198063
491.200000,-5.761620,-8.635633,-7.000597
491.250000,-7.898750,-10.516758,-9.069896
491.300000,-10.218848,-12.596078,-11.322605
491.350000,-12.645308,-14.797813,-13.682044
491.400000,-15.110354,-17.054452,-16.080614
491.450000,-17.558406,-19.309694,-18.462882
491.500000,-19.948051,-21.520340,-20.787394
491.550000,-22.250805,-23.655760,-23.025598
491.600000,-24.447342,-25.695183,-25.158395
491.650000,-26.523493,-27.624320,-27.172311
491.700000,-28.467707,-29.432729,-29.056884
491.750000,-30.270311,-31.112474,-30.803662
491.800000,-31.924021,-32.657897,-32.406430
491.850000,-33.424917,-34.065993,-33.861959
491.900000,-34.773143,-35.336846,-35.170623
491.950000,-35.972968,-36.473728,-36.336488
492.000000,-37.032168,-37.482756,-37.366825
492.050000,-37.960983,-38.372204,-38.271213
492.100000,-38.770990,-39.151670,-39.060535
492.150000,-39.474132,-39.831301,-39.746093
492.200000,-40.082012,-40.421187,-40.338938
492.250000,-40.605472,-40.930947,-40.849460
492.300000,-41.054386,-41.369491,-41.287171
492.350000,-41.437596,-41.744923,-41.660626
492.400000,-41.762946,-42.064515,-41.977442
492.450000,-42.037352,-42.334743,-42.244351
492.500000,-42.266895,-42.561351,-42.467289
492.550000,-42.456915,-42.749414,-42.651475
492.600000,-42.612103,-42.903416,-42.801500
492.650000,-42.736582,-43.027315,-42.921402
492.700000,-42.833976,-43.124606,-43.014734
492.750000,-42.907478,-43.198378,-43.084628
492.800000,-42.959900,-43.251359,-43.133845
492.850000,-42.993727,-43.285967,-43.164821
492.900000,-43.011151,-43.304340,-43.179711
492.950000,-43.014111,-43.308375,-43.180419
493.000000,-43.004325,-43.299753,-43.168630
493.050000,-42.983312,-43.279967,-43.145838
493.100000,-42.952419,-43.250342,-43.113367
493.150000,-42.912843,-43.212057,-43.072391
493.200000,-42.865642,-43.166158,-43.023950
493.250000,-42.811758,-43.113575,-42.968970
493.300000,-42.752026,-43.055137,-42.908272
493.350000,-42.687187,-42.991579,-42.842582
493.400000,-42.617901,-42.923555,-42.772550
493.450000,-42.544751,-42.851649,-42.698748
493.500000,-42.468257,-42.776378,-42.621687
493.550000,-42.388879,-42.698201,-42.541819
493.600000,-42.307026,-42.617529,-42.459545
493.650000,-42.223061,-42.534722,-42.375222
493.700000,-42.137303,-42.450105,-42.289164
493.750000,-42.050036,-42.363962,-42.201649
493.800000,-41.961513,-42.276545,-42.112925
493.850000,-41.871954,-42.188079,-42.023209
493.900000,-41.781555,-42.098761,-41.932692
493.950000,-41.690487,-42.008765,-41.841544
494.000000,-41.598902,-41.918244,-41.749911
494.050000,-41.506931,-41.827331,-41.657923
494.100000,-41.414689,-41.736146,-41.565694
494.150000,-41.322277,-41.644788,-41.473320
494.200000,-41.229780,-41.553348,-41.380888
494.250000,-41.137274,-41.461902,-41.288469
494.300000,-41.044822,-41.370515,-41.196126
494.350000,-40.952478,-41.279243,-41.103912
494.400000,-40.860288,-41.188135,-41.011871
494.450000,-40.768288,-41.097228,-40.920040
494.500000,-40.676510,-41.006556,-40.828448
494.550000,-40.584977,-40.916144,-40.737119
494.600000,-40.493709,-40.826013,-40.646071
494.650000,-40.402719,-40.736178,-40.555317
494.700000,-40.312015,-40.646649,-40.464865
494.750000,-40.221603,-40.557434,-40.374720
494.800000,-40.131484,-40.468534,-40.284884
494.850000,-40.041655,-40.379948,-40.195353
494.900000,-39.952112,-40.291674,-40.106122
494.950000,-39.862846,-40.203705,-40.017183
495.000000,-39.773847,-40.116031,-39.928526
495.050000,-39.685102,-40.028642,-39.840138
495.100000,-39.596597,-39.941523,-39.752003
495.150000,-39.508313,-39.854660,-39.664107
495.200000,-39.420234,-39.768036,-39.576429
495.250000,-39.332339,-39.681631,-39.488951
495.300000,-39.244606,-39.595427,-39.401651
495.350000,-39.157013,-39.509401,-39.314506
495.400000,-39.069534,-39.423531,-39.227493
495.450000,-38.982145,-39.337793,-39.140585
495.500000,-38.894818,-39.252161,-39.053758
495.550000,-38.807525,-39.166610,-38.966981
495.600000,-38.720237,-39.081110,-38.880228
495.650000,-38.632923,-38.995635,-38.793468
495.700000,-38.545552,-38.910153,-38.706669
495.750000,-38.458089,-38.824635,-38.619799
495.800000,-38.370502,-38.739047,-38.532825
495.850000,-38.282754,-38.653357,-38.445711
495.900000,-38.194809,-38.567530,-38.358423
495.950000,-38.106629,-38.481532,-38.270922
496.000000,-38.018174,-38.395324,-38.183171
496.050000,-37.929404,-38.308870,-38.095128
496.100000,-37.840275,-38.222129,-38.006754
496.150000,-37.750743,-38.135060,-37.918003
496.200000,-37.660762,-38.047620,-37.828832
496.250000,-37.570285,-37.959766,-37.739194
496.300000,-37.479260,-37.871450,-37.649039
496.350000,-37.387636,-37.782625,-37.558317
496.400000,-37.295357,-37.693239,-37.466973
496.450000,-37.202365,-37.603240,-37.374953
496.500000,-37.108601,-37.512572,-37.282197
496.550000,-37.014000,-37.421177,-37.188643
496.600000,-36.918495,-37.328994,-37.094227
496.650000,-36.822015,-37.235958,-36.998881
496.700000,-36.724487,-37.142002,-36.902530
496.750000,-36.625830,-37.047053,-36.805100
496.800000,-36.525960,-36.951035,-36.706508
496.850000,-36.424787,-36.853867,-36.606668
496.900000,-36.322216,-36.755462,-36.505487
496.950000,-36.218145,-36.655729,-36.402867
497.000000,-36.112464,-36.554570,-36.298703
497.050000,-36.005057,-36.451878,-36.192881
497.100000,-35.895795,-36.347541,-36.085279
497.150000,-35.784545,-36.241437,-35.975767
497.200000,-35.671158,-36.133434,-35.864203
497.250000,-35.555475,-36.023391,-35.750433
497.300000,-35.437323,-35.911154,-35.634293
497.350000,-35.316514,-35.796556,-35.515599
497.400000,-35.192842,-35.679413,-35.394157
497.450000,-35.066083,-35.559528,-35.269748
497.500000,-34.935988,-35.436682,-35.142137
497.550000,-34.802287,-35.310635,-35.011063
497.600000,-34.664678,-35.181124,-34.876239
497.650000,-34.522830,-35.047855,-34.737345
497.700000,-34.376371,-34.910504,-34.594027
497.750000,-34.224889,-34.768711,-34.445892
497.800000,-34.067922,-34.622072,-34.292498
497.850000,-33.904952,-34.470136,-34.133349
497.900000,-33.735392,-34.312394,-33.967889
497.950000,-33.558581,-34.148271,-33.795483
498.000000,-33.373762,-33.977114,-33.615415
498.050000,-33.180073,-33.798178,-33.426862
498.100000,-32.976524,-33.610611,-33.228882
498.150000,-32.761969,-33.413430,-33.020389
498.200000,-32.535080,-33.205497,-32.800120
498.250000,-32.294305,-32.985487,-32.566605
498.300000,-32.037820,-32.751848,-32.318116
498.350000,-31.763468,-32.502749,-32.052611
498.400000,-31.468678,-32.236014,-31.767659
498.450000,-31.150365,-31.949044,-31.460349
498.500000,-30.804799,-31.638702,-31.127161
498.550000,-30.427429,-31.301178,-30.763807
498.600000,-30.012654,-30.931801,-30.365018
498.650000,-29.553524,-30.524793,-29.924264
498.700000,-29.041330,-30.072944,-29.433370
498.750000,-28.465060,-29.567174,-28.882015
498.800000,-27.810670,-28.995942,-28.257054
498.850000,-27.060123,-28.344480,-27.541623
498.900000,-26.190146,-27.593784,-26.713986
498.950000,-25.170735,-26.719396,-25.746137
499.000000,-23.963622,-25.690102,-24.602357
499.050000,-22.521429,-24.467067,-23.238358
499.100000,-20.789430,-23.004775,-21.602754
499.150000,-18.714010,-21.256781,-19.644544
499.200000,-16.264397,-19.191260,-17.332616
499.250000,-13.471461,-16.820043,-14.691068
499.300000,-10.469021,-14.232570,-11.838048
499.350000,-7.497789,-11.607015,-8.992609
499.400000,-4.847649,-9.176471,-6.425747
499.450000,-2.768859,-7.164411,-4.379958
499.500000,-1.407351,-5.727430,-3.006449
499.550000,-0.795691,-4.934095,-2.351039
499.600000,-0.886139,-4.778612,-2.380068
499.650000,-1.591436,-5.208142,-3.016672
499.700000,-2.812595,-6.146438,-4.167651
499.750000,-4.451913,-7.508483,-5.737558
499.800000,-6.416949,-9.207931,-7.634253
499.850000,-8.620924,-11.160631,-9.770569
499.900000,-10.982728,-13.286700,-12.065095
499.950000,-13.428223,-15.512674,-14.443720
500.000000,-15.893161,-17.774305,-16.842398
500.050000,-18.326392,-20.019355,-19.210066
500.100000,-20.690909,-22.208806,-21.509638
500.150000,-22.961609,-24.315526,-23.716002
500.200000,-25.121190,-26.321156,-25.812226
500.250000,-27.156502,-28.212857,-27.786000
500.300000,-29.056596,-29.981069,-29.627538
500.350000,-30.812466,-31.618564,-31.329034
500.400000,-32.417792,-33.120475,-32.885140
500.450000,-33.869896,-34.484741,-34.293722
500.500000,-35.170263,-35.712471,-35.556348
500.550000,-36.324371,-36.807898,-36.678182
500.600000,-37.340900,-37.777912,-37.667335
500.650000,-38.230636,-38.631295,-38.533909
500.700000,-39.005364,-39.377899,-39.289004
500.750000,-39.676980,-40.027909,-39.943901
500.800000,-40.256880,-40.591299,-40.509477
500.850000,-40.755611,-41.077480,-40.995858
500.900000,-41.182719,-41.495115,-41.412252
500.950000,-41.546725,-41.852039,-41.766913
501.000000,-41.855166,-42.155267,-42.067168
501.050000,-42.114683,-42.411034,-42.319487
501.100000,-42.331111,-42.624863,-42.529567
501.150000,-42.509575,-42.801635,-42.702420
501.200000,-42.654576,-42.945658,-42.842452
501.250000,-42.770071,-43.060737,-42.953541
501.300000,-42.859540,-43.150232,-43.039099
501.350000,-42.926050,-43.217112,-43.102135
501.400000,-42.972304,-43.264002,-43.145301
501.450000,-43.000689,-43.293227,-43.170940
501.500000,-43.013314,-43.306845,-43.181124
501.550000,-43.012044,-43.306681,-43.177684
501.600000,-42.998531,-43.294355,-43.162243
501.650000,-42.974238,-43.271304,-43.136236
501.700000,-42.940460,-43.238803,-43.100939
501.750000,-42.898349,-43.197988,-43.057481
501.800000,-42.848925,-43.149866,-43.006865
501.850000,-42.793094,-43.095335,-42.949981
501.900000,-42.731661,-43.035192,-42.887619
501.950000,-42.665339,-42.970145,-42.820481
502.000000,-42.594762,-42.900825,-42.749189
502.050000,-42.520494,-42.827794,-42.674297
502.100000,-42.443034,-42.751550,-42.596295
502.150000,-42.362825,-42.672536,-42.515619
502.200000,-42.280262,-42.591146,-42.432656
502.250000,-42.195691,-42.507728,-42.347746
502.300000,-42.109422,-42.422594,-42.261194
502.350000,-42.021729,-42.336018,-42.173268
502.400000,-41.932851,-42.248243,-42.084204
502.450000,-41.843003,-42.159484,-41.994212
502.500000,-41.752371,-42.069930,-41.903474
502.550000,-41.661121,-41.979749,-41.812154
502.600000,-41.569398,-41.889087,-41.720393
502.650000,-41.477326,-41.798074,-41.628315
502.700000,-41.385018,-41.706820,-41.536027
502.750000,-41.292567,-41.615425,-41.443624
502.800000,-41.200057,-41.523973,-41.351186
502.850000,-41.107560,-41.432536,-41.258782
502.900000,-41.015134,-41.341177,-41.166473
502.950000,-40.922831,-41.249950,-41.074307
503.000000,-40.830695,-41.158899,-40.982326
503.050000,-40.738760,-41.068061,-40.890565
503.100000,-40.647055,-40.977467,-40.799051
503.150000,-40.555602,-40.887139,-40.707807
503.200000,-40.464417,-40.797098,-40.616848
503.250000,-40.373514,-40.707357,-40.526187
503.300000,-40.282900,-40.617924,-40.435829
503.350000,-40.192578,-40.528805,-40.345779
503.400000,-40.102548,-40.440002,-40.256037
503.450000,-40.012808,-40.351514,-40.166599
503.500000,-39.923351,-40.263334,-40.077459
503.550000,-39.834167,-40.175456,-39.988608
503.600000,-39.745247,-40.087871,-39.900034
503.650000,-39.656576,-40.000565,-39.811725
503.700000,-39.568140,-39.913526,-39.723664
503.750000,-39.479920,-39.826738,-39.635836
503.800000,-39.391897,-39.740182,-39.548220
503.850000,-39.304052,-39.653840,-39.460797
503.900000,-39.216363,-39.567691,-39.373545
503.950000,-39.128804,-39.481713,-39.286441
504.000000,-39.041353,-39.395884,-39.199460
504.050000,-38.953982,-39.310178,-39.112577
504.100000,-38.866665,-39.224571,-39.025764
504.150000,-38.779372,-39.139035,-38.938994
504.200000,-38.692075,-39.053542,-38.852237
504.250000,-38.604742,-38.968063,-38.765464
504.300000,-38.517340,-38.882569,-38.678641
504.350000,-38.429837,-38.797027,-38.591737
504.400000,-38.342197,-38.711406,-38.504717
504.450000,-38.254386,-38.625671,-38.417547
504.500000,-38.166365,-38.539789,-38.330190
504.550000,-38.078096,-38.453723,-38.242608
504.600000,-37.989540,-38.367435,-38.154763
504.650000,-37.900654,-38.280889,-38.066614
504.700000,-37.811396,-38.194042,-37.978119
504.750000,-37.721720,-38.106854,-37.889233
504.800000,-37.631580,-38.019282,-37.799913
504.850000,-37.540928,-37.931279,-37.710109
504.900000,-37.449711,-37.842800,-37.619772
504.950000,-37.357878,-37.753796,-37.528852
505.000000,-37.265371,-37.664214,-37.437292
505.050000,-37.172132,-37.574001,-37.345036
505.100000,-37.078101,-37.483101,-37.252026
505.150000,-36.983211,-37.391454,-37.158197
505.200000,-36.887395,-37.298999,-37.063484
505.250000,-36.790582,-37.205670,-36.967817
505.300000,-36.692693,-37.111397,-36.871123
505.350000,-36.593650,-37.016107,-36.773323
505.400000,-36.493365,-36.919723,-36.674333
505.450000,-36.391748,-36.822161,-36.574066
505.500000,-36.288700,-36.723334,-36.472428
505.550000,-36.184117,-36.623147,-36.369317
505.600000,-36.077887,-36.521501,-36.264626
505.650000,-35.969891,-36.418286,-36.158238
505.700000,-35.859998,-36.313388,-36.050030
505.750000,-35.748070,-36.206681,-35.939867
505.800000,-35.633955,-36.098031,-35.827603
505.850000,-35.517490,-35.987293,-35.713082
505.900000,-35.398496,-35.874308,-35.596133
505.950000,-35.276781,-35.758904,-35.476570
506.000000,-35.152133,-35.640893,-35.354189
506.050000,-35.024319,-35.520072,-35.228768
506.100000,-34.893085,-35.396214,-35.100063
506.150000,-34.758151,-35.269074,-34.967805
506.200000,-34.619205,-35.138376,-34.831697
506.250000,-34.475904,-35.003821,-34.691409
506.300000,-34.327864,-34.865071,-34.546574
506.350000,-34.174657,-34.721753,-34.396785
506.400000,-34.015804,-34.573449,-34.241582
506.450000,-33.850765,-34.419689,-34.080452
506.500000,-33.678932,-34.259946,-33.912814
506.550000,-33.499613,-34.093618,-33.738009
506.600000,-33.312021,-33.920027,-33.555287
506.650000,-33.115253,-33.738394,-33.363789
506.700000,-32.908272,-33.547827,-33.162530
506.750000,-32.689877,-33.347295,-32.950370
506.800000,-32.458672,-33.135606,-32.725983
506.850000,-32.213024,-32.911364,-32.487822
506.900000,-31.951007,-32.672934,-32.234062
506.950000,-31.670341,-32.418380,-31.962547
507.000000,-31.368300,-32.145401,-31.670701
507.050000,-31.041607,-31.851235,-31.355430
507.100000,-30.686287,-31.532547,-31.012986
507.150000,-30.297478,-31.185269,-30.638791
507.200000,-29.869181,-30.804403,-30.227202
507.250000,-29.393925,-30.383749,-29.771203
507.300000,-28.862324,-29.915544,-29.261988
507.350000,-28.262474,-29.389985,-28.688405
507.400000,-27.579160,-28.794583,-28.036216
507.450000,-26.792798,-28.113319,-27.287120
507.500000,-25.878111,-27.325567,-26.417513
507.550000,-24.802578,-26.404821,-25.397044
507.600000,-23.525005,-25.317450,-24.187253
507.650000,-21.995234,-24.022202,-22.741205
507.700000,-20.157482,-22.472279,-21.006380
507.750000,-17.962321,-20.623638,-18.935322
507.800000,-15.393995,-18.454809,-16.510262
507.850000,-12.513038,-15.999438,-13.782181
507.900000,-9.490401,-13.376470,-10.903755
507.950000,-6.591598,-10.787673,-8.118634
508.000000,-4.103289,-8.470544,-5.697510
508.050000,-2.246567,-6.631755,-3.858114
508.100000,-1.128974,-5.399721,-2.716622
508.150000,-0.752433,-4.816315,-2.289199
508.200000,-1.052382,-4.857474,-2.524471
508.250000,-1.935529,-5.460627,-3.338014
508.300000,-3.302451,-6.545505,-4.634884
508.350000,-5.056976,-8.026102,-6.320369
508.400000,-7.108522,-9.816508,-8.303844
508.450000,-9.372102,-11.833747,-10.499908
508.500000,-11.768641,-13.999753,-12.829285
508.550000,-14.226823,-16.243713,-15.220775
508.600000,-16.686346,-18.505005,-17.614267
508.650000,-19.100686,-20.735657,-19.963258
508.700000,-21.437073,-22.900760,-22.234886
508.750000,-23.673397,-24.976404,-24.407129
508.800000,-25.794029,-26.946337,-26.464883
508.850000,-27.786654,-28.798964,-28.396802
508.900000,-29.640915,-30.525525,-30.193737
508.950000,-31.348568,-32.119521,-31.848598
509.000000,-32.904379,-33.576940,-33.356996
509.050000,-34.306991,-34.896723,-34.717970
509.100000,-35.559233,-36.081015,-35.934292
509.150000,-36.667728,-37.134980,-37.012170
509.200000,-37.641965,-38.066210,-37.960470
509.250000,-38.493163,-38.883921,-38.789721
509.300000,-39.233228,-39.598146,-39.511160
509.350000,-39.873947,-40.219048,-40.135988
509.400000,-40.426468,-40.756452,-40.674865
509.450000,-40.901023,-41.219539,-41.137633
509.500000,-41.306825,-41.616707,-41.533190
509.550000,-41.652068,-41.955524,-41.869484
509.600000,-41.943989,-42.242744,-42.153556
509.650000,-42.188959,-42.484367,-42.391616
509.700000,-42.392572,-42.685698,-42.589131
509.750000,-42.559741,-42.851425,-42.750907
509.800000,-42.694784,-42.985687,-42.881172
509.850000,-42.801496,-43.092139,-42.983645
509.900000,-42.883218,-43.174007,-43.061603
509.950000,-42.942893,-43.234145,-43.117934
510.000000,-42.983117,-43.275077,-43.155185
510.050000,-43.006183,-43.299037,-43.175608
510.100000,-43.014118,-43.308006,-43.181193
510.150000,-43.008714,-43.303737,-43.173700
510.200000,-42.991559,-43.287790,-43.154690
510.250000,-42.964061,-43.261547,-43.125544
510.300000,-42.927467,-43.226237,-43.087488
510.350000,-42.882883,-43.182952,-43.041608
510.400000,-42.831290,-43.132662,-42.988871
510.450000,-42.773562,-43.076231,-42.930131
510.500000,-42.710471,-43.014426,-42.866149
510.550000,-42.642705,-42.947929,-42.797601
510.600000,-42.570874,-42.877349,-42.725085
510.650000,-42.495520,-42.803225,-42.649135
510.700000,-42.417123,-42.726037,-42.570221
510.750000,-42.336110,-42.646212,-42.488763
510.800000,-42.252859,-42.564127,-42.405133
510.850000,-42.167705,-42.480121,-42.319659
510.900000,-42.080945,-42.394490,-42.232633
510.950000,-41.992842,-42.307499,-42.144312
511.000000,-41.903626,-42.219381,-42.054924
511.050000,-41.813503,-42.130343,-41.964670
511.100000,-41.722653,-42.040567,-41.873725
511.150000,-41.631232,-41.950214,-41.782246
511.200000,-41.539381,-41.859423,-41.690367
511.250000,-41.447219,-41.768318,-41.598208
511.300000,-41.354853,-41.677007,-41.505871
511.350000,-41.262373,-41.585582,-41.413446
511.400000,-41.169858,-41.494125,-41.321010
511.450000,-41.077375,-41.402705,-41.228629
511.500000,-40.984981,-41.311381,-41.136358
511.550000,-40.892726,-41.220205,-41.044246
511.600000,-40.800649,-41.129216,-40.952330
511.650000,-40.708783,-41.038452,-40.860644
511.700000,-40.617155,-40.947939,-40.769213
511.750000,-40.525784,-40.857700,-40.678058
511.800000,-40.434688,-40.767752,-40.587191
511.850000,-40.343875,-40.678107,-40.496625
511.900000,-40.253352,-40.588773,-40.406364
511.950000,-40.163122,-40.499754,-40.316412
512.000000,-40.073184,-40.411050,-40.226766
512.050000,-39.983533,-40.322659,-40.137422
512.100000,-39.894163,-40.234576,-40.048374
512.150000,-39.805063,-40.146791,-39.959611
512.200000,-39.716222,-40.059295,-39.871121
512.250000,-39.627626,-39.972074,-39.782891
512.300000,-39.539258,-39.885115,-39.694905
512.350000,-39.451101,-39.798401,-39.607144
512.400000,-39.363135,-39.711913,-39.519590
512.450000,-39.275340,-39.625633,-39.432222
512.500000,-39.187692,-39.539539,-39.345017
512.550000,-39.100167,-39.453608,-39.257952
512.600000,-39.012741,-39.367818,-39.171002
512.650000,-38.925388,-39.282144,-39.084141
512.700000,-38.838078,-39.196559,-38.997342
512.750000,-38.750783,-39.111036,-38.910576
512.800000,-38.663474,-39.025547,-38.823813
512.850000,-38.576118,-38.940063,-38.737023
512.900000,-38.488683,-38.854553,-38.650173
512.950000,-38.401135,-38.768985,-38.563232
513.000000,-38.313440,-38.683327,-38.476163
513.050000,-38.225560,-38.597544,-38.388932
513.100000,-38.137459,-38.511602,-38.301502
513.150000,-38.049097,-38.425464,-38.213835
513.200000,-37.960433,-38.339093,-38.125891
513.250000,-37.871427,-38.252449,-38.037630
513.300000,-37.782033,-38.165491,-37.949008
513.350000,-37.692207,-38.078179,-37.859981
513.400000,-37.601901,-37.990467,-37.770504
513.450000,-37.511066,-37.902310,-37.680528
513.500000,-37.419650,-37.813661,-37.590002
513.550000,-37.327599,-37.724470,-37.498875
513.600000,-37.234855,-37.634683,-37.407090
513.650000,-37.141360,-37.544248,-37.314590
513.700000,-37.047051,-37.453107,-37.221315
513.750000,-36.951862,-37.361199,-37.127201
513.800000,-36.855724,-37.268461,-37.032180
513.850000,-36.758563,-37.174827,-36.936181
513.900000,-36.660302,-37.080226,-36.839129
513.950000,-36.560858,-36.984583,-36.740945
514.000000,-36.460143,-36.887818,-36.641543
514.050000,-36.358064,-36.789848,-36.540834
514.100000,-36.254521,-36.690583,-36.438721
514.150000,-36.149408,-36.589925,-36.335100
514.200000,-36.042609,-36.487773,-36.229863
514.250000,-35.934002,-36.384016,-36.122889
514.300000,-35.823454,-36.278536,-36.014051
514.350000,-35.710822,-36.171204,-35.903212
514.400000,-35.595951,-36.061882,-35.790223
514.450000,-35.478674,-35.950421,-35.674922
514.500000,-35.358806,-35.836659,-35.557133
514.550000,-35.236149,-35.720418,-35.436664
514.600000,-35.110485,-35.601505,-35.313308
514.650000,-34.981575,-35.479710,-35.186834
514.700000,-34.849156,-35.354800,-35.056991
514.750000,-34.712937,-35.226520,-34.923500
514.800000,-34.572598,-35.094588,-34.786055
514.850000,-34.427782,-34.958691,-34.644313
514.900000,-34.278092,-34.818482,-34.497896
514.950000,-34.123084,-34.673573,-34.346379
515.000000,-33.962260,-34.523529,-34.189287
515.050000,-33.795058,-34.367863,-34.026085
515.100000,-33.620844,-34.206024,-33.856167
515.150000,-33.438898,-34.037388,-33.678847
515.200000,-33.248395,-33.861244,-33.493340
515.250000,-33.048391,-33.676779,-33.298750
515.300000,-32.837800,-33.483057,-33.094042
515.350000,-32.615360,-33.278999,-32.878019
515.400000,-32.379601,-33.063349,-32.649288
515.450000,-32.128802,-32.834638,-32.406217
515.500000,-31.860929,-32.591139,-32.146879
515.550000,-31.573564,-32.330805,-31.868991
515.600000,-31.263815,-32.051195,-31.569818
515.650000,-30.928195,-31.749372,-31.246069
515.700000,-30.562459,-31.421780,-30.893746
515.750000,-30.161403,-31.064072,-30.507948
515.800000,-29.718586,-30.670886,-30.082622
515.850000,-29.225965,-30.235557,-29.610214
515.900000,-28.673402,-29.749709,-29.081218
515.950000,-28.048005,-29.202739,-28.483562
516.000000,-27.333252,-28.581102,-27.801793
516.050000,-26.507851,-27.867397,-27.016017
516.100000,-25.544322,-27.039214,-26.100582
516.150000,-24.407430,-26.067829,-25.022601
516.200000,-23.052965,-24.917092,-23.740780
516.250000,-21.428262,-23.543494,-22.205770
516.300000,-19.477693,-21.899778,-20.364988
516.350000,-17.158985,-19.946441,-18.177193
516.400000,-14.476367,-17.676117,-15.642496
516.450000,-11.524526,-15.148103,-12.843042
516.500000,-8.510468,-12.511133,-9.965483
516.550000,-5.716587,-9.985630,-7.271230
516.600000,-3.416532,-7.806090,-5.021681
516.650000,-1.796531,-6.156896,-3.404083
516.700000,-0.926274,-5.137097,-2.499438
516.750000,-0.781079,-4.763888,-2.297559
516.800000,-1.283451,-4.997716,-2.732893
516.850000,-2.336361,-5.768366,-3.715742
516.900000,-3.840891,-6.992739,-5.150494
516.950000,-5.702636,-8.584423,-6.943559
517.000000,-7.832875,-10.458237,-9.005953
517.050000,-10.148470,-12.532601,-11.254153
517.100000,-12.572602,-14.731536,-13.611258
517.150000,-15.037189,-16.987246,-16.009355
517.200000,-17.486248,-19.243065,-18.392616
517.250000,-19.877949,-21.455398,-20.719172
517.300000,-22.183469,-23.593273,-22.960131
517.350000,-24.383273,-25.635676,-25.096168
517.400000,-26.463081,-27.568167,-27.113689
517.450000,-28.411286,-29.380216,-29.002163
517.500000,-30.218153,-31.063819,-30.753078
517.550000,-31.876316,-32.613246,-32.360144
517.600000,-33.381738,-34.025405,-33.820031
517.650000,-34.734439,-35.300284,-35.132999
517.700000,-35.938568,-36.441059,-36.303009
517.750000,-37.001807,-37.453773,-37.337243
517.800000,-37.934338,-38.346642,-38.245225
517.850000,-38.747712,-39.129237,-39.037813
517.900000,-39.453871,-39.811697,-39.726303
517.950000,-40.064433,-40.404118,-40.321762
518.000000,-40.590268,-40.916137,-40.834602
518.050000,-41.041277,-41.356689,-41.274361
518.100000,-41.426334,-41.733898,-41.649624
518.150000,-41.753311,-42.055062,-41.968033
518.200000,-42.029150,-42.326681,-42.236347
518.250000,-42.259956,-42.554518,-42.460523
518.300000,-42.451089,-42.743667,-42.645800
518.350000,-42.607258,-42.898629,-42.796788
518.400000,-42.732602,-43.023377,-42.917539
518.450000,-42.830760,-43.121418,-43.011620
518.500000,-42.904934,-43.195852,-43.082174
518.550000,-42.957950,-43.249419,-43.131973
518.600000,-42.992300,-43.284544,-43.163463
518.650000,-43.010185,-43.303374,-43.178805
518.700000,-43.013552,-43.307811,-43.179911
518.750000,-43.004123,-43.299544,-43.168473
518.800000,-42.983425,-43.280071,-43.145989
518.850000,-42.952808,-43.250722,-43.113788
518.900000,-42.913474,-43.212678,-43.073049
518.950000,-42.866485,-43.166990,-43.024816
519.000000,-42.812786,-43.114592,-42.970017
519.050000,-42.753214,-43.056315,-42.909475
519.100000,-42.688516,-42.992897,-42.843922
519.150000,-42.619350,-42.924995,-42.774008
519.200000,-42.546304,-42.853193,-42.700308
519.250000,-42.469900,-42.778012,-42.623333
519.300000,-42.390598,-42.699912,-42.543539
519.350000,-42.308809,-42.619304,-42.461328
519.400000,-42.224897,-42.536552,-42.377057
519.450000,-42.139184,-42.451980,-42.291042
519.500000,-42.051954,-42.365873,-42.203562
519.550000,-41.963460,-42.278487,-42.114866
519.600000,-41.873924,-42.190044,-42.025171
519.650000,-41.783542,-42.100743,-41.934670
519.700000,-41.692486,-42.010759,-41.843533
519.750000,-41.600909,-41.920246,-41.751907
519.800000,-41.508941,-41.829338,-41.659922
519.850000,-41.416700,-41.738152,-41.567693
519.900000,-41.324285,-41.646793,-41.475316
519.950000,-41.231784,-41.555347,-41.382878
520.000000,-41.139270,-41.463894,-41.290451
520.050000,-41.046809,-41.372498,-41.198099
520.100000,-40.954455,-41.281216,-41.105874
520.150000,-40.862252,-41.190095,-41.013820
520.200000,-40.770239,-41.099175,-40.921975
520.250000,-40.678447,-41.008488,-40.830369
520.300000,-40.586899,-40.918061,-40.739024
520.350000,-40.495616,-40.827914,-40.647960
520.400000,-40.404609,-40.738062,-40.557189
520.450000,-40.313889,-40.648517,-40.466721
520.500000,-40.223460,-40.559284,-40.376559
520.550000,-40.133324,-40.470367,-40.286706
520.600000,-40.043479,-40.381764,-40.197158
520.650000,-39.953919,-40.293473,-40.107910
520.700000,-39.864636,-40.205486,-40.018954
520.750000,-39.775621,-40.117795,-39.930280
520.800000,-39.686860,-40.030389,-39.841875
520.850000,-39.598338,-39.943254,-39.753725
520.900000,-39.510039,-39.856374,-39.665812
520.950000,-39.421945,-39.769734,-39.578119
521.000000,-39.334035,-39.683314,-39.490626
521.050000,-39.246287,-39.597095,-39.403311
521.100000,-39.158680,-39.511055,-39.316152
521.150000,-39.071188,-39.425171,-39.229125
521.200000,-38.983786,-39.339419,-39.142205
521.250000,-38.896447,-39.253774,-39.055364
521.300000,-38.809142,-39.168210,-38.968576
521.350000,-38.721843,-39.082698,-38.881812
521.400000,-38.634519,-38.997212,-38.795040
521.450000,-38.547138,-38.911719,-38.708231
521.500000,-38.459666,-38.826191,-38.621352
521.550000,-38.372071,-38.740594,-38.534369
521.600000,-38.284315,-38.654895,-38.447248
521.650000,-38.196363,-38.569061,-38.359952
521.700000,-38.108177,-38.483055,-38.272445
521.750000,-38.019717,-38.396841,-38.184688
521.800000,-37.930942,-38.310380,-38.096640
521.850000,-37.841809,-38.223634,-38.008261
521.900000,-37.752274,-38.136561,-37.919508
521.950000,-37.662292,-38.049119,-37.830334
522.000000,-37.571813,-37.961262,-37.740694
522.050000,-37.480789,-37.872944,-37.650539
522.100000,-37.389165,-37.784118,-37.559817
522.150000,-37.296888,-37.694732,-37.468475
522.200000,-37.203899,-37.604735,-37.376457
522.250000,-37.110138,-37.514069,-37.283704
522.300000,-37.015542,-37.422677,-37.190155
522.350000,-36.920044,-37.330499,-37.095745
522.400000,-36.823572,-37.237469,-37.000405
522.450000,-36.726052,-37.143519,-36.904062
522.500000,-36.627405,-37.048578,-36.806641
522.550000,-36.527547,-36.952569,-36.708060
522.600000,-36.426387,-36.855412,-36.608232
522.650000,-36.323831,-36.757020,-36.507066
522.700000,-36.219777,-36.657301,-36.404461
522.750000,-36.114114,-36.556156,-36.300314
522.800000,-36.006727,-36.453482,-36.194511
522.850000,-35.897488,-36.349164,-36.086931
522.900000,-35.786263,-36.243081,-35.977442
522.950000,-35.672903,-36.135102,-35.865904
523.000000,-35.557250,-36.025085,-35.752163
523.050000,-35.439131,-35.912876,-35.636054
523.100000,-35.318357,-35.798308,-35.517394
523.150000,-35.194725,-35.681200,-35.395989
523.200000,-35.068008,-35.561353,-35.271621
523.250000,-34.937961,-35.438548,-35.144055
523.300000,-34.804311,-35.312546,-35.013031
523.350000,-34.666759,-35.183083,-34.878260
523.400000,-34.524972,-35.049868,-34.739425
523.450000,-34.378581,-34.912577,-34.596172
523.500000,-34.227174,-34.770850,-34.448108
523.550000,-34.070289,-34.624283,-34.294793
523.600000,-33.907410,-34.472427,-34.135732
523.650000,-33.737951,-34.314773,-33.970367
523.700000,-33.561251,-34.150747,-33.798068
523.750000,-33.376556,-33.979698,-33.618118
523.800000,-33.183006,-33.800883,-33.429698
523.850000,-32.979612,-33.613451,-33.231866
523.900000,-32.765231,-33.416421,-33.023539
523.950000,-32.538539,-33.208659,-32.803457
524.000000,-32.297986,-32.988842,-32.570154
524.050000,-32.041755,-32.755422,-32.321907
524.100000,-31.767693,-32.506573,-32.056677
524.150000,-31.473237,-32.240126,-31.772043
524.200000,-31.155312,-31.953487,-31.465100
524.250000,-30.810197,-31.643531,-31.132339
524.300000,-30.433356,-31.306458,-30.769487
524.350000,-30.019209,-30.937613,-30.371292
524.400000,-29.560828,-30.531239,-29.931245
524.450000,-29.049536,-30.080150,-29.441202
524.500000,-28.474362,-29.575300,-28.890881
524.550000,-27.821318,-29.005193,-28.267187
524.600000,-27.072440,-28.355119,-27.553325
524.650000,-26.204548,-27.606152,-26.727645
524.700000,-25.187760,-26.733929,-25.762255
524.750000,-23.983951,-25.707357,-24.621569
524.800000,-22.545891,-24.487726,-23.261439
524.850000,-20.818936,-23.029605,-21.630565
524.900000,-18.749346,-21.286487,-19.677841
524.950000,-16.305747,-19.226142,-17.371621
525.000000,-13.517694,-16.859446,-14.734821
525.050000,-10.517193,-14.274428,-11.883913
525.100000,-7.543539,-11.647987,-9.036574
525.150000,-4.886476,-9.212781,-6.463541
525.200000,-2.797469,-7.192910,-4.408313
525.250000,-1.424295,-5.746273,-3.023756
525.300000,-0.801114,-4.942781,-2.357217
525.350000,-0.881132,-4.777608,-2.376006
525.400000,-1.577466,-5.198464,-3.003711
525.450000,-2.791195,-6.129343,-4.147263
525.500000,-4.424556,-7.485303,-5.711201
525.550000,-6.385029,-9.179993,-7.603321
525.600000,-8.585748,-11.129216,-9.736378
525.650000,-10.945516,-13.253012,-12.028867
525.700000,-13.390072,-15.477802,-14.406550
525.750000,-15.854988,-17.739174,-16.805201
525.800000,-18.288897,-19.984690,-19.173542
525.850000,-20.654583,-22.175131,-21.474278
525.900000,-22.926785,-24.283199,-23.682139
525.950000,-25.088113,-26.290427,-25.780094
526.000000,-27.125369,-28.183910,-27.755782
526.050000,-29.027578,-29.954046,-29.599382
526.100000,-30.785697,-31.593571,-31.303058
526.150000,-32.393359,-33.097579,-32.861416
526.200000,-33.847821,-34.463962,-34.272267
526.250000,-35.150502,-35.693775,-35.537119
526.300000,-36.306818,-36.791205,-36.661082
526.350000,-37.325409,-37.763104,-37.652225
526.400000,-38.217032,-38.618230,-38.520626
526.450000,-38.993465,-39.366422,-39.277376
526.500000,-39.666605,-40.017864,-39.933756
526.550000,-40.247858,-40.582535,-40.500652
526.600000,-40.747786,-41.069858,-40.988201
526.650000,-41.175950,-41.488506,-41.405628
526.700000,-41.540887,-41.846327,-41.761201
526.750000,-41.850149,-42.150348,-42.062260
526.800000,-42.110389,-42.406817,-42.315287
526.850000,-42.327454,-42.621267,-42.525992
526.900000,-42.506479,-42.798587,-42.699396
526.950000,-42.651975,-42.943095,-42.839914
527.000000,-42.767907,-43.058602,-42.951431
527.050000,-42.857761,-43.148476,-43.037367
527.100000,-42.924611,-43.215690,-43.100736
527.150000,-42.971164,-43.262876,-43.144196
527.200000,-42.999813,-43.292362,-43.170094
527.250000,-43.012671,-43.306210,-43.180506
527.300000,-43.011606,-43.306249,-43.177267
527.350000,-42.998272,-43.294101,-43.162002
527.400000,-42.974136,-43.271207,-43.136150
527.450000,-42.940497,-43.238844,-43.100988
527.500000,-42.898507,-43.198149,-43.057649
527.550000,-42.849189,-43.150134,-43.007136
527.600000,-42.793450,-43.095694,-42.950342
527.650000,-42.732097,-43.035631,-42.888058
527.700000,-42.665844,-42.970653,-42.820987
527.750000,-42.595327,-42.901393,-42.749754
527.800000,-42.521109,-42.828413,-42.674911
527.850000,-42.443692,-42.752213,-42.596951
527.900000,-42.363520,-42.673235,-42.516311
527.950000,-42.280987,-42.591876,-42.433377
528.000000,-42.196442,-42.508484,-42.348492
528.050000,-42.110193,-42.423371,-42.261959
528.100000,-42.022516,-42.336811,-42.174049
528.150000,-41.933651,-42.249049,-42.084997
528.200000,-41.843812,-42.160299,-41.995013
528.250000,-41.753187,-42.070752,-41.904281
528.300000,-41.661941,-41.980575,-41.812964
528.350000,-41.570218,-41.889914,-41.721204
528.400000,-41.478146,-41.798900,-41.629125
528.450000,-41.385836,-41.707645,-41.536835
528.500000,-41.293381,-41.616246,-41.444428
528.550000,-41.200867,-41.524789,-41.351984
528.600000,-41.108363,-41.433346,-41.259574
528.650000,-41.015930,-41.341980,-41.167257
528.700000,-40.923619,-41.250745,-41.075083
528.750000,-40.831474,-41.159685,-40.983093
528.800000,-40.739530,-41.068838,-40.891323
528.850000,-40.647815,-40.978233,-40.799799
528.900000,-40.556351,-40.887895,-40.708544
528.950000,-40.465156,-40.797843,-40.617575
529.000000,-40.374242,-40.708090,-40.526902
529.050000,-40.283617,-40.618646,-40.436533
529.100000,-40.193283,-40.529516,-40.346472
529.150000,-40.103242,-40.440702,-40.256718
529.200000,-40.013491,-40.352202,-40.167269
529.250000,-39.924022,-40.264010,-40.078117
529.300000,-39.834827,-40.176121,-39.989254
529.350000,-39.745895,-40.088524,-39.900669
529.400000,-39.657213,-40.001207,-39.812348
529.450000,-39.568765,-39.914157,-39.724277
529.500000,-39.480534,-39.827357,-39.636437
529.550000,-39.392501,-39.740790,-39.548810
529.600000,-39.304646,-39.654436,-39.461377
529.650000,-39.216945,-39.568277,-39.374114
529.700000,-39.129376,-39.482289,-39.286999
529.750000,-39.041915,-39.396449,-39.200008
529.800000,-38.954534,-39.310733,-39.113114
529.850000,-38.867207,-39.225115,-39.026292
529.900000,-38.779905,-39.139569,-38.939512
529.950000,-38.692599,-39.054067,-38.852746
530.000000,-38.605256,-38.968579,-38.765964
530.050000,-38.517846,-38.883075,-38.679132
530.100000,-38.430334,-38.797525,-38.592219
530.150000,-38.342686,-38.711895,-38.505191
530.200000,-38.254866,-38.626152,-38.418013
530.250000,-38.166838,-38.540262,-38.330648
530.300000,-38.078562,-38.454188,-38.243059
530.350000,-37.989998,-38.367893,-38.155207
530.400000,-37.901105,-38.281339,-38.067050
530.450000,-37.811840,-38.194486,-37.978548
530.500000,-37.722159,-38.107291,-37.889657
530.550000,-37.632013,-38.019712,-37.800330
530.600000,-37.541355,-37.931704,-37.710520
530.650000,-37.450133,-37.843219,-37.620178
530.700000,-37.358294,-37.754209,-37.529252
530.750000,-37.265782,-37.664622,-37.437687
530.800000,-37.172539,-37.574404,-37.345427
530.850000,-37.078504,-37.483499,-37.252412
530.900000,-36.983610,-37.391848,-37.158580
530.950000,-36.887791,-37.299389,-37.063863
531.000000,-36.790974,-37.206057,-36.968193
531.050000,-36.693083,-37.111781,-36.871496
531.100000,-36.594038,-37.016488,-36.773693
531.150000,-36.493751,-36.920101,-36.674702
531.200000,-36.392132,-36.822537,-36.574433
531.250000,-36.289083,-36.723709,-36.472793
531.300000,-36.184500,-36.623521,-36.369681
531.350000,-36.078270,-36.521873,-36.264990
531.400000,-35.970274,-36.418658,-36.158603
531.450000,-35.860382,-36.313760,-36.050395
531.500000,-35.748456,-36.207054,-35.940233
531.550000,-35.634343,-36.098406,-35.827972
531.600000,-35.517881,-35.987670,-35.713454
531.650000,-35.398891,-35.874687,-35.596508
531.700000,-35.277180,-35.759286,-35.476948
531.750000,-35.152537,-35.641280,-35.354572
531.800000,-35.024729,-35.520463,-35.229157
531.850000,-34.893503,-35.396612,-35.100458
531.900000,-34.758577,-35.269478,-34.968208
531.950000,-34.619640,-35.138788,-34.832109
532.000000,-34.476350,-35.004242,-34.691831
532.050000,-34.328322,-34.865502,-34.547008
532.100000,-34.175129,-34.722196,-34.397232
532.150000,-34.016292,-34.573906,-34.242044
532.200000,-33.851272,-34.420162,-34.080932
532.250000,-33.679459,-34.260435,-33.913313
532.300000,-33.500163,-34.094128,-33.738529
532.350000,-33.312597,-33.920559,-33.555832
532.400000,-33.115859,-33.738951,-33.364363
532.450000,-32.908911,-33.548413,-33.163136
532.500000,-32.690555,-33.347915,-32.951012
532.550000,-32.459394,-33.136263,-32.726667
532.600000,-32.213796,-32.912064,-32.488553
532.650000,-31.951838,-32.673684,-32.234849
532.700000,-31.671239,-32.419188,-31.963398
532.750000,-31.369277,-32.146276,-31.671626
532.800000,-31.042676,-31.852189,-31.356442
532.850000,-30.687465,-31.533593,-31.014101
532.900000,-30.298784,-31.186424,-30.640028
532.950000,-29.870640,-30.805688,-30.228584
533.000000,-29.395570,-30.385189,-29.772759
533.050000,-28.864194,-29.917174,-29.263756
533.100000,-28.264621,-29.391846,-28.690433
533.150000,-27.581649,-28.796729,-28.038566
533.200000,-26.795715,-28.115820,-27.289872
533.250000,-25.881568,-27.328515,-26.420771
533.300000,-24.806719,-26.408332,-25.400943
533.350000,-23.530014,-25.321673,-24.191963
533.400000,-22.001330,-24.027320,-22.746933
533.450000,-20.164901,-22.478491,-21.013347
533.500000,-17.971249,-20.631116,-18.943709
533.550000,-15.404427,-18.463594,-16.520082
533.600000,-12.524603,-16.009300,-13.793112
533.650000,-9.502284,-13.386826,-10.915062
533.700000,-6.602703,-10.797666,-8.129302
533.750000,-4.112574,-8.479277,-5.706542
533.800000,-2.253335,-6.638532,-3.864807
533.850000,-1.132968,-5.404171,-2.720675
533.900000,-0.753738,-4.818367,-2.290643
533.950000,-1.051269,-4.857262,-2.523534
534.000000,-1.932338,-5.458395,-3.335012
534.050000,-3.297530,-6.541545,-4.630154
534.100000,-5.050661,-8.020721,-6.314244
534.150000,-7.101133,-9.810013,-8.296645
534.200000,-9.363941,-11.826434,-10.491939
534.250000,-11.759990,-13.991900,-12.820828
534.300000,-14.217933,-16.235570,-15.212082
534.350000,-16.677424,-18.496781,-17.605543
534.400000,-19.091887,-20.727515,-19.954661
534.450000,-21.428508,-22.892818,-22.226525
534.500000,-23.665145,-24.968743,-24.399083
534.550000,-25.786152,-26.939020,-26.457209
534.600000,-27.779203,-28.792036,-28.389547
534.650000,-29.633936,-30.519024,-30.186943
534.700000,-31.342097,-32.113477,-31.842296
534.750000,-32.898439,-33.571371,-33.351207
534.800000,-34.301589,-34.891636,-34.712699
534.850000,-35.554360,-36.076404,-35.929530
534.900000,-36.663361,-37.130826,-37.007896
534.950000,-37.638068,-38.062487,-37.956652
535.000000,-38.489698,-38.880598,-38.786321
535.050000,-39.230154,-39.595186,-39.508140
535.100000,-39.871223,-40.216418,-40.133308
535.150000,-40.424055,-40.754116,-40.672489
535.200000,-40.898886,-41.217466,-41.135526
535.250000,-41.304931,-41.614867,-41.531322
535.300000,-41.650389,-41.953891,-41.867827
535.350000,-41.942501,-42.241295,-42.152085
535.400000,-42.187638,-42.483080,-42.390310
535.450000,-42.391398,-42.684555,-42.587970
535.500000,-42.558698,-42.850409,-42.749874
535.550000,-42.693856,-42.984784,-42.880251
535.600000,-42.800670,-43.091335,-42.982824
535.650000,-42.882481,-43.173291,-43.060870
535.700000,-42.942235,-43.233506,-43.117278
535.750000,-42.982528,-43.274506,-43.154597
535.800000,-43.005655,-43.298527,-43.175080
535.850000,-43.013643,-43.307548,-43.180717
535.900000,-43.008286,-43.303326,-43.173270
535.950000,-42.991172,-43.287419,-43.154300
536.000000,-42.963710,-43.261212,-43.125189
536.050000,-42.927146,-43.225932,-43.087163
536.100000,-42.882589,-43.182674,-43.041310
536.150000,-42.831020,-43.132407,-42.988595
536.200000,-42.773311,-43.075995,-42.929874
536.250000,-42.710237,-43.014207,-42.865909
536.300000,-42.642485,-42.947724,-42.797375
536.350000,-42.570666,-42.877156,-42.724870
536.400000,-42.495321,-42.803042,-42.648929
536.450000,-42.416932,-42.725861,-42.570023
536.500000,-42.335925,-42.646042,-42.488571
536.550000,-42.252679,-42.563963,-42.404945
536.600000,-42.167528,-42.479959,-42.319474
536.650000,-42.080771,-42.394330,-42.232450
536.700000,-41.992668,-42.307340,-42.144130
536.750000,-41.903453,-42.219223,-42.054742
536.800000,-41.813329,-42.130184,-41.964487
536.850000,-41.722477,-42.040407,-41.873541
536.900000,-41.631054,-41.950051,-41.782059
536.950000,-41.539200,-41.859257,-41.690178
537.000000,-41.447035,-41.768149,-41.598015
537.050000,-41.354665,-41.676834,-41.505675
537.100000,-41.262180,-41.585405,-41.413245
537.150000,-41.169661,-41.493944,-41.320805
537.200000,-41.077173,-41.402519,-41.228418
537.250000,-40.984774,-41.311190,-41.136142
537.300000,-40.892513,-41.220008,-41.044024
537.350000,-40.800430,-41.129014,-40.952103
537.400000,-40.708559,-41.038243,-40.860411
537.450000,-40.616924,-40.947724,-40.768974
537.500000,-40.525548,-40.857479,-40.677812
537.550000,-40.434444,-40.767525,-40.586939
537.600000,-40.343625,-40.677873,-40.496366
537.650000,-40.253096,-40.588533,-40.406099
537.700000,-40.162859,-40.499507,-40.316140
537.750000,-40.072914,-40.410797,-40.226487
537.800000,-39.983256,-40.322399,-40.137136
537.850000,-39.893878,-40.234308,-40.048081
537.900000,-39.804772,-40.146516,-39.959311
537.950000,-39.715923,-40.059013,-39.870814
538.000000,-39.627320,-39.971785,-39.782577
538.050000,-39.538945,-39.884819,-39.694583
538.100000,-39.450781,-39.798097,-39.606816
538.150000,-39.362807,-39.711602,-39.519254
538.200000,-39.275004,-39.625315,-39.431878
538.250000,-39.187348,-39.539213,-39.344666
538.300000,-39.099816,-39.453275,-39.257593
538.350000,-39.012383,-39.367478,-39.170636
538.400000,-38.925021,-39.281796,-39.083767
538.450000,-38.837703,-39.196203,-38.996960
538.500000,-38.750401,-39.110672,-38.910186
538.550000,-38.663083,-39.025176,-38.823415
538.600000,-38.575719,-38.939684,-38.736617
538.650000,-38.488276,-38.854166,-38.649760
538.700000,-38.400720,-38.768590,-38.562810
538.750000,-38.313016,-38.682923,-38.475732
538.800000,-38.225128,-38.597132,-38.388493
538.850000,-38.137018,-38.511182,-38.301054
538.900000,-38.048647,-38.425035,-38.213379
538.950000,-37.959974,-38.338655,-38.125426
539.000000,-37.870958,-38.252002,-38.037155
539.050000,-37.781556,-38.165036,-37.948524
539.100000,-37.691720,-38.077714,-37.859489
539.150000,-37.601404,-37.989993,-37.770002
539.200000,-37.510559,-37.901827,-37.680016
539.250000,-37.419133,-37.813168,-37.589480
539.300000,-37.327071,-37.723966,-37.498342
539.350000,-37.234316,-37.634170,-37.406547
539.400000,-37.140810,-37.543724,-37.314036
539.450000,-37.046490,-37.452572,-37.220750
539.500000,-36.951289,-37.360653,-37.126624
539.550000,-36.855139,-37.267904,-37.031591
539.600000,-36.757966,-37.174258,-36.935580
539.650000,-36.659691,-37.079645,-36.838516
539.700000,-36.560234,-36.983989,-36.740318
539.750000,-36.459505,-36.887212,-36.640903
539.800000,-36.357411,-36.789228,-36.540179
539.850000,-36.253853,-36.689949,-36.438051
539.900000,-36.148724,-36.589277,-36.334416
539.950000,-36.041909,-36.487109,-36.229162
540.000000,-35.933285,-36.383337,-36.122171
540.050000,-35.822719,-36.277840,-36.013316
540.100000,-35.710068,-36.170490,-35.902459
540.150000,-35.595177,-36.061150,-35.789450
540.200000,-35.477878,-35.949670,-35.674128
540.250000,-35.357988,-35.835887,-35.556318
540.300000,-35.235308,-35.719625,-35.435827
540.350000,-35.109619,-35.600690,-35.312446
540.400000,-34.980682,-35.478870,-35.185946
540.450000,-34.848235,-35.353935,-35.056076
540.500000,-34.711986,-35.225628,-34.922556
540.550000,-34.571615,-35.093667,-34.785079
540.600000,-34.426764,-34.957738,-34.643304
540.650000,-34.277036,-34.817496,-34.496851
540.700000,-34.121987,-34.672550,-34.345295
540.750000,-33.961119,-34.522467,-34.188161
540.800000,-33.793870,-34.366759,-34.024913
540.850000,-33.619604,-34.204874,-33.854945
540.900000,-33.437601,-34.036187,-33.677570
540.950000,-33.247035,-33.859988,-33.492003
541.000000,-33.046963,-33.675462,-33.297347
541.050000,-32.836295,-33.481673,-33.092565
541.100000,-32.613769,-33.277540,-32.876461
541.150000,-32.377916,-33.061806,-32.647639
541.200000,-32.127009,-32.833002,-32.404465
541.250000,-31.859014,-32.589398,-32.145012
541.300000,-31.571511,-32.328944,-31.866991
541.350000,-31.261605,-32.049197,-31.567668
541.400000,-30.925801,-31.747218,-31.243746
541.450000,-30.559853,-31.419444,-30.891221
541.500000,-30.158548,-31.061523,-30.505187
541.550000,-29.715437,-30.668087,-30.079582
541.600000,-29.222465,-30.232461,-29.606842
541.650000,-28.669479,-29.746257,-29.077447
541.700000,-28.043568,-29.198856,-28.479307
541.750000,-27.328184,-28.576692,-27.796944
541.800000,-26.502002,-27.862338,-27.010434
541.850000,-25.537499,-27.033348,-26.094084
541.900000,-24.399390,-26.060958,-25.014961
541.950000,-23.043409,-24.908969,-23.731718
542.000000,-21.416854,-23.533840,-22.194972
542.050000,-19.464125,-21.888320,-20.352159
542.100000,-17.143130,-19.933027,-18.162195
542.150000,-14.458539,-17.660913,-15.625592
542.200000,-11.505727,-15.131798,-12.825123
542.250000,-8.492342,-12.494964,-9.948052
542.300000,-5.700977,-9.971108,-7.256021
542.350000,-3.404911,-7.794570,-5.010136
542.400000,-1.789645,-6.149242,-3.397000
542.450000,-0.924165,-5.133607,-2.496950
542.500000,-0.783333,-4.764416,-2.299341
542.550000,-1.289456,-5.001855,-2.738393
542.600000,-2.345462,-5.775592,-3.724336
542.650000,-3.852457,-7.002490,-5.161563
542.700000,-5.716077,-8.596138,-6.956512
542.750000,-7.847639,-10.471379,-9.020236
542.800000,-10.164046,-12.546663,-11.269254
542.850000,-12.588528,-14.746060,-13.626713
542.900000,-15.053070,-17.001837,-16.024775
542.950000,-17.501781,-19.257409,-18.407695
543.000000,-19.892920,-21.469268,-20.733698
543.050000,-22.197740,-23.606517,-22.973963
543.100000,-24.396747,-25.648193,-25.109215
543.150000,-26.475688,-27.579889,-27.125885
543.200000,-28.422966,-29.391092,-29.013455
543.250000,-30.228861,-31.073814,-30.763428
543.300000,-31.886023,-32.622338,-32.369529
543.350000,-33.390440,-34.033593,-33.828450
543.400000,-34.742156,-35.307584,-35.140471
543.450000,-35.945347,-36.447508,-36.309577
543.500000,-37.007711,-37.459421,-37.342968
543.550000,-37.939441,-38.351552,-38.250176
543.600000,-38.752094,-39.133474,-39.042065
543.650000,-39.457609,-39.815329,-39.729929
543.700000,-40.067600,-40.407210,-40.324832
543.750000,-40.592931,-40.918748,-40.837181
543.800000,-41.043497,-41.358874,-41.276507
543.850000,-41.428165,-41.735708,-41.651388
543.900000,-41.754799,-42.056540,-41.969462
543.950000,-42.030337,-42.327866,-42.237481
544.000000,-42.260877,-42.555444,-42.461396
544.050000,-42.451776,-42.744364,-42.646445
544.100000,-42.607740,-42.899124,-42.797230
544.150000,-42.732902,-43.023694,-42.917803
544.200000,-42.830899,-43.121577,-43.011727
544.250000,-42.904933,-43.195872,-43.082143
544.300000,-42.957824,-43.249315,-43.131819
544.350000,-42.992063,-43.284331,-43.163201
544.400000,-43.009851,-43.303064,-43.178447
544.450000,-43.013131,-43.307415,-43.179469
544.500000,-43.003626,-43.299073,-43.167956
544.550000,-42.982860,-43.279532,-43.145406
544.600000,-42.952185,-43.250123,-43.113147
544.650000,-42.912797,-43.212026,-43.072356
544.700000,-42.865762,-43.166292,-43.024077
544.750000,-42.812021,-43.113853,-42.969238
544.800000,-42.752414,-43.055539,-42.908661
544.850000,-42.687683,-42.992089,-42.843077
544.900000,-42.618489,-42.924159,-42.773135
544.950000,-42.545419,-42.852332,-42.699410
545.000000,-42.468992,-42.777128,-42.622414
545.050000,-42.389671,-42.699009,-42.542601
545.100000,-42.307865,-42.618384,-42.460373
545.150000,-42.223938,-42.535617,-42.376087
545.200000,-42.138211,-42.451031,-42.290059
545.250000,-42.050970,-42.364912,-42.202568
545.300000,-41.962465,-42.277515,-42.113862
545.350000,-41.872920,-42.189063,-42.024159
545.400000,-41.782530,-42.099754,-41.933650
545.450000,-41.691467,-42.009763,-41.842506
545.500000,-41.599883,-41.919244,-41.750873
545.550000,-41.507910,-41.828330,-41.658884
545.600000,-41.415664,-41.737139,-41.566649
545.650000,-41.323244,-41.645775,-41.474268
545.700000,-41.230739,-41.554326,-41.381826
545.750000,-41.138222,-41.462868,-41.289396
545.800000,-41.045757,-41.371469,-41.197040
545.850000,-40.953399,-41.280184,-41.104812
545.900000,-40.861193,-41.189060,-41.012755
545.950000,-40.769177,-41.098137,-40.920907
546.000000,-40.677382,-41.007447,-40.829298
546.050000,-40.585832,-40.917018,-40.737951
546.100000,-40.494545,-40.826868,-40.646884
546.150000,-40.403536,-40.737014,-40.556111
546.200000,-40.312813,-40.647466,-40.465640
546.250000,-40.222381,-40.558231,-40.375476
546.300000,-40.132242,-40.469310,-40.285619
546.350000,-40.042394,-40.380705,-40.196068
546.400000,-39.952831,-40.292411,-40.106817
546.450000,-39.863545,-40.204421,-40.017858
546.500000,-39.774525,-40.116727,-39.929181
546.550000,-39.685760,-40.029317,-39.840772
546.600000,-39.597235,-39.942178,-39.752618
546.650000,-39.508932,-39.855295,-39.664701
546.700000,-39.420833,-39.768651,-39.577004
546.750000,-39.332918,-39.682227,-39.489506
546.800000,-39.245166,-39.596003,-39.402187
546.850000,-39.157553,-39.509958,-39.315023
546.900000,-39.070056,-39.424069,-39.227991
546.950000,-38.982648,-39.338312,-39.141064
547.000000,-38.895303,-39.252661,-39.054218
547.050000,-38.807992,-39.167091,-38.967424
547.100000,-38.720686,-39.081574,-38.880653
547.150000,-38.633354,-38.996080,-38.793874
547.200000,-38.545965,-38.910581,-38.707058
547.250000,-38.458486,-38.825045,-38.620171
547.300000,-38.370881,-38.739440,-38.533180
547.350000,-38.283117,-38.653734,-38.446050
547.400000,-38.195156,-38.567891,-38.358745
547.450000,-38.106960,-38.481876,-38.271229
547.500000,-38.018489,-38.395653,-38.183461
547.550000,-37.929703,-38.309182,-38.095403
547.600000,-37.840559,-38.222426,-38.007013
547.650000,-37.751012,-38.135342,-37.918248
547.700000,-37.661017,-38.047888,-37.829062
547.750000,-37.570525,-37.960019,-37.739409
547.800000,-37.479486,-37.871688,-37.649240
547.850000,-37.387848,-37.782849,-37.558504
547.900000,-37.295555,-37.693449,-37.467147
547.950000,-37.202550,-37.603436,-37.375113
548.000000,-37.108772,-37.512755,-37.282344
548.050000,-37.014158,-37.421347,-37.188777
548.100000,-36.918641,-37.329151,-37.094349
548.150000,-36.822149,-37.236103,-36.998989
548.200000,-36.724608,-37.142134,-36.902627
548.250000,-36.625939,-37.047173,-36.805184
548.300000,-36.526057,-36.951143,-36.706580
548.350000,-36.424872,-36.853963,-36.606729
548.400000,-36.322290,-36.755547,-36.505536
548.450000,-36.218208,-36.655803,-36.402905
548.500000,-36.112516,-36.554632,-36.298730
548.550000,-36.005097,-36.451929,-36.192897
548.600000,-35.895826,-36.347581,-36.085284
548.650000,-35.784565,-36.241467,-35.975762
548.700000,-35.671167,-36.133454,-35.864187
548.750000,-35.555474,-36.023401,-35.750408
548.800000,-35.437313,-35.911154,-35.634257
548.850000,-35.316494,-35.796546,-35.515554
548.900000,-35.192813,-35.679394,-35.394102
548.950000,-35.066044,-35.559499,-35.269684
549.000000,-34.935941,-35.436644,-35.142064
549.050000,-34.802231,-35.310589,-35.010982
549.100000,-34.664614,-35.181068,-34.876148
549.150000,-34.522756,-35.047791,-34.737246
549.200000,-34.376289,-34.910432,-34.593920
549.250000,-34.224800,-34.768631,-34.445777
549.300000,-34.067826,-34.621985,-34.292375
549.350000,-33.904848,-34.470042,-34.133220
549.400000,-33.735282,-34.312293,-33.967752
549.450000,-33.558464,-34.148163,-33.795341
549.500000,-33.373640,-33.977000,-33.615267
549.550000,-33.179946,-33.798059,-33.426708
549.600000,-32.976392,-33.610487,-33.228724
549.650000,-32.761834,-33.413302,-33.020227
549.700000,-32.534942,-33.205365,-32.799955
549.750000,-32.294165,-32.985353,-32.566438
549.800000,-32.037680,-32.751713,-32.317948
549.850000,-31.763330,-32.502614,-32.052444
549.900000,-31.468543,-32.235882,-31.767495
549.950000,-31.150236,-31.948915,-31.460190
550.000000,-30.804679,-31.638580,-31.127009
550.050000,-30.427322,-31.301066,-30.763667
550.100000,-30.012565,-30.931703,-30.364895
550.150000,-29.553460,-30.524715,-29.924163
550.200000,-29.041299,-30.072893,-29.433299
550.250000,-28.465073,-29.567158,-28.881985
550.300000,-27.810742,-28.995975,-28.257079
550.350000,-27.060275,-28.344577,-27.541723
550.400000,-26.190405,-27.593968,-26.714185
550.450000,-25.171140,-26.719698,-25.746471
550.500000,-23.964225,-25.690564,-24.602874
550.550000,-22.522300,-24.467745,-23.239124
550.600000,-20.790658,-23.005743,-21.603852
550.650000,-18.715701,-21.258124,-19.646072
550.700000,-16.266647,-19.193065,-17.334666
550.750000,-13.474311,-16.822358,-14.693684
550.800000,-10.472399,-14.235362,-11.841171
550.850000,-7.501492,-11.610147,-8.996060
550.900000,-4.851395,-9.179727,-6.429265
550.950000,-2.772368,-7.167553,-4.383277
551.000000,-1.410419,-5.730261,-3.009364
551.050000,-0.798206,-4.936486,-2.353433
551.100000,-0.888067,-4.780499,-2.381895
551.150000,-1.592786,-5.209507,-3.017935
551.200000,-2.813402,-6.147293,-4.168377
551.250000,-4.452219,-7.508860,-5.737789
551.300000,-6.416805,-9.207872,-7.634039
551.350000,-8.620381,-11.160184,-9.769963
551.400000,-10.981843,-13.285919,-12.064153
551.450000,-13.427052,-15.511613,-14.442500
551.500000,-15.891758,-17.773018,-16.840954
551.550000,-18.324806,-20.017892,-19.208447
551.600000,-20.689182,-22.207208,-21.507887
551.650000,-22.959777,-24.313829,-23.714154
551.700000,-25.119285,-26.319390,-25.810311
551.750000,-27.154551,-28.211049,-27.784047
551.800000,-29.054627,-29.979243,-29.625570
551.850000,-30.810505,-31.616744,-31.327078
551.900000,-32.415863,-33.118679,-32.883215
551.950000,-33.868018,-34.482988,-34.291848
552.000000,-35.168451,-35.710773,-35.554538
552.050000,-36.322632,-36.806264,-36.676444
552.100000,-37.339240,-37.776346,-37.665673
552.150000,-38.229055,-38.629799,-38.532323
552.200000,-39.003860,-39.376472,-39.287493
552.250000,-39.675548,-40.026547,-39.942462
552.300000,-40.255515,-40.589999,-40.508104
552.350000,-40.754308,-41.076238,-40.994545
552.400000,-41.181473,-41.493925,-41.410994
552.450000,-41.545529,-41.850897,-41.765705
552.500000,-41.854016,-42.154167,-42.066005
552.550000,-42.113574,-42.409973,-42.318364
552.600000,-42.330038,-42.623837,-42.528480
552.650000,-42.508535,-42.800639,-42.701365
552.700000,-42.653564,-42.944690,-42.841426
552.750000,-42.769084,-43.059793,-42.952540
552.800000,-42.858575,-43.149309,-43.038120
552.850000,-42.925105,-43.216207,-43.101174
552.900000,-42.971376,-43.263114,-43.144357
552.950000,-42.999775,-43.292352,-43.170010
553.000000,-43.012412,-43.305982,-43.180206
553.050000,-43.011152,-43.305828,-43.176776
553.100000,-42.997648,-43.293510,-43.161343
553.150000,-42.973361,-43.270465,-43.135343
553.200000,-42.939588,-43.237969,-43.100051
553.250000,-42.897481,-43.197157,-43.056597
553.300000,-42.848060,-43.149038,-43.005983
553.350000,-42.792231,-43.094509,-42.949101
553.400000,-42.730798,-43.034365,-42.886739
553.450000,-42.664475,-42.969318,-42.819601
553.500000,-42.593897,-42.899997,-42.748307
553.550000,-42.519627,-42.826964,-42.673413
553.600000,-42.442164,-42.750716,-42.595408
553.650000,-42.361952,-42.671699,-42.514729
553.700000,-42.279384,-42.590304,-42.431761
553.750000,-42.194809,-42.506882,-42.346847
553.800000,-42.108535,-42.421743,-42.260290
553.850000,-42.020835,-42.335161,-42.172358
553.900000,-41.931952,-42.247380,-42.083288
553.950000,-41.842097,-42.158614,-41.993289
554.000000,-41.751458,-42.069053,-41.902545
554.050000,-41.660201,-41.978865,-41.811218
554.100000,-41.568470,-41.888196,-41.719449
554.150000,-41.476390,-41.797174,-41.627363
554.200000,-41.384074,-41.705913,-41.535067
554.250000,-41.291615,-41.614509,-41.442655
554.300000,-41.199096,-41.523048,-41.350209
554.350000,-41.106589,-41.431603,-41.257796
554.400000,-41.014155,-41.340235,-41.165478
554.450000,-40.921843,-41.248999,-41.073302
554.500000,-40.829697,-41.157938,-40.981312
554.550000,-40.737752,-41.067091,-40.889541
554.600000,-40.646037,-40.976486,-40.798018
554.650000,-40.554573,-40.886149,-40.706764
554.700000,-40.463379,-40.796097,-40.615794
554.750000,-40.372465,-40.706345,-40.525122
554.800000,-40.281840,-40.616902,-40.434754
554.850000,-40.191507,-40.527773,-40.344694
554.900000,-40.101466,-40.438959,-40.254940
554.950000,-40.011714,-40.350459,-40.165491
555.000000,-39.922245,-40.262268,-40.076339
555.050000,-39.833050,-40.174379,-39.987476
555.100000,-39.744117,-40.086782,-39.898891
555.150000,-39.655434,-39.999465,-39.810569
555.200000,-39.566985,-39.912414,-39.722497
555.250000,-39.478752,-39.825613,-39.634656
555.300000,-39.390717,-39.739044,-39.547027
555.350000,-39.302859,-39.652689,-39.459591
555.400000,-39.215156,-39.566527,-39.372326
555.450000,-39.127583,-39.480537,-39.285208
555.500000,-39.040118,-39.394694,-39.198214
555.550000,-38.952733,-39.308974,-39.111316
555.600000,-38.865401,-39.223353,-39.024489
555.650000,-38.778093,-39.137802,-38.937704
555.700000,-38.690780,-39.052295,-38.850933
555.750000,-38.603431,-38.966801,-38.764143
555.800000,-38.516013,-38.881291,-38.677305
555.850000,-38.428493,-38.795734,-38.590384
555.900000,-38.340837,-38.710096,-38.503348
555.950000,-38.253008,-38.624345,-38.416161
556.000000,-38.164969,-38.538446,-38.328786
556.050000,-38.076681,-38.452362,-38.241186
556.100000,-37.988106,-38.366057,-38.153322
556.150000,-37.899200,-38.279492,-38.065154
556.200000,-37.809922,-38.192626,-37.976639
556.250000,-37.720225,-38.105419,-37.887733
556.300000,-37.630064,-38.017826,-37.798391
556.350000,-37.539389,-37.929803,-37.708566
556.400000,-37.448149,-37.841302,-37.618207
556.450000,-37.356292,-37.752275,-37.527262
556.500000,-37.263760,-37.662670,-37.435678
556.550000,-37.170496,-37.572433,-37.343398
556.600000,-37.076437,-37.481508,-37.250361
556.650000,-36.981520,-37.389836,-37.156505
556.700000,-36.885675,-37.297354,-37.061764
556.750000,-36.788831,-37.203996,-36.966068
556.800000,-36.690911,-37.109695,-36.869343
556.850000,-36.591835,-37.014374,-36.771510
556.900000,-36.491515,-36.917958,-36.672487
556.950000,-36.389862,-36.820363,-36.572185
557.000000,-36.286776,-36.721501,-36.470510
557.050000,-36.182153,-36.621278,-36.367360
557.100000,-36.075882,-36.519593,-36.262628
557.150000,-35.967841,-36.416339,-36.156198
557.200000,-35.857902,-36.311398,-36.047945
557.250000,-35.745925,-36.204647,-35.937735
557.300000,-35.631758,-36.095950,-35.825421
557.350000,-35.515238,-35.985161,-35.710847
557.400000,-35.396186,-35.872123,-35.593841
557.450000,-35.274409,-35.756663,-35.474218
557.500000,-35.149694,-35.638593,-35.351773
557.550000,-35.021810,-35.517708,-35.226284
557.600000,-34.890501,-35.393783,-35.097506
557.650000,-34.755485,-35.266569,-34.965170
557.700000,-34.616453,-35.135794,-34.828978
557.750000,-34.473058,-35.001154,-34.688600
557.800000,-34.324916,-34.862314,-34.543668
557.850000,-34.171600,-34.718899,-34.393773
557.900000,-34.012628,-34.570489,-34.238456
557.950000,-33.847460,-34.416614,-34.077201
558.000000,-33.675485,-34.256745,-33.909427
558.050000,-33.496011,-34.090280,-33.734473
558.100000,-33.308247,-33.916538,-33.551587
558.150000,-33.111290,-33.734739,-33.359908
558.200000,-32.904099,-33.543987,-33.158449
558.250000,-32.685471,-33.343251,-32.946065
558.300000,-32.454004,-33.131333,-32.721428
558.350000,-32.208061,-32.906835,-32.482985
558.400000,-31.945711,-32.668115,-32.228908
558.450000,-31.664665,-32.413233,-31.957031
558.500000,-31.362190,-32.139879,-31.664771
558.550000,-31.034996,-31.845283,-31.349024
558.600000,-30.679094,-31.526096,-31.006027
558.650000,-30.289603,-31.178236,-30.631186
558.700000,-29.860501,-30.796686,-30.218835
558.750000,-29.384287,-30.375220,-29.761930
558.800000,-28.851534,-29.906044,-29.251626
558.850000,-28.250287,-29.379312,-28.676725
558.900000,-27.565259,-28.782478,-28.022923
558.950000,-26.776778,-28.099450,-27.271834
559.000000,-25.859450,-27.309509,-26.399748
559.050000,-24.780610,-26.386031,-25.376178
559.100000,-23.498903,-25.295249,-24.162511
559.150000,-21.964029,-23.995788,-22.711680
559.200000,-20.120193,-22.440809,-20.971141
559.250000,-17.918305,-20.586481,-18.893730
559.300000,-15.343617,-18.412039,-16.462579
559.350000,-12.458482,-15.952486,-13.730325
559.400000,-9.435912,-13.328441,-10.851572
559.450000,-6.542544,-10.742832,-8.071123
559.500000,-4.064501,-8.433134,-5.659325
559.550000,-2.221000,-6.604860,-3.832284
559.600000,-1.117408,-5.384768,-2.704171
559.650000,-0.754052,-4.813283,-2.289580
559.700000,-1.065562,-4.865410,-2.536264
559.750000,-1.958398,-5.478107,-3.359467
559.800000,-3.333158,-6.570932,-4.664195
559.850000,-5.093778,-8.057851,-6.355799
559.900000,-7.149785,-9.852999,-8.343755
559.950000,-9.416304,-11.873479,-10.542771
560.000000,-11.814385,-14.041343,-12.873704
560.050000,-14.272891,-16.285944,-15.265536
560.100000,-16.731760,-18.546881,-17.658393
560.150000,-19.144736,-20.776432,-20.006040
560.200000,-21.479283,-22.939918,-22.275846
560.250000,-23.713450,-25.013601,-24.445956
560.300000,-25.831692,-26.981342,-26.501356
560.350000,-27.821735,-28.831607,-28.430751
560.400000,-29.673258,-30.555682,-30.225027
560.450000,-31.378063,-32.147109,-31.877138
560.500000,-32.930980,-33.601925,-33.382750
560.550000,-34.330728,-34.919129,-34.740971
560.600000,-35.580211,-36.100925,-35.954637
560.650000,-36.686110,-37.152524,-37.030013
560.700000,-37.657954,-38.081554,-37.976003
560.750000,-38.506984,-38.897253,-38.803152
560.800000,-39.245107,-39.609657,-39.522705
560.850000,-39.884099,-40.228929,-40.145852
560.900000,-40.435094,-40.764881,-40.683241
560.950000,-40.908303,-41.226680,-41.144694
561.000000,-41.312921,-41.622708,-41.539093
561.050000,-41.657122,-41.960517,-41.874367
561.100000,-41.948127,-42.246848,-42.157541
561.150000,-42.192289,-42.487685,-42.394811
561.200000,-42.395192,-42.688322,-42.591629
561.250000,-42.561735,-42.853436,-42.752792
561.300000,-42.696226,-42.987157,-42.882515
561.350000,-42.802452,-43.093129,-42.984511
561.400000,-42.883744,-43.174574,-43.062048
561.450000,-42.943039,-43.234337,-43.118006
561.500000,-42.982928,-43.274938,-43.154929
561.550000,-43.005698,-43.298605,-43.175062
561.600000,-43.013372,-43.307314,-43.180391
561.650000,-43.007737,-43.302816,-43.172672
561.700000,-42.990379,-43.286666,-43.153462
561.750000,-42.962702,-43.260244,-43.124140
561.800000,-42.925949,-43.224776,-43.085929
561.850000,-42.881224,-43.181350,-43.039913
561.900000,-42.829509,-43.130937,-42.987054
561.950000,-42.771672,-43.074397,-42.928208
562.000000,-42.708486,-43.012496,-42.864133
562.050000,-42.640636,-42.945915,-42.795503
562.100000,-42.568731,-42.875261,-42.722916
562.150000,-42.493313,-42.801072,-42.646902
562.200000,-42.414859,-42.723827,-42.567933
562.250000,-42.333797,-42.643952,-42.486428
562.300000,-42.250503,-42.561824,-42.402755
562.350000,-42.165311,-42.477780,-42.317245
562.400000,-42.078519,-42.392116,-42.230187
562.450000,-41.990387,-42.305096,-42.141839
562.500000,-41.901147,-42.216954,-42.052427
562.550000,-41.811003,-42.127894,-41.962153
562.600000,-41.720134,-42.038100,-41.871191
562.650000,-41.628698,-41.947730,-41.779696
562.700000,-41.536833,-41.856926,-41.687805
562.750000,-41.444660,-41.765809,-41.595635
562.800000,-41.352283,-41.674488,-41.503288
562.850000,-41.259795,-41.583055,-41.410855
562.900000,-41.167272,-41.491591,-41.318412
562.950000,-41.074782,-41.400165,-41.226025
563.000000,-40.982383,-41.308836,-41.133749
563.050000,-40.890123,-41.217654,-41.041632
563.100000,-40.798042,-41.126662,-40.949713
563.150000,-40.706172,-41.035893,-40.858023
563.200000,-40.614539,-40.945377,-40.766589
563.250000,-40.523165,-40.855135,-40.675430
563.300000,-40.432065,-40.765184,-40.584560
563.350000,-40.341249,-40.675536,-40.493991
563.400000,-40.250722,-40.586199,-40.403727
563.450000,-40.160489,-40.497177,-40.313771
563.500000,-40.070546,-40.408470,-40.224121
563.550000,-39.980891,-40.320075,-40.134774
563.600000,-39.891516,-40.231988,-40.045721
563.650000,-39.802411,-40.144199,-39.956954
563.700000,-39.713565,-40.056698,-39.868459
563.750000,-39.624963,-39.969473,-39.780224
563.800000,-39.536588,-39.882508,-39.692231
563.850000,-39.448424,-39.795788,-39.604464
563.900000,-39.360451,-39.709294,-39.516903
563.950000,-39.272647,-39.623006,-39.429527
564.000000,-39.184990,-39.536904,-39.342313
564.050000,-39.097456,-39.450965,-39.255239
564.100000,-39.010020,-39.365166,-39.168279
564.150000,-38.922655,-39.279482,-39.081408
564.200000,-38.835333,-39.193886,-38.994597
564.250000,-38.748025,-39.108352,-38.907819
564.300000,-38.660702,-39.022852,-38.821043
564.350000,-38.573331,-38.937354,-38.734239
564.400000,-38.485881,-38.851830,-38.647374
564.450000,-38.398316,-38.766247,-38.560416
564.500000,-38.310603,-38.680573,-38.473331
564.550000,-38.222704,-38.594774,-38.386082
564.600000,-38.134583,-38.508814,-38.298632
564.650000,-38.046200,-38.422656,-38.210945
564.700000,-37.957514,-38.336265,-38.122979
564.750000,-37.868483,-38.249599,-38.034695
564.800000,-37.779065,-38.162619,-37.946049
564.850000,-37.689212,-38.075283,-37.856997
564.900000,-37.598878,-37.987546,-37.767492
564.950000,-37.508013,-37.899362,-37.677487
565.000000,-37.416565,-37.810684,-37.586931
565.050000,-37.324480,-37.721463,-37.495772
565.100000,-37.231702,-37.631645,-37.403953
565.150000,-37.138170,-37.541176,-37.311417
565.200000,-37.043821,-37.449999,-37.218104
565.250000,-36.948591,-37.358054,-37.123950
565.300000,-36.852409,-37.265277,-37.028886
565.350000,-36.755202,-37.171601,-36.932843
565.400000,-36.656892,-37.076955,-36.835744
565.450000,-36.557396,-36.981265,-36.737510
565.500000,-36.456626,-36.884451,-36.638055
565.550000,-36.354489,-36.786429,-36.537290
565.600000,-36.250884,-36.687107,-36.435117
565.650000,-36.145705,-36.586391,-36.331433
565.700000,-36.038837,-36.484176,-36.226129
565.750000,-35.930156,-36.380353,-36.119084
565.800000,-35.819530,-36.274802,-36.010170
565.850000,-35.706814,-36.167395,-35.899251
565.900000,-35.591854,-36.057993,-35.786175
565.950000,-35.474481,-35.946446,-35.670782
566.000000,-35.354512,-35.832593,-35.552895
566.050000,-35.231746,-35.716254,-35.432321
566.100000,-35.105965,-35.597237,-35.308852
566.150000,-34.976929,-35.475329,-35.182257
566.200000,-34.844374,-35.350298,-35.052284
566.250000,-34.708010,-35.221888,-34.918653
566.300000,-34.567513,-35.089816,-34.781055
566.350000,-34.422526,-34.953767,-34.639150
566.400000,-34.272650,-34.813393,-34.492555
566.450000,-34.117440,-34.668304,-34.340844
566.500000,-33.956396,-34.518065,-34.183541
566.550000,-33.788953,-34.362186,-34.020107
566.600000,-33.614474,-34.200114,-33.849935
566.650000,-33.432236,-34.031221,-33.672335
566.700000,-33.241411,-33.854794,-33.486520
566.750000,-33.041050,-33.670015,-33.291587
566.800000,-32.830060,-33.475944,-33.086498
566.850000,-32.607174,-33.271497,-32.870050
566.900000,-32.370914,-33.055410,-32.640841
566.950000,-32.119548,-32.826207,-32.397229
567.000000,-31.851031,-32.582151,-32.137278
567.050000,-31.562930,-32.321182,-31.858688
567.100000,-31.252335,-32.040842,-31.558711
567.150000,-30.915734,-31.738179,-31.234031
567.200000,-30.548855,-31.409609,-30.880623
567.250000,-30.146454,-31.050755,-30.493551
567.300000,-29.702043,-30.656217,-30.066716
567.350000,-29.207514,-30.219275,-29.592505
567.400000,-28.652646,-29.731489,-29.061335
567.450000,-28.024439,-29.182165,-28.461031
567.500000,-27.306226,-28.557642,-27.776006
567.550000,-26.476528,-27.840367,-26.986193
567.600000,-25.507623,-27.007735,-26.065714
567.650000,-24.363987,-26.030784,-24.981411
567.700000,-23.001094,-24.873099,-23.691693
567.750000,-21.366054,-23.490959,-22.146993
567.800000,-19.403360,-21.837133,-20.294812
567.850000,-17.071709,-19.872756,-18.094760
567.900000,-14.377750,-17.592190,-15.549123
567.950000,-11.419964,-15.057624,-12.743523
568.000000,-8.408939,-12.420836,-9.868022
568.050000,-5.628256,-9.903821,-7.185380
568.100000,-3.349601,-7.740284,-4.955463
568.150000,-1.755269,-6.111971,-3.362029
568.200000,-0.911084,-5.114832,-2.482449
568.250000,-0.789845,-4.763624,-2.304000
568.300000,-1.312932,-5.017343,-2.759856
568.350000,-2.383056,-5.805096,-3.759896
568.400000,-3.901402,-7.043560,-5.208504
568.450000,-5.773769,-8.646316,-7.012232
568.500000,-7.911637,-10.528284,-9.082280
568.550000,-10.232070,-12.608047,-11.335337
568.600000,-12.658511,-14.809872,-13.694770
568.650000,-15.123244,-17.066303,-16.093043
568.700000,-17.570765,-19.321113,-18.474796
568.750000,-19.959737,-21.531170,-20.798650
568.800000,-22.261733,-23.665906,-23.036113
568.850000,-24.457462,-25.704589,-25.168119
568.900000,-26.532772,-27.632954,-27.181216
568.950000,-28.476122,-29.440574,-29.064951
569.000000,-30.277848,-31.119522,-30.810882
569.050000,-31.930682,-32.664151,-32.412807
569.100000,-33.430720,-34.071472,-33.867514
569.150000,-34.778126,-35.341580,-35.175389
569.200000,-35.977183,-36.477761,-36.340516
569.250000,-37.035678,-37.486141,-37.370174
569.300000,-37.963858,-38.374999,-38.273948
569.350000,-38.773300,-39.153934,-39.062722
569.400000,-39.475942,-39.833093,-39.747794
569.450000,-40.083382,-40.422560,-40.340212
569.500000,-40.606458,-40.931951,-40.850360
569.550000,-41.055035,-41.370171,-41.287742
569.600000,-41.437951,-41.745317,-41.660910
569.650000,-41.763044,-42.064658,-41.977473
569.700000,-42.037224,-42.334666,-42.244162
569.750000,-42.266568,-42.561079,-42.466906
569.800000,-42.456415,-42.748971,-42.650922
569.850000,-42.611450,-42.902822,-42.800797
569.900000,-42.735794,-43.026588,-42.920566
569.950000,-42.833068,-43.123761,-43.013782
570.000000,-42.906464,-43.197427,-43.083572
570.050000,-42.958793,-43.250315,-43.132697
570.100000,-42.992537,-43.284840,-43.163592
570.150000,-43.009887,-43.303139,-43.178410
570.200000,-43.012781,-43.307108,-43.179053
570.250000,-43.002936,-43.298427,-43.167206
570.300000,-42.981870,-43.278588,-43.144363
570.350000,-42.950931,-43.248916,-43.111845
570.400000,-42.911311,-43.210588,-43.070827
570.450000,-42.864072,-43.164650,-43.022349
570.500000,-42.810153,-43.112032,-42.967335
570.550000,-42.750389,-43.053562,-42.906605
570.600000,-42.685522,-42.989974,-42.840888
570.650000,-42.616209,-42.921924,-42.770829
570.700000,-42.543035,-42.849993,-42.697003
570.750000,-42.466518,-42.774699,-42.619920
570.800000,-42.387119,-42.696502,-42.540032
570.850000,-42.305247,-42.615809,-42.457739
570.900000,-42.221263,-42.532984,-42.373398
570.950000,-42.135487,-42.448349,-42.287322
571.000000,-42.048205,-42.362189,-42.199792
571.050000,-41.959666,-42.274757,-42.111053
571.100000,-41.870092,-42.186276,-42.021322
571.150000,-41.779678,-42.096944,-41.930791
571.200000,-41.688597,-42.006934,-41.839628
571.250000,-41.596998,-41.916399,-41.747982
571.300000,-41.505013,-41.825473,-41.655982
571.350000,-41.412758,-41.734274,-41.563739
571.400000,-41.320333,-41.642904,-41.471353
571.450000,-41.227823,-41.551451,-41.378908
571.500000,-41.135305,-41.459992,-41.286477
571.550000,-41.042840,-41.368593,-41.194122
571.600000,-40.950483,-41.277309,-41.101895
571.650000,-40.858280,-41.186187,-41.009841
571.700000,-40.766267,-41.095268,-40.917997
571.750000,-40.674476,-41.004583,-40.826393
571.800000,-40.582930,-40.914159,-40.735050
571.850000,-40.491648,-40.824014,-40.643989
571.900000,-40.400644,-40.734166,-40.553221
571.950000,-40.309926,-40.644624,-40.462756
572.000000,-40.219500,-40.555394,-40.372598
572.050000,-40.129366,-40.466480,-40.282747
572.100000,-40.039523,-40.377881,-40.193201
572.150000,-39.949964,-40.289592,-40.103956
572.200000,-39.860683,-40.201608,-40.015002
572.250000,-39.771668,-40.113919,-39.926329
572.300000,-39.682906,-40.026514,-39.837925
572.350000,-39.594384,-39.939379,-39.749774
572.400000,-39.506083,-39.852500,-39.661860
572.450000,-39.417987,-39.765859,-39.574166
572.500000,-39.330073,-39.679437,-39.486670
572.550000,-39.242322,-39.593215,-39.399351
572.600000,-39.154709,-39.507171,-39.312188
572.650000,-39.067210,-39.421283,-39.225155
572.700000,-38.979801,-39.335525,-39.138228
572.750000,-38.892453,-39.249873,-39.051379
572.800000,-38.805138,-39.164301,-38.964582
572.850000,-38.717828,-39.078781,-38.877807
572.900000,-38.630490,-38.993283,-38.791024
572.950000,-38.543095,-38.907779,-38.704201
573.000000,-38.455608,-38.822238,-38.617307
573.050000,-38.367995,-38.736626,-38.530308
573.100000,-38.280220,-38.650911,-38.443169
573.150000,-38.192248,-38.565059,-38.355854
573.200000,-38.104039,-38.479034,-38.268326
573.250000,-38.015555,-38.392799,-38.180545
573.300000,-37.926754,-38.306316,-38.092473
573.350000,-37.837593,-38.219546,-38.004068
573.400000,-37.748029,-38.132446,-37.915285
573.450000,-37.658014,-38.044975,-37.826081
573.500000,-37.567501,-37.957088,-37.736408
573.550000,-37.476440,-37.868738,-37.646217
573.600000,-37.384777,-37.779877,-37.555458
573.650000,-37.292458,-37.690454,-37.464075
573.700000,-37.199424,-37.600416,-37.372015
573.750000,-37.105616,-37.509708,-37.279216
573.800000,-37.010969,-37.418272,-37.185618
573.850000,-36.915417,-37.326045,-37.091156
573.900000,-36.818888,-37.232964,-36.995761
573.950000,-36.721307,-37.138960,-36.899360
574.000000,-36.622595,-37.043961,-36.801877
574.050000,-36.522668,-36.947890,-36.703230
574.100000,-36.421435,-36.850667,-36.603331
574.150000,-36.318801,-36.752205,-36.502089
574.200000,-36.214663,-36.652411,-36.399404
574.250000,-36.108912,-36.551187,-36.295172
574.300000,-36.001430,-36.448428,-36.189278
574.350000,-35.892091,-36.344020,-36.081601
574.400000,-35.780757,-36.237841,-35.972008
574.450000,-35.667283,-36.129758,-35.860359
574.500000,-35.551506,-36.019631,-35.746500
574.550000,-35.433256,-35.907305,-35.630264
574.600000,-35.312341,-35.792611,-35.511469
574.650000,-35.188557,-35.675367,-35.389917
574.700000,-35.061677,-35.555374,-35.265392
574.750000,-34.931453,-35.432412,-35.137657
574.800000,-34.797614,-35.306241,-35.006450
574.850000,-34.659856,-35.176596,-34.871482
574.900000,-34.517847,-35.043184,-34.732434
574.950000,-34.371215,-34.905679,-34.588949
575.000000,-34.219546,-34.763719,-34.440634
575.050000,-34.062375,-34.616899,-34.287043
575.100000,-33.899182,-34.464766,-34.127682
575.150000,-33.729380,-34.306808,-33.961988
575.200000,-33.552302,-34.142450,-33.789327
575.250000,-33.367190,-33.971034,-33.608978
575.300000,-33.173178,-33.791814,-33.420115
575.350000,-32.969269,-33.603931,-33.221791
575.400000,-32.754314,-33.406400,-33.012915
575.450000,-32.526977,-33.198076,-32.792219
575.500000,-32.285699,-32.977628,-32.558223
575.550000,-32.028645,-32.743495,-32.309192
575.600000,-31.753646,-32.493835,-32.043070
575.650000,-31.458116,-32.226462,-31.757414
575.700000,-31.138952,-31.938759,-31.449294
575.750000,-30.792398,-31.627569,-31.115167
575.800000,-30.413873,-31.289059,-30.750718
575.850000,-29.997739,-30.918525,-30.350641
575.900000,-29.536993,-30.510147,-29.908358
575.950000,-29.022862,-30.056664,-29.415634
576.000000,-28.444246,-29.548922,-28.862066
576.050000,-27.786989,-28.975291,-28.234405
576.100000,-27.032905,-28.320881,-27.515647
576.150000,-26.158526,-27.566533,-26.683876
576.200000,-25.133606,-26.687590,-25.710860
576.250000,-23.919592,-25.652602,-24.560610
576.300000,-22.468826,-24.422494,-23.188577
576.350000,-20.726450,-22.951606,-21.543237
576.400000,-18.639192,-21.193678,-19.573875
576.450000,-16.177637,-19.117814,-17.250581
576.500000,-13.375479,-16.737909,-14.600010
576.550000,-10.370295,-14.146353,-11.743788
576.600000,-7.405572,-11.523867,-8.903684
576.650000,-4.771221,-9.104251,-6.350985
576.700000,-2.714753,-7.109472,-4.325887
576.750000,-1.378173,-5.693300,-2.976034
576.800000,-0.790758,-4.921498,-2.344091
576.850000,-0.902895,-4.786292,-2.394443
576.900000,-1.626619,-5.233768,-3.049368
576.950000,-2.862871,-6.187228,-4.215453
577.000000,-4.514106,-7.561540,-5.797323
577.050000,-6.488086,-9.270404,-7.702998
577.100000,-8.698220,-11.229789,-9.845498
577.150000,-11.063612,-13.359997,-12.143631
577.200000,-13.510402,-15.587830,-14.523579
577.250000,-15.974738,-17.849403,-16.921688
577.300000,-18.405942,-20.092916,-19.287363
577.350000,-20.767460,-22.279781,-21.583964
577.400000,-23.034513,-24.383211,-23.786716
577.450000,-25.189988,-26.385079,-25.878889
577.500000,-27.220827,-28.272682,-27.848278
577.550000,-29.116142,-30.036545,-29.685165
577.600000,-30.867000,-31.669512,-31.381815
577.650000,-32.467189,-33.166801,-32.932970
577.700000,-33.914161,-34.526452,-34.336616
577.750000,-35.209536,-35.749675,-35.594441
577.800000,-36.358911,-36.840800,-36.711716
577.850000,-37.371050,-37.806789,-37.696631
577.900000,-38.256786,-38.656471,-38.559332
577.950000,-39.027917,-39.399715,-39.310936
578.000000,-39.696327,-40.046706,-39.962715
578.050000,-40.273389,-40.607402,-40.525525
578.100000,-40.769615,-41.091192,-41.009460
578.150000,-41.194518,-41.506707,-41.423698
578.200000,-41.556582,-41.861758,-41.776459
578.250000,-41.863316,-42.163330,-42.075042
578.300000,-42.121330,-42.417635,-42.325888
578.350000,-42.336434,-42.630173,-42.534671
578.400000,-42.513732,-42.805804,-42.706380
578.450000,-42.657705,-42.948819,-42.845405
578.500000,-42.772294,-43.063007,-42.955604
578.550000,-42.860963,-43.151714,-43.040378
578.600000,-42.926767,-43.217897,-43.102721
578.650000,-42.972398,-43.264171,-43.145276
578.700000,-43.000233,-43.292851,-43.170376
578.750000,-43.012372,-43.305987,-43.180084
578.800000,-43.010673,-43.305397,-43.176223
578.850000,-42.996781,-43.292694,-43.160411
578.900000,-42.972154,-43.269309,-43.134077
578.950000,-42.938082,-43.236515,-43.098492
579.000000,-42.895711,-43.195440,-43.054780
579.050000,-42.846059,-43.147090,-43.003940
579.100000,-42.790027,-43.092358,-42.946859
579.150000,-42.728417,-43.032037,-42.884325
579.200000,-42.661940,-42.966834,-42.817035
579.250000,-42.591228,-42.897378,-42.745611
579.300000,-42.516840,-42.824227,-42.670602
579.350000,-42.439277,-42.747879,-42.592499
579.400000,-42.358977,-42.668773,-42.511735
579.450000,-42.276335,-42.587303,-42.428695
579.500000,-42.191696,-42.503817,-42.343719
579.550000,-42.105368,-42.418623,-42.257110
579.600000,-42.017623,-42.331995,-42.169134
579.650000,-41.928702,-42.244176,-42.080028
579.700000,-41.838816,-42.155378,-41.989999
579.750000,-41.748152,-42.065792,-41.899231
579.800000,-41.656875,-41.975583,-41.807885
579.850000,-41.565128,-41.884898,-41.716102
579.900000,-41.473037,-41.793865,-41.624005
579.950000,-41.380712,-41.702595,-41.531702
580.000000,-41.288247,-41.611186,-41.439286
580.050000,-41.195726,-41.519723,-41.346837
580.100000,-41.103219,-41.428277,-41.254425
580.150000,-41.010785,-41.336911,-41.162108
580.200000,-40.918476,-41.245677,-41.069936
580.250000,-40.826334,-41.154621,-40.977950
580.300000,-40.734394,-41.063779,-40.886185
580.350000,-40.642684,-40.973181,-40.794668
580.400000,-40.551227,-40.882851,-40.703421
580.450000,-40.460039,-40.792807,-40.612459
580.500000,-40.369133,-40.703063,-40.521795
580.550000,-40.278515,-40.613627,-40.431435
580.600000,-40.188189,-40.524506,-40.341382
580.650000,-40.098156,-40.435700,-40.251636
580.700000,-40.008411,-40.347208,-40.162195
580.750000,-39.918948,-40.259025,-40.073050
580.800000,-39.829760,-40.171143,-39.984194
580.850000,-39.740833,-40.083553,-39.895615
580.900000,-39.652155,-39.996242,-39.807299
580.950000,-39.563711,-39.909197,-39.719232
581.000000,-39.475482,-39.822401,-39.631395
581.050000,-39.387450,-39.735837,-39.543771
581.100000,-39.299594,-39.649486,-39.456338
581.150000,-39.211892,-39.563328,-39.369075
581.200000,-39.124321,-39.477339,-39.281958
581.250000,-39.036855,-39.391498,-39.194964
581.300000,-38.949469,-39.305779,-39.108066
581.350000,-38.862135,-39.220156,-39.021237
581.400000,-38.774824,-39.134604,-38.934450
581.450000,-38.687506,-39.049094,-38.847674
581.500000,-38.600152,-38.963597,-38.760880
581.550000,-38.512727,-38.878082,-38.674036
581.600000,-38.425199,-38.792519,-38.587108
581.650000,-38.337533,-38.706874,-38.500063
581.700000,-38.249693,-38.621115,-38.412866
581.750000,-38.161642,-38.535206,-38.325480
581.800000,-38.073341,-38.449111,-38.237868
581.850000,-37.984751,-38.362793,-38.149990
581.900000,-37.895829,-38.276214,-38.061806
581.950000,-37.806532,-38.189333,-37.973273
582.000000,-37.716815,-38.102108,-37.884348
582.050000,-37.626632,-38.014497,-37.794986
582.100000,-37.535933,-37.926453,-37.705138
582.150000,-37.444668,-37.837931,-37.614754
582.200000,-37.352783,-37.748879,-37.523784
582.250000,-37.260221,-37.659248,-37.432171
582.300000,-37.166925,-37.568983,-37.339860
582.350000,-37.072832,-37.478028,-37.246790
582.400000,-36.977877,-37.386323,-37.152899
582.450000,-36.881993,-37.293806,-37.058120
582.500000,-36.785106,-37.200411,-36.962383
582.550000,-36.687141,-37.106069,-36.865614
582.600000,-36.588016,-37.010706,-36.767735
582.650000,-36.487645,-36.914243,-36.668662
582.700000,-36.385935,-36.816599,-36.568307
582.750000,-36.282790,-36.717684,-36.466574
582.800000,-36.178104,-36.617404,-36.363363
582.850000,-36.071764,-36.515659,-36.258566
582.900000,-35.963651,-36.412339,-36.152066
582.950000,-35.853634,-36.307329,-36.043738
583.000000,-35.741573,-36.200503,-35.933447
583.050000,-35.627317,-36.091726,-35.821047
583.100000,-35.510700,-35.980852,-35.706381
583.150000,-35.391545,-35.867722,-35.589276
583.200000,-35.269657,-35.752163,-35.469546
583.250000,-35.144823,-35.633987,-35.346986
583.300000,-35.016810,-35.512987,-35.221373
583.350000,-34.885362,-35.388938,-35.092462
583.400000,-34.750196,-35.261591,-34.959981
583.450000,-34.611000,-35.130671,-34.823633
583.500000,-34.467428,-34.995875,-34.683084
583.550000,-34.319094,-34.856864,-34.537968
583.600000,-34.165568,-34.713263,-34.387871
583.650000,-34.006366,-34.564650,-34.232334
583.700000,-33.840946,-34.410553,-34.070839
583.750000,-33.668695,-34.250440,-33.902799
583.800000,-33.488915,-34.083707,-33.727553
583.850000,-33.300815,-33.909669,-33.544344
583.900000,-33.103483,-33.727541,-33.352307
583.950000,-32.895874,-33.536424,-33.150448
584.000000,-32.676778,-33.335280,-32.937617
584.050000,-32.444786,-33.122905,-32.712479
584.100000,-32.198249,-32.897891,-32.473469
584.150000,-31.935224,-32.658586,-32.218749
584.200000,-31.653407,-32.403039,-31.946139
584.250000,-31.350045,-32.128922,-31.653036
584.300000,-31.021826,-31.833446,-31.336315
584.350000,-30.664730,-31.513237,-30.992186
584.400000,-30.273837,-31.164182,-30.616016
584.450000,-29.843075,-30.781223,-30.202094
584.500000,-29.364878,-30.358080,-29.743314
584.550000,-28.829735,-29.886892,-29.230755
584.600000,-28.225579,-29.357720,-28.653112
584.650000,-27.536978,-28.757902,-27.995947
584.700000,-26.744065,-28.071189,-27.240694
584.750000,-25.821199,-27.276662,-26.363410
584.800000,-24.735406,-26.347442,-25.333322
584.850000,-23.444980,-25.249474,-24.111487
584.900000,-21.899315,-23.941110,-22.650544
584.950000,-20.042572,-22.375415,-20.897887
585.000000,-17.826357,-20.508986,-18.806954
585.050000,-15.238037,-18.322540,-16.362761
585.100000,-12.343786,-15.853925,-13.621424
585.150000,-9.320938,-13.227272,-10.741598
585.200000,-6.438491,-10.647943,-7.970498
585.250000,-3.981465,-8.353388,-5.577775
585.300000,-2.165201,-6.546725,-3.776179
585.350000,-1.090564,-5.351290,-2.675725
585.400000,-0.754568,-4.804509,-2.287756
585.450000,-1.090160,-4.879447,-2.558210
585.500000,-2.003272,-5.512078,-3.401618
585.550000,-3.394527,-6.621579,-4.722868
585.600000,-5.168060,-8.121849,-6.427430
585.650000,-7.233621,-9.927097,-8.424970
585.700000,-9.506549,-11.954583,-10.630410
585.750000,-11.908149,-14.126589,-12.964878
585.800000,-14.367644,-16.372809,-15.357723
585.850000,-16.825466,-18.633293,-17.749563
585.900000,-19.235910,-20.860830,-20.094704
585.950000,-21.566919,-23.021214,-22.360996
586.000000,-23.796863,-25.091061,-24.526918
586.050000,-25.910369,-27.054458,-26.577648
586.100000,-27.895251,-28.900005,-28.501990
586.150000,-29.741258,-30.619075,-30.290907
586.200000,-31.440291,-32.205300,-31.937441
586.250000,-32.987315,-33.654823,-33.437379
586.300000,-34.381209,-34.966762,-34.789969
586.350000,-35.625032,-36.143442,-35.998189
586.400000,-36.725595,-37.190180,-37.068420
586.450000,-37.692511,-38.114682,-38.009646
586.500000,-38.537064,-38.926230,-38.832459
586.550000,-39.271170,-39.634875,-39.548109
586.600000,-39.906588,-40.250774,-40.167776
586.650000,-40.454418,-40.783717,-40.702078
586.700000,-40.924835,-41.242846,-41.160803
586.750000,-41.326992,-41.636508,-41.552795
586.800000,-41.669027,-41.972224,-41.885949
586.850000,-41.958125,-42.256706,-42.167255
586.900000,-42.200608,-42.495909,-42.402878
586.950000,-42.402031,-42.695102,-42.598246
587.000000,-42.567270,-42.858940,-42.758129
587.050000,-42.700612,-42.991532,-42.886725
587.100000,-42.805823,-43.096508,-42.987726
587.150000,-42.886220,-43.177071,-43.064385
587.200000,-42.944726,-43.236056,-43.119569
587.250000,-42.983919,-43.275968,-43.155809
587.300000,-43.006074,-43.299027,-43.175339
587.350000,-43.013206,-43.307198,-43.180136
587.400000,-43.007094,-43.302226,-43.171949
587.450000,-42.989315,-43.285657,-43.152327
587.500000,-42.961267,-43.258866,-43.122643
587.550000,-42.924189,-43.223073,-43.084112
587.600000,-42.879179,-43.179362,-43.037816
587.650000,-42.827212,-43.128698,-42.984712
587.700000,-42.769156,-43.071938,-42.925652
587.750000,-42.705778,-43.009845,-42.861390
587.800000,-42.637761,-42.943096,-42.792596
587.850000,-42.565711,-42.872296,-42.719867
587.900000,-42.490166,-42.797980,-42.643731
587.950000,-42.411604,-42.720626,-42.564656
588.000000,-42.330448,-42.640656,-42.483060
588.050000,-42.247074,-42.558448,-42.399310
588.100000,-42.161815,-42.474335,-42.313734
588.150000,-42.074965,-42.388613,-42.226621
588.200000,-41.986786,-42.301544,-42.138226
588.250000,-41.897506,-42.213362,-42.048777
588.300000,-41.807329,-42.124270,-41.958471
588.350000,-41.716434,-42.034449,-41.867484
588.400000,-41.624978,-41.944058,-41.775971
588.450000,-41.533097,-41.853238,-41.684065
588.500000,-41.440913,-41.762110,-41.591884
588.550000,-41.348529,-41.670781,-41.499532
588.600000,-41.256035,-41.579344,-41.407095
588.650000,-41.163511,-41.487878,-41.314651
588.700000,-41.071022,-41.396453,-41.222265
588.750000,-40.978626,-41.305127,-41.129993
588.800000,-40.886370,-41.213950,-41.037881
588.850000,-40.794294,-41.122964,-40.945968
588.900000,-40.702430,-41.032203,-40.854286
588.950000,-40.610806,-40.941694,-40.762860
589.000000,-40.519440,-40.851461,-40.671709
589.050000,-40.428348,-40.761519,-40.580849
589.100000,-40.337540,-40.671881,-40.490289
589.150000,-40.247023,-40.582554,-40.400035
589.200000,-40.156798,-40.493542,-40.310088
589.250000,-40.066865,-40.404845,-40.220448
589.300000,-39.977218,-40.316460,-40.131110
589.350000,-39.887851,-40.228382,-40.042066
589.400000,-39.798754,-40.140602,-39.953307
589.450000,-39.709915,-40.053109,-39.864820
589.500000,-39.621319,-39.965892,-39.776592
589.550000,-39.532951,-39.878934,-39.688606
589.600000,-39.444792,-39.792220,-39.600844
589.650000,-39.356823,-39.705732,-39.513288
589.700000,-39.269023,-39.619449,-39.425916
589.750000,-39.181368,-39.533352,-39.338706
589.800000,-39.093835,-39.447416,-39.251634
589.850000,-39.006399,-39.361619,-39.164675
589.900000,-38.919033,-39.275936,-39.077803
589.950000,-38.831710,-39.190340,-38.990991
590.000000,-38.744399,-39.104805,-38.904210
590.050000,-38.657071,-39.019302,-38.817431
590.100000,-38.569695,-38.933801,-38.730622
590.150000,-38.482237,-38.848272,-38.643751
590.200000,-38.394664,-38.762683,-38.556786
590.250000,-38.306941,-38.677001,-38.469691
590.300000,-38.219031,-38.591193,-38.382431
590.350000,-38.130896,-38.505222,-38.294970
590.400000,-38.042498,-38.419053,-38.207269
590.450000,-37.953796,-38.332648,-38.119288
590.500000,-37.864747,-38.245967,-38.030986
590.550000,-37.775308,-38.158970,-37.942321
590.600000,-37.685434,-38.071615,-37.853248
590.650000,-37.595076,-37.983858,-37.763721
590.700000,-37.504185,-37.895652,-37.673691
590.750000,-37.412709,-37.806949,-37.583109
590.800000,-37.320593,-37.717701,-37.491920
590.850000,-37.227781,-37.627854,-37.400069
590.900000,-37.134214,-37.537354,-37.307500
590.950000,-37.039827,-37.446144,-37.214150
591.000000,-36.944556,-37.354162,-37.119956
591.050000,-36.848330,-37.261346,-37.024851
591.100000,-36.751075,-37.167628,-36.928762
591.150000,-36.652714,-37.072938,-36.831614
591.200000,-36.553164,-36.977200,-36.733328
591.250000,-36.452336,-36.880335,-36.633818
591.300000,-36.350137,-36.782257,-36.532992
591.350000,-36.246466,-36.682876,-36.430756
591.400000,-36.141215,-36.582097,-36.327004
591.450000,-36.034271,-36.479814,-36.221626
591.500000,-35.925509,-36.375918,-36.114502
591.550000,-35.814795,-36.270289,-36.005505
591.600000,-35.701985,-36.162798,-35.894495
591.650000,-35.586925,-36.053307,-35.781323
591.700000,-35.469444,-35.941664,-35.665826
591.750000,-35.349358,-35.827707,-35.547827
591.800000,-35.226467,-35.711257,-35.427134
591.850000,-35.100552,-35.592120,-35.303535
591.900000,-34.971370,-35.470083,-35.176801
591.950000,-34.838659,-35.344913,-35.046676
592.000000,-34.702124,-35.216352,-34.912882
592.050000,-34.561443,-35.084116,-34.775108
592.100000,-34.416256,-34.947889,-34.633010
592.150000,-34.266162,-34.807322,-34.486205
592.200000,-34.110714,-34.662023,-34.334266
592.250000,-33.949408,-34.511554,-34.176713
592.300000,-33.781679,-34.355423,-34.013005
592.350000,-33.606886,-34.193073,-33.842531
592.400000,-33.424300,-34.023875,-33.664599
592.450000,-33.233089,-33.847110,-33.478415
592.500000,-33.032300,-33.661956,-33.283073
592.550000,-32.820832,-33.467467,-33.077527
592.600000,-32.597409,-33.262553,-32.860566
592.650000,-32.360546,-33.045941,-32.630781
592.700000,-32.108496,-32.816145,-32.386517
592.750000,-31.839200,-32.571415,-32.125825
592.800000,-31.550209,-32.309677,-31.846388
592.850000,-31.238588,-32.028456,-31.545435
592.900000,-30.900797,-31.724772,-31.219626
592.950000,-30.532526,-31.395014,-30.864899
593.000000,-30.128488,-31.034767,-30.476276
593.050000,-29.682132,-30.638580,-30.047601
593.100000,-29.185274,-30.199670,-29.571189
593.150000,-28.627588,-29.709515,-29.037361
593.200000,-27.995940,-29.157309,-28.433815
593.250000,-27.273485,-28.529249,-27.744801
593.300000,-26.438511,-27.807594,-26.950032
593.350000,-25.463000,-26.969496,-26.023354
593.400000,-24.311063,-25.985698,-24.931273
593.450000,-22.937791,-24.819459,-23.631832
593.500000,-21.290014,-23.426797,-22.075192
593.550000,-19.312385,-21.760518,-20.208972
593.600000,-16.964825,-19.782563,-17.993853
593.650000,-14.256987,-17.489446,-15.434823
593.700000,-11.292018,-14.946914,-12.621781
593.750000,-8.284833,-12.310444,-9.748918
593.800000,-5.520366,-9.803880,-7.080553
593.850000,-3.267826,-7.659897,-4.874606
593.900000,-1.704702,-6.057001,-3.310566
593.950000,-0.892154,-5.087387,-2.461414
594.000000,-0.799968,-4.762881,-2.311388
594.050000,-1.348187,-5.040739,-2.792144
594.100000,-2.439214,-5.849261,-3.813063
594.150000,-3.974364,-7.104851,-5.278518
594.200000,-5.859672,-8.721084,-7.095231
594.250000,-8.006858,-10.612994,-9.174623
594.300000,-10.333230,-12.699365,-11.433635
594.350000,-12.762544,-14.904756,-13.795960
594.400000,-15.227534,-17.162130,-16.194519
594.450000,-17.673276,-19.415790,-18.574525
594.500000,-20.059029,-21.623167,-20.895188
594.550000,-22.356841,-23.754173,-23.128493
594.600000,-24.547710,-25.788418,-25.255688
594.650000,-26.617633,-27.711843,-27.263485
594.700000,-28.555153,-29.514145,-29.141528
594.750000,-30.350690,-31.187492,-30.881458
594.800000,-31.997098,-32.726340,-32.477184
594.850000,-33.490636,-34.127822,-33.925635
594.900000,-34.831644,-35.392168,-35.227356
594.950000,-36.024571,-36.522795,-36.386581
595.000000,-37.077330,-37.525936,-37.410705
595.050000,-38.000245,-38.409942,-38.309386
595.100000,-38.804928,-39.184449,-39.093544
595.150000,-39.503312,-39.859611,-39.774477
595.200000,-40.106972,-40.445501,-40.363211
595.250000,-40.626705,-40.951707,-40.870096
595.300000,-41.072334,-41.387102,-41.304597
595.350000,-41.452653,-41.759748,-41.675224
595.400000,-41.775460,-42.076877,-41.989549
595.450000,-42.047627,-42.344931,-42.254266
595.500000,-42.275199,-42.569617,-42.475272
595.550000,-42.463483,-42.755983,-42.657756
595.600000,-42.617142,-42.908486,-42.806280
595.650000,-42.740271,-43.031060,-42.924858
595.700000,-42.836475,-43.127179,-43.017023
595.750000,-42.908926,-43.199914,-43.085887
595.800000,-42.960421,-43.251980,-43.134194
595.850000,-42.993429,-43.285777,-43.164368
595.900000,-43.010130,-43.303433,-43.178549
595.950000,-43.012453,-43.306834,-43.178631
596.000000,-43.002103,-43.297652,-43.166290
596.050000,-42.980594,-43.277371,-43.143012
596.100000,-42.949263,-43.247310,-43.110112
596.150000,-42.909301,-43.208639,-43.068758
596.200000,-42.861761,-43.162400,-43.019985
596.250000,-42.807578,-43.109518,-42.964713
596.300000,-42.747583,-43.050816,-42.903757
596.350000,-42.682514,-42.987027,-42.837843
596.400000,-42.613025,-42.918800,-42.767613
596.450000,-42.539699,-42.846716,-42.693639
596.500000,-42.463051,-42.771290,-42.616427
596.550000,-42.383538,-42.692977,-42.536428
596.600000,-42.301568,-42.612187,-42.454041
596.650000,-42.217501,-42.529278,-42.369619
596.700000,-42.131656,-42.444572,-42.283476
596.750000,-42.044314,-42.358352,-42.195888
596.800000,-41.955726,-42.270870,-42.107101
596.850000,-41.866111,-42.182348,-42.017332
596.900000,-41.775665,-42.092982,-41.926770
596.950000,-41.684557,-42.002945,-41.835582
597.000000,-41.592937,-41.912390,-41.743917
597.050000,-41.500938,-41.821449,-41.651903
597.100000,-41.408672,-41.730239,-41.559651
597.150000,-41.316240,-41.638862,-41.467260
597.200000,-41.223727,-41.547406,-41.374812
597.250000,-41.131208,-41.455947,-41.282381
597.300000,-41.038745,-41.364550,-41.190029
597.350000,-40.946392,-41.273270,-41.097807
597.400000,-40.854194,-41.182155,-41.005760
597.450000,-40.762189,-41.091243,-40.913924
597.500000,-40.670406,-41.000567,-40.822328
597.550000,-40.578869,-40.910152,-40.730996
597.600000,-40.487597,-40.820019,-40.639945
597.650000,-40.396603,-40.730181,-40.549188
597.700000,-40.305896,-40.640651,-40.458734
597.750000,-40.215480,-40.551433,-40.368586
597.800000,-40.125356,-40.462530,-40.278747
597.850000,-40.035523,-40.373942,-40.189212
597.900000,-39.945975,-40.285664,-40.099977
597.950000,-39.856703,-40.197691,-40.011033
598.000000,-39.767696,-40.110012,-39.922370
598.050000,-39.678943,-40.022616,-39.833974
598.100000,-39.590428,-39.935491,-39.745832
598.150000,-39.502135,-39.848620,-39.657926
598.200000,-39.414044,-39.761986,-39.570238
598.250000,-39.326135,-39.675571,-39.482748
598.300000,-39.238388,-39.589355,-39.395434
598.350000,-39.150778,-39.503316,-39.308274
598.400000,-39.063281,-39.417431,-39.221244
598.450000,-38.975872,-39.331676,-39.134318
598.500000,-38.888524,-39.246025,-39.047470
598.550000,-38.801207,-39.160453,-38.960671
598.600000,-38.713893,-39.074932,-38.873894
598.650000,-38.626552,-38.989432,-38.787107
598.700000,-38.539150,-38.903925,-38.700279
598.750000,-38.451655,-38.818378,-38.613379
598.800000,-38.364033,-38.732760,-38.526371
598.850000,-38.276248,-38.647037,-38.439222
598.900000,-38.188264,-38.561175,-38.351896
598.950000,-38.100041,-38.475139,-38.264355
599.000000,-38.011540,-38.388891,-38.176560
599.050000,-37.922721,-38.302394,-38.088471
599.100000,-37.833541,-38.215607,-38.000047
599.150000,-37.743955,-38.128489,-37.911244
599.200000,-37.653916,-38.040997,-37.822017
599.250000,-37.563377,-37.953088,-37.732319
599.300000,-37.472287,-37.864714,-37.642101
599.350000,-37.380593,-37.775826,-37.551312
599.400000,-37.288240,-37.686374,-37.459898
599.450000,-37.195171,-37.596305,-37.367803
599.500000,-37.101324,-37.505563,-37.274967
599.550000,-37.006635,-37.414089,-37.181329
599.600000,-36.911038,-37.321823,-37.086824
599.650000,-36.814460,-37.228699,-36.991383
599.700000,-36.716828,-37.134649,-36.894932
599.750000,-36.618060,-37.039601,-36.797396
599.800000,-36.518073,-36.943477,-36.698691
599.850000,-36.416777,-36.846198,-36.598731
599.900000,-36.314074,-36.747675,-36.497423
599.950000,-36.209863,-36.647816,-36.394669
600.000000,-36.104034,-36.546523,-36.290361
600.050000,-35.996468,-36.443689,-36.184387
600.100000,-35.887039,-36.339201,-36.076623
600.150000,-35.775609,-36.232936,-35.966938
600.200000,-35.662031,-36.124762,-35.855190
600.250000,-35.546144,-36.014536,-35.741224
600.300000,-35.427774,-35.902103,-35.624873
600.350000,-35.306731,-35.787295,-35.505954
600.400000,-35.182809,-35.669928,-35.384270
600.450000,-35.055780,-35.549803,-35.259602
600.500000,-34.925396,-35.426698,-35.131713
600.550000,-34.791382,-35.300373,-35.000338
600.600000,-34.653436,-35.170561,-34.865190
600.650000,-34.511223,-35.036967,-34.725945
600.700000,-34.364368,-34.899265,-34.582247
600.750000,-34.212456,-34.757090,-34.433698
600.800000,-34.055020,-34.610036,-34.279854
600.850000,-33.891537,-34.457646,-34.120214
600.900000,-33.721415,-34.299408,-33.954214
600.950000,-33.543986,-34.134740,-33.781217
601.000000,-33.358485,-33.962983,-33.600495
601.050000,-33.164041,-33.783385,-33.411220
601.100000,-32.959652,-33.595082,-33.212437
601.150000,-32.744161,-33.397082,-33.003048
601.200000,-32.516221,-33.188233,-32.781777
601.250000,-32.274262,-32.967194,-32.547132
601.300000,-32.016436,-32.732392,-32.297365
601.350000,-31.740557,-32.481971,-32.030405
601.400000,-31.444017,-32.213728,-31.743789
601.450000,-31.123687,-31.925023,-31.434560
601.500000,-30.775777,-31.612673,-31.099147
601.550000,-30.395663,-31.272807,-30.733192
601.600000,-29.977653,-30.900678,-30.331339
601.650000,-29.514673,-30.490409,-29.886943
601.700000,-28.997855,-30.034660,-29.391682
601.750000,-28.415979,-29.524181,-28.835041
601.800000,-27.754728,-28.947211,-28.203619
601.850000,-26.995704,-28.288688,-27.480217
601.900000,-26.115164,-27.529232,-26.642661
601.950000,-25.082515,-26.643901,-25.662397
602.000000,-23.858795,-25.600912,-24.503054
602.050000,-22.395946,-24.360843,-23.119701
602.100000,-20.638916,-22.877822,-21.460616
602.150000,-18.534914,-21.105850,-19.475483
602.200000,-16.056440,-19.015341,-17.136094
602.250000,-13.241170,-16.623098,-14.472701
602.300000,-10.231935,-14.025640,-11.611799
602.350000,-7.276048,-11.407217,-8.778908
602.400000,-4.663410,-9.002581,-6.245677
602.450000,-2.637698,-7.031590,-4.249086
602.500000,-1.335493,-5.644103,-2.931860
602.550000,-0.781557,-4.902023,-2.332322
602.600000,-0.923707,-4.794860,-2.412181
602.650000,-1.673006,-5.267219,-3.092530
602.700000,-2.930286,-6.241771,-4.279652
602.750000,-4.598203,-7.633217,-5.878258
602.800000,-6.584785,-9.355303,-7.796576
602.850000,-8.803695,-11.324157,-9.947874
602.900000,-11.174316,-13.460328,-12.251253
602.950000,-13.623173,-15.690979,-14.633293
603.000000,-16.086955,-17.952723,-17.030881
603.050000,-18.515636,-20.194360,-19.394065
603.100000,-20.873273,-22.377889,-21.686812
603.150000,-23.135531,-24.476996,-23.884804
603.200000,-25.285550,-26.473866,-25.971585
603.250000,-27.310398,-28.355982,-27.935096
603.300000,-29.199271,-30.113985,-29.765709
603.350000,-30.943339,-31.740823,-31.455788
603.400000,-32.536539,-33.231830,-33.000208
603.450000,-33.976506,-34.585185,-34.397116
603.500000,-35.265053,-35.802248,-35.648371
603.550000,-36.407940,-36.887481,-36.759396
603.600000,-37.414052,-37.847948,-37.738490
603.650000,-38.294288,-38.692544,-38.595866
603.700000,-39.060467,-39.431166,-39.342663
603.750000,-39.724460,-40.073999,-39.990145
603.800000,-40.297606,-40.630981,-40.549137
603.850000,-40.790374,-41.111469,-41.029695
603.900000,-41.212228,-41.524058,-41.440952
603.950000,-41.571609,-41.876519,-41.791086
604.000000,-41.875979,-42.175802,-42.087354
604.050000,-42.131912,-42.428084,-42.336160
604.100000,-42.345184,-42.638835,-42.543146
604.150000,-42.520866,-42.812886,-42.713271
604.200000,-42.663415,-42.954506,-42.850899
604.250000,-42.776747,-43.067460,-42.959866
604.300000,-42.864308,-43.155076,-43.043553
604.350000,-42.929134,-43.220295,-43.104937
604.400000,-42.973903,-43.265717,-43.146646
604.450000,-43.000977,-43.293644,-43.170999
604.500000,-43.012445,-43.306114,-43.180049
604.550000,-43.010155,-43.304937,-43.175609
604.600000,-42.995742,-43.291716,-43.159285
604.650000,-42.970655,-43.267875,-43.132502
604.700000,-42.936180,-43.234678,-43.096522
604.750000,-42.893455,-43.193249,-43.052463
604.800000,-42.843492,-43.144588,-43.001319
604.850000,-42.787188,-43.089583,-42.943972
604.900000,-42.725340,-43.029024,-42.881205
604.950000,-42.658655,-42.963613,-42.813713
605.000000,-42.587763,-42.893976,-42.742112
605.050000,-42.513219,-42.820668,-42.666952
605.100000,-42.435520,-42.744183,-42.588717
605.150000,-42.355105,-42.664960,-42.507840
605.200000,-42.272363,-42.583390,-42.424703
605.250000,-42.187639,-42.499818,-42.339646
605.300000,-42.101240,-42.414552,-42.252968
605.350000,-42.013435,-42.327864,-42.164934
605.400000,-41.924464,-42.239994,-42.075780
605.450000,-41.834538,-42.151155,-41.985713
605.500000,-41.743842,-42.061536,-41.894914
605.550000,-41.652538,-41.971302,-41.803543
605.600000,-41.560772,-41.880597,-41.711742
605.650000,-41.468667,-41.789549,-41.619632
605.700000,-41.376332,-41.698270,-41.527321
605.750000,-41.283862,-41.606855,-41.434900
605.800000,-41.191339,-41.515389,-41.342451
605.850000,-41.098832,-41.423944,-41.250040
605.900000,-41.006401,-41.332582,-41.157727
605.950000,-40.914097,-41.241354,-41.065562
606.000000,-40.821962,-41.150306,-40.973584
606.050000,-40.730031,-41.059473,-40.881828
606.100000,-40.638331,-40.968885,-40.790322
606.150000,-40.546884,-40.878566,-40.699086
606.200000,-40.455708,-40.788534,-40.608136
606.250000,-40.364813,-40.698802,-40.517483
606.300000,-40.274206,-40.609379,-40.427136
606.350000,-40.183892,-40.520271,-40.337095
606.400000,-40.093870,-40.431478,-40.247362
606.450000,-40.004137,-40.342998,-40.157932
606.500000,-39.914685,-40.254827,-40.068800
606.550000,-39.825507,-40.166957,-39.979954
606.600000,-39.736590,-40.079378,-39.891386
606.650000,-39.647922,-39.992078,-39.803080
606.700000,-39.559485,-39.905043,-39.715022
606.750000,-39.471264,-39.818256,-39.627193
606.800000,-39.383239,-39.731701,-39.539576
606.850000,-39.295388,-39.645357,-39.452150
606.900000,-39.207691,-39.559205,-39.364892
606.950000,-39.120123,-39.473221,-39.277779
607.000000,-39.032659,-39.387384,-39.190788
607.050000,-38.945273,-39.301668,-39.103891
607.100000,-38.857939,-39.216047,-39.017063
607.150000,-38.770626,-39.130495,-38.930275
607.200000,-38.683305,-39.044984,-38.843497
607.250000,-38.595946,-38.959485,-38.756698
607.300000,-38.508514,-38.873966,-38.669848
607.350000,-38.420978,-38.788397,-38.582913
607.400000,-38.333303,-38.702745,-38.495860
607.450000,-38.245451,-38.616977,-38.408652
607.500000,-38.157387,-38.531058,-38.321254
607.550000,-38.069071,-38.444951,-38.233628
607.600000,-37.980463,-38.358620,-38.145734
607.650000,-37.891521,-38.272025,-38.057532
607.700000,-37.802203,-38.185126,-37.968979
607.750000,-37.712463,-38.097881,-37.880032
607.800000,-37.622254,-38.010248,-37.790645
607.850000,-37.531527,-37.922180,-37.700770
607.900000,-37.440231,-37.833631,-37.610358
607.950000,-37.348312,-37.744551,-37.519355
608.000000,-37.255715,-37.654888,-37.427708
608.050000,-37.162379,-37.564589,-37.335360
608.100000,-37.068244,-37.473597,-37.242250
608.150000,-36.973244,-37.381852,-37.148315
608.200000,-36.877311,-37.289292,-37.053489
608.250000,-36.780372,-37.195851,-36.957702
608.300000,-36.682350,-37.101460,-36.860879
608.350000,-36.583165,-37.006043,-36.762942
608.400000,-36.482729,-36.909524,-36.663808
608.450000,-36.380951,-36.811818,-36.563386
608.500000,-36.277731,-36.712837,-36.461582
608.550000,-36.172966,-36.612487,-36.358295
608.600000,-36.066541,-36.510666,-36.253416
608.650000,-35.958337,-36.407265,-36.146829
608.700000,-35.848222,-36.302168,-36.038407
608.750000,-35.736056,-36.195249,-35.928015
608.800000,-35.621687,-36.086372,-35.815507
608.850000,-35.504950,-35.975391,-35.700725
608.900000,-35.385666,-35.862145,-35.583495
608.950000,-35.263638,-35.746462,-35.463631
609.000000,-35.138653,-35.628152,-35.340926
609.050000,-35.010477,-35.507007,-35.215157
609.100000,-34.878853,-35.382802,-35.086077
609.150000,-34.743497,-35.255286,-34.953414
609.200000,-34.604096,-35.124184,-34.816868
609.250000,-34.460300,-34.989189,-34.676105
609.300000,-34.311722,-34.849962,-34.530754
609.350000,-34.157929,-34.706126,-34.380402
609.400000,-33.998437,-34.557256,-34.224586
609.450000,-33.832698,-34.402878,-34.062785
609.500000,-33.660095,-34.242456,-33.894409
609.550000,-33.479929,-34.075383,-33.718792
609.600000,-33.291399,-33.900968,-33.535173
609.650000,-33.093591,-33.718424,-33.342681
609.700000,-32.885452,-33.526843,-33.140314
609.750000,-32.665761,-33.325180,-32.926916
609.800000,-32.433100,-33.112222,-32.701139
609.850000,-32.185806,-32.886552,-32.461409
609.900000,-31.921922,-32.646504,-32.205870
609.950000,-31.639123,-32.390108,-31.932325
610.000000,-31.334632,-32.115019,-31.638149
610.050000,-31.005106,-31.818422,-31.320186
610.100000,-30.646485,-31.496910,-30.974611
610.150000,-30.253802,-31.146329,-30.596745
610.200000,-29.820919,-30.761570,-30.180815
610.250000,-29.340188,-30.336284,-29.719641
610.300000,-28.801989,-29.862523,-29.204197
610.350000,-28.194111,-29.330231,-28.623048
610.400000,-27.500935,-28.726593,-27.961577
610.450000,-26.702346,-28.035162,-27.200990
610.500000,-25.772384,-27.234758,-26.317047
610.550000,-24.677677,-26.298181,-25.278603
610.600000,-23.376077,-25.191003,-24.046300
610.650000,-21.816590,-23.871235,-22.572405
610.700000,-19.943348,-22.291835,-20.804257
610.750000,-17.708896,-20.409988,-18.696104
610.800000,-15.103376,-18.208357,-16.235443
610.850000,-12.197890,-15.728468,-13.482876
610.900000,-9.175216,-13.098903,-10.602169
610.950000,-6.307186,-10.528005,-7.843463
611.000000,-3.877242,-8.253057,-5.475354
611.050000,-2.095714,-6.474041,-3.706241
611.100000,-1.057785,-5.309947,-2.640881
611.150000,-0.756355,-4.794442,-2.286568
611.200000,-1.122311,-4.898187,-2.587005
611.250000,-2.060956,-5.555950,-3.455864
611.300000,-3.472959,-6.686448,-4.797899
611.350000,-5.262714,-8.203500,-6.518738
611.400000,-7.340247,-10.021414,-8.528286
611.450000,-9.621171,-12.057650,-10.741742
611.500000,-12.027116,-14.234792,-13.080574
611.550000,-14.487771,-16.482968,-15.474611
611.600000,-16.944198,-18.742805,-17.865091
611.650000,-19.351391,-20.967741,-20.207012
611.700000,-21.677892,-23.124164,-22.468825
611.750000,-23.902468,-25.189132,-24.629424
611.800000,-26.009959,-27.147014,-26.674224
611.850000,-27.988289,-28.986571,-28.592155
611.900000,-29.827297,-30.699293,-30.374272
611.950000,-31.519009,-32.278922,-32.013733
612.000000,-33.058565,-33.721735,-33.506480
612.050000,-34.445046,-35.027007,-34.851940
612.100000,-35.681708,-36.197214,-36.053268
612.150000,-36.775524,-37.237807,-37.116994
612.200000,-37.736214,-38.156586,-38.052203
612.250000,-38.575116,-38.962890,-38.869538
612.300000,-39.304151,-39.666788,-39.580262
612.350000,-39.935057,-40.278428,-40.195536
612.400000,-40.478894,-40.807575,-40.725943
612.450000,-40.945787,-41.263332,-41.181224
612.500000,-41.344839,-41.654008,-41.570180
612.550000,-41.684140,-41.987083,-41.900656
612.600000,-41.970831,-42.269230,-42.179604
612.650000,-42.211195,-42.506370,-42.413150
612.700000,-42.410750,-42.703741,-42.606686
612.750000,-42.574343,-42.865968,-42.764955
612.800000,-42.706233,-42.997137,-42.892127
612.850000,-42.810164,-43.100854,-42.991872
612.900000,-42.889432,-43.180306,-43.067423
612.950000,-42.946942,-43.238307,-43.121630
613.000000,-42.985255,-43.277350,-43.157008
613.050000,-43.006636,-43.299641,-43.175777
613.100000,-43.013083,-43.307134,-43.179904
613.150000,-43.006369,-43.301563,-43.171127
613.200000,-42.988059,-43.284467,-43.150985
613.250000,-42.959544,-43.257211,-43.120842
613.300000,-42.922055,-43.221008,-43.081910
613.350000,-42.876685,-43.176937,-43.035261
613.400000,-42.824403,-43.125957,-42.981848
613.450000,-42.766070,-43.068920,-42.922517
613.500000,-42.702450,-43.006584,-42.858019
613.550000,-42.634223,-42.939625,-42.789021
613.600000,-42.561991,-42.868641,-42.716113
613.650000,-42.486288,-42.794166,-42.639823
613.700000,-42.407590,-42.716674,-42.560616
613.750000,-42.326317,-42.636587,-42.478906
613.800000,-42.242843,-42.554277,-42.395059
613.850000,-42.157499,-42.470078,-42.309401
613.900000,-42.070578,-42.384284,-42.222219
613.950000,-41.982338,-42.297156,-42.133767
614.000000,-41.893010,-42.208923,-42.044271
614.050000,-41.802793,-42.119791,-41.953927
614.100000,-41.711866,-42.029938,-41.862910
614.150000,-41.620385,-41.939522,-41.771374
614.200000,-41.528486,-41.848683,-41.679451
614.250000,-41.436288,-41.757542,-41.587259
614.300000,-41.343896,-41.666205,-41.494899
614.350000,-41.251398,-41.574763,-41.402459
614.400000,-41.158873,-41.483297,-41.310015
614.450000,-41.066386,-41.391874,-41.217633
614.500000,-40.973994,-41.300553,-41.125366
614.550000,-40.881745,-41.209383,-41.033262
614.600000,-40.789677,-41.118406,-40.941358
614.650000,-40.697824,-41.027655,-40.849686
614.700000,-40.606210,-40.937159,-40.758272
614.750000,-40.514856,-40.846938,-40.667134
614.800000,-40.423776,-40.757009,-40.576287
614.850000,-40.332982,-40.667385,-40.485740
614.900000,-40.242477,-40.578072,-40.395500
614.950000,-40.152265,-40.489073,-40.305567
615.000000,-40.062344,-40.400390,-40.215940
615.050000,-39.972710,-40.312019,-40.126615
615.100000,-39.883355,-40.223954,-40.037584
615.150000,-39.794269,-40.136187,-39.948836
615.200000,-39.705441,-40.048707,-39.860361
615.250000,-39.616855,-39.961500,-39.772143
615.300000,-39.528495,-39.874554,-39.684167
615.350000,-39.440345,-39.787850,-39.596415
615.400000,-39.352382,-39.701370,-39.508866
615.450000,-39.264588,-39.615095,-39.421501
615.500000,-39.176938,-39.529004,-39.334296
615.550000,-39.089409,-39.443074,-39.247228
615.600000,-39.001975,-39.357282,-39.160272
615.650000,-38.914610,-39.271601,-39.073402
615.700000,-38.827285,-39.186007,-38.986591
615.750000,-38.739973,-39.100473,-38.899809
615.800000,-38.652641,-39.014968,-38.813027
615.850000,-38.565260,-38.929465,-38.726213
615.900000,-38.477795,-38.843932,-38.639337
615.950000,-38.390213,-38.758337,-38.552363
616.000000,-38.302479,-38.672648,-38.465259
616.050000,-38.214557,-38.586830,-38.377988
616.100000,-38.126408,-38.500848,-38.290514
616.150000,-38.037994,-38.414666,-38.202797
616.200000,-37.949273,-38.328246,-38.114799
616.250000,-37.860204,-38.241549,-38.026479
616.300000,-37.770742,-38.154533,-37.937792
616.350000,-37.680842,-38.067156,-37.848696
616.400000,-37.590456,-37.979375,-37.759142
616.450000,-37.499535,-37.891143,-37.669084
616.500000,-37.408026,-37.802413,-37.578470
616.550000,-37.315875,-37.713134,-37.487247
616.600000,-37.223024,-37.623253,-37.395359
616.650000,-37.129415,-37.532717,-37.302750
616.700000,-37.034983,-37.441467,-37.209357
616.750000,-36.939663,-37.349443,-37.115117
616.800000,-36.843384,-37.256581,-37.019961
616.850000,-36.746074,-37.162813,-36.923819
616.900000,-36.647653,-37.068070,-36.826613
616.950000,-36.548038,-36.972275,-36.728265
617.000000,-36.447141,-36.875348,-36.628688
617.050000,-36.344867,-36.777204,-36.527792
617.100000,-36.241117,-36.677753,-36.425479
617.150000,-36.135781,-36.576898,-36.321645
617.200000,-36.028746,-36.474534,-36.216179
617.250000,-35.919885,-36.370551,-36.108962
617.300000,-35.809066,-36.264829,-35.999864
617.350000,-35.696144,-36.157238,-35.888746
617.400000,-35.580963,-36.047639,-35.775457
617.450000,-35.463352,-35.935880,-35.659835
617.500000,-35.343126,-35.821799,-35.541702
617.550000,-35.220085,-35.705215,-35.420864
617.600000,-35.094007,-35.585933,-35.297110
617.650000,-34.964650,-35.463741,-35.170207
617.700000,-34.831749,-35.338402,-35.039900
617.750000,-34.695009,-35.209659,-34.905909
617.800000,-34.554105,-35.077226,-34.767921
617.850000,-34.408676,-34.940785,-34.625590
617.900000,-34.258318,-34.799984,-34.478532
617.950000,-34.102581,-34.654430,-34.326317
618.000000,-33.940960,-34.503682,-34.168461
618.050000,-33.772885,-34.347246,-34.004421
618.100000,-33.597710,-34.184560,-33.833582
618.150000,-33.414702,-34.014992,-33.655246
618.200000,-33.223024,-33.837817,-33.468615
618.250000,-33.021715,-33.652208,-33.272776
618.300000,-32.809667,-33.457213,-33.066676
618.350000,-32.585593,-33.251731,-32.849094
618.400000,-32.347996,-33.034481,-32.618608
618.450000,-32.095115,-32.803964,-32.373553
618.500000,-31.824873,-32.558416,-32.111960
618.550000,-31.534798,-32.295744,-31.831492
618.600000,-31.221928,-32.013449,-31.529352
618.650000,-30.882687,-31.708523,-31.202166
618.700000,-30.512723,-31.377318,-30.845833
618.750000,-30.106689,-31.015372,-30.455320
618.800000,-29.657961,-30.617176,-30.024402
618.850000,-29.158260,-30.175866,-29.545305
618.900000,-28.597135,-29.682819,-29.008232
618.950000,-27.961284,-29.127095,-28.400728
619.000000,-27.233645,-28.494714,-27.706838
619.050000,-26.392220,-27.767703,-26.906010
619.100000,-25.408627,-26.922921,-25.971751
619.150000,-24.246535,-25.930747,-24.870153
619.200000,-22.860571,-24.754047,-23.558822
619.250000,-21.197237,-23.348530,-21.987599
619.300000,-19.201420,-21.667076,-20.104276
619.350000,-16.834597,-19.672657,-17.870908
619.400000,-14.110176,-17.364479,-15.295852
619.450000,-11.136998,-14.812651,-12.474239
619.500000,-8.135114,-12.177076,-9.605174
619.550000,-5.390886,-9.683689,-6.954676
619.600000,-3.170342,-7.563768,-4.778136
619.650000,-1.645101,-5.991826,-3.249814
619.700000,-0.870749,-5.055530,-2.437429
619.750000,-0.813525,-4.763226,-2.321629
619.800000,-1.391930,-5.070128,-2.832307
619.850000,-2.508033,-5.903593,-3.878275
619.900000,-4.063311,-7.179717,-5.363913
619.950000,-5.964090,-8.812073,-7.196150
620.000000,-8.122377,-10.715842,-9.286673
620.050000,-10.455777,-12.810050,-11.552731
620.100000,-12.888430,-15.019618,-13.918420
620.150000,-15.353624,-17.278022,-16.317218
620.200000,-17.797140,-19.530210,-18.695034
620.250000,-20.178954,-21.734291,-21.011788
620.300000,-22.471676,-23.860753,-23.240037
620.350000,-24.656648,-25.889611,-25.361394
620.400000,-26.720041,-27.807048,-27.362769
620.450000,-28.650496,-29.602909,-29.233917
620.500000,-30.438538,-31.269476,-30.966581
620.550000,-32.077172,-32.801330,-32.554807
620.600000,-33.562851,-34.195753,-33.995695
620.650000,-34.896134,-35.453141,-35.289987
620.700000,-36.081667,-36.577067,-36.442090
620.750000,-37.127512,-37.573892,-37.459543
620.800000,-38.044087,-38.452050,-38.352090
620.850000,-38.843039,-39.221224,-39.130691
620.900000,-39.536300,-39.891575,-39.806642
620.950000,-40.135410,-40.473160,-40.390943
621.000000,-40.651122,-40.975533,-40.893902
621.050000,-41.093204,-41.407529,-41.324936
621.100000,-41.470400,-41.777165,-41.692507
621.150000,-41.790456,-42.091634,-42.004138
621.200000,-42.060202,-42.357336,-42.266482
621.250000,-42.285641,-42.579945,-42.485397
621.300000,-42.472046,-42.764475,-42.666037
621.350000,-42.624047,-42.915355,-42.812937
621.400000,-42.745716,-43.036494,-42.930082
621.450000,-42.840631,-43.131346,-43.020983
621.500000,-42.911945,-43.202961,-43.088731
621.550000,-42.962437,-43.254035,-43.136054
621.600000,-42.994560,-43.286957,-43.165360
621.650000,-43.010480,-43.303840,-43.178775
621.700000,-43.012114,-43.306558,-43.178183
621.750000,-43.001159,-43.296774,-43.165248
621.800000,-42.979115,-43.275961,-43.141446
621.850000,-42.947315,-43.245432,-43.108086
621.900000,-42.906940,-43.206350,-43.066328
621.950000,-42.859038,-43.159748,-43.017201
622.000000,-42.804538,-43.106549,-42.961618
622.050000,-42.744266,-43.047569,-42.900392
622.100000,-42.678955,-42.983537,-42.834241
622.150000,-42.609256,-42.915099,-42.763806
622.200000,-42.535747,-42.842832,-42.689653
622.250000,-42.458941,-42.767246,-42.612288
622.300000,-42.379293,-42.688797,-42.532157
622.350000,-42.297206,-42.607889,-42.449657
622.400000,-42.213040,-42.524880,-42.365139
622.450000,-42.127110,-42.440089,-42.278915
622.500000,-42.039698,-42.353798,-42.191259
622.550000,-41.951052,-42.266256,-42.102416
622.600000,-41.861389,-42.177686,-42.012601
622.650000,-41.770904,-42.088281,-41.922002
622.700000,-41.679766,-41.998213,-41.830786
622.750000,-41.588123,-41.907634,-41.739099
622.800000,-41.496106,-41.816676,-41.647069
622.850000,-41.403829,-41.725454,-41.554807
622.900000,-41.311389,-41.634070,-41.462410
622.950000,-41.218874,-41.542611,-41.369960
623.000000,-41.126355,-41.451152,-41.277531
623.050000,-41.033895,-41.359759,-41.185183
623.100000,-40.941548,-41.268486,-41.092968
623.150000,-40.849358,-41.177379,-41.000930
623.200000,-40.757362,-41.086478,-40.909104
623.250000,-40.665590,-40.995813,-40.817520
623.300000,-40.574065,-40.905411,-40.726201
623.350000,-40.482806,-40.815291,-40.635164
623.400000,-40.391825,-40.725468,-40.544421
623.450000,-40.301132,-40.635952,-40.453981
623.500000,-40.210730,-40.546749,-40.363848
623.550000,-40.120620,-40.457861,-40.274023
623.600000,-40.030800,-40.369288,-40.184503
623.650000,-39.941265,-40.281025,-40.095281
623.700000,-39.852005,-40.193065,-40.006351
623.750000,-39.763011,-40.105400,-39.917700
623.800000,-39.674269,-40.018017,-39.829317
623.850000,-39.585764,-39.930903,-39.741186
623.900000,-39.497480,-39.844044,-39.653290
623.950000,-39.409397,-39.757420,-39.565611
624.000000,-39.321496,-39.671015,-39.478129
624.050000,-39.233755,-39.584806,-39.390822
624.100000,-39.146150,-39.498774,-39.303668
624.150000,-39.058657,-39.412895,-39.216642
624.200000,-38.971250,-39.327144,-39.129719
624.250000,-38.883902,-39.241497,-39.042872
624.300000,-38.796584,-39.155927,-38.956074
624.350000,-38.709268,-39.070406,-38.869295
624.400000,-38.621923,-38.984905,-38.782505
624.450000,-38.534515,-38.899394,-38.695673
624.500000,-38.447013,-38.813842,-38.608766
624.550000,-38.359381,-38.728218,-38.521750
624.600000,-38.271585,-38.642487,-38.434591
624.650000,-38.183587,-38.556615,-38.347252
624.700000,-38.095349,-38.470567,-38.259697
624.750000,-38.006831,-38.384305,-38.171886
624.800000,-37.917992,-38.297792,-38.083779
624.850000,-37.828790,-38.210987,-37.995334
624.900000,-37.739179,-38.123848,-37.906508
624.950000,-37.649113,-38.036334,-37.817256
625.000000,-37.558545,-37.948400,-37.727530
625.050000,-37.467422,-37.859998,-37.637282
625.100000,-37.375694,-37.771080,-37.546459
625.150000,-37.283303,-37.681595,-37.455009
625.200000,-37.190192,-37.591490,-37.362874
625.250000,-37.096300,-37.500709,-37.269996
625.300000,-37.001563,-37.409193,-37.176312
625.350000,-36.905914,-37.316882,-37.081757
625.400000,-36.809281,-37.223709,-36.986263
625.450000,-36.711589,-37.129606,-36.889755
625.500000,-36.612757,-37.034501,-36.792157
625.550000,-36.512701,-36.938317,-36.693386
625.600000,-36.411331,-36.840972,-36.593356
625.650000,-36.308549,-36.742379,-36.491972
625.700000,-36.204254,-36.642445,-36.389136
625.750000,-36.098334,-36.541071,-36.284741
625.800000,-35.990671,-36.438151,-36.178673
625.850000,-35.881137,-36.333570,-36.070809
625.900000,-35.769595,-36.227205,-35.961017
625.950000,-35.655897,-36.118924,-35.849153
626.000000,-35.539880,-36.008583,-35.735063
626.050000,-35.421371,-35.896027,-35.618578
626.100000,-35.300179,-35.781086,-35.499516
626.150000,-35.176096,-35.663576,-35.377677
626.200000,-35.048893,-35.543296,-35.252843
626.250000,-34.918321,-35.420025,-35.124773
626.300000,-34.784105,-35.293519,-34.993204
626.350000,-34.645939,-35.163512,-34.857843
626.400000,-34.503486,-35.029707,-34.718369
626.450000,-34.356371,-34.891774,-34.574422
626.500000,-34.204175,-34.749348,-34.425601
626.550000,-34.046429,-34.602020,-34.271459
626.600000,-33.882606,-34.449331,-34.111493
626.650000,-33.712111,-34.290764,-33.945136
626.700000,-33.534270,-34.125734,-33.771744
626.750000,-33.348314,-33.953577,-33.590587
626.800000,-33.153364,-33.773536,-33.400828
626.850000,-32.948412,-33.584741,-33.201508
626.900000,-32.732291,-33.386191,-32.991517
626.950000,-32.503643,-33.176726,-32.769570
627.000000,-32.260886,-32.954992,-32.534164
627.050000,-32.002154,-32.719405,-32.283533
627.100000,-31.725240,-32.468092,-32.015589
627.150000,-31.427513,-32.198826,-31.727844
627.200000,-31.105812,-31.908943,-31.417313
627.250000,-30.756307,-31.595228,-31.080385
627.300000,-30.374323,-31.253768,-30.712658
627.350000,-29.954104,-30.879761,-30.308714
627.400000,-29.488491,-30.467263,-29.861829
627.450000,-28.968507,-30.008845,-29.363578
627.500000,-28.382786,-29.495138,-28.803312
627.550000,-27.716822,-28.914228,-28.167453
627.600000,-26.951965,-28.250851,-27.438568
627.650000,-26.064147,-27.485361,-26.594180
627.700000,-25.022365,-26.592485,-25.605352
627.750000,-23.787177,-25.540042,-24.435265
627.800000,-22.310061,-24.288211,-23.038545
627.850000,-20.535761,-22.790886,-21.363259
627.900000,-18.412103,-21.002413,-19.359610
627.950000,-15.913935,-18.894817,-17.001470
628.000000,-13.083700,-16.488392,-14.323409
628.050000,-10.070367,-13.884509,-11.457617
628.100000,-7.125554,-11.271438,-8.633855
628.150000,-4.538906,-8.884865,-6.123975
628.200000,-2.549460,-6.942038,-4.161041
628.250000,-1.287453,-5.588205,-2.882008
628.300000,-0.772475,-4.880804,-2.320210
628.350000,-0.949448,-4.806249,-2.434328
628.400000,-1.728370,-5.307474,-3.144134
628.450000,-3.009968,-6.306449,-4.355592
628.500000,-4.697147,-7.717695,-5.973520
628.550000,-6.698239,-9.455021,-7.906397
628.600000,-8.927207,-11.434743,-10.067776
628.650000,-11.303761,-13.577705,-12.377108
628.700000,-13.754884,-15.811497,-14.761443
628.750000,-16.217905,-18.073323,-17.158308
628.800000,-18.643562,-20.312683,-19.518504
628.850000,-20.996617,-22.492262,-21.806701
628.900000,-23.253245,-24.586286,-23.999104
628.950000,-25.396870,-26.577297,-26.079567
629.000000,-27.414703,-28.452990,-28.036197
629.050000,-29.296038,-30.204139,-29.859472
629.100000,-31.032167,-31.823812,-31.541870
629.150000,-32.617202,-33.307482,-33.078423
629.200000,-34.048997,-34.653493,-34.467469
629.250000,-35.329586,-35.863376,-35.711068
629.300000,-36.464922,-36.941747,-36.814816
629.350000,-37.464025,-37.895789,-37.787141
629.400000,-38.337868,-38.734471,-38.638328
629.450000,-39.098295,-39.467723,-39.379540
629.500000,-39.757159,-40.105725,-40.022030
629.550000,-40.325758,-40.658394,-40.576589
629.600000,-40.814511,-41.135047,-41.053226
629.650000,-41.232827,-41.544238,-41.461023
629.700000,-41.589091,-41.893692,-41.808106
629.750000,-41.890718,-42.190317,-42.101686
629.800000,-42.144234,-42.440251,-42.348125
629.850000,-42.355378,-42.648926,-42.553024
629.900000,-42.529184,-42.821143,-42.721310
629.950000,-42.670080,-42.961142,-42.857315
630.000000,-42.781953,-43.072663,-42.964852
630.050000,-42.868228,-43.159013,-43.047276
630.100000,-42.931919,-43.223113,-43.107547
630.150000,-42.975686,-43.267545,-43.148273
630.200000,-43.001876,-43.294597,-43.171761
630.250000,-43.012565,-43.306296,-43.180046
630.300000,-43.009588,-43.304437,-43.174933
630.350000,-42.994571,-43.290614,-43.158016
630.400000,-42.968952,-43.266243,-43.130712
630.450000,-42.934008,-43.232579,-43.094272
630.500000,-42.890872,-43.190740,-43.049811
630.550000,-42.840549,-43.141719,-42.998314
630.600000,-42.783929,-43.086397,-42.940659
630.650000,-42.721805,-43.025562,-42.877622
630.700000,-42.654881,-42.959910,-42.809895
630.750000,-42.583779,-42.890062,-42.738091
630.800000,-42.509055,-42.816572,-42.662754
630.850000,-42.431199,-42.739930,-42.584368
630.900000,-42.350650,-42.660572,-42.503361
630.950000,-42.267793,-42.578886,-42.420112
631.000000,-42.182972,-42.495216,-42.334960
631.050000,-42.096491,-42.409866,-42.248203
631.100000,-42.008617,-42.323108,-42.160103
631.150000,-41.919589,-42.235181,-42.070895
631.200000,-41.829617,-42.146296,-41.980783
631.250000,-41.738883,-42.056639,-41.889949
631.300000,-41.647551,-41.966375,-41.798551
631.350000,-41.555763,-41.875648,-41.706730
631.400000,-41.463642,-41.784584,-41.614606
631.450000,-41.371297,-41.693294,-41.522286
631.500000,-41.278821,-41.601874,-41.429861
631.550000,-41.186296,-41.510407,-41.337411
631.600000,-41.093791,-41.418964,-41.245003
631.650000,-41.001365,-41.327607,-41.152696
631.700000,-40.909068,-41.236387,-41.060539
631.750000,-40.816942,-41.145348,-40.968571
631.800000,-40.725022,-41.054526,-40.876827
631.850000,-40.633334,-40.963951,-40.785333
631.900000,-40.541900,-40.873646,-40.694111
631.950000,-40.450737,-40.783629,-40.603176
632.000000,-40.359856,-40.693912,-40.512539
632.050000,-40.269265,-40.604505,-40.422206
632.100000,-40.178965,-40.515413,-40.332181
632.150000,-40.088957,-40.426635,-40.242463
632.200000,-39.999238,-40.338171,-40.153049
632.250000,-39.909800,-40.250016,-40.063930
632.300000,-39.820635,-40.162160,-39.975099
632.350000,-39.731731,-40.074595,-39.886544
632.400000,-39.643074,-39.987309,-39.798250
632.450000,-39.554648,-39.900286,-39.710204
632.500000,-39.466437,-39.813511,-39.622386
632.550000,-39.378420,-39.726966,-39.534778
632.600000,-39.290577,-39.640631,-39.447360
632.650000,-39.202886,-39.554487,-39.360109
632.700000,-39.115322,-39.468511,-39.273002
632.750000,-39.027862,-39.382679,-39.186015
632.800000,-38.940478,-39.296968,-39.099121
632.850000,-38.853144,-39.211350,-39.012295
632.900000,-38.765830,-39.125800,-38.925506
632.950000,-38.678507,-39.040288,-38.838726
633.000000,-38.591142,-38.954787,-38.751924
633.050000,-38.503705,-38.869265,-38.665069
633.100000,-38.416160,-38.783691,-38.578127
633.150000,-38.328475,-38.698032,-38.491064
633.200000,-38.240611,-38.612255,-38.403846
633.250000,-38.152532,-38.526325,-38.316435
633.300000,-38.064200,-38.440206,-38.228793
633.350000,-37.975573,-38.353859,-38.140882
633.400000,-37.886611,-38.267247,-38.052660
633.450000,-37.797269,-38.180329,-37.964086
633.500000,-37.707503,-38.093063,-37.875115
633.550000,-37.617266,-38.005406,-37.785701
633.600000,-37.526507,-37.917311,-37.695796
633.650000,-37.435177,-37.828733,-37.605351
633.700000,-37.343221,-37.739621,-37.514313
633.750000,-37.250583,-37.649923,-37.422628
633.800000,-37.157203,-37.559586,-37.330238
633.850000,-37.063021,-37.468552,-37.237082
633.900000,-36.967970,-37.376763,-37.143099
633.950000,-36.871982,-37.284155,-37.048221
634.000000,-36.774985,-37.190662,-36.952377
634.050000,-36.676900,-37.096215,-36.855494
634.100000,-36.577646,-37.000738,-36.757492
634.150000,-36.477138,-36.904154,-36.658287
634.200000,-36.375281,-36.806379,-36.557791
634.250000,-36.271978,-36.707324,-36.455907
634.300000,-36.167123,-36.606895,-36.352534
634.350000,-36.060602,-36.504988,-36.247562
634.400000,-35.952294,-36.401496,-36.140876
634.450000,-35.842069,-36.296300,-36.032347
634.500000,-35.729785,-36.189276,-35.921842
634.550000,-35.615288,-36.080285,-35.809211
634.600000,-35.498414,-35.969182,-35.694297
634.650000,-35.378982,-35.855805,-35.576926
634.700000,-35.256795,-35.739981,-35.456909
634.750000,-35.131639,-35.621518,-35.334040
634.800000,-35.003279,-35.500210,-35.208094
634.850000,-34.871455,-35.375828,-35.078822
634.900000,-34.735883,-35.248120,-34.945951
634.950000,-34.596247,-35.116810,-34.809180
635.000000,-34.452196,-34.981589,-34.668172
635.050000,-34.303341,-34.842117,-34.522555
635.100000,-34.149245,-34.698012,-34.371913
635.150000,-33.989421,-34.548850,-34.215779
635.200000,-33.823318,-34.394152,-34.053629
635.250000,-33.650316,-34.233377,-33.884870
635.300000,-33.469708,-34.065916,-33.708831
635.350000,-33.280689,-33.891073,-33.524744
635.400000,-33.082338,-33.708052,-33.331732
635.450000,-32.873592,-33.515941,-33.128786
635.500000,-32.653222,-33.313687,-32.914739
635.550000,-32.419796,-33.100064,-32.688233
635.600000,-32.171638,-32.873643,-32.447679
635.650000,-31.906771,-32.632745,-32.191204
635.700000,-31.622849,-32.375380,-31.916590
635.750000,-31.317066,-32.099179,-31.621185
635.800000,-30.986043,-31.801297,-31.301802
635.850000,-30.625677,-31.478293,-30.954571
635.900000,-30.230942,-31.125965,-30.574761
635.950000,-29.795628,-30.739142,-30.156531
636.000000,-29.311990,-30.311400,-29.692609
636.050000,-28.770283,-29.834685,-29.173856
636.100000,-28.158132,-29.298811,-28.588679
636.150000,-27.459699,-28.690786,-27.922262
636.200000,-26.654585,-27.993932,-27.155544
636.250000,-25.716460,-27.186770,-26.263941
636.300000,-24.611501,-26.241731,-25.215887
636.350000,-23.297051,-25.123963,-23.971546
636.400000,-21.721686,-23.791092,-22.482773
636.450000,-19.829541,-22.195983,-20.696873
636.500000,-17.574310,-20.296544,-18.569092
636.550000,-14.949418,-18.077750,-16.089863
636.600000,-12.031669,-15.585401,-13.324985
636.650000,-9.009965,-12.953113,-10.443987
636.700000,-6.159130,-10.392472,-7.700130
636.750000,-3.760557,-8.140372,-5.360584
636.800000,-2.018761,-6.393105,-3.628671
636.850000,-1.022514,-5.264711,-2.603202
636.900000,-0.760162,-4.784660,-2.286970
636.950000,-1.160358,-4.920957,-2.621236
637.000000,-2.127744,-5.607054,-3.518754
637.050000,-3.563066,-6.761176,-4.884154
637.100000,-5.371013,-8.297066,-6.623247
637.150000,-7.461926,-10.129152,-8.646213
637.200000,-9.751727,-12.175126,-10.868567
637.250000,-12.162424,-14.357918,-13.212174
637.300000,-14.624244,-16.608161,-15.607409
637.350000,-17.078971,-18.867143,-17.996230
637.400000,-19.482393,-21.089039,-20.334415
637.450000,-21.803722,-23.240906,-22.591090
637.500000,-24.022167,-25.300296,-24.745609
637.550000,-26.122798,-27.251886,-26.783648
637.600000,-28.093661,-29.084620,-28.694273
637.650000,-29.924698,-30.790116,-30.468650
637.700000,-31.608082,-32.362243,-32.100067
637.750000,-33.139152,-33.797435,-33.584644
637.800000,-34.517221,-35.095139,-34.922013
637.850000,-35.745769,-36.258008,-36.115531
637.900000,-36.831947,-37.291641,-37.171892
637.950000,-37.785596,-38.203945,-38.100294
638.000000,-38.618109,-39.004319,-38.911437
638.050000,-39.341416,-39.702851,-39.616595
638.100000,-39.967226,-40.309680,-40.226907
638.150000,-40.506553,-40.834538,-40.752913
638.200000,-40.969467,-41.286487,-41.204307
638.250000,-41.365013,-41.673790,-41.589833
638.300000,-41.701227,-42.003883,-41.917287
638.350000,-41.985200,-42.283394,-42.193572
638.400000,-42.223170,-42.518204,-42.424771
638.450000,-42.420616,-42.713516,-42.616239
638.500000,-42.582351,-42.873924,-42.772685
638.550000,-42.712602,-43.003486,-42.898249
638.600000,-42.815087,-43.105782,-42.996576
638.650000,-42.893080,-43.183976,-43.070876
638.700000,-42.949464,-43.240867,-43.123979
638.750000,-42.986785,-43.278929,-43.158383
638.800000,-43.007290,-43.300353,-43.176294
638.850000,-43.012965,-43.307080,-43.179664
638.900000,-43.005570,-43.300834,-43.170220
638.950000,-42.986662,-43.283141,-43.149490
639.000000,-42.957620,-43.255360,-43.118831
639.050000,-42.919667,-43.218695,-43.079445
639.100000,-42.873890,-43.174217,-43.032398
639.150000,-42.821251,-43.122881,-42.978637
639.200000,-42.762607,-43.065531,-42.919001
639.250000,-42.698716,-43.002923,-42.854237
639.300000,-42.630251,-42.935726,-42.785008
639.350000,-42.557813,-42.864535,-42.711900
639.400000,-42.481933,-42.789881,-42.635436
639.450000,-42.403081,-42.712235,-42.556080
639.500000,-42.321677,-42.632014,-42.474242
639.550000,-42.238091,-42.549592,-42.390286
639.600000,-42.152652,-42.465297,-42.304536
639.650000,-42.065650,-42.379422,-42.217277
639.700000,-41.977345,-42.292226,-42.128761
639.750000,-41.887961,-42.203938,-42.039212
639.800000,-41.797700,-42.114761,-41.948827
639.850000,-41.706738,-42.024872,-41.857777
639.900000,-41.615230,-41.934429,-41.766215
639.950000,-41.523311,-41.843570,-41.674273
640.000000,-41.431099,-41.752414,-41.582069
640.050000,-41.338698,-41.661068,-41.489702
640.100000,-41.246196,-41.569623,-41.397259
640.150000,-41.153671,-41.478156,-41.304817
640.200000,-41.061187,-41.386737,-41.212438
640.250000,-40.968801,-41.295422,-41.120179
640.300000,-40.876560,-41.204261,-41.028084
640.350000,-40.784503,-41.113295,-40.936191
640.400000,-40.692661,-41.022557,-40.844532
640.450000,-40.601060,-40.932074,-40.753132
640.500000,-40.509720,-40.841868,-40.662009
640.550000,-40.418655,-40.751956,-40.571178
640.600000,-40.327875,-40.662347,-40.480647
640.650000,-40.237386,-40.573051,-40.390423
640.700000,-40.147190,-40.484069,-40.300506
640.750000,-40.057284,-40.395402,-40.210895
640.800000,-39.967664,-40.307047,-40.121585
640.850000,-39.878323,-40.218998,-40.032569
640.900000,-39.789251,-40.131246,-39.943836
640.950000,-39.700435,-40.043780,-39.855375
641.000000,-39.611862,-39.956588,-39.767170
641.050000,-39.523513,-39.869654,-39.679205
641.100000,-39.435372,-39.782962,-39.591464
641.150000,-39.347419,-39.696493,-39.503925
641.200000,-39.259632,-39.610228,-39.416568
641.250000,-39.171988,-39.524145,-39.329370
641.300000,-39.084464,-39.438223,-39.242308
641.350000,-38.997033,-39.352436,-39.155357
641.400000,-38.909670,-39.266760,-39.068489
641.450000,-38.822346,-39.181169,-38.981679
641.500000,-38.735031,-39.095635,-38.894896
641.550000,-38.647697,-39.010130,-38.808112
641.600000,-38.560310,-38.924625,-38.721295
641.650000,-38.472838,-38.839088,-38.634412
641.700000,-38.385248,-38.753487,-38.547431
641.750000,-38.297503,-38.667790,-38.460318
641.800000,-38.209568,-38.581963,-38.373035
641.850000,-38.121404,-38.495970,-38.285547
641.900000,-38.032972,-38.409774,-38.197814
641.950000,-37.944231,-38.323338,-38.109798
642.000000,-37.855140,-38.236623,-38.021456
642.050000,-37.765653,-38.149587,-37.932747
642.100000,-37.675726,-38.062187,-37.843624
642.150000,-37.585310,-37.974381,-37.754042
642.200000,-37.494356,-37.886121,-37.663953
642.250000,-37.402811,-37.797359,-37.573304
642.300000,-37.310620,-37.708046,-37.482044
642.350000,-37.217727,-37.618129,-37.390116
642.400000,-37.124072,-37.527553,-37.297463
642.450000,-37.029590,-37.436259,-37.204023
642.500000,-36.934217,-37.344188,-37.109731
642.550000,-36.837881,-37.251276,-37.014521
642.600000,-36.740508,-37.157454,-36.918319
642.650000,-36.642020,-37.062652,-36.821050
642.700000,-36.542334,-36.966793,-36.722633
642.750000,-36.441360,-36.869799,-36.622983
642.800000,-36.339005,-36.771583,-36.522007
642.850000,-36.235166,-36.672053,-36.419610
642.900000,-36.129736,-36.571114,-36.315686
642.950000,-36.022599,-36.468661,-36.210123
643.000000,-35.913630,-36.364581,-36.102801
643.050000,-35.802695,-36.258755,-35.993591
643.100000,-35.689648,-36.151053,-35.882353
643.150000,-35.574332,-36.041334,-35.768935
643.200000,-35.456576,-35.929448,-35.653174
643.250000,-35.336196,-35.815228,-35.534892
643.300000,-35.212987,-35.698495,-35.413893
643.350000,-35.086728,-35.579053,-35.289965
643.400000,-34.957176,-35.456687,-35.162874
643.450000,-34.824064,-35.331161,-35.032365
643.500000,-34.687096,-35.202215,-34.898154
643.550000,-34.545943,-35.069562,-34.759928
643.600000,-34.400244,-34.932882,-34.617339
643.650000,-34.249592,-34.791821,-34.469998
643.700000,-34.093534,-34.645983,-34.317475
643.750000,-33.931560,-34.494925,-34.159281
643.800000,-33.763098,-34.338147,-33.994871
643.850000,-33.587497,-34.175087,-33.823624
643.900000,-33.404019,-34.005106,-33.644838
643.950000,-33.211820,-33.827473,-33.457708
644.000000,-33.009930,-33.641356,-33.261314
644.050000,-32.797232,-33.445795,-33.054594
644.100000,-32.572431,-33.239679,-32.836317
644.150000,-32.334013,-33.021715,-32.605049
644.200000,-32.080203,-32.790393,-32.359108
644.250000,-31.808902,-32.543929,-32.096507
644.300000,-31.517614,-32.280211,-31.814885
644.350000,-31.203345,-31.996713,-31.511416
644.400000,-30.862480,-31.690396,-31.182688
644.450000,-30.490617,-31.357571,-30.824554
644.500000,-30.082344,-30.993720,-30.431921
644.550000,-29.630956,-30.593268,-29.998487
644.600000,-29.128064,-30.149265,-29.516375
644.650000,-28.563074,-29.652969,-28.975657
644.700000,-27.922499,-29.093292,-28.363704
644.750000,-27.189029,-28.456052,-27.664330
644.800000,-26.340346,-27.723017,-26.856685
644.850000,-25.347654,-26.870712,-25.913893
644.900000,-24.174133,-25.869111,-24.801585
644.950000,-22.773888,-24.680642,-23.476876
645.000000,-21.093080,-23.260682,-21.889270
645.050000,-19.076905,-21.562229,-19.986802
645.100000,-16.688685,-19.549485,-17.733147
645.150000,-13.946139,-17.224759,-15.140545
645.200000,-10.964501,-14.663075,-12.310006
645.250000,-7.969391,-12.029186,-9.445979
645.300000,-5.248478,-9.551157,-6.816128
645.350000,-3.064021,-7.458514,-4.672805
645.400000,-1.581050,-5.921239,-3.184385
645.450000,-0.849043,-5.021999,-2.412802
645.500000,-0.830432,-4.765351,-2.334832
645.550000,-1.442099,-5.104319,-2.878498
645.600000,-2.585784,-5.965261,-3.952028
645.650000,-4.163163,-7.263957,-5.459828
645.700000,-6.080885,-8.913988,-7.309063
645.750000,-8.251274,-10.830702,-9.411720
645.800000,-10.592267,-12.933405,-11.685391
645.850000,-13.028440,-15.147424,-14.054627
645.900000,-15.493706,-17.406814,-16.453536
645.950000,-17.934636,-19.657249,-18.828806
646.000000,-20.311999,-21.857586,-21.141143
646.050000,-22.599017,-23.978947,-23.363726
646.100000,-24.777400,-26.001781,-25.478561
646.150000,-26.833507,-27.912538,-27.472772
646.200000,-28.756085,-29.701221,-29.336235
646.250000,-30.535778,-31.360239,-31.060809
646.300000,-32.165762,-32.884312,-32.640691
646.350000,-33.642711,-34.270893,-34.073179
646.400000,-34.967423,-35.520560,-35.359226
646.450000,-36.144761,-36.637058,-36.503439
646.500000,-37.182954,-37.626887,-37.513505
646.550000,-38.092517,-38.498577,-38.399268
646.600000,-38.885137,-39.261853,-39.171726
646.650000,-39.572737,-39.926888,-39.842172
646.700000,-40.166823,-40.503715,-40.421577
646.750000,-40.678093,-41.001855,-40.920200
646.800000,-41.116259,-41.430096,-41.347406
646.850000,-41.490006,-41.796408,-41.711601
646.900000,-41.807025,-42.107938,-42.020258
646.950000,-42.074097,-42.371043,-42.279981
647.000000,-42.297180,-42.591357,-42.496587
647.050000,-42.481509,-42.773859,-42.675192
647.100000,-42.631681,-42.922947,-42.820297
647.150000,-42.751736,-43.042502,-42.935859
647.200000,-42.845227,-43.135954,-43.025363
647.250000,-42.915286,-43.206331,-43.091880
647.300000,-42.964670,-43.256311,-43.138116
647.350000,-42.995815,-43.288266,-43.166463
647.400000,-43.010874,-43.304295,-43.179033
647.450000,-43.011748,-43.306259,-43.177696
647.500000,-43.000123,-43.295809,-43.164105
647.550000,-42.977490,-43.274411,-43.139726
647.600000,-42.945172,-43.243365,-43.105858
647.650000,-42.904341,-43.203827,-43.063654
647.700000,-42.856039,-43.156827,-43.014136
647.750000,-42.801189,-43.103277,-42.958211
647.800000,-42.740612,-43.043991,-42.896685
647.850000,-42.675034,-42.979691,-42.830274
647.900000,-42.605103,-42.911020,-42.759612
647.950000,-42.531393,-42.838551,-42.685264
648.000000,-42.454413,-42.762790,-42.607730
648.050000,-42.374615,-42.684190,-42.527453
648.100000,-42.292401,-42.603152,-42.444829
648.150000,-42.208126,-42.520034,-42.360205
648.200000,-42.122104,-42.435150,-42.273892
648.250000,-42.034615,-42.348780,-42.186162
648.300000,-41.945904,-42.261174,-42.097258
648.350000,-41.856190,-42.172551,-42.007392
648.400000,-41.765662,-42.083103,-41.916753
648.450000,-41.674491,-41.993002,-41.825506
648.500000,-41.582823,-41.902397,-41.733796
648.550000,-41.490788,-41.811420,-41.641749
648.600000,-41.398498,-41.720186,-41.549477
648.650000,-41.306052,-41.628795,-41.457074
648.700000,-41.213533,-41.537334,-41.364623
648.750000,-41.121015,-41.445876,-41.272196
648.800000,-41.028560,-41.354488,-41.179854
648.850000,-40.936220,-41.263222,-41.087647
648.900000,-40.844040,-41.172125,-40.995619
648.950000,-40.752055,-41.081236,-40.903806
649.000000,-40.660296,-40.990585,-40.812236
649.050000,-40.568785,-40.900198,-40.720931
649.100000,-40.477540,-40.810094,-40.629910
649.150000,-40.386575,-40.720287,-40.539183
649.200000,-40.295897,-40.630788,-40.448760
649.250000,-40.205511,-40.541602,-40.358644
649.300000,-40.115417,-40.452731,-40.268835
649.350000,-40.025613,-40.364175,-40.179331
649.400000,-39.936092,-40.275928,-40.090126
649.450000,-39.846847,-40.187985,-40.001211
649.500000,-39.757867,-40.100335,-39.912575
649.550000,-39.669138,-40.012967,-39.824206
649.600000,-39.580645,-39.925868,-39.736087
649.650000,-39.492372,-39.839021,-39.648203
649.700000,-39.404300,-39.752410,-39.560535
649.750000,-39.316407,-39.666015,-39.473063
649.800000,-39.228673,-39.579816,-39.385764
649.850000,-39.141074,-39.493792,-39.298617
649.900000,-39.053585,-39.407920,-39.211597
649.950000,-38.966182,-39.322175,-39.124678
650.000000,-38.878835,-39.236532,-39.037834
650.050000,-38.791518,-39.150964,-38.951036
650.100000,-38.704199,-39.065444,-38.864256
650.150000,-38.616850,-38.979942,-38.777464
650.200000,-38.529437,-38.894429,-38.690627
650.250000,-38.441927,-38.808873,-38.603713
650.300000,-38.354285,-38.723242,-38.516689
650.350000,-38.266477,-38.637502,-38.429520
650.400000,-38.178465,-38.551620,-38.342168
650.450000,-38.090211,-38.465560,-38.254598
650.500000,-38.001675,-38.379284,-38.166770
650.550000,-37.912815,-38.292753,-38.078643
650.600000,-37.823589,-38.205929,-37.990176
650.650000,-37.733952,-38.118769,-37.901326
650.700000,-37.643858,-38.031231,-37.812047
650.750000,-37.553257,-37.943269,-37.722291
650.800000,-37.462100,-37.854838,-37.632010
650.850000,-37.370333,-37.765887,-37.541151
650.900000,-37.277901,-37.676367,-37.449661
650.950000,-37.184745,-37.586223,-37.357484
651.000000,-37.090805,-37.495400,-37.264560
651.050000,-36.996016,-37.403839,-37.170826
651.100000,-36.900311,-37.311478,-37.076218
651.150000,-36.803617,-37.218252,-36.980665
651.200000,-36.705860,-37.124092,-36.884095
651.250000,-36.606959,-37.028926,-36.786430
651.300000,-36.506828,-36.932675,-36.687588
651.350000,-36.405377,-36.835259,-36.587480
651.400000,-36.302510,-36.736590,-36.486014
651.450000,-36.198122,-36.636574,-36.383089
651.500000,-36.092103,-36.535112,-36.278599
651.550000,-35.984333,-36.432097,-36.172429
651.600000,-35.874685,-36.327415,-36.064456
651.650000,-35.763021,-36.220941,-35.954546
651.700000,-35.649192,-36.112544,-35.842556
651.750000,-35.533034,-36.002077,-35.728330
651.800000,-35.414373,-35.889386,-35.611700
651.850000,-35.293018,-35.774300,-35.492481
651.900000,-35.168758,-35.656634,-35.370473
651.950000,-35.041365,-35.536184,-35.245455
652.000000,-34.910588,-35.412731,-35.117188
652.050000,-34.776149,-35.286028,-34.985406
652.100000,-34.637742,-35.155807,-34.849814
652.150000,-34.495027,-35.021769,-34.710088
652.200000,-34.347627,-34.883584,-34.565867
652.250000,-34.195120,-34.740884,-34.416748
652.300000,-34.037035,-34.593256,-34.262281
652.350000,-33.872839,-34.440238,-34.101958
652.400000,-33.701934,-34.281310,-33.935208
652.450000,-33.523641,-34.115882,-33.761384
652.500000,-33.337185,-33.943287,-33.579748
652.550000,-33.141681,-33.762759,-33.389458
652.600000,-32.936110,-33.573424,-33.189547
652.650000,-32.719296,-33.374270,-32.978896
652.700000,-32.489871,-33.164128,-32.756206
652.750000,-32.246236,-32.941632,-32.519963
652.800000,-31.986507,-32.705182,-32.268383
652.850000,-31.708456,-32.452886,-31.999355
652.900000,-31.409423,-32.182495,-31.710368
652.950000,-31.086211,-31.891316,-31.398403
653.000000,-30.734949,-31.576097,-31.059808
653.050000,-30.350905,-31.232879,-30.690128
653.100000,-29.928250,-30.856803,-30.283879
653.150000,-29.459732,-30.441847,-29.834247
653.200000,-28.936252,-29.980483,-29.332697
653.250000,-28.346285,-29.463212,-28.768428
653.300000,-27.675112,-28.877949,-28.127665
653.350000,-26.903805,-28.209205,-27.392716
653.400000,-26.007936,-27.437042,-26.540771
653.450000,-24.956048,-26.535819,-25.542467
653.500000,-23.708173,-25.472918,-24.360494
653.550000,-22.215285,-24.208082,-22.948999
653.600000,-20.421940,-22.694975,-21.255843
653.650000,-18.276708,-20.888371,-19.231863
653.700000,-15.757141,-18.762156,-16.853331
653.750000,-12.911026,-16.340554,-14.159661
653.800000,-9.894037,-13.730260,-11.289274
653.850000,-6.962269,-11.123806,-8.476374
653.900000,-4.404790,-8.757672,-5.992762
653.950000,-2.455372,-6.846076,-4.067029
654.000000,-1.237324,-5.529179,-2.829812
654.050000,-0.764713,-4.859608,-2.309096
654.100000,-0.979431,-4.820483,-2.460372
654.150000,-1.790392,-5.352988,-3.202054
654.200000,-3.098247,-6.378370,-4.439794
654.250000,-4.806179,-7.810971,-6.078541
654.300000,-6.822854,-9.564681,-8.027048
654.350000,-9.062556,-11.556028,-10.199189
654.400000,-11.445364,-13.706181,-12.514796
654.450000,-13.898768,-15.943209,-14.901444
654.500000,-16.360809,-18.204970,-17.297370
654.550000,-18.783058,-20.441732,-19.654197
654.600000,-21.131042,-22.616921,-21.937356
654.650000,-23.381474,-24.705343,-24.123609
654.700000,-25.518080,-26.689922,-26.197140
654.750000,-27.528221,-28.558574,-28.146228
654.800000,-29.401297,-30.302218,-29.961466
654.850000,-31.128739,-31.914053,-31.635461
654.900000,-32.704852,-33.389706,-33.163418
654.950000,-34.127730,-34.727703,-34.543887
655.000000,-35.399648,-35.929758,-35.779143
655.050000,-36.526765,-37.000659,-36.874971
655.100000,-37.518248,-37.947713,-37.839935
655.150000,-38.385148,-38.779968,-38.684397
655.200000,-39.139329,-39.507386,-39.419546
655.250000,-39.792627,-40.140145,-40.056619
655.300000,-40.356293,-40.688131,-40.606368
655.350000,-40.840691,-41.160624,-41.078750
655.400000,-41.255168,-41.566127,-41.482793
655.450000,-41.608052,-41.912319,-41.826567
655.500000,-41.906702,-42.206060,-42.117232
655.550000,-42.157598,-42.453446,-42.361102
655.600000,-42.366433,-42.659869,-42.563736
655.650000,-42.538205,-42.830097,-42.730027
655.700000,-42.677306,-42.968337,-42.864272
655.750000,-42.787597,-43.078304,-42.970257
655.800000,-42.872476,-43.163279,-43.051312
655.850000,-42.934935,-43.226164,-43.110375
655.900000,-42.977616,-43.269523,-43.150035
655.950000,-43.002848,-43.295627,-43.172583
656.000000,-43.012692,-43.306487,-43.180039
656.050000,-43.008970,-43.303889,-43.174196
656.100000,-42.993296,-43.289414,-43.156636
656.150000,-42.967100,-43.264467,-43.128766
656.200000,-42.931648,-43.230297,-43.091829
656.250000,-42.888067,-43.188013,-43.046932
656.300000,-42.837352,-43.138601,-42.995053
656.350000,-42.780391,-43.082937,-42.937063
656.400000,-42.717968,-43.021802,-42.873734
656.450000,-42.650783,-42.955888,-42.805753
656.500000,-42.579455,-42.885814,-42.733728
656.550000,-42.504535,-42.812127,-42.658200
656.600000,-42.426511,-42.735314,-42.579649
656.650000,-42.345816,-42.655810,-42.498501
656.700000,-42.262836,-42.573999,-42.415133
656.750000,-42.177909,-42.490222,-42.329879
656.800000,-42.091339,-42.404783,-42.243035
656.850000,-42.003392,-42.317950,-42.154865
656.900000,-41.914303,-42.229961,-42.065598
656.950000,-41.824280,-42.141025,-41.975439
657.000000,-41.733507,-42.051328,-41.884567
657.050000,-41.642144,-41.961032,-41.793141
657.100000,-41.550333,-41.870282,-41.701298
657.150000,-41.458195,-41.779202,-41.609159
657.200000,-41.365839,-41.687901,-41.516830
657.250000,-41.273358,-41.596476,-41.424401
657.300000,-41.180832,-41.505007,-41.331951
657.350000,-41.088329,-41.413567,-41.239547
657.400000,-40.995909,-41.322216,-41.147247
657.450000,-40.903621,-41.231005,-41.055099
657.500000,-40.811505,-41.139977,-40.963143
657.550000,-40.719597,-41.049168,-40.871412
657.600000,-40.627923,-40.958608,-40.779933
657.650000,-40.536504,-40.868318,-40.688726
657.700000,-40.445356,-40.778318,-40.597808
657.750000,-40.354491,-40.688618,-40.507187
657.800000,-40.263916,-40.599229,-40.416872
657.850000,-40.173633,-40.510154,-40.326864
657.900000,-40.083641,-40.421394,-40.237164
657.950000,-39.993938,-40.332948,-40.147765
658.000000,-39.904515,-40.244809,-40.058663
658.050000,-39.815365,-40.156970,-39.969848
658.100000,-39.726475,-40.069421,-39.881307
658.150000,-39.637831,-39.982149,-39.793028
658.200000,-39.549417,-39.895141,-39.704994
658.250000,-39.461217,-39.808379,-39.617188
658.300000,-39.373210,-39.721846,-39.529591
658.350000,-39.285376,-39.635522,-39.442183
658.400000,-39.197692,-39.549388,-39.354940
658.450000,-39.110134,-39.463420,-39.267840
658.500000,-39.022678,-39.377595,-39.180858
658.550000,-38.935297,-39.291888,-39.093968
658.600000,-38.847964,-39.206275,-39.007144
658.650000,-38.760649,-39.120726,-38.920355
658.700000,-38.673323,-39.035215,-38.833574
658.750000,-38.585954,-38.949713,-38.746769
658.800000,-38.498510,-38.864187,-38.659909
658.850000,-38.410958,-38.778608,-38.572959
658.900000,-38.323261,-38.692943,-38.485888
658.950000,-38.235385,-38.607157,-38.398658
659.000000,-38.147291,-38.521215,-38.311233
659.050000,-38.058942,-38.435082,-38.223576
659.100000,-37.970295,-38.348720,-38.135646
659.150000,-37.881311,-38.262090,-38.047404
659.200000,-37.791944,-38.175152,-37.958806
659.250000,-37.702151,-38.087863,-37.869809
659.300000,-37.611883,-38.000180,-37.780366
659.350000,-37.521091,-37.912057,-37.690430
659.400000,-37.429724,-37.823447,-37.599950
659.450000,-37.337728,-37.734301,-37.508875
659.500000,-37.245047,-37.644566,-37.417148
659.550000,-37.151621,-37.554188,-37.324713
659.600000,-37.057388,-37.463111,-37.231510
659.650000,-36.962282,-37.371274,-37.137474
659.700000,-36.866235,-37.278614,-37.042540
659.750000,-36.769174,-37.185066,-36.946636
659.800000,-36.671021,-37.090558,-36.849687
659.850000,-36.571695,-36.995017,-36.751615
659.900000,-36.471108,-36.898364,-36.652336
659.950000,-36.369167,-36.800515,-36.551758
660.000000,-36.265774,-36.701380,-36.449788
660.050000,-36.160822,-36.600864,-36.346322
660.100000,-36.054198,-36.498866,-36.241251
660.150000,-35.945779,-36.395274,-36.134458
660.200000,-35.835434,-36.289973,-36.025815
660.250000,-35.723022,-36.182835,-35.915186
660.300000,-35.608388,-36.073722,-35.802424
660.350000,-35.491366,-35.962487,-35.687367
660.400000,-35.371775,-35.848969,-35.569843
660.450000,-35.249417,-35.732992,-35.449662
660.500000,-35.124076,-35.614366,-35.326615
660.550000,-34.995516,-35.492880,-35.200477
660.600000,-34.863477,-35.368307,-35.070999
660.650000,-34.727671,-35.240392,-34.937904
660.700000,-34.587781,-35.108856,-34.800889
660.750000,-34.443455,-34.973392,-34.659617
660.800000,-34.294299,-34.833654,-34.513712
660.850000,-34.139876,-34.689260,-34.362755
660.900000,-33.979693,-34.539781,-34.206278
660.950000,-33.813197,-34.384736,-34.043751
661.000000,-33.639761,-34.223580,-33.874577
661.050000,-33.458675,-34.055699,-33.698080
661.100000,-33.269127,-33.880391,-33.513486
661.150000,-33.070187,-33.696855,-33.319911
661.200000,-32.860784,-33.504170,-33.116338
661.250000,-32.639677,-33.301274,-32.901588
661.300000,-32.405423,-33.086930,-32.674292
661.350000,-32.156328,-32.859696,-32.432844
661.400000,-31.890394,-32.617875,-32.175353
661.450000,-31.605252,-32.359457,-31.899579
661.500000,-31.298066,-32.082049,-31.602840
661.550000,-30.965417,-31.782773,-31.281912
661.600000,-30.603154,-31.458147,-30.932882
661.650000,-30.206187,-31.103919,-30.550958
661.700000,-29.768227,-30.714851,-30.130225
661.750000,-29.281425,-30.284435,-29.663313
661.800000,-28.735896,-29.804504,-29.140953
661.850000,-28.119087,-29.264727,-28.551388
661.900000,-27.414921,-28.651918,-27.879576
661.950000,-26.602686,-27.949147,-27.106167
662.000000,-25.655651,-27.134610,-26.206205
662.050000,-24.539499,-26.180334,-25.147660
662.100000,-23.211024,-25.051008,-23.890181
662.150000,-21.618353,-23.703853,-22.385190
662.200000,-19.705670,-22.091664,-20.579999
662.250000,-17.428007,-20.173203,-18.431018
662.300000,-14.782486,-17.936058,-15.931989
662.350000,-11.852164,-15.430730,-13.154418
662.400000,-8.832455,-12.796236,-10.273980
662.450000,-6.001119,-10.247465,-7.547048
662.500000,-3.637045,-8.020654,-5.238970
662.550000,-1.938349,-6.307976,-3.547465
662.600000,-0.986956,-5.218136,-2.564972
662.650000,-0.766456,-4.776167,-2.289561
662.700000,-1.203216,-4.947307,-2.659977
662.750000,-2.201234,-5.663654,-3.588051
662.800000,-3.661362,-6.842940,-4.978308
662.850000,-5.488612,-8.398841,-6.736768
662.900000,-7.593662,-10.245923,-8.773912
662.950000,-9.892769,-12.302132,-11.005595
663.000000,-12.308355,-14.490782,-13.354116
663.050000,-14.771239,-16.743058,-15.750452
663.100000,-17.223992,-19.000969,-18.137341
663.150000,-19.623253,-21.219486,-20.471403
663.200000,-21.938948,-23.366374,-22.722479
663.250000,-24.150742,-25.419708,-24.870406
663.300000,-26.243947,-27.364487,-26.901127
663.350000,-28.206735,-29.189846,-28.803856
663.400000,-30.029161,-30.887538,-30.569873
663.450000,-31.703559,-32.451574,-32.192613
663.500000,-33.225486,-33.878553,-33.668388
663.550000,-34.594506,-35.168115,-34.997054
663.600000,-35.814337,-36.323099,-36.182181
663.650000,-36.892321,-37.349261,-37.230639
663.700000,-37.838422,-38.254621,-38.151745
663.750000,-38.664093,-39.048641,-38.956255
663.800000,-39.381268,-39.741428,-39.655454
663.850000,-40.001625,-40.343105,-40.260455
663.900000,-40.536128,-40.863373,-40.781754
663.950000,-40.994785,-41.311247,-41.228988
664.000000,-41.386581,-41.694942,-41.610844
664.050000,-41.719493,-42.021843,-41.935066
664.100000,-42.000559,-42.298533,-42.208502
664.150000,-42.235968,-42.530851,-42.437191
664.200000,-42.431158,-42.723961,-42.626447
664.250000,-42.590904,-42.882423,-42.780942
664.300000,-42.719402,-43.010264,-42.904786
664.350000,-42.820341,-43.111039,-43.001596
664.400000,-42.896969,-43.187890,-43.074558
664.450000,-42.952149,-43.243593,-43.126480
664.500000,-42.988408,-43.280604,-43.159842
664.550000,-43.007976,-43.301100,-43.176834
664.600000,-43.012826,-43.307009,-43.179395
664.650000,-43.004703,-43.300039,-43.169237
664.700000,-42.985154,-43.281709,-43.147879
664.750000,-42.955548,-43.253366,-43.116668
664.800000,-42.917100,-43.216207,-43.076797
664.850000,-42.870888,-43.171295,-43.029325
664.900000,-42.817869,-43.119577,-42.975191
664.950000,-42.758891,-43.061894,-42.915229
665.000000,-42.694709,-42.998994,-42.850181
665.050000,-42.625992,-42.931543,-42.780704
665.100000,-42.553334,-42.860131,-42.707382
665.150000,-42.477263,-42.785286,-42.630734
665.200000,-42.398248,-42.707475,-42.551218
665.250000,-42.316703,-42.627113,-42.469244
665.300000,-42.232998,-42.544570,-42.385172
665.350000,-42.147458,-42.460173,-42.299325
665.400000,-42.060372,-42.374212,-42.211983
665.450000,-41.971995,-42.286944,-42.123400
665.500000,-41.882554,-42.198598,-42.033796
665.550000,-41.792246,-42.109373,-41.943365
665.600000,-41.701247,-42.019446,-41.852280
665.650000,-41.609710,-41.928975,-41.760692
665.700000,-41.517770,-41.838094,-41.668731
665.750000,-41.425544,-41.746924,-41.576514
665.800000,-41.333134,-41.655569,-41.484140
665.850000,-41.240628,-41.564120,-41.391695
665.900000,-41.148103,-41.472654,-41.299254
665.950000,-41.055623,-41.381239,-41.206881
666.000000,-40.963244,-41.289931,-41.114629
666.050000,-40.871013,-41.198780,-41.022545
666.100000,-40.778967,-41.107826,-40.930665
666.150000,-40.687138,-41.017102,-40.839020
666.200000,-40.595552,-40.926635,-40.747636
666.250000,-40.504228,-40.836446,-40.656529
666.300000,-40.413179,-40.746551,-40.565715
666.350000,-40.322416,-40.656960,-40.475202
666.400000,-40.231943,-40.567681,-40.384995
666.450000,-40.141763,-40.478718,-40.295096
666.500000,-40.051874,-40.390069,-40.205503
666.550000,-39.962271,-40.301732,-40.116210
666.600000,-39.872946,-40.213701,-40.027211
666.650000,-39.783889,-40.125965,-39.938494
666.700000,-39.695087,-40.038516,-39.850047
666.750000,-39.606527,-39.951339,-39.761857
666.800000,-39.518191,-39.864419,-39.673905
666.850000,-39.430061,-39.777740,-39.586176
666.900000,-39.342117,-39.691283,-39.498647
666.950000,-39.254338,-39.605029,-39.411300
667.000000,-39.166702,-39.518956,-39.324110
667.050000,-39.079183,-39.433041,-39.237055
667.100000,-38.991756,-39.347261,-39.150108
667.150000,-38.904396,-39.261590,-39.063245
667.200000,-38.817072,-39.176002,-38.976436
667.250000,-38.729757,-39.090471,-38.889653
667.300000,-38.642419,-39.004966,-38.802867
667.350000,-38.555027,-38.919458,-38.716046
667.400000,-38.467549,-38.833918,-38.629158
667.450000,-38.379949,-38.748312,-38.542169
667.500000,-38.292193,-38.662607,-38.455045
667.550000,-38.204244,-38.576770,-38.367750
667.600000,-38.116064,-38.490765,-38.280248
667.650000,-38.027614,-38.404555,-38.192498
667.700000,-37.938853,-38.318103,-38.104463
667.750000,-37.849738,-38.231368,-38.016100
667.800000,-37.760225,-38.144310,-37.927366
667.850000,-37.670269,-38.056887,-37.838216
667.900000,-37.579822,-37.969053,-37.748604
667.950000,-37.488832,-37.880764,-37.658481
668.000000,-37.397249,-37.791970,-37.567797
668.050000,-37.305017,-37.702621,-37.476497
668.100000,-37.212079,-37.612665,-37.384527
668.150000,-37.118374,-37.522046,-37.291827
668.200000,-37.023840,-37.430707,-37.198336
668.250000,-36.928410,-37.338586,-37.103990
668.300000,-36.832012,-37.245620,-37.008721
668.350000,-36.734574,-37.151740,-36.912456
668.400000,-36.636015,-37.056875,-36.815119
668.450000,-36.536253,-36.960950,-36.716630
668.500000,-36.435198,-36.863883,-36.616901
668.550000,-36.332755,-36.765590,-36.515842
668.600000,-36.228822,-36.665977,-36.413354
668.650000,-36.123292,-36.564949,-36.309334
668.700000,-36.016047,-36.462399,-36.203667
668.750000,-35.906962,-36.358217,-36.096234
668.800000,-35.795903,-36.252280,-35.986905
668.850000,-35.682722,-36.144460,-35.875538
668.900000,-35.567263,-36.034614,-35.761983
668.950000,-35.449353,-35.922590,-35.646074
669.000000,-35.328806,-35.808222,-35.527632
669.050000,-35.205419,-35.691331,-35.406461
669.100000,-35.078967,-35.571718,-35.282348
669.150000,-34.949207,-35.449167,-35.155058
669.200000,-34.815869,-35.323441,-35.024332
669.250000,-34.678656,-35.194278,-34.889886
669.300000,-34.537239,-35.061389,-34.751405
669.350000,-34.391251,-34.924454,-34.608539
669.400000,-34.240284,-34.783114,-34.460897
669.450000,-34.083882,-34.636973,-34.308043
669.500000,-33.921532,-34.485582,-34.149489
669.550000,-33.752656,-34.328441,-33.984682
669.600000,-33.576599,-34.164980,-33.812999
669.650000,-33.392617,-33.994555,-33.633731
669.700000,-33.199859,-33.816433,-33.446067
669.750000,-32.997347,-33.629772,-33.249078
669.800000,-32.783954,-33.433604,-33.041694
669.850000,-32.558372,-33.226808,-32.822672
669.900000,-32.319075,-33.008080,-32.590565
669.950000,-32.064267,-32.775893,-32.343673
670.000000,-31.791830,-32.528447,-32.079990
670.050000,-31.499239,-32.263606,-31.797129
670.100000,-31.183468,-31.978817,-31.492233
670.150000,-30.840858,-31.671006,-31.161849
670.200000,-30.466953,-31.336437,-30.801779
670.250000,-30.056273,-30.970539,-30.406867
670.300000,-29.602021,-30.567661,-29.970724
670.350000,-29.095692,-30.120757,-29.485366
670.400000,-28.526538,-29.620963,-28.940721
670.450000,-27.880870,-29.057024,-28.323971
670.500000,-27.141111,-28.414544,-27.618683
670.550000,-26.284593,-27.675009,-26.803682
670.600000,-25.282081,-26.814583,-25.851678
670.650000,-24.096220,-25.802807,-24.727807
670.700000,-22.680568,-24.601641,-23.388667
670.750000,-20.980944,-23.166122,-21.783418
670.800000,-18.942939,-21.449424,-19.860413
670.850000,-16.531969,-19.417152,-17.585173
670.900000,-13.770512,-17.075052,-14.974227
670.950000,-10.780669,-14.503456,-12.134908
671.000000,-7.793812,-11.872182,-9.277213
671.050000,-5.098677,-9.411337,-6.670262
671.100000,-2.953242,-7.348353,-4.562918
671.150000,-1.515456,-5.848290,-3.117206
671.200000,-0.828404,-4.988524,-2.388987
671.250000,-0.850619,-4.769682,-2.351050
671.300000,-1.497366,-5.142540,-2.929524
671.350000,-2.670085,-6.032453,-4.032077
671.400000,-4.270679,-7.354887,-5.563157
671.450000,-6.206142,-9.023449,-7.430193
671.500000,-8.389136,-10.953672,-9.545488
671.550000,-10.737955,-13.065162,-11.827005
671.600000,-13.177649,-15.283694,-14.199792
671.650000,-15.642809,-17.543949,-16.598635
671.700000,-18.080853,-19.792376,-18.971062
671.750000,-20.453387,-21.988630,-21.278605
671.800000,-22.734270,-24.104493,-23.495094
671.850000,-24.905593,-26.120869,-25.602943
671.900000,-26.953903,-28.024479,-27.589492
671.950000,-28.868062,-29.805493,-29.444744
672.000000,-30.638841,-31.456453,-31.160682
672.050000,-32.259601,-32.972233,-32.731670
672.100000,-33.727256,-34.350465,-34.155216
672.150000,-35.042858,-35.591922,-35.432499
672.200000,-36.211499,-36.700533,-36.568335
672.250000,-37.241579,-37.682942,-37.570571
672.300000,-38.143715,-38.547776,-38.449147
672.350000,-38.929632,-39.304807,-39.215101
672.400000,-39.611245,-39.964214,-39.879723
672.450000,-40.200016,-40.536009,-40.453949
672.500000,-40.706590,-41.029670,-40.947987
672.550000,-41.140616,-41.453940,-41.371145
672.600000,-41.510715,-41.816737,-41.731771
672.650000,-41.824524,-42.125159,-42.037283
672.700000,-42.088768,-42.385517,-42.294235
672.750000,-42.309361,-42.603404,-42.508399
672.800000,-42.491495,-42.783762,-42.684852
672.850000,-42.639732,-42.930955,-42.828059
672.900000,-42.758081,-43.048835,-42.941947
672.950000,-42.850067,-43.140806,-43.029975
673.000000,-42.918797,-43.209874,-43.095189
673.050000,-42.967010,-43.258697,-43.140276
673.100000,-42.997122,-43.289630,-43.167610
673.150000,-43.011269,-43.304756,-43.179286
673.200000,-43.011340,-43.305922,-43.177161
673.250000,-42.999007,-43.294769,-43.162876
673.300000,-42.975751,-43.272750,-43.137886
673.350000,-42.942885,-43.241157,-43.103482
673.400000,-42.901573,-43.201140,-43.060806
673.450000,-42.852849,-43.153717,-43.010875
673.500000,-42.797629,-43.099798,-42.954589
673.550000,-42.736728,-43.040188,-42.892747
673.600000,-42.670869,-42.975605,-42.826061
673.650000,-42.600693,-42.906688,-42.755160
673.700000,-42.526771,-42.834005,-42.680605
673.750000,-42.449607,-42.758059,-42.602892
673.800000,-42.369652,-42.679300,-42.522462
673.850000,-42.287303,-42.598127,-42.439707
673.900000,-42.202913,-42.514892,-42.354972
673.950000,-42.116794,-42.429910,-42.268565
674.000000,-42.029224,-42.343459,-42.180757
674.050000,-41.940446,-42.255785,-42.091788
674.100000,-41.850677,-42.167105,-42.001871
674.150000,-41.760105,-42.077613,-41.911190
674.200000,-41.668900,-41.987477,-41.819911
674.250000,-41.577205,-41.896846,-41.728176
674.300000,-41.485151,-41.805850,-41.636112
674.350000,-41.392849,-41.714603,-41.543829
674.400000,-41.300396,-41.623205,-41.451420
674.450000,-41.207875,-41.531741,-41.358968
674.500000,-41.115359,-41.440286,-41.266545
674.550000,-41.022909,-41.348903,-41.174209
674.600000,-40.930577,-41.257646,-41.082011
674.650000,-40.838407,-41.166560,-40.989995
674.700000,-40.746434,-41.075684,-40.898195
674.750000,-40.654689,-40.985048,-40.806640
674.800000,-40.563193,-40.894677,-40.715352
674.850000,-40.471965,-40.804590,-40.624347
674.900000,-40.381016,-40.714801,-40.533639
674.950000,-40.290355,-40.625320,-40.443233
675.000000,-40.199986,-40.536153,-40.353135
675.050000,-40.109909,-40.447301,-40.263345
675.100000,-40.020122,-40.358763,-40.173859
675.150000,-39.930618,-40.270534,-40.084670
675.200000,-39.841389,-40.182608,-39.995772
675.250000,-39.752423,-40.094975,-39.907152
675.300000,-39.663709,-40.007624,-39.818798
675.350000,-39.575229,-39.920539,-39.730694
675.400000,-39.486968,-39.833707,-39.642823
675.450000,-39.398906,-39.747108,-39.555166
675.500000,-39.311024,-39.660725,-39.467704
675.550000,-39.223298,-39.574538,-39.380415
675.600000,-39.135705,-39.488523,-39.293276
675.650000,-39.048222,-39.402658,-39.206262
675.700000,-38.960822,-39.316919,-39.119347
675.750000,-38.873477,-39.231281,-39.032506
675.800000,-38.786159,-39.145716,-38.945710
675.850000,-38.698840,-39.060197,-38.858929
675.900000,-38.611486,-38.974694,-38.772134
675.950000,-38.524067,-38.889179,-38.685293
676.000000,-38.436550,-38.803618,-38.598372
676.050000,-38.348899,-38.717981,-38.511340
676.100000,-38.261078,-38.632233,-38.424159
676.150000,-38.173052,-38.546341,-38.336795
676.200000,-38.084781,-38.460267,-38.249209
676.250000,-37.996225,-38.373976,-38.161363
676.300000,-37.907343,-38.287428,-38.073216
676.350000,-37.818092,-38.200583,-37.984726
676.400000,-37.728428,-38.113401,-37.895850
676.450000,-37.638303,-38.025837,-37.806542
676.500000,-37.547670,-37.937847,-37.716755
676.550000,-37.456476,-37.849385,-37.626439
676.600000,-37.364669,-37.760400,-37.535543
676.650000,-37.272194,-37.670842,-37.444012
676.700000,-37.178991,-37.580658,-37.351790
676.750000,-37.085000,-37.489790,-37.258817
676.800000,-36.990156,-37.398181,-37.165031
676.850000,-36.894391,-37.305768,-37.070366
676.900000,-36.797634,-37.212486,-36.974752
676.950000,-36.699808,-37.118266,-36.878117
677.000000,-36.600833,-37.023035,-36.780381
677.050000,-36.500623,-36.926715,-36.681463
677.100000,-36.399087,-36.829223,-36.581274
677.150000,-36.296129,-36.730473,-36.479720
677.200000,-36.191643,-36.630371,-36.376702
677.250000,-36.085519,-36.528816,-36.272111
677.300000,-35.977638,-36.425702,-36.165834
677.350000,-35.867869,-36.320912,-36.057744
677.400000,-35.756076,-36.214324,-35.947710
677.450000,-35.642107,-36.105802,-35.835587
677.500000,-35.525800,-35.995203,-35.721217
677.550000,-35.406979,-35.882369,-35.604433
677.600000,-35.285450,-35.767129,-35.485047
677.650000,-35.161004,-35.649297,-35.362860
677.700000,-35.033410,-35.528669,-35.237650
677.750000,-34.902415,-35.405022,-35.109174
677.800000,-34.767741,-35.278111,-34.977165
677.850000,-34.629078,-35.147663,-34.841328
677.900000,-34.486086,-35.013380,-34.701336
677.950000,-34.338384,-34.874928,-34.556825
678.000000,-34.185547,-34.731936,-34.407390
678.050000,-34.027101,-34.583989,-34.252577
678.100000,-33.862510,-34.430623,-34.091875
678.150000,-33.691170,-34.271312,-33.924708
678.200000,-33.512397,-34.105463,-33.750425
678.250000,-33.325411,-33.932402,-33.568282
678.300000,-33.129317,-33.751358,-33.377429
678.350000,-32.923090,-33.561449,-33.176890
678.400000,-32.705541,-33.361654,-32.965537
678.450000,-32.475290,-33.150792,-32.742059
678.500000,-32.230721,-32.927486,-32.504925
678.550000,-31.969932,-32.690118,-32.252335
678.600000,-31.690670,-32.436776,-31.982156
678.650000,-31.390247,-32.165188,-31.691847
678.700000,-31.065428,-31.872629,-31.378355
678.750000,-30.712294,-31.555809,-31.037984
678.800000,-30.326054,-31.210719,-30.666223
678.850000,-29.900801,-30.832437,-30.257515
678.900000,-29.429184,-30.414859,-29.804954
678.950000,-28.901973,-29.950350,-29.299881
679.000000,-28.307470,-29.429273,-28.731335
679.050000,-27.630729,-28.839359,-28.085332
679.100000,-26.852524,-28.164877,-27.343900
679.150000,-25.948041,-27.385576,-26.483869
679.200000,-24.885338,-26.475421,-25.475426
679.250000,-23.623888,-25.401331,-24.280735
679.300000,-22.114145,-24.122595,-22.853448
679.350000,-20.300494,-22.592655,-21.141239
679.400000,-18.132392,-20.766803,-19.095696
679.450000,-15.590393,-18.621007,-16.695766
679.500000,-12.728084,-16.183771,-13.986122
679.550000,-9.708191,-13.567426,-11.111759
679.600000,-6.791279,-10.968840,-8.311345
679.650000,-4.265460,-8.625080,-5.856310
679.700000,-2.358739,-6.746962,-3.970321
679.750000,-1.187128,-5.469237,-2.777330
679.800000,-0.759009,-4.839523,-2.299802
679.850000,-1.013227,-4.837574,-2.489993
679.900000,-1.857641,-5.402804,-3.264974
679.950000,-3.192858,-6.455745,-4.530107
680.000000,-4.922364,-7.910574,-6.190498
680.050000,-6.955176,-9.681275,-8.155193
680.100000,-9.205921,-11.684607,-10.338402
680.150000,-11.595067,-13.842090,-12.660370
680.200000,-14.050655,-16.082310,-15.049237
680.250000,-16.511488,-18.343823,-17.444000
680.300000,-18.930019,-20.577713,-19.797148
680.350000,-21.272570,-22.748181,-22.074910
680.400000,-23.516408,-24.830633,-24.254619
680.450000,-25.645563,-26.808381,-26.320793
680.500000,-27.647550,-28.669571,-28.261889
680.550000,-29.511880,-30.405271,-30.068619
680.600000,-31.230133,-32.008818,-31.733729
680.650000,-32.796824,-33.476006,-33.252609
680.700000,-34.210298,-34.805550,-34.624033
680.750000,-35.473088,-35.999364,-35.850506
680.800000,-36.591565,-37.062407,-36.938007
680.850000,-37.575046,-38.002120,-37.895241
680.900000,-38.434662,-38.827628,-38.732647
680.950000,-39.182295,-39.548926,-39.461437
681.000000,-39.829759,-40.176186,-40.092831
681.050000,-40.388257,-40.719265,-40.637539
681.100000,-40.868092,-41.187397,-41.105465
681.150000,-41.278547,-41.589037,-41.505574
681.200000,-41.627890,-41.931810,-41.845883
681.250000,-41.923423,-42.222530,-42.133493
681.300000,-42.171573,-42.467245,-42.374671
681.350000,-42.377989,-42.671309,-42.574934
681.400000,-42.547629,-42.839452,-42.739134
681.450000,-42.684850,-42.975849,-42.871536
681.500000,-42.793484,-43.084187,-42.975894
681.550000,-42.876900,-43.167723,-43.055515
681.600000,-42.938069,-43.229335,-43.113311
681.650000,-42.979611,-43.271569,-43.151856
681.700000,-43.003839,-43.296679,-43.173418
681.750000,-43.012798,-43.306662,-43.180007
681.800000,-43.008296,-43.303288,-43.173398
681.850000,-42.991935,-43.288130,-43.155165
681.900000,-42.965133,-43.262581,-43.126702
681.950000,-42.929151,-43.227881,-43.089245
682.000000,-42.885102,-43.185130,-43.043890
682.050000,-42.833979,-43.135309,-42.991611
682.100000,-42.776659,-43.079286,-42.933271
682.150000,-42.713924,-43.017838,-42.869637
682.200000,-42.646466,-42.951651,-42.801390
682.250000,-42.574902,-42.881339,-42.729134
682.300000,-42.499777,-42.807445,-42.653407
682.350000,-42.421576,-42.730455,-42.574684
682.400000,-42.340730,-42.650798,-42.493388
682.450000,-42.257620,-42.568856,-42.409894
682.500000,-42.172584,-42.484968,-42.324534
682.550000,-42.085921,-42.399436,-42.237601
682.600000,-41.997897,-42.312525,-42.149357
682.650000,-41.908744,-42.224471,-42.060029
682.700000,-41.818670,-42.135483,-41.969821
682.750000,-41.727856,-42.045744,-41.878910
682.800000,-41.636461,-41.955416,-41.787454
682.850000,-41.544626,-41.864642,-41.695589
682.900000,-41.452472,-41.773545,-41.603435
682.950000,-41.360105,-41.682234,-41.511097
683.000000,-41.267619,-41.590803,-41.418664
683.050000,-41.175092,-41.499334,-41.326215
683.100000,-41.082592,-41.407897,-41.233816
683.150000,-40.990178,-41.316553,-41.141523
683.200000,-40.897899,-41.225351,-41.049385
683.250000,-40.805795,-41.134336,-40.957442
683.300000,-40.713900,-41.043541,-40.865726
683.350000,-40.622240,-40.952996,-40.774262
683.400000,-40.530837,-40.862724,-40.683073
683.450000,-40.439706,-40.772741,-40.592172
683.500000,-40.348859,-40.683060,-40.501569
683.550000,-40.258301,-40.593689,-40.411273
683.600000,-40.168035,-40.504633,-40.321283
683.650000,-40.078061,-40.415892,-40.231601
683.700000,-39.988374,-40.327465,-40.142221
683.750000,-39.898969,-40.239344,-40.053136
683.800000,-39.809834,-40.151523,-39.964337
683.850000,-39.720959,-40.063991,-39.875813
683.900000,-39.632329,-39.976735,-39.787549
683.950000,-39.543929,-39.889741,-39.699529
684.000000,-39.455740,-39.802994,-39.611736
684.050000,-39.367744,-39.716474,-39.524151
684.100000,-39.279919,-39.630162,-39.436752
684.150000,-39.192243,-39.544038,-39.349518
684.200000,-39.104692,-39.458078,-39.262426
684.250000,-39.017240,-39.372261,-39.175450
684.300000,-38.929863,-39.286560,-39.088564
684.350000,-38.842531,-39.200951,-39.001742
684.400000,-38.755216,-39.115405,-38.914954
684.450000,-38.667887,-39.029895,-38.828172
684.500000,-38.580514,-38.944391,-38.741364
684.550000,-38.493064,-38.858863,-38.654498
684.600000,-38.405502,-38.773279,-38.567541
684.650000,-38.317795,-38.687606,-38.480460
684.700000,-38.229906,-38.601810,-38.393219
684.750000,-38.141797,-38.515858,-38.305780
684.800000,-38.053429,-38.429711,-38.218106
684.850000,-37.964763,-38.343333,-38.130158
684.900000,-37.875755,-38.256684,-38.041894
684.950000,-37.786362,-38.169724,-37.953272
685.000000,-37.696540,-38.082412,-37.864248
685.050000,-37.606240,-37.994702,-37.774775
685.100000,-37.515414,-37.906550,-37.684806
685.150000,-37.424009,-37.817908,-37.594290
685.200000,-37.331971,-37.728725,-37.503175
685.250000,-37.239244,-37.638951,-37.411406
685.300000,-37.145769,-37.548531,-37.318924
685.350000,-37.051483,-37.457408,-37.225670
685.400000,-36.956321,-37.365521,-37.131580
685.450000,-36.860212,-37.272807,-37.036587
685.500000,-36.763085,-37.179201,-36.940619
685.550000,-36.664861,-37.084630,-36.843603
685.600000,-36.565458,-36.989022,-36.745457
685.650000,-36.464789,-36.892296,-36.646099
685.700000,-36.362760,-36.794369,-36.545437
685.750000,-36.259272,-36.695150,-36.443376
685.800000,-36.154219,-36.594545,-36.339813
685.850000,-36.047486,-36.492449,-36.234638
685.900000,-35.938950,-36.388755,-36.127732
685.950000,-35.828481,-36.283342,-36.018969
686.000000,-35.715934,-36.176084,-35.908211
686.050000,-35.601155,-36.066843,-35.795310
686.100000,-35.483978,-35.955470,-35.680105
686.150000,-35.364220,-35.841804,-35.562420
686.200000,-35.241682,-35.725667,-35.442065
686.250000,-35.116147,-35.606868,-35.318833
686.300000,-34.987378,-35.485196,-35.192493
686.350000,-34.855112,-35.360421,-35.062797
686.400000,-34.719060,-35.232288,-34.929466
686.450000,-34.578904,-35.100517,-34.792195
686.500000,-34.434288,-34.964796,-34.650645
686.550000,-34.284816,-34.824779,-34.504438
686.600000,-34.130048,-34.680080,-34.353151
686.650000,-33.969488,-34.530269,-34.196311
686.700000,-33.802578,-34.374858,-34.033387
686.750000,-33.628686,-34.213301,-33.863777
686.800000,-33.447096,-34.044978,-33.686798
686.850000,-33.256990,-33.869181,-33.501671
686.900000,-33.057430,-33.685102,-33.307503
686.950000,-32.847334,-33.491812,-33.103268
687.000000,-32.625452,-33.288239,-32.887777
687.050000,-32.390323,-33.073135,-32.659647
687.100000,-32.140239,-32.845043,-32.417256
687.150000,-31.873180,-32.602249,-32.158694
687.200000,-31.586751,-32.342720,-31.881695
687.250000,-31.278082,-32.064037,-31.583547
687.300000,-30.943715,-31.763288,-31.260988
687.350000,-30.579446,-31.436948,-30.910055
687.400000,-30.180120,-31.080711,-30.525896
687.450000,-29.739360,-30.689268,-30.102514
687.500000,-29.249206,-30.256020,-29.632436
687.550000,-28.699629,-29.772684,-29.106257
687.600000,-28.077882,-29.228769,-28.512038
687.650000,-27.367634,-28.610887,-27.834505
687.700000,-26.547841,-27.901838,-27.053997
687.750000,-25.591347,-27.079472,-26.145159
687.800000,-24.463309,-26.115389,-25.075474
687.850000,-23.119949,-24.973797,-23.804051
687.900000,-21.508939,-23.611502,-22.281873
687.950000,-19.574565,-21.981262,-20.456304
688.000000,-17.273384,-20.042820,-18.285083
688.050000,-14.606561,-17.786636,-15.765577
688.100000,-11.663819,-15.268245,-12.975384
688.150000,-8.647274,-12.632270,-10.096524
688.200000,-5.837436,-10.096840,-7.388340
688.250000,-3.510242,-7.897246,-5.113971
688.300000,-1.856976,-6.221194,-3.465119
688.350000,-0.952472,-5.171809,-2.527604
688.400000,-0.775504,-4.769572,-2.294693
688.450000,-1.250181,-4.976933,-2.702622
688.500000,-2.279899,-5.724644,-3.662328
688.550000,-3.765644,-6.929952,-5.078260
688.600000,-5.612770,-8.506486,-6.856665
688.650000,-7.732310,-10.368961,-8.908338
688.700000,-10.040872,-12.435599,-11.149498
688.750000,-12.461318,-14.630127,-13.502906
688.800000,-14.925101,-16.884314,-15.900181
688.850000,-17.375628,-19.140938,-18.284888
688.900000,-19.770426,-21.355798,-20.614523
688.950000,-22.080148,-23.497396,-22.859665
689.000000,-24.284926,-25.544336,-25.000640
689.050000,-26.370315,-27.481944,-27.023662
689.100000,-28.324612,-29.299552,-28.918093
689.150000,-30.137995,-30.989052,-30.675333
689.200000,-31.802968,-32.544604,-32.288974
689.250000,-33.315322,-33.962985,-33.755535
689.300000,-34.674881,-35.244033,-35.075101
689.350000,-35.885614,-36.390783,-36.251469
689.400000,-36.955056,-37.409154,-37.291689
689.450000,-37.893299,-38.307280,-38.205196
689.500000,-38.711851,-39.094685,-39.002804
689.550000,-39.422650,-39.781494,-39.695806
689.600000,-40.037340,-40.377815,-40.295286
689.650000,-40.566828,-40.893310,-40.811692
689.700000,-41.021062,-41.336949,-41.254603
689.750000,-41.408961,-41.716893,-41.632647
689.800000,-41.738442,-42.040477,-41.953509
689.850000,-42.016487,-42.314236,-42.223985
689.900000,-42.249236,-42.543963,-42.450066
689.950000,-42.442082,-42.734784,-42.637023
690.000000,-42.599761,-42.891223,-42.789491
690.050000,-42.726436,-43.017276,-42.911548
690.100000,-42.825768,-43.116472,-43.006781
690.150000,-42.900978,-43.191925,-43.078352
690.200000,-42.954907,-43.246393,-43.129047
690.250000,-42.990063,-43.282314,-43.161326
690.300000,-43.008657,-43.301846,-43.177364
690.350000,-43.012649,-43.306903,-43.179083
690.400000,-43.003770,-43.299182,-43.168184
690.450000,-42.983555,-43.280189,-43.146174
690.500000,-42.953363,-43.251263,-43.114389
690.550000,-42.914401,-43.213590,-43.074014
690.600000,-42.867737,-43.168227,-43.026100
690.650000,-42.814322,-43.116113,-42.971579
690.700000,-42.754999,-43.058084,-42.911279
690.750000,-42.690515,-42.994881,-42.845936
690.800000,-42.621535,-42.927166,-42.776203
690.850000,-42.548649,-42.855525,-42.702659
690.900000,-42.472382,-42.780482,-42.625818
690.950000,-42.393197,-42.702499,-42.546137
691.000000,-42.311507,-42.621991,-42.464022
691.050000,-42.227678,-42.539323,-42.379831
691.100000,-42.142033,-42.454820,-42.293881
691.150000,-42.054859,-42.368770,-42.206456
691.200000,-41.966409,-42.281428,-42.117802
691.250000,-41.876908,-42.193021,-42.028140
691.300000,-41.786552,-42.103747,-41.937664
691.350000,-41.695515,-42.013782,-41.846544
691.400000,-41.603949,-41.923281,-41.754928
691.450000,-41.511987,-41.832379,-41.662948
691.500000,-41.419747,-41.741194,-41.570718
691.550000,-41.327328,-41.649830,-41.478336
691.600000,-41.234819,-41.558377,-41.385889
691.650000,-41.142294,-41.466912,-41.293450
691.700000,-41.049819,-41.375502,-41.201083
691.750000,-40.957447,-41.284203,-41.108840
691.800000,-40.865226,-41.193063,-41.016767
691.850000,-40.773193,-41.102122,-40.924901
691.900000,-40.681378,-41.011413,-40.833272
691.950000,-40.589807,-40.920962,-40.741903
692.000000,-40.498499,-40.830791,-40.650815
692.050000,-40.407468,-40.740914,-40.560018
692.100000,-40.316722,-40.651342,-40.469524
692.150000,-40.226268,-40.562083,-40.379336
692.200000,-40.136106,-40.473139,-40.289456
692.250000,-40.046234,-40.384509,-40.199881
692.300000,-39.956648,-40.296191,-40.110607
692.350000,-39.867340,-40.208177,-40.021625
692.400000,-39.778299,-40.120460,-39.932925
692.450000,-39.689512,-40.033027,-39.844494
692.500000,-39.600966,-39.945866,-39.756319
692.550000,-39.512642,-39.858962,-39.668381
692.600000,-39.424524,-39.772297,-39.580664
692.650000,-39.336591,-39.685853,-39.493147
692.700000,-39.248822,-39.599610,-39.405810
692.750000,-39.161193,-39.513547,-39.318629
692.800000,-39.073680,-39.427641,-39.231581
692.850000,-38.986258,-39.341868,-39.144640
692.900000,-38.898899,-39.256203,-39.057780
692.950000,-38.811577,-39.170619,-38.970973
693.000000,-38.724260,-39.085089,-38.884191
693.050000,-38.636920,-38.999584,-38.797403
693.100000,-38.549523,-38.914075,-38.710578
693.150000,-38.462037,-38.828531,-38.623684
693.200000,-38.374428,-38.742919,-38.536687
693.250000,-38.286661,-38.657207,-38.449553
693.300000,-38.198698,-38.571360,-38.362245
693.350000,-38.110502,-38.485342,-38.274728
693.400000,-38.022033,-38.399118,-38.186961
693.450000,-37.933250,-38.312648,-38.098906
693.500000,-37.844111,-38.225894,-38.010520
693.550000,-37.754571,-38.138814,-37.921761
693.600000,-37.664585,-38.051365,-37.832583
693.650000,-37.574104,-37.963504,-37.742940
693.700000,-37.483079,-37.875184,-37.652783
693.750000,-37.391456,-37.786356,-37.562061
693.800000,-37.299180,-37.696970,-37.470720
693.850000,-37.206195,-37.606973,-37.378704
693.900000,-37.112440,-37.516310,-37.285956
693.950000,-37.017851,-37.424923,-37.192413
694.000000,-36.922361,-37.332751,-37.098011
694.050000,-36.825900,-37.239728,-37.002680
694.100000,-36.728393,-37.145788,-36.906350
694.150000,-36.629761,-37.050859,-36.808942
694.200000,-36.529919,-36.954863,-36.710377
694.250000,-36.428779,-36.857722,-36.610567
694.300000,-36.326244,-36.759347,-36.509420
694.350000,-36.222214,-36.659648,-36.406839
694.400000,-36.116579,-36.558526,-36.302717
694.450000,-36.009221,-36.455877,-36.196942
694.500000,-35.900016,-36.351587,-36.089393
694.550000,-35.788826,-36.245536,-35.979939
694.600000,-35.675507,-36.137591,-35.868439
694.650000,-35.559898,-36.027612,-35.754740
694.700000,-35.441827,-35.915445,-35.638677
694.750000,-35.321107,-35.800924,-35.520068
694.800000,-35.197532,-35.683866,-35.398718
694.850000,-35.070879,-35.564074,-35.274411
694.900000,-34.940901,-35.441329,-35.146912
694.950000,-34.807328,-35.315394,-35.015960
695.000000,-34.669860,-35.186005,-34.881269
695.050000,-34.528165,-35.052871,-34.742522
695.100000,-34.381875,-34.915668,-34.599366
695.150000,-34.230579,-34.774038,-34.451408
695.200000,-34.073817,-34.627578,-34.298210
695.250000,-33.911073,-34.475840,-34.139278
695.300000,-33.741764,-34.318317,-33.974056
695.350000,-33.565230,-34.154437,-33.801916
695.400000,-33.380720,-33.983549,-33.622143
695.450000,-33.187377,-33.804914,-33.433919
695.500000,-32.984213,-33.617683,-33.236308
695.550000,-32.770092,-33.420879,-33.028228
695.600000,-32.543693,-33.213371,-32.808426
695.650000,-32.303472,-32.993841,-32.575439
695.700000,-32.047619,-32.760748,-32.327551
695.750000,-31.773990,-32.512272,-32.062732
695.800000,-31.480032,-32.246253,-31.778571
695.850000,-31.162683,-31.960108,-31.472176
695.900000,-30.818240,-31.650727,-31.140052
695.950000,-30.442189,-31.314327,-30.777948
696.000000,-30.028977,-30.946276,-30.380638
696.050000,-29.571712,-30.540845,-29.941646
696.100000,-29.061764,-30.090889,-29.452871
696.150000,-28.488225,-29.587410,-28.904090
696.200000,-27.837188,-29.018980,-28.282285
696.250000,-27.090795,-28.370975,-27.570759
696.300000,-26.226011,-27.624582,-26.747995
696.350000,-25.213131,-26.755588,-25.786268
696.400000,-24.014246,-25.733072,-24.650194
696.450000,-22.582346,-24.518514,-23.295833
696.500000,-20.862919,-23.066615,-21.672015
696.550000,-18.802045,-21.330783,-19.727489
696.600000,-16.367466,-19.278195,-17.429831
696.650000,-13.586794,-16.918317,-14.800201
696.700000,-10.589326,-14.337071,-11.952574
696.750000,-7.612208,-11.709432,-9.102538
696.800000,-4.944924,-9.267372,-6.520407
696.850000,-2.840714,-7.235903,-4.451140
696.900000,-1.450107,-5.774859,-3.050082
696.950000,-0.809666,-4.956167,-2.366873
697.000000,-0.874030,-4.776470,-2.370302
697.050000,-1.556899,-5.184305,-2.984641
697.100000,-2.759454,-6.104039,-4.117026
697.150000,-4.383850,-7.450844,-5.671978
697.200000,-6.337440,-9.138366,-7.557201
697.250000,-8.533238,-11.082337,-9.685331
697.300000,-10.889913,-13.202686,-11.974726
697.350000,-13.333019,-15.425663,-14.350956
697.400000,-15.797867,-17.686611,-16.749531
697.450000,-18.232762,-19.932796,-19.118851
697.500000,-20.600174,-22.124695,-21.421309
697.550000,-22.874607,-24.234765,-23.631393
697.600000,-25.038533,-26.244371,-25.731924
697.650000,-27.078687,-28.140508,-27.710462
697.700000,-28.984049,-29.913512,-29.557139
697.750000,-30.745527,-31.556069,-31.264070
697.800000,-32.356678,-33.063210,-32.825793
697.850000,-33.814665,-34.432756,-34.240037
697.900000,-35.120806,-35.665686,-35.508219
697.950000,-36.280430,-36.766114,-36.635369
698.000000,-37.302109,-37.740836,-37.629495
698.050000,-38.196562,-38.598574,-38.500635
698.100000,-38.975551,-39.349147,-39.259865
698.150000,-39.650976,-40.002736,-39.918469
698.200000,-40.234259,-40.569329,-40.487344
698.250000,-40.735983,-41.058364,-40.976648
698.300000,-41.165733,-41.478531,-41.395625
698.350000,-41.532066,-41.837698,-41.752565
698.400000,-41.842559,-42.142910,-42.054830
698.450000,-42.103883,-42.400432,-42.308920
698.500000,-42.321905,-42.615812,-42.520563
698.550000,-42.501773,-42.793955,-42.694793
698.600000,-42.648012,-42.939190,-42.836040
698.650000,-42.764598,-43.055341,-42.948200
698.700000,-42.855030,-43.145782,-43.034703
698.750000,-42.922389,-43.213498,-43.098572
698.800000,-42.969392,-43.261127,-43.142472
698.850000,-42.998437,-43.291003,-43.168759
698.900000,-43.011642,-43.305196,-43.179512
698.950000,-43.010884,-43.305540,-43.176574
699.000000,-42.997820,-43.293659,-43.161573
699.050000,-42.973921,-43.271000,-43.135953
699.100000,-42.940489,-43.238844,-43.100994
699.150000,-42.898680,-43.198330,-43.057832
699.200000,-42.849520,-43.150472,-43.007474
699.250000,-42.793919,-43.096170,-42.950815
699.300000,-42.732685,-43.036226,-42.888648
699.350000,-42.666535,-42.971352,-42.821678
699.400000,-42.596107,-42.902182,-42.750530
699.450000,-42.521965,-42.829278,-42.675762
699.500000,-42.444613,-42.753142,-42.597865
699.550000,-42.364495,-42.674219,-42.517277
699.600000,-42.282007,-42.592906,-42.434387
699.650000,-42.197499,-42.509551,-42.349538
699.700000,-42.111281,-42.424469,-42.263034
699.750000,-42.023627,-42.337933,-42.175146
699.800000,-41.934781,-42.250189,-42.086112
699.850000,-41.844955,-42.161453,-41.996140
699.900000,-41.754339,-42.071915,-41.905417
699.950000,-41.663098,-41.981743,-41.814105
700.000000,-41.571377,-41.891085,-41.722346
700.050000,-42.082497,-42.193911,-42.152919
700.100000,-42.408331,-42.460567,-42.459268
700.150000,-42.659344,-42.684770,-42.702637
700.200000,-42.869402,-42.879164,-42.908544
700.250000,-43.052772,-43.051982,-43.089179
700.300000,-43.216963,-43.208409,-43.251356
700.350000,-43.366512,-43.351918,-43.399325
700.400000,-43.504419,-43.484953,-43.535936
700.450000,-43.632786,-43.609299,-43.663206
700.500000,-43.753154,-43.726299,-43.782627
700.550000,-43.866696,-43.836988,-43.895336
700.600000,-43.974330,-43.942188,-44.002227
700.650000,-44.076791,-44.042562,-44.104019
700.700000,-44.174682,-44.138655,-44.201301
700.750000,-44.268504,-44.230922,-44.294564
700.800000,-44.358679,-44.319751,-44.384225
700.850000,-44.445568,-44.405472,-44.470637
700.900000,-44.529483,-44.488372,-44.554107
700.950000,-44.610694,-44.568701,-44.634903
701.000000,-44.689440,-44.646679,-44.713259
701.050000,-44.765930,-44.722502,-44.789381
701.100000,-44.840349,-44.796340,-44.863453
701.150000,-44.912862,-44.868350,-44.935638
701.200000,-44.983619,-44.938670,-45.006081
701.250000,-45.052750,-45.007423,-45.074915
701.300000,-45.120376,-45.074723,-45.142258
701.350000,-45.186605,-45.140671,-45.208215
701.400000,-45.251534,-45.205360,-45.272884
701.450000,-45.315252,-45.268873,-45.336352
701.500000,-45.377840,-45.331287,-45.398700
701.550000,-45.439371,-45.392671,-45.460000
701.600000,-45.499912,-45.453091,-45.520318
701.650000,-45.559525,-45.512604,-45.579715
701.700000,-45.618266,-45.571265,-45.638248
701.750000,-45.676187,-45.629122,-45.695966
701.800000,-45.733335,-45.686222,-45.752918
701.850000,-45.789753,-45.742607,-45.809146
701.900000,-45.845483,-45.798314,-45.864691
701.950000,-45.900562,-45.853381,-45.919590
702.000000,-45.955023,-45.907841,-45.973875
702.050000,-46.008899,-45.961723,-46.027580
702.100000,-46.062219,-46.015057,-46.080733
702.150000,-46.115011,-46.067870,-46.133362
702.200000,-46.167300,-46.120185,-46.185490
702.250000,-46.219109,-46.172027,-46.237143
702.300000,-46.270460,-46.223415,-46.288341
702.350000,-46.321375,-46.274371,-46.339106
702.400000,-46.371872,-46.324913,-46.389455
702.450000,-46.421968,-46.375057,-46.439407
702.500000,-46.471681,-46.424822,-46.488977
702.550000,-46.521025,-46.474221,-46.538182
702.600000,-46.570016,-46.523268,-46.587036
702.650000,-46.618667,-46.571978,-46.635552
702.700000,-46.666992,-46.620363,-46.683743
702.750000,-46.715000,-46.668435,-46.731621
702.800000,-46.762705,-46.716203,-46.779197
702.850000,-46.810117,-46.763680,-46.826482
702.900000,-46.857244,-46.810874,-46.873484
702.950000,-46.904098,-46.857796,-46.920214
703.000000,-46.950686,-46.904452,-46.966681
703.050000,-46.997017,-46.950853,-47.012891
703.100000,-47.043099,-46.997005,-47.058854
703.150000,-47.088939,-47.042915,-47.104577
703.200000,-47.134543,-47.088591,-47.150065
703.250000,-47.179919,-47.134038,-47.195326
703.300000,-47.225072,-47.179264,-47.240367
703.350000,-47.270009,-47.224274,-47.285192
703.400000,-47.314735,-47.269072,-47.329807
703.450000,-47.359256,-47.313666,-47.374218
703.500000,-47.403575,-47.358059,-47.418429
703.550000,-47.447699,-47.402256,-47.462445
703.600000,-47.491631,-47.446262,-47.506271
703.650000,-47.535376,-47.490081,-47.549911
703.700000,-47.578937,-47.533716,-47.593369
703.750000,-47.622320,-47.577173,-47.636649
703.800000,-47.665527,-47.620454,-47.679754
703.850000,-47.708561,-47.663562,-47.722687
703.900000,-47.751427,-47.706502,-47.765453
703.950000,-47.794128,-47.749277,-47.808055
704.000000,-47.836665,-47.791889,-47.850495
704.050000,-47.879044,-47.834341,-47.892776
704.100000,-47.921265,-47.876636,-47.934901
704.150000,-47.963332,-47.918777,-47.976872
704.200000,-48.005247,-47.960766,-48.018693
704.250000,-48.047014,-48.002606,-48.060366
704.300000,-48.088633,-48.044298,-48.101892
704.350000,-48.130107,-48.085846,-48.143274
704.400000,-48.171439,-48.127252,-48.184515
704.450000,-48.212630,-48.168516,-48.225616
704.500000,-48.253683,-48.209642,-48.266579
704.550000,-48.294599,-48.250631,-48.307406
704.600000,-48.335380,-48.291485,-48.348099
704.650000,-48.376028,-48.332205,-48.388659
704.700000,-48.416545,-48.372794,-48.429089
704.750000,-48.456931,-48.413253,-48.469389
704.800000,-48.497189,-48.453584,-48.509562
704.850000,-48.537321,-48.493787,-48.549609
704.900000,-48.577327,-48.533866,-48.589531
704.950000,-48.617209,-48.573820,-48.629330
705.000000,-48.656969,-48.613651,-48.669007
705.050000,-48.696607,-48.653361,-48.708563
705.100000,-48.736126,-48.692950,-48.748000
705.150000,-48.775525,-48.732421,-48.787319
705.200000,-48.814807,-48.771774,-48.826521
705.250000,-48.853972,-48.811010,-48.865607
705.300000,-48.893022,-48.850131,-48.904578
705.350000,-48.931958,-48.889137,-48.943435
705.400000,-48.970780,-48.928030,-48.982180
705.450000,-49.009490,-48.966810,-49.020813
705.500000,-49.048089,-49.005479,-49.059336
705.550000,-49.086577,-49.044037,-49.097748
705.600000,-49.124956,-49.082486,-49.136052
705.650000,-49.163226,-49.120826,-49.174247
705.700000,-49.201389,-49.159058,-49.212336
705.750000,-49.239444,-49.197183,-49.250318
705.800000,-49.277394,-49.235202,-49.288195
705.850000,-49.315238,-49.273115,-49.325966
705.900000,-49.352978,-49.310924,-49.363634
705.950000,-49.390614,-49.348629,-49.401199
706.000000,-49.428147,-49.386230,-49.438661
706.050000,-49.465577,-49.423730,-49.476022
706.100000,-49.502906,-49.461127,-49.513281
706.150000,-49.540135,-49.498424,-49.550440
706.200000,-49.577262,-49.535620,-49.587499
706.250000,-49.614291,-49.572716,-49.624459
706.300000,-49.651220,-49.609713,-49.661321
706.350000,-49.688051,-49.646612,-49.698085
706.400000,-49.724784,-49.683413,-49.734751
706.450000,-49.761420,-49.720116,-49.771321
706.500000,-49.797959,-49.756723,-49.807795
706.550000,-49.834402,-49.793234,-49.844173
706.600000,-49.870750,-49.829649,-49.880456
706.650000,-49.907003,-49.865969,-49.916645
706.700000,-49.943161,-49.902194,-49.952740
706.750000,-49.979226,-49.938325,-49.988741
706.800000,-50.015197,-49.974363,-50.024649
706.850000,-50.051075,-50.010308,-50.060465
706.900000,-50.086860,-50.046160,-50.096189
706.950000,-50.122554,-50.081920,-50.131821
707.000000,-50.158156,-50.117588,-50.167362
707.050000,-50.193666,-50.153166,-50.202812
707.100000,-50.229087,-50.188652,-50.238173
707.150000,-50.264417,-50.224048,-50.273443
707.200000,-50.299657,-50.259354,-50.308624
707.250000,-50.334808,-50.294571,-50.343716
707.300000,-50.369869,-50.329699,-50.378720
707.350000,-50.404842,-50.364738,-50.413635
707.400000,-50.439727,-50.399689,-50.448463
707.450000,-50.474525,-50.434551,-50.483203
707.500000,-50.509234,-50.469327,-50.517856
707.550000,-50.543857,-50.504015,-50.552423
707.600000,-50.578393,-50.538617,-50.586903
707.650000,-50.612843,-50.573132,-50.621298
707.700000,-50.647206,-50.607561,-50.655607
707.750000,-50.681485,-50.641904,-50.689830
707.800000,-50.715677,-50.676162,-50.723969
707.850000,-50.749785,-50.710335,-50.758023
707.900000,-50.783808,-50.744423,-50.791993
707.950000,-50.817747,-50.778427,-50.825879
708.000000,-50.851602,-50.812347,-50.859682
708.050000,-50.885373,-50.846183,-50.893401
708.100000,-50.919061,-50.879936,-50.927037
708.150000,-50.952666,-50.913606,-50.960591
708.200000,-50.986188,-50.947193,-50.994062
708.250000,-51.019628,-50.980697,-51.027451
708.300000,-51.052985,-51.014119,-51.060758
708.350000,-51.086261,-51.047460,-51.093984
708.400000,-51.119455,-51.080718,-51.127129
708.450000,-51.152568,-51.113895,-51.160192
708.500000,-51.185599,-51.146992,-51.193175
708.550000,-51.218550,-51.180007,-51.226077
708.600000,-51.251420,-51.212941,-51.258900
708.650000,-51.284210,-51.245796,-51.291642
708.700000,-51.316920,-51.278570,-51.324304
708.750000,-51.349550,-51.311265,-51.356887
708.800000,-51.382100,-51.343879,-51.389391
708.850000,-51.414571,-51.376415,-51.421816
708.900000,-51.446964,-51.408872,-51.454163
708.950000,-51.479277,-51.441249,-51.486430
709.000000,-51.511512,-51.473548,-51.518620
709.050000,-51.543668,-51.505769,-51.550731
709.100000,-51.575747,-51.537912,-51.582765
709.150000,-51.607747,-51.569977,-51.614722
709.200000,-51.639670,-51.601964,-51.646600
709.250000,-51.671515,-51.633874,-51.678402
709.300000,-51.703284,-51.665706,-51.710127
709.350000,-51.734975,-51.697461,-51.741775
709.400000,-51.766589,-51.729140,-51.773347
709.450000,-51.798127,-51.760742,-51.804843
709.500000,-51.829589,-51.792268,-51.836262
709.550000,-51.860974,-51.823717,-51.867606
709.600000,-51.892283,-51.855091,-51.898874
709.650000,-51.923517,-51.886389,-51.930066
709.700000,-51.954675,-51.917611,-51.961183
709.750000,-51.985757,-51.948758,-51.992226
709.800000,-52.016765,-51.979830,-52.023193
709.850000,-52.047697,-52.010826,-52.054085
709.900000,-52.078555,-52.041748,-52.084903
709.950000,-52.109338,-52.072596,-52.115647
710.000000,-52.140047,-52.103369,-52.146317
710.050000,-52.170681,-52.134067,-52.176912
710.100000,-52.201242,-52.164692,-52.207434
710.150000,-52.231728,-52.195243,-52.237882
710.200000,-52.262141,-52.225720,-52.268257
710.250000,-52.292480,-52.256123,-52.298559
710.300000,-52.322746,-52.286453,-52.328787
710.350000,-52.352938,-52.316710,-52.358943
710.400000,-52.383058,-52.346894,-52.389026
710.450000,-52.413105,-52.377006,-52.419036
710.500000,-52.443079,-52.407044,-52.448974
710.550000,-52.472981,-52.437010,-52.478840
710.600000,-52.502810,-52.466904,-52.508633
710.650000,-52.532567,-52.496726,-52.538355
710.700000,-52.562253,-52.526476,-52.568005
710.750000,-52.591866,-52.556153,-52.597583
710.800000,-52.621408,-52.585760,-52.627090
710.850000,-52.650878,-52.615294,-52.656526
710.900000,-52.680277,-52.644758,-52.685891
710.950000,-52.709604,-52.674150,-52.715184
711.000000,-52.738861,-52.703471,-52.744407
711.050000,-52.768047,-52.732722,-52.773560
711.100000,-52.797162,-52.761901,-52.802641
711.150000,-52.826206,-52.791010,-52.831653
711.200000,-52.855180,-52.820049,-52.860594
711.250000,-52.884084,-52.849017,-52.889465
711.300000,-52.912918,-52.877916,-52.918267
711.350000,-52.941681,-52.906744,-52.946998
711.400000,-52.970375,-52.935503,-52.975660
711.450000,-52.998999,-52.964192,-53.004253
711.500000,-53.027554,-52.992811,-53.032776
711.550000,-53.056039,-53.021361,-53.061230
711.600000,-53.084455,-53.049842,-53.089615
711.650000,-53.112802,-53.078254,-53.117931
711.700000,-53.141080,-53.106597,-53.146179
711.750000,-53.169289,-53.134871,-53.174358
711.800000,-53.197429,-53.163076,-53.202468
711.850000,-53.225501,-53.191213,-53.230510
711.900000,-53.253504,-53.219281,-53.258484
711.950000,-53.281439,-53.247282,-53.286389
712.000000,-53.309306,-53.275214,-53.314227
712.050000,-53.337105,-53.303078,-53.341997
712.100000,-53.364836,-53.330874,-53.369700
712.150000,-53.392500,-53.358603,-53.397335
712.200000,-53.420095,-53.386264,-53.424902
712.250000,-53.447624,-53.413858,-53.452402
712.300000,-53.475085,-53.441384,-53.479836
712.350000,-53.502479,-53.468843,-53.507202
712.400000,-53.529806,-53.496236,-53.534501
712.450000,-53.557066,-53.523561,-53.561734
712.500000,-53.584259,-53.550820,-53.588900
712.550000,-53.611386,-53.578012,-53.616000
712.600000,-53.638446,-53.605137,-53.643033
712.650000,-53.665440,-53.632197,-53.670001
712.700000,-53.692367,-53.659190,-53.696902
712.750000,-53.719229,-53.686117,-53.723737
712.800000,-53.746024,-53.712978,-53.750507
712.850000,-53.772754,-53.739773,-53.777211
712.900000,-53.799418,-53.766503,-53.803850
712.950000,-53.826017,-53.793167,-53.830423
713.000000,-53.852550,-53.819766,-53.856931
713.050000,-53.879018,-53.846299,-53.883373
713.100000,-53.905421,-53.872768,-53.909751
713.150000,-53.931758,-53.899171,-53.936064
713.200000,-53.958031,-53.925510,-53.962313
713.250000,-53.984239,-53.951783,-53.988496
713.300000,-54.010382,-53.977992,-54.014615
713.350000,-54.036461,-54.004137,-54.040670
713.400000,-54.062476,-54.030217,-54.066661
713.450000,-54.088426,-54.056233,-54.092588
713.500000,-54.114312,-54.082185,-54.118450
713.550000,-54.140134,-54.108073,-54.144249
713.600000,-54.165892,-54.133897,-54.169984
713.650000,-54.191587,-54.159657,-54.195656
713.700000,-54.217217,-54.185354,-54.221264
713.750000,-54.242785,-54.210987,-54.246808
713.800000,-54.268289,-54.236557,-54.272290
713.850000,-54.293730,-54.262064,-54.297708
713.900000,-54.319107,-54.287508,-54.323064
713.950000,-54.344422,-54.312888,-54.348357
714.000000,-54.369674,-54.338206,-54.373587
714.050000,-54.394863,-54.363461,-54.398754
714.100000,-54.419989,-54.388654,-54.423859
714.150000,-54.445054,-54.413784,-54.448902
714.200000,-54.470055,-54.438852,-54.473882
714.250000,-54.494995,-54.463857,-54.498801
714.300000,-54.519872,-54.488801,-54.523657
714.350000,-54.544688,-54.513682,-54.548452
714.400000,-54.569442,-54.538502,-54.573185
714.450000,-54.594134,-54.563260,-54.597857
714.500000,-54.618764,-54.587957,-54.622467
714.550000,-54.643333,-54.612592,-54.647016
714.600000,-54.667841,-54.637166,-54.671504
714.650000,-54.692288,-54.661678,-54.695930
714.700000,-54.716673,-54.686130,-54.720296
714.750000,-54.740998,-54.710521,-54.744601
714.800000,-54.765262,-54.734851,-54.768846
714.850000,-54.789465,-54.759120,-54.793030
714.900000,-54.813608,-54.783329,-54.817153
714.950000,-54.837690,-54.807477,-54.841216
715.000000,-54.861712,-54.831565,-54.865219
715.050000,-54.885674,-54.855593,-54.889163
715.100000,-54.909576,-54.879561,-54.913046
715.150000,-54.933418,-54.903469,-54.936869
715.200000,-54.957201,-54.927317,-54.960633
715.250000,-54.980923,-54.951106,-54.984338
715.300000,-55.004587,-54.974835,-55.007983
715.350000,-55.028191,-54.998505,-55.031569
715.400000,-55.051735,-55.022115,-55.055096
715.450000,-55.075221,-55.045667,-55.078564
715.500000,-55.098648,-55.069159,-55.101973
715.550000,-55.122015,-55.092593,-55.125323
715.600000,-55.145325,-55.115968,-55.148614
715.650000,-55.168575,-55.139284,-55.171848
715.700000,-55.191767,-55.162542,-55.195023
715.750000,-55.214901,-55.185741,-55.218139
715.800000,-55.237977,-55.208883,-55.241198
715.850000,-55.260994,-55.231966,-55.264199
715.900000,-55.283954,-55.254991,-55.287142
715.950000,-55.306856,-55.277959,-55.310027
716.000000,-55.329700,-55.300868,-55.332855
716.050000,-55.352486,-55.323721,-55.355625
716.100000,-55.375216,-55.346515,-55.378338
716.150000,-55.397888,-55.369253,-55.400994
716.200000,-55.420502,-55.391933,-55.423593
716.250000,-55.443060,-55.414557,-55.446135
716.300000,-55.465561,-55.437123,-55.468620
716.350000,-55.488006,-55.459633,-55.491048
716.400000,-55.510393,-55.482086,-55.513421
716.450000,-55.532725,-55.504482,-55.535736
716.500000,-55.554999,-55.526822,-55.557996
716.550000,-55.577218,-55.549106,-55.580199
716.600000,-55.599381,-55.571334,-55.602347
716.650000,-55.621487,-55.593505,-55.624438
716.700000,-55.643538,-55.615621,-55.646474
716.750000,-55.665533,-55.637682,-55.668455
716.800000,-55.687473,-55.659686,-55.690380
716.850000,-55.709357,-55.681635,-55.712249
716.900000,-55.731186,-55.703529,-55.734064
716.950000,-55.752960,-55.725368,-55.755823
717.000000,-55.774679,-55.747151,-55.777528
717.050000,-55.796343,-55.768880,-55.799177
717.100000,-55.817952,-55.790554,-55.820772
717.150000,-55.839507,-55.812173,-55.842313
717.200000,-55.861007,-55.833738,-55.863799
717.250000,-55.882453,-55.855248,-55.885231
717.300000,-55.903845,-55.876704,-55.906609
717.350000,-55.925182,-55.898106,-55.927933
717.400000,-55.946466,-55.919454,-55.949203
717.450000,-55.967696,-55.940748,-55.970419
717.500000,-55.988872,-55.961988,-55.991582
717.550000,-56.009995,-55.983175,-56.012692
717.600000,-56.031064,-56.004308,-56.033748
717.650000,-56.052080,-56.025388,-56.054751
717.700000,-56.073043,-56.046415,-56.075700
717.750000,-56.093953,-56.067389,-56.096597
717.800000,-56.114810,-56.088310,-56.117442
717.850000,-56.135614,-56.109178,-56.138233
717.900000,-56.156366,-56.129993,-56.158972
717.950000,-56.177065,-56.150756,-56.179659
718.000000,-56.197712,-56.171466,-56.200293
718.050000,-56.218307,-56.192124,-56.220876
718.100000,-56.238850,-56.212730,-56.241406
718.150000,-56.259340,-56.233284,-56.261885
718.200000,-56.279780,-56.253787,-56.282311
718.250000,-56.300167,-56.274237,-56.302687
718.300000,-56.320503,-56.294636,-56.323011
718.350000,-56.340788,-56.314983,-56.343283
718.400000,-56.361021,-56.335279,-56.363505
718.450000,-56.381203,-56.355524,-56.383675
718.500000,-56.401335,-56.375718,-56.403795
718.550000,-56.421415,-56.395861,-56.423864
718.600000,-56.441445,-56.415954,-56.443882
718.650000,-56.461424,-56.435995,-56.463850
718.700000,-56.481353,-56.455986,-56.483767
718.750000,-56.501232,-56.475927,-56.503635
718.800000,-56.521060,-56.495818,-56.523452
718.850000,-56.540839,-56.515658,-56.543219
718.900000,-56.560567,-56.535448,-56.562937
718.950000,-56.580246,-56.555189,-56.582605
719.000000,-56.599875,-56.574880,-56.602223
719.050000,-56.619455,-56.594521,-56.621792
719.100000,-56.638986,-56.614113,-56.641311
719.150000,-56.658467,-56.633656,-56.660782
719.200000,-56.677899,-56.653150,-56.680204
719.250000,-56.697282,-56.672594,-56.699576
719.300000,-56.716617,-56.691990,-56.718900
719.350000,-56.735903,-56.711337,-56.738176
719.400000,-56.755140,-56.730635,-56.757403
719.450000,-56.774329,-56.749885,-56.776582
719.500000,-56.793470,-56.769086,-56.795712
719.550000,-56.812563,-56.788239,-56.814795
719.600000,-56.831608,-56.807345,-56.833829
719.650000,-56.850605,-56.826402,-56.852816
719.700000,-56.869554,-56.845411,-56.871755
719.750000,-56.888456,-56.864373,-56.890647
719.800000,-56.907310,-56.883287,-56.909492
719.850000,-56.926117,-56.902154,-56.928289
719.900000,-56.944877,-56.920974,-56.947039
719.950000,-56.963589,-56.939746,-56.965742
720.000000,-56.982255,-56.958471,-56.984398
720.050000,-57.000874,-56.977150,-57.003008
720.100000,-57.019447,-56.995782,-57.021571
720.150000,-57.037973,-57.014367,-57.040088
720.200000,-57.056453,-57.032906,-57.058558
720.250000,-57.074886,-57.051398,-57.076982
720.300000,-57.093274,-57.069844,-57.095360
720.350000,-57.111615,-57.088244,-57.113693
720.400000,-57.129911,-57.106599,-57.131979
720.450000,-57.148161,-57.124907,-57.150220
720.500000,-57.166365,-57.143170,-57.168415
720.550000,-57.184524,-57.161387,-57.186565
720.600000,-57.202638,-57.179559,-57.204670
720.650000,-57.220706,-57.197685,-57.222730
720.700000,-57.238730,-57.215767,-57.240745
720.750000,-57.256709,-57.233803,-57.258715
720.800000,-57.274642,-57.251794,-57.276640
720.850000,-57.292532,-57.269741,-57.294521
720.900000,-57.310377,-57.287643,-57.312357
720.950000,-57.328177,-57.305501,-57.330149
721.000000,-57.345933,-57.323314,-57.347897
721.050000,-57.363645,-57.341083,-57.365600
721.100000,-57.381314,-57.358808,-57.383260
721.150000,-57.398938,-57.376489,-57.400876
721.200000,-57.416519,-57.394126,-57.418449
721.250000,-57.434056,-57.411720,-57.435978
721.300000,-57.451550,-57.429270,-57.453464
721.350000,-57.469000,-57.446777,-57.470906
721.400000,-57.486407,-57.464240,-57.488305
721.450000,-57.503772,-57.481660,-57.505661
721.500000,-57.521093,-57.499037,-57.522975
721.550000,-57.538372,-57.516371,-57.540246
721.600000,-57.555608,-57.533662,-57.557474
721.650000,-57.572801,-57.550911,-57.574659
721.700000,-57.589952,-57.568117,-57.591803
721.750000,-57.607061,-57.585281,-57.608904
721.800000,-57.624128,-57.602403,-57.625963
721.850000,-57.641153,-57.619482,-57.642980
721.900000,-57.658135,-57.636520,-57.659956
721.950000,-57.675077,-57.653515,-57.676889
722.000000,-57.691976,-57.670469,-57.693781
722.050000,-57.708834,-57.687381,-57.710632
722.100000,-57.725651,-57.704252,-57.727441
722.150000,-57.742426,-57.721081,-57.744210
722.200000,-57.759161,-57.737870,-57.760937
722.250000,-57.775854,-57.754617,-57.777623
722.300000,-57.792507,-57.771323,-57.794269
722.350000,-57.809119,-57.787988,-57.810873
722.400000,-57.825690,-57.804612,-57.827438
722.450000,-57.842221,-57.821196,-57.843961
722.500000,-57.858712,-57.837740,-57.860445
722.550000,-57.875162,-57.854243,-57.876888
722.600000,-57.891572,-57.870705,-57.893292
722.650000,-57.907943,-57.887128,-57.909655
722.700000,-57.924273,-57.903511,-57.925979
722.750000,-57.940564,-57.919854,-57.942263
722.800000,-57.956815,-57.936157,-57.958508
722.850000,-57.973027,-57.952421,-57.974713
722.900000,-57.989199,-57.968645,-57.990878
722.950000,-58.005333,-57.984829,-58.007005
723.000000,-58.021427,-58.000975,-58.023093
723.050000,-58.037482,-58.017081,-58.039141
723.100000,-58.053498,-58.033149,-58.055151
723.150000,-58.069476,-58.049177,-58.071122
723.200000,-58.085415,-58.065167,-58.087055
723.250000,-58.101315,-58.081118,-58.102949
723.300000,-58.117178,-58.097031,-58.118805
723.350000,-58.133002,-58.112905,-58.134623
723.400000,-58.148787,-58.128741,-58.150402
723.450000,-58.164535,-58.144539,-58.166144
723.500000,-58.180245,-58.160299,-58.181848
723.550000,-58.195917,-58.176021,-58.197514
723.600000,-58.211552,-58.191705,-58.213142
723.650000,-58.227149,-58.207351,-58.228733
723.700000,-58.242709,-58.222960,-58.244287
723.750000,-58.258231,-58.238532,-58.259803
723.800000,-58.273716,-58.254066,-58.275283
723.850000,-58.289165,-58.269563,-58.290725
723.900000,-58.304576,-58.285023,-58.306130
723.950000,-58.319951,-58.300446,-58.321499
724.000000,-58.335288,-58.315832,-58.336831
724.050000,-58.350590,-58.331181,-58.352127
724.100000,-58.365854,-58.346494,-58.367386
724.150000,-58.381083,-58.361771,-58.382608
724.200000,-58.396275,-58.377011,-58.397795
724.250000,-58.411431,-58.392214,-58.412946
724.300000,-58.426552,-58.407382,-58.428060
724.350000,-58.441636,-58.422513,-58.443139
724.400000,-58.456684,-58.437609,-58.458182
724.450000,-58.471697,-58.452669,-58.473189
724.500000,-58.486675,-58.467693,-58.488161
724.550000,-58.501617,-58.482682,-58.503098
724.600000,-58.516523,-58.497635,-58.517999
724.650000,-58.531395,-58.512552,-58.532865
724.700000,-58.546231,-58.527435,-58.547696
724.750000,-58.561032,-58.542282,-58.562492
724.800000,-58.575799,-58.557095,-58.577253
724.850000,-58.590531,-58.571872,-58.591980
724.900000,-58.605228,-58.586615,-58.606672
724.950000,-58.619891,-58.601323,-58.621330
725.000000,-58.634519,-58.615997,-58.635953
725.050000,-58.649113,-58.630636,-58.650541
725.100000,-58.663673,-58.645241,-58.665096
725.150000,-58.678198,-58.659811,-58.679617
725.200000,-58.692690,-58.674347,-58.694104
725.250000,-58.707148,-58.688850,-58.708556
725.300000,-58.721572,-58.703318,-58.722976
725.350000,-58.735963,-58.717753,-58.737361
725.400000,-58.750320,-58.732154,-58.751713
725.450000,-58.764643,-58.746521,-58.766032
725.500000,-58.778933,-58.760855,-58.780317
725.550000,-58.793190,-58.775156,-58.794569
725.600000,-58.807414,-58.789423,-58.808788
725.650000,-58.821605,-58.803657,-58.822974
725.700000,-58.835763,-58.817858,-58.837128
725.750000,-58.849888,-58.832026,-58.851248
725.800000,-58.863981,-58.846162,-58.865336
725.850000,-58.878041,-58.860264,-58.879391
725.900000,-58.892068,-58.874334,-58.893414
725.950000,-58.906063,-58.888371,-58.907405
726.000000,-58.920026,-58.902376,-58.921363
726.050000,-58.933957,-58.916349,-58.935289
726.100000,-58.947855,-58.930290,-58.949183
726.150000,-58.961722,-58.944198,-58.963045
726.200000,-58.975556,-58.958074,-58.976875
726.250000,-58.989359,-58.971919,-58.990674
726.300000,-59.003131,-58.985731,-59.004441
726.350000,-59.016870,-58.999512,-59.018176
726.400000,-59.030579,-59.013261,-59.031880
726.450000,-59.044256,-59.026979,-59.045553
726.500000,-59.057901,-59.040666,-59.059194
726.550000,-59.071516,-59.054321,-59.072804
726.600000,-59.085099,-59.067944,-59.086383
726.650000,-59.098652,-59.081537,-59.099932
726.700000,-59.112173,-59.095099,-59.113449
726.750000,-59.125664,-59.108630,-59.126936
726.800000,-59.139124,-59.122130,-59.140392
726.850000,-59.152554,-59.135599,-59.153817
726.900000,-59.165953,-59.149037,-59.167212
726.950000,-59.179322,-59.162446,-59.180577
727.000000,-59.192660,-59.175823,-59.193911
727.050000,-59.205969,-59.189171,-59.207215
727.100000,-59.219247,-59.202488,-59.220489
727.150000,-59.232495,-59.215775,-59.233734
727.200000,-59.245713,-59.229031,-59.246948
727.250000,-59.258902,-59.242258,-59.260132
727.300000,-59.272060,-59.255455,-59.273287
727.350000,-59.285189,-59.268623,-59.286412
727.400000,-59.298289,-59.281760,-59.299508
727.450000,-59.311359,-59.294868,-59.312574
727.500000,-59.324400,-59.307947,-59.325611
727.550000,-59.337411,-59.320996,-59.338619
727.600000,-59.350394,-59.334016,-59.351598
727.650000,-59.363347,-59.347007,-59.364547
727.700000,-59.376271,-59.359968,-59.377468
727.750000,-59.389167,-59.372901,-59.390359
727.800000,-59.402033,-59.385804,-59.403222
727.850000,-59.414871,-59.398679,-59.416056
727.900000,-59.427681,-59.411525,-59.428862
727.950000,-59.440461,-59.424342,-59.441639
728.000000,-59.453214,-59.437131,-59.454388
728.050000,-59.465938,-59.449891,-59.467108
728.100000,-59.478633,-59.462623,-59.479800
728.150000,-59.491301,-59.475326,-59.492464
728.200000,-59.503940,-59.488001,-59.505100
728.250000,-59.516552,-59.500648,-59.517708
728.300000,-59.529135,-59.513267,-59.530288
728.350000,-59.541691,-59.525858,-59.542840
728.400000,-59.554219,-59.538422,-59.555365
728.450000,-59.566719,-59.550957,-59.567861
728.500000,-59.579192,-59.563465,-59.580331
728.550000,-59.591637,-59.575945,-59.592772
728.600000,-59.604055,-59.588397,-59.605187
728.650000,-59.616445,-59.600822,-59.617574
728.700000,-59.628808,-59.613220,-59.629934
728.750000,-59.641144,-59.625590,-59.642267
728.800000,-59.653453,-59.637933,-59.654572
728.850000,-59.665735,-59.650249,-59.666851
728.900000,-59.677991,-59.662538,-59.679103
728.950000,-59.690219,-59.674800,-59.691328
729.000000,-59.702420,-59.687035,-59.703526
729.050000,-59.714595,-59.699244,-59.715698
729.100000,-59.726743,-59.711425,-59.727843
729.150000,-59.738865,-59.723580,-59.739961
729.200000,-59.750961,-59.735709,-59.752053
729.250000,-59.763030,-59.747811,-59.764119
729.300000,-59.775072,-59.759886,-59.776159
729.350000,-59.787089,-59.771936,-59.788172
729.400000,-59.799079,-59.783959,-59.800160
729.450000,-59.811044,-59.795956,-59.812121
729.500000,-59.822982,-59.807926,-59.824056
729.550000,-59.834895,-59.819871,-59.835966
729.600000,-59.846782,-59.831790,-59.847850
729.650000,-59.858643,-59.843683,-59.859708
729.700000,-59.870478,-59.855550,-59.871540
729.750000,-59.882288,-59.867392,-59.883347
729.800000,-59.894072,-59.879208,-59.895129
729.850000,-59.905831,-59.890998,-59.906885
729.900000,-59.917565,-59.902763,-59.918615
729.950000,-59.929273,-59.914503,-59.930321
730.000000,-59.940957,-59.926217,-59.942001
730.050000,-59.952615,-59.937906,-59.953656
730.100000,-59.964248,-59.949570,-59.965287
730.150000,-59.975856,-59.961209,-59.976892
730.200000,-59.987439,-59.972823,-59.988472
730.250000,-59.998998,-59.984412,-60.000028
730.300000,-60.010531,-59.995976,-60.011559
730.350000,-60.022040,-60.007515,-60.023065
730.400000,-60.033525,-60.019029,-60.034546
730.450000,-60.044985,-60.030519,-60.046004
730.500000,-60.056420,-60.041984,-60.057436
730.550000,-60.067831,-60.053425,-60.068844
730.600000,-60.079218,-60.064842,-60.080228
730.650000,-60.090580,-60.076234,-60.091588
730.700000,-60.101919,-60.087601,-60.102924
730.750000,-60.113233,-60.098945,-60.114235
730.800000,-60.124523,-60.110264,-60.125523
730.850000,-60.135789,-60.121559,-60.136786
730.900000,-60.147031,-60.132831,-60.148026
730.950000,-60.158250,-60.144078,-60.159242
731.000000,-60.169445,-60.155301,-60.170434
731.050000,-60.180616,-60.166501,-60.181603
731.100000,-60.191763,-60.177677,-60.192747
731.150000,-60.202887,-60.188829,-60.203869
731.200000,-60.213987,-60.199958,-60.214967
731.250000,-60.225064,-60.211063,-60.226041
731.300000,-60.236118,-60.222144,-60.237092
731.350000,-60.247148,-60.233203,-60.248120
731.400000,-60.258156,-60.244238,-60.259125
731.450000,-60.269140,-60.255249,-60.270106
731.500000,-60.280100,-60.266238,-60.281065
731.550000,-60.291038,-60.277203,-60.292000
731.600000,-60.301953,-60.288145,-60.302912
731.650000,-60.312845,-60.299065,-60.313802
731.700000,-60.323714,-60.309961,-60.324669
731.750000,-60.334561,-60.320834,-60.335513
731.800000,-60.345385,-60.331685,-60.346334
731.850000,-60.356186,-60.342513,-60.357133
731.900000,-60.366964,-60.353318,-60.367909
731.950000,-60.377720,-60.364101,-60.378663
732.000000,-60.388454,-60.374861,-60.389394
732.050000,-60.399165,-60.385599,-60.400103
732.100000,-60.409854,-60.396314,-60.410790
732.150000,-60.420521,-60.407007,-60.421454
732.200000,-60.431165,-60.417677,-60.432096
732.250000,-60.441788,-60.428325,-60.442716
732.300000,-60.452388,-60.438951,-60.453314
732.350000,-60.462966,-60.449555,-60.463890
732.400000,-60.473522,-60.460137,-60.474444
732.450000,-60.484057,-60.470697,-60.484976
732.500000,-60.494569,-60.481235,-60.495487
732.550000,-60.505060,-60.491752,-60.505975
732.600000,-60.515529,-60.502246,-60.516442
732.650000,-60.525977,-60.512718,-60.526887
732.700000,-60.536403,-60.523169,-60.537311
732.750000,-60.546807,-60.533599,-60.547713
732.800000,-60.557190,-60.544006,-60.558094
732.850000,-60.567551,-60.554393,-60.568453
732.900000,-60.577891,-60.564757,-60.578791
732.950000,-60.588210,-60.575101,-60.589108
733.000000,-60.598508,-60.585423,-60.599403
733.050000,-60.608784,-60.595723,-60.609677
733.100000,-60.619039,-60.606003,-60.619931
733.150000,-60.629273,-60.616261,-60.630163
733.200000,-60.639486,-60.626498,-60.640374
733.250000,-60.649679,-60.636714,-60.650564
733.300000,-60.659850,-60.646910,-60.660733
733.350000,-60.670000,-60.657084,-60.670881
733.400000,-60.680130,-60.667237,-60.681009
733.450000,-60.690239,-60.677370,-60.691116
733.500000,-60.700327,-60.687481,-60.701202
733.550000,-60.710395,-60.697572,-60.711268
733.600000,-60.720442,-60.707643,-60.721313
733.650000,-60.730468,-60.717693,-60.731337
733.700000,-60.740474,-60.727722,-60.741341
733.750000,-60.750460,-60.737730,-60.751325
733.800000,-60.760425,-60.747719,-60.761288
733.850000,-60.770370,-60.757687,-60.771231
733.900000,-60.780295,-60.767634,-60.781154
733.950000,-60.790199,-60.777561,-60.791057
734.000000,-60.800084,-60.787468,-60.800939
734.050000,-60.809948,-60.797355,-60.810802
734.100000,-60.819792,-60.807222,-60.820644
734.150000,-60.829617,-60.817069,-60.830466
734.200000,-60.839421,-60.826895,-60.840269
734.250000,-60.849205,-60.836702,-60.850051
734.300000,-60.858970,-60.846489,-60.859814
734.350000,-60.868715,-60.856255,-60.869557
734.400000,-60.878440,-60.866003,-60.879281
734.450000,-60.888146,-60.875730,-60.888984
734.500000,-60.897831,-60.885437,-60.898668
734.550000,-60.907498,-60.895125,-60.908333
734.600000,-60.917144,-60.904794,-60.917978
734.650000,-60.926772,-60.914442,-60.927603
734.700000,-60.936380,-60.924072,-60.937209
734.750000,-60.945968,-60.933682,-60.946796
734.800000,-60.955537,-60.943272,-60.956363
734.850000,-60.965087,-60.952843,-60.965911
734.900000,-60.974618,-60.962395,-60.975440
734.950000,-60.984129,-60.971927,-60.984950
735.000000,-60.993621,-60.981440,-60.994441
735.050000,-61.003095,-60.990935,-61.003912
735.100000,-61.012549,-61.000410,-61.013365
735.150000,-61.021984,-61.009865,-61.022798
735.200000,-61.031400,-61.019302,-61.032213
735.250000,-61.040798,-61.028720,-61.041608
735.300000,-61.050176,-61.038119,-61.050985
735.350000,-61.059536,-61.047499,-61.060343
735.400000,-61.068877,-61.056861,-61.069683
735.450000,-61.078199,-61.066203,-61.079003
735.500000,-61.087503,-61.075527,-61.088305
735.550000,-61.096788,-61.084832,-61.097589
735.600000,-61.106055,-61.094119,-61.106854
735.650000,-61.115303,-61.103387,-61.116100
735.700000,-61.124532,-61.112636,-61.125328
735.750000,-61.133743,-61.121867,-61.134537
735.800000,-61.142936,-61.131079,-61.143728
735.850000,-61.152110,-61.140273,-61.152901
735.900000,-61.161266,-61.149449,-61.162055
735.950000,-61.170404,-61.158606,-61.171192
736.000000,-61.179523,-61.167745,-61.180310
736.050000,-61.188625,-61.176866,-61.189409
736.100000,-61.197708,-61.185968,-61.198491
736.150000,-61.206773,-61.195053,-61.207555
736.200000,-61.215821,-61.204119,-61.216601
736.250000,-61.224850,-61.213167,-61.225628
736.300000,-61.233861,-61.222198,-61.234638
736.350000,-61.242855,-61.231210,-61.243630
736.400000,-61.251830,-61.240204,-61.252604
736.450000,-61.260788,-61.249181,-61.261560
736.500000,-61.269728,-61.258140,-61.270499
736.550000,-61.278650,-61.267081,-61.279420
736.600000,-61.287555,-61.276004,-61.288323
736.650000,-61.296442,-61.284909,-61.297208
736.700000,-61.305311,-61.293797,-61.306076
736.750000,-61.314163,-61.302667,-61.314926
736.800000,-61.322997,-61.311520,-61.323759
736.850000,-61.331814,-61.320355,-61.332575
736.900000,-61.340614,-61.329173,-61.341373
736.950000,-61.349396,-61.337973,-61.350153
737.000000,-61.358161,-61.346755,-61.358917
737.050000,-61.366908,-61.355521,-61.367663
737.100000,-61.375638,-61.364269,-61.376391
737.150000,-61.384351,-61.373000,-61.385103
737.200000,-61.393047,-61.381713,-61.393797
737.250000,-61.401726,-61.390410,-61.402474
737.300000,-61.410387,-61.399089,-61.411135
737.350000,-61.419032,-61.407751,-61.419778
737.400000,-61.427659,-61.416396,-61.428404
737.450000,-61.436270,-61.425024,-61.437013
737.500000,-61.444863,-61.433635,-61.445605
737.550000,-61.453440,-61.442229,-61.454180
737.600000,-61.462000,-61.450806,-61.462739
737.650000,-61.470543,-61.459366,-61.471281
737.700000,-61.479069,-61.467909,-61.479805
737.750000,-61.487578,-61.476436,-61.488314
737.800000,-61.496071,-61.484946,-61.496805
737.850000,-61.504547,-61.493439,-61.505280
737.900000,-61.513007,-61.501915,-61.513738
737.950000,-61.521450,-61.510375,-61.522180
738.000000,-61.529876,-61.518818,-61.530605
738.050000,-61.538286,-61.527245,-61.539013
738.100000,-61.546679,-61.535655,-61.547405
738.150000,-61.555056,-61.544048,-61.555781
738.200000,-61.563417,-61.552426,-61.564140
738.250000,-61.571761,-61.560786,-61.572483
738.300000,-61.580089,-61.569131,-61.580810
738.350000,-61.588401,-61.577459,-61.589120
738.400000,-61.596696,-61.585770,-61.597415
738.450000,-61.604975,-61.594066,-61.605692
738.500000,-61.613238,-61.602345,-61.613954
738.550000,-61.621485,-61.610608,-61.622200
738.600000,-61.629716,-61.618855,-61.630429
738.650000,-61.637931,-61.627086,-61.638643
738.700000,-61.646130,-61.635301,-61.646841
738.750000,-61.654312,-61.643499,-61.655022
738.800000,-61.662479,-61.651682,-61.663188
738.850000,-61.670630,-61.659849,-61.671337
738.900000,-61.678765,-61.668000,-61.679471
738.950000,-61.686884,-61.676134,-61.687589
739.000000,-61.694988,-61.684253,-61.695691
739.050000,-61.703075,-61.692357,-61.703778
739.100000,-61.711147,-61.700444,-61.711848
739.150000,-61.719204,-61.708516,-61.719903
739.200000,-61.727244,-61.716572,-61.727943
739.250000,-61.735269,-61.724612,-61.735967
739.300000,-61.743278,-61.732637,-61.743975
739.350000,-61.751272,-61.740646,-61.751967
739.400000,-61.759250,-61.748639,-61.759944
739.450000,-61.767213,-61.756617,-61.767906
739.500000,-61.775160,-61.764580,-61.775852
739.550000,-61.783092,-61.772527,-61.783783
739.600000,-61.791009,-61.780458,-61.791698
739.650000,-61.798910,-61.788374,-61.799598
739.700000,-61.806796,-61.796275,-61.807483
739.750000,-61.814666,-61.804160,-61.815352
739.800000,-61.822522,-61.812031,-61.823207
739.850000,-61.830362,-61.819885,-61.831046
739.900000,-61.838187,-61.827725,-61.838869
739.950000,-61.845996,-61.835550,-61.846678
740.000000,-61.853791,-61.843359,-61.854472
740.050000,-61.861571,-61.851153,-61.862250
740.100000,-61.869335,-61.858932,-61.870014
740.150000,-61.877085,-61.866696,-61.877762
740.200000,-61.884819,-61.874445,-61.885496
740.250000,-61.892539,-61.882179,-61.893214
740.300000,-61.900244,-61.889898,-61.900918
740.350000,-61.907933,-61.897602,-61.908606
740.400000,-61.915608,-61.905291,-61.916280
740.450000,-61.923269,-61.912966,-61.923939
740.500000,-61.930914,-61.920625,-61.931584
740.550000,-61.938545,-61.928270,-61.939213
740.600000,-61.946160,-61.935900,-61.946828
740.650000,-61.953762,-61.943515,-61.954428
740.700000,-61.961348,-61.951116,-61.962014
740.750000,-61.968920,-61.958702,-61.969585
740.800000,-61.976478,-61.966273,-61.977141
740.850000,-61.984020,-61.973829,-61.984683
740.900000,-61.991549,-61.981371,-61.992210
740.950000,-61.999062,-61.988899,-61.999723
741.000000,-62.006562,-61.996412,-62.007221
741.050000,-62.014047,-62.003910,-62.014705
741.100000,-62.021517,-62.011395,-62.022174
741.150000,-62.028973,-62.018864,-62.029629
741.200000,-62.036415,-62.026319,-62.037070
741.250000,-62.043842,-62.033760,-62.044497
741.300000,-62.051255,-62.041187,-62.051909
741.350000,-62.058654,-62.048599,-62.059307
741.400000,-62.066039,-62.055997,-62.066690
741.450000,-62.073409,-62.063381,-62.074060
741.500000,-62.080766,-62.070751,-62.081415
741.550000,-62.088108,-62.078106,-62.088757
741.600000,-62.095436,-62.085447,-62.096084
741.650000,-62.102750,-62.092775,-62.103397
741.700000,-62.110050,-62.100088,-62.110696
741.750000,-62.117336,-62.107387,-62.117981
741.800000,-62.124608,-62.114672,-62.125252
741.850000,-62.131866,-62.121943,-62.132509
741.900000,-62.139110,-62.129200,-62.139752
741.950000,-62.146341,-62.136443,-62.146982
742.000000,-62.153557,-62.143672,-62.154197
742.050000,-62.160760,-62.150888,-62.161399
742.100000,-62.167948,-62.158089,-62.168587
742.150000,-62.175123,-62.165277,-62.175761
742.200000,-62.182285,-62.172451,-62.182921
742.250000,-62.189432,-62.179611,-62.190068
742.300000,-62.196566,-62.186758,-62.197201
742.350000,-62.203686,-62.193891,-62.204320
742.400000,-62.210793,-62.201010,-62.211426
742.450000,-62.217886,-62.208115,-62.218518
742.500000,-62.224965,-62.215207,-62.225596
742.550000,-62.232031,-62.222285,-62.232661
742.600000,-62.239084,-62.229350,-62.239713
742.650000,-62.246123,-62.236401,-62.246751
742.700000,-62.253148,-62.243439,-62.253775
742.750000,-62.260160,-62.250463,-62.260786
742.800000,-62.267159,-62.257474,-62.267784
742.850000,-62.274144,-62.264472,-62.274768
742.900000,-62.281116,-62.271456,-62.281739
742.950000,-62.288074,-62.278426,-62.288697
743.000000,-62.295020,-62.285384,-62.295642
743.050000,-62.301952,-62.292328,-62.302573
743.100000,-62.308870,-62.299259,-62.309491
743.150000,-62.315776,-62.306176,-62.316395
743.200000,-62.322668,-62.313081,-62.323287
743.250000,-62.329548,-62.319972,-62.330165
743.300000,-62.336414,-62.326850,-62.337031
743.350000,-62.343267,-62.333715,-62.343883
743.400000,-62.350107,-62.340567,-62.350722
743.450000,-62.356934,-62.347405,-62.357548
743.500000,-62.363748,-62.354231,-62.364361
743.550000,-62.370549,-62.361044,-62.371162
743.600000,-62.377337,-62.367843,-62.377949
743.650000,-62.384112,-62.374630,-62.384723
743.700000,-62.390874,-62.381404,-62.391484
743.750000,-62.397623,-62.388165,-62.398233
743.800000,-62.404360,-62.394913,-62.404968
743.850000,-62.411083,-62.401648,-62.411691
743.900000,-62.417794,-62.408370,-62.418401
743.950000,-62.424492,-62.415080,-62.425098
744.000000,-62.431178,-62.421776,-62.431783
744.050000,-62.437850,-62.428460,-62.438455
744.100000,-62.444510,-62.435131,-62.445114
744.150000,-62.451157,-62.441790,-62.451760
744.200000,-62.457792,-62.448436,-62.458394
744.250000,-62.464414,-62.455069,-62.465015
744.300000,-62.471023,-62.461690,-62.471624
744.350000,-62.477620,-62.468297,-62.478220
744.400000,-62.484204,-62.474893,-62.484803
744.450000,-62.490776,-62.481476,-62.491374
744.500000,-62.497335,-62.488046,-62.497933
744.550000,-62.503882,-62.494604,-62.504479
744.600000,-62.510417,-62.501149,-62.511012
744.650000,-62.516939,-62.507682,-62.517534
744.700000,-62.523448,-62.514203,-62.524043
744.750000,-62.529945,-62.520711,-62.530539
744.800000,-62.536430,-62.527207,-62.537023
744.850000,-62.542903,-62.533690,-62.543495
744.900000,-62.549363,-62.540161,-62.549955
744.950000,-62.555811,-62.546620,-62.556402
745.000000,-62.562247,-62.553067,-62.562837
745.050000,-62.568671,-62.559501,-62.569260
745.100000,-62.575082,-62.565923,-62.575670
745.150000,-62.581481,-62.572333,-62.582069
745.200000,-62.587868,-62.578731,-62.588455
745.250000,-62.594243,-62.585116,-62.594830
745.300000,-62.600606,-62.591490,-62.601192
745.350000,-62.606957,-62.597851,-62.607542
745.400000,-62.613296,-62.604201,-62.613880
745.450000,-62.619623,-62.610538,-62.620206
745.500000,-62.625938,-62.616863,-62.626520
745.550000,-62.632241,-62.623177,-62.632823
745.600000,-62.638532,-62.629478,-62.639113
745.650000,-62.644811,-62.635767,-62.645391
745.700000,-62.651078,-62.642045,-62.651658
745.750000,-62.657333,-62.648310,-62.657912
745.800000,-62.663576,-62.654564,-62.664155
745.850000,-62.669808,-62.660806,-62.670386
745.900000,-62.676028,-62.667036,-62.676605
745.950000,-62.682236,-62.673254,-62.682812
746.000000,-62.688432,-62.679461,-62.689008
746.050000,-62.694617,-62.685655,-62.695192
746.100000,-62.700790,-62.691838,-62.701364
746.150000,-62.706951,-62.698010,-62.707524
746.200000,-62.713100,-62.704169,-62.713673
746.250000,-62.719238,-62.710317,-62.719810
746.300000,-62.725365,-62.716453,-62.725936
746.350000,-62.731479,-62.722578,-62.732050
746.400000,-62.737582,-62.728691,-62.738153
746.450000,-62.743674,-62.734793,-62.744244
746.500000,-62.749754,-62.740883,-62.750323
746.550000,-62.755823,-62.746961,-62.756391
746.600000,-62.761880,-62.753028,-62.762448
746.650000,-62.767926,-62.759084,-62.768493
746.700000,-62.773960,-62.765128,-62.774526
746.750000,-62.779983,-62.771161,-62.780548
746.800000,-62.785994,-62.777182,-62.786559
746.850000,-62.791995,-62.783192,-62.792559
746.900000,-62.797983,-62.789190,-62.798547
746.950000,-62.803961,-62.795177,-62.804524
747.000000,-62.809927,-62.801153,-62.810490
747.050000,-62.815882,-62.807118,-62.816444
747.100000,-62.821826,-62.813071,-62.822387
747.150000,-62.827758,-62.819013,-62.828319
747.200000,-62.833680,-62.824944,-62.834240
747.250000,-62.839590,-62.830864,-62.840149
747.300000,-62.845489,-62.836772,-62.846048
747.350000,-62.851377,-62.842670,-62.851935
747.400000,-62.857254,-62.848556,-62.857811
747.450000,-62.863119,-62.854431,-62.863676
747.500000,-62.868974,-62.860295,-62.869530
747.550000,-62.874818,-62.866148,-62.875373
747.600000,-62.880650,-62.871990,-62.881205
747.650000,-62.886472,-62.877821,-62.887026
747.700000,-62.892282,-62.883641,-62.892836
747.750000,-62.898082,-62.889449,-62.898635
747.800000,-62.903871,-62.895247,-62.904423
747.850000,-62.909649,-62.901034,-62.910200
747.900000,-62.915415,-62.906811,-62.915967
747.950000,-62.921172,-62.912576,-62.921722
748.000000,-62.926917,-62.918330,-62.927467
748.050000,-62.932651,-62.924074,-62.933201
748.100000,-62.938375,-62.929806,-62.938924
748.150000,-62.944088,-62.935528,-62.944636
748.200000,-62.949790,-62.941239,-62.950337
748.250000,-62.955481,-62.946940,-62.956028
748.300000,-62.961162,-62.952629,-62.961708
748.350000,-62.966831,-62.958308,-62.967377
748.400000,-62.972491,-62.963976,-62.973036
748.450000,-62.978139,-62.969634,-62.978684
748.500000,-62.983777,-62.975281,-62.984321
748.550000,-62.989405,-62.980917,-62.989948
748.600000,-62.995021,-62.986542,-62.995564
748.650000,-63.000628,-62.992157,-63.001170
748.700000,-63.006223,-62.997762,-63.006765
748.750000,-63.011808,-63.003356,-63.012350
748.800000,-63.017383,-63.008939,-63.017924
748.850000,-63.022947,-63.014512,-63.023487
748.900000,-63.028501,-63.020074,-63.029040
748.950000,-63.034044,-63.025626,-63.034583
749.000000,-63.039577,-63.031168,-63.040115
749.050000,-63.045099,-63.036699,-63.045637
749.100000,-63.050611,-63.042219,-63.051148
749.150000,-63.056113,-63.047730,-63.056649
749.200000,-63.061604,-63.053229,-63.062140
749.250000,-63.067085,-63.058719,-63.067621
749.300000,-63.072556,-63.064198,-63.073091
749.350000,-63.078016,-63.069667,-63.078551
749.400000,-63.083466,-63.075126,-63.084000
749.450000,-63.088906,-63.080574,-63.089440
749.500000,-63.094336,-63.086012,-63.094869
749.550000,-63.099755,-63.091440,-63.100288
749.600000,-63.105164,-63.096858,-63.105696
749.650000,-63.110563,-63.102265,-63.111095
749.700000,-63.115952,-63.107662,-63.116483
749.750000,-63.121331,-63.113050,-63.121862
749.800000,-63.126700,-63.118427,-63.127230
749.850000,-63.132059,-63.123794,-63.132588
749.900000,-63.137407,-63.129151,-63.137936
749.950000,-63.142746,-63.134497,-63.143274
750.000000,-63.148074,-63.139834,-63.148602
750.050000,-63.153393,-63.145161,-63.153920
750.100000,-63.158702,-63.150478,-63.159228
750.150000,-63.164000,-63.155785,-63.164526
750.200000,-63.169289,-63.161081,-63.169815
750.250000,-63.174567,-63.166368,-63.175093
750.300000,-63.179836,-63.171645,-63.180361
750.350000,-63.185095,-63.176912,-63.185619
750.400000,-63.190344,-63.182169,-63.190868
750.450000,-63.195584,-63.187417,-63.196107
750.500000,-63.200813,-63.192654,-63.201336
750.550000,-63.206032,-63.197882,-63.206555
750.600000,-63.211242,-63.203099,-63.211764
750.650000,-63.216442,-63.208307,-63.216964
750.700000,-63.221633,-63.213506,-63.222153
750.750000,-63.226813,-63.218694,-63.227333
750.800000,-63.231984,-63.223873,-63.232504
750.850000,-63.237145,-63.229042,-63.237664
750.900000,-63.242297,-63.234201,-63.242815
750.950000,-63.247438,-63.239351,-63.247957
751.000000,-63.252570,-63.244491,-63.253088
751.050000,-63.257693,-63.249621,-63.258210
751.100000,-63.262806,-63.254742,-63.263323
751.150000,-63.267909,-63.259853,-63.268426
751.200000,-63.273003,-63.264955,-63.273519
751.250000,-63.278087,-63.270047,-63.278603
751.300000,-63.283162,-63.275129,-63.283677
751.350000,-63.288227,-63.280202,-63.288742
751.400000,-63.293283,-63.285265,-63.293797
751.450000,-63.298329,-63.290319,-63.298843
751.500000,-63.303366,-63.295364,-63.303879
751.550000,-63.308393,-63.300399,-63.308906
751.600000,-63.313411,-63.305424,-63.313924
751.650000,-63.318420,-63.310441,-63.318932
751.700000,-63.323419,-63.315447,-63.323930
751.750000,-63.328409,-63.320445,-63.328920
751.800000,-63.333389,-63.325433,-63.333900
751.850000,-63.338361,-63.330411,-63.338870
751.900000,-63.343322,-63.335381,-63.343832
751.950000,-63.348275,-63.340341,-63.348784
752.000000,-63.353218,-63.345291,-63.353727
752.050000,-63.358152,-63.350233,-63.358660
752.100000,-63.363077,-63.355165,-63.363585
752.150000,-63.367993,-63.360088,-63.368500
752.200000,-63.372899,-63.365002,-63.373406
752.250000,-63.377796,-63.369907,-63.378302
752.300000,-63.382684,-63.374802,-63.383190
752.350000,-63.387563,-63.379688,-63.388068
752.400000,-63.392433,-63.384565,-63.392938
752.450000,-63.397294,-63.389433,-63.397798
752.500000,-63.402145,-63.394292,-63.402649
752.550000,-63.406988,-63.399142,-63.407491
752.600000,-63.411821,-63.403983,-63.412324
752.650000,-63.416645,-63.408814,-63.417148
752.700000,-63.421461,-63.413637,-63.421963
752.750000,-63.426267,-63.418450,-63.426769
752.800000,-63.431065,-63.423255,-63.431566
752.850000,-63.435853,-63.428050,-63.436354
752.900000,-63.440632,-63.432837,-63.441133
752.950000,-63.445403,-63.437615,-63.445903
753.000000,-63.450164,-63.442383,-63.450664
753.050000,-63.454917,-63.447143,-63.455417
753.100000,-63.459661,-63.451894,-63.460160
753.150000,-63.464396,-63.456636,-63.464894
753.200000,-63.469122,-63.461369,-63.469620
753.250000,-63.473839,-63.466094,-63.474337
753.300000,-63.478548,-63.470809,-63.479045
753.350000,-63.483247,-63.475516,-63.483744
753.400000,-63.487938,-63.480214,-63.488435
753.450000,-63.492620,-63.484903,-63.493116
753.500000,-63.497294,-63.489583,-63.497789
753.550000,-63.501958,-63.494255,-63.502454
753.600000,-63.506614,-63.498917,-63.507109
753.650000,-63.511262,-63.503572,-63.511756
753.700000,-63.515900,-63.508217,-63.516394
753.750000,-63.520530,-63.512854,-63.521024
753.800000,-63.525151,-63.517482,-63.525644
753.850000,-63.529764,-63.522101,-63.530257
753.900000,-63.534368,-63.526712,-63.534860
753.950000,-63.538963,-63.531314,-63.539455
754.000000,-63.543550,-63.535908,-63.544042
754.050000,-63.548128,-63.540493,-63.548620
754.100000,-63.552698,-63.545069,-63.553189
754.150000,-63.557259,-63.549637,-63.557750
754.200000,-63.561812,-63.554197,-63.562302
754.250000,-63.566356,-63.558748,-63.566846
754.300000,-63.570892,-63.563290,-63.571381
754.350000,-63.575419,-63.567824,-63.575908
754.400000,-63.579938,-63.572349,-63.580426
754.450000,-63.584448,-63.576866,-63.584936
754.500000,-63.588950,-63.581375,-63.589438
754.550000,-63.593443,-63.585875,-63.593931
754.600000,-63.597928,-63.590367,-63.598416
754.650000,-63.602405,-63.594850,-63.602892
754.700000,-63.606874,-63.599325,-63.607360
754.750000,-63.611334,-63.603792,-63.611820
754.800000,-63.615785,-63.608250,-63.616271
754.850000,-63.620229,-63.612700,-63.620714
754.900000,-63.624664,-63.617142,-63.625149
754.950000,-63.629091,-63.621575,-63.629575
755.000000,-63.633510,-63.626000,-63.633994
755.050000,-63.637920,-63.630417,-63.638404
755.100000,-63.642322,-63.634825,-63.642805
755.150000,-63.646716,-63.639226,-63.647199
755.200000,-63.651102,-63.643618,-63.651584
755.250000,-63.655479,-63.648002,-63.655962
755.300000,-63.659849,-63.652378,-63.660331
755.350000,-63.664210,-63.656746,-63.664692
755.400000,-63.668563,-63.661105,-63.669045
755.450000,-63.672908,-63.665456,-63.673389
755.500000,-63.677245,-63.669800,-63.677726
755.550000,-63.681574,-63.674135,-63.682054
755.600000,-63.685895,-63.678462,-63.686375
755.650000,-63.690208,-63.682781,-63.690687
755.700000,-63.694512,-63.687092,-63.694991
755.750000,-63.698809,-63.691395,-63.699288
755.800000,-63.703098,-63.695690,-63.703576
755.850000,-63.707378,-63.699977,-63.707856
755.900000,-63.711651,-63.704256,-63.712129
755.950000,-63.715916,-63.708527,-63.716393
756.000000,-63.720173,-63.712790,-63.720650
756.050000,-63.724421,-63.717045,-63.724898
756.100000,-63.728662,-63.721292,-63.729139
756.150000,-63.732895,-63.725531,-63.733371
756.200000,-63.737121,-63.729762,-63.737596
756.250000,-63.741338,-63.733986,-63.741813
756.300000,-63.745547,-63.738201,-63.746022
756.350000,-63.749749,-63.742409,-63.750224
756.400000,-63.753943,-63.746609,-63.754417
756.450000,-63.758129,-63.750801,-63.758603
756.500000,-63.762307,-63.754985,-63.762781
756.550000,-63.766477,-63.759162,-63.766951
756.600000,-63.770640,-63.763330,-63.771113
756.650000,-63.774795,-63.767491,-63.775267
756.700000,-63.778942,-63.771644,-63.779414
756.750000,-63.783081,-63.775790,-63.783553
756.800000,-63.787213,-63.779927,-63.787685
756.850000,-63.791337,-63.784057,-63.791808
756.900000,-63.795453,-63.788180,-63.795924
756.950000,-63.799562,-63.792294,-63.800033
757.000000,-63.803663,-63.796401,-63.804134
757.050000,-63.807757,-63.800501,-63.808227
757.100000,-63.811842,-63.804592,-63.812312
757.150000,-63.815921,-63.808676,-63.816390
757.200000,-63.819991,-63.812753,-63.820460
757.250000,-63.824054,-63.816822,-63.824523
757.300000,-63.828110,-63.820883,-63.828578
757.350000,-63.832158,-63.824937,-63.832626
757.400000,-63.836198,-63.828983,-63.836666
757.450000,-63.840231,-63.833022,-63.840698
757.500000,-63.844256,-63.837053,-63.844723
757.550000,-63.848274,-63.841076,-63.848741
757.600000,-63.852284,-63.845093,-63.852751
757.650000,-63.856287,-63.849101,-63.856754
757.700000,-63.860283,-63.853102,-63.860749
757.750000,-63.864271,-63.857096,-63.864737
757.800000,-63.868252,-63.861083,-63.868717
757.850000,-63.872225,-63.865062,-63.872690
757.900000,-63.876191,-63.869033,-63.876656
757.950000,-63.880149,-63.872997,-63.880614
758.000000,-63.884100,-63.876954,-63.884565
758.050000,-63.888044,-63.880904,-63.888508
758.100000,-63.891981,-63.884846,-63.892444
758.150000,-63.895910,-63.888780,-63.896373
758.200000,-63.899832,-63.892708,-63.900295
758.250000,-63.903746,-63.896628,-63.904209
758.300000,-63.907653,-63.900541,-63.908116
758.350000,-63.911553,-63.904446,-63.912016
758.400000,-63.915446,-63.908345,-63.915908
758.450000,-63.919332,-63.912236,-63.919793
758.500000,-63.923210,-63.916120,-63.923671
758.550000,-63.927081,-63.919996,-63.927542
758.600000,-63.930945,-63.923866,-63.931406
758.650000,-63.934802,-63.927728,-63.935262
758.700000,-63.938651,-63.931583,-63.939111
758.750000,-63.942494,-63.935431,-63.942953
758.800000,-63.946329,-63.939272,-63.946788
758.850000,-63.950157,-63.943105,-63.950616
758.900000,-63.953978,-63.946932,-63.954437
758.950000,-63.957792,-63.950751,-63.958251
759.000000,-63.961599,-63.954563,-63.962057
759.050000,-63.965399,-63.958368,-63.965857
759.100000,-63.969191,-63.962166,-63.969649
759.150000,-63.972977,-63.965958,-63.973435
759.200000,-63.976756,-63.969742,-63.977213
759.250000,-63.980527,-63.973518,-63.980984
759.300000,-63.984292,-63.977288,-63.984749
759.350000,-63.988049,-63.981051,-63.988506
759.400000,-63.991800,-63.984807,-63.992256
759.450000,-63.995544,-63.988556,-63.996000
759.500000,-63.999281,-63.992298,-63.999736
759.550000,-64.003010,-63.996033,-64.003466
759.600000,-64.006733,-63.999762,-64.007188
759.650000,-64.010449,-64.003483,-64.010904
759.700000,-64.014158,-64.007197,-64.014613
759.750000,-64.017860,-64.010905,-64.018315
759.800000,-64.021556,-64.014605,-64.022010
759.850000,-64.025244,-64.018299,-64.025698
759.900000,-64.028926,-64.021985,-64.029379
759.950000,-64.032600,-64.025665,-64.033054
760.000000,-64.036268,-64.029339,-64.036721
760.050000,-64.039929,-64.033005,-64.040382
760.100000,-64.043584,-64.036664,-64.044036
760.150000,-64.047231,-64.040317,-64.047684
760.200000,-64.050872,-64.043963,-64.051324
760.250000,-64.054506,-64.047602,-64.054958
760.300000,-64.058133,-64.051235,-64.058585
760.350000,-64.061754,-64.054860,-64.062205
760.400000,-64.065368,-64.058479,-64.065819
760.450000,-64.068975,-64.062091,-64.069426
760.500000,-64.072575,-64.065697,-64.073026
760.550000,-64.076169,-64.069296,-64.076619
760.600000,-64.079756,-64.072888,-64.080206
760.650000,-64.083337,-64.076473,-64.083786
760.700000,-64.086910,-64.080052,-64.087360
760.750000,-64.090478,-64.083624,-64.090927
760.800000,-64.094038,-64.087190,-64.094487
760.850000,-64.097592,-64.090749,-64.098041
760.900000,-64.101139,-64.094301,-64.101588
760.950000,-64.104680,-64.097847,-64.105128
761.000000,-64.108214,-64.101386,-64.108662
761.050000,-64.111742,-64.104919,-64.112190
761.100000,-64.115263,-64.108445,-64.115711
761.150000,-64.118778,-64.111964,-64.119225
761.200000,-64.122286,-64.115477,-64.122733
761.250000,-64.125787,-64.118984,-64.126234
761.300000,-64.129282,-64.122483,-64.129729
761.350000,-64.132771,-64.125977,-64.133217
761.400000,-64.136253,-64.129464,-64.136699
761.450000,-64.139729,-64.132944,-64.140174
761.500000,-64.143198,-64.136419,-64.143643
761.550000,-64.146661,-64.139886,-64.147106
761.600000,-64.150117,-64.143347,-64.150562
761.650000,-64.153567,-64.146802,-64.154012
761.700000,-64.157011,-64.150251,-64.157455
761.750000,-64.160448,-64.153693,-64.160892
761.800000,-64.163879,-64.157128,-64.164323
761.850000,-64.167303,-64.160557,-64.167747
761.900000,-64.170721,-64.163980,-64.171165
761.950000,-64.174133,-64.167397,-64.174576
762.000000,-64.177538,-64.170807,-64.177982
762.050000,-64.180937,-64.174211,-64.181381
762.100000,-64.184330,-64.177609,-64.184773
762.150000,-64.187717,-64.181000,-64.188159
762.200000,-64.191097,-64.184385,-64.191540
762.250000,-64.194471,-64.187764,-64.194913
762.300000,-64.197839,-64.191136,-64.198281
762.350000,-64.201200,-64.194502,-64.201642
762.400000,-64.204556,-64.197862,-64.204997
762.450000,-64.207905,-64.201216,-64.208346
762.500000,-64.211248,-64.204563,-64.211689
762.550000,-64.214584,-64.207905,-64.215025
762.600000,-64.217915,-64.211240,-64.218356
762.650000,-64.221239,-64.214569,-64.221680
762.700000,-64.224557,-64.217892,-64.224998
762.750000,-64.227870,-64.221208,-64.228309
762.800000,-64.231175,-64.224519,-64.231615
762.850000,-64.234475,-64.227823,-64.234915
762.900000,-64.237769,-64.231122,-64.238208
762.950000,-64.241056,-64.234414,-64.241496
763.000000,-64.244338,-64.237700,-64.244777
763.050000,-64.247613,-64.240980,-64.248052
763.100000,-64.250883,-64.244254,-64.251321
763.150000,-64.254146,-64.247521,-64.254584
763.200000,-64.257403,-64.250783,-64.257841
763.250000,-64.260655,-64.254039,-64.261092
763.300000,-64.263900,-64.257289,-64.264337
763.350000,-64.267139,-64.260532,-64.267576
763.400000,-64.270372,-64.263770,-64.270809
763.450000,-64.273599,-64.267002,-64.274036
763.500000,-64.276821,-64.270227,-64.277257
763.550000,-64.280036,-64.273447,-64.280472
763.600000,-64.283245,-64.276661,-64.283682
763.650000,-64.286449,-64.279869,-64.286885
763.700000,-64.289646,-64.283071,-64.290082
763.750000,-64.292838,-64.286267,-64.293273
763.800000,-64.296023,-64.289457,-64.296459
763.850000,-64.299203,-64.292641,-64.299638
763.900000,-64.302377,-64.295819,-64.302812
763.950000,-64.305545,-64.298991,-64.305980
764.000000,-64.308707,-64.302158,-64.309142
764.050000,-64.311863,-64.305319,-64.312298
764.100000,-64.315014,-64.308473,-64.315448
764.150000,-64.318158,-64.311622,-64.318593
764.200000,-64.321297,-64.314765,-64.321731
764.250000,-64.324430,-64.317903,-64.324864
764.300000,-64.327557,-64.321034,-64.327991
764.350000,-64.330679,-64.324160,-64.331112
764.400000,-64.333794,-64.327280,-64.334228
764.450000,-64.336904,-64.330394,-64.337337
764.500000,-64.340008,-64.333502,-64.340441
764.550000,-64.343107,-64.336605,-64.343539
764.600000,-64.346199,-64.339702,-64.346632
764.650000,-64.349286,-64.342793,-64.349719
764.700000,-64.352368,-64.345879,-64.352800
764.750000,-64.355443,-64.348958,-64.355875
764.800000,-64.358513,-64.352033,-64.358945
764.850000,-64.361577,-64.355101,-64.362009
764.900000,-64.364636,-64.358164,-64.365067
764.950000,-64.367688,-64.361221,-64.368120
765.000000,-64.370736,-64.364272,-64.371167
765.050000,-64.373777,-64.367318,-64.374208
765.100000,-64.376813,-64.370358,-64.377244
765.150000,-64.379844,-64.373392,-64.380274
765.200000,-64.382868,-64.376421,-64.383299
765.250000,-64.385887,-64.379445,-64.386318
765.300000,-64.388901,-64.382462,-64.389331
765.350000,-64.391909,-64.385474,-64.392339
765.400000,-64.394911,-64.388481,-64.395341
765.450000,-64.397908,-64.391482,-64.398338
765.500000,-64.400900,-64.394477,-64.401329
765.550000,-64.403885,-64.397467,-64.404314
765.600000,-64.406866,-64.400452,-64.407295
765.650000,-64.409841,-64.403431,-64.410269
765.700000,-64.412810,-64.406404,-64.413238
765.750000,-64.415774,-64.409372,-64.416202
765.800000,-64.418732,-64.412334,-64.419160
765.850000,-64.421685,-64.415291,-64.422113
765.900000,-64.424632,-64.418242,-64.425060
765.950000,-64.427574,-64.421188,-64.428002
766.000000,-64.430511,-64.424129,-64.430938
766.050000,-64.433442,-64.427064,-64.433869
766.100000,-64.436367,-64.429994,-64.436795
766.150000,-64.439288,-64.432918,-64.439715
766.200000,-64.442203,-64.435837,-64.442629
766.250000,-64.445112,-64.438750,-64.445539
766.300000,-64.448016,-64.441659,-64.448443
766.350000,-64.450915,-64.444561,-64.451341
766.400000,-64.453808,-64.447459,-64.454235
766.450000,-64.456697,-64.450351,-64.457122
766.500000,-64.459579,-64.453237,-64.460005
766.550000,-64.462457,-64.456119,-64.462882
766.600000,-64.465329,-64.458995,-64.465754
766.650000,-64.468196,-64.461865,-64.468621
766.700000,-64.471057,-64.464731,-64.471482
766.750000,-64.473913,-64.467591,-64.474338
766.800000,-64.476764,-64.470446,-64.477189
766.850000,-64.479610,-64.473295,-64.480035
766.900000,-64.482450,-64.476139,-64.482875
766.950000,-64.485285,-64.478979,-64.485710
767.000000,-64.488115,-64.481812,-64.488540
767.050000,-64.490940,-64.484641,-64.491364
767.100000,-64.493760,-64.487464,-64.494184
767.150000,-64.496574,-64.490282,-64.496998
767.200000,-64.499383,-64.493095,-64.499807
767.250000,-64.502187,-64.495903,-64.502610
767.300000,-64.504986,-64.498706,-64.505409
767.350000,-64.507779,-64.501503,-64.508202
767.400000,-64.510568,-64.504295,-64.510991
767.450000,-64.513351,-64.507082,-64.513774
767.500000,-64.516129,-64.509864,-64.516552
767.550000,-64.518902,-64.512641,-64.519325
767.600000,-64.521670,-64.515413,-64.522092
767.650000,-64.524433,-64.518179,-64.524855
767.700000,-64.527191,-64.520941,-64.527613
767.750000,-64.529943,-64.523697,-64.530365
767.800000,-64.532691,-64.526448,-64.533112
767.850000,-64.535433,-64.529194,-64.535855
767.900000,-64.538170,-64.531935,-64.538592
767.950000,-64.540903,-64.534671,-64.541324
768.000000,-64.543630,-64.537402,-64.544051
768.050000,-64.546352,-64.540128,-64.546773
768.100000,-64.549070,-64.542849,-64.549490
768.150000,-64.551782,-64.545565,-64.552203
768.200000,-64.554489,-64.548276,-64.554910
768.250000,-64.557191,-64.550982,-64.557612
768.300000,-64.559889,-64.553683,-64.560309
768.350000,-64.562581,-64.556379,-64.563001
768.400000,-64.565268,-64.559070,-64.565688
768.450000,-64.567951,-64.561756,-64.568370
768.500000,-64.570628,-64.564437,-64.571048
768.550000,-64.573300,-64.567113,-64.573720
768.600000,-64.575968,-64.569784,-64.576387
768.650000,-64.578631,-64.572450,-64.579050
768.700000,-64.581288,-64.575111,-64.581707
768.750000,-64.583941,-64.577768,-64.584360
768.800000,-64.586589,-64.580419,-64.587008
768.850000,-64.589232,-64.583066,-64.589651
768.900000,-64.591870,-64.585708,-64.592289
768.950000,-64.594503,-64.588345,-64.594922
769.000000,-64.597132,-64.590977,-64.597550
769.050000,-64.599756,-64.593604,-64.600174
769.100000,-64.602374,-64.596226,-64.602792
769.150000,-64.604988,-64.598843,-64.605406
769.200000,-64.607597,-64.601456,-64.608015
769.250000,-64.610202,-64.604064,-64.610619
769.300000,-64.612801,-64.606667,-64.613219
769.350000,-64.615396,-64.609265,-64.615813
769.400000,-64.617986,-64.611859,-64.618403
769.450000,-64.620571,-64.614447,-64.620988
769.500000,-64.623151,-64.617031,-64.623568
769.550000,-64.625727,-64.619610,-64.626144
769.600000,-64.628298,-64.622184,-64.628715
769.650000,-64.630864,-64.624754,-64.631281
769.700000,-64.633425,-64.627319,-64.633842
769.750000,-64.635982,-64.629879,-64.636398
769.800000,-64.638534,-64.632434,-64.638950
769.850000,-64.641081,-64.634985,-64.641497
769.900000,-64.643624,-64.637531,-64.644040
769.950000,-64.646162,-64.640073,-64.646578
770.000000,-64.648695,-64.642609,-64.649111
770.050000,-64.651224,-64.645141,-64.651639
770.100000,-64.653748,-64.647668,-64.654163
770.150000,-64.656267,-64.650191,-64.656682
770.200000,-64.658781,-64.652709,-64.659197
770.250000,-64.661291,-64.655222,-64.661706
770.300000,-64.663797,-64.657731,-64.664212
770.350000,-64.666298,-64.660235,-64.666712
770.400000,-64.668794,-64.662735,-64.669208
770.450000,-64.671285,-64.665230,-64.671700
770.500000,-64.673772,-64.667720,-64.674187
770.550000,-64.676255,-64.670206,-64.676669
770.600000,-64.678732,-64.672687,-64.679146
770.650000,-64.681206,-64.675163,-64.681620
770.700000,-64.683674,-64.677635,-64.684088
770.750000,-64.686138,-64.680103,-64.686552
770.800000,-64.688598,-64.682565,-64.689012
770.850000,-64.691053,-64.685024,-64.691467
770.900000,-64.693504,-64.687478,-64.693917
770.950000,-64.695950,-64.689927,-64.696363
771.000000,-64.698391,-64.692372,-64.698804
771.050000,-64.700828,-64.694812,-64.701241
771.100000,-64.703261,-64.697248,-64.703674
771.150000,-64.705689,-64.699679,-64.706102
771.200000,-64.708112,-64.702106,-64.708525
771.250000,-64.710531,-64.704528,-64.710944
771.300000,-64.712946,-64.706946,-64.713359
771.350000,-64.715356,-64.709360,-64.715769
771.400000,-64.717762,-64.711769,-64.718174
771.450000,-64.720163,-64.714173,-64.720576
771.500000,-64.722560,-64.716573,-64.722973
771.550000,-64.724953,-64.718969,-64.725365
771.600000,-64.727341,-64.721360,-64.727753
771.650000,-64.729725,-64.723747,-64.730137
771.700000,-64.732104,-64.726130,-64.732516
771.750000,-64.734479,-64.728508,-64.734891
771.800000,-64.736850,-64.730882,-64.737261
771.850000,-64.739216,-64.733251,-64.739627
771.900000,-64.741578,-64.735616,-64.741989
771.950000,-64.743935,-64.737977,-64.744346
772.000000,-64.746289,-64.740333,-64.746700
772.050000,-64.748637,-64.742685,-64.749048
772.100000,-64.750982,-64.745033,-64.751393
772.150000,-64.753322,-64.747376,-64.753733
772.200000,-64.755658,-64.749715,-64.756069
772.250000,-64.757990,-64.752050,-64.758400
772.300000,-64.760317,-64.754380,-64.760727
772.350000,-64.762640,-64.756707,-64.763050
772.400000,-64.764959,-64.759028,-64.765369
772.450000,-64.767273,-64.761346,-64.767683
772.500000,-64.769584,-64.763659,-64.769994
772.550000,-64.771890,-64.765968,-64.772299
772.600000,-64.774191,-64.768273,-64.774601
772.650000,-64.776489,-64.770574,-64.776899
772.700000,-64.778782,-64.772870,-64.779192
772.750000,-64.781071,-64.775162,-64.781481
772.800000,-64.783356,-64.777450,-64.783765
772.850000,-64.785637,-64.779734,-64.786046
772.900000,-64.787913,-64.782013,-64.788322
772.950000,-64.790186,-64.784289,-64.790595
773.000000,-64.792454,-64.786560,-64.792863
773.050000,-64.794718,-64.788827,-64.795126
773.100000,-64.796977,-64.791089,-64.797386
773.150000,-64.799233,-64.793348,-64.799642
773.200000,-64.801485,-64.795603,-64.801893
773.250000,-64.803732,-64.797853,-64.804140
773.300000,-64.805975,-64.800099,-64.806383
773.350000,-64.808214,-64.802341,-64.808622
773.400000,-64.810449,-64.804579,-64.810857
773.450000,-64.812680,-64.806813,-64.813088
773.500000,-64.814907,-64.809042,-64.815315
773.550000,-64.817129,-64.811268,-64.817537
773.600000,-64.819348,-64.813490,-64.819756
773.650000,-64.821562,-64.815707,-64.821970
773.700000,-64.823773,-64.817920,-64.824180
773.750000,-64.825979,-64.820130,-64.826387
773.800000,-64.828181,-64.822335,-64.828589
773.850000,-64.830380,-64.824536,-64.830787
773.900000,-64.832574,-64.826733,-64.832981
773.950000,-64.834764,-64.828926,-64.835171
774.000000,-64.836950,-64.831115,-64.837357
774.050000,-64.839132,-64.833300,-64.839539
774.100000,-64.841310,-64.835481,-64.841717
774.150000,-64.843485,-64.837658,-64.843891
774.200000,-64.845655,-64.839831,-64.846061
774.250000,-64.847821,-64.842000,-64.848227
774.300000,-64.849983,-64.844165,-64.850389
774.350000,-64.852141,-64.846326,-64.852547
774.400000,-64.854295,-64.848483,-64.854702
774.450000,-64.856446,-64.850636,-64.856852
774.500000,-64.858592,-64.852785,-64.858998
774.550000,-64.860734,-64.854931,-64.861140
774.600000,-64.862873,-64.857072,-64.863278
774.650000,-64.865007,-64.859209,-64.865413
774.700000,-64.867138,-64.861343,-64.867543
774.750000,-64.869264,-64.863472,-64.869670
774.800000,-64.871387,-64.865598,-64.871793
774.850000,-64.873506,-64.867719,-64.873911
774.900000,-64.875621,-64.869837,-64.876026
774.950000,-64.877732,-64.871951,-64.878137
775.000000,-64.879839,-64.874061,-64.880244
775.050000,-64.881942,-64.876167,-64.882348
775.100000,-64.884042,-64.878269,-64.884447
775.150000,-64.886138,-64.880367,-64.886542
775.200000,-64.888229,-64.882462,-64.888634
775.250000,-64.890317,-64.884553,-64.890722
775.300000,-64.892401,-64.886639,-64.892806
775.350000,-64.894482,-64.888722,-64.894886
775.400000,-64.896558,-64.890802,-64.896962
775.450000,-64.898631,-64.892877,-64.899035
775.500000,-64.900699,-64.894948,-64.901104
775.550000,-64.902764,-64.897016,-64.903169
775.600000,-64.904826,-64.899080,-64.905230
775.650000,-64.906883,-64.901140,-64.907287
775.700000,-64.908937,-64.903197,-64.909341
775.750000,-64.910987,-64.905249,-64.911390
775.800000,-64.913033,-64.907298,-64.913437
775.850000,-64.915075,-64.909343,-64.915479
775.900000,-64.917114,-64.911384,-64.917517
775.950000,-64.919149,-64.913422,-64.919552
776.000000,-64.921180,-64.915456,-64.921583
776.050000,-64.923207,-64.917486,-64.923611
776.100000,-64.925231,-64.919512,-64.925634
776.150000,-64.927251,-64.921535,-64.927654
776.200000,-64.929267,-64.923554,-64.929670
776.250000,-64.931279,-64.925569,-64.931683
776.300000,-64.933288,-64.927580,-64.933691
776.350000,-64.935294,-64.929588,-64.935697
776.400000,-64.937295,-64.931592,-64.937698
776.450000,-64.939293,-64.933593,-64.939696
776.500000,-64.941287,-64.935589,-64.941690
776.550000,-64.943278,-64.937583,-64.943680
776.600000,-64.945264,-64.939572,-64.945667
776.650000,-64.947248,-64.941558,-64.947650
776.700000,-64.949227,-64.943540,-64.949630
776.750000,-64.951203,-64.945518,-64.951605
776.800000,-64.953175,-64.947493,-64.953578
776.850000,-64.955144,-64.949465,-64.955546
776.900000,-64.957109,-64.951432,-64.957511
776.950000,-64.959071,-64.953396,-64.959473
777.000000,-64.961028,-64.955357,-64.961430
777.050000,-64.962983,-64.957313,-64.963385
777.100000,-64.964933,-64.959267,-64.965335
777.150000,-64.966880,-64.961216,-64.967282
777.200000,-64.968824,-64.963162,-64.969226
777.250000,-64.970764,-64.965105,-64.971166
777.300000,-64.972700,-64.967044,-64.973102
777.350000,-64.974633,-64.968979,-64.975035
777.400000,-64.976562,-64.970911,-64.976964
777.450000,-64.978488,-64.972839,-64.978890
777.500000,-64.980410,-64.974764,-64.980812
777.550000,-64.982329,-64.976685,-64.982730
777.600000,-64.984244,-64.978603,-64.984646
777.650000,-64.986156,-64.980517,-64.986557
777.700000,-64.988064,-64.982428,-64.988465
777.750000,-64.989969,-64.984335,-64.990370
777.800000,-64.991870,-64.986239,-64.992271
777.850000,-64.993768,-64.988139,-64.994169
777.900000,-64.995662,-64.990036,-64.996063
777.950000,-64.997553,-64.991929,-64.997953
778.000000,-64.999440,-64.993818,-64.999841
778.050000,-65.001324,-64.995705,-65.001724
778.100000,-65.003204,-64.997588,-65.003605
778.150000,-65.005081,-64.999467,-65.005482
778.200000,-65.006954,-65.001343,-65.007355
778.250000,-65.008825,-65.003215,-65.009225
778.300000,-65.010691,-65.005084,-65.011091
778.350000,-65.012554,-65.006950,-65.012955
778.400000,-65.014414,-65.008812,-65.014814
778.450000,-65.016270,-65.010671,-65.016671
778.500000,-65.018123,-65.012526,-65.018523
778.550000,-65.019973,-65.014378,-65.020373
778.600000,-65.021819,-65.016227,-65.022219
778.650000,-65.023662,-65.018072,-65.024062
778.700000,-65.025501,-65.019914,-65.025901
778.750000,-65.027337,-65.021752,-65.027737
778.800000,-65.029170,-65.023587,-65.029570
778.850000,-65.030999,-65.025419,-65.031399
778.900000,-65.032825,-65.027247,-65.033225
778.950000,-65.034648,-65.029072,-65.035047
779.000000,-65.036467,-65.030894,-65.036866
779.050000,-65.038283,-65.032712,-65.038682
779.100000,-65.040095,-65.034527,-65.040495
779.150000,-65.041905,-65.036339,-65.042304
779.200000,-65.043711,-65.038147,-65.044110
779.250000,-65.045513,-65.039952,-65.045913
779.300000,-65.047313,-65.041754,-65.047712
779.350000,-65.049109,-65.043552,-65.049508
779.400000,-65.050901,-65.045347,-65.051300
779.450000,-65.052691,-65.047139,-65.053090
779.500000,-65.054477,-65.048927,-65.054876
779.550000,-65.056260,-65.050713,-65.056659
779.600000,-65.058040,-65.052494,-65.058438
779.650000,-65.059816,-65.054273,-65.060215
779.700000,-65.061589,-65.056049,-65.061988
779.750000,-65.063359,-65.057821,-65.063758
779.800000,-65.065126,-65.059590,-65.065524
779.850000,-65.066889,-65.061355,-65.067288
779.900000,-65.068649,-65.063118,-65.069048
779.950000,-65.070406,-65.064877,-65.070805
780.000000,-65.072160,-65.066633,-65.072558
780.050000,-65.073910,-65.068386,-65.074309
780.100000,-65.075658,-65.070135,-65.076056
780.150000,-65.077402,-65.071882,-65.077800
780.200000,-65.079143,-65.073625,-65.079541
780.250000,-65.080881,-65.075365,-65.081279
780.300000,-65.082615,-65.077102,-65.083013
780.350000,-65.084346,-65.078835,-65.084744
780.400000,-65.086075,-65.080566,-65.086473
780.450000,-65.087800,-65.082293,-65.088197
780.500000,-65.089521,-65.084017,-65.089919
780.550000,-65.091240,-65.085738,-65.091638
780.600000,-65.092956,-65.087456,-65.093353
780.650000,-65.094668,-65.089170,-65.095066
780.700000,-65.096377,-65.090882,-65.096775
780.750000,-65.098084,-65.092590,-65.098481
780.800000,-65.099787,-65.094296,-65.100184
780.850000,-65.101487,-65.095998,-65.101884
780.900000,-65.103183,-65.097697,-65.103581
780.950000,-65.104877,-65.099393,-65.105274
781.000000,-65.106568,-65.101085,-65.106965
781.050000,-65.108255,-65.102775,-65.108652
781.100000,-65.109940,-65.104462,-65.110337
781.150000,-65.111621,-65.106145,-65.112018
781.200000,-65.113299,-65.107826,-65.113696
781.250000,-65.114974,-65.109503,-65.115371
781.300000,-65.116646,-65.111177,-65.117043
781.350000,-65.118315,-65.112848,-65.118712
781.400000,-65.119981,-65.114516,-65.120378
781.450000,-65.121644,-65.116182,-65.122041
781.500000,-65.123304,-65.117844,-65.123701
781.550000,-65.124961,-65.119503,-65.125358
781.600000,-65.126615,-65.121159,-65.127012
781.650000,-65.128266,-65.122811,-65.128662
781.700000,-65.129914,-65.124461,-65.130310
781.750000,-65.131558,-65.126108,-65.131955
781.800000,-65.133200,-65.127752,-65.133597
781.850000,-65.134839,-65.129393,-65.135235
781.900000,-65.136475,-65.131031,-65.136871
781.950000,-65.138107,-65.132666,-65.138504
782.000000,-65.139737,-65.134298,-65.140133
782.050000,-65.141364,-65.135926,-65.141760
782.100000,-65.142988,-65.137552,-65.143384
782.150000,-65.144608,-65.139175,-65.145005
782.200000,-65.146226,-65.140795,-65.146623
782.250000,-65.147841,-65.142412,-65.148237
782.300000,-65.149453,-65.144026,-65.149849
782.350000,-65.151062,-65.145637,-65.151458
782.400000,-65.152668,-65.147245,-65.153064
782.450000,-65.154271,-65.148851,-65.154667
782.500000,-65.155872,-65.150453,-65.156268
782.550000,-65.157469,-65.152052,-65.157865
782.600000,-65.159063,-65.153649,-65.159459
782.650000,-65.160655,-65.155242,-65.161050
782.700000,-65.162243,-65.156833,-65.162639
782.750000,-65.163829,-65.158420,-65.164224
782.800000,-65.165411,-65.160005,-65.165807
782.850000,-65.166991,-65.161587,-65.167387
782.900000,-65.168568,-65.163166,-65.168964
782.950000,-65.170142,-65.164742,-65.170538
783.000000,-65.171713,-65.166315,-65.172109
783.050000,-65.173282,-65.167885,-65.173677
783.100000,-65.174847,-65.169453,-65.175242
783.150000,-65.176410,-65.171017,-65.176805
783.200000,-65.177969,-65.172579,-65.178365
783.250000,-65.179526,-65.174138,-65.179921
783.300000,-65.181080,-65.175694,-65.181475
783.350000,-65.182631,-65.177247,-65.183026
783.400000,-65.184180,-65.178797,-65.184575
783.450000,-65.185725,-65.180345,-65.186120
783.500000,-65.187268,-65.181889,-65.187663
783.550000,-65.188807,-65.183431,-65.189203
783.600000,-65.190344,-65.184970,-65.190740
783.650000,-65.191879,-65.186506,-65.192274
783.700000,-65.193410,-65.188040,-65.193805
783.750000,-65.194939,-65.189570,-65.195334
783.800000,-65.196465,-65.191098,-65.196859
783.850000,-65.197988,-65.192623,-65.198382
783.900000,-65.199508,-65.194145,-65.199903
783.950000,-65.201025,-65.195664,-65.201420
784.000000,-65.202540,-65.197181,-65.202935
784.050000,-65.204052,-65.198695,-65.204447
784.100000,-65.205561,-65.200206,-65.205956
784.150000,-65.207067,-65.201714,-65.207462
784.200000,-65.208571,-65.203220,-65.208966
784.250000,-65.210072,-65.204723,-65.210466
784.300000,-65.211570,-65.206223,-65.211965
784.350000,-65.213065,-65.207720,-65.213460
784.400000,-65.214558,-65.209215,-65.214953
784.450000,-65.216048,-65.210706,-65.216442
784.500000,-65.217535,-65.212196,-65.217930
784.550000,-65.219020,-65.213682,-65.219414
784.600000,-65.220501,-65.215166,-65.220896
784.650000,-65.221981,-65.216647,-65.222375
784.700000,-65.223457,-65.218125,-65.223851
784.750000,-65.224931,-65.219600,-65.225325
784.800000,-65.226402,-65.221073,-65.226796
784.850000,-65.227870,-65.222544,-65.228264
784.900000,-65.229335,-65.224011,-65.229730
784.950000,-65.230798,-65.225476,-65.231193
785.000000,-65.232259,-65.226938,-65.232653
785.050000,-65.233716,-65.228397,-65.234110
785.100000,-65.235171,-65.229854,-65.235565
785.150000,-65.236623,-65.231308,-65.237018
785.200000,-65.238073,-65.232760,-65.238467
785.250000,-65.239520,-65.234209,-65.239914
785.300000,-65.240964,-65.235655,-65.241358
785.350000,-65.242406,-65.237098,-65.242800
785.400000,-65.243845,-65.238539,-65.244239
785.450000,-65.245282,-65.239977,-65.245675
785.500000,-65.246715,-65.241413,-65.247109
785.550000,-65.248147,-65.242846,-65.248540
785.600000,-65.249575,-65.244276,-65.249969
785.650000,-65.251001,-65.245704,-65.251395
785.700000,-65.252424,-65.247129,-65.252818
785.750000,-65.253845,-65.248552,-65.254239
785.800000,-65.255263,-65.249972,-65.255657
785.850000,-65.256679,-65.251389,-65.257072
785.900000,-65.258092,-65.252804,-65.258485
785.950000,-65.259502,-65.254216,-65.259896
786.000000,-65.260910,-65.255626,-65.261304
786.050000,-65.262315,-65.257033,-65.262709
786.100000,-65.263718,-65.258437,-65.264111
786.150000,-65.265118,-65.259839,-65.265512
786.200000,-65.266516,-65.261239,-65.266909
786.250000,-65.267911,-65.262635,-65.268304
786.300000,-65.269303,-65.264030,-65.269697
786.350000,-65.270693,-65.265421,-65.271086
786.400000,-65.272080,-65.266811,-65.272474
786.450000,-65.273465,-65.268197,-65.273859
786.500000,-65.274848,-65.269581,-65.275241
786.550000,-65.276227,-65.270963,-65.276621
786.600000,-65.277605,-65.272342,-65.277998
786.650000,-65.278980,-65.273718,-65.279373
786.700000,-65.280352,-65.275092,-65.280745
786.750000,-65.281722,-65.276464,-65.282115
786.800000,-65.283089,-65.277833,-65.283482
786.850000,-65.284454,-65.279199,-65.284847
786.900000,-65.285816,-65.280563,-65.286209
786.950000,-65.287176,-65.281925,-65.287569
787.000000,-65.288533,-65.283284,-65.288926
787.050000,-65.289888,-65.284640,-65.290281
787.100000,-65.291240,-65.285994,-65.291633
787.150000,-65.292590,-65.287346,-65.292983
787.200000,-65.293937,-65.288695,-65.294330
787.250000,-65.295282,-65.290042,-65.295675
787.300000,-65.296625,-65.291386,-65.297018
787.350000,-65.297965,-65.292728,-65.298358
787.400000,-65.299302,-65.294067,-65.299695
787.450000,-65.300638,-65.295404,-65.301030
787.500000,-65.301970,-65.296738,-65.302363
787.550000,-65.303301,-65.298070,-65.303693
787.600000,-65.304628,-65.299400,-65.305021
787.650000,-65.305954,-65.300727,-65.306347
787.700000,-65.307277,-65.302052,-65.307670
787.750000,-65.308597,-65.303374,-65.308990
787.800000,-65.309916,-65.304694,-65.310308
787.850000,-65.311231,-65.306011,-65.311624
787.900000,-65.312545,-65.307326,-65.312937
787.950000,-65.313856,-65.308639,-65.314248
788.000000,-65.315164,-65.309949,-65.315557
788.050000,-65.316471,-65.311257,-65.316863
788.100000,-65.317774,-65.312563,-65.318167
788.150000,-65.319076,-65.313866,-65.319468
788.200000,-65.320375,-65.315166,-65.320767
788.250000,-65.321672,-65.316465,-65.322064
788.300000,-65.322966,-65.317761,-65.323358
788.350000,-65.324258,-65.319054,-65.324650
788.400000,-65.325548,-65.320346,-65.325940
788.450000,-65.326835,-65.321634,-65.327227
788.500000,-65.328120,-65.322921,-65.328512
788.550000,-65.329402,-65.324205,-65.329795
788.600000,-65.330683,-65.325487,-65.331075
788.650000,-65.331961,-65.326767,-65.332353
788.700000,-65.333236,-65.328044,-65.333628
788.750000,-65.334509,-65.329319,-65.334902
788.800000,-65.335780,-65.330591,-65.336173
788.850000,-65.337049,-65.331861,-65.337441
788.900000,-65.338315,-65.333129,-65.338707
788.950000,-65.339579,-65.334395,-65.339971
789.000000,-65.340841,-65.335658,-65.341233
789.050000,-65.342100,-65.336919,-65.342492
789.100000,-65.343357,-65.338178,-65.343749
789.150000,-65.344612,-65.339434,-65.345004
789.200000,-65.345865,-65.340688,-65.346257
789.250000,-65.347115,-65.341940,-65.347507
789.300000,-65.348363,-65.343189,-65.348755
789.350000,-65.349608,-65.344437,-65.350000
789.400000,-65.350852,-65.345682,-65.351244
789.450000,-65.352093,-65.346924,-65.352485
789.500000,-65.353332,-65.348165,-65.353724
789.550000,-65.354568,-65.349403,-65.354960
789.600000,-65.355803,-65.350639,-65.356195
789.650000,-65.357035,-65.351872,-65.357427
789.700000,-65.358265,-65.353104,-65.358657
789.750000,-65.359492,-65.354333,-65.359884
789.800000,-65.360718,-65.355560,-65.361109
789.850000,-65.361941,-65.356785,-65.362333
789.900000,-65.363162,-65.358007,-65.363553
789.950000,-65.364380,-65.359227,-65.364772
790.000000,-65.365597,-65.360445,-65.365989
790.050000,-65.366811,-65.361661,-65.367203
790.100000,-65.368023,-65.362875,-65.368415
790.150000,-65.369233,-65.364086,-65.369625
790.200000,-65.370440,-65.365295,-65.370832
790.250000,-65.371646,-65.366502,-65.372038
790.300000,-65.372849,-65.367707,-65.373241
790.350000,-65.374050,-65.368909,-65.374442
790.400000,-65.375249,-65.370110,-65.375641
790.450000,-65.376445,-65.371308,-65.376837
790.500000,-65.377640,-65.372504,-65.378032
790.550000,-65.378832,-65.373697,-65.379224
790.600000,-65.380022,-65.374889,-65.380414
790.650000,-65.381210,-65.376078,-65.381602
790.700000,-65.382396,-65.377266,-65.382788
790.750000,-65.383580,-65.378451,-65.383971
790.800000,-65.384761,-65.379634,-65.385153
790.850000,-65.385940,-65.380815,-65.386332
790.900000,-65.387118,-65.381993,-65.387509
790.950000,-65.388293,-65.383170,-65.388684
791.000000,-65.389466,-65.384344,-65.389857
791.050000,-65.390636,-65.385516,-65.391028
791.100000,-65.391805,-65.386686,-65.392196
791.150000,-65.392971,-65.387854,-65.393363
791.200000,-65.394136,-65.389020,-65.394527
791.250000,-65.395298,-65.390184,-65.395689
791.300000,-65.396458,-65.391345,-65.396850
791.350000,-65.397616,-65.392505,-65.398008
791.400000,-65.398772,-65.393662,-65.399163
791.450000,-65.399926,-65.394817,-65.400317
791.500000,-65.401077,-65.395971,-65.401469
791.550000,-65.402227,-65.397122,-65.402618
791.600000,-65.403374,-65.398270,-65.403766
791.650000,-65.404520,-65.399417,-65.404911
791.700000,-65.405663,-65.400562,-65.406055
791.750000,-65.406804,-65.401705,-65.407196
791.800000,-65.407944,-65.402845,-65.408335
791.850000,-65.409081,-65.403984,-65.409472
791.900000,-65.410216,-65.405120,-65.410607
791.950000,-65.411349,-65.406255,-65.411740
792.000000,-65.412479,-65.407387,-65.412871
792.050000,-65.413608,-65.408517,-65.414000
792.100000,-65.414735,-65.409645,-65.415126
792.150000,-65.415860,-65.410771,-65.416251
792.200000,-65.416982,-65.411895,-65.417374
792.250000,-65.418103,-65.413018,-65.418494
792.300000,-65.419222,-65.414137,-65.419613
792.350000,-65.420338,-65.415255,-65.420729
792.400000,-65.421453,-65.416371,-65.421844
792.450000,-65.422565,-65.417485,-65.422956
792.500000,-65.423676,-65.418597,-65.424067
792.550000,-65.424784,-65.419707,-65.425175
792.600000,-65.425890,-65.420815,-65.426282
792.650000,-65.426995,-65.421920,-65.427386
792.700000,-65.428097,-65.423024,-65.428488
792.750000,-65.429198,-65.424126,-65.429589
792.800000,-65.430296,-65.425226,-65.430687
792.850000,-65.431392,-65.426323,-65.431783
792.900000,-65.432487,-65.427419,-65.432878
792.950000,-65.433579,-65.428513,-65.433970
793.000000,-65.434669,-65.429605,-65.435061
793.050000,-65.435758,-65.430694,-65.436149
793.100000,-65.436844,-65.431782,-65.437235
793.150000,-65.437929,-65.432868,-65.438320
793.200000,-65.439011,-65.433952,-65.439402
793.250000,-65.440092,-65.435034,-65.440483
793.300000,-65.441170,-65.436114,-65.441561
793.350000,-65.442247,-65.437192,-65.442638
793.400000,-65.443321,-65.438268,-65.443713
793.450000,-65.444394,-65.439342,-65.444785
793.500000,-65.445465,-65.440414,-65.445856
793.550000,-65.446534,-65.441484,-65.446925
793.600000,-65.447600,-65.442552,-65.447992
793.650000,-65.448665,-65.443618,-65.449056
793.700000,-65.449728,-65.444682,-65.450119
793.750000,-65.450789,-65.445745,-65.451180
793.800000,-65.451848,-65.446805,-65.452239
793.850000,-65.452905,-65.447864,-65.453297
793.900000,-65.453961,-65.448920,-65.454352
793.950000,-65.455014,-65.449975,-65.455405
794.000000,-65.456065,-65.451027,-65.456456
794.050000,-65.457115,-65.452078,-65.457506
794.100000,-65.458162,-65.453127,-65.458553
794.150000,-65.459208,-65.454174,-65.459599
794.200000,-65.460252,-65.455219,-65.460643
794.250000,-65.461294,-65.456262,-65.461685
794.300000,-65.462334,-65.457303,-65.462725
794.350000,-65.463372,-65.458343,-65.463763
794.400000,-65.464408,-65.459380,-65.464799
794.450000,-65.465442,-65.460416,-65.465833
794.500000,-65.466475,-65.461450,-65.466866
794.550000,-65.467505,-65.462481,-65.467896
794.600000,-65.468534,-65.463511,-65.468925
794.650000,-65.469561,-65.464539,-65.469952
794.700000,-65.470585,-65.465566,-65.470976
794.750000,-65.471609,-65.466590,-65.472000
794.800000,-65.472630,-65.467612,-65.473021
794.850000,-65.473649,-65.468633,-65.474040
794.900000,-65.474667,-65.469652,-65.475058
794.950000,-65.475682,-65.470669,-65.476073
795.000000,-65.476696,-65.471684,-65.477087
795.050000,-65.477708,-65.472697,-65.478099
795.100000,-65.478718,-65.473708,-65.479109
795.150000,-65.479726,-65.474718,-65.480117
795.200000,-65.480733,-65.475725,-65.481124
795.250000,-65.481737,-65.476731,-65.482128
795.300000,-65.482740,-65.477735,-65.483131
795.350000,-65.483741,-65.478738,-65.484132
795.400000,-65.484740,-65.479738,-65.485131
795.450000,-65.485737,-65.480736,-65.486128
795.500000,-65.486733,-65.481733,-65.487124
795.550000,-65.487727,-65.482728,-65.488118
795.600000,-65.488719,-65.483721,-65.489109
795.650000,-65.489709,-65.484713,-65.490100
795.700000,-65.490697,-65.485702,-65.491088
795.750000,-65.491683,-65.486690,-65.492074
795.800000,-65.492668,-65.487676,-65.493059
795.850000,-65.493651,-65.488660,-65.494042
795.900000,-65.494632,-65.489642,-65.495023
795.950000,-65.495611,-65.490623,-65.496002
796.000000,-65.496589,-65.491601,-65.496980
796.050000,-65.497565,-65.492578,-65.497956
796.100000,-65.498539,-65.493554,-65.498930
796.150000,-65.499511,-65.494527,-65.499902
796.200000,-65.500481,-65.495499,-65.500872
796.250000,-65.501450,-65.496469,-65.501841
796.300000,-65.502417,-65.497437,-65.502808
796.350000,-65.503382,-65.498403,-65.503773
796.400000,-65.504346,-65.499368,-65.504737
796.450000,-65.505307,-65.500331,-65.505698
796.500000,-65.506267,-65.501292,-65.506658
796.550000,-65.507225,-65.502251,-65.507616
796.600000,-65.508182,-65.503209,-65.508573
796.650000,-65.509137,-65.504165,-65.509527
796.700000,-65.510090,-65.505119,-65.510480
796.750000,-65.511041,-65.506071,-65.511432
796.800000,-65.511990,-65.507022,-65.512381
796.850000,-65.512938,-65.507971,-65.513329
796.900000,-65.513884,-65.508918,-65.514275
796.950000,-65.514828,-65.509864,-65.515219
797.000000,-65.515771,-65.510807,-65.516162
797.050000,-65.516712,-65.511749,-65.517103
797.100000,-65.517651,-65.512690,-65.518042
797.150000,-65.518589,-65.513628,-65.518980
797.200000,-65.519524,-65.514565,-65.519915
797.250000,-65.520459,-65.515501,-65.520849
797.300000,-65.521391,-65.516434,-65.521782
797.350000,-65.522322,-65.517366,-65.522713
797.400000,-65.523251,-65.518296,-65.523642
797.450000,-65.524178,-65.519225,-65.524569
797.500000,-65.525104,-65.520151,-65.525494
797.550000,-65.526027,-65.521076,-65.526418
797.600000,-65.526950,-65.522000,-65.527341
797.650000,-65.527870,-65.522922,-65.528261
797.700000,-65.528789,-65.523842,-65.529180
797.750000,-65.529707,-65.524760,-65.530097
797.800000,-65.530622,-65.525677,-65.531013
797.850000,-65.531536,-65.526592,-65.531927
797.900000,-65.532448,-65.527505,-65.532839
797.950000,-65.533359,-65.528417,-65.533750
798.000000,-65.534268,-65.529327,-65.534659
798.050000,-65.535175,-65.530235,-65.535566
798.100000,-65.536081,-65.531142,-65.536472
798.150000,-65.536985,-65.532047,-65.537376
798.200000,-65.537887,-65.532951,-65.538278
798.250000,-65.538788,-65.533853,-65.539179
798.300000,-65.539687,-65.534753,-65.540078
798.350000,-65.540584,-65.535651,-65.540975
798.400000,-65.541480,-65.536548,-65.541871
798.450000,-65.542375,-65.537444,-65.542766
798.500000,-65.543267,-65.538337,-65.543658
798.550000,-65.544158,-65.539229,-65.544549
798.600000,-65.545047,-65.540120,-65.545438
798.650000,-65.545935,-65.541009,-65.546326
798.700000,-65.546821,-65.541896,-65.547212
798.750000,-65.547706,-65.542782,-65.548097
798.800000,-65.548589,-65.543666,-65.548980
798.850000,-65.549470,-65.544548,-65.549861
798.900000,-65.550350,-65.545429,-65.550741
798.950000,-65.551228,-65.546308,-65.551619
799.000000,-65.552104,-65.547185,-65.552495
799.050000,-65.552979,-65.548061,-65.553370
799.100000,-65.553852,-65.548936,-65.554244
799.150000,-65.554724,-65.549809,-65.555115
799.200000,-65.555594,-65.550680,-65.555985
799.250000,-65.556463,-65.551550,-65.556854
799.300000,-65.557330,-65.552418,-65.557721
799.350000,-65.558195,-65.553284,-65.558586
799.400000,-65.559059,-65.554149,-65.559450
799.450000,-65.559922,-65.555012,-65.560313
799.500000,-65.560782,-65.555874,-65.561173
799.550000,-65.561641,-65.556734,-65.562032
799.600000,-65.562499,-65.557593,-65.562890
799.650000,-65.563355,-65.558450,-65.563746
799.700000,-65.564210,-65.559306,-65.564601
799.750000,-65.565062,-65.560160,-65.565454
799.800000,-65.565914,-65.561012,-65.566305
799.850000,-65.566764,-65.561863,-65.567155
799.900000,-65.567612,-65.562712,-65.568003
799.950000,-65.568459,-65.563560,-65.568850
800.000000,-65.569304,-65.564406,-65.569695
800.050000,-65.570148,-65.565251,-65.570539
800.100000,-65.570990,-65.566094,-65.571381
800.150000,-65.571830,-65.566936,-65.572222
800.200000,-65.572670,-65.567776,-65.573061
800.250000,-65.573507,-65.568615,-65.573898
800.300000,-65.574343,-65.569452,-65.574734
800.350000,-65.575178,-65.570287,-65.575569
800.400000,-65.576011,-65.571121,-65.576402
800.450000,-65.576842,-65.571954,-65.577233
800.500000,-65.577672,-65.572785,-65.578064
800.550000,-65.578501,-65.573615,-65.578892
800.600000,-65.579328,-65.574443,-65.579719
800.650000,-65.580153,-65.575269,-65.580545
800.700000,-65.580977,-65.576094,-65.581369
800.750000,-65.581800,-65.576918,-65.582191
800.800000,-65.582621,-65.577740,-65.583012
800.850000,-65.583440,-65.578560,-65.583832
800.900000,-65.584258,-65.579379,-65.584650
800.950000,-65.585075,-65.580197,-65.585466
801.000000,-65.585890,-65.581013,-65.586281
801.050000,-65.586704,-65.581828,-65.587095
801.100000,-65.587516,-65.582641,-65.587907
801.150000,-65.588326,-65.583452,-65.588718
801.200000,-65.589136,-65.584262,-65.589527
801.250000,-65.589943,-65.585071,-65.590335
801.300000,-65.590750,-65.585878,-65.591141
801.350000,-65.591554,-65.586684,-65.591946
801.400000,-65.592358,-65.587488,-65.592749
801.450000,-65.593160,-65.588291,-65.593551
801.500000,-65.593960,-65.589093,-65.594351
801.550000,-65.594759,-65.589893,-65.595150
801.600000,-65.595556,-65.590691,-65.595948
801.650000,-65.596353,-65.591488,-65.596744
801.700000,-65.597147,-65.592284,-65.597538
801.750000,-65.597940,-65.593078,-65.598332
801.800000,-65.598732,-65.593871,-65.599123
801.850000,-65.599522,-65.594662,-65.599914
801.900000,-65.600311,-65.595452,-65.600703
801.950000,-65.601099,-65.596240,-65.601490
802.000000,-65.601885,-65.597027,-65.602276
802.050000,-65.602669,-65.597813,-65.603061
802.100000,-65.603453,-65.598597,-65.603844
802.150000,-65.604234,-65.599380,-65.604626
802.200000,-65.605015,-65.600161,-65.605406
802.250000,-65.605793,-65.600941,-65.606185
802.300000,-65.606571,-65.601719,-65.606962
802.350000,-65.607347,-65.602496,-65.607738
802.400000,-65.608122,-65.603272,-65.608513
802.450000,-65.608895,-65.604046,-65.609286
802.500000,-65.609667,-65.604819,-65.610058
802.550000,-65.610437,-65.605590,-65.610829
802.600000,-65.611207,-65.606360,-65.611598
802.650000,-65.611974,-65.607129,-65.612366
802.700000,-65.612740,-65.607896,-65.613132
802.750000,-65.613505,-65.608662,-65.613897
802.800000,-65.614269,-65.609426,-65.614660
802.850000,-65.615031,-65.610190,-65.615423
802.900000,-65.615792,-65.610951,-65.616183
802.950000,-65.616551,-65.611712,-65.616943
803.000000,-65.617309,-65.612470,-65.617701
803.050000,-65.618066,-65.613228,-65.618457
803.100000,-65.618821,-65.613984,-65.619213
803.150000,-65.619575,-65.614739,-65.619966
803.200000,-65.620327,-65.615492,-65.620719
803.250000,-65.621079,-65.616245,-65.621470
803.300000,-65.621828,-65.616995,-65.622220
803.350000,-65.622577,-65.617745,-65.622968
803.400000,-65.623324,-65.618493,-65.623716
803.450000,-65.624070,-65.619239,-65.624461
803.500000,-65.624814,-65.619985,-65.625206
803.550000,-65.625557,-65.620728,-65.625949
803.600000,-65.626299,-65.621471,-65.626690
803.650000,-65.627039,-65.622212,-65.627431
803.700000,-65.627778,-65.622952,-65.628170
803.750000,-65.628516,-65.623691,-65.628907
803.800000,-65.629252,-65.624428,-65.629644
803.850000,-65.629987,-65.625164,-65.630379
803.900000,-65.630721,-65.625898,-65.631112
803.950000,-65.631453,-65.626632,-65.631845
804.000000,-65.632184,-65.627363,-65.632576
804.050000,-65.632914,-65.628094,-65.633305
804.100000,-65.633642,-65.628823,-65.634034
804.150000,-65.634369,-65.629551,-65.634761
804.200000,-65.635095,-65.630278,-65.635487
804.250000,-65.635819,-65.631003,-65.636211
804.300000,-65.636542,-65.631727,-65.636934
804.350000,-65.637264,-65.632450,-65.637656
804.400000,-65.637985,-65.633171,-65.638376
804.450000,-65.638704,-65.633891,-65.639095
804.500000,-65.639422,-65.634610,-65.639813
804.550000,-65.640138,-65.635327,-65.640530
804.600000,-65.640853,-65.636043,-65.641245
804.650000,-65.641567,-65.636758,-65.641959
804.700000,-65.642280,-65.637472,-65.642672
804.750000,-65.642991,-65.638184,-65.643383
804.800000,-65.643702,-65.638895,-65.644093
804.850000,-65.644410,-65.639605,-65.644802
804.900000,-65.645118,-65.640313,-65.645510
804.950000,-65.645824,-65.641020,-65.646216
805.000000,-65.646529,-65.641726,-65.646921
805.050000,-65.647233,-65.642431,-65.647625
805.100000,-65.647935,-65.643134,-65.648327
805.150000,-65.648636,-65.643836,-65.649028
805.200000,-65.649336,-65.644536,-65.649728
805.250000,-65.650035,-65.645236,-65.650427
805.300000,-65.650732,-65.645934,-65.651124
805.350000,-65.651428,-65.646631,-65.651820
805.400000,-65.652123,-65.647327,-65.652515
805.450000,-65.652817,-65.648021,-65.653209
805.500000,-65.653509,-65.648714,-65.653901
805.550000,-65.654200,-65.649406,-65.654592
805.600000,-65.654890,-65.650097,-65.655282
805.650000,-65.655578,-65.650786,-65.655970
805.700000,-65.656266,-65.651474,-65.656658
805.750000,-65.656952,-65.652161,-65.657344
805.800000,-65.657636,-65.652847,-65.658029
805.850000,-65.658320,-65.653531,-65.658712
805.900000,-65.659002,-65.654214,-65.659394
805.950000,-65.659683,-65.654896,-65.660076
806.000000,-65.660363,-65.655577,-65.660755
806.050000,-65.661042,-65.656257,-65.661434
806.100000,-65.661719,-65.656935,-65.662112
806.150000,-65.662396,-65.657612,-65.662788
806.200000,-65.663071,-65.658288,-65.663463
806.250000,-65.663744,-65.658962,-65.664136
806.300000,-65.664417,-65.659635,-65.664809
806.350000,-65.665088,-65.660308,-65.665480
806.400000,-65.665758,-65.660978,-65.666150
806.450000,-65.666427,-65.661648,-65.666819
806.500000,-65.667095,-65.662317,-65.667487
806.550000,-65.667761,-65.662984,-65.668153
806.600000,-65.668426,-65.663650,-65.668819
806.650000,-65.669090,-65.664315,-65.669483
806.700000,-65.669753,-65.664978,-65.670146
806.750000,-65.670415,-65.665641,-65.670807
806.800000,-65.671075,-65.666302,-65.671468
806.850000,-65.671735,-65.666962,-65.672127
806.900000,-65.672393,-65.667621,-65.672785
806.950000,-65.673050,-65.668279,-65.673442
807.000000,-65.673705,-65.668935,-65.674098
807.050000,-65.674360,-65.669590,-65.674752
807.100000,-65.675013,-65.670245,-65.675405
807.150000,-65.675665,-65.670897,-65.676058
807.200000,-65.676316,-65.671549,-65.676709
807.250000,-65.676966,-65.672200,-65.677358
807.300000,-65.677614,-65.672849,-65.678007
807.350000,-65.678262,-65.673497,-65.678654
807.400000,-65.678908,-65.674144,-65.679301
807.450000,-65.679553,-65.674790,-65.679946
807.500000,-65.680197,-65.675435,-65.680590
807.550000,-65.680840,-65.676078,-65.681232
807.600000,-65.681481,-65.676721,-65.681874
807.650000,-65.682122,-65.677362,-65.682514
807.700000,-65.682761,-65.678002,-65.683154
807.750000,-65.683399,-65.678641,-65.683792
807.800000,-65.684036,-65.679279,-65.684429
807.850000,-65.684672,-65.679915,-65.685065
807.900000,-65.685307,-65.680551,-65.685699
807.950000,-65.685940,-65.681185,-65.686333
808.000000,-65.686573,-65.681818,-65.686965
808.050000,-65.687204,-65.682450,-65.687596
808.100000,-65.687834,-65.683081,-65.688226
808.150000,-65.688463,-65.683711,-65.688855
808.200000,-65.689091,-65.684339,-65.689483
808.250000,-65.689717,-65.684967,-65.690110
808.300000,-65.690343,-65.685593,-65.690735
808.350000,-65.690967,-65.686218,-65.691360
808.400000,-65.691590,-65.686842,-65.691983
808.450000,-65.692213,-65.687465,-65.692605
808.500000,-65.692834,-65.688087,-65.693226
808.550000,-65.693453,-65.688707,-65.693846
808.600000,-65.694072,-65.689327,-65.694465
808.650000,-65.694690,-65.689945,-65.695083
808.700000,-65.695306,-65.690562,-65.695699
808.750000,-65.695922,-65.691179,-65.696315
808.800000,-65.696536,-65.691794,-65.696929
808.850000,-65.697149,-65.692408,-65.697542
808.900000,-65.697761,-65.693020,-65.698154
808.950000,-65.698372,-65.693632,-65.698765
809.000000,-65.698982,-65.694243,-65.699375
809.050000,-65.699591,-65.694852,-65.699984
809.100000,-65.700199,-65.695461,-65.700592
809.150000,-65.700805,-65.696068,-65.701198
809.200000,-65.701411,-65.696674,-65.701804
809.250000,-65.702015,-65.697279,-65.702408
809.300000,-65.702618,-65.697883,-65.703011
809.350000,-65.703221,-65.698486,-65.703614
809.400000,-65.703822,-65.699088,-65.704215
809.450000,-65.704422,-65.699689,-65.704815
809.500000,-65.705021,-65.700288,-65.705414
809.550000,-65.705619,-65.700887,-65.706012
809.600000,-65.706215,-65.701485,-65.706608
809.650000,-65.706811,-65.702081,-65.707204
809.700000,-65.707406,-65.702676,-65.707799
809.750000,-65.707999,-65.703271,-65.708392
809.800000,-65.708592,-65.703864,-65.708985
809.850000,-65.709183,-65.704456,-65.709576
809.900000,-65.709773,-65.705047,-65.710166
809.950000,-65.710363,-65.705637,-65.710756
810.000000,-65.710951,-65.706226,-65.711344
810.050000,-65.711538,-65.706814,-65.711931
810.100000,-65.712124,-65.707400,-65.712517
810.150000,-65.712709,-65.707986,-65.713102
810.200000,-65.713293,-65.708571,-65.713686
810.250000,-65.713876,-65.709154,-65.714269
810.300000,-65.714458,-65.709737,-65.714851
810.350000,-65.715039,-65.710318,-65.715432
810.400000,-65.715618,-65.710899,-65.716012
810.450000,-65.716197,-65.711478,-65.716590
810.500000,-65.716775,-65.712057,-65.717168
810.550000,-65.717351,-65.712634,-65.717745
810.600000,-65.717927,-65.713210,-65.718320
810.650000,-65.718501,-65.713785,-65.718895
810.700000,-65.719075,-65.714360,-65.719468
810.750000,-65.719647,-65.714933,-65.720041
810.800000,-65.720219,-65.715505,-65.720612
810.850000,-65.720789,-65.716076,-65.721183
810.900000,-65.721359,-65.716646,-65.721752
810.950000,-65.721927,-65.717215,-65.722320
811.000000,-65.722494,-65.717783,-65.722888
811.050000,-65.723060,-65.718350,-65.723454
811.100000,-65.723626,-65.718916,-65.724019
811.150000,-65.724190,-65.719481,-65.724583
811.200000,-65.724753,-65.720045,-65.725147
811.250000,-65.725315,-65.720607,-65.725709
811.300000,-65.725877,-65.721169,-65.726270
811.350000,-65.726437,-65.721730,-65.726830
811.400000,-65.726996,-65.722290,-65.727389
811.450000,-65.727554,-65.722849,-65.727948
811.500000,-65.728111,-65.723407,-65.728505
811.550000,-65.728667,-65.723963,-65.729061
811.600000,-65.729222,-65.724519,-65.729616
811.650000,-65.729777,-65.725074,-65.730170
811.700000,-65.730330,-65.725628,-65.730723
811.750000,-65.730882,-65.726181,-65.731275
811.800000,-65.731433,-65.726732,-65.731827
811.850000,-65.731983,-65.727283,-65.732377
811.900000,-65.732532,-65.727833,-65.732926
811.950000,-65.733080,-65.728382,-65.733474
812.000000,-65.733627,-65.728930,-65.734021
812.050000,-65.734174,-65.729476,-65.734567
812.100000,-65.734719,-65.730022,-65.735113
812.150000,-65.735263,-65.730567,-65.735657
812.200000,-65.735806,-65.731111,-65.736200
812.250000,-65.736348,-65.731654,-65.736742
812.300000,-65.736890,-65.732196,-65.737283
812.350000,-65.737430,-65.732737,-65.737824
812.400000,-65.737969,-65.733277,-65.738363
812.450000,-65.738508,-65.733816,-65.738901
812.500000,-65.739045,-65.734354,-65.739439
812.550000,-65.739581,-65.734891,-65.739975
812.600000,-65.740117,-65.735427,-65.740511
812.650000,-65.740651,-65.735962,-65.741045
812.700000,-65.741185,-65.736496,-65.741579
812.750000,-65.741717,-65.737029,-65.742111
812.800000,-65.742249,-65.737561,-65.742643
812.850000,-65.742779,-65.738092,-65.743173
812.900000,-65.743309,-65.738623,-65.743703
812.950000,-65.743838,-65.739152,-65.744232
813.000000,-65.744365,-65.739680,-65.744759
813.050000,-65.744892,-65.740208,-65.745286
813.100000,-65.745418,-65.740734,-65.745812
813.150000,-65.745943,-65.741260,-65.746337
813.200000,-65.746467,-65.741784,-65.746861
813.250000,-65.746990,-65.742308,-65.747384
813.300000,-65.747512,-65.742831,-65.747906
813.350000,-65.748033,-65.743352,-65.748427
813.400000,-65.748553,-65.743873,-65.748947
813.450000,-65.749072,-65.744393,-65.749467
813.500000,-65.749591,-65.744912,-65.749985
813.550000,-65.750108,-65.745430,-65.750502
813.600000,-65.750624,-65.745947,-65.751019
813.650000,-65.751140,-65.746463,-65.751534
813.700000,-65.751654,-65.746978,-65.752049
813.750000,-65.752168,-65.747492,-65.752562
813.800000,-65.752681,-65.748006,-65.753075
813.850000,-65.753193,-65.748518,-65.753587
813.900000,-65.753703,-65.749030,-65.754098
813.950000,-65.754213,-65.749540,-65.754608
814.000000,-65.754722,-65.750050,-65.755117
814.050000,-65.755230,-65.750558,-65.755625
814.100000,-65.755738,-65.751066,-65.756132
814.150000,-65.756244,-65.751573,-65.756638
814.200000,-65.756749,-65.752079,-65.757144
814.250000,-65.757254,-65.752584,-65.757648
814.300000,-65.757757,-65.753088,-65.758152
814.350000,-65.758260,-65.753591,-65.758654
814.400000,-65.758761,-65.754094,-65.759156
814.450000,-65.759262,-65.754595,-65.759657
814.500000,-65.759762,-65.755096,-65.760157
814.550000,-65.760261,-65.755595,-65.760656
814.600000,-65.760759,-65.756094,-65.761154
814.650000,-65.761256,-65.756592,-65.761651
814.700000,-65.761753,-65.757089,-65.762147
814.750000,-65.762248,-65.757585,-65.762643
814.800000,-65.762743,-65.758080,-65.763137
814.850000,-65.763236,-65.758574,-65.763631
814.900000,-65.763729,-65.759067,-65.764124
814.950000,-65.764221,-65.759560,-65.764615
815.000000,-65.764712,-65.760051,-65.765106
815.050000,-65.765202,-65.760542,-65.765597
815.100000,-65.765691,-65.761032,-65.766086
815.150000,-65.766179,-65.761520,-65.766574
815.200000,-65.766667,-65.762008,-65.767061
815.250000,-65.767153,-65.762496,-65.767548
815.300000,-65.767639,-65.762982,-65.768034
815.350000,-65.768124,-65.763467,-65.768519
815.400000,-65.768608,-65.763952,-65.769002
815.450000,-65.769091,-65.764435,-65.769486
815.500000,-65.769573,-65.764918,-65.769968
815.550000,-65.770054,-65.765400,-65.770449
815.600000,-65.770535,-65.765881,-65.770929
815.650000,-65.771014,-65.766361,-65.771409
815.700000,-65.771493,-65.766840,-65.771888
815.750000,-65.771971,-65.767319,-65.772366
815.800000,-65.772448,-65.767796,-65.772843
815.850000,-65.772924,-65.768273,-65.773319
815.900000,-65.773399,-65.768749,-65.773794
815.950000,-65.773873,-65.769224,-65.774268
816.000000,-65.774347,-65.769698,-65.774742
816.050000,-65.774820,-65.770171,-65.775215
816.100000,-65.775292,-65.770643,-65.775687
816.150000,-65.775763,-65.771115,-65.776158
816.200000,-65.776233,-65.771586,-65.776628
816.250000,-65.776702,-65.772055,-65.777097
816.300000,-65.777170,-65.772524,-65.777565
816.350000,-65.777638,-65.772993,-65.778033
816.400000,-65.778105,-65.773460,-65.778500
816.450000,-65.778571,-65.773926,-65.778966
816.500000,-65.779036,-65.774392,-65.779431
816.550000,-65.779500,-65.774857,-65.779895
816.600000,-65.779963,-65.775321,-65.780359
816.650000,-65.780426,-65.775784,-65.780821
816.700000,-65.780888,-65.776246,-65.781283
816.750000,-65.781349,-65.776708,-65.781744
816.800000,-65.781809,-65.777168,-65.782204
816.850000,-65.782268,-65.777628,-65.782663
816.900000,-65.782726,-65.778087,-65.783122
816.950000,-65.783184,-65.778545,-65.783579
817.000000,-65.783641,-65.779002,-65.784036
817.050000,-65.784097,-65.779459,-65.784492
817.100000,-65.784552,-65.779915,-65.784947
817.150000,-65.785006,-65.780369,-65.785401
817.200000,-65.785459,-65.780823,-65.785855
817.250000,-65.785912,-65.781277,-65.786307
817.300000,-65.786364,-65.781729,-65.786759
817.350000,-65.786815,-65.782181,-65.787210
817.400000,-65.787265,-65.782631,-65.787661
817.450000,-65.787715,-65.783081,-65.788110
817.500000,-65.788163,-65.783530,-65.788559
817.550000,-65.788611,-65.783979,-65.789006
817.600000,-65.789058,-65.784426,-65.789453
817.650000,-65.789504,-65.784873,-65.789900
817.700000,-65.789950,-65.785319,-65.790345
817.750000,-65.790394,-65.785764,-65.790790
817.800000,-65.790838,-65.786208,-65.791233
817.850000,-65.791281,-65.786652,-65.791676
817.900000,-65.791723,-65.787094,-65.792119
817.950000,-65.792164,-65.787536,-65.792560
818.000000,-65.792605,-65.787977,-65.793001
818.050000,-65.793045,-65.788418,-65.793440
818.100000,-65.793484,-65.788857,-65.793879
818.150000,-65.793922,-65.789296,-65.794318
818.200000,-65.794359,-65.789734,-65.794755
818.250000,-65.794796,-65.790171,-65.795192
818.300000,-65.795232,-65.790607,-65.795627
818.350000,-65.795667,-65.791043,-65.796063
818.400000,-65.796101,-65.791478,-65.796497
818.450000,-65.796535,-65.791912,-65.796930
818.500000,-65.796967,-65.792345,-65.797363
818.550000,-65.797399,-65.792777,-65.797795
818.600000,-65.797830,-65.793209,-65.798226
818.650000,-65.798261,-65.793640,-65.798657
818.700000,-65.798690,-65.794070,-65.799086
818.750000,-65.799119,-65.794499,-65.799515
818.800000,-65.799547,-65.794928,-65.799943
818.850000,-65.799974,-65.795356,-65.800370
818.900000,-65.800401,-65.795783,-65.800797
818.950000,-65.800827,-65.796209,-65.801223
819.000000,-65.801252,-65.796634,-65.801648
819.050000,-65.801676,-65.797059,-65.802072
819.100000,-65.802099,-65.797483,-65.802495
819.150000,-65.802522,-65.797906,-65.802918
819.200000,-65.802944,-65.798329,-65.803340
819.250000,-65.803365,-65.798750,-65.803761
819.300000,-65.803785,-65.799171,-65.804182
819.350000,-65.804205,-65.799591,-65.804601
819.400000,-65.804624,-65.800011,-65.805020
819.450000,-65.805042,-65.800429,-65.805438
819.500000,-65.805460,-65.800847,-65.805856
819.550000,-65.805876,-65.801264,-65.806272
819.600000,-65.806292,-65.801681,-65.806688
819.650000,-65.806707,-65.802096,-65.807103
819.700000,-65.807122,-65.802511,-65.807518
819.750000,-65.807535,-65.802925,-65.807931
819.800000,-65.807948,-65.803339,-65.808344
819.850000,-65.808360,-65.803751,-65.808756
819.900000,-65.808772,-65.804163,-65.809168
819.950000,-65.809182,-65.804574,-65.809579
820.000000,-65.809592,-65.804985,-65.809989
820.050000,-65.810001,-65.805394,-65.810398
820.100000,-65.810410,-65.805803,-65.810806
820.150000,-65.810818,-65.806211,-65.811214
820.200000,-65.811225,-65.806619,-65.811621
820.250000,-65.811631,-65.807026,-65.812027
820.300000,-65.812036,-65.807432,-65.812433
820.350000,-65.812441,-65.807837,-65.812838
820.400000,-65.812845,-65.808241,-65.813242
820.450000,-65.813249,-65.808645,-65.813645
820.500000,-65.813651,-65.809048,-65.814048
820.550000,-65.814053,-65.809451,-65.814449
820.600000,-65.814454,-65.809852,-65.814851
820.650000,-65.814855,-65.810253,-65.815251
820.700000,-65.815254,-65.810653,-65.815651
820.750000,-65.815653,-65.811053,-65.816050
820.800000,-65.816052,-65.811452,-65.816448
820.850000,-65.816449,-65.811850,-65.816846
820.900000,-65.816846,-65.812247,-65.817243
820.950000,-65.817242,-65.812644,-65.817639
821.000000,-65.817638,-65.813039,-65.818034
821.050000,-65.818032,-65.813435,-65.818429
821.100000,-65.818426,-65.813829,-65.818823
821.150000,-65.818820,-65.814223,-65.819216
821.200000,-65.819212,-65.814616,-65.819609
821.250000,-65.819604,-65.815008,-65.820001
821.300000,-65.819995,-65.815400,-65.820392
821.350000,-65.820386,-65.815791,-65.820782
821.400000,-65.820775,-65.816181,-65.821172
821.450000,-65.821164,-65.816571,-65.821561
821.500000,-65.821553,-65.816959,-65.821950
821.550000,-65.821940,-65.817347,-65.822337
821.600000,-65.822327,-65.817735,-65.822724
821.650000,-65.822714,-65.818122,-65.823111
821.700000,-65.823099,-65.818508,-65.823496
821.750000,-65.823484,-65.818893,-65.823881
821.800000,-65.823868,-65.819278,-65.824265
821.850000,-65.824252,-65.819662,-65.824649
821.900000,-65.824635,-65.820045,-65.825032
821.950000,-65.825017,-65.820427,-65.825414
822.000000,-65.825398,-65.820809,-65.825795
822.050000,-65.825779,-65.821190,-65.826176
822.100000,-65.826159,-65.821571,-65.826556
822.150000,-65.826538,-65.821951,-65.826935
822.200000,-65.826917,-65.822330,-65.827314
822.250000,-65.827295,-65.822708,-65.827692
822.300000,-65.827672,-65.823086,-65.828070
822.350000,-65.828049,-65.823463,-65.828446
822.400000,-65.828425,-65.823840,-65.828822
822.450000,-65.828800,-65.824215,-65.829197
822.500000,-65.829175,-65.824590,-65.829572
822.550000,-65.829549,-65.824965,-65.829946
822.600000,-65.829922,-65.825339,-65.830319
822.650000,-65.830295,-65.825712,-65.830692
822.700000,-65.830667,-65.826084,-65.831064
822.750000,-65.831038,-65.826456,-65.831435
822.800000,-65.831409,-65.826827,-65.831806
822.850000,-65.831779,-65.827197,-65.832176
822.900000,-65.832148,-65.827567,-65.832545
822.950000,-65.832516,-65.827936,-65.832914
823.000000,-65.832884,-65.828304,-65.833282
823.050000,-65.833252,-65.828672,-65.833649
823.100000,-65.833618,-65.829039,-65.834016
823.150000,-65.833984,-65.829405,-65.834382
823.200000,-65.834350,-65.829771,-65.834747
823.250000,-65.834714,-65.830136,-65.835112
823.300000,-65.835078,-65.830501,-65.835476
823.350000,-65.835442,-65.830864,-65.835839
823.400000,-65.835804,-65.831227,-65.836202
823.450000,-65.836166,-65.831590,-65.836564
823.500000,-65.836528,-65.831952,-65.836925
823.550000,-65.836888,-65.832313,-65.837286
823.600000,-65.837248,-65.832673,-65.837646
823.650000,-65.837608,-65.833033,-65.838005
823.700000,-65.837967,-65.833392,-65.838364
823.750000,-65.838325,-65.833751,-65.838722
823.800000,-65.838682,-65.834109,-65.839080
823.850000,-65.839039,-65.834466,-65.839437
823.900000,-65.839395,-65.834823,-65.839793
823.950000,-65.839751,-65.835179,-65.840149
824.000000,-65.840106,-65.835534,-65.840503
824.050000,-65.840460,-65.835889,-65.840858
824.100000,-65.840814,-65.836243,-65.841211
824.150000,-65.841167,-65.836596,-65.841565
824.200000,-65.841519,-65.836949,-65.841917
824.250000,-65.841871,-65.837301,-65.842269
824.300000,-65.842222,-65.837653,-65.842620
824.350000,-65.842573,-65.838004,-65.842970
824.400000,-65.842922,-65.838354,-65.843320
824.450000,-65.843272,-65.838704,-65.843669
824.500000,-65.843620,-65.839053,-65.844018
824.550000,-65.843968,-65.839401,-65.844366
824.600000,-65.844316,-65.839749,-65.844713
824.650000,-65.844662,-65.840096,-65.845060
824.700000,-65.845008,-65.840442,-65.845406
824.750000,-65.845354,-65.840788,-65.845752
824.800000,-65.845699,-65.841134,-65.846097
824.850000,-65.846043,-65.841478,-65.846441
824.900000,-65.846387,-65.841822,-65.846785
824.950000,-65.846730,-65.842166,-65.847128
825.000000,-65.847072,-65.842508,-65.847470
825.050000,-65.847414,-65.842851,-65.847812
825.100000,-65.847755,-65.843192,-65.848153
825.150000,-65.848096,-65.843533,-65.848494
825.200000,-65.848436,-65.843874,-65.848834
825.250000,-65.848775,-65.844213,-65.849173
825.300000,-65.849114,-65.844552,-65.849512
825.350000,-65.849452,-65.844891,-65.849850
825.400000,-65.849789,-65.845229,-65.850187
825.450000,-65.850126,-65.845566,-65.850524
825.500000,-65.850462,-65.845903,-65.850861
825.550000,-65.850798,-65.846239,-65.851196
825.600000,-65.851133,-65.846574,-65.851531
825.650000,-65.851468,-65.846909,-65.851866
825.700000,-65.851801,-65.847243,-65.852200
825.750000,-65.852135,-65.847577,-65.852533
825.800000,-65.852467,-65.847910,-65.852866
825.850000,-65.852800,-65.848243,-65.853198
825.900000,-65.853131,-65.848574,-65.853529
825.950000,-65.853462,-65.848906,-65.853860
826.000000,-65.853792,-65.849236,-65.854191
826.050000,-65.854122,-65.849567,-65.854520
826.100000,-65.854451,-65.849896,-65.854849
826.150000,-65.854780,-65.850225,-65.855178
826.200000,-65.855107,-65.850553,-65.855506
826.250000,-65.855435,-65.850881,-65.855833
826.300000,-65.855762,-65.851208,-65.856160
826.350000,-65.856088,-65.851535,-65.856486
826.400000,-65.856413,-65.851861,-65.856812
826.450000,-65.856738,-65.852186,-65.857137
826.500000,-65.857063,-65.852511,-65.857461
826.550000,-65.857387,-65.852835,-65.857785
826.600000,-65.857710,-65.853159,-65.858108
826.650000,-65.858032,-65.853482,-65.858431
826.700000,-65.858355,-65.853804,-65.858753
826.750000,-65.858676,-65.854126,-65.859075
826.800000,-65.858997,-65.854447,-65.859396
826.850000,-65.859317,-65.854768,-65.859716
826.900000,-65.859637,-65.855088,-65.860036
826.950000,-65.859956,-65.855408,-65.860355
827.000000,-65.860275,-65.855727,-65.860674
827.050000,-65.860593,-65.856045,-65.860992
827.100000,-65.860911,-65.856363,-65.861309
827.150000,-65.861227,-65.856680,-65.861626
827.200000,-65.861544,-65.856997,-65.861943
827.250000,-65.861860,-65.857313,-65.862258
827.300000,-65.862175,-65.857629,-65.862574
827.350000,-65.862489,-65.857944,-65.862888
827.400000,-65.862804,-65.858258,-65.863202
827.450000,-65.863117,-65.858572,-65.863516
827.500000,-65.863430,-65.858885,-65.863829
827.550000,-65.863742,-65.859198,-65.864141
827.600000,-65.864054,-65.859510,-65.864453
827.650000,-65.864366,-65.859822,-65.864764
827.700000,-65.864676,-65.860133,-65.865075
827.750000,-65.864986,-65.860444,-65.865385
827.800000,-65.865296,-65.860754,-65.865695
827.850000,-65.865605,-65.861063,-65.866004
827.900000,-65.865914,-65.861372,-65.866313
827.950000,-65.866221,-65.861680,-65.866620
828.000000,-65.866529,-65.861988,-65.866928
828.050000,-65.866836,-65.862295,-65.867235
828.100000,-65.867142,-65.862602,-65.867541
828.150000,-65.867448,-65.862908,-65.867847
828.200000,-65.867753,-65.863213,-65.868152
828.250000,-65.868058,-65.863518,-65.868457
828.300000,-65.868362,-65.863823,-65.868761
828.350000,-65.868665,-65.864127,-65.869064
828.400000,-65.868968,-65.864430,-65.869367
828.450000,-65.869271,-65.864733,-65.869670
828.500000,-65.869573,-65.865035,-65.869972
828.550000,-65.869874,-65.865337,-65.870273
828.600000,-65.870175,-65.865638,-65.870574
828.650000,-65.870475,-65.865939,-65.870874
828.700000,-65.870775,-65.866239,-65.871174
828.750000,-65.871074,-65.866538,-65.871473
828.800000,-65.871373,-65.866837,-65.871772
828.850000,-65.871671,-65.867136,-65.872070
828.900000,-65.871968,-65.867434,-65.872368
828.950000,-65.872266,-65.867731,-65.872665
829.000000,-65.872562,-65.868028,-65.872961
829.050000,-65.872858,-65.868324,-65.873257
829.100000,-65.873154,-65.868620,-65.873553
829.150000,-65.873448,-65.868916,-65.873848
829.200000,-65.873743,-65.869210,-65.874142
829.250000,-65.874037,-65.869505,-65.874436
829.300000,-65.874330,-65.869798,-65.874730
829.350000,-65.874623,-65.870091,-65.875022
829.400000,-65.874915,-65.870384,-65.875315
829.450000,-65.875207,-65.870676,-65.875607
829.500000,-65.875498,-65.870968,-65.875898
829.550000,-65.875789,-65.871259,-65.876189
829.600000,-65.876079,-65.871549,-65.876479
829.650000,-65.876369,-65.871839,-65.876769
829.700000,-65.876658,-65.872129,-65.877058
829.750000,-65.876947,-65.872418,-65.877346
829.800000,-65.877235,-65.872706,-65.877635
829.850000,-65.877523,-65.872994,-65.877922
829.900000,-65.877810,-65.873282,-65.878209
829.950000,-65.878096,-65.873569,-65.878496
830.000000,-65.878382,-65.873855,-65.878782
830.050000,-65.878668,-65.874141,-65.879068
830.100000,-65.878953,-65.874426,-65.879353
830.150000,-65.879238,-65.874711,-65.879637
830.200000,-65.879522,-65.874996,-65.879921
830.250000,-65.879805,-65.875280,-65.880205
830.300000,-65.880088,-65.875563,-65.880488
830.350000,-65.880371,-65.875846,-65.880770
830.400000,-65.880653,-65.876128,-65.881052
830.450000,-65.880934,-65.876410,-65.881334
830.500000,-65.881215,-65.876691,-65.881615
830.550000,-65.881496,-65.876972,-65.881896
830.600000,-65.881776,-65.877252,-65.882176
830.650000,-65.882055,-65.877532,-65.882455
830.700000,-65.882334,-65.877811,-65.882734
830.750000,-65.882613,-65.878090,-65.883013
830.800000,-65.882891,-65.878369,-65.883291
830.850000,-65.883168,-65.878646,-65.883568
830.900000,-65.883445,-65.878924,-65.883845
830.950000,-65.883722,-65.879200,-65.884122
831.000000,-65.883997,-65.879477,-65.884398
831.050000,-65.884273,-65.879753,-65.884673
831.100000,-65.884548,-65.880028,-65.884948
831.150000,-65.884823,-65.880303,-65.885223
831.200000,-65.885097,-65.880577,-65.885497
831.250000,-65.885370,-65.880851,-65.885770
831.300000,-65.885643,-65.881124,-65.886043
831.350000,-65.885916,-65.881397,-65.886316
831.400000,-65.886188,-65.881669,-65.886588
831.450000,-65.886459,-65.881941,-65.886859
831.500000,-65.886730,-65.882213,-65.887131
831.550000,-65.887001,-65.882484,-65.887401
831.600000,-65.887271,-65.882754,-65.887671
831.650000,-65.887541,-65.883024,-65.887941
831.700000,-65.887810,-65.883293,-65.888210
831.750000,-65.888079,-65.883562,-65.888479
831.800000,-65.888347,-65.883831,-65.888747
831.850000,-65.888614,-65.884099,-65.889015
831.900000,-65.888882,-65.884367,-65.889282
831.950000,-65.889148,-65.884634,-65.889549
832.000000,-65.889415,-65.884900,-65.889815
832.050000,-65.889680,-65.885166,-65.890081
832.100000,-65.889946,-65.885432,-65.890346
832.150000,-65.890211,-65.885697,-65.890611
832.200000,-65.890475,-65.885962,-65.890875
832.250000,-65.890739,-65.886226,-65.891139
832.300000,-65.891002,-65.886490,-65.891403
832.350000,-65.891265,-65.886753,-65.891666
832.400000,-65.891528,-65.887016,-65.891928
832.450000,-65.891790,-65.887278,-65.892190
832.500000,-65.892051,-65.887540,-65.892452
832.550000,-65.892312,-65.887801,-65.892713
832.600000,-65.892573,-65.888062,-65.892973
832.650000,-65.892833,-65.888322,-65.893234
832.700000,-65.893093,-65.888582,-65.893493
832.750000,-65.893352,-65.888842,-65.893752
832.800000,-65.893611,-65.889101,-65.894011
832.850000,-65.893869,-65.889359,-65.894269
832.900000,-65.894127,-65.889618,-65.894527
832.950000,-65.894384,-65.889875,-65.894785
833.000000,-65.894641,-65.890132,-65.895042
833.050000,-65.894897,-65.890389,-65.895298
833.100000,-65.895153,-65.890645,-65.895554
833.150000,-65.895409,-65.890901,-65.895810
833.200000,-65.895664,-65.891156,-65.896065
833.250000,-65.895918,-65.891411,-65.896319
833.300000,-65.896173,-65.891666,-65.896573
833.350000,-65.896426,-65.891920,-65.896827
833.400000,-65.896679,-65.892173,-65.897080
833.450000,-65.896932,-65.892426,-65.897333
833.500000,-65.897185,-65.892679,-65.897585
833.550000,-65.897436,-65.892931,-65.897837
833.600000,-65.897688,-65.893183,-65.898089
833.650000,-65.897939,-65.893434,-65.898340
833.700000,-65.898189,-65.893685,-65.898590
833.750000,-65.898439,-65.893935,-65.898840
833.800000,-65.898689,-65.894185,-65.899090
833.850000,-65.898938,-65.894435,-65.899339
833.900000,-65.899187,-65.894684,-65.899588
833.950000,-65.899435,-65.894932,-65.899836
834.000000,-65.899683,-65.895180,-65.900084
834.050000,-65.899930,-65.895428,-65.900331
834.100000,-65.900177,-65.895675,-65.900578
834.150000,-65.900424,-65.895922,-65.900825
834.200000,-65.900670,-65.896168,-65.901071
834.250000,-65.900916,-65.896414,-65.901317
834.300000,-65.901161,-65.896660,-65.901562
834.350000,-65.901405,-65.896905,-65.901807
834.400000,-65.901650,-65.897149,-65.902051
834.450000,-65.901894,-65.897393,-65.902295
834.500000,-65.902137,-65.897637,-65.902538
834.550000,-65.902380,-65.897880,-65.902781
834.600000,-65.902623,-65.898123,-65.903024
834.650000,-65.902865,-65.898366,-65.903266
834.700000,-65.903106,-65.898608,-65.903508
834.750000,-65.903348,-65.898849,-65.903749
834.800000,-65.903589,-65.899090,-65.903990
834.850000,-65.903829,-65.899331,-65.904230
834.900000,-65.904069,-65.899571,-65.904470
834.950000,-65.904308,-65.899811,-65.904710
835.000000,-65.904548,-65.900050,-65.904949
835.050000,-65.904786,-65.900289,-65.905188
835.100000,-65.905025,-65.900528,-65.905426
835.150000,-65.905262,-65.900766,-65.905664
835.200000,-65.905500,-65.901004,-65.905901
835.250000,-65.905737,-65.901241,-65.906138
835.300000,-65.905973,-65.901478,-65.906375
835.350000,-65.906209,-65.901714,-65.906611
835.400000,-65.906445,-65.901950,-65.906847
835.450000,-65.906680,-65.902186,-65.907082
835.500000,-65.906915,-65.902421,-65.907317
835.550000,-65.907150,-65.902656,-65.907551
835.600000,-65.907384,-65.902890,-65.907785
835.650000,-65.907617,-65.903124,-65.908019
835.700000,-65.907851,-65.903357,-65.908252
835.750000,-65.908083,-65.903590,-65.908485
835.800000,-65.908316,-65.903823,-65.908717
835.850000,-65.908548,-65.904055,-65.908949
835.900000,-65.908779,-65.904287,-65.909181
835.950000,-65.909010,-65.904518,-65.909412
836.000000,-65.909241,-65.904749,-65.909643
836.050000,-65.909471,-65.904980,-65.909873
836.100000,-65.909701,-65.905210,-65.910103
836.150000,-65.909931,-65.905440,-65.910332
836.200000,-65.910160,-65.905669,-65.910561
836.250000,-65.910388,-65.905898,-65.910790
836.300000,-65.910616,-65.906126,-65.911018
836.350000,-65.910844,-65.906354,-65.911246
836.400000,-65.911072,-65.906582,-65.911473
836.450000,-65.911299,-65.906809,-65.911700
836.500000,-65.911525,-65.907036,-65.911927
836.550000,-65.911751,-65.907263,-65.912153
836.600000,-65.911977,-65.907489,-65.912379
836.650000,-65.912203,-65.907714,-65.912605
836.700000,-65.912428,-65.907939,-65.912830
836.750000,-65.912652,-65.908164,-65.913054
836.800000,-65.912876,-65.908389,-65.913278
836.850000,-65.913100,-65.908613,-65.913502
836.900000,-65.913324,-65.908836,-65.913725
836.950000,-65.913546,-65.909060,-65.913948
837.000000,-65.913769,-65.909282,-65.914171
837.050000,-65.913991,-65.909505,-65.914393
837.100000,-65.914213,-65.909727,-65.914615
837.150000,-65.914434,-65.909949,-65.914836
837.200000,-65.914655,-65.910170,-65.915057
837.250000,-65.914876,-65.910391,-65.915278
837.300000,-65.915096,-65.910611,-65.915498
837.350000,-65.915316,-65.910831,-65.915718
837.400000,-65.915535,-65.911051,-65.915938
837.450000,-65.915754,-65.911270,-65.916157
837.500000,-65.915973,-65.911489,-65.916375
837.550000,-65.916191,-65.911707,-65.916593
837.600000,-65.916409,-65.911926,-65.916811
837.650000,-65.916627,-65.912143,-65.917029
837.700000,-65.916844,-65.912361,-65.917246
837.750000,-65.917060,-65.912577,-65.917463
837.800000,-65.917277,-65.912794,-65.917679
837.850000,-65.917493,-65.913010,-65.917895
837.900000,-65.917708,-65.913226,-65.918110
837.950000,-65.917923,-65.913441,-65.918326
838.000000,-65.918138,-65.913656,-65.918540
838.050000,-65.918352,-65.913871,-65.918755
838.100000,-65.918566,-65.914085,-65.918969
838.150000,-65.918780,-65.914299,-65.919182
838.200000,-65.918993,-65.914512,-65.919395
838.250000,-65.919206,-65.914726,-65.919608
838.300000,-65.919418,-65.914938,-65.919821
838.350000,-65.919630,-65.915151,-65.920033
838.400000,-65.919842,-65.915362,-65.920245
838.450000,-65.920054,-65.915574,-65.920456
838.500000,-65.920264,-65.915785,-65.920667
838.550000,-65.920475,-65.915996,-65.920877
838.600000,-65.920685,-65.916206,-65.921088
838.650000,-65.920895,-65.916416,-65.921298
838.700000,-65.921104,-65.916626,-65.921507
838.750000,-65.921314,-65.916835,-65.921716
838.800000,-65.921522,-65.917044,-65.921925
838.850000,-65.921731,-65.917253,-65.922133
838.900000,-65.921938,-65.917461,-65.922341
838.950000,-65.922146,-65.917669,-65.922549
839.000000,-65.922353,-65.917876,-65.922756
839.050000,-65.922560,-65.918083,-65.922963
839.100000,-65.922767,-65.918290,-65.923169
839.150000,-65.922973,-65.918496,-65.923375
839.200000,-65.923178,-65.918702,-65.923581
839.250000,-65.923384,-65.918908,-65.923786
839.300000,-65.923589,-65.919113,-65.923991
839.350000,-65.923793,-65.919318,-65.924196
839.400000,-65.923998,-65.919523,-65.924400
839.450000,-65.924201,-65.919727,-65.924604
839.500000,-65.924405,-65.919930,-65.924808
839.550000,-65.924608,-65.920134,-65.925011
839.600000,-65.924811,-65.920337,-65.925214
839.650000,-65.925013,-65.920540,-65.925416
839.700000,-65.925215,-65.920742,-65.925618
839.750000,-65.925417,-65.920944,-65.925820
839.800000,-65.925618,-65.921145,-65.926021
839.850000,-65.925819,-65.921347,-65.926222
839.900000,-65.926020,-65.921547,-65.926423
839.950000,-65.926220,-65.921748,-65.926623
840.000000,-65.926420,-65.921948,-65.926823
840.050000,-65.926620,-65.922148,-65.927023
840.100000,-65.926819,-65.922347,-65.927222
840.150000,-65.927018,-65.922546,-65.927421
840.200000,-65.927216,-65.922745,-65.927619
840.250000,-65.927415,-65.922943,-65.927818
840.300000,-65.927612,-65.923141,-65.928015
840.350000,-65.927810,-65.923339,-65.928213
840.400000,-65.928007,-65.923536,-65.928410
840.450000,-65.928204,-65.923733,-65.928607
840.500000,-65.928400,-65.923930,-65.928803
840.550000,-65.928596,-65.924126,-65.928999
840.600000,-65.928792,-65.924322,-65.929195
840.650000,-65.928987,-65.924518,-65.929390
840.700000,-65.929182,-65.924713,-65.929585
840.750000,-65.929377,-65.924908,-65.929780
840.800000,-65.929571,-65.925102,-65.929974
840.850000,-65.929765,-65.925296,-65.930168
840.900000,-65.929958,-65.925490,-65.930362
840.950000,-65.930152,-65.925684,-65.930555
841.000000,-65.930344,-65.925877,-65.930748
841.050000,-65.930537,-65.926069,-65.930940
841.100000,-65.930729,-65.926262,-65.931132
841.150000,-65.930921,-65.926454,-65.931324
841.200000,-65.931113,-65.926646,-65.931516
841.250000,-65.931304,-65.926837,-65.931707
841.300000,-65.931495,-65.927028,-65.931898
841.350000,-65.931685,-65.927219,-65.932088
841.400000,-65.931875,-65.927409,-65.932279
841.450000,-65.932065,-65.927599,-65.932468
841.500000,-65.932255,-65.927789,-65.932658
841.550000,-65.932444,-65.927978,-65.932847
841.600000,-65.932633,-65.928167,-65.933036
841.650000,-65.932821,-65.928356,-65.933224
841.700000,-65.933009,-65.928544,-65.933413
841.750000,-65.933197,-65.928732,-65.933600
841.800000,-65.933384,-65.928920,-65.933788
841.850000,-65.933571,-65.929107,-65.933975
841.900000,-65.933758,-65.929294,-65.934162
841.950000,-65.933945,-65.929481,-65.934348
842.000000,-65.934131,-65.929667,-65.934534
842.050000,-65.934317,-65.929853,-65.934720
842.100000,-65.934502,-65.930039,-65.934906
842.150000,-65.934687,-65.930224,-65.935091
842.200000,-65.934872,-65.930409,-65.935276
842.250000,-65.935056,-65.930594,-65.935460
842.300000,-65.935241,-65.930778,-65.935644
842.350000,-65.935424,-65.930962,-65.935828
842.400000,-65.935608,-65.931146,-65.936011
842.450000,-65.935791,-65.931329,-65.936195
842.500000,-65.935974,-65.931512,-65.936377
842.550000,-65.936156,-65.931695,-65.936560
842.600000,-65.936338,-65.931877,-65.936742
842.650000,-65.936520,-65.932059,-65.936924
842.700000,-65.936702,-65.932241,-65.937106
842.750000,-65.936883,-65.932423,-65.937287
842.800000,-65.937064,-65.932604,-65.937468
842.850000,-65.937244,-65.932784,-65.937648
842.900000,-65.937425,-65.932965,-65.937828
842.950000,-65.937605,-65.933145,-65.938008
843.000000,-65.937784,-65.933325,-65.938188
843.050000,-65.937963,-65.933504,-65.938367
843.100000,-65.938142,-65.933683,-65.938546
843.150000,-65.938321,-65.933862,-65.938725
843.200000,-65.938499,-65.934041,-65.938903
843.250000,-65.938677,-65.934219,-65.939081
843.300000,-65.938855,-65.934397,-65.939259
843.350000,-65.939032,-65.934574,-65.939436
843.400000,-65.939209,-65.934752,-65.939613
843.450000,-65.939386,-65.934928,-65.939790
843.500000,-65.939563,-65.935105,-65.939966
843.550000,-65.939739,-65.935281,-65.940143
843.600000,-65.939914,-65.935457,-65.940318
843.650000,-65.940090,-65.935633,-65.940494
843.700000,-65.940265,-65.935808,-65.940669
843.750000,-65.940440,-65.935983,-65.940844
843.800000,-65.940614,-65.936158,-65.941018
843.850000,-65.940789,-65.936333,-65.941193
843.900000,-65.940962,-65.936507,-65.941367
843.950000,-65.941136,-65.936680,-65.941540
844.000000,-65.941309,-65.936854,-65.941713
844.050000,-65.941482,-65.937027,-65.941886
844.100000,-65.941655,-65.937200,-65.942059
844.150000,-65.941827,-65.937372,-65.942231
844.200000,-65.941999,-65.937545,-65.942404
844.250000,-65.942171,-65.937717,-65.942575
844.300000,-65.942343,-65.937888,-65.942747
844.350000,-65.942514,-65.938060,-65.942918
844.400000,-65.942685,-65.938231,-65.943089
844.450000,-65.942855,-65.938401,-65.943259
844.500000,-65.943025,-65.938572,-65.943429
844.550000,-65.943195,-65.938742,-65.943599
844.600000,-65.943365,-65.938912,-65.943769
844.650000,-65.943534,-65.939081,-65.943938
844.700000,-65.943703,-65.939250,-65.944107
844.750000,-65.943872,-65.939419,-65.944276
844.800000,-65.944040,-65.939588,-65.944445
844.850000,-65.944208,-65.939756,-65.944613
844.900000,-65.944376,-65.939924,-65.944780
844.950000,-65.944544,-65.940092,-65.944948
845.000000,-65.944711,-65.940259,-65.945115
845.050000,-65.944878,-65.940426,-65.945282
845.100000,-65.945044,-65.940593,-65.945449
845.150000,-65.945211,-65.940760,-65.945615
845.200000,-65.945377,-65.940926,-65.945781
845.250000,-65.945542,-65.941092,-65.945947
845.300000,-65.945708,-65.941257,-65.946112
845.350000,-65.945873,-65.941423,-65.946277
845.400000,-65.946038,-65.941588,-65.946442
845.450000,-65.946202,-65.941752,-65.946607
845.500000,-65.946366,-65.941917,-65.946771
845.550000,-65.946530,-65.942081,-65.946935
845.600000,-65.946694,-65.942245,-65.947099
845.650000,-65.946857,-65.942408,-65.947262
845.700000,-65.947021,-65.942571,-65.947425
845.750000,-65.947183,-65.942734,-65.947588
845.800000,-65.947346,-65.942897,-65.947750
845.850000,-65.947508,-65.943060,-65.947913
845.900000,-65.947670,-65.943222,-65.948075
845.950000,-65.947832,-65.943383,-65.948236
846.000000,-65.947993,-65.943545,-65.948398
846.050000,-65.948154,-65.943706,-65.948559
846.100000,-65.948315,-65.943867,-65.948719
846.150000,-65.948475,-65.944028,-65.948880
846.200000,-65.948635,-65.944188,-65.949040
846.250000,-65.948795,-65.944348,-65.949200
846.300000,-65.948955,-65.944508,-65.949360
846.350000,-65.949114,-65.944668,-65.949519
846.400000,-65.949273,-65.944827,-65.949678
846.450000,-65.949432,-65.944986,-65.949837
846.500000,-65.949591,-65.945144,-65.949995
846.550000,-65.949749,-65.945303,-65.950154
846.600000,-65.949907,-65.945461,-65.950312
846.650000,-65.950064,-65.945619,-65.950469
846.700000,-65.950222,-65.945776,-65.950627
846.750000,-65.950379,-65.945933,-65.950784
846.800000,-65.950536,-65.946090,-65.950940
846.850000,-65.950692,-65.946247,-65.951097
846.900000,-65.950848,-65.946404,-65.951253
846.950000,-65.951004,-65.946560,-65.951409
847.000000,-65.951160,-65.946716,-65.951565
847.050000,-65.951315,-65.946871,-65.951720
847.100000,-65.951470,-65.947026,-65.951875
847.150000,-65.951625,-65.947181,-65.952030
847.200000,-65.951780,-65.947336,-65.952185
847.250000,-65.951934,-65.947491,-65.952339
847.300000,-65.952088,-65.947645,-65.952493
847.350000,-65.952242,-65.947799,-65.952647
847.400000,-65.952395,-65.947952,-65.952801
847.450000,-65.952549,-65.948106,-65.952954
847.500000,-65.952702,-65.948259,-65.953107
847.550000,-65.952854,-65.948412,-65.953259
847.600000,-65.953007,-65.948564,-65.953412
847.650000,-65.953159,-65.948717,-65.953564
847.700000,-65.953311,-65.948869,-65.953716
847.750000,-65.953462,-65.949020,-65.953867
847.800000,-65.953613,-65.949172,-65.954019
847.850000,-65.953765,-65.949323,-65.954170
847.900000,-65.953915,-65.949474,-65.954320
847.950000,-65.954066,-65.949625,-65.954471
848.000000,-65.954216,-65.949775,-65.954621
848.050000,-65.954366,-65.949925,-65.954771
848.100000,-65.954516,-65.950075,-65.954921
848.150000,-65.954665,-65.950225,-65.955070
848.200000,-65.954814,-65.950374,-65.955220
848.250000,-65.954963,-65.950523,-65.955368
848.300000,-65.955112,-65.950672,-65.955517
848.350000,-65.955260,-65.950820,-65.955665
848.400000,-65.955408,-65.950969,-65.955814
848.450000,-65.955556,-65.951117,-65.955961
848.500000,-65.955704,-65.951264,-65.956109
848.550000,-65.955851,-65.951412,-65.956256
848.600000,-65.955998,-65.951559,-65.956403
848.650000,-65.956145,-65.951706,-65.956550
848.700000,-65.956291,-65.951853,-65.956697
848.750000,-65.956438,-65.951999,-65.956843
848.800000,-65.956584,-65.952145,-65.956989
848.850000,-65.956729,-65.952291,-65.957135
848.900000,-65.956875,-65.952437,-65.957280
848.950000,-65.957020,-65.952582,-65.957425
849.000000,-65.957165,-65.952727,-65.957570
849.050000,-65.957310,-65.952872,-65.957715
849.100000,-65.957454,-65.953017,-65.957860
849.150000,-65.957598,-65.953161,-65.958004
849.200000,-65.957742,-65.953305,-65.958148
849.250000,-65.957886,-65.953449,-65.958291
849.300000,-65.958029,-65.953593,-65.958435
849.350000,-65.958172,-65.953736,-65.958578
849.400000,-65.958315,-65.953879,-65.958721
849.450000,-65.958458,-65.954022,-65.958864
849.500000,-65.958600,-65.954164,-65.959006
849.550000,-65.958743,-65.954307,-65.959148
849.600000,-65.958885,-65.954449,-65.959290
849.650000,-65.959026,-65.954590,-65.959432
849.700000,-65.959168,-65.954732,-65.959573
849.750000,-65.959309,-65.954873,-65.959714
849.800000,-65.959450,-65.955014,-65.959855
849.850000,-65.959590,-65.955155,-65.959996
849.900000,-65.959731,-65.955296,-65.960136
849.950000,-65.959871,-65.955436,-65.960276
850.000000,-65.960011,-65.955576,-65.960416
850.050000,-65.960150,-65.955716,-65.960556
850.100000,-65.960290,-65.955855,-65.960695
850.150000,-65.960429,-65.955995,-65.960835
850.200000,-65.960568,-65.956134,-65.960973
850.250000,-65.960706,-65.956273,-65.961112
850.300000,-65.960845,-65.956411,-65.961251
850.350000,-65.960983,-65.956549,-65.961389
850.400000,-65.961121,-65.956687,-65.961527
850.450000,-65.961258,-65.956825,-65.961664
850.500000,-65.961396,-65.956963,-65.961802
850.550000,-65.961533,-65.957100,-65.961939
850.600000,-65.961670,-65.957237,-65.962076
850.650000,-65.961807,-65.957374,-65.962213
850.700000,-65.961943,-65.957511,-65.962349
850.750000,-65.962079,-65.957647,-65.962485
850.800000,-65.962215,-65.957783,-65.962621
850.850000,-65.962351,-65.957919,-65.962757
850.900000,-65.962486,-65.958055,-65.962892
850.950000,-65.962622,-65.958190,-65.963028
851.000000,-65.962757,-65.958325,-65.963163
851.050000,-65.962891,-65.958460,-65.963297
851.100000,-65.963026,-65.958595,-65.963432
851.150000,-65.963160,-65.958729,-65.963566
851.200000,-65.963294,-65.958863,-65.963700
851.250000,-65.963428,-65.958997,-65.963834
851.300000,-65.963562,-65.959131,-65.963968
851.350000,-65.963695,-65.959264,-65.964101
851.400000,-65.963828,-65.959398,-65.964234
851.450000,-65.963961,-65.959531,-65.964367
851.500000,-65.964093,-65.959663,-65.964500
851.550000,-65.964226,-65.959796,-65.964632
851.600000,-65.964358,-65.959928,-65.964764
851.650000,-65.964490,-65.960060,-65.964896
851.700000,-65.964621,-65.960192,-65.965028
851.750000,-65.964753,-65.960324,-65.965159
851.800000,-65.964884,-65.960455,-65.965290
851.850000,-65.965015,-65.960586,-65.965421
851.900000,-65.965146,-65.960717,-65.965552
851.950000,-65.965276,-65.960848,-65.965683
852.000000,-65.965407,-65.960978,-65.965813
852.050000,-65.965537,-65.961108,-65.965943
852.100000,-65.965666,-65.961238,-65.966073
852.150000,-65.965796,-65.961368,-65.966202
852.200000,-65.965925,-65.961497,-65.966332
852.250000,-65.966054,-65.961627,-65.966461
852.300000,-65.966183,-65.961756,-65.966590
852.350000,-65.966312,-65.961884,-65.966718
852.400000,-65.966440,-65.962013,-65.966847
852.450000,-65.966569,-65.962141,-65.966975
852.500000,-65.966697,-65.962269,-65.967103
852.550000,-65.966824,-65.962397,-65.967231
852.600000,-65.966952,-65.962525,-65.967358
852.650000,-65.967079,-65.962652,-65.967485
852.700000,-65.967206,-65.962780,-65.967613
852.750000,-65.967333,-65.962906,-65.967739
852.800000,-65.967460,-65.963033,-65.967866
852.850000,-65.967586,-65.963160,-65.967992
852.900000,-65.967712,-65.963286,-65.968119
852.950000,-65.967838,-65.963412,-65.968245
853.000000,-65.967964,-65.963538,-65.968370
853.050000,-65.968089,-65.963664,-65.968496
853.100000,-65.968214,-65.963789,-65.968621
853.150000,-65.968340,-65.963914,-65.968746
853.200000,-65.968464,-65.964039,-65.968871
853.250000,-65.968589,-65.964164,-65.968995
853.300000,-65.968713,-65.964288,-65.969120
853.350000,-65.968837,-65.964413,-65.969244
853.400000,-65.968961,-65.964537,-65.969368
853.450000,-65.969085,-65.964661,-65.969492
853.500000,-65.969209,-65.964784,-65.969615
853.550000,-65.969332,-65.964908,-65.969738
853.600000,-65.969455,-65.965031,-65.969862
853.650000,-65.969578,-65.965154,-65.969984
853.700000,-65.969700,-65.965277,-65.970107
853.750000,-65.969823,-65.965399,-65.970229
853.800000,-65.969945,-65.965521,-65.970352
853.850000,-65.970067,-65.965643,-65.970474
853.900000,-65.970189,-65.965765,-65.970595
853.950000,-65.970310,-65.965887,-65.970717
854.000000,-65.970431,-65.966008,-65.970838
854.050000,-65.970553,-65.966130,-65.970959
854.100000,-65.970673,-65.966251,-65.971080
854.150000,-65.970794,-65.966371,-65.971201
854.200000,-65.970915,-65.966492,-65.971321
854.250000,-65.971035,-65.966612,-65.971442
854.300000,-65.971155,-65.966733,-65.971562
854.350000,-65.971275,-65.966853,-65.971681
854.400000,-65.971394,-65.966972,-65.971801
854.450000,-65.971514,-65.967092,-65.971920
854.500000,-65.971633,-65.967211,-65.972040
854.550000,-65.971752,-65.967330,-65.972159
854.600000,-65.971870,-65.967449,-65.972277
854.650000,-65.971989,-65.967568,-65.972396
854.700000,-65.972107,-65.967686,-65.972514
854.750000,-65.972225,-65.967804,-65.972632
854.800000,-65.972343,-65.967922,-65.972750
854.850000,-65.972461,-65.968040,-65.972868
854.900000,-65.972579,-65.968158,-65.972986
854.950000,-65.972696,-65.968275,-65.973103
855.000000,-65.972813,-65.968393,-65.973220
855.050000,-65.972930,-65.968509,-65.973337
855.100000,-65.973046,-65.968626,-65.973453
855.150000,-65.973163,-65.968743,-65.973570
855.200000,-65.973279,-65.968859,-65.973686
855.250000,-65.973395,-65.968975,-65.973802
855.300000,-65.973511,-65.969091,-65.973918
855.350000,-65.973627,-65.969207,-65.974034
855.400000,-65.973742,-65.969323,-65.974149
855.450000,-65.973857,-65.969438,-65.974264
855.500000,-65.973972,-65.969553,-65.974379
855.550000,-65.974087,-65.969668,-65.974494
855.600000,-65.974202,-65.969783,-65.974609
855.650000,-65.974316,-65.969897,-65.974723
855.700000,-65.974430,-65.970012,-65.974837
855.750000,-65.974544,-65.970126,-65.974951
855.800000,-65.974658,-65.970240,-65.975065
855.850000,-65.974772,-65.970353,-65.975179
855.900000,-65.974885,-65.970467,-65.975292
855.950000,-65.974998,-65.970580,-65.975405
856.000000,-65.975111,-65.970693,-65.975518
856.050000,-65.975224,-65.970806,-65.975631
856.100000,-65.975336,-65.970919,-65.975744
856.150000,-65.975449,-65.971031,-65.975856
856.200000,-65.975561,-65.971144,-65.975968
856.250000,-65.975673,-65.971256,-65.976080
856.300000,-65.975785,-65.971368,-65.976192
856.350000,-65.975896,-65.971479,-65.976304
856.400000,-65.976008,-65.971591,-65.976415
856.450000,-65.976119,-65.971702,-65.976526
856.500000,-65.976230,-65.971813,-65.976637
856.550000,-65.976341,-65.971924,-65.976748
856.600000,-65.976451,-65.972035,-65.976859
856.650000,-65.976562,-65.972145,-65.976969
856.700000,-65.976672,-65.972256,-65.977079
856.750000,-65.976782,-65.972366,-65.977189
856.800000,-65.976892,-65.972476,-65.977299
856.850000,-65.977001,-65.972586,-65.977409
856.900000,-65.977111,-65.972695,-65.977518
856.950000,-65.977220,-65.972804,-65.977627
857.000000,-65.977329,-65.972914,-65.977736
857.050000,-65.977438,-65.973023,-65.977845
857.100000,-65.977547,-65.973131,-65.977954
857.150000,-65.977655,-65.973240,-65.978062
857.200000,-65.977763,-65.973348,-65.978171
857.250000,-65.977871,-65.973456,-65.978279
857.300000,-65.977979,-65.973564,-65.978387
857.350000,-65.978087,-65.973672,-65.978494
857.400000,-65.978194,-65.973780,-65.978602
857.450000,-65.978302,-65.973887,-65.978709
857.500000,-65.978409,-65.973994,-65.978816
857.550000,-65.978516,-65.974102,-65.978923
857.600000,-65.978622,-65.974208,-65.979030
857.650000,-65.978729,-65.974315,-65.979137
857.700000,-65.978835,-65.974422,-65.979243
857.750000,-65.978941,-65.974528,-65.979349
857.800000,-65.979047,-65.974634,-65.979455
857.850000,-65.979153,-65.974740,-65.979561
857.900000,-65.979259,-65.974845,-65.979666
857.950000,-65.979364,-65.974951,-65.979772
858.000000,-65.979469,-65.975056,-65.979877
858.050000,-65.979575,-65.975162,-65.979982
858.100000,-65.979679,-65.975266,-65.980087
858.150000,-65.979784,-65.975371,-65.980192
858.200000,-65.979889,-65.975476,-65.980296
858.250000,-65.979993,-65.975580,-65.980401
858.300000,-65.980097,-65.975684,-65.980505
858.350000,-65.980201,-65.975789,-65.980609
858.400000,-65.980305,-65.975892,-65.980712
858.450000,-65.980408,-65.975996,-65.980816
858.500000,-65.980511,-65.976100,-65.980919
858.550000,-65.980615,-65.976203,-65.981022
858.600000,-65.980718,-65.976306,-65.981126
858.650000,-65.980821,-65.976409,-65.981228
858.700000,-65.980923,-65.976512,-65.981331
858.750000,-65.981026,-65.976614,-65.981433
858.800000,-65.981128,-65.976717,-65.981536
858.850000,-65.981230,-65.976819,-65.981638
858.900000,-65.981332,-65.976921,-65.981740
858.950000,-65.981434,-65.977023,-65.981842
859.000000,-65.981535,-65.977124,-65.981943
859.050000,-65.981637,-65.977226,-65.982044
859.100000,-65.981738,-65.977327,-65.982146
859.150000,-65.981839,-65.977428,-65.982247
859.200000,-65.981940,-65.977529,-65.982348
859.250000,-65.982040,-65.977630,-65.982448
859.300000,-65.982141,-65.977731,-65.982549
859.350000,-65.982241,-65.977831,-65.982649
859.400000,-65.982341,-65.977931,-65.982749
859.450000,-65.982441,-65.978031,-65.982849
859.500000,-65.982541,-65.978131,-65.982949
859.550000,-65.982640,-65.978231,-65.983048
859.600000,-65.982740,-65.978330,-65.983148
859.650000,-65.982839,-65.978430,-65.983247
859.700000,-65.982938,-65.978529,-65.983346
859.750000,-65.983037,-65.978628,-65.983445
859.800000,-65.983136,-65.978727,-65.983544
859.850000,-65.983234,-65.978825,-65.983642
859.900000,-65.983333,-65.978924,-65.983741
859.950000,-65.983431,-65.979022,-65.983839
860.000000,-65.983529,-65.979120,-65.983937
860.050000,-65.983627,-65.979218,-65.984035
860.100000,-65.983724,-65.979316,-65.984132
860.150000,-65.983822,-65.979413,-65.984230
860.200000,-65.983919,-65.979511,-65.984327
860.250000,-65.984016,-65.979608,-65.984424
860.300000,-65.984113,-65.979705,-65.984521
860.350000,-65.984210,-65.979802,-65.984618
860.400000,-65.984307,-65.979899,-65.984715
860.450000,-65.984403,-65.979995,-65.984811
860.500000,-65.984499,-65.980092,-65.984908
860.550000,-65.984595,-65.980188,-65.985004
860.600000,-65.984691,-65.980284,-65.985100
860.650000,-65.984787,-65.980380,-65.985195
860.700000,-65.984883,-65.980476,-65.985291
860.750000,-65.984978,-65.980571,-65.985386
860.800000,-65.985073,-65.980666,-65.985482
860.850000,-65.985169,-65.980762,-65.985577
860.900000,-65.985263,-65.980857,-65.985672
860.950000,-65.985358,-65.980952,-65.985767
861.000000,-65.985453,-65.981046,-65.985861
861.050000,-65.985547,-65.981141,-65.985956
861.100000,-65.985641,-65.981235,-65.986050
861.150000,-65.985736,-65.981329,-65.986144
861.200000,-65.985829,-65.981423,-65.986238
861.250000,-65.985923,-65.981517,-65.986332
861.300000,-65.986017,-65.981611,-65.986425
861.350000,-65.986110,-65.981704,-65.986519
861.400000,-65.986203,-65.981798,-65.986612
861.450000,-65.986297,-65.981891,-65.986705
861.500000,-65.986389,-65.981984,-65.986798
861.550000,-65.986482,-65.982077,-65.986891
861.600000,-65.986575,-65.982169,-65.986983
861.650000,-65.986667,-65.982262,-65.987076
861.700000,-65.986760,-65.982354,-65.987168
861.750000,-65.986852,-65.982447,-65.987260
861.800000,-65.986944,-65.982539,-65.987352
861.850000,-65.987035,-65.982630,-65.987444
861.900000,-65.987127,-65.982722,-65.987535
861.950000,-65.987218,-65.982814,-65.987627
862.000000,-65.987310,-65.982905,-65.987718
862.050000,-65.987401,-65.982996,-65.987809
862.100000,-65.987492,-65.983087,-65.987900
862.150000,-65.987583,-65.983178,-65.987991
862.200000,-65.987673,-65.983269,-65.988082
862.250000,-65.987764,-65.983360,-65.988172
862.300000,-65.987854,-65.983450,-65.988263
862.350000,-65.987944,-65.983540,-65.988353
862.400000,-65.988034,-65.983630,-65.988443
862.450000,-65.988124,-65.983720,-65.988533
862.500000,-65.988214,-65.983810,-65.988622
862.550000,-65.988303,-65.983900,-65.988712
862.600000,-65.988393,-65.983989,-65.988801
862.650000,-65.988482,-65.984079,-65.988891
862.700000,-65.988571,-65.984168,-65.988980
862.750000,-65.988660,-65.984257,-65.989068
862.800000,-65.988749,-65.984345,-65.989157
862.850000,-65.988837,-65.984434,-65.989246
862.900000,-65.988926,-65.984523,-65.989334
862.950000,-65.989014,-65.984611,-65.989423
863.000000,-65.989102,-65.984699,-65.989511
863.050000,-65.989190,-65.984787,-65.989599
863.100000,-65.989278,-65.984875,-65.989686
863.150000,-65.989365,-65.984963,-65.989774
863.200000,-65.989453,-65.985050,-65.989862
863.250000,-65.989540,-65.985138,-65.989949
863.300000,-65.989627,-65.985225,-65.990036
863.350000,-65.989714,-65.985312,-65.990123
863.400000,-65.989801,-65.985399,-65.990210
863.450000,-65.989888,-65.985486,-65.990297
863.500000,-65.989974,-65.985573,-65.990383
863.550000,-65.990061,-65.985659,-65.990470
863.600000,-65.990147,-65.985746,-65.990556
863.650000,-65.990233,-65.985832,-65.990642
863.700000,-65.990319,-65.985918,-65.990728
863.750000,-65.990405,-65.986004,-65.990814
863.800000,-65.990491,-65.986089,-65.990899
863.850000,-65.990576,-65.986175,-65.990985
863.900000,-65.990661,-65.986260,-65.991070
863.950000,-65.990747,-65.986346,-65.991155
864.000000,-65.990832,-65.986431,-65.991241
864.050000,-65.990916,-65.986516,-65.991325
864.100000,-65.991001,-65.986601,-65.991410
864.150000,-65.991086,-65.986685,-65.991495
864.200000,-65.991170,-65.986770,-65.991579
864.250000,-65.991255,-65.986854,-65.991663
864.300000,-65.991339,-65.986938,-65.991748
864.350000,-65.991423,-65.987022,-65.991832
864.400000,-65.991506,-65.987106,-65.991915
864.450000,-65.991590,-65.987190,-65.991999
864.500000,-65.991674,-65.987274,-65.992083
864.550000,-65.991757,-65.987357,-65.992166
864.600000,-65.991840,-65.987441,-65.992249
864.650000,-65.991923,-65.987524,-65.992333
864.700000,-65.992006,-65.987607,-65.992415
864.750000,-65.992089,-65.987690,-65.992498
864.800000,-65.992172,-65.987773,-65.992581
864.850000,-65.992254,-65.987855,-65.992663
864.900000,-65.992337,-65.987938,-65.992746
864.950000,-65.992419,-65.988020,-65.992828
865.000000,-65.992501,-65.988102,-65.992910
865.050000,-65.992583,-65.988184,-65.992992
865.100000,-65.992665,-65.988266,-65.993074
865.150000,-65.992746,-65.988348,-65.993156
865.200000,-65.992828,-65.988429,-65.993237
865.250000,-65.992909,-65.988511,-65.993318
865.300000,-65.992990,-65.988592,-65.993400
865.350000,-65.993071,-65.988673,-65.993481
865.400000,-65.993152,-65.988754,-65.993562
865.450000,-65.993233,-65.988835,-65.993642
865.500000,-65.993314,-65.988916,-65.993723
865.550000,-65.993394,-65.988996,-65.993804
865.600000,-65.993475,-65.989077,-65.993884
865.650000,-65.993555,-65.989157,-65.993964
865.700000,-65.993635,-65.989237,-65.994044
865.750000,-65.993715,-65.989317,-65.994124
865.800000,-65.993795,-65.989397,-65.994204
865.850000,-65.993874,-65.989477,-65.994284
865.900000,-65.993954,-65.989556,-65.994363
865.950000,-65.994033,-65.989636,-65.994442
866.000000,-65.994112,-65.989715,-65.994522
866.050000,-65.994191,-65.989794,-65.994601
866.100000,-65.994270,-65.989873,-65.994680
866.150000,-65.994349,-65.989952,-65.994758
866.200000,-65.994428,-65.990031,-65.994837
866.250000,-65.994506,-65.990109,-65.994916
866.300000,-65.994585,-65.990188,-65.994994
866.350000,-65.994663,-65.990266,-65.995072
866.400000,-65.994741,-65.990344,-65.995150
866.450000,-65.994819,-65.990422,-65.995228
866.500000,-65.994897,-65.990500,-65.995306
866.550000,-65.994974,-65.990578,-65.995384
866.600000,-65.995052,-65.990656,-65.995461
866.650000,-65.995129,-65.990733,-65.995539
866.700000,-65.995207,-65.990811,-65.995616
866.750000,-65.995284,-65.990888,-65.995693
866.800000,-65.995361,-65.990965,-65.995770
866.850000,-65.995438,-65.991042,-65.995847
866.900000,-65.995514,-65.991119,-65.995924
866.950000,-65.995591,-65.991195,-65.996001
867.000000,-65.995667,-65.991272,-65.996077
867.050000,-65.995744,-65.991348,-65.996153
867.100000,-65.995820,-65.991425,-65.996229
867.150000,-65.995896,-65.991501,-65.996306
867.200000,-65.995972,-65.991577,-65.996381
867.250000,-65.996048,-65.991653,-65.996457
867.300000,-65.996123,-65.991728,-65.996533
867.350000,-65.996199,-65.991804,-65.996608
867.400000,-65.996274,-65.991879,-65.996684
867.450000,-65.996349,-65.991955,-65.996759
867.500000,-65.996425,-65.992030,-65.996834
867.550000,-65.996500,-65.992105,-65.996909
867.600000,-65.996574,-65.992180,-65.996984
867.650000,-65.996649,-65.992255,-65.997059
867.700000,-65.996724,-65.992329,-65.997133
867.750000,-65.996798,-65.992404,-65.997208
867.800000,-65.996873,-65.992478,-65.997282
867.850000,-65.996947,-65.992553,-65.997356
867.900000,-65.997021,-65.992627,-65.997430
867.950000,-65.997095,-65.992701,-65.997504
868.000000,-65.997168,-65.992775,-65.997578
868.050000,-65.997242,-65.992848,-65.997652
868.100000,-65.997316,-65.992922,-65.997725
868.150000,-65.997389,-65.992995,-65.997799
868.200000,-65.997462,-65.993069,-65.997872
868.250000,-65.997536,-65.993142,-65.997945
868.300000,-65.997609,-65.993215,-65.998018
868.350000,-65.997681,-65.993288,-65.998091
868.400000,-65.997754,-65.993361,-65.998164
868.450000,-65.997827,-65.993434,-65.998237
868.500000,-65.997899,-65.993506,-65.998309
868.550000,-65.997972,-65.993579,-65.998381
868.600000,-65.998044,-65.993651,-65.998454
868.650000,-65.998116,-65.993723,-65.998526
868.700000,-65.998188,-65.993795,-65.998598
868.750000,-65.998260,-65.993867,-65.998670
868.800000,-65.998332,-65.993939,-65.998741
868.850000,-65.998403,-65.994011,-65.998813
868.900000,-65.998475,-65.994082,-65.998885
868.950000,-65.998546,-65.994154,-65.998956
869.000000,-65.998617,-65.994225,-65.999027
869.050000,-65.998688,-65.994296,-65.999098
869.100000,-65.998759,-65.994367,-65.999169
869.150000,-65.998830,-65.994438,-65.999240
869.200000,-65.998901,-65.994509,-65.999311
869.250000,-65.998972,-65.994580,-65.999381
869.300000,-65.999042,-65.994650,-65.999452
869.350000,-65.999112,-65.994720,-65.999522
869.400000,-65.999183,-65.994791,-65.999593
869.450000,-65.999253,-65.994861,-65.999663
869.500000,-65.999323,-65.994931,-65.999733
869.550000,-65.999393,-65.995001,-65.999803
869.600000,-65.999462,-65.995071,-65.999872
869.650000,-65.999532,-65.995140,-65.999942
869.700000,-65.999601,-65.995210,-66.000011
869.750000,-65.999671,-65.995279,-66.000081
869.800000,-65.999740,-65.995349,-66.000150
869.850000,-65.999809,-65.995418,-66.000219
869.900000,-65.999878,-65.995487,-66.000288
869.950000,-65.999947,-65.995556,-66.000357
870.000000,-66.000016,-65.995625,-66.000426
870.050000,-66.000084,-65.995693,-66.000494
870.100000,-66.000153,-65.995762,-66.000563
870.150000,-66.000221,-65.995831,-66.000631
870.200000,-66.000289,-65.995899,-66.000700
870.250000,-66.000358,-65.995967,-66.000768
870.300000,-66.000426,-65.996035,-66.000836
870.350000,-66.000494,-65.996103,-66.000904
870.400000,-66.000561,-65.996171,-66.000971
870.450000,-66.000629,-65.996239,-66.001039
870.500000,-66.000697,-65.996306,-66.001107
870.550000,-66.000764,-65.996374,-66.001174
870.600000,-66.000831,-65.996441,-66.001241
870.650000,-66.000898,-65.996509,-66.001309
870.700000,-66.000966,-65.996576,-66.001376
870.750000,-66.001032,-65.996643,-66.001443
870.800000,-66.001099,-65.996710,-66.001510
870.850000,-66.001166,-65.996776,-66.001576
870.900000,-66.001233,-65.996843,-66.001643
870.950000,-66.001299,-65.996910,-66.001709
871.000000,-66.001365,-65.996976,-66.001776
871.050000,-66.001432,-65.997042,-66.001842
871.100000,-66.001498,-65.997109,-66.001908
871.150000,-66.001564,-65.997175,-66.001974
871.200000,-66.001630,-65.997241,-66.002040
871.250000,-66.001696,-65.997306,-66.002106
871.300000,-66.001761,-65.997372,-66.002171
871.350000,-66.001827,-65.997438,-66.002237
871.400000,-66.001892,-65.997503,-66.002302
871.450000,-66.001957,-65.997569,-66.002368
871.500000,-66.002023,-65.997634,-66.002433
871.550000,-66.002088,-65.997699,-66.002498
871.600000,-66.002153,-65.997764,-66.002563
871.650000,-66.002218,-65.997829,-66.002628
871.700000,-66.002282,-65.997894,-66.002693
871.750000,-66.002347,-65.997958,-66.002757
871.800000,-66.002411,-65.998023,-66.002822
871.850000,-66.002476,-65.998088,-66.002886
871.900000,-66.002540,-65.998152,-66.002950
871.950000,-66.002604,-65.998216,-66.003015
872.000000,-66.002668,-65.998280,-66.003079
872.050000,-66.002732,-65.998344,-66.003143
872.100000,-66.002796,-65.998408,-66.003206
872.150000,-66.002860,-65.998472,-66.003270
872.200000,-66.002923,-65.998536,-66.003334
872.250000,-66.002987,-65.998599,-66.003397
872.300000,-66.003050,-65.998663,-66.003461
872.350000,-66.003114,-65.998726,-66.003524
872.400000,-66.003177,-65.998789,-66.003587
872.450000,-66.003240,-65.998852,-66.003650
872.500000,-66.003303,-65.998915,-66.003713
872.550000,-66.003365,-65.998978,-66.003776
872.600000,-66.003428,-65.999041,-66.003839
872.650000,-66.003491,-65.999104,-66.003901
872.700000,-66.003553,-65.999166,-66.003964
872.750000,-66.003616,-65.999229,-66.004026
872.800000,-66.003678,-65.999291,-66.004088
872.850000,-66.003740,-65.999353,-66.004151
872.900000,-66.003802,-65.999415,-66.004213
872.950000,-66.003864,-65.999477,-66.004275
873.000000,-66.003926,-65.999539,-66.004336
873.050000,-66.003988,-65.999601,-66.004398
873.100000,-66.004049,-65.999663,-66.004460
873.150000,-66.004111,-65.999724,-66.004521
873.200000,-66.004172,-65.999786,-66.004583
873.250000,-66.004233,-65.999847,-66.004644
873.300000,-66.004295,-65.999908,-66.004705
873.350000,-66.004356,-65.999969,-66.004766
873.400000,-66.004417,-66.000030,-66.004827
873.450000,-66.004477,-66.000091,-66.004888
873.500000,-66.004538,-66.000152,-66.004949
873.550000,-66.004599,-66.000213,-66.005009
873.600000,-66.004659,-66.000273,-66.005070
873.650000,-66.004720,-66.000334,-66.005130
873.700000,-66.004780,-66.000394,-66.005191
873.750000,-66.004840,-66.000455,-66.005251
873.800000,-66.004900,-66.000515,-66.005311
873.850000,-66.004960,-66.000575,-66.005371
873.900000,-66.005020,-66.000635,-66.005431
873.950000,-66.005080,-66.000695,-66.005491
874.000000,-66.005140,-66.000754,-66.005550
874.050000,-66.005199,-66.000814,-66.005610
874.100000,-66.005259,-66.000873,-66.005670
874.150000,-66.005318,-66.000933,-66.005729
874.200000,-66.005377,-66.000992,-66.005788
874.250000,-66.005437,-66.001051,-66.005847
874.300000,-66.005496,-66.001111,-66.005906
874.350000,-66.005555,-66.001170,-66.005965
874.400000,-66.005613,-66.001228,-66.006024
874.450000,-66.005672,-66.001287,-66.006083
874.500000,-66.005731,-66.001346,-66.006142
874.550000,-66.005789,-66.001405,-66.006200
874.600000,-66.005848,-66.001463,-66.006259
874.650000,-66.005906,-66.001521,-66.006317
874.700000,-66.005964,-66.001580,-66.006375
874.750000,-66.006022,-66.001638,-66.006433
874.800000,-66.006080,-66.001696,-66.006491
874.850000,-66.006138,-66.001754,-66.006549
874.900000,-66.006196,-66.001812,-66.006607
874.950000,-66.006254,-66.001870,-66.006665
875.000000,-66.006311,-66.001927,-66.006722
875.050000,-66.006369,-66.001985,-66.006780
875.100000,-66.006426,-66.002042,-66.006837
875.150000,-66.006484,-66.002100,-66.006895
875.200000,-66.006541,-66.002157,-66.006952
875.250000,-66.006598,-66.002214,-66.007009
875.300000,-66.006655,-66.002271,-66.007066
875.350000,-66.006712,-66.002328,-66.007123
875.400000,-66.006769,-66.002385,-66.007180
875.450000,-66.006825,-66.002442,-66.007236
875.500000,-66.006882,-66.002498,-66.007293
875.550000,-66.006939,-66.002555,-66.007349
875.600000,-66.006995,-66.002611,-66.007406
875.650000,-66.007051,-66.002668,-66.007462
875.700000,-66.007107,-66.002724,-66.007518
875.750000,-66.007164,-66.002780,-66.007574
875.800000,-66.007220,-66.002836,-66.007631
875.850000,-66.007275,-66.002892,-66.007686
875.900000,-66.007331,-66.002948,-66.007742
875.950000,-66.007387,-66.003004,-66.007798
876.000000,-66.007443,-66.003060,-66.007854
876.050000,-66.007498,-66.003115,-66.007909
876.100000,-66.007553,-66.003171,-66.007965
876.150000,-66.007609,-66.003226,-66.008020
876.200000,-66.007664,-66.003281,-66.008075
876.250000,-66.007719,-66.003336,-66.008130
876.300000,-66.007774,-66.003391,-66.008185
876.350000,-66.007829,-66.003446,-66.008240
876.400000,-66.007884,-66.003501,-66.008295
876.450000,-66.007939,-66.003556,-66.008350
876.500000,-66.007993,-66.003611,-66.008404
876.550000,-66.008048,-66.003665,-66.008459
876.600000,-66.008102,-66.003720,-66.008513
876.650000,-66.008157,-66.003774,-66.008568
876.700000,-66.008211,-66.003829,-66.008622
876.750000,-66.008265,-66.003883,-66.008676
876.800000,-66.008319,-66.003937,-66.008730
876.850000,-66.008373,-66.003991,-66.008784
876.900000,-66.008427,-66.004045,-66.008838
876.950000,-66.008481,-66.004099,-66.008892
877.000000,-66.008534,-66.004152,-66.008946
877.050000,-66.008588,-66.004206,-66.008999
877.100000,-66.008641,-66.004260,-66.009053
877.150000,-66.008695,-66.004313,-66.009106
877.200000,-66.008748,-66.004366,-66.009159
877.250000,-66.008801,-66.004420,-66.009213
877.300000,-66.008854,-66.004473,-66.009266
877.350000,-66.008907,-66.004526,-66.009319
877.400000,-66.008960,-66.004579,-66.009372
877.450000,-66.009013,-66.004632,-66.009424
877.500000,-66.009066,-66.004685,-66.009477
877.550000,-66.009119,-66.004737,-66.009530
877.600000,-66.009171,-66.004790,-66.009582
877.650000,-66.009224,-66.004842,-66.009635
877.700000,-66.009276,-66.004895,-66.009687
877.750000,-66.009328,-66.004947,-66.009740
877.800000,-66.009380,-66.004999,-66.009792
877.850000,-66.009433,-66.005052,-66.009844
877.900000,-66.009485,-66.005104,-66.009896
877.950000,-66.009536,-66.005156,-66.009948
878.000000,-66.009588,-66.005207,-66.010000
878.050000,-66.009640,-66.005259,-66.010051
878.100000,-66.009692,-66.005311,-66.010103
878.150000,-66.009743,-66.005363,-66.010154
878.200000,-66.009795,-66.005414,-66.010206
878.250000,-66.009846,-66.005465,-66.010257
878.300000,-66.009897,-66.005517,-66.010309
878.350000,-66.009948,-66.005568,-66.010360
878.400000,-66.010000,-66.005619,-66.010411
878.450000,-66.010051,-66.005670,-66.010462
878.500000,-66.010101,-66.005721,-66.010513
878.550000,-66.010152,-66.005772,-66.010564
878.600000,-66.010203,-66.005823,-66.010614
878.650000,-66.010254,-66.005874,-66.010665
878.700000,-66.010304,-66.005924,-66.010716
878.750000,-66.010355,-66.005975,-66.010766
878.800000,-66.010405,-66.006025,-66.010816
878.850000,-66.010455,-66.006075,-66.010867
878.900000,-66.010505,-66.006126,-66.010917
878.950000,-66.010556,-66.006176,-66.010967
879.000000,-66.010606,-66.006226,-66.011017
879.050000,-66.010656,-66.006276,-66.011067
879.100000,-66.010705,-66.006326,-66.011117
879.150000,-66.010755,-66.006376,-66.011167
879.200000,-66.010805,-66.006425,-66.011216
879.250000,-66.010854,-66.006475,-66.011266
879.300000,-66.010904,-66.006525,-66.011315
879.350000,-66.010953,-66.006574,-66.011365
879.400000,-66.011003,-66.006623,-66.011414
879.450000,-66.011052,-66.006673,-66.011463
879.500000,-66.011101,-66.006722,-66.011513
879.550000,-66.011150,-66.006771,-66.011562
879.600000,-66.011199,-66.006820,-66.011611
879.650000,-66.011248,-66.006869,-66.011659
879.700000,-66.011297,-66.006918,-66.011708
879.750000,-66.011345,-66.006967,-66.011757
879.800000,-66.011394,-66.007015,-66.011806
879.850000,-66.011443,-66.007064,-66.011854
879.900000,-66.011491,-66.007112,-66.011903
879.950000,-66.011539,-66.007161,-66.011951
880.000000,-66.011588,-66.007209,-66.011999
880.050000,-66.011636,-66.007257,-66.012048
880.100000,-66.011684,-66.007305,-66.012096
880.150000,-66.011732,-66.007354,-66.012144
880.200000,-66.011780,-66.007402,-66.012192
880.250000,-66.011828,-66.007449,-66.012240
880.300000,-66.011876,-66.007497,-66.012287
880.350000,-66.011923,-66.007545,-66.012335
880.400000,-66.011971,-66.007593,-66.012383
880.450000,-66.012018,-66.007640,-66.012430
880.500000,-66.012066,-66.007688,-66.012478
880.550000,-66.012113,-66.007735,-66.012525
880.600000,-66.012161,-66.007782,-66.012572
880.650000,-66.012208,-66.007830,-66.012619
880.700000,-66.012255,-66.007877,-66.012667
880.750000,-66.012302,-66.007924,-66.012714
880.800000,-66.012349,-66.007971,-66.012761
880.850000,-66.012396,-66.008018,-66.012807
880.900000,-66.012442,-66.008065,-66.012854
880.950000,-66.012489,-66.008111,-66.012901
881.000000,-66.012536,-66.008158,-66.012948
881.050000,-66.012582,-66.008205,-66.012994
881.100000,-66.012629,-66.008251,-66.013041
881.150000,-66.012675,-66.008298,-66.013087
881.200000,-66.012721,-66.008344,-66.013133
881.250000,-66.012768,-66.008390,-66.013179
881.300000,-66.012814,-66.008436,-66.013226
881.350000,-66.012860,-66.008482,-66.013272
881.400000,-66.012906,-66.008528,-66.013318
881.450000,-66.012952,-66.008574,-66.013363
881.500000,-66.012997,-66.008620,-66.013409
881.550000,-66.013043,-66.008666,-66.013455
881.600000,-66.013089,-66.008712,-66.013501
881.650000,-66.013134,-66.008757,-66.013546
881.700000,-66.013180,-66.008803,-66.013592
881.750000,-66.013225,-66.008848,-66.013637
881.800000,-66.013271,-66.008894,-66.013682
881.850000,-66.013316,-66.008939,-66.013728
881.900000,-66.013361,-66.008984,-66.013773
881.950000,-66.013406,-66.009029,-66.013818
882.000000,-66.013451,-66.009074,-66.013863
882.050000,-66.013496,-66.009119,-66.013908
882.100000,-66.013541,-66.009164,-66.013953
882.150000,-66.013586,-66.009209,-66.013997
882.200000,-66.013630,-66.009254,-66.014042
882.250000,-66.013675,-66.009298,-66.014087
882.300000,-66.013719,-66.009343,-66.014131
882.350000,-66.013764,-66.009387,-66.014176
882.400000,-66.013808,-66.009432,-66.014220
882.450000,-66.013852,-66.009476,-66.014264
882.500000,-66.013897,-66.009520,-66.014309
882.550000,-66.013941,-66.009565,-66.014353
882.600000,-66.013985,-66.009609,-66.014397
882.650000,-66.014029,-66.009653,-66.014441
882.700000,-66.014073,-66.009697,-66.014485
882.750000,-66.014117,-66.009741,-66.014528
882.800000,-66.014160,-66.009784,-66.014572
882.850000,-66.014204,-66.009828,-66.014616
882.900000,-66.014248,-66.009872,-66.014660
882.950000,-66.014291,-66.009915,-66.014703
883.000000,-66.014334,-66.009959,-66.014746
883.050000,-66.014378,-66.010002,-66.014790
883.100000,-66.014421,-66.010045,-66.014833
883.150000,-66.014464,-66.010089,-66.014876
883.200000,-66.014507,-66.010132,-66.014920
883.250000,-66.014551,-66.010175,-66.014963
883.300000,-66.014594,-66.010218,-66.015006
883.350000,-66.014636,-66.010261,-66.015048
883.400000,-66.014679,-66.010304,-66.015091
883.450000,-66.014722,-66.010347,-66.015134
883.500000,-66.014765,-66.010389,-66.015177
883.550000,-66.014807,-66.010432,-66.015219
883.600000,-66.014850,-66.010475,-66.015262
883.650000,-66.014892,-66.010517,-66.015304
883.700000,-66.014935,-66.010560,-66.015347
883.750000,-66.014977,-66.010602,-66.015389
883.800000,-66.015019,-66.010644,-66.015431
883.850000,-66.015061,-66.010686,-66.015473
883.900000,-66.015103,-66.010728,-66.015516
883.950000,-66.015145,-66.010771,-66.015558
884.000000,-66.015187,-66.010813,-66.015600
884.050000,-66.015229,-66.010854,-66.015641
884.100000,-66.015271,-66.010896,-66.015683
884.150000,-66.015313,-66.010938,-66.015725
884.200000,-66.015354,-66.010980,-66.015767
884.250000,-66.015396,-66.011021,-66.015808
884.300000,-66.015437,-66.011063,-66.015850
884.350000,-66.015479,-66.011104,-66.015891
884.400000,-66.015520,-66.011146,-66.015932
884.450000,-66.015562,-66.011187,-66.015974
884.500000,-66.015603,-66.011228,-66.016015
884.550000,-66.015644,-66.011269,-66.016056
884.600000,-66.015685,-66.011311,-66.016097
884.650000,-66.015726,-66.011352,-66.016138
884.700000,-66.015767,-66.011393,-66.016179
884.750000,-66.015808,-66.011433,-66.016220
884.800000,-66.015848,-66.011474,-66.016261
884.850000,-66.015889,-66.011515,-66.016301
884.900000,-66.015930,-66.011556,-66.016342
884.950000,-66.015970,-66.011596,-66.016383
885.000000,-66.016011,-66.011637,-66.016423
885.050000,-66.016051,-66.011677,-66.016463
885.100000,-66.016092,-66.011718,-66.016504
885.150000,-66.016132,-66.011758,-66.016544
885.200000,-66.016172,-66.011798,-66.016584
885.250000,-66.016212,-66.011838,-66.016624
885.300000,-66.016252,-66.011878,-66.016665
885.350000,-66.016292,-66.011918,-66.016705
885.400000,-66.016332,-66.011958,-66.016744
885.450000,-66.016372,-66.011998,-66.016784
885.500000,-66.016412,-66.012038,-66.016824
885.550000,-66.016451,-66.012078,-66.016864
885.600000,-66.016491,-66.012118,-66.016903
885.650000,-66.016531,-66.012157,-66.016943
885.700000,-66.016570,-66.012197,-66.016983
885.750000,-66.016610,-66.012236,-66.017022
885.800000,-66.016649,-66.012276,-66.017061
885.850000,-66.016688,-66.012315,-66.017101
885.900000,-66.016727,-66.012354,-66.017140
885.950000,-66.016767,-66.012393,-66.017179
886.000000,-66.016806,-66.012433,-66.017218
886.050000,-66.016845,-66.012472,-66.017257
886.100000,-66.016884,-66.012511,-66.017296
886.150000,-66.016923,-66.012549,-66.017335
886.200000,-66.016961,-66.012588,-66.017374
886.250000,-66.017000,-66.012627,-66.017413
886.300000,-66.017039,-66.012666,-66.017451
886.350000,-66.017077,-66.012704,-66.017490
886.400000,-66.017116,-66.012743,-66.017528
886.450000,-66.017154,-66.012782,-66.017567
886.500000,-66.017193,-66.012820,-66.017605
886.550000,-66.017231,-66.012858,-66.017644
886.600000,-66.017269,-66.012897,-66.017682
886.650000,-66.017308,-66.012935,-66.017720
886.700000,-66.017346,-66.012973,-66.017758
886.750000,-66.017384,-66.013011,-66.017796
886.800000,-66.017422,-66.013049,-66.017834
886.850000,-66.017460,-66.013087,-66.017872
886.900000,-66.017498,-66.013125,-66.017910
886.950000,-66.017535,-66.013163,-66.017948
887.000000,-66.017573,-66.013201,-66.017986
887.050000,-66.017611,-66.013238,-66.018023
887.100000,-66.017648,-66.013276,-66.018061
887.150000,-66.017686,-66.013314,-66.018098
887.200000,-66.017723,-66.013351,-66.018136
887.250000,-66.017761,-66.013389,-66.018173
887.300000,-66.017798,-66.013426,-66.018211
887.350000,-66.017835,-66.013463,-66.018248
887.400000,-66.017873,-66.013501,-66.018285
887.450000,-66.017910,-66.013538,-66.018322
887.500000,-66.017947,-66.013575,-66.018359
887.550000,-66.017984,-66.013612,-66.018396
887.600000,-66.018021,-66.013649,-66.018433
887.650000,-66.018058,-66.013686,-66.018470
887.700000,-66.018094,-66.013723,-66.018507
887.750000,-66.018131,-66.013759,-66.018544
887.800000,-66.018168,-66.013796,-66.018580
887.850000,-66.018205,-66.013833,-66.018617
887.900000,-66.018241,-66.013869,-66.018654
887.950000,-66.018278,-66.013906,-66.018690
888.000000,-66.018314,-66.013942,-66.018727
888.050000,-66.018350,-66.013979,-66.018763
888.100000,-66.018387,-66.014015,-66.018799
888.150000,-66.018423,-66.014051,-66.018836
888.200000,-66.018459,-66.014088,-66.018872
888.250000,-66.018495,-66.014124,-66.018908
888.300000,-66.018531,-66.014160,-66.018944
888.350000,-66.018567,-66.014196,-66.018980
888.400000,-66.018603,-66.014232,-66.019016
888.450000,-66.018639,-66.014268,-66.019052
888.500000,-66.018675,-66.014304,-66.019087
888.550000,-66.018711,-66.014339,-66.019123
888.600000,-66.018746,-66.014375,-66.019159
888.650000,-66.018782,-66.014411,-66.019194
888.700000,-66.018817,-66.014446,-66.019230
888.750000,-66.018853,-66.014482,-66.019266
888.800000,-66.018888,-66.014517,-66.019301
888.850000,-66.018924,-66.014553,-66.019336
888.900000,-66.018959,-66.014588,-66.019372
888.950000,-66.018994,-66.014623,-66.019407
889.000000,-66.019029,-66.014658,-66.019442
889.050000,-66.019064,-66.014694,-66.019477
889.100000,-66.019099,-66.014729,-66.019512
889.150000,-66.019134,-66.014764,-66.019547
889.200000,-66.019169,-66.014799,-66.019582
889.250000,-66.019204,-66.014833,-66.019617
889.300000,-66.019239,-66.014868,-66.019652
889.350000,-66.019274,-66.014903,-66.019686
889.400000,-66.019308,-66.014938,-66.019721
889.450000,-66.019343,-66.014972,-66.019756
889.500000,-66.019378,-66.015007,-66.019790
889.550000,-66.019412,-66.015042,-66.019825
889.600000,-66.019447,-66.015076,-66.019859
889.650000,-66.019481,-66.015110,-66.019894
889.700000,-66.019515,-66.015145,-66.019928
889.750000,-66.019549,-66.015179,-66.019962
889.800000,-66.019584,-66.015213,-66.019996
889.850000,-66.019618,-66.015247,-66.020031
889.900000,-66.019652,-66.015282,-66.020065
889.950000,-66.019686,-66.015316,-66.020099
890.000000,-66.019720,-66.015350,-66.020133
890.050000,-66.019754,-66.015384,-66.020167
890.100000,-66.019788,-66.015417,-66.020200
890.150000,-66.019821,-66.015451,-66.020234
890.200000,-66.019855,-66.015485,-66.020268
890.250000,-66.019889,-66.015519,-66.020302
890.300000,-66.019922,-66.015552,-66.020335
890.350000,-66.019956,-66.015586,-66.020369
890.400000,-66.019989,-66.015619,-66.020402
890.450000,-66.020023,-66.015653,-66.020436
890.500000,-66.020056,-66.015686,-66.020469
890.550000,-66.020089,-66.015720,-66.020502
890.600000,-66.020123,-66.015753,-66.020536
890.650000,-66.020156,-66.015786,-66.020569
890.700000,-66.020189,-66.015819,-66.020602
890.750000,-66.020222,-66.015852,-66.020635
890.800000,-66.020255,-66.015885,-66.020668
890.850000,-66.020288,-66.015918,-66.020701
890.900000,-66.020321,-66.015951,-66.020734
890.950000,-66.020354,-66.015984,-66.020767
891.000000,-66.020387,-66.016017,-66.020799
891.050000,-66.020419,-66.016050,-66.020832
891.100000,-66.020452,-66.016082,-66.020865
891.150000,-66.020485,-66.016115,-66.020897
891.200000,-66.020517,-66.016148,-66.020930
891.250000,-66.020550,-66.016180,-66.020963
891.300000,-66.020582,-66.016213,-66.020995
891.350000,-66.020614,-66.016245,-66.021027
891.400000,-66.020647,-66.016277,-66.021060
891.450000,-66.020679,-66.016310,-66.021092
891.500000,-66.020711,-66.016342,-66.021124
891.550000,-66.020743,-66.016374,-66.021156
891.600000,-66.020775,-66.016406,-66.021188
891.650000,-66.020807,-66.016438,-66.021220
891.700000,-66.020839,-66.016470,-66.021252
891.750000,-66.020871,-66.016502,-66.021284
891.800000,-66.020903,-66.016534,-66.021316
891.850000,-66.020935,-66.016566,-66.021348
891.900000,-66.020967,-66.016598,-66.021380
891.950000,-66.020999,-66.016630,-66.021412
892.000000,-66.021030,-66.016661,-66.021443
892.050000,-66.021062,-66.016693,-66.021475
892.100000,-66.021093,-66.016725,-66.021506
892.150000,-66.021125,-66.016756,-66.021538
892.200000,-66.021156,-66.016788,-66.021569
892.250000,-66.021188,-66.016819,-66.021601
892.300000,-66.021219,-66.016850,-66.021632
892.350000,-66.021250,-66.016882,-66.021663
892.400000,-66.021281,-66.016913,-66.021694
892.450000,-66.021313,-66.016944,-66.021726
892.500000,-66.021344,-66.016975,-66.021757
892.550000,-66.021375,-66.017006,-66.021788
892.600000,-66.021406,-66.017037,-66.021819
892.650000,-66.021437,-66.017068,-66.021850
892.700000,-66.021468,-66.017099,-66.021881
892.750000,-66.021498,-66.017130,-66.021911
892.800000,-66.021529,-66.017161,-66.021942
892.850000,-66.021560,-66.017192,-66.021973
892.900000,-66.021591,-66.017222,-66.022004
892.950000,-66.021621,-66.017253,-66.022034
893.000000,-66.021652,-66.017283,-66.022065
893.050000,-66.021682,-66.017314,-66.022095
893.100000,-66.021713,-66.017344,-66.022126
893.150000,-66.021743,-66.017375,-66.022156
893.200000,-66.021773,-66.017405,-66.022187
893.250000,-66.021804,-66.017436,-66.022217
893.300000,-66.021834,-66.017466,-66.022247
893.350000,-66.021864,-66.017496,-66.022277
893.400000,-66.021894,-66.017526,-66.022307
893.450000,-66.021924,-66.017556,-66.022337
893.500000,-66.021954,-66.017586,-66.022367
893.550000,-66.021984,-66.017616,-66.022397
893.600000,-66.022014,-66.017646,-66.022427
893.650000,-66.022044,-66.017676,-66.022457
893.700000,-66.022074,-66.017706,-66.022487
893.750000,-66.022104,-66.017736,-66.022517
893.800000,-66.022133,-66.017766,-66.022547
893.850000,-66.022163,-66.017795,-66.022576
893.900000,-66.022193,-66.017825,-66.022606
893.950000,-66.022222,-66.017855,-66.022635
894.000000,-66.022252,-66.017884,-66.022665
894.050000,-66.022281,-66.017914,-66.022694
894.100000,-66.022311,-66.017943,-66.022724
894.150000,-66.022340,-66.017972,-66.022753
894.200000,-66.022369,-66.018002,-66.022782
894.250000,-66.022398,-66.018031,-66.022812
894.300000,-66.022428,-66.018060,-66.022841
894.350000,-66.022457,-66.018089,-66.022870
894.400000,-66.022486,-66.018118,-66.022899
894.450000,-66.022515,-66.018148,-66.022928
894.500000,-66.022544,-66.018177,-66.022957
894.550000,-66.022573,-66.018206,-66.022986
894.600000,-66.022602,-66.018234,-66.023015
894.650000,-66.022631,-66.018263,-66.023044
894.700000,-66.022659,-66.018292,-66.023073
894.750000,-66.022688,-66.018321,-66.023101
894.800000,-66.022717,-66.018350,-66.023130
894.850000,-66.022745,-66.018378,-66.023159
894.900000,-66.022774,-66.018407,-66.023187
894.950000,-66.022803,-66.018435,-66.023216
895.000000,-66.022831,-66.018464,-66.023244
895.050000,-66.022859,-66.018492,-66.023273
895.100000,-66.022888,-66.018521,-66.023301
895.150000,-66.022916,-66.018549,-66.023329
895.200000,-66.022944,-66.018578,-66.023358
895.250000,-66.022973,-66.018606,-66.023386
895.300000,-66.023001,-66.018634,-66.023414
895.350000,-66.023029,-66.018662,-66.023442
895.400000,-66.023057,-66.018690,-66.023470
895.450000,-66.023085,-66.018718,-66.023498
895.500000,-66.023113,-66.018746,-66.023526
895.550000,-66.023141,-66.018774,-66.023554
895.600000,-66.023169,-66.018802,-66.023582
895.650000,-66.023197,-66.018830,-66.023610
895.700000,-66.023225,-66.018858,-66.023638
895.750000,-66.023252,-66.018886,-66.023666
895.800000,-66.023280,-66.018913,-66.023693
895.850000,-66.023308,-66.018941,-66.023721
895.900000,-66.023335,-66.018969,-66.023749
895.950000,-66.023363,-66.018996,-66.023776
896.000000,-66.023390,-66.019024,-66.023804
896.050000,-66.023418,-66.019051,-66.023831
896.100000,-66.023445,-66.019079,-66.023859
896.150000,-66.023473,-66.019106,-66.023886
896.200000,-66.023500,-66.019133,-66.023913
896.250000,-66.023527,-66.019161,-66.023941
896.300000,-66.023554,-66.019188,-66.023968
896.350000,-66.023581,-66.019215,-66.023995
896.400000,-66.023609,-66.019242,-66.024022
896.450000,-66.023636,-66.019269,-66.024049
896.500000,-66.023663,-66.019297,-66.024076
896.550000,-66.023690,-66.019324,-66.024103
896.600000,-66.023717,-66.019350,-66.024130
896.650000,-66.023744,-66.019377,-66.024157
896.700000,-66.023770,-66.019404,-66.024184
896.750000,-66.023797,-66.019431,-66.024211
896.800000,-66.023824,-66.019458,-66.024237
896.850000,-66.023851,-66.019485,-66.024264
896.900000,-66.023877,-66.019511,-66.024291
896.950000,-66.023904,-66.019538,-66.024317
897.000000,-66.023930,-66.019564,-66.024344
897.050000,-66.023957,-66.019591,-66.024370
897.100000,-66.023983,-66.019617,-66.024397
897.150000,-66.024010,-66.019644,-66.024423
897.200000,-66.024036,-66.019670,-66.024450
897.250000,-66.024062,-66.019697,-66.024476
897.300000,-66.024089,-66.019723,-66.024502
897.350000,-66.024115,-66.019749,-66.024528
897.400000,-66.024141,-66.019775,-66.024555
897.450000,-66.024167,-66.019802,-66.024581
897.500000,-66.024193,-66.019828,-66.024607
897.550000,-66.024219,-66.019854,-66.024633
897.600000,-66.024245,-66.019880,-66.024659
897.650000,-66.024271,-66.019906,-66.024685
897.700000,-66.024297,-66.019932,-66.024711
897.750000,-66.024323,-66.019958,-66.024737
897.800000,-66.024349,-66.019983,-66.024763
897.850000,-66.024375,-66.020009,-66.024788
897.900000,-66.024400,-66.020035,-66.024814
897.950000,-66.024426,-66.020061,-66.024840
898.000000,-66.024452,-66.020086,-66.024865
898.050000,-66.024477,-66.020112,-66.024891
898.100000,-66.024503,-66.020138,-66.024917
898.150000,-66.024528,-66.020163,-66.024942
898.200000,-66.024554,-66.020189,-66.024968
898.250000,-66.024579,-66.020214,-66.024993
898.300000,-66.024605,-66.020239,-66.025018
898.350000,-66.024630,-66.020265,-66.025044
898.400000,-66.024655,-66.020290,-66.025069
898.450000,-66.024681,-66.020315,-66.025094
898.500000,-66.024706,-66.020341,-66.025119
898.550000,-66.024731,-66.020366,-66.025145
898.600000,-66.024756,-66.020391,-66.025170
898.650000,-66.024781,-66.020416,-66.025195
898.700000,-66.024806,-66.020441,-66.025220
898.750000,-66.024831,-66.020466,-66.025245
898.800000,-66.024856,-66.020491,-66.025270
898.850000,-66.024881,-66.020516,-66.025295
898.900000,-66.024906,-66.020541,-66.025319
898.950000,-66.024931,-66.020566,-66.025344
899.000000,-66.024955,-66.020590,-66.025369
899.050000,-66.024980,-66.020615,-66.025394
899.100000,-66.025005,-66.020640,-66.025418
899.150000,-66.025029,-66.020664,-66.025443
899.200000,-66.025054,-66.020689,-66.025468
899.250000,-66.025078,-66.020714,-66.025492
899.300000,-66.025103,-66.020738,-66.025517
899.350000,-66.025127,-66.020763,-66.025541
899.400000,-66.025152,-66.020787,-66.025565
899.450000,-66.025176,-66.020811,-66.025590
899.500000,-66.025200,-66.020836,-66.025614
899.550000,-66.025225,-66.020860,-66.025638
899.600000,-66.025249,-66.020884,-66.025663
899.650000,-66.025273,-66.020909,-66.025687
899.700000,-66.025297,-66.020933,-66.025711
899.750000,-66.025321,-66.020957,-66.025735
899.800000,-66.025346,-66.020981,-66.025759
899.850000,-66.025370,-66.021005,-66.025783
899.900000,-66.025394,-66.021029,-66.025807
899.950000,-66.025418,-66.021053,-66.025831
900.000000,-66.025441,-66.021077,-66.025855
