time_ms,v_soma_mV,v_proximal_dendrite_mV,v_proximal_axon_candidate_mV
0.000000,-65.000000,-65.000000,-65.000000
0.050000,-65.000000,-65.000000,-65.000000
0.100000,-65.000000,-65.000000,-65.000000
0.150000,-65.000000,-65.000000,-65.000000
0.200000,-65.000000,-65.000000,-65.000000
0.250000,-65.000000,-65.000000,-65.000000
0.300000,-65.000000,-65.000000,-65.000000
0.350000,-65.000000,-65.000000,-65.000000
0.400000,-65.000000,-65.000000,-65.000000
0.450000,-65.000000,-65.000000,-65.000000
0.500000,-65.000000,-65.000000,-65.000000
0.550000,-65.000000,-65.000000,-65.000000
0.600000,-65.000000,-65.000000,-65.000000
0.650000,-65.000000,-65.000000,-65.000000
0.700000,-65.000000,-65.000000,-65.000000
0.750000,-65.000000,-65.000000,-65.000000
0.800000,-65.000000,-65.000000,-65.000000
0.850000,-65.000000,-65.000000,-65.000000
0.900000,-65.000000,-65.000000,-65.000000
0.950000,-65.000000,-65.000000,-65.000000
1.000000,-65.000000,-65.000000,-65.000000
1.050000,-65.000000,-65.000000,-65.000000
1.100000,-65.000000,-65.000000,-65.000000
1.150000,-65.000000,-65.000000,-65.000000
1.200000,-65.000000,-65.000000,-65.000000
1.250000,-65.000000,-65.000000,-65.000000
1.300000,-65.000000,-65.000000,-65.000000
1.350000,-65.000000,-65.000000,-65.000000
1.400000,-65.000000,-65.000000,-65.000000
1.450000,-65.000000,-65.000000,-65.000000
1.500000,-65.000000,-65.000000,-65.000000
1.550000,-65.000000,-65.000000,-65.000000
1.600000,-65.000000,-65.000000,-65.000000
1.650000,-65.000000,-65.000000,-65.000000
1.700000,-65.000000,-65.000000,-65.000000
1.750000,-65.000000,-65.000000,-65.000000
1.800000,-65.000000,-65.000000,-65.000000
1.850000,-65.000000,-65.000000,-65.000000
1.900000,-65.000000,-65.000000,-65.000000
1.950000,-65.000000,-65.000000,-65.000000
2.000000,-65.000000,-65.000000,-65.000000
2.050000,-65.000000,-65.000000,-65.000000
2.100000,-65.000000,-65.000000,-65.000000
2.150000,-65.000000,-65.000000,-65.000000
2.200000,-65.000000,-65.000000,-65.000000
2.250000,-65.000000,-65.000000,-65.000000
2.300000,-65.000000,-65.000000,-65.000000
2.350000,-65.000000,-65.000000,-65.000000
2.400000,-65.000000,-65.000000,-65.000000
2.450000,-65.000000,-65.000000,-65.000000
2.500000,-65.000000,-65.000000,-65.000000
2.550000,-65.000000,-65.000000,-65.000000
2.600000,-65.000000,-65.000000,-65.000000
2.650000,-65.000000,-65.000000,-65.000000
2.700000,-65.000000,-65.000000,-65.000000
2.750000,-65.000000,-65.000000,-65.000000
2.800000,-65.000000,-65.000000,-65.000000
2.850000,-65.000000,-65.000000,-65.000000
2.900000,-65.000000,-65.000000,-65.000000
2.950000,-65.000000,-65.000000,-65.000000
3.000000,-65.000000,-65.000000,-65.000000
3.050000,-65.000000,-65.000000,-65.000000
3.100000,-65.000000,-65.000000,-65.000000
3.150000,-65.000000,-65.000000,-65.000000
3.200000,-65.000000,-65.000000,-65.000000
3.250000,-65.000000,-65.000000,-65.000000
3.300000,-65.000000,-65.000000,-65.000000
3.350000,-65.000000,-65.000000,-65.000000
3.400000,-65.000000,-65.000000,-65.000000
3.450000,-65.000000,-65.000000,-65.000000
3.500000,-65.000000,-65.000000,-65.000000
3.550000,-65.000000,-65.000000,-65.000000
3.600000,-65.000000,-65.000000,-65.000000
3.650000,-65.000000,-65.000000,-65.000000
3.700000,-65.000000,-65.000000,-65.000000
3.750000,-65.000000,-65.000000,-65.000000
3.800000,-65.000000,-65.000000,-65.000000
3.850000,-65.000000,-65.000000,-65.000000
3.900000,-65.000000,-65.000000,-65.000000
3.950000,-65.000000,-65.000000,-65.000000
4.000000,-65.000000,-65.000000,-65.000000
4.050000,-65.000000,-65.000000,-65.000000
4.100000,-65.000000,-65.000000,-65.000000
4.150000,-65.000000,-65.000000,-65.000000
4.200000,-65.000000,-65.000000,-65.000000
4.250000,-65.000000,-65.000000,-65.000000
4.300000,-65.000000,-65.000000,-65.000000
4.350000,-65.000000,-65.000000,-65.000000
4.400000,-65.000000,-65.000000,-65.000000
4.450000,-65.000000,-65.000000,-65.000000
4.500000,-65.000000,-65.000000,-65.000000
4.550000,-65.000000,-65.000000,-65.000000
4.600000,-65.000000,-65.000000,-65.000000
4.650000,-65.000000,-65.000000,-65.000000
4.700000,-65.000000,-65.000000,-65.000000
4.750000,-65.000000,-65.000000,-65.000000
4.800000,-65.000000,-65.000000,-65.000000
4.850000,-65.000000,-65.000000,-65.000000
4.900000,-65.000000,-65.000000,-65.000000
4.950000,-65.000000,-65.000000,-65.000000
5.000000,-65.000000,-65.000000,-65.000000
5.050000,-65.000000,-65.000000,-65.000000
5.100000,-65.000000,-65.000000,-65.000000
5.150000,-65.000000,-65.000000,-65.000000
5.200000,-65.000000,-65.000000,-65.000000
5.250000,-65.000000,-65.000000,-65.000000
5.300000,-65.000000,-65.000000,-65.000000
5.350000,-65.000000,-65.000000,-65.000000
5.400000,-65.000000,-65.000000,-65.000000
5.450000,-65.000000,-65.000000,-65.000000
5.500000,-65.000000,-65.000000,-65.000000
5.550000,-65.000000,-65.000000,-65.000000
5.600000,-65.000000,-65.000000,-65.000000
5.650000,-65.000000,-65.000000,-65.000000
5.700000,-65.000000,-65.000000,-65.000000
5.750000,-65.000000,-65.000000,-65.000000
5.800000,-65.000000,-65.000000,-65.000000
5.850000,-65.000000,-65.000000,-65.000000
5.900000,-65.000000,-65.000000,-65.000000
5.950000,-65.000000,-65.000000,-65.000000
6.000000,-65.000000,-65.000000,-65.000000
6.050000,-65.000000,-65.000000,-65.000000
6.100000,-65.000000,-65.000000,-65.000000
6.150000,-65.000000,-65.000000,-65.000000
6.200000,-65.000000,-65.000000,-65.000000
6.250000,-65.000000,-65.000000,-65.000000
6.300000,-65.000000,-65.000000,-65.000000
6.350000,-65.000000,-65.000000,-65.000000
6.400000,-65.000000,-65.000000,-65.000000
6.450000,-65.000000,-65.000000,-65.000000
6.500000,-65.000000,-65.000000,-65.000000
6.550000,-65.000000,-65.000000,-65.000000
6.600000,-65.000000,-65.000000,-65.000000
6.650000,-65.000000,-65.000000,-65.000000
6.700000,-65.000000,-65.000000,-65.000000
6.750000,-65.000000,-65.000000,-65.000000
6.800000,-65.000000,-65.000000,-65.000000
6.850000,-65.000000,-65.000000,-65.000000
6.900000,-65.000000,-65.000000,-65.000000
6.950000,-65.000000,-65.000000,-65.000000
7.000000,-65.000000,-65.000000,-65.000000
7.050000,-65.000000,-65.000000,-65.000000
7.100000,-65.000000,-65.000000,-65.000000
7.150000,-65.000000,-65.000000,-65.000000
7.200000,-65.000000,-65.000000,-65.000000
7.250000,-65.000000,-65.000000,-65.000000
7.300000,-65.000000,-65.000000,-65.000000
7.350000,-65.000000,-65.000000,-65.000000
7.400000,-65.000000,-65.000000,-65.000000
7.450000,-65.000000,-65.000000,-65.000000
7.500000,-65.000000,-65.000000,-65.000000
7.550000,-65.000000,-65.000000,-65.000000
7.600000,-65.000000,-65.000000,-65.000000
7.650000,-65.000000,-65.000000,-65.000000
7.700000,-65.000000,-65.000000,-65.000000
7.750000,-65.000000,-65.000000,-65.000000
7.800000,-65.000000,-65.000000,-65.000000
7.850000,-65.000000,-65.000000,-65.000000
7.900000,-65.000000,-65.000000,-65.000000
7.950000,-65.000000,-65.000000,-65.000000
8.000000,-65.000000,-65.000000,-65.000000
8.050000,-65.000000,-65.000000,-65.000000
8.100000,-65.000000,-65.000000,-65.000000
8.150000,-65.000000,-65.000000,-65.000000
8.200000,-65.000000,-65.000000,-65.000000
8.250000,-65.000000,-65.000000,-65.000000
8.300000,-65.000000,-65.000000,-65.000000
8.350000,-65.000000,-65.000000,-65.000000
8.400000,-65.000000,-65.000000,-65.000000
8.450000,-65.000000,-65.000000,-65.000000
8.500000,-65.000000,-65.000000,-65.000000
8.550000,-65.000000,-65.000000,-65.000000
8.600000,-65.000000,-65.000000,-65.000000
8.650000,-65.000000,-65.000000,-65.000000
8.700000,-65.000000,-65.000000,-65.000000
8.750000,-65.000000,-65.000000,-65.000000
8.800000,-65.000000,-65.000000,-65.000000
8.850000,-65.000000,-65.000000,-65.000000
8.900000,-65.000000,-65.000000,-65.000000
8.950000,-65.000000,-65.000000,-65.000000
9.000000,-65.000000,-65.000000,-65.000000
9.050000,-65.000000,-65.000000,-65.000000
9.100000,-65.000000,-65.000000,-65.000000
9.150000,-65.000000,-65.000000,-65.000000
9.200000,-65.000000,-65.000000,-65.000000
9.250000,-65.000000,-65.000000,-65.000000
9.300000,-65.000000,-65.000000,-65.000000
9.350000,-65.000000,-65.000000,-65.000000
9.400000,-65.000000,-65.000000,-65.000000
9.450000,-65.000000,-65.000000,-65.000000
9.500000,-65.000000,-65.000000,-65.000000
9.550000,-65.000000,-65.000000,-65.000000
9.600000,-65.000000,-65.000000,-65.000000
9.650000,-65.000000,-65.000000,-65.000000
9.700000,-65.000000,-65.000000,-65.000000
9.750000,-65.000000,-65.000000,-65.000000
9.800000,-65.000000,-65.000000,-65.000000
9.850000,-65.000000,-65.000000,-65.000000
9.900000,-65.000000,-65.000000,-65.000000
9.950000,-65.000000,-65.000000,-65.000000
10.000000,-65.000000,-65.000000,-65.000000
10.050000,-65.000000,-65.000000,-65.000000
10.100000,-65.000000,-65.000000,-65.000000
10.150000,-65.000000,-65.000000,-65.000000
10.200000,-65.000000,-65.000000,-65.000000
10.250000,-65.000000,-65.000000,-65.000000
10.300000,-65.000000,-65.000000,-65.000000
10.350000,-65.000000,-65.000000,-65.000000
10.400000,-65.000000,-65.000000,-65.000000
10.450000,-65.000000,-65.000000,-65.000000
10.500000,-65.000000,-65.000000,-65.000000
10.550000,-65.000000,-65.000000,-65.000000
10.600000,-65.000000,-65.000000,-65.000000
10.650000,-65.000000,-65.000000,-65.000000
10.700000,-65.000000,-65.000000,-65.000000
10.750000,-65.000000,-65.000000,-65.000000
10.800000,-65.000000,-65.000000,-65.000000
10.850000,-65.000000,-65.000000,-65.000000
10.900000,-65.000000,-65.000000,-65.000000
10.950000,-65.000000,-65.000000,-65.000000
11.000000,-65.000000,-65.000000,-65.000000
11.050000,-65.000000,-65.000000,-65.000000
11.100000,-65.000000,-65.000000,-65.000000
11.150000,-65.000000,-65.000000,-65.000000
11.200000,-65.000000,-65.000000,-65.000000
11.250000,-65.000000,-65.000000,-65.000000
11.300000,-65.000000,-65.000000,-65.000000
11.350000,-65.000000,-65.000000,-65.000000
11.400000,-65.000000,-65.000000,-65.000000
11.450000,-65.000000,-65.000000,-65.000000
11.500000,-65.000000,-65.000000,-65.000000
11.550000,-65.000000,-65.000000,-65.000000
11.600000,-65.000000,-65.000000,-65.000000
11.650000,-65.000000,-65.000000,-65.000000
11.700000,-65.000000,-65.000000,-65.000000
11.750000,-65.000000,-65.000000,-65.000000
11.800000,-65.000000,-65.000000,-65.000000
11.850000,-65.000000,-65.000000,-65.000000
11.900000,-65.000000,-65.000000,-65.000000
11.950000,-65.000000,-65.000000,-65.000000
12.000000,-65.000000,-65.000000,-65.000000
12.050000,-65.000000,-65.000000,-65.000000
12.100000,-65.000000,-65.000000,-65.000000
12.150000,-65.000000,-65.000000,-65.000000
12.200000,-65.000000,-65.000000,-65.000000
12.250000,-65.000000,-65.000000,-65.000000
12.300000,-65.000000,-65.000000,-65.000000
12.350000,-65.000000,-65.000000,-65.000000
12.400000,-65.000000,-65.000000,-65.000000
12.450000,-65.000000,-65.000000,-65.000000
12.500000,-65.000000,-65.000000,-65.000000
12.550000,-65.000000,-65.000000,-65.000000
12.600000,-65.000000,-65.000000,-65.000000
12.650000,-65.000000,-65.000000,-65.000000
12.700000,-65.000000,-65.000000,-65.000000
12.750000,-65.000000,-65.000000,-65.000000
12.800000,-65.000000,-65.000000,-65.000000
12.850000,-65.000000,-65.000000,-65.000000
12.900000,-65.000000,-65.000000,-65.000000
12.950000,-65.000000,-65.000000,-65.000000
13.000000,-65.000000,-65.000000,-65.000000
13.050000,-65.000000,-65.000000,-65.000000
13.100000,-65.000000,-65.000000,-65.000000
13.150000,-65.000000,-65.000000,-65.000000
13.200000,-65.000000,-65.000000,-65.000000
13.250000,-65.000000,-65.000000,-65.000000
13.300000,-65.000000,-65.000000,-65.000000
13.350000,-65.000000,-65.000000,-65.000000
13.400000,-65.000000,-65.000000,-65.000000
13.450000,-65.000000,-65.000000,-65.000000
13.500000,-65.000000,-65.000000,-65.000000
13.550000,-65.000000,-65.000000,-65.000000
13.600000,-65.000000,-65.000000,-65.000000
13.650000,-65.000000,-65.000000,-65.000000
13.700000,-65.000000,-65.000000,-65.000000
13.750000,-65.000000,-65.000000,-65.000000
13.800000,-65.000000,-65.000000,-65.000000
13.850000,-65.000000,-65.000000,-65.000000
13.900000,-65.000000,-65.000000,-65.000000
13.950000,-65.000000,-65.000000,-65.000000
14.000000,-65.000000,-65.000000,-65.000000
14.050000,-65.000000,-65.000000,-65.000000
14.100000,-65.000000,-65.000000,-65.000000
14.150000,-65.000000,-65.000000,-65.000000
14.200000,-65.000000,-65.000000,-65.000000
14.250000,-65.000000,-65.000000,-65.000000
14.300000,-65.000000,-65.000000,-65.000000
14.350000,-65.000000,-65.000000,-65.000000
14.400000,-65.000000,-65.000000,-65.000000
14.450000,-65.000000,-65.000000,-65.000000
14.500000,-65.000000,-65.000000,-65.000000
14.550000,-65.000000,-65.000000,-65.000000
14.600000,-65.000000,-65.000000,-65.000000
14.650000,-65.000000,-65.000000,-65.000000
14.700000,-65.000000,-65.000000,-65.000000
14.750000,-65.000000,-65.000000,-65.000000
14.800000,-65.000000,-65.000000,-65.000000
14.850000,-65.000000,-65.000000,-65.000000
14.900000,-65.000000,-65.000000,-65.000000
14.950000,-65.000000,-65.000000,-65.000000
15.000000,-65.000000,-65.000000,-65.000000
15.050000,-65.000000,-65.000000,-65.000000
15.100000,-65.000000,-65.000000,-65.000000
15.150000,-65.000000,-65.000000,-65.000000
15.200000,-65.000000,-65.000000,-65.000000
15.250000,-65.000000,-65.000000,-65.000000
15.300000,-65.000000,-65.000000,-65.000000
15.350000,-65.000000,-65.000000,-65.000000
15.400000,-65.000000,-65.000000,-65.000000
15.450000,-65.000000,-65.000000,-65.000000
15.500000,-65.000000,-65.000000,-65.000000
15.550000,-65.000000,-65.000000,-65.000000
15.600000,-65.000000,-65.000000,-65.000000
15.650000,-65.000000,-65.000000,-65.000000
15.700000,-65.000000,-65.000000,-65.000000
15.750000,-65.000000,-65.000000,-65.000000
15.800000,-65.000000,-65.000000,-65.000000
15.850000,-65.000000,-65.000000,-65.000000
15.900000,-65.000000,-65.000000,-65.000000
15.950000,-65.000000,-65.000000,-65.000000
16.000000,-65.000000,-65.000000,-65.000000
16.050000,-65.000000,-65.000000,-65.000000
16.100000,-65.000000,-65.000000,-65.000000
16.150000,-65.000000,-65.000000,-65.000000
16.200000,-65.000000,-65.000000,-65.000000
16.250000,-65.000000,-65.000000,-65.000000
16.300000,-65.000000,-65.000000,-65.000000
16.350000,-65.000000,-65.000000,-65.000000
16.400000,-65.000000,-65.000000,-65.000000
16.450000,-65.000000,-65.000000,-65.000000
16.500000,-65.000000,-65.000000,-65.000000
16.550000,-65.000000,-65.000000,-65.000000
16.600000,-65.000000,-65.000000,-65.000000
16.650000,-65.000000,-65.000000,-65.000000
16.700000,-65.000000,-65.000000,-65.000000
16.750000,-65.000000,-65.000000,-65.000000
16.800000,-65.000000,-65.000000,-65.000000
16.850000,-65.000000,-65.000000,-65.000000
16.900000,-65.000000,-65.000000,-65.000000
16.950000,-65.000000,-65.000000,-65.000000
17.000000,-65.000000,-65.000000,-65.000000
17.050000,-65.000000,-65.000000,-65.000000
17.100000,-65.000000,-65.000000,-65.000000
17.150000,-65.000000,-65.000000,-65.000000
17.200000,-65.000000,-65.000000,-65.000000
17.250000,-65.000000,-65.000000,-65.000000
17.300000,-65.000000,-65.000000,-65.000000
17.350000,-65.000000,-65.000000,-65.000000
17.400000,-65.000000,-65.000000,-65.000000
17.450000,-65.000000,-65.000000,-65.000000
17.500000,-65.000000,-65.000000,-65.000000
17.550000,-65.000000,-65.000000,-65.000000
17.600000,-65.000000,-65.000000,-65.000000
17.650000,-65.000000,-65.000000,-65.000000
17.700000,-65.000000,-65.000000,-65.000000
17.750000,-65.000000,-65.000000,-65.000000
17.800000,-65.000000,-65.000000,-65.000000
17.850000,-65.000000,-65.000000,-65.000000
17.900000,-65.000000,-65.000000,-65.000000
17.950000,-65.000000,-65.000000,-65.000000
18.000000,-65.000000,-65.000000,-65.000000
18.050000,-65.000000,-65.000000,-65.000000
18.100000,-65.000000,-65.000000,-65.000000
18.150000,-65.000000,-65.000000,-65.000000
18.200000,-65.000000,-65.000000,-65.000000
18.250000,-65.000000,-65.000000,-65.000000
18.300000,-65.000000,-65.000000,-65.000000
18.350000,-65.000000,-65.000000,-65.000000
18.400000,-65.000000,-65.000000,-65.000000
18.450000,-65.000000,-65.000000,-65.000000
18.500000,-65.000000,-65.000000,-65.000000
18.550000,-65.000000,-65.000000,-65.000000
18.600000,-65.000000,-65.000000,-65.000000
18.650000,-65.000000,-65.000000,-65.000000
18.700000,-65.000000,-65.000000,-65.000000
18.750000,-65.000000,-65.000000,-65.000000
18.800000,-65.000000,-65.000000,-65.000000
18.850000,-65.000000,-65.000000,-65.000000
18.900000,-65.000000,-65.000000,-65.000000
18.950000,-65.000000,-65.000000,-65.000000
19.000000,-65.000000,-65.000000,-65.000000
19.050000,-65.000000,-65.000000,-65.000000
19.100000,-65.000000,-65.000000,-65.000000
19.150000,-65.000000,-65.000000,-65.000000
19.200000,-65.000000,-65.000000,-65.000000
19.250000,-65.000000,-65.000000,-65.000000
19.300000,-65.000000,-65.000000,-65.000000
19.350000,-65.000000,-65.000000,-65.000000
19.400000,-65.000000,-65.000000,-65.000000
19.450000,-65.000000,-65.000000,-65.000000
19.500000,-65.000000,-65.000000,-65.000000
19.550000,-65.000000,-65.000000,-65.000000
19.600000,-65.000000,-65.000000,-65.000000
19.650000,-65.000000,-65.000000,-65.000000
19.700000,-65.000000,-65.000000,-65.000000
19.750000,-65.000000,-65.000000,-65.000000
19.800000,-65.000000,-65.000000,-65.000000
19.850000,-65.000000,-65.000000,-65.000000
19.900000,-65.000000,-65.000000,-65.000000
19.950000,-65.000000,-65.000000,-65.000000
20.000000,-65.000000,-65.000000,-65.000000
20.050000,-65.000000,-65.000000,-65.000000
20.100000,-65.000000,-65.000000,-65.000000
20.150000,-65.000000,-65.000000,-65.000000
20.200000,-65.000000,-65.000000,-65.000000
20.250000,-65.000000,-65.000000,-65.000000
20.300000,-65.000000,-65.000000,-65.000000
20.350000,-65.000000,-65.000000,-65.000000
20.400000,-65.000000,-65.000000,-65.000000
20.450000,-65.000000,-65.000000,-65.000000
20.500000,-65.000000,-65.000000,-65.000000
20.550000,-65.000000,-65.000000,-65.000000
20.600000,-65.000000,-65.000000,-65.000000
20.650000,-65.000000,-65.000000,-65.000000
20.700000,-65.000000,-65.000000,-65.000000
20.750000,-65.000000,-65.000000,-65.000000
20.800000,-65.000000,-65.000000,-65.000000
20.850000,-65.000000,-65.000000,-65.000000
20.900000,-65.000000,-65.000000,-65.000000
20.950000,-65.000000,-65.000000,-65.000000
21.000000,-65.000000,-65.000000,-65.000000
21.050000,-65.000000,-65.000000,-65.000000
21.100000,-65.000000,-65.000000,-65.000000
21.150000,-65.000000,-65.000000,-65.000000
21.200000,-65.000000,-65.000000,-65.000000
21.250000,-65.000000,-65.000000,-65.000000
21.300000,-65.000000,-65.000000,-65.000000
21.350000,-65.000000,-65.000000,-65.000000
21.400000,-65.000000,-65.000000,-65.000000
21.450000,-65.000000,-65.000000,-65.000000
21.500000,-65.000000,-65.000000,-65.000000
21.550000,-65.000000,-65.000000,-65.000000
21.600000,-65.000000,-65.000000,-65.000000
21.650000,-65.000000,-65.000000,-65.000000
21.700000,-65.000000,-65.000000,-65.000000
21.750000,-65.000000,-65.000000,-65.000000
21.800000,-65.000000,-65.000000,-65.000000
21.850000,-65.000000,-65.000000,-65.000000
21.900000,-65.000000,-65.000000,-65.000000
21.950000,-65.000000,-65.000000,-65.000000
22.000000,-65.000000,-65.000000,-65.000000
22.050000,-65.000000,-65.000000,-65.000000
22.100000,-65.000000,-65.000000,-65.000000
22.150000,-65.000000,-65.000000,-65.000000
22.200000,-65.000000,-65.000000,-65.000000
22.250000,-65.000000,-65.000000,-65.000000
22.300000,-65.000000,-65.000000,-65.000000
22.350000,-65.000000,-65.000000,-65.000000
22.400000,-65.000000,-65.000000,-65.000000
22.450000,-65.000000,-65.000000,-65.000000
22.500000,-65.000000,-65.000000,-65.000000
22.550000,-65.000000,-65.000000,-65.000000
22.600000,-65.000000,-65.000000,-65.000000
22.650000,-65.000000,-65.000000,-65.000000
22.700000,-65.000000,-65.000000,-65.000000
22.750000,-65.000000,-65.000000,-65.000000
22.800000,-65.000000,-65.000000,-65.000000
22.850000,-65.000000,-65.000000,-65.000000
22.900000,-65.000000,-65.000000,-65.000000
22.950000,-65.000000,-65.000000,-65.000000
23.000000,-65.000000,-65.000000,-65.000000
23.050000,-65.000000,-65.000000,-65.000000
23.100000,-65.000000,-65.000000,-65.000000
23.150000,-65.000000,-65.000000,-65.000000
23.200000,-65.000000,-65.000000,-65.000000
23.250000,-65.000000,-65.000000,-65.000000
23.300000,-65.000000,-65.000000,-65.000000
23.350000,-65.000000,-65.000000,-65.000000
23.400000,-65.000000,-65.000000,-65.000000
23.450000,-65.000000,-65.000000,-65.000000
23.500000,-65.000000,-65.000000,-65.000000
23.550000,-65.000000,-65.000000,-65.000000
23.600000,-65.000000,-65.000000,-65.000000
23.650000,-65.000000,-65.000000,-65.000000
23.700000,-65.000000,-65.000000,-65.000000
23.750000,-65.000000,-65.000000,-65.000000
23.800000,-65.000000,-65.000000,-65.000000
23.850000,-65.000000,-65.000000,-65.000000
23.900000,-65.000000,-65.000000,-65.000000
23.950000,-65.000000,-65.000000,-65.000000
24.000000,-65.000000,-65.000000,-65.000000
24.050000,-65.000000,-65.000000,-65.000000
24.100000,-65.000000,-65.000000,-65.000000
24.150000,-65.000000,-65.000000,-65.000000
24.200000,-65.000000,-65.000000,-65.000000
24.250000,-65.000000,-65.000000,-65.000000
24.300000,-65.000000,-65.000000,-65.000000
24.350000,-65.000000,-65.000000,-65.000000
24.400000,-65.000000,-65.000000,-65.000000
24.450000,-65.000000,-65.000000,-65.000000
24.500000,-65.000000,-65.000000,-65.000000
24.550000,-65.000000,-65.000000,-65.000000
24.600000,-65.000000,-65.000000,-65.000000
24.650000,-65.000000,-65.000000,-65.000000
24.700000,-65.000000,-65.000000,-65.000000
24.750000,-65.000000,-65.000000,-65.000000
24.800000,-65.000000,-65.000000,-65.000000
24.850000,-65.000000,-65.000000,-65.000000
24.900000,-65.000000,-65.000000,-65.000000
24.950000,-65.000000,-65.000000,-65.000000
25.000000,-65.000000,-65.000000,-65.000000
25.050000,-65.000000,-65.000000,-65.000000
25.100000,-65.000000,-65.000000,-65.000000
25.150000,-65.000000,-65.000000,-65.000000
25.200000,-65.000000,-65.000000,-65.000000
25.250000,-65.000000,-65.000000,-65.000000
25.300000,-65.000000,-65.000000,-65.000000
25.350000,-65.000000,-65.000000,-65.000000
25.400000,-65.000000,-65.000000,-65.000000
25.450000,-65.000000,-65.000000,-65.000000
25.500000,-65.000000,-65.000000,-65.000000
25.550000,-65.000000,-65.000000,-65.000000
25.600000,-65.000000,-65.000000,-65.000000
25.650000,-65.000000,-65.000000,-65.000000
25.700000,-65.000000,-65.000000,-65.000000
25.750000,-65.000000,-65.000000,-65.000000
25.800000,-65.000000,-65.000000,-65.000000
25.850000,-65.000000,-65.000000,-65.000000
25.900000,-65.000000,-65.000000,-65.000000
25.950000,-65.000000,-65.000000,-65.000000
26.000000,-65.000000,-65.000000,-65.000000
26.050000,-65.000000,-65.000000,-65.000000
26.100000,-65.000000,-65.000000,-65.000000
26.150000,-65.000000,-65.000000,-65.000000
26.200000,-65.000000,-65.000000,-65.000000
26.250000,-65.000000,-65.000000,-65.000000
26.300000,-65.000000,-65.000000,-65.000000
26.350000,-65.000000,-65.000000,-65.000000
26.400000,-65.000000,-65.000000,-65.000000
26.450000,-65.000000,-65.000000,-65.000000
26.500000,-65.000000,-65.000000,-65.000000
26.550000,-65.000000,-65.000000,-65.000000
26.600000,-65.000000,-65.000000,-65.000000
26.650000,-65.000000,-65.000000,-65.000000
26.700000,-65.000000,-65.000000,-65.000000
26.750000,-65.000000,-65.000000,-65.000000
26.800000,-65.000000,-65.000000,-65.000000
26.850000,-65.000000,-65.000000,-65.000000
26.900000,-65.000000,-65.000000,-65.000000
26.950000,-65.000000,-65.000000,-65.000000
27.000000,-65.000000,-65.000000,-65.000000
27.050000,-65.000000,-65.000000,-65.000000
27.100000,-65.000000,-65.000000,-65.000000
27.150000,-65.000000,-65.000000,-65.000000
27.200000,-65.000000,-65.000000,-65.000000
27.250000,-65.000000,-65.000000,-65.000000
27.300000,-65.000000,-65.000000,-65.000000
27.350000,-65.000000,-65.000000,-65.000000
27.400000,-65.000000,-65.000000,-65.000000
27.450000,-65.000000,-65.000000,-65.000000
27.500000,-65.000000,-65.000000,-65.000000
27.550000,-65.000000,-65.000000,-65.000000
27.600000,-65.000000,-65.000000,-65.000000
27.650000,-65.000000,-65.000000,-65.000000
27.700000,-65.000000,-65.000000,-65.000000
27.750000,-65.000000,-65.000000,-65.000000
27.800000,-65.000000,-65.000000,-65.000000
27.850000,-65.000000,-65.000000,-65.000000
27.900000,-65.000000,-65.000000,-65.000000
27.950000,-65.000000,-65.000000,-65.000000
28.000000,-65.000000,-65.000000,-65.000000
28.050000,-65.000000,-65.000000,-65.000000
28.100000,-65.000000,-65.000000,-65.000000
28.150000,-65.000000,-65.000000,-65.000000
28.200000,-65.000000,-65.000000,-65.000000
28.250000,-65.000000,-65.000000,-65.000000
28.300000,-65.000000,-65.000000,-65.000000
28.350000,-65.000000,-65.000000,-65.000000
28.400000,-65.000000,-65.000000,-65.000000
28.450000,-65.000000,-65.000000,-65.000000
28.500000,-65.000000,-65.000000,-65.000000
28.550000,-65.000000,-65.000000,-65.000000
28.600000,-65.000000,-65.000000,-65.000000
28.650000,-65.000000,-65.000000,-65.000000
28.700000,-65.000000,-65.000000,-65.000000
28.750000,-65.000000,-65.000000,-65.000000
28.800000,-65.000000,-65.000000,-65.000000
28.850000,-65.000000,-65.000000,-65.000000
28.900000,-65.000000,-65.000000,-65.000000
28.950000,-65.000000,-65.000000,-65.000000
29.000000,-65.000000,-65.000000,-65.000000
29.050000,-65.000000,-65.000000,-65.000000
29.100000,-65.000000,-65.000000,-65.000000
29.150000,-65.000000,-65.000000,-65.000000
29.200000,-65.000000,-65.000000,-65.000000
29.250000,-65.000000,-65.000000,-65.000000
29.300000,-65.000000,-65.000000,-65.000000
29.350000,-65.000000,-65.000000,-65.000000
29.400000,-65.000000,-65.000000,-65.000000
29.450000,-65.000000,-65.000000,-65.000000
29.500000,-65.000000,-65.000000,-65.000000
29.550000,-65.000000,-65.000000,-65.000000
29.600000,-65.000000,-65.000000,-65.000000
29.650000,-65.000000,-65.000000,-65.000000
29.700000,-65.000000,-65.000000,-65.000000
29.750000,-65.000000,-65.000000,-65.000000
29.800000,-65.000000,-65.000000,-65.000000
29.850000,-65.000000,-65.000000,-65.000000
29.900000,-65.000000,-65.000000,-65.000000
29.950000,-65.000000,-65.000000,-65.000000
30.000000,-65.000000,-65.000000,-65.000000
30.050000,-65.000000,-65.000000,-65.000000
30.100000,-65.000000,-65.000000,-65.000000
30.150000,-65.000000,-65.000000,-65.000000
30.200000,-65.000000,-65.000000,-65.000000
30.250000,-65.000000,-65.000000,-65.000000
30.300000,-65.000000,-65.000000,-65.000000
30.350000,-65.000000,-65.000000,-65.000000
30.400000,-65.000000,-65.000000,-65.000000
30.450000,-65.000000,-65.000000,-65.000000
30.500000,-65.000000,-65.000000,-65.000000
30.550000,-65.000000,-65.000000,-65.000000
30.600000,-65.000000,-65.000000,-65.000000
30.650000,-65.000000,-65.000000,-65.000000
30.700000,-65.000000,-65.000000,-65.000000
30.750000,-65.000000,-65.000000,-65.000000
30.800000,-65.000000,-65.000000,-65.000000
30.850000,-65.000000,-65.000000,-65.000000
30.900000,-65.000000,-65.000000,-65.000000
30.950000,-65.000000,-65.000000,-65.000000
31.000000,-65.000000,-65.000000,-65.000000
31.050000,-65.000000,-65.000000,-65.000000
31.100000,-65.000000,-65.000000,-65.000000
31.150000,-65.000000,-65.000000,-65.000000
31.200000,-65.000000,-65.000000,-65.000000
31.250000,-65.000000,-65.000000,-65.000000
31.300000,-65.000000,-65.000000,-65.000000
31.350000,-65.000000,-65.000000,-65.000000
31.400000,-65.000000,-65.000000,-65.000000
31.450000,-65.000000,-65.000000,-65.000000
31.500000,-65.000000,-65.000000,-65.000000
31.550000,-65.000000,-65.000000,-65.000000
31.600000,-65.000000,-65.000000,-65.000000
31.650000,-65.000000,-65.000000,-65.000000
31.700000,-65.000000,-65.000000,-65.000000
31.750000,-65.000000,-65.000000,-65.000000
31.800000,-65.000000,-65.000000,-65.000000
31.850000,-65.000000,-65.000000,-65.000000
31.900000,-65.000000,-65.000000,-65.000000
31.950000,-65.000000,-65.000000,-65.000000
32.000000,-65.000000,-65.000000,-65.000000
32.050000,-65.000000,-65.000000,-65.000000
32.100000,-65.000000,-65.000000,-65.000000
32.150000,-65.000000,-65.000000,-65.000000
32.200000,-65.000000,-65.000000,-65.000000
32.250000,-65.000000,-65.000000,-65.000000
32.300000,-65.000000,-65.000000,-65.000000
32.350000,-65.000000,-65.000000,-65.000000
32.400000,-65.000000,-65.000000,-65.000000
32.450000,-65.000000,-65.000000,-65.000000
32.500000,-65.000000,-65.000000,-65.000000
32.550000,-65.000000,-65.000000,-65.000000
32.600000,-65.000000,-65.000000,-65.000000
32.650000,-65.000000,-65.000000,-65.000000
32.700000,-65.000000,-65.000000,-65.000000
32.750000,-65.000000,-65.000000,-65.000000
32.800000,-65.000000,-65.000000,-65.000000
32.850000,-65.000000,-65.000000,-65.000000
32.900000,-65.000000,-65.000000,-65.000000
32.950000,-65.000000,-65.000000,-65.000000
33.000000,-65.000000,-65.000000,-65.000000
33.050000,-65.000000,-65.000000,-65.000000
33.100000,-65.000000,-65.000000,-65.000000
33.150000,-65.000000,-65.000000,-65.000000
33.200000,-65.000000,-65.000000,-65.000000
33.250000,-65.000000,-65.000000,-65.000000
33.300000,-65.000000,-65.000000,-65.000000
33.350000,-65.000000,-65.000000,-65.000000
33.400000,-65.000000,-65.000000,-65.000000
33.450000,-65.000000,-65.000000,-65.000000
33.500000,-65.000000,-65.000000,-65.000000
33.550000,-65.000000,-65.000000,-65.000000
33.600000,-65.000000,-65.000000,-65.000000
33.650000,-65.000000,-65.000000,-65.000000
33.700000,-65.000000,-65.000000,-65.000000
33.750000,-65.000000,-65.000000,-65.000000
33.800000,-65.000000,-65.000000,-65.000000
33.850000,-65.000000,-65.000000,-65.000000
33.900000,-65.000000,-65.000000,-65.000000
33.950000,-65.000000,-65.000000,-65.000000
34.000000,-65.000000,-65.000000,-65.000000
34.050000,-65.000000,-65.000000,-65.000000
34.100000,-65.000000,-65.000000,-65.000000
34.150000,-65.000000,-65.000000,-65.000000
34.200000,-65.000000,-65.000000,-65.000000
34.250000,-65.000000,-65.000000,-65.000000
34.300000,-65.000000,-65.000000,-65.000000
34.350000,-65.000000,-65.000000,-65.000000
34.400000,-65.000000,-65.000000,-65.000000
34.450000,-65.000000,-65.000000,-65.000000
34.500000,-65.000000,-65.000000,-65.000000
34.550000,-65.000000,-65.000000,-65.000000
34.600000,-65.000000,-65.000000,-65.000000
34.650000,-65.000000,-65.000000,-65.000000
34.700000,-65.000000,-65.000000,-65.000000
34.750000,-65.000000,-65.000000,-65.000000
34.800000,-65.000000,-65.000000,-65.000000
34.850000,-65.000000,-65.000000,-65.000000
34.900000,-65.000000,-65.000000,-65.000000
34.950000,-65.000000,-65.000000,-65.000000
35.000000,-65.000000,-65.000000,-65.000000
35.050000,-65.000000,-65.000000,-65.000000
35.100000,-65.000000,-65.000000,-65.000000
35.150000,-65.000000,-65.000000,-65.000000
35.200000,-65.000000,-65.000000,-65.000000
35.250000,-65.000000,-65.000000,-65.000000
35.300000,-65.000000,-65.000000,-65.000000
35.350000,-65.000000,-65.000000,-65.000000
35.400000,-65.000000,-65.000000,-65.000000
35.450000,-65.000000,-65.000000,-65.000000
35.500000,-65.000000,-65.000000,-65.000000
35.550000,-65.000000,-65.000000,-65.000000
35.600000,-65.000000,-65.000000,-65.000000
35.650000,-65.000000,-65.000000,-65.000000
35.700000,-65.000000,-65.000000,-65.000000
35.750000,-65.000000,-65.000000,-65.000000
35.800000,-65.000000,-65.000000,-65.000000
35.850000,-65.000000,-65.000000,-65.000000
35.900000,-65.000000,-65.000000,-65.000000
35.950000,-65.000000,-65.000000,-65.000000
36.000000,-65.000000,-65.000000,-65.000000
36.050000,-65.000000,-65.000000,-65.000000
36.100000,-65.000000,-65.000000,-65.000000
36.150000,-65.000000,-65.000000,-65.000000
36.200000,-65.000000,-65.000000,-65.000000
36.250000,-65.000000,-65.000000,-65.000000
36.300000,-65.000000,-65.000000,-65.000000
36.350000,-65.000000,-65.000000,-65.000000
36.400000,-65.000000,-65.000000,-65.000000
36.450000,-65.000000,-65.000000,-65.000000
36.500000,-65.000000,-65.000000,-65.000000
36.550000,-65.000000,-65.000000,-65.000000
36.600000,-65.000000,-65.000000,-65.000000
36.650000,-65.000000,-65.000000,-65.000000
36.700000,-65.000000,-65.000000,-65.000000
36.750000,-65.000000,-65.000000,-65.000000
36.800000,-65.000000,-65.000000,-65.000000
36.850000,-65.000000,-65.000000,-65.000000
36.900000,-65.000000,-65.000000,-65.000000
36.950000,-65.000000,-65.000000,-65.000000
37.000000,-65.000000,-65.000000,-65.000000
37.050000,-65.000000,-65.000000,-65.000000
37.100000,-65.000000,-65.000000,-65.000000
37.150000,-65.000000,-65.000000,-65.000000
37.200000,-65.000000,-65.000000,-65.000000
37.250000,-65.000000,-65.000000,-65.000000
37.300000,-65.000000,-65.000000,-65.000000
37.350000,-65.000000,-65.000000,-65.000000
37.400000,-65.000000,-65.000000,-65.000000
37.450000,-65.000000,-65.000000,-65.000000
37.500000,-65.000000,-65.000000,-65.000000
37.550000,-65.000000,-65.000000,-65.000000
37.600000,-65.000000,-65.000000,-65.000000
37.650000,-65.000000,-65.000000,-65.000000
37.700000,-65.000000,-65.000000,-65.000000
37.750000,-65.000000,-65.000000,-65.000000
37.800000,-65.000000,-65.000000,-65.000000
37.850000,-65.000000,-65.000000,-65.000000
37.900000,-65.000000,-65.000000,-65.000000
37.950000,-65.000000,-65.000000,-65.000000
38.000000,-65.000000,-65.000000,-65.000000
38.050000,-65.000000,-65.000000,-65.000000
38.100000,-65.000000,-65.000000,-65.000000
38.150000,-65.000000,-65.000000,-65.000000
38.200000,-65.000000,-65.000000,-65.000000
38.250000,-65.000000,-65.000000,-65.000000
38.300000,-65.000000,-65.000000,-65.000000
38.350000,-65.000000,-65.000000,-65.000000
38.400000,-65.000000,-65.000000,-65.000000
38.450000,-65.000000,-65.000000,-65.000000
38.500000,-65.000000,-65.000000,-65.000000
38.550000,-65.000000,-65.000000,-65.000000
38.600000,-65.000000,-65.000000,-65.000000
38.650000,-65.000000,-65.000000,-65.000000
38.700000,-65.000000,-65.000000,-65.000000
38.750000,-65.000000,-65.000000,-65.000000
38.800000,-65.000000,-65.000000,-65.000000
38.850000,-65.000000,-65.000000,-65.000000
38.900000,-65.000000,-65.000000,-65.000000
38.950000,-65.000000,-65.000000,-65.000000
39.000000,-65.000000,-65.000000,-65.000000
39.050000,-65.000000,-65.000000,-65.000000
39.100000,-65.000000,-65.000000,-65.000000
39.150000,-65.000000,-65.000000,-65.000000
39.200000,-65.000000,-65.000000,-65.000000
39.250000,-65.000000,-65.000000,-65.000000
39.300000,-65.000000,-65.000000,-65.000000
39.350000,-65.000000,-65.000000,-65.000000
39.400000,-65.000000,-65.000000,-65.000000
39.450000,-65.000000,-65.000000,-65.000000
39.500000,-65.000000,-65.000000,-65.000000
39.550000,-65.000000,-65.000000,-65.000000
39.600000,-65.000000,-65.000000,-65.000000
39.650000,-65.000000,-65.000000,-65.000000
39.700000,-65.000000,-65.000000,-65.000000
39.750000,-65.000000,-65.000000,-65.000000
39.800000,-65.000000,-65.000000,-65.000000
39.850000,-65.000000,-65.000000,-65.000000
39.900000,-65.000000,-65.000000,-65.000000
39.950000,-65.000000,-65.000000,-65.000000
40.000000,-65.000000,-65.000000,-65.000000
40.050000,-65.000000,-65.000000,-65.000000
40.100000,-65.000000,-65.000000,-65.000000
40.150000,-65.000000,-65.000000,-65.000000
40.200000,-65.000000,-65.000000,-65.000000
40.250000,-65.000000,-65.000000,-65.000000
40.300000,-65.000000,-65.000000,-65.000000
40.350000,-65.000000,-65.000000,-65.000000
40.400000,-65.000000,-65.000000,-65.000000
40.450000,-65.000000,-65.000000,-65.000000
40.500000,-65.000000,-65.000000,-65.000000
40.550000,-65.000000,-65.000000,-65.000000
40.600000,-65.000000,-65.000000,-65.000000
40.650000,-65.000000,-65.000000,-65.000000
40.700000,-65.000000,-65.000000,-65.000000
40.750000,-65.000000,-65.000000,-65.000000
40.800000,-65.000000,-65.000000,-65.000000
40.850000,-65.000000,-65.000000,-65.000000
40.900000,-65.000000,-65.000000,-65.000000
40.950000,-65.000000,-65.000000,-65.000000
41.000000,-65.000000,-65.000000,-65.000000
41.050000,-65.000000,-65.000000,-65.000000
41.100000,-65.000000,-65.000000,-65.000000
41.150000,-65.000000,-65.000000,-65.000000
41.200000,-65.000000,-65.000000,-65.000000
41.250000,-65.000000,-65.000000,-65.000000
41.300000,-65.000000,-65.000000,-65.000000
41.350000,-65.000000,-65.000000,-65.000000
41.400000,-65.000000,-65.000000,-65.000000
41.450000,-65.000000,-65.000000,-65.000000
41.500000,-65.000000,-65.000000,-65.000000
41.550000,-65.000000,-65.000000,-65.000000
41.600000,-65.000000,-65.000000,-65.000000
41.650000,-65.000000,-65.000000,-65.000000
41.700000,-65.000000,-65.000000,-65.000000
41.750000,-65.000000,-65.000000,-65.000000
41.800000,-65.000000,-65.000000,-65.000000
41.850000,-65.000000,-65.000000,-65.000000
41.900000,-65.000000,-65.000000,-65.000000
41.950000,-65.000000,-65.000000,-65.000000
42.000000,-65.000000,-65.000000,-65.000000
42.050000,-65.000000,-65.000000,-65.000000
42.100000,-65.000000,-65.000000,-65.000000
42.150000,-65.000000,-65.000000,-65.000000
42.200000,-65.000000,-65.000000,-65.000000
42.250000,-65.000000,-65.000000,-65.000000
42.300000,-65.000000,-65.000000,-65.000000
42.350000,-65.000000,-65.000000,-65.000000
42.400000,-65.000000,-65.000000,-65.000000
42.450000,-65.000000,-65.000000,-65.000000
42.500000,-65.000000,-65.000000,-65.000000
42.550000,-65.000000,-65.000000,-65.000000
42.600000,-65.000000,-65.000000,-65.000000
42.650000,-65.000000,-65.000000,-65.000000
42.700000,-65.000000,-65.000000,-65.000000
42.750000,-65.000000,-65.000000,-65.000000
42.800000,-65.000000,-65.000000,-65.000000
42.850000,-65.000000,-65.000000,-65.000000
42.900000,-65.000000,-65.000000,-65.000000
42.950000,-65.000000,-65.000000,-65.000000
43.000000,-65.000000,-65.000000,-65.000000
43.050000,-65.000000,-65.000000,-65.000000
43.100000,-65.000000,-65.000000,-65.000000
43.150000,-65.000000,-65.000000,-65.000000
43.200000,-65.000000,-65.000000,-65.000000
43.250000,-65.000000,-65.000000,-65.000000
43.300000,-65.000000,-65.000000,-65.000000
43.350000,-65.000000,-65.000000,-65.000000
43.400000,-65.000000,-65.000000,-65.000000
43.450000,-65.000000,-65.000000,-65.000000
43.500000,-65.000000,-65.000000,-65.000000
43.550000,-65.000000,-65.000000,-65.000000
43.600000,-65.000000,-65.000000,-65.000000
43.650000,-65.000000,-65.000000,-65.000000
43.700000,-65.000000,-65.000000,-65.000000
43.750000,-65.000000,-65.000000,-65.000000
43.800000,-65.000000,-65.000000,-65.000000
43.850000,-65.000000,-65.000000,-65.000000
43.900000,-65.000000,-65.000000,-65.000000
43.950000,-65.000000,-65.000000,-65.000000
44.000000,-65.000000,-65.000000,-65.000000
44.050000,-65.000000,-65.000000,-65.000000
44.100000,-65.000000,-65.000000,-65.000000
44.150000,-65.000000,-65.000000,-65.000000
44.200000,-65.000000,-65.000000,-65.000000
44.250000,-65.000000,-65.000000,-65.000000
44.300000,-65.000000,-65.000000,-65.000000
44.350000,-65.000000,-65.000000,-65.000000
44.400000,-65.000000,-65.000000,-65.000000
44.450000,-65.000000,-65.000000,-65.000000
44.500000,-65.000000,-65.000000,-65.000000
44.550000,-65.000000,-65.000000,-65.000000
44.600000,-65.000000,-65.000000,-65.000000
44.650000,-65.000000,-65.000000,-65.000000
44.700000,-65.000000,-65.000000,-65.000000
44.750000,-65.000000,-65.000000,-65.000000
44.800000,-65.000000,-65.000000,-65.000000
44.850000,-65.000000,-65.000000,-65.000000
44.900000,-65.000000,-65.000000,-65.000000
44.950000,-65.000000,-65.000000,-65.000000
45.000000,-65.000000,-65.000000,-65.000000
45.050000,-65.000000,-65.000000,-65.000000
45.100000,-65.000000,-65.000000,-65.000000
45.150000,-65.000000,-65.000000,-65.000000
45.200000,-65.000000,-65.000000,-65.000000
45.250000,-65.000000,-65.000000,-65.000000
45.300000,-65.000000,-65.000000,-65.000000
45.350000,-65.000000,-65.000000,-65.000000
45.400000,-65.000000,-65.000000,-65.000000
45.450000,-65.000000,-65.000000,-65.000000
45.500000,-65.000000,-65.000000,-65.000000
45.550000,-65.000000,-65.000000,-65.000000
45.600000,-65.000000,-65.000000,-65.000000
45.650000,-65.000000,-65.000000,-65.000000
45.700000,-65.000000,-65.000000,-65.000000
45.750000,-65.000000,-65.000000,-65.000000
45.800000,-65.000000,-65.000000,-65.000000
45.850000,-65.000000,-65.000000,-65.000000
45.900000,-65.000000,-65.000000,-65.000000
45.950000,-65.000000,-65.000000,-65.000000
46.000000,-65.000000,-65.000000,-65.000000
46.050000,-65.000000,-65.000000,-65.000000
46.100000,-65.000000,-65.000000,-65.000000
46.150000,-65.000000,-65.000000,-65.000000
46.200000,-65.000000,-65.000000,-65.000000
46.250000,-65.000000,-65.000000,-65.000000
46.300000,-65.000000,-65.000000,-65.000000
46.350000,-65.000000,-65.000000,-65.000000
46.400000,-65.000000,-65.000000,-65.000000
46.450000,-65.000000,-65.000000,-65.000000
46.500000,-65.000000,-65.000000,-65.000000
46.550000,-65.000000,-65.000000,-65.000000
46.600000,-65.000000,-65.000000,-65.000000
46.650000,-65.000000,-65.000000,-65.000000
46.700000,-65.000000,-65.000000,-65.000000
46.750000,-65.000000,-65.000000,-65.000000
46.800000,-65.000000,-65.000000,-65.000000
46.850000,-65.000000,-65.000000,-65.000000
46.900000,-65.000000,-65.000000,-65.000000
46.950000,-65.000000,-65.000000,-65.000000
47.000000,-65.000000,-65.000000,-65.000000
47.050000,-65.000000,-65.000000,-65.000000
47.100000,-65.000000,-65.000000,-65.000000
47.150000,-65.000000,-65.000000,-65.000000
47.200000,-65.000000,-65.000000,-65.000000
47.250000,-65.000000,-65.000000,-65.000000
47.300000,-65.000000,-65.000000,-65.000000
47.350000,-65.000000,-65.000000,-65.000000
47.400000,-65.000000,-65.000000,-65.000000
47.450000,-65.000000,-65.000000,-65.000000
47.500000,-65.000000,-65.000000,-65.000000
47.550000,-65.000000,-65.000000,-65.000000
47.600000,-65.000000,-65.000000,-65.000000
47.650000,-65.000000,-65.000000,-65.000000
47.700000,-65.000000,-65.000000,-65.000000
47.750000,-65.000000,-65.000000,-65.000000
47.800000,-65.000000,-65.000000,-65.000000
47.850000,-65.000000,-65.000000,-65.000000
47.900000,-65.000000,-65.000000,-65.000000
47.950000,-65.000000,-65.000000,-65.000000
48.000000,-65.000000,-65.000000,-65.000000
48.050000,-65.000000,-65.000000,-65.000000
48.100000,-65.000000,-65.000000,-65.000000
48.150000,-65.000000,-65.000000,-65.000000
48.200000,-65.000000,-65.000000,-65.000000
48.250000,-65.000000,-65.000000,-65.000000
48.300000,-65.000000,-65.000000,-65.000000
48.350000,-65.000000,-65.000000,-65.000000
48.400000,-65.000000,-65.000000,-65.000000
48.450000,-65.000000,-65.000000,-65.000000
48.500000,-65.000000,-65.000000,-65.000000
48.550000,-65.000000,-65.000000,-65.000000
48.600000,-65.000000,-65.000000,-65.000000
48.650000,-65.000000,-65.000000,-65.000000
48.700000,-65.000000,-65.000000,-65.000000
48.750000,-65.000000,-65.000000,-65.000000
48.800000,-65.000000,-65.000000,-65.000000
48.850000,-65.000000,-65.000000,-65.000000
48.900000,-65.000000,-65.000000,-65.000000
48.950000,-65.000000,-65.000000,-65.000000
49.000000,-65.000000,-65.000000,-65.000000
49.050000,-65.000000,-65.000000,-65.000000
49.100000,-65.000000,-65.000000,-65.000000
49.150000,-65.000000,-65.000000,-65.000000
49.200000,-65.000000,-65.000000,-65.000000
49.250000,-65.000000,-65.000000,-65.000000
49.300000,-65.000000,-65.000000,-65.000000
49.350000,-65.000000,-65.000000,-65.000000
49.400000,-65.000000,-65.000000,-65.000000
49.450000,-65.000000,-65.000000,-65.000000
49.500000,-65.000000,-65.000000,-65.000000
49.550000,-65.000000,-65.000000,-65.000000
49.600000,-65.000000,-65.000000,-65.000000
49.650000,-65.000000,-65.000000,-65.000000
49.700000,-65.000000,-65.000000,-65.000000
49.750000,-65.000000,-65.000000,-65.000000
49.800000,-65.000000,-65.000000,-65.000000
49.850000,-65.000000,-65.000000,-65.000000
49.900000,-65.000000,-65.000000,-65.000000
49.950000,-65.000000,-65.000000,-65.000000
50.000000,-65.000000,-65.000000,-65.000000
50.050000,-65.000000,-65.000000,-65.000000
50.100000,-65.000000,-65.000000,-65.000000
50.150000,-65.000000,-65.000000,-65.000000
50.200000,-65.000000,-65.000000,-65.000000
50.250000,-65.000000,-65.000000,-65.000000
50.300000,-65.000000,-65.000000,-65.000000
50.350000,-65.000000,-65.000000,-65.000000
50.400000,-65.000000,-65.000000,-65.000000
50.450000,-65.000000,-65.000000,-65.000000
50.500000,-65.000000,-65.000000,-65.000000
50.550000,-65.000000,-65.000000,-65.000000
50.600000,-65.000000,-65.000000,-65.000000
50.650000,-65.000000,-65.000000,-65.000000
50.700000,-65.000000,-65.000000,-65.000000
50.750000,-65.000000,-65.000000,-65.000000
50.800000,-65.000000,-65.000000,-65.000000
50.850000,-65.000000,-65.000000,-65.000000
50.900000,-65.000000,-65.000000,-65.000000
50.950000,-65.000000,-65.000000,-65.000000
51.000000,-65.000000,-65.000000,-65.000000
51.050000,-65.000000,-65.000000,-65.000000
51.100000,-65.000000,-65.000000,-65.000000
51.150000,-65.000000,-65.000000,-65.000000
51.200000,-65.000000,-65.000000,-65.000000
51.250000,-65.000000,-65.000000,-65.000000
51.300000,-65.000000,-65.000000,-65.000000
51.350000,-65.000000,-65.000000,-65.000000
51.400000,-65.000000,-65.000000,-65.000000
51.450000,-65.000000,-65.000000,-65.000000
51.500000,-65.000000,-65.000000,-65.000000
51.550000,-65.000000,-65.000000,-65.000000
51.600000,-65.000000,-65.000000,-65.000000
51.650000,-65.000000,-65.000000,-65.000000
51.700000,-65.000000,-65.000000,-65.000000
51.750000,-65.000000,-65.000000,-65.000000
51.800000,-65.000000,-65.000000,-65.000000
51.850000,-65.000000,-65.000000,-65.000000
51.900000,-65.000000,-65.000000,-65.000000
51.950000,-65.000000,-65.000000,-65.000000
52.000000,-65.000000,-65.000000,-65.000000
52.050000,-65.000000,-65.000000,-65.000000
52.100000,-65.000000,-65.000000,-65.000000
52.150000,-65.000000,-65.000000,-65.000000
52.200000,-65.000000,-65.000000,-65.000000
52.250000,-65.000000,-65.000000,-65.000000
52.300000,-65.000000,-65.000000,-65.000000
52.350000,-65.000000,-65.000000,-65.000000
52.400000,-65.000000,-65.000000,-65.000000
52.450000,-65.000000,-65.000000,-65.000000
52.500000,-65.000000,-65.000000,-65.000000
52.550000,-65.000000,-65.000000,-65.000000
52.600000,-65.000000,-65.000000,-65.000000
52.650000,-65.000000,-65.000000,-65.000000
52.700000,-65.000000,-65.000000,-65.000000
52.750000,-65.000000,-65.000000,-65.000000
52.800000,-65.000000,-65.000000,-65.000000
52.850000,-65.000000,-65.000000,-65.000000
52.900000,-65.000000,-65.000000,-65.000000
52.950000,-65.000000,-65.000000,-65.000000
53.000000,-65.000000,-65.000000,-65.000000
53.050000,-65.000000,-65.000000,-65.000000
53.100000,-65.000000,-65.000000,-65.000000
53.150000,-65.000000,-65.000000,-65.000000
53.200000,-65.000000,-65.000000,-65.000000
53.250000,-65.000000,-65.000000,-65.000000
53.300000,-65.000000,-65.000000,-65.000000
53.350000,-65.000000,-65.000000,-65.000000
53.400000,-65.000000,-65.000000,-65.000000
53.450000,-65.000000,-65.000000,-65.000000
53.500000,-65.000000,-65.000000,-65.000000
53.550000,-65.000000,-65.000000,-65.000000
53.600000,-65.000000,-65.000000,-65.000000
53.650000,-65.000000,-65.000000,-65.000000
53.700000,-65.000000,-65.000000,-65.000000
53.750000,-65.000000,-65.000000,-65.000000
53.800000,-65.000000,-65.000000,-65.000000
53.850000,-65.000000,-65.000000,-65.000000
53.900000,-65.000000,-65.000000,-65.000000
53.950000,-65.000000,-65.000000,-65.000000
54.000000,-65.000000,-65.000000,-65.000000
54.050000,-65.000000,-65.000000,-65.000000
54.100000,-65.000000,-65.000000,-65.000000
54.150000,-65.000000,-65.000000,-65.000000
54.200000,-65.000000,-65.000000,-65.000000
54.250000,-65.000000,-65.000000,-65.000000
54.300000,-65.000000,-65.000000,-65.000000
54.350000,-65.000000,-65.000000,-65.000000
54.400000,-65.000000,-65.000000,-65.000000
54.450000,-65.000000,-65.000000,-65.000000
54.500000,-65.000000,-65.000000,-65.000000
54.550000,-65.000000,-65.000000,-65.000000
54.600000,-65.000000,-65.000000,-65.000000
54.650000,-65.000000,-65.000000,-65.000000
54.700000,-65.000000,-65.000000,-65.000000
54.750000,-65.000000,-65.000000,-65.000000
54.800000,-65.000000,-65.000000,-65.000000
54.850000,-65.000000,-65.000000,-65.000000
54.900000,-65.000000,-65.000000,-65.000000
54.950000,-65.000000,-65.000000,-65.000000
55.000000,-65.000000,-65.000000,-65.000000
55.050000,-65.000000,-65.000000,-65.000000
55.100000,-65.000000,-65.000000,-65.000000
55.150000,-65.000000,-65.000000,-65.000000
55.200000,-65.000000,-65.000000,-65.000000
55.250000,-65.000000,-65.000000,-65.000000
55.300000,-65.000000,-65.000000,-65.000000
55.350000,-65.000000,-65.000000,-65.000000
55.400000,-65.000000,-65.000000,-65.000000
55.450000,-65.000000,-65.000000,-65.000000
55.500000,-65.000000,-65.000000,-65.000000
55.550000,-65.000000,-65.000000,-65.000000
55.600000,-65.000000,-65.000000,-65.000000
55.650000,-65.000000,-65.000000,-65.000000
55.700000,-65.000000,-65.000000,-65.000000
55.750000,-65.000000,-65.000000,-65.000000
55.800000,-65.000000,-65.000000,-65.000000
55.850000,-65.000000,-65.000000,-65.000000
55.900000,-65.000000,-65.000000,-65.000000
55.950000,-65.000000,-65.000000,-65.000000
56.000000,-65.000000,-65.000000,-65.000000
56.050000,-65.000000,-65.000000,-65.000000
56.100000,-65.000000,-65.000000,-65.000000
56.150000,-65.000000,-65.000000,-65.000000
56.200000,-65.000000,-65.000000,-65.000000
56.250000,-65.000000,-65.000000,-65.000000
56.300000,-65.000000,-65.000000,-65.000000
56.350000,-65.000000,-65.000000,-65.000000
56.400000,-65.000000,-65.000000,-65.000000
56.450000,-65.000000,-65.000000,-65.000000
56.500000,-65.000000,-65.000000,-65.000000
56.550000,-65.000000,-65.000000,-65.000000
56.600000,-65.000000,-65.000000,-65.000000
56.650000,-65.000000,-65.000000,-65.000000
56.700000,-65.000000,-65.000000,-65.000000
56.750000,-65.000000,-65.000000,-65.000000
56.800000,-65.000000,-65.000000,-65.000000
56.850000,-65.000000,-65.000000,-65.000000
56.900000,-65.000000,-65.000000,-65.000000
56.950000,-65.000000,-65.000000,-65.000000
57.000000,-65.000000,-65.000000,-65.000000
57.050000,-65.000000,-65.000000,-65.000000
57.100000,-65.000000,-65.000000,-65.000000
57.150000,-65.000000,-65.000000,-65.000000
57.200000,-65.000000,-65.000000,-65.000000
57.250000,-65.000000,-65.000000,-65.000000
57.300000,-65.000000,-65.000000,-65.000000
57.350000,-65.000000,-65.000000,-65.000000
57.400000,-65.000000,-65.000000,-65.000000
57.450000,-65.000000,-65.000000,-65.000000
57.500000,-65.000000,-65.000000,-65.000000
57.550000,-65.000000,-65.000000,-65.000000
57.600000,-65.000000,-65.000000,-65.000000
57.650000,-65.000000,-65.000000,-65.000000
57.700000,-65.000000,-65.000000,-65.000000
57.750000,-65.000000,-65.000000,-65.000000
57.800000,-65.000000,-65.000000,-65.000000
57.850000,-65.000000,-65.000000,-65.000000
57.900000,-65.000000,-65.000000,-65.000000
57.950000,-65.000000,-65.000000,-65.000000
58.000000,-65.000000,-65.000000,-65.000000
58.050000,-65.000000,-65.000000,-65.000000
58.100000,-65.000000,-65.000000,-65.000000
58.150000,-65.000000,-65.000000,-65.000000
58.200000,-65.000000,-65.000000,-65.000000
58.250000,-65.000000,-65.000000,-65.000000
58.300000,-65.000000,-65.000000,-65.000000
58.350000,-65.000000,-65.000000,-65.000000
58.400000,-65.000000,-65.000000,-65.000000
58.450000,-65.000000,-65.000000,-65.000000
58.500000,-65.000000,-65.000000,-65.000000
58.550000,-65.000000,-65.000000,-65.000000
58.600000,-65.000000,-65.000000,-65.000000
58.650000,-65.000000,-65.000000,-65.000000
58.700000,-65.000000,-65.000000,-65.000000
58.750000,-65.000000,-65.000000,-65.000000
58.800000,-65.000000,-65.000000,-65.000000
58.850000,-65.000000,-65.000000,-65.000000
58.900000,-65.000000,-65.000000,-65.000000
58.950000,-65.000000,-65.000000,-65.000000
59.000000,-65.000000,-65.000000,-65.000000
59.050000,-65.000000,-65.000000,-65.000000
59.100000,-65.000000,-65.000000,-65.000000
59.150000,-65.000000,-65.000000,-65.000000
59.200000,-65.000000,-65.000000,-65.000000
59.250000,-65.000000,-65.000000,-65.000000
59.300000,-65.000000,-65.000000,-65.000000
59.350000,-65.000000,-65.000000,-65.000000
59.400000,-65.000000,-65.000000,-65.000000
59.450000,-65.000000,-65.000000,-65.000000
59.500000,-65.000000,-65.000000,-65.000000
59.550000,-65.000000,-65.000000,-65.000000
59.600000,-65.000000,-65.000000,-65.000000
59.650000,-65.000000,-65.000000,-65.000000
59.700000,-65.000000,-65.000000,-65.000000
59.750000,-65.000000,-65.000000,-65.000000
59.800000,-65.000000,-65.000000,-65.000000
59.850000,-65.000000,-65.000000,-65.000000
59.900000,-65.000000,-65.000000,-65.000000
59.950000,-65.000000,-65.000000,-65.000000
60.000000,-65.000000,-65.000000,-65.000000
60.050000,-65.000000,-65.000000,-65.000000
60.100000,-65.000000,-65.000000,-65.000000
60.150000,-65.000000,-65.000000,-65.000000
60.200000,-65.000000,-65.000000,-65.000000
60.250000,-65.000000,-65.000000,-65.000000
60.300000,-65.000000,-65.000000,-65.000000
60.350000,-65.000000,-65.000000,-65.000000
60.400000,-65.000000,-65.000000,-65.000000
60.450000,-65.000000,-65.000000,-65.000000
60.500000,-65.000000,-65.000000,-65.000000
60.550000,-65.000000,-65.000000,-65.000000
60.600000,-65.000000,-65.000000,-65.000000
60.650000,-65.000000,-65.000000,-65.000000
60.700000,-65.000000,-65.000000,-65.000000
60.750000,-65.000000,-65.000000,-65.000000
60.800000,-65.000000,-65.000000,-65.000000
60.850000,-65.000000,-65.000000,-65.000000
60.900000,-65.000000,-65.000000,-65.000000
60.950000,-65.000000,-65.000000,-65.000000
61.000000,-65.000000,-65.000000,-65.000000
61.050000,-65.000000,-65.000000,-65.000000
61.100000,-65.000000,-65.000000,-65.000000
61.150000,-65.000000,-65.000000,-65.000000
61.200000,-65.000000,-65.000000,-65.000000
61.250000,-65.000000,-65.000000,-65.000000
61.300000,-65.000000,-65.000000,-65.000000
61.350000,-65.000000,-65.000000,-65.000000
61.400000,-65.000000,-65.000000,-65.000000
61.450000,-65.000000,-65.000000,-65.000000
61.500000,-65.000000,-65.000000,-65.000000
61.550000,-65.000000,-65.000000,-65.000000
61.600000,-65.000000,-65.000000,-65.000000
61.650000,-65.000000,-65.000000,-65.000000
61.700000,-65.000000,-65.000000,-65.000000
61.750000,-65.000000,-65.000000,-65.000000
61.800000,-65.000000,-65.000000,-65.000000
61.850000,-65.000000,-65.000000,-65.000000
61.900000,-65.000000,-65.000000,-65.000000
61.950000,-65.000000,-65.000000,-65.000000
62.000000,-65.000000,-65.000000,-65.000000
62.050000,-65.000000,-65.000000,-65.000000
62.100000,-65.000000,-65.000000,-65.000000
62.150000,-65.000000,-65.000000,-65.000000
62.200000,-65.000000,-65.000000,-65.000000
62.250000,-65.000000,-65.000000,-65.000000
62.300000,-65.000000,-65.000000,-65.000000
62.350000,-65.000000,-65.000000,-65.000000
62.400000,-65.000000,-65.000000,-65.000000
62.450000,-65.000000,-65.000000,-65.000000
62.500000,-65.000000,-65.000000,-65.000000
62.550000,-65.000000,-65.000000,-65.000000
62.600000,-65.000000,-65.000000,-65.000000
62.650000,-65.000000,-65.000000,-65.000000
62.700000,-65.000000,-65.000000,-65.000000
62.750000,-65.000000,-65.000000,-65.000000
62.800000,-65.000000,-65.000000,-65.000000
62.850000,-65.000000,-65.000000,-65.000000
62.900000,-65.000000,-65.000000,-65.000000
62.950000,-65.000000,-65.000000,-65.000000
63.000000,-65.000000,-65.000000,-65.000000
63.050000,-65.000000,-65.000000,-65.000000
63.100000,-65.000000,-65.000000,-65.000000
63.150000,-65.000000,-65.000000,-65.000000
63.200000,-65.000000,-65.000000,-65.000000
63.250000,-65.000000,-65.000000,-65.000000
63.300000,-65.000000,-65.000000,-65.000000
63.350000,-65.000000,-65.000000,-65.000000
63.400000,-65.000000,-65.000000,-65.000000
63.450000,-65.000000,-65.000000,-65.000000
63.500000,-65.000000,-65.000000,-65.000000
63.550000,-65.000000,-65.000000,-65.000000
63.600000,-65.000000,-65.000000,-65.000000
63.650000,-65.000000,-65.000000,-65.000000
63.700000,-65.000000,-65.000000,-65.000000
63.750000,-65.000000,-65.000000,-65.000000
63.800000,-65.000000,-65.000000,-65.000000
63.850000,-65.000000,-65.000000,-65.000000
63.900000,-65.000000,-65.000000,-65.000000
63.950000,-65.000000,-65.000000,-65.000000
64.000000,-65.000000,-65.000000,-65.000000
64.050000,-65.000000,-65.000000,-65.000000
64.100000,-65.000000,-65.000000,-65.000000
64.150000,-65.000000,-65.000000,-65.000000
64.200000,-65.000000,-65.000000,-65.000000
64.250000,-65.000000,-65.000000,-65.000000
64.300000,-65.000000,-65.000000,-65.000000
64.350000,-65.000000,-65.000000,-65.000000
64.400000,-65.000000,-65.000000,-65.000000
64.450000,-65.000000,-65.000000,-65.000000
64.500000,-65.000000,-65.000000,-65.000000
64.550000,-65.000000,-65.000000,-65.000000
64.600000,-65.000000,-65.000000,-65.000000
64.650000,-65.000000,-65.000000,-65.000000
64.700000,-65.000000,-65.000000,-65.000000
64.750000,-65.000000,-65.000000,-65.000000
64.800000,-65.000000,-65.000000,-65.000000
64.850000,-65.000000,-65.000000,-65.000000
64.900000,-65.000000,-65.000000,-65.000000
64.950000,-65.000000,-65.000000,-65.000000
65.000000,-65.000000,-65.000000,-65.000000
65.050000,-65.000000,-65.000000,-65.000000
65.100000,-65.000000,-65.000000,-65.000000
65.150000,-65.000000,-65.000000,-65.000000
65.200000,-65.000000,-65.000000,-65.000000
65.250000,-65.000000,-65.000000,-65.000000
65.300000,-65.000000,-65.000000,-65.000000
65.350000,-65.000000,-65.000000,-65.000000
65.400000,-65.000000,-65.000000,-65.000000
65.450000,-65.000000,-65.000000,-65.000000
65.500000,-65.000000,-65.000000,-65.000000
65.550000,-65.000000,-65.000000,-65.000000
65.600000,-65.000000,-65.000000,-65.000000
65.650000,-65.000000,-65.000000,-65.000000
65.700000,-65.000000,-65.000000,-65.000000
65.750000,-65.000000,-65.000000,-65.000000
65.800000,-65.000000,-65.000000,-65.000000
65.850000,-65.000000,-65.000000,-65.000000
65.900000,-65.000000,-65.000000,-65.000000
65.950000,-65.000000,-65.000000,-65.000000
66.000000,-65.000000,-65.000000,-65.000000
66.050000,-65.000000,-65.000000,-65.000000
66.100000,-65.000000,-65.000000,-65.000000
66.150000,-65.000000,-65.000000,-65.000000
66.200000,-65.000000,-65.000000,-65.000000
66.250000,-65.000000,-65.000000,-65.000000
66.300000,-65.000000,-65.000000,-65.000000
66.350000,-65.000000,-65.000000,-65.000000
66.400000,-65.000000,-65.000000,-65.000000
66.450000,-65.000000,-65.000000,-65.000000
66.500000,-65.000000,-65.000000,-65.000000
66.550000,-65.000000,-65.000000,-65.000000
66.600000,-65.000000,-65.000000,-65.000000
66.650000,-65.000000,-65.000000,-65.000000
66.700000,-65.000000,-65.000000,-65.000000
66.750000,-65.000000,-65.000000,-65.000000
66.800000,-65.000000,-65.000000,-65.000000
66.850000,-65.000000,-65.000000,-65.000000
66.900000,-65.000000,-65.000000,-65.000000
66.950000,-65.000000,-65.000000,-65.000000
67.000000,-65.000000,-65.000000,-65.000000
67.050000,-65.000000,-65.000000,-65.000000
67.100000,-65.000000,-65.000000,-65.000000
67.150000,-65.000000,-65.000000,-65.000000
67.200000,-65.000000,-65.000000,-65.000000
67.250000,-65.000000,-65.000000,-65.000000
67.300000,-65.000000,-65.000000,-65.000000
67.350000,-65.000000,-65.000000,-65.000000
67.400000,-65.000000,-65.000000,-65.000000
67.450000,-65.000000,-65.000000,-65.000000
67.500000,-65.000000,-65.000000,-65.000000
67.550000,-65.000000,-65.000000,-65.000000
67.600000,-65.000000,-65.000000,-65.000000
67.650000,-65.000000,-65.000000,-65.000000
67.700000,-65.000000,-65.000000,-65.000000
67.750000,-65.000000,-65.000000,-65.000000
67.800000,-65.000000,-65.000000,-65.000000
67.850000,-65.000000,-65.000000,-65.000000
67.900000,-65.000000,-65.000000,-65.000000
67.950000,-65.000000,-65.000000,-65.000000
68.000000,-65.000000,-65.000000,-65.000000
68.050000,-65.000000,-65.000000,-65.000000
68.100000,-65.000000,-65.000000,-65.000000
68.150000,-65.000000,-65.000000,-65.000000
68.200000,-65.000000,-65.000000,-65.000000
68.250000,-65.000000,-65.000000,-65.000000
68.300000,-65.000000,-65.000000,-65.000000
68.350000,-65.000000,-65.000000,-65.000000
68.400000,-65.000000,-65.000000,-65.000000
68.450000,-65.000000,-65.000000,-65.000000
68.500000,-65.000000,-65.000000,-65.000000
68.550000,-65.000000,-65.000000,-65.000000
68.600000,-65.000000,-65.000000,-65.000000
68.650000,-65.000000,-65.000000,-65.000000
68.700000,-65.000000,-65.000000,-65.000000
68.750000,-65.000000,-65.000000,-65.000000
68.800000,-65.000000,-65.000000,-65.000000
68.850000,-65.000000,-65.000000,-65.000000
68.900000,-65.000000,-65.000000,-65.000000
68.950000,-65.000000,-65.000000,-65.000000
69.000000,-65.000000,-65.000000,-65.000000
69.050000,-65.000000,-65.000000,-65.000000
69.100000,-65.000000,-65.000000,-65.000000
69.150000,-65.000000,-65.000000,-65.000000
69.200000,-65.000000,-65.000000,-65.000000
69.250000,-65.000000,-65.000000,-65.000000
69.300000,-65.000000,-65.000000,-65.000000
69.350000,-65.000000,-65.000000,-65.000000
69.400000,-65.000000,-65.000000,-65.000000
69.450000,-65.000000,-65.000000,-65.000000
69.500000,-65.000000,-65.000000,-65.000000
69.550000,-65.000000,-65.000000,-65.000000
69.600000,-65.000000,-65.000000,-65.000000
69.650000,-65.000000,-65.000000,-65.000000
69.700000,-65.000000,-65.000000,-65.000000
69.750000,-65.000000,-65.000000,-65.000000
69.800000,-65.000000,-65.000000,-65.000000
69.850000,-65.000000,-65.000000,-65.000000
69.900000,-65.000000,-65.000000,-65.000000
69.950000,-65.000000,-65.000000,-65.000000
70.000000,-65.000000,-65.000000,-65.000000
70.050000,-65.000000,-65.000000,-65.000000
70.100000,-65.000000,-65.000000,-65.000000
70.150000,-65.000000,-65.000000,-65.000000
70.200000,-65.000000,-65.000000,-65.000000
70.250000,-65.000000,-65.000000,-65.000000
70.300000,-65.000000,-65.000000,-65.000000
70.350000,-65.000000,-65.000000,-65.000000
70.400000,-65.000000,-65.000000,-65.000000
70.450000,-65.000000,-65.000000,-65.000000
70.500000,-65.000000,-65.000000,-65.000000
70.550000,-65.000000,-65.000000,-65.000000
70.600000,-65.000000,-65.000000,-65.000000
70.650000,-65.000000,-65.000000,-65.000000
70.700000,-65.000000,-65.000000,-65.000000
70.750000,-65.000000,-65.000000,-65.000000
70.800000,-65.000000,-65.000000,-65.000000
70.850000,-65.000000,-65.000000,-65.000000
70.900000,-65.000000,-65.000000,-65.000000
70.950000,-65.000000,-65.000000,-65.000000
71.000000,-65.000000,-65.000000,-65.000000
71.050000,-65.000000,-65.000000,-65.000000
71.100000,-65.000000,-65.000000,-65.000000
71.150000,-65.000000,-65.000000,-65.000000
71.200000,-65.000000,-65.000000,-65.000000
71.250000,-65.000000,-65.000000,-65.000000
71.300000,-65.000000,-65.000000,-65.000000
71.350000,-65.000000,-65.000000,-65.000000
71.400000,-65.000000,-65.000000,-65.000000
71.450000,-65.000000,-65.000000,-65.000000
71.500000,-65.000000,-65.000000,-65.000000
71.550000,-65.000000,-65.000000,-65.000000
71.600000,-65.000000,-65.000000,-65.000000
71.650000,-65.000000,-65.000000,-65.000000
71.700000,-65.000000,-65.000000,-65.000000
71.750000,-65.000000,-65.000000,-65.000000
71.800000,-65.000000,-65.000000,-65.000000
71.850000,-65.000000,-65.000000,-65.000000
71.900000,-65.000000,-65.000000,-65.000000
71.950000,-65.000000,-65.000000,-65.000000
72.000000,-65.000000,-65.000000,-65.000000
72.050000,-65.000000,-65.000000,-65.000000
72.100000,-65.000000,-65.000000,-65.000000
72.150000,-65.000000,-65.000000,-65.000000
72.200000,-65.000000,-65.000000,-65.000000
72.250000,-65.000000,-65.000000,-65.000000
72.300000,-65.000000,-65.000000,-65.000000
72.350000,-65.000000,-65.000000,-65.000000
72.400000,-65.000000,-65.000000,-65.000000
72.450000,-65.000000,-65.000000,-65.000000
72.500000,-65.000000,-65.000000,-65.000000
72.550000,-65.000000,-65.000000,-65.000000
72.600000,-65.000000,-65.000000,-65.000000
72.650000,-65.000000,-65.000000,-65.000000
72.700000,-65.000000,-65.000000,-65.000000
72.750000,-65.000000,-65.000000,-65.000000
72.800000,-65.000000,-65.000000,-65.000000
72.850000,-65.000000,-65.000000,-65.000000
72.900000,-65.000000,-65.000000,-65.000000
72.950000,-65.000000,-65.000000,-65.000000
73.000000,-65.000000,-65.000000,-65.000000
73.050000,-65.000000,-65.000000,-65.000000
73.100000,-65.000000,-65.000000,-65.000000
73.150000,-65.000000,-65.000000,-65.000000
73.200000,-65.000000,-65.000000,-65.000000
73.250000,-65.000000,-65.000000,-65.000000
73.300000,-65.000000,-65.000000,-65.000000
73.350000,-65.000000,-65.000000,-65.000000
73.400000,-65.000000,-65.000000,-65.000000
73.450000,-65.000000,-65.000000,-65.000000
73.500000,-65.000000,-65.000000,-65.000000
73.550000,-65.000000,-65.000000,-65.000000
73.600000,-65.000000,-65.000000,-65.000000
73.650000,-65.000000,-65.000000,-65.000000
73.700000,-65.000000,-65.000000,-65.000000
73.750000,-65.000000,-65.000000,-65.000000
73.800000,-65.000000,-65.000000,-65.000000
73.850000,-65.000000,-65.000000,-65.000000
73.900000,-65.000000,-65.000000,-65.000000
73.950000,-65.000000,-65.000000,-65.000000
74.000000,-65.000000,-65.000000,-65.000000
74.050000,-65.000000,-65.000000,-65.000000
74.100000,-65.000000,-65.000000,-65.000000
74.150000,-65.000000,-65.000000,-65.000000
74.200000,-65.000000,-65.000000,-65.000000
74.250000,-65.000000,-65.000000,-65.000000
74.300000,-65.000000,-65.000000,-65.000000
74.350000,-65.000000,-65.000000,-65.000000
74.400000,-65.000000,-65.000000,-65.000000
74.450000,-65.000000,-65.000000,-65.000000
74.500000,-65.000000,-65.000000,-65.000000
74.550000,-65.000000,-65.000000,-65.000000
74.600000,-65.000000,-65.000000,-65.000000
74.650000,-65.000000,-65.000000,-65.000000
74.700000,-65.000000,-65.000000,-65.000000
74.750000,-65.000000,-65.000000,-65.000000
74.800000,-65.000000,-65.000000,-65.000000
74.850000,-65.000000,-65.000000,-65.000000
74.900000,-65.000000,-65.000000,-65.000000
74.950000,-65.000000,-65.000000,-65.000000
75.000000,-65.000000,-65.000000,-65.000000
75.050000,-65.000000,-65.000000,-65.000000
75.100000,-65.000000,-65.000000,-65.000000
75.150000,-65.000000,-65.000000,-65.000000
75.200000,-65.000000,-65.000000,-65.000000
75.250000,-65.000000,-65.000000,-65.000000
75.300000,-65.000000,-65.000000,-65.000000
75.350000,-65.000000,-65.000000,-65.000000
75.400000,-65.000000,-65.000000,-65.000000
75.450000,-65.000000,-65.000000,-65.000000
75.500000,-65.000000,-65.000000,-65.000000
75.550000,-65.000000,-65.000000,-65.000000
75.600000,-65.000000,-65.000000,-65.000000
75.650000,-65.000000,-65.000000,-65.000000
75.700000,-65.000000,-65.000000,-65.000000
75.750000,-65.000000,-65.000000,-65.000000
75.800000,-65.000000,-65.000000,-65.000000
75.850000,-65.000000,-65.000000,-65.000000
75.900000,-65.000000,-65.000000,-65.000000
75.950000,-65.000000,-65.000000,-65.000000
76.000000,-65.000000,-65.000000,-65.000000
76.050000,-65.000000,-65.000000,-65.000000
76.100000,-65.000000,-65.000000,-65.000000
76.150000,-65.000000,-65.000000,-65.000000
76.200000,-65.000000,-65.000000,-65.000000
76.250000,-65.000000,-65.000000,-65.000000
76.300000,-65.000000,-65.000000,-65.000000
76.350000,-65.000000,-65.000000,-65.000000
76.400000,-65.000000,-65.000000,-65.000000
76.450000,-65.000000,-65.000000,-65.000000
76.500000,-65.000000,-65.000000,-65.000000
76.550000,-65.000000,-65.000000,-65.000000
76.600000,-65.000000,-65.000000,-65.000000
76.650000,-65.000000,-65.000000,-65.000000
76.700000,-65.000000,-65.000000,-65.000000
76.750000,-65.000000,-65.000000,-65.000000
76.800000,-65.000000,-65.000000,-65.000000
76.850000,-65.000000,-65.000000,-65.000000
76.900000,-65.000000,-65.000000,-65.000000
76.950000,-65.000000,-65.000000,-65.000000
77.000000,-65.000000,-65.000000,-65.000000
77.050000,-65.000000,-65.000000,-65.000000
77.100000,-65.000000,-65.000000,-65.000000
77.150000,-65.000000,-65.000000,-65.000000
77.200000,-65.000000,-65.000000,-65.000000
77.250000,-65.000000,-65.000000,-65.000000
77.300000,-65.000000,-65.000000,-65.000000
77.350000,-65.000000,-65.000000,-65.000000
77.400000,-65.000000,-65.000000,-65.000000
77.450000,-65.000000,-65.000000,-65.000000
77.500000,-65.000000,-65.000000,-65.000000
77.550000,-65.000000,-65.000000,-65.000000
77.600000,-65.000000,-65.000000,-65.000000
77.650000,-65.000000,-65.000000,-65.000000
77.700000,-65.000000,-65.000000,-65.000000
77.750000,-65.000000,-65.000000,-65.000000
77.800000,-65.000000,-65.000000,-65.000000
77.850000,-65.000000,-65.000000,-65.000000
77.900000,-65.000000,-65.000000,-65.000000
77.950000,-65.000000,-65.000000,-65.000000
78.000000,-65.000000,-65.000000,-65.000000
78.050000,-65.000000,-65.000000,-65.000000
78.100000,-65.000000,-65.000000,-65.000000
78.150000,-65.000000,-65.000000,-65.000000
78.200000,-65.000000,-65.000000,-65.000000
78.250000,-65.000000,-65.000000,-65.000000
78.300000,-65.000000,-65.000000,-65.000000
78.350000,-65.000000,-65.000000,-65.000000
78.400000,-65.000000,-65.000000,-65.000000
78.450000,-65.000000,-65.000000,-65.000000
78.500000,-65.000000,-65.000000,-65.000000
78.550000,-65.000000,-65.000000,-65.000000
78.600000,-65.000000,-65.000000,-65.000000
78.650000,-65.000000,-65.000000,-65.000000
78.700000,-65.000000,-65.000000,-65.000000
78.750000,-65.000000,-65.000000,-65.000000
78.800000,-65.000000,-65.000000,-65.000000
78.850000,-65.000000,-65.000000,-65.000000
78.900000,-65.000000,-65.000000,-65.000000
78.950000,-65.000000,-65.000000,-65.000000
79.000000,-65.000000,-65.000000,-65.000000
79.050000,-65.000000,-65.000000,-65.000000
79.100000,-65.000000,-65.000000,-65.000000
79.150000,-65.000000,-65.000000,-65.000000
79.200000,-65.000000,-65.000000,-65.000000
79.250000,-65.000000,-65.000000,-65.000000
79.300000,-65.000000,-65.000000,-65.000000
79.350000,-65.000000,-65.000000,-65.000000
79.400000,-65.000000,-65.000000,-65.000000
79.450000,-65.000000,-65.000000,-65.000000
79.500000,-65.000000,-65.000000,-65.000000
79.550000,-65.000000,-65.000000,-65.000000
79.600000,-65.000000,-65.000000,-65.000000
79.650000,-65.000000,-65.000000,-65.000000
79.700000,-65.000000,-65.000000,-65.000000
79.750000,-65.000000,-65.000000,-65.000000
79.800000,-65.000000,-65.000000,-65.000000
79.850000,-65.000000,-65.000000,-65.000000
79.900000,-65.000000,-65.000000,-65.000000
79.950000,-65.000000,-65.000000,-65.000000
80.000000,-65.000000,-65.000000,-65.000000
80.050000,-65.000000,-65.000000,-65.000000
80.100000,-65.000000,-65.000000,-65.000000
80.150000,-65.000000,-65.000000,-65.000000
80.200000,-65.000000,-65.000000,-65.000000
80.250000,-65.000000,-65.000000,-65.000000
80.300000,-65.000000,-65.000000,-65.000000
80.350000,-65.000000,-65.000000,-65.000000
80.400000,-65.000000,-65.000000,-65.000000
80.450000,-65.000000,-65.000000,-65.000000
80.500000,-65.000000,-65.000000,-65.000000
80.550000,-65.000000,-65.000000,-65.000000
80.600000,-65.000000,-65.000000,-65.000000
80.650000,-65.000000,-65.000000,-65.000000
80.700000,-65.000000,-65.000000,-65.000000
80.750000,-65.000000,-65.000000,-65.000000
80.800000,-65.000000,-65.000000,-65.000000
80.850000,-65.000000,-65.000000,-65.000000
80.900000,-65.000000,-65.000000,-65.000000
80.950000,-65.000000,-65.000000,-65.000000
81.000000,-65.000000,-65.000000,-65.000000
81.050000,-65.000000,-65.000000,-65.000000
81.100000,-65.000000,-65.000000,-65.000000
81.150000,-65.000000,-65.000000,-65.000000
81.200000,-65.000000,-65.000000,-65.000000
81.250000,-65.000000,-65.000000,-65.000000
81.300000,-65.000000,-65.000000,-65.000000
81.350000,-65.000000,-65.000000,-65.000000
81.400000,-65.000000,-65.000000,-65.000000
81.450000,-65.000000,-65.000000,-65.000000
81.500000,-65.000000,-65.000000,-65.000000
81.550000,-65.000000,-65.000000,-65.000000
81.600000,-65.000000,-65.000000,-65.000000
81.650000,-65.000000,-65.000000,-65.000000
81.700000,-65.000000,-65.000000,-65.000000
81.750000,-65.000000,-65.000000,-65.000000
81.800000,-65.000000,-65.000000,-65.000000
81.850000,-65.000000,-65.000000,-65.000000
81.900000,-65.000000,-65.000000,-65.000000
81.950000,-65.000000,-65.000000,-65.000000
82.000000,-65.000000,-65.000000,-65.000000
82.050000,-65.000000,-65.000000,-65.000000
82.100000,-65.000000,-65.000000,-65.000000
82.150000,-65.000000,-65.000000,-65.000000
82.200000,-65.000000,-65.000000,-65.000000
82.250000,-65.000000,-65.000000,-65.000000
82.300000,-65.000000,-65.000000,-65.000000
82.350000,-65.000000,-65.000000,-65.000000
82.400000,-65.000000,-65.000000,-65.000000
82.450000,-65.000000,-65.000000,-65.000000
82.500000,-65.000000,-65.000000,-65.000000
82.550000,-65.000000,-65.000000,-65.000000
82.600000,-65.000000,-65.000000,-65.000000
82.650000,-65.000000,-65.000000,-65.000000
82.700000,-65.000000,-65.000000,-65.000000
82.750000,-65.000000,-65.000000,-65.000000
82.800000,-65.000000,-65.000000,-65.000000
82.850000,-65.000000,-65.000000,-65.000000
82.900000,-65.000000,-65.000000,-65.000000
82.950000,-65.000000,-65.000000,-65.000000
83.000000,-65.000000,-65.000000,-65.000000
83.050000,-65.000000,-65.000000,-65.000000
83.100000,-65.000000,-65.000000,-65.000000
83.150000,-65.000000,-65.000000,-65.000000
83.200000,-65.000000,-65.000000,-65.000000
83.250000,-65.000000,-65.000000,-65.000000
83.300000,-65.000000,-65.000000,-65.000000
83.350000,-65.000000,-65.000000,-65.000000
83.400000,-65.000000,-65.000000,-65.000000
83.450000,-65.000000,-65.000000,-65.000000
83.500000,-65.000000,-65.000000,-65.000000
83.550000,-65.000000,-65.000000,-65.000000
83.600000,-65.000000,-65.000000,-65.000000
83.650000,-65.000000,-65.000000,-65.000000
83.700000,-65.000000,-65.000000,-65.000000
83.750000,-65.000000,-65.000000,-65.000000
83.800000,-65.000000,-65.000000,-65.000000
83.850000,-65.000000,-65.000000,-65.000000
83.900000,-65.000000,-65.000000,-65.000000
83.950000,-65.000000,-65.000000,-65.000000
84.000000,-65.000000,-65.000000,-65.000000
84.050000,-65.000000,-65.000000,-65.000000
84.100000,-65.000000,-65.000000,-65.000000
84.150000,-65.000000,-65.000000,-65.000000
84.200000,-65.000000,-65.000000,-65.000000
84.250000,-65.000000,-65.000000,-65.000000
84.300000,-65.000000,-65.000000,-65.000000
84.350000,-65.000000,-65.000000,-65.000000
84.400000,-65.000000,-65.000000,-65.000000
84.450000,-65.000000,-65.000000,-65.000000
84.500000,-65.000000,-65.000000,-65.000000
84.550000,-65.000000,-65.000000,-65.000000
84.600000,-65.000000,-65.000000,-65.000000
84.650000,-65.000000,-65.000000,-65.000000
84.700000,-65.000000,-65.000000,-65.000000
84.750000,-65.000000,-65.000000,-65.000000
84.800000,-65.000000,-65.000000,-65.000000
84.850000,-65.000000,-65.000000,-65.000000
84.900000,-65.000000,-65.000000,-65.000000
84.950000,-65.000000,-65.000000,-65.000000
85.000000,-65.000000,-65.000000,-65.000000
85.050000,-65.000000,-65.000000,-65.000000
85.100000,-65.000000,-65.000000,-65.000000
85.150000,-65.000000,-65.000000,-65.000000
85.200000,-65.000000,-65.000000,-65.000000
85.250000,-65.000000,-65.000000,-65.000000
85.300000,-65.000000,-65.000000,-65.000000
85.350000,-65.000000,-65.000000,-65.000000
85.400000,-65.000000,-65.000000,-65.000000
85.450000,-65.000000,-65.000000,-65.000000
85.500000,-65.000000,-65.000000,-65.000000
85.550000,-65.000000,-65.000000,-65.000000
85.600000,-65.000000,-65.000000,-65.000000
85.650000,-65.000000,-65.000000,-65.000000
85.700000,-65.000000,-65.000000,-65.000000
85.750000,-65.000000,-65.000000,-65.000000
85.800000,-65.000000,-65.000000,-65.000000
85.850000,-65.000000,-65.000000,-65.000000
85.900000,-65.000000,-65.000000,-65.000000
85.950000,-65.000000,-65.000000,-65.000000
86.000000,-65.000000,-65.000000,-65.000000
86.050000,-65.000000,-65.000000,-65.000000
86.100000,-65.000000,-65.000000,-65.000000
86.150000,-65.000000,-65.000000,-65.000000
86.200000,-65.000000,-65.000000,-65.000000
86.250000,-65.000000,-65.000000,-65.000000
86.300000,-65.000000,-65.000000,-65.000000
86.350000,-65.000000,-65.000000,-65.000000
86.400000,-65.000000,-65.000000,-65.000000
86.450000,-65.000000,-65.000000,-65.000000
86.500000,-65.000000,-65.000000,-65.000000
86.550000,-65.000000,-65.000000,-65.000000
86.600000,-65.000000,-65.000000,-65.000000
86.650000,-65.000000,-65.000000,-65.000000
86.700000,-65.000000,-65.000000,-65.000000
86.750000,-65.000000,-65.000000,-65.000000
86.800000,-65.000000,-65.000000,-65.000000
86.850000,-65.000000,-65.000000,-65.000000
86.900000,-65.000000,-65.000000,-65.000000
86.950000,-65.000000,-65.000000,-65.000000
87.000000,-65.000000,-65.000000,-65.000000
87.050000,-65.000000,-65.000000,-65.000000
87.100000,-65.000000,-65.000000,-65.000000
87.150000,-65.000000,-65.000000,-65.000000
87.200000,-65.000000,-65.000000,-65.000000
87.250000,-65.000000,-65.000000,-65.000000
87.300000,-65.000000,-65.000000,-65.000000
87.350000,-65.000000,-65.000000,-65.000000
87.400000,-65.000000,-65.000000,-65.000000
87.450000,-65.000000,-65.000000,-65.000000
87.500000,-65.000000,-65.000000,-65.000000
87.550000,-65.000000,-65.000000,-65.000000
87.600000,-65.000000,-65.000000,-65.000000
87.650000,-65.000000,-65.000000,-65.000000
87.700000,-65.000000,-65.000000,-65.000000
87.750000,-65.000000,-65.000000,-65.000000
87.800000,-65.000000,-65.000000,-65.000000
87.850000,-65.000000,-65.000000,-65.000000
87.900000,-65.000000,-65.000000,-65.000000
87.950000,-65.000000,-65.000000,-65.000000
88.000000,-65.000000,-65.000000,-65.000000
88.050000,-65.000000,-65.000000,-65.000000
88.100000,-65.000000,-65.000000,-65.000000
88.150000,-65.000000,-65.000000,-65.000000
88.200000,-65.000000,-65.000000,-65.000000
88.250000,-65.000000,-65.000000,-65.000000
88.300000,-65.000000,-65.000000,-65.000000
88.350000,-65.000000,-65.000000,-65.000000
88.400000,-65.000000,-65.000000,-65.000000
88.450000,-65.000000,-65.000000,-65.000000
88.500000,-65.000000,-65.000000,-65.000000
88.550000,-65.000000,-65.000000,-65.000000
88.600000,-65.000000,-65.000000,-65.000000
88.650000,-65.000000,-65.000000,-65.000000
88.700000,-65.000000,-65.000000,-65.000000
88.750000,-65.000000,-65.000000,-65.000000
88.800000,-65.000000,-65.000000,-65.000000
88.850000,-65.000000,-65.000000,-65.000000
88.900000,-65.000000,-65.000000,-65.000000
88.950000,-65.000000,-65.000000,-65.000000
89.000000,-65.000000,-65.000000,-65.000000
89.050000,-65.000000,-65.000000,-65.000000
89.100000,-65.000000,-65.000000,-65.000000
89.150000,-65.000000,-65.000000,-65.000000
89.200000,-65.000000,-65.000000,-65.000000
89.250000,-65.000000,-65.000000,-65.000000
89.300000,-65.000000,-65.000000,-65.000000
89.350000,-65.000000,-65.000000,-65.000000
89.400000,-65.000000,-65.000000,-65.000000
89.450000,-65.000000,-65.000000,-65.000000
89.500000,-65.000000,-65.000000,-65.000000
89.550000,-65.000000,-65.000000,-65.000000
89.600000,-65.000000,-65.000000,-65.000000
89.650000,-65.000000,-65.000000,-65.000000
89.700000,-65.000000,-65.000000,-65.000000
89.750000,-65.000000,-65.000000,-65.000000
89.800000,-65.000000,-65.000000,-65.000000
89.850000,-65.000000,-65.000000,-65.000000
89.900000,-65.000000,-65.000000,-65.000000
89.950000,-65.000000,-65.000000,-65.000000
90.000000,-65.000000,-65.000000,-65.000000
90.050000,-65.000000,-65.000000,-65.000000
90.100000,-65.000000,-65.000000,-65.000000
90.150000,-65.000000,-65.000000,-65.000000
90.200000,-65.000000,-65.000000,-65.000000
90.250000,-65.000000,-65.000000,-65.000000
90.300000,-65.000000,-65.000000,-65.000000
90.350000,-65.000000,-65.000000,-65.000000
90.400000,-65.000000,-65.000000,-65.000000
90.450000,-65.000000,-65.000000,-65.000000
90.500000,-65.000000,-65.000000,-65.000000
90.550000,-65.000000,-65.000000,-65.000000
90.600000,-65.000000,-65.000000,-65.000000
90.650000,-65.000000,-65.000000,-65.000000
90.700000,-65.000000,-65.000000,-65.000000
90.750000,-65.000000,-65.000000,-65.000000
90.800000,-65.000000,-65.000000,-65.000000
90.850000,-65.000000,-65.000000,-65.000000
90.900000,-65.000000,-65.000000,-65.000000
90.950000,-65.000000,-65.000000,-65.000000
91.000000,-65.000000,-65.000000,-65.000000
91.050000,-65.000000,-65.000000,-65.000000
91.100000,-65.000000,-65.000000,-65.000000
91.150000,-65.000000,-65.000000,-65.000000
91.200000,-65.000000,-65.000000,-65.000000
91.250000,-65.000000,-65.000000,-65.000000
91.300000,-65.000000,-65.000000,-65.000000
91.350000,-65.000000,-65.000000,-65.000000
91.400000,-65.000000,-65.000000,-65.000000
91.450000,-65.000000,-65.000000,-65.000000
91.500000,-65.000000,-65.000000,-65.000000
91.550000,-65.000000,-65.000000,-65.000000
91.600000,-65.000000,-65.000000,-65.000000
91.650000,-65.000000,-65.000000,-65.000000
91.700000,-65.000000,-65.000000,-65.000000
91.750000,-65.000000,-65.000000,-65.000000
91.800000,-65.000000,-65.000000,-65.000000
91.850000,-65.000000,-65.000000,-65.000000
91.900000,-65.000000,-65.000000,-65.000000
91.950000,-65.000000,-65.000000,-65.000000
92.000000,-65.000000,-65.000000,-65.000000
92.050000,-65.000000,-65.000000,-65.000000
92.100000,-65.000000,-65.000000,-65.000000
92.150000,-65.000000,-65.000000,-65.000000
92.200000,-65.000000,-65.000000,-65.000000
92.250000,-65.000000,-65.000000,-65.000000
92.300000,-65.000000,-65.000000,-65.000000
92.350000,-65.000000,-65.000000,-65.000000
92.400000,-65.000000,-65.000000,-65.000000
92.450000,-65.000000,-65.000000,-65.000000
92.500000,-65.000000,-65.000000,-65.000000
92.550000,-65.000000,-65.000000,-65.000000
92.600000,-65.000000,-65.000000,-65.000000
92.650000,-65.000000,-65.000000,-65.000000
92.700000,-65.000000,-65.000000,-65.000000
92.750000,-65.000000,-65.000000,-65.000000
92.800000,-65.000000,-65.000000,-65.000000
92.850000,-65.000000,-65.000000,-65.000000
92.900000,-65.000000,-65.000000,-65.000000
92.950000,-65.000000,-65.000000,-65.000000
93.000000,-65.000000,-65.000000,-65.000000
93.050000,-65.000000,-65.000000,-65.000000
93.100000,-65.000000,-65.000000,-65.000000
93.150000,-65.000000,-65.000000,-65.000000
93.200000,-65.000000,-65.000000,-65.000000
93.250000,-65.000000,-65.000000,-65.000000
93.300000,-65.000000,-65.000000,-65.000000
93.350000,-65.000000,-65.000000,-65.000000
93.400000,-65.000000,-65.000000,-65.000000
93.450000,-65.000000,-65.000000,-65.000000
93.500000,-65.000000,-65.000000,-65.000000
93.550000,-65.000000,-65.000000,-65.000000
93.600000,-65.000000,-65.000000,-65.000000
93.650000,-65.000000,-65.000000,-65.000000
93.700000,-65.000000,-65.000000,-65.000000
93.750000,-65.000000,-65.000000,-65.000000
93.800000,-65.000000,-65.000000,-65.000000
93.850000,-65.000000,-65.000000,-65.000000
93.900000,-65.000000,-65.000000,-65.000000
93.950000,-65.000000,-65.000000,-65.000000
94.000000,-65.000000,-65.000000,-65.000000
94.050000,-65.000000,-65.000000,-65.000000
94.100000,-65.000000,-65.000000,-65.000000
94.150000,-65.000000,-65.000000,-65.000000
94.200000,-65.000000,-65.000000,-65.000000
94.250000,-65.000000,-65.000000,-65.000000
94.300000,-65.000000,-65.000000,-65.000000
94.350000,-65.000000,-65.000000,-65.000000
94.400000,-65.000000,-65.000000,-65.000000
94.450000,-65.000000,-65.000000,-65.000000
94.500000,-65.000000,-65.000000,-65.000000
94.550000,-65.000000,-65.000000,-65.000000
94.600000,-65.000000,-65.000000,-65.000000
94.650000,-65.000000,-65.000000,-65.000000
94.700000,-65.000000,-65.000000,-65.000000
94.750000,-65.000000,-65.000000,-65.000000
94.800000,-65.000000,-65.000000,-65.000000
94.850000,-65.000000,-65.000000,-65.000000
94.900000,-65.000000,-65.000000,-65.000000
94.950000,-65.000000,-65.000000,-65.000000
95.000000,-65.000000,-65.000000,-65.000000
95.050000,-65.000000,-65.000000,-65.000000
95.100000,-65.000000,-65.000000,-65.000000
95.150000,-65.000000,-65.000000,-65.000000
95.200000,-65.000000,-65.000000,-65.000000
95.250000,-65.000000,-65.000000,-65.000000
95.300000,-65.000000,-65.000000,-65.000000
95.350000,-65.000000,-65.000000,-65.000000
95.400000,-65.000000,-65.000000,-65.000000
95.450000,-65.000000,-65.000000,-65.000000
95.500000,-65.000000,-65.000000,-65.000000
95.550000,-65.000000,-65.000000,-65.000000
95.600000,-65.000000,-65.000000,-65.000000
95.650000,-65.000000,-65.000000,-65.000000
95.700000,-65.000000,-65.000000,-65.000000
95.750000,-65.000000,-65.000000,-65.000000
95.800000,-65.000000,-65.000000,-65.000000
95.850000,-65.000000,-65.000000,-65.000000
95.900000,-65.000000,-65.000000,-65.000000
95.950000,-65.000000,-65.000000,-65.000000
96.000000,-65.000000,-65.000000,-65.000000
96.050000,-65.000000,-65.000000,-65.000000
96.100000,-65.000000,-65.000000,-65.000000
96.150000,-65.000000,-65.000000,-65.000000
96.200000,-65.000000,-65.000000,-65.000000
96.250000,-65.000000,-65.000000,-65.000000
96.300000,-65.000000,-65.000000,-65.000000
96.350000,-65.000000,-65.000000,-65.000000
96.400000,-65.000000,-65.000000,-65.000000
96.450000,-65.000000,-65.000000,-65.000000
96.500000,-65.000000,-65.000000,-65.000000
96.550000,-65.000000,-65.000000,-65.000000
96.600000,-65.000000,-65.000000,-65.000000
96.650000,-65.000000,-65.000000,-65.000000
96.700000,-65.000000,-65.000000,-65.000000
96.750000,-65.000000,-65.000000,-65.000000
96.800000,-65.000000,-65.000000,-65.000000
96.850000,-65.000000,-65.000000,-65.000000
96.900000,-65.000000,-65.000000,-65.000000
96.950000,-65.000000,-65.000000,-65.000000
97.000000,-65.000000,-65.000000,-65.000000
97.050000,-65.000000,-65.000000,-65.000000
97.100000,-65.000000,-65.000000,-65.000000
97.150000,-65.000000,-65.000000,-65.000000
97.200000,-65.000000,-65.000000,-65.000000
97.250000,-65.000000,-65.000000,-65.000000
97.300000,-65.000000,-65.000000,-65.000000
97.350000,-65.000000,-65.000000,-65.000000
97.400000,-65.000000,-65.000000,-65.000000
97.450000,-65.000000,-65.000000,-65.000000
97.500000,-65.000000,-65.000000,-65.000000
97.550000,-65.000000,-65.000000,-65.000000
97.600000,-65.000000,-65.000000,-65.000000
97.650000,-65.000000,-65.000000,-65.000000
97.700000,-65.000000,-65.000000,-65.000000
97.750000,-65.000000,-65.000000,-65.000000
97.800000,-65.000000,-65.000000,-65.000000
97.850000,-65.000000,-65.000000,-65.000000
97.900000,-65.000000,-65.000000,-65.000000
97.950000,-65.000000,-65.000000,-65.000000
98.000000,-65.000000,-65.000000,-65.000000
98.050000,-65.000000,-65.000000,-65.000000
98.100000,-65.000000,-65.000000,-65.000000
98.150000,-65.000000,-65.000000,-65.000000
98.200000,-65.000000,-65.000000,-65.000000
98.250000,-65.000000,-65.000000,-65.000000
98.300000,-65.000000,-65.000000,-65.000000
98.350000,-65.000000,-65.000000,-65.000000
98.400000,-65.000000,-65.000000,-65.000000
98.450000,-65.000000,-65.000000,-65.000000
98.500000,-65.000000,-65.000000,-65.000000
98.550000,-65.000000,-65.000000,-65.000000
98.600000,-65.000000,-65.000000,-65.000000
98.650000,-65.000000,-65.000000,-65.000000
98.700000,-65.000000,-65.000000,-65.000000
98.750000,-65.000000,-65.000000,-65.000000
98.800000,-65.000000,-65.000000,-65.000000
98.850000,-65.000000,-65.000000,-65.000000
98.900000,-65.000000,-65.000000,-65.000000
98.950000,-65.000000,-65.000000,-65.000000
99.000000,-65.000000,-65.000000,-65.000000
99.050000,-65.000000,-65.000000,-65.000000
99.100000,-65.000000,-65.000000,-65.000000
99.150000,-65.000000,-65.000000,-65.000000
99.200000,-65.000000,-65.000000,-65.000000
99.250000,-65.000000,-65.000000,-65.000000
99.300000,-65.000000,-65.000000,-65.000000
99.350000,-65.000000,-65.000000,-65.000000
99.400000,-65.000000,-65.000000,-65.000000
99.450000,-65.000000,-65.000000,-65.000000
99.500000,-65.000000,-65.000000,-65.000000
99.550000,-65.000000,-65.000000,-65.000000
99.600000,-65.000000,-65.000000,-65.000000
99.650000,-65.000000,-65.000000,-65.000000
99.700000,-65.000000,-65.000000,-65.000000
99.750000,-65.000000,-65.000000,-65.000000
99.800000,-65.000000,-65.000000,-65.000000
99.850000,-65.000000,-65.000000,-65.000000
99.900000,-65.000000,-65.000000,-65.000000
99.950000,-65.000000,-65.000000,-65.000000
100.000000,-65.000000,-65.000000,-65.000000
100.050000,-65.000000,-65.000000,-65.000000
100.100000,-65.000000,-65.000000,-65.000000
100.150000,-65.000000,-65.000000,-65.000000
100.200000,-65.000000,-65.000000,-65.000000
100.250000,-65.000000,-65.000000,-65.000000
100.300000,-65.000000,-65.000000,-65.000000
100.350000,-65.000000,-65.000000,-65.000000
100.400000,-65.000000,-65.000000,-65.000000
100.450000,-65.000000,-65.000000,-65.000000
100.500000,-65.000000,-65.000000,-65.000000
100.550000,-65.000000,-65.000000,-65.000000
100.600000,-65.000000,-65.000000,-65.000000
100.650000,-65.000000,-65.000000,-65.000000
100.700000,-65.000000,-65.000000,-65.000000
100.750000,-65.000000,-65.000000,-65.000000
100.800000,-65.000000,-65.000000,-65.000000
100.850000,-65.000000,-65.000000,-65.000000
100.900000,-65.000000,-65.000000,-65.000000
100.950000,-65.000000,-65.000000,-65.000000
101.000000,-65.000000,-65.000000,-65.000000
101.050000,-65.000000,-65.000000,-65.000000
101.100000,-65.000000,-65.000000,-65.000000
101.150000,-65.000000,-65.000000,-65.000000
101.200000,-65.000000,-65.000000,-65.000000
101.250000,-65.000000,-65.000000,-65.000000
101.300000,-65.000000,-65.000000,-65.000000
101.350000,-65.000000,-65.000000,-65.000000
101.400000,-65.000000,-65.000000,-65.000000
101.450000,-65.000000,-65.000000,-65.000000
101.500000,-65.000000,-65.000000,-65.000000
101.550000,-65.000000,-65.000000,-65.000000
101.600000,-65.000000,-65.000000,-65.000000
101.650000,-65.000000,-65.000000,-65.000000
101.700000,-65.000000,-65.000000,-65.000000
101.750000,-65.000000,-65.000000,-65.000000
101.800000,-65.000000,-65.000000,-65.000000
101.850000,-65.000000,-65.000000,-65.000000
101.900000,-65.000000,-65.000000,-65.000000
101.950000,-65.000000,-65.000000,-65.000000
102.000000,-65.000000,-65.000000,-65.000000
102.050000,-65.000000,-65.000000,-65.000000
102.100000,-65.000000,-65.000000,-65.000000
102.150000,-65.000000,-65.000000,-65.000000
102.200000,-65.000000,-65.000000,-65.000000
102.250000,-65.000000,-65.000000,-65.000000
102.300000,-65.000000,-65.000000,-65.000000
102.350000,-65.000000,-65.000000,-65.000000
102.400000,-65.000000,-65.000000,-65.000000
102.450000,-65.000000,-65.000000,-65.000000
102.500000,-65.000000,-65.000000,-65.000000
102.550000,-65.000000,-65.000000,-65.000000
102.600000,-65.000000,-65.000000,-65.000000
102.650000,-65.000000,-65.000000,-65.000000
102.700000,-65.000000,-65.000000,-65.000000
102.750000,-65.000000,-65.000000,-65.000000
102.800000,-65.000000,-65.000000,-65.000000
102.850000,-65.000000,-65.000000,-65.000000
102.900000,-65.000000,-65.000000,-65.000000
102.950000,-65.000000,-65.000000,-65.000000
103.000000,-65.000000,-65.000000,-65.000000
103.050000,-65.000000,-65.000000,-65.000000
103.100000,-65.000000,-65.000000,-65.000000
103.150000,-65.000000,-65.000000,-65.000000
103.200000,-65.000000,-65.000000,-65.000000
103.250000,-65.000000,-65.000000,-65.000000
103.300000,-65.000000,-65.000000,-65.000000
103.350000,-65.000000,-65.000000,-65.000000
103.400000,-65.000000,-65.000000,-65.000000
103.450000,-65.000000,-65.000000,-65.000000
103.500000,-65.000000,-65.000000,-65.000000
103.550000,-65.000000,-65.000000,-65.000000
103.600000,-65.000000,-65.000000,-65.000000
103.650000,-65.000000,-65.000000,-65.000000
103.700000,-65.000000,-65.000000,-65.000000
103.750000,-65.000000,-65.000000,-65.000000
103.800000,-65.000000,-65.000000,-65.000000
103.850000,-65.000000,-65.000000,-65.000000
103.900000,-65.000000,-65.000000,-65.000000
103.950000,-65.000000,-65.000000,-65.000000
104.000000,-65.000000,-65.000000,-65.000000
104.050000,-65.000000,-65.000000,-65.000000
104.100000,-65.000000,-65.000000,-65.000000
104.150000,-65.000000,-65.000000,-65.000000
104.200000,-65.000000,-65.000000,-65.000000
104.250000,-65.000000,-65.000000,-65.000000
104.300000,-65.000000,-65.000000,-65.000000
104.350000,-65.000000,-65.000000,-65.000000
104.400000,-65.000000,-65.000000,-65.000000
104.450000,-65.000000,-65.000000,-65.000000
104.500000,-65.000000,-65.000000,-65.000000
104.550000,-65.000000,-65.000000,-65.000000
104.600000,-65.000000,-65.000000,-65.000000
104.650000,-65.000000,-65.000000,-65.000000
104.700000,-65.000000,-65.000000,-65.000000
104.750000,-65.000000,-65.000000,-65.000000
104.800000,-65.000000,-65.000000,-65.000000
104.850000,-65.000000,-65.000000,-65.000000
104.900000,-65.000000,-65.000000,-65.000000
104.950000,-65.000000,-65.000000,-65.000000
105.000000,-65.000000,-65.000000,-65.000000
105.050000,-65.000000,-65.000000,-65.000000
105.100000,-65.000000,-65.000000,-65.000000
105.150000,-65.000000,-65.000000,-65.000000
105.200000,-65.000000,-65.000000,-65.000000
105.250000,-65.000000,-65.000000,-65.000000
105.300000,-65.000000,-65.000000,-65.000000
105.350000,-65.000000,-65.000000,-65.000000
105.400000,-65.000000,-65.000000,-65.000000
105.450000,-65.000000,-65.000000,-65.000000
105.500000,-65.000000,-65.000000,-65.000000
105.550000,-65.000000,-65.000000,-65.000000
105.600000,-65.000000,-65.000000,-65.000000
105.650000,-65.000000,-65.000000,-65.000000
105.700000,-65.000000,-65.000000,-65.000000
105.750000,-65.000000,-65.000000,-65.000000
105.800000,-65.000000,-65.000000,-65.000000
105.850000,-65.000000,-65.000000,-65.000000
105.900000,-65.000000,-65.000000,-65.000000
105.950000,-65.000000,-65.000000,-65.000000
106.000000,-65.000000,-65.000000,-65.000000
106.050000,-65.000000,-65.000000,-65.000000
106.100000,-65.000000,-65.000000,-65.000000
106.150000,-65.000000,-65.000000,-65.000000
106.200000,-65.000000,-65.000000,-65.000000
106.250000,-65.000000,-65.000000,-65.000000
106.300000,-65.000000,-65.000000,-65.000000
106.350000,-65.000000,-65.000000,-65.000000
106.400000,-65.000000,-65.000000,-65.000000
106.450000,-65.000000,-65.000000,-65.000000
106.500000,-65.000000,-65.000000,-65.000000
106.550000,-65.000000,-65.000000,-65.000000
106.600000,-65.000000,-65.000000,-65.000000
106.650000,-65.000000,-65.000000,-65.000000
106.700000,-65.000000,-65.000000,-65.000000
106.750000,-65.000000,-65.000000,-65.000000
106.800000,-65.000000,-65.000000,-65.000000
106.850000,-65.000000,-65.000000,-65.000000
106.900000,-65.000000,-65.000000,-65.000000
106.950000,-65.000000,-65.000000,-65.000000
107.000000,-65.000000,-65.000000,-65.000000
107.050000,-65.000000,-65.000000,-65.000000
107.100000,-65.000000,-65.000000,-65.000000
107.150000,-65.000000,-65.000000,-65.000000
107.200000,-65.000000,-65.000000,-65.000000
107.250000,-65.000000,-65.000000,-65.000000
107.300000,-65.000000,-65.000000,-65.000000
107.350000,-65.000000,-65.000000,-65.000000
107.400000,-65.000000,-65.000000,-65.000000
107.450000,-65.000000,-65.000000,-65.000000
107.500000,-65.000000,-65.000000,-65.000000
107.550000,-65.000000,-65.000000,-65.000000
107.600000,-65.000000,-65.000000,-65.000000
107.650000,-65.000000,-65.000000,-65.000000
107.700000,-65.000000,-65.000000,-65.000000
107.750000,-65.000000,-65.000000,-65.000000
107.800000,-65.000000,-65.000000,-65.000000
107.850000,-65.000000,-65.000000,-65.000000
107.900000,-65.000000,-65.000000,-65.000000
107.950000,-65.000000,-65.000000,-65.000000
108.000000,-65.000000,-65.000000,-65.000000
108.050000,-65.000000,-65.000000,-65.000000
108.100000,-65.000000,-65.000000,-65.000000
108.150000,-65.000000,-65.000000,-65.000000
108.200000,-65.000000,-65.000000,-65.000000
108.250000,-65.000000,-65.000000,-65.000000
108.300000,-65.000000,-65.000000,-65.000000
108.350000,-65.000000,-65.000000,-65.000000
108.400000,-65.000000,-65.000000,-65.000000
108.450000,-65.000000,-65.000000,-65.000000
108.500000,-65.000000,-65.000000,-65.000000
108.550000,-65.000000,-65.000000,-65.000000
108.600000,-65.000000,-65.000000,-65.000000
108.650000,-65.000000,-65.000000,-65.000000
108.700000,-65.000000,-65.000000,-65.000000
108.750000,-65.000000,-65.000000,-65.000000
108.800000,-65.000000,-65.000000,-65.000000
108.850000,-65.000000,-65.000000,-65.000000
108.900000,-65.000000,-65.000000,-65.000000
108.950000,-65.000000,-65.000000,-65.000000
109.000000,-65.000000,-65.000000,-65.000000
109.050000,-65.000000,-65.000000,-65.000000
109.100000,-65.000000,-65.000000,-65.000000
109.150000,-65.000000,-65.000000,-65.000000
109.200000,-65.000000,-65.000000,-65.000000
109.250000,-65.000000,-65.000000,-65.000000
109.300000,-65.000000,-65.000000,-65.000000
109.350000,-65.000000,-65.000000,-65.000000
109.400000,-65.000000,-65.000000,-65.000000
109.450000,-65.000000,-65.000000,-65.000000
109.500000,-65.000000,-65.000000,-65.000000
109.550000,-65.000000,-65.000000,-65.000000
109.600000,-65.000000,-65.000000,-65.000000
109.650000,-65.000000,-65.000000,-65.000000
109.700000,-65.000000,-65.000000,-65.000000
109.750000,-65.000000,-65.000000,-65.000000
109.800000,-65.000000,-65.000000,-65.000000
109.850000,-65.000000,-65.000000,-65.000000
109.900000,-65.000000,-65.000000,-65.000000
109.950000,-65.000000,-65.000000,-65.000000
110.000000,-65.000000,-65.000000,-65.000000
110.050000,-65.000000,-65.000000,-65.000000
110.100000,-65.000000,-65.000000,-65.000000
110.150000,-65.000000,-65.000000,-65.000000
110.200000,-65.000000,-65.000000,-65.000000
110.250000,-65.000000,-65.000000,-65.000000
110.300000,-65.000000,-65.000000,-65.000000
110.350000,-65.000000,-65.000000,-65.000000
110.400000,-65.000000,-65.000000,-65.000000
110.450000,-65.000000,-65.000000,-65.000000
110.500000,-65.000000,-65.000000,-65.000000
110.550000,-65.000000,-65.000000,-65.000000
110.600000,-65.000000,-65.000000,-65.000000
110.650000,-65.000000,-65.000000,-65.000000
110.700000,-65.000000,-65.000000,-65.000000
110.750000,-65.000000,-65.000000,-65.000000
110.800000,-65.000000,-65.000000,-65.000000
110.850000,-65.000000,-65.000000,-65.000000
110.900000,-65.000000,-65.000000,-65.000000
110.950000,-65.000000,-65.000000,-65.000000
111.000000,-65.000000,-65.000000,-65.000000
111.050000,-65.000000,-65.000000,-65.000000
111.100000,-65.000000,-65.000000,-65.000000
111.150000,-65.000000,-65.000000,-65.000000
111.200000,-65.000000,-65.000000,-65.000000
111.250000,-65.000000,-65.000000,-65.000000
111.300000,-65.000000,-65.000000,-65.000000
111.350000,-65.000000,-65.000000,-65.000000
111.400000,-65.000000,-65.000000,-65.000000
111.450000,-65.000000,-65.000000,-65.000000
111.500000,-65.000000,-65.000000,-65.000000
111.550000,-65.000000,-65.000000,-65.000000
111.600000,-65.000000,-65.000000,-65.000000
111.650000,-65.000000,-65.000000,-65.000000
111.700000,-65.000000,-65.000000,-65.000000
111.750000,-65.000000,-65.000000,-65.000000
111.800000,-65.000000,-65.000000,-65.000000
111.850000,-65.000000,-65.000000,-65.000000
111.900000,-65.000000,-65.000000,-65.000000
111.950000,-65.000000,-65.000000,-65.000000
112.000000,-65.000000,-65.000000,-65.000000
112.050000,-65.000000,-65.000000,-65.000000
112.100000,-65.000000,-65.000000,-65.000000
112.150000,-65.000000,-65.000000,-65.000000
112.200000,-65.000000,-65.000000,-65.000000
112.250000,-65.000000,-65.000000,-65.000000
112.300000,-65.000000,-65.000000,-65.000000
112.350000,-65.000000,-65.000000,-65.000000
112.400000,-65.000000,-65.000000,-65.000000
112.450000,-65.000000,-65.000000,-65.000000
112.500000,-65.000000,-65.000000,-65.000000
112.550000,-65.000000,-65.000000,-65.000000
112.600000,-65.000000,-65.000000,-65.000000
112.650000,-65.000000,-65.000000,-65.000000
112.700000,-65.000000,-65.000000,-65.000000
112.750000,-65.000000,-65.000000,-65.000000
112.800000,-65.000000,-65.000000,-65.000000
112.850000,-65.000000,-65.000000,-65.000000
112.900000,-65.000000,-65.000000,-65.000000
112.950000,-65.000000,-65.000000,-65.000000
113.000000,-65.000000,-65.000000,-65.000000
113.050000,-65.000000,-65.000000,-65.000000
113.100000,-65.000000,-65.000000,-65.000000
113.150000,-65.000000,-65.000000,-65.000000
113.200000,-65.000000,-65.000000,-65.000000
113.250000,-65.000000,-65.000000,-65.000000
113.300000,-65.000000,-65.000000,-65.000000
113.350000,-65.000000,-65.000000,-65.000000
113.400000,-65.000000,-65.000000,-65.000000
113.450000,-65.000000,-65.000000,-65.000000
113.500000,-65.000000,-65.000000,-65.000000
113.550000,-65.000000,-65.000000,-65.000000
113.600000,-65.000000,-65.000000,-65.000000
113.650000,-65.000000,-65.000000,-65.000000
113.700000,-65.000000,-65.000000,-65.000000
113.750000,-65.000000,-65.000000,-65.000000
113.800000,-65.000000,-65.000000,-65.000000
113.850000,-65.000000,-65.000000,-65.000000
113.900000,-65.000000,-65.000000,-65.000000
113.950000,-65.000000,-65.000000,-65.000000
114.000000,-65.000000,-65.000000,-65.000000
114.050000,-65.000000,-65.000000,-65.000000
114.100000,-65.000000,-65.000000,-65.000000
114.150000,-65.000000,-65.000000,-65.000000
114.200000,-65.000000,-65.000000,-65.000000
114.250000,-65.000000,-65.000000,-65.000000
114.300000,-65.000000,-65.000000,-65.000000
114.350000,-65.000000,-65.000000,-65.000000
114.400000,-65.000000,-65.000000,-65.000000
114.450000,-65.000000,-65.000000,-65.000000
114.500000,-65.000000,-65.000000,-65.000000
114.550000,-65.000000,-65.000000,-65.000000
114.600000,-65.000000,-65.000000,-65.000000
114.650000,-65.000000,-65.000000,-65.000000
114.700000,-65.000000,-65.000000,-65.000000
114.750000,-65.000000,-65.000000,-65.000000
114.800000,-65.000000,-65.000000,-65.000000
114.850000,-65.000000,-65.000000,-65.000000
114.900000,-65.000000,-65.000000,-65.000000
114.950000,-65.000000,-65.000000,-65.000000
115.000000,-65.000000,-65.000000,-65.000000
115.050000,-65.000000,-65.000000,-65.000000
115.100000,-65.000000,-65.000000,-65.000000
115.150000,-65.000000,-65.000000,-65.000000
115.200000,-65.000000,-65.000000,-65.000000
115.250000,-65.000000,-65.000000,-65.000000
115.300000,-65.000000,-65.000000,-65.000000
115.350000,-65.000000,-65.000000,-65.000000
115.400000,-65.000000,-65.000000,-65.000000
115.450000,-65.000000,-65.000000,-65.000000
115.500000,-65.000000,-65.000000,-65.000000
115.550000,-65.000000,-65.000000,-65.000000
115.600000,-65.000000,-65.000000,-65.000000
115.650000,-65.000000,-65.000000,-65.000000
115.700000,-65.000000,-65.000000,-65.000000
115.750000,-65.000000,-65.000000,-65.000000
115.800000,-65.000000,-65.000000,-65.000000
115.850000,-65.000000,-65.000000,-65.000000
115.900000,-65.000000,-65.000000,-65.000000
115.950000,-65.000000,-65.000000,-65.000000
116.000000,-65.000000,-65.000000,-65.000000
116.050000,-65.000000,-65.000000,-65.000000
116.100000,-65.000000,-65.000000,-65.000000
116.150000,-65.000000,-65.000000,-65.000000
116.200000,-65.000000,-65.000000,-65.000000
116.250000,-65.000000,-65.000000,-65.000000
116.300000,-65.000000,-65.000000,-65.000000
116.350000,-65.000000,-65.000000,-65.000000
116.400000,-65.000000,-65.000000,-65.000000
116.450000,-65.000000,-65.000000,-65.000000
116.500000,-65.000000,-65.000000,-65.000000
116.550000,-65.000000,-65.000000,-65.000000
116.600000,-65.000000,-65.000000,-65.000000
116.650000,-65.000000,-65.000000,-65.000000
116.700000,-65.000000,-65.000000,-65.000000
116.750000,-65.000000,-65.000000,-65.000000
116.800000,-65.000000,-65.000000,-65.000000
116.850000,-65.000000,-65.000000,-65.000000
116.900000,-65.000000,-65.000000,-65.000000
116.950000,-65.000000,-65.000000,-65.000000
117.000000,-65.000000,-65.000000,-65.000000
117.050000,-65.000000,-65.000000,-65.000000
117.100000,-65.000000,-65.000000,-65.000000
117.150000,-65.000000,-65.000000,-65.000000
117.200000,-65.000000,-65.000000,-65.000000
117.250000,-65.000000,-65.000000,-65.000000
117.300000,-65.000000,-65.000000,-65.000000
117.350000,-65.000000,-65.000000,-65.000000
117.400000,-65.000000,-65.000000,-65.000000
117.450000,-65.000000,-65.000000,-65.000000
117.500000,-65.000000,-65.000000,-65.000000
117.550000,-65.000000,-65.000000,-65.000000
117.600000,-65.000000,-65.000000,-65.000000
117.650000,-65.000000,-65.000000,-65.000000
117.700000,-65.000000,-65.000000,-65.000000
117.750000,-65.000000,-65.000000,-65.000000
117.800000,-65.000000,-65.000000,-65.000000
117.850000,-65.000000,-65.000000,-65.000000
117.900000,-65.000000,-65.000000,-65.000000
117.950000,-65.000000,-65.000000,-65.000000
118.000000,-65.000000,-65.000000,-65.000000
118.050000,-65.000000,-65.000000,-65.000000
118.100000,-65.000000,-65.000000,-65.000000
118.150000,-65.000000,-65.000000,-65.000000
118.200000,-65.000000,-65.000000,-65.000000
118.250000,-65.000000,-65.000000,-65.000000
118.300000,-65.000000,-65.000000,-65.000000
118.350000,-65.000000,-65.000000,-65.000000
118.400000,-65.000000,-65.000000,-65.000000
118.450000,-65.000000,-65.000000,-65.000000
118.500000,-65.000000,-65.000000,-65.000000
118.550000,-65.000000,-65.000000,-65.000000
118.600000,-65.000000,-65.000000,-65.000000
118.650000,-65.000000,-65.000000,-65.000000
118.700000,-65.000000,-65.000000,-65.000000
118.750000,-65.000000,-65.000000,-65.000000
118.800000,-65.000000,-65.000000,-65.000000
118.850000,-65.000000,-65.000000,-65.000000
118.900000,-65.000000,-65.000000,-65.000000
118.950000,-65.000000,-65.000000,-65.000000
119.000000,-65.000000,-65.000000,-65.000000
119.050000,-65.000000,-65.000000,-65.000000
119.100000,-65.000000,-65.000000,-65.000000
119.150000,-65.000000,-65.000000,-65.000000
119.200000,-65.000000,-65.000000,-65.000000
119.250000,-65.000000,-65.000000,-65.000000
119.300000,-65.000000,-65.000000,-65.000000
119.350000,-65.000000,-65.000000,-65.000000
119.400000,-65.000000,-65.000000,-65.000000
119.450000,-65.000000,-65.000000,-65.000000
119.500000,-65.000000,-65.000000,-65.000000
119.550000,-65.000000,-65.000000,-65.000000
119.600000,-65.000000,-65.000000,-65.000000
119.650000,-65.000000,-65.000000,-65.000000
119.700000,-65.000000,-65.000000,-65.000000
119.750000,-65.000000,-65.000000,-65.000000
119.800000,-65.000000,-65.000000,-65.000000
119.850000,-65.000000,-65.000000,-65.000000
119.900000,-65.000000,-65.000000,-65.000000
119.950000,-65.000000,-65.000000,-65.000000
120.000000,-65.000000,-65.000000,-65.000000
120.050000,-65.000000,-65.000000,-65.000000
120.100000,-65.000000,-65.000000,-65.000000
120.150000,-65.000000,-65.000000,-65.000000
120.200000,-65.000000,-65.000000,-65.000000
120.250000,-65.000000,-65.000000,-65.000000
120.300000,-65.000000,-65.000000,-65.000000
120.350000,-65.000000,-65.000000,-65.000000
120.400000,-65.000000,-65.000000,-65.000000
120.450000,-65.000000,-65.000000,-65.000000
120.500000,-65.000000,-65.000000,-65.000000
120.550000,-65.000000,-65.000000,-65.000000
120.600000,-65.000000,-65.000000,-65.000000
120.650000,-65.000000,-65.000000,-65.000000
120.700000,-65.000000,-65.000000,-65.000000
120.750000,-65.000000,-65.000000,-65.000000
120.800000,-65.000000,-65.000000,-65.000000
120.850000,-65.000000,-65.000000,-65.000000
120.900000,-65.000000,-65.000000,-65.000000
120.950000,-65.000000,-65.000000,-65.000000
121.000000,-65.000000,-65.000000,-65.000000
121.050000,-65.000000,-65.000000,-65.000000
121.100000,-65.000000,-65.000000,-65.000000
121.150000,-65.000000,-65.000000,-65.000000
121.200000,-65.000000,-65.000000,-65.000000
121.250000,-65.000000,-65.000000,-65.000000
121.300000,-65.000000,-65.000000,-65.000000
121.350000,-65.000000,-65.000000,-65.000000
121.400000,-65.000000,-65.000000,-65.000000
121.450000,-65.000000,-65.000000,-65.000000
121.500000,-65.000000,-65.000000,-65.000000
121.550000,-65.000000,-65.000000,-65.000000
121.600000,-65.000000,-65.000000,-65.000000
121.650000,-65.000000,-65.000000,-65.000000
121.700000,-65.000000,-65.000000,-65.000000
121.750000,-65.000000,-65.000000,-65.000000
121.800000,-65.000000,-65.000000,-65.000000
121.850000,-65.000000,-65.000000,-65.000000
121.900000,-65.000000,-65.000000,-65.000000
121.950000,-65.000000,-65.000000,-65.000000
122.000000,-65.000000,-65.000000,-65.000000
122.050000,-65.000000,-65.000000,-65.000000
122.100000,-65.000000,-65.000000,-65.000000
122.150000,-65.000000,-65.000000,-65.000000
122.200000,-65.000000,-65.000000,-65.000000
122.250000,-65.000000,-65.000000,-65.000000
122.300000,-65.000000,-65.000000,-65.000000
122.350000,-65.000000,-65.000000,-65.000000
122.400000,-65.000000,-65.000000,-65.000000
122.450000,-65.000000,-65.000000,-65.000000
122.500000,-65.000000,-65.000000,-65.000000
122.550000,-65.000000,-65.000000,-65.000000
122.600000,-65.000000,-65.000000,-65.000000
122.650000,-65.000000,-65.000000,-65.000000
122.700000,-65.000000,-65.000000,-65.000000
122.750000,-65.000000,-65.000000,-65.000000
122.800000,-65.000000,-65.000000,-65.000000
122.850000,-65.000000,-65.000000,-65.000000
122.900000,-65.000000,-65.000000,-65.000000
122.950000,-65.000000,-65.000000,-65.000000
123.000000,-65.000000,-65.000000,-65.000000
123.050000,-65.000000,-65.000000,-65.000000
123.100000,-65.000000,-65.000000,-65.000000
123.150000,-65.000000,-65.000000,-65.000000
123.200000,-65.000000,-65.000000,-65.000000
123.250000,-65.000000,-65.000000,-65.000000
123.300000,-65.000000,-65.000000,-65.000000
123.350000,-65.000000,-65.000000,-65.000000
123.400000,-65.000000,-65.000000,-65.000000
123.450000,-65.000000,-65.000000,-65.000000
123.500000,-65.000000,-65.000000,-65.000000
123.550000,-65.000000,-65.000000,-65.000000
123.600000,-65.000000,-65.000000,-65.000000
123.650000,-65.000000,-65.000000,-65.000000
123.700000,-65.000000,-65.000000,-65.000000
123.750000,-65.000000,-65.000000,-65.000000
123.800000,-65.000000,-65.000000,-65.000000
123.850000,-65.000000,-65.000000,-65.000000
123.900000,-65.000000,-65.000000,-65.000000
123.950000,-65.000000,-65.000000,-65.000000
124.000000,-65.000000,-65.000000,-65.000000
124.050000,-65.000000,-65.000000,-65.000000
124.100000,-65.000000,-65.000000,-65.000000
124.150000,-65.000000,-65.000000,-65.000000
124.200000,-65.000000,-65.000000,-65.000000
124.250000,-65.000000,-65.000000,-65.000000
124.300000,-65.000000,-65.000000,-65.000000
124.350000,-65.000000,-65.000000,-65.000000
124.400000,-65.000000,-65.000000,-65.000000
124.450000,-65.000000,-65.000000,-65.000000
124.500000,-65.000000,-65.000000,-65.000000
124.550000,-65.000000,-65.000000,-65.000000
124.600000,-65.000000,-65.000000,-65.000000
124.650000,-65.000000,-65.000000,-65.000000
124.700000,-65.000000,-65.000000,-65.000000
124.750000,-65.000000,-65.000000,-65.000000
124.800000,-65.000000,-65.000000,-65.000000
124.850000,-65.000000,-65.000000,-65.000000
124.900000,-65.000000,-65.000000,-65.000000
124.950000,-65.000000,-65.000000,-65.000000
125.000000,-65.000000,-65.000000,-65.000000
125.050000,-65.000000,-65.000000,-65.000000
125.100000,-65.000000,-65.000000,-65.000000
125.150000,-65.000000,-65.000000,-65.000000
125.200000,-65.000000,-65.000000,-65.000000
125.250000,-65.000000,-65.000000,-65.000000
125.300000,-65.000000,-65.000000,-65.000000
125.350000,-65.000000,-65.000000,-65.000000
125.400000,-65.000000,-65.000000,-65.000000
125.450000,-65.000000,-65.000000,-65.000000
125.500000,-65.000000,-65.000000,-65.000000
125.550000,-65.000000,-65.000000,-65.000000
125.600000,-65.000000,-65.000000,-65.000000
125.650000,-65.000000,-65.000000,-65.000000
125.700000,-65.000000,-65.000000,-65.000000
125.750000,-65.000000,-65.000000,-65.000000
125.800000,-65.000000,-65.000000,-65.000000
125.850000,-65.000000,-65.000000,-65.000000
125.900000,-65.000000,-65.000000,-65.000000
125.950000,-65.000000,-65.000000,-65.000000
126.000000,-65.000000,-65.000000,-65.000000
126.050000,-65.000000,-65.000000,-65.000000
126.100000,-65.000000,-65.000000,-65.000000
126.150000,-65.000000,-65.000000,-65.000000
126.200000,-65.000000,-65.000000,-65.000000
126.250000,-65.000000,-65.000000,-65.000000
126.300000,-65.000000,-65.000000,-65.000000
126.350000,-65.000000,-65.000000,-65.000000
126.400000,-65.000000,-65.000000,-65.000000
126.450000,-65.000000,-65.000000,-65.000000
126.500000,-65.000000,-65.000000,-65.000000
126.550000,-65.000000,-65.000000,-65.000000
126.600000,-65.000000,-65.000000,-65.000000
126.650000,-65.000000,-65.000000,-65.000000
126.700000,-65.000000,-65.000000,-65.000000
126.750000,-65.000000,-65.000000,-65.000000
126.800000,-65.000000,-65.000000,-65.000000
126.850000,-65.000000,-65.000000,-65.000000
126.900000,-65.000000,-65.000000,-65.000000
126.950000,-65.000000,-65.000000,-65.000000
127.000000,-65.000000,-65.000000,-65.000000
127.050000,-65.000000,-65.000000,-65.000000
127.100000,-65.000000,-65.000000,-65.000000
127.150000,-65.000000,-65.000000,-65.000000
127.200000,-65.000000,-65.000000,-65.000000
127.250000,-65.000000,-65.000000,-65.000000
127.300000,-65.000000,-65.000000,-65.000000
127.350000,-65.000000,-65.000000,-65.000000
127.400000,-65.000000,-65.000000,-65.000000
127.450000,-65.000000,-65.000000,-65.000000
127.500000,-65.000000,-65.000000,-65.000000
127.550000,-65.000000,-65.000000,-65.000000
127.600000,-65.000000,-65.000000,-65.000000
127.650000,-65.000000,-65.000000,-65.000000
127.700000,-65.000000,-65.000000,-65.000000
127.750000,-65.000000,-65.000000,-65.000000
127.800000,-65.000000,-65.000000,-65.000000
127.850000,-65.000000,-65.000000,-65.000000
127.900000,-65.000000,-65.000000,-65.000000
127.950000,-65.000000,-65.000000,-65.000000
128.000000,-65.000000,-65.000000,-65.000000
128.050000,-65.000000,-65.000000,-65.000000
128.100000,-65.000000,-65.000000,-65.000000
128.150000,-65.000000,-65.000000,-65.000000
128.200000,-65.000000,-65.000000,-65.000000
128.250000,-65.000000,-65.000000,-65.000000
128.300000,-65.000000,-65.000000,-65.000000
128.350000,-65.000000,-65.000000,-65.000000
128.400000,-65.000000,-65.000000,-65.000000
128.450000,-65.000000,-65.000000,-65.000000
128.500000,-65.000000,-65.000000,-65.000000
128.550000,-65.000000,-65.000000,-65.000000
128.600000,-65.000000,-65.000000,-65.000000
128.650000,-65.000000,-65.000000,-65.000000
128.700000,-65.000000,-65.000000,-65.000000
128.750000,-65.000000,-65.000000,-65.000000
128.800000,-65.000000,-65.000000,-65.000000
128.850000,-65.000000,-65.000000,-65.000000
128.900000,-65.000000,-65.000000,-65.000000
128.950000,-65.000000,-65.000000,-65.000000
129.000000,-65.000000,-65.000000,-65.000000
129.050000,-65.000000,-65.000000,-65.000000
129.100000,-65.000000,-65.000000,-65.000000
129.150000,-65.000000,-65.000000,-65.000000
129.200000,-65.000000,-65.000000,-65.000000
129.250000,-65.000000,-65.000000,-65.000000
129.300000,-65.000000,-65.000000,-65.000000
129.350000,-65.000000,-65.000000,-65.000000
129.400000,-65.000000,-65.000000,-65.000000
129.450000,-65.000000,-65.000000,-65.000000
129.500000,-65.000000,-65.000000,-65.000000
129.550000,-65.000000,-65.000000,-65.000000
129.600000,-65.000000,-65.000000,-65.000000
129.650000,-65.000000,-65.000000,-65.000000
129.700000,-65.000000,-65.000000,-65.000000
129.750000,-65.000000,-65.000000,-65.000000
129.800000,-65.000000,-65.000000,-65.000000
129.850000,-65.000000,-65.000000,-65.000000
129.900000,-65.000000,-65.000000,-65.000000
129.950000,-65.000000,-65.000000,-65.000000
130.000000,-65.000000,-65.000000,-65.000000
130.050000,-65.000000,-65.000000,-65.000000
130.100000,-65.000000,-65.000000,-65.000000
130.150000,-65.000000,-65.000000,-65.000000
130.200000,-65.000000,-65.000000,-65.000000
130.250000,-65.000000,-65.000000,-65.000000
130.300000,-65.000000,-65.000000,-65.000000
130.350000,-65.000000,-65.000000,-65.000000
130.400000,-65.000000,-65.000000,-65.000000
130.450000,-65.000000,-65.000000,-65.000000
130.500000,-65.000000,-65.000000,-65.000000
130.550000,-65.000000,-65.000000,-65.000000
130.600000,-65.000000,-65.000000,-65.000000
130.650000,-65.000000,-65.000000,-65.000000
130.700000,-65.000000,-65.000000,-65.000000
130.750000,-65.000000,-65.000000,-65.000000
130.800000,-65.000000,-65.000000,-65.000000
130.850000,-65.000000,-65.000000,-65.000000
130.900000,-65.000000,-65.000000,-65.000000
130.950000,-65.000000,-65.000000,-65.000000
131.000000,-65.000000,-65.000000,-65.000000
131.050000,-65.000000,-65.000000,-65.000000
131.100000,-65.000000,-65.000000,-65.000000
131.150000,-65.000000,-65.000000,-65.000000
131.200000,-65.000000,-65.000000,-65.000000
131.250000,-65.000000,-65.000000,-65.000000
131.300000,-65.000000,-65.000000,-65.000000
131.350000,-65.000000,-65.000000,-65.000000
131.400000,-65.000000,-65.000000,-65.000000
131.450000,-65.000000,-65.000000,-65.000000
131.500000,-65.000000,-65.000000,-65.000000
131.550000,-65.000000,-65.000000,-65.000000
131.600000,-65.000000,-65.000000,-65.000000
131.650000,-65.000000,-65.000000,-65.000000
131.700000,-65.000000,-65.000000,-65.000000
131.750000,-65.000000,-65.000000,-65.000000
131.800000,-65.000000,-65.000000,-65.000000
131.850000,-65.000000,-65.000000,-65.000000
131.900000,-65.000000,-65.000000,-65.000000
131.950000,-65.000000,-65.000000,-65.000000
132.000000,-65.000000,-65.000000,-65.000000
132.050000,-65.000000,-65.000000,-65.000000
132.100000,-65.000000,-65.000000,-65.000000
132.150000,-65.000000,-65.000000,-65.000000
132.200000,-65.000000,-65.000000,-65.000000
132.250000,-65.000000,-65.000000,-65.000000
132.300000,-65.000000,-65.000000,-65.000000
132.350000,-65.000000,-65.000000,-65.000000
132.400000,-65.000000,-65.000000,-65.000000
132.450000,-65.000000,-65.000000,-65.000000
132.500000,-65.000000,-65.000000,-65.000000
132.550000,-65.000000,-65.000000,-65.000000
132.600000,-65.000000,-65.000000,-65.000000
132.650000,-65.000000,-65.000000,-65.000000
132.700000,-65.000000,-65.000000,-65.000000
132.750000,-65.000000,-65.000000,-65.000000
132.800000,-65.000000,-65.000000,-65.000000
132.850000,-65.000000,-65.000000,-65.000000
132.900000,-65.000000,-65.000000,-65.000000
132.950000,-65.000000,-65.000000,-65.000000
133.000000,-65.000000,-65.000000,-65.000000
133.050000,-65.000000,-65.000000,-65.000000
133.100000,-65.000000,-65.000000,-65.000000
133.150000,-65.000000,-65.000000,-65.000000
133.200000,-65.000000,-65.000000,-65.000000
133.250000,-65.000000,-65.000000,-65.000000
133.300000,-65.000000,-65.000000,-65.000000
133.350000,-65.000000,-65.000000,-65.000000
133.400000,-65.000000,-65.000000,-65.000000
133.450000,-65.000000,-65.000000,-65.000000
133.500000,-65.000000,-65.000000,-65.000000
133.550000,-65.000000,-65.000000,-65.000000
133.600000,-65.000000,-65.000000,-65.000000
133.650000,-65.000000,-65.000000,-65.000000
133.700000,-65.000000,-65.000000,-65.000000
133.750000,-65.000000,-65.000000,-65.000000
133.800000,-65.000000,-65.000000,-65.000000
133.850000,-65.000000,-65.000000,-65.000000
133.900000,-65.000000,-65.000000,-65.000000
133.950000,-65.000000,-65.000000,-65.000000
134.000000,-65.000000,-65.000000,-65.000000
134.050000,-65.000000,-65.000000,-65.000000
134.100000,-65.000000,-65.000000,-65.000000
134.150000,-65.000000,-65.000000,-65.000000
134.200000,-65.000000,-65.000000,-65.000000
134.250000,-65.000000,-65.000000,-65.000000
134.300000,-65.000000,-65.000000,-65.000000
134.350000,-65.000000,-65.000000,-65.000000
134.400000,-65.000000,-65.000000,-65.000000
134.450000,-65.000000,-65.000000,-65.000000
134.500000,-65.000000,-65.000000,-65.000000
134.550000,-65.000000,-65.000000,-65.000000
134.600000,-65.000000,-65.000000,-65.000000
134.650000,-65.000000,-65.000000,-65.000000
134.700000,-65.000000,-65.000000,-65.000000
134.750000,-65.000000,-65.000000,-65.000000
134.800000,-65.000000,-65.000000,-65.000000
134.850000,-65.000000,-65.000000,-65.000000
134.900000,-65.000000,-65.000000,-65.000000
134.950000,-65.000000,-65.000000,-65.000000
135.000000,-65.000000,-65.000000,-65.000000
135.050000,-65.000000,-65.000000,-65.000000
135.100000,-65.000000,-65.000000,-65.000000
135.150000,-65.000000,-65.000000,-65.000000
135.200000,-65.000000,-65.000000,-65.000000
135.250000,-65.000000,-65.000000,-65.000000
135.300000,-65.000000,-65.000000,-65.000000
135.350000,-65.000000,-65.000000,-65.000000
135.400000,-65.000000,-65.000000,-65.000000
135.450000,-65.000000,-65.000000,-65.000000
135.500000,-65.000000,-65.000000,-65.000000
135.550000,-65.000000,-65.000000,-65.000000
135.600000,-65.000000,-65.000000,-65.000000
135.650000,-65.000000,-65.000000,-65.000000
135.700000,-65.000000,-65.000000,-65.000000
135.750000,-65.000000,-65.000000,-65.000000
135.800000,-65.000000,-65.000000,-65.000000
135.850000,-65.000000,-65.000000,-65.000000
135.900000,-65.000000,-65.000000,-65.000000
135.950000,-65.000000,-65.000000,-65.000000
136.000000,-65.000000,-65.000000,-65.000000
136.050000,-65.000000,-65.000000,-65.000000
136.100000,-65.000000,-65.000000,-65.000000
136.150000,-65.000000,-65.000000,-65.000000
136.200000,-65.000000,-65.000000,-65.000000
136.250000,-65.000000,-65.000000,-65.000000
136.300000,-65.000000,-65.000000,-65.000000
136.350000,-65.000000,-65.000000,-65.000000
136.400000,-65.000000,-65.000000,-65.000000
136.450000,-65.000000,-65.000000,-65.000000
136.500000,-65.000000,-65.000000,-65.000000
136.550000,-65.000000,-65.000000,-65.000000
136.600000,-65.000000,-65.000000,-65.000000
136.650000,-65.000000,-65.000000,-65.000000
136.700000,-65.000000,-65.000000,-65.000000
136.750000,-65.000000,-65.000000,-65.000000
136.800000,-65.000000,-65.000000,-65.000000
136.850000,-65.000000,-65.000000,-65.000000
136.900000,-65.000000,-65.000000,-65.000000
136.950000,-65.000000,-65.000000,-65.000000
137.000000,-65.000000,-65.000000,-65.000000
137.050000,-65.000000,-65.000000,-65.000000
137.100000,-65.000000,-65.000000,-65.000000
137.150000,-65.000000,-65.000000,-65.000000
137.200000,-65.000000,-65.000000,-65.000000
137.250000,-65.000000,-65.000000,-65.000000
137.300000,-65.000000,-65.000000,-65.000000
137.350000,-65.000000,-65.000000,-65.000000
137.400000,-65.000000,-65.000000,-65.000000
137.450000,-65.000000,-65.000000,-65.000000
137.500000,-65.000000,-65.000000,-65.000000
137.550000,-65.000000,-65.000000,-65.000000
137.600000,-65.000000,-65.000000,-65.000000
137.650000,-65.000000,-65.000000,-65.000000
137.700000,-65.000000,-65.000000,-65.000000
137.750000,-65.000000,-65.000000,-65.000000
137.800000,-65.000000,-65.000000,-65.000000
137.850000,-65.000000,-65.000000,-65.000000
137.900000,-65.000000,-65.000000,-65.000000
137.950000,-65.000000,-65.000000,-65.000000
138.000000,-65.000000,-65.000000,-65.000000
138.050000,-65.000000,-65.000000,-65.000000
138.100000,-65.000000,-65.000000,-65.000000
138.150000,-65.000000,-65.000000,-65.000000
138.200000,-65.000000,-65.000000,-65.000000
138.250000,-65.000000,-65.000000,-65.000000
138.300000,-65.000000,-65.000000,-65.000000
138.350000,-65.000000,-65.000000,-65.000000
138.400000,-65.000000,-65.000000,-65.000000
138.450000,-65.000000,-65.000000,-65.000000
138.500000,-65.000000,-65.000000,-65.000000
138.550000,-65.000000,-65.000000,-65.000000
138.600000,-65.000000,-65.000000,-65.000000
138.650000,-65.000000,-65.000000,-65.000000
138.700000,-65.000000,-65.000000,-65.000000
138.750000,-65.000000,-65.000000,-65.000000
138.800000,-65.000000,-65.000000,-65.000000
138.850000,-65.000000,-65.000000,-65.000000
138.900000,-65.000000,-65.000000,-65.000000
138.950000,-65.000000,-65.000000,-65.000000
139.000000,-65.000000,-65.000000,-65.000000
139.050000,-65.000000,-65.000000,-65.000000
139.100000,-65.000000,-65.000000,-65.000000
139.150000,-65.000000,-65.000000,-65.000000
139.200000,-65.000000,-65.000000,-65.000000
139.250000,-65.000000,-65.000000,-65.000000
139.300000,-65.000000,-65.000000,-65.000000
139.350000,-65.000000,-65.000000,-65.000000
139.400000,-65.000000,-65.000000,-65.000000
139.450000,-65.000000,-65.000000,-65.000000
139.500000,-65.000000,-65.000000,-65.000000
139.550000,-65.000000,-65.000000,-65.000000
139.600000,-65.000000,-65.000000,-65.000000
139.650000,-65.000000,-65.000000,-65.000000
139.700000,-65.000000,-65.000000,-65.000000
139.750000,-65.000000,-65.000000,-65.000000
139.800000,-65.000000,-65.000000,-65.000000
139.850000,-65.000000,-65.000000,-65.000000
139.900000,-65.000000,-65.000000,-65.000000
139.950000,-65.000000,-65.000000,-65.000000
140.000000,-65.000000,-65.000000,-65.000000
140.050000,-65.000000,-65.000000,-65.000000
140.100000,-65.000000,-65.000000,-65.000000
140.150000,-65.000000,-65.000000,-65.000000
140.200000,-65.000000,-65.000000,-65.000000
140.250000,-65.000000,-65.000000,-65.000000
140.300000,-65.000000,-65.000000,-65.000000
140.350000,-65.000000,-65.000000,-65.000000
140.400000,-65.000000,-65.000000,-65.000000
140.450000,-65.000000,-65.000000,-65.000000
140.500000,-65.000000,-65.000000,-65.000000
140.550000,-65.000000,-65.000000,-65.000000
140.600000,-65.000000,-65.000000,-65.000000
140.650000,-65.000000,-65.000000,-65.000000
140.700000,-65.000000,-65.000000,-65.000000
140.750000,-65.000000,-65.000000,-65.000000
140.800000,-65.000000,-65.000000,-65.000000
140.850000,-65.000000,-65.000000,-65.000000
140.900000,-65.000000,-65.000000,-65.000000
140.950000,-65.000000,-65.000000,-65.000000
141.000000,-65.000000,-65.000000,-65.000000
141.050000,-65.000000,-65.000000,-65.000000
141.100000,-65.000000,-65.000000,-65.000000
141.150000,-65.000000,-65.000000,-65.000000
141.200000,-65.000000,-65.000000,-65.000000
141.250000,-65.000000,-65.000000,-65.000000
141.300000,-65.000000,-65.000000,-65.000000
141.350000,-65.000000,-65.000000,-65.000000
141.400000,-65.000000,-65.000000,-65.000000
141.450000,-65.000000,-65.000000,-65.000000
141.500000,-65.000000,-65.000000,-65.000000
141.550000,-65.000000,-65.000000,-65.000000
141.600000,-65.000000,-65.000000,-65.000000
141.650000,-65.000000,-65.000000,-65.000000
141.700000,-65.000000,-65.000000,-65.000000
141.750000,-65.000000,-65.000000,-65.000000
141.800000,-65.000000,-65.000000,-65.000000
141.850000,-65.000000,-65.000000,-65.000000
141.900000,-65.000000,-65.000000,-65.000000
141.950000,-65.000000,-65.000000,-65.000000
142.000000,-65.000000,-65.000000,-65.000000
142.050000,-65.000000,-65.000000,-65.000000
142.100000,-65.000000,-65.000000,-65.000000
142.150000,-65.000000,-65.000000,-65.000000
142.200000,-65.000000,-65.000000,-65.000000
142.250000,-65.000000,-65.000000,-65.000000
142.300000,-65.000000,-65.000000,-65.000000
142.350000,-65.000000,-65.000000,-65.000000
142.400000,-65.000000,-65.000000,-65.000000
142.450000,-65.000000,-65.000000,-65.000000
142.500000,-65.000000,-65.000000,-65.000000
142.550000,-65.000000,-65.000000,-65.000000
142.600000,-65.000000,-65.000000,-65.000000
142.650000,-65.000000,-65.000000,-65.000000
142.700000,-65.000000,-65.000000,-65.000000
142.750000,-65.000000,-65.000000,-65.000000
142.800000,-65.000000,-65.000000,-65.000000
142.850000,-65.000000,-65.000000,-65.000000
142.900000,-65.000000,-65.000000,-65.000000
142.950000,-65.000000,-65.000000,-65.000000
143.000000,-65.000000,-65.000000,-65.000000
143.050000,-65.000000,-65.000000,-65.000000
143.100000,-65.000000,-65.000000,-65.000000
143.150000,-65.000000,-65.000000,-65.000000
143.200000,-65.000000,-65.000000,-65.000000
143.250000,-65.000000,-65.000000,-65.000000
143.300000,-65.000000,-65.000000,-65.000000
143.350000,-65.000000,-65.000000,-65.000000
143.400000,-65.000000,-65.000000,-65.000000
143.450000,-65.000000,-65.000000,-65.000000
143.500000,-65.000000,-65.000000,-65.000000
143.550000,-65.000000,-65.000000,-65.000000
143.600000,-65.000000,-65.000000,-65.000000
143.650000,-65.000000,-65.000000,-65.000000
143.700000,-65.000000,-65.000000,-65.000000
143.750000,-65.000000,-65.000000,-65.000000
143.800000,-65.000000,-65.000000,-65.000000
143.850000,-65.000000,-65.000000,-65.000000
143.900000,-65.000000,-65.000000,-65.000000
143.950000,-65.000000,-65.000000,-65.000000
144.000000,-65.000000,-65.000000,-65.000000
144.050000,-65.000000,-65.000000,-65.000000
144.100000,-65.000000,-65.000000,-65.000000
144.150000,-65.000000,-65.000000,-65.000000
144.200000,-65.000000,-65.000000,-65.000000
144.250000,-65.000000,-65.000000,-65.000000
144.300000,-65.000000,-65.000000,-65.000000
144.350000,-65.000000,-65.000000,-65.000000
144.400000,-65.000000,-65.000000,-65.000000
144.450000,-65.000000,-65.000000,-65.000000
144.500000,-65.000000,-65.000000,-65.000000
144.550000,-65.000000,-65.000000,-65.000000
144.600000,-65.000000,-65.000000,-65.000000
144.650000,-65.000000,-65.000000,-65.000000
144.700000,-65.000000,-65.000000,-65.000000
144.750000,-65.000000,-65.000000,-65.000000
144.800000,-65.000000,-65.000000,-65.000000
144.850000,-65.000000,-65.000000,-65.000000
144.900000,-65.000000,-65.000000,-65.000000
144.950000,-65.000000,-65.000000,-65.000000
145.000000,-65.000000,-65.000000,-65.000000
145.050000,-65.000000,-65.000000,-65.000000
145.100000,-65.000000,-65.000000,-65.000000
145.150000,-65.000000,-65.000000,-65.000000
145.200000,-65.000000,-65.000000,-65.000000
145.250000,-65.000000,-65.000000,-65.000000
145.300000,-65.000000,-65.000000,-65.000000
145.350000,-65.000000,-65.000000,-65.000000
145.400000,-65.000000,-65.000000,-65.000000
145.450000,-65.000000,-65.000000,-65.000000
145.500000,-65.000000,-65.000000,-65.000000
145.550000,-65.000000,-65.000000,-65.000000
145.600000,-65.000000,-65.000000,-65.000000
145.650000,-65.000000,-65.000000,-65.000000
145.700000,-65.000000,-65.000000,-65.000000
145.750000,-65.000000,-65.000000,-65.000000
145.800000,-65.000000,-65.000000,-65.000000
145.850000,-65.000000,-65.000000,-65.000000
145.900000,-65.000000,-65.000000,-65.000000
145.950000,-65.000000,-65.000000,-65.000000
146.000000,-65.000000,-65.000000,-65.000000
146.050000,-65.000000,-65.000000,-65.000000
146.100000,-65.000000,-65.000000,-65.000000
146.150000,-65.000000,-65.000000,-65.000000
146.200000,-65.000000,-65.000000,-65.000000
146.250000,-65.000000,-65.000000,-65.000000
146.300000,-65.000000,-65.000000,-65.000000
146.350000,-65.000000,-65.000000,-65.000000
146.400000,-65.000000,-65.000000,-65.000000
146.450000,-65.000000,-65.000000,-65.000000
146.500000,-65.000000,-65.000000,-65.000000
146.550000,-65.000000,-65.000000,-65.000000
146.600000,-65.000000,-65.000000,-65.000000
146.650000,-65.000000,-65.000000,-65.000000
146.700000,-65.000000,-65.000000,-65.000000
146.750000,-65.000000,-65.000000,-65.000000
146.800000,-65.000000,-65.000000,-65.000000
146.850000,-65.000000,-65.000000,-65.000000
146.900000,-65.000000,-65.000000,-65.000000
146.950000,-65.000000,-65.000000,-65.000000
147.000000,-65.000000,-65.000000,-65.000000
147.050000,-65.000000,-65.000000,-65.000000
147.100000,-65.000000,-65.000000,-65.000000
147.150000,-65.000000,-65.000000,-65.000000
147.200000,-65.000000,-65.000000,-65.000000
147.250000,-65.000000,-65.000000,-65.000000
147.300000,-65.000000,-65.000000,-65.000000
147.350000,-65.000000,-65.000000,-65.000000
147.400000,-65.000000,-65.000000,-65.000000
147.450000,-65.000000,-65.000000,-65.000000
147.500000,-65.000000,-65.000000,-65.000000
147.550000,-65.000000,-65.000000,-65.000000
147.600000,-65.000000,-65.000000,-65.000000
147.650000,-65.000000,-65.000000,-65.000000
147.700000,-65.000000,-65.000000,-65.000000
147.750000,-65.000000,-65.000000,-65.000000
147.800000,-65.000000,-65.000000,-65.000000
147.850000,-65.000000,-65.000000,-65.000000
147.900000,-65.000000,-65.000000,-65.000000
147.950000,-65.000000,-65.000000,-65.000000
148.000000,-65.000000,-65.000000,-65.000000
148.050000,-65.000000,-65.000000,-65.000000
148.100000,-65.000000,-65.000000,-65.000000
148.150000,-65.000000,-65.000000,-65.000000
148.200000,-65.000000,-65.000000,-65.000000
148.250000,-65.000000,-65.000000,-65.000000
148.300000,-65.000000,-65.000000,-65.000000
148.350000,-65.000000,-65.000000,-65.000000
148.400000,-65.000000,-65.000000,-65.000000
148.450000,-65.000000,-65.000000,-65.000000
148.500000,-65.000000,-65.000000,-65.000000
148.550000,-65.000000,-65.000000,-65.000000
148.600000,-65.000000,-65.000000,-65.000000
148.650000,-65.000000,-65.000000,-65.000000
148.700000,-65.000000,-65.000000,-65.000000
148.750000,-65.000000,-65.000000,-65.000000
148.800000,-65.000000,-65.000000,-65.000000
148.850000,-65.000000,-65.000000,-65.000000
148.900000,-65.000000,-65.000000,-65.000000
148.950000,-65.000000,-65.000000,-65.000000
149.000000,-65.000000,-65.000000,-65.000000
149.050000,-65.000000,-65.000000,-65.000000
149.100000,-65.000000,-65.000000,-65.000000
149.150000,-65.000000,-65.000000,-65.000000
149.200000,-65.000000,-65.000000,-65.000000
149.250000,-65.000000,-65.000000,-65.000000
149.300000,-65.000000,-65.000000,-65.000000
149.350000,-65.000000,-65.000000,-65.000000
149.400000,-65.000000,-65.000000,-65.000000
149.450000,-65.000000,-65.000000,-65.000000
149.500000,-65.000000,-65.000000,-65.000000
149.550000,-65.000000,-65.000000,-65.000000
149.600000,-65.000000,-65.000000,-65.000000
149.650000,-65.000000,-65.000000,-65.000000
149.700000,-65.000000,-65.000000,-65.000000
149.750000,-65.000000,-65.000000,-65.000000
149.800000,-65.000000,-65.000000,-65.000000
149.850000,-65.000000,-65.000000,-65.000000
149.900000,-65.000000,-65.000000,-65.000000
149.950000,-65.000000,-65.000000,-65.000000
150.000000,-65.000000,-65.000000,-65.000000
150.050000,-65.000000,-65.000000,-65.000000
150.100000,-65.000000,-65.000000,-65.000000
150.150000,-65.000000,-65.000000,-65.000000
150.200000,-65.000000,-65.000000,-65.000000
150.250000,-65.000000,-65.000000,-65.000000
150.300000,-65.000000,-65.000000,-65.000000
150.350000,-65.000000,-65.000000,-65.000000
150.400000,-65.000000,-65.000000,-65.000000
150.450000,-65.000000,-65.000000,-65.000000
150.500000,-65.000000,-65.000000,-65.000000
150.550000,-65.000000,-65.000000,-65.000000
150.600000,-65.000000,-65.000000,-65.000000
150.650000,-65.000000,-65.000000,-65.000000
150.700000,-65.000000,-65.000000,-65.000000
150.750000,-65.000000,-65.000000,-65.000000
150.800000,-65.000000,-65.000000,-65.000000
150.850000,-65.000000,-65.000000,-65.000000
150.900000,-65.000000,-65.000000,-65.000000
150.950000,-65.000000,-65.000000,-65.000000
151.000000,-65.000000,-65.000000,-65.000000
151.050000,-65.000000,-65.000000,-65.000000
151.100000,-65.000000,-65.000000,-65.000000
151.150000,-65.000000,-65.000000,-65.000000
151.200000,-65.000000,-65.000000,-65.000000
151.250000,-65.000000,-65.000000,-65.000000
151.300000,-65.000000,-65.000000,-65.000000
151.350000,-65.000000,-65.000000,-65.000000
151.400000,-65.000000,-65.000000,-65.000000
151.450000,-65.000000,-65.000000,-65.000000
151.500000,-65.000000,-65.000000,-65.000000
151.550000,-65.000000,-65.000000,-65.000000
151.600000,-65.000000,-65.000000,-65.000000
151.650000,-65.000000,-65.000000,-65.000000
151.700000,-65.000000,-65.000000,-65.000000
151.750000,-65.000000,-65.000000,-65.000000
151.800000,-65.000000,-65.000000,-65.000000
151.850000,-65.000000,-65.000000,-65.000000
151.900000,-65.000000,-65.000000,-65.000000
151.950000,-65.000000,-65.000000,-65.000000
152.000000,-65.000000,-65.000000,-65.000000
152.050000,-65.000000,-65.000000,-65.000000
152.100000,-65.000000,-65.000000,-65.000000
152.150000,-65.000000,-65.000000,-65.000000
152.200000,-65.000000,-65.000000,-65.000000
152.250000,-65.000000,-65.000000,-65.000000
152.300000,-65.000000,-65.000000,-65.000000
152.350000,-65.000000,-65.000000,-65.000000
152.400000,-65.000000,-65.000000,-65.000000
152.450000,-65.000000,-65.000000,-65.000000
152.500000,-65.000000,-65.000000,-65.000000
152.550000,-65.000000,-65.000000,-65.000000
152.600000,-65.000000,-65.000000,-65.000000
152.650000,-65.000000,-65.000000,-65.000000
152.700000,-65.000000,-65.000000,-65.000000
152.750000,-65.000000,-65.000000,-65.000000
152.800000,-65.000000,-65.000000,-65.000000
152.850000,-65.000000,-65.000000,-65.000000
152.900000,-65.000000,-65.000000,-65.000000
152.950000,-65.000000,-65.000000,-65.000000
153.000000,-65.000000,-65.000000,-65.000000
153.050000,-65.000000,-65.000000,-65.000000
153.100000,-65.000000,-65.000000,-65.000000
153.150000,-65.000000,-65.000000,-65.000000
153.200000,-65.000000,-65.000000,-65.000000
153.250000,-65.000000,-65.000000,-65.000000
153.300000,-65.000000,-65.000000,-65.000000
153.350000,-65.000000,-65.000000,-65.000000
153.400000,-65.000000,-65.000000,-65.000000
153.450000,-65.000000,-65.000000,-65.000000
153.500000,-65.000000,-65.000000,-65.000000
153.550000,-65.000000,-65.000000,-65.000000
153.600000,-65.000000,-65.000000,-65.000000
153.650000,-65.000000,-65.000000,-65.000000
153.700000,-65.000000,-65.000000,-65.000000
153.750000,-65.000000,-65.000000,-65.000000
153.800000,-65.000000,-65.000000,-65.000000
153.850000,-65.000000,-65.000000,-65.000000
153.900000,-65.000000,-65.000000,-65.000000
153.950000,-65.000000,-65.000000,-65.000000
154.000000,-65.000000,-65.000000,-65.000000
154.050000,-65.000000,-65.000000,-65.000000
154.100000,-65.000000,-65.000000,-65.000000
154.150000,-65.000000,-65.000000,-65.000000
154.200000,-65.000000,-65.000000,-65.000000
154.250000,-65.000000,-65.000000,-65.000000
154.300000,-65.000000,-65.000000,-65.000000
154.350000,-65.000000,-65.000000,-65.000000
154.400000,-65.000000,-65.000000,-65.000000
154.450000,-65.000000,-65.000000,-65.000000
154.500000,-65.000000,-65.000000,-65.000000
154.550000,-65.000000,-65.000000,-65.000000
154.600000,-65.000000,-65.000000,-65.000000
154.650000,-65.000000,-65.000000,-65.000000
154.700000,-65.000000,-65.000000,-65.000000
154.750000,-65.000000,-65.000000,-65.000000
154.800000,-65.000000,-65.000000,-65.000000
154.850000,-65.000000,-65.000000,-65.000000
154.900000,-65.000000,-65.000000,-65.000000
154.950000,-65.000000,-65.000000,-65.000000
155.000000,-65.000000,-65.000000,-65.000000
155.050000,-65.000000,-65.000000,-65.000000
155.100000,-65.000000,-65.000000,-65.000000
155.150000,-65.000000,-65.000000,-65.000000
155.200000,-65.000000,-65.000000,-65.000000
155.250000,-65.000000,-65.000000,-65.000000
155.300000,-65.000000,-65.000000,-65.000000
155.350000,-65.000000,-65.000000,-65.000000
155.400000,-65.000000,-65.000000,-65.000000
155.450000,-65.000000,-65.000000,-65.000000
155.500000,-65.000000,-65.000000,-65.000000
155.550000,-65.000000,-65.000000,-65.000000
155.600000,-65.000000,-65.000000,-65.000000
155.650000,-65.000000,-65.000000,-65.000000
155.700000,-65.000000,-65.000000,-65.000000
155.750000,-65.000000,-65.000000,-65.000000
155.800000,-65.000000,-65.000000,-65.000000
155.850000,-65.000000,-65.000000,-65.000000
155.900000,-65.000000,-65.000000,-65.000000
155.950000,-65.000000,-65.000000,-65.000000
156.000000,-65.000000,-65.000000,-65.000000
156.050000,-65.000000,-65.000000,-65.000000
156.100000,-65.000000,-65.000000,-65.000000
156.150000,-65.000000,-65.000000,-65.000000
156.200000,-65.000000,-65.000000,-65.000000
156.250000,-65.000000,-65.000000,-65.000000
156.300000,-65.000000,-65.000000,-65.000000
156.350000,-65.000000,-65.000000,-65.000000
156.400000,-65.000000,-65.000000,-65.000000
156.450000,-65.000000,-65.000000,-65.000000
156.500000,-65.000000,-65.000000,-65.000000
156.550000,-65.000000,-65.000000,-65.000000
156.600000,-65.000000,-65.000000,-65.000000
156.650000,-65.000000,-65.000000,-65.000000
156.700000,-65.000000,-65.000000,-65.000000
156.750000,-65.000000,-65.000000,-65.000000
156.800000,-65.000000,-65.000000,-65.000000
156.850000,-65.000000,-65.000000,-65.000000
156.900000,-65.000000,-65.000000,-65.000000
156.950000,-65.000000,-65.000000,-65.000000
157.000000,-65.000000,-65.000000,-65.000000
157.050000,-65.000000,-65.000000,-65.000000
157.100000,-65.000000,-65.000000,-65.000000
157.150000,-65.000000,-65.000000,-65.000000
157.200000,-65.000000,-65.000000,-65.000000
157.250000,-65.000000,-65.000000,-65.000000
157.300000,-65.000000,-65.000000,-65.000000
157.350000,-65.000000,-65.000000,-65.000000
157.400000,-65.000000,-65.000000,-65.000000
157.450000,-65.000000,-65.000000,-65.000000
157.500000,-65.000000,-65.000000,-65.000000
157.550000,-65.000000,-65.000000,-65.000000
157.600000,-65.000000,-65.000000,-65.000000
157.650000,-65.000000,-65.000000,-65.000000
157.700000,-65.000000,-65.000000,-65.000000
157.750000,-65.000000,-65.000000,-65.000000
157.800000,-65.000000,-65.000000,-65.000000
157.850000,-65.000000,-65.000000,-65.000000
157.900000,-65.000000,-65.000000,-65.000000
157.950000,-65.000000,-65.000000,-65.000000
158.000000,-65.000000,-65.000000,-65.000000
158.050000,-65.000000,-65.000000,-65.000000
158.100000,-65.000000,-65.000000,-65.000000
158.150000,-65.000000,-65.000000,-65.000000
158.200000,-65.000000,-65.000000,-65.000000
158.250000,-65.000000,-65.000000,-65.000000
158.300000,-65.000000,-65.000000,-65.000000
158.350000,-65.000000,-65.000000,-65.000000
158.400000,-65.000000,-65.000000,-65.000000
158.450000,-65.000000,-65.000000,-65.000000
158.500000,-65.000000,-65.000000,-65.000000
158.550000,-65.000000,-65.000000,-65.000000
158.600000,-65.000000,-65.000000,-65.000000
158.650000,-65.000000,-65.000000,-65.000000
158.700000,-65.000000,-65.000000,-65.000000
158.750000,-65.000000,-65.000000,-65.000000
158.800000,-65.000000,-65.000000,-65.000000
158.850000,-65.000000,-65.000000,-65.000000
158.900000,-65.000000,-65.000000,-65.000000
158.950000,-65.000000,-65.000000,-65.000000
159.000000,-65.000000,-65.000000,-65.000000
159.050000,-65.000000,-65.000000,-65.000000
159.100000,-65.000000,-65.000000,-65.000000
159.150000,-65.000000,-65.000000,-65.000000
159.200000,-65.000000,-65.000000,-65.000000
159.250000,-65.000000,-65.000000,-65.000000
159.300000,-65.000000,-65.000000,-65.000000
159.350000,-65.000000,-65.000000,-65.000000
159.400000,-65.000000,-65.000000,-65.000000
159.450000,-65.000000,-65.000000,-65.000000
159.500000,-65.000000,-65.000000,-65.000000
159.550000,-65.000000,-65.000000,-65.000000
159.600000,-65.000000,-65.000000,-65.000000
159.650000,-65.000000,-65.000000,-65.000000
159.700000,-65.000000,-65.000000,-65.000000
159.750000,-65.000000,-65.000000,-65.000000
159.800000,-65.000000,-65.000000,-65.000000
159.850000,-65.000000,-65.000000,-65.000000
159.900000,-65.000000,-65.000000,-65.000000
159.950000,-65.000000,-65.000000,-65.000000
160.000000,-65.000000,-65.000000,-65.000000
160.050000,-65.000000,-65.000000,-65.000000
160.100000,-65.000000,-65.000000,-65.000000
160.150000,-65.000000,-65.000000,-65.000000
160.200000,-65.000000,-65.000000,-65.000000
160.250000,-65.000000,-65.000000,-65.000000
160.300000,-65.000000,-65.000000,-65.000000
160.350000,-65.000000,-65.000000,-65.000000
160.400000,-65.000000,-65.000000,-65.000000
160.450000,-65.000000,-65.000000,-65.000000
160.500000,-65.000000,-65.000000,-65.000000
160.550000,-65.000000,-65.000000,-65.000000
160.600000,-65.000000,-65.000000,-65.000000
160.650000,-65.000000,-65.000000,-65.000000
160.700000,-65.000000,-65.000000,-65.000000
160.750000,-65.000000,-65.000000,-65.000000
160.800000,-65.000000,-65.000000,-65.000000
160.850000,-65.000000,-65.000000,-65.000000
160.900000,-65.000000,-65.000000,-65.000000
160.950000,-65.000000,-65.000000,-65.000000
161.000000,-65.000000,-65.000000,-65.000000
161.050000,-65.000000,-65.000000,-65.000000
161.100000,-65.000000,-65.000000,-65.000000
161.150000,-65.000000,-65.000000,-65.000000
161.200000,-65.000000,-65.000000,-65.000000
161.250000,-65.000000,-65.000000,-65.000000
161.300000,-65.000000,-65.000000,-65.000000
161.350000,-65.000000,-65.000000,-65.000000
161.400000,-65.000000,-65.000000,-65.000000
161.450000,-65.000000,-65.000000,-65.000000
161.500000,-65.000000,-65.000000,-65.000000
161.550000,-65.000000,-65.000000,-65.000000
161.600000,-65.000000,-65.000000,-65.000000
161.650000,-65.000000,-65.000000,-65.000000
161.700000,-65.000000,-65.000000,-65.000000
161.750000,-65.000000,-65.000000,-65.000000
161.800000,-65.000000,-65.000000,-65.000000
161.850000,-65.000000,-65.000000,-65.000000
161.900000,-65.000000,-65.000000,-65.000000
161.950000,-65.000000,-65.000000,-65.000000
162.000000,-65.000000,-65.000000,-65.000000
162.050000,-65.000000,-65.000000,-65.000000
162.100000,-65.000000,-65.000000,-65.000000
162.150000,-65.000000,-65.000000,-65.000000
162.200000,-65.000000,-65.000000,-65.000000
162.250000,-65.000000,-65.000000,-65.000000
162.300000,-65.000000,-65.000000,-65.000000
162.350000,-65.000000,-65.000000,-65.000000
162.400000,-65.000000,-65.000000,-65.000000
162.450000,-65.000000,-65.000000,-65.000000
162.500000,-65.000000,-65.000000,-65.000000
162.550000,-65.000000,-65.000000,-65.000000
162.600000,-65.000000,-65.000000,-65.000000
162.650000,-65.000000,-65.000000,-65.000000
162.700000,-65.000000,-65.000000,-65.000000
162.750000,-65.000000,-65.000000,-65.000000
162.800000,-65.000000,-65.000000,-65.000000
162.850000,-65.000000,-65.000000,-65.000000
162.900000,-65.000000,-65.000000,-65.000000
162.950000,-65.000000,-65.000000,-65.000000
163.000000,-65.000000,-65.000000,-65.000000
163.050000,-65.000000,-65.000000,-65.000000
163.100000,-65.000000,-65.000000,-65.000000
163.150000,-65.000000,-65.000000,-65.000000
163.200000,-65.000000,-65.000000,-65.000000
163.250000,-65.000000,-65.000000,-65.000000
163.300000,-65.000000,-65.000000,-65.000000
163.350000,-65.000000,-65.000000,-65.000000
163.400000,-65.000000,-65.000000,-65.000000
163.450000,-65.000000,-65.000000,-65.000000
163.500000,-65.000000,-65.000000,-65.000000
163.550000,-65.000000,-65.000000,-65.000000
163.600000,-65.000000,-65.000000,-65.000000
163.650000,-65.000000,-65.000000,-65.000000
163.700000,-65.000000,-65.000000,-65.000000
163.750000,-65.000000,-65.000000,-65.000000
163.800000,-65.000000,-65.000000,-65.000000
163.850000,-65.000000,-65.000000,-65.000000
163.900000,-65.000000,-65.000000,-65.000000
163.950000,-65.000000,-65.000000,-65.000000
164.000000,-65.000000,-65.000000,-65.000000
164.050000,-65.000000,-65.000000,-65.000000
164.100000,-65.000000,-65.000000,-65.000000
164.150000,-65.000000,-65.000000,-65.000000
164.200000,-65.000000,-65.000000,-65.000000
164.250000,-65.000000,-65.000000,-65.000000
164.300000,-65.000000,-65.000000,-65.000000
164.350000,-65.000000,-65.000000,-65.000000
164.400000,-65.000000,-65.000000,-65.000000
164.450000,-65.000000,-65.000000,-65.000000
164.500000,-65.000000,-65.000000,-65.000000
164.550000,-65.000000,-65.000000,-65.000000
164.600000,-65.000000,-65.000000,-65.000000
164.650000,-65.000000,-65.000000,-65.000000
164.700000,-65.000000,-65.000000,-65.000000
164.750000,-65.000000,-65.000000,-65.000000
164.800000,-65.000000,-65.000000,-65.000000
164.850000,-65.000000,-65.000000,-65.000000
164.900000,-65.000000,-65.000000,-65.000000
164.950000,-65.000000,-65.000000,-65.000000
165.000000,-65.000000,-65.000000,-65.000000
165.050000,-65.000000,-65.000000,-65.000000
165.100000,-65.000000,-65.000000,-65.000000
165.150000,-65.000000,-65.000000,-65.000000
165.200000,-65.000000,-65.000000,-65.000000
165.250000,-65.000000,-65.000000,-65.000000
165.300000,-65.000000,-65.000000,-65.000000
165.350000,-65.000000,-65.000000,-65.000000
165.400000,-65.000000,-65.000000,-65.000000
165.450000,-65.000000,-65.000000,-65.000000
165.500000,-65.000000,-65.000000,-65.000000
165.550000,-65.000000,-65.000000,-65.000000
165.600000,-65.000000,-65.000000,-65.000000
165.650000,-65.000000,-65.000000,-65.000000
165.700000,-65.000000,-65.000000,-65.000000
165.750000,-65.000000,-65.000000,-65.000000
165.800000,-65.000000,-65.000000,-65.000000
165.850000,-65.000000,-65.000000,-65.000000
165.900000,-65.000000,-65.000000,-65.000000
165.950000,-65.000000,-65.000000,-65.000000
166.000000,-65.000000,-65.000000,-65.000000
166.050000,-65.000000,-65.000000,-65.000000
166.100000,-65.000000,-65.000000,-65.000000
166.150000,-65.000000,-65.000000,-65.000000
166.200000,-65.000000,-65.000000,-65.000000
166.250000,-65.000000,-65.000000,-65.000000
166.300000,-65.000000,-65.000000,-65.000000
166.350000,-65.000000,-65.000000,-65.000000
166.400000,-65.000000,-65.000000,-65.000000
166.450000,-65.000000,-65.000000,-65.000000
166.500000,-65.000000,-65.000000,-65.000000
166.550000,-65.000000,-65.000000,-65.000000
166.600000,-65.000000,-65.000000,-65.000000
166.650000,-65.000000,-65.000000,-65.000000
166.700000,-65.000000,-65.000000,-65.000000
166.750000,-65.000000,-65.000000,-65.000000
166.800000,-65.000000,-65.000000,-65.000000
166.850000,-65.000000,-65.000000,-65.000000
166.900000,-65.000000,-65.000000,-65.000000
166.950000,-65.000000,-65.000000,-65.000000
167.000000,-65.000000,-65.000000,-65.000000
167.050000,-65.000000,-65.000000,-65.000000
167.100000,-65.000000,-65.000000,-65.000000
167.150000,-65.000000,-65.000000,-65.000000
167.200000,-65.000000,-65.000000,-65.000000
167.250000,-65.000000,-65.000000,-65.000000
167.300000,-65.000000,-65.000000,-65.000000
167.350000,-65.000000,-65.000000,-65.000000
167.400000,-65.000000,-65.000000,-65.000000
167.450000,-65.000000,-65.000000,-65.000000
167.500000,-65.000000,-65.000000,-65.000000
167.550000,-65.000000,-65.000000,-65.000000
167.600000,-65.000000,-65.000000,-65.000000
167.650000,-65.000000,-65.000000,-65.000000
167.700000,-65.000000,-65.000000,-65.000000
167.750000,-65.000000,-65.000000,-65.000000
167.800000,-65.000000,-65.000000,-65.000000
167.850000,-65.000000,-65.000000,-65.000000
167.900000,-65.000000,-65.000000,-65.000000
167.950000,-65.000000,-65.000000,-65.000000
168.000000,-65.000000,-65.000000,-65.000000
168.050000,-65.000000,-65.000000,-65.000000
168.100000,-65.000000,-65.000000,-65.000000
168.150000,-65.000000,-65.000000,-65.000000
168.200000,-65.000000,-65.000000,-65.000000
168.250000,-65.000000,-65.000000,-65.000000
168.300000,-65.000000,-65.000000,-65.000000
168.350000,-65.000000,-65.000000,-65.000000
168.400000,-65.000000,-65.000000,-65.000000
168.450000,-65.000000,-65.000000,-65.000000
168.500000,-65.000000,-65.000000,-65.000000
168.550000,-65.000000,-65.000000,-65.000000
168.600000,-65.000000,-65.000000,-65.000000
168.650000,-65.000000,-65.000000,-65.000000
168.700000,-65.000000,-65.000000,-65.000000
168.750000,-65.000000,-65.000000,-65.000000
168.800000,-65.000000,-65.000000,-65.000000
168.850000,-65.000000,-65.000000,-65.000000
168.900000,-65.000000,-65.000000,-65.000000
168.950000,-65.000000,-65.000000,-65.000000
169.000000,-65.000000,-65.000000,-65.000000
169.050000,-65.000000,-65.000000,-65.000000
169.100000,-65.000000,-65.000000,-65.000000
169.150000,-65.000000,-65.000000,-65.000000
169.200000,-65.000000,-65.000000,-65.000000
169.250000,-65.000000,-65.000000,-65.000000
169.300000,-65.000000,-65.000000,-65.000000
169.350000,-65.000000,-65.000000,-65.000000
169.400000,-65.000000,-65.000000,-65.000000
169.450000,-65.000000,-65.000000,-65.000000
169.500000,-65.000000,-65.000000,-65.000000
169.550000,-65.000000,-65.000000,-65.000000
169.600000,-65.000000,-65.000000,-65.000000
169.650000,-65.000000,-65.000000,-65.000000
169.700000,-65.000000,-65.000000,-65.000000
169.750000,-65.000000,-65.000000,-65.000000
169.800000,-65.000000,-65.000000,-65.000000
169.850000,-65.000000,-65.000000,-65.000000
169.900000,-65.000000,-65.000000,-65.000000
169.950000,-65.000000,-65.000000,-65.000000
170.000000,-65.000000,-65.000000,-65.000000
170.050000,-65.000000,-65.000000,-65.000000
170.100000,-65.000000,-65.000000,-65.000000
170.150000,-65.000000,-65.000000,-65.000000
170.200000,-65.000000,-65.000000,-65.000000
170.250000,-65.000000,-65.000000,-65.000000
170.300000,-65.000000,-65.000000,-65.000000
170.350000,-65.000000,-65.000000,-65.000000
170.400000,-65.000000,-65.000000,-65.000000
170.450000,-65.000000,-65.000000,-65.000000
170.500000,-65.000000,-65.000000,-65.000000
170.550000,-65.000000,-65.000000,-65.000000
170.600000,-65.000000,-65.000000,-65.000000
170.650000,-65.000000,-65.000000,-65.000000
170.700000,-65.000000,-65.000000,-65.000000
170.750000,-65.000000,-65.000000,-65.000000
170.800000,-65.000000,-65.000000,-65.000000
170.850000,-65.000000,-65.000000,-65.000000
170.900000,-65.000000,-65.000000,-65.000000
170.950000,-65.000000,-65.000000,-65.000000
171.000000,-65.000000,-65.000000,-65.000000
171.050000,-65.000000,-65.000000,-65.000000
171.100000,-65.000000,-65.000000,-65.000000
171.150000,-65.000000,-65.000000,-65.000000
171.200000,-65.000000,-65.000000,-65.000000
171.250000,-65.000000,-65.000000,-65.000000
171.300000,-65.000000,-65.000000,-65.000000
171.350000,-65.000000,-65.000000,-65.000000
171.400000,-65.000000,-65.000000,-65.000000
171.450000,-65.000000,-65.000000,-65.000000
171.500000,-65.000000,-65.000000,-65.000000
171.550000,-65.000000,-65.000000,-65.000000
171.600000,-65.000000,-65.000000,-65.000000
171.650000,-65.000000,-65.000000,-65.000000
171.700000,-65.000000,-65.000000,-65.000000
171.750000,-65.000000,-65.000000,-65.000000
171.800000,-65.000000,-65.000000,-65.000000
171.850000,-65.000000,-65.000000,-65.000000
171.900000,-65.000000,-65.000000,-65.000000
171.950000,-65.000000,-65.000000,-65.000000
172.000000,-65.000000,-65.000000,-65.000000
172.050000,-65.000000,-65.000000,-65.000000
172.100000,-65.000000,-65.000000,-65.000000
172.150000,-65.000000,-65.000000,-65.000000
172.200000,-65.000000,-65.000000,-65.000000
172.250000,-65.000000,-65.000000,-65.000000
172.300000,-65.000000,-65.000000,-65.000000
172.350000,-65.000000,-65.000000,-65.000000
172.400000,-65.000000,-65.000000,-65.000000
172.450000,-65.000000,-65.000000,-65.000000
172.500000,-65.000000,-65.000000,-65.000000
172.550000,-65.000000,-65.000000,-65.000000
172.600000,-65.000000,-65.000000,-65.000000
172.650000,-65.000000,-65.000000,-65.000000
172.700000,-65.000000,-65.000000,-65.000000
172.750000,-65.000000,-65.000000,-65.000000
172.800000,-65.000000,-65.000000,-65.000000
172.850000,-65.000000,-65.000000,-65.000000
172.900000,-65.000000,-65.000000,-65.000000
172.950000,-65.000000,-65.000000,-65.000000
173.000000,-65.000000,-65.000000,-65.000000
173.050000,-65.000000,-65.000000,-65.000000
173.100000,-65.000000,-65.000000,-65.000000
173.150000,-65.000000,-65.000000,-65.000000
173.200000,-65.000000,-65.000000,-65.000000
173.250000,-65.000000,-65.000000,-65.000000
173.300000,-65.000000,-65.000000,-65.000000
173.350000,-65.000000,-65.000000,-65.000000
173.400000,-65.000000,-65.000000,-65.000000
173.450000,-65.000000,-65.000000,-65.000000
173.500000,-65.000000,-65.000000,-65.000000
173.550000,-65.000000,-65.000000,-65.000000
173.600000,-65.000000,-65.000000,-65.000000
173.650000,-65.000000,-65.000000,-65.000000
173.700000,-65.000000,-65.000000,-65.000000
173.750000,-65.000000,-65.000000,-65.000000
173.800000,-65.000000,-65.000000,-65.000000
173.850000,-65.000000,-65.000000,-65.000000
173.900000,-65.000000,-65.000000,-65.000000
173.950000,-65.000000,-65.000000,-65.000000
174.000000,-65.000000,-65.000000,-65.000000
174.050000,-65.000000,-65.000000,-65.000000
174.100000,-65.000000,-65.000000,-65.000000
174.150000,-65.000000,-65.000000,-65.000000
174.200000,-65.000000,-65.000000,-65.000000
174.250000,-65.000000,-65.000000,-65.000000
174.300000,-65.000000,-65.000000,-65.000000
174.350000,-65.000000,-65.000000,-65.000000
174.400000,-65.000000,-65.000000,-65.000000
174.450000,-65.000000,-65.000000,-65.000000
174.500000,-65.000000,-65.000000,-65.000000
174.550000,-65.000000,-65.000000,-65.000000
174.600000,-65.000000,-65.000000,-65.000000
174.650000,-65.000000,-65.000000,-65.000000
174.700000,-65.000000,-65.000000,-65.000000
174.750000,-65.000000,-65.000000,-65.000000
174.800000,-65.000000,-65.000000,-65.000000
174.850000,-65.000000,-65.000000,-65.000000
174.900000,-65.000000,-65.000000,-65.000000
174.950000,-65.000000,-65.000000,-65.000000
175.000000,-65.000000,-65.000000,-65.000000
175.050000,-65.000000,-65.000000,-65.000000
175.100000,-65.000000,-65.000000,-65.000000
175.150000,-65.000000,-65.000000,-65.000000
175.200000,-65.000000,-65.000000,-65.000000
175.250000,-65.000000,-65.000000,-65.000000
175.300000,-65.000000,-65.000000,-65.000000
175.350000,-65.000000,-65.000000,-65.000000
175.400000,-65.000000,-65.000000,-65.000000
175.450000,-65.000000,-65.000000,-65.000000
175.500000,-65.000000,-65.000000,-65.000000
175.550000,-65.000000,-65.000000,-65.000000
175.600000,-65.000000,-65.000000,-65.000000
175.650000,-65.000000,-65.000000,-65.000000
175.700000,-65.000000,-65.000000,-65.000000
175.750000,-65.000000,-65.000000,-65.000000
175.800000,-65.000000,-65.000000,-65.000000
175.850000,-65.000000,-65.000000,-65.000000
175.900000,-65.000000,-65.000000,-65.000000
175.950000,-65.000000,-65.000000,-65.000000
176.000000,-65.000000,-65.000000,-65.000000
176.050000,-65.000000,-65.000000,-65.000000
176.100000,-65.000000,-65.000000,-65.000000
176.150000,-65.000000,-65.000000,-65.000000
176.200000,-65.000000,-65.000000,-65.000000
176.250000,-65.000000,-65.000000,-65.000000
176.300000,-65.000000,-65.000000,-65.000000
176.350000,-65.000000,-65.000000,-65.000000
176.400000,-65.000000,-65.000000,-65.000000
176.450000,-65.000000,-65.000000,-65.000000
176.500000,-65.000000,-65.000000,-65.000000
176.550000,-65.000000,-65.000000,-65.000000
176.600000,-65.000000,-65.000000,-65.000000
176.650000,-65.000000,-65.000000,-65.000000
176.700000,-65.000000,-65.000000,-65.000000
176.750000,-65.000000,-65.000000,-65.000000
176.800000,-65.000000,-65.000000,-65.000000
176.850000,-65.000000,-65.000000,-65.000000
176.900000,-65.000000,-65.000000,-65.000000
176.950000,-65.000000,-65.000000,-65.000000
177.000000,-65.000000,-65.000000,-65.000000
177.050000,-65.000000,-65.000000,-65.000000
177.100000,-65.000000,-65.000000,-65.000000
177.150000,-65.000000,-65.000000,-65.000000
177.200000,-65.000000,-65.000000,-65.000000
177.250000,-65.000000,-65.000000,-65.000000
177.300000,-65.000000,-65.000000,-65.000000
177.350000,-65.000000,-65.000000,-65.000000
177.400000,-65.000000,-65.000000,-65.000000
177.450000,-65.000000,-65.000000,-65.000000
177.500000,-65.000000,-65.000000,-65.000000
177.550000,-65.000000,-65.000000,-65.000000
177.600000,-65.000000,-65.000000,-65.000000
177.650000,-65.000000,-65.000000,-65.000000
177.700000,-65.000000,-65.000000,-65.000000
177.750000,-65.000000,-65.000000,-65.000000
177.800000,-65.000000,-65.000000,-65.000000
177.850000,-65.000000,-65.000000,-65.000000
177.900000,-65.000000,-65.000000,-65.000000
177.950000,-65.000000,-65.000000,-65.000000
178.000000,-65.000000,-65.000000,-65.000000
178.050000,-65.000000,-65.000000,-65.000000
178.100000,-65.000000,-65.000000,-65.000000
178.150000,-65.000000,-65.000000,-65.000000
178.200000,-65.000000,-65.000000,-65.000000
178.250000,-65.000000,-65.000000,-65.000000
178.300000,-65.000000,-65.000000,-65.000000
178.350000,-65.000000,-65.000000,-65.000000
178.400000,-65.000000,-65.000000,-65.000000
178.450000,-65.000000,-65.000000,-65.000000
178.500000,-65.000000,-65.000000,-65.000000
178.550000,-65.000000,-65.000000,-65.000000
178.600000,-65.000000,-65.000000,-65.000000
178.650000,-65.000000,-65.000000,-65.000000
178.700000,-65.000000,-65.000000,-65.000000
178.750000,-65.000000,-65.000000,-65.000000
178.800000,-65.000000,-65.000000,-65.000000
178.850000,-65.000000,-65.000000,-65.000000
178.900000,-65.000000,-65.000000,-65.000000
178.950000,-65.000000,-65.000000,-65.000000
179.000000,-65.000000,-65.000000,-65.000000
179.050000,-65.000000,-65.000000,-65.000000
179.100000,-65.000000,-65.000000,-65.000000
179.150000,-65.000000,-65.000000,-65.000000
179.200000,-65.000000,-65.000000,-65.000000
179.250000,-65.000000,-65.000000,-65.000000
179.300000,-65.000000,-65.000000,-65.000000
179.350000,-65.000000,-65.000000,-65.000000
179.400000,-65.000000,-65.000000,-65.000000
179.450000,-65.000000,-65.000000,-65.000000
179.500000,-65.000000,-65.000000,-65.000000
179.550000,-65.000000,-65.000000,-65.000000
179.600000,-65.000000,-65.000000,-65.000000
179.650000,-65.000000,-65.000000,-65.000000
179.700000,-65.000000,-65.000000,-65.000000
179.750000,-65.000000,-65.000000,-65.000000
179.800000,-65.000000,-65.000000,-65.000000
179.850000,-65.000000,-65.000000,-65.000000
179.900000,-65.000000,-65.000000,-65.000000
179.950000,-65.000000,-65.000000,-65.000000
180.000000,-65.000000,-65.000000,-65.000000
180.050000,-65.000000,-65.000000,-65.000000
180.100000,-65.000000,-65.000000,-65.000000
180.150000,-65.000000,-65.000000,-65.000000
180.200000,-65.000000,-65.000000,-65.000000
180.250000,-65.000000,-65.000000,-65.000000
180.300000,-65.000000,-65.000000,-65.000000
180.350000,-65.000000,-65.000000,-65.000000
180.400000,-65.000000,-65.000000,-65.000000
180.450000,-65.000000,-65.000000,-65.000000
180.500000,-65.000000,-65.000000,-65.000000
180.550000,-65.000000,-65.000000,-65.000000
180.600000,-65.000000,-65.000000,-65.000000
180.650000,-65.000000,-65.000000,-65.000000
180.700000,-65.000000,-65.000000,-65.000000
180.750000,-65.000000,-65.000000,-65.000000
180.800000,-65.000000,-65.000000,-65.000000
180.850000,-65.000000,-65.000000,-65.000000
180.900000,-65.000000,-65.000000,-65.000000
180.950000,-65.000000,-65.000000,-65.000000
181.000000,-65.000000,-65.000000,-65.000000
181.050000,-65.000000,-65.000000,-65.000000
181.100000,-65.000000,-65.000000,-65.000000
181.150000,-65.000000,-65.000000,-65.000000
181.200000,-65.000000,-65.000000,-65.000000
181.250000,-65.000000,-65.000000,-65.000000
181.300000,-65.000000,-65.000000,-65.000000
181.350000,-65.000000,-65.000000,-65.000000
181.400000,-65.000000,-65.000000,-65.000000
181.450000,-65.000000,-65.000000,-65.000000
181.500000,-65.000000,-65.000000,-65.000000
181.550000,-65.000000,-65.000000,-65.000000
181.600000,-65.000000,-65.000000,-65.000000
181.650000,-65.000000,-65.000000,-65.000000
181.700000,-65.000000,-65.000000,-65.000000
181.750000,-65.000000,-65.000000,-65.000000
181.800000,-65.000000,-65.000000,-65.000000
181.850000,-65.000000,-65.000000,-65.000000
181.900000,-65.000000,-65.000000,-65.000000
181.950000,-65.000000,-65.000000,-65.000000
182.000000,-65.000000,-65.000000,-65.000000
182.050000,-65.000000,-65.000000,-65.000000
182.100000,-65.000000,-65.000000,-65.000000
182.150000,-65.000000,-65.000000,-65.000000
182.200000,-65.000000,-65.000000,-65.000000
182.250000,-65.000000,-65.000000,-65.000000
182.300000,-65.000000,-65.000000,-65.000000
182.350000,-65.000000,-65.000000,-65.000000
182.400000,-65.000000,-65.000000,-65.000000
182.450000,-65.000000,-65.000000,-65.000000
182.500000,-65.000000,-65.000000,-65.000000
182.550000,-65.000000,-65.000000,-65.000000
182.600000,-65.000000,-65.000000,-65.000000
182.650000,-65.000000,-65.000000,-65.000000
182.700000,-65.000000,-65.000000,-65.000000
182.750000,-65.000000,-65.000000,-65.000000
182.800000,-65.000000,-65.000000,-65.000000
182.850000,-65.000000,-65.000000,-65.000000
182.900000,-65.000000,-65.000000,-65.000000
182.950000,-65.000000,-65.000000,-65.000000
183.000000,-65.000000,-65.000000,-65.000000
183.050000,-65.000000,-65.000000,-65.000000
183.100000,-65.000000,-65.000000,-65.000000
183.150000,-65.000000,-65.000000,-65.000000
183.200000,-65.000000,-65.000000,-65.000000
183.250000,-65.000000,-65.000000,-65.000000
183.300000,-65.000000,-65.000000,-65.000000
183.350000,-65.000000,-65.000000,-65.000000
183.400000,-65.000000,-65.000000,-65.000000
183.450000,-65.000000,-65.000000,-65.000000
183.500000,-65.000000,-65.000000,-65.000000
183.550000,-65.000000,-65.000000,-65.000000
183.600000,-65.000000,-65.000000,-65.000000
183.650000,-65.000000,-65.000000,-65.000000
183.700000,-65.000000,-65.000000,-65.000000
183.750000,-65.000000,-65.000000,-65.000000
183.800000,-65.000000,-65.000000,-65.000000
183.850000,-65.000000,-65.000000,-65.000000
183.900000,-65.000000,-65.000000,-65.000000
183.950000,-65.000000,-65.000000,-65.000000
184.000000,-65.000000,-65.000000,-65.000000
184.050000,-65.000000,-65.000000,-65.000000
184.100000,-65.000000,-65.000000,-65.000000
184.150000,-65.000000,-65.000000,-65.000000
184.200000,-65.000000,-65.000000,-65.000000
184.250000,-65.000000,-65.000000,-65.000000
184.300000,-65.000000,-65.000000,-65.000000
184.350000,-65.000000,-65.000000,-65.000000
184.400000,-65.000000,-65.000000,-65.000000
184.450000,-65.000000,-65.000000,-65.000000
184.500000,-65.000000,-65.000000,-65.000000
184.550000,-65.000000,-65.000000,-65.000000
184.600000,-65.000000,-65.000000,-65.000000
184.650000,-65.000000,-65.000000,-65.000000
184.700000,-65.000000,-65.000000,-65.000000
184.750000,-65.000000,-65.000000,-65.000000
184.800000,-65.000000,-65.000000,-65.000000
184.850000,-65.000000,-65.000000,-65.000000
184.900000,-65.000000,-65.000000,-65.000000
184.950000,-65.000000,-65.000000,-65.000000
185.000000,-65.000000,-65.000000,-65.000000
185.050000,-65.000000,-65.000000,-65.000000
185.100000,-65.000000,-65.000000,-65.000000
185.150000,-65.000000,-65.000000,-65.000000
185.200000,-65.000000,-65.000000,-65.000000
185.250000,-65.000000,-65.000000,-65.000000
185.300000,-65.000000,-65.000000,-65.000000
185.350000,-65.000000,-65.000000,-65.000000
185.400000,-65.000000,-65.000000,-65.000000
185.450000,-65.000000,-65.000000,-65.000000
185.500000,-65.000000,-65.000000,-65.000000
185.550000,-65.000000,-65.000000,-65.000000
185.600000,-65.000000,-65.000000,-65.000000
185.650000,-65.000000,-65.000000,-65.000000
185.700000,-65.000000,-65.000000,-65.000000
185.750000,-65.000000,-65.000000,-65.000000
185.800000,-65.000000,-65.000000,-65.000000
185.850000,-65.000000,-65.000000,-65.000000
185.900000,-65.000000,-65.000000,-65.000000
185.950000,-65.000000,-65.000000,-65.000000
186.000000,-65.000000,-65.000000,-65.000000
186.050000,-65.000000,-65.000000,-65.000000
186.100000,-65.000000,-65.000000,-65.000000
186.150000,-65.000000,-65.000000,-65.000000
186.200000,-65.000000,-65.000000,-65.000000
186.250000,-65.000000,-65.000000,-65.000000
186.300000,-65.000000,-65.000000,-65.000000
186.350000,-65.000000,-65.000000,-65.000000
186.400000,-65.000000,-65.000000,-65.000000
186.450000,-65.000000,-65.000000,-65.000000
186.500000,-65.000000,-65.000000,-65.000000
186.550000,-65.000000,-65.000000,-65.000000
186.600000,-65.000000,-65.000000,-65.000000
186.650000,-65.000000,-65.000000,-65.000000
186.700000,-65.000000,-65.000000,-65.000000
186.750000,-65.000000,-65.000000,-65.000000
186.800000,-65.000000,-65.000000,-65.000000
186.850000,-65.000000,-65.000000,-65.000000
186.900000,-65.000000,-65.000000,-65.000000
186.950000,-65.000000,-65.000000,-65.000000
187.000000,-65.000000,-65.000000,-65.000000
187.050000,-65.000000,-65.000000,-65.000000
187.100000,-65.000000,-65.000000,-65.000000
187.150000,-65.000000,-65.000000,-65.000000
187.200000,-65.000000,-65.000000,-65.000000
187.250000,-65.000000,-65.000000,-65.000000
187.300000,-65.000000,-65.000000,-65.000000
187.350000,-65.000000,-65.000000,-65.000000
187.400000,-65.000000,-65.000000,-65.000000
187.450000,-65.000000,-65.000000,-65.000000
187.500000,-65.000000,-65.000000,-65.000000
187.550000,-65.000000,-65.000000,-65.000000
187.600000,-65.000000,-65.000000,-65.000000
187.650000,-65.000000,-65.000000,-65.000000
187.700000,-65.000000,-65.000000,-65.000000
187.750000,-65.000000,-65.000000,-65.000000
187.800000,-65.000000,-65.000000,-65.000000
187.850000,-65.000000,-65.000000,-65.000000
187.900000,-65.000000,-65.000000,-65.000000
187.950000,-65.000000,-65.000000,-65.000000
188.000000,-65.000000,-65.000000,-65.000000
188.050000,-65.000000,-65.000000,-65.000000
188.100000,-65.000000,-65.000000,-65.000000
188.150000,-65.000000,-65.000000,-65.000000
188.200000,-65.000000,-65.000000,-65.000000
188.250000,-65.000000,-65.000000,-65.000000
188.300000,-65.000000,-65.000000,-65.000000
188.350000,-65.000000,-65.000000,-65.000000
188.400000,-65.000000,-65.000000,-65.000000
188.450000,-65.000000,-65.000000,-65.000000
188.500000,-65.000000,-65.000000,-65.000000
188.550000,-65.000000,-65.000000,-65.000000
188.600000,-65.000000,-65.000000,-65.000000
188.650000,-65.000000,-65.000000,-65.000000
188.700000,-65.000000,-65.000000,-65.000000
188.750000,-65.000000,-65.000000,-65.000000
188.800000,-65.000000,-65.000000,-65.000000
188.850000,-65.000000,-65.000000,-65.000000
188.900000,-65.000000,-65.000000,-65.000000
188.950000,-65.000000,-65.000000,-65.000000
189.000000,-65.000000,-65.000000,-65.000000
189.050000,-65.000000,-65.000000,-65.000000
189.100000,-65.000000,-65.000000,-65.000000
189.150000,-65.000000,-65.000000,-65.000000
189.200000,-65.000000,-65.000000,-65.000000
189.250000,-65.000000,-65.000000,-65.000000
189.300000,-65.000000,-65.000000,-65.000000
189.350000,-65.000000,-65.000000,-65.000000
189.400000,-65.000000,-65.000000,-65.000000
189.450000,-65.000000,-65.000000,-65.000000
189.500000,-65.000000,-65.000000,-65.000000
189.550000,-65.000000,-65.000000,-65.000000
189.600000,-65.000000,-65.000000,-65.000000
189.650000,-65.000000,-65.000000,-65.000000
189.700000,-65.000000,-65.000000,-65.000000
189.750000,-65.000000,-65.000000,-65.000000
189.800000,-65.000000,-65.000000,-65.000000
189.850000,-65.000000,-65.000000,-65.000000
189.900000,-65.000000,-65.000000,-65.000000
189.950000,-65.000000,-65.000000,-65.000000
190.000000,-65.000000,-65.000000,-65.000000
190.050000,-65.000000,-65.000000,-65.000000
190.100000,-65.000000,-65.000000,-65.000000
190.150000,-65.000000,-65.000000,-65.000000
190.200000,-65.000000,-65.000000,-65.000000
190.250000,-65.000000,-65.000000,-65.000000
190.300000,-65.000000,-65.000000,-65.000000
190.350000,-65.000000,-65.000000,-65.000000
190.400000,-65.000000,-65.000000,-65.000000
190.450000,-65.000000,-65.000000,-65.000000
190.500000,-65.000000,-65.000000,-65.000000
190.550000,-65.000000,-65.000000,-65.000000
190.600000,-65.000000,-65.000000,-65.000000
190.650000,-65.000000,-65.000000,-65.000000
190.700000,-65.000000,-65.000000,-65.000000
190.750000,-65.000000,-65.000000,-65.000000
190.800000,-65.000000,-65.000000,-65.000000
190.850000,-65.000000,-65.000000,-65.000000
190.900000,-65.000000,-65.000000,-65.000000
190.950000,-65.000000,-65.000000,-65.000000
191.000000,-65.000000,-65.000000,-65.000000
191.050000,-65.000000,-65.000000,-65.000000
191.100000,-65.000000,-65.000000,-65.000000
191.150000,-65.000000,-65.000000,-65.000000
191.200000,-65.000000,-65.000000,-65.000000
191.250000,-65.000000,-65.000000,-65.000000
191.300000,-65.000000,-65.000000,-65.000000
191.350000,-65.000000,-65.000000,-65.000000
191.400000,-65.000000,-65.000000,-65.000000
191.450000,-65.000000,-65.000000,-65.000000
191.500000,-65.000000,-65.000000,-65.000000
191.550000,-65.000000,-65.000000,-65.000000
191.600000,-65.000000,-65.000000,-65.000000
191.650000,-65.000000,-65.000000,-65.000000
191.700000,-65.000000,-65.000000,-65.000000
191.750000,-65.000000,-65.000000,-65.000000
191.800000,-65.000000,-65.000000,-65.000000
191.850000,-65.000000,-65.000000,-65.000000
191.900000,-65.000000,-65.000000,-65.000000
191.950000,-65.000000,-65.000000,-65.000000
192.000000,-65.000000,-65.000000,-65.000000
192.050000,-65.000000,-65.000000,-65.000000
192.100000,-65.000000,-65.000000,-65.000000
192.150000,-65.000000,-65.000000,-65.000000
192.200000,-65.000000,-65.000000,-65.000000
192.250000,-65.000000,-65.000000,-65.000000
192.300000,-65.000000,-65.000000,-65.000000
192.350000,-65.000000,-65.000000,-65.000000
192.400000,-65.000000,-65.000000,-65.000000
192.450000,-65.000000,-65.000000,-65.000000
192.500000,-65.000000,-65.000000,-65.000000
192.550000,-65.000000,-65.000000,-65.000000
192.600000,-65.000000,-65.000000,-65.000000
192.650000,-65.000000,-65.000000,-65.000000
192.700000,-65.000000,-65.000000,-65.000000
192.750000,-65.000000,-65.000000,-65.000000
192.800000,-65.000000,-65.000000,-65.000000
192.850000,-65.000000,-65.000000,-65.000000
192.900000,-65.000000,-65.000000,-65.000000
192.950000,-65.000000,-65.000000,-65.000000
193.000000,-65.000000,-65.000000,-65.000000
193.050000,-65.000000,-65.000000,-65.000000
193.100000,-65.000000,-65.000000,-65.000000
193.150000,-65.000000,-65.000000,-65.000000
193.200000,-65.000000,-65.000000,-65.000000
193.250000,-65.000000,-65.000000,-65.000000
193.300000,-65.000000,-65.000000,-65.000000
193.350000,-65.000000,-65.000000,-65.000000
193.400000,-65.000000,-65.000000,-65.000000
193.450000,-65.000000,-65.000000,-65.000000
193.500000,-65.000000,-65.000000,-65.000000
193.550000,-65.000000,-65.000000,-65.000000
193.600000,-65.000000,-65.000000,-65.000000
193.650000,-65.000000,-65.000000,-65.000000
193.700000,-65.000000,-65.000000,-65.000000
193.750000,-65.000000,-65.000000,-65.000000
193.800000,-65.000000,-65.000000,-65.000000
193.850000,-65.000000,-65.000000,-65.000000
193.900000,-65.000000,-65.000000,-65.000000
193.950000,-65.000000,-65.000000,-65.000000
194.000000,-65.000000,-65.000000,-65.000000
194.050000,-65.000000,-65.000000,-65.000000
194.100000,-65.000000,-65.000000,-65.000000
194.150000,-65.000000,-65.000000,-65.000000
194.200000,-65.000000,-65.000000,-65.000000
194.250000,-65.000000,-65.000000,-65.000000
194.300000,-65.000000,-65.000000,-65.000000
194.350000,-65.000000,-65.000000,-65.000000
194.400000,-65.000000,-65.000000,-65.000000
194.450000,-65.000000,-65.000000,-65.000000
194.500000,-65.000000,-65.000000,-65.000000
194.550000,-65.000000,-65.000000,-65.000000
194.600000,-65.000000,-65.000000,-65.000000
194.650000,-65.000000,-65.000000,-65.000000
194.700000,-65.000000,-65.000000,-65.000000
194.750000,-65.000000,-65.000000,-65.000000
194.800000,-65.000000,-65.000000,-65.000000
194.850000,-65.000000,-65.000000,-65.000000
194.900000,-65.000000,-65.000000,-65.000000
194.950000,-65.000000,-65.000000,-65.000000
195.000000,-65.000000,-65.000000,-65.000000
195.050000,-65.000000,-65.000000,-65.000000
195.100000,-65.000000,-65.000000,-65.000000
195.150000,-65.000000,-65.000000,-65.000000
195.200000,-65.000000,-65.000000,-65.000000
195.250000,-65.000000,-65.000000,-65.000000
195.300000,-65.000000,-65.000000,-65.000000
195.350000,-65.000000,-65.000000,-65.000000
195.400000,-65.000000,-65.000000,-65.000000
195.450000,-65.000000,-65.000000,-65.000000
195.500000,-65.000000,-65.000000,-65.000000
195.550000,-65.000000,-65.000000,-65.000000
195.600000,-65.000000,-65.000000,-65.000000
195.650000,-65.000000,-65.000000,-65.000000
195.700000,-65.000000,-65.000000,-65.000000
195.750000,-65.000000,-65.000000,-65.000000
195.800000,-65.000000,-65.000000,-65.000000
195.850000,-65.000000,-65.000000,-65.000000
195.900000,-65.000000,-65.000000,-65.000000
195.950000,-65.000000,-65.000000,-65.000000
196.000000,-65.000000,-65.000000,-65.000000
196.050000,-65.000000,-65.000000,-65.000000
196.100000,-65.000000,-65.000000,-65.000000
196.150000,-65.000000,-65.000000,-65.000000
196.200000,-65.000000,-65.000000,-65.000000
196.250000,-65.000000,-65.000000,-65.000000
196.300000,-65.000000,-65.000000,-65.000000
196.350000,-65.000000,-65.000000,-65.000000
196.400000,-65.000000,-65.000000,-65.000000
196.450000,-65.000000,-65.000000,-65.000000
196.500000,-65.000000,-65.000000,-65.000000
196.550000,-65.000000,-65.000000,-65.000000
196.600000,-65.000000,-65.000000,-65.000000
196.650000,-65.000000,-65.000000,-65.000000
196.700000,-65.000000,-65.000000,-65.000000
196.750000,-65.000000,-65.000000,-65.000000
196.800000,-65.000000,-65.000000,-65.000000
196.850000,-65.000000,-65.000000,-65.000000
196.900000,-65.000000,-65.000000,-65.000000
196.950000,-65.000000,-65.000000,-65.000000
197.000000,-65.000000,-65.000000,-65.000000
197.050000,-65.000000,-65.000000,-65.000000
197.100000,-65.000000,-65.000000,-65.000000
197.150000,-65.000000,-65.000000,-65.000000
197.200000,-65.000000,-65.000000,-65.000000
197.250000,-65.000000,-65.000000,-65.000000
197.300000,-65.000000,-65.000000,-65.000000
197.350000,-65.000000,-65.000000,-65.000000
197.400000,-65.000000,-65.000000,-65.000000
197.450000,-65.000000,-65.000000,-65.000000
197.500000,-65.000000,-65.000000,-65.000000
197.550000,-65.000000,-65.000000,-65.000000
197.600000,-65.000000,-65.000000,-65.000000
197.650000,-65.000000,-65.000000,-65.000000
197.700000,-65.000000,-65.000000,-65.000000
197.750000,-65.000000,-65.000000,-65.000000
197.800000,-65.000000,-65.000000,-65.000000
197.850000,-65.000000,-65.000000,-65.000000
197.900000,-65.000000,-65.000000,-65.000000
197.950000,-65.000000,-65.000000,-65.000000
198.000000,-65.000000,-65.000000,-65.000000
198.050000,-65.000000,-65.000000,-65.000000
198.100000,-65.000000,-65.000000,-65.000000
198.150000,-65.000000,-65.000000,-65.000000
198.200000,-65.000000,-65.000000,-65.000000
198.250000,-65.000000,-65.000000,-65.000000
198.300000,-65.000000,-65.000000,-65.000000
198.350000,-65.000000,-65.000000,-65.000000
198.400000,-65.000000,-65.000000,-65.000000
198.450000,-65.000000,-65.000000,-65.000000
198.500000,-65.000000,-65.000000,-65.000000
198.550000,-65.000000,-65.000000,-65.000000
198.600000,-65.000000,-65.000000,-65.000000
198.650000,-65.000000,-65.000000,-65.000000
198.700000,-65.000000,-65.000000,-65.000000
198.750000,-65.000000,-65.000000,-65.000000
198.800000,-65.000000,-65.000000,-65.000000
198.850000,-65.000000,-65.000000,-65.000000
198.900000,-65.000000,-65.000000,-65.000000
198.950000,-65.000000,-65.000000,-65.000000
199.000000,-65.000000,-65.000000,-65.000000
199.050000,-65.000000,-65.000000,-65.000000
199.100000,-65.000000,-65.000000,-65.000000
199.150000,-65.000000,-65.000000,-65.000000
199.200000,-65.000000,-65.000000,-65.000000
199.250000,-65.000000,-65.000000,-65.000000
199.300000,-65.000000,-65.000000,-65.000000
199.350000,-65.000000,-65.000000,-65.000000
199.400000,-65.000000,-65.000000,-65.000000
199.450000,-65.000000,-65.000000,-65.000000
199.500000,-65.000000,-65.000000,-65.000000
199.550000,-65.000000,-65.000000,-65.000000
199.600000,-65.000000,-65.000000,-65.000000
199.650000,-65.000000,-65.000000,-65.000000
199.700000,-65.000000,-65.000000,-65.000000
199.750000,-65.000000,-65.000000,-65.000000
199.800000,-65.000000,-65.000000,-65.000000
199.850000,-65.000000,-65.000000,-65.000000
199.900000,-65.000000,-65.000000,-65.000000
199.950000,-65.000000,-65.000000,-65.000000
200.000000,-65.000000,-65.000000,-65.000000
200.050000,-65.007944,-65.006172,-65.005267
200.100000,-65.013521,-65.011337,-65.010281
200.150000,-65.018134,-65.015773,-65.014736
200.200000,-65.022210,-65.019746,-65.018756
200.250000,-65.025935,-65.023402,-65.022455
200.300000,-65.029405,-65.026826,-65.025912
200.350000,-65.032683,-65.030070,-65.029180
200.400000,-65.035806,-65.033170,-65.032294
200.450000,-65.038803,-65.036150,-65.035282
200.500000,-65.041692,-65.039028,-65.038163
200.550000,-65.044490,-65.041818,-65.040952
200.600000,-65.047207,-65.044532,-65.043660
200.650000,-65.049853,-65.047176,-65.046296
200.700000,-65.052434,-65.049759,-65.048868
200.750000,-65.054958,-65.052286,-65.051382
200.800000,-65.057430,-65.054761,-65.053844
200.850000,-65.059853,-65.057189,-65.056256
200.900000,-65.062231,-65.059574,-65.058625
200.950000,-65.064568,-65.061918,-65.060951
201.000000,-65.066867,-65.064224,-65.063239
201.050000,-65.069130,-65.066495,-65.065492
201.100000,-65.071359,-65.068732,-65.067710
201.150000,-65.073556,-65.070937,-65.069896
201.200000,-65.075723,-65.073113,-65.072053
201.250000,-65.077862,-65.075260,-65.074181
201.300000,-65.079975,-65.077381,-65.076283
201.350000,-65.082061,-65.079476,-65.078358
201.400000,-65.084124,-65.081547,-65.080410
201.450000,-65.086163,-65.083594,-65.082438
201.500000,-65.088180,-65.085620,-65.084445
201.550000,-65.090176,-65.087624,-65.086430
201.600000,-65.092151,-65.089607,-65.088394
201.650000,-65.094108,-65.091571,-65.090340
201.700000,-65.096045,-65.093516,-65.092266
201.750000,-65.097964,-65.095442,-65.094175
201.800000,-65.099866,-65.097352,-65.096066
201.850000,-65.101751,-65.099244,-65.097941
201.900000,-65.103621,-65.101120,-65.099799
201.950000,-65.105474,-65.102980,-65.101642
202.000000,-65.107313,-65.104825,-65.103470
202.050000,-65.109137,-65.106655,-65.105284
202.100000,-65.110946,-65.108471,-65.107083
202.150000,-65.112742,-65.110273,-65.108869
202.200000,-65.114525,-65.112062,-65.110641
202.250000,-65.116295,-65.113837,-65.112401
202.300000,-65.118053,-65.115600,-65.114148
202.350000,-65.119798,-65.117351,-65.115883
202.400000,-65.121532,-65.119090,-65.117607
202.450000,-65.123254,-65.120817,-65.119319
202.500000,-65.124965,-65.122533,-65.121020
202.550000,-65.126665,-65.124237,-65.122710
202.600000,-65.128355,-65.125932,-65.124390
202.650000,-65.130034,-65.127615,-65.126060
202.700000,-65.131704,-65.129289,-65.127719
202.750000,-65.133363,-65.130953,-65.129369
202.800000,-65.135013,-65.132607,-65.131009
202.850000,-65.136654,-65.134251,-65.132640
202.900000,-65.138286,-65.135887,-65.134263
202.950000,-65.139908,-65.137513,-65.135876
203.000000,-65.141523,-65.139131,-65.137481
203.050000,-65.143128,-65.140740,-65.139077
203.100000,-65.144726,-65.142340,-65.140665
203.150000,-65.146315,-65.143933,-65.142245
203.200000,-65.147896,-65.145517,-65.143817
203.250000,-65.149470,-65.147094,-65.145381
203.300000,-65.151036,-65.148663,-65.146938
203.350000,-65.152595,-65.150225,-65.148488
203.400000,-65.154146,-65.151779,-65.150030
203.450000,-65.155691,-65.153326,-65.151566
203.500000,-65.157228,-65.154866,-65.153094
203.550000,-65.158758,-65.156399,-65.154616
203.600000,-65.160282,-65.157925,-65.156130
203.650000,-65.161799,-65.159445,-65.157639
203.700000,-65.163310,-65.160958,-65.159141
203.750000,-65.164815,-65.162465,-65.160637
203.800000,-65.166313,-65.163965,-65.162126
203.850000,-65.167805,-65.165459,-65.163610
203.900000,-65.169291,-65.166948,-65.165087
203.950000,-65.170772,-65.168430,-65.166559
204.000000,-65.172246,-65.169906,-65.168025
204.050000,-65.173715,-65.171377,-65.169486
204.100000,-65.175178,-65.172842,-65.170940
204.150000,-65.176636,-65.174302,-65.172390
204.200000,-65.178088,-65.175756,-65.173834
204.250000,-65.179535,-65.177205,-65.175273
204.300000,-65.180977,-65.178648,-65.176706
204.350000,-65.182414,-65.180087,-65.178135
204.400000,-65.183846,-65.181520,-65.179558
204.450000,-65.185272,-65.182948,-65.180977
204.500000,-65.186694,-65.184372,-65.182391
204.550000,-65.188111,-65.185790,-65.183800
204.600000,-65.189523,-65.187204,-65.185204
204.650000,-65.190931,-65.188613,-65.186603
204.700000,-65.192334,-65.190017,-65.187998
204.750000,-65.193732,-65.191417,-65.189389
204.800000,-65.195126,-65.192812,-65.190775
204.850000,-65.196516,-65.194202,-65.192156
204.900000,-65.197901,-65.195589,-65.193534
204.950000,-65.199281,-65.196971,-65.194907
205.000000,-65.200658,-65.198348,-65.196275
205.050000,-65.202030,-65.199722,-65.197640
205.100000,-65.203398,-65.201091,-65.199001
205.150000,-65.204762,-65.202456,-65.200357
205.200000,-65.206123,-65.203817,-65.201710
205.250000,-65.207479,-65.205175,-65.203058
205.300000,-65.208831,-65.206528,-65.204403
205.350000,-65.210179,-65.207877,-65.205744
205.400000,-65.211523,-65.209222,-65.207081
205.450000,-65.212864,-65.210564,-65.208414
205.500000,-65.214201,-65.211902,-65.209743
205.550000,-65.215534,-65.213236,-65.211069
205.600000,-65.216863,-65.214566,-65.212391
205.650000,-65.218189,-65.215893,-65.213710
205.700000,-65.219512,-65.217216,-65.215025
205.750000,-65.220830,-65.218535,-65.216336
205.800000,-65.222145,-65.219851,-65.217644
205.850000,-65.223457,-65.221164,-65.218949
205.900000,-65.224765,-65.222473,-65.220250
205.950000,-65.226070,-65.223779,-65.221548
206.000000,-65.227372,-65.225081,-65.222842
206.050000,-65.228670,-65.226380,-65.224133
206.100000,-65.229965,-65.227675,-65.225421
206.150000,-65.231256,-65.228968,-65.226706
206.200000,-65.232545,-65.230257,-65.227987
206.250000,-65.233830,-65.231543,-65.229265
206.300000,-65.235112,-65.232825,-65.230540
206.350000,-65.236391,-65.234105,-65.231812
206.400000,-65.237666,-65.235381,-65.233081
206.450000,-65.238939,-65.236654,-65.234347
206.500000,-65.240208,-65.237924,-65.235610
206.550000,-65.241475,-65.239191,-65.236869
206.600000,-65.242738,-65.240455,-65.238126
206.650000,-65.243999,-65.241716,-65.239380
206.700000,-65.245256,-65.242974,-65.240631
206.750000,-65.246511,-65.244230,-65.241879
206.800000,-65.247763,-65.245482,-65.243124
206.850000,-65.249011,-65.246731,-65.244366
206.900000,-65.250257,-65.247977,-65.245605
206.950000,-65.251500,-65.249221,-65.246842
207.000000,-65.252740,-65.250462,-65.248075
207.050000,-65.253978,-65.251699,-65.249306
207.100000,-65.255212,-65.252935,-65.250534
207.150000,-65.256444,-65.254167,-65.251760
207.200000,-65.257673,-65.255396,-65.252982
207.250000,-65.258900,-65.256623,-65.254202
207.300000,-65.260123,-65.257847,-65.255419
207.350000,-65.261344,-65.259069,-65.256634
207.400000,-65.262562,-65.260287,-65.257846
207.450000,-65.263778,-65.261503,-65.259055
207.500000,-65.264991,-65.262717,-65.260262
207.550000,-65.266201,-65.263928,-65.261466
207.600000,-65.267409,-65.265136,-65.262668
207.650000,-65.268614,-65.266341,-65.263867
207.700000,-65.269817,-65.267544,-65.265063
207.750000,-65.271017,-65.268745,-65.266257
207.800000,-65.272215,-65.269943,-65.267448
207.850000,-65.273410,-65.271138,-65.268637
207.900000,-65.274602,-65.272331,-65.269824
207.950000,-65.275792,-65.273521,-65.271008
208.000000,-65.276980,-65.274709,-65.272189
208.050000,-65.278165,-65.275895,-65.273368
208.100000,-65.279347,-65.277078,-65.274545
208.150000,-65.280527,-65.278258,-65.275719
208.200000,-65.281705,-65.279436,-65.276891
208.250000,-65.282881,-65.280612,-65.278060
208.300000,-65.284054,-65.281785,-65.279227
208.350000,-65.285224,-65.282956,-65.280392
208.400000,-65.286392,-65.284125,-65.281554
208.450000,-65.287558,-65.285291,-65.282714
208.500000,-65.288722,-65.286455,-65.283872
208.550000,-65.289883,-65.287616,-65.285027
208.600000,-65.291042,-65.288776,-65.286181
208.650000,-65.292199,-65.289932,-65.287331
208.700000,-65.293353,-65.291087,-65.288480
208.750000,-65.294505,-65.292239,-65.289626
208.800000,-65.295655,-65.293389,-65.290770
208.850000,-65.296802,-65.294537,-65.291912
208.900000,-65.297947,-65.295683,-65.293051
208.950000,-65.299090,-65.296826,-65.294189
209.000000,-65.300231,-65.297967,-65.295324
209.050000,-65.301369,-65.299106,-65.296457
209.100000,-65.302506,-65.300242,-65.297587
209.150000,-65.303640,-65.301377,-65.298716
209.200000,-65.304772,-65.302509,-65.299842
209.250000,-65.305902,-65.303639,-65.300967
209.300000,-65.307029,-65.304766,-65.302089
209.350000,-65.308155,-65.305892,-65.303208
209.400000,-65.309278,-65.307016,-65.304326
209.450000,-65.310399,-65.308137,-65.305442
209.500000,-65.311518,-65.309256,-65.306555
209.550000,-65.312635,-65.310373,-65.307667
209.600000,-65.313749,-65.311488,-65.308776
209.650000,-65.314862,-65.312601,-65.309883
209.700000,-65.315973,-65.313712,-65.310989
209.750000,-65.317081,-65.314821,-65.312092
209.800000,-65.318187,-65.315927,-65.313193
209.850000,-65.319292,-65.317032,-65.314292
209.900000,-65.320394,-65.318134,-65.315388
209.950000,-65.321494,-65.319234,-65.316483
210.000000,-65.322592,-65.320333,-65.317576
210.050000,-65.323688,-65.321429,-65.318667
210.100000,-65.324782,-65.322523,-65.319756
210.150000,-65.325874,-65.323615,-65.320842
210.200000,-65.326964,-65.324706,-65.321927
210.250000,-65.328052,-65.325794,-65.323010
210.300000,-65.329138,-65.326880,-65.324091
210.350000,-65.330222,-65.327964,-65.325170
210.400000,-65.331304,-65.329046,-65.326246
210.450000,-65.332384,-65.330126,-65.327321
210.500000,-65.333462,-65.331205,-65.328394
210.550000,-65.334538,-65.332281,-65.329465
210.600000,-65.335612,-65.333355,-65.330534
210.650000,-65.336684,-65.334427,-65.331601
210.700000,-65.337754,-65.335498,-65.332666
210.750000,-65.338823,-65.336566,-65.333729
210.800000,-65.339889,-65.337633,-65.334791
210.850000,-65.340953,-65.338697,-65.335850
210.900000,-65.342016,-65.339760,-65.336908
210.950000,-65.343076,-65.340820,-65.337963
211.000000,-65.344135,-65.341879,-65.339017
211.050000,-65.345191,-65.342936,-65.340068
211.100000,-65.346246,-65.343991,-65.341118
211.150000,-65.347299,-65.345044,-65.342166
211.200000,-65.348350,-65.346095,-65.343212
211.250000,-65.349399,-65.347144,-65.344257
211.300000,-65.350446,-65.348192,-65.345299
211.350000,-65.351492,-65.349237,-65.346340
211.400000,-65.352535,-65.350281,-65.347378
211.450000,-65.353577,-65.351323,-65.348415
211.500000,-65.354617,-65.352363,-65.349450
211.550000,-65.355655,-65.353401,-65.350483
211.600000,-65.356691,-65.354437,-65.351515
211.650000,-65.357725,-65.355471,-65.352544
211.700000,-65.358757,-65.356504,-65.353572
211.750000,-65.359788,-65.357535,-65.354598
211.800000,-65.360817,-65.358564,-65.355622
211.850000,-65.361844,-65.359591,-65.356644
211.900000,-65.362869,-65.360616,-65.357664
211.950000,-65.363892,-65.361639,-65.358683
212.000000,-65.364914,-65.362661,-65.359700
212.050000,-65.365934,-65.363681,-65.360715
212.100000,-65.366951,-65.364699,-65.361728
212.150000,-65.367968,-65.365715,-65.362740
212.200000,-65.368982,-65.366730,-65.363750
212.250000,-65.369995,-65.367743,-65.364758
212.300000,-65.371005,-65.368754,-65.365764
212.350000,-65.372014,-65.369763,-65.366768
212.400000,-65.373022,-65.370770,-65.367771
212.450000,-65.374027,-65.371776,-65.368772
212.500000,-65.375031,-65.372780,-65.369771
212.550000,-65.376033,-65.373782,-65.370769
212.600000,-65.377033,-65.374782,-65.371765
212.650000,-65.378032,-65.375781,-65.372759
212.700000,-65.379029,-65.376778,-65.373751
212.750000,-65.380024,-65.377773,-65.374742
212.800000,-65.381017,-65.378767,-65.375731
212.850000,-65.382009,-65.379758,-65.376718
212.900000,-65.382999,-65.380749,-65.377704
212.950000,-65.383987,-65.381737,-65.378687
213.000000,-65.384973,-65.382723,-65.379669
213.050000,-65.385958,-65.383708,-65.380650
213.100000,-65.386941,-65.384692,-65.381629
213.150000,-65.387923,-65.385673,-65.382606
213.200000,-65.388902,-65.386653,-65.383581
213.250000,-65.389880,-65.387631,-65.384555
213.300000,-65.390857,-65.388607,-65.385527
213.350000,-65.391831,-65.389582,-65.386497
213.400000,-65.392804,-65.390555,-65.387466
213.450000,-65.393776,-65.391527,-65.388433
213.500000,-65.394745,-65.392497,-65.389398
213.550000,-65.395713,-65.393465,-65.390362
213.600000,-65.396680,-65.394431,-65.391324
213.650000,-65.397644,-65.395396,-65.392285
213.700000,-65.398607,-65.396359,-65.393243
213.750000,-65.399569,-65.397320,-65.394200
213.800000,-65.400528,-65.398280,-65.395156
213.850000,-65.401486,-65.399238,-65.396110
213.900000,-65.402443,-65.400195,-65.397062
213.950000,-65.403398,-65.401150,-65.398013
214.000000,-65.404351,-65.402103,-65.398962
214.050000,-65.405302,-65.403055,-65.399909
214.100000,-65.406252,-65.404005,-65.400855
214.150000,-65.407201,-65.404953,-65.401799
214.200000,-65.408147,-65.405900,-65.402742
214.250000,-65.409092,-65.406845,-65.403683
214.300000,-65.410036,-65.407789,-65.404622
214.350000,-65.410978,-65.408731,-65.405560
214.400000,-65.411918,-65.409671,-65.406497
214.450000,-65.412857,-65.410610,-65.407431
214.500000,-65.413794,-65.411547,-65.408364
214.550000,-65.414729,-65.412483,-65.409296
214.600000,-65.415663,-65.413417,-65.410226
214.650000,-65.416596,-65.414349,-65.411154
214.700000,-65.417526,-65.415280,-65.412081
214.750000,-65.418456,-65.416209,-65.413006
214.800000,-65.419383,-65.417137,-65.413930
214.850000,-65.420309,-65.418063,-65.414852
214.900000,-65.421234,-65.418988,-65.415773
214.950000,-65.422157,-65.419911,-65.416692
215.000000,-65.423078,-65.420832,-65.417609
215.050000,-65.423998,-65.421752,-65.418525
215.100000,-65.424916,-65.422671,-65.419439
215.150000,-65.425833,-65.423587,-65.420352
215.200000,-65.426748,-65.424503,-65.421263
215.250000,-65.427662,-65.425416,-65.422173
215.300000,-65.428574,-65.426329,-65.423082
215.350000,-65.429484,-65.427239,-65.423988
215.400000,-65.430393,-65.428148,-65.424893
215.450000,-65.431301,-65.429056,-65.425797
215.500000,-65.432207,-65.429962,-65.426699
215.550000,-65.433111,-65.430867,-65.427600
215.600000,-65.434014,-65.431770,-65.428499
215.650000,-65.434916,-65.432671,-65.429397
215.700000,-65.435816,-65.433571,-65.430293
215.750000,-65.436714,-65.434470,-65.431188
215.800000,-65.437611,-65.435367,-65.432081
215.850000,-65.438506,-65.436262,-65.432973
215.900000,-65.439400,-65.437156,-65.433863
215.950000,-65.440292,-65.438048,-65.434751
216.000000,-65.441183,-65.438939,-65.435639
216.050000,-65.442073,-65.439829,-65.436524
216.100000,-65.442961,-65.440717,-65.437409
216.150000,-65.443847,-65.441604,-65.438291
216.200000,-65.444732,-65.442489,-65.439173
216.250000,-65.445616,-65.443372,-65.440053
216.300000,-65.446498,-65.444254,-65.440931
216.350000,-65.447378,-65.445135,-65.441808
216.400000,-65.448257,-65.446014,-65.442683
216.450000,-65.449135,-65.446892,-65.443557
216.500000,-65.450011,-65.447768,-65.444430
216.550000,-65.450886,-65.448643,-65.445301
216.600000,-65.451759,-65.449516,-65.446171
216.650000,-65.452631,-65.450388,-65.447039
216.700000,-65.453501,-65.451258,-65.447906
216.750000,-65.454370,-65.452127,-65.448771
216.800000,-65.455237,-65.452995,-65.449635
216.850000,-65.456103,-65.453861,-65.450497
216.900000,-65.456968,-65.454725,-65.451358
216.950000,-65.457831,-65.455588,-65.452218
217.000000,-65.458693,-65.456450,-65.453076
217.050000,-65.459553,-65.457311,-65.453933
217.100000,-65.460412,-65.458169,-65.454788
217.150000,-65.461269,-65.459027,-65.455642
217.200000,-65.462125,-65.459883,-65.456495
217.250000,-65.462979,-65.460738,-65.457346
217.300000,-65.463833,-65.461591,-65.458196
217.350000,-65.464684,-65.462443,-65.459044
217.400000,-65.465535,-65.463293,-65.459891
217.450000,-65.466383,-65.464142,-65.460736
217.500000,-65.467231,-65.464989,-65.461580
217.550000,-65.468077,-65.465836,-65.462423
217.600000,-65.468922,-65.466680,-65.463264
217.650000,-65.469765,-65.467524,-65.464104
217.700000,-65.470607,-65.468366,-65.464943
217.750000,-65.471447,-65.469206,-65.465780
217.800000,-65.472286,-65.470045,-65.466616
217.850000,-65.473124,-65.470883,-65.467450
217.900000,-65.473961,-65.471720,-65.468283
217.950000,-65.474795,-65.472555,-65.469115
218.000000,-65.475629,-65.473388,-65.469945
218.050000,-65.476461,-65.474221,-65.470774
218.100000,-65.477292,-65.475051,-65.471601
218.150000,-65.478121,-65.475881,-65.472428
218.200000,-65.478950,-65.476709,-65.473252
218.250000,-65.479776,-65.477536,-65.474076
218.300000,-65.480602,-65.478361,-65.474898
218.350000,-65.481426,-65.479185,-65.475719
218.400000,-65.482248,-65.480008,-65.476538
218.450000,-65.483070,-65.480829,-65.477356
218.500000,-65.483889,-65.481649,-65.478173
218.550000,-65.484708,-65.482468,-65.478988
218.600000,-65.485525,-65.483285,-65.479802
218.650000,-65.486341,-65.484101,-65.480615
218.700000,-65.487156,-65.484916,-65.481426
218.750000,-65.487969,-65.485729,-65.482236
218.800000,-65.488781,-65.486541,-65.483045
218.850000,-65.489591,-65.487352,-65.483852
218.900000,-65.490400,-65.488161,-65.484658
218.950000,-65.491208,-65.488969,-65.485463
219.000000,-65.492015,-65.489775,-65.486267
219.050000,-65.492820,-65.490581,-65.487069
219.100000,-65.493624,-65.491385,-65.487869
219.150000,-65.494426,-65.492187,-65.488669
219.200000,-65.495228,-65.492989,-65.489467
219.250000,-65.496028,-65.493789,-65.490264
219.300000,-65.496826,-65.494587,-65.491059
219.350000,-65.497624,-65.495385,-65.491854
219.400000,-65.498420,-65.496181,-65.492647
219.450000,-65.499214,-65.496975,-65.493438
219.500000,-65.500008,-65.497769,-65.494229
219.550000,-65.500800,-65.498561,-65.495018
219.600000,-65.501591,-65.499352,-65.495805
219.650000,-65.502380,-65.500141,-65.496592
219.700000,-65.503168,-65.500930,-65.497377
219.750000,-65.503955,-65.501717,-65.498161
219.800000,-65.504741,-65.502502,-65.498944
219.850000,-65.505525,-65.503287,-65.499725
219.900000,-65.506308,-65.504070,-65.500505
219.950000,-65.507090,-65.504852,-65.501284
220.000000,-65.507870,-65.505632,-65.502061
220.050000,-65.508650,-65.506412,-65.502838
220.100000,-65.509428,-65.507190,-65.503613
220.150000,-65.510204,-65.507966,-65.504386
220.200000,-65.510980,-65.508742,-65.505159
220.250000,-65.511754,-65.509516,-65.505930
220.300000,-65.512527,-65.510289,-65.506700
220.350000,-65.513298,-65.511061,-65.507469
220.400000,-65.514068,-65.511831,-65.508236
220.450000,-65.514838,-65.512600,-65.509002
220.500000,-65.515605,-65.513368,-65.509767
220.550000,-65.516372,-65.514135,-65.510531
220.600000,-65.517137,-65.514900,-65.511293
220.650000,-65.517901,-65.515664,-65.512054
220.700000,-65.518664,-65.516427,-65.512814
220.750000,-65.519426,-65.517189,-65.513573
220.800000,-65.520186,-65.517949,-65.514331
220.850000,-65.520945,-65.518708,-65.515087
220.900000,-65.521703,-65.519466,-65.515842
220.950000,-65.522460,-65.520223,-65.516596
221.000000,-65.523215,-65.520978,-65.517348
221.050000,-65.523969,-65.521732,-65.518100
221.100000,-65.524722,-65.522485,-65.518850
221.150000,-65.525474,-65.523237,-65.519599
221.200000,-65.526224,-65.523988,-65.520346
221.250000,-65.526973,-65.524737,-65.521093
221.300000,-65.527722,-65.525485,-65.521838
221.350000,-65.528468,-65.526232,-65.522582
221.400000,-65.529214,-65.526978,-65.523325
221.450000,-65.529958,-65.527722,-65.524067
221.500000,-65.530701,-65.528465,-65.524807
221.550000,-65.531443,-65.529207,-65.525546
221.600000,-65.532184,-65.529948,-65.526284
221.650000,-65.532924,-65.530688,-65.527021
221.700000,-65.533662,-65.531426,-65.527757
221.750000,-65.534399,-65.532163,-65.528491
221.800000,-65.535135,-65.532899,-65.529224
221.850000,-65.535870,-65.533634,-65.529956
221.900000,-65.536603,-65.534368,-65.530687
221.950000,-65.537336,-65.535100,-65.531417
222.000000,-65.538067,-65.535831,-65.532145
222.050000,-65.538797,-65.536561,-65.532873
222.100000,-65.539526,-65.537290,-65.533599
222.150000,-65.540253,-65.538018,-65.534324
222.200000,-65.540980,-65.538744,-65.535048
222.250000,-65.541705,-65.539470,-65.535770
222.300000,-65.542429,-65.540194,-65.536492
222.350000,-65.543152,-65.540917,-65.537212
222.400000,-65.543874,-65.541639,-65.537931
222.450000,-65.544594,-65.542359,-65.538649
222.500000,-65.545314,-65.543079,-65.539366
222.550000,-65.546032,-65.543797,-65.540082
222.600000,-65.546749,-65.544514,-65.540796
222.650000,-65.547465,-65.545230,-65.541509
222.700000,-65.548180,-65.545945,-65.542221
222.750000,-65.548893,-65.546658,-65.542932
222.800000,-65.549606,-65.547371,-65.543642
222.850000,-65.550317,-65.548082,-65.544351
222.900000,-65.551027,-65.548792,-65.545059
222.950000,-65.551736,-65.549501,-65.545765
223.000000,-65.552444,-65.550209,-65.546470
223.050000,-65.553151,-65.550916,-65.547174
223.100000,-65.553856,-65.551622,-65.547877
223.150000,-65.554560,-65.552326,-65.548579
223.200000,-65.555264,-65.553029,-65.549280
223.250000,-65.555966,-65.553731,-65.549980
223.300000,-65.556667,-65.554432,-65.550678
223.350000,-65.557367,-65.555132,-65.551375
223.400000,-65.558065,-65.555831,-65.552072
223.450000,-65.558763,-65.556529,-65.552767
223.500000,-65.559459,-65.557225,-65.553461
223.550000,-65.560155,-65.557921,-65.554154
223.600000,-65.560849,-65.558615,-65.554845
223.650000,-65.561542,-65.559308,-65.555536
223.700000,-65.562234,-65.560000,-65.556225
223.750000,-65.562925,-65.560691,-65.556914
223.800000,-65.563614,-65.561381,-65.557601
223.850000,-65.564303,-65.562069,-65.558287
223.900000,-65.564990,-65.562757,-65.558972
223.950000,-65.565677,-65.563443,-65.559656
224.000000,-65.566362,-65.564128,-65.560339
224.050000,-65.567046,-65.564813,-65.561021
224.100000,-65.567729,-65.565496,-65.561701
224.150000,-65.568411,-65.566178,-65.562381
224.200000,-65.569092,-65.566859,-65.563059
224.250000,-65.569772,-65.567538,-65.563737
224.300000,-65.570451,-65.568217,-65.564413
224.350000,-65.571128,-65.568895,-65.565088
224.400000,-65.571805,-65.569571,-65.565762
224.450000,-65.572480,-65.570247,-65.566435
224.500000,-65.573154,-65.570921,-65.567107
224.550000,-65.573827,-65.571594,-65.567778
224.600000,-65.574500,-65.572266,-65.568448
224.650000,-65.575171,-65.572938,-65.569117
224.700000,-65.575840,-65.573608,-65.569784
224.750000,-65.576509,-65.574276,-65.570451
224.800000,-65.577177,-65.574944,-65.571116
224.850000,-65.577844,-65.575611,-65.571781
224.900000,-65.578509,-65.576277,-65.572444
224.950000,-65.579174,-65.576941,-65.573106
225.000000,-65.579838,-65.577605,-65.573767
225.050000,-65.580500,-65.578267,-65.574428
225.100000,-65.581161,-65.578929,-65.575087
225.150000,-65.581822,-65.579589,-65.575745
225.200000,-65.582481,-65.580248,-65.576402
225.250000,-65.583139,-65.580907,-65.577058
225.300000,-65.583796,-65.581564,-65.577712
225.350000,-65.584452,-65.582220,-65.578366
225.400000,-65.585107,-65.582875,-65.579019
225.450000,-65.585761,-65.583529,-65.579671
225.500000,-65.586414,-65.584182,-65.580321
225.550000,-65.587066,-65.584834,-65.580971
225.600000,-65.587717,-65.585484,-65.581619
225.650000,-65.588366,-65.586134,-65.582267
225.700000,-65.589015,-65.586783,-65.582913
225.750000,-65.589663,-65.587431,-65.583559
225.800000,-65.590309,-65.588077,-65.584203
225.850000,-65.590955,-65.588723,-65.584847
225.900000,-65.591599,-65.589368,-65.585489
225.950000,-65.592243,-65.590011,-65.586130
226.000000,-65.592885,-65.590654,-65.586771
226.050000,-65.593527,-65.591295,-65.587410
226.100000,-65.594167,-65.591936,-65.588048
226.150000,-65.594807,-65.592575,-65.588685
226.200000,-65.595445,-65.593213,-65.589321
226.250000,-65.596082,-65.593851,-65.589957
226.300000,-65.596719,-65.594487,-65.590591
226.350000,-65.597354,-65.595122,-65.591224
226.400000,-65.597988,-65.595757,-65.591856
226.450000,-65.598621,-65.596390,-65.592487
226.500000,-65.599254,-65.597022,-65.593117
226.550000,-65.599885,-65.597653,-65.593746
226.600000,-65.600515,-65.598284,-65.594374
226.650000,-65.601144,-65.598913,-65.595001
226.700000,-65.601772,-65.599541,-65.595627
226.750000,-65.602399,-65.600168,-65.596252
226.800000,-65.603026,-65.600794,-65.596876
226.850000,-65.603651,-65.601420,-65.597500
226.900000,-65.604275,-65.602044,-65.598122
226.950000,-65.604898,-65.602667,-65.598743
227.000000,-65.605520,-65.603289,-65.599363
227.050000,-65.606141,-65.603910,-65.599982
227.100000,-65.606762,-65.604531,-65.600600
227.150000,-65.607381,-65.605150,-65.601217
227.200000,-65.607999,-65.605768,-65.601833
227.250000,-65.608616,-65.606385,-65.602448
227.300000,-65.609232,-65.607001,-65.603062
227.350000,-65.609847,-65.607617,-65.603675
227.400000,-65.610462,-65.608231,-65.604288
227.450000,-65.611075,-65.608844,-65.604899
227.500000,-65.611687,-65.609457,-65.605509
227.550000,-65.612298,-65.610068,-65.606118
227.600000,-65.612909,-65.610678,-65.606727
227.650000,-65.613518,-65.611288,-65.607334
227.700000,-65.614126,-65.611896,-65.607940
227.750000,-65.614734,-65.612503,-65.608546
227.800000,-65.615340,-65.613110,-65.609150
227.850000,-65.615945,-65.613715,-65.609753
227.900000,-65.616550,-65.614320,-65.610356
227.950000,-65.617153,-65.614923,-65.610957
228.000000,-65.617756,-65.615526,-65.611558
228.050000,-65.618357,-65.616127,-65.612157
228.100000,-65.618958,-65.616728,-65.612756
228.150000,-65.619558,-65.617328,-65.613354
228.200000,-65.620156,-65.617926,-65.613950
228.250000,-65.620754,-65.618524,-65.614546
228.300000,-65.621351,-65.619121,-65.615141
228.350000,-65.621947,-65.619717,-65.615735
228.400000,-65.622541,-65.620312,-65.616328
228.450000,-65.623135,-65.620906,-65.616920
228.500000,-65.623728,-65.621498,-65.617511
228.550000,-65.624320,-65.622091,-65.618101
228.600000,-65.624911,-65.622682,-65.618690
228.650000,-65.625501,-65.623272,-65.619278
228.700000,-65.626091,-65.623861,-65.619865
228.750000,-65.626679,-65.624449,-65.620452
228.800000,-65.627266,-65.625037,-65.621037
228.850000,-65.627852,-65.625623,-65.621621
228.900000,-65.628438,-65.626208,-65.622205
228.950000,-65.629022,-65.626793,-65.622787
229.000000,-65.629606,-65.627376,-65.623369
229.050000,-65.630188,-65.627959,-65.623950
229.100000,-65.630770,-65.628541,-65.624530
229.150000,-65.631351,-65.629122,-65.625109
229.200000,-65.631931,-65.629701,-65.625686
229.250000,-65.632510,-65.630280,-65.626263
229.300000,-65.633088,-65.630858,-65.626840
229.350000,-65.633665,-65.631435,-65.627415
229.400000,-65.634241,-65.632012,-65.627989
229.450000,-65.634816,-65.632587,-65.628562
229.500000,-65.635390,-65.633161,-65.629135
229.550000,-65.635964,-65.633735,-65.629706
229.600000,-65.636536,-65.634307,-65.630277
229.650000,-65.637108,-65.634879,-65.630847
229.700000,-65.637678,-65.635449,-65.631416
229.750000,-65.638248,-65.636019,-65.631983
229.800000,-65.638817,-65.636588,-65.632550
229.850000,-65.639385,-65.637156,-65.633117
229.900000,-65.639952,-65.637723,-65.633682
229.950000,-65.640518,-65.638289,-65.634246
230.000000,-65.641083,-65.638854,-65.634809
230.050000,-65.641647,-65.639419,-65.635372
230.100000,-65.642211,-65.639982,-65.635933
230.150000,-65.642773,-65.640545,-65.636494
230.200000,-65.643335,-65.641106,-65.637054
230.250000,-65.643895,-65.641667,-65.637613
230.300000,-65.644455,-65.642227,-65.638171
230.350000,-65.645014,-65.642786,-65.638728
230.400000,-65.645572,-65.643344,-65.639284
230.450000,-65.646129,-65.643901,-65.639840
230.500000,-65.646686,-65.644457,-65.640394
230.550000,-65.647241,-65.645013,-65.640948
230.600000,-65.647795,-65.645567,-65.641501
230.650000,-65.648349,-65.646121,-65.642052
230.700000,-65.648902,-65.646674,-65.642603
230.750000,-65.649454,-65.647225,-65.643153
230.800000,-65.650005,-65.647776,-65.643703
230.850000,-65.650555,-65.648327,-65.644251
230.900000,-65.651104,-65.648876,-65.644799
230.950000,-65.651652,-65.649424,-65.645345
231.000000,-65.652200,-65.649972,-65.645891
231.050000,-65.652746,-65.650518,-65.646436
231.100000,-65.653292,-65.651064,-65.646980
231.150000,-65.653837,-65.651609,-65.647523
231.200000,-65.654381,-65.652153,-65.648065
231.250000,-65.654924,-65.652696,-65.648607
231.300000,-65.655466,-65.653238,-65.649147
231.350000,-65.656008,-65.653780,-65.649687
231.400000,-65.656548,-65.654320,-65.650226
231.450000,-65.657088,-65.654860,-65.650764
231.500000,-65.657627,-65.655399,-65.651301
231.550000,-65.658165,-65.655937,-65.651837
231.600000,-65.658702,-65.656474,-65.652373
231.650000,-65.659238,-65.657010,-65.652907
231.700000,-65.659773,-65.657546,-65.653441
231.750000,-65.660308,-65.658080,-65.653974
231.800000,-65.660841,-65.658614,-65.654506
231.850000,-65.661374,-65.659147,-65.655037
231.900000,-65.661906,-65.659679,-65.655567
231.950000,-65.662437,-65.660210,-65.656097
232.000000,-65.662968,-65.660740,-65.656625
232.050000,-65.663497,-65.661270,-65.657153
232.100000,-65.664026,-65.661799,-65.657680
232.150000,-65.664554,-65.662326,-65.658206
232.200000,-65.665081,-65.662853,-65.658732
232.250000,-65.665607,-65.663379,-65.659256
232.300000,-65.666132,-65.663905,-65.659780
232.350000,-65.666656,-65.664429,-65.660303
232.400000,-65.667180,-65.664953,-65.660825
232.450000,-65.667703,-65.665476,-65.661346
232.500000,-65.668225,-65.665998,-65.661866
232.550000,-65.668746,-65.666519,-65.662386
232.600000,-65.669266,-65.667039,-65.662904
232.650000,-65.669786,-65.667559,-65.663422
232.700000,-65.670304,-65.668077,-65.663939
232.750000,-65.670822,-65.668595,-65.664456
232.800000,-65.671339,-65.669112,-65.664971
232.850000,-65.671855,-65.669628,-65.665486
232.900000,-65.672371,-65.670144,-65.665999
232.950000,-65.672885,-65.670658,-65.666512
233.000000,-65.673399,-65.671172,-65.667024
233.050000,-65.673912,-65.671685,-65.667536
233.100000,-65.674424,-65.672197,-65.668046
233.150000,-65.674935,-65.672708,-65.668556
233.200000,-65.675446,-65.673219,-65.669065
233.250000,-65.675955,-65.673729,-65.669573
233.300000,-65.676464,-65.674237,-65.670080
233.350000,-65.676972,-65.674746,-65.670587
233.400000,-65.677479,-65.675253,-65.671093
233.450000,-65.677986,-65.675759,-65.671597
233.500000,-65.678491,-65.676265,-65.672102
233.550000,-65.678996,-65.676770,-65.672605
233.600000,-65.679500,-65.677274,-65.673107
233.650000,-65.680003,-65.677777,-65.673609
233.700000,-65.680506,-65.678280,-65.674110
233.750000,-65.681008,-65.678781,-65.674610
233.800000,-65.681508,-65.679282,-65.675109
233.850000,-65.682008,-65.679782,-65.675608
233.900000,-65.682508,-65.680281,-65.676106
233.950000,-65.683006,-65.680780,-65.676603
234.000000,-65.683504,-65.681278,-65.677099
234.050000,-65.684001,-65.681775,-65.677594
234.100000,-65.684497,-65.682271,-65.678089
234.150000,-65.684992,-65.682766,-65.678583
234.200000,-65.685487,-65.683261,-65.679076
234.250000,-65.685980,-65.683754,-65.679568
234.300000,-65.686473,-65.684247,-65.680059
234.350000,-65.686965,-65.684739,-65.680550
234.400000,-65.687457,-65.685231,-65.681040
234.450000,-65.687947,-65.685722,-65.681529
234.500000,-65.688437,-65.686211,-65.682018
234.550000,-65.688926,-65.686701,-65.682505
234.600000,-65.689415,-65.687189,-65.682992
234.650000,-65.689902,-65.687676,-65.683478
234.700000,-65.690389,-65.688163,-65.683964
234.750000,-65.690875,-65.688649,-65.684448
234.800000,-65.691360,-65.689134,-65.684932
234.850000,-65.691845,-65.689619,-65.685415
234.900000,-65.692328,-65.690103,-65.685897
234.950000,-65.692811,-65.690586,-65.686379
235.000000,-65.693293,-65.691068,-65.686859
235.050000,-65.693775,-65.691549,-65.687339
235.100000,-65.694255,-65.692030,-65.687818
235.150000,-65.694735,-65.692510,-65.688297
235.200000,-65.695214,-65.692989,-65.688775
235.250000,-65.695693,-65.693467,-65.689252
235.300000,-65.696170,-65.693945,-65.689728
235.350000,-65.696647,-65.694422,-65.690203
235.400000,-65.697123,-65.694898,-65.690678
235.450000,-65.697599,-65.695373,-65.691152
235.500000,-65.698073,-65.695848,-65.691625
235.550000,-65.698547,-65.696322,-65.692097
235.600000,-65.699020,-65.696795,-65.692569
235.650000,-65.699492,-65.697267,-65.693040
235.700000,-65.699964,-65.697739,-65.693510
235.750000,-65.700435,-65.698210,-65.693980
235.800000,-65.700905,-65.698680,-65.694448
235.850000,-65.701374,-65.699149,-65.694916
235.900000,-65.701843,-65.699618,-65.695384
235.950000,-65.702311,-65.700086,-65.695850
236.000000,-65.702778,-65.700553,-65.696316
236.050000,-65.703244,-65.701019,-65.696781
236.100000,-65.703710,-65.701485,-65.697245
236.150000,-65.704175,-65.701950,-65.697709
236.200000,-65.704639,-65.702414,-65.698172
236.250000,-65.705102,-65.702878,-65.698634
236.300000,-65.705565,-65.703340,-65.699095
236.350000,-65.706027,-65.703802,-65.699556
236.400000,-65.706488,-65.704264,-65.700016
236.450000,-65.706949,-65.704724,-65.700475
236.500000,-65.707409,-65.705184,-65.700933
236.550000,-65.707868,-65.705643,-65.701391
236.600000,-65.708326,-65.706101,-65.701848
236.650000,-65.708784,-65.706559,-65.702304
236.700000,-65.709241,-65.707016,-65.702760
236.750000,-65.709697,-65.707472,-65.703215
236.800000,-65.710152,-65.707928,-65.703669
236.850000,-65.710607,-65.708383,-65.704122
236.900000,-65.711061,-65.708837,-65.704575
236.950000,-65.711515,-65.709290,-65.705027
237.000000,-65.711967,-65.709743,-65.705478
237.050000,-65.712419,-65.710194,-65.705929
237.100000,-65.712870,-65.710646,-65.706379
237.150000,-65.713321,-65.711096,-65.706828
237.200000,-65.713770,-65.711546,-65.707277
237.250000,-65.714219,-65.711995,-65.707724
237.300000,-65.714668,-65.712443,-65.708171
237.350000,-65.715115,-65.712891,-65.708618
237.400000,-65.715562,-65.713338,-65.709063
237.450000,-65.716009,-65.713784,-65.709508
237.500000,-65.716454,-65.714230,-65.709952
237.550000,-65.716899,-65.714675,-65.710396
237.600000,-65.717343,-65.715119,-65.710839
237.650000,-65.717786,-65.715562,-65.711281
237.700000,-65.718229,-65.716005,-65.711722
237.750000,-65.718671,-65.716447,-65.712163
237.800000,-65.719112,-65.716888,-65.712603
237.850000,-65.719553,-65.717329,-65.713043
237.900000,-65.719993,-65.717769,-65.713481
237.950000,-65.720432,-65.718208,-65.713919
238.000000,-65.720871,-65.718647,-65.714357
238.050000,-65.721309,-65.719084,-65.714793
238.100000,-65.721746,-65.719522,-65.715229
238.150000,-65.722182,-65.719958,-65.715664
238.200000,-65.722618,-65.720394,-65.716099
238.250000,-65.723053,-65.720829,-65.716533
238.300000,-65.723487,-65.721263,-65.716966
238.350000,-65.723921,-65.721697,-65.717398
238.400000,-65.724354,-65.722130,-65.717830
238.450000,-65.724787,-65.722563,-65.718261
238.500000,-65.725218,-65.722994,-65.718692
238.550000,-65.725649,-65.723425,-65.719122
238.600000,-65.726080,-65.723856,-65.719551
238.650000,-65.726509,-65.724285,-65.719979
238.700000,-65.726938,-65.724714,-65.720407
238.750000,-65.727366,-65.725143,-65.720834
238.800000,-65.727794,-65.725570,-65.721260
238.850000,-65.728221,-65.725997,-65.721686
238.900000,-65.728647,-65.726424,-65.722111
238.950000,-65.729073,-65.726849,-65.722536
239.000000,-65.729498,-65.727274,-65.722959
239.050000,-65.729922,-65.727698,-65.723382
239.100000,-65.730346,-65.728122,-65.723805
239.150000,-65.730769,-65.728545,-65.724227
239.200000,-65.731191,-65.728967,-65.724648
239.250000,-65.731612,-65.729389,-65.725068
239.300000,-65.732033,-65.729810,-65.725488
239.350000,-65.732454,-65.730230,-65.725907
239.400000,-65.732873,-65.730650,-65.726325
239.450000,-65.733292,-65.731069,-65.726743
239.500000,-65.733710,-65.731487,-65.727160
239.550000,-65.734128,-65.731905,-65.727577
239.600000,-65.734545,-65.732322,-65.727993
239.650000,-65.734961,-65.732738,-65.728408
239.700000,-65.735377,-65.733154,-65.728822
239.750000,-65.735792,-65.733569,-65.729236
239.800000,-65.736206,-65.733983,-65.729649
239.850000,-65.736620,-65.734397,-65.730062
239.900000,-65.737033,-65.734810,-65.730474
239.950000,-65.737446,-65.735222,-65.730885
240.000000,-65.737857,-65.735634,-65.731296
240.050000,-65.738268,-65.736045,-65.731706
240.100000,-65.738679,-65.736456,-65.732115
240.150000,-65.739089,-65.736866,-65.732524
240.200000,-65.739498,-65.737275,-65.732932
240.250000,-65.739906,-65.737683,-65.733339
240.300000,-65.740314,-65.738091,-65.733746
240.350000,-65.740722,-65.738499,-65.734152
240.400000,-65.741128,-65.738905,-65.734557
240.450000,-65.741534,-65.739311,-65.734962
240.500000,-65.741939,-65.739717,-65.735366
240.550000,-65.742344,-65.740121,-65.735770
240.600000,-65.742748,-65.740525,-65.736173
240.650000,-65.743152,-65.740929,-65.736575
240.700000,-65.743554,-65.741332,-65.736977
240.750000,-65.743957,-65.741734,-65.737378
240.800000,-65.744358,-65.742135,-65.737778
240.850000,-65.744759,-65.742536,-65.738178
240.900000,-65.745159,-65.742936,-65.738577
240.950000,-65.745559,-65.743336,-65.738976
241.000000,-65.745958,-65.743735,-65.739374
241.050000,-65.746356,-65.744134,-65.739771
241.100000,-65.746754,-65.744531,-65.740168
241.150000,-65.747151,-65.744928,-65.740564
241.200000,-65.747548,-65.745325,-65.740959
241.250000,-65.747944,-65.745721,-65.741354
241.300000,-65.748339,-65.746116,-65.741748
241.350000,-65.748733,-65.746511,-65.742142
241.400000,-65.749127,-65.746905,-65.742535
241.450000,-65.749521,-65.747298,-65.742927
241.500000,-65.749914,-65.747691,-65.743319
241.550000,-65.750306,-65.748083,-65.743710
241.600000,-65.750697,-65.748475,-65.744100
241.650000,-65.751088,-65.748866,-65.744490
241.700000,-65.751479,-65.749256,-65.744880
241.750000,-65.751868,-65.749646,-65.745268
241.800000,-65.752257,-65.750035,-65.745656
241.850000,-65.752646,-65.750424,-65.746044
241.900000,-65.753034,-65.750811,-65.746431
241.950000,-65.753421,-65.751199,-65.746817
242.000000,-65.753808,-65.751585,-65.747202
242.050000,-65.754194,-65.751972,-65.747587
242.100000,-65.754579,-65.752357,-65.747972
242.150000,-65.754964,-65.752742,-65.748356
242.200000,-65.755348,-65.753126,-65.748739
242.250000,-65.755732,-65.753510,-65.749121
242.300000,-65.756115,-65.753893,-65.749503
242.350000,-65.756498,-65.754275,-65.749885
242.400000,-65.756879,-65.754657,-65.750266
242.450000,-65.757261,-65.755038,-65.750646
242.500000,-65.757641,-65.755419,-65.751026
242.550000,-65.758021,-65.755799,-65.751405
242.600000,-65.758401,-65.756179,-65.751783
242.650000,-65.758780,-65.756557,-65.752161
242.700000,-65.759158,-65.756936,-65.752538
242.750000,-65.759536,-65.757313,-65.752915
242.800000,-65.759913,-65.757691,-65.753291
242.850000,-65.760289,-65.758067,-65.753666
242.900000,-65.760665,-65.758443,-65.754041
242.950000,-65.761040,-65.758818,-65.754415
243.000000,-65.761415,-65.759193,-65.754789
243.050000,-65.761789,-65.759567,-65.755162
243.100000,-65.762163,-65.759941,-65.755535
243.150000,-65.762536,-65.760314,-65.755907
243.200000,-65.762908,-65.760686,-65.756278
243.250000,-65.763280,-65.761058,-65.756649
243.300000,-65.763651,-65.761429,-65.757019
243.350000,-65.764022,-65.761800,-65.757389
243.400000,-65.764392,-65.762170,-65.757758
243.450000,-65.764761,-65.762539,-65.758126
243.500000,-65.765130,-65.762908,-65.758494
243.550000,-65.765498,-65.763277,-65.758862
243.600000,-65.765866,-65.763644,-65.759228
243.650000,-65.766233,-65.764011,-65.759595
243.700000,-65.766600,-65.764378,-65.759960
243.750000,-65.766966,-65.764744,-65.760325
243.800000,-65.767331,-65.765110,-65.760690
243.850000,-65.767696,-65.765474,-65.761054
243.900000,-65.768060,-65.765839,-65.761417
243.950000,-65.768424,-65.766202,-65.761780
244.000000,-65.768787,-65.766566,-65.762142
244.050000,-65.769150,-65.766928,-65.762503
244.100000,-65.769512,-65.767290,-65.762865
244.150000,-65.769873,-65.767652,-65.763225
244.200000,-65.770234,-65.768013,-65.763585
244.250000,-65.770594,-65.768373,-65.763944
244.300000,-65.770954,-65.768733,-65.764303
244.350000,-65.771313,-65.769092,-65.764661
244.400000,-65.771672,-65.769451,-65.765019
244.450000,-65.772030,-65.769809,-65.765376
244.500000,-65.772388,-65.770166,-65.765733
244.550000,-65.772745,-65.770523,-65.766089
244.600000,-65.773101,-65.770880,-65.766444
244.650000,-65.773457,-65.771235,-65.766799
244.700000,-65.773812,-65.771591,-65.767153
244.750000,-65.774167,-65.771945,-65.767507
244.800000,-65.774521,-65.772300,-65.767860
244.850000,-65.774874,-65.772653,-65.768213
244.900000,-65.775228,-65.773006,-65.768565
244.950000,-65.775580,-65.773359,-65.768917
245.000000,-65.775932,-65.773711,-65.769268
245.050000,-65.776283,-65.774062,-65.769618
245.100000,-65.776634,-65.774413,-65.769968
245.150000,-65.776985,-65.774763,-65.770318
245.200000,-65.777334,-65.775113,-65.770667
245.250000,-65.777683,-65.775462,-65.771015
245.300000,-65.778032,-65.775811,-65.771363
245.350000,-65.778380,-65.776159,-65.771710
245.400000,-65.778728,-65.776507,-65.772056
245.450000,-65.779075,-65.776854,-65.772403
245.500000,-65.779421,-65.777200,-65.772748
245.550000,-65.779767,-65.777546,-65.773093
245.600000,-65.780113,-65.777892,-65.773438
245.650000,-65.780458,-65.778236,-65.773782
245.700000,-65.780802,-65.778581,-65.774125
245.750000,-65.781146,-65.778925,-65.774468
245.800000,-65.781489,-65.779268,-65.774810
245.850000,-65.781832,-65.779611,-65.775152
245.900000,-65.782174,-65.779953,-65.775494
245.950000,-65.782515,-65.780294,-65.775834
246.000000,-65.782856,-65.780636,-65.776174
246.050000,-65.783197,-65.780976,-65.776514
246.100000,-65.783537,-65.781316,-65.776853
246.150000,-65.783877,-65.781656,-65.777192
246.200000,-65.784216,-65.781995,-65.777530
246.250000,-65.784554,-65.782333,-65.777868
246.300000,-65.784892,-65.782671,-65.778205
246.350000,-65.785229,-65.783009,-65.778541
246.400000,-65.785566,-65.783345,-65.778877
246.450000,-65.785903,-65.783682,-65.779213
246.500000,-65.786238,-65.784018,-65.779548
246.550000,-65.786574,-65.784353,-65.779882
246.600000,-65.786908,-65.784688,-65.780216
246.650000,-65.787243,-65.785022,-65.780549
246.700000,-65.787576,-65.785356,-65.780882
246.750000,-65.787910,-65.785689,-65.781215
246.800000,-65.788242,-65.786022,-65.781546
246.850000,-65.788574,-65.786354,-65.781878
246.900000,-65.788906,-65.786685,-65.782209
246.950000,-65.789237,-65.787017,-65.782539
247.000000,-65.789568,-65.787347,-65.782869
247.050000,-65.789898,-65.787677,-65.783198
247.100000,-65.790227,-65.788007,-65.783527
247.150000,-65.790556,-65.788336,-65.783855
247.200000,-65.790885,-65.788664,-65.784182
247.250000,-65.791213,-65.788992,-65.784510
247.300000,-65.791541,-65.789320,-65.784836
247.350000,-65.791868,-65.789647,-65.785163
247.400000,-65.792194,-65.789974,-65.785488
247.450000,-65.792520,-65.790300,-65.785813
247.500000,-65.792845,-65.790625,-65.786138
247.550000,-65.793170,-65.790950,-65.786462
247.600000,-65.793495,-65.791275,-65.786786
247.650000,-65.793819,-65.791598,-65.787109
247.700000,-65.794142,-65.791922,-65.787432
247.750000,-65.794465,-65.792245,-65.787754
247.800000,-65.794788,-65.792567,-65.788075
247.850000,-65.795110,-65.792889,-65.788396
247.900000,-65.795431,-65.793211,-65.788717
247.950000,-65.795752,-65.793532,-65.789037
248.000000,-65.796072,-65.793852,-65.789357
248.050000,-65.796392,-65.794172,-65.789676
248.100000,-65.796712,-65.794492,-65.789995
248.150000,-65.797031,-65.794810,-65.790313
248.200000,-65.797349,-65.795129,-65.790630
248.250000,-65.797667,-65.795447,-65.790947
248.300000,-65.797985,-65.795764,-65.791264
248.350000,-65.798301,-65.796081,-65.791580
248.400000,-65.798618,-65.796398,-65.791896
248.450000,-65.798934,-65.796714,-65.792211
248.500000,-65.799249,-65.797029,-65.792526
248.550000,-65.799564,-65.797344,-65.792840
248.600000,-65.799879,-65.797659,-65.793154
248.650000,-65.800193,-65.797973,-65.793467
248.700000,-65.800506,-65.798286,-65.793780
248.750000,-65.800819,-65.798599,-65.794092
248.800000,-65.801132,-65.798912,-65.794404
248.850000,-65.801444,-65.799224,-65.794715
248.900000,-65.801755,-65.799535,-65.795026
248.950000,-65.802067,-65.799847,-65.795336
249.000000,-65.802377,-65.800157,-65.795646
249.050000,-65.802687,-65.800467,-65.795955
249.100000,-65.802997,-65.800777,-65.796264
249.150000,-65.803306,-65.801086,-65.796572
249.200000,-65.803615,-65.801395,-65.796880
249.250000,-65.803923,-65.801703,-65.797188
249.300000,-65.804230,-65.802011,-65.797494
249.350000,-65.804538,-65.802318,-65.797801
249.400000,-65.804844,-65.802625,-65.798107
249.450000,-65.805151,-65.802931,-65.798412
249.500000,-65.805456,-65.803237,-65.798717
249.550000,-65.805762,-65.803542,-65.799022
249.600000,-65.806067,-65.803847,-65.799326
249.650000,-65.806371,-65.804151,-65.799630
249.700000,-65.806675,-65.804455,-65.799933
249.750000,-65.806978,-65.804758,-65.800235
249.800000,-65.807281,-65.805061,-65.800538
249.850000,-65.807584,-65.805364,-65.800839
249.900000,-65.807886,-65.805666,-65.801141
249.950000,-65.808187,-65.805967,-65.801441
250.000000,-65.808488,-65.806268,-65.801742
250.050000,-65.808789,-65.806569,-65.802041
250.100000,-65.809089,-65.806869,-65.802341
250.150000,-65.809388,-65.807169,-65.802640
250.200000,-65.809688,-65.807468,-65.802938
250.250000,-65.809986,-65.807767,-65.803236
250.300000,-65.810285,-65.808065,-65.803534
250.350000,-65.810582,-65.808363,-65.803831
250.400000,-65.810880,-65.808660,-65.804127
250.450000,-65.811177,-65.808957,-65.804423
250.500000,-65.811473,-65.809253,-65.804719
250.550000,-65.811769,-65.809549,-65.805014
250.600000,-65.812064,-65.809845,-65.805309
250.650000,-65.812359,-65.810140,-65.805603
250.700000,-65.812654,-65.810434,-65.805897
250.750000,-65.812948,-65.810728,-65.806190
250.800000,-65.813242,-65.811022,-65.806483
250.850000,-65.813535,-65.811315,-65.806776
250.900000,-65.813827,-65.811608,-65.807068
250.950000,-65.814120,-65.811900,-65.807359
251.000000,-65.814412,-65.812192,-65.807650
251.050000,-65.814703,-65.812483,-65.807941
251.100000,-65.814994,-65.812774,-65.808231
251.150000,-65.815284,-65.813065,-65.808521
251.200000,-65.815574,-65.813355,-65.808810
251.250000,-65.815864,-65.813644,-65.809099
251.300000,-65.816153,-65.813933,-65.809388
251.350000,-65.816441,-65.814222,-65.809676
251.400000,-65.816730,-65.814510,-65.809963
251.450000,-65.817017,-65.814798,-65.810250
251.500000,-65.817305,-65.815085,-65.810537
251.550000,-65.817592,-65.815372,-65.810823
251.600000,-65.817878,-65.815659,-65.811109
251.650000,-65.818164,-65.815945,-65.811394
251.700000,-65.818449,-65.816230,-65.811679
251.750000,-65.818735,-65.816515,-65.811963
251.800000,-65.819019,-65.816800,-65.812247
251.850000,-65.819303,-65.817084,-65.812530
251.900000,-65.819587,-65.817368,-65.812813
251.950000,-65.819870,-65.817651,-65.813096
252.000000,-65.820153,-65.817934,-65.813378
252.050000,-65.820436,-65.818216,-65.813660
252.100000,-65.820718,-65.818498,-65.813941
252.150000,-65.820999,-65.818780,-65.814222
252.200000,-65.821280,-65.819061,-65.814503
252.250000,-65.821561,-65.819342,-65.814783
252.300000,-65.821841,-65.819622,-65.815062
252.350000,-65.822121,-65.819902,-65.815341
252.400000,-65.822400,-65.820181,-65.815620
252.450000,-65.822679,-65.820460,-65.815898
252.500000,-65.822958,-65.820739,-65.816176
252.550000,-65.823236,-65.821017,-65.816453
252.600000,-65.823513,-65.821294,-65.816730
252.650000,-65.823791,-65.821572,-65.817007
252.700000,-65.824067,-65.821848,-65.817283
252.750000,-65.824344,-65.822125,-65.817559
252.800000,-65.824620,-65.822401,-65.817834
252.850000,-65.824895,-65.822676,-65.818109
252.900000,-65.825170,-65.822951,-65.818383
252.950000,-65.825445,-65.823226,-65.818657
253.000000,-65.825719,-65.823500,-65.818931
253.050000,-65.825993,-65.823774,-65.819204
253.100000,-65.826266,-65.824047,-65.819476
253.150000,-65.826539,-65.824320,-65.819749
253.200000,-65.826811,-65.824593,-65.820021
253.250000,-65.827083,-65.824865,-65.820292
253.300000,-65.827355,-65.825136,-65.820563
253.350000,-65.827626,-65.825408,-65.820834
253.400000,-65.827897,-65.825678,-65.821104
253.450000,-65.828168,-65.825949,-65.821373
253.500000,-65.828437,-65.826219,-65.821643
253.550000,-65.828707,-65.826488,-65.821912
253.600000,-65.828976,-65.826757,-65.822180
253.650000,-65.829245,-65.827026,-65.822448
253.700000,-65.829513,-65.827294,-65.822716
253.750000,-65.829781,-65.827562,-65.822983
253.800000,-65.830048,-65.827830,-65.823250
253.850000,-65.830316,-65.828097,-65.823516
253.900000,-65.830582,-65.828363,-65.823782
253.950000,-65.830848,-65.828630,-65.824048
254.000000,-65.831114,-65.828895,-65.824313
254.050000,-65.831380,-65.829161,-65.824578
254.100000,-65.831644,-65.829426,-65.824842
254.150000,-65.831909,-65.829690,-65.825106
254.200000,-65.832173,-65.829955,-65.825370
254.250000,-65.832437,-65.830218,-65.825633
254.300000,-65.832700,-65.830482,-65.825895
254.350000,-65.832963,-65.830745,-65.826158
254.400000,-65.833226,-65.831007,-65.826420
254.450000,-65.833488,-65.831269,-65.826681
254.500000,-65.833749,-65.831531,-65.826942
254.550000,-65.834011,-65.831792,-65.827203
254.600000,-65.834272,-65.832053,-65.827463
254.650000,-65.834532,-65.832314,-65.827723
254.700000,-65.834792,-65.832574,-65.827983
254.750000,-65.835052,-65.832833,-65.828242
254.800000,-65.835311,-65.833093,-65.828500
254.850000,-65.835570,-65.833352,-65.828759
254.900000,-65.835828,-65.833610,-65.829016
254.950000,-65.836087,-65.833868,-65.829274
255.000000,-65.836344,-65.834126,-65.829531
255.050000,-65.836601,-65.834383,-65.829788
255.100000,-65.836858,-65.834640,-65.830044
255.150000,-65.837115,-65.834896,-65.830300
255.200000,-65.837371,-65.835152,-65.830555
255.250000,-65.837627,-65.835408,-65.830810
255.300000,-65.837882,-65.835663,-65.831065
255.350000,-65.838137,-65.835918,-65.831319
255.400000,-65.838391,-65.836173,-65.831573
255.450000,-65.838645,-65.836427,-65.831827
255.500000,-65.838899,-65.836681,-65.832080
255.550000,-65.839152,-65.836934,-65.832332
255.600000,-65.839405,-65.837187,-65.832585
255.650000,-65.839658,-65.837439,-65.832837
255.700000,-65.839910,-65.837691,-65.833088
255.750000,-65.840162,-65.837943,-65.833339
255.800000,-65.840413,-65.838195,-65.833590
255.850000,-65.840664,-65.838446,-65.833840
255.900000,-65.840914,-65.838696,-65.834090
255.950000,-65.841165,-65.838946,-65.834340
256.000000,-65.841414,-65.839196,-65.834589
256.050000,-65.841664,-65.839445,-65.834838
256.100000,-65.841913,-65.839695,-65.835086
256.150000,-65.842161,-65.839943,-65.835335
256.200000,-65.842410,-65.840191,-65.835582
256.250000,-65.842657,-65.840439,-65.835829
256.300000,-65.842905,-65.840687,-65.836076
256.350000,-65.843152,-65.840934,-65.836323
256.400000,-65.843399,-65.841181,-65.836569
256.450000,-65.843645,-65.841427,-65.836815
256.500000,-65.843891,-65.841673,-65.837060
256.550000,-65.844136,-65.841918,-65.837305
256.600000,-65.844382,-65.842164,-65.837550
256.650000,-65.844626,-65.842408,-65.837794
256.700000,-65.844871,-65.842653,-65.838038
256.750000,-65.845115,-65.842897,-65.838281
256.800000,-65.845359,-65.843141,-65.838524
256.850000,-65.845602,-65.843384,-65.838767
256.900000,-65.845845,-65.843627,-65.839009
256.950000,-65.846087,-65.843869,-65.839251
257.000000,-65.846329,-65.844111,-65.839493
257.050000,-65.846571,-65.844353,-65.839734
257.100000,-65.846813,-65.844595,-65.839975
257.150000,-65.847054,-65.844836,-65.840216
257.200000,-65.847294,-65.845076,-65.840456
257.250000,-65.847535,-65.845317,-65.840695
257.300000,-65.847774,-65.845557,-65.840935
257.350000,-65.848014,-65.845796,-65.841174
257.400000,-65.848253,-65.846035,-65.841412
257.450000,-65.848492,-65.846274,-65.841651
257.500000,-65.848730,-65.846512,-65.841889
257.550000,-65.848968,-65.846751,-65.842126
257.600000,-65.849206,-65.846988,-65.842363
257.650000,-65.849443,-65.847226,-65.842600
257.700000,-65.849680,-65.847463,-65.842836
257.750000,-65.849917,-65.847699,-65.843072
257.800000,-65.850153,-65.847935,-65.843308
257.850000,-65.850389,-65.848171,-65.843543
257.900000,-65.850625,-65.848407,-65.843778
257.950000,-65.850860,-65.848642,-65.844013
258.000000,-65.851094,-65.848877,-65.844247
258.050000,-65.851329,-65.849111,-65.844481
258.100000,-65.851563,-65.849345,-65.844715
258.150000,-65.851796,-65.849579,-65.844948
258.200000,-65.852030,-65.849812,-65.845180
258.250000,-65.852263,-65.850045,-65.845413
258.300000,-65.852495,-65.850278,-65.845645
258.350000,-65.852728,-65.850510,-65.845877
258.400000,-65.852959,-65.850742,-65.846108
258.450000,-65.853191,-65.850973,-65.846339
258.500000,-65.853422,-65.851204,-65.846570
258.550000,-65.853653,-65.851435,-65.846800
258.600000,-65.853883,-65.851666,-65.847030
258.650000,-65.854113,-65.851896,-65.847259
258.700000,-65.854343,-65.852125,-65.847489
258.750000,-65.854572,-65.852355,-65.847717
258.800000,-65.854801,-65.852584,-65.847946
258.850000,-65.855030,-65.852812,-65.848174
258.900000,-65.855258,-65.853041,-65.848402
258.950000,-65.855486,-65.853269,-65.848629
259.000000,-65.855714,-65.853496,-65.848856
259.050000,-65.855941,-65.853724,-65.849083
259.100000,-65.856168,-65.853950,-65.849309
259.150000,-65.856395,-65.854177,-65.849535
259.200000,-65.856621,-65.854403,-65.849761
259.250000,-65.856847,-65.854629,-65.849986
259.300000,-65.857072,-65.854855,-65.850211
259.350000,-65.857297,-65.855080,-65.850436
259.400000,-65.857522,-65.855304,-65.850660
259.450000,-65.857746,-65.855529,-65.850884
259.500000,-65.857971,-65.855753,-65.851108
259.550000,-65.858194,-65.855977,-65.851331
259.600000,-65.858418,-65.856200,-65.851554
259.650000,-65.858641,-65.856423,-65.851777
259.700000,-65.858863,-65.856646,-65.851999
259.750000,-65.859086,-65.856868,-65.852221
259.800000,-65.859308,-65.857090,-65.852442
259.850000,-65.859530,-65.857312,-65.852663
259.900000,-65.859751,-65.857533,-65.852884
259.950000,-65.859972,-65.857754,-65.853105
260.000000,-65.860193,-65.857975,-65.853325
260.050000,-65.860413,-65.858195,-65.853545
260.100000,-65.860633,-65.858415,-65.853764
260.150000,-65.860852,-65.858635,-65.853983
260.200000,-65.861072,-65.858854,-65.854202
260.250000,-65.861291,-65.859073,-65.854421
260.300000,-65.861509,-65.859292,-65.854639
260.350000,-65.861728,-65.859510,-65.854856
260.400000,-65.861945,-65.859728,-65.855074
260.450000,-65.862163,-65.859946,-65.855291
260.500000,-65.862380,-65.860163,-65.855508
260.550000,-65.862597,-65.860380,-65.855724
260.600000,-65.862814,-65.860597,-65.855940
260.650000,-65.863030,-65.860813,-65.856156
260.700000,-65.863246,-65.861029,-65.856372
260.750000,-65.863462,-65.861244,-65.856587
260.800000,-65.863677,-65.861460,-65.856802
260.850000,-65.863892,-65.861674,-65.857016
260.900000,-65.864106,-65.861889,-65.857230
260.950000,-65.864321,-65.862103,-65.857444
261.000000,-65.864535,-65.862317,-65.857657
261.050000,-65.864748,-65.862531,-65.857870
261.100000,-65.864961,-65.862744,-65.858083
261.150000,-65.865174,-65.862957,-65.858296
261.200000,-65.865387,-65.863170,-65.858508
261.250000,-65.865599,-65.863382,-65.858720
261.300000,-65.865811,-65.863594,-65.858931
261.350000,-65.866023,-65.863806,-65.859142
261.400000,-65.866234,-65.864017,-65.859353
261.450000,-65.866445,-65.864228,-65.859564
261.500000,-65.866656,-65.864439,-65.859774
261.550000,-65.866866,-65.864649,-65.859984
261.600000,-65.867076,-65.864859,-65.860193
261.650000,-65.867286,-65.865068,-65.860402
261.700000,-65.867495,-65.865278,-65.860611
261.750000,-65.867704,-65.865487,-65.860820
261.800000,-65.867913,-65.865696,-65.861028
261.850000,-65.868121,-65.865904,-65.861236
261.900000,-65.868329,-65.866112,-65.861444
261.950000,-65.868537,-65.866320,-65.861651
262.000000,-65.868744,-65.866527,-65.861858
262.050000,-65.868951,-65.866734,-65.862064
262.100000,-65.869158,-65.866941,-65.862271
262.150000,-65.869365,-65.867147,-65.862477
262.200000,-65.869571,-65.867354,-65.862682
262.250000,-65.869776,-65.867559,-65.862888
262.300000,-65.869982,-65.867765,-65.863093
262.350000,-65.870187,-65.867970,-65.863298
262.400000,-65.870392,-65.868175,-65.863502
262.450000,-65.870597,-65.868380,-65.863706
262.500000,-65.870801,-65.868584,-65.863910
262.550000,-65.871005,-65.868788,-65.864113
262.600000,-65.871208,-65.868991,-65.864317
262.650000,-65.871412,-65.869195,-65.864519
262.700000,-65.871615,-65.869398,-65.864722
262.750000,-65.871817,-65.869600,-65.864924
262.800000,-65.872020,-65.869803,-65.865126
262.850000,-65.872222,-65.870005,-65.865328
262.900000,-65.872423,-65.870206,-65.865529
262.950000,-65.872625,-65.870408,-65.865730
263.000000,-65.872826,-65.870609,-65.865930
263.050000,-65.873027,-65.870810,-65.866131
263.100000,-65.873227,-65.871010,-65.866331
263.150000,-65.873427,-65.871210,-65.866531
263.200000,-65.873627,-65.871410,-65.866730
263.250000,-65.873827,-65.871610,-65.866929
263.300000,-65.874026,-65.871809,-65.867128
263.350000,-65.874225,-65.872008,-65.867326
263.400000,-65.874423,-65.872207,-65.867525
263.450000,-65.874622,-65.872405,-65.867723
263.500000,-65.874820,-65.872603,-65.867920
263.550000,-65.875017,-65.872801,-65.868117
263.600000,-65.875215,-65.872998,-65.868314
263.650000,-65.875412,-65.873195,-65.868511
263.700000,-65.875609,-65.873392,-65.868707
263.750000,-65.875805,-65.873588,-65.868903
263.800000,-65.876001,-65.873785,-65.869099
263.850000,-65.876197,-65.873980,-65.869295
263.900000,-65.876393,-65.874176,-65.869490
263.950000,-65.876588,-65.874371,-65.869685
264.000000,-65.876783,-65.874566,-65.869879
264.050000,-65.876978,-65.874761,-65.870074
264.100000,-65.877172,-65.874955,-65.870267
264.150000,-65.877366,-65.875149,-65.870461
264.200000,-65.877560,-65.875343,-65.870655
264.250000,-65.877753,-65.875537,-65.870848
264.300000,-65.877947,-65.875730,-65.871040
264.350000,-65.878139,-65.875923,-65.871233
264.400000,-65.878332,-65.876115,-65.871425
264.450000,-65.878524,-65.876308,-65.871617
264.500000,-65.878716,-65.876500,-65.871808
264.550000,-65.878908,-65.876691,-65.872000
264.600000,-65.879099,-65.876883,-65.872191
264.650000,-65.879291,-65.877074,-65.872381
264.700000,-65.879481,-65.877265,-65.872572
264.750000,-65.879672,-65.877455,-65.872762
264.800000,-65.879862,-65.877645,-65.872952
264.850000,-65.880052,-65.877835,-65.873141
264.900000,-65.880242,-65.878025,-65.873330
264.950000,-65.880431,-65.878214,-65.873519
265.000000,-65.880620,-65.878403,-65.873708
265.050000,-65.880809,-65.878592,-65.873896
265.100000,-65.880997,-65.878781,-65.874084
265.150000,-65.881185,-65.878969,-65.874272
265.200000,-65.881373,-65.879157,-65.874460
265.250000,-65.881561,-65.879344,-65.874647
265.300000,-65.881748,-65.879532,-65.874834
265.350000,-65.881935,-65.879719,-65.875020
265.400000,-65.882122,-65.879905,-65.875207
265.450000,-65.882308,-65.880092,-65.875393
265.500000,-65.882494,-65.880278,-65.875579
265.550000,-65.882680,-65.880464,-65.875764
265.600000,-65.882866,-65.880649,-65.875949
265.650000,-65.883051,-65.880835,-65.876134
265.700000,-65.883236,-65.881020,-65.876319
265.750000,-65.883421,-65.881204,-65.876503
265.800000,-65.883605,-65.881389,-65.876687
265.850000,-65.883789,-65.881573,-65.876871
265.900000,-65.883973,-65.881757,-65.877054
265.950000,-65.884157,-65.881940,-65.877238
266.000000,-65.884340,-65.882124,-65.877420
266.050000,-65.884523,-65.882307,-65.877603
266.100000,-65.884706,-65.882490,-65.877785
266.150000,-65.884888,-65.882672,-65.877968
266.200000,-65.885071,-65.882854,-65.878149
266.250000,-65.885253,-65.883036,-65.878331
266.300000,-65.885434,-65.883218,-65.878512
266.350000,-65.885615,-65.883399,-65.878693
266.400000,-65.885796,-65.883580,-65.878874
266.450000,-65.885977,-65.883761,-65.879054
266.500000,-65.886158,-65.883941,-65.879234
266.550000,-65.886338,-65.884122,-65.879414
266.600000,-65.886518,-65.884302,-65.879594
266.650000,-65.886698,-65.884481,-65.879773
266.700000,-65.886877,-65.884661,-65.879952
266.750000,-65.887056,-65.884840,-65.880131
266.800000,-65.887235,-65.885019,-65.880309
266.850000,-65.887413,-65.885197,-65.880487
266.900000,-65.887592,-65.885375,-65.880665
266.950000,-65.887770,-65.885553,-65.880843
267.000000,-65.887947,-65.885731,-65.881020
267.050000,-65.888125,-65.885909,-65.881197
267.100000,-65.888302,-65.886086,-65.881374
267.150000,-65.888479,-65.886263,-65.881551
267.200000,-65.888656,-65.886439,-65.881727
267.250000,-65.888832,-65.886616,-65.881903
267.300000,-65.889008,-65.886792,-65.882079
267.350000,-65.889184,-65.886968,-65.882254
267.400000,-65.889359,-65.887143,-65.882429
267.450000,-65.889535,-65.887319,-65.882604
267.500000,-65.889710,-65.887494,-65.882779
267.550000,-65.889885,-65.887668,-65.882953
267.600000,-65.890059,-65.887843,-65.883127
267.650000,-65.890233,-65.888017,-65.883301
267.700000,-65.890407,-65.888191,-65.883475
267.750000,-65.890581,-65.888365,-65.883648
267.800000,-65.890754,-65.888538,-65.883821
267.850000,-65.890927,-65.888711,-65.883994
267.900000,-65.891100,-65.888884,-65.884166
267.950000,-65.891273,-65.889057,-65.884339
268.000000,-65.891445,-65.889229,-65.884511
268.050000,-65.891617,-65.889401,-65.884682
268.100000,-65.891789,-65.889573,-65.884854
268.150000,-65.891961,-65.889744,-65.885025
268.200000,-65.892132,-65.889916,-65.885196
268.250000,-65.892303,-65.890087,-65.885367
268.300000,-65.892474,-65.890257,-65.885537
268.350000,-65.892644,-65.890428,-65.885707
268.400000,-65.892814,-65.890598,-65.885877
268.450000,-65.892984,-65.890768,-65.886047
268.500000,-65.893154,-65.890938,-65.886216
268.550000,-65.893323,-65.891107,-65.886385
268.600000,-65.893493,-65.891276,-65.886554
268.650000,-65.893661,-65.891445,-65.886722
268.700000,-65.893830,-65.891614,-65.886891
268.750000,-65.893999,-65.891782,-65.887059
268.800000,-65.894167,-65.891951,-65.887227
268.850000,-65.894335,-65.892118,-65.887394
268.900000,-65.894502,-65.892286,-65.887561
268.950000,-65.894670,-65.892453,-65.887728
269.000000,-65.894837,-65.892621,-65.887895
269.050000,-65.895003,-65.892787,-65.888062
269.100000,-65.895170,-65.892954,-65.888228
269.150000,-65.895336,-65.893120,-65.888394
269.200000,-65.895502,-65.893286,-65.888560
269.250000,-65.895668,-65.893452,-65.888725
269.300000,-65.895834,-65.893618,-65.888890
269.350000,-65.895999,-65.893783,-65.889055
269.400000,-65.896164,-65.893948,-65.889220
269.450000,-65.896329,-65.894113,-65.889384
269.500000,-65.896494,-65.894278,-65.889549
269.550000,-65.896658,-65.894442,-65.889713
269.600000,-65.896822,-65.894606,-65.889876
269.650000,-65.896986,-65.894770,-65.890040
269.700000,-65.897149,-65.894933,-65.890203
269.750000,-65.897313,-65.895097,-65.890366
269.800000,-65.897476,-65.895260,-65.890529
269.850000,-65.897638,-65.895422,-65.890691
269.900000,-65.897801,-65.895585,-65.890853
269.950000,-65.897963,-65.895747,-65.891015
270.000000,-65.898125,-65.895909,-65.891177
270.050000,-65.898287,-65.896071,-65.891339
270.100000,-65.898449,-65.896233,-65.891500
270.150000,-65.898610,-65.896394,-65.891661
270.200000,-65.898771,-65.896555,-65.891821
270.250000,-65.898932,-65.896716,-65.891982
270.300000,-65.899092,-65.896876,-65.892142
270.350000,-65.899253,-65.897037,-65.892302
270.400000,-65.899413,-65.897197,-65.892462
270.450000,-65.899572,-65.897357,-65.892621
270.500000,-65.899732,-65.897516,-65.892781
270.550000,-65.899891,-65.897675,-65.892940
270.600000,-65.900050,-65.897835,-65.893098
270.650000,-65.900209,-65.897993,-65.893257
270.700000,-65.900368,-65.898152,-65.893415
270.750000,-65.900526,-65.898310,-65.893573
270.800000,-65.900684,-65.898468,-65.893731
270.850000,-65.900842,-65.898626,-65.893888
270.900000,-65.901000,-65.898784,-65.894046
270.950000,-65.901157,-65.898941,-65.894203
271.000000,-65.901314,-65.899098,-65.894360
271.050000,-65.901471,-65.899255,-65.894516
271.100000,-65.901628,-65.899412,-65.894672
271.150000,-65.901784,-65.899568,-65.894828
271.200000,-65.901940,-65.899724,-65.894984
271.250000,-65.902096,-65.899880,-65.895140
271.300000,-65.902252,-65.900036,-65.895295
271.350000,-65.902407,-65.900192,-65.895450
271.400000,-65.902562,-65.900347,-65.895605
271.450000,-65.902717,-65.900502,-65.895760
271.500000,-65.902872,-65.900656,-65.895914
271.550000,-65.903027,-65.900811,-65.896069
271.600000,-65.903181,-65.900965,-65.896223
271.650000,-65.903335,-65.901119,-65.896376
271.700000,-65.903489,-65.901273,-65.896530
271.750000,-65.903642,-65.901427,-65.896683
271.800000,-65.903796,-65.901580,-65.896836
271.850000,-65.903949,-65.901733,-65.896989
271.900000,-65.904101,-65.901886,-65.897141
271.950000,-65.904254,-65.902038,-65.897294
272.000000,-65.904406,-65.902191,-65.897446
272.050000,-65.904559,-65.902343,-65.897597
272.100000,-65.904710,-65.902495,-65.897749
272.150000,-65.904862,-65.902646,-65.897900
272.200000,-65.905013,-65.902798,-65.898051
272.250000,-65.905165,-65.902949,-65.898202
272.300000,-65.905316,-65.903100,-65.898353
272.350000,-65.905466,-65.903251,-65.898503
272.400000,-65.905617,-65.903401,-65.898654
272.450000,-65.905767,-65.903552,-65.898804
272.500000,-65.905917,-65.903702,-65.898953
272.550000,-65.906067,-65.903851,-65.899103
272.600000,-65.906217,-65.904001,-65.899252
272.650000,-65.906366,-65.904150,-65.899401
272.700000,-65.906515,-65.904299,-65.899550
272.750000,-65.906664,-65.904448,-65.899699
272.800000,-65.906813,-65.904597,-65.899847
272.850000,-65.906961,-65.904745,-65.899995
272.900000,-65.907109,-65.904894,-65.900143
272.950000,-65.907257,-65.905042,-65.900291
273.000000,-65.907405,-65.905189,-65.900438
273.050000,-65.907552,-65.905337,-65.900585
273.100000,-65.907700,-65.905484,-65.900732
273.150000,-65.907847,-65.905631,-65.900879
273.200000,-65.907994,-65.905778,-65.901026
273.250000,-65.908140,-65.905925,-65.901172
273.300000,-65.908287,-65.906071,-65.901318
273.350000,-65.908433,-65.906217,-65.901464
273.400000,-65.908579,-65.906363,-65.901610
273.450000,-65.908725,-65.906509,-65.901755
273.500000,-65.908870,-65.906654,-65.901900
273.550000,-65.909015,-65.906800,-65.902045
273.600000,-65.909160,-65.906945,-65.902190
273.650000,-65.909305,-65.907090,-65.902335
273.700000,-65.909450,-65.907234,-65.902479
273.750000,-65.909594,-65.907379,-65.902623
273.800000,-65.909738,-65.907523,-65.902767
273.850000,-65.909882,-65.907667,-65.902911
273.900000,-65.910026,-65.907810,-65.903054
273.950000,-65.910169,-65.907954,-65.903197
274.000000,-65.910313,-65.908097,-65.903340
274.050000,-65.910456,-65.908240,-65.903483
274.100000,-65.910599,-65.908383,-65.903626
274.150000,-65.910741,-65.908526,-65.903768
274.200000,-65.910884,-65.908668,-65.903910
274.250000,-65.911026,-65.908810,-65.904052
274.300000,-65.911168,-65.908952,-65.904194
274.350000,-65.911310,-65.909094,-65.904335
274.400000,-65.911451,-65.909236,-65.904476
274.450000,-65.911592,-65.909377,-65.904617
274.500000,-65.911733,-65.909518,-65.904758
274.550000,-65.911874,-65.909659,-65.904899
274.600000,-65.912015,-65.909800,-65.905039
274.650000,-65.912155,-65.909940,-65.905179
274.700000,-65.912296,-65.910080,-65.905319
274.750000,-65.912436,-65.910220,-65.905459
274.800000,-65.912575,-65.910360,-65.905599
274.850000,-65.912715,-65.910500,-65.905738
274.900000,-65.912854,-65.910639,-65.905877
274.950000,-65.912994,-65.910778,-65.906016
275.000000,-65.913133,-65.910917,-65.906155
275.050000,-65.913271,-65.911056,-65.906293
275.100000,-65.913410,-65.911194,-65.906431
275.150000,-65.913548,-65.911333,-65.906569
275.200000,-65.913686,-65.911471,-65.906707
275.250000,-65.913824,-65.911609,-65.906845
275.300000,-65.913962,-65.911746,-65.906982
275.350000,-65.914099,-65.911884,-65.907119
275.400000,-65.914236,-65.912021,-65.907256
275.450000,-65.914373,-65.912158,-65.907393
275.500000,-65.914510,-65.912295,-65.907530
275.550000,-65.914647,-65.912432,-65.907666
275.600000,-65.914783,-65.912568,-65.907802
275.650000,-65.914919,-65.912704,-65.907938
275.700000,-65.915055,-65.912840,-65.908074
275.750000,-65.915191,-65.912976,-65.908209
275.800000,-65.915327,-65.913112,-65.908345
275.850000,-65.915462,-65.913247,-65.908480
275.900000,-65.915597,-65.913382,-65.908615
275.950000,-65.915732,-65.913517,-65.908749
276.000000,-65.915867,-65.913652,-65.908884
276.050000,-65.916002,-65.913786,-65.909018
276.100000,-65.916136,-65.913921,-65.909152
276.150000,-65.916270,-65.914055,-65.909286
276.200000,-65.916404,-65.914189,-65.909420
276.250000,-65.916538,-65.914322,-65.909553
276.300000,-65.916671,-65.914456,-65.909686
276.350000,-65.916804,-65.914589,-65.909819
276.400000,-65.916937,-65.914722,-65.909952
276.450000,-65.917070,-65.914855,-65.910085
276.500000,-65.917203,-65.914988,-65.910217
276.550000,-65.917336,-65.915120,-65.910349
276.600000,-65.917468,-65.915253,-65.910482
276.650000,-65.917600,-65.915385,-65.910613
276.700000,-65.917732,-65.915517,-65.910745
276.750000,-65.917863,-65.915648,-65.910876
276.800000,-65.917995,-65.915780,-65.911008
276.850000,-65.918126,-65.915911,-65.911139
276.900000,-65.918257,-65.916042,-65.911269
276.950000,-65.918388,-65.916173,-65.911400
277.000000,-65.918519,-65.916304,-65.911530
277.050000,-65.918649,-65.916434,-65.911661
277.100000,-65.918780,-65.916564,-65.911791
277.150000,-65.918910,-65.916694,-65.911921
277.200000,-65.919039,-65.916824,-65.912050
277.250000,-65.919169,-65.916954,-65.912180
277.300000,-65.919299,-65.917083,-65.912309
277.350000,-65.919428,-65.917213,-65.912438
277.400000,-65.919557,-65.917342,-65.912567
277.450000,-65.919686,-65.917471,-65.912695
277.500000,-65.919814,-65.917599,-65.912824
277.550000,-65.919943,-65.917728,-65.912952
277.600000,-65.920071,-65.917856,-65.913080
277.650000,-65.920199,-65.917984,-65.913208
277.700000,-65.920327,-65.918112,-65.913335
277.750000,-65.920455,-65.918240,-65.913463
277.800000,-65.920582,-65.918367,-65.913590
277.850000,-65.920710,-65.918495,-65.913717
277.900000,-65.920837,-65.918622,-65.913844
277.950000,-65.920964,-65.918749,-65.913971
278.000000,-65.921090,-65.918875,-65.914097
278.050000,-65.921217,-65.919002,-65.914224
278.100000,-65.921343,-65.919128,-65.914350
278.150000,-65.921469,-65.919254,-65.914476
278.200000,-65.921595,-65.919380,-65.914601
278.250000,-65.921721,-65.919506,-65.914727
278.300000,-65.921847,-65.919632,-65.914852
278.350000,-65.921972,-65.919757,-65.914977
278.400000,-65.922097,-65.919882,-65.915102
278.450000,-65.922222,-65.920007,-65.915227
278.500000,-65.922347,-65.920132,-65.915351
278.550000,-65.922472,-65.920257,-65.915476
278.600000,-65.922596,-65.920381,-65.915600
278.650000,-65.922720,-65.920505,-65.915724
278.700000,-65.922844,-65.920629,-65.915848
278.750000,-65.922968,-65.920753,-65.915971
278.800000,-65.923092,-65.920877,-65.916095
278.850000,-65.923215,-65.921000,-65.916218
278.900000,-65.923338,-65.921123,-65.916341
278.950000,-65.923462,-65.921247,-65.916464
279.000000,-65.923584,-65.921369,-65.916587
279.050000,-65.923707,-65.921492,-65.916709
279.100000,-65.923830,-65.921615,-65.916831
279.150000,-65.923952,-65.921737,-65.916953
279.200000,-65.924074,-65.921859,-65.917075
279.250000,-65.924196,-65.921981,-65.917197
279.300000,-65.924318,-65.922103,-65.917319
279.350000,-65.924439,-65.922224,-65.917440
279.400000,-65.924561,-65.922346,-65.917561
279.450000,-65.924682,-65.922467,-65.917682
279.500000,-65.924803,-65.922588,-65.917803
279.550000,-65.924924,-65.922709,-65.917923
279.600000,-65.925044,-65.922830,-65.918044
279.650000,-65.925165,-65.922950,-65.918164
279.700000,-65.925285,-65.923070,-65.918284
279.750000,-65.925405,-65.923190,-65.918404
279.800000,-65.925525,-65.923310,-65.918524
279.850000,-65.925645,-65.923430,-65.918643
279.900000,-65.925765,-65.923550,-65.918763
279.950000,-65.925884,-65.923669,-65.918882
280.000000,-65.926003,-65.923788,-65.919001
280.050000,-65.926122,-65.923907,-65.919119
280.100000,-65.926241,-65.924026,-65.919238
280.150000,-65.926360,-65.924145,-65.919356
280.200000,-65.926478,-65.924263,-65.919475
280.250000,-65.926596,-65.924381,-65.919593
280.300000,-65.926714,-65.924499,-65.919711
280.350000,-65.926832,-65.924617,-65.919828
280.400000,-65.926950,-65.924735,-65.919946
280.450000,-65.927068,-65.924853,-65.920063
280.500000,-65.927185,-65.924970,-65.920180
280.550000,-65.927302,-65.925087,-65.920297
280.600000,-65.927419,-65.925204,-65.920414
280.650000,-65.927536,-65.925321,-65.920531
280.700000,-65.927653,-65.925438,-65.920647
280.750000,-65.927769,-65.925554,-65.920763
280.800000,-65.927885,-65.925670,-65.920879
280.850000,-65.928001,-65.925787,-65.920995
280.900000,-65.928117,-65.925903,-65.921111
280.950000,-65.928233,-65.926018,-65.921227
281.000000,-65.928349,-65.926134,-65.921342
281.050000,-65.928464,-65.926249,-65.921457
281.100000,-65.928579,-65.926365,-65.921572
281.150000,-65.928694,-65.926480,-65.921687
281.200000,-65.928809,-65.926594,-65.921802
281.250000,-65.928924,-65.926709,-65.921916
281.300000,-65.929039,-65.926824,-65.922030
281.350000,-65.929153,-65.926938,-65.922145
281.400000,-65.929267,-65.927052,-65.922259
281.450000,-65.929381,-65.927166,-65.922372
281.500000,-65.929495,-65.927280,-65.922486
281.550000,-65.929609,-65.927394,-65.922599
281.600000,-65.929722,-65.927507,-65.922713
281.650000,-65.929835,-65.927621,-65.922826
281.700000,-65.929948,-65.927734,-65.922939
281.750000,-65.930061,-65.927847,-65.923051
281.800000,-65.930174,-65.927959,-65.923164
281.850000,-65.930287,-65.928072,-65.923276
281.900000,-65.930399,-65.928184,-65.923389
281.950000,-65.930512,-65.928297,-65.923501
282.000000,-65.930624,-65.928409,-65.923613
282.050000,-65.930736,-65.928521,-65.923724
282.100000,-65.930847,-65.928633,-65.923836
282.150000,-65.930959,-65.928744,-65.923947
282.200000,-65.931070,-65.928856,-65.924059
282.250000,-65.931182,-65.928967,-65.924170
282.300000,-65.931293,-65.929078,-65.924280
282.350000,-65.931403,-65.929189,-65.924391
282.400000,-65.931514,-65.929300,-65.924502
282.450000,-65.931625,-65.929410,-65.924612
282.500000,-65.931735,-65.929520,-65.924722
282.550000,-65.931845,-65.929631,-65.924832
282.600000,-65.931955,-65.929741,-65.924942
282.650000,-65.932065,-65.929851,-65.925052
282.700000,-65.932175,-65.929960,-65.925161
282.750000,-65.932285,-65.930070,-65.925271
282.800000,-65.932394,-65.930179,-65.925380
282.850000,-65.932503,-65.930289,-65.925489
282.900000,-65.932612,-65.930398,-65.925598
282.950000,-65.932721,-65.930506,-65.925706
283.000000,-65.932830,-65.930615,-65.925815
283.050000,-65.932938,-65.930724,-65.925923
283.100000,-65.933047,-65.930832,-65.926031
283.150000,-65.933155,-65.930940,-65.926139
283.200000,-65.933263,-65.931048,-65.926247
283.250000,-65.933371,-65.931156,-65.926355
283.300000,-65.933479,-65.931264,-65.926463
283.350000,-65.933586,-65.931372,-65.926570
283.400000,-65.933694,-65.931479,-65.926677
283.450000,-65.933801,-65.931586,-65.926784
283.500000,-65.933908,-65.931693,-65.926891
283.550000,-65.934015,-65.931800,-65.926998
283.600000,-65.934122,-65.931907,-65.927104
283.650000,-65.934228,-65.932014,-65.927211
283.700000,-65.934335,-65.932120,-65.927317
283.750000,-65.934441,-65.932226,-65.927423
283.800000,-65.934547,-65.932332,-65.927529
283.850000,-65.934653,-65.932438,-65.927635
283.900000,-65.934759,-65.932544,-65.927740
283.950000,-65.934864,-65.932650,-65.927846
284.000000,-65.934970,-65.932755,-65.927951
284.050000,-65.935075,-65.932860,-65.928056
284.100000,-65.935180,-65.932965,-65.928161
284.150000,-65.935285,-65.933070,-65.928266
284.200000,-65.935390,-65.933175,-65.928370
284.250000,-65.935494,-65.933280,-65.928475
284.300000,-65.935599,-65.933384,-65.928579
284.350000,-65.935703,-65.933489,-65.928683
284.400000,-65.935807,-65.933593,-65.928787
284.450000,-65.935911,-65.933697,-65.928891
284.500000,-65.936015,-65.933801,-65.928995
284.550000,-65.936119,-65.933904,-65.929098
284.600000,-65.936222,-65.934008,-65.929201
284.650000,-65.936326,-65.934111,-65.929305
284.700000,-65.936429,-65.934214,-65.929408
284.750000,-65.936532,-65.934318,-65.929510
284.800000,-65.936635,-65.934420,-65.929613
284.850000,-65.936738,-65.934523,-65.929716
284.900000,-65.936840,-65.934626,-65.929818
284.950000,-65.936943,-65.934728,-65.929920
285.000000,-65.937045,-65.934830,-65.930022
285.050000,-65.937147,-65.934933,-65.930124
285.100000,-65.937249,-65.935034,-65.930226
285.150000,-65.937351,-65.935136,-65.930328
285.200000,-65.937452,-65.935238,-65.930429
285.250000,-65.937554,-65.935339,-65.930530
285.300000,-65.937655,-65.935441,-65.930632
285.350000,-65.937756,-65.935542,-65.930733
285.400000,-65.937857,-65.935643,-65.930833
285.450000,-65.937958,-65.935744,-65.930934
285.500000,-65.938059,-65.935845,-65.931035
285.550000,-65.938160,-65.935945,-65.931135
285.600000,-65.938260,-65.936046,-65.931235
285.650000,-65.938360,-65.936146,-65.931335
285.700000,-65.938460,-65.936246,-65.931435
285.750000,-65.938560,-65.936346,-65.931535
285.800000,-65.938660,-65.936446,-65.931635
285.850000,-65.938760,-65.936545,-65.931734
285.900000,-65.938859,-65.936645,-65.931833
285.950000,-65.938959,-65.936744,-65.931933
286.000000,-65.939058,-65.936843,-65.932032
286.050000,-65.939157,-65.936942,-65.932130
286.100000,-65.939256,-65.937041,-65.932229
286.150000,-65.939354,-65.937140,-65.932328
286.200000,-65.939453,-65.937239,-65.932426
286.250000,-65.939551,-65.937337,-65.932524
286.300000,-65.939650,-65.937435,-65.932622
286.350000,-65.939748,-65.937533,-65.932720
286.400000,-65.939846,-65.937631,-65.932818
286.450000,-65.939944,-65.937729,-65.932916
286.500000,-65.940041,-65.937827,-65.933013
286.550000,-65.940139,-65.937924,-65.933111
286.600000,-65.940236,-65.938022,-65.933208
286.650000,-65.940333,-65.938119,-65.933305
286.700000,-65.940431,-65.938216,-65.933402
286.750000,-65.940527,-65.938313,-65.933499
286.800000,-65.940624,-65.938410,-65.933595
286.850000,-65.940721,-65.938506,-65.933692
286.900000,-65.940817,-65.938603,-65.933788
286.950000,-65.940914,-65.938699,-65.933884
287.000000,-65.941010,-65.938796,-65.933980
287.050000,-65.941106,-65.938892,-65.934076
287.100000,-65.941202,-65.938987,-65.934172
287.150000,-65.941298,-65.939083,-65.934268
287.200000,-65.941393,-65.939179,-65.934363
287.250000,-65.941489,-65.939274,-65.934458
287.300000,-65.941584,-65.939370,-65.934553
287.350000,-65.941679,-65.939465,-65.934648
287.400000,-65.941774,-65.939560,-65.934743
287.450000,-65.941869,-65.939655,-65.934838
287.500000,-65.941964,-65.939750,-65.934933
287.550000,-65.942058,-65.939844,-65.935027
287.600000,-65.942153,-65.939939,-65.935121
287.650000,-65.942247,-65.940033,-65.935215
287.700000,-65.942341,-65.940127,-65.935309
287.750000,-65.942435,-65.940221,-65.935403
287.800000,-65.942529,-65.940315,-65.935497
287.850000,-65.942623,-65.940409,-65.935591
287.900000,-65.942717,-65.940502,-65.935684
287.950000,-65.942810,-65.940596,-65.935777
288.000000,-65.942903,-65.940689,-65.935870
288.050000,-65.942997,-65.940782,-65.935963
288.100000,-65.943090,-65.940875,-65.936056
288.150000,-65.943182,-65.940968,-65.936149
288.200000,-65.943275,-65.941061,-65.936242
288.250000,-65.943368,-65.941153,-65.936334
288.300000,-65.943460,-65.941246,-65.936426
288.350000,-65.943553,-65.941338,-65.936518
288.400000,-65.943645,-65.941430,-65.936610
288.450000,-65.943737,-65.941522,-65.936702
288.500000,-65.943829,-65.941614,-65.936794
288.550000,-65.943920,-65.941706,-65.936886
288.600000,-65.944012,-65.941798,-65.936977
288.650000,-65.944103,-65.941889,-65.937068
288.700000,-65.944195,-65.941980,-65.937160
288.750000,-65.944286,-65.942072,-65.937251
288.800000,-65.944377,-65.942163,-65.937342
288.850000,-65.944468,-65.942254,-65.937432
288.900000,-65.944559,-65.942344,-65.937523
288.950000,-65.944649,-65.942435,-65.937613
289.000000,-65.944740,-65.942526,-65.937704
289.050000,-65.944830,-65.942616,-65.937794
289.100000,-65.944920,-65.942706,-65.937884
289.150000,-65.945010,-65.942796,-65.937974
289.200000,-65.945100,-65.942886,-65.938064
289.250000,-65.945190,-65.942976,-65.938153
289.300000,-65.945280,-65.943066,-65.938243
289.350000,-65.945369,-65.943155,-65.938332
289.400000,-65.945459,-65.943245,-65.938421
289.450000,-65.945548,-65.943334,-65.938511
289.500000,-65.945637,-65.943423,-65.938600
289.550000,-65.945726,-65.943512,-65.938688
289.600000,-65.945815,-65.943601,-65.938777
289.650000,-65.945904,-65.943690,-65.938866
289.700000,-65.945992,-65.943778,-65.938954
289.750000,-65.946081,-65.943867,-65.939042
289.800000,-65.946169,-65.943955,-65.939131
289.850000,-65.946257,-65.944043,-65.939219
289.900000,-65.946345,-65.944131,-65.939306
289.950000,-65.946433,-65.944219,-65.939394
290.000000,-65.946521,-65.944307,-65.939482
290.050000,-65.946609,-65.944394,-65.939569
290.100000,-65.946696,-65.944482,-65.939657
290.150000,-65.946784,-65.944569,-65.939744
290.200000,-65.946871,-65.944657,-65.939831
290.250000,-65.946958,-65.944744,-65.939918
290.300000,-65.947045,-65.944831,-65.940005
290.350000,-65.947132,-65.944918,-65.940092
290.400000,-65.947218,-65.945004,-65.940178
290.450000,-65.947305,-65.945091,-65.940265
290.500000,-65.947391,-65.945177,-65.940351
290.550000,-65.947478,-65.945264,-65.940437
290.600000,-65.947564,-65.945350,-65.940523
290.650000,-65.947650,-65.945436,-65.940609
290.700000,-65.947736,-65.945522,-65.940695
290.750000,-65.947822,-65.945608,-65.940780
290.800000,-65.947907,-65.945693,-65.940866
290.850000,-65.947993,-65.945779,-65.940951
290.900000,-65.948078,-65.945864,-65.941036
290.950000,-65.948164,-65.945949,-65.941122
291.000000,-65.948249,-65.946035,-65.941207
291.050000,-65.948334,-65.946120,-65.941291
291.100000,-65.948419,-65.946204,-65.941376
291.150000,-65.948503,-65.946289,-65.941461
291.200000,-65.948588,-65.946374,-65.941545
291.250000,-65.948672,-65.946458,-65.941630
291.300000,-65.948757,-65.946543,-65.941714
291.350000,-65.948841,-65.946627,-65.941798
291.400000,-65.948925,-65.946711,-65.941882
291.450000,-65.949009,-65.946795,-65.941966
291.500000,-65.949093,-65.946879,-65.942049
291.550000,-65.949177,-65.946963,-65.942133
291.600000,-65.949260,-65.947046,-65.942216
291.650000,-65.949344,-65.947130,-65.942300
291.700000,-65.949427,-65.947213,-65.942383
291.750000,-65.949510,-65.947296,-65.942466
291.800000,-65.949593,-65.947379,-65.942549
291.850000,-65.949676,-65.947462,-65.942632
291.900000,-65.949759,-65.947545,-65.942715
291.950000,-65.949842,-65.947628,-65.942797
292.000000,-65.949924,-65.947710,-65.942880
292.050000,-65.950007,-65.947793,-65.942962
292.100000,-65.950089,-65.947875,-65.943044
292.150000,-65.950171,-65.947957,-65.943126
292.200000,-65.950254,-65.948039,-65.943208
292.250000,-65.950336,-65.948121,-65.943290
292.300000,-65.950417,-65.948203,-65.943372
292.350000,-65.950499,-65.948285,-65.943453
292.400000,-65.950581,-65.948367,-65.943535
292.450000,-65.950662,-65.948448,-65.943616
292.500000,-65.950743,-65.948529,-65.943697
292.550000,-65.950825,-65.948611,-65.943778
292.600000,-65.950906,-65.948692,-65.943859
292.650000,-65.950987,-65.948773,-65.943940
292.700000,-65.951067,-65.948853,-65.944021
292.750000,-65.951148,-65.948934,-65.944101
292.800000,-65.951229,-65.949015,-65.944182
292.850000,-65.951309,-65.949095,-65.944262
292.900000,-65.951390,-65.949176,-65.944342
292.950000,-65.951470,-65.949256,-65.944422
293.000000,-65.951550,-65.949336,-65.944502
293.050000,-65.951630,-65.949416,-65.944582
293.100000,-65.951710,-65.949496,-65.944662
293.150000,-65.951789,-65.949575,-65.944741
293.200000,-65.951869,-65.949655,-65.944821
293.250000,-65.951949,-65.949735,-65.944900
293.300000,-65.952028,-65.949814,-65.944979
293.350000,-65.952107,-65.949893,-65.945059
293.400000,-65.952186,-65.949972,-65.945138
293.450000,-65.952265,-65.950051,-65.945216
293.500000,-65.952344,-65.950130,-65.945295
293.550000,-65.952423,-65.950209,-65.945374
293.600000,-65.952502,-65.950288,-65.945452
293.650000,-65.952580,-65.950366,-65.945531
293.700000,-65.952659,-65.950445,-65.945609
293.750000,-65.952737,-65.950523,-65.945687
293.800000,-65.952815,-65.950601,-65.945765
293.850000,-65.952893,-65.950679,-65.945843
293.900000,-65.952971,-65.950757,-65.945921
293.950000,-65.953049,-65.950835,-65.945999
294.000000,-65.953127,-65.950913,-65.946076
294.050000,-65.953204,-65.950990,-65.946154
294.100000,-65.953282,-65.951068,-65.946231
294.150000,-65.953359,-65.951145,-65.946308
294.200000,-65.953436,-65.951222,-65.946385
294.250000,-65.953513,-65.951299,-65.946462
294.300000,-65.953590,-65.951376,-65.946539
294.350000,-65.953667,-65.951453,-65.946616
294.400000,-65.953744,-65.951530,-65.946692
294.450000,-65.953820,-65.951607,-65.946769
294.500000,-65.953897,-65.951683,-65.946845
294.550000,-65.953973,-65.951759,-65.946922
294.600000,-65.954050,-65.951836,-65.946998
294.650000,-65.954126,-65.951912,-65.947074
294.700000,-65.954202,-65.951988,-65.947150
294.750000,-65.954278,-65.952064,-65.947226
294.800000,-65.954354,-65.952140,-65.947301
294.850000,-65.954429,-65.952215,-65.947377
294.900000,-65.954505,-65.952291,-65.947452
294.950000,-65.954580,-65.952367,-65.947528
295.000000,-65.954656,-65.952442,-65.947603
295.050000,-65.954731,-65.952517,-65.947678
295.100000,-65.954806,-65.952592,-65.947753
295.150000,-65.954881,-65.952667,-65.947828
295.200000,-65.954956,-65.952742,-65.947903
295.250000,-65.955031,-65.952817,-65.947977
295.300000,-65.955106,-65.952892,-65.948052
295.350000,-65.955180,-65.952966,-65.948126
295.400000,-65.955255,-65.953041,-65.948201
295.450000,-65.955329,-65.953115,-65.948275
295.500000,-65.955403,-65.953189,-65.948349
295.550000,-65.955477,-65.953263,-65.948423
295.600000,-65.955551,-65.953337,-65.948497
295.650000,-65.955625,-65.953411,-65.948571
295.700000,-65.955699,-65.953485,-65.948644
295.750000,-65.955773,-65.953559,-65.948718
295.800000,-65.955846,-65.953632,-65.948791
295.850000,-65.955920,-65.953706,-65.948865
295.900000,-65.955993,-65.953779,-65.948938
295.950000,-65.956066,-65.953852,-65.949011
296.000000,-65.956139,-65.953925,-65.949084
296.050000,-65.956212,-65.953998,-65.949157
296.100000,-65.956285,-65.954071,-65.949230
296.150000,-65.956358,-65.954144,-65.949302
296.200000,-65.956431,-65.954217,-65.949375
296.250000,-65.956503,-65.954289,-65.949447
296.300000,-65.956576,-65.954362,-65.949519
296.350000,-65.956648,-65.954434,-65.949592
296.400000,-65.956720,-65.954506,-65.949664
296.450000,-65.956792,-65.954578,-65.949736
296.500000,-65.956864,-65.954650,-65.949808
296.550000,-65.956936,-65.954722,-65.949879
296.600000,-65.957008,-65.954794,-65.949951
296.650000,-65.957079,-65.954866,-65.950023
296.700000,-65.957151,-65.954937,-65.950094
296.750000,-65.957222,-65.955009,-65.950165
296.800000,-65.957294,-65.955080,-65.950237
296.850000,-65.957365,-65.955151,-65.950308
296.900000,-65.957436,-65.955222,-65.950379
296.950000,-65.957507,-65.955293,-65.950450
297.000000,-65.957578,-65.955364,-65.950520
297.050000,-65.957649,-65.955435,-65.950591
297.100000,-65.957720,-65.955506,-65.950662
297.150000,-65.957790,-65.955576,-65.950732
297.200000,-65.957861,-65.955647,-65.950803
297.250000,-65.957931,-65.955717,-65.950873
297.300000,-65.958001,-65.955787,-65.950943
297.350000,-65.958071,-65.955858,-65.951013
297.400000,-65.958142,-65.955928,-65.951083
297.450000,-65.958211,-65.955998,-65.951153
297.500000,-65.958281,-65.956067,-65.951222
297.550000,-65.958351,-65.956137,-65.951292
297.600000,-65.958421,-65.956207,-65.951362
297.650000,-65.958490,-65.956276,-65.951431
297.700000,-65.958560,-65.956346,-65.951500
297.750000,-65.958629,-65.956415,-65.951569
297.800000,-65.958698,-65.956484,-65.951639
297.850000,-65.958767,-65.956553,-65.951708
297.900000,-65.958836,-65.956622,-65.951776
297.950000,-65.958905,-65.956691,-65.951845
298.000000,-65.958974,-65.956760,-65.951914
298.050000,-65.959043,-65.956829,-65.951982
298.100000,-65.959111,-65.956897,-65.952051
298.150000,-65.959180,-65.956966,-65.952119
298.200000,-65.959248,-65.957034,-65.952188
298.250000,-65.959316,-65.957102,-65.952256
298.300000,-65.959384,-65.957171,-65.952324
298.350000,-65.959452,-65.957239,-65.952392
298.400000,-65.959520,-65.957307,-65.952460
298.450000,-65.959588,-65.957374,-65.952527
298.500000,-65.959656,-65.957442,-65.952595
298.550000,-65.959724,-65.957510,-65.952662
298.600000,-65.959791,-65.957577,-65.952730
298.650000,-65.959859,-65.957645,-65.952797
298.700000,-65.959926,-65.957712,-65.952864
298.750000,-65.959993,-65.957779,-65.952932
298.800000,-65.960060,-65.957847,-65.952999
298.850000,-65.960127,-65.957914,-65.953065
298.900000,-65.960194,-65.957980,-65.953132
298.950000,-65.960261,-65.958047,-65.953199
299.000000,-65.960328,-65.958114,-65.953266
299.050000,-65.960394,-65.958181,-65.953332
299.100000,-65.960461,-65.958247,-65.953399
299.150000,-65.960527,-65.958314,-65.953465
299.200000,-65.960594,-65.958380,-65.953531
299.250000,-65.960660,-65.958446,-65.953597
299.300000,-65.960726,-65.958512,-65.953663
299.350000,-65.960792,-65.958578,-65.953729
299.400000,-65.960858,-65.958644,-65.953795
299.450000,-65.960924,-65.958710,-65.953861
299.500000,-65.960989,-65.958776,-65.953926
299.550000,-65.961055,-65.958841,-65.953992
299.600000,-65.961121,-65.958907,-65.954057
299.650000,-65.961186,-65.958972,-65.954122
299.700000,-65.961251,-65.959038,-65.954188
299.750000,-65.961317,-65.959103,-65.954253
299.800000,-65.961382,-65.959168,-65.954318
299.850000,-65.961447,-65.959233,-65.954383
299.900000,-65.961512,-65.959298,-65.954448
299.950000,-65.961576,-65.959363,-65.954512
300.000000,-65.961641,-65.959427,-65.954577
300.050000,-65.961706,-65.959492,-65.954641
300.100000,-65.961770,-65.959557,-65.954706
300.150000,-65.961835,-65.959621,-65.954770
300.200000,-65.961899,-65.959685,-65.954834
300.250000,-65.961963,-65.959750,-65.954898
300.300000,-65.962027,-65.959814,-65.954963
300.350000,-65.962091,-65.959878,-65.955026
300.400000,-65.962155,-65.959942,-65.955090
300.450000,-65.962219,-65.960005,-65.955154
300.500000,-65.962283,-65.960069,-65.955218
300.550000,-65.962347,-65.960133,-65.955281
300.600000,-65.962410,-65.960196,-65.955345
300.650000,-65.962474,-65.960260,-65.955408
300.700000,-65.962537,-65.960323,-65.955471
300.750000,-65.962600,-65.960387,-65.955534
300.800000,-65.962663,-65.960450,-65.955598
300.850000,-65.962726,-65.960513,-65.955660
300.900000,-65.962789,-65.960576,-65.955723
300.950000,-65.962852,-65.960639,-65.955786
301.000000,-65.962915,-65.960701,-65.955849
301.050000,-65.962978,-65.960764,-65.955911
301.100000,-65.963040,-65.960827,-65.955974
301.150000,-65.963103,-65.960889,-65.956036
301.200000,-65.963165,-65.960952,-65.956099
301.250000,-65.963228,-65.961014,-65.956161
301.300000,-65.963290,-65.961076,-65.956223
301.350000,-65.963352,-65.961138,-65.956285
301.400000,-65.963414,-65.961200,-65.956347
301.450000,-65.963476,-65.961262,-65.956409
301.500000,-65.963538,-65.961324,-65.956470
301.550000,-65.963599,-65.961386,-65.956532
301.600000,-65.963661,-65.961447,-65.956594
301.650000,-65.963723,-65.961509,-65.956655
301.700000,-65.963784,-65.961570,-65.956716
301.750000,-65.963846,-65.961632,-65.956778
301.800000,-65.963907,-65.961693,-65.956839
301.850000,-65.963968,-65.961754,-65.956900
301.900000,-65.964029,-65.961815,-65.956961
301.950000,-65.964090,-65.961876,-65.957022
302.000000,-65.964151,-65.961937,-65.957083
302.050000,-65.964212,-65.961998,-65.957143
302.100000,-65.964272,-65.962059,-65.957204
302.150000,-65.964333,-65.962119,-65.957265
302.200000,-65.964394,-65.962180,-65.957325
302.250000,-65.964454,-65.962240,-65.957385
302.300000,-65.964514,-65.962301,-65.957446
302.350000,-65.964575,-65.962361,-65.957506
302.400000,-65.964635,-65.962421,-65.957566
302.450000,-65.964695,-65.962481,-65.957626
302.500000,-65.964755,-65.962541,-65.957686
302.550000,-65.964815,-65.962601,-65.957746
302.600000,-65.964875,-65.962661,-65.957805
302.650000,-65.964934,-65.962721,-65.957865
302.700000,-65.964994,-65.962780,-65.957924
302.750000,-65.965053,-65.962840,-65.957984
302.800000,-65.965113,-65.962899,-65.958043
302.850000,-65.965172,-65.962959,-65.958102
302.900000,-65.965232,-65.963018,-65.958162
302.950000,-65.965291,-65.963077,-65.958221
303.000000,-65.965350,-65.963136,-65.958280
303.050000,-65.965409,-65.963195,-65.958339
303.100000,-65.965468,-65.963254,-65.958397
303.150000,-65.965526,-65.963313,-65.958456
303.200000,-65.965585,-65.963372,-65.958515
303.250000,-65.965644,-65.963430,-65.958573
303.300000,-65.965702,-65.963489,-65.958632
303.350000,-65.965761,-65.963547,-65.958690
303.400000,-65.965819,-65.963606,-65.958748
303.450000,-65.965878,-65.963664,-65.958807
303.500000,-65.965936,-65.963722,-65.958865
303.550000,-65.965994,-65.963780,-65.958923
303.600000,-65.966052,-65.963838,-65.958981
303.650000,-65.966110,-65.963896,-65.959038
303.700000,-65.966168,-65.963954,-65.959096
303.750000,-65.966225,-65.964012,-65.959154
303.800000,-65.966283,-65.964069,-65.959211
303.850000,-65.966341,-65.964127,-65.959269
303.900000,-65.966398,-65.964184,-65.959326
303.950000,-65.966455,-65.964242,-65.959384
304.000000,-65.966513,-65.964299,-65.959441
304.050000,-65.966570,-65.964356,-65.959498
304.100000,-65.966627,-65.964414,-65.959555
304.150000,-65.966684,-65.964471,-65.959612
304.200000,-65.966741,-65.964528,-65.959669
304.250000,-65.966798,-65.964584,-65.959726
304.300000,-65.966855,-65.964641,-65.959782
304.350000,-65.966912,-65.964698,-65.959839
304.400000,-65.966968,-65.964755,-65.959896
304.450000,-65.967025,-65.964811,-65.959952
304.500000,-65.967081,-65.964868,-65.960008
304.550000,-65.967137,-65.964924,-65.960065
304.600000,-65.967194,-65.964980,-65.960121
304.650000,-65.967250,-65.965036,-65.960177
304.700000,-65.967306,-65.965093,-65.960233
304.750000,-65.967362,-65.965149,-65.960289
304.800000,-65.967418,-65.965204,-65.960345
304.850000,-65.967474,-65.965260,-65.960400
304.900000,-65.967530,-65.965316,-65.960456
304.950000,-65.967585,-65.965372,-65.960512
305.000000,-65.967641,-65.965427,-65.960567
305.050000,-65.967696,-65.965483,-65.960623
305.100000,-65.967752,-65.965538,-65.960678
305.150000,-65.967807,-65.965594,-65.960733
305.200000,-65.967862,-65.965649,-65.960788
305.250000,-65.967918,-65.965704,-65.960844
305.300000,-65.967973,-65.965759,-65.960899
305.350000,-65.968028,-65.965814,-65.960953
305.400000,-65.968083,-65.965869,-65.961008
305.450000,-65.968138,-65.965924,-65.961063
305.500000,-65.968192,-65.965979,-65.961118
305.550000,-65.968247,-65.966033,-65.961172
305.600000,-65.968302,-65.966088,-65.961227
305.650000,-65.968356,-65.966143,-65.961281
305.700000,-65.968411,-65.966197,-65.961336
305.750000,-65.968465,-65.966251,-65.961390
305.800000,-65.968519,-65.966306,-65.961444
305.850000,-65.968573,-65.966360,-65.961498
305.900000,-65.968627,-65.966414,-65.961552
305.950000,-65.968681,-65.966468,-65.961606
306.000000,-65.968735,-65.966522,-65.961660
306.050000,-65.968789,-65.966576,-65.961714
306.100000,-65.968843,-65.966629,-65.961767
306.150000,-65.968897,-65.966683,-65.961821
306.200000,-65.968950,-65.966737,-65.961875
306.250000,-65.969004,-65.966790,-65.961928
306.300000,-65.969057,-65.966844,-65.961981
306.350000,-65.969111,-65.966897,-65.962035
306.400000,-65.969164,-65.966950,-65.962088
306.450000,-65.969217,-65.967004,-65.962141
306.500000,-65.969270,-65.967057,-65.962194
306.550000,-65.969323,-65.967110,-65.962247
306.600000,-65.969376,-65.967163,-65.962300
306.650000,-65.969429,-65.967216,-65.962353
306.700000,-65.969482,-65.967268,-65.962405
306.750000,-65.969535,-65.967321,-65.962458
306.800000,-65.969587,-65.967374,-65.962511
306.850000,-65.969640,-65.967426,-65.962563
306.900000,-65.969692,-65.967479,-65.962616
306.950000,-65.969745,-65.967531,-65.962668
307.000000,-65.969797,-65.967584,-65.962720
307.050000,-65.969849,-65.967636,-65.962772
307.100000,-65.969901,-65.967688,-65.962824
307.150000,-65.969954,-65.967740,-65.962876
307.200000,-65.970006,-65.967792,-65.962928
307.250000,-65.970057,-65.967844,-65.962980
307.300000,-65.970109,-65.967896,-65.963032
307.350000,-65.970161,-65.967948,-65.963084
307.400000,-65.970213,-65.967999,-65.963135
307.450000,-65.970264,-65.968051,-65.963187
307.500000,-65.970316,-65.968102,-65.963238
307.550000,-65.970367,-65.968154,-65.963290
307.600000,-65.970419,-65.968205,-65.963341
307.650000,-65.970470,-65.968257,-65.963392
307.700000,-65.970521,-65.968308,-65.963443
307.750000,-65.970572,-65.968359,-65.963494
307.800000,-65.970624,-65.968410,-65.963545
307.850000,-65.970675,-65.968461,-65.963596
307.900000,-65.970725,-65.968512,-65.963647
307.950000,-65.970776,-65.968563,-65.963698
308.000000,-65.970827,-65.968614,-65.963749
308.050000,-65.970878,-65.968664,-65.963799
308.100000,-65.970928,-65.968715,-65.963850
308.150000,-65.970979,-65.968765,-65.963900
308.200000,-65.971029,-65.968816,-65.963950
308.250000,-65.971080,-65.968866,-65.964001
308.300000,-65.971130,-65.968917,-65.964051
308.350000,-65.971180,-65.968967,-65.964101
308.400000,-65.971230,-65.969017,-65.964151
308.450000,-65.971280,-65.969067,-65.964201
308.500000,-65.971330,-65.969117,-65.964251
308.550000,-65.971380,-65.969167,-65.964301
308.600000,-65.971430,-65.969217,-65.964351
308.650000,-65.971480,-65.969267,-65.964400
308.700000,-65.971530,-65.969316,-65.964450
308.750000,-65.971579,-65.969366,-65.964500
308.800000,-65.971629,-65.969415,-65.964549
308.850000,-65.971678,-65.969465,-65.964598
308.900000,-65.971728,-65.969514,-65.964648
308.950000,-65.971777,-65.969564,-65.964697
309.000000,-65.971826,-65.969613,-65.964746
309.050000,-65.971875,-65.969662,-65.964795
309.100000,-65.971924,-65.969711,-65.964844
309.150000,-65.971974,-65.969760,-65.964893
309.200000,-65.972022,-65.969809,-65.964942
309.250000,-65.972071,-65.969858,-65.964991
309.300000,-65.972120,-65.969907,-65.965040
309.350000,-65.972169,-65.969955,-65.965088
309.400000,-65.972218,-65.970004,-65.965137
309.450000,-65.972266,-65.970053,-65.965185
309.500000,-65.972315,-65.970101,-65.965234
309.550000,-65.972363,-65.970150,-65.965282
309.600000,-65.972411,-65.970198,-65.965330
309.650000,-65.972460,-65.970246,-65.965379
309.700000,-65.972508,-65.970294,-65.965427
309.750000,-65.972556,-65.970343,-65.965475
309.800000,-65.972604,-65.970391,-65.965523
309.850000,-65.972652,-65.970439,-65.965571
309.900000,-65.972700,-65.970487,-65.965619
309.950000,-65.972748,-65.970534,-65.965666
310.000000,-65.972796,-65.970582,-65.965714
310.050000,-65.972843,-65.970630,-65.965762
310.100000,-65.972891,-65.970678,-65.965809
310.150000,-65.972938,-65.970725,-65.965857
310.200000,-65.972986,-65.970773,-65.965904
310.250000,-65.973033,-65.970820,-65.965952
310.300000,-65.973081,-65.970867,-65.965999
310.350000,-65.973128,-65.970915,-65.966046
310.400000,-65.973175,-65.970962,-65.966093
310.450000,-65.973222,-65.971009,-65.966140
310.500000,-65.973269,-65.971056,-65.966187
310.550000,-65.973316,-65.971103,-65.966234
310.600000,-65.973363,-65.971150,-65.966281
310.650000,-65.973410,-65.971197,-65.966328
310.700000,-65.973457,-65.971243,-65.966374
310.750000,-65.973504,-65.971290,-65.966421
310.800000,-65.973550,-65.971337,-65.966468
310.850000,-65.973597,-65.971383,-65.966514
310.900000,-65.973643,-65.971430,-65.966560
310.950000,-65.973690,-65.971476,-65.966607
311.000000,-65.973736,-65.971523,-65.966653
311.050000,-65.973782,-65.971569,-65.966699
311.100000,-65.973828,-65.971615,-65.966745
311.150000,-65.973875,-65.971661,-65.966792
311.200000,-65.973921,-65.971707,-65.966838
311.250000,-65.973967,-65.971753,-65.966883
311.300000,-65.974013,-65.971799,-65.966929
311.350000,-65.974058,-65.971845,-65.966975
311.400000,-65.974104,-65.971891,-65.967021
311.450000,-65.974150,-65.971937,-65.967066
311.500000,-65.974196,-65.971982,-65.967112
311.550000,-65.974241,-65.972028,-65.967158
311.600000,-65.974287,-65.972073,-65.967203
311.650000,-65.974332,-65.972119,-65.967248
311.700000,-65.974378,-65.972164,-65.967294
311.750000,-65.974423,-65.972209,-65.967339
311.800000,-65.974468,-65.972255,-65.967384
311.850000,-65.974513,-65.972300,-65.967429
311.900000,-65.974558,-65.972345,-65.967474
311.950000,-65.974603,-65.972390,-65.967519
312.000000,-65.974648,-65.972435,-65.967564
312.050000,-65.974693,-65.972480,-65.967609
312.100000,-65.974738,-65.972525,-65.967654
312.150000,-65.974783,-65.972569,-65.967698
312.200000,-65.974827,-65.972614,-65.967743
312.250000,-65.974872,-65.972659,-65.967788
312.300000,-65.974917,-65.972703,-65.967832
312.350000,-65.974961,-65.972748,-65.967876
312.400000,-65.975006,-65.972792,-65.967921
312.450000,-65.975050,-65.972837,-65.967965
312.500000,-65.975094,-65.972881,-65.968009
312.550000,-65.975138,-65.972925,-65.968053
312.600000,-65.975183,-65.972969,-65.968098
312.650000,-65.975227,-65.973013,-65.968142
312.700000,-65.975271,-65.973057,-65.968186
312.750000,-65.975315,-65.973101,-65.968229
312.800000,-65.975359,-65.973145,-65.968273
312.850000,-65.975402,-65.973189,-65.968317
312.900000,-65.975446,-65.973233,-65.968361
312.950000,-65.975490,-65.973276,-65.968404
313.000000,-65.975533,-65.973320,-65.968448
313.050000,-65.975577,-65.973364,-65.968491
313.100000,-65.975620,-65.973407,-65.968535
313.150000,-65.975664,-65.973451,-65.968578
313.200000,-65.975707,-65.973494,-65.968621
313.250000,-65.975751,-65.973537,-65.968665
313.300000,-65.975794,-65.973580,-65.968708
313.350000,-65.975837,-65.973624,-65.968751
313.400000,-65.975880,-65.973667,-65.968794
313.450000,-65.975923,-65.973710,-65.968837
313.500000,-65.975966,-65.973753,-65.968880
313.550000,-65.976009,-65.973796,-65.968923
313.600000,-65.976052,-65.973838,-65.968965
313.650000,-65.976095,-65.973881,-65.969008
313.700000,-65.976137,-65.973924,-65.969051
313.750000,-65.976180,-65.973967,-65.969093
313.800000,-65.976222,-65.974009,-65.969136
313.850000,-65.976265,-65.974052,-65.969178
313.900000,-65.976307,-65.974094,-65.969221
313.950000,-65.976350,-65.974136,-65.969263
314.000000,-65.976392,-65.974179,-65.969305
314.050000,-65.976434,-65.974221,-65.969348
314.100000,-65.976477,-65.974263,-65.969390
314.150000,-65.976519,-65.974305,-65.969432
314.200000,-65.976561,-65.974347,-65.969474
314.250000,-65.976603,-65.974389,-65.969516
314.300000,-65.976645,-65.974431,-65.969558
314.350000,-65.976687,-65.974473,-65.969599
314.400000,-65.976728,-65.974515,-65.969641
314.450000,-65.976770,-65.974557,-65.969683
314.500000,-65.976812,-65.974598,-65.969724
314.550000,-65.976853,-65.974640,-65.969766
314.600000,-65.976895,-65.974682,-65.969807
314.650000,-65.976936,-65.974723,-65.969849
314.700000,-65.976978,-65.974765,-65.969890
314.750000,-65.977019,-65.974806,-65.969932
314.800000,-65.977061,-65.974847,-65.969973
314.850000,-65.977102,-65.974889,-65.970014
314.900000,-65.977143,-65.974930,-65.970055
314.950000,-65.977184,-65.974971,-65.970096
315.000000,-65.977225,-65.975012,-65.970137
315.050000,-65.977266,-65.975053,-65.970178
315.100000,-65.977307,-65.975094,-65.970219
315.150000,-65.977348,-65.975135,-65.970260
315.200000,-65.977389,-65.975176,-65.970301
315.250000,-65.977430,-65.975216,-65.970341
315.300000,-65.977470,-65.975257,-65.970382
315.350000,-65.977511,-65.975298,-65.970422
315.400000,-65.977551,-65.975338,-65.970463
315.450000,-65.977592,-65.975379,-65.970503
315.500000,-65.977632,-65.975419,-65.970544
315.550000,-65.977673,-65.975459,-65.970584
315.600000,-65.977713,-65.975500,-65.970624
315.650000,-65.977753,-65.975540,-65.970665
315.700000,-65.977793,-65.975580,-65.970705
315.750000,-65.977834,-65.975620,-65.970745
315.800000,-65.977874,-65.975660,-65.970785
315.850000,-65.977914,-65.975700,-65.970825
315.900000,-65.977954,-65.975740,-65.970865
315.950000,-65.977994,-65.975780,-65.970905
316.000000,-65.978033,-65.975820,-65.970944
316.050000,-65.978073,-65.975860,-65.970984
316.100000,-65.978113,-65.975900,-65.971024
316.150000,-65.978153,-65.975939,-65.971063
316.200000,-65.978192,-65.975979,-65.971103
316.250000,-65.978232,-65.976018,-65.971142
316.300000,-65.978271,-65.976058,-65.971182
316.350000,-65.978311,-65.976097,-65.971221
316.400000,-65.978350,-65.976137,-65.971260
316.450000,-65.978389,-65.976176,-65.971300
316.500000,-65.978428,-65.976215,-65.971339
316.550000,-65.978468,-65.976254,-65.971378
316.600000,-65.978507,-65.976293,-65.971417
316.650000,-65.978546,-65.976333,-65.971456
316.700000,-65.978585,-65.976372,-65.971495
316.750000,-65.978624,-65.976410,-65.971534
316.800000,-65.978663,-65.976449,-65.971573
316.850000,-65.978701,-65.976488,-65.971611
316.900000,-65.978740,-65.976527,-65.971650
316.950000,-65.978779,-65.976566,-65.971689
317.000000,-65.978818,-65.976604,-65.971727
317.050000,-65.978856,-65.976643,-65.971766
317.100000,-65.978895,-65.976681,-65.971804
317.150000,-65.978933,-65.976720,-65.971843
317.200000,-65.978972,-65.976758,-65.971881
317.250000,-65.979010,-65.976797,-65.971919
317.300000,-65.979048,-65.976835,-65.971958
317.350000,-65.979086,-65.976873,-65.971996
317.400000,-65.979125,-65.976911,-65.972034
317.450000,-65.979163,-65.976950,-65.972072
317.500000,-65.979201,-65.976988,-65.972110
317.550000,-65.979239,-65.977026,-65.972148
317.600000,-65.979277,-65.977064,-65.972186
317.650000,-65.979315,-65.977101,-65.972224
317.700000,-65.979352,-65.977139,-65.972262
317.750000,-65.979390,-65.977177,-65.972299
317.800000,-65.979428,-65.977215,-65.972337
317.850000,-65.979466,-65.977252,-65.972375
317.900000,-65.979503,-65.977290,-65.972412
317.950000,-65.979541,-65.977328,-65.972450
318.000000,-65.979578,-65.977365,-65.972487
318.050000,-65.979616,-65.977403,-65.972524
318.100000,-65.979653,-65.977440,-65.972562
318.150000,-65.979690,-65.977477,-65.972599
318.200000,-65.979728,-65.977515,-65.972636
318.250000,-65.979765,-65.977552,-65.972673
318.300000,-65.979802,-65.977589,-65.972710
318.350000,-65.979839,-65.977626,-65.972748
318.400000,-65.979876,-65.977663,-65.972785
318.450000,-65.979913,-65.977700,-65.972821
318.500000,-65.979950,-65.977737,-65.972858
318.550000,-65.979987,-65.977774,-65.972895
318.600000,-65.980024,-65.977811,-65.972932
318.650000,-65.980061,-65.977847,-65.972969
318.700000,-65.980097,-65.977884,-65.973005
318.750000,-65.980134,-65.977921,-65.973042
318.800000,-65.980171,-65.977957,-65.973078
318.850000,-65.980207,-65.977994,-65.973115
318.900000,-65.980244,-65.978030,-65.973151
318.950000,-65.980280,-65.978067,-65.973188
319.000000,-65.980316,-65.978103,-65.973224
319.050000,-65.980353,-65.978140,-65.973260
319.100000,-65.980389,-65.978176,-65.973297
319.150000,-65.980425,-65.978212,-65.973333
319.200000,-65.980461,-65.978248,-65.973369
319.250000,-65.980497,-65.978284,-65.973405
319.300000,-65.980534,-65.978320,-65.973441
319.350000,-65.980570,-65.978356,-65.973477
319.400000,-65.980605,-65.978392,-65.973513
319.450000,-65.980641,-65.978428,-65.973549
319.500000,-65.980677,-65.978464,-65.973584
319.550000,-65.980713,-65.978500,-65.973620
319.600000,-65.980749,-65.978535,-65.973656
319.650000,-65.980784,-65.978571,-65.973691
319.700000,-65.980820,-65.978607,-65.973727
319.750000,-65.980856,-65.978642,-65.973762
319.800000,-65.980891,-65.978678,-65.973798
319.850000,-65.980926,-65.978713,-65.973833
319.900000,-65.980962,-65.978749,-65.973869
319.950000,-65.980997,-65.978784,-65.973904
320.000000,-65.981033,-65.978819,-65.973939
320.050000,-65.981068,-65.978855,-65.973974
320.100000,-65.981103,-65.978890,-65.974010
320.150000,-65.981138,-65.978925,-65.974045
320.200000,-65.981173,-65.978960,-65.974080
320.250000,-65.981208,-65.978995,-65.974115
320.300000,-65.981243,-65.979030,-65.974150
320.350000,-65.981278,-65.979065,-65.974184
320.400000,-65.981313,-65.979100,-65.974219
320.450000,-65.981348,-65.979135,-65.974254
320.500000,-65.981383,-65.979169,-65.974289
320.550000,-65.981417,-65.979204,-65.974323
320.600000,-65.981452,-65.979239,-65.974358
320.650000,-65.981487,-65.979273,-65.974393
320.700000,-65.981521,-65.979308,-65.974427
320.750000,-65.981556,-65.979342,-65.974462
320.800000,-65.981590,-65.979377,-65.974496
320.850000,-65.981624,-65.979411,-65.974530
320.900000,-65.981659,-65.979446,-65.974565
320.950000,-65.981693,-65.979480,-65.974599
321.000000,-65.981727,-65.979514,-65.974633
321.050000,-65.981762,-65.979548,-65.974667
321.100000,-65.981796,-65.979582,-65.974701
321.150000,-65.981830,-65.979617,-65.974735
321.200000,-65.981864,-65.979651,-65.974769
321.250000,-65.981898,-65.979685,-65.974803
321.300000,-65.981932,-65.979719,-65.974837
321.350000,-65.981966,-65.979752,-65.974871
321.400000,-65.981999,-65.979786,-65.974905
321.450000,-65.982033,-65.979820,-65.974938
321.500000,-65.982067,-65.979854,-65.974972
321.550000,-65.982101,-65.979887,-65.975006
321.600000,-65.982134,-65.979921,-65.975039
321.650000,-65.982168,-65.979955,-65.975073
321.700000,-65.982201,-65.979988,-65.975106
321.750000,-65.982235,-65.980022,-65.975140
321.800000,-65.982268,-65.980055,-65.975173
321.850000,-65.982302,-65.980088,-65.975207
321.900000,-65.982335,-65.980122,-65.975240
321.950000,-65.982368,-65.980155,-65.975273
322.000000,-65.982401,-65.980188,-65.975306
322.050000,-65.982435,-65.980221,-65.975339
322.100000,-65.982468,-65.980255,-65.975372
322.150000,-65.982501,-65.980288,-65.975405
322.200000,-65.982534,-65.980321,-65.975438
322.250000,-65.982567,-65.980354,-65.975471
322.300000,-65.982600,-65.980387,-65.975504
322.350000,-65.982633,-65.980419,-65.975537
322.400000,-65.982665,-65.980452,-65.975570
322.450000,-65.982698,-65.980485,-65.975603
322.500000,-65.982731,-65.980518,-65.975635
322.550000,-65.982764,-65.980550,-65.975668
322.600000,-65.982796,-65.980583,-65.975700
322.650000,-65.982829,-65.980616,-65.975733
322.700000,-65.982861,-65.980648,-65.975765
322.750000,-65.982894,-65.980681,-65.975798
322.800000,-65.982926,-65.980713,-65.975830
322.850000,-65.982959,-65.980746,-65.975863
322.900000,-65.982991,-65.980778,-65.975895
322.950000,-65.983023,-65.980810,-65.975927
323.000000,-65.983055,-65.980842,-65.975959
323.050000,-65.983088,-65.980875,-65.975992
323.100000,-65.983120,-65.980907,-65.976024
323.150000,-65.983152,-65.980939,-65.976056
323.200000,-65.983184,-65.980971,-65.976088
323.250000,-65.983216,-65.981003,-65.976120
323.300000,-65.983248,-65.981035,-65.976152
323.350000,-65.983280,-65.981067,-65.976183
323.400000,-65.983312,-65.981098,-65.976215
323.450000,-65.983343,-65.981130,-65.976247
323.500000,-65.983375,-65.981162,-65.976279
323.550000,-65.983407,-65.981194,-65.976310
323.600000,-65.983439,-65.981225,-65.976342
323.650000,-65.983470,-65.981257,-65.976373
323.700000,-65.983502,-65.981289,-65.976405
323.750000,-65.983533,-65.981320,-65.976436
323.800000,-65.983565,-65.981352,-65.976468
323.850000,-65.983596,-65.981383,-65.976499
323.900000,-65.983627,-65.981414,-65.976531
323.950000,-65.983659,-65.981446,-65.976562
324.000000,-65.983690,-65.981477,-65.976593
324.050000,-65.983721,-65.981508,-65.976624
324.100000,-65.983752,-65.981539,-65.976655
324.150000,-65.983784,-65.981571,-65.976687
324.200000,-65.983815,-65.981602,-65.976718
324.250000,-65.983846,-65.981633,-65.976749
324.300000,-65.983877,-65.981664,-65.976780
324.350000,-65.983908,-65.981695,-65.976810
324.400000,-65.983939,-65.981725,-65.976841
324.450000,-65.983969,-65.981756,-65.976872
324.500000,-65.984000,-65.981787,-65.976903
324.550000,-65.984031,-65.981818,-65.976934
324.600000,-65.984062,-65.981849,-65.976964
324.650000,-65.984092,-65.981879,-65.976995
324.700000,-65.984123,-65.981910,-65.977025
324.750000,-65.984154,-65.981940,-65.977056
324.800000,-65.984184,-65.981971,-65.977086
324.850000,-65.984215,-65.982002,-65.977117
324.900000,-65.984245,-65.982032,-65.977147
324.950000,-65.984275,-65.982062,-65.977178
325.000000,-65.984306,-65.982093,-65.977208
325.050000,-65.984336,-65.982123,-65.977238
325.100000,-65.984366,-65.982153,-65.977268
325.150000,-65.984397,-65.982183,-65.977299
325.200000,-65.984427,-65.982214,-65.977329
325.250000,-65.984457,-65.982244,-65.977359
325.300000,-65.984487,-65.982274,-65.977389
325.350000,-65.984517,-65.982304,-65.977419
325.400000,-65.984547,-65.982334,-65.977449
325.450000,-65.984577,-65.982364,-65.977479
325.500000,-65.984607,-65.982394,-65.977509
325.550000,-65.984637,-65.982423,-65.977538
325.600000,-65.984666,-65.982453,-65.977568
325.650000,-65.984696,-65.982483,-65.977598
325.700000,-65.984726,-65.982513,-65.977627
325.750000,-65.984756,-65.982542,-65.977657
325.800000,-65.984785,-65.982572,-65.977687
325.850000,-65.984815,-65.982602,-65.977716
325.900000,-65.984844,-65.982631,-65.977746
325.950000,-65.984874,-65.982661,-65.977775
326.000000,-65.984903,-65.982690,-65.977805
326.050000,-65.984933,-65.982719,-65.977834
326.100000,-65.984962,-65.982749,-65.977863
326.150000,-65.984991,-65.982778,-65.977893
326.200000,-65.985021,-65.982807,-65.977922
326.250000,-65.985050,-65.982837,-65.977951
326.300000,-65.985079,-65.982866,-65.977980
326.350000,-65.985108,-65.982895,-65.978009
326.400000,-65.985137,-65.982924,-65.978038
326.450000,-65.985166,-65.982953,-65.978067
326.500000,-65.985195,-65.982982,-65.978096
326.550000,-65.985224,-65.983011,-65.978125
326.600000,-65.985253,-65.983040,-65.978154
326.650000,-65.985282,-65.983069,-65.978183
326.700000,-65.985311,-65.983098,-65.978212
326.750000,-65.985340,-65.983126,-65.978240
326.800000,-65.985368,-65.983155,-65.978269
326.850000,-65.985397,-65.983184,-65.978298
326.900000,-65.985426,-65.983213,-65.978326
326.950000,-65.985454,-65.983241,-65.978355
327.000000,-65.985483,-65.983270,-65.978383
327.050000,-65.985511,-65.983298,-65.978412
327.100000,-65.985540,-65.983327,-65.978440
327.150000,-65.985568,-65.983355,-65.978469
327.200000,-65.985597,-65.983384,-65.978497
327.250000,-65.985625,-65.983412,-65.978525
327.300000,-65.985653,-65.983440,-65.978554
327.350000,-65.985682,-65.983469,-65.978582
327.400000,-65.985710,-65.983497,-65.978610
327.450000,-65.985738,-65.983525,-65.978638
327.500000,-65.985766,-65.983553,-65.978666
327.550000,-65.985794,-65.983581,-65.978694
327.600000,-65.985822,-65.983609,-65.978722
327.650000,-65.985850,-65.983637,-65.978750
327.700000,-65.985878,-65.983665,-65.978778
327.750000,-65.985906,-65.983693,-65.978806
327.800000,-65.985934,-65.983721,-65.978834
327.850000,-65.985962,-65.983749,-65.978862
327.900000,-65.985990,-65.983777,-65.978890
327.950000,-65.986018,-65.983804,-65.978917
328.000000,-65.986045,-65.983832,-65.978945
328.050000,-65.986073,-65.983860,-65.978973
328.100000,-65.986101,-65.983887,-65.979000
328.150000,-65.986128,-65.983915,-65.979028
328.200000,-65.986156,-65.983943,-65.979055
328.250000,-65.986183,-65.983970,-65.979083
328.300000,-65.986211,-65.983998,-65.979110
328.350000,-65.986238,-65.984025,-65.979138
328.400000,-65.986265,-65.984052,-65.979165
328.450000,-65.986293,-65.984080,-65.979192
328.500000,-65.986320,-65.984107,-65.979220
328.550000,-65.986347,-65.984134,-65.979247
328.600000,-65.986375,-65.984162,-65.979274
328.650000,-65.986402,-65.984189,-65.979301
328.700000,-65.986429,-65.984216,-65.979328
328.750000,-65.986456,-65.984243,-65.979355
328.800000,-65.986483,-65.984270,-65.979382
328.850000,-65.986510,-65.984297,-65.979409
328.900000,-65.986537,-65.984324,-65.979436
328.950000,-65.986564,-65.984351,-65.979463
329.000000,-65.986591,-65.984378,-65.979490
329.050000,-65.986618,-65.984405,-65.979517
329.100000,-65.986645,-65.984432,-65.979544
329.150000,-65.986671,-65.984458,-65.979570
329.200000,-65.986698,-65.984485,-65.979597
329.250000,-65.986725,-65.984512,-65.979624
329.300000,-65.986751,-65.984538,-65.979650
329.350000,-65.986778,-65.984565,-65.979677
329.400000,-65.986805,-65.984592,-65.979704
329.450000,-65.986831,-65.984618,-65.979730
329.500000,-65.986858,-65.984645,-65.979756
329.550000,-65.986884,-65.984671,-65.979783
329.600000,-65.986911,-65.984697,-65.979809
329.650000,-65.986937,-65.984724,-65.979836
329.700000,-65.986963,-65.984750,-65.979862
329.750000,-65.986990,-65.984776,-65.979888
329.800000,-65.987016,-65.984803,-65.979914
329.850000,-65.987042,-65.984829,-65.979941
329.900000,-65.987068,-65.984855,-65.979967
329.950000,-65.987094,-65.984881,-65.979993
330.000000,-65.987120,-65.984907,-65.980019
330.050000,-65.987146,-65.984933,-65.980045
330.100000,-65.987172,-65.984959,-65.980071
330.150000,-65.987198,-65.984985,-65.980097
330.200000,-65.987224,-65.985011,-65.980123
330.250000,-65.987250,-65.985037,-65.980149
330.300000,-65.987276,-65.985063,-65.980174
330.350000,-65.987302,-65.985089,-65.980200
330.400000,-65.987328,-65.985115,-65.980226
330.450000,-65.987354,-65.985140,-65.980252
330.500000,-65.987379,-65.985166,-65.980277
330.550000,-65.987405,-65.985192,-65.980303
330.600000,-65.987431,-65.985217,-65.980329
330.650000,-65.987456,-65.985243,-65.980354
330.700000,-65.987482,-65.985269,-65.980380
330.750000,-65.987507,-65.985294,-65.980405
330.800000,-65.987533,-65.985320,-65.980431
330.850000,-65.987558,-65.985345,-65.980456
330.900000,-65.987583,-65.985370,-65.980481
330.950000,-65.987609,-65.985396,-65.980507
331.000000,-65.987634,-65.985421,-65.980532
331.050000,-65.987659,-65.985446,-65.980557
331.100000,-65.987685,-65.985472,-65.980582
331.150000,-65.987710,-65.985497,-65.980608
331.200000,-65.987735,-65.985522,-65.980633
331.250000,-65.987760,-65.985547,-65.980658
331.300000,-65.987785,-65.985572,-65.980683
331.350000,-65.987810,-65.985597,-65.980708
331.400000,-65.987835,-65.985622,-65.980733
331.450000,-65.987860,-65.985647,-65.980758
331.500000,-65.987885,-65.985672,-65.980783
331.550000,-65.987910,-65.985697,-65.980808
331.600000,-65.987935,-65.985722,-65.980832
331.650000,-65.987960,-65.985747,-65.980857
331.700000,-65.987985,-65.985772,-65.980882
331.750000,-65.988009,-65.985796,-65.980907
331.800000,-65.988034,-65.985821,-65.980931
331.850000,-65.988059,-65.985846,-65.980956
331.900000,-65.988083,-65.985870,-65.980981
331.950000,-65.988108,-65.985895,-65.981005
332.000000,-65.988133,-65.985920,-65.981030
332.050000,-65.988157,-65.985944,-65.981054
332.100000,-65.988182,-65.985969,-65.981079
332.150000,-65.988206,-65.985993,-65.981103
332.200000,-65.988231,-65.986018,-65.981128
332.250000,-65.988255,-65.986042,-65.981152
332.300000,-65.988279,-65.986066,-65.981176
332.350000,-65.988304,-65.986091,-65.981201
332.400000,-65.988328,-65.986115,-65.981225
332.450000,-65.988352,-65.986139,-65.981249
332.500000,-65.988376,-65.986163,-65.981273
332.550000,-65.988400,-65.986187,-65.981297
332.600000,-65.988425,-65.986212,-65.981321
332.650000,-65.988449,-65.986236,-65.981345
332.700000,-65.988473,-65.986260,-65.981369
332.750000,-65.988497,-65.986284,-65.981393
332.800000,-65.988521,-65.986308,-65.981417
332.850000,-65.988545,-65.986332,-65.981441
332.900000,-65.988569,-65.986356,-65.981465
332.950000,-65.988593,-65.986380,-65.981489
333.000000,-65.988616,-65.986403,-65.981513
333.050000,-65.988640,-65.986427,-65.981537
333.100000,-65.988664,-65.986451,-65.981560
333.150000,-65.988688,-65.986475,-65.981584
333.200000,-65.988711,-65.986498,-65.981608
333.250000,-65.988735,-65.986522,-65.981631
333.300000,-65.988759,-65.986546,-65.981655
333.350000,-65.988782,-65.986569,-65.981679
333.400000,-65.988806,-65.986593,-65.981702
333.450000,-65.988829,-65.986616,-65.981726
333.500000,-65.988853,-65.986640,-65.981749
333.550000,-65.988876,-65.986663,-65.981772
333.600000,-65.988900,-65.986687,-65.981796
333.650000,-65.988923,-65.986710,-65.981819
333.700000,-65.988946,-65.986733,-65.981842
333.750000,-65.988970,-65.986757,-65.981866
333.800000,-65.988993,-65.986780,-65.981889
333.850000,-65.989016,-65.986803,-65.981912
333.900000,-65.989039,-65.986826,-65.981935
333.950000,-65.989063,-65.986850,-65.981959
334.000000,-65.989086,-65.986873,-65.981982
334.050000,-65.989109,-65.986896,-65.982005
334.100000,-65.989132,-65.986919,-65.982028
334.150000,-65.989155,-65.986942,-65.982051
334.200000,-65.989178,-65.986965,-65.982074
334.250000,-65.989201,-65.986988,-65.982097
334.300000,-65.989224,-65.987011,-65.982120
334.350000,-65.989247,-65.987034,-65.982142
334.400000,-65.989270,-65.987057,-65.982165
334.450000,-65.989292,-65.987079,-65.982188
334.500000,-65.989315,-65.987102,-65.982211
334.550000,-65.989338,-65.987125,-65.982233
334.600000,-65.989361,-65.987148,-65.982256
334.650000,-65.989383,-65.987170,-65.982279
334.700000,-65.989406,-65.987193,-65.982301
334.750000,-65.989429,-65.987216,-65.982324
334.800000,-65.989451,-65.987238,-65.982347
334.850000,-65.989474,-65.987261,-65.982369
334.900000,-65.989496,-65.987283,-65.982392
334.950000,-65.989519,-65.987306,-65.982414
335.000000,-65.989541,-65.987328,-65.982436
335.050000,-65.989564,-65.987351,-65.982459
335.100000,-65.989586,-65.987373,-65.982481
335.150000,-65.989608,-65.987395,-65.982504
335.200000,-65.989631,-65.987418,-65.982526
335.250000,-65.989653,-65.987440,-65.982548
335.300000,-65.989675,-65.987462,-65.982570
335.350000,-65.989697,-65.987484,-65.982592
335.400000,-65.989719,-65.987507,-65.982615
335.450000,-65.989742,-65.987529,-65.982637
335.500000,-65.989764,-65.987551,-65.982659
335.550000,-65.989786,-65.987573,-65.982681
335.600000,-65.989808,-65.987595,-65.982703
335.650000,-65.989830,-65.987617,-65.982725
335.700000,-65.989852,-65.987639,-65.982747
335.750000,-65.989874,-65.987661,-65.982769
335.800000,-65.989896,-65.987683,-65.982791
335.850000,-65.989918,-65.987705,-65.982812
335.900000,-65.989939,-65.987726,-65.982834
335.950000,-65.989961,-65.987748,-65.982856
336.000000,-65.989983,-65.987770,-65.982878
336.050000,-65.990005,-65.987792,-65.982900
336.100000,-65.990026,-65.987814,-65.982921
336.150000,-65.990048,-65.987835,-65.982943
336.200000,-65.990070,-65.987857,-65.982965
336.250000,-65.990091,-65.987878,-65.982986
336.300000,-65.990113,-65.987900,-65.983008
336.350000,-65.990135,-65.987922,-65.983029
336.400000,-65.990156,-65.987943,-65.983051
336.450000,-65.990178,-65.987965,-65.983072
336.500000,-65.990199,-65.987986,-65.983094
336.550000,-65.990220,-65.988008,-65.983115
336.600000,-65.990242,-65.988029,-65.983136
336.650000,-65.990263,-65.988050,-65.983158
336.700000,-65.990285,-65.988072,-65.983179
336.750000,-65.990306,-65.988093,-65.983200
336.800000,-65.990327,-65.988114,-65.983221
336.850000,-65.990348,-65.988135,-65.983243
336.900000,-65.990370,-65.988157,-65.983264
336.950000,-65.990391,-65.988178,-65.983285
337.000000,-65.990412,-65.988199,-65.983306
337.050000,-65.990433,-65.988220,-65.983327
337.100000,-65.990454,-65.988241,-65.983348
337.150000,-65.990475,-65.988262,-65.983369
337.200000,-65.990496,-65.988283,-65.983390
337.250000,-65.990517,-65.988304,-65.983411
337.300000,-65.990538,-65.988325,-65.983432
337.350000,-65.990559,-65.988346,-65.983453
337.400000,-65.990580,-65.988367,-65.983474
337.450000,-65.990601,-65.988388,-65.983495
337.500000,-65.990621,-65.988408,-65.983515
337.550000,-65.990642,-65.988429,-65.983536
337.600000,-65.990663,-65.988450,-65.983557
337.650000,-65.990684,-65.988471,-65.983578
337.700000,-65.990704,-65.988491,-65.983598
337.750000,-65.990725,-65.988512,-65.983619
337.800000,-65.990746,-65.988533,-65.983640
337.850000,-65.990766,-65.988553,-65.983660
337.900000,-65.990787,-65.988574,-65.983681
337.950000,-65.990807,-65.988594,-65.983701
338.000000,-65.990828,-65.988615,-65.983722
338.050000,-65.990848,-65.988635,-65.983742
338.100000,-65.990869,-65.988656,-65.983763
338.150000,-65.990889,-65.988676,-65.983783
338.200000,-65.990910,-65.988697,-65.983803
338.250000,-65.990930,-65.988717,-65.983824
338.300000,-65.990950,-65.988737,-65.983844
338.350000,-65.990971,-65.988758,-65.983864
338.400000,-65.990991,-65.988778,-65.983884
338.450000,-65.991011,-65.988798,-65.983905
338.500000,-65.991031,-65.988818,-65.983925
338.550000,-65.991051,-65.988839,-65.983945
338.600000,-65.991072,-65.988859,-65.983965
338.650000,-65.991092,-65.988879,-65.983985
338.700000,-65.991112,-65.988899,-65.984005
338.750000,-65.991132,-65.988919,-65.984025
338.800000,-65.991152,-65.988939,-65.984045
338.850000,-65.991172,-65.988959,-65.984065
338.900000,-65.991192,-65.988979,-65.984085
338.950000,-65.991212,-65.988999,-65.984105
339.000000,-65.991232,-65.989019,-65.984125
339.050000,-65.991252,-65.989039,-65.984145
339.100000,-65.991271,-65.989058,-65.984165
339.150000,-65.991291,-65.989078,-65.984184
339.200000,-65.991311,-65.989098,-65.984204
339.250000,-65.991331,-65.989118,-65.984224
339.300000,-65.991350,-65.989138,-65.984244
339.350000,-65.991370,-65.989157,-65.984263
339.400000,-65.991390,-65.989177,-65.984283
339.450000,-65.991409,-65.989196,-65.984302
339.500000,-65.991429,-65.989216,-65.984322
339.550000,-65.991449,-65.989236,-65.984342
339.600000,-65.991468,-65.989255,-65.984361
339.650000,-65.991488,-65.989275,-65.984381
339.700000,-65.991507,-65.989294,-65.984400
339.750000,-65.991527,-65.989314,-65.984420
339.800000,-65.991546,-65.989333,-65.984439
339.850000,-65.991565,-65.989352,-65.984458
339.900000,-65.991585,-65.989372,-65.984478
339.950000,-65.991604,-65.989391,-65.984497
340.000000,-65.991623,-65.989411,-65.984516
340.050000,-65.991643,-65.989430,-65.984535
340.100000,-65.991662,-65.989449,-65.984555
340.150000,-65.991681,-65.989468,-65.984574
340.200000,-65.991700,-65.989487,-65.984593
340.250000,-65.991720,-65.989507,-65.984612
340.300000,-65.991739,-65.989526,-65.984631
340.350000,-65.991758,-65.989545,-65.984650
340.400000,-65.991777,-65.989564,-65.984669
340.450000,-65.991796,-65.989583,-65.984689
340.500000,-65.991815,-65.989602,-65.984708
340.550000,-65.991834,-65.989621,-65.984726
340.600000,-65.991853,-65.989640,-65.984745
340.650000,-65.991872,-65.989659,-65.984764
340.700000,-65.991891,-65.989678,-65.984783
340.750000,-65.991910,-65.989697,-65.984802
340.800000,-65.991928,-65.989716,-65.984821
340.850000,-65.991947,-65.989734,-65.984840
340.900000,-65.991966,-65.989753,-65.984858
340.950000,-65.991985,-65.989772,-65.984877
341.000000,-65.992004,-65.989791,-65.984896
341.050000,-65.992022,-65.989809,-65.984915
341.100000,-65.992041,-65.989828,-65.984933
341.150000,-65.992060,-65.989847,-65.984952
341.200000,-65.992078,-65.989865,-65.984971
341.250000,-65.992097,-65.989884,-65.984989
341.300000,-65.992115,-65.989903,-65.985008
341.350000,-65.992134,-65.989921,-65.985026
341.400000,-65.992153,-65.989940,-65.985045
341.450000,-65.992171,-65.989958,-65.985063
341.500000,-65.992189,-65.989977,-65.985082
341.550000,-65.992208,-65.989995,-65.985100
341.600000,-65.992226,-65.990013,-65.985118
341.650000,-65.992245,-65.990032,-65.985137
341.700000,-65.992263,-65.990050,-65.985155
341.750000,-65.992281,-65.990068,-65.985173
341.800000,-65.992300,-65.990087,-65.985192
341.850000,-65.992318,-65.990105,-65.985210
341.900000,-65.992336,-65.990123,-65.985228
341.950000,-65.992354,-65.990141,-65.985246
342.000000,-65.992373,-65.990160,-65.985264
342.050000,-65.992391,-65.990178,-65.985283
342.100000,-65.992409,-65.990196,-65.985301
342.150000,-65.992427,-65.990214,-65.985319
342.200000,-65.992445,-65.990232,-65.985337
342.250000,-65.992463,-65.990250,-65.985355
342.300000,-65.992481,-65.990268,-65.985373
342.350000,-65.992499,-65.990286,-65.985391
342.400000,-65.992517,-65.990304,-65.985409
342.450000,-65.992535,-65.990322,-65.985427
342.500000,-65.992553,-65.990340,-65.985445
342.550000,-65.992571,-65.990358,-65.985462
342.600000,-65.992589,-65.990376,-65.985480
342.650000,-65.992606,-65.990394,-65.985498
342.700000,-65.992624,-65.990411,-65.985516
342.750000,-65.992642,-65.990429,-65.985534
342.800000,-65.992660,-65.990447,-65.985551
342.850000,-65.992677,-65.990465,-65.985569
342.900000,-65.992695,-65.990482,-65.985587
342.950000,-65.992713,-65.990500,-65.985604
343.000000,-65.992731,-65.990518,-65.985622
343.050000,-65.992748,-65.990535,-65.985640
343.100000,-65.992766,-65.990553,-65.985657
343.150000,-65.992783,-65.990570,-65.985675
343.200000,-65.992801,-65.990588,-65.985692
343.250000,-65.992818,-65.990605,-65.985710
343.300000,-65.992836,-65.990623,-65.985727
343.350000,-65.992853,-65.990640,-65.985745
343.400000,-65.992871,-65.990658,-65.985762
343.450000,-65.992888,-65.990675,-65.985779
343.500000,-65.992906,-65.990693,-65.985797
343.550000,-65.992923,-65.990710,-65.985814
343.600000,-65.992940,-65.990727,-65.985831
343.650000,-65.992957,-65.990745,-65.985849
343.700000,-65.992975,-65.990762,-65.985866
343.750000,-65.992992,-65.990779,-65.985883
343.800000,-65.993009,-65.990796,-65.985900
343.850000,-65.993026,-65.990814,-65.985918
343.900000,-65.993044,-65.990831,-65.985935
343.950000,-65.993061,-65.990848,-65.985952
344.000000,-65.993078,-65.990865,-65.985969
344.050000,-65.993095,-65.990882,-65.985986
344.100000,-65.993112,-65.990899,-65.986003
344.150000,-65.993129,-65.990916,-65.986020
344.200000,-65.993146,-65.990933,-65.986037
344.250000,-65.993163,-65.990950,-65.986054
344.300000,-65.993180,-65.990967,-65.986071
344.350000,-65.993197,-65.990984,-65.986088
344.400000,-65.993214,-65.991001,-65.986105
344.450000,-65.993231,-65.991018,-65.986122
344.500000,-65.993248,-65.991035,-65.986139
344.550000,-65.993265,-65.991052,-65.986155
344.600000,-65.993281,-65.991068,-65.986172
344.650000,-65.993298,-65.991085,-65.986189
344.700000,-65.993315,-65.991102,-65.986206
344.750000,-65.993332,-65.991119,-65.986222
344.800000,-65.993348,-65.991135,-65.986239
344.850000,-65.993365,-65.991152,-65.986256
344.900000,-65.993382,-65.991169,-65.986272
344.950000,-65.993398,-65.991185,-65.986289
345.000000,-65.993415,-65.991202,-65.986306
345.050000,-65.993432,-65.991219,-65.986322
345.100000,-65.993448,-65.991235,-65.986339
345.150000,-65.993465,-65.991252,-65.986355
345.200000,-65.993481,-65.991268,-65.986372
345.250000,-65.993498,-65.991285,-65.986388
345.300000,-65.993514,-65.991301,-65.986405
345.350000,-65.993531,-65.991318,-65.986421
345.400000,-65.993547,-65.991334,-65.986437
345.450000,-65.993563,-65.991351,-65.986454
345.500000,-65.993580,-65.991367,-65.986470
345.550000,-65.993596,-65.991383,-65.986487
345.600000,-65.993612,-65.991400,-65.986503
345.650000,-65.993629,-65.991416,-65.986519
345.700000,-65.993645,-65.991432,-65.986535
345.750000,-65.993661,-65.991448,-65.986552
345.800000,-65.993677,-65.991465,-65.986568
345.850000,-65.993694,-65.991481,-65.986584
345.900000,-65.993710,-65.991497,-65.986600
345.950000,-65.993726,-65.991513,-65.986616
346.000000,-65.993742,-65.991529,-65.986632
346.050000,-65.993758,-65.991545,-65.986648
346.100000,-65.993774,-65.991561,-65.986664
346.150000,-65.993790,-65.991577,-65.986681
346.200000,-65.993806,-65.991593,-65.986697
346.250000,-65.993822,-65.991609,-65.986713
346.300000,-65.993838,-65.991625,-65.986728
346.350000,-65.993854,-65.991641,-65.986744
346.400000,-65.993870,-65.991657,-65.986760
346.450000,-65.993886,-65.991673,-65.986776
346.500000,-65.993902,-65.991689,-65.986792
346.550000,-65.993918,-65.991705,-65.986808
346.600000,-65.993934,-65.991721,-65.986824
346.650000,-65.993950,-65.991737,-65.986840
346.700000,-65.993965,-65.991752,-65.986855
346.750000,-65.993981,-65.991768,-65.986871
346.800000,-65.993997,-65.991784,-65.986887
346.850000,-65.994013,-65.991800,-65.986902
346.900000,-65.994028,-65.991815,-65.986918
346.950000,-65.994044,-65.991831,-65.986934
347.000000,-65.994060,-65.991847,-65.986949
347.050000,-65.994075,-65.991862,-65.986965
347.100000,-65.994091,-65.991878,-65.986981
347.150000,-65.994106,-65.991893,-65.986996
347.200000,-65.994122,-65.991909,-65.987012
347.250000,-65.994137,-65.991925,-65.987027
347.300000,-65.994153,-65.991940,-65.987043
347.350000,-65.994168,-65.991956,-65.987058
347.400000,-65.994184,-65.991971,-65.987074
347.450000,-65.994199,-65.991986,-65.987089
347.500000,-65.994215,-65.992002,-65.987104
347.550000,-65.994230,-65.992017,-65.987120
347.600000,-65.994245,-65.992033,-65.987135
347.650000,-65.994261,-65.992048,-65.987150
347.700000,-65.994276,-65.992063,-65.987166
347.750000,-65.994291,-65.992079,-65.987181
347.800000,-65.994307,-65.992094,-65.987196
347.850000,-65.994322,-65.992109,-65.987212
347.900000,-65.994337,-65.992124,-65.987227
347.950000,-65.994352,-65.992140,-65.987242
348.000000,-65.994368,-65.992155,-65.987257
348.050000,-65.994383,-65.992170,-65.987272
348.100000,-65.994398,-65.992185,-65.987287
348.150000,-65.994413,-65.992200,-65.987302
348.200000,-65.994428,-65.992215,-65.987318
348.250000,-65.994443,-65.992230,-65.987333
348.300000,-65.994458,-65.992245,-65.987348
348.350000,-65.994473,-65.992260,-65.987363
348.400000,-65.994488,-65.992275,-65.987378
348.450000,-65.994503,-65.992290,-65.987393
348.500000,-65.994518,-65.992305,-65.987408
348.550000,-65.994533,-65.992320,-65.987422
348.600000,-65.994548,-65.992335,-65.987437
348.650000,-65.994563,-65.992350,-65.987452
348.700000,-65.994578,-65.992365,-65.987467
348.750000,-65.994593,-65.992380,-65.987482
348.800000,-65.994607,-65.992395,-65.987497
348.850000,-65.994622,-65.992409,-65.987511
348.900000,-65.994637,-65.992424,-65.987526
348.950000,-65.994652,-65.992439,-65.987541
349.000000,-65.994667,-65.992454,-65.987556
349.050000,-65.994681,-65.992468,-65.987570
349.100000,-65.994696,-65.992483,-65.987585
349.150000,-65.994711,-65.992498,-65.987600
349.200000,-65.994725,-65.992512,-65.987614
349.250000,-65.994740,-65.992527,-65.987629
349.300000,-65.994754,-65.992542,-65.987644
349.350000,-65.994769,-65.992556,-65.987658
349.400000,-65.994784,-65.992571,-65.987673
349.450000,-65.994798,-65.992585,-65.987687
349.500000,-65.994813,-65.992600,-65.987702
349.550000,-65.994827,-65.992614,-65.987716
349.600000,-65.994842,-65.992629,-65.987731
349.650000,-65.994856,-65.992643,-65.987745
349.700000,-65.994871,-65.992658,-65.987759
349.750000,-65.994885,-65.992672,-65.987774
349.800000,-65.994899,-65.992686,-65.987788
349.850000,-65.994914,-65.992701,-65.987803
349.900000,-65.994928,-65.992715,-65.987817
349.950000,-65.994942,-65.992729,-65.987831
350.000000,-65.994957,-65.992744,-65.987845
350.050000,-65.994971,-65.992758,-65.987860
350.100000,-65.994985,-65.992772,-65.987874
350.150000,-65.994999,-65.992787,-65.987888
350.200000,-65.995014,-65.992801,-65.987902
350.250000,-65.995028,-65.992815,-65.987917
350.300000,-65.995042,-65.992829,-65.987931
350.350000,-65.995056,-65.992843,-65.987945
350.400000,-65.995070,-65.992857,-65.987959
350.450000,-65.995084,-65.992872,-65.987973
350.500000,-65.995098,-65.992886,-65.987987
350.550000,-65.995113,-65.992900,-65.988001
350.600000,-65.995127,-65.992914,-65.988015
350.650000,-65.995141,-65.992928,-65.988029
350.700000,-65.995155,-65.992942,-65.988043
350.750000,-65.995169,-65.992956,-65.988057
350.800000,-65.995183,-65.992970,-65.988071
350.850000,-65.995196,-65.992984,-65.988085
350.900000,-65.995210,-65.992998,-65.988099
350.950000,-65.995224,-65.993011,-65.988113
351.000000,-65.995238,-65.993025,-65.988127
351.050000,-65.995252,-65.993039,-65.988140
351.100000,-65.995266,-65.993053,-65.988154
351.150000,-65.995280,-65.993067,-65.988168
351.200000,-65.995293,-65.993081,-65.988182
351.250000,-65.995307,-65.993094,-65.988196
351.300000,-65.995321,-65.993108,-65.988209
351.350000,-65.995335,-65.993122,-65.988223
351.400000,-65.995348,-65.993136,-65.988237
351.450000,-65.995362,-65.993149,-65.988250
351.500000,-65.995376,-65.993163,-65.988264
351.550000,-65.995389,-65.993177,-65.988278
351.600000,-65.995403,-65.993190,-65.988291
351.650000,-65.995417,-65.993204,-65.988305
351.700000,-65.995430,-65.993217,-65.988319
351.750000,-65.995444,-65.993231,-65.988332
351.800000,-65.995457,-65.993245,-65.988346
351.850000,-65.995471,-65.993258,-65.988359
351.900000,-65.995484,-65.993272,-65.988373
351.950000,-65.995498,-65.993285,-65.988386
352.000000,-65.995511,-65.993298,-65.988400
352.050000,-65.995525,-65.993312,-65.988413
352.100000,-65.995538,-65.993325,-65.988426
352.150000,-65.995552,-65.993339,-65.988440
352.200000,-65.995565,-65.993352,-65.988453
352.250000,-65.995578,-65.993366,-65.988466
352.300000,-65.995592,-65.993379,-65.988480
352.350000,-65.995605,-65.993392,-65.988493
352.400000,-65.995618,-65.993406,-65.988506
352.450000,-65.995632,-65.993419,-65.988520
352.500000,-65.995645,-65.993432,-65.988533
352.550000,-65.995658,-65.993445,-65.988546
352.600000,-65.995671,-65.993459,-65.988559
352.650000,-65.995685,-65.993472,-65.988573
352.700000,-65.995698,-65.993485,-65.988586
352.750000,-65.995711,-65.993498,-65.988599
352.800000,-65.995724,-65.993511,-65.988612
352.850000,-65.995737,-65.993524,-65.988625
352.900000,-65.995750,-65.993537,-65.988638
352.950000,-65.995763,-65.993551,-65.988651
353.000000,-65.995776,-65.993564,-65.988664
353.050000,-65.995790,-65.993577,-65.988677
353.100000,-65.995803,-65.993590,-65.988690
353.150000,-65.995816,-65.993603,-65.988703
353.200000,-65.995829,-65.993616,-65.988716
353.250000,-65.995842,-65.993629,-65.988729
353.300000,-65.995854,-65.993642,-65.988742
353.350000,-65.995867,-65.993655,-65.988755
353.400000,-65.995880,-65.993667,-65.988768
353.450000,-65.995893,-65.993680,-65.988781
353.500000,-65.995906,-65.993693,-65.988794
353.550000,-65.995919,-65.993706,-65.988807
353.600000,-65.995932,-65.993719,-65.988819
353.650000,-65.995945,-65.993732,-65.988832
353.700000,-65.995957,-65.993745,-65.988845
353.750000,-65.995970,-65.993757,-65.988858
353.800000,-65.995983,-65.993770,-65.988871
353.850000,-65.995996,-65.993783,-65.988883
353.900000,-65.996008,-65.993796,-65.988896
353.950000,-65.996021,-65.993808,-65.988909
354.000000,-65.996034,-65.993821,-65.988921
354.050000,-65.996046,-65.993834,-65.988934
354.100000,-65.996059,-65.993846,-65.988947
354.150000,-65.996072,-65.993859,-65.988959
354.200000,-65.996084,-65.993871,-65.988972
354.250000,-65.996097,-65.993884,-65.988984
354.300000,-65.996109,-65.993897,-65.988997
354.350000,-65.996122,-65.993909,-65.989009
354.400000,-65.996135,-65.993922,-65.989022
354.450000,-65.996147,-65.993934,-65.989035
354.500000,-65.996160,-65.993947,-65.989047
354.550000,-65.996172,-65.993959,-65.989059
354.600000,-65.996184,-65.993972,-65.989072
354.650000,-65.996197,-65.993984,-65.989084
354.700000,-65.996209,-65.993996,-65.989097
354.750000,-65.996222,-65.994009,-65.989109
354.800000,-65.996234,-65.994021,-65.989121
354.850000,-65.996246,-65.994034,-65.989134
354.900000,-65.996259,-65.994046,-65.989146
354.950000,-65.996271,-65.994058,-65.989158
355.000000,-65.996283,-65.994071,-65.989171
355.050000,-65.996296,-65.994083,-65.989183
355.100000,-65.996308,-65.994095,-65.989195
355.150000,-65.996320,-65.994107,-65.989208
355.200000,-65.996332,-65.994120,-65.989220
355.250000,-65.996345,-65.994132,-65.989232
355.300000,-65.996357,-65.994144,-65.989244
355.350000,-65.996369,-65.994156,-65.989256
355.400000,-65.996381,-65.994168,-65.989268
355.450000,-65.996393,-65.994181,-65.989281
355.500000,-65.996405,-65.994193,-65.989293
355.550000,-65.996418,-65.994205,-65.989305
355.600000,-65.996430,-65.994217,-65.989317
355.650000,-65.996442,-65.994229,-65.989329
355.700000,-65.996454,-65.994241,-65.989341
355.750000,-65.996466,-65.994253,-65.989353
355.800000,-65.996478,-65.994265,-65.989365
355.850000,-65.996490,-65.994277,-65.989377
355.900000,-65.996502,-65.994289,-65.989389
355.950000,-65.996514,-65.994301,-65.989401
356.000000,-65.996526,-65.994313,-65.989413
356.050000,-65.996538,-65.994325,-65.989425
356.100000,-65.996550,-65.994337,-65.989437
356.150000,-65.996561,-65.994349,-65.989448
356.200000,-65.996573,-65.994361,-65.989460
356.250000,-65.996585,-65.994372,-65.989472
356.300000,-65.996597,-65.994384,-65.989484
356.350000,-65.996609,-65.994396,-65.989496
356.400000,-65.996621,-65.994408,-65.989508
356.450000,-65.996632,-65.994420,-65.989519
356.500000,-65.996644,-65.994431,-65.989531
356.550000,-65.996656,-65.994443,-65.989543
356.600000,-65.996668,-65.994455,-65.989555
356.650000,-65.996679,-65.994467,-65.989566
356.700000,-65.996691,-65.994478,-65.989578
356.750000,-65.996703,-65.994490,-65.989590
356.800000,-65.996714,-65.994502,-65.989601
356.850000,-65.996726,-65.994513,-65.989613
356.900000,-65.996738,-65.994525,-65.989625
356.950000,-65.996749,-65.994536,-65.989636
357.000000,-65.996761,-65.994548,-65.989648
357.050000,-65.996772,-65.994560,-65.989659
357.100000,-65.996784,-65.994571,-65.989671
357.150000,-65.996796,-65.994583,-65.989682
357.200000,-65.996807,-65.994594,-65.989694
357.250000,-65.996819,-65.994606,-65.989705
357.300000,-65.996830,-65.994617,-65.989717
357.350000,-65.996842,-65.994629,-65.989728
357.400000,-65.996853,-65.994640,-65.989740
357.450000,-65.996864,-65.994652,-65.989751
357.500000,-65.996876,-65.994663,-65.989763
357.550000,-65.996887,-65.994674,-65.989774
357.600000,-65.996899,-65.994686,-65.989785
357.650000,-65.996910,-65.994697,-65.989797
357.700000,-65.996921,-65.994709,-65.989808
357.750000,-65.996933,-65.994720,-65.989819
357.800000,-65.996944,-65.994731,-65.989831
357.850000,-65.996955,-65.994742,-65.989842
357.900000,-65.996967,-65.994754,-65.989853
357.950000,-65.996978,-65.994765,-65.989864
358.000000,-65.996989,-65.994776,-65.989876
358.050000,-65.997000,-65.994788,-65.989887
358.100000,-65.997012,-65.994799,-65.989898
358.150000,-65.997023,-65.994810,-65.989909
358.200000,-65.997034,-65.994821,-65.989920
358.250000,-65.997045,-65.994832,-65.989932
358.300000,-65.997056,-65.994843,-65.989943
358.350000,-65.997067,-65.994855,-65.989954
358.400000,-65.997078,-65.994866,-65.989965
358.450000,-65.997090,-65.994877,-65.989976
358.500000,-65.997101,-65.994888,-65.989987
358.550000,-65.997112,-65.994899,-65.989998
358.600000,-65.997123,-65.994910,-65.990009
358.650000,-65.997134,-65.994921,-65.990020
358.700000,-65.997145,-65.994932,-65.990031
358.750000,-65.997156,-65.994943,-65.990042
358.800000,-65.997167,-65.994954,-65.990053
358.850000,-65.997178,-65.994965,-65.990064
358.900000,-65.997189,-65.994976,-65.990075
358.950000,-65.997200,-65.994987,-65.990086
359.000000,-65.997211,-65.994998,-65.990097
359.050000,-65.997221,-65.995009,-65.990108
359.100000,-65.997232,-65.995020,-65.990119
359.150000,-65.997243,-65.995030,-65.990129
359.200000,-65.997254,-65.995041,-65.990140
359.250000,-65.997265,-65.995052,-65.990151
359.300000,-65.997276,-65.995063,-65.990162
359.350000,-65.997287,-65.995074,-65.990173
359.400000,-65.997297,-65.995085,-65.990184
359.450000,-65.997308,-65.995095,-65.990194
359.500000,-65.997319,-65.995106,-65.990205
359.550000,-65.997330,-65.995117,-65.990216
359.600000,-65.997340,-65.995127,-65.990226
359.650000,-65.997351,-65.995138,-65.990237
359.700000,-65.997362,-65.995149,-65.990248
359.750000,-65.997372,-65.995160,-65.990259
359.800000,-65.997383,-65.995170,-65.990269
359.850000,-65.997394,-65.995181,-65.990280
359.900000,-65.997404,-65.995191,-65.990290
359.950000,-65.997415,-65.995202,-65.990301
360.000000,-65.997425,-65.995213,-65.990312
360.050000,-65.997436,-65.995223,-65.990322
360.100000,-65.997447,-65.995234,-65.990333
360.150000,-65.997457,-65.995244,-65.990343
360.200000,-65.997468,-65.995255,-65.990354
360.250000,-65.997478,-65.995265,-65.990364
360.300000,-65.997489,-65.995276,-65.990375
360.350000,-65.997499,-65.995286,-65.990385
360.400000,-65.997510,-65.995297,-65.990396
360.450000,-65.997520,-65.995307,-65.990406
360.500000,-65.997531,-65.995318,-65.990417
360.550000,-65.997541,-65.995328,-65.990427
360.600000,-65.997551,-65.995339,-65.990437
360.650000,-65.997562,-65.995349,-65.990448
360.700000,-65.997572,-65.995359,-65.990458
360.750000,-65.997583,-65.995370,-65.990468
360.800000,-65.997593,-65.995380,-65.990479
360.850000,-65.997603,-65.995390,-65.990489
360.900000,-65.997614,-65.995401,-65.990499
360.950000,-65.997624,-65.995411,-65.990510
361.000000,-65.997634,-65.995421,-65.990520
361.050000,-65.997644,-65.995432,-65.990530
361.100000,-65.997655,-65.995442,-65.990540
361.150000,-65.997665,-65.995452,-65.990551
361.200000,-65.997675,-65.995462,-65.990561
361.250000,-65.997685,-65.995472,-65.990571
361.300000,-65.997695,-65.995483,-65.990581
361.350000,-65.997706,-65.995493,-65.990591
361.400000,-65.997716,-65.995503,-65.990602
361.450000,-65.997726,-65.995513,-65.990612
361.500000,-65.997736,-65.995523,-65.990622
361.550000,-65.997746,-65.995533,-65.990632
361.600000,-65.997756,-65.995543,-65.990642
361.650000,-65.997766,-65.995554,-65.990652
361.700000,-65.997776,-65.995564,-65.990662
361.750000,-65.997786,-65.995574,-65.990672
361.800000,-65.997797,-65.995584,-65.990682
361.850000,-65.997807,-65.995594,-65.990692
361.900000,-65.997817,-65.995604,-65.990702
361.950000,-65.997827,-65.995614,-65.990712
362.000000,-65.997837,-65.995624,-65.990722
362.050000,-65.997846,-65.995634,-65.990732
362.100000,-65.997856,-65.995644,-65.990742
362.150000,-65.997866,-65.995654,-65.990752
362.200000,-65.997876,-65.995664,-65.990762
362.250000,-65.997886,-65.995673,-65.990772
362.300000,-65.997896,-65.995683,-65.990782
362.350000,-65.997906,-65.995693,-65.990792
362.400000,-65.997916,-65.995703,-65.990801
362.450000,-65.997926,-65.995713,-65.990811
362.500000,-65.997935,-65.995723,-65.990821
362.550000,-65.997945,-65.995733,-65.990831
362.600000,-65.997955,-65.995742,-65.990841
362.650000,-65.997965,-65.995752,-65.990850
362.700000,-65.997975,-65.995762,-65.990860
362.750000,-65.997984,-65.995772,-65.990870
362.800000,-65.997994,-65.995781,-65.990880
362.850000,-65.998004,-65.995791,-65.990889
362.900000,-65.998014,-65.995801,-65.990899
362.950000,-65.998023,-65.995811,-65.990909
363.000000,-65.998033,-65.995820,-65.990918
363.050000,-65.998043,-65.995830,-65.990928
363.100000,-65.998052,-65.995840,-65.990938
363.150000,-65.998062,-65.995849,-65.990947
363.200000,-65.998072,-65.995859,-65.990957
363.250000,-65.998081,-65.995868,-65.990967
363.300000,-65.998091,-65.995878,-65.990976
363.350000,-65.998100,-65.995888,-65.990986
363.400000,-65.998110,-65.995897,-65.990995
363.450000,-65.998120,-65.995907,-65.991005
363.500000,-65.998129,-65.995916,-65.991014
363.550000,-65.998139,-65.995926,-65.991024
363.600000,-65.998148,-65.995935,-65.991033
363.650000,-65.998158,-65.995945,-65.991043
363.700000,-65.998167,-65.995954,-65.991052
363.750000,-65.998177,-65.995964,-65.991062
363.800000,-65.998186,-65.995973,-65.991071
363.850000,-65.998195,-65.995983,-65.991081
363.900000,-65.998205,-65.995992,-65.991090
363.950000,-65.998214,-65.996001,-65.991100
364.000000,-65.998224,-65.996011,-65.991109
364.050000,-65.998233,-65.996020,-65.991118
364.100000,-65.998242,-65.996030,-65.991128
364.150000,-65.998252,-65.996039,-65.991137
364.200000,-65.998261,-65.996048,-65.991146
364.250000,-65.998270,-65.996058,-65.991156
364.300000,-65.998280,-65.996067,-65.991165
364.350000,-65.998289,-65.996076,-65.991174
364.400000,-65.998298,-65.996086,-65.991184
364.450000,-65.998308,-65.996095,-65.991193
364.500000,-65.998317,-65.996104,-65.991202
364.550000,-65.998326,-65.996113,-65.991211
364.600000,-65.998335,-65.996123,-65.991220
364.650000,-65.998345,-65.996132,-65.991230
364.700000,-65.998354,-65.996141,-65.991239
364.750000,-65.998363,-65.996150,-65.991248
364.800000,-65.998372,-65.996159,-65.991257
364.850000,-65.998381,-65.996169,-65.991266
364.900000,-65.998390,-65.996178,-65.991276
364.950000,-65.998400,-65.996187,-65.991285
365.000000,-65.998409,-65.996196,-65.991294
365.050000,-65.998418,-65.996205,-65.991303
365.100000,-65.998427,-65.996214,-65.991312
365.150000,-65.998436,-65.996223,-65.991321
365.200000,-65.998445,-65.996232,-65.991330
365.250000,-65.998454,-65.996241,-65.991339
365.300000,-65.998463,-65.996250,-65.991348
365.350000,-65.998472,-65.996259,-65.991357
365.400000,-65.998481,-65.996268,-65.991366
365.450000,-65.998490,-65.996277,-65.991375
365.500000,-65.998499,-65.996286,-65.991384
365.550000,-65.998508,-65.996295,-65.991393
365.600000,-65.998517,-65.996304,-65.991402
365.650000,-65.998526,-65.996313,-65.991411
365.700000,-65.998535,-65.996322,-65.991420
365.750000,-65.998544,-65.996331,-65.991429
365.800000,-65.998553,-65.996340,-65.991438
365.850000,-65.998562,-65.996349,-65.991447
365.900000,-65.998571,-65.996358,-65.991455
365.950000,-65.998579,-65.996367,-65.991464
366.000000,-65.998588,-65.996376,-65.991473
366.050000,-65.998597,-65.996384,-65.991482
366.100000,-65.998606,-65.996393,-65.991491
366.150000,-65.998615,-65.996402,-65.991500
366.200000,-65.998624,-65.996411,-65.991508
366.250000,-65.998632,-65.996420,-65.991517
366.300000,-65.998641,-65.996428,-65.991526
366.350000,-65.998650,-65.996437,-65.991535
366.400000,-65.998659,-65.996446,-65.991543
366.450000,-65.998667,-65.996455,-65.991552
366.500000,-65.998676,-65.996463,-65.991561
366.550000,-65.998685,-65.996472,-65.991570
366.600000,-65.998694,-65.996481,-65.991578
366.650000,-65.998702,-65.996489,-65.991587
366.700000,-65.998711,-65.996498,-65.991596
366.750000,-65.998720,-65.996507,-65.991604
366.800000,-65.998728,-65.996515,-65.991613
366.850000,-65.998737,-65.996524,-65.991621
366.900000,-65.998745,-65.996533,-65.991630
366.950000,-65.998754,-65.996541,-65.991639
367.000000,-65.998763,-65.996550,-65.991647
367.050000,-65.998771,-65.996558,-65.991656
367.100000,-65.998780,-65.996567,-65.991664
367.150000,-65.998788,-65.996576,-65.991673
367.200000,-65.998797,-65.996584,-65.991681
367.250000,-65.998805,-65.996593,-65.991690
367.300000,-65.998814,-65.996601,-65.991699
367.350000,-65.998822,-65.996610,-65.991707
367.400000,-65.998831,-65.996618,-65.991715
367.450000,-65.998839,-65.996627,-65.991724
367.500000,-65.998848,-65.996635,-65.991732
367.550000,-65.998856,-65.996643,-65.991741
367.600000,-65.998865,-65.996652,-65.991749
367.650000,-65.998873,-65.996660,-65.991758
367.700000,-65.998882,-65.996669,-65.991766
367.750000,-65.998890,-65.996677,-65.991774
367.800000,-65.998898,-65.996686,-65.991783
367.850000,-65.998907,-65.996694,-65.991791
367.900000,-65.998915,-65.996702,-65.991800
367.950000,-65.998923,-65.996711,-65.991808
368.000000,-65.998932,-65.996719,-65.991816
368.050000,-65.998940,-65.996727,-65.991825
368.100000,-65.998948,-65.996736,-65.991833
368.150000,-65.998957,-65.996744,-65.991841
368.200000,-65.998965,-65.996752,-65.991849
368.250000,-65.998973,-65.996761,-65.991858
368.300000,-65.998982,-65.996769,-65.991866
368.350000,-65.998990,-65.996777,-65.991874
368.400000,-65.998998,-65.996785,-65.991882
368.450000,-65.999006,-65.996793,-65.991891
368.500000,-65.999014,-65.996802,-65.991899
368.550000,-65.999023,-65.996810,-65.991907
368.600000,-65.999031,-65.996818,-65.991915
368.650000,-65.999039,-65.996826,-65.991923
368.700000,-65.999047,-65.996834,-65.991932
368.750000,-65.999055,-65.996843,-65.991940
368.800000,-65.999063,-65.996851,-65.991948
368.850000,-65.999072,-65.996859,-65.991956
368.900000,-65.999080,-65.996867,-65.991964
368.950000,-65.999088,-65.996875,-65.991972
369.000000,-65.999096,-65.996883,-65.991980
369.050000,-65.999104,-65.996891,-65.991988
369.100000,-65.999112,-65.996899,-65.991996
369.150000,-65.999120,-65.996907,-65.992004
369.200000,-65.999128,-65.996915,-65.992012
369.250000,-65.999136,-65.996923,-65.992021
369.300000,-65.999144,-65.996931,-65.992029
369.350000,-65.999152,-65.996939,-65.992037
369.400000,-65.999160,-65.996947,-65.992045
369.450000,-65.999168,-65.996955,-65.992052
369.500000,-65.999176,-65.996963,-65.992060
369.550000,-65.999184,-65.996971,-65.992068
369.600000,-65.999192,-65.996979,-65.992076
369.650000,-65.999200,-65.996987,-65.992084
369.700000,-65.999208,-65.996995,-65.992092
369.750000,-65.999216,-65.997003,-65.992100
369.800000,-65.999224,-65.997011,-65.992108
369.850000,-65.999232,-65.997019,-65.992116
369.900000,-65.999240,-65.997027,-65.992124
369.950000,-65.999247,-65.997035,-65.992132
370.000000,-65.999255,-65.997043,-65.992139
370.050000,-65.999263,-65.997050,-65.992147
370.100000,-65.999271,-65.997058,-65.992155
370.150000,-65.999279,-65.997066,-65.992163
370.200000,-65.999287,-65.997074,-65.992171
370.250000,-65.999294,-65.997082,-65.992179
370.300000,-65.999302,-65.997089,-65.992186
370.350000,-65.999310,-65.997097,-65.992194
370.400000,-65.999318,-65.997105,-65.992202
370.450000,-65.999325,-65.997113,-65.992210
370.500000,-65.999333,-65.997120,-65.992217
370.550000,-65.999341,-65.997128,-65.992225
370.600000,-65.999349,-65.997136,-65.992233
370.650000,-65.999356,-65.997144,-65.992240
370.700000,-65.999364,-65.997151,-65.992248
370.750000,-65.999372,-65.997159,-65.992256
370.800000,-65.999379,-65.997167,-65.992263
370.850000,-65.999387,-65.997174,-65.992271
370.900000,-65.999395,-65.997182,-65.992279
370.950000,-65.999402,-65.997190,-65.992286
371.000000,-65.999410,-65.997197,-65.992294
371.050000,-65.999418,-65.997205,-65.992302
371.100000,-65.999425,-65.997212,-65.992309
371.150000,-65.999433,-65.997220,-65.992317
371.200000,-65.999440,-65.997228,-65.992324
371.250000,-65.999448,-65.997235,-65.992332
371.300000,-65.999455,-65.997243,-65.992339
371.350000,-65.999463,-65.997250,-65.992347
371.400000,-65.999471,-65.997258,-65.992354
371.450000,-65.999478,-65.997265,-65.992362
371.500000,-65.999486,-65.997273,-65.992369
371.550000,-65.999493,-65.997280,-65.992377
371.600000,-65.999501,-65.997288,-65.992384
371.650000,-65.999508,-65.997295,-65.992392
371.700000,-65.999515,-65.997303,-65.992399
371.750000,-65.999523,-65.997310,-65.992407
371.800000,-65.999530,-65.997318,-65.992414
371.850000,-65.999538,-65.997325,-65.992422
371.900000,-65.999545,-65.997332,-65.992429
371.950000,-65.999553,-65.997340,-65.992436
372.000000,-65.999560,-65.997347,-65.992444
372.050000,-65.999567,-65.997355,-65.992451
372.100000,-65.999575,-65.997362,-65.992459
372.150000,-65.999582,-65.997369,-65.992466
372.200000,-65.999590,-65.997377,-65.992473
372.250000,-65.999597,-65.997384,-65.992481
372.300000,-65.999604,-65.997391,-65.992488
372.350000,-65.999612,-65.997399,-65.992495
372.400000,-65.999619,-65.997406,-65.992503
372.450000,-65.999626,-65.997413,-65.992510
372.500000,-65.999633,-65.997421,-65.992517
372.550000,-65.999641,-65.997428,-65.992524
372.600000,-65.999648,-65.997435,-65.992532
372.650000,-65.999655,-65.997442,-65.992539
372.700000,-65.999662,-65.997450,-65.992546
372.750000,-65.999670,-65.997457,-65.992553
372.800000,-65.999677,-65.997464,-65.992561
372.850000,-65.999684,-65.997471,-65.992568
372.900000,-65.999691,-65.997479,-65.992575
372.950000,-65.999699,-65.997486,-65.992582
373.000000,-65.999706,-65.997493,-65.992589
373.050000,-65.999713,-65.997500,-65.992597
373.100000,-65.999720,-65.997507,-65.992604
373.150000,-65.999727,-65.997514,-65.992611
373.200000,-65.999734,-65.997522,-65.992618
373.250000,-65.999741,-65.997529,-65.992625
373.300000,-65.999749,-65.997536,-65.992632
373.350000,-65.999756,-65.997543,-65.992639
373.400000,-65.999763,-65.997550,-65.992646
373.450000,-65.999770,-65.997557,-65.992653
373.500000,-65.999777,-65.997564,-65.992661
373.550000,-65.999784,-65.997571,-65.992668
373.600000,-65.999791,-65.997578,-65.992675
373.650000,-65.999798,-65.997585,-65.992682
373.700000,-65.999805,-65.997592,-65.992689
373.750000,-65.999812,-65.997599,-65.992696
373.800000,-65.999819,-65.997606,-65.992703
373.850000,-65.999826,-65.997613,-65.992710
373.900000,-65.999833,-65.997620,-65.992717
373.950000,-65.999840,-65.997627,-65.992724
374.000000,-65.999847,-65.997634,-65.992731
374.050000,-65.999854,-65.997641,-65.992738
374.100000,-65.999861,-65.997648,-65.992745
374.150000,-65.999868,-65.997655,-65.992751
374.200000,-65.999875,-65.997662,-65.992758
374.250000,-65.999882,-65.997669,-65.992765
374.300000,-65.999889,-65.997676,-65.992772
374.350000,-65.999896,-65.997683,-65.992779
374.400000,-65.999902,-65.997690,-65.992786
374.450000,-65.999909,-65.997697,-65.992793
374.500000,-65.999916,-65.997703,-65.992800
374.550000,-65.999923,-65.997710,-65.992807
374.600000,-65.999930,-65.997717,-65.992813
374.650000,-65.999937,-65.997724,-65.992820
374.700000,-65.999944,-65.997731,-65.992827
374.750000,-65.999950,-65.997738,-65.992834
374.800000,-65.999957,-65.997744,-65.992841
374.850000,-65.999964,-65.997751,-65.992847
374.900000,-65.999971,-65.997758,-65.992854
374.950000,-65.999978,-65.997765,-65.992861
375.000000,-65.999984,-65.997772,-65.992868
375.050000,-65.999991,-65.997778,-65.992874
375.100000,-65.999998,-65.997785,-65.992881
375.150000,-66.000005,-65.997792,-65.992888
375.200000,-66.000011,-65.997799,-65.992895
375.250000,-66.000018,-65.997805,-65.992901
375.300000,-66.000025,-65.997812,-65.992908
375.350000,-66.000031,-65.997819,-65.992915
375.400000,-66.000038,-65.997825,-65.992921
375.450000,-66.000045,-65.997832,-65.992928
375.500000,-66.000051,-65.997839,-65.992935
375.550000,-66.000058,-65.997845,-65.992941
375.600000,-66.000065,-65.997852,-65.992948
375.650000,-66.000071,-65.997859,-65.992955
375.700000,-66.000078,-65.997865,-65.992961
375.750000,-66.000085,-65.997872,-65.992968
375.800000,-66.000091,-65.997878,-65.992974
375.850000,-66.000098,-65.997885,-65.992981
375.900000,-66.000104,-65.997892,-65.992988
375.950000,-66.000111,-65.997898,-65.992994
376.000000,-66.000117,-65.997905,-65.993001
376.050000,-66.000124,-65.997911,-65.993007
376.100000,-66.000131,-65.997918,-65.993014
376.150000,-66.000137,-65.997924,-65.993020
376.200000,-66.000144,-65.997931,-65.993027
376.250000,-66.000150,-65.997937,-65.993033
376.300000,-66.000157,-65.997944,-65.993040
376.350000,-66.000163,-65.997950,-65.993046
376.400000,-66.000170,-65.997957,-65.993053
376.450000,-66.000176,-65.997963,-65.993059
376.500000,-66.000183,-65.997970,-65.993066
376.550000,-66.000189,-65.997976,-65.993072
376.600000,-66.000196,-65.997983,-65.993079
376.650000,-66.000202,-65.997989,-65.993085
376.700000,-66.000208,-65.997996,-65.993092
376.750000,-66.000215,-65.998002,-65.993098
376.800000,-66.000221,-65.998008,-65.993104
376.850000,-66.000228,-65.998015,-65.993111
376.900000,-66.000234,-65.998021,-65.993117
376.950000,-66.000240,-65.998028,-65.993124
377.000000,-66.000247,-65.998034,-65.993130
377.050000,-66.000253,-65.998040,-65.993136
377.100000,-66.000259,-65.998047,-65.993143
377.150000,-66.000266,-65.998053,-65.993149
377.200000,-66.000272,-65.998059,-65.993155
377.250000,-66.000278,-65.998066,-65.993162
377.300000,-66.000285,-65.998072,-65.993168
377.350000,-66.000291,-65.998078,-65.993174
377.400000,-66.000297,-65.998085,-65.993181
377.450000,-66.000304,-65.998091,-65.993187
377.500000,-66.000310,-65.998097,-65.993193
377.550000,-66.000316,-65.998103,-65.993199
377.600000,-66.000322,-65.998110,-65.993206
377.650000,-66.000329,-65.998116,-65.993212
377.700000,-66.000335,-65.998122,-65.993218
377.750000,-66.000341,-65.998128,-65.993224
377.800000,-66.000347,-65.998135,-65.993230
377.850000,-66.000354,-65.998141,-65.993237
377.900000,-66.000360,-65.998147,-65.993243
377.950000,-66.000366,-65.998153,-65.993249
378.000000,-66.000372,-65.998159,-65.993255
378.050000,-66.000378,-65.998166,-65.993261
378.100000,-66.000385,-65.998172,-65.993268
378.150000,-66.000391,-65.998178,-65.993274
378.200000,-66.000397,-65.998184,-65.993280
378.250000,-66.000403,-65.998190,-65.993286
378.300000,-66.000409,-65.998196,-65.993292
378.350000,-66.000415,-65.998202,-65.993298
378.400000,-66.000421,-65.998209,-65.993304
378.450000,-66.000427,-65.998215,-65.993310
378.500000,-66.000434,-65.998221,-65.993317
378.550000,-66.000440,-65.998227,-65.993323
378.600000,-66.000446,-65.998233,-65.993329
378.650000,-66.000452,-65.998239,-65.993335
378.700000,-66.000458,-65.998245,-65.993341
378.750000,-66.000464,-65.998251,-65.993347
378.800000,-66.000470,-65.998257,-65.993353
378.850000,-66.000476,-65.998263,-65.993359
378.900000,-66.000482,-65.998269,-65.993365
378.950000,-66.000488,-65.998275,-65.993371
379.000000,-66.000494,-65.998281,-65.993377
379.050000,-66.000500,-65.998287,-65.993383
379.100000,-66.000506,-65.998293,-65.993389
379.150000,-66.000512,-65.998299,-65.993395
379.200000,-66.000518,-65.998305,-65.993401
379.250000,-66.000524,-65.998311,-65.993407
379.300000,-66.000530,-65.998317,-65.993413
379.350000,-66.000536,-65.998323,-65.993419
379.400000,-66.000542,-65.998329,-65.993425
379.450000,-66.000548,-65.998335,-65.993430
379.500000,-66.000554,-65.998341,-65.993436
379.550000,-66.000559,-65.998347,-65.993442
379.600000,-66.000565,-65.998353,-65.993448
379.650000,-66.000571,-65.998358,-65.993454
379.700000,-66.000577,-65.998364,-65.993460
379.750000,-66.000583,-65.998370,-65.993466
379.800000,-66.000589,-65.998376,-65.993472
379.850000,-66.000595,-65.998382,-65.993477
379.900000,-66.000601,-65.998388,-65.993483
379.950000,-66.000606,-65.998394,-65.993489
380.000000,-66.000612,-65.998399,-65.993495
380.050000,-66.000618,-65.998405,-65.993501
380.100000,-66.000624,-65.998411,-65.993507
380.150000,-66.000630,-65.998417,-65.993512
380.200000,-66.000635,-65.998423,-65.993518
380.250000,-66.000641,-65.998428,-65.993524
380.300000,-66.000647,-65.998434,-65.993530
380.350000,-66.000653,-65.998440,-65.993535
380.400000,-66.000658,-65.998446,-65.993541
380.450000,-66.000664,-65.998451,-65.993547
380.500000,-66.000670,-65.998457,-65.993553
380.550000,-66.000676,-65.998463,-65.993558
380.600000,-66.000681,-65.998469,-65.993564
380.650000,-66.000687,-65.998474,-65.993570
380.700000,-66.000693,-65.998480,-65.993576
380.750000,-66.000699,-65.998486,-65.993581
380.800000,-66.000704,-65.998491,-65.993587
380.850000,-66.000710,-65.998497,-65.993593
380.900000,-66.000716,-65.998503,-65.993598
380.950000,-66.000721,-65.998508,-65.993604
381.000000,-66.000727,-65.998514,-65.993610
381.050000,-66.000733,-65.998520,-65.993615
381.100000,-66.000738,-65.998525,-65.993621
381.150000,-66.000744,-65.998531,-65.993626
381.200000,-66.000749,-65.998537,-65.993632
381.250000,-66.000755,-65.998542,-65.993638
381.300000,-66.000761,-65.998548,-65.993643
381.350000,-66.000766,-65.998553,-65.993649
381.400000,-66.000772,-65.998559,-65.993654
381.450000,-66.000777,-65.998565,-65.993660
381.500000,-66.000783,-65.998570,-65.993666
381.550000,-66.000789,-65.998576,-65.993671
381.600000,-66.000794,-65.998581,-65.993677
381.650000,-66.000800,-65.998587,-65.993682
381.700000,-66.000805,-65.998592,-65.993688
381.750000,-66.000811,-65.998598,-65.993693
381.800000,-66.000816,-65.998603,-65.993699
381.850000,-66.000822,-65.998609,-65.993704
381.900000,-66.000827,-65.998615,-65.993710
381.950000,-66.000833,-65.998620,-65.993715
382.000000,-66.000838,-65.998625,-65.993721
382.050000,-66.000844,-65.998631,-65.993726
382.100000,-66.000849,-65.998636,-65.993732
382.150000,-66.000855,-65.998642,-65.993737
382.200000,-66.000860,-65.998647,-65.993743
382.250000,-66.000866,-65.998653,-65.993748
382.300000,-66.000871,-65.998658,-65.993754
382.350000,-66.000876,-65.998664,-65.993759
382.400000,-66.000882,-65.998669,-65.993764
382.450000,-66.000887,-65.998675,-65.993770
382.500000,-66.000893,-65.998680,-65.993775
382.550000,-66.000898,-65.998685,-65.993781
382.600000,-66.000903,-65.998691,-65.993786
382.650000,-66.000909,-65.998696,-65.993791
382.700000,-66.000914,-65.998701,-65.993797
382.750000,-66.000920,-65.998707,-65.993802
382.800000,-66.000925,-65.998712,-65.993807
382.850000,-66.000930,-65.998718,-65.993813
382.900000,-66.000936,-65.998723,-65.993818
382.950000,-66.000941,-65.998728,-65.993823
383.000000,-66.000946,-65.998734,-65.993829
383.050000,-66.000952,-65.998739,-65.993834
383.100000,-66.000957,-65.998744,-65.993839
383.150000,-66.000962,-65.998749,-65.993845
383.200000,-66.000968,-65.998755,-65.993850
383.250000,-66.000973,-65.998760,-65.993855
383.300000,-66.000978,-65.998765,-65.993861
383.350000,-66.000983,-65.998771,-65.993866
383.400000,-66.000989,-65.998776,-65.993871
383.450000,-66.000994,-65.998781,-65.993876
383.500000,-66.000999,-65.998786,-65.993882
383.550000,-66.001004,-65.998792,-65.993887
383.600000,-66.001010,-65.998797,-65.993892
383.650000,-66.001015,-65.998802,-65.993897
383.700000,-66.001020,-65.998807,-65.993902
383.750000,-66.001025,-65.998813,-65.993908
383.800000,-66.001030,-65.998818,-65.993913
383.850000,-66.001036,-65.998823,-65.993918
383.900000,-66.001041,-65.998828,-65.993923
383.950000,-66.001046,-65.998833,-65.993928
384.000000,-66.001051,-65.998838,-65.993934
384.050000,-66.001056,-65.998844,-65.993939
384.100000,-66.001061,-65.998849,-65.993944
384.150000,-66.001067,-65.998854,-65.993949
384.200000,-66.001072,-65.998859,-65.993954
384.250000,-66.001077,-65.998864,-65.993959
384.300000,-66.001082,-65.998869,-65.993964
384.350000,-66.001087,-65.998874,-65.993970
384.400000,-66.001092,-65.998880,-65.993975
384.450000,-66.001097,-65.998885,-65.993980
384.500000,-66.001102,-65.998890,-65.993985
384.550000,-66.001108,-65.998895,-65.993990
384.600000,-66.001113,-65.998900,-65.993995
384.650000,-66.001118,-65.998905,-65.994000
384.700000,-66.001123,-65.998910,-65.994005
384.750000,-66.001128,-65.998915,-65.994010
384.800000,-66.001133,-65.998920,-65.994015
384.850000,-66.001138,-65.998925,-65.994020
384.900000,-66.001143,-65.998930,-65.994025
384.950000,-66.001148,-65.998935,-65.994030
385.000000,-66.001153,-65.998940,-65.994035
385.050000,-66.001158,-65.998945,-65.994040
385.100000,-66.001163,-65.998950,-65.994045
385.150000,-66.001168,-65.998955,-65.994050
385.200000,-66.001173,-65.998960,-65.994055
385.250000,-66.001178,-65.998965,-65.994060
385.300000,-66.001183,-65.998970,-65.994065
385.350000,-66.001188,-65.998975,-65.994070
385.400000,-66.001193,-65.998980,-65.994075
385.450000,-66.001198,-65.998985,-65.994080
385.500000,-66.001203,-65.998990,-65.994085
385.550000,-66.001208,-65.998995,-65.994090
385.600000,-66.001213,-65.999000,-65.994095
385.650000,-66.001218,-65.999005,-65.994100
385.700000,-66.001222,-65.999010,-65.994105
385.750000,-66.001227,-65.999015,-65.994110
385.800000,-66.001232,-65.999020,-65.994115
385.850000,-66.001237,-65.999024,-65.994119
385.900000,-66.001242,-65.999029,-65.994124
385.950000,-66.001247,-65.999034,-65.994129
386.000000,-66.001252,-65.999039,-65.994134
386.050000,-66.001257,-65.999044,-65.994139
386.100000,-66.001262,-65.999049,-65.994144
386.150000,-66.001266,-65.999054,-65.994149
386.200000,-66.001271,-65.999058,-65.994153
386.250000,-66.001276,-65.999063,-65.994158
386.300000,-66.001281,-65.999068,-65.994163
386.350000,-66.001286,-65.999073,-65.994168
386.400000,-66.001291,-65.999078,-65.994173
386.450000,-66.001295,-65.999083,-65.994177
386.500000,-66.001300,-65.999087,-65.994182
386.550000,-66.001305,-65.999092,-65.994187
386.600000,-66.001310,-65.999097,-65.994192
386.650000,-66.001314,-65.999102,-65.994197
386.700000,-66.001319,-65.999107,-65.994201
386.750000,-66.001324,-65.999111,-65.994206
386.800000,-66.001329,-65.999116,-65.994211
386.850000,-66.001334,-65.999121,-65.994216
386.900000,-66.001338,-65.999126,-65.994220
386.950000,-66.001343,-65.999130,-65.994225
387.000000,-66.001348,-65.999135,-65.994230
387.050000,-66.001352,-65.999140,-65.994235
387.100000,-66.001357,-65.999144,-65.994239
387.150000,-66.001362,-65.999149,-65.994244
387.200000,-66.001367,-65.999154,-65.994249
387.250000,-66.001371,-65.999159,-65.994253
387.300000,-66.001376,-65.999163,-65.994258
387.350000,-66.001381,-65.999168,-65.994263
387.400000,-66.001385,-65.999173,-65.994267
387.450000,-66.001390,-65.999177,-65.994272
387.500000,-66.001395,-65.999182,-65.994277
387.550000,-66.001399,-65.999187,-65.994281
387.600000,-66.001404,-65.999191,-65.994286
387.650000,-66.001409,-65.999196,-65.994291
387.700000,-66.001413,-65.999200,-65.994295
387.750000,-66.001418,-65.999205,-65.994300
387.800000,-66.001422,-65.999210,-65.994304
387.850000,-66.001427,-65.999214,-65.994309
387.900000,-66.001432,-65.999219,-65.994314
387.950000,-66.001436,-65.999223,-65.994318
388.000000,-66.001441,-65.999228,-65.994323
388.050000,-66.001445,-65.999233,-65.994327
388.100000,-66.001450,-65.999237,-65.994332
388.150000,-66.001455,-65.999242,-65.994337
388.200000,-66.001459,-65.999246,-65.994341
388.250000,-66.001464,-65.999251,-65.994346
388.300000,-66.001468,-65.999255,-65.994350
388.350000,-66.001473,-65.999260,-65.994355
388.400000,-66.001477,-65.999265,-65.994359
388.450000,-66.001482,-65.999269,-65.994364
388.500000,-66.001486,-65.999274,-65.994368
388.550000,-66.001491,-65.999278,-65.994373
388.600000,-66.001495,-65.999283,-65.994377
388.650000,-66.001500,-65.999287,-65.994382
388.700000,-66.001504,-65.999292,-65.994386
388.750000,-66.001509,-65.999296,-65.994391
388.800000,-66.001513,-65.999301,-65.994395
388.850000,-66.001518,-65.999305,-65.994400
388.900000,-66.001522,-65.999310,-65.994404
388.950000,-66.001527,-65.999314,-65.994409
389.000000,-66.001531,-65.999318,-65.994413
389.050000,-66.001536,-65.999323,-65.994418
389.100000,-66.001540,-65.999327,-65.994422
389.150000,-66.001544,-65.999332,-65.994426
389.200000,-66.001549,-65.999336,-65.994431
389.250000,-66.001553,-65.999341,-65.994435
389.300000,-66.001558,-65.999345,-65.994440
389.350000,-66.001562,-65.999349,-65.994444
389.400000,-66.001567,-65.999354,-65.994448
389.450000,-66.001571,-65.999358,-65.994453
389.500000,-66.001575,-65.999363,-65.994457
389.550000,-66.001580,-65.999367,-65.994462
389.600000,-66.001584,-65.999371,-65.994466
389.650000,-66.001588,-65.999376,-65.994470
389.700000,-66.001593,-65.999380,-65.994475
389.750000,-66.001597,-65.999384,-65.994479
389.800000,-66.001602,-65.999389,-65.994483
389.850000,-66.001606,-65.999393,-65.994488
389.900000,-66.001610,-65.999398,-65.994492
389.950000,-66.001615,-65.999402,-65.994496
390.000000,-66.001619,-65.999406,-65.994501
390.050000,-66.001623,-65.999410,-65.994505
390.100000,-66.001628,-65.999415,-65.994509
390.150000,-66.001632,-65.999419,-65.994514
390.200000,-66.001636,-65.999423,-65.994518
390.250000,-66.001640,-65.999428,-65.994522
390.300000,-66.001645,-65.999432,-65.994527
390.350000,-66.001649,-65.999436,-65.994531
390.400000,-66.001653,-65.999441,-65.994535
390.450000,-66.001658,-65.999445,-65.994539
390.500000,-66.001662,-65.999449,-65.994544
390.550000,-66.001666,-65.999453,-65.994548
390.600000,-66.001670,-65.999458,-65.994552
390.650000,-66.001675,-65.999462,-65.994556
390.700000,-66.001679,-65.999466,-65.994561
390.750000,-66.001683,-65.999470,-65.994565
390.800000,-66.001687,-65.999474,-65.994569
390.850000,-66.001691,-65.999479,-65.994573
390.900000,-66.001696,-65.999483,-65.994577
390.950000,-66.001700,-65.999487,-65.994582
391.000000,-66.001704,-65.999491,-65.994586
391.050000,-66.001708,-65.999495,-65.994590
391.100000,-66.001712,-65.999500,-65.994594
391.150000,-66.001717,-65.999504,-65.994598
391.200000,-66.001721,-65.999508,-65.994603
391.250000,-66.001725,-65.999512,-65.994607
391.300000,-66.001729,-65.999516,-65.994611
391.350000,-66.001733,-65.999520,-65.994615
391.400000,-66.001737,-65.999525,-65.994619
391.450000,-66.001741,-65.999529,-65.994623
391.500000,-66.001746,-65.999533,-65.994627
391.550000,-66.001750,-65.999537,-65.994632
391.600000,-66.001754,-65.999541,-65.994636
391.650000,-66.001758,-65.999545,-65.994640
391.700000,-66.001762,-65.999549,-65.994644
391.750000,-66.001766,-65.999554,-65.994648
391.800000,-66.001770,-65.999558,-65.994652
391.850000,-66.001774,-65.999562,-65.994656
391.900000,-66.001778,-65.999566,-65.994660
391.950000,-66.001783,-65.999570,-65.994664
392.000000,-66.001787,-65.999574,-65.994668
392.050000,-66.001791,-65.999578,-65.994672
392.100000,-66.001795,-65.999582,-65.994676
392.150000,-66.001799,-65.999586,-65.994681
392.200000,-66.001803,-65.999590,-65.994685
392.250000,-66.001807,-65.999594,-65.994689
392.300000,-66.001811,-65.999598,-65.994693
392.350000,-66.001815,-65.999602,-65.994697
392.400000,-66.001819,-65.999606,-65.994701
392.450000,-66.001823,-65.999610,-65.994705
392.500000,-66.001827,-65.999614,-65.994709
392.550000,-66.001831,-65.999618,-65.994713
392.600000,-66.001835,-65.999622,-65.994717
392.650000,-66.001839,-65.999626,-65.994721
392.700000,-66.001843,-65.999630,-65.994725
392.750000,-66.001847,-65.999634,-65.994729
392.800000,-66.001851,-65.999638,-65.994733
392.850000,-66.001855,-65.999642,-65.994737
392.900000,-66.001859,-65.999646,-65.994741
392.950000,-66.001863,-65.999650,-65.994745
393.000000,-66.001867,-65.999654,-65.994749
393.050000,-66.001871,-65.999658,-65.994752
393.100000,-66.001875,-65.999662,-65.994756
393.150000,-66.001879,-65.999666,-65.994760
393.200000,-66.001883,-65.999670,-65.994764
393.250000,-66.001887,-65.999674,-65.994768
393.300000,-66.001890,-65.999678,-65.994772
393.350000,-66.001894,-65.999682,-65.994776
393.400000,-66.001898,-65.999686,-65.994780
393.450000,-66.001902,-65.999689,-65.994784
393.500000,-66.001906,-65.999693,-65.994788
393.550000,-66.001910,-65.999697,-65.994792
393.600000,-66.001914,-65.999701,-65.994795
393.650000,-66.001918,-65.999705,-65.994799
393.700000,-66.001922,-65.999709,-65.994803
393.750000,-66.001925,-65.999713,-65.994807
393.800000,-66.001929,-65.999717,-65.994811
393.850000,-66.001933,-65.999720,-65.994815
393.900000,-66.001937,-65.999724,-65.994819
393.950000,-66.001941,-65.999728,-65.994822
394.000000,-66.001945,-65.999732,-65.994826
394.050000,-66.001949,-65.999736,-65.994830
394.100000,-66.001952,-65.999740,-65.994834
394.150000,-66.001956,-65.999743,-65.994838
394.200000,-66.001960,-65.999747,-65.994842
394.250000,-66.001964,-65.999751,-65.994845
394.300000,-66.001968,-65.999755,-65.994849
394.350000,-66.001971,-65.999759,-65.994853
394.400000,-66.001975,-65.999762,-65.994857
394.450000,-66.001979,-65.999766,-65.994861
394.500000,-66.001983,-65.999770,-65.994864
394.550000,-66.001987,-65.999774,-65.994868
394.600000,-66.001990,-65.999778,-65.994872
394.650000,-66.001994,-65.999781,-65.994876
394.700000,-66.001998,-65.999785,-65.994879
394.750000,-66.002002,-65.999789,-65.994883
394.800000,-66.002005,-65.999793,-65.994887
394.850000,-66.002009,-65.999796,-65.994891
394.900000,-66.002013,-65.999800,-65.994894
394.950000,-66.002017,-65.999804,-65.994898
395.000000,-66.002020,-65.999808,-65.994902
395.050000,-66.002024,-65.999811,-65.994906
395.100000,-66.002028,-65.999815,-65.994909
395.150000,-66.002031,-65.999819,-65.994913
395.200000,-66.002035,-65.999822,-65.994917
395.250000,-66.002039,-65.999826,-65.994920
395.300000,-66.002043,-65.999830,-65.994924
395.350000,-66.002046,-65.999833,-65.994928
395.400000,-66.002050,-65.999837,-65.994931
395.450000,-66.002054,-65.999841,-65.994935
395.500000,-66.002057,-65.999845,-65.994939
395.550000,-66.002061,-65.999848,-65.994942
395.600000,-66.002065,-65.999852,-65.994946
395.650000,-66.002068,-65.999855,-65.994950
395.700000,-66.002072,-65.999859,-65.994953
395.750000,-66.002075,-65.999863,-65.994957
395.800000,-66.002079,-65.999866,-65.994961
395.850000,-66.002083,-65.999870,-65.994964
395.900000,-66.002086,-65.999874,-65.994968
395.950000,-66.002090,-65.999877,-65.994971
396.000000,-66.002094,-65.999881,-65.994975
396.050000,-66.002097,-65.999885,-65.994979
396.100000,-66.002101,-65.999888,-65.994982
396.150000,-66.002104,-65.999892,-65.994986
396.200000,-66.002108,-65.999895,-65.994989
396.250000,-66.002112,-65.999899,-65.994993
396.300000,-66.002115,-65.999903,-65.994997
396.350000,-66.002119,-65.999906,-65.995000
396.400000,-66.002122,-65.999910,-65.995004
396.450000,-66.002126,-65.999913,-65.995007
396.500000,-66.002129,-65.999917,-65.995011
396.550000,-66.002133,-65.999920,-65.995014
396.600000,-66.002137,-65.999924,-65.995018
396.650000,-66.002140,-65.999927,-65.995022
396.700000,-66.002144,-65.999931,-65.995025
396.750000,-66.002147,-65.999935,-65.995029
396.800000,-66.002151,-65.999938,-65.995032
396.850000,-66.002154,-65.999942,-65.995036
396.900000,-66.002158,-65.999945,-65.995039
396.950000,-66.002161,-65.999949,-65.995043
397.000000,-66.002165,-65.999952,-65.995046
397.050000,-66.002168,-65.999956,-65.995050
397.100000,-66.002172,-65.999959,-65.995053
397.150000,-66.002175,-65.999963,-65.995057
397.200000,-66.002179,-65.999966,-65.995060
397.250000,-66.002182,-65.999970,-65.995064
397.300000,-66.002186,-65.999973,-65.995067
397.350000,-66.002189,-65.999977,-65.995071
397.400000,-66.002193,-65.999980,-65.995074
397.450000,-66.002196,-65.999983,-65.995078
397.500000,-66.002200,-65.999987,-65.995081
397.550000,-66.002203,-65.999990,-65.995084
397.600000,-66.002207,-65.999994,-65.995088
397.650000,-66.002210,-65.999997,-65.995091
397.700000,-66.002213,-66.000001,-65.995095
397.750000,-66.002217,-66.000004,-65.995098
397.800000,-66.002220,-66.000008,-65.995102
397.850000,-66.002224,-66.000011,-65.995105
397.900000,-66.002227,-66.000014,-65.995108
397.950000,-66.002231,-66.000018,-65.995112
398.000000,-66.002234,-66.000021,-65.995115
398.050000,-66.002237,-66.000025,-65.995119
398.100000,-66.002241,-66.000028,-65.995122
398.150000,-66.002244,-66.000031,-65.995125
398.200000,-66.002248,-66.000035,-65.995129
398.250000,-66.002251,-66.000038,-65.995132
398.300000,-66.002254,-66.000042,-65.995136
398.350000,-66.002258,-66.000045,-65.995139
398.400000,-66.002261,-66.000048,-65.995142
398.450000,-66.002264,-66.000052,-65.995146
398.500000,-66.002268,-66.000055,-65.995149
398.550000,-66.002271,-66.000058,-65.995152
398.600000,-66.002274,-66.000062,-65.995156
398.650000,-66.002278,-66.000065,-65.995159
398.700000,-66.002281,-66.000068,-65.995162
398.750000,-66.002284,-66.000072,-65.995166
398.800000,-66.002288,-66.000075,-65.995169
398.850000,-66.002291,-66.000078,-65.995172
398.900000,-66.002294,-66.000082,-65.995176
398.950000,-66.002298,-66.000085,-65.995179
399.000000,-66.002301,-66.000088,-65.995182
399.050000,-66.002304,-66.000092,-65.995186
399.100000,-66.002308,-66.000095,-65.995189
399.150000,-66.002311,-66.000098,-65.995192
399.200000,-66.002314,-66.000102,-65.995195
399.250000,-66.002317,-66.000105,-65.995199
399.300000,-66.002321,-66.000108,-65.995202
399.350000,-66.002324,-66.000111,-65.995205
399.400000,-66.002327,-66.000115,-65.995209
399.450000,-66.002331,-66.000118,-65.995212
399.500000,-66.002334,-66.000121,-65.995215
399.550000,-66.002337,-66.000124,-65.995218
399.600000,-66.002340,-66.000128,-65.995222
399.650000,-66.002344,-66.000131,-65.995225
399.700000,-66.002347,-66.000134,-65.995228
399.750000,-66.002350,-66.000137,-65.995231
399.800000,-66.002353,-66.000141,-65.995235
399.850000,-66.002357,-66.000144,-65.995238
399.900000,-66.002360,-66.000147,-65.995241
399.950000,-66.002363,-66.000150,-65.995244
400.000000,-66.002366,-66.000153,-65.995247
400.050000,-66.002369,-66.000157,-65.995251
400.100000,-66.002373,-66.000160,-65.995254
400.150000,-66.002376,-66.000163,-65.995257
400.200000,-66.002379,-66.000166,-65.995260
400.250000,-66.002382,-66.000169,-65.995263
400.300000,-66.002385,-66.000173,-65.995267
400.350000,-66.002388,-66.000176,-65.995270
400.400000,-66.002392,-66.000179,-65.995273
400.450000,-66.002395,-66.000182,-65.995276
400.500000,-66.002398,-66.000185,-65.995279
400.550000,-66.002401,-66.000188,-65.995282
400.600000,-66.002404,-66.000192,-65.995285
400.650000,-66.002407,-66.000195,-65.995289
400.700000,-66.002411,-66.000198,-65.995292
400.750000,-66.002414,-66.000201,-65.995295
400.800000,-66.002417,-66.000204,-65.995298
400.850000,-66.002420,-66.000207,-65.995301
400.900000,-66.002423,-66.000210,-65.995304
400.950000,-66.002426,-66.000214,-65.995307
401.000000,-66.002429,-66.000217,-65.995311
401.050000,-66.002432,-66.000220,-65.995314
401.100000,-66.002436,-66.000223,-65.995317
401.150000,-66.002439,-66.000226,-65.995320
401.200000,-66.002442,-66.000229,-65.995323
401.250000,-66.002445,-66.000232,-65.995326
401.300000,-66.002448,-66.000235,-65.995329
401.350000,-66.002451,-66.000238,-65.995332
401.400000,-66.002454,-66.000241,-65.995335
401.450000,-66.002457,-66.000244,-65.995338
401.500000,-66.002460,-66.000248,-65.995341
401.550000,-66.002463,-66.000251,-65.995344
401.600000,-66.002466,-66.000254,-65.995348
401.650000,-66.002469,-66.000257,-65.995351
401.700000,-66.002472,-66.000260,-65.995354
401.750000,-66.002476,-66.000263,-65.995357
401.800000,-66.002479,-66.000266,-65.995360
401.850000,-66.002482,-66.000269,-65.995363
401.900000,-66.002485,-66.000272,-65.995366
401.950000,-66.002488,-66.000275,-65.995369
402.000000,-66.002491,-66.000278,-65.995372
402.050000,-66.002494,-66.000281,-65.995375
402.100000,-66.002497,-66.000284,-65.995378
402.150000,-66.002500,-66.000287,-65.995381
402.200000,-66.002503,-66.000290,-65.995384
402.250000,-66.002506,-66.000293,-65.995387
402.300000,-66.002509,-66.000296,-65.995390
402.350000,-66.002512,-66.000299,-65.995393
402.400000,-66.002515,-66.000302,-65.995396
402.450000,-66.002518,-66.000305,-65.995399
402.500000,-66.002521,-66.000308,-65.995402
402.550000,-66.002524,-66.000311,-65.995405
402.600000,-66.002527,-66.000314,-65.995408
402.650000,-66.002530,-66.000317,-65.995411
402.700000,-66.002533,-66.000320,-65.995414
402.750000,-66.002536,-66.000323,-65.995417
402.800000,-66.002538,-66.000326,-65.995420
402.850000,-66.002541,-66.000329,-65.995423
402.900000,-66.002544,-66.000332,-65.995425
402.950000,-66.002547,-66.000335,-65.995428
403.000000,-66.002550,-66.000338,-65.995431
403.050000,-66.002553,-66.000340,-65.995434
403.100000,-66.002556,-66.000343,-65.995437
403.150000,-66.002559,-66.000346,-65.995440
403.200000,-66.002562,-66.000349,-65.995443
403.250000,-66.002565,-66.000352,-65.995446
403.300000,-66.002568,-66.000355,-65.995449
403.350000,-66.002571,-66.000358,-65.995452
403.400000,-66.002574,-66.000361,-65.995455
403.450000,-66.002576,-66.000364,-65.995458
403.500000,-66.002579,-66.000367,-65.995460
403.550000,-66.002582,-66.000370,-65.995463
403.600000,-66.002585,-66.000372,-65.995466
403.650000,-66.002588,-66.000375,-65.995469
403.700000,-66.002591,-66.000378,-65.995472
403.750000,-66.002594,-66.000381,-65.995475
403.800000,-66.002597,-66.000384,-65.995478
403.850000,-66.002600,-66.000387,-65.995481
403.900000,-66.002602,-66.000390,-65.995483
403.950000,-66.002605,-66.000393,-65.995486
404.000000,-66.002608,-66.000395,-65.995489
404.050000,-66.002611,-66.000398,-65.995492
404.100000,-66.002614,-66.000401,-65.995495
404.150000,-66.002617,-66.000404,-65.995498
404.200000,-66.002619,-66.000407,-65.995500
404.250000,-66.002622,-66.000410,-65.995503
404.300000,-66.002625,-66.000412,-65.995506
404.350000,-66.002628,-66.000415,-65.995509
404.400000,-66.002631,-66.000418,-65.995512
404.450000,-66.002634,-66.000421,-65.995515
404.500000,-66.002636,-66.000424,-65.995517
404.550000,-66.002639,-66.000426,-65.995520
404.600000,-66.002642,-66.000429,-65.995523
404.650000,-66.002645,-66.000432,-65.995526
404.700000,-66.002648,-66.000435,-65.995529
404.750000,-66.002650,-66.000438,-65.995531
404.800000,-66.002653,-66.000440,-65.995534
404.850000,-66.002656,-66.000443,-65.995537
404.900000,-66.002659,-66.000446,-65.995540
404.950000,-66.002661,-66.000449,-65.995542
405.000000,-66.002664,-66.000452,-65.995545
405.050000,-66.002667,-66.000454,-65.995548
405.100000,-66.002670,-66.000457,-65.995551
405.150000,-66.002672,-66.000460,-65.995553
405.200000,-66.002675,-66.000463,-65.995556
405.250000,-66.002678,-66.000465,-65.995559
405.300000,-66.002681,-66.000468,-65.995562
405.350000,-66.002683,-66.000471,-65.995564
405.400000,-66.002686,-66.000473,-65.995567
405.450000,-66.002689,-66.000476,-65.995570
405.500000,-66.002692,-66.000479,-65.995573
405.550000,-66.002694,-66.000482,-65.995575
405.600000,-66.002697,-66.000484,-65.995578
405.650000,-66.002700,-66.000487,-65.995581
405.700000,-66.002703,-66.000490,-65.995583
405.750000,-66.002705,-66.000493,-65.995586
405.800000,-66.002708,-66.000495,-65.995589
405.850000,-66.002711,-66.000498,-65.995592
405.900000,-66.002713,-66.000501,-65.995594
405.950000,-66.002716,-66.000503,-65.995597
406.000000,-66.002719,-66.000506,-65.995600
406.050000,-66.002721,-66.000509,-65.995602
406.100000,-66.002724,-66.000511,-65.995605
406.150000,-66.002727,-66.000514,-65.995608
406.200000,-66.002729,-66.000517,-65.995610
406.250000,-66.002732,-66.000519,-65.995613
406.300000,-66.002735,-66.000522,-65.995616
406.350000,-66.002737,-66.000525,-65.995618
406.400000,-66.002740,-66.000527,-65.995621
406.450000,-66.002743,-66.000530,-65.995624
406.500000,-66.002745,-66.000533,-65.995626
406.550000,-66.002748,-66.000535,-65.995629
406.600000,-66.002751,-66.000538,-65.995631
406.650000,-66.002753,-66.000541,-65.995634
406.700000,-66.002756,-66.000543,-65.995637
406.750000,-66.002758,-66.000546,-65.995639
406.800000,-66.002761,-66.000548,-65.995642
406.850000,-66.002764,-66.000551,-65.995645
406.900000,-66.002766,-66.000554,-65.995647
406.950000,-66.002769,-66.000556,-65.995650
407.000000,-66.002772,-66.000559,-65.995652
407.050000,-66.002774,-66.000561,-65.995655
407.100000,-66.002777,-66.000564,-65.995658
407.150000,-66.002779,-66.000567,-65.995660
407.200000,-66.002782,-66.000569,-65.995663
407.250000,-66.002785,-66.000572,-65.995665
407.300000,-66.002787,-66.000574,-65.995668
407.350000,-66.002790,-66.000577,-65.995671
407.400000,-66.002792,-66.000580,-65.995673
407.450000,-66.002795,-66.000582,-65.995676
407.500000,-66.002797,-66.000585,-65.995678
407.550000,-66.002800,-66.000587,-65.995681
407.600000,-66.002803,-66.000590,-65.995683
407.650000,-66.002805,-66.000592,-65.995686
407.700000,-66.002808,-66.000595,-65.995688
407.750000,-66.002810,-66.000597,-65.995691
407.800000,-66.002813,-66.000600,-65.995694
407.850000,-66.002815,-66.000603,-65.995696
407.900000,-66.002818,-66.000605,-65.995699
407.950000,-66.002820,-66.000608,-65.995701
408.000000,-66.002823,-66.000610,-65.995704
408.050000,-66.002825,-66.000613,-65.995706
408.100000,-66.002828,-66.000615,-65.995709
408.150000,-66.002830,-66.000618,-65.995711
408.200000,-66.002833,-66.000620,-65.995714
408.250000,-66.002835,-66.000623,-65.995716
408.300000,-66.002838,-66.000625,-65.995719
408.350000,-66.002840,-66.000628,-65.995721
408.400000,-66.002843,-66.000630,-65.995724
408.450000,-66.002845,-66.000633,-65.995726
408.500000,-66.002848,-66.000635,-65.995729
408.550000,-66.002850,-66.000638,-65.995731
408.600000,-66.002853,-66.000640,-65.995734
408.650000,-66.002855,-66.000643,-65.995736
408.700000,-66.002858,-66.000645,-65.995739
408.750000,-66.002860,-66.000648,-65.995741
408.800000,-66.002863,-66.000650,-65.995744
408.850000,-66.002865,-66.000653,-65.995746
408.900000,-66.002868,-66.000655,-65.995749
408.950000,-66.002870,-66.000658,-65.995751
409.000000,-66.002873,-66.000660,-65.995753
409.050000,-66.002875,-66.000662,-65.995756
409.100000,-66.002878,-66.000665,-65.995758
409.150000,-66.002880,-66.000667,-65.995761
409.200000,-66.002882,-66.000670,-65.995763
409.250000,-66.002885,-66.000672,-65.995766
409.300000,-66.002887,-66.000675,-65.995768
409.350000,-66.002890,-66.000677,-65.995771
409.400000,-66.002892,-66.000680,-65.995773
409.450000,-66.002895,-66.000682,-65.995775
409.500000,-66.002897,-66.000684,-65.995778
409.550000,-66.002899,-66.000687,-65.995780
409.600000,-66.002902,-66.000689,-65.995783
409.650000,-66.002904,-66.000692,-65.995785
409.700000,-66.002907,-66.000694,-65.995787
409.750000,-66.002909,-66.000696,-65.995790
409.800000,-66.002912,-66.000699,-65.995792
409.850000,-66.002914,-66.000701,-65.995795
409.900000,-66.002916,-66.000704,-65.995797
409.950000,-66.002919,-66.000706,-65.995799
410.000000,-66.002921,-66.000708,-65.995802
410.050000,-66.002923,-66.000711,-65.995804
410.100000,-66.002926,-66.000713,-65.995807
410.150000,-66.002928,-66.000716,-65.995809
410.200000,-66.002931,-66.000718,-65.995811
410.250000,-66.002933,-66.000720,-65.995814
410.300000,-66.002935,-66.000723,-65.995816
410.350000,-66.002938,-66.000725,-65.995818
410.400000,-66.002940,-66.000727,-65.995821
410.450000,-66.002942,-66.000730,-65.995823
410.500000,-66.002945,-66.000732,-65.995825
410.550000,-66.002947,-66.000734,-65.995828
410.600000,-66.002949,-66.000737,-65.995830
410.650000,-66.002952,-66.000739,-65.995832
410.700000,-66.002954,-66.000741,-65.995835
410.750000,-66.002956,-66.000744,-65.995837
410.800000,-66.002959,-66.000746,-65.995839
410.850000,-66.002961,-66.000748,-65.995842
410.900000,-66.002963,-66.000751,-65.995844
410.950000,-66.002966,-66.000753,-65.995846
411.000000,-66.002968,-66.000755,-65.995849
411.050000,-66.002970,-66.000758,-65.995851
411.100000,-66.002973,-66.000760,-65.995853
411.150000,-66.002975,-66.000762,-65.995856
411.200000,-66.002977,-66.000765,-65.995858
411.250000,-66.002980,-66.000767,-65.995860
411.300000,-66.002982,-66.000769,-65.995863
411.350000,-66.002984,-66.000771,-65.995865
411.400000,-66.002986,-66.000774,-65.995867
411.450000,-66.002989,-66.000776,-65.995869
411.500000,-66.002991,-66.000778,-65.995872
411.550000,-66.002993,-66.000781,-65.995874
411.600000,-66.002996,-66.000783,-65.995876
411.650000,-66.002998,-66.000785,-65.995878
411.700000,-66.003000,-66.000787,-65.995881
411.750000,-66.003002,-66.000790,-65.995883
411.800000,-66.003005,-66.000792,-65.995885
411.850000,-66.003007,-66.000794,-65.995888
411.900000,-66.003009,-66.000796,-65.995890
411.950000,-66.003011,-66.000799,-65.995892
412.000000,-66.003014,-66.000801,-65.995894
412.050000,-66.003016,-66.000803,-65.995897
412.100000,-66.003018,-66.000805,-65.995899
412.150000,-66.003020,-66.000808,-65.995901
412.200000,-66.003023,-66.000810,-65.995903
412.250000,-66.003025,-66.000812,-65.995905
412.300000,-66.003027,-66.000814,-65.995908
412.350000,-66.003029,-66.000817,-65.995910
412.400000,-66.003031,-66.000819,-65.995912
412.450000,-66.003034,-66.000821,-65.995914
412.500000,-66.003036,-66.000823,-65.995917
412.550000,-66.003038,-66.000825,-65.995919
412.600000,-66.003040,-66.000828,-65.995921
412.650000,-66.003043,-66.000830,-65.995923
412.700000,-66.003045,-66.000832,-65.995925
412.750000,-66.003047,-66.000834,-65.995928
412.800000,-66.003049,-66.000836,-65.995930
412.850000,-66.003051,-66.000839,-65.995932
412.900000,-66.003053,-66.000841,-65.995934
412.950000,-66.003056,-66.000843,-65.995936
413.000000,-66.003058,-66.000845,-65.995938
413.050000,-66.003060,-66.000847,-65.995941
413.100000,-66.003062,-66.000850,-65.995943
413.150000,-66.003064,-66.000852,-65.995945
413.200000,-66.003067,-66.000854,-65.995947
413.250000,-66.003069,-66.000856,-65.995949
413.300000,-66.003071,-66.000858,-65.995951
413.350000,-66.003073,-66.000860,-65.995954
413.400000,-66.003075,-66.000862,-65.995956
413.450000,-66.003077,-66.000865,-65.995958
413.500000,-66.003079,-66.000867,-65.995960
413.550000,-66.003082,-66.000869,-65.995962
413.600000,-66.003084,-66.000871,-65.995964
413.650000,-66.003086,-66.000873,-65.995967
413.700000,-66.003088,-66.000875,-65.995969
413.750000,-66.003090,-66.000877,-65.995971
413.800000,-66.003092,-66.000880,-65.995973
413.850000,-66.003094,-66.000882,-65.995975
413.900000,-66.003097,-66.000884,-65.995977
413.950000,-66.003099,-66.000886,-65.995979
414.000000,-66.003101,-66.000888,-65.995981
414.050000,-66.003103,-66.000890,-65.995984
414.100000,-66.003105,-66.000892,-65.995986
414.150000,-66.003107,-66.000894,-65.995988
414.200000,-66.003109,-66.000897,-65.995990
414.250000,-66.003111,-66.000899,-65.995992
414.300000,-66.003113,-66.000901,-65.995994
414.350000,-66.003116,-66.000903,-65.995996
414.400000,-66.003118,-66.000905,-65.995998
414.450000,-66.003120,-66.000907,-65.996000
414.500000,-66.003122,-66.000909,-65.996002
414.550000,-66.003124,-66.000911,-65.996004
414.600000,-66.003126,-66.000913,-65.996007
414.650000,-66.003128,-66.000915,-65.996009
414.700000,-66.003130,-66.000917,-65.996011
414.750000,-66.003132,-66.000919,-65.996013
414.800000,-66.003134,-66.000922,-65.996015
414.850000,-66.003136,-66.000924,-65.996017
414.900000,-66.003138,-66.000926,-65.996019
414.950000,-66.003140,-66.000928,-65.996021
415.000000,-66.003142,-66.000930,-65.996023
415.050000,-66.003145,-66.000932,-65.996025
415.100000,-66.003147,-66.000934,-65.996027
415.150000,-66.003149,-66.000936,-65.996029
415.200000,-66.003151,-66.000938,-65.996031
415.250000,-66.003153,-66.000940,-65.996033
415.300000,-66.003155,-66.000942,-65.996035
415.350000,-66.003157,-66.000944,-65.996037
415.400000,-66.003159,-66.000946,-65.996039
415.450000,-66.003161,-66.000948,-65.996041
415.500000,-66.003163,-66.000950,-65.996043
415.550000,-66.003165,-66.000952,-65.996045
415.600000,-66.003167,-66.000954,-65.996047
415.650000,-66.003169,-66.000956,-65.996049
415.700000,-66.003171,-66.000958,-65.996051
415.750000,-66.003173,-66.000960,-65.996053
415.800000,-66.003175,-66.000962,-65.996056
415.850000,-66.003177,-66.000964,-65.996058
415.900000,-66.003179,-66.000966,-65.996060
415.950000,-66.003181,-66.000968,-65.996062
416.000000,-66.003183,-66.000970,-65.996063
416.050000,-66.003185,-66.000972,-65.996065
416.100000,-66.003187,-66.000974,-65.996067
416.150000,-66.003189,-66.000976,-65.996069
416.200000,-66.003191,-66.000978,-65.996071
416.250000,-66.003193,-66.000980,-65.996073
416.300000,-66.003195,-66.000982,-65.996075
416.350000,-66.003197,-66.000984,-65.996077
416.400000,-66.003199,-66.000986,-65.996079
416.450000,-66.003201,-66.000988,-65.996081
416.500000,-66.003203,-66.000990,-65.996083
416.550000,-66.003205,-66.000992,-65.996085
416.600000,-66.003207,-66.000994,-65.996087
416.650000,-66.003209,-66.000996,-65.996089
416.700000,-66.003211,-66.000998,-65.996091
416.750000,-66.003213,-66.001000,-65.996093
416.800000,-66.003214,-66.001002,-65.996095
416.850000,-66.003216,-66.001004,-65.996097
416.900000,-66.003218,-66.001006,-65.996099
416.950000,-66.003220,-66.001008,-65.996101
417.000000,-66.003222,-66.001010,-65.996103
417.050000,-66.003224,-66.001011,-65.996105
417.100000,-66.003226,-66.001013,-65.996107
417.150000,-66.003228,-66.001015,-65.996109
417.200000,-66.003230,-66.001017,-65.996110
417.250000,-66.003232,-66.001019,-65.996112
417.300000,-66.003234,-66.001021,-65.996114
417.350000,-66.003236,-66.001023,-65.996116
417.400000,-66.003238,-66.001025,-65.996118
417.450000,-66.003240,-66.001027,-65.996120
417.500000,-66.003241,-66.001029,-65.996122
417.550000,-66.003243,-66.001031,-65.996124
417.600000,-66.003245,-66.001033,-65.996126
417.650000,-66.003247,-66.001034,-65.996128
417.700000,-66.003249,-66.001036,-65.996130
417.750000,-66.003251,-66.001038,-65.996131
417.800000,-66.003253,-66.001040,-65.996133
417.850000,-66.003255,-66.001042,-65.996135
417.900000,-66.003257,-66.001044,-65.996137
417.950000,-66.003258,-66.001046,-65.996139
418.000000,-66.003260,-66.001048,-65.996141
418.050000,-66.003262,-66.001050,-65.996143
418.100000,-66.003264,-66.001051,-65.996145
418.150000,-66.003266,-66.001053,-65.996146
418.200000,-66.003268,-66.001055,-65.996148
418.250000,-66.003270,-66.001057,-65.996150
418.300000,-66.003272,-66.001059,-65.996152
418.350000,-66.003273,-66.001061,-65.996154
418.400000,-66.003275,-66.001063,-65.996156
418.450000,-66.003277,-66.001064,-65.996158
418.500000,-66.003279,-66.001066,-65.996159
418.550000,-66.003281,-66.001068,-65.996161
418.600000,-66.003283,-66.001070,-65.996163
418.650000,-66.003285,-66.001072,-65.996165
418.700000,-66.003286,-66.001074,-65.996167
418.750000,-66.003288,-66.001076,-65.996169
418.800000,-66.003290,-66.001077,-65.996171
418.850000,-66.003292,-66.001079,-65.996172
418.900000,-66.003294,-66.001081,-65.996174
418.950000,-66.003296,-66.001083,-65.996176
419.000000,-66.003297,-66.001085,-65.996178
419.050000,-66.003299,-66.001087,-65.996180
419.100000,-66.003301,-66.001088,-65.996181
419.150000,-66.003303,-66.001090,-65.996183
419.200000,-66.003305,-66.001092,-65.996185
419.250000,-66.003306,-66.001094,-65.996187
419.300000,-66.003308,-66.001096,-65.996189
419.350000,-66.003310,-66.001097,-65.996191
419.400000,-66.003312,-66.001099,-65.996192
419.450000,-66.003314,-66.001101,-65.996194
419.500000,-66.003316,-66.001103,-65.996196
419.550000,-66.003317,-66.001105,-65.996198
419.600000,-66.003319,-66.001106,-65.996200
419.650000,-66.003321,-66.001108,-65.996201
419.700000,-66.003323,-66.001110,-65.996203
419.750000,-66.003324,-66.001112,-65.996205
419.800000,-66.003326,-66.001114,-65.996207
419.850000,-66.003328,-66.001115,-65.996208
419.900000,-66.003330,-66.001117,-65.996210
419.950000,-66.003332,-66.001119,-65.996212
420.000000,-66.003333,-66.001121,-65.996214
420.050000,-66.003335,-66.001122,-65.996216
420.100000,-66.003337,-66.001124,-65.996217
420.150000,-66.003339,-66.001126,-65.996219
420.200000,-66.003340,-66.001128,-65.996221
420.250000,-66.003342,-66.001129,-65.996223
420.300000,-66.003344,-66.001131,-65.996224
420.350000,-66.003346,-66.001133,-65.996226
420.400000,-66.003347,-66.001135,-65.996228
420.450000,-66.003349,-66.001136,-65.996230
420.500000,-66.003351,-66.001138,-65.996231
420.550000,-66.003353,-66.001140,-65.996233
420.600000,-66.003354,-66.001142,-65.996235
420.650000,-66.003356,-66.001143,-65.996237
420.700000,-66.003358,-66.001145,-65.996238
420.750000,-66.003360,-66.001147,-65.996240
420.800000,-66.003361,-66.001149,-65.996242
420.850000,-66.003363,-66.001150,-65.996243
420.900000,-66.003365,-66.001152,-65.996245
420.950000,-66.003367,-66.001154,-65.996247
421.000000,-66.003368,-66.001156,-65.996249
421.050000,-66.003370,-66.001157,-65.996250
421.100000,-66.003372,-66.001159,-65.996252
421.150000,-66.003373,-66.001161,-65.996254
421.200000,-66.003375,-66.001162,-65.996255
421.250000,-66.003377,-66.001164,-65.996257
421.300000,-66.003378,-66.001166,-65.996259
421.350000,-66.003380,-66.001168,-65.996261
421.400000,-66.003382,-66.001169,-65.996262
421.450000,-66.003384,-66.001171,-65.996264
421.500000,-66.003385,-66.001173,-65.996266
421.550000,-66.003387,-66.001174,-65.996267
421.600000,-66.003389,-66.001176,-65.996269
421.650000,-66.003390,-66.001178,-65.996271
421.700000,-66.003392,-66.001179,-65.996272
421.750000,-66.003394,-66.001181,-65.996274
421.800000,-66.003395,-66.001183,-65.996276
421.850000,-66.003397,-66.001184,-65.996277
421.900000,-66.003399,-66.001186,-65.996279
421.950000,-66.003400,-66.001188,-65.996281
422.000000,-66.003402,-66.001189,-65.996282
422.050000,-66.003404,-66.001191,-65.996284
422.100000,-66.003405,-66.001193,-65.996286
422.150000,-66.003407,-66.001194,-65.996287
422.200000,-66.003409,-66.001196,-65.996289
422.250000,-66.003410,-66.001198,-65.996291
422.300000,-66.003412,-66.001199,-65.996292
422.350000,-66.003414,-66.001201,-65.996294
422.400000,-66.003415,-66.001203,-65.996296
422.450000,-66.003417,-66.001204,-65.996297
422.500000,-66.003419,-66.001206,-65.996299
422.550000,-66.003420,-66.001208,-65.996301
422.600000,-66.003422,-66.001209,-65.996302
422.650000,-66.003424,-66.001211,-65.996304
422.700000,-66.003425,-66.001213,-65.996306
422.750000,-66.003427,-66.001214,-65.996307
422.800000,-66.003428,-66.001216,-65.996309
422.850000,-66.003430,-66.001217,-65.996310
422.900000,-66.003432,-66.001219,-65.996312
422.950000,-66.003433,-66.001221,-65.996314
423.000000,-66.003435,-66.001222,-65.996315
423.050000,-66.003437,-66.001224,-65.996317
423.100000,-66.003438,-66.001226,-65.996319
423.150000,-66.003440,-66.001227,-65.996320
423.200000,-66.003441,-66.001229,-65.996322
423.250000,-66.003443,-66.001230,-65.996323
423.300000,-66.003445,-66.001232,-65.996325
423.350000,-66.003446,-66.001234,-65.996327
423.400000,-66.003448,-66.001235,-65.996328
423.450000,-66.003449,-66.001237,-65.996330
423.500000,-66.003451,-66.001238,-65.996331
423.550000,-66.003453,-66.001240,-65.996333
423.600000,-66.003454,-66.001242,-65.996335
423.650000,-66.003456,-66.001243,-65.996336
423.700000,-66.003457,-66.001245,-65.996338
423.750000,-66.003459,-66.001246,-65.996339
423.800000,-66.003461,-66.001248,-65.996341
423.850000,-66.003462,-66.001249,-65.996342
423.900000,-66.003464,-66.001251,-65.996344
423.950000,-66.003465,-66.001253,-65.996346
424.000000,-66.003467,-66.001254,-65.996347
424.050000,-66.003468,-66.001256,-65.996349
424.100000,-66.003470,-66.001257,-65.996350
424.150000,-66.003472,-66.001259,-65.996352
424.200000,-66.003473,-66.001260,-65.996353
424.250000,-66.003475,-66.001262,-65.996355
424.300000,-66.003476,-66.001264,-65.996357
424.350000,-66.003478,-66.001265,-65.996358
424.400000,-66.003479,-66.001267,-65.996360
424.450000,-66.003481,-66.001268,-65.996361
424.500000,-66.003482,-66.001270,-65.996363
424.550000,-66.003484,-66.001271,-65.996364
424.600000,-66.003486,-66.001273,-65.996366
424.650000,-66.003487,-66.001274,-65.996367
424.700000,-66.003489,-66.001276,-65.996369
424.750000,-66.003490,-66.001278,-65.996371
424.800000,-66.003492,-66.001279,-65.996372
424.850000,-66.003493,-66.001281,-65.996374
424.900000,-66.003495,-66.001282,-65.996375
424.950000,-66.003496,-66.001284,-65.996377
425.000000,-66.003498,-66.001285,-65.996378
425.050000,-66.003499,-66.001287,-65.996380
425.100000,-66.003501,-66.001288,-65.996381
425.150000,-66.003502,-66.001290,-65.996383
425.200000,-66.003504,-66.001291,-65.996384
425.250000,-66.003505,-66.001293,-65.996386
425.300000,-66.003507,-66.001294,-65.996387
425.350000,-66.003509,-66.001296,-65.996389
425.400000,-66.003510,-66.001297,-65.996390
425.450000,-66.003512,-66.001299,-65.996392
425.500000,-66.003513,-66.001300,-65.996393
425.550000,-66.003515,-66.001302,-65.996395
425.600000,-66.003516,-66.001303,-65.996396
425.650000,-66.003518,-66.001305,-65.996398
425.700000,-66.003519,-66.001306,-65.996399
425.750000,-66.003521,-66.001308,-65.996401
425.800000,-66.003522,-66.001309,-65.996402
425.850000,-66.003523,-66.001311,-65.996404
425.900000,-66.003525,-66.001312,-65.996405
425.950000,-66.003526,-66.001314,-65.996407
426.000000,-66.003528,-66.001315,-65.996408
426.050000,-66.003529,-66.001317,-65.996410
426.100000,-66.003531,-66.001318,-65.996411
426.150000,-66.003532,-66.001320,-65.996413
426.200000,-66.003534,-66.001321,-65.996414
426.250000,-66.003535,-66.001323,-65.996416
426.300000,-66.003537,-66.001324,-65.996417
426.350000,-66.003538,-66.001326,-65.996419
426.400000,-66.003540,-66.001327,-65.996420
426.450000,-66.003541,-66.001329,-65.996421
426.500000,-66.003543,-66.001330,-65.996423
426.550000,-66.003544,-66.001331,-65.996424
426.600000,-66.003546,-66.001333,-65.996426
426.650000,-66.003547,-66.001334,-65.996427
426.700000,-66.003548,-66.001336,-65.996429
426.750000,-66.003550,-66.001337,-65.996430
426.800000,-66.003551,-66.001339,-65.996432
426.850000,-66.003553,-66.001340,-65.996433
426.900000,-66.003554,-66.001342,-65.996435
426.950000,-66.003556,-66.001343,-65.996436
427.000000,-66.003557,-66.001344,-65.996437
427.050000,-66.003559,-66.001346,-65.996439
427.100000,-66.003560,-66.001347,-65.996440
427.150000,-66.003561,-66.001349,-65.996442
427.200000,-66.003563,-66.001350,-65.996443
427.250000,-66.003564,-66.001352,-65.996445
427.300000,-66.003566,-66.001353,-65.996446
427.350000,-66.003567,-66.001354,-65.996447
427.400000,-66.003569,-66.001356,-65.996449
427.450000,-66.003570,-66.001357,-65.996450
427.500000,-66.003571,-66.001359,-65.996452
427.550000,-66.003573,-66.001360,-65.996453
427.600000,-66.003574,-66.001362,-65.996455
427.650000,-66.003576,-66.001363,-65.996456
427.700000,-66.003577,-66.001364,-65.996457
427.750000,-66.003578,-66.001366,-65.996459
427.800000,-66.003580,-66.001367,-65.996460
427.850000,-66.003581,-66.001369,-65.996462
427.900000,-66.003583,-66.001370,-65.996463
427.950000,-66.003584,-66.001371,-65.996464
428.000000,-66.003585,-66.001373,-65.996466
428.050000,-66.003587,-66.001374,-65.996467
428.100000,-66.003588,-66.001376,-65.996469
428.150000,-66.003590,-66.001377,-65.996470
428.200000,-66.003591,-66.001378,-65.996471
428.250000,-66.003592,-66.001380,-65.996473
428.300000,-66.003594,-66.001381,-65.996474
428.350000,-66.003595,-66.001383,-65.996475
428.400000,-66.003597,-66.001384,-65.996477
428.450000,-66.003598,-66.001385,-65.996478
428.500000,-66.003599,-66.001387,-65.996480
428.550000,-66.003601,-66.001388,-65.996481
428.600000,-66.003602,-66.001389,-65.996482
428.650000,-66.003603,-66.001391,-65.996484
428.700000,-66.003605,-66.001392,-65.996485
428.750000,-66.003606,-66.001394,-65.996486
428.800000,-66.003608,-66.001395,-65.996488
428.850000,-66.003609,-66.001396,-65.996489
428.900000,-66.003610,-66.001398,-65.996491
428.950000,-66.003612,-66.001399,-65.996492
429.000000,-66.003613,-66.001400,-65.996493
429.050000,-66.003614,-66.001402,-65.996495
429.100000,-66.003616,-66.001403,-65.996496
429.150000,-66.003617,-66.001404,-65.996497
429.200000,-66.003618,-66.001406,-65.996499
429.250000,-66.003620,-66.001407,-65.996500
429.300000,-66.003621,-66.001408,-65.996501
429.350000,-66.003622,-66.001410,-65.996503
429.400000,-66.003624,-66.001411,-65.996504
429.450000,-66.003625,-66.001412,-65.996505
429.500000,-66.003626,-66.001414,-65.996507
429.550000,-66.003628,-66.001415,-65.996508
429.600000,-66.003629,-66.001416,-65.996509
429.650000,-66.003630,-66.001418,-65.996511
429.700000,-66.003632,-66.001419,-65.996512
429.750000,-66.003633,-66.001420,-65.996513
429.800000,-66.003634,-66.001422,-65.996515
429.850000,-66.003636,-66.001423,-65.996516
429.900000,-66.003637,-66.001424,-65.996517
429.950000,-66.003638,-66.001426,-65.996519
430.000000,-66.003640,-66.001427,-65.996520
430.050000,-66.003641,-66.001428,-65.996521
430.100000,-66.003642,-66.001430,-65.996523
430.150000,-66.003644,-66.001431,-65.996524
430.200000,-66.003645,-66.001432,-65.996525
430.250000,-66.003646,-66.001434,-65.996526
430.300000,-66.003648,-66.001435,-65.996528
430.350000,-66.003649,-66.001436,-65.996529
430.400000,-66.003650,-66.001438,-65.996530
430.450000,-66.003651,-66.001439,-65.996532
430.500000,-66.003653,-66.001440,-65.996533
430.550000,-66.003654,-66.001441,-65.996534
430.600000,-66.003655,-66.001443,-65.996536
430.650000,-66.003657,-66.001444,-65.996537
430.700000,-66.003658,-66.001445,-65.996538
430.750000,-66.003659,-66.001447,-65.996539
430.800000,-66.003661,-66.001448,-65.996541
430.850000,-66.003662,-66.001449,-65.996542
430.900000,-66.003663,-66.001450,-65.996543
430.950000,-66.003664,-66.001452,-65.996545
431.000000,-66.003666,-66.001453,-65.996546
431.050000,-66.003667,-66.001454,-65.996547
431.100000,-66.003668,-66.001456,-65.996548
431.150000,-66.003669,-66.001457,-65.996550
431.200000,-66.003671,-66.001458,-65.996551
431.250000,-66.003672,-66.001459,-65.996552
431.300000,-66.003673,-66.001461,-65.996553
431.350000,-66.003675,-66.001462,-65.996555
431.400000,-66.003676,-66.001463,-65.996556
431.450000,-66.003677,-66.001464,-65.996557
431.500000,-66.003678,-66.001466,-65.996559
431.550000,-66.003680,-66.001467,-65.996560
431.600000,-66.003681,-66.001468,-65.996561
431.650000,-66.003682,-66.001469,-65.996562
431.700000,-66.003683,-66.001471,-65.996564
431.750000,-66.003685,-66.001472,-65.996565
431.800000,-66.003686,-66.001473,-65.996566
431.850000,-66.003687,-66.001474,-65.996567
431.900000,-66.003688,-66.001476,-65.996569
431.950000,-66.003690,-66.001477,-65.996570
432.000000,-66.003691,-66.001478,-65.996571
432.050000,-66.003692,-66.001479,-65.996572
432.100000,-66.003693,-66.001481,-65.996573
432.150000,-66.003695,-66.001482,-65.996575
432.200000,-66.003696,-66.001483,-65.996576
432.250000,-66.003697,-66.001484,-65.996577
432.300000,-66.003698,-66.001486,-65.996578
432.350000,-66.003699,-66.001487,-65.996580
432.400000,-66.003701,-66.001488,-65.996581
432.450000,-66.003702,-66.001489,-65.996582
432.500000,-66.003703,-66.001490,-65.996583
432.550000,-66.003704,-66.001492,-65.996585
432.600000,-66.003706,-66.001493,-65.996586
432.650000,-66.003707,-66.001494,-65.996587
432.700000,-66.003708,-66.001495,-65.996588
432.750000,-66.003709,-66.001497,-65.996589
432.800000,-66.003710,-66.001498,-65.996591
432.850000,-66.003712,-66.001499,-65.996592
432.900000,-66.003713,-66.001500,-65.996593
432.950000,-66.003714,-66.001501,-65.996594
433.000000,-66.003715,-66.001503,-65.996595
433.050000,-66.003716,-66.001504,-65.996597
433.100000,-66.003718,-66.001505,-65.996598
433.150000,-66.003719,-66.001506,-65.996599
433.200000,-66.003720,-66.001507,-65.996600
433.250000,-66.003721,-66.001509,-65.996601
433.300000,-66.003722,-66.001510,-65.996603
433.350000,-66.003724,-66.001511,-65.996604
433.400000,-66.003725,-66.001512,-65.996605
433.450000,-66.003726,-66.001513,-65.996606
433.500000,-66.003727,-66.001515,-65.996607
433.550000,-66.003728,-66.001516,-65.996609
433.600000,-66.003730,-66.001517,-65.996610
433.650000,-66.003731,-66.001518,-65.996611
433.700000,-66.003732,-66.001519,-65.996612
433.750000,-66.003733,-66.001520,-65.996613
433.800000,-66.003734,-66.001522,-65.996614
433.850000,-66.003735,-66.001523,-65.996616
433.900000,-66.003737,-66.001524,-65.996617
433.950000,-66.003738,-66.001525,-65.996618
434.000000,-66.003739,-66.001526,-65.996619
434.050000,-66.003740,-66.001527,-65.996620
434.100000,-66.003741,-66.001529,-65.996621
434.150000,-66.003743,-66.001530,-65.996623
434.200000,-66.003744,-66.001531,-65.996624
434.250000,-66.003745,-66.001532,-65.996625
434.300000,-66.003746,-66.001533,-65.996626
434.350000,-66.003747,-66.001534,-65.996627
434.400000,-66.003748,-66.001536,-65.996628
434.450000,-66.003749,-66.001537,-65.996630
434.500000,-66.003751,-66.001538,-65.996631
434.550000,-66.003752,-66.001539,-65.996632
434.600000,-66.003753,-66.001540,-65.996633
434.650000,-66.003754,-66.001541,-65.996634
434.700000,-66.003755,-66.001543,-65.996635
434.750000,-66.003756,-66.001544,-65.996636
434.800000,-66.003757,-66.001545,-65.996638
434.850000,-66.003759,-66.001546,-65.996639
434.900000,-66.003760,-66.001547,-65.996640
434.950000,-66.003761,-66.001548,-65.996641
435.000000,-66.003762,-66.001549,-65.996642
435.050000,-66.003763,-66.001550,-65.996643
435.100000,-66.003764,-66.001552,-65.996644
435.150000,-66.003765,-66.001553,-65.996646
435.200000,-66.003767,-66.001554,-65.996647
435.250000,-66.003768,-66.001555,-65.996648
435.300000,-66.003769,-66.001556,-65.996649
435.350000,-66.003770,-66.001557,-65.996650
435.400000,-66.003771,-66.001558,-65.996651
435.450000,-66.003772,-66.001560,-65.996652
435.500000,-66.003773,-66.001561,-65.996653
435.550000,-66.003774,-66.001562,-65.996655
435.600000,-66.003776,-66.001563,-65.996656
435.650000,-66.003777,-66.001564,-65.996657
435.700000,-66.003778,-66.001565,-65.996658
435.750000,-66.003779,-66.001566,-65.996659
435.800000,-66.003780,-66.001567,-65.996660
435.850000,-66.003781,-66.001568,-65.996661
435.900000,-66.003782,-66.001570,-65.996662
435.950000,-66.003783,-66.001571,-65.996663
436.000000,-66.003784,-66.001572,-65.996664
436.050000,-66.003786,-66.001573,-65.996666
436.100000,-66.003787,-66.001574,-65.996667
436.150000,-66.003788,-66.001575,-65.996668
436.200000,-66.003789,-66.001576,-65.996669
436.250000,-66.003790,-66.001577,-65.996670
436.300000,-66.003791,-66.001578,-65.996671
436.350000,-66.003792,-66.001579,-65.996672
436.400000,-66.003793,-66.001580,-65.996673
436.450000,-66.003794,-66.001582,-65.996674
436.500000,-66.003795,-66.001583,-65.996675
436.550000,-66.003796,-66.001584,-65.996677
436.600000,-66.003798,-66.001585,-65.996678
436.650000,-66.003799,-66.001586,-65.996679
436.700000,-66.003800,-66.001587,-65.996680
436.750000,-66.003801,-66.001588,-65.996681
436.800000,-66.003802,-66.001589,-65.996682
436.850000,-66.003803,-66.001590,-65.996683
436.900000,-66.003804,-66.001591,-65.996684
436.950000,-66.003805,-66.001592,-65.996685
437.000000,-66.003806,-66.001593,-65.996686
437.050000,-66.003807,-66.001595,-65.996687
437.100000,-66.003808,-66.001596,-65.996688
437.150000,-66.003809,-66.001597,-65.996689
437.200000,-66.003810,-66.001598,-65.996690
437.250000,-66.003811,-66.001599,-65.996692
437.300000,-66.003813,-66.001600,-65.996693
437.350000,-66.003814,-66.001601,-65.996694
437.400000,-66.003815,-66.001602,-65.996695
437.450000,-66.003816,-66.001603,-65.996696
437.500000,-66.003817,-66.001604,-65.996697
437.550000,-66.003818,-66.001605,-65.996698
437.600000,-66.003819,-66.001606,-65.996699
437.650000,-66.003820,-66.001607,-65.996700
437.700000,-66.003821,-66.001608,-65.996701
437.750000,-66.003822,-66.001609,-65.996702
437.800000,-66.003823,-66.001610,-65.996703
437.850000,-66.003824,-66.001611,-65.996704
437.900000,-66.003825,-66.001612,-65.996705
437.950000,-66.003826,-66.001613,-65.996706
438.000000,-66.003827,-66.001615,-65.996707
438.050000,-66.003828,-66.001616,-65.996708
438.100000,-66.003829,-66.001617,-65.996709
438.150000,-66.003830,-66.001618,-65.996710
438.200000,-66.003831,-66.001619,-65.996711
438.250000,-66.003832,-66.001620,-65.996712
438.300000,-66.003833,-66.001621,-65.996713
438.350000,-66.003834,-66.001622,-65.996714
438.400000,-66.003835,-66.001623,-65.996716
438.450000,-66.003836,-66.001624,-65.996717
438.500000,-66.003837,-66.001625,-65.996718
438.550000,-66.003839,-66.001626,-65.996719
438.600000,-66.003840,-66.001627,-65.996720
438.650000,-66.003841,-66.001628,-65.996721
438.700000,-66.003842,-66.001629,-65.996722
438.750000,-66.003843,-66.001630,-65.996723
438.800000,-66.003844,-66.001631,-65.996724
438.850000,-66.003845,-66.001632,-65.996725
438.900000,-66.003846,-66.001633,-65.996726
438.950000,-66.003847,-66.001634,-65.996727
439.000000,-66.003848,-66.001635,-65.996728
439.050000,-66.003849,-66.001636,-65.996729
439.100000,-66.003850,-66.001637,-65.996730
439.150000,-66.003851,-66.001638,-65.996731
439.200000,-66.003852,-66.001639,-65.996732
439.250000,-66.003853,-66.001640,-65.996733
439.300000,-66.003854,-66.001641,-65.996734
439.350000,-66.003855,-66.001642,-65.996735
439.400000,-66.003856,-66.001643,-65.996736
439.450000,-66.003857,-66.001644,-65.996737
439.500000,-66.003858,-66.001645,-65.996738
439.550000,-66.003859,-66.001646,-65.996739
439.600000,-66.003860,-66.001647,-65.996740
439.650000,-66.003861,-66.001648,-65.996741
439.700000,-66.003862,-66.001649,-65.996742
439.750000,-66.003863,-66.001650,-65.996743
439.800000,-66.003864,-66.001651,-65.996744
439.850000,-66.003865,-66.001652,-65.996745
439.900000,-66.003866,-66.001653,-65.996746
439.950000,-66.003867,-66.001654,-65.996747
440.000000,-66.003868,-66.001655,-65.996748
440.050000,-66.003868,-66.001656,-65.996749
440.100000,-66.003869,-66.001657,-65.996750
440.150000,-66.003870,-66.001658,-65.996750
440.200000,-66.003871,-66.001659,-65.996751
440.250000,-66.003872,-66.001660,-65.996752
440.300000,-66.003873,-66.001661,-65.996753
440.350000,-66.003874,-66.001662,-65.996754
440.400000,-66.003875,-66.001663,-65.996755
440.450000,-66.003876,-66.001664,-65.996756
440.500000,-66.003877,-66.001665,-65.996757
440.550000,-66.003878,-66.001666,-65.996758
440.600000,-66.003879,-66.001666,-65.996759
440.650000,-66.003880,-66.001667,-65.996760
440.700000,-66.003881,-66.001668,-65.996761
440.750000,-66.003882,-66.001669,-65.996762
440.800000,-66.003883,-66.001670,-65.996763
440.850000,-66.003884,-66.001671,-65.996764
440.900000,-66.003885,-66.001672,-65.996765
440.950000,-66.003886,-66.001673,-65.996766
441.000000,-66.003887,-66.001674,-65.996767
441.050000,-66.003888,-66.001675,-65.996768
441.100000,-66.003889,-66.001676,-65.996769
441.150000,-66.003890,-66.001677,-65.996770
441.200000,-66.003891,-66.001678,-65.996771
441.250000,-66.003892,-66.001679,-65.996772
441.300000,-66.003892,-66.001680,-65.996772
441.350000,-66.003893,-66.001681,-65.996773
441.400000,-66.003894,-66.001682,-65.996774
441.450000,-66.003895,-66.001683,-65.996775
441.500000,-66.003896,-66.001684,-65.996776
441.550000,-66.003897,-66.001684,-65.996777
441.600000,-66.003898,-66.001685,-65.996778
441.650000,-66.003899,-66.001686,-65.996779
441.700000,-66.003900,-66.001687,-65.996780
441.750000,-66.003901,-66.001688,-65.996781
441.800000,-66.003902,-66.001689,-65.996782
441.850000,-66.003903,-66.001690,-65.996783
441.900000,-66.003904,-66.001691,-65.996784
441.950000,-66.003905,-66.001692,-65.996785
442.000000,-66.003906,-66.001693,-65.996786
442.050000,-66.003906,-66.001694,-65.996786
442.100000,-66.003907,-66.001695,-65.996787
442.150000,-66.003908,-66.001696,-65.996788
442.200000,-66.003909,-66.001697,-65.996789
442.250000,-66.003910,-66.001697,-65.996790
442.300000,-66.003911,-66.001698,-65.996791
442.350000,-66.003912,-66.001699,-65.996792
442.400000,-66.003913,-66.001700,-65.996793
442.450000,-66.003914,-66.001701,-65.996794
442.500000,-66.003915,-66.001702,-65.996795
442.550000,-66.003916,-66.001703,-65.996796
442.600000,-66.003916,-66.001704,-65.996796
442.650000,-66.003917,-66.001705,-65.996797
442.700000,-66.003918,-66.001706,-65.996798
442.750000,-66.003919,-66.001707,-65.996799
442.800000,-66.003920,-66.001707,-65.996800
442.850000,-66.003921,-66.001708,-65.996801
442.900000,-66.003922,-66.001709,-65.996802
442.950000,-66.003923,-66.001710,-65.996803
443.000000,-66.003924,-66.001711,-65.996804
443.050000,-66.003925,-66.001712,-65.996805
443.100000,-66.003925,-66.001713,-65.996805
443.150000,-66.003926,-66.001714,-65.996806
443.200000,-66.003927,-66.001715,-65.996807
443.250000,-66.003928,-66.001715,-65.996808
443.300000,-66.003929,-66.001716,-65.996809
443.350000,-66.003930,-66.001717,-65.996810
443.400000,-66.003931,-66.001718,-65.996811
443.450000,-66.003932,-66.001719,-65.996812
443.500000,-66.003933,-66.001720,-65.996813
443.550000,-66.003933,-66.001721,-65.996813
443.600000,-66.003934,-66.001722,-65.996814
443.650000,-66.003935,-66.001723,-65.996815
443.700000,-66.003936,-66.001723,-65.996816
443.750000,-66.003937,-66.001724,-65.996817
443.800000,-66.003938,-66.001725,-65.996818
443.850000,-66.003939,-66.001726,-65.996819
443.900000,-66.003940,-66.001727,-65.996820
443.950000,-66.003940,-66.001728,-65.996820
444.000000,-66.003941,-66.001729,-65.996821
444.050000,-66.003942,-66.001730,-65.996822
444.100000,-66.003943,-66.001730,-65.996823
444.150000,-66.003944,-66.001731,-65.996824
444.200000,-66.003945,-66.001732,-65.996825
444.250000,-66.003946,-66.001733,-65.996826
444.300000,-66.003947,-66.001734,-65.996827
444.350000,-66.003947,-66.001735,-65.996827
444.400000,-66.003948,-66.001736,-65.996828
444.450000,-66.003949,-66.001736,-65.996829
444.500000,-66.003950,-66.001737,-65.996830
444.550000,-66.003951,-66.001738,-65.996831
444.600000,-66.003952,-66.001739,-65.996832
444.650000,-66.003953,-66.001740,-65.996833
444.700000,-66.003953,-66.001741,-65.996833
444.750000,-66.003954,-66.001742,-65.996834
444.800000,-66.003955,-66.001742,-65.996835
444.850000,-66.003956,-66.001743,-65.996836
444.900000,-66.003957,-66.001744,-65.996837
444.950000,-66.003958,-66.001745,-65.996838
445.000000,-66.003958,-66.001746,-65.996838
445.050000,-66.003959,-66.001747,-65.996839
445.100000,-66.003960,-66.001747,-65.996840
445.150000,-66.003961,-66.001748,-65.996841
445.200000,-66.003962,-66.001749,-65.996842
445.250000,-66.003963,-66.001750,-65.996843
445.300000,-66.003964,-66.001751,-65.996843
445.350000,-66.003964,-66.001752,-65.996844
445.400000,-66.003965,-66.001753,-65.996845
445.450000,-66.003966,-66.001753,-65.996846
445.500000,-66.003967,-66.001754,-65.996847
445.550000,-66.003968,-66.001755,-65.996848
445.600000,-66.003969,-66.001756,-65.996848
445.650000,-66.003969,-66.001757,-65.996849
445.700000,-66.003970,-66.001757,-65.996850
445.750000,-66.003971,-66.001758,-65.996851
445.800000,-66.003972,-66.001759,-65.996852
445.850000,-66.003973,-66.001760,-65.996853
445.900000,-66.003973,-66.001761,-65.996853
445.950000,-66.003974,-66.001762,-65.996854
446.000000,-66.003975,-66.001762,-65.996855
446.050000,-66.003976,-66.001763,-65.996856
446.100000,-66.003977,-66.001764,-65.996857
446.150000,-66.003978,-66.001765,-65.996858
446.200000,-66.003978,-66.001766,-65.996858
446.250000,-66.003979,-66.001767,-65.996859
446.300000,-66.003980,-66.001767,-65.996860
446.350000,-66.003981,-66.001768,-65.996861
446.400000,-66.003982,-66.001769,-65.996862
446.450000,-66.003982,-66.001770,-65.996862
446.500000,-66.003983,-66.001771,-65.996863
446.550000,-66.003984,-66.001771,-65.996864
446.600000,-66.003985,-66.001772,-65.996865
446.650000,-66.003986,-66.001773,-65.996866
446.700000,-66.003986,-66.001774,-65.996866
446.750000,-66.003987,-66.001775,-65.996867
446.800000,-66.003988,-66.001775,-65.996868
446.850000,-66.003989,-66.001776,-65.996869
446.900000,-66.003990,-66.001777,-65.996870
446.950000,-66.003990,-66.001778,-65.996870
447.000000,-66.003991,-66.001779,-65.996871
447.050000,-66.003992,-66.001779,-65.996872
447.100000,-66.003993,-66.001780,-65.996873
447.150000,-66.003994,-66.001781,-65.996874
447.200000,-66.003994,-66.001782,-65.996874
447.250000,-66.003995,-66.001783,-65.996875
447.300000,-66.003996,-66.001783,-65.996876
447.350000,-66.003997,-66.001784,-65.996877
447.400000,-66.003998,-66.001785,-65.996878
447.450000,-66.003998,-66.001786,-65.996878
447.500000,-66.003999,-66.001786,-65.996879
447.550000,-66.004000,-66.001787,-65.996880
447.600000,-66.004001,-66.001788,-65.996881
447.650000,-66.004001,-66.001789,-65.996881
447.700000,-66.004002,-66.001790,-65.996882
447.750000,-66.004003,-66.001790,-65.996883
447.800000,-66.004004,-66.001791,-65.996884
447.850000,-66.004005,-66.001792,-65.996885
447.900000,-66.004005,-66.001793,-65.996885
447.950000,-66.004006,-66.001793,-65.996886
448.000000,-66.004007,-66.001794,-65.996887
448.050000,-66.004008,-66.001795,-65.996888
448.100000,-66.004008,-66.001796,-65.996888
448.150000,-66.004009,-66.001797,-65.996889
448.200000,-66.004010,-66.001797,-65.996890
448.250000,-66.004011,-66.001798,-65.996891
448.300000,-66.004012,-66.001799,-65.996891
448.350000,-66.004012,-66.001800,-65.996892
448.400000,-66.004013,-66.001800,-65.996893
448.450000,-66.004014,-66.001801,-65.996894
448.500000,-66.004015,-66.001802,-65.996895
448.550000,-66.004015,-66.001803,-65.996895
448.600000,-66.004016,-66.001803,-65.996896
448.650000,-66.004017,-66.001804,-65.996897
448.700000,-66.004018,-66.001805,-65.996898
448.750000,-66.004018,-66.001806,-65.996898
448.800000,-66.004019,-66.001806,-65.996899
448.850000,-66.004020,-66.001807,-65.996900
448.900000,-66.004021,-66.001808,-65.996901
448.950000,-66.004021,-66.001809,-65.996901
449.000000,-66.004022,-66.001809,-65.996902
449.050000,-66.004023,-66.001810,-65.996903
449.100000,-66.004024,-66.001811,-65.996904
449.150000,-66.004024,-66.001812,-65.996904
449.200000,-66.004025,-66.001812,-65.996905
449.250000,-66.004026,-66.001813,-65.996906
449.300000,-66.004027,-66.001814,-65.996907
449.350000,-66.004027,-66.001815,-65.996907
449.400000,-66.004028,-66.001815,-65.996908
449.450000,-66.004029,-66.001816,-65.996909
449.500000,-66.004030,-66.001817,-65.996910
449.550000,-66.004030,-66.001818,-65.996910
449.600000,-66.004031,-66.001818,-65.996911
449.650000,-66.004032,-66.001819,-65.996912
449.700000,-66.004033,-66.001820,-65.996912
449.750000,-66.004033,-66.001821,-65.996913
449.800000,-66.004034,-66.001821,-65.996914
449.850000,-66.004035,-66.001822,-65.996915
449.900000,-66.004035,-66.001823,-65.996915
449.950000,-66.004036,-66.001824,-65.996916
450.000000,-66.004037,-66.001824,-65.996917
450.050000,-66.004038,-66.001825,-65.996918
450.100000,-66.004038,-66.001826,-65.996918
450.150000,-66.004039,-66.001826,-65.996919
450.200000,-66.004040,-66.001827,-65.996920
450.250000,-66.004041,-66.001828,-65.996920
450.300000,-66.004041,-66.001829,-65.996921
450.350000,-66.004042,-66.001829,-65.996922
450.400000,-66.004043,-66.001830,-65.996923
450.450000,-66.004043,-66.001831,-65.996923
450.500000,-66.004044,-66.001831,-65.996924
450.550000,-66.004045,-66.001832,-65.996925
450.600000,-66.004046,-66.001833,-65.996925
450.650000,-66.004046,-66.001834,-65.996926
450.700000,-66.004047,-66.001834,-65.996927
450.750000,-66.004048,-66.001835,-65.996928
450.800000,-66.004048,-66.001836,-65.996928
450.850000,-66.004049,-66.001836,-65.996929
450.900000,-66.004050,-66.001837,-65.996930
450.950000,-66.004051,-66.001838,-65.996930
451.000000,-66.004051,-66.001839,-65.996931
451.050000,-66.004052,-66.001839,-65.996932
451.100000,-66.004053,-66.001840,-65.996933
451.150000,-66.004053,-66.001841,-65.996933
451.200000,-66.004054,-66.001841,-65.996934
451.250000,-66.004055,-66.001842,-65.996935
451.300000,-66.004055,-66.001843,-65.996935
451.350000,-66.004056,-66.001844,-65.996936
451.400000,-66.004057,-66.001844,-65.996937
451.450000,-66.004058,-66.001845,-65.996937
451.500000,-66.004058,-66.001846,-65.996938
451.550000,-66.004059,-66.001846,-65.996939
451.600000,-66.004060,-66.001847,-65.996940
451.650000,-66.004060,-66.001848,-65.996940
451.700000,-66.004061,-66.001848,-65.996941
451.750000,-66.004062,-66.001849,-65.996942
451.800000,-66.004062,-66.001850,-65.996942
451.850000,-66.004063,-66.001850,-65.996943
451.900000,-66.004064,-66.001851,-65.996944
451.950000,-66.004065,-66.001852,-65.996944
452.000000,-66.004065,-66.001853,-65.996945
452.050000,-66.004066,-66.001853,-65.996946
452.100000,-66.004067,-66.001854,-65.996946
452.150000,-66.004067,-66.001855,-65.996947
452.200000,-66.004068,-66.001855,-65.996948
452.250000,-66.004069,-66.001856,-65.996949
452.300000,-66.004069,-66.001857,-65.996949
452.350000,-66.004070,-66.001857,-65.996950
452.400000,-66.004071,-66.001858,-65.996951
452.450000,-66.004071,-66.001859,-65.996951
452.500000,-66.004072,-66.001859,-65.996952
452.550000,-66.004073,-66.001860,-65.996953
452.600000,-66.004073,-66.001861,-65.996953
452.650000,-66.004074,-66.001861,-65.996954
452.700000,-66.004075,-66.001862,-65.996955
452.750000,-66.004075,-66.001863,-65.996955
452.800000,-66.004076,-66.001863,-65.996956
452.850000,-66.004077,-66.001864,-65.996957
452.900000,-66.004077,-66.001865,-65.996957
452.950000,-66.004078,-66.001865,-65.996958
453.000000,-66.004079,-66.001866,-65.996959
453.050000,-66.004079,-66.001867,-65.996959
453.100000,-66.004080,-66.001867,-65.996960
453.150000,-66.004081,-66.001868,-65.996961
453.200000,-66.004081,-66.001869,-65.996961
453.250000,-66.004082,-66.001869,-65.996962
453.300000,-66.004083,-66.001870,-65.996963
453.350000,-66.004083,-66.001871,-65.996963
453.400000,-66.004084,-66.001871,-65.996964
453.450000,-66.004085,-66.001872,-65.996965
453.500000,-66.004085,-66.001873,-65.996965
453.550000,-66.004086,-66.001873,-65.996966
453.600000,-66.004087,-66.001874,-65.996967
453.650000,-66.004087,-66.001875,-65.996967
453.700000,-66.004088,-66.001875,-65.996968
453.750000,-66.004089,-66.001876,-65.996968
453.800000,-66.004089,-66.001877,-65.996969
453.850000,-66.004090,-66.001877,-65.996970
453.900000,-66.004091,-66.001878,-65.996970
453.950000,-66.004091,-66.001879,-65.996971
454.000000,-66.004092,-66.001879,-65.996972
454.050000,-66.004092,-66.001880,-65.996972
454.100000,-66.004093,-66.001880,-65.996973
454.150000,-66.004094,-66.001881,-65.996974
454.200000,-66.004094,-66.001882,-65.996974
454.250000,-66.004095,-66.001882,-65.996975
454.300000,-66.004096,-66.001883,-65.996976
454.350000,-66.004096,-66.001884,-65.996976
454.400000,-66.004097,-66.001884,-65.996977
454.450000,-66.004098,-66.001885,-65.996977
454.500000,-66.004098,-66.001886,-65.996978
454.550000,-66.004099,-66.001886,-65.996979
454.600000,-66.004100,-66.001887,-65.996979
454.650000,-66.004100,-66.001887,-65.996980
454.700000,-66.004101,-66.001888,-65.996981
454.750000,-66.004101,-66.001889,-65.996981
454.800000,-66.004102,-66.001889,-65.996982
454.850000,-66.004103,-66.001890,-65.996983
454.900000,-66.004103,-66.001891,-65.996983
454.950000,-66.004104,-66.001891,-65.996984
455.000000,-66.004105,-66.001892,-65.996984
455.050000,-66.004105,-66.001893,-65.996985
455.100000,-66.004106,-66.001893,-65.996986
455.150000,-66.004106,-66.001894,-65.996986
455.200000,-66.004107,-66.001894,-65.996987
455.250000,-66.004108,-66.001895,-65.996988
455.300000,-66.004108,-66.001896,-65.996988
455.350000,-66.004109,-66.001896,-65.996989
455.400000,-66.004110,-66.001897,-65.996989
455.450000,-66.004110,-66.001898,-65.996990
455.500000,-66.004111,-66.001898,-65.996991
455.550000,-66.004111,-66.001899,-65.996991
455.600000,-66.004112,-66.001899,-65.996992
455.650000,-66.004113,-66.001900,-65.996993
455.700000,-66.004113,-66.001901,-65.996993
455.750000,-66.004114,-66.001901,-65.996994
455.800000,-66.004115,-66.001902,-65.996994
455.850000,-66.004115,-66.001902,-65.996995
455.900000,-66.004116,-66.001903,-65.996996
455.950000,-66.004116,-66.001904,-65.996996
456.000000,-66.004117,-66.001904,-65.996997
456.050000,-66.004118,-66.001905,-65.996997
456.100000,-66.004118,-66.001905,-65.996998
456.150000,-66.004119,-66.001906,-65.996999
456.200000,-66.004119,-66.001907,-65.996999
456.250000,-66.004120,-66.001907,-65.997000
456.300000,-66.004121,-66.001908,-65.997000
456.350000,-66.004121,-66.001909,-65.997001
456.400000,-66.004122,-66.001909,-65.997002
456.450000,-66.004122,-66.001910,-65.997002
456.500000,-66.004123,-66.001910,-65.997003
456.550000,-66.004124,-66.001911,-65.997003
456.600000,-66.004124,-66.001912,-65.997004
456.650000,-66.004125,-66.001912,-65.997005
456.700000,-66.004125,-66.001913,-65.997005
456.750000,-66.004126,-66.001913,-65.997006
456.800000,-66.004127,-66.001914,-65.997006
456.850000,-66.004127,-66.001915,-65.997007
456.900000,-66.004128,-66.001915,-65.997008
456.950000,-66.004128,-66.001916,-65.997008
457.000000,-66.004129,-66.001916,-65.997009
457.050000,-66.004130,-66.001917,-65.997009
457.100000,-66.004130,-66.001917,-65.997010
457.150000,-66.004131,-66.001918,-65.997011
457.200000,-66.004131,-66.001919,-65.997011
457.250000,-66.004132,-66.001919,-65.997012
457.300000,-66.004133,-66.001920,-65.997012
457.350000,-66.004133,-66.001920,-65.997013
457.400000,-66.004134,-66.001921,-65.997014
457.450000,-66.004134,-66.001922,-65.997014
457.500000,-66.004135,-66.001922,-65.997015
457.550000,-66.004135,-66.001923,-65.997015
457.600000,-66.004136,-66.001923,-65.997016
457.650000,-66.004137,-66.001924,-65.997016
457.700000,-66.004137,-66.001924,-65.997017
457.750000,-66.004138,-66.001925,-65.997018
457.800000,-66.004138,-66.001926,-65.997018
457.850000,-66.004139,-66.001926,-65.997019
457.900000,-66.004139,-66.001927,-65.997019
457.950000,-66.004140,-66.001927,-65.997020
458.000000,-66.004141,-66.001928,-65.997020
458.050000,-66.004141,-66.001929,-65.997021
458.100000,-66.004142,-66.001929,-65.997022
458.150000,-66.004142,-66.001930,-65.997022
458.200000,-66.004143,-66.001930,-65.997023
458.250000,-66.004143,-66.001931,-65.997023
458.300000,-66.004144,-66.001931,-65.997024
458.350000,-66.004145,-66.001932,-65.997024
458.400000,-66.004145,-66.001933,-65.997025
458.450000,-66.004146,-66.001933,-65.997026
458.500000,-66.004146,-66.001934,-65.997026
458.550000,-66.004147,-66.001934,-65.997027
458.600000,-66.004147,-66.001935,-65.997027
458.650000,-66.004148,-66.001935,-65.997028
458.700000,-66.004149,-66.001936,-65.997028
458.750000,-66.004149,-66.001936,-65.997029
458.800000,-66.004150,-66.001937,-65.997030
458.850000,-66.004150,-66.001938,-65.997030
458.900000,-66.004151,-66.001938,-65.997031
458.950000,-66.004151,-66.001939,-65.997031
459.000000,-66.004152,-66.001939,-65.997032
459.050000,-66.004153,-66.001940,-65.997032
459.100000,-66.004153,-66.001940,-65.997033
459.150000,-66.004154,-66.001941,-65.997033
459.200000,-66.004154,-66.001942,-65.997034
459.250000,-66.004155,-66.001942,-65.997035
459.300000,-66.004155,-66.001943,-65.997035
459.350000,-66.004156,-66.001943,-65.997036
459.400000,-66.004156,-66.001944,-65.997036
459.450000,-66.004157,-66.001944,-65.997037
459.500000,-66.004157,-66.001945,-65.997037
459.550000,-66.004158,-66.001945,-65.997038
459.600000,-66.004159,-66.001946,-65.997038
459.650000,-66.004159,-66.001946,-65.997039
459.700000,-66.004160,-66.001947,-65.997040
459.750000,-66.004160,-66.001948,-65.997040
459.800000,-66.004161,-66.001948,-65.997041
459.850000,-66.004161,-66.001949,-65.997041
459.900000,-66.004162,-66.001949,-65.997042
459.950000,-66.004162,-66.001950,-65.997042
460.000000,-66.004163,-66.001950,-65.997043
460.050000,-66.004163,-66.001951,-65.997043
460.100000,-66.004164,-66.001951,-65.997044
460.150000,-66.004165,-66.001952,-65.997044
460.200000,-66.004165,-66.001952,-65.997045
460.250000,-66.004166,-66.001953,-65.997045
460.300000,-66.004166,-66.001954,-65.997046
460.350000,-66.004167,-66.001954,-65.997047
460.400000,-66.004167,-66.001955,-65.997047
460.450000,-66.004168,-66.001955,-65.997048
460.500000,-66.004168,-66.001956,-65.997048
460.550000,-66.004169,-66.001956,-65.997049
460.600000,-66.004169,-66.001957,-65.997049
460.650000,-66.004170,-66.001957,-65.997050
460.700000,-66.004170,-66.001958,-65.997050
460.750000,-66.004171,-66.001958,-65.997051
460.800000,-66.004172,-66.001959,-65.997051
460.850000,-66.004172,-66.001959,-65.997052
460.900000,-66.004173,-66.001960,-65.997052
460.950000,-66.004173,-66.001960,-65.997053
461.000000,-66.004174,-66.001961,-65.997053
461.050000,-66.004174,-66.001961,-65.997054
461.100000,-66.004175,-66.001962,-65.997055
461.150000,-66.004175,-66.001963,-65.997055
461.200000,-66.004176,-66.001963,-65.997056
461.250000,-66.004176,-66.001964,-65.997056
461.300000,-66.004177,-66.001964,-65.997057
461.350000,-66.004177,-66.001965,-65.997057
461.400000,-66.004178,-66.001965,-65.997058
461.450000,-66.004178,-66.001966,-65.997058
461.500000,-66.004179,-66.001966,-65.997059
461.550000,-66.004179,-66.001967,-65.997059
461.600000,-66.004180,-66.001967,-65.997060
461.650000,-66.004180,-66.001968,-65.997060
461.700000,-66.004181,-66.001968,-65.997061
461.750000,-66.004181,-66.001969,-65.997061
461.800000,-66.004182,-66.001969,-65.997062
461.850000,-66.004182,-66.001970,-65.997062
461.900000,-66.004183,-66.001970,-65.997063
461.950000,-66.004183,-66.001971,-65.997063
462.000000,-66.004184,-66.001971,-65.997064
462.050000,-66.004184,-66.001972,-65.997064
462.100000,-66.004185,-66.001972,-65.997065
462.150000,-66.004186,-66.001973,-65.997065
462.200000,-66.004186,-66.001973,-65.997066
462.250000,-66.004187,-66.001974,-65.997066
462.300000,-66.004187,-66.001974,-65.997067
462.350000,-66.004188,-66.001975,-65.997067
462.400000,-66.004188,-66.001975,-65.997068
462.450000,-66.004189,-66.001976,-65.997068
462.500000,-66.004189,-66.001976,-65.997069
462.550000,-66.004190,-66.001977,-65.997069
462.600000,-66.004190,-66.001977,-65.997070
462.650000,-66.004191,-66.001978,-65.997070
462.700000,-66.004191,-66.001978,-65.997071
462.750000,-66.004192,-66.001979,-65.997071
462.800000,-66.004192,-66.001979,-65.997072
462.850000,-66.004193,-66.001980,-65.997072
462.900000,-66.004193,-66.001980,-65.997073
462.950000,-66.004194,-66.001981,-65.997073
463.000000,-66.004194,-66.001981,-65.997074
463.050000,-66.004195,-66.001982,-65.997074
463.100000,-66.004195,-66.001982,-65.997075
463.150000,-66.004196,-66.001983,-65.997075
463.200000,-66.004196,-66.001983,-65.997076
463.250000,-66.004197,-66.001984,-65.997076
463.300000,-66.004197,-66.001984,-65.997077
463.350000,-66.004197,-66.001985,-65.997077
463.400000,-66.004198,-66.001985,-65.997078
463.450000,-66.004198,-66.001986,-65.997078
463.500000,-66.004199,-66.001986,-65.997079
463.550000,-66.004199,-66.001987,-65.997079
463.600000,-66.004200,-66.001987,-65.997080
463.650000,-66.004200,-66.001988,-65.997080
463.700000,-66.004201,-66.001988,-65.997081
463.750000,-66.004201,-66.001989,-65.997081
463.800000,-66.004202,-66.001989,-65.997082
463.850000,-66.004202,-66.001990,-65.997082
463.900000,-66.004203,-66.001990,-65.997083
463.950000,-66.004203,-66.001991,-65.997083
464.000000,-66.004204,-66.001991,-65.997084
464.050000,-66.004204,-66.001992,-65.997084
464.100000,-66.004205,-66.001992,-65.997085
464.150000,-66.004205,-66.001993,-65.997085
464.200000,-66.004206,-66.001993,-65.997086
464.250000,-66.004206,-66.001994,-65.997086
464.300000,-66.004207,-66.001994,-65.997086
464.350000,-66.004207,-66.001994,-65.997087
464.400000,-66.004208,-66.001995,-65.997087
464.450000,-66.004208,-66.001995,-65.997088
464.500000,-66.004209,-66.001996,-65.997088
464.550000,-66.004209,-66.001996,-65.997089
464.600000,-66.004210,-66.001997,-65.997089
464.650000,-66.004210,-66.001997,-65.997090
464.700000,-66.004210,-66.001998,-65.997090
464.750000,-66.004211,-66.001998,-65.997091
464.800000,-66.004211,-66.001999,-65.997091
464.850000,-66.004212,-66.001999,-65.997092
464.900000,-66.004212,-66.002000,-65.997092
464.950000,-66.004213,-66.002000,-65.997093
465.000000,-66.004213,-66.002001,-65.997093
465.050000,-66.004214,-66.002001,-65.997094
465.100000,-66.004214,-66.002002,-65.997094
465.150000,-66.004215,-66.002002,-65.997094
465.200000,-66.004215,-66.002002,-65.997095
465.250000,-66.004216,-66.002003,-65.997095
465.300000,-66.004216,-66.002003,-65.997096
465.350000,-66.004217,-66.002004,-65.997096
465.400000,-66.004217,-66.002004,-65.997097
465.450000,-66.004217,-66.002005,-65.997097
465.500000,-66.004218,-66.002005,-65.997098
465.550000,-66.004218,-66.002006,-65.997098
465.600000,-66.004219,-66.002006,-65.997099
465.650000,-66.004219,-66.002007,-65.997099
465.700000,-66.004220,-66.002007,-65.997100
465.750000,-66.004220,-66.002008,-65.997100
465.800000,-66.004221,-66.002008,-65.997100
465.850000,-66.004221,-66.002008,-65.997101
465.900000,-66.004222,-66.002009,-65.997101
465.950000,-66.004222,-66.002009,-65.997102
466.000000,-66.004223,-66.002010,-65.997102
466.050000,-66.004223,-66.002010,-65.997103
466.100000,-66.004223,-66.002011,-65.997103
466.150000,-66.004224,-66.002011,-65.997104
466.200000,-66.004224,-66.002012,-65.997104
466.250000,-66.004225,-66.002012,-65.997105
466.300000,-66.004225,-66.002013,-65.997105
466.350000,-66.004226,-66.002013,-65.997105
466.400000,-66.004226,-66.002013,-65.997106
466.450000,-66.004227,-66.002014,-65.997106
466.500000,-66.004227,-66.002014,-65.997107
466.550000,-66.004227,-66.002015,-65.997107
466.600000,-66.004228,-66.002015,-65.997108
466.650000,-66.004228,-66.002016,-65.997108
466.700000,-66.004229,-66.002016,-65.997109
466.750000,-66.004229,-66.002017,-65.997109
466.800000,-66.004230,-66.002017,-65.997109
466.850000,-66.004230,-66.002017,-65.997110
466.900000,-66.004231,-66.002018,-65.997110
466.950000,-66.004231,-66.002018,-65.997111
467.000000,-66.004231,-66.002019,-65.997111
467.050000,-66.004232,-66.002019,-65.997112
467.100000,-66.004232,-66.002020,-65.997112
467.150000,-66.004233,-66.002020,-65.997113
467.200000,-66.004233,-66.002021,-65.997113
467.250000,-66.004234,-66.002021,-65.997113
467.300000,-66.004234,-66.002021,-65.997114
467.350000,-66.004235,-66.002022,-65.997114
467.400000,-66.004235,-66.002022,-65.997115
467.450000,-66.004235,-66.002023,-65.997115
467.500000,-66.004236,-66.002023,-65.997116
467.550000,-66.004236,-66.002024,-65.997116
467.600000,-66.004237,-66.002024,-65.997116
467.650000,-66.004237,-66.002024,-65.997117
467.700000,-66.004238,-66.002025,-65.997117
467.750000,-66.004238,-66.002025,-65.997118
467.800000,-66.004238,-66.002026,-65.997118
467.850000,-66.004239,-66.002026,-65.997119
467.900000,-66.004239,-66.002027,-65.997119
467.950000,-66.004240,-66.002027,-65.997119
468.000000,-66.004240,-66.002027,-65.997120
468.050000,-66.004241,-66.002028,-65.997120
468.100000,-66.004241,-66.002028,-65.997121
468.150000,-66.004241,-66.002029,-65.997121
468.200000,-66.004242,-66.002029,-65.997122
468.250000,-66.004242,-66.002030,-65.997122
468.300000,-66.004243,-66.002030,-65.997122
468.350000,-66.004243,-66.002030,-65.997123
468.400000,-66.004244,-66.002031,-65.997123
468.450000,-66.004244,-66.002031,-65.997124
468.500000,-66.004244,-66.002032,-65.997124
468.550000,-66.004245,-66.002032,-65.997125
468.600000,-66.004245,-66.002033,-65.997125
468.650000,-66.004246,-66.002033,-65.997125
468.700000,-66.004246,-66.002033,-65.997126
468.750000,-66.004246,-66.002034,-65.997126
468.800000,-66.004247,-66.002034,-65.997127
468.850000,-66.004247,-66.002035,-65.997127
468.900000,-66.004248,-66.002035,-65.997128
468.950000,-66.004248,-66.002035,-65.997128
469.000000,-66.004249,-66.002036,-65.997128
469.050000,-66.004249,-66.002036,-65.997129
469.100000,-66.004249,-66.002037,-65.997129
469.150000,-66.004250,-66.002037,-65.997130
469.200000,-66.004250,-66.002038,-65.997130
469.250000,-66.004251,-66.002038,-65.997130
469.300000,-66.004251,-66.002038,-65.997131
469.350000,-66.004251,-66.002039,-65.997131
469.400000,-66.004252,-66.002039,-65.997132
469.450000,-66.004252,-66.002040,-65.997132
469.500000,-66.004253,-66.002040,-65.997132
469.550000,-66.004253,-66.002040,-65.997133
469.600000,-66.004253,-66.002041,-65.997133
469.650000,-66.004254,-66.002041,-65.997134
469.700000,-66.004254,-66.002042,-65.997134
469.750000,-66.004255,-66.002042,-65.997134
469.800000,-66.004255,-66.002042,-65.997135
469.850000,-66.004256,-66.002043,-65.997135
469.900000,-66.004256,-66.002043,-65.997136
469.950000,-66.004256,-66.002044,-65.997136
470.000000,-66.004257,-66.002044,-65.997137
470.050000,-66.004257,-66.002044,-65.997137
470.100000,-66.004258,-66.002045,-65.997137
470.150000,-66.004258,-66.002045,-65.997138
470.200000,-66.004258,-66.002046,-65.997138
470.250000,-66.004259,-66.002046,-65.997139
470.300000,-66.004259,-66.002046,-65.997139
470.350000,-66.004260,-66.002047,-65.997139
470.400000,-66.004260,-66.002047,-65.997140
470.450000,-66.004260,-66.002048,-65.997140
470.500000,-66.004261,-66.002048,-65.997141
470.550000,-66.004261,-66.002048,-65.997141
470.600000,-66.004262,-66.002049,-65.997141
470.650000,-66.004262,-66.002049,-65.997142
470.700000,-66.004262,-66.002050,-65.997142
470.750000,-66.004263,-66.002050,-65.997142
470.800000,-66.004263,-66.002050,-65.997143
470.850000,-66.004263,-66.002051,-65.997143
470.900000,-66.004264,-66.002051,-65.997144
470.950000,-66.004264,-66.002052,-65.997144
471.000000,-66.004265,-66.002052,-65.997144
471.050000,-66.004265,-66.002052,-65.997145
471.100000,-66.004265,-66.002053,-65.997145
471.150000,-66.004266,-66.002053,-65.997146
471.200000,-66.004266,-66.002054,-65.997146
471.250000,-66.004267,-66.002054,-65.997146
471.300000,-66.004267,-66.002054,-65.997147
471.350000,-66.004267,-66.002055,-65.997147
471.400000,-66.004268,-66.002055,-65.997148
471.450000,-66.004268,-66.002055,-65.997148
471.500000,-66.004269,-66.002056,-65.997148
471.550000,-66.004269,-66.002056,-65.997149
471.600000,-66.004269,-66.002057,-65.997149
471.650000,-66.004270,-66.002057,-65.997149
471.700000,-66.004270,-66.002057,-65.997150
471.750000,-66.004270,-66.002058,-65.997150
471.800000,-66.004271,-66.002058,-65.997151
471.850000,-66.004271,-66.002059,-65.997151
471.900000,-66.004272,-66.002059,-65.997151
471.950000,-66.004272,-66.002059,-65.997152
472.000000,-66.004272,-66.002060,-65.997152
472.050000,-66.004273,-66.002060,-65.997153
472.100000,-66.004273,-66.002060,-65.997153
472.150000,-66.004274,-66.002061,-65.997153
472.200000,-66.004274,-66.002061,-65.997154
472.250000,-66.004274,-66.002062,-65.997154
472.300000,-66.004275,-66.002062,-65.997154
472.350000,-66.004275,-66.002062,-65.997155
472.400000,-66.004275,-66.002063,-65.997155
472.450000,-66.004276,-66.002063,-65.997156
472.500000,-66.004276,-66.002063,-65.997156
472.550000,-66.004277,-66.002064,-65.997156
472.600000,-66.004277,-66.002064,-65.997157
472.650000,-66.004277,-66.002065,-65.997157
472.700000,-66.004278,-66.002065,-65.997157
472.750000,-66.004278,-66.002065,-65.997158
472.800000,-66.004278,-66.002066,-65.997158
472.850000,-66.004279,-66.002066,-65.997159
472.900000,-66.004279,-66.002066,-65.997159
472.950000,-66.004280,-66.002067,-65.997159
473.000000,-66.004280,-66.002067,-65.997160
473.050000,-66.004280,-66.002068,-65.997160
473.100000,-66.004281,-66.002068,-65.997160
473.150000,-66.004281,-66.002068,-65.997161
473.200000,-66.004281,-66.002069,-65.997161
473.250000,-66.004282,-66.002069,-65.997161
473.300000,-66.004282,-66.002069,-65.997162
473.350000,-66.004282,-66.002070,-65.997162
473.400000,-66.004283,-66.002070,-65.997163
473.450000,-66.004283,-66.002070,-65.997163
473.500000,-66.004284,-66.002071,-65.997163
473.550000,-66.004284,-66.002071,-65.997164
473.600000,-66.004284,-66.002072,-65.997164
473.650000,-66.004285,-66.002072,-65.997164
473.700000,-66.004285,-66.002072,-65.997165
473.750000,-66.004285,-66.002073,-65.997165
473.800000,-66.004286,-66.002073,-65.997165
473.850000,-66.004286,-66.002073,-65.997166
473.900000,-66.004286,-66.002074,-65.997166
473.950000,-66.004287,-66.002074,-65.997167
474.000000,-66.004287,-66.002074,-65.997167
474.050000,-66.004288,-66.002075,-65.997167
474.100000,-66.004288,-66.002075,-65.997168
474.150000,-66.004288,-66.002076,-65.997168
474.200000,-66.004289,-66.002076,-65.997168
474.250000,-66.004289,-66.002076,-65.997169
474.300000,-66.004289,-66.002077,-65.997169
474.350000,-66.004290,-66.002077,-65.997169
474.400000,-66.004290,-66.002077,-65.997170
474.450000,-66.004290,-66.002078,-65.997170
474.500000,-66.004291,-66.002078,-65.997170
474.550000,-66.004291,-66.002078,-65.997171
474.600000,-66.004291,-66.002079,-65.997171
474.650000,-66.004292,-66.002079,-65.997172
474.700000,-66.004292,-66.002079,-65.997172
474.750000,-66.004292,-66.002080,-65.997172
474.800000,-66.004293,-66.002080,-65.997173
474.850000,-66.004293,-66.002080,-65.997173
474.900000,-66.004294,-66.002081,-65.997173
474.950000,-66.004294,-66.002081,-65.997174
475.000000,-66.004294,-66.002082,-65.997174
475.050000,-66.004295,-66.002082,-65.997174
475.100000,-66.004295,-66.002082,-65.997175
475.150000,-66.004295,-66.002083,-65.997175
475.200000,-66.004296,-66.002083,-65.997175
475.250000,-66.004296,-66.002083,-65.997176
475.300000,-66.004296,-66.002084,-65.997176
475.350000,-66.004297,-66.002084,-65.997176
475.400000,-66.004297,-66.002084,-65.997177
475.450000,-66.004297,-66.002085,-65.997177
475.500000,-66.004298,-66.002085,-65.997177
475.550000,-66.004298,-66.002085,-65.997178
475.600000,-66.004298,-66.002086,-65.997178
475.650000,-66.004299,-66.002086,-65.997178
475.700000,-66.004299,-66.002086,-65.997179
475.750000,-66.004299,-66.002087,-65.997179
475.800000,-66.004300,-66.002087,-65.997179
475.850000,-66.004300,-66.002087,-65.997180
475.900000,-66.004300,-66.002088,-65.997180
475.950000,-66.004301,-66.002088,-65.997180
476.000000,-66.004301,-66.002088,-65.997181
476.050000,-66.004301,-66.002089,-65.997181
476.100000,-66.004302,-66.002089,-65.997181
476.150000,-66.004302,-66.002089,-65.997182
476.200000,-66.004302,-66.002090,-65.997182
476.250000,-66.004303,-66.002090,-65.997182
476.300000,-66.004303,-66.002090,-65.997183
476.350000,-66.004303,-66.002091,-65.997183
476.400000,-66.004304,-66.002091,-65.997183
476.450000,-66.004304,-66.002091,-65.997184
476.500000,-66.004304,-66.002092,-65.997184
476.550000,-66.004305,-66.002092,-65.997184
476.600000,-66.004305,-66.002092,-65.997185
476.650000,-66.004305,-66.002093,-65.997185
476.700000,-66.004306,-66.002093,-65.997185
476.750000,-66.004306,-66.002093,-65.997186
476.800000,-66.004306,-66.002094,-65.997186
476.850000,-66.004307,-66.002094,-65.997186
476.900000,-66.004307,-66.002094,-65.997187
476.950000,-66.004307,-66.002095,-65.997187
477.000000,-66.004308,-66.002095,-65.997187
477.050000,-66.004308,-66.002095,-65.997188
477.100000,-66.004308,-66.002096,-65.997188
477.150000,-66.004309,-66.002096,-65.997188
477.200000,-66.004309,-66.002096,-65.997189
477.250000,-66.004309,-66.002097,-65.997189
477.300000,-66.004310,-66.002097,-65.997189
477.350000,-66.004310,-66.002097,-65.997190
477.400000,-66.004310,-66.002098,-65.997190
477.450000,-66.004311,-66.002098,-65.997190
477.500000,-66.004311,-66.002098,-65.997191
477.550000,-66.004311,-66.002099,-65.997191
477.600000,-66.004312,-66.002099,-65.997191
477.650000,-66.004312,-66.002099,-65.997192
477.700000,-66.004312,-66.002100,-65.997192
477.750000,-66.004313,-66.002100,-65.997192
477.800000,-66.004313,-66.002100,-65.997193
477.850000,-66.004313,-66.002101,-65.997193
477.900000,-66.004314,-66.002101,-65.997193
477.950000,-66.004314,-66.002101,-65.997194
478.000000,-66.004314,-66.002101,-65.997194
478.050000,-66.004314,-66.002102,-65.997194
478.100000,-66.004315,-66.002102,-65.997195
478.150000,-66.004315,-66.002102,-65.997195
478.200000,-66.004315,-66.002103,-65.997195
478.250000,-66.004316,-66.002103,-65.997196
478.300000,-66.004316,-66.002103,-65.997196
478.350000,-66.004316,-66.002104,-65.997196
478.400000,-66.004317,-66.002104,-65.997196
478.450000,-66.004317,-66.002104,-65.997197
478.500000,-66.004317,-66.002105,-65.997197
478.550000,-66.004318,-66.002105,-65.997197
478.600000,-66.004318,-66.002105,-65.997198
478.650000,-66.004318,-66.002106,-65.997198
478.700000,-66.004319,-66.002106,-65.997198
478.750000,-66.004319,-66.002106,-65.997199
478.800000,-66.004319,-66.002107,-65.997199
478.850000,-66.004320,-66.002107,-65.997199
478.900000,-66.004320,-66.002107,-65.997200
478.950000,-66.004320,-66.002107,-65.997200
479.000000,-66.004320,-66.002108,-65.997200
479.050000,-66.004321,-66.002108,-65.997200
479.100000,-66.004321,-66.002108,-65.997201
479.150000,-66.004321,-66.002109,-65.997201
479.200000,-66.004322,-66.002109,-65.997201
479.250000,-66.004322,-66.002109,-65.997202
479.300000,-66.004322,-66.002110,-65.997202
479.350000,-66.004323,-66.002110,-65.997202
479.400000,-66.004323,-66.002110,-65.997203
479.450000,-66.004323,-66.002111,-65.997203
479.500000,-66.004324,-66.002111,-65.997203
479.550000,-66.004324,-66.002111,-65.997204
479.600000,-66.004324,-66.002111,-65.997204
479.650000,-66.004324,-66.002112,-65.997204
479.700000,-66.004325,-66.002112,-65.997204
479.750000,-66.004325,-66.002112,-65.997205
479.800000,-66.004325,-66.002113,-65.997205
479.850000,-66.004326,-66.002113,-65.997205
479.900000,-66.004326,-66.002113,-65.997206
479.950000,-66.004326,-66.002114,-65.997206
480.000000,-66.004327,-66.002114,-65.997206
480.050000,-66.004327,-66.002114,-65.997207
480.100000,-66.004327,-66.002114,-65.997207
480.150000,-66.004327,-66.002115,-65.997207
480.200000,-66.004328,-66.002115,-65.997207
480.250000,-66.004328,-66.002115,-65.997208
480.300000,-66.004328,-66.002116,-65.997208
480.350000,-66.004329,-66.002116,-65.997208
480.400000,-66.004329,-66.002116,-65.997209
480.450000,-66.004329,-66.002117,-65.997209
480.500000,-66.004330,-66.002117,-65.997209
480.550000,-66.004330,-66.002117,-65.997210
480.600000,-66.004330,-66.002117,-65.997210
480.650000,-66.004330,-66.002118,-65.997210
480.700000,-66.004331,-66.002118,-65.997210
480.750000,-66.004331,-66.002118,-65.997211
480.800000,-66.004331,-66.002119,-65.997211
480.850000,-66.004332,-66.002119,-65.997211
480.900000,-66.004332,-66.002119,-65.997212
480.950000,-66.004332,-66.002119,-65.997212
481.000000,-66.004332,-66.002120,-65.997212
481.050000,-66.004333,-66.002120,-65.997212
481.100000,-66.004333,-66.002120,-65.997213
481.150000,-66.004333,-66.002121,-65.997213
481.200000,-66.004334,-66.002121,-65.997213
481.250000,-66.004334,-66.002121,-65.997214
481.300000,-66.004334,-66.002122,-65.997214
481.350000,-66.004334,-66.002122,-65.997214
481.400000,-66.004335,-66.002122,-65.997214
481.450000,-66.004335,-66.002122,-65.997215
481.500000,-66.004335,-66.002123,-65.997215
481.550000,-66.004336,-66.002123,-65.997215
481.600000,-66.004336,-66.002123,-65.997216
481.650000,-66.004336,-66.002124,-65.997216
481.700000,-66.004336,-66.002124,-65.997216
481.750000,-66.004337,-66.002124,-65.997217
481.800000,-66.004337,-66.002124,-65.997217
481.850000,-66.004337,-66.002125,-65.997217
481.900000,-66.004338,-66.002125,-65.997217
481.950000,-66.004338,-66.002125,-65.997218
482.000000,-66.004338,-66.002126,-65.997218
482.050000,-66.004338,-66.002126,-65.997218
482.100000,-66.004339,-66.002126,-65.997218
482.150000,-66.004339,-66.002126,-65.997219
482.200000,-66.004339,-66.002127,-65.997219
482.250000,-66.004340,-66.002127,-65.997219
482.300000,-66.004340,-66.002127,-65.997220
482.350000,-66.004340,-66.002127,-65.997220
482.400000,-66.004340,-66.002128,-65.997220
482.450000,-66.004341,-66.002128,-65.997220
482.500000,-66.004341,-66.002128,-65.997221
482.550000,-66.004341,-66.002129,-65.997221
482.600000,-66.004342,-66.002129,-65.997221
482.650000,-66.004342,-66.002129,-65.997222
482.700000,-66.004342,-66.002129,-65.997222
482.750000,-66.004342,-66.002130,-65.997222
482.800000,-66.004343,-66.002130,-65.997222
482.850000,-66.004343,-66.002130,-65.997223
482.900000,-66.004343,-66.002131,-65.997223
482.950000,-66.004343,-66.002131,-65.997223
483.000000,-66.004344,-66.002131,-65.997223
483.050000,-66.004344,-66.002131,-65.997224
483.100000,-66.004344,-66.002132,-65.997224
483.150000,-66.004345,-66.002132,-65.997224
483.200000,-66.004345,-66.002132,-65.997225
483.250000,-66.004345,-66.002132,-65.997225
483.300000,-66.004345,-66.002133,-65.997225
483.350000,-66.004346,-66.002133,-65.997225
483.400000,-66.004346,-66.002133,-65.997226
483.450000,-66.004346,-66.002134,-65.997226
483.500000,-66.004346,-66.002134,-65.997226
483.550000,-66.004347,-66.002134,-65.997226
483.600000,-66.004347,-66.002134,-65.997227
483.650000,-66.004347,-66.002135,-65.997227
483.700000,-66.004348,-66.002135,-65.997227
483.750000,-66.004348,-66.002135,-65.997228
483.800000,-66.004348,-66.002135,-65.997228
483.850000,-66.004348,-66.002136,-65.997228
483.900000,-66.004349,-66.002136,-65.997228
483.950000,-66.004349,-66.002136,-65.997229
484.000000,-66.004349,-66.002137,-65.997229
484.050000,-66.004349,-66.002137,-65.997229
484.100000,-66.004350,-66.002137,-65.997229
484.150000,-66.004350,-66.002137,-65.997230
484.200000,-66.004350,-66.002138,-65.997230
484.250000,-66.004351,-66.002138,-65.997230
484.300000,-66.004351,-66.002138,-65.997230
484.350000,-66.004351,-66.002138,-65.997231
484.400000,-66.004351,-66.002139,-65.997231
484.450000,-66.004352,-66.002139,-65.997231
484.500000,-66.004352,-66.002139,-65.997232
484.550000,-66.004352,-66.002139,-65.997232
484.600000,-66.004352,-66.002140,-65.997232
484.650000,-66.004353,-66.002140,-65.997232
484.700000,-66.004353,-66.002140,-65.997233
484.750000,-66.004353,-66.002140,-65.997233
484.800000,-66.004353,-66.002141,-65.997233
484.850000,-66.004354,-66.002141,-65.997233
484.900000,-66.004354,-66.002141,-65.997234
484.950000,-66.004354,-66.002142,-65.997234
485.000000,-66.004354,-66.002142,-65.997234
485.050000,-66.004355,-66.002142,-65.997234
485.100000,-66.004355,-66.002142,-65.997235
485.150000,-66.004355,-66.002143,-65.997235
485.200000,-66.004355,-66.002143,-65.997235
485.250000,-66.004356,-66.002143,-65.997235
485.300000,-66.004356,-66.002143,-65.997236
485.350000,-66.004356,-66.002144,-65.997236
485.400000,-66.004356,-66.002144,-65.997236
485.450000,-66.004357,-66.002144,-65.997236
485.500000,-66.004357,-66.002144,-65.997237
485.550000,-66.004357,-66.002145,-65.997237
485.600000,-66.004358,-66.002145,-65.997237
485.650000,-66.004358,-66.002145,-65.997237
485.700000,-66.004358,-66.002145,-65.997238
485.750000,-66.004358,-66.002146,-65.997238
485.800000,-66.004359,-66.002146,-65.997238
485.850000,-66.004359,-66.002146,-65.997238
485.900000,-66.004359,-66.002146,-65.997239
485.950000,-66.004359,-66.002147,-65.997239
486.000000,-66.004360,-66.002147,-65.997239
486.050000,-66.004360,-66.002147,-65.997240
486.100000,-66.004360,-66.002147,-65.997240
486.150000,-66.004360,-66.002148,-65.997240
486.200000,-66.004361,-66.002148,-65.997240
486.250000,-66.004361,-66.002148,-65.997241
486.300000,-66.004361,-66.002148,-65.997241
486.350000,-66.004361,-66.002149,-65.997241
486.400000,-66.004362,-66.002149,-65.997241
486.450000,-66.004362,-66.002149,-65.997242
486.500000,-66.004362,-66.002149,-65.997242
486.550000,-66.004362,-66.002150,-65.997242
486.600000,-66.004363,-66.002150,-65.997242
486.650000,-66.004363,-66.002150,-65.997242
486.700000,-66.004363,-66.002150,-65.997243
486.750000,-66.004363,-66.002151,-65.997243
486.800000,-66.004364,-66.002151,-65.997243
486.850000,-66.004364,-66.002151,-65.997243
486.900000,-66.004364,-66.002151,-65.997244
486.950000,-66.004364,-66.002152,-65.997244
487.000000,-66.004364,-66.002152,-65.997244
487.050000,-66.004365,-66.002152,-65.997244
487.100000,-66.004365,-66.002152,-65.997245
487.150000,-66.004365,-66.002153,-65.997245
487.200000,-66.004365,-66.002153,-65.997245
487.250000,-66.004366,-66.002153,-65.997245
487.300000,-66.004366,-66.002153,-65.997246
487.350000,-66.004366,-66.002154,-65.997246
487.400000,-66.004366,-66.002154,-65.997246
487.450000,-66.004367,-66.002154,-65.997246
487.500000,-66.004367,-66.002154,-65.997247
487.550000,-66.004367,-66.002154,-65.997247
487.600000,-66.004367,-66.002155,-65.997247
487.650000,-66.004368,-66.002155,-65.997247
487.700000,-66.004368,-66.002155,-65.997248
487.750000,-66.004368,-66.002155,-65.997248
487.800000,-66.004368,-66.002156,-65.997248
487.850000,-66.004369,-66.002156,-65.997248
487.900000,-66.004369,-66.002156,-65.997249
487.950000,-66.004369,-66.002156,-65.997249
488.000000,-66.004369,-66.002157,-65.997249
488.050000,-66.004370,-66.002157,-65.997249
488.100000,-66.004370,-66.002157,-65.997249
488.150000,-66.004370,-66.002157,-65.997250
488.200000,-66.004370,-66.002158,-65.997250
488.250000,-66.004370,-66.002158,-65.997250
488.300000,-66.004371,-66.002158,-65.997250
488.350000,-66.004371,-66.002158,-65.997251
488.400000,-66.004371,-66.002159,-65.997251
488.450000,-66.004371,-66.002159,-65.997251
488.500000,-66.004372,-66.002159,-65.997251
488.550000,-66.004372,-66.002159,-65.997252
488.600000,-66.004372,-66.002159,-65.997252
488.650000,-66.004372,-66.002160,-65.997252
488.700000,-66.004373,-66.002160,-65.997252
488.750000,-66.004373,-66.002160,-65.997253
488.800000,-66.004373,-66.002160,-65.997253
488.850000,-66.004373,-66.002161,-65.997253
488.900000,-66.004374,-66.002161,-65.997253
488.950000,-66.004374,-66.002161,-65.997253
489.000000,-66.004374,-66.002161,-65.997254
489.050000,-66.004374,-66.002162,-65.997254
489.100000,-66.004374,-66.002162,-65.997254
489.150000,-66.004375,-66.002162,-65.997254
489.200000,-66.004375,-66.002162,-65.997255
489.250000,-66.004375,-66.002162,-65.997255
489.300000,-66.004375,-66.002163,-65.997255
489.350000,-66.004376,-66.002163,-65.997255
489.400000,-66.004376,-66.002163,-65.997256
489.450000,-66.004376,-66.002163,-65.997256
489.500000,-66.004376,-66.002164,-65.997256
489.550000,-66.004376,-66.002164,-65.997256
489.600000,-66.004377,-66.002164,-65.997256
489.650000,-66.004377,-66.002164,-65.997257
489.700000,-66.004377,-66.002164,-65.997257
489.750000,-66.004377,-66.002165,-65.997257
489.800000,-66.004378,-66.002165,-65.997257
489.850000,-66.004378,-66.002165,-65.997258
489.900000,-66.004378,-66.002165,-65.997258
489.950000,-66.004378,-66.002166,-65.997258
490.000000,-66.004379,-66.002166,-65.997258
490.050000,-66.004379,-66.002166,-65.997258
490.100000,-66.004379,-66.002166,-65.997259
490.150000,-66.004379,-66.002167,-65.997259
490.200000,-66.004379,-66.002167,-65.997259
490.250000,-66.004380,-66.002167,-65.997259
490.300000,-66.004380,-66.002167,-65.997260
490.350000,-66.004380,-66.002167,-65.997260
490.400000,-66.004380,-66.002168,-65.997260
490.450000,-66.004381,-66.002168,-65.997260
490.500000,-66.004381,-66.002168,-65.997260
490.550000,-66.004381,-66.002168,-65.997261
490.600000,-66.004381,-66.002168,-65.997261
490.650000,-66.004381,-66.002169,-65.997261
490.700000,-66.004382,-66.002169,-65.997261
490.750000,-66.004382,-66.002169,-65.997262
490.800000,-66.004382,-66.002169,-65.997262
490.850000,-66.004382,-66.002170,-65.997262
490.900000,-66.004382,-66.002170,-65.997262
490.950000,-66.004383,-66.002170,-65.997262
491.000000,-66.004383,-66.002170,-65.997263
491.050000,-66.004383,-66.002170,-65.997263
491.100000,-66.004383,-66.002171,-65.997263
491.150000,-66.004384,-66.002171,-65.997263
491.200000,-66.004384,-66.002171,-65.997263
491.250000,-66.004384,-66.002171,-65.997264
491.300000,-66.004384,-66.002172,-65.997264
491.350000,-66.004384,-66.002172,-65.997264
491.400000,-66.004385,-66.002172,-65.997264
491.450000,-66.004385,-66.002172,-65.997265
491.500000,-66.004385,-66.002172,-65.997265
491.550000,-66.004385,-66.002173,-65.997265
491.600000,-66.004385,-66.002173,-65.997265
491.650000,-66.004386,-66.002173,-65.997265
491.700000,-66.004386,-66.002173,-65.997266
491.750000,-66.004386,-66.002173,-65.997266
491.800000,-66.004386,-66.002174,-65.997266
491.850000,-66.004387,-66.002174,-65.997266
491.900000,-66.004387,-66.002174,-65.997266
491.950000,-66.004387,-66.002174,-65.997267
492.000000,-66.004387,-66.002175,-65.997267
492.050000,-66.004387,-66.002175,-65.997267
492.100000,-66.004388,-66.002175,-65.997267
492.150000,-66.004388,-66.002175,-65.997268
492.200000,-66.004388,-66.002175,-65.997268
492.250000,-66.004388,-66.002176,-65.997268
492.300000,-66.004388,-66.002176,-65.997268
492.350000,-66.004389,-66.002176,-65.997268
492.400000,-66.004389,-66.002176,-65.997269
492.450000,-66.004389,-66.002176,-65.997269
492.500000,-66.004389,-66.002177,-65.997269
492.550000,-66.004389,-66.002177,-65.997269
492.600000,-66.004390,-66.002177,-65.997269
492.650000,-66.004390,-66.002177,-65.997270
492.700000,-66.004390,-66.002177,-65.997270
492.750000,-66.004390,-66.002178,-65.997270
492.800000,-66.004391,-66.002178,-65.997270
492.850000,-66.004391,-66.002178,-65.997270
492.900000,-66.004391,-66.002178,-65.997271
492.950000,-66.004391,-66.002178,-65.997271
493.000000,-66.004391,-66.002179,-65.997271
493.050000,-66.004392,-66.002179,-65.997271
493.100000,-66.004392,-66.002179,-65.997271
493.150000,-66.004392,-66.002179,-65.997272
493.200000,-66.004392,-66.002179,-65.997272
493.250000,-66.004392,-66.002180,-65.997272
493.300000,-66.004393,-66.002180,-65.997272
493.350000,-66.004393,-66.002180,-65.997272
493.400000,-66.004393,-66.002180,-65.997273
493.450000,-66.004393,-66.002180,-65.997273
493.500000,-66.004393,-66.002181,-65.997273
493.550000,-66.004394,-66.002181,-65.997273
493.600000,-66.004394,-66.002181,-65.997273
493.650000,-66.004394,-66.002181,-65.997274
493.700000,-66.004394,-66.002181,-65.997274
493.750000,-66.004394,-66.002182,-65.997274
493.800000,-66.004395,-66.002182,-65.997274
493.850000,-66.004395,-66.002182,-65.997274
493.900000,-66.004395,-66.002182,-65.997275
493.950000,-66.004395,-66.002182,-65.997275
494.000000,-66.004395,-66.002183,-65.997275
494.050000,-66.004396,-66.002183,-65.997275
494.100000,-66.004396,-66.002183,-65.997275
494.150000,-66.004396,-66.002183,-65.997276
494.200000,-66.004396,-66.002183,-65.997276
494.250000,-66.004396,-66.002184,-65.997276
494.300000,-66.004397,-66.002184,-65.997276
494.350000,-66.004397,-66.002184,-65.997276
494.400000,-66.004397,-66.002184,-65.997277
494.450000,-66.004397,-66.002184,-65.997277
494.500000,-66.004397,-66.002185,-65.997277
494.550000,-66.004398,-66.002185,-65.997277
494.600000,-66.004398,-66.002185,-65.997277
494.650000,-66.004398,-66.002185,-65.997278
494.700000,-66.004398,-66.002185,-65.997278
494.750000,-66.004398,-66.002186,-65.997278
494.800000,-66.004399,-66.002186,-65.997278
494.850000,-66.004399,-66.002186,-65.997278
494.900000,-66.004399,-66.002186,-65.997279
494.950000,-66.004399,-66.002186,-65.997279
495.000000,-66.004399,-66.002187,-65.997279
495.050000,-66.004399,-66.002187,-65.997279
495.100000,-66.004400,-66.002187,-65.997279
495.150000,-66.004400,-66.002187,-65.997280
495.200000,-66.004400,-66.002187,-65.997280
495.250000,-66.004400,-66.002188,-65.997280
495.300000,-66.004400,-66.002188,-65.997280
495.350000,-66.004401,-66.002188,-65.997280
495.400000,-66.004401,-66.002188,-65.997281
495.450000,-66.004401,-66.002188,-65.997281
495.500000,-66.004401,-66.002189,-65.997281
495.550000,-66.004401,-66.002189,-65.997281
495.600000,-66.004402,-66.002189,-65.997281
495.650000,-66.004402,-66.002189,-65.997281
495.700000,-66.004402,-66.002189,-65.997282
495.750000,-66.004402,-66.002189,-65.997282
495.800000,-66.004402,-66.002190,-65.997282
495.850000,-66.004403,-66.002190,-65.997282
495.900000,-66.004403,-66.002190,-65.997282
495.950000,-66.004403,-66.002190,-65.997283
496.000000,-66.004403,-66.002190,-65.997283
496.050000,-66.004403,-66.002191,-65.997283
496.100000,-66.004403,-66.002191,-65.997283
496.150000,-66.004404,-66.002191,-65.997283
496.200000,-66.004404,-66.002191,-65.997284
496.250000,-66.004404,-66.002191,-65.997284
496.300000,-66.004404,-66.002192,-65.997284
496.350000,-66.004404,-66.002192,-65.997284
496.400000,-66.004405,-66.002192,-65.997284
496.450000,-66.004405,-66.002192,-65.997284
496.500000,-66.004405,-66.002192,-65.997285
496.550000,-66.004405,-66.002192,-65.997285
496.600000,-66.004405,-66.002193,-65.997285
496.650000,-66.004405,-66.002193,-65.997285
496.700000,-66.004406,-66.002193,-65.997285
496.750000,-66.004406,-66.002193,-65.997286
496.800000,-66.004406,-66.002193,-65.997286
496.850000,-66.004406,-66.002194,-65.997286
496.900000,-66.004406,-66.002194,-65.997286
496.950000,-66.004407,-66.002194,-65.997286
497.000000,-66.004407,-66.002194,-65.997286
497.050000,-66.004407,-66.002194,-65.997287
497.100000,-66.004407,-66.002194,-65.997287
497.150000,-66.004407,-66.002195,-65.997287
497.200000,-66.004407,-66.002195,-65.997287
497.250000,-66.004408,-66.002195,-65.997287
497.300000,-66.004408,-66.002195,-65.997288
497.350000,-66.004408,-66.002195,-65.997288
497.400000,-66.004408,-66.002196,-65.997288
497.450000,-66.004408,-66.002196,-65.997288
497.500000,-66.004409,-66.002196,-65.997288
497.550000,-66.004409,-66.002196,-65.997288
497.600000,-66.004409,-66.002196,-65.997289
497.650000,-66.004409,-66.002196,-65.997289
497.700000,-66.004409,-66.002197,-65.997289
497.750000,-66.004409,-66.002197,-65.997289
497.800000,-66.004410,-66.002197,-65.997289
497.850000,-66.004410,-66.002197,-65.997290
497.900000,-66.004410,-66.002197,-65.997290
497.950000,-66.004410,-66.002198,-65.997290
498.000000,-66.004410,-66.002198,-65.997290
498.050000,-66.004411,-66.002198,-65.997290
498.100000,-66.004411,-66.002198,-65.997290
498.150000,-66.004411,-66.002198,-65.997291
498.200000,-66.004411,-66.002198,-65.997291
498.250000,-66.004411,-66.002199,-65.997291
498.300000,-66.004411,-66.002199,-65.997291
498.350000,-66.004412,-66.002199,-65.997291
498.400000,-66.004412,-66.002199,-65.997291
498.450000,-66.004412,-66.002199,-65.997292
498.500000,-66.004412,-66.002199,-65.997292
498.550000,-66.004412,-66.002200,-65.997292
498.600000,-66.004412,-66.002200,-65.997292
498.650000,-66.004413,-66.002200,-65.997292
498.700000,-66.004413,-66.002200,-65.997292
498.750000,-66.004413,-66.002200,-65.997293
498.800000,-66.004413,-66.002200,-65.997293
498.850000,-66.004413,-66.002201,-65.997293
498.900000,-66.004413,-66.002201,-65.997293
498.950000,-66.004414,-66.002201,-65.997293
499.000000,-66.004414,-66.002201,-65.997294
499.050000,-66.004414,-66.002201,-65.997294
499.100000,-66.004414,-66.002202,-65.997294
499.150000,-66.004414,-66.002202,-65.997294
499.200000,-66.004415,-66.002202,-65.997294
499.250000,-66.004415,-66.002202,-65.997294
499.300000,-66.004415,-66.002202,-65.997295
499.350000,-66.004415,-66.002202,-65.997295
499.400000,-66.004415,-66.002203,-65.997295
499.450000,-66.004415,-66.002203,-65.997295
499.500000,-66.004416,-66.002203,-65.997295
499.550000,-66.004416,-66.002203,-65.997295
499.600000,-66.004416,-66.002203,-65.997296
499.650000,-66.004416,-66.002203,-65.997296
499.700000,-66.004416,-66.002204,-65.997296
499.750000,-66.004416,-66.002204,-65.997296
499.800000,-66.004417,-66.002204,-65.997296
499.850000,-66.004417,-66.002204,-65.997296
499.900000,-66.004417,-66.002204,-65.997297
499.950000,-66.004417,-66.002204,-65.997297
500.000000,-66.004417,-66.002205,-65.997297
500.050000,-66.004417,-66.002205,-65.997297
500.100000,-66.004418,-66.002205,-65.997297
500.150000,-66.004418,-66.002205,-65.997297
500.200000,-66.004418,-66.002205,-65.997298
500.250000,-66.004418,-66.002205,-65.997298
500.300000,-66.004418,-66.002206,-65.997298
500.350000,-66.004418,-66.002206,-65.997298
500.400000,-66.004419,-66.002206,-65.997298
500.450000,-66.004419,-66.002206,-65.997298
500.500000,-66.004419,-66.002206,-65.997299
500.550000,-66.004419,-66.002206,-65.997299
500.600000,-66.004419,-66.002207,-65.997299
500.650000,-66.004419,-66.002207,-65.997299
500.700000,-66.004420,-66.002207,-65.997299
500.750000,-66.004420,-66.002207,-65.997299
500.800000,-66.004420,-66.002207,-65.997300
500.850000,-66.004420,-66.002207,-65.997300
500.900000,-66.004420,-66.002207,-65.997300
500.950000,-66.004420,-66.002208,-65.997300
501.000000,-66.004420,-66.002208,-65.997300
501.050000,-66.004421,-66.002208,-65.997300
501.100000,-66.004421,-66.002208,-65.997300
501.150000,-66.004421,-66.002208,-65.997301
501.200000,-66.004421,-66.002208,-65.997301
501.250000,-66.004421,-66.002209,-65.997301
501.300000,-66.004421,-66.002209,-65.997301
501.350000,-66.004422,-66.002209,-65.997301
501.400000,-66.004422,-66.002209,-65.997301
501.450000,-66.004422,-66.002209,-65.997302
501.500000,-66.004422,-66.002209,-65.997302
501.550000,-66.004422,-66.002210,-65.997302
501.600000,-66.004422,-66.002210,-65.997302
501.650000,-66.004423,-66.002210,-65.997302
501.700000,-66.004423,-66.002210,-65.997302
501.750000,-66.004423,-66.002210,-65.997303
501.800000,-66.004423,-66.002210,-65.997303
501.850000,-66.004423,-66.002211,-65.997303
501.900000,-66.004423,-66.002211,-65.997303
501.950000,-66.004424,-66.002211,-65.997303
502.000000,-66.004424,-66.002211,-65.997303
502.050000,-66.004424,-66.002211,-65.997304
502.100000,-66.004424,-66.002211,-65.997304
502.150000,-66.004424,-66.002211,-65.997304
502.200000,-66.004424,-66.002212,-65.997304
502.250000,-66.004424,-66.002212,-65.997304
502.300000,-66.004425,-66.002212,-65.997304
502.350000,-66.004425,-66.002212,-65.997304
502.400000,-66.004425,-66.002212,-65.997305
502.450000,-66.004425,-66.002212,-65.997305
502.500000,-66.004425,-66.002213,-65.997305
502.550000,-66.004425,-66.002213,-65.997305
502.600000,-66.004426,-66.002213,-65.997305
502.650000,-66.004426,-66.002213,-65.997305
502.700000,-66.004426,-66.002213,-65.997306
502.750000,-66.004426,-66.002213,-65.997306
502.800000,-66.004426,-66.002213,-65.997306
502.850000,-66.004426,-66.002214,-65.997306
502.900000,-66.004426,-66.002214,-65.997306
502.950000,-66.004427,-66.002214,-65.997306
503.000000,-66.004427,-66.002214,-65.997306
503.050000,-66.004427,-66.002214,-65.997307
503.100000,-66.004427,-66.002214,-65.997307
503.150000,-66.004427,-66.002215,-65.997307
503.200000,-66.004427,-66.002215,-65.997307
503.250000,-66.004428,-66.002215,-65.997307
503.300000,-66.004428,-66.002215,-65.997307
503.350000,-66.004428,-66.002215,-65.997308
503.400000,-66.004428,-66.002215,-65.997308
503.450000,-66.004428,-66.002215,-65.997308
503.500000,-66.004428,-66.002216,-65.997308
503.550000,-66.004428,-66.002216,-65.997308
503.600000,-66.004429,-66.002216,-65.997308
503.650000,-66.004429,-66.002216,-65.997308
503.700000,-66.004429,-66.002216,-65.997309
503.750000,-66.004429,-66.002216,-65.997309
503.800000,-66.004429,-66.002217,-65.997309
503.850000,-66.004429,-66.002217,-65.997309
503.900000,-66.004429,-66.002217,-65.997309
503.950000,-66.004430,-66.002217,-65.997309
504.000000,-66.004430,-66.002217,-65.997309
504.050000,-66.004430,-66.002217,-65.997310
504.100000,-66.004430,-66.002217,-65.997310
504.150000,-66.004430,-66.002218,-65.997310
504.200000,-66.004430,-66.002218,-65.997310
504.250000,-66.004431,-66.002218,-65.997310
504.300000,-66.004431,-66.002218,-65.997310
504.350000,-66.004431,-66.002218,-65.997310
504.400000,-66.004431,-66.002218,-65.997311
504.450000,-66.004431,-66.002218,-65.997311
504.500000,-66.004431,-66.002219,-65.997311
504.550000,-66.004431,-66.002219,-65.997311
504.600000,-66.004432,-66.002219,-65.997311
504.650000,-66.004432,-66.002219,-65.997311
504.700000,-66.004432,-66.002219,-65.997311
504.750000,-66.004432,-66.002219,-65.997312
504.800000,-66.004432,-66.002219,-65.997312
504.850000,-66.004432,-66.002220,-65.997312
504.900000,-66.004432,-66.002220,-65.997312
504.950000,-66.004433,-66.002220,-65.997312
505.000000,-66.004433,-66.002220,-65.997312
505.050000,-66.004433,-66.002220,-65.997313
505.100000,-66.004433,-66.002220,-65.997313
505.150000,-66.004433,-66.002220,-65.997313
505.200000,-66.004433,-66.002221,-65.997313
505.250000,-66.004433,-66.002221,-65.997313
505.300000,-66.004434,-66.002221,-65.997313
505.350000,-66.004434,-66.002221,-65.997313
505.400000,-66.004434,-66.002221,-65.997314
505.450000,-66.004434,-66.002221,-65.997314
505.500000,-66.004434,-66.002221,-65.997314
505.550000,-66.004434,-66.002222,-65.997314
505.600000,-66.004434,-66.002222,-65.997314
505.650000,-66.004435,-66.002222,-65.997314
505.700000,-66.004435,-66.002222,-65.997314
505.750000,-66.004435,-66.002222,-65.997314
505.800000,-66.004435,-66.002222,-65.997315
505.850000,-66.004435,-66.002222,-65.997315
505.900000,-66.004435,-66.002223,-65.997315
505.950000,-66.004435,-66.002223,-65.997315
506.000000,-66.004436,-66.002223,-65.997315
506.050000,-66.004436,-66.002223,-65.997315
506.100000,-66.004436,-66.002223,-65.997315
506.150000,-66.004436,-66.002223,-65.997316
506.200000,-66.004436,-66.002223,-65.997316
506.250000,-66.004436,-66.002224,-65.997316
506.300000,-66.004436,-66.002224,-65.997316
506.350000,-66.004436,-66.002224,-65.997316
506.400000,-66.004437,-66.002224,-65.997316
506.450000,-66.004437,-66.002224,-65.997316
506.500000,-66.004437,-66.002224,-65.997317
506.550000,-66.004437,-66.002224,-65.997317
506.600000,-66.004437,-66.002225,-65.997317
506.650000,-66.004437,-66.002225,-65.997317
506.700000,-66.004437,-66.002225,-65.997317
506.750000,-66.004438,-66.002225,-65.997317
506.800000,-66.004438,-66.002225,-65.997317
506.850000,-66.004438,-66.002225,-65.997318
506.900000,-66.004438,-66.002225,-65.997318
506.950000,-66.004438,-66.002225,-65.997318
507.000000,-66.004438,-66.002226,-65.997318
507.050000,-66.004438,-66.002226,-65.997318
507.100000,-66.004439,-66.002226,-65.997318
507.150000,-66.004439,-66.002226,-65.997318
507.200000,-66.004439,-66.002226,-65.997318
507.250000,-66.004439,-66.002226,-65.997319
507.300000,-66.004439,-66.002226,-65.997319
507.350000,-66.004439,-66.002227,-65.997319
507.400000,-66.004439,-66.002227,-65.997319
507.450000,-66.004439,-66.002227,-65.997319
507.500000,-66.004440,-66.002227,-65.997319
507.550000,-66.004440,-66.002227,-65.997319
507.600000,-66.004440,-66.002227,-65.997320
507.650000,-66.004440,-66.002227,-65.997320
507.700000,-66.004440,-66.002227,-65.997320
507.750000,-66.004440,-66.002228,-65.997320
507.800000,-66.004440,-66.002228,-65.997320
507.850000,-66.004441,-66.002228,-65.997320
507.900000,-66.004441,-66.002228,-65.997320
507.950000,-66.004441,-66.002228,-65.997320
508.000000,-66.004441,-66.002228,-65.997321
508.050000,-66.004441,-66.002228,-65.997321
508.100000,-66.004441,-66.002229,-65.997321
508.150000,-66.004441,-66.002229,-65.997321
508.200000,-66.004441,-66.002229,-65.997321
508.250000,-66.004442,-66.002229,-65.997321
508.300000,-66.004442,-66.002229,-65.997321
508.350000,-66.004442,-66.002229,-65.997322
508.400000,-66.004442,-66.002229,-65.997322
508.450000,-66.004442,-66.002229,-65.997322
508.500000,-66.004442,-66.002230,-65.997322
508.550000,-66.004442,-66.002230,-65.997322
508.600000,-66.004442,-66.002230,-65.997322
508.650000,-66.004443,-66.002230,-65.997322
508.700000,-66.004443,-66.002230,-65.997322
508.750000,-66.004443,-66.002230,-65.997323
508.800000,-66.004443,-66.002230,-65.997323
508.850000,-66.004443,-66.002230,-65.997323
508.900000,-66.004443,-66.002231,-65.997323
508.950000,-66.004443,-66.002231,-65.997323
509.000000,-66.004444,-66.002231,-65.997323
509.050000,-66.004444,-66.002231,-65.997323
509.100000,-66.004444,-66.002231,-65.997323
509.150000,-66.004444,-66.002231,-65.997324
509.200000,-66.004444,-66.002231,-65.997324
509.250000,-66.004444,-66.002231,-65.997324
509.300000,-66.004444,-66.002232,-65.997324
509.350000,-66.004444,-66.002232,-65.997324
509.400000,-66.004445,-66.002232,-65.997324
509.450000,-66.004445,-66.002232,-65.997324
509.500000,-66.004445,-66.002232,-65.997324
509.550000,-66.004445,-66.002232,-65.997325
509.600000,-66.004445,-66.002232,-65.997325
509.650000,-66.004445,-66.002232,-65.997325
509.700000,-66.004445,-66.002233,-65.997325
509.750000,-66.004445,-66.002233,-65.997325
509.800000,-66.004446,-66.002233,-65.997325
509.850000,-66.004446,-66.002233,-65.997325
509.900000,-66.004446,-66.002233,-65.997325
509.950000,-66.004446,-66.002233,-65.997326
510.000000,-66.004446,-66.002233,-65.997326
510.050000,-66.004446,-66.002233,-65.997326
510.100000,-66.004446,-66.002234,-65.997326
510.150000,-66.004446,-66.002234,-65.997326
510.200000,-66.004447,-66.002234,-65.997326
510.250000,-66.004447,-66.002234,-65.997326
510.300000,-66.004447,-66.002234,-65.997326
510.350000,-66.004447,-66.002234,-65.997327
510.400000,-66.004447,-66.002234,-65.997327
510.450000,-66.004447,-66.002234,-65.997327
510.500000,-66.004447,-66.002235,-65.997327
510.550000,-66.004447,-66.002235,-65.997327
510.600000,-66.004448,-66.002235,-65.997327
510.650000,-66.004448,-66.002235,-65.997327
510.700000,-66.004448,-66.002235,-65.997327
510.750000,-66.004448,-66.002235,-65.997328
510.800000,-66.004448,-66.002235,-65.997328
510.850000,-66.004448,-66.002235,-65.997328
510.900000,-66.004448,-66.002236,-65.997328
510.950000,-66.004448,-66.002236,-65.997328
511.000000,-66.004448,-66.002236,-65.997328
511.050000,-66.004449,-66.002236,-65.997328
511.100000,-66.004449,-66.002236,-65.997328
511.150000,-66.004449,-66.002236,-65.997329
511.200000,-66.004449,-66.002236,-65.997329
511.250000,-66.004449,-66.002236,-65.997329
511.300000,-66.004449,-66.002237,-65.997329
511.350000,-66.004449,-66.002237,-65.997329
511.400000,-66.004449,-66.002237,-65.997329
511.450000,-66.004450,-66.002237,-65.997329
511.500000,-66.004450,-66.002237,-65.997329
511.550000,-66.004450,-66.002237,-65.997329
511.600000,-66.004450,-66.002237,-65.997330
511.650000,-66.004450,-66.002237,-65.997330
511.700000,-66.004450,-66.002237,-65.997330
511.750000,-66.004450,-66.002238,-65.997330
511.800000,-66.004450,-66.002238,-65.997330
511.850000,-66.004451,-66.002238,-65.997330
511.900000,-66.004451,-66.002238,-65.997330
511.950000,-66.004451,-66.002238,-65.997330
512.000000,-66.004451,-66.002238,-65.997331
512.050000,-66.004451,-66.002238,-65.997331
512.100000,-66.004451,-66.002238,-65.997331
512.150000,-66.004451,-66.002239,-65.997331
512.200000,-66.004451,-66.002239,-65.997331
512.250000,-66.004451,-66.002239,-65.997331
512.300000,-66.004452,-66.002239,-65.997331
512.350000,-66.004452,-66.002239,-65.997331
512.400000,-66.004452,-66.002239,-65.997331
512.450000,-66.004452,-66.002239,-65.997332
512.500000,-66.004452,-66.002239,-65.997332
512.550000,-66.004452,-66.002239,-65.997332
512.600000,-66.004452,-66.002240,-65.997332
512.650000,-66.004452,-66.002240,-65.997332
512.700000,-66.004452,-66.002240,-65.997332
512.750000,-66.004453,-66.002240,-65.997332
512.800000,-66.004453,-66.002240,-65.997332
512.850000,-66.004453,-66.002240,-65.997332
512.900000,-66.004453,-66.002240,-65.997333
512.950000,-66.004453,-66.002240,-65.997333
513.000000,-66.004453,-66.002240,-65.997333
513.050000,-66.004453,-66.002241,-65.997333
513.100000,-66.004453,-66.002241,-65.997333
513.150000,-66.004454,-66.002241,-65.997333
513.200000,-66.004454,-66.002241,-65.997333
513.250000,-66.004454,-66.002241,-65.997333
513.300000,-66.004454,-66.002241,-65.997334
513.350000,-66.004454,-66.002241,-65.997334
513.400000,-66.004454,-66.002241,-65.997334
513.450000,-66.004454,-66.002242,-65.997334
513.500000,-66.004454,-66.002242,-65.997334
513.550000,-66.004454,-66.002242,-65.997334
513.600000,-66.004455,-66.002242,-65.997334
513.650000,-66.004455,-66.002242,-65.997334
513.700000,-66.004455,-66.002242,-65.997334
513.750000,-66.004455,-66.002242,-65.997335
513.800000,-66.004455,-66.002242,-65.997335
513.850000,-66.004455,-66.002242,-65.997335
513.900000,-66.004455,-66.002243,-65.997335
513.950000,-66.004455,-66.002243,-65.997335
514.000000,-66.004455,-66.002243,-65.997335
514.050000,-66.004456,-66.002243,-65.997335
514.100000,-66.004456,-66.002243,-65.997335
514.150000,-66.004456,-66.002243,-65.997335
514.200000,-66.004456,-66.002243,-65.997336
514.250000,-66.004456,-66.002243,-65.997336
514.300000,-66.004456,-66.002243,-65.997336
514.350000,-66.004456,-66.002243,-65.997336
514.400000,-66.004456,-66.002244,-65.997336
514.450000,-66.004456,-66.002244,-65.997336
514.500000,-66.004456,-66.002244,-65.997336
514.550000,-66.004457,-66.002244,-65.997336
514.600000,-66.004457,-66.002244,-65.997336
514.650000,-66.004457,-66.002244,-65.997336
514.700000,-66.004457,-66.002244,-65.997337
514.750000,-66.004457,-66.002244,-65.997337
514.800000,-66.004457,-66.002244,-65.997337
514.850000,-66.004457,-66.002245,-65.997337
514.900000,-66.004457,-66.002245,-65.997337
514.950000,-66.004457,-66.002245,-65.997337
515.000000,-66.004458,-66.002245,-65.997337
515.050000,-66.004458,-66.002245,-65.997337
515.100000,-66.004458,-66.002245,-65.997337
515.150000,-66.004458,-66.002245,-65.997338
515.200000,-66.004458,-66.002245,-65.997338
515.250000,-66.004458,-66.002245,-65.997338
515.300000,-66.004458,-66.002246,-65.997338
515.350000,-66.004458,-66.002246,-65.997338
515.400000,-66.004458,-66.002246,-65.997338
515.450000,-66.004459,-66.002246,-65.997338
515.500000,-66.004459,-66.002246,-65.997338
515.550000,-66.004459,-66.002246,-65.997338
515.600000,-66.004459,-66.002246,-65.997339
515.650000,-66.004459,-66.002246,-65.997339
515.700000,-66.004459,-66.002246,-65.997339
515.750000,-66.004459,-66.002246,-65.997339
515.800000,-66.004459,-66.002247,-65.997339
515.850000,-66.004459,-66.002247,-65.997339
515.900000,-66.004459,-66.002247,-65.997339
515.950000,-66.004460,-66.002247,-65.997339
516.000000,-66.004460,-66.002247,-65.997339
516.050000,-66.004460,-66.002247,-65.997339
516.100000,-66.004460,-66.002247,-65.997340
516.150000,-66.004460,-66.002247,-65.997340
516.200000,-66.004460,-66.002247,-65.997340
516.250000,-66.004460,-66.002248,-65.997340
516.300000,-66.004460,-66.002248,-65.997340
516.350000,-66.004460,-66.002248,-65.997340
516.400000,-66.004461,-66.002248,-65.997340
516.450000,-66.004461,-66.002248,-65.997340
516.500000,-66.004461,-66.002248,-65.997340
516.550000,-66.004461,-66.002248,-65.997340
516.600000,-66.004461,-66.002248,-65.997341
516.650000,-66.004461,-66.002248,-65.997341
516.700000,-66.004461,-66.002248,-65.997341
516.750000,-66.004461,-66.002249,-65.997341
516.800000,-66.004461,-66.002249,-65.997341
516.850000,-66.004461,-66.002249,-65.997341
516.900000,-66.004462,-66.002249,-65.997341
516.950000,-66.004462,-66.002249,-65.997341
517.000000,-66.004462,-66.002249,-65.997341
517.050000,-66.004462,-66.002249,-65.997341
517.100000,-66.004462,-66.002249,-65.997342
517.150000,-66.004462,-66.002249,-65.997342
517.200000,-66.004462,-66.002249,-65.997342
517.250000,-66.004462,-66.002250,-65.997342
517.300000,-66.004462,-66.002250,-65.997342
517.350000,-66.004462,-66.002250,-65.997342
517.400000,-66.004463,-66.002250,-65.997342
517.450000,-66.004463,-66.002250,-65.997342
517.500000,-66.004463,-66.002250,-65.997342
517.550000,-66.004463,-66.002250,-65.997342
517.600000,-66.004463,-66.002250,-65.997343
517.650000,-66.004463,-66.002250,-65.997343
517.700000,-66.004463,-66.002250,-65.997343
517.750000,-66.004463,-66.002251,-65.997343
517.800000,-66.004463,-66.002251,-65.997343
517.850000,-66.004463,-66.002251,-65.997343
517.900000,-66.004464,-66.002251,-65.997343
517.950000,-66.004464,-66.002251,-65.997343
518.000000,-66.004464,-66.002251,-65.997343
518.050000,-66.004464,-66.002251,-65.997343
518.100000,-66.004464,-66.002251,-65.997344
518.150000,-66.004464,-66.002251,-65.997344
518.200000,-66.004464,-66.002251,-65.997344
518.250000,-66.004464,-66.002252,-65.997344
518.300000,-66.004464,-66.002252,-65.997344
518.350000,-66.004464,-66.002252,-65.997344
518.400000,-66.004464,-66.002252,-65.997344
518.450000,-66.004465,-66.002252,-65.997344
518.500000,-66.004465,-66.002252,-65.997344
518.550000,-66.004465,-66.002252,-65.997344
518.600000,-66.004465,-66.002252,-65.997345
518.650000,-66.004465,-66.002252,-65.997345
518.700000,-66.004465,-66.002252,-65.997345
518.750000,-66.004465,-66.002252,-65.997345
518.800000,-66.004465,-66.002253,-65.997345
518.850000,-66.004465,-66.002253,-65.997345
518.900000,-66.004465,-66.002253,-65.997345
518.950000,-66.004466,-66.002253,-65.997345
519.000000,-66.004466,-66.002253,-65.997345
519.050000,-66.004466,-66.002253,-65.997345
519.100000,-66.004466,-66.002253,-65.997345
519.150000,-66.004466,-66.002253,-65.997346
519.200000,-66.004466,-66.002253,-65.997346
519.250000,-66.004466,-66.002253,-65.997346
519.300000,-66.004466,-66.002254,-65.997346
519.350000,-66.004466,-66.002254,-65.997346
519.400000,-66.004466,-66.002254,-65.997346
519.450000,-66.004466,-66.002254,-65.997346
519.500000,-66.004467,-66.002254,-65.997346
519.550000,-66.004467,-66.002254,-65.997346
519.600000,-66.004467,-66.002254,-65.997346
519.650000,-66.004467,-66.002254,-65.997347
519.700000,-66.004467,-66.002254,-65.997347
519.750000,-66.004467,-66.002254,-65.997347
519.800000,-66.004467,-66.002254,-65.997347
519.850000,-66.004467,-66.002255,-65.997347
519.900000,-66.004467,-66.002255,-65.997347
519.950000,-66.004467,-66.002255,-65.997347
520.000000,-66.004468,-66.002255,-65.997347
520.050000,-66.004468,-66.002255,-65.997347
520.100000,-66.004468,-66.002255,-65.997347
520.150000,-66.004468,-66.002255,-65.997347
520.200000,-66.004468,-66.002255,-65.997348
520.250000,-66.004468,-66.002255,-65.997348
520.300000,-66.004468,-66.002255,-65.997348
520.350000,-66.004468,-66.002255,-65.997348
520.400000,-66.004468,-66.002256,-65.997348
520.450000,-66.004468,-66.002256,-65.997348
520.500000,-66.004468,-66.002256,-65.997348
520.550000,-66.004469,-66.002256,-65.997348
520.600000,-66.004469,-66.002256,-65.997348
520.650000,-66.004469,-66.002256,-65.997348
520.700000,-66.004469,-66.002256,-65.997348
520.750000,-66.004469,-66.002256,-65.997349
520.800000,-66.004469,-66.002256,-65.997349
520.850000,-66.004469,-66.002256,-65.997349
520.900000,-66.004469,-66.002256,-65.997349
520.950000,-66.004469,-66.002257,-65.997349
521.000000,-66.004469,-66.002257,-65.997349
521.050000,-66.004469,-66.002257,-65.997349
521.100000,-66.004470,-66.002257,-65.997349
521.150000,-66.004470,-66.002257,-65.997349
521.200000,-66.004470,-66.002257,-65.997349
521.250000,-66.004470,-66.002257,-65.997349
521.300000,-66.004470,-66.002257,-65.997350
521.350000,-66.004470,-66.002257,-65.997350
521.400000,-66.004470,-66.002257,-65.997350
521.450000,-66.004470,-66.002257,-65.997350
521.500000,-66.004470,-66.002258,-65.997350
521.550000,-66.004470,-66.002258,-65.997350
521.600000,-66.004470,-66.002258,-65.997350
521.650000,-66.004470,-66.002258,-65.997350
521.700000,-66.004471,-66.002258,-65.997350
521.750000,-66.004471,-66.002258,-65.997350
521.800000,-66.004471,-66.002258,-65.997350
521.850000,-66.004471,-66.002258,-65.997351
521.900000,-66.004471,-66.002258,-65.997351
521.950000,-66.004471,-66.002258,-65.997351
522.000000,-66.004471,-66.002258,-65.997351
522.050000,-66.004471,-66.002259,-65.997351
522.100000,-66.004471,-66.002259,-65.997351
522.150000,-66.004471,-66.002259,-65.997351
522.200000,-66.004471,-66.002259,-65.997351
522.250000,-66.004472,-66.002259,-65.997351
522.300000,-66.004472,-66.002259,-65.997351
522.350000,-66.004472,-66.002259,-65.997351
522.400000,-66.004472,-66.002259,-65.997351
522.450000,-66.004472,-66.002259,-65.997352
522.500000,-66.004472,-66.002259,-65.997352
522.550000,-66.004472,-66.002259,-65.997352
522.600000,-66.004472,-66.002259,-65.997352
522.650000,-66.004472,-66.002260,-65.997352
522.700000,-66.004472,-66.002260,-65.997352
522.750000,-66.004472,-66.002260,-65.997352
522.800000,-66.004472,-66.002260,-65.997352
522.850000,-66.004473,-66.002260,-65.997352
522.900000,-66.004473,-66.002260,-65.997352
522.950000,-66.004473,-66.002260,-65.997352
523.000000,-66.004473,-66.002260,-65.997352
523.050000,-66.004473,-66.002260,-65.997353
523.100000,-66.004473,-66.002260,-65.997353
523.150000,-66.004473,-66.002260,-65.997353
523.200000,-66.004473,-66.002260,-65.997353
523.250000,-66.004473,-66.002261,-65.997353
523.300000,-66.004473,-66.002261,-65.997353
523.350000,-66.004473,-66.002261,-65.997353
523.400000,-66.004473,-66.002261,-65.997353
523.450000,-66.004474,-66.002261,-65.997353
523.500000,-66.004474,-66.002261,-65.997353
523.550000,-66.004474,-66.002261,-65.997353
523.600000,-66.004474,-66.002261,-65.997353
523.650000,-66.004474,-66.002261,-65.997354
523.700000,-66.004474,-66.002261,-65.997354
523.750000,-66.004474,-66.002261,-65.997354
523.800000,-66.004474,-66.002261,-65.997354
523.850000,-66.004474,-66.002262,-65.997354
523.900000,-66.004474,-66.002262,-65.997354
523.950000,-66.004474,-66.002262,-65.997354
524.000000,-66.004474,-66.002262,-65.997354
524.050000,-66.004475,-66.002262,-65.997354
524.100000,-66.004475,-66.002262,-65.997354
524.150000,-66.004475,-66.002262,-65.997354
524.200000,-66.004475,-66.002262,-65.997354
524.250000,-66.004475,-66.002262,-65.997355
524.300000,-66.004475,-66.002262,-65.997355
524.350000,-66.004475,-66.002262,-65.997355
524.400000,-66.004475,-66.002262,-65.997355
524.450000,-66.004475,-66.002263,-65.997355
524.500000,-66.004475,-66.002263,-65.997355
524.550000,-66.004475,-66.002263,-65.997355
524.600000,-66.004475,-66.002263,-65.997355
524.650000,-66.004476,-66.002263,-65.997355
524.700000,-66.004476,-66.002263,-65.997355
524.750000,-66.004476,-66.002263,-65.997355
524.800000,-66.004476,-66.002263,-65.997355
524.850000,-66.004476,-66.002263,-65.997356
524.900000,-66.004476,-66.002263,-65.997356
524.950000,-66.004476,-66.002263,-65.997356
525.000000,-66.004476,-66.002263,-65.997356
525.050000,-66.004476,-66.002264,-65.997356
525.100000,-66.004476,-66.002264,-65.997356
525.150000,-66.004476,-66.002264,-65.997356
525.200000,-66.004476,-66.002264,-65.997356
525.250000,-66.004477,-66.002264,-65.997356
525.300000,-66.004477,-66.002264,-65.997356
525.350000,-66.004477,-66.002264,-65.997356
525.400000,-66.004477,-66.002264,-65.997356
525.450000,-66.004477,-66.002264,-65.997356
525.500000,-66.004477,-66.002264,-65.997357
525.550000,-66.004477,-66.002264,-65.997357
525.600000,-66.004477,-66.002264,-65.997357
525.650000,-66.004477,-66.002264,-65.997357
525.700000,-66.004477,-66.002265,-65.997357
525.750000,-66.004477,-66.002265,-65.997357
525.800000,-66.004477,-66.002265,-65.997357
525.850000,-66.004477,-66.002265,-65.997357
525.900000,-66.004478,-66.002265,-65.997357
525.950000,-66.004478,-66.002265,-65.997357
526.000000,-66.004478,-66.002265,-65.997357
526.050000,-66.004478,-66.002265,-65.997357
526.100000,-66.004478,-66.002265,-65.997357
526.150000,-66.004478,-66.002265,-65.997358
526.200000,-66.004478,-66.002265,-65.997358
526.250000,-66.004478,-66.002265,-65.997358
526.300000,-66.004478,-66.002265,-65.997358
526.350000,-66.004478,-66.002266,-65.997358
526.400000,-66.004478,-66.002266,-65.997358
526.450000,-66.004478,-66.002266,-65.997358
526.500000,-66.004478,-66.002266,-65.997358
526.550000,-66.004479,-66.002266,-65.997358
526.600000,-66.004479,-66.002266,-65.997358
526.650000,-66.004479,-66.002266,-65.997358
526.700000,-66.004479,-66.002266,-65.997358
526.750000,-66.004479,-66.002266,-65.997358
526.800000,-66.004479,-66.002266,-65.997359
526.850000,-66.004479,-66.002266,-65.997359
526.900000,-66.004479,-66.002266,-65.997359
526.950000,-66.004479,-66.002266,-65.997359
527.000000,-66.004479,-66.002267,-65.997359
527.050000,-66.004479,-66.002267,-65.997359
527.100000,-66.004479,-66.002267,-65.997359
527.150000,-66.004479,-66.002267,-65.997359
527.200000,-66.004480,-66.002267,-65.997359
527.250000,-66.004480,-66.002267,-65.997359
527.300000,-66.004480,-66.002267,-65.997359
527.350000,-66.004480,-66.002267,-65.997359
527.400000,-66.004480,-66.002267,-65.997359
527.450000,-66.004480,-66.002267,-65.997360
527.500000,-66.004480,-66.002267,-65.997360
527.550000,-66.004480,-66.002267,-65.997360
527.600000,-66.004480,-66.002267,-65.997360
527.650000,-66.004480,-66.002268,-65.997360
527.700000,-66.004480,-66.002268,-65.997360
527.750000,-66.004480,-66.002268,-65.997360
527.800000,-66.004480,-66.002268,-65.997360
527.850000,-66.004480,-66.002268,-65.997360
527.900000,-66.004481,-66.002268,-65.997360
527.950000,-66.004481,-66.002268,-65.997360
528.000000,-66.004481,-66.002268,-65.997360
528.050000,-66.004481,-66.002268,-65.997360
528.100000,-66.004481,-66.002268,-65.997360
528.150000,-66.004481,-66.002268,-65.997361
528.200000,-66.004481,-66.002268,-65.997361
528.250000,-66.004481,-66.002268,-65.997361
528.300000,-66.004481,-66.002268,-65.997361
528.350000,-66.004481,-66.002269,-65.997361
528.400000,-66.004481,-66.002269,-65.997361
528.450000,-66.004481,-66.002269,-65.997361
528.500000,-66.004481,-66.002269,-65.997361
528.550000,-66.004481,-66.002269,-65.997361
528.600000,-66.004482,-66.002269,-65.997361
528.650000,-66.004482,-66.002269,-65.997361
528.700000,-66.004482,-66.002269,-65.997361
528.750000,-66.004482,-66.002269,-65.997361
528.800000,-66.004482,-66.002269,-65.997361
528.850000,-66.004482,-66.002269,-65.997362
528.900000,-66.004482,-66.002269,-65.997362
528.950000,-66.004482,-66.002269,-65.997362
529.000000,-66.004482,-66.002269,-65.997362
529.050000,-66.004482,-66.002270,-65.997362
529.100000,-66.004482,-66.002270,-65.997362
529.150000,-66.004482,-66.002270,-65.997362
529.200000,-66.004482,-66.002270,-65.997362
529.250000,-66.004482,-66.002270,-65.997362
529.300000,-66.004483,-66.002270,-65.997362
529.350000,-66.004483,-66.002270,-65.997362
529.400000,-66.004483,-66.002270,-65.997362
529.450000,-66.004483,-66.002270,-65.997362
529.500000,-66.004483,-66.002270,-65.997362
529.550000,-66.004483,-66.002270,-65.997363
529.600000,-66.004483,-66.002270,-65.997363
529.650000,-66.004483,-66.002270,-65.997363
529.700000,-66.004483,-66.002270,-65.997363
529.750000,-66.004483,-66.002271,-65.997363
529.800000,-66.004483,-66.002271,-65.997363
529.850000,-66.004483,-66.002271,-65.997363
529.900000,-66.004483,-66.002271,-65.997363
529.950000,-66.004483,-66.002271,-65.997363
530.000000,-66.004484,-66.002271,-65.997363
530.050000,-66.004484,-66.002271,-65.997363
530.100000,-66.004484,-66.002271,-65.997363
530.150000,-66.004484,-66.002271,-65.997363
530.200000,-66.004484,-66.002271,-65.997363
530.250000,-66.004484,-66.002271,-65.997364
530.300000,-66.004484,-66.002271,-65.997364
530.350000,-66.004484,-66.002271,-65.997364
530.400000,-66.004484,-66.002271,-65.997364
530.450000,-66.004484,-66.002271,-65.997364
530.500000,-66.004484,-66.002272,-65.997364
530.550000,-66.004484,-66.002272,-65.997364
530.600000,-66.004484,-66.002272,-65.997364
530.650000,-66.004484,-66.002272,-65.997364
530.700000,-66.004484,-66.002272,-65.997364
530.750000,-66.004485,-66.002272,-65.997364
530.800000,-66.004485,-66.002272,-65.997364
530.850000,-66.004485,-66.002272,-65.997364
530.900000,-66.004485,-66.002272,-65.997364
530.950000,-66.004485,-66.002272,-65.997364
531.000000,-66.004485,-66.002272,-65.997365
531.050000,-66.004485,-66.002272,-65.997365
531.100000,-66.004485,-66.002272,-65.997365
531.150000,-66.004485,-66.002272,-65.997365
531.200000,-66.004485,-66.002272,-65.997365
531.250000,-66.004485,-66.002273,-65.997365
531.300000,-66.004485,-66.002273,-65.997365
531.350000,-66.004485,-66.002273,-65.997365
531.400000,-66.004485,-66.002273,-65.997365
531.450000,-66.004485,-66.002273,-65.997365
531.500000,-66.004486,-66.002273,-65.997365
531.550000,-66.004486,-66.002273,-65.997365
531.600000,-66.004486,-66.002273,-65.997365
531.650000,-66.004486,-66.002273,-65.997365
531.700000,-66.004486,-66.002273,-65.997365
531.750000,-66.004486,-66.002273,-65.997366
531.800000,-66.004486,-66.002273,-65.997366
531.850000,-66.004486,-66.002273,-65.997366
531.900000,-66.004486,-66.002273,-65.997366
531.950000,-66.004486,-66.002273,-65.997366
532.000000,-66.004486,-66.002274,-65.997366
532.050000,-66.004486,-66.002274,-65.997366
532.100000,-66.004486,-66.002274,-65.997366
532.150000,-66.004486,-66.002274,-65.997366
532.200000,-66.004486,-66.002274,-65.997366
532.250000,-66.004487,-66.002274,-65.997366
532.300000,-66.004487,-66.002274,-65.997366
532.350000,-66.004487,-66.002274,-65.997366
532.400000,-66.004487,-66.002274,-65.997366
532.450000,-66.004487,-66.002274,-65.997366
532.500000,-66.004487,-66.002274,-65.997366
532.550000,-66.004487,-66.002274,-65.997367
532.600000,-66.004487,-66.002274,-65.997367
532.650000,-66.004487,-66.002274,-65.997367
532.700000,-66.004487,-66.002274,-65.997367
532.750000,-66.004487,-66.002274,-65.997367
532.800000,-66.004487,-66.002275,-65.997367
532.850000,-66.004487,-66.002275,-65.997367
532.900000,-66.004487,-66.002275,-65.997367
532.950000,-66.004487,-66.002275,-65.997367
533.000000,-66.004487,-66.002275,-65.997367
533.050000,-66.004488,-66.002275,-65.997367
533.100000,-66.004488,-66.002275,-65.997367
533.150000,-66.004488,-66.002275,-65.997367
533.200000,-66.004488,-66.002275,-65.997367
533.250000,-66.004488,-66.002275,-65.997367
533.300000,-66.004488,-66.002275,-65.997368
533.350000,-66.004488,-66.002275,-65.997368
533.400000,-66.004488,-66.002275,-65.997368
533.450000,-66.004488,-66.002275,-65.997368
533.500000,-66.004488,-66.002275,-65.997368
533.550000,-66.004488,-66.002275,-65.997368
533.600000,-66.004488,-66.002276,-65.997368
533.650000,-66.004488,-66.002276,-65.997368
533.700000,-66.004488,-66.002276,-65.997368
533.750000,-66.004488,-66.002276,-65.997368
533.800000,-66.004488,-66.002276,-65.997368
533.850000,-66.004489,-66.002276,-65.997368
533.900000,-66.004489,-66.002276,-65.997368
533.950000,-66.004489,-66.002276,-65.997368
534.000000,-66.004489,-66.002276,-65.997368
534.050000,-66.004489,-66.002276,-65.997368
534.100000,-66.004489,-66.002276,-65.997368
534.150000,-66.004489,-66.002276,-65.997369
534.200000,-66.004489,-66.002276,-65.997369
534.250000,-66.004489,-66.002276,-65.997369
534.300000,-66.004489,-66.002276,-65.997369
534.350000,-66.004489,-66.002276,-65.997369
534.400000,-66.004489,-66.002277,-65.997369
534.450000,-66.004489,-66.002277,-65.997369
534.500000,-66.004489,-66.002277,-65.997369
534.550000,-66.004489,-66.002277,-65.997369
534.600000,-66.004489,-66.002277,-65.997369
534.650000,-66.004490,-66.002277,-65.997369
534.700000,-66.004490,-66.002277,-65.997369
534.750000,-66.004490,-66.002277,-65.997369
534.800000,-66.004490,-66.002277,-65.997369
534.850000,-66.004490,-66.002277,-65.997369
534.900000,-66.004490,-66.002277,-65.997369
534.950000,-66.004490,-66.002277,-65.997370
535.000000,-66.004490,-66.002277,-65.997370
535.050000,-66.004490,-66.002277,-65.997370
535.100000,-66.004490,-66.002277,-65.997370
535.150000,-66.004490,-66.002277,-65.997370
535.200000,-66.004490,-66.002277,-65.997370
535.250000,-66.004490,-66.002278,-65.997370
535.300000,-66.004490,-66.002278,-65.997370
535.350000,-66.004490,-66.002278,-65.997370
535.400000,-66.004490,-66.002278,-65.997370
535.450000,-66.004490,-66.002278,-65.997370
535.500000,-66.004491,-66.002278,-65.997370
535.550000,-66.004491,-66.002278,-65.997370
535.600000,-66.004491,-66.002278,-65.997370
535.650000,-66.004491,-66.002278,-65.997370
535.700000,-66.004491,-66.002278,-65.997370
535.750000,-66.004491,-66.002278,-65.997370
535.800000,-66.004491,-66.002278,-65.997371
535.850000,-66.004491,-66.002278,-65.997371
535.900000,-66.004491,-66.002278,-65.997371
535.950000,-66.004491,-66.002278,-65.997371
536.000000,-66.004491,-66.002278,-65.997371
536.050000,-66.004491,-66.002278,-65.997371
536.100000,-66.004491,-66.002279,-65.997371
536.150000,-66.004491,-66.002279,-65.997371
536.200000,-66.004491,-66.002279,-65.997371
536.250000,-66.004491,-66.002279,-65.997371
536.300000,-66.004491,-66.002279,-65.997371
536.350000,-66.004491,-66.002279,-65.997371
536.400000,-66.004492,-66.002279,-65.997371
536.450000,-66.004492,-66.002279,-65.997371
536.500000,-66.004492,-66.002279,-65.997371
536.550000,-66.004492,-66.002279,-65.997371
536.600000,-66.004492,-66.002279,-65.997371
536.650000,-66.004492,-66.002279,-65.997371
536.700000,-66.004492,-66.002279,-65.997372
536.750000,-66.004492,-66.002279,-65.997372
536.800000,-66.004492,-66.002279,-65.997372
536.850000,-66.004492,-66.002279,-65.997372
536.900000,-66.004492,-66.002279,-65.997372
536.950000,-66.004492,-66.002280,-65.997372
537.000000,-66.004492,-66.002280,-65.997372
537.050000,-66.004492,-66.002280,-65.997372
537.100000,-66.004492,-66.002280,-65.997372
537.150000,-66.004492,-66.002280,-65.997372
537.200000,-66.004492,-66.002280,-65.997372
537.250000,-66.004493,-66.002280,-65.997372
537.300000,-66.004493,-66.002280,-65.997372
537.350000,-66.004493,-66.002280,-65.997372
537.400000,-66.004493,-66.002280,-65.997372
537.450000,-66.004493,-66.002280,-65.997372
537.500000,-66.004493,-66.002280,-65.997372
537.550000,-66.004493,-66.002280,-65.997372
537.600000,-66.004493,-66.002280,-65.997373
537.650000,-66.004493,-66.002280,-65.997373
537.700000,-66.004493,-66.002280,-65.997373
537.750000,-66.004493,-66.002280,-65.997373
537.800000,-66.004493,-66.002280,-65.997373
537.850000,-66.004493,-66.002281,-65.997373
537.900000,-66.004493,-66.002281,-65.997373
537.950000,-66.004493,-66.002281,-65.997373
538.000000,-66.004493,-66.002281,-65.997373
538.050000,-66.004493,-66.002281,-65.997373
538.100000,-66.004493,-66.002281,-65.997373
538.150000,-66.004494,-66.002281,-65.997373
538.200000,-66.004494,-66.002281,-65.997373
538.250000,-66.004494,-66.002281,-65.997373
538.300000,-66.004494,-66.002281,-65.997373
538.350000,-66.004494,-66.002281,-65.997373
538.400000,-66.004494,-66.002281,-65.997373
538.450000,-66.004494,-66.002281,-65.997373
538.500000,-66.004494,-66.002281,-65.997374
538.550000,-66.004494,-66.002281,-65.997374
538.600000,-66.004494,-66.002281,-65.997374
538.650000,-66.004494,-66.002281,-65.997374
538.700000,-66.004494,-66.002281,-65.997374
538.750000,-66.004494,-66.002281,-65.997374
538.800000,-66.004494,-66.002282,-65.997374
538.850000,-66.004494,-66.002282,-65.997374
538.900000,-66.004494,-66.002282,-65.997374
538.950000,-66.004494,-66.002282,-65.997374
539.000000,-66.004494,-66.002282,-65.997374
539.050000,-66.004494,-66.002282,-65.997374
539.100000,-66.004495,-66.002282,-65.997374
539.150000,-66.004495,-66.002282,-65.997374
539.200000,-66.004495,-66.002282,-65.997374
539.250000,-66.004495,-66.002282,-65.997374
539.300000,-66.004495,-66.002282,-65.997374
539.350000,-66.004495,-66.002282,-65.997374
539.400000,-66.004495,-66.002282,-65.997374
539.450000,-66.004495,-66.002282,-65.997375
539.500000,-66.004495,-66.002282,-65.997375
539.550000,-66.004495,-66.002282,-65.997375
539.600000,-66.004495,-66.002282,-65.997375
539.650000,-66.004495,-66.002282,-65.997375
539.700000,-66.004495,-66.002282,-65.997375
539.750000,-66.004495,-66.002283,-65.997375
539.800000,-66.004495,-66.002283,-65.997375
539.850000,-66.004495,-66.002283,-65.997375
539.900000,-66.004495,-66.002283,-65.997375
539.950000,-66.004495,-66.002283,-65.997375
540.000000,-66.004495,-66.002283,-65.997375
540.050000,-66.004496,-66.002283,-65.997375
540.100000,-66.004496,-66.002283,-65.997375
540.150000,-66.004496,-66.002283,-65.997375
540.200000,-66.004496,-66.002283,-65.997375
540.250000,-66.004496,-66.002283,-65.997375
540.300000,-66.004496,-66.002283,-65.997375
540.350000,-66.004496,-66.002283,-65.997375
540.400000,-66.004496,-66.002283,-65.997376
540.450000,-66.004496,-66.002283,-65.997376
540.500000,-66.004496,-66.002283,-65.997376
540.550000,-66.004496,-66.002283,-65.997376
540.600000,-66.004496,-66.002283,-65.997376
540.650000,-66.004496,-66.002283,-65.997376
540.700000,-66.004496,-66.002283,-65.997376
540.750000,-66.004496,-66.002284,-65.997376
540.800000,-66.004496,-66.002284,-65.997376
540.850000,-66.004496,-66.002284,-65.997376
540.900000,-66.004496,-66.002284,-65.997376
540.950000,-66.004496,-66.002284,-65.997376
541.000000,-66.004496,-66.002284,-65.997376
541.050000,-66.004497,-66.002284,-65.997376
541.100000,-66.004497,-66.002284,-65.997376
541.150000,-66.004497,-66.002284,-65.997376
541.200000,-66.004497,-66.002284,-65.997376
541.250000,-66.004497,-66.002284,-65.997376
541.300000,-66.004497,-66.002284,-65.997376
541.350000,-66.004497,-66.002284,-65.997376
541.400000,-66.004497,-66.002284,-65.997377
541.450000,-66.004497,-66.002284,-65.997377
541.500000,-66.004497,-66.002284,-65.997377
541.550000,-66.004497,-66.002284,-65.997377
541.600000,-66.004497,-66.002284,-65.997377
541.650000,-66.004497,-66.002284,-65.997377
541.700000,-66.004497,-66.002284,-65.997377
541.750000,-66.004497,-66.002285,-65.997377
541.800000,-66.004497,-66.002285,-65.997377
541.850000,-66.004497,-66.002285,-65.997377
541.900000,-66.004497,-66.002285,-65.997377
541.950000,-66.004497,-66.002285,-65.997377
542.000000,-66.004497,-66.002285,-65.997377
542.050000,-66.004497,-66.002285,-65.997377
542.100000,-66.004498,-66.002285,-65.997377
542.150000,-66.004498,-66.002285,-65.997377
542.200000,-66.004498,-66.002285,-65.997377
542.250000,-66.004498,-66.002285,-65.997377
542.300000,-66.004498,-66.002285,-65.997377
542.350000,-66.004498,-66.002285,-65.997377
542.400000,-66.004498,-66.002285,-65.997377
542.450000,-66.004498,-66.002285,-65.997378
542.500000,-66.004498,-66.002285,-65.997378
542.550000,-66.004498,-66.002285,-65.997378
542.600000,-66.004498,-66.002285,-65.997378
542.650000,-66.004498,-66.002285,-65.997378
542.700000,-66.004498,-66.002285,-65.997378
542.750000,-66.004498,-66.002285,-65.997378
542.800000,-66.004498,-66.002286,-65.997378
542.850000,-66.004498,-66.002286,-65.997378
542.900000,-66.004498,-66.002286,-65.997378
542.950000,-66.004498,-66.002286,-65.997378
543.000000,-66.004498,-66.002286,-65.997378
543.050000,-66.004498,-66.002286,-65.997378
543.100000,-66.004498,-66.002286,-65.997378
543.150000,-66.004499,-66.002286,-65.997378
543.200000,-66.004499,-66.002286,-65.997378
543.250000,-66.004499,-66.002286,-65.997378
543.300000,-66.004499,-66.002286,-65.997378
543.350000,-66.004499,-66.002286,-65.997378
543.400000,-66.004499,-66.002286,-65.997378
543.450000,-66.004499,-66.002286,-65.997378
543.500000,-66.004499,-66.002286,-65.997379
543.550000,-66.004499,-66.002286,-65.997379
543.600000,-66.004499,-66.002286,-65.997379
543.650000,-66.004499,-66.002286,-65.997379
543.700000,-66.004499,-66.002286,-65.997379
543.750000,-66.004499,-66.002286,-65.997379
543.800000,-66.004499,-66.002286,-65.997379
543.850000,-66.004499,-66.002287,-65.997379
543.900000,-66.004499,-66.002287,-65.997379
543.950000,-66.004499,-66.002287,-65.997379
544.000000,-66.004499,-66.002287,-65.997379
544.050000,-66.004499,-66.002287,-65.997379
544.100000,-66.004499,-66.002287,-65.997379
544.150000,-66.004499,-66.002287,-65.997379
544.200000,-66.004500,-66.002287,-65.997379
544.250000,-66.004500,-66.002287,-65.997379
544.300000,-66.004500,-66.002287,-65.997379
544.350000,-66.004500,-66.002287,-65.997379
544.400000,-66.004500,-66.002287,-65.997379
544.450000,-66.004500,-66.002287,-65.997379
544.500000,-66.004500,-66.002287,-65.997379
544.550000,-66.004500,-66.002287,-65.997379
544.600000,-66.004500,-66.002287,-65.997380
544.650000,-66.004500,-66.002287,-65.997380
544.700000,-66.004500,-66.002287,-65.997380
544.750000,-66.004500,-66.002287,-65.997380
544.800000,-66.004500,-66.002287,-65.997380
544.850000,-66.004500,-66.002287,-65.997380
544.900000,-66.004500,-66.002287,-65.997380
544.950000,-66.004500,-66.002288,-65.997380
545.000000,-66.004500,-66.002288,-65.997380
545.050000,-66.004500,-66.002288,-65.997380
545.100000,-66.004500,-66.002288,-65.997380
545.150000,-66.004500,-66.002288,-65.997380
545.200000,-66.004500,-66.002288,-65.997380
545.250000,-66.004500,-66.002288,-65.997380
545.300000,-66.004500,-66.002288,-65.997380
545.350000,-66.004501,-66.002288,-65.997380
545.400000,-66.004501,-66.002288,-65.997380
545.450000,-66.004501,-66.002288,-65.997380
545.500000,-66.004501,-66.002288,-65.997380
545.550000,-66.004501,-66.002288,-65.997380
545.600000,-66.004501,-66.002288,-65.997380
545.650000,-66.004501,-66.002288,-65.997380
545.700000,-66.004501,-66.002288,-65.997380
545.750000,-66.004501,-66.002288,-65.997381
545.800000,-66.004501,-66.002288,-65.997381
545.850000,-66.004501,-66.002288,-65.997381
545.900000,-66.004501,-66.002288,-65.997381
545.950000,-66.004501,-66.002288,-65.997381
546.000000,-66.004501,-66.002288,-65.997381
546.050000,-66.004501,-66.002288,-65.997381
546.100000,-66.004501,-66.002289,-65.997381
546.150000,-66.004501,-66.002289,-65.997381
546.200000,-66.004501,-66.002289,-65.997381
546.250000,-66.004501,-66.002289,-65.997381
546.300000,-66.004501,-66.002289,-65.997381
546.350000,-66.004501,-66.002289,-65.997381
546.400000,-66.004501,-66.002289,-65.997381
546.450000,-66.004501,-66.002289,-65.997381
546.500000,-66.004502,-66.002289,-65.997381
546.550000,-66.004502,-66.002289,-65.997381
546.600000,-66.004502,-66.002289,-65.997381
546.650000,-66.004502,-66.002289,-65.997381
546.700000,-66.004502,-66.002289,-65.997381
546.750000,-66.004502,-66.002289,-65.997381
546.800000,-66.004502,-66.002289,-65.997381
546.850000,-66.004502,-66.002289,-65.997381
546.900000,-66.004502,-66.002289,-65.997382
546.950000,-66.004502,-66.002289,-65.997382
547.000000,-66.004502,-66.002289,-65.997382
547.050000,-66.004502,-66.002289,-65.997382
547.100000,-66.004502,-66.002289,-65.997382
547.150000,-66.004502,-66.002289,-65.997382
547.200000,-66.004502,-66.002289,-65.997382
547.250000,-66.004502,-66.002289,-65.997382
547.300000,-66.004502,-66.002290,-65.997382
547.350000,-66.004502,-66.002290,-65.997382
547.400000,-66.004502,-66.002290,-65.997382
547.450000,-66.004502,-66.002290,-65.997382
547.500000,-66.004502,-66.002290,-65.997382
547.550000,-66.004502,-66.002290,-65.997382
547.600000,-66.004502,-66.002290,-65.997382
547.650000,-66.004502,-66.002290,-65.997382
547.700000,-66.004503,-66.002290,-65.997382
547.750000,-66.004503,-66.002290,-65.997382
547.800000,-66.004503,-66.002290,-65.997382
547.850000,-66.004503,-66.002290,-65.997382
547.900000,-66.004503,-66.002290,-65.997382
547.950000,-66.004503,-66.002290,-65.997382
548.000000,-66.004503,-66.002290,-65.997382
548.050000,-66.004503,-66.002290,-65.997382
548.100000,-66.004503,-66.002290,-65.997382
548.150000,-66.004503,-66.002290,-65.997383
548.200000,-66.004503,-66.002290,-65.997383
548.250000,-66.004503,-66.002290,-65.997383
548.300000,-66.004503,-66.002290,-65.997383
548.350000,-66.004503,-66.002290,-65.997383
548.400000,-66.004503,-66.002290,-65.997383
548.450000,-66.004503,-66.002290,-65.997383
548.500000,-66.004503,-66.002290,-65.997383
548.550000,-66.004503,-66.002291,-65.997383
548.600000,-66.004503,-66.002291,-65.997383
548.650000,-66.004503,-66.002291,-65.997383
548.700000,-66.004503,-66.002291,-65.997383
548.750000,-66.004503,-66.002291,-65.997383
548.800000,-66.004503,-66.002291,-65.997383
548.850000,-66.004503,-66.002291,-65.997383
548.900000,-66.004503,-66.002291,-65.997383
548.950000,-66.004504,-66.002291,-65.997383
549.000000,-66.004504,-66.002291,-65.997383
549.050000,-66.004504,-66.002291,-65.997383
549.100000,-66.004504,-66.002291,-65.997383
549.150000,-66.004504,-66.002291,-65.997383
549.200000,-66.004504,-66.002291,-65.997383
549.250000,-66.004504,-66.002291,-65.997383
549.300000,-66.004504,-66.002291,-65.997383
549.350000,-66.004504,-66.002291,-65.997383
549.400000,-66.004504,-66.002291,-65.997384
549.450000,-66.004504,-66.002291,-65.997384
549.500000,-66.004504,-66.002291,-65.997384
549.550000,-66.004504,-66.002291,-65.997384
549.600000,-66.004504,-66.002291,-65.997384
549.650000,-66.004504,-66.002291,-65.997384
549.700000,-66.004504,-66.002291,-65.997384
549.750000,-66.004504,-66.002291,-65.997384
549.800000,-66.004504,-66.002292,-65.997384
549.850000,-66.004504,-66.002292,-65.997384
549.900000,-66.004504,-66.002292,-65.997384
549.950000,-66.004504,-66.002292,-65.997384
550.000000,-66.004504,-66.002292,-65.997384
550.050000,-66.004504,-66.002292,-65.997384
550.100000,-66.004504,-66.002292,-65.997384
550.150000,-66.004504,-66.002292,-65.997384
550.200000,-66.004504,-66.002292,-65.997384
550.250000,-66.004505,-66.002292,-65.997384
550.300000,-66.004505,-66.002292,-65.997384
550.350000,-66.004505,-66.002292,-65.997384
550.400000,-66.004505,-66.002292,-65.997384
550.450000,-66.004505,-66.002292,-65.997384
550.500000,-66.004505,-66.002292,-65.997384
550.550000,-66.004505,-66.002292,-65.997384
550.600000,-66.004505,-66.002292,-65.997384
550.650000,-66.004505,-66.002292,-65.997384
550.700000,-66.004505,-66.002292,-65.997385
550.750000,-66.004505,-66.002292,-65.997385
550.800000,-66.004505,-66.002292,-65.997385
550.850000,-66.004505,-66.002292,-65.997385
550.900000,-66.004505,-66.002292,-65.997385
550.950000,-66.004505,-66.002292,-65.997385
551.000000,-66.004505,-66.002292,-65.997385
551.050000,-66.004505,-66.002292,-65.997385
551.100000,-66.004505,-66.002292,-65.997385
551.150000,-66.004505,-66.002293,-65.997385
551.200000,-66.004505,-66.002293,-65.997385
551.250000,-66.004505,-66.002293,-65.997385
551.300000,-66.004505,-66.002293,-65.997385
551.350000,-66.004505,-66.002293,-65.997385
551.400000,-66.004505,-66.002293,-65.997385
551.450000,-66.004505,-66.002293,-65.997385
551.500000,-66.004505,-66.002293,-65.997385
551.550000,-66.004506,-66.002293,-65.997385
551.600000,-66.004506,-66.002293,-65.997385
551.650000,-66.004506,-66.002293,-65.997385
551.700000,-66.004506,-66.002293,-65.997385
551.750000,-66.004506,-66.002293,-65.997385
551.800000,-66.004506,-66.002293,-65.997385
551.850000,-66.004506,-66.002293,-65.997385
551.900000,-66.004506,-66.002293,-65.997385
551.950000,-66.004506,-66.002293,-65.997385
552.000000,-66.004506,-66.002293,-65.997385
552.050000,-66.004506,-66.002293,-65.997386
552.100000,-66.004506,-66.002293,-65.997386
552.150000,-66.004506,-66.002293,-65.997386
552.200000,-66.004506,-66.002293,-65.997386
552.250000,-66.004506,-66.002293,-65.997386
552.300000,-66.004506,-66.002293,-65.997386
552.350000,-66.004506,-66.002293,-65.997386
552.400000,-66.004506,-66.002293,-65.997386
552.450000,-66.004506,-66.002293,-65.997386
552.500000,-66.004506,-66.002294,-65.997386
552.550000,-66.004506,-66.002294,-65.997386
552.600000,-66.004506,-66.002294,-65.997386
552.650000,-66.004506,-66.002294,-65.997386
552.700000,-66.004506,-66.002294,-65.997386
552.750000,-66.004506,-66.002294,-65.997386
552.800000,-66.004506,-66.002294,-65.997386
552.850000,-66.004506,-66.002294,-65.997386
552.900000,-66.004506,-66.002294,-65.997386
552.950000,-66.004507,-66.002294,-65.997386
553.000000,-66.004507,-66.002294,-65.997386
553.050000,-66.004507,-66.002294,-65.997386
553.100000,-66.004507,-66.002294,-65.997386
553.150000,-66.004507,-66.002294,-65.997386
553.200000,-66.004507,-66.002294,-65.997386
553.250000,-66.004507,-66.002294,-65.997386
553.300000,-66.004507,-66.002294,-65.997386
553.350000,-66.004507,-66.002294,-65.997386
553.400000,-66.004507,-66.002294,-65.997386
553.450000,-66.004507,-66.002294,-65.997386
553.500000,-66.004507,-66.002294,-65.997387
553.550000,-66.004507,-66.002294,-65.997387
553.600000,-66.004507,-66.002294,-65.997387
553.650000,-66.004507,-66.002294,-65.997387
553.700000,-66.004507,-66.002294,-65.997387
553.750000,-66.004507,-66.002294,-65.997387
553.800000,-66.004507,-66.002294,-65.997387
553.850000,-66.004507,-66.002294,-65.997387
553.900000,-66.004507,-66.002294,-65.997387
553.950000,-66.004507,-66.002295,-65.997387
554.000000,-66.004507,-66.002295,-65.997387
554.050000,-66.004507,-66.002295,-65.997387
554.100000,-66.004507,-66.002295,-65.997387
554.150000,-66.004507,-66.002295,-65.997387
554.200000,-66.004507,-66.002295,-65.997387
554.250000,-66.004507,-66.002295,-65.997387
554.300000,-66.004507,-66.002295,-65.997387
554.350000,-66.004507,-66.002295,-65.997387
554.400000,-66.004508,-66.002295,-65.997387
554.450000,-66.004508,-66.002295,-65.997387
554.500000,-66.004508,-66.002295,-65.997387
554.550000,-66.004508,-66.002295,-65.997387
554.600000,-66.004508,-66.002295,-65.997387
554.650000,-66.004508,-66.002295,-65.997387
554.700000,-66.004508,-66.002295,-65.997387
554.750000,-66.004508,-66.002295,-65.997387
554.800000,-66.004508,-66.002295,-65.997387
554.850000,-66.004508,-66.002295,-65.997387
554.900000,-66.004508,-66.002295,-65.997387
554.950000,-66.004508,-66.002295,-65.997388
555.000000,-66.004508,-66.002295,-65.997388
555.050000,-66.004508,-66.002295,-65.997388
555.100000,-66.004508,-66.002295,-65.997388
555.150000,-66.004508,-66.002295,-65.997388
555.200000,-66.004508,-66.002295,-65.997388
555.250000,-66.004508,-66.002295,-65.997388
555.300000,-66.004508,-66.002295,-65.997388
555.350000,-66.004508,-66.002295,-65.997388
555.400000,-66.004508,-66.002295,-65.997388
555.450000,-66.004508,-66.002296,-65.997388
555.500000,-66.004508,-66.002296,-65.997388
555.550000,-66.004508,-66.002296,-65.997388
555.600000,-66.004508,-66.002296,-65.997388
555.650000,-66.004508,-66.002296,-65.997388
555.700000,-66.004508,-66.002296,-65.997388
555.750000,-66.004508,-66.002296,-65.997388
555.800000,-66.004508,-66.002296,-65.997388
555.850000,-66.004508,-66.002296,-65.997388
555.900000,-66.004508,-66.002296,-65.997388
555.950000,-66.004509,-66.002296,-65.997388
556.000000,-66.004509,-66.002296,-65.997388
556.050000,-66.004509,-66.002296,-65.997388
556.100000,-66.004509,-66.002296,-65.997388
556.150000,-66.004509,-66.002296,-65.997388
556.200000,-66.004509,-66.002296,-65.997388
556.250000,-66.004509,-66.002296,-65.997388
556.300000,-66.004509,-66.002296,-65.997388
556.350000,-66.004509,-66.002296,-65.997388
556.400000,-66.004509,-66.002296,-65.997388
556.450000,-66.004509,-66.002296,-65.997388
556.500000,-66.004509,-66.002296,-65.997389
556.550000,-66.004509,-66.002296,-65.997389
556.600000,-66.004509,-66.002296,-65.997389
556.650000,-66.004509,-66.002296,-65.997389
556.700000,-66.004509,-66.002296,-65.997389
556.750000,-66.004509,-66.002296,-65.997389
556.800000,-66.004509,-66.002296,-65.997389
556.850000,-66.004509,-66.002296,-65.997389
556.900000,-66.004509,-66.002296,-65.997389
556.950000,-66.004509,-66.002296,-65.997389
557.000000,-66.004509,-66.002297,-65.997389
557.050000,-66.004509,-66.002297,-65.997389
557.100000,-66.004509,-66.002297,-65.997389
557.150000,-66.004509,-66.002297,-65.997389
557.200000,-66.004509,-66.002297,-65.997389
557.250000,-66.004509,-66.002297,-65.997389
557.300000,-66.004509,-66.002297,-65.997389
557.350000,-66.004509,-66.002297,-65.997389
557.400000,-66.004509,-66.002297,-65.997389
557.450000,-66.004509,-66.002297,-65.997389
557.500000,-66.004509,-66.002297,-65.997389
557.550000,-66.004510,-66.002297,-65.997389
557.600000,-66.004510,-66.002297,-65.997389
557.650000,-66.004510,-66.002297,-65.997389
557.700000,-66.004510,-66.002297,-65.997389
557.750000,-66.004510,-66.002297,-65.997389
557.800000,-66.004510,-66.002297,-65.997389
557.850000,-66.004510,-66.002297,-65.997389
557.900000,-66.004510,-66.002297,-65.997389
557.950000,-66.004510,-66.002297,-65.997389
558.000000,-66.004510,-66.002297,-65.997389
558.050000,-66.004510,-66.002297,-65.997389
558.100000,-66.004510,-66.002297,-65.997390
558.150000,-66.004510,-66.002297,-65.997390
558.200000,-66.004510,-66.002297,-65.997390
558.250000,-66.004510,-66.002297,-65.997390
558.300000,-66.004510,-66.002297,-65.997390
558.350000,-66.004510,-66.002297,-65.997390
558.400000,-66.004510,-66.002297,-65.997390
558.450000,-66.004510,-66.002297,-65.997390
558.500000,-66.004510,-66.002297,-65.997390
558.550000,-66.004510,-66.002297,-65.997390
558.600000,-66.004510,-66.002297,-65.997390
558.650000,-66.004510,-66.002298,-65.997390
558.700000,-66.004510,-66.002298,-65.997390
558.750000,-66.004510,-66.002298,-65.997390
558.800000,-66.004510,-66.002298,-65.997390
558.850000,-66.004510,-66.002298,-65.997390
558.900000,-66.004510,-66.002298,-65.997390
558.950000,-66.004510,-66.002298,-65.997390
559.000000,-66.004510,-66.002298,-65.997390
559.050000,-66.004510,-66.002298,-65.997390
559.100000,-66.004510,-66.002298,-65.997390
559.150000,-66.004510,-66.002298,-65.997390
559.200000,-66.004511,-66.002298,-65.997390
559.250000,-66.004511,-66.002298,-65.997390
559.300000,-66.004511,-66.002298,-65.997390
559.350000,-66.004511,-66.002298,-65.997390
559.400000,-66.004511,-66.002298,-65.997390
559.450000,-66.004511,-66.002298,-65.997390
559.500000,-66.004511,-66.002298,-65.997390
559.550000,-66.004511,-66.002298,-65.997390
559.600000,-66.004511,-66.002298,-65.997390
559.650000,-66.004511,-66.002298,-65.997390
559.700000,-66.004511,-66.002298,-65.997390
559.750000,-66.004511,-66.002298,-65.997390
559.800000,-66.004511,-66.002298,-65.997391
559.850000,-66.004511,-66.002298,-65.997391
559.900000,-66.004511,-66.002298,-65.997391
559.950000,-66.004511,-66.002298,-65.997391
560.000000,-66.004511,-66.002298,-65.997391
560.050000,-66.004511,-66.002298,-65.997391
560.100000,-66.004511,-66.002298,-65.997391
560.150000,-66.004511,-66.002298,-65.997391
560.200000,-66.004511,-66.002298,-65.997391
560.250000,-66.004511,-66.002298,-65.997391
560.300000,-66.004511,-66.002298,-65.997391
560.350000,-66.004511,-66.002298,-65.997391
560.400000,-66.004511,-66.002299,-65.997391
560.450000,-66.004511,-66.002299,-65.997391
560.500000,-66.004511,-66.002299,-65.997391
560.550000,-66.004511,-66.002299,-65.997391
560.600000,-66.004511,-66.002299,-65.997391
560.650000,-66.004511,-66.002299,-65.997391
560.700000,-66.004511,-66.002299,-65.997391
560.750000,-66.004511,-66.002299,-65.997391
560.800000,-66.004511,-66.002299,-65.997391
560.850000,-66.004511,-66.002299,-65.997391
560.900000,-66.004511,-66.002299,-65.997391
560.950000,-66.004512,-66.002299,-65.997391
561.000000,-66.004512,-66.002299,-65.997391
561.050000,-66.004512,-66.002299,-65.997391
561.100000,-66.004512,-66.002299,-65.997391
561.150000,-66.004512,-66.002299,-65.997391
561.200000,-66.004512,-66.002299,-65.997391
561.250000,-66.004512,-66.002299,-65.997391
561.300000,-66.004512,-66.002299,-65.997391
561.350000,-66.004512,-66.002299,-65.997391
561.400000,-66.004512,-66.002299,-65.997391
561.450000,-66.004512,-66.002299,-65.997391
561.500000,-66.004512,-66.002299,-65.997391
561.550000,-66.004512,-66.002299,-65.997391
561.600000,-66.004512,-66.002299,-65.997392
561.650000,-66.004512,-66.002299,-65.997392
561.700000,-66.004512,-66.002299,-65.997392
561.750000,-66.004512,-66.002299,-65.997392
561.800000,-66.004512,-66.002299,-65.997392
561.850000,-66.004512,-66.002299,-65.997392
561.900000,-66.004512,-66.002299,-65.997392
561.950000,-66.004512,-66.002299,-65.997392
562.000000,-66.004512,-66.002299,-65.997392
562.050000,-66.004512,-66.002299,-65.997392
562.100000,-66.004512,-66.002299,-65.997392
562.150000,-66.004512,-66.002299,-65.997392
562.200000,-66.004512,-66.002300,-65.997392
562.250000,-66.004512,-66.002300,-65.997392
562.300000,-66.004512,-66.002300,-65.997392
562.350000,-66.004512,-66.002300,-65.997392
562.400000,-66.004512,-66.002300,-65.997392
562.450000,-66.004512,-66.002300,-65.997392
562.500000,-66.004512,-66.002300,-65.997392
562.550000,-66.004512,-66.002300,-65.997392
562.600000,-66.004512,-66.002300,-65.997392
562.650000,-66.004512,-66.002300,-65.997392
562.700000,-66.004512,-66.002300,-65.997392
562.750000,-66.004512,-66.002300,-65.997392
562.800000,-66.004513,-66.002300,-65.997392
562.850000,-66.004513,-66.002300,-65.997392
562.900000,-66.004513,-66.002300,-65.997392
562.950000,-66.004513,-66.002300,-65.997392
563.000000,-66.004513,-66.002300,-65.997392
563.050000,-66.004513,-66.002300,-65.997392
563.100000,-66.004513,-66.002300,-65.997392
563.150000,-66.004513,-66.002300,-65.997392
563.200000,-66.004513,-66.002300,-65.997392
563.250000,-66.004513,-66.002300,-65.997392
563.300000,-66.004513,-66.002300,-65.997392
563.350000,-66.004513,-66.002300,-65.997392
563.400000,-66.004513,-66.002300,-65.997392
563.450000,-66.004513,-66.002300,-65.997392
563.500000,-66.004513,-66.002300,-65.997393
563.550000,-66.004513,-66.002300,-65.997393
563.600000,-66.004513,-66.002300,-65.997393
563.650000,-66.004513,-66.002300,-65.997393
563.700000,-66.004513,-66.002300,-65.997393
563.750000,-66.004513,-66.002300,-65.997393
563.800000,-66.004513,-66.002300,-65.997393
563.850000,-66.004513,-66.002300,-65.997393
563.900000,-66.004513,-66.002300,-65.997393
563.950000,-66.004513,-66.002300,-65.997393
564.000000,-66.004513,-66.002300,-65.997393
564.050000,-66.004513,-66.002300,-65.997393
564.100000,-66.004513,-66.002301,-65.997393
564.150000,-66.004513,-66.002301,-65.997393
564.200000,-66.004513,-66.002301,-65.997393
564.250000,-66.004513,-66.002301,-65.997393
564.300000,-66.004513,-66.002301,-65.997393
564.350000,-66.004513,-66.002301,-65.997393
564.400000,-66.004513,-66.002301,-65.997393
564.450000,-66.004513,-66.002301,-65.997393
564.500000,-66.004513,-66.002301,-65.997393
564.550000,-66.004513,-66.002301,-65.997393
564.600000,-66.004513,-66.002301,-65.997393
564.650000,-66.004513,-66.002301,-65.997393
564.700000,-66.004513,-66.002301,-65.997393
564.750000,-66.004514,-66.002301,-65.997393
564.800000,-66.004514,-66.002301,-65.997393
564.850000,-66.004514,-66.002301,-65.997393
564.900000,-66.004514,-66.002301,-65.997393
564.950000,-66.004514,-66.002301,-65.997393
565.000000,-66.004514,-66.002301,-65.997393
565.050000,-66.004514,-66.002301,-65.997393
565.100000,-66.004514,-66.002301,-65.997393
565.150000,-66.004514,-66.002301,-65.997393
565.200000,-66.004514,-66.002301,-65.997393
565.250000,-66.004514,-66.002301,-65.997393
565.300000,-66.004514,-66.002301,-65.997393
565.350000,-66.004514,-66.002301,-65.997393
565.400000,-66.004514,-66.002301,-65.997393
565.450000,-66.004514,-66.002301,-65.997393
565.500000,-66.004514,-66.002301,-65.997394
565.550000,-66.004514,-66.002301,-65.997394
565.600000,-66.004514,-66.002301,-65.997394
565.650000,-66.004514,-66.002301,-65.997394
565.700000,-66.004514,-66.002301,-65.997394
565.750000,-66.004514,-66.002301,-65.997394
565.800000,-66.004514,-66.002301,-65.997394
565.850000,-66.004514,-66.002301,-65.997394
565.900000,-66.004514,-66.002301,-65.997394
565.950000,-66.004514,-66.002301,-65.997394
566.000000,-66.004514,-66.002301,-65.997394
566.050000,-66.004514,-66.002301,-65.997394
566.100000,-66.004514,-66.002301,-65.997394
566.150000,-66.004514,-66.002302,-65.997394
566.200000,-66.004514,-66.002302,-65.997394
566.250000,-66.004514,-66.002302,-65.997394
566.300000,-66.004514,-66.002302,-65.997394
566.350000,-66.004514,-66.002302,-65.997394
566.400000,-66.004514,-66.002302,-65.997394
566.450000,-66.004514,-66.002302,-65.997394
566.500000,-66.004514,-66.002302,-65.997394
566.550000,-66.004514,-66.002302,-65.997394
566.600000,-66.004514,-66.002302,-65.997394
566.650000,-66.004514,-66.002302,-65.997394
566.700000,-66.004514,-66.002302,-65.997394
566.750000,-66.004514,-66.002302,-65.997394
566.800000,-66.004514,-66.002302,-65.997394
566.850000,-66.004515,-66.002302,-65.997394
566.900000,-66.004515,-66.002302,-65.997394
566.950000,-66.004515,-66.002302,-65.997394
567.000000,-66.004515,-66.002302,-65.997394
567.050000,-66.004515,-66.002302,-65.997394
567.100000,-66.004515,-66.002302,-65.997394
567.150000,-66.004515,-66.002302,-65.997394
567.200000,-66.004515,-66.002302,-65.997394
567.250000,-66.004515,-66.002302,-65.997394
567.300000,-66.004515,-66.002302,-65.997394
567.350000,-66.004515,-66.002302,-65.997394
567.400000,-66.004515,-66.002302,-65.997394
567.450000,-66.004515,-66.002302,-65.997394
567.500000,-66.004515,-66.002302,-65.997394
567.550000,-66.004515,-66.002302,-65.997394
567.600000,-66.004515,-66.002302,-65.997394
567.650000,-66.004515,-66.002302,-65.997395
567.700000,-66.004515,-66.002302,-65.997395
567.750000,-66.004515,-66.002302,-65.997395
567.800000,-66.004515,-66.002302,-65.997395
567.850000,-66.004515,-66.002302,-65.997395
567.900000,-66.004515,-66.002302,-65.997395
567.950000,-66.004515,-66.002302,-65.997395
568.000000,-66.004515,-66.002302,-65.997395
568.050000,-66.004515,-66.002302,-65.997395
568.100000,-66.004515,-66.002302,-65.997395
568.150000,-66.004515,-66.002302,-65.997395
568.200000,-66.004515,-66.002302,-65.997395
568.250000,-66.004515,-66.002302,-65.997395
568.300000,-66.004515,-66.002303,-65.997395
568.350000,-66.004515,-66.002303,-65.997395
568.400000,-66.004515,-66.002303,-65.997395
568.450000,-66.004515,-66.002303,-65.997395
568.500000,-66.004515,-66.002303,-65.997395
568.550000,-66.004515,-66.002303,-65.997395
568.600000,-66.004515,-66.002303,-65.997395
568.650000,-66.004515,-66.002303,-65.997395
568.700000,-66.004515,-66.002303,-65.997395
568.750000,-66.004515,-66.002303,-65.997395
568.800000,-66.004515,-66.002303,-65.997395
568.850000,-66.004515,-66.002303,-65.997395
568.900000,-66.004515,-66.002303,-65.997395
568.950000,-66.004515,-66.002303,-65.997395
569.000000,-66.004515,-66.002303,-65.997395
569.050000,-66.004516,-66.002303,-65.997395
569.100000,-66.004516,-66.002303,-65.997395
569.150000,-66.004516,-66.002303,-65.997395
569.200000,-66.004516,-66.002303,-65.997395
569.250000,-66.004516,-66.002303,-65.997395
569.300000,-66.004516,-66.002303,-65.997395
569.350000,-66.004516,-66.002303,-65.997395
569.400000,-66.004516,-66.002303,-65.997395
569.450000,-66.004516,-66.002303,-65.997395
569.500000,-66.004516,-66.002303,-65.997395
569.550000,-66.004516,-66.002303,-65.997395
569.600000,-66.004516,-66.002303,-65.997395
569.650000,-66.004516,-66.002303,-65.997395
569.700000,-66.004516,-66.002303,-65.997395
569.750000,-66.004516,-66.002303,-65.997395
569.800000,-66.004516,-66.002303,-65.997395
569.850000,-66.004516,-66.002303,-65.997395
569.900000,-66.004516,-66.002303,-65.997396
569.950000,-66.004516,-66.002303,-65.997396
570.000000,-66.004516,-66.002303,-65.997396
570.050000,-66.004516,-66.002303,-65.997396
570.100000,-66.004516,-66.002303,-65.997396
570.150000,-66.004516,-66.002303,-65.997396
570.200000,-66.004516,-66.002303,-65.997396
570.250000,-66.004516,-66.002303,-65.997396
570.300000,-66.004516,-66.002303,-65.997396
570.350000,-66.004516,-66.002303,-65.997396
570.400000,-66.004516,-66.002303,-65.997396
570.450000,-66.004516,-66.002303,-65.997396
570.500000,-66.004516,-66.002303,-65.997396
570.550000,-66.004516,-66.002303,-65.997396
570.600000,-66.004516,-66.002303,-65.997396
570.650000,-66.004516,-66.002304,-65.997396
570.700000,-66.004516,-66.002304,-65.997396
570.750000,-66.004516,-66.002304,-65.997396
570.800000,-66.004516,-66.002304,-65.997396
570.850000,-66.004516,-66.002304,-65.997396
570.900000,-66.004516,-66.002304,-65.997396
570.950000,-66.004516,-66.002304,-65.997396
571.000000,-66.004516,-66.002304,-65.997396
571.050000,-66.004516,-66.002304,-65.997396
571.100000,-66.004516,-66.002304,-65.997396
571.150000,-66.004516,-66.002304,-65.997396
571.200000,-66.004516,-66.002304,-65.997396
571.250000,-66.004516,-66.002304,-65.997396
571.300000,-66.004516,-66.002304,-65.997396
571.350000,-66.004516,-66.002304,-65.997396
571.400000,-66.004517,-66.002304,-65.997396
571.450000,-66.004517,-66.002304,-65.997396
571.500000,-66.004517,-66.002304,-65.997396
571.550000,-66.004517,-66.002304,-65.997396
571.600000,-66.004517,-66.002304,-65.997396
571.650000,-66.004517,-66.002304,-65.997396
571.700000,-66.004517,-66.002304,-65.997396
571.750000,-66.004517,-66.002304,-65.997396
571.800000,-66.004517,-66.002304,-65.997396
571.850000,-66.004517,-66.002304,-65.997396
571.900000,-66.004517,-66.002304,-65.997396
571.950000,-66.004517,-66.002304,-65.997396
572.000000,-66.004517,-66.002304,-65.997396
572.050000,-66.004517,-66.002304,-65.997396
572.100000,-66.004517,-66.002304,-65.997396
572.150000,-66.004517,-66.002304,-65.997396
572.200000,-66.004517,-66.002304,-65.997396
572.250000,-66.004517,-66.002304,-65.997396
572.300000,-66.004517,-66.002304,-65.997397
572.350000,-66.004517,-66.002304,-65.997397
572.400000,-66.004517,-66.002304,-65.997397
572.450000,-66.004517,-66.002304,-65.997397
572.500000,-66.004517,-66.002304,-65.997397
572.550000,-66.004517,-66.002304,-65.997397
572.600000,-66.004517,-66.002304,-65.997397
572.650000,-66.004517,-66.002304,-65.997397
572.700000,-66.004517,-66.002304,-65.997397
572.750000,-66.004517,-66.002304,-65.997397
572.800000,-66.004517,-66.002304,-65.997397
572.850000,-66.004517,-66.002304,-65.997397
572.900000,-66.004517,-66.002304,-65.997397
572.950000,-66.004517,-66.002304,-65.997397
573.000000,-66.004517,-66.002304,-65.997397
573.050000,-66.004517,-66.002304,-65.997397
573.100000,-66.004517,-66.002305,-65.997397
573.150000,-66.004517,-66.002305,-65.997397
573.200000,-66.004517,-66.002305,-65.997397
573.250000,-66.004517,-66.002305,-65.997397
573.300000,-66.004517,-66.002305,-65.997397
573.350000,-66.004517,-66.002305,-65.997397
573.400000,-66.004517,-66.002305,-65.997397
573.450000,-66.004517,-66.002305,-65.997397
573.500000,-66.004517,-66.002305,-65.997397
573.550000,-66.004517,-66.002305,-65.997397
573.600000,-66.004517,-66.002305,-65.997397
573.650000,-66.004517,-66.002305,-65.997397
573.700000,-66.004517,-66.002305,-65.997397
573.750000,-66.004517,-66.002305,-65.997397
573.800000,-66.004517,-66.002305,-65.997397
573.850000,-66.004517,-66.002305,-65.997397
573.900000,-66.004517,-66.002305,-65.997397
573.950000,-66.004518,-66.002305,-65.997397
574.000000,-66.004518,-66.002305,-65.997397
574.050000,-66.004518,-66.002305,-65.997397
574.100000,-66.004518,-66.002305,-65.997397
574.150000,-66.004518,-66.002305,-65.997397
574.200000,-66.004518,-66.002305,-65.997397
574.250000,-66.004518,-66.002305,-65.997397
574.300000,-66.004518,-66.002305,-65.997397
574.350000,-66.004518,-66.002305,-65.997397
574.400000,-66.004518,-66.002305,-65.997397
574.450000,-66.004518,-66.002305,-65.997397
574.500000,-66.004518,-66.002305,-65.997397
574.550000,-66.004518,-66.002305,-65.997397
574.600000,-66.004518,-66.002305,-65.997397
574.650000,-66.004518,-66.002305,-65.997397
574.700000,-66.004518,-66.002305,-65.997397
574.750000,-66.004518,-66.002305,-65.997397
574.800000,-66.004518,-66.002305,-65.997397
574.850000,-66.004518,-66.002305,-65.997397
574.900000,-66.004518,-66.002305,-65.997397
574.950000,-66.004518,-66.002305,-65.997398
575.000000,-66.004518,-66.002305,-65.997398
575.050000,-66.004518,-66.002305,-65.997398
575.100000,-66.004518,-66.002305,-65.997398
575.150000,-66.004518,-66.002305,-65.997398
575.200000,-66.004518,-66.002305,-65.997398
575.250000,-66.004518,-66.002305,-65.997398
575.300000,-66.004518,-66.002305,-65.997398
575.350000,-66.004518,-66.002305,-65.997398
575.400000,-66.004518,-66.002305,-65.997398
575.450000,-66.004518,-66.002305,-65.997398
575.500000,-66.004518,-66.002305,-65.997398
575.550000,-66.004518,-66.002305,-65.997398
575.600000,-66.004518,-66.002305,-65.997398
575.650000,-66.004518,-66.002305,-65.997398
575.700000,-66.004518,-66.002305,-65.997398
575.750000,-66.004518,-66.002305,-65.997398
575.800000,-66.004518,-66.002306,-65.997398
575.850000,-66.004518,-66.002306,-65.997398
575.900000,-66.004518,-66.002306,-65.997398
575.950000,-66.004518,-66.002306,-65.997398
576.000000,-66.004518,-66.002306,-65.997398
576.050000,-66.004518,-66.002306,-65.997398
576.100000,-66.004518,-66.002306,-65.997398
576.150000,-66.004518,-66.002306,-65.997398
576.200000,-66.004518,-66.002306,-65.997398
576.250000,-66.004518,-66.002306,-65.997398
576.300000,-66.004518,-66.002306,-65.997398
576.350000,-66.004518,-66.002306,-65.997398
576.400000,-66.004518,-66.002306,-65.997398
576.450000,-66.004518,-66.002306,-65.997398
576.500000,-66.004518,-66.002306,-65.997398
576.550000,-66.004518,-66.002306,-65.997398
576.600000,-66.004518,-66.002306,-65.997398
576.650000,-66.004518,-66.002306,-65.997398
576.700000,-66.004519,-66.002306,-65.997398
576.750000,-66.004519,-66.002306,-65.997398
576.800000,-66.004519,-66.002306,-65.997398
576.850000,-66.004519,-66.002306,-65.997398
576.900000,-66.004519,-66.002306,-65.997398
576.950000,-66.004519,-66.002306,-65.997398
577.000000,-66.004519,-66.002306,-65.997398
577.050000,-66.004519,-66.002306,-65.997398
577.100000,-66.004519,-66.002306,-65.997398
577.150000,-66.004519,-66.002306,-65.997398
577.200000,-66.004519,-66.002306,-65.997398
577.250000,-66.004519,-66.002306,-65.997398
577.300000,-66.004519,-66.002306,-65.997398
577.350000,-66.004519,-66.002306,-65.997398
577.400000,-66.004519,-66.002306,-65.997398
577.450000,-66.004519,-66.002306,-65.997398
577.500000,-66.004519,-66.002306,-65.997398
577.550000,-66.004519,-66.002306,-65.997398
577.600000,-66.004519,-66.002306,-65.997398
577.650000,-66.004519,-66.002306,-65.997398
577.700000,-66.004519,-66.002306,-65.997398
577.750000,-66.004519,-66.002306,-65.997399
577.800000,-66.004519,-66.002306,-65.997399
577.850000,-66.004519,-66.002306,-65.997399
577.900000,-66.004519,-66.002306,-65.997399
577.950000,-66.004519,-66.002306,-65.997399
578.000000,-66.004519,-66.002306,-65.997399
578.050000,-66.004519,-66.002306,-65.997399
578.100000,-66.004519,-66.002306,-65.997399
578.150000,-66.004519,-66.002306,-65.997399
578.200000,-66.004519,-66.002306,-65.997399
578.250000,-66.004519,-66.002306,-65.997399
578.300000,-66.004519,-66.002306,-65.997399
578.350000,-66.004519,-66.002306,-65.997399
578.400000,-66.004519,-66.002306,-65.997399
578.450000,-66.004519,-66.002306,-65.997399
578.500000,-66.004519,-66.002306,-65.997399
578.550000,-66.004519,-66.002306,-65.997399
578.600000,-66.004519,-66.002306,-65.997399
578.650000,-66.004519,-66.002306,-65.997399
578.700000,-66.004519,-66.002307,-65.997399
578.750000,-66.004519,-66.002307,-65.997399
578.800000,-66.004519,-66.002307,-65.997399
578.850000,-66.004519,-66.002307,-65.997399
578.900000,-66.004519,-66.002307,-65.997399
578.950000,-66.004519,-66.002307,-65.997399
579.000000,-66.004519,-66.002307,-65.997399
579.050000,-66.004519,-66.002307,-65.997399
579.100000,-66.004519,-66.002307,-65.997399
579.150000,-66.004519,-66.002307,-65.997399
579.200000,-66.004519,-66.002307,-65.997399
579.250000,-66.004519,-66.002307,-65.997399
579.300000,-66.004519,-66.002307,-65.997399
579.350000,-66.004519,-66.002307,-65.997399
579.400000,-66.004519,-66.002307,-65.997399
579.450000,-66.004519,-66.002307,-65.997399
579.500000,-66.004519,-66.002307,-65.997399
579.550000,-66.004519,-66.002307,-65.997399
579.600000,-66.004519,-66.002307,-65.997399
579.650000,-66.004519,-66.002307,-65.997399
579.700000,-66.004520,-66.002307,-65.997399
579.750000,-66.004520,-66.002307,-65.997399
579.800000,-66.004520,-66.002307,-65.997399
579.850000,-66.004520,-66.002307,-65.997399
579.900000,-66.004520,-66.002307,-65.997399
579.950000,-66.004520,-66.002307,-65.997399
580.000000,-66.004520,-66.002307,-65.997399
580.050000,-66.004520,-66.002307,-65.997399
580.100000,-66.004520,-66.002307,-65.997399
580.150000,-66.004520,-66.002307,-65.997399
580.200000,-66.004520,-66.002307,-65.997399
580.250000,-66.004520,-66.002307,-65.997399
580.300000,-66.004520,-66.002307,-65.997399
580.350000,-66.004520,-66.002307,-65.997399
580.400000,-66.004520,-66.002307,-65.997399
580.450000,-66.004520,-66.002307,-65.997399
580.500000,-66.004520,-66.002307,-65.997399
580.550000,-66.004520,-66.002307,-65.997399
580.600000,-66.004520,-66.002307,-65.997399
580.650000,-66.004520,-66.002307,-65.997399
580.700000,-66.004520,-66.002307,-65.997399
580.750000,-66.004520,-66.002307,-65.997399
580.800000,-66.004520,-66.002307,-65.997399
580.850000,-66.004520,-66.002307,-65.997400
580.900000,-66.004520,-66.002307,-65.997400
580.950000,-66.004520,-66.002307,-65.997400
581.000000,-66.004520,-66.002307,-65.997400
581.050000,-66.004520,-66.002307,-65.997400
581.100000,-66.004520,-66.002307,-65.997400
581.150000,-66.004520,-66.002307,-65.997400
581.200000,-66.004520,-66.002307,-65.997400
581.250000,-66.004520,-66.002307,-65.997400
581.300000,-66.004520,-66.002307,-65.997400
581.350000,-66.004520,-66.002307,-65.997400
581.400000,-66.004520,-66.002307,-65.997400
581.450000,-66.004520,-66.002307,-65.997400
581.500000,-66.004520,-66.002307,-65.997400
581.550000,-66.004520,-66.002307,-65.997400
581.600000,-66.004520,-66.002307,-65.997400
581.650000,-66.004520,-66.002307,-65.997400
581.700000,-66.004520,-66.002307,-65.997400
581.750000,-66.004520,-66.002307,-65.997400
581.800000,-66.004520,-66.002307,-65.997400
581.850000,-66.004520,-66.002308,-65.997400
581.900000,-66.004520,-66.002308,-65.997400
581.950000,-66.004520,-66.002308,-65.997400
582.000000,-66.004520,-66.002308,-65.997400
582.050000,-66.004520,-66.002308,-65.997400
582.100000,-66.004520,-66.002308,-65.997400
582.150000,-66.004520,-66.002308,-65.997400
582.200000,-66.004520,-66.002308,-65.997400
582.250000,-66.004520,-66.002308,-65.997400
582.300000,-66.004520,-66.002308,-65.997400
582.350000,-66.004520,-66.002308,-65.997400
582.400000,-66.004520,-66.002308,-65.997400
582.450000,-66.004520,-66.002308,-65.997400
582.500000,-66.004520,-66.002308,-65.997400
582.550000,-66.004520,-66.002308,-65.997400
582.600000,-66.004520,-66.002308,-65.997400
582.650000,-66.004520,-66.002308,-65.997400
582.700000,-66.004520,-66.002308,-65.997400
582.750000,-66.004520,-66.002308,-65.997400
582.800000,-66.004520,-66.002308,-65.997400
582.850000,-66.004520,-66.002308,-65.997400
582.900000,-66.004520,-66.002308,-65.997400
582.950000,-66.004521,-66.002308,-65.997400
583.000000,-66.004521,-66.002308,-65.997400
583.050000,-66.004521,-66.002308,-65.997400
583.100000,-66.004521,-66.002308,-65.997400
583.150000,-66.004521,-66.002308,-65.997400
583.200000,-66.004521,-66.002308,-65.997400
583.250000,-66.004521,-66.002308,-65.997400
583.300000,-66.004521,-66.002308,-65.997400
583.350000,-66.004521,-66.002308,-65.997400
583.400000,-66.004521,-66.002308,-65.997400
583.450000,-66.004521,-66.002308,-65.997400
583.500000,-66.004521,-66.002308,-65.997400
583.550000,-66.004521,-66.002308,-65.997400
583.600000,-66.004521,-66.002308,-65.997400
583.650000,-66.004521,-66.002308,-65.997400
583.700000,-66.004521,-66.002308,-65.997400
583.750000,-66.004521,-66.002308,-65.997400
583.800000,-66.004521,-66.002308,-65.997400
583.850000,-66.004521,-66.002308,-65.997400
583.900000,-66.004521,-66.002308,-65.997400
583.950000,-66.004521,-66.002308,-65.997400
584.000000,-66.004521,-66.002308,-65.997400
584.050000,-66.004521,-66.002308,-65.997400
584.100000,-66.004521,-66.002308,-65.997400
584.150000,-66.004521,-66.002308,-65.997400
584.200000,-66.004521,-66.002308,-65.997400
584.250000,-66.004521,-66.002308,-65.997401
584.300000,-66.004521,-66.002308,-65.997401
584.350000,-66.004521,-66.002308,-65.997401
584.400000,-66.004521,-66.002308,-65.997401
584.450000,-66.004521,-66.002308,-65.997401
584.500000,-66.004521,-66.002308,-65.997401
584.550000,-66.004521,-66.002308,-65.997401
584.600000,-66.004521,-66.002308,-65.997401
584.650000,-66.004521,-66.002308,-65.997401
584.700000,-66.004521,-66.002308,-65.997401
584.750000,-66.004521,-66.002308,-65.997401
584.800000,-66.004521,-66.002308,-65.997401
584.850000,-66.004521,-66.002308,-65.997401
584.900000,-66.004521,-66.002308,-65.997401
584.950000,-66.004521,-66.002308,-65.997401
585.000000,-66.004521,-66.002308,-65.997401
585.050000,-66.004521,-66.002308,-65.997401
585.100000,-66.004521,-66.002308,-65.997401
585.150000,-66.004521,-66.002308,-65.997401
585.200000,-66.004521,-66.002308,-65.997401
585.250000,-66.004521,-66.002308,-65.997401
585.300000,-66.004521,-66.002308,-65.997401
585.350000,-66.004521,-66.002309,-65.997401
585.400000,-66.004521,-66.002309,-65.997401
585.450000,-66.004521,-66.002309,-65.997401
585.500000,-66.004521,-66.002309,-65.997401
585.550000,-66.004521,-66.002309,-65.997401
585.600000,-66.004521,-66.002309,-65.997401
585.650000,-66.004521,-66.002309,-65.997401
585.700000,-66.004521,-66.002309,-65.997401
585.750000,-66.004521,-66.002309,-65.997401
585.800000,-66.004521,-66.002309,-65.997401
585.850000,-66.004521,-66.002309,-65.997401
585.900000,-66.004521,-66.002309,-65.997401
585.950000,-66.004521,-66.002309,-65.997401
586.000000,-66.004521,-66.002309,-65.997401
586.050000,-66.004521,-66.002309,-65.997401
586.100000,-66.004521,-66.002309,-65.997401
586.150000,-66.004521,-66.002309,-65.997401
586.200000,-66.004521,-66.002309,-65.997401
586.250000,-66.004521,-66.002309,-65.997401
586.300000,-66.004521,-66.002309,-65.997401
586.350000,-66.004521,-66.002309,-65.997401
586.400000,-66.004521,-66.002309,-65.997401
586.450000,-66.004521,-66.002309,-65.997401
586.500000,-66.004521,-66.002309,-65.997401
586.550000,-66.004521,-66.002309,-65.997401
586.600000,-66.004522,-66.002309,-65.997401
586.650000,-66.004522,-66.002309,-65.997401
586.700000,-66.004522,-66.002309,-65.997401
586.750000,-66.004522,-66.002309,-65.997401
586.800000,-66.004522,-66.002309,-65.997401
586.850000,-66.004522,-66.002309,-65.997401
586.900000,-66.004522,-66.002309,-65.997401
586.950000,-66.004522,-66.002309,-65.997401
587.000000,-66.004522,-66.002309,-65.997401
587.050000,-66.004522,-66.002309,-65.997401
587.100000,-66.004522,-66.002309,-65.997401
587.150000,-66.004522,-66.002309,-65.997401
587.200000,-66.004522,-66.002309,-65.997401
587.250000,-66.004522,-66.002309,-65.997401
587.300000,-66.004522,-66.002309,-65.997401
587.350000,-66.004522,-66.002309,-65.997401
587.400000,-66.004522,-66.002309,-65.997401
587.450000,-66.004522,-66.002309,-65.997401
587.500000,-66.004522,-66.002309,-65.997401
587.550000,-66.004522,-66.002309,-65.997401
587.600000,-66.004522,-66.002309,-65.997401
587.650000,-66.004522,-66.002309,-65.997401
587.700000,-66.004522,-66.002309,-65.997401
587.750000,-66.004522,-66.002309,-65.997401
587.800000,-66.004522,-66.002309,-65.997401
587.850000,-66.004522,-66.002309,-65.997401
587.900000,-66.004522,-66.002309,-65.997401
587.950000,-66.004522,-66.002309,-65.997401
588.000000,-66.004522,-66.002309,-65.997402
588.050000,-66.004522,-66.002309,-65.997402
588.100000,-66.004522,-66.002309,-65.997402
588.150000,-66.004522,-66.002309,-65.997402
588.200000,-66.004522,-66.002309,-65.997402
588.250000,-66.004522,-66.002309,-65.997402
588.300000,-66.004522,-66.002309,-65.997402
588.350000,-66.004522,-66.002309,-65.997402
588.400000,-66.004522,-66.002309,-65.997402
588.450000,-66.004522,-66.002309,-65.997402
588.500000,-66.004522,-66.002309,-65.997402
588.550000,-66.004522,-66.002309,-65.997402
588.600000,-66.004522,-66.002309,-65.997402
588.650000,-66.004522,-66.002309,-65.997402
588.700000,-66.004522,-66.002309,-65.997402
588.750000,-66.004522,-66.002309,-65.997402
588.800000,-66.004522,-66.002309,-65.997402
588.850000,-66.004522,-66.002309,-65.997402
588.900000,-66.004522,-66.002309,-65.997402
588.950000,-66.004522,-66.002309,-65.997402
589.000000,-66.004522,-66.002309,-65.997402
589.050000,-66.004522,-66.002309,-65.997402
589.100000,-66.004522,-66.002309,-65.997402
589.150000,-66.004522,-66.002309,-65.997402
589.200000,-66.004522,-66.002309,-65.997402
589.250000,-66.004522,-66.002310,-65.997402
589.300000,-66.004522,-66.002310,-65.997402
589.350000,-66.004522,-66.002310,-65.997402
589.400000,-66.004522,-66.002310,-65.997402
589.450000,-66.004522,-66.002310,-65.997402
589.500000,-66.004522,-66.002310,-65.997402
589.550000,-66.004522,-66.002310,-65.997402
589.600000,-66.004522,-66.002310,-65.997402
589.650000,-66.004522,-66.002310,-65.997402
589.700000,-66.004522,-66.002310,-65.997402
589.750000,-66.004522,-66.002310,-65.997402
589.800000,-66.004522,-66.002310,-65.997402
589.850000,-66.004522,-66.002310,-65.997402
589.900000,-66.004522,-66.002310,-65.997402
589.950000,-66.004522,-66.002310,-65.997402
590.000000,-66.004522,-66.002310,-65.997402
590.050000,-66.004522,-66.002310,-65.997402
590.100000,-66.004522,-66.002310,-65.997402
590.150000,-66.004522,-66.002310,-65.997402
590.200000,-66.004522,-66.002310,-65.997402
590.250000,-66.004522,-66.002310,-65.997402
590.300000,-66.004522,-66.002310,-65.997402
590.350000,-66.004522,-66.002310,-65.997402
590.400000,-66.004522,-66.002310,-65.997402
590.450000,-66.004522,-66.002310,-65.997402
590.500000,-66.004522,-66.002310,-65.997402
590.550000,-66.004522,-66.002310,-65.997402
590.600000,-66.004522,-66.002310,-65.997402
590.650000,-66.004523,-66.002310,-65.997402
590.700000,-66.004523,-66.002310,-65.997402
590.750000,-66.004523,-66.002310,-65.997402
590.800000,-66.004523,-66.002310,-65.997402
590.850000,-66.004523,-66.002310,-65.997402
590.900000,-66.004523,-66.002310,-65.997402
590.950000,-66.004523,-66.002310,-65.997402
591.000000,-66.004523,-66.002310,-65.997402
591.050000,-66.004523,-66.002310,-65.997402
591.100000,-66.004523,-66.002310,-65.997402
591.150000,-66.004523,-66.002310,-65.997402
591.200000,-66.004523,-66.002310,-65.997402
591.250000,-66.004523,-66.002310,-65.997402
591.300000,-66.004523,-66.002310,-65.997402
591.350000,-66.004523,-66.002310,-65.997402
591.400000,-66.004523,-66.002310,-65.997402
591.450000,-66.004523,-66.002310,-65.997402
591.500000,-66.004523,-66.002310,-65.997402
591.550000,-66.004523,-66.002310,-65.997402
591.600000,-66.004523,-66.002310,-65.997402
591.650000,-66.004523,-66.002310,-65.997402
591.700000,-66.004523,-66.002310,-65.997402
591.750000,-66.004523,-66.002310,-65.997402
591.800000,-66.004523,-66.002310,-65.997402
591.850000,-66.004523,-66.002310,-65.997402
591.900000,-66.004523,-66.002310,-65.997402
591.950000,-66.004523,-66.002310,-65.997402
592.000000,-66.004523,-66.002310,-65.997402
592.050000,-66.004523,-66.002310,-65.997402
592.100000,-66.004523,-66.002310,-65.997402
592.150000,-66.004523,-66.002310,-65.997402
592.200000,-66.004523,-66.002310,-65.997402
592.250000,-66.004523,-66.002310,-65.997403
592.300000,-66.004523,-66.002310,-65.997403
592.350000,-66.004523,-66.002310,-65.997403
592.400000,-66.004523,-66.002310,-65.997403
592.450000,-66.004523,-66.002310,-65.997403
592.500000,-66.004523,-66.002310,-65.997403
592.550000,-66.004523,-66.002310,-65.997403
592.600000,-66.004523,-66.002310,-65.997403
592.650000,-66.004523,-66.002310,-65.997403
592.700000,-66.004523,-66.002310,-65.997403
592.750000,-66.004523,-66.002310,-65.997403
592.800000,-66.004523,-66.002310,-65.997403
592.850000,-66.004523,-66.002310,-65.997403
592.900000,-66.004523,-66.002310,-65.997403
592.950000,-66.004523,-66.002310,-65.997403
593.000000,-66.004523,-66.002310,-65.997403
593.050000,-66.004523,-66.002310,-65.997403
593.100000,-66.004523,-66.002310,-65.997403
593.150000,-66.004523,-66.002310,-65.997403
593.200000,-66.004523,-66.002310,-65.997403
593.250000,-66.004523,-66.002310,-65.997403
593.300000,-66.004523,-66.002310,-65.997403
593.350000,-66.004523,-66.002310,-65.997403
593.400000,-66.004523,-66.002310,-65.997403
593.450000,-66.004523,-66.002310,-65.997403
593.500000,-66.004523,-66.002310,-65.997403
593.550000,-66.004523,-66.002310,-65.997403
593.600000,-66.004523,-66.002310,-65.997403
593.650000,-66.004523,-66.002310,-65.997403
593.700000,-66.004523,-66.002311,-65.997403
593.750000,-66.004523,-66.002311,-65.997403
593.800000,-66.004523,-66.002311,-65.997403
593.850000,-66.004523,-66.002311,-65.997403
593.900000,-66.004523,-66.002311,-65.997403
593.950000,-66.004523,-66.002311,-65.997403
594.000000,-66.004523,-66.002311,-65.997403
594.050000,-66.004523,-66.002311,-65.997403
594.100000,-66.004523,-66.002311,-65.997403
594.150000,-66.004523,-66.002311,-65.997403
594.200000,-66.004523,-66.002311,-65.997403
594.250000,-66.004523,-66.002311,-65.997403
594.300000,-66.004523,-66.002311,-65.997403
594.350000,-66.004523,-66.002311,-65.997403
594.400000,-66.004523,-66.002311,-65.997403
594.450000,-66.004523,-66.002311,-65.997403
594.500000,-66.004523,-66.002311,-65.997403
594.550000,-66.004523,-66.002311,-65.997403
594.600000,-66.004523,-66.002311,-65.997403
594.650000,-66.004523,-66.002311,-65.997403
594.700000,-66.004523,-66.002311,-65.997403
594.750000,-66.004523,-66.002311,-65.997403
594.800000,-66.004523,-66.002311,-65.997403
594.850000,-66.004523,-66.002311,-65.997403
594.900000,-66.004523,-66.002311,-65.997403
594.950000,-66.004523,-66.002311,-65.997403
595.000000,-66.004523,-66.002311,-65.997403
595.050000,-66.004523,-66.002311,-65.997403
595.100000,-66.004523,-66.002311,-65.997403
595.150000,-66.004523,-66.002311,-65.997403
595.200000,-66.004523,-66.002311,-65.997403
595.250000,-66.004524,-66.002311,-65.997403
595.300000,-66.004524,-66.002311,-65.997403
595.350000,-66.004524,-66.002311,-65.997403
595.400000,-66.004524,-66.002311,-65.997403
595.450000,-66.004524,-66.002311,-65.997403
595.500000,-66.004524,-66.002311,-65.997403
595.550000,-66.004524,-66.002311,-65.997403
595.600000,-66.004524,-66.002311,-65.997403
595.650000,-66.004524,-66.002311,-65.997403
595.700000,-66.004524,-66.002311,-65.997403
595.750000,-66.004524,-66.002311,-65.997403
595.800000,-66.004524,-66.002311,-65.997403
595.850000,-66.004524,-66.002311,-65.997403
595.900000,-66.004524,-66.002311,-65.997403
595.950000,-66.004524,-66.002311,-65.997403
596.000000,-66.004524,-66.002311,-65.997403
596.050000,-66.004524,-66.002311,-65.997403
596.100000,-66.004524,-66.002311,-65.997403
596.150000,-66.004524,-66.002311,-65.997403
596.200000,-66.004524,-66.002311,-65.997403
596.250000,-66.004524,-66.002311,-65.997403
596.300000,-66.004524,-66.002311,-65.997403
596.350000,-66.004524,-66.002311,-65.997403
596.400000,-66.004524,-66.002311,-65.997403
596.450000,-66.004524,-66.002311,-65.997403
596.500000,-66.004524,-66.002311,-65.997403
596.550000,-66.004524,-66.002311,-65.997403
596.600000,-66.004524,-66.002311,-65.997403
596.650000,-66.004524,-66.002311,-65.997403
596.700000,-66.004524,-66.002311,-65.997403
596.750000,-66.004524,-66.002311,-65.997403
596.800000,-66.004524,-66.002311,-65.997403
596.850000,-66.004524,-66.002311,-65.997403
596.900000,-66.004524,-66.002311,-65.997403
596.950000,-66.004524,-66.002311,-65.997403
597.000000,-66.004524,-66.002311,-65.997403
597.050000,-66.004524,-66.002311,-65.997403
597.100000,-66.004524,-66.002311,-65.997404
597.150000,-66.004524,-66.002311,-65.997404
597.200000,-66.004524,-66.002311,-65.997404
597.250000,-66.004524,-66.002311,-65.997404
597.300000,-66.004524,-66.002311,-65.997404
597.350000,-66.004524,-66.002311,-65.997404
597.400000,-66.004524,-66.002311,-65.997404
597.450000,-66.004524,-66.002311,-65.997404
597.500000,-66.004524,-66.002311,-65.997404
597.550000,-66.004524,-66.002311,-65.997404
597.600000,-66.004524,-66.002311,-65.997404
597.650000,-66.004524,-66.002311,-65.997404
597.700000,-66.004524,-66.002311,-65.997404
597.750000,-66.004524,-66.002311,-65.997404
597.800000,-66.004524,-66.002311,-65.997404
597.850000,-66.004524,-66.002311,-65.997404
597.900000,-66.004524,-66.002311,-65.997404
597.950000,-66.004524,-66.002311,-65.997404
598.000000,-66.004524,-66.002311,-65.997404
598.050000,-66.004524,-66.002311,-65.997404
598.100000,-66.004524,-66.002311,-65.997404
598.150000,-66.004524,-66.002311,-65.997404
598.200000,-66.004524,-66.002311,-65.997404
598.250000,-66.004524,-66.002311,-65.997404
598.300000,-66.004524,-66.002311,-65.997404
598.350000,-66.004524,-66.002311,-65.997404
598.400000,-66.004524,-66.002311,-65.997404
598.450000,-66.004524,-66.002311,-65.997404
598.500000,-66.004524,-66.002311,-65.997404
598.550000,-66.004524,-66.002311,-65.997404
598.600000,-66.004524,-66.002311,-65.997404
598.650000,-66.004524,-66.002311,-65.997404
598.700000,-66.004524,-66.002311,-65.997404
598.750000,-66.004524,-66.002312,-65.997404
598.800000,-66.004524,-66.002312,-65.997404
598.850000,-66.004524,-66.002312,-65.997404
598.900000,-66.004524,-66.002312,-65.997404
598.950000,-66.004524,-66.002312,-65.997404
599.000000,-66.004524,-66.002312,-65.997404
599.050000,-66.004524,-66.002312,-65.997404
599.100000,-66.004524,-66.002312,-65.997404
599.150000,-66.004524,-66.002312,-65.997404
599.200000,-66.004524,-66.002312,-65.997404
599.250000,-66.004524,-66.002312,-65.997404
599.300000,-66.004524,-66.002312,-65.997404
599.350000,-66.004524,-66.002312,-65.997404
599.400000,-66.004524,-66.002312,-65.997404
599.450000,-66.004524,-66.002312,-65.997404
599.500000,-66.004524,-66.002312,-65.997404
599.550000,-66.004524,-66.002312,-65.997404
599.600000,-66.004524,-66.002312,-65.997404
599.650000,-66.004524,-66.002312,-65.997404
599.700000,-66.004524,-66.002312,-65.997404
599.750000,-66.004524,-66.002312,-65.997404
599.800000,-66.004524,-66.002312,-65.997404
599.850000,-66.004524,-66.002312,-65.997404
599.900000,-66.004524,-66.002312,-65.997404
599.950000,-66.004524,-66.002312,-65.997404
600.000000,-66.004524,-66.002312,-65.997404
600.050000,-66.004524,-66.002312,-65.997404
600.100000,-66.004524,-66.002312,-65.997404
600.150000,-66.004524,-66.002312,-65.997404
600.200000,-66.004524,-66.002312,-65.997404
600.250000,-66.004524,-66.002312,-65.997404
600.300000,-66.004524,-66.002312,-65.997404
600.350000,-66.004524,-66.002312,-65.997404
600.400000,-66.004524,-66.002312,-65.997404
600.450000,-66.004524,-66.002312,-65.997404
600.500000,-66.004524,-66.002312,-65.997404
600.550000,-66.004525,-66.002312,-65.997404
600.600000,-66.004525,-66.002312,-65.997404
600.650000,-66.004525,-66.002312,-65.997404
600.700000,-66.004525,-66.002312,-65.997404
600.750000,-66.004525,-66.002312,-65.997404
600.800000,-66.004525,-66.002312,-65.997404
600.850000,-66.004525,-66.002312,-65.997404
600.900000,-66.004525,-66.002312,-65.997404
600.950000,-66.004525,-66.002312,-65.997404
601.000000,-66.004525,-66.002312,-65.997404
601.050000,-66.004525,-66.002312,-65.997404
601.100000,-66.004525,-66.002312,-65.997404
601.150000,-66.004525,-66.002312,-65.997404
601.200000,-66.004525,-66.002312,-65.997404
601.250000,-66.004525,-66.002312,-65.997404
601.300000,-66.004525,-66.002312,-65.997404
601.350000,-66.004525,-66.002312,-65.997404
601.400000,-66.004525,-66.002312,-65.997404
601.450000,-66.004525,-66.002312,-65.997404
601.500000,-66.004525,-66.002312,-65.997404
601.550000,-66.004525,-66.002312,-65.997404
601.600000,-66.004525,-66.002312,-65.997404
601.650000,-66.004525,-66.002312,-65.997404
601.700000,-66.004525,-66.002312,-65.997404
601.750000,-66.004525,-66.002312,-65.997404
601.800000,-66.004525,-66.002312,-65.997404
601.850000,-66.004525,-66.002312,-65.997404
601.900000,-66.004525,-66.002312,-65.997404
601.950000,-66.004525,-66.002312,-65.997404
602.000000,-66.004525,-66.002312,-65.997404
602.050000,-66.004525,-66.002312,-65.997404
602.100000,-66.004525,-66.002312,-65.997404
602.150000,-66.004525,-66.002312,-65.997404
602.200000,-66.004525,-66.002312,-65.997404
602.250000,-66.004525,-66.002312,-65.997404
602.300000,-66.004525,-66.002312,-65.997404
602.350000,-66.004525,-66.002312,-65.997404
602.400000,-66.004525,-66.002312,-65.997404
602.450000,-66.004525,-66.002312,-65.997404
602.500000,-66.004525,-66.002312,-65.997404
602.550000,-66.004525,-66.002312,-65.997404
602.600000,-66.004525,-66.002312,-65.997404
602.650000,-66.004525,-66.002312,-65.997404
602.700000,-66.004525,-66.002312,-65.997404
602.750000,-66.004525,-66.002312,-65.997405
602.800000,-66.004525,-66.002312,-65.997405
602.850000,-66.004525,-66.002312,-65.997405
602.900000,-66.004525,-66.002312,-65.997405
602.950000,-66.004525,-66.002312,-65.997405
603.000000,-66.004525,-66.002312,-65.997405
603.050000,-66.004525,-66.002312,-65.997405
603.100000,-66.004525,-66.002312,-65.997405
603.150000,-66.004525,-66.002312,-65.997405
603.200000,-66.004525,-66.002312,-65.997405
603.250000,-66.004525,-66.002312,-65.997405
603.300000,-66.004525,-66.002312,-65.997405
603.350000,-66.004525,-66.002312,-65.997405
603.400000,-66.004525,-66.002312,-65.997405
603.450000,-66.004525,-66.002312,-65.997405
603.500000,-66.004525,-66.002312,-65.997405
603.550000,-66.004525,-66.002312,-65.997405
603.600000,-66.004525,-66.002312,-65.997405
603.650000,-66.004525,-66.002312,-65.997405
603.700000,-66.004525,-66.002312,-65.997405
603.750000,-66.004525,-66.002312,-65.997405
603.800000,-66.004525,-66.002312,-65.997405
603.850000,-66.004525,-66.002312,-65.997405
603.900000,-66.004525,-66.002312,-65.997405
603.950000,-66.004525,-66.002312,-65.997405
604.000000,-66.004525,-66.002312,-65.997405
604.050000,-66.004525,-66.002312,-65.997405
604.100000,-66.004525,-66.002312,-65.997405
604.150000,-66.004525,-66.002312,-65.997405
604.200000,-66.004525,-66.002312,-65.997405
604.250000,-66.004525,-66.002312,-65.997405
604.300000,-66.004525,-66.002312,-65.997405
604.350000,-66.004525,-66.002312,-65.997405
604.400000,-66.004525,-66.002312,-65.997405
604.450000,-66.004525,-66.002312,-65.997405
604.500000,-66.004525,-66.002312,-65.997405
604.550000,-66.004525,-66.002312,-65.997405
604.600000,-66.004525,-66.002312,-65.997405
604.650000,-66.004525,-66.002312,-65.997405
604.700000,-66.004525,-66.002313,-65.997405
604.750000,-66.004525,-66.002313,-65.997405
604.800000,-66.004525,-66.002313,-65.997405
604.850000,-66.004525,-66.002313,-65.997405
604.900000,-66.004525,-66.002313,-65.997405
604.950000,-66.004525,-66.002313,-65.997405
605.000000,-66.004525,-66.002313,-65.997405
605.050000,-66.004525,-66.002313,-65.997405
605.100000,-66.004525,-66.002313,-65.997405
605.150000,-66.004525,-66.002313,-65.997405
605.200000,-66.004525,-66.002313,-65.997405
605.250000,-66.004525,-66.002313,-65.997405
605.300000,-66.004525,-66.002313,-65.997405
605.350000,-66.004525,-66.002313,-65.997405
605.400000,-66.004525,-66.002313,-65.997405
605.450000,-66.004525,-66.002313,-65.997405
605.500000,-66.004525,-66.002313,-65.997405
605.550000,-66.004525,-66.002313,-65.997405
605.600000,-66.004525,-66.002313,-65.997405
605.650000,-66.004525,-66.002313,-65.997405
605.700000,-66.004525,-66.002313,-65.997405
605.750000,-66.004525,-66.002313,-65.997405
605.800000,-66.004525,-66.002313,-65.997405
605.850000,-66.004525,-66.002313,-65.997405
605.900000,-66.004525,-66.002313,-65.997405
605.950000,-66.004525,-66.002313,-65.997405
606.000000,-66.004525,-66.002313,-65.997405
606.050000,-66.004525,-66.002313,-65.997405
606.100000,-66.004525,-66.002313,-65.997405
606.150000,-66.004525,-66.002313,-65.997405
606.200000,-66.004525,-66.002313,-65.997405
606.250000,-66.004525,-66.002313,-65.997405
606.300000,-66.004525,-66.002313,-65.997405
606.350000,-66.004525,-66.002313,-65.997405
606.400000,-66.004525,-66.002313,-65.997405
606.450000,-66.004525,-66.002313,-65.997405
606.500000,-66.004525,-66.002313,-65.997405
606.550000,-66.004525,-66.002313,-65.997405
606.600000,-66.004525,-66.002313,-65.997405
606.650000,-66.004525,-66.002313,-65.997405
606.700000,-66.004525,-66.002313,-65.997405
606.750000,-66.004525,-66.002313,-65.997405
606.800000,-66.004525,-66.002313,-65.997405
606.850000,-66.004526,-66.002313,-65.997405
606.900000,-66.004526,-66.002313,-65.997405
606.950000,-66.004526,-66.002313,-65.997405
607.000000,-66.004526,-66.002313,-65.997405
607.050000,-66.004526,-66.002313,-65.997405
607.100000,-66.004526,-66.002313,-65.997405
607.150000,-66.004526,-66.002313,-65.997405
607.200000,-66.004526,-66.002313,-65.997405
607.250000,-66.004526,-66.002313,-65.997405
607.300000,-66.004526,-66.002313,-65.997405
607.350000,-66.004526,-66.002313,-65.997405
607.400000,-66.004526,-66.002313,-65.997405
607.450000,-66.004526,-66.002313,-65.997405
607.500000,-66.004526,-66.002313,-65.997405
607.550000,-66.004526,-66.002313,-65.997405
607.600000,-66.004526,-66.002313,-65.997405
607.650000,-66.004526,-66.002313,-65.997405
607.700000,-66.004526,-66.002313,-65.997405
607.750000,-66.004526,-66.002313,-65.997405
607.800000,-66.004526,-66.002313,-65.997405
607.850000,-66.004526,-66.002313,-65.997405
607.900000,-66.004526,-66.002313,-65.997405
607.950000,-66.004526,-66.002313,-65.997405
608.000000,-66.004526,-66.002313,-65.997405
608.050000,-66.004526,-66.002313,-65.997405
608.100000,-66.004526,-66.002313,-65.997405
608.150000,-66.004526,-66.002313,-65.997405
608.200000,-66.004526,-66.002313,-65.997405
608.250000,-66.004526,-66.002313,-65.997405
608.300000,-66.004526,-66.002313,-65.997405
608.350000,-66.004526,-66.002313,-65.997405
608.400000,-66.004526,-66.002313,-65.997405
608.450000,-66.004526,-66.002313,-65.997405
608.500000,-66.004526,-66.002313,-65.997405
608.550000,-66.004526,-66.002313,-65.997405
608.600000,-66.004526,-66.002313,-65.997405
608.650000,-66.004526,-66.002313,-65.997405
608.700000,-66.004526,-66.002313,-65.997405
608.750000,-66.004526,-66.002313,-65.997405
608.800000,-66.004526,-66.002313,-65.997405
608.850000,-66.004526,-66.002313,-65.997405
608.900000,-66.004526,-66.002313,-65.997405
608.950000,-66.004526,-66.002313,-65.997405
609.000000,-66.004526,-66.002313,-65.997405
609.050000,-66.004526,-66.002313,-65.997405
609.100000,-66.004526,-66.002313,-65.997405
609.150000,-66.004526,-66.002313,-65.997405
609.200000,-66.004526,-66.002313,-65.997405
609.250000,-66.004526,-66.002313,-65.997405
609.300000,-66.004526,-66.002313,-65.997405
609.350000,-66.004526,-66.002313,-65.997405
609.400000,-66.004526,-66.002313,-65.997405
609.450000,-66.004526,-66.002313,-65.997405
609.500000,-66.004526,-66.002313,-65.997406
609.550000,-66.004526,-66.002313,-65.997406
609.600000,-66.004526,-66.002313,-65.997406
609.650000,-66.004526,-66.002313,-65.997406
609.700000,-66.004526,-66.002313,-65.997406
609.750000,-66.004526,-66.002313,-65.997406
609.800000,-66.004526,-66.002313,-65.997406
609.850000,-66.004526,-66.002313,-65.997406
609.900000,-66.004526,-66.002313,-65.997406
609.950000,-66.004526,-66.002313,-65.997406
610.000000,-66.004526,-66.002313,-65.997406
610.050000,-66.004526,-66.002313,-65.997406
610.100000,-66.004526,-66.002313,-65.997406
610.150000,-66.004526,-66.002313,-65.997406
610.200000,-66.004526,-66.002313,-65.997406
610.250000,-66.004526,-66.002313,-65.997406
610.300000,-66.004526,-66.002313,-65.997406
610.350000,-66.004526,-66.002313,-65.997406
610.400000,-66.004526,-66.002313,-65.997406
610.450000,-66.004526,-66.002313,-65.997406
610.500000,-66.004526,-66.002313,-65.997406
610.550000,-66.004526,-66.002313,-65.997406
610.600000,-66.004526,-66.002313,-65.997406
610.650000,-66.004526,-66.002313,-65.997406
610.700000,-66.004526,-66.002313,-65.997406
610.750000,-66.004526,-66.002313,-65.997406
610.800000,-66.004526,-66.002313,-65.997406
610.850000,-66.004526,-66.002313,-65.997406
610.900000,-66.004526,-66.002313,-65.997406
610.950000,-66.004526,-66.002313,-65.997406
611.000000,-66.004526,-66.002313,-65.997406
611.050000,-66.004526,-66.002313,-65.997406
611.100000,-66.004526,-66.002313,-65.997406
611.150000,-66.004526,-66.002313,-65.997406
611.200000,-66.004526,-66.002313,-65.997406
611.250000,-66.004526,-66.002313,-65.997406
611.300000,-66.004526,-66.002313,-65.997406
611.350000,-66.004526,-66.002313,-65.997406
611.400000,-66.004526,-66.002313,-65.997406
611.450000,-66.004526,-66.002313,-65.997406
611.500000,-66.004526,-66.002313,-65.997406
611.550000,-66.004526,-66.002313,-65.997406
611.600000,-66.004526,-66.002313,-65.997406
611.650000,-66.004526,-66.002313,-65.997406
611.700000,-66.004526,-66.002313,-65.997406
611.750000,-66.004526,-66.002313,-65.997406
611.800000,-66.004526,-66.002313,-65.997406
611.850000,-66.004526,-66.002313,-65.997406
611.900000,-66.004526,-66.002314,-65.997406
611.950000,-66.004526,-66.002314,-65.997406
612.000000,-66.004526,-66.002314,-65.997406
612.050000,-66.004526,-66.002314,-65.997406
612.100000,-66.004526,-66.002314,-65.997406
612.150000,-66.004526,-66.002314,-65.997406
612.200000,-66.004526,-66.002314,-65.997406
612.250000,-66.004526,-66.002314,-65.997406
612.300000,-66.004526,-66.002314,-65.997406
612.350000,-66.004526,-66.002314,-65.997406
612.400000,-66.004526,-66.002314,-65.997406
612.450000,-66.004526,-66.002314,-65.997406
612.500000,-66.004526,-66.002314,-65.997406
612.550000,-66.004526,-66.002314,-65.997406
612.600000,-66.004526,-66.002314,-65.997406
612.650000,-66.004526,-66.002314,-65.997406
612.700000,-66.004526,-66.002314,-65.997406
612.750000,-66.004526,-66.002314,-65.997406
612.800000,-66.004526,-66.002314,-65.997406
612.850000,-66.004526,-66.002314,-65.997406
612.900000,-66.004526,-66.002314,-65.997406
612.950000,-66.004526,-66.002314,-65.997406
613.000000,-66.004526,-66.002314,-65.997406
613.050000,-66.004526,-66.002314,-65.997406
613.100000,-66.004526,-66.002314,-65.997406
613.150000,-66.004526,-66.002314,-65.997406
613.200000,-66.004526,-66.002314,-65.997406
613.250000,-66.004526,-66.002314,-65.997406
613.300000,-66.004526,-66.002314,-65.997406
613.350000,-66.004526,-66.002314,-65.997406
613.400000,-66.004526,-66.002314,-65.997406
613.450000,-66.004526,-66.002314,-65.997406
613.500000,-66.004526,-66.002314,-65.997406
613.550000,-66.004526,-66.002314,-65.997406
613.600000,-66.004526,-66.002314,-65.997406
613.650000,-66.004526,-66.002314,-65.997406
613.700000,-66.004526,-66.002314,-65.997406
613.750000,-66.004526,-66.002314,-65.997406
613.800000,-66.004526,-66.002314,-65.997406
613.850000,-66.004526,-66.002314,-65.997406
613.900000,-66.004526,-66.002314,-65.997406
613.950000,-66.004526,-66.002314,-65.997406
614.000000,-66.004526,-66.002314,-65.997406
614.050000,-66.004526,-66.002314,-65.997406
614.100000,-66.004526,-66.002314,-65.997406
614.150000,-66.004526,-66.002314,-65.997406
614.200000,-66.004526,-66.002314,-65.997406
614.250000,-66.004526,-66.002314,-65.997406
614.300000,-66.004526,-66.002314,-65.997406
614.350000,-66.004526,-66.002314,-65.997406
614.400000,-66.004526,-66.002314,-65.997406
614.450000,-66.004526,-66.002314,-65.997406
614.500000,-66.004526,-66.002314,-65.997406
614.550000,-66.004526,-66.002314,-65.997406
614.600000,-66.004527,-66.002314,-65.997406
614.650000,-66.004527,-66.002314,-65.997406
614.700000,-66.004527,-66.002314,-65.997406
614.750000,-66.004527,-66.002314,-65.997406
614.800000,-66.004527,-66.002314,-65.997406
614.850000,-66.004527,-66.002314,-65.997406
614.900000,-66.004527,-66.002314,-65.997406
614.950000,-66.004527,-66.002314,-65.997406
615.000000,-66.004527,-66.002314,-65.997406
615.050000,-66.004527,-66.002314,-65.997406
615.100000,-66.004527,-66.002314,-65.997406
615.150000,-66.004527,-66.002314,-65.997406
615.200000,-66.004527,-66.002314,-65.997406
615.250000,-66.004527,-66.002314,-65.997406
615.300000,-66.004527,-66.002314,-65.997406
615.350000,-66.004527,-66.002314,-65.997406
615.400000,-66.004527,-66.002314,-65.997406
615.450000,-66.004527,-66.002314,-65.997406
615.500000,-66.004527,-66.002314,-65.997406
615.550000,-66.004527,-66.002314,-65.997406
615.600000,-66.004527,-66.002314,-65.997406
615.650000,-66.004527,-66.002314,-65.997406
615.700000,-66.004527,-66.002314,-65.997406
615.750000,-66.004527,-66.002314,-65.997406
615.800000,-66.004527,-66.002314,-65.997406
615.850000,-66.004527,-66.002314,-65.997406
615.900000,-66.004527,-66.002314,-65.997406
615.950000,-66.004527,-66.002314,-65.997406
616.000000,-66.004527,-66.002314,-65.997406
616.050000,-66.004527,-66.002314,-65.997406
616.100000,-66.004527,-66.002314,-65.997406
616.150000,-66.004527,-66.002314,-65.997406
616.200000,-66.004527,-66.002314,-65.997406
616.250000,-66.004527,-66.002314,-65.997406
616.300000,-66.004527,-66.002314,-65.997406
616.350000,-66.004527,-66.002314,-65.997406
616.400000,-66.004527,-66.002314,-65.997406
616.450000,-66.004527,-66.002314,-65.997406
616.500000,-66.004527,-66.002314,-65.997406
616.550000,-66.004527,-66.002314,-65.997406
616.600000,-66.004527,-66.002314,-65.997406
616.650000,-66.004527,-66.002314,-65.997406
616.700000,-66.004527,-66.002314,-65.997406
616.750000,-66.004527,-66.002314,-65.997406
616.800000,-66.004527,-66.002314,-65.997406
616.850000,-66.004527,-66.002314,-65.997406
616.900000,-66.004527,-66.002314,-65.997406
616.950000,-66.004527,-66.002314,-65.997406
617.000000,-66.004527,-66.002314,-65.997406
617.050000,-66.004527,-66.002314,-65.997406
617.100000,-66.004527,-66.002314,-65.997406
617.150000,-66.004527,-66.002314,-65.997406
617.200000,-66.004527,-66.002314,-65.997406
617.250000,-66.004527,-66.002314,-65.997406
617.300000,-66.004527,-66.002314,-65.997406
617.350000,-66.004527,-66.002314,-65.997406
617.400000,-66.004527,-66.002314,-65.997406
617.450000,-66.004527,-66.002314,-65.997406
617.500000,-66.004527,-66.002314,-65.997406
617.550000,-66.004527,-66.002314,-65.997406
617.600000,-66.004527,-66.002314,-65.997406
617.650000,-66.004527,-66.002314,-65.997406
617.700000,-66.004527,-66.002314,-65.997406
617.750000,-66.004527,-66.002314,-65.997406
617.800000,-66.004527,-66.002314,-65.997406
617.850000,-66.004527,-66.002314,-65.997406
617.900000,-66.004527,-66.002314,-65.997406
617.950000,-66.004527,-66.002314,-65.997407
618.000000,-66.004527,-66.002314,-65.997407
618.050000,-66.004527,-66.002314,-65.997407
618.100000,-66.004527,-66.002314,-65.997407
618.150000,-66.004527,-66.002314,-65.997407
618.200000,-66.004527,-66.002314,-65.997407
618.250000,-66.004527,-66.002314,-65.997407
618.300000,-66.004527,-66.002314,-65.997407
618.350000,-66.004527,-66.002314,-65.997407
618.400000,-66.004527,-66.002314,-65.997407
618.450000,-66.004527,-66.002314,-65.997407
618.500000,-66.004527,-66.002314,-65.997407
618.550000,-66.004527,-66.002314,-65.997407
618.600000,-66.004527,-66.002314,-65.997407
618.650000,-66.004527,-66.002314,-65.997407
618.700000,-66.004527,-66.002314,-65.997407
618.750000,-66.004527,-66.002314,-65.997407
618.800000,-66.004527,-66.002314,-65.997407
618.850000,-66.004527,-66.002314,-65.997407
618.900000,-66.004527,-66.002314,-65.997407
618.950000,-66.004527,-66.002314,-65.997407
619.000000,-66.004527,-66.002314,-65.997407
619.050000,-66.004527,-66.002314,-65.997407
619.100000,-66.004527,-66.002314,-65.997407
619.150000,-66.004527,-66.002314,-65.997407
619.200000,-66.004527,-66.002314,-65.997407
619.250000,-66.004527,-66.002314,-65.997407
619.300000,-66.004527,-66.002314,-65.997407
619.350000,-66.004527,-66.002314,-65.997407
619.400000,-66.004527,-66.002314,-65.997407
619.450000,-66.004527,-66.002314,-65.997407
619.500000,-66.004527,-66.002314,-65.997407
619.550000,-66.004527,-66.002314,-65.997407
619.600000,-66.004527,-66.002314,-65.997407
619.650000,-66.004527,-66.002314,-65.997407
619.700000,-66.004527,-66.002314,-65.997407
619.750000,-66.004527,-66.002314,-65.997407
619.800000,-66.004527,-66.002314,-65.997407
619.850000,-66.004527,-66.002314,-65.997407
619.900000,-66.004527,-66.002314,-65.997407
619.950000,-66.004527,-66.002314,-65.997407
620.000000,-66.004527,-66.002314,-65.997407
620.050000,-66.004527,-66.002314,-65.997407
620.100000,-66.004527,-66.002314,-65.997407
620.150000,-66.004527,-66.002314,-65.997407
620.200000,-66.004527,-66.002314,-65.997407
620.250000,-66.004527,-66.002314,-65.997407
620.300000,-66.004527,-66.002314,-65.997407
620.350000,-66.004527,-66.002314,-65.997407
620.400000,-66.004527,-66.002314,-65.997407
620.450000,-66.004527,-66.002314,-65.997407
620.500000,-66.004527,-66.002314,-65.997407
620.550000,-66.004527,-66.002314,-65.997407
620.600000,-66.004527,-66.002314,-65.997407
620.650000,-66.004527,-66.002314,-65.997407
620.700000,-66.004527,-66.002314,-65.997407
620.750000,-66.004527,-66.002314,-65.997407
620.800000,-66.004527,-66.002314,-65.997407
620.850000,-66.004527,-66.002314,-65.997407
620.900000,-66.004527,-66.002314,-65.997407
620.950000,-66.004527,-66.002314,-65.997407
621.000000,-66.004527,-66.002315,-65.997407
621.050000,-66.004527,-66.002315,-65.997407
621.100000,-66.004527,-66.002315,-65.997407
621.150000,-66.004527,-66.002315,-65.997407
621.200000,-66.004527,-66.002315,-65.997407
621.250000,-66.004527,-66.002315,-65.997407
621.300000,-66.004527,-66.002315,-65.997407
621.350000,-66.004527,-66.002315,-65.997407
621.400000,-66.004527,-66.002315,-65.997407
621.450000,-66.004527,-66.002315,-65.997407
621.500000,-66.004527,-66.002315,-65.997407
621.550000,-66.004527,-66.002315,-65.997407
621.600000,-66.004527,-66.002315,-65.997407
621.650000,-66.004527,-66.002315,-65.997407
621.700000,-66.004527,-66.002315,-65.997407
621.750000,-66.004527,-66.002315,-65.997407
621.800000,-66.004527,-66.002315,-65.997407
621.850000,-66.004527,-66.002315,-65.997407
621.900000,-66.004527,-66.002315,-65.997407
621.950000,-66.004527,-66.002315,-65.997407
622.000000,-66.004527,-66.002315,-65.997407
622.050000,-66.004527,-66.002315,-65.997407
622.100000,-66.004527,-66.002315,-65.997407
622.150000,-66.004527,-66.002315,-65.997407
622.200000,-66.004527,-66.002315,-65.997407
622.250000,-66.004527,-66.002315,-65.997407
622.300000,-66.004527,-66.002315,-65.997407
622.350000,-66.004527,-66.002315,-65.997407
622.400000,-66.004527,-66.002315,-65.997407
622.450000,-66.004527,-66.002315,-65.997407
622.500000,-66.004527,-66.002315,-65.997407
622.550000,-66.004527,-66.002315,-65.997407
622.600000,-66.004527,-66.002315,-65.997407
622.650000,-66.004527,-66.002315,-65.997407
622.700000,-66.004527,-66.002315,-65.997407
622.750000,-66.004527,-66.002315,-65.997407
622.800000,-66.004527,-66.002315,-65.997407
622.850000,-66.004527,-66.002315,-65.997407
622.900000,-66.004527,-66.002315,-65.997407
622.950000,-66.004527,-66.002315,-65.997407
623.000000,-66.004527,-66.002315,-65.997407
623.050000,-66.004527,-66.002315,-65.997407
623.100000,-66.004527,-66.002315,-65.997407
623.150000,-66.004527,-66.002315,-65.997407
623.200000,-66.004527,-66.002315,-65.997407
623.250000,-66.004527,-66.002315,-65.997407
623.300000,-66.004527,-66.002315,-65.997407
623.350000,-66.004527,-66.002315,-65.997407
623.400000,-66.004527,-66.002315,-65.997407
623.450000,-66.004527,-66.002315,-65.997407
623.500000,-66.004527,-66.002315,-65.997407
623.550000,-66.004527,-66.002315,-65.997407
623.600000,-66.004527,-66.002315,-65.997407
623.650000,-66.004527,-66.002315,-65.997407
623.700000,-66.004527,-66.002315,-65.997407
623.750000,-66.004527,-66.002315,-65.997407
623.800000,-66.004527,-66.002315,-65.997407
623.850000,-66.004527,-66.002315,-65.997407
623.900000,-66.004527,-66.002315,-65.997407
623.950000,-66.004527,-66.002315,-65.997407
624.000000,-66.004527,-66.002315,-65.997407
624.050000,-66.004527,-66.002315,-65.997407
624.100000,-66.004527,-66.002315,-65.997407
624.150000,-66.004527,-66.002315,-65.997407
624.200000,-66.004527,-66.002315,-65.997407
624.250000,-66.004527,-66.002315,-65.997407
624.300000,-66.004527,-66.002315,-65.997407
624.350000,-66.004527,-66.002315,-65.997407
624.400000,-66.004527,-66.002315,-65.997407
624.450000,-66.004527,-66.002315,-65.997407
624.500000,-66.004527,-66.002315,-65.997407
624.550000,-66.004527,-66.002315,-65.997407
624.600000,-66.004527,-66.002315,-65.997407
624.650000,-66.004528,-66.002315,-65.997407
624.700000,-66.004528,-66.002315,-65.997407
624.750000,-66.004528,-66.002315,-65.997407
624.800000,-66.004528,-66.002315,-65.997407
624.850000,-66.004528,-66.002315,-65.997407
624.900000,-66.004528,-66.002315,-65.997407
624.950000,-66.004528,-66.002315,-65.997407
625.000000,-66.004528,-66.002315,-65.997407
625.050000,-66.004528,-66.002315,-65.997407
625.100000,-66.004528,-66.002315,-65.997407
625.150000,-66.004528,-66.002315,-65.997407
625.200000,-66.004528,-66.002315,-65.997407
625.250000,-66.004528,-66.002315,-65.997407
625.300000,-66.004528,-66.002315,-65.997407
625.350000,-66.004528,-66.002315,-65.997407
625.400000,-66.004528,-66.002315,-65.997407
625.450000,-66.004528,-66.002315,-65.997407
625.500000,-66.004528,-66.002315,-65.997407
625.550000,-66.004528,-66.002315,-65.997407
625.600000,-66.004528,-66.002315,-65.997407
625.650000,-66.004528,-66.002315,-65.997407
625.700000,-66.004528,-66.002315,-65.997407
625.750000,-66.004528,-66.002315,-65.997407
625.800000,-66.004528,-66.002315,-65.997407
625.850000,-66.004528,-66.002315,-65.997407
625.900000,-66.004528,-66.002315,-65.997407
625.950000,-66.004528,-66.002315,-65.997407
626.000000,-66.004528,-66.002315,-65.997407
626.050000,-66.004528,-66.002315,-65.997407
626.100000,-66.004528,-66.002315,-65.997407
626.150000,-66.004528,-66.002315,-65.997407
626.200000,-66.004528,-66.002315,-65.997407
626.250000,-66.004528,-66.002315,-65.997407
626.300000,-66.004528,-66.002315,-65.997407
626.350000,-66.004528,-66.002315,-65.997407
626.400000,-66.004528,-66.002315,-65.997407
626.450000,-66.004528,-66.002315,-65.997407
626.500000,-66.004528,-66.002315,-65.997407
626.550000,-66.004528,-66.002315,-65.997407
626.600000,-66.004528,-66.002315,-65.997407
626.650000,-66.004528,-66.002315,-65.997407
626.700000,-66.004528,-66.002315,-65.997407
626.750000,-66.004528,-66.002315,-65.997407
626.800000,-66.004528,-66.002315,-65.997407
626.850000,-66.004528,-66.002315,-65.997407
626.900000,-66.004528,-66.002315,-65.997407
626.950000,-66.004528,-66.002315,-65.997407
627.000000,-66.004528,-66.002315,-65.997407
627.050000,-66.004528,-66.002315,-65.997407
627.100000,-66.004528,-66.002315,-65.997407
627.150000,-66.004528,-66.002315,-65.997407
627.200000,-66.004528,-66.002315,-65.997407
627.250000,-66.004528,-66.002315,-65.997407
627.300000,-66.004528,-66.002315,-65.997407
627.350000,-66.004528,-66.002315,-65.997407
627.400000,-66.004528,-66.002315,-65.997407
627.450000,-66.004528,-66.002315,-65.997407
627.500000,-66.004528,-66.002315,-65.997407
627.550000,-66.004528,-66.002315,-65.997407
627.600000,-66.004528,-66.002315,-65.997407
627.650000,-66.004528,-66.002315,-65.997407
627.700000,-66.004528,-66.002315,-65.997407
627.750000,-66.004528,-66.002315,-65.997407
627.800000,-66.004528,-66.002315,-65.997407
627.850000,-66.004528,-66.002315,-65.997407
627.900000,-66.004528,-66.002315,-65.997407
627.950000,-66.004528,-66.002315,-65.997407
628.000000,-66.004528,-66.002315,-65.997407
628.050000,-66.004528,-66.002315,-65.997407
628.100000,-66.004528,-66.002315,-65.997407
628.150000,-66.004528,-66.002315,-65.997407
628.200000,-66.004528,-66.002315,-65.997407
628.250000,-66.004528,-66.002315,-65.997407
628.300000,-66.004528,-66.002315,-65.997407
628.350000,-66.004528,-66.002315,-65.997407
628.400000,-66.004528,-66.002315,-65.997407
628.450000,-66.004528,-66.002315,-65.997407
628.500000,-66.004528,-66.002315,-65.997407
628.550000,-66.004528,-66.002315,-65.997407
628.600000,-66.004528,-66.002315,-65.997407
628.650000,-66.004528,-66.002315,-65.997407
628.700000,-66.004528,-66.002315,-65.997407
628.750000,-66.004528,-66.002315,-65.997407
628.800000,-66.004528,-66.002315,-65.997407
628.850000,-66.004528,-66.002315,-65.997407
628.900000,-66.004528,-66.002315,-65.997407
628.950000,-66.004528,-66.002315,-65.997407
629.000000,-66.004528,-66.002315,-65.997407
629.050000,-66.004528,-66.002315,-65.997407
629.100000,-66.004528,-66.002315,-65.997407
629.150000,-66.004528,-66.002315,-65.997408
629.200000,-66.004528,-66.002315,-65.997408
629.250000,-66.004528,-66.002315,-65.997408
629.300000,-66.004528,-66.002315,-65.997408
629.350000,-66.004528,-66.002315,-65.997408
629.400000,-66.004528,-66.002315,-65.997408
629.450000,-66.004528,-66.002315,-65.997408
629.500000,-66.004528,-66.002315,-65.997408
629.550000,-66.004528,-66.002315,-65.997408
629.600000,-66.004528,-66.002315,-65.997408
629.650000,-66.004528,-66.002315,-65.997408
629.700000,-66.004528,-66.002315,-65.997408
629.750000,-66.004528,-66.002315,-65.997408
629.800000,-66.004528,-66.002315,-65.997408
629.850000,-66.004528,-66.002315,-65.997408
629.900000,-66.004528,-66.002315,-65.997408
629.950000,-66.004528,-66.002315,-65.997408
630.000000,-66.004528,-66.002315,-65.997408
630.050000,-66.004528,-66.002315,-65.997408
630.100000,-66.004528,-66.002315,-65.997408
630.150000,-66.004528,-66.002315,-65.997408
630.200000,-66.004528,-66.002315,-65.997408
630.250000,-66.004528,-66.002315,-65.997408
630.300000,-66.004528,-66.002315,-65.997408
630.350000,-66.004528,-66.002315,-65.997408
630.400000,-66.004528,-66.002315,-65.997408
630.450000,-66.004528,-66.002315,-65.997408
630.500000,-66.004528,-66.002315,-65.997408
630.550000,-66.004528,-66.002315,-65.997408
630.600000,-66.004528,-66.002315,-65.997408
630.650000,-66.004528,-66.002315,-65.997408
630.700000,-66.004528,-66.002315,-65.997408
630.750000,-66.004528,-66.002315,-65.997408
630.800000,-66.004528,-66.002315,-65.997408
630.850000,-66.004528,-66.002315,-65.997408
630.900000,-66.004528,-66.002315,-65.997408
630.950000,-66.004528,-66.002315,-65.997408
631.000000,-66.004528,-66.002315,-65.997408
631.050000,-66.004528,-66.002315,-65.997408
631.100000,-66.004528,-66.002315,-65.997408
631.150000,-66.004528,-66.002315,-65.997408
631.200000,-66.004528,-66.002315,-65.997408
631.250000,-66.004528,-66.002315,-65.997408
631.300000,-66.004528,-66.002315,-65.997408
631.350000,-66.004528,-66.002315,-65.997408
631.400000,-66.004528,-66.002315,-65.997408
631.450000,-66.004528,-66.002315,-65.997408
631.500000,-66.004528,-66.002315,-65.997408
631.550000,-66.004528,-66.002315,-65.997408
631.600000,-66.004528,-66.002315,-65.997408
631.650000,-66.004528,-66.002315,-65.997408
631.700000,-66.004528,-66.002315,-65.997408
631.750000,-66.004528,-66.002315,-65.997408
631.800000,-66.004528,-66.002315,-65.997408
631.850000,-66.004528,-66.002315,-65.997408
631.900000,-66.004528,-66.002315,-65.997408
631.950000,-66.004528,-66.002315,-65.997408
632.000000,-66.004528,-66.002315,-65.997408
632.050000,-66.004528,-66.002315,-65.997408
632.100000,-66.004528,-66.002315,-65.997408
632.150000,-66.004528,-66.002315,-65.997408
632.200000,-66.004528,-66.002315,-65.997408
632.250000,-66.004528,-66.002315,-65.997408
632.300000,-66.004528,-66.002315,-65.997408
632.350000,-66.004528,-66.002315,-65.997408
632.400000,-66.004528,-66.002315,-65.997408
632.450000,-66.004528,-66.002315,-65.997408
632.500000,-66.004528,-66.002315,-65.997408
632.550000,-66.004528,-66.002315,-65.997408
632.600000,-66.004528,-66.002315,-65.997408
632.650000,-66.004528,-66.002315,-65.997408
632.700000,-66.004528,-66.002315,-65.997408
632.750000,-66.004528,-66.002315,-65.997408
632.800000,-66.004528,-66.002315,-65.997408
632.850000,-66.004528,-66.002315,-65.997408
632.900000,-66.004528,-66.002315,-65.997408
632.950000,-66.004528,-66.002315,-65.997408
633.000000,-66.004528,-66.002315,-65.997408
633.050000,-66.004528,-66.002315,-65.997408
633.100000,-66.004528,-66.002315,-65.997408
633.150000,-66.004528,-66.002315,-65.997408
633.200000,-66.004528,-66.002315,-65.997408
633.250000,-66.004528,-66.002315,-65.997408
633.300000,-66.004528,-66.002315,-65.997408
633.350000,-66.004528,-66.002315,-65.997408
633.400000,-66.004528,-66.002315,-65.997408
633.450000,-66.004528,-66.002315,-65.997408
633.500000,-66.004528,-66.002315,-65.997408
633.550000,-66.004528,-66.002316,-65.997408
633.600000,-66.004528,-66.002316,-65.997408
633.650000,-66.004528,-66.002316,-65.997408
633.700000,-66.004528,-66.002316,-65.997408
633.750000,-66.004528,-66.002316,-65.997408
633.800000,-66.004528,-66.002316,-65.997408
633.850000,-66.004528,-66.002316,-65.997408
633.900000,-66.004528,-66.002316,-65.997408
633.950000,-66.004528,-66.002316,-65.997408
634.000000,-66.004528,-66.002316,-65.997408
634.050000,-66.004528,-66.002316,-65.997408
634.100000,-66.004528,-66.002316,-65.997408
634.150000,-66.004528,-66.002316,-65.997408
634.200000,-66.004528,-66.002316,-65.997408
634.250000,-66.004528,-66.002316,-65.997408
634.300000,-66.004528,-66.002316,-65.997408
634.350000,-66.004528,-66.002316,-65.997408
634.400000,-66.004528,-66.002316,-65.997408
634.450000,-66.004528,-66.002316,-65.997408
634.500000,-66.004528,-66.002316,-65.997408
634.550000,-66.004528,-66.002316,-65.997408
634.600000,-66.004528,-66.002316,-65.997408
634.650000,-66.004528,-66.002316,-65.997408
634.700000,-66.004528,-66.002316,-65.997408
634.750000,-66.004528,-66.002316,-65.997408
634.800000,-66.004528,-66.002316,-65.997408
634.850000,-66.004528,-66.002316,-65.997408
634.900000,-66.004528,-66.002316,-65.997408
634.950000,-66.004528,-66.002316,-65.997408
635.000000,-66.004528,-66.002316,-65.997408
635.050000,-66.004528,-66.002316,-65.997408
635.100000,-66.004528,-66.002316,-65.997408
635.150000,-66.004528,-66.002316,-65.997408
635.200000,-66.004528,-66.002316,-65.997408
635.250000,-66.004528,-66.002316,-65.997408
635.300000,-66.004528,-66.002316,-65.997408
635.350000,-66.004528,-66.002316,-65.997408
635.400000,-66.004528,-66.002316,-65.997408
635.450000,-66.004528,-66.002316,-65.997408
635.500000,-66.004528,-66.002316,-65.997408
635.550000,-66.004528,-66.002316,-65.997408
635.600000,-66.004528,-66.002316,-65.997408
635.650000,-66.004528,-66.002316,-65.997408
635.700000,-66.004528,-66.002316,-65.997408
635.750000,-66.004528,-66.002316,-65.997408
635.800000,-66.004528,-66.002316,-65.997408
635.850000,-66.004528,-66.002316,-65.997408
635.900000,-66.004528,-66.002316,-65.997408
635.950000,-66.004528,-66.002316,-65.997408
636.000000,-66.004528,-66.002316,-65.997408
636.050000,-66.004528,-66.002316,-65.997408
636.100000,-66.004528,-66.002316,-65.997408
636.150000,-66.004528,-66.002316,-65.997408
636.200000,-66.004528,-66.002316,-65.997408
636.250000,-66.004528,-66.002316,-65.997408
636.300000,-66.004528,-66.002316,-65.997408
636.350000,-66.004528,-66.002316,-65.997408
636.400000,-66.004528,-66.002316,-65.997408
636.450000,-66.004528,-66.002316,-65.997408
636.500000,-66.004528,-66.002316,-65.997408
636.550000,-66.004528,-66.002316,-65.997408
636.600000,-66.004528,-66.002316,-65.997408
636.650000,-66.004528,-66.002316,-65.997408
636.700000,-66.004528,-66.002316,-65.997408
636.750000,-66.004528,-66.002316,-65.997408
636.800000,-66.004528,-66.002316,-65.997408
636.850000,-66.004528,-66.002316,-65.997408
636.900000,-66.004528,-66.002316,-65.997408
636.950000,-66.004528,-66.002316,-65.997408
637.000000,-66.004528,-66.002316,-65.997408
637.050000,-66.004528,-66.002316,-65.997408
637.100000,-66.004528,-66.002316,-65.997408
637.150000,-66.004528,-66.002316,-65.997408
637.200000,-66.004528,-66.002316,-65.997408
637.250000,-66.004528,-66.002316,-65.997408
637.300000,-66.004528,-66.002316,-65.997408
637.350000,-66.004528,-66.002316,-65.997408
637.400000,-66.004528,-66.002316,-65.997408
637.450000,-66.004528,-66.002316,-65.997408
637.500000,-66.004528,-66.002316,-65.997408
637.550000,-66.004528,-66.002316,-65.997408
637.600000,-66.004528,-66.002316,-65.997408
637.650000,-66.004528,-66.002316,-65.997408
637.700000,-66.004528,-66.002316,-65.997408
637.750000,-66.004528,-66.002316,-65.997408
637.800000,-66.004528,-66.002316,-65.997408
637.850000,-66.004528,-66.002316,-65.997408
637.900000,-66.004528,-66.002316,-65.997408
637.950000,-66.004528,-66.002316,-65.997408
638.000000,-66.004528,-66.002316,-65.997408
638.050000,-66.004528,-66.002316,-65.997408
638.100000,-66.004528,-66.002316,-65.997408
638.150000,-66.004528,-66.002316,-65.997408
638.200000,-66.004528,-66.002316,-65.997408
638.250000,-66.004528,-66.002316,-65.997408
638.300000,-66.004528,-66.002316,-65.997408
638.350000,-66.004528,-66.002316,-65.997408
638.400000,-66.004528,-66.002316,-65.997408
638.450000,-66.004528,-66.002316,-65.997408
638.500000,-66.004528,-66.002316,-65.997408
638.550000,-66.004528,-66.002316,-65.997408
638.600000,-66.004528,-66.002316,-65.997408
638.650000,-66.004528,-66.002316,-65.997408
638.700000,-66.004528,-66.002316,-65.997408
638.750000,-66.004528,-66.002316,-65.997408
638.800000,-66.004528,-66.002316,-65.997408
638.850000,-66.004529,-66.002316,-65.997408
638.900000,-66.004529,-66.002316,-65.997408
638.950000,-66.004529,-66.002316,-65.997408
639.000000,-66.004529,-66.002316,-65.997408
639.050000,-66.004529,-66.002316,-65.997408
639.100000,-66.004529,-66.002316,-65.997408
639.150000,-66.004529,-66.002316,-65.997408
639.200000,-66.004529,-66.002316,-65.997408
639.250000,-66.004529,-66.002316,-65.997408
639.300000,-66.004529,-66.002316,-65.997408
639.350000,-66.004529,-66.002316,-65.997408
639.400000,-66.004529,-66.002316,-65.997408
639.450000,-66.004529,-66.002316,-65.997408
639.500000,-66.004529,-66.002316,-65.997408
639.550000,-66.004529,-66.002316,-65.997408
639.600000,-66.004529,-66.002316,-65.997408
639.650000,-66.004529,-66.002316,-65.997408
639.700000,-66.004529,-66.002316,-65.997408
639.750000,-66.004529,-66.002316,-65.997408
639.800000,-66.004529,-66.002316,-65.997408
639.850000,-66.004529,-66.002316,-65.997408
639.900000,-66.004529,-66.002316,-65.997408
639.950000,-66.004529,-66.002316,-65.997408
640.000000,-66.004529,-66.002316,-65.997408
640.050000,-66.004529,-66.002316,-65.997408
640.100000,-66.004529,-66.002316,-65.997408
640.150000,-66.004529,-66.002316,-65.997408
640.200000,-66.004529,-66.002316,-65.997408
640.250000,-66.004529,-66.002316,-65.997408
640.300000,-66.004529,-66.002316,-65.997408
640.350000,-66.004529,-66.002316,-65.997408
640.400000,-66.004529,-66.002316,-65.997408
640.450000,-66.004529,-66.002316,-65.997408
640.500000,-66.004529,-66.002316,-65.997408
640.550000,-66.004529,-66.002316,-65.997408
640.600000,-66.004529,-66.002316,-65.997408
640.650000,-66.004529,-66.002316,-65.997408
640.700000,-66.004529,-66.002316,-65.997408
640.750000,-66.004529,-66.002316,-65.997408
640.800000,-66.004529,-66.002316,-65.997408
640.850000,-66.004529,-66.002316,-65.997408
640.900000,-66.004529,-66.002316,-65.997408
640.950000,-66.004529,-66.002316,-65.997408
641.000000,-66.004529,-66.002316,-65.997408
641.050000,-66.004529,-66.002316,-65.997408
641.100000,-66.004529,-66.002316,-65.997408
641.150000,-66.004529,-66.002316,-65.997408
641.200000,-66.004529,-66.002316,-65.997408
641.250000,-66.004529,-66.002316,-65.997408
641.300000,-66.004529,-66.002316,-65.997408
641.350000,-66.004529,-66.002316,-65.997408
641.400000,-66.004529,-66.002316,-65.997408
641.450000,-66.004529,-66.002316,-65.997408
641.500000,-66.004529,-66.002316,-65.997408
641.550000,-66.004529,-66.002316,-65.997408
641.600000,-66.004529,-66.002316,-65.997408
641.650000,-66.004529,-66.002316,-65.997408
641.700000,-66.004529,-66.002316,-65.997408
641.750000,-66.004529,-66.002316,-65.997408
641.800000,-66.004529,-66.002316,-65.997408
641.850000,-66.004529,-66.002316,-65.997408
641.900000,-66.004529,-66.002316,-65.997408
641.950000,-66.004529,-66.002316,-65.997408
642.000000,-66.004529,-66.002316,-65.997408
642.050000,-66.004529,-66.002316,-65.997408
642.100000,-66.004529,-66.002316,-65.997408
642.150000,-66.004529,-66.002316,-65.997408
642.200000,-66.004529,-66.002316,-65.997408
642.250000,-66.004529,-66.002316,-65.997408
642.300000,-66.004529,-66.002316,-65.997408
642.350000,-66.004529,-66.002316,-65.997408
642.400000,-66.004529,-66.002316,-65.997408
642.450000,-66.004529,-66.002316,-65.997408
642.500000,-66.004529,-66.002316,-65.997408
642.550000,-66.004529,-66.002316,-65.997408
642.600000,-66.004529,-66.002316,-65.997408
642.650000,-66.004529,-66.002316,-65.997408
642.700000,-66.004529,-66.002316,-65.997408
642.750000,-66.004529,-66.002316,-65.997408
642.800000,-66.004529,-66.002316,-65.997408
642.850000,-66.004529,-66.002316,-65.997408
642.900000,-66.004529,-66.002316,-65.997408
642.950000,-66.004529,-66.002316,-65.997408
643.000000,-66.004529,-66.002316,-65.997408
643.050000,-66.004529,-66.002316,-65.997408
643.100000,-66.004529,-66.002316,-65.997408
643.150000,-66.004529,-66.002316,-65.997408
643.200000,-66.004529,-66.002316,-65.997408
643.250000,-66.004529,-66.002316,-65.997408
643.300000,-66.004529,-66.002316,-65.997408
643.350000,-66.004529,-66.002316,-65.997408
643.400000,-66.004529,-66.002316,-65.997408
643.450000,-66.004529,-66.002316,-65.997408
643.500000,-66.004529,-66.002316,-65.997408
643.550000,-66.004529,-66.002316,-65.997408
643.600000,-66.004529,-66.002316,-65.997408
643.650000,-66.004529,-66.002316,-65.997408
643.700000,-66.004529,-66.002316,-65.997408
643.750000,-66.004529,-66.002316,-65.997408
643.800000,-66.004529,-66.002316,-65.997408
643.850000,-66.004529,-66.002316,-65.997408
643.900000,-66.004529,-66.002316,-65.997408
643.950000,-66.004529,-66.002316,-65.997408
644.000000,-66.004529,-66.002316,-65.997408
644.050000,-66.004529,-66.002316,-65.997408
644.100000,-66.004529,-66.002316,-65.997408
644.150000,-66.004529,-66.002316,-65.997408
644.200000,-66.004529,-66.002316,-65.997408
644.250000,-66.004529,-66.002316,-65.997408
644.300000,-66.004529,-66.002316,-65.997408
644.350000,-66.004529,-66.002316,-65.997408
644.400000,-66.004529,-66.002316,-65.997408
644.450000,-66.004529,-66.002316,-65.997408
644.500000,-66.004529,-66.002316,-65.997408
644.550000,-66.004529,-66.002316,-65.997408
644.600000,-66.004529,-66.002316,-65.997408
644.650000,-66.004529,-66.002316,-65.997408
644.700000,-66.004529,-66.002316,-65.997408
644.750000,-66.004529,-66.002316,-65.997408
644.800000,-66.004529,-66.002316,-65.997408
644.850000,-66.004529,-66.002316,-65.997408
644.900000,-66.004529,-66.002316,-65.997408
644.950000,-66.004529,-66.002316,-65.997408
645.000000,-66.004529,-66.002316,-65.997408
645.050000,-66.004529,-66.002316,-65.997408
645.100000,-66.004529,-66.002316,-65.997408
645.150000,-66.004529,-66.002316,-65.997408
645.200000,-66.004529,-66.002316,-65.997408
645.250000,-66.004529,-66.002316,-65.997408
645.300000,-66.004529,-66.002316,-65.997408
645.350000,-66.004529,-66.002316,-65.997408
645.400000,-66.004529,-66.002316,-65.997408
645.450000,-66.004529,-66.002316,-65.997408
645.500000,-66.004529,-66.002316,-65.997408
645.550000,-66.004529,-66.002316,-65.997408
645.600000,-66.004529,-66.002316,-65.997408
645.650000,-66.004529,-66.002316,-65.997408
645.700000,-66.004529,-66.002316,-65.997408
645.750000,-66.004529,-66.002316,-65.997408
645.800000,-66.004529,-66.002316,-65.997408
645.850000,-66.004529,-66.002316,-65.997408
645.900000,-66.004529,-66.002316,-65.997408
645.950000,-66.004529,-66.002316,-65.997408
646.000000,-66.004529,-66.002316,-65.997409
646.050000,-66.004529,-66.002316,-65.997409
646.100000,-66.004529,-66.002316,-65.997409
646.150000,-66.004529,-66.002316,-65.997409
646.200000,-66.004529,-66.002316,-65.997409
646.250000,-66.004529,-66.002316,-65.997409
646.300000,-66.004529,-66.002316,-65.997409
646.350000,-66.004529,-66.002316,-65.997409
646.400000,-66.004529,-66.002316,-65.997409
646.450000,-66.004529,-66.002316,-65.997409
646.500000,-66.004529,-66.002316,-65.997409
646.550000,-66.004529,-66.002316,-65.997409
646.600000,-66.004529,-66.002316,-65.997409
646.650000,-66.004529,-66.002316,-65.997409
646.700000,-66.004529,-66.002316,-65.997409
646.750000,-66.004529,-66.002316,-65.997409
646.800000,-66.004529,-66.002316,-65.997409
646.850000,-66.004529,-66.002316,-65.997409
646.900000,-66.004529,-66.002316,-65.997409
646.950000,-66.004529,-66.002316,-65.997409
647.000000,-66.004529,-66.002316,-65.997409
647.050000,-66.004529,-66.002316,-65.997409
647.100000,-66.004529,-66.002316,-65.997409
647.150000,-66.004529,-66.002316,-65.997409
647.200000,-66.004529,-66.002316,-65.997409
647.250000,-66.004529,-66.002316,-65.997409
647.300000,-66.004529,-66.002316,-65.997409
647.350000,-66.004529,-66.002316,-65.997409
647.400000,-66.004529,-66.002316,-65.997409
647.450000,-66.004529,-66.002316,-65.997409
647.500000,-66.004529,-66.002316,-65.997409
647.550000,-66.004529,-66.002316,-65.997409
647.600000,-66.004529,-66.002316,-65.997409
647.650000,-66.004529,-66.002316,-65.997409
647.700000,-66.004529,-66.002316,-65.997409
647.750000,-66.004529,-66.002316,-65.997409
647.800000,-66.004529,-66.002316,-65.997409
647.850000,-66.004529,-66.002316,-65.997409
647.900000,-66.004529,-66.002316,-65.997409
647.950000,-66.004529,-66.002316,-65.997409
648.000000,-66.004529,-66.002316,-65.997409
648.050000,-66.004529,-66.002316,-65.997409
648.100000,-66.004529,-66.002316,-65.997409
648.150000,-66.004529,-66.002316,-65.997409
648.200000,-66.004529,-66.002316,-65.997409
648.250000,-66.004529,-66.002316,-65.997409
648.300000,-66.004529,-66.002316,-65.997409
648.350000,-66.004529,-66.002316,-65.997409
648.400000,-66.004529,-66.002316,-65.997409
648.450000,-66.004529,-66.002316,-65.997409
648.500000,-66.004529,-66.002316,-65.997409
648.550000,-66.004529,-66.002316,-65.997409
648.600000,-66.004529,-66.002316,-65.997409
648.650000,-66.004529,-66.002316,-65.997409
648.700000,-66.004529,-66.002316,-65.997409
648.750000,-66.004529,-66.002316,-65.997409
648.800000,-66.004529,-66.002316,-65.997409
648.850000,-66.004529,-66.002316,-65.997409
648.900000,-66.004529,-66.002316,-65.997409
648.950000,-66.004529,-66.002316,-65.997409
649.000000,-66.004529,-66.002316,-65.997409
649.050000,-66.004529,-66.002316,-65.997409
649.100000,-66.004529,-66.002316,-65.997409
649.150000,-66.004529,-66.002316,-65.997409
649.200000,-66.004529,-66.002316,-65.997409
649.250000,-66.004529,-66.002316,-65.997409
649.300000,-66.004529,-66.002316,-65.997409
649.350000,-66.004529,-66.002316,-65.997409
649.400000,-66.004529,-66.002316,-65.997409
649.450000,-66.004529,-66.002316,-65.997409
649.500000,-66.004529,-66.002316,-65.997409
649.550000,-66.004529,-66.002316,-65.997409
649.600000,-66.004529,-66.002316,-65.997409
649.650000,-66.004529,-66.002316,-65.997409
649.700000,-66.004529,-66.002316,-65.997409
649.750000,-66.004529,-66.002316,-65.997409
649.800000,-66.004529,-66.002316,-65.997409
649.850000,-66.004529,-66.002316,-65.997409
649.900000,-66.004529,-66.002316,-65.997409
649.950000,-66.004529,-66.002316,-65.997409
650.000000,-66.004529,-66.002316,-65.997409
650.050000,-66.004529,-66.002316,-65.997409
650.100000,-66.004529,-66.002316,-65.997409
650.150000,-66.004529,-66.002316,-65.997409
650.200000,-66.004529,-66.002316,-65.997409
650.250000,-66.004529,-66.002316,-65.997409
650.300000,-66.004529,-66.002316,-65.997409
650.350000,-66.004529,-66.002316,-65.997409
650.400000,-66.004529,-66.002316,-65.997409
650.450000,-66.004529,-66.002316,-65.997409
650.500000,-66.004529,-66.002316,-65.997409
650.550000,-66.004529,-66.002316,-65.997409
650.600000,-66.004529,-66.002316,-65.997409
650.650000,-66.004529,-66.002316,-65.997409
650.700000,-66.004529,-66.002316,-65.997409
650.750000,-66.004529,-66.002316,-65.997409
650.800000,-66.004529,-66.002316,-65.997409
650.850000,-66.004529,-66.002316,-65.997409
650.900000,-66.004529,-66.002316,-65.997409
650.950000,-66.004529,-66.002316,-65.997409
651.000000,-66.004529,-66.002316,-65.997409
651.050000,-66.004529,-66.002316,-65.997409
651.100000,-66.004529,-66.002316,-65.997409
651.150000,-66.004529,-66.002316,-65.997409
651.200000,-66.004529,-66.002316,-65.997409
651.250000,-66.004529,-66.002316,-65.997409
651.300000,-66.004529,-66.002316,-65.997409
651.350000,-66.004529,-66.002316,-65.997409
651.400000,-66.004529,-66.002316,-65.997409
651.450000,-66.004529,-66.002316,-65.997409
651.500000,-66.004529,-66.002316,-65.997409
651.550000,-66.004529,-66.002316,-65.997409
651.600000,-66.004529,-66.002316,-65.997409
651.650000,-66.004529,-66.002316,-65.997409
651.700000,-66.004529,-66.002316,-65.997409
651.750000,-66.004529,-66.002316,-65.997409
651.800000,-66.004529,-66.002316,-65.997409
651.850000,-66.004529,-66.002316,-65.997409
651.900000,-66.004529,-66.002316,-65.997409
651.950000,-66.004529,-66.002316,-65.997409
652.000000,-66.004529,-66.002316,-65.997409
652.050000,-66.004529,-66.002316,-65.997409
652.100000,-66.004529,-66.002316,-65.997409
652.150000,-66.004529,-66.002316,-65.997409
652.200000,-66.004529,-66.002316,-65.997409
652.250000,-66.004529,-66.002316,-65.997409
652.300000,-66.004529,-66.002316,-65.997409
652.350000,-66.004529,-66.002316,-65.997409
652.400000,-66.004529,-66.002316,-65.997409
652.450000,-66.004529,-66.002316,-65.997409
652.500000,-66.004529,-66.002316,-65.997409
652.550000,-66.004529,-66.002316,-65.997409
652.600000,-66.004529,-66.002316,-65.997409
652.650000,-66.004529,-66.002316,-65.997409
652.700000,-66.004529,-66.002316,-65.997409
652.750000,-66.004529,-66.002316,-65.997409
652.800000,-66.004529,-66.002316,-65.997409
652.850000,-66.004529,-66.002316,-65.997409
652.900000,-66.004529,-66.002316,-65.997409
652.950000,-66.004529,-66.002316,-65.997409
653.000000,-66.004529,-66.002316,-65.997409
653.050000,-66.004529,-66.002316,-65.997409
653.100000,-66.004529,-66.002316,-65.997409
653.150000,-66.004529,-66.002316,-65.997409
653.200000,-66.004529,-66.002316,-65.997409
653.250000,-66.004529,-66.002316,-65.997409
653.300000,-66.004529,-66.002316,-65.997409
653.350000,-66.004529,-66.002316,-65.997409
653.400000,-66.004529,-66.002316,-65.997409
653.450000,-66.004529,-66.002317,-65.997409
653.500000,-66.004529,-66.002317,-65.997409
653.550000,-66.004529,-66.002317,-65.997409
653.600000,-66.004529,-66.002317,-65.997409
653.650000,-66.004529,-66.002317,-65.997409
653.700000,-66.004529,-66.002317,-65.997409
653.750000,-66.004529,-66.002317,-65.997409
653.800000,-66.004529,-66.002317,-65.997409
653.850000,-66.004529,-66.002317,-65.997409
653.900000,-66.004529,-66.002317,-65.997409
653.950000,-66.004529,-66.002317,-65.997409
654.000000,-66.004529,-66.002317,-65.997409
654.050000,-66.004529,-66.002317,-65.997409
654.100000,-66.004529,-66.002317,-65.997409
654.150000,-66.004529,-66.002317,-65.997409
654.200000,-66.004529,-66.002317,-65.997409
654.250000,-66.004529,-66.002317,-65.997409
654.300000,-66.004529,-66.002317,-65.997409
654.350000,-66.004529,-66.002317,-65.997409
654.400000,-66.004529,-66.002317,-65.997409
654.450000,-66.004529,-66.002317,-65.997409
654.500000,-66.004529,-66.002317,-65.997409
654.550000,-66.004529,-66.002317,-65.997409
654.600000,-66.004529,-66.002317,-65.997409
654.650000,-66.004529,-66.002317,-65.997409
654.700000,-66.004529,-66.002317,-65.997409
654.750000,-66.004529,-66.002317,-65.997409
654.800000,-66.004529,-66.002317,-65.997409
654.850000,-66.004529,-66.002317,-65.997409
654.900000,-66.004529,-66.002317,-65.997409
654.950000,-66.004529,-66.002317,-65.997409
655.000000,-66.004529,-66.002317,-65.997409
655.050000,-66.004529,-66.002317,-65.997409
655.100000,-66.004529,-66.002317,-65.997409
655.150000,-66.004529,-66.002317,-65.997409
655.200000,-66.004529,-66.002317,-65.997409
655.250000,-66.004529,-66.002317,-65.997409
655.300000,-66.004529,-66.002317,-65.997409
655.350000,-66.004529,-66.002317,-65.997409
655.400000,-66.004529,-66.002317,-65.997409
655.450000,-66.004529,-66.002317,-65.997409
655.500000,-66.004529,-66.002317,-65.997409
655.550000,-66.004529,-66.002317,-65.997409
655.600000,-66.004529,-66.002317,-65.997409
655.650000,-66.004529,-66.002317,-65.997409
655.700000,-66.004529,-66.002317,-65.997409
655.750000,-66.004529,-66.002317,-65.997409
655.800000,-66.004529,-66.002317,-65.997409
655.850000,-66.004529,-66.002317,-65.997409
655.900000,-66.004529,-66.002317,-65.997409
655.950000,-66.004529,-66.002317,-65.997409
656.000000,-66.004529,-66.002317,-65.997409
656.050000,-66.004529,-66.002317,-65.997409
656.100000,-66.004529,-66.002317,-65.997409
656.150000,-66.004529,-66.002317,-65.997409
656.200000,-66.004529,-66.002317,-65.997409
656.250000,-66.004529,-66.002317,-65.997409
656.300000,-66.004529,-66.002317,-65.997409
656.350000,-66.004529,-66.002317,-65.997409
656.400000,-66.004529,-66.002317,-65.997409
656.450000,-66.004529,-66.002317,-65.997409
656.500000,-66.004529,-66.002317,-65.997409
656.550000,-66.004529,-66.002317,-65.997409
656.600000,-66.004529,-66.002317,-65.997409
656.650000,-66.004529,-66.002317,-65.997409
656.700000,-66.004529,-66.002317,-65.997409
656.750000,-66.004529,-66.002317,-65.997409
656.800000,-66.004529,-66.002317,-65.997409
656.850000,-66.004529,-66.002317,-65.997409
656.900000,-66.004529,-66.002317,-65.997409
656.950000,-66.004529,-66.002317,-65.997409
657.000000,-66.004529,-66.002317,-65.997409
657.050000,-66.004529,-66.002317,-65.997409
657.100000,-66.004529,-66.002317,-65.997409
657.150000,-66.004529,-66.002317,-65.997409
657.200000,-66.004529,-66.002317,-65.997409
657.250000,-66.004529,-66.002317,-65.997409
657.300000,-66.004529,-66.002317,-65.997409
657.350000,-66.004529,-66.002317,-65.997409
657.400000,-66.004529,-66.002317,-65.997409
657.450000,-66.004529,-66.002317,-65.997409
657.500000,-66.004529,-66.002317,-65.997409
657.550000,-66.004529,-66.002317,-65.997409
657.600000,-66.004529,-66.002317,-65.997409
657.650000,-66.004529,-66.002317,-65.997409
657.700000,-66.004529,-66.002317,-65.997409
657.750000,-66.004529,-66.002317,-65.997409
657.800000,-66.004529,-66.002317,-65.997409
657.850000,-66.004529,-66.002317,-65.997409
657.900000,-66.004529,-66.002317,-65.997409
657.950000,-66.004529,-66.002317,-65.997409
658.000000,-66.004529,-66.002317,-65.997409
658.050000,-66.004529,-66.002317,-65.997409
658.100000,-66.004529,-66.002317,-65.997409
658.150000,-66.004529,-66.002317,-65.997409
658.200000,-66.004529,-66.002317,-65.997409
658.250000,-66.004529,-66.002317,-65.997409
658.300000,-66.004529,-66.002317,-65.997409
658.350000,-66.004529,-66.002317,-65.997409
658.400000,-66.004529,-66.002317,-65.997409
658.450000,-66.004529,-66.002317,-65.997409
658.500000,-66.004529,-66.002317,-65.997409
658.550000,-66.004529,-66.002317,-65.997409
658.600000,-66.004529,-66.002317,-65.997409
658.650000,-66.004529,-66.002317,-65.997409
658.700000,-66.004529,-66.002317,-65.997409
658.750000,-66.004529,-66.002317,-65.997409
658.800000,-66.004529,-66.002317,-65.997409
658.850000,-66.004529,-66.002317,-65.997409
658.900000,-66.004529,-66.002317,-65.997409
658.950000,-66.004529,-66.002317,-65.997409
659.000000,-66.004529,-66.002317,-65.997409
659.050000,-66.004529,-66.002317,-65.997409
659.100000,-66.004529,-66.002317,-65.997409
659.150000,-66.004529,-66.002317,-65.997409
659.200000,-66.004529,-66.002317,-65.997409
659.250000,-66.004529,-66.002317,-65.997409
659.300000,-66.004529,-66.002317,-65.997409
659.350000,-66.004529,-66.002317,-65.997409
659.400000,-66.004529,-66.002317,-65.997409
659.450000,-66.004529,-66.002317,-65.997409
659.500000,-66.004529,-66.002317,-65.997409
659.550000,-66.004529,-66.002317,-65.997409
659.600000,-66.004529,-66.002317,-65.997409
659.650000,-66.004529,-66.002317,-65.997409
659.700000,-66.004529,-66.002317,-65.997409
659.750000,-66.004529,-66.002317,-65.997409
659.800000,-66.004529,-66.002317,-65.997409
659.850000,-66.004529,-66.002317,-65.997409
659.900000,-66.004529,-66.002317,-65.997409
659.950000,-66.004529,-66.002317,-65.997409
660.000000,-66.004529,-66.002317,-65.997409
660.050000,-66.004529,-66.002317,-65.997409
660.100000,-66.004529,-66.002317,-65.997409
660.150000,-66.004529,-66.002317,-65.997409
660.200000,-66.004529,-66.002317,-65.997409
660.250000,-66.004529,-66.002317,-65.997409
660.300000,-66.004529,-66.002317,-65.997409
660.350000,-66.004529,-66.002317,-65.997409
660.400000,-66.004529,-66.002317,-65.997409
660.450000,-66.004529,-66.002317,-65.997409
660.500000,-66.004529,-66.002317,-65.997409
660.550000,-66.004529,-66.002317,-65.997409
660.600000,-66.004529,-66.002317,-65.997409
660.650000,-66.004529,-66.002317,-65.997409
660.700000,-66.004529,-66.002317,-65.997409
660.750000,-66.004529,-66.002317,-65.997409
660.800000,-66.004529,-66.002317,-65.997409
660.850000,-66.004529,-66.002317,-65.997409
660.900000,-66.004529,-66.002317,-65.997409
660.950000,-66.004529,-66.002317,-65.997409
661.000000,-66.004529,-66.002317,-65.997409
661.050000,-66.004529,-66.002317,-65.997409
661.100000,-66.004529,-66.002317,-65.997409
661.150000,-66.004529,-66.002317,-65.997409
661.200000,-66.004529,-66.002317,-65.997409
661.250000,-66.004529,-66.002317,-65.997409
661.300000,-66.004529,-66.002317,-65.997409
661.350000,-66.004529,-66.002317,-65.997409
661.400000,-66.004529,-66.002317,-65.997409
661.450000,-66.004529,-66.002317,-65.997409
661.500000,-66.004529,-66.002317,-65.997409
661.550000,-66.004529,-66.002317,-65.997409
661.600000,-66.004529,-66.002317,-65.997409
661.650000,-66.004529,-66.002317,-65.997409
661.700000,-66.004529,-66.002317,-65.997409
661.750000,-66.004529,-66.002317,-65.997409
661.800000,-66.004529,-66.002317,-65.997409
661.850000,-66.004529,-66.002317,-65.997409
661.900000,-66.004529,-66.002317,-65.997409
661.950000,-66.004529,-66.002317,-65.997409
662.000000,-66.004529,-66.002317,-65.997409
662.050000,-66.004529,-66.002317,-65.997409
662.100000,-66.004529,-66.002317,-65.997409
662.150000,-66.004529,-66.002317,-65.997409
662.200000,-66.004529,-66.002317,-65.997409
662.250000,-66.004529,-66.002317,-65.997409
662.300000,-66.004529,-66.002317,-65.997409
662.350000,-66.004529,-66.002317,-65.997409
662.400000,-66.004529,-66.002317,-65.997409
662.450000,-66.004529,-66.002317,-65.997409
662.500000,-66.004529,-66.002317,-65.997409
662.550000,-66.004529,-66.002317,-65.997409
662.600000,-66.004529,-66.002317,-65.997409
662.650000,-66.004529,-66.002317,-65.997409
662.700000,-66.004529,-66.002317,-65.997409
662.750000,-66.004529,-66.002317,-65.997409
662.800000,-66.004529,-66.002317,-65.997409
662.850000,-66.004529,-66.002317,-65.997409
662.900000,-66.004529,-66.002317,-65.997409
662.950000,-66.004529,-66.002317,-65.997409
663.000000,-66.004529,-66.002317,-65.997409
663.050000,-66.004529,-66.002317,-65.997409
663.100000,-66.004529,-66.002317,-65.997409
663.150000,-66.004529,-66.002317,-65.997409
663.200000,-66.004529,-66.002317,-65.997409
663.250000,-66.004529,-66.002317,-65.997409
663.300000,-66.004529,-66.002317,-65.997409
663.350000,-66.004529,-66.002317,-65.997409
663.400000,-66.004529,-66.002317,-65.997409
663.450000,-66.004529,-66.002317,-65.997409
663.500000,-66.004529,-66.002317,-65.997409
663.550000,-66.004529,-66.002317,-65.997409
663.600000,-66.004529,-66.002317,-65.997409
663.650000,-66.004529,-66.002317,-65.997409
663.700000,-66.004530,-66.002317,-65.997409
663.750000,-66.004530,-66.002317,-65.997409
663.800000,-66.004530,-66.002317,-65.997409
663.850000,-66.004530,-66.002317,-65.997409
663.900000,-66.004530,-66.002317,-65.997409
663.950000,-66.004530,-66.002317,-65.997409
664.000000,-66.004530,-66.002317,-65.997409
664.050000,-66.004530,-66.002317,-65.997409
664.100000,-66.004530,-66.002317,-65.997409
664.150000,-66.004530,-66.002317,-65.997409
664.200000,-66.004530,-66.002317,-65.997409
664.250000,-66.004530,-66.002317,-65.997409
664.300000,-66.004530,-66.002317,-65.997409
664.350000,-66.004530,-66.002317,-65.997409
664.400000,-66.004530,-66.002317,-65.997409
664.450000,-66.004530,-66.002317,-65.997409
664.500000,-66.004530,-66.002317,-65.997409
664.550000,-66.004530,-66.002317,-65.997409
664.600000,-66.004530,-66.002317,-65.997409
664.650000,-66.004530,-66.002317,-65.997409
664.700000,-66.004530,-66.002317,-65.997409
664.750000,-66.004530,-66.002317,-65.997409
664.800000,-66.004530,-66.002317,-65.997409
664.850000,-66.004530,-66.002317,-65.997409
664.900000,-66.004530,-66.002317,-65.997409
664.950000,-66.004530,-66.002317,-65.997409
665.000000,-66.004530,-66.002317,-65.997409
665.050000,-66.004530,-66.002317,-65.997409
665.100000,-66.004530,-66.002317,-65.997409
665.150000,-66.004530,-66.002317,-65.997409
665.200000,-66.004530,-66.002317,-65.997409
665.250000,-66.004530,-66.002317,-65.997409
665.300000,-66.004530,-66.002317,-65.997409
665.350000,-66.004530,-66.002317,-65.997409
665.400000,-66.004530,-66.002317,-65.997409
665.450000,-66.004530,-66.002317,-65.997409
665.500000,-66.004530,-66.002317,-65.997409
665.550000,-66.004530,-66.002317,-65.997409
665.600000,-66.004530,-66.002317,-65.997409
665.650000,-66.004530,-66.002317,-65.997409
665.700000,-66.004530,-66.002317,-65.997409
665.750000,-66.004530,-66.002317,-65.997409
665.800000,-66.004530,-66.002317,-65.997409
665.850000,-66.004530,-66.002317,-65.997409
665.900000,-66.004530,-66.002317,-65.997409
665.950000,-66.004530,-66.002317,-65.997409
666.000000,-66.004530,-66.002317,-65.997409
666.050000,-66.004530,-66.002317,-65.997409
666.100000,-66.004530,-66.002317,-65.997409
666.150000,-66.004530,-66.002317,-65.997409
666.200000,-66.004530,-66.002317,-65.997409
666.250000,-66.004530,-66.002317,-65.997409
666.300000,-66.004530,-66.002317,-65.997409
666.350000,-66.004530,-66.002317,-65.997409
666.400000,-66.004530,-66.002317,-65.997409
666.450000,-66.004530,-66.002317,-65.997409
666.500000,-66.004530,-66.002317,-65.997409
666.550000,-66.004530,-66.002317,-65.997409
666.600000,-66.004530,-66.002317,-65.997409
666.650000,-66.004530,-66.002317,-65.997409
666.700000,-66.004530,-66.002317,-65.997409
666.750000,-66.004530,-66.002317,-65.997409
666.800000,-66.004530,-66.002317,-65.997409
666.850000,-66.004530,-66.002317,-65.997409
666.900000,-66.004530,-66.002317,-65.997409
666.950000,-66.004530,-66.002317,-65.997409
667.000000,-66.004530,-66.002317,-65.997409
667.050000,-66.004530,-66.002317,-65.997409
667.100000,-66.004530,-66.002317,-65.997409
667.150000,-66.004530,-66.002317,-65.997409
667.200000,-66.004530,-66.002317,-65.997409
667.250000,-66.004530,-66.002317,-65.997409
667.300000,-66.004530,-66.002317,-65.997409
667.350000,-66.004530,-66.002317,-65.997409
667.400000,-66.004530,-66.002317,-65.997409
667.450000,-66.004530,-66.002317,-65.997409
667.500000,-66.004530,-66.002317,-65.997409
667.550000,-66.004530,-66.002317,-65.997409
667.600000,-66.004530,-66.002317,-65.997409
667.650000,-66.004530,-66.002317,-65.997409
667.700000,-66.004530,-66.002317,-65.997409
667.750000,-66.004530,-66.002317,-65.997409
667.800000,-66.004530,-66.002317,-65.997409
667.850000,-66.004530,-66.002317,-65.997409
667.900000,-66.004530,-66.002317,-65.997409
667.950000,-66.004530,-66.002317,-65.997409
668.000000,-66.004530,-66.002317,-65.997409
668.050000,-66.004530,-66.002317,-65.997409
668.100000,-66.004530,-66.002317,-65.997409
668.150000,-66.004530,-66.002317,-65.997409
668.200000,-66.004530,-66.002317,-65.997409
668.250000,-66.004530,-66.002317,-65.997409
668.300000,-66.004530,-66.002317,-65.997409
668.350000,-66.004530,-66.002317,-65.997409
668.400000,-66.004530,-66.002317,-65.997409
668.450000,-66.004530,-66.002317,-65.997409
668.500000,-66.004530,-66.002317,-65.997409
668.550000,-66.004530,-66.002317,-65.997409
668.600000,-66.004530,-66.002317,-65.997409
668.650000,-66.004530,-66.002317,-65.997409
668.700000,-66.004530,-66.002317,-65.997409
668.750000,-66.004530,-66.002317,-65.997409
668.800000,-66.004530,-66.002317,-65.997409
668.850000,-66.004530,-66.002317,-65.997409
668.900000,-66.004530,-66.002317,-65.997409
668.950000,-66.004530,-66.002317,-65.997409
669.000000,-66.004530,-66.002317,-65.997409
669.050000,-66.004530,-66.002317,-65.997409
669.100000,-66.004530,-66.002317,-65.997409
669.150000,-66.004530,-66.002317,-65.997409
669.200000,-66.004530,-66.002317,-65.997409
669.250000,-66.004530,-66.002317,-65.997409
669.300000,-66.004530,-66.002317,-65.997409
669.350000,-66.004530,-66.002317,-65.997409
669.400000,-66.004530,-66.002317,-65.997409
669.450000,-66.004530,-66.002317,-65.997409
669.500000,-66.004530,-66.002317,-65.997409
669.550000,-66.004530,-66.002317,-65.997409
669.600000,-66.004530,-66.002317,-65.997409
669.650000,-66.004530,-66.002317,-65.997409
669.700000,-66.004530,-66.002317,-65.997409
669.750000,-66.004530,-66.002317,-65.997409
669.800000,-66.004530,-66.002317,-65.997409
669.850000,-66.004530,-66.002317,-65.997409
669.900000,-66.004530,-66.002317,-65.997409
669.950000,-66.004530,-66.002317,-65.997409
670.000000,-66.004530,-66.002317,-65.997409
670.050000,-66.004530,-66.002317,-65.997409
670.100000,-66.004530,-66.002317,-65.997409
670.150000,-66.004530,-66.002317,-65.997409
670.200000,-66.004530,-66.002317,-65.997409
670.250000,-66.004530,-66.002317,-65.997409
670.300000,-66.004530,-66.002317,-65.997409
670.350000,-66.004530,-66.002317,-65.997409
670.400000,-66.004530,-66.002317,-65.997409
670.450000,-66.004530,-66.002317,-65.997409
670.500000,-66.004530,-66.002317,-65.997409
670.550000,-66.004530,-66.002317,-65.997409
670.600000,-66.004530,-66.002317,-65.997409
670.650000,-66.004530,-66.002317,-65.997409
670.700000,-66.004530,-66.002317,-65.997409
670.750000,-66.004530,-66.002317,-65.997409
670.800000,-66.004530,-66.002317,-65.997409
670.850000,-66.004530,-66.002317,-65.997409
670.900000,-66.004530,-66.002317,-65.997409
670.950000,-66.004530,-66.002317,-65.997409
671.000000,-66.004530,-66.002317,-65.997409
671.050000,-66.004530,-66.002317,-65.997409
671.100000,-66.004530,-66.002317,-65.997409
671.150000,-66.004530,-66.002317,-65.997409
671.200000,-66.004530,-66.002317,-65.997409
671.250000,-66.004530,-66.002317,-65.997409
671.300000,-66.004530,-66.002317,-65.997409
671.350000,-66.004530,-66.002317,-65.997409
671.400000,-66.004530,-66.002317,-65.997409
671.450000,-66.004530,-66.002317,-65.997409
671.500000,-66.004530,-66.002317,-65.997409
671.550000,-66.004530,-66.002317,-65.997409
671.600000,-66.004530,-66.002317,-65.997409
671.650000,-66.004530,-66.002317,-65.997409
671.700000,-66.004530,-66.002317,-65.997409
671.750000,-66.004530,-66.002317,-65.997409
671.800000,-66.004530,-66.002317,-65.997409
671.850000,-66.004530,-66.002317,-65.997409
671.900000,-66.004530,-66.002317,-65.997409
671.950000,-66.004530,-66.002317,-65.997409
672.000000,-66.004530,-66.002317,-65.997409
672.050000,-66.004530,-66.002317,-65.997409
672.100000,-66.004530,-66.002317,-65.997409
672.150000,-66.004530,-66.002317,-65.997409
672.200000,-66.004530,-66.002317,-65.997409
672.250000,-66.004530,-66.002317,-65.997409
672.300000,-66.004530,-66.002317,-65.997409
672.350000,-66.004530,-66.002317,-65.997409
672.400000,-66.004530,-66.002317,-65.997409
672.450000,-66.004530,-66.002317,-65.997409
672.500000,-66.004530,-66.002317,-65.997409
672.550000,-66.004530,-66.002317,-65.997409
672.600000,-66.004530,-66.002317,-65.997409
672.650000,-66.004530,-66.002317,-65.997409
672.700000,-66.004530,-66.002317,-65.997409
672.750000,-66.004530,-66.002317,-65.997409
672.800000,-66.004530,-66.002317,-65.997409
672.850000,-66.004530,-66.002317,-65.997409
672.900000,-66.004530,-66.002317,-65.997409
672.950000,-66.004530,-66.002317,-65.997409
673.000000,-66.004530,-66.002317,-65.997409
673.050000,-66.004530,-66.002317,-65.997409
673.100000,-66.004530,-66.002317,-65.997409
673.150000,-66.004530,-66.002317,-65.997409
673.200000,-66.004530,-66.002317,-65.997409
673.250000,-66.004530,-66.002317,-65.997409
673.300000,-66.004530,-66.002317,-65.997409
673.350000,-66.004530,-66.002317,-65.997409
673.400000,-66.004530,-66.002317,-65.997409
673.450000,-66.004530,-66.002317,-65.997409
673.500000,-66.004530,-66.002317,-65.997409
673.550000,-66.004530,-66.002317,-65.997409
673.600000,-66.004530,-66.002317,-65.997409
673.650000,-66.004530,-66.002317,-65.997409
673.700000,-66.004530,-66.002317,-65.997409
673.750000,-66.004530,-66.002317,-65.997409
673.800000,-66.004530,-66.002317,-65.997409
673.850000,-66.004530,-66.002317,-65.997409
673.900000,-66.004530,-66.002317,-65.997409
673.950000,-66.004530,-66.002317,-65.997409
674.000000,-66.004530,-66.002317,-65.997409
674.050000,-66.004530,-66.002317,-65.997409
674.100000,-66.004530,-66.002317,-65.997409
674.150000,-66.004530,-66.002317,-65.997409
674.200000,-66.004530,-66.002317,-65.997409
674.250000,-66.004530,-66.002317,-65.997409
674.300000,-66.004530,-66.002317,-65.997409
674.350000,-66.004530,-66.002317,-65.997409
674.400000,-66.004530,-66.002317,-65.997409
674.450000,-66.004530,-66.002317,-65.997409
674.500000,-66.004530,-66.002317,-65.997409
674.550000,-66.004530,-66.002317,-65.997409
674.600000,-66.004530,-66.002317,-65.997409
674.650000,-66.004530,-66.002317,-65.997409
674.700000,-66.004530,-66.002317,-65.997409
674.750000,-66.004530,-66.002317,-65.997409
674.800000,-66.004530,-66.002317,-65.997409
674.850000,-66.004530,-66.002317,-65.997409
674.900000,-66.004530,-66.002317,-65.997409
674.950000,-66.004530,-66.002317,-65.997409
675.000000,-66.004530,-66.002317,-65.997409
675.050000,-66.004530,-66.002317,-65.997409
675.100000,-66.004530,-66.002317,-65.997409
675.150000,-66.004530,-66.002317,-65.997409
675.200000,-66.004530,-66.002317,-65.997409
675.250000,-66.004530,-66.002317,-65.997409
675.300000,-66.004530,-66.002317,-65.997409
675.350000,-66.004530,-66.002317,-65.997409
675.400000,-66.004530,-66.002317,-65.997409
675.450000,-66.004530,-66.002317,-65.997409
675.500000,-66.004530,-66.002317,-65.997409
675.550000,-66.004530,-66.002317,-65.997409
675.600000,-66.004530,-66.002317,-65.997409
675.650000,-66.004530,-66.002317,-65.997409
675.700000,-66.004530,-66.002317,-65.997409
675.750000,-66.004530,-66.002317,-65.997409
675.800000,-66.004530,-66.002317,-65.997409
675.850000,-66.004530,-66.002317,-65.997409
675.900000,-66.004530,-66.002317,-65.997409
675.950000,-66.004530,-66.002317,-65.997409
676.000000,-66.004530,-66.002317,-65.997409
676.050000,-66.004530,-66.002317,-65.997409
676.100000,-66.004530,-66.002317,-65.997409
676.150000,-66.004530,-66.002317,-65.997409
676.200000,-66.004530,-66.002317,-65.997409
676.250000,-66.004530,-66.002317,-65.997409
676.300000,-66.004530,-66.002317,-65.997409
676.350000,-66.004530,-66.002317,-65.997409
676.400000,-66.004530,-66.002317,-65.997409
676.450000,-66.004530,-66.002317,-65.997409
676.500000,-66.004530,-66.002317,-65.997409
676.550000,-66.004530,-66.002317,-65.997409
676.600000,-66.004530,-66.002317,-65.997409
676.650000,-66.004530,-66.002317,-65.997409
676.700000,-66.004530,-66.002317,-65.997409
676.750000,-66.004530,-66.002317,-65.997409
676.800000,-66.004530,-66.002317,-65.997409
676.850000,-66.004530,-66.002317,-65.997409
676.900000,-66.004530,-66.002317,-65.997409
676.950000,-66.004530,-66.002317,-65.997409
677.000000,-66.004530,-66.002317,-65.997409
677.050000,-66.004530,-66.002317,-65.997409
677.100000,-66.004530,-66.002317,-65.997409
677.150000,-66.004530,-66.002317,-65.997409
677.200000,-66.004530,-66.002317,-65.997409
677.250000,-66.004530,-66.002317,-65.997409
677.300000,-66.004530,-66.002317,-65.997409
677.350000,-66.004530,-66.002317,-65.997409
677.400000,-66.004530,-66.002317,-65.997409
677.450000,-66.004530,-66.002317,-65.997409
677.500000,-66.004530,-66.002317,-65.997409
677.550000,-66.004530,-66.002317,-65.997409
677.600000,-66.004530,-66.002317,-65.997409
677.650000,-66.004530,-66.002317,-65.997409
677.700000,-66.004530,-66.002317,-65.997409
677.750000,-66.004530,-66.002317,-65.997409
677.800000,-66.004530,-66.002317,-65.997409
677.850000,-66.004530,-66.002317,-65.997409
677.900000,-66.004530,-66.002317,-65.997409
677.950000,-66.004530,-66.002317,-65.997409
678.000000,-66.004530,-66.002317,-65.997409
678.050000,-66.004530,-66.002317,-65.997409
678.100000,-66.004530,-66.002317,-65.997409
678.150000,-66.004530,-66.002317,-65.997409
678.200000,-66.004530,-66.002317,-65.997409
678.250000,-66.004530,-66.002317,-65.997409
678.300000,-66.004530,-66.002317,-65.997409
678.350000,-66.004530,-66.002317,-65.997409
678.400000,-66.004530,-66.002317,-65.997409
678.450000,-66.004530,-66.002317,-65.997409
678.500000,-66.004530,-66.002317,-65.997409
678.550000,-66.004530,-66.002317,-65.997409
678.600000,-66.004530,-66.002317,-65.997409
678.650000,-66.004530,-66.002317,-65.997409
678.700000,-66.004530,-66.002317,-65.997409
678.750000,-66.004530,-66.002317,-65.997409
678.800000,-66.004530,-66.002317,-65.997409
678.850000,-66.004530,-66.002317,-65.997409
678.900000,-66.004530,-66.002317,-65.997409
678.950000,-66.004530,-66.002317,-65.997409
679.000000,-66.004530,-66.002317,-65.997409
679.050000,-66.004530,-66.002317,-65.997409
679.100000,-66.004530,-66.002317,-65.997409
679.150000,-66.004530,-66.002317,-65.997409
679.200000,-66.004530,-66.002317,-65.997409
679.250000,-66.004530,-66.002317,-65.997409
679.300000,-66.004530,-66.002317,-65.997409
679.350000,-66.004530,-66.002317,-65.997409
679.400000,-66.004530,-66.002317,-65.997409
679.450000,-66.004530,-66.002317,-65.997409
679.500000,-66.004530,-66.002317,-65.997409
679.550000,-66.004530,-66.002317,-65.997409
679.600000,-66.004530,-66.002317,-65.997409
679.650000,-66.004530,-66.002317,-65.997409
679.700000,-66.004530,-66.002317,-65.997409
679.750000,-66.004530,-66.002317,-65.997409
679.800000,-66.004530,-66.002317,-65.997409
679.850000,-66.004530,-66.002317,-65.997409
679.900000,-66.004530,-66.002317,-65.997409
679.950000,-66.004530,-66.002317,-65.997409
680.000000,-66.004530,-66.002317,-65.997409
680.050000,-66.004530,-66.002317,-65.997409
680.100000,-66.004530,-66.002317,-65.997409
680.150000,-66.004530,-66.002317,-65.997409
680.200000,-66.004530,-66.002317,-65.997409
680.250000,-66.004530,-66.002317,-65.997409
680.300000,-66.004530,-66.002317,-65.997409
680.350000,-66.004530,-66.002317,-65.997409
680.400000,-66.004530,-66.002317,-65.997409
680.450000,-66.004530,-66.002317,-65.997409
680.500000,-66.004530,-66.002317,-65.997409
680.550000,-66.004530,-66.002317,-65.997409
680.600000,-66.004530,-66.002317,-65.997409
680.650000,-66.004530,-66.002317,-65.997410
680.700000,-66.004530,-66.002317,-65.997410
680.750000,-66.004530,-66.002317,-65.997410
680.800000,-66.004530,-66.002317,-65.997410
680.850000,-66.004530,-66.002317,-65.997410
680.900000,-66.004530,-66.002317,-65.997410
680.950000,-66.004530,-66.002317,-65.997410
681.000000,-66.004530,-66.002317,-65.997410
681.050000,-66.004530,-66.002317,-65.997410
681.100000,-66.004530,-66.002317,-65.997410
681.150000,-66.004530,-66.002317,-65.997410
681.200000,-66.004530,-66.002317,-65.997410
681.250000,-66.004530,-66.002317,-65.997410
681.300000,-66.004530,-66.002317,-65.997410
681.350000,-66.004530,-66.002317,-65.997410
681.400000,-66.004530,-66.002317,-65.997410
681.450000,-66.004530,-66.002317,-65.997410
681.500000,-66.004530,-66.002317,-65.997410
681.550000,-66.004530,-66.002317,-65.997410
681.600000,-66.004530,-66.002317,-65.997410
681.650000,-66.004530,-66.002317,-65.997410
681.700000,-66.004530,-66.002317,-65.997410
681.750000,-66.004530,-66.002317,-65.997410
681.800000,-66.004530,-66.002317,-65.997410
681.850000,-66.004530,-66.002317,-65.997410
681.900000,-66.004530,-66.002317,-65.997410
681.950000,-66.004530,-66.002317,-65.997410
682.000000,-66.004530,-66.002317,-65.997410
682.050000,-66.004530,-66.002317,-65.997410
682.100000,-66.004530,-66.002317,-65.997410
682.150000,-66.004530,-66.002317,-65.997410
682.200000,-66.004530,-66.002317,-65.997410
682.250000,-66.004530,-66.002317,-65.997410
682.300000,-66.004530,-66.002317,-65.997410
682.350000,-66.004530,-66.002317,-65.997410
682.400000,-66.004530,-66.002317,-65.997410
682.450000,-66.004530,-66.002317,-65.997410
682.500000,-66.004530,-66.002317,-65.997410
682.550000,-66.004530,-66.002317,-65.997410
682.600000,-66.004530,-66.002317,-65.997410
682.650000,-66.004530,-66.002317,-65.997410
682.700000,-66.004530,-66.002317,-65.997410
682.750000,-66.004530,-66.002317,-65.997410
682.800000,-66.004530,-66.002317,-65.997410
682.850000,-66.004530,-66.002317,-65.997410
682.900000,-66.004530,-66.002317,-65.997410
682.950000,-66.004530,-66.002317,-65.997410
683.000000,-66.004530,-66.002317,-65.997410
683.050000,-66.004530,-66.002317,-65.997410
683.100000,-66.004530,-66.002317,-65.997410
683.150000,-66.004530,-66.002317,-65.997410
683.200000,-66.004530,-66.002317,-65.997410
683.250000,-66.004530,-66.002317,-65.997410
683.300000,-66.004530,-66.002317,-65.997410
683.350000,-66.004530,-66.002317,-65.997410
683.400000,-66.004530,-66.002317,-65.997410
683.450000,-66.004530,-66.002317,-65.997410
683.500000,-66.004530,-66.002317,-65.997410
683.550000,-66.004530,-66.002317,-65.997410
683.600000,-66.004530,-66.002317,-65.997410
683.650000,-66.004530,-66.002317,-65.997410
683.700000,-66.004530,-66.002317,-65.997410
683.750000,-66.004530,-66.002317,-65.997410
683.800000,-66.004530,-66.002317,-65.997410
683.850000,-66.004530,-66.002317,-65.997410
683.900000,-66.004530,-66.002317,-65.997410
683.950000,-66.004530,-66.002317,-65.997410
684.000000,-66.004530,-66.002317,-65.997410
684.050000,-66.004530,-66.002317,-65.997410
684.100000,-66.004530,-66.002317,-65.997410
684.150000,-66.004530,-66.002317,-65.997410
684.200000,-66.004530,-66.002317,-65.997410
684.250000,-66.004530,-66.002317,-65.997410
684.300000,-66.004530,-66.002317,-65.997410
684.350000,-66.004530,-66.002317,-65.997410
684.400000,-66.004530,-66.002317,-65.997410
684.450000,-66.004530,-66.002317,-65.997410
684.500000,-66.004530,-66.002317,-65.997410
684.550000,-66.004530,-66.002317,-65.997410
684.600000,-66.004530,-66.002317,-65.997410
684.650000,-66.004530,-66.002317,-65.997410
684.700000,-66.004530,-66.002317,-65.997410
684.750000,-66.004530,-66.002317,-65.997410
684.800000,-66.004530,-66.002317,-65.997410
684.850000,-66.004530,-66.002317,-65.997410
684.900000,-66.004530,-66.002317,-65.997410
684.950000,-66.004530,-66.002317,-65.997410
685.000000,-66.004530,-66.002317,-65.997410
685.050000,-66.004530,-66.002317,-65.997410
685.100000,-66.004530,-66.002317,-65.997410
685.150000,-66.004530,-66.002317,-65.997410
685.200000,-66.004530,-66.002317,-65.997410
685.250000,-66.004530,-66.002317,-65.997410
685.300000,-66.004530,-66.002317,-65.997410
685.350000,-66.004530,-66.002317,-65.997410
685.400000,-66.004530,-66.002317,-65.997410
685.450000,-66.004530,-66.002317,-65.997410
685.500000,-66.004530,-66.002317,-65.997410
685.550000,-66.004530,-66.002317,-65.997410
685.600000,-66.004530,-66.002317,-65.997410
685.650000,-66.004530,-66.002317,-65.997410
685.700000,-66.004530,-66.002317,-65.997410
685.750000,-66.004530,-66.002317,-65.997410
685.800000,-66.004530,-66.002317,-65.997410
685.850000,-66.004530,-66.002317,-65.997410
685.900000,-66.004530,-66.002317,-65.997410
685.950000,-66.004530,-66.002317,-65.997410
686.000000,-66.004530,-66.002317,-65.997410
686.050000,-66.004530,-66.002317,-65.997410
686.100000,-66.004530,-66.002317,-65.997410
686.150000,-66.004530,-66.002317,-65.997410
686.200000,-66.004530,-66.002317,-65.997410
686.250000,-66.004530,-66.002317,-65.997410
686.300000,-66.004530,-66.002317,-65.997410
686.350000,-66.004530,-66.002317,-65.997410
686.400000,-66.004530,-66.002317,-65.997410
686.450000,-66.004530,-66.002317,-65.997410
686.500000,-66.004530,-66.002317,-65.997410
686.550000,-66.004530,-66.002317,-65.997410
686.600000,-66.004530,-66.002317,-65.997410
686.650000,-66.004530,-66.002317,-65.997410
686.700000,-66.004530,-66.002317,-65.997410
686.750000,-66.004530,-66.002317,-65.997410
686.800000,-66.004530,-66.002317,-65.997410
686.850000,-66.004530,-66.002317,-65.997410
686.900000,-66.004530,-66.002317,-65.997410
686.950000,-66.004530,-66.002317,-65.997410
687.000000,-66.004530,-66.002317,-65.997410
687.050000,-66.004530,-66.002317,-65.997410
687.100000,-66.004530,-66.002317,-65.997410
687.150000,-66.004530,-66.002317,-65.997410
687.200000,-66.004530,-66.002317,-65.997410
687.250000,-66.004530,-66.002317,-65.997410
687.300000,-66.004530,-66.002317,-65.997410
687.350000,-66.004530,-66.002317,-65.997410
687.400000,-66.004530,-66.002317,-65.997410
687.450000,-66.004530,-66.002317,-65.997410
687.500000,-66.004530,-66.002317,-65.997410
687.550000,-66.004530,-66.002317,-65.997410
687.600000,-66.004530,-66.002317,-65.997410
687.650000,-66.004530,-66.002317,-65.997410
687.700000,-66.004530,-66.002317,-65.997410
687.750000,-66.004530,-66.002317,-65.997410
687.800000,-66.004530,-66.002317,-65.997410
687.850000,-66.004530,-66.002317,-65.997410
687.900000,-66.004530,-66.002317,-65.997410
687.950000,-66.004530,-66.002317,-65.997410
688.000000,-66.004530,-66.002317,-65.997410
688.050000,-66.004530,-66.002317,-65.997410
688.100000,-66.004530,-66.002317,-65.997410
688.150000,-66.004530,-66.002317,-65.997410
688.200000,-66.004530,-66.002317,-65.997410
688.250000,-66.004530,-66.002317,-65.997410
688.300000,-66.004530,-66.002317,-65.997410
688.350000,-66.004530,-66.002317,-65.997410
688.400000,-66.004530,-66.002317,-65.997410
688.450000,-66.004530,-66.002317,-65.997410
688.500000,-66.004530,-66.002317,-65.997410
688.550000,-66.004530,-66.002317,-65.997410
688.600000,-66.004530,-66.002317,-65.997410
688.650000,-66.004530,-66.002317,-65.997410
688.700000,-66.004530,-66.002317,-65.997410
688.750000,-66.004530,-66.002317,-65.997410
688.800000,-66.004530,-66.002317,-65.997410
688.850000,-66.004530,-66.002317,-65.997410
688.900000,-66.004530,-66.002317,-65.997410
688.950000,-66.004530,-66.002317,-65.997410
689.000000,-66.004530,-66.002317,-65.997410
689.050000,-66.004530,-66.002317,-65.997410
689.100000,-66.004530,-66.002317,-65.997410
689.150000,-66.004530,-66.002317,-65.997410
689.200000,-66.004530,-66.002317,-65.997410
689.250000,-66.004530,-66.002317,-65.997410
689.300000,-66.004530,-66.002317,-65.997410
689.350000,-66.004530,-66.002317,-65.997410
689.400000,-66.004530,-66.002317,-65.997410
689.450000,-66.004530,-66.002317,-65.997410
689.500000,-66.004530,-66.002317,-65.997410
689.550000,-66.004530,-66.002317,-65.997410
689.600000,-66.004530,-66.002317,-65.997410
689.650000,-66.004530,-66.002317,-65.997410
689.700000,-66.004530,-66.002317,-65.997410
689.750000,-66.004530,-66.002317,-65.997410
689.800000,-66.004530,-66.002317,-65.997410
689.850000,-66.004530,-66.002317,-65.997410
689.900000,-66.004530,-66.002317,-65.997410
689.950000,-66.004530,-66.002317,-65.997410
690.000000,-66.004530,-66.002317,-65.997410
690.050000,-66.004530,-66.002317,-65.997410
690.100000,-66.004530,-66.002317,-65.997410
690.150000,-66.004530,-66.002317,-65.997410
690.200000,-66.004530,-66.002317,-65.997410
690.250000,-66.004530,-66.002317,-65.997410
690.300000,-66.004530,-66.002317,-65.997410
690.350000,-66.004530,-66.002317,-65.997410
690.400000,-66.004530,-66.002317,-65.997410
690.450000,-66.004530,-66.002317,-65.997410
690.500000,-66.004530,-66.002317,-65.997410
690.550000,-66.004530,-66.002317,-65.997410
690.600000,-66.004530,-66.002317,-65.997410
690.650000,-66.004530,-66.002317,-65.997410
690.700000,-66.004530,-66.002317,-65.997410
690.750000,-66.004530,-66.002317,-65.997410
690.800000,-66.004530,-66.002317,-65.997410
690.850000,-66.004530,-66.002317,-65.997410
690.900000,-66.004530,-66.002317,-65.997410
690.950000,-66.004530,-66.002317,-65.997410
691.000000,-66.004530,-66.002317,-65.997410
691.050000,-66.004530,-66.002317,-65.997410
691.100000,-66.004530,-66.002317,-65.997410
691.150000,-66.004530,-66.002317,-65.997410
691.200000,-66.004530,-66.002317,-65.997410
691.250000,-66.004530,-66.002317,-65.997410
691.300000,-66.004530,-66.002317,-65.997410
691.350000,-66.004530,-66.002317,-65.997410
691.400000,-66.004530,-66.002317,-65.997410
691.450000,-66.004530,-66.002317,-65.997410
691.500000,-66.004530,-66.002317,-65.997410
691.550000,-66.004530,-66.002317,-65.997410
691.600000,-66.004530,-66.002317,-65.997410
691.650000,-66.004530,-66.002317,-65.997410
691.700000,-66.004530,-66.002317,-65.997410
691.750000,-66.004530,-66.002317,-65.997410
691.800000,-66.004530,-66.002317,-65.997410
691.850000,-66.004530,-66.002317,-65.997410
691.900000,-66.004530,-66.002317,-65.997410
691.950000,-66.004530,-66.002317,-65.997410
692.000000,-66.004530,-66.002317,-65.997410
692.050000,-66.004530,-66.002317,-65.997410
692.100000,-66.004530,-66.002317,-65.997410
692.150000,-66.004530,-66.002317,-65.997410
692.200000,-66.004530,-66.002317,-65.997410
692.250000,-66.004530,-66.002317,-65.997410
692.300000,-66.004530,-66.002317,-65.997410
692.350000,-66.004530,-66.002317,-65.997410
692.400000,-66.004530,-66.002317,-65.997410
692.450000,-66.004530,-66.002317,-65.997410
692.500000,-66.004530,-66.002317,-65.997410
692.550000,-66.004530,-66.002317,-65.997410
692.600000,-66.004530,-66.002317,-65.997410
692.650000,-66.004530,-66.002317,-65.997410
692.700000,-66.004530,-66.002317,-65.997410
692.750000,-66.004530,-66.002317,-65.997410
692.800000,-66.004530,-66.002317,-65.997410
692.850000,-66.004530,-66.002317,-65.997410
692.900000,-66.004530,-66.002317,-65.997410
692.950000,-66.004530,-66.002317,-65.997410
693.000000,-66.004530,-66.002317,-65.997410
693.050000,-66.004530,-66.002317,-65.997410
693.100000,-66.004530,-66.002317,-65.997410
693.150000,-66.004530,-66.002317,-65.997410
693.200000,-66.004530,-66.002317,-65.997410
693.250000,-66.004530,-66.002317,-65.997410
693.300000,-66.004530,-66.002317,-65.997410
693.350000,-66.004530,-66.002317,-65.997410
693.400000,-66.004530,-66.002317,-65.997410
693.450000,-66.004530,-66.002317,-65.997410
693.500000,-66.004530,-66.002317,-65.997410
693.550000,-66.004530,-66.002317,-65.997410
693.600000,-66.004530,-66.002317,-65.997410
693.650000,-66.004530,-66.002317,-65.997410
693.700000,-66.004530,-66.002317,-65.997410
693.750000,-66.004530,-66.002317,-65.997410
693.800000,-66.004530,-66.002317,-65.997410
693.850000,-66.004530,-66.002317,-65.997410
693.900000,-66.004530,-66.002317,-65.997410
693.950000,-66.004530,-66.002317,-65.997410
694.000000,-66.004530,-66.002317,-65.997410
694.050000,-66.004530,-66.002317,-65.997410
694.100000,-66.004530,-66.002317,-65.997410
694.150000,-66.004530,-66.002317,-65.997410
694.200000,-66.004530,-66.002317,-65.997410
694.250000,-66.004530,-66.002317,-65.997410
694.300000,-66.004530,-66.002317,-65.997410
694.350000,-66.004530,-66.002317,-65.997410
694.400000,-66.004530,-66.002317,-65.997410
694.450000,-66.004530,-66.002317,-65.997410
694.500000,-66.004530,-66.002317,-65.997410
694.550000,-66.004530,-66.002317,-65.997410
694.600000,-66.004530,-66.002317,-65.997410
694.650000,-66.004530,-66.002317,-65.997410
694.700000,-66.004530,-66.002317,-65.997410
694.750000,-66.004530,-66.002317,-65.997410
694.800000,-66.004530,-66.002317,-65.997410
694.850000,-66.004530,-66.002317,-65.997410
694.900000,-66.004530,-66.002317,-65.997410
694.950000,-66.004530,-66.002317,-65.997410
695.000000,-66.004530,-66.002317,-65.997410
695.050000,-66.004530,-66.002317,-65.997410
695.100000,-66.004530,-66.002317,-65.997410
695.150000,-66.004530,-66.002317,-65.997410
695.200000,-66.004530,-66.002317,-65.997410
695.250000,-66.004530,-66.002317,-65.997410
695.300000,-66.004530,-66.002317,-65.997410
695.350000,-66.004530,-66.002317,-65.997410
695.400000,-66.004530,-66.002317,-65.997410
695.450000,-66.004530,-66.002317,-65.997410
695.500000,-66.004530,-66.002317,-65.997410
695.550000,-66.004530,-66.002317,-65.997410
695.600000,-66.004530,-66.002317,-65.997410
695.650000,-66.004530,-66.002317,-65.997410
695.700000,-66.004530,-66.002317,-65.997410
695.750000,-66.004530,-66.002317,-65.997410
695.800000,-66.004530,-66.002317,-65.997410
695.850000,-66.004530,-66.002317,-65.997410
695.900000,-66.004530,-66.002317,-65.997410
695.950000,-66.004530,-66.002317,-65.997410
696.000000,-66.004530,-66.002317,-65.997410
696.050000,-66.004530,-66.002317,-65.997410
696.100000,-66.004530,-66.002317,-65.997410
696.150000,-66.004530,-66.002317,-65.997410
696.200000,-66.004530,-66.002317,-65.997410
696.250000,-66.004530,-66.002317,-65.997410
696.300000,-66.004530,-66.002317,-65.997410
696.350000,-66.004530,-66.002317,-65.997410
696.400000,-66.004530,-66.002317,-65.997410
696.450000,-66.004530,-66.002317,-65.997410
696.500000,-66.004530,-66.002317,-65.997410
696.550000,-66.004530,-66.002317,-65.997410
696.600000,-66.004530,-66.002317,-65.997410
696.650000,-66.004530,-66.002317,-65.997410
696.700000,-66.004530,-66.002317,-65.997410
696.750000,-66.004530,-66.002317,-65.997410
696.800000,-66.004530,-66.002317,-65.997410
696.850000,-66.004530,-66.002317,-65.997410
696.900000,-66.004530,-66.002317,-65.997410
696.950000,-66.004530,-66.002317,-65.997410
697.000000,-66.004530,-66.002317,-65.997410
697.050000,-66.004530,-66.002317,-65.997410
697.100000,-66.004530,-66.002317,-65.997410
697.150000,-66.004530,-66.002317,-65.997410
697.200000,-66.004530,-66.002317,-65.997410
697.250000,-66.004530,-66.002317,-65.997410
697.300000,-66.004530,-66.002317,-65.997410
697.350000,-66.004530,-66.002317,-65.997410
697.400000,-66.004530,-66.002317,-65.997410
697.450000,-66.004530,-66.002317,-65.997410
697.500000,-66.004530,-66.002317,-65.997410
697.550000,-66.004530,-66.002317,-65.997410
697.600000,-66.004530,-66.002317,-65.997410
697.650000,-66.004530,-66.002317,-65.997410
697.700000,-66.004530,-66.002317,-65.997410
697.750000,-66.004530,-66.002317,-65.997410
697.800000,-66.004530,-66.002317,-65.997410
697.850000,-66.004530,-66.002317,-65.997410
697.900000,-66.004530,-66.002317,-65.997410
697.950000,-66.004530,-66.002317,-65.997410
698.000000,-66.004530,-66.002317,-65.997410
698.050000,-66.004530,-66.002317,-65.997410
698.100000,-66.004530,-66.002317,-65.997410
698.150000,-66.004530,-66.002317,-65.997410
698.200000,-66.004530,-66.002317,-65.997410
698.250000,-66.004530,-66.002317,-65.997410
698.300000,-66.004530,-66.002317,-65.997410
698.350000,-66.004530,-66.002317,-65.997410
698.400000,-66.004530,-66.002317,-65.997410
698.450000,-66.004530,-66.002317,-65.997410
698.500000,-66.004530,-66.002317,-65.997410
698.550000,-66.004530,-66.002317,-65.997410
698.600000,-66.004530,-66.002317,-65.997410
698.650000,-66.004530,-66.002317,-65.997410
698.700000,-66.004530,-66.002317,-65.997410
698.750000,-66.004530,-66.002317,-65.997410
698.800000,-66.004530,-66.002317,-65.997410
698.850000,-66.004530,-66.002317,-65.997410
698.900000,-66.004530,-66.002317,-65.997410
698.950000,-66.004530,-66.002317,-65.997410
699.000000,-66.004530,-66.002317,-65.997410
699.050000,-66.004530,-66.002317,-65.997410
699.100000,-66.004530,-66.002317,-65.997410
699.150000,-66.004530,-66.002317,-65.997410
699.200000,-66.004530,-66.002317,-65.997410
699.250000,-66.004530,-66.002317,-65.997410
699.300000,-66.004530,-66.002317,-65.997410
699.350000,-66.004530,-66.002317,-65.997410
699.400000,-66.004530,-66.002317,-65.997410
699.450000,-66.004530,-66.002317,-65.997410
699.500000,-66.004530,-66.002317,-65.997410
699.550000,-66.004530,-66.002317,-65.997410
699.600000,-66.004530,-66.002317,-65.997410
699.650000,-66.004530,-66.002317,-65.997410
699.700000,-66.004530,-66.002317,-65.997410
699.750000,-66.004530,-66.002317,-65.997410
699.800000,-66.004530,-66.002317,-65.997410
699.850000,-66.004530,-66.002317,-65.997410
699.900000,-66.004530,-66.002317,-65.997410
699.950000,-66.004530,-66.002317,-65.997410
700.000000,-66.004530,-66.002317,-65.997410
700.050000,-65.996586,-65.996145,-65.992143
700.100000,-65.991009,-65.990980,-65.987128
700.150000,-65.986396,-65.986545,-65.982674
700.200000,-65.982320,-65.982571,-65.978654
700.250000,-65.978596,-65.978915,-65.974954
700.300000,-65.975125,-65.975491,-65.971497
700.350000,-65.971847,-65.972247,-65.968230
700.400000,-65.968724,-65.969148,-65.965116
700.450000,-65.965727,-65.966168,-65.962128
700.500000,-65.962838,-65.963290,-65.959247
700.550000,-65.960040,-65.960499,-65.956458
700.600000,-65.957323,-65.957786,-65.953750
700.650000,-65.954677,-65.955141,-65.951114
700.700000,-65.952096,-65.952558,-65.948542
700.750000,-65.949572,-65.950032,-65.946028
700.800000,-65.947101,-65.947556,-65.943566
700.850000,-65.944678,-65.945128,-65.941153
700.900000,-65.942299,-65.942743,-65.938785
700.950000,-65.939962,-65.940399,-65.936459
701.000000,-65.937663,-65.938093,-65.934170
701.050000,-65.935401,-65.935823,-65.931918
701.100000,-65.933171,-65.933586,-65.929700
701.150000,-65.930974,-65.931380,-65.927513
701.200000,-65.928807,-65.929205,-65.925357
701.250000,-65.926668,-65.927057,-65.923229
701.300000,-65.924556,-65.924936,-65.921127
701.350000,-65.922469,-65.922841,-65.919051
701.400000,-65.920406,-65.920771,-65.917000
701.450000,-65.918367,-65.918723,-65.914971
701.500000,-65.916350,-65.916698,-65.912965
701.550000,-65.914354,-65.914694,-65.910980
701.600000,-65.912379,-65.912710,-65.909015
701.650000,-65.910423,-65.910747,-65.907070
701.700000,-65.908485,-65.908802,-65.905144
701.750000,-65.906566,-65.906875,-65.903235
701.800000,-65.904664,-65.904966,-65.901344
701.850000,-65.902779,-65.903074,-65.899469
701.900000,-65.900910,-65.901198,-65.897611
701.950000,-65.899056,-65.899337,-65.895768
702.000000,-65.897217,-65.897492,-65.893940
702.050000,-65.895394,-65.895662,-65.892126
702.100000,-65.893584,-65.893846,-65.890327
702.150000,-65.891788,-65.892044,-65.888541
702.200000,-65.890005,-65.890256,-65.886769
702.250000,-65.888235,-65.888480,-65.885009
702.300000,-65.886477,-65.886717,-65.883262
702.350000,-65.884732,-65.884967,-65.881526
702.400000,-65.882998,-65.883228,-65.879803
702.450000,-65.881276,-65.881501,-65.878091
702.500000,-65.879565,-65.879785,-65.876390
702.550000,-65.877865,-65.878080,-65.874699
702.600000,-65.876175,-65.876386,-65.873020
702.650000,-65.874496,-65.874702,-65.871350
702.700000,-65.872826,-65.873029,-65.869691
702.750000,-65.871167,-65.871365,-65.868041
702.800000,-65.869517,-65.869711,-65.866400
702.850000,-65.867876,-65.868066,-65.864769
702.900000,-65.866245,-65.866431,-65.863147
702.950000,-65.864622,-65.864805,-65.861534
703.000000,-65.863008,-65.863187,-65.859929
703.050000,-65.861402,-65.861578,-65.858333
703.100000,-65.859805,-65.859977,-65.856745
703.150000,-65.858215,-65.858385,-65.855165
703.200000,-65.856634,-65.856800,-65.853593
703.250000,-65.855060,-65.855223,-65.852028
703.300000,-65.853494,-65.853654,-65.850471
703.350000,-65.851935,-65.852093,-65.848922
703.400000,-65.850384,-65.850539,-65.847379
703.450000,-65.848840,-65.848992,-65.845844
703.500000,-65.847302,-65.847452,-65.844316
703.550000,-65.845772,-65.845919,-65.842794
703.600000,-65.844248,-65.844392,-65.841279
703.650000,-65.842731,-65.842873,-65.839771
703.700000,-65.841220,-65.841360,-65.838269
703.750000,-65.839715,-65.839853,-65.836773
703.800000,-65.838217,-65.838352,-65.835284
703.850000,-65.836725,-65.836858,-65.833800
703.900000,-65.835239,-65.835370,-65.832322
703.950000,-65.833759,-65.833888,-65.830851
704.000000,-65.832284,-65.832411,-65.829385
704.050000,-65.830815,-65.830940,-65.827924
704.100000,-65.829352,-65.829475,-65.826469
704.150000,-65.827894,-65.828016,-65.825020
704.200000,-65.826442,-65.826561,-65.823576
704.250000,-65.824995,-65.825113,-65.822137
704.300000,-65.823553,-65.823669,-65.820704
704.350000,-65.822116,-65.822231,-65.819275
704.400000,-65.820684,-65.820797,-65.817851
704.450000,-65.819258,-65.819369,-65.816433
704.500000,-65.817836,-65.817946,-65.815019
704.550000,-65.816419,-65.816527,-65.813610
704.600000,-65.815007,-65.815114,-65.812206
704.650000,-65.813599,-65.813705,-65.810807
704.700000,-65.812196,-65.812301,-65.809412
704.750000,-65.810798,-65.810901,-65.808021
704.800000,-65.809404,-65.809506,-65.806635
704.850000,-65.808015,-65.808115,-65.805253
704.900000,-65.806630,-65.806729,-65.803876
704.950000,-65.805249,-65.805347,-65.802503
705.000000,-65.803872,-65.803969,-65.801134
705.050000,-65.802500,-65.802596,-65.799770
705.100000,-65.801132,-65.801226,-65.798409
705.150000,-65.799768,-65.799861,-65.797053
705.200000,-65.798408,-65.798500,-65.795700
705.250000,-65.797052,-65.797143,-65.794352
705.300000,-65.795699,-65.795790,-65.793007
705.350000,-65.794351,-65.794440,-65.791666
705.400000,-65.793007,-65.793095,-65.790329
705.450000,-65.791666,-65.791754,-65.788996
705.500000,-65.790329,-65.790416,-65.787667
705.550000,-65.788996,-65.789082,-65.786341
705.600000,-65.787667,-65.787751,-65.785019
705.650000,-65.786341,-65.786425,-65.783700
705.700000,-65.785019,-65.785102,-65.782385
705.750000,-65.783700,-65.783782,-65.781074
705.800000,-65.782385,-65.782466,-65.779766
705.850000,-65.781073,-65.781153,-65.778461
705.900000,-65.779765,-65.779844,-65.777160
705.950000,-65.778460,-65.778539,-65.775862
706.000000,-65.777158,-65.777237,-65.774568
706.050000,-65.775860,-65.775938,-65.773276
706.100000,-65.774565,-65.774642,-65.771989
706.150000,-65.773274,-65.773350,-65.770704
706.200000,-65.771985,-65.772061,-65.769423
706.250000,-65.770700,-65.770775,-65.768144
706.300000,-65.769418,-65.769492,-65.766869
706.350000,-65.768139,-65.768213,-65.765597
706.400000,-65.766864,-65.766937,-65.764329
706.450000,-65.765591,-65.765663,-65.763063
706.500000,-65.764322,-65.764393,-65.761800
706.550000,-65.763055,-65.763126,-65.760540
706.600000,-65.761792,-65.761862,-65.759284
706.650000,-65.760531,-65.760601,-65.758030
706.700000,-65.759274,-65.759343,-65.756779
706.750000,-65.758019,-65.758088,-65.755531
706.800000,-65.756768,-65.756836,-65.754286
706.850000,-65.755519,-65.755587,-65.753044
706.900000,-65.754273,-65.754340,-65.751805
706.950000,-65.753030,-65.753097,-65.750568
707.000000,-65.751790,-65.751856,-65.749335
707.050000,-65.750552,-65.750618,-65.748104
707.100000,-65.749318,-65.749383,-65.746876
707.150000,-65.748086,-65.748151,-65.745650
707.200000,-65.746857,-65.746921,-65.744428
707.250000,-65.745631,-65.745694,-65.743208
707.300000,-65.744407,-65.744470,-65.741990
707.350000,-65.743186,-65.743249,-65.740776
707.400000,-65.741968,-65.742030,-65.739564
707.450000,-65.740752,-65.740814,-65.738354
707.500000,-65.739539,-65.739601,-65.737148
707.550000,-65.738329,-65.738390,-65.735944
707.600000,-65.737121,-65.737182,-65.734742
707.650000,-65.735916,-65.735976,-65.733543
707.700000,-65.734713,-65.734773,-65.732347
707.750000,-65.733513,-65.733573,-65.731153
707.800000,-65.732316,-65.732375,-65.729961
707.850000,-65.731121,-65.731179,-65.728773
707.900000,-65.729928,-65.729987,-65.727586
707.950000,-65.728738,-65.728796,-65.726402
708.000000,-65.727551,-65.727608,-65.725221
708.050000,-65.726366,-65.726423,-65.724042
708.100000,-65.725183,-65.725240,-65.722865
708.150000,-65.724003,-65.724059,-65.721691
708.200000,-65.722825,-65.722881,-65.720519
708.250000,-65.721650,-65.721705,-65.719350
708.300000,-65.720477,-65.720532,-65.718182
708.350000,-65.719306,-65.719361,-65.717018
708.400000,-65.718138,-65.718193,-65.715855
708.450000,-65.716972,-65.717027,-65.714695
708.500000,-65.715808,-65.715863,-65.713538
708.550000,-65.714647,-65.714701,-65.712382
708.600000,-65.713488,-65.713542,-65.711229
708.650000,-65.712332,-65.712385,-65.710078
708.700000,-65.711177,-65.711231,-65.708930
708.750000,-65.710025,-65.710078,-65.707784
708.800000,-65.708876,-65.708928,-65.706640
708.850000,-65.707728,-65.707780,-65.705498
708.900000,-65.706583,-65.706635,-65.704358
708.950000,-65.705440,-65.705492,-65.703221
709.000000,-65.704299,-65.704351,-65.702086
709.050000,-65.703161,-65.703212,-65.700953
709.100000,-65.702024,-65.702075,-65.699822
709.150000,-65.700890,-65.700941,-65.698694
709.200000,-65.699758,-65.699809,-65.697567
709.250000,-65.698629,-65.698679,-65.696443
709.300000,-65.697501,-65.697551,-65.695321
709.350000,-65.696376,-65.696425,-65.694201
709.400000,-65.695252,-65.695302,-65.693084
709.450000,-65.694131,-65.694181,-65.691968
709.500000,-65.693012,-65.693061,-65.690854
709.550000,-65.691895,-65.691944,-65.689743
709.600000,-65.690781,-65.690829,-65.688634
709.650000,-65.689668,-65.689716,-65.687526
709.700000,-65.688558,-65.688606,-65.686421
709.750000,-65.687449,-65.687497,-65.685318
709.800000,-65.686343,-65.686390,-65.684217
709.850000,-65.685238,-65.685286,-65.683118
709.900000,-65.684136,-65.684183,-65.682021
709.950000,-65.683036,-65.683083,-65.680927
710.000000,-65.681938,-65.681985,-65.679834
710.050000,-65.680842,-65.680889,-65.678743
710.100000,-65.679748,-65.679794,-65.677654
710.150000,-65.678656,-65.678702,-65.676567
710.200000,-65.677566,-65.677612,-65.675483
710.250000,-65.676478,-65.676524,-65.674400
710.300000,-65.675392,-65.675438,-65.673319
710.350000,-65.674308,-65.674353,-65.672240
710.400000,-65.673226,-65.673271,-65.671163
710.450000,-65.672146,-65.672191,-65.670089
710.500000,-65.671068,-65.671113,-65.669016
710.550000,-65.669992,-65.670037,-65.667945
710.600000,-65.668918,-65.668962,-65.666876
710.650000,-65.667846,-65.667890,-65.665809
710.700000,-65.666776,-65.666820,-65.664744
710.750000,-65.665708,-65.665751,-65.663680
710.800000,-65.664641,-65.664685,-65.662619
710.850000,-65.663577,-65.663620,-65.661560
710.900000,-65.662514,-65.662558,-65.660502
710.950000,-65.661454,-65.661497,-65.659447
711.000000,-65.660395,-65.660438,-65.658393
711.050000,-65.659339,-65.659382,-65.657341
711.100000,-65.658284,-65.658327,-65.656292
711.150000,-65.657231,-65.657274,-65.655244
711.200000,-65.656180,-65.656222,-65.654197
711.250000,-65.655131,-65.655173,-65.653153
711.300000,-65.654084,-65.654126,-65.652111
711.350000,-65.653038,-65.653080,-65.651070
711.400000,-65.651995,-65.652037,-65.650032
711.450000,-65.650953,-65.650995,-65.648995
711.500000,-65.649913,-65.649955,-65.647960
711.550000,-65.648875,-65.648917,-65.646927
711.600000,-65.647839,-65.647881,-65.645895
711.650000,-65.646805,-65.646846,-65.644866
711.700000,-65.645773,-65.645814,-65.643838
711.750000,-65.644742,-65.644783,-65.642812
711.800000,-65.643713,-65.643754,-65.641788
711.850000,-65.642686,-65.642727,-65.640766
711.900000,-65.641661,-65.641702,-65.639745
711.950000,-65.640638,-65.640678,-65.638727
712.000000,-65.639616,-65.639656,-65.637710
712.050000,-65.638597,-65.638636,-65.636695
712.100000,-65.637579,-65.637618,-65.635682
712.150000,-65.636563,-65.636602,-65.634670
712.200000,-65.635548,-65.635588,-65.633660
712.250000,-65.634536,-65.634575,-65.632652
712.300000,-65.633525,-65.633564,-65.631646
712.350000,-65.632516,-65.632555,-65.630641
712.400000,-65.631508,-65.631547,-65.629639
712.450000,-65.630503,-65.630542,-65.628638
712.500000,-65.629499,-65.629538,-65.627638
712.550000,-65.628497,-65.628536,-65.626641
712.600000,-65.627497,-65.627535,-65.625645
712.650000,-65.626498,-65.626536,-65.624651
712.700000,-65.625501,-65.625540,-65.623659
712.750000,-65.624506,-65.624544,-65.622668
712.800000,-65.623513,-65.623551,-65.621679
712.850000,-65.622521,-65.622559,-65.620692
712.900000,-65.621531,-65.621569,-65.619706
712.950000,-65.620543,-65.620581,-65.618723
713.000000,-65.619557,-65.619594,-65.617740
713.050000,-65.618572,-65.618609,-65.616760
713.100000,-65.617589,-65.617626,-65.615781
713.150000,-65.616607,-65.616644,-65.614804
713.200000,-65.615628,-65.615665,-65.613829
713.250000,-65.614650,-65.614686,-65.612855
713.300000,-65.613673,-65.613710,-65.611883
713.350000,-65.612699,-65.612735,-65.610913
713.400000,-65.611726,-65.611762,-65.609944
713.450000,-65.610754,-65.610791,-65.608977
713.500000,-65.609785,-65.609821,-65.608012
713.550000,-65.608817,-65.608853,-65.607048
713.600000,-65.607851,-65.607887,-65.606086
713.650000,-65.606886,-65.606922,-65.605125
713.700000,-65.605923,-65.605959,-65.604167
713.750000,-65.604962,-65.604997,-65.603209
713.800000,-65.604002,-65.604037,-65.602254
713.850000,-65.603044,-65.603079,-65.601300
713.900000,-65.602087,-65.602123,-65.600348
713.950000,-65.601133,-65.601168,-65.599397
714.000000,-65.600179,-65.600214,-65.598448
714.050000,-65.599228,-65.599263,-65.597500
714.100000,-65.598278,-65.598313,-65.596555
714.150000,-65.597330,-65.597364,-65.595610
714.200000,-65.596383,-65.596417,-65.594668
714.250000,-65.595438,-65.595472,-65.593727
714.300000,-65.594494,-65.594529,-65.592787
714.350000,-65.593552,-65.593587,-65.591850
714.400000,-65.592612,-65.592646,-65.590913
714.450000,-65.591673,-65.591708,-65.589979
714.500000,-65.590736,-65.590770,-65.589046
714.550000,-65.589801,-65.589835,-65.588114
714.600000,-65.588867,-65.588901,-65.587184
714.650000,-65.587935,-65.587968,-65.586256
714.700000,-65.587004,-65.587037,-65.585329
714.750000,-65.586075,-65.586108,-65.584404
714.800000,-65.585147,-65.585180,-65.583480
714.850000,-65.584221,-65.584254,-65.582558
714.900000,-65.583296,-65.583330,-65.581637
714.950000,-65.582374,-65.582407,-65.580718
715.000000,-65.581452,-65.581485,-65.579801
715.050000,-65.580532,-65.580565,-65.578885
715.100000,-65.579614,-65.579647,-65.577971
715.150000,-65.578697,-65.578730,-65.577058
715.200000,-65.577782,-65.577815,-65.576146
715.250000,-65.576869,-65.576901,-65.575237
715.300000,-65.575956,-65.575989,-65.574328
715.350000,-65.575046,-65.575078,-65.573422
715.400000,-65.574137,-65.574169,-65.572516
715.450000,-65.573229,-65.573262,-65.571613
715.500000,-65.572323,-65.572356,-65.570711
715.550000,-65.571419,-65.571451,-65.569810
715.600000,-65.570516,-65.570548,-65.568911
715.650000,-65.569615,-65.569646,-65.568013
715.700000,-65.568715,-65.568746,-65.567117
715.750000,-65.567816,-65.567848,-65.566222
715.800000,-65.566919,-65.566951,-65.565329
715.850000,-65.566024,-65.566056,-65.564437
715.900000,-65.565130,-65.565162,-65.563547
715.950000,-65.564238,-65.564269,-65.562658
716.000000,-65.563347,-65.563378,-65.561771
716.050000,-65.562457,-65.562489,-65.560886
716.100000,-65.561570,-65.561601,-65.560001
716.150000,-65.560683,-65.560714,-65.559118
716.200000,-65.559798,-65.559829,-65.558237
716.250000,-65.558915,-65.558945,-65.557357
716.300000,-65.558033,-65.558063,-65.556479
716.350000,-65.557152,-65.557183,-65.555602
716.400000,-65.556273,-65.556304,-65.554727
716.450000,-65.555395,-65.555426,-65.553853
716.500000,-65.554519,-65.554550,-65.552980
716.550000,-65.553645,-65.553675,-65.552109
716.600000,-65.552771,-65.552802,-65.551239
716.650000,-65.551900,-65.551930,-65.550371
716.700000,-65.551029,-65.551059,-65.549504
716.750000,-65.550160,-65.550190,-65.548639
716.800000,-65.549293,-65.549323,-65.547775
716.850000,-65.548427,-65.548457,-65.546913
716.900000,-65.547562,-65.547592,-65.546051
716.950000,-65.546699,-65.546729,-65.545192
717.000000,-65.545838,-65.545867,-65.544334
717.050000,-65.544977,-65.545007,-65.543477
717.100000,-65.544119,-65.544148,-65.542622
717.150000,-65.543261,-65.543291,-65.541768
717.200000,-65.542405,-65.542435,-65.540915
717.250000,-65.541551,-65.541580,-65.540064
717.300000,-65.540698,-65.540727,-65.539214
717.350000,-65.539846,-65.539875,-65.538366
717.400000,-65.538996,-65.539025,-65.537519
717.450000,-65.538147,-65.538176,-65.536674
717.500000,-65.537299,-65.537328,-65.535830
717.550000,-65.536453,-65.536482,-65.534987
717.600000,-65.535609,-65.535637,-65.534146
717.650000,-65.534765,-65.534794,-65.533306
717.700000,-65.533923,-65.533952,-65.532467
717.750000,-65.533083,-65.533111,-65.531630
717.800000,-65.532244,-65.532272,-65.530794
717.850000,-65.531406,-65.531434,-65.529960
717.900000,-65.530570,-65.530598,-65.529127
717.950000,-65.529735,-65.529763,-65.528295
718.000000,-65.528901,-65.528929,-65.527465
718.050000,-65.528069,-65.528097,-65.526636
718.100000,-65.527238,-65.527266,-65.525808
718.150000,-65.526409,-65.526437,-65.524982
718.200000,-65.525581,-65.525608,-65.524157
718.250000,-65.524754,-65.524782,-65.523334
718.300000,-65.523929,-65.523956,-65.522512
718.350000,-65.523105,-65.523132,-65.521691
718.400000,-65.522282,-65.522310,-65.520872
718.450000,-65.521461,-65.521488,-65.520054
718.500000,-65.520641,-65.520668,-65.519237
718.550000,-65.519822,-65.519850,-65.518422
718.600000,-65.519005,-65.519032,-65.517608
718.650000,-65.518189,-65.518216,-65.516795
718.700000,-65.517375,-65.517402,-65.515984
718.750000,-65.516561,-65.516588,-65.515174
718.800000,-65.515750,-65.515777,-65.514365
718.850000,-65.514939,-65.514966,-65.513557
718.900000,-65.514130,-65.514157,-65.512751
718.950000,-65.513322,-65.513349,-65.511947
719.000000,-65.512515,-65.512542,-65.511143
719.050000,-65.511710,-65.511737,-65.510341
719.100000,-65.510906,-65.510933,-65.509540
719.150000,-65.510104,-65.510130,-65.508741
719.200000,-65.509303,-65.509329,-65.507943
719.250000,-65.508503,-65.508529,-65.507146
719.300000,-65.507704,-65.507730,-65.506350
719.350000,-65.506907,-65.506933,-65.505556
719.400000,-65.506111,-65.506137,-65.504763
719.450000,-65.505316,-65.505342,-65.503972
719.500000,-65.504523,-65.504549,-65.503181
719.550000,-65.503731,-65.503757,-65.502392
719.600000,-65.502940,-65.502966,-65.501604
719.650000,-65.502150,-65.502176,-65.500818
719.700000,-65.501362,-65.501388,-65.500033
719.750000,-65.500575,-65.500601,-65.499249
719.800000,-65.499790,-65.499815,-65.498466
719.850000,-65.499005,-65.499031,-65.497685
719.900000,-65.498222,-65.498248,-65.496905
719.950000,-65.497440,-65.497466,-65.496126
720.000000,-65.496660,-65.496685,-65.495349
720.050000,-65.495881,-65.495906,-65.494572
720.100000,-65.495103,-65.495128,-65.493797
720.150000,-65.494326,-65.494351,-65.493024
720.200000,-65.493551,-65.493576,-65.492251
720.250000,-65.492777,-65.492802,-65.491480
720.300000,-65.492004,-65.492029,-65.490710
720.350000,-65.491232,-65.491257,-65.489941
720.400000,-65.490462,-65.490487,-65.489174
720.450000,-65.489693,-65.489718,-65.488408
720.500000,-65.488925,-65.488950,-65.487643
720.550000,-65.488158,-65.488183,-65.486879
720.600000,-65.487393,-65.487418,-65.486117
720.650000,-65.486629,-65.486654,-65.485355
720.700000,-65.485866,-65.485891,-65.484596
720.750000,-65.485105,-65.485129,-65.483837
720.800000,-65.484344,-65.484369,-65.483079
720.850000,-65.483585,-65.483609,-65.482323
720.900000,-65.482827,-65.482852,-65.481568
720.950000,-65.482071,-65.482095,-65.480814
721.000000,-65.481315,-65.481339,-65.480062
721.050000,-65.480561,-65.480585,-65.479310
721.100000,-65.479808,-65.479832,-65.478560
721.150000,-65.479056,-65.479080,-65.477811
721.200000,-65.478306,-65.478330,-65.477064
721.250000,-65.477557,-65.477581,-65.476317
721.300000,-65.476809,-65.476833,-65.475572
721.350000,-65.476062,-65.476086,-65.474828
721.400000,-65.475316,-65.475340,-65.474085
721.450000,-65.474572,-65.474596,-65.473343
721.500000,-65.473829,-65.473852,-65.472603
721.550000,-65.473087,-65.473110,-65.471864
721.600000,-65.472346,-65.472370,-65.471126
721.650000,-65.471607,-65.471630,-65.470389
721.700000,-65.470868,-65.470892,-65.469653
721.750000,-65.470131,-65.470154,-65.468919
721.800000,-65.469395,-65.469418,-65.468186
721.850000,-65.468660,-65.468684,-65.467453
721.900000,-65.467927,-65.467950,-65.466723
721.950000,-65.467194,-65.467218,-65.465993
722.000000,-65.466463,-65.466486,-65.465264
722.050000,-65.465733,-65.465756,-65.464537
722.100000,-65.465004,-65.465027,-65.463811
722.150000,-65.464277,-65.464300,-65.463086
722.200000,-65.463550,-65.463573,-65.462362
722.250000,-65.462825,-65.462848,-65.461640
722.300000,-65.462101,-65.462124,-65.460918
722.350000,-65.461378,-65.461401,-65.460198
722.400000,-65.460656,-65.460679,-65.459479
722.450000,-65.459936,-65.459958,-65.458761
722.500000,-65.459216,-65.459239,-65.458044
722.550000,-65.458498,-65.458521,-65.457328
722.600000,-65.457781,-65.457804,-65.456614
722.650000,-65.457065,-65.457088,-65.455901
722.700000,-65.456351,-65.456373,-65.455188
722.750000,-65.455637,-65.455659,-65.454477
722.800000,-65.454925,-65.454947,-65.453768
722.850000,-65.454213,-65.454235,-65.453059
722.900000,-65.453503,-65.453525,-65.452351
722.950000,-65.452794,-65.452816,-65.451645
723.000000,-65.452086,-65.452108,-65.450940
723.050000,-65.451380,-65.451402,-65.450235
723.100000,-65.450674,-65.450696,-65.449532
723.150000,-65.449970,-65.449992,-65.448831
723.200000,-65.449267,-65.449288,-65.448130
723.250000,-65.448564,-65.448586,-65.447430
723.300000,-65.447864,-65.447885,-65.446732
723.350000,-65.447164,-65.447185,-65.446035
723.400000,-65.446465,-65.446487,-65.445338
723.450000,-65.445767,-65.445789,-65.444643
723.500000,-65.445071,-65.445092,-65.443949
723.550000,-65.444376,-65.444397,-65.443256
723.600000,-65.443681,-65.443703,-65.442565
723.650000,-65.442988,-65.443010,-65.441874
723.700000,-65.442296,-65.442318,-65.441185
723.750000,-65.441606,-65.441627,-65.440496
723.800000,-65.440916,-65.440937,-65.439809
723.850000,-65.440227,-65.440248,-65.439123
723.900000,-65.439540,-65.439561,-65.438438
723.950000,-65.438853,-65.438874,-65.437754
724.000000,-65.438168,-65.438189,-65.437071
724.050000,-65.437484,-65.437505,-65.436389
724.100000,-65.436801,-65.436822,-65.435708
724.150000,-65.436119,-65.436140,-65.435029
724.200000,-65.435438,-65.435459,-65.434350
724.250000,-65.434758,-65.434779,-65.433673
724.300000,-65.434080,-65.434100,-65.432997
724.350000,-65.433402,-65.433423,-65.432322
724.400000,-65.432726,-65.432746,-65.431648
724.450000,-65.432050,-65.432071,-65.430975
724.500000,-65.431376,-65.431397,-65.430303
724.550000,-65.430703,-65.430723,-65.429632
724.600000,-65.430031,-65.430051,-65.428962
724.650000,-65.429360,-65.429380,-65.428293
724.700000,-65.428690,-65.428710,-65.427626
724.750000,-65.428021,-65.428041,-65.426959
724.800000,-65.427353,-65.427373,-65.426294
724.850000,-65.426686,-65.426707,-65.425629
724.900000,-65.426021,-65.426041,-65.424966
724.950000,-65.425356,-65.425376,-65.424304
725.000000,-65.424693,-65.424713,-65.423642
725.050000,-65.424030,-65.424050,-65.422982
725.100000,-65.423369,-65.423389,-65.422323
725.150000,-65.422709,-65.422729,-65.421665
725.200000,-65.422049,-65.422069,-65.421008
725.250000,-65.421391,-65.421411,-65.420352
725.300000,-65.420734,-65.420754,-65.419698
725.350000,-65.420078,-65.420098,-65.419044
725.400000,-65.419423,-65.419443,-65.418391
725.450000,-65.418769,-65.418789,-65.417739
725.500000,-65.418116,-65.418136,-65.417089
725.550000,-65.417464,-65.417484,-65.416439
725.600000,-65.416814,-65.416833,-65.415791
725.650000,-65.416164,-65.416183,-65.415143
725.700000,-65.415515,-65.415535,-65.414497
725.750000,-65.414868,-65.414887,-65.413851
725.800000,-65.414221,-65.414240,-65.413207
725.850000,-65.413575,-65.413595,-65.412563
725.900000,-65.412931,-65.412950,-65.411921
725.950000,-65.412287,-65.412307,-65.411280
726.000000,-65.411645,-65.411664,-65.410639
726.050000,-65.411003,-65.411023,-65.410000
726.100000,-65.410363,-65.410382,-65.409362
726.150000,-65.409724,-65.409743,-65.408725
726.200000,-65.409085,-65.409104,-65.408089
726.250000,-65.408448,-65.408467,-65.407453
726.300000,-65.407812,-65.407831,-65.406819
726.350000,-65.407176,-65.407195,-65.406186
726.400000,-65.406542,-65.406561,-65.405554
726.450000,-65.405909,-65.405928,-65.404923
726.500000,-65.405277,-65.405295,-65.404293
726.550000,-65.404646,-65.404664,-65.403664
726.600000,-65.404015,-65.404034,-65.403036
726.650000,-65.403386,-65.403405,-65.402409
726.700000,-65.402758,-65.402777,-65.401783
726.750000,-65.402131,-65.402149,-65.401157
726.800000,-65.401505,-65.401523,-65.400533
726.850000,-65.400880,-65.400898,-65.399910
726.900000,-65.400255,-65.400274,-65.399288
726.950000,-65.399632,-65.399651,-65.398667
727.000000,-65.399010,-65.399028,-65.398047
727.050000,-65.398389,-65.398407,-65.397428
727.100000,-65.397769,-65.397787,-65.396810
727.150000,-65.397150,-65.397168,-65.396193
727.200000,-65.396531,-65.396550,-65.395577
727.250000,-65.395914,-65.395932,-65.394962
727.300000,-65.395298,-65.395316,-65.394348
727.350000,-65.394683,-65.394701,-65.393734
727.400000,-65.394069,-65.394087,-65.393122
727.450000,-65.393455,-65.393473,-65.392511
727.500000,-65.392843,-65.392861,-65.391901
727.550000,-65.392232,-65.392250,-65.391292
727.600000,-65.391622,-65.391639,-65.390683
727.650000,-65.391012,-65.391030,-65.390076
727.700000,-65.390404,-65.390422,-65.389470
727.750000,-65.389797,-65.389814,-65.388864
727.800000,-65.389190,-65.389208,-65.388260
727.850000,-65.388585,-65.388602,-65.387657
727.900000,-65.387980,-65.387998,-65.387054
727.950000,-65.387377,-65.387394,-65.386453
728.000000,-65.386774,-65.386792,-65.385852
728.050000,-65.386173,-65.386190,-65.385253
728.100000,-65.385572,-65.385590,-65.384654
728.150000,-65.384973,-65.384990,-65.384056
728.200000,-65.384374,-65.384391,-65.383460
728.250000,-65.383776,-65.383794,-65.382864
728.300000,-65.383179,-65.383197,-65.382269
728.350000,-65.382584,-65.382601,-65.381675
728.400000,-65.381989,-65.382006,-65.381082
728.450000,-65.381395,-65.381412,-65.380490
728.500000,-65.380802,-65.380819,-65.379899
728.550000,-65.380210,-65.380227,-65.379309
728.600000,-65.379619,-65.379636,-65.378720
728.650000,-65.379029,-65.379046,-65.378132
728.700000,-65.378440,-65.378457,-65.377545
728.750000,-65.377851,-65.377868,-65.376958
728.800000,-65.377264,-65.377281,-65.376373
728.850000,-65.376678,-65.376695,-65.375789
728.900000,-65.376092,-65.376109,-65.375205
728.950000,-65.375508,-65.375525,-65.374622
729.000000,-65.374924,-65.374941,-65.374041
729.050000,-65.374342,-65.374359,-65.373460
729.100000,-65.373760,-65.373777,-65.372880
729.150000,-65.373179,-65.373196,-65.372301
729.200000,-65.372600,-65.372616,-65.371723
729.250000,-65.372021,-65.372037,-65.371146
729.300000,-65.371443,-65.371459,-65.370570
729.350000,-65.370866,-65.370882,-65.369995
729.400000,-65.370290,-65.370306,-65.369421
729.450000,-65.369714,-65.369731,-65.368848
729.500000,-65.369140,-65.369156,-65.368275
729.550000,-65.368567,-65.368583,-65.367704
729.600000,-65.367994,-65.368011,-65.367133
729.650000,-65.367423,-65.367439,-65.366563
729.700000,-65.366852,-65.366868,-65.365994
729.750000,-65.366282,-65.366299,-65.365427
729.800000,-65.365713,-65.365730,-65.364860
729.850000,-65.365146,-65.365162,-65.364293
729.900000,-65.364579,-65.364595,-65.363728
729.950000,-65.364012,-65.364029,-65.363164
730.000000,-65.363447,-65.363463,-65.362601
730.050000,-65.362883,-65.362899,-65.362038
730.100000,-65.362320,-65.362336,-65.361476
730.150000,-65.361757,-65.361773,-65.360916
730.200000,-65.361196,-65.361211,-65.360356
730.250000,-65.360635,-65.360651,-65.359797
730.300000,-65.360075,-65.360091,-65.359239
730.350000,-65.359516,-65.359532,-65.358682
730.400000,-65.358958,-65.358974,-65.358126
730.450000,-65.358401,-65.358417,-65.357570
730.500000,-65.357845,-65.357860,-65.357016
730.550000,-65.357289,-65.357305,-65.356462
730.600000,-65.356735,-65.356750,-65.355909
730.650000,-65.356181,-65.356197,-65.355358
730.700000,-65.355629,-65.355644,-65.354807
730.750000,-65.355077,-65.355092,-65.354256
730.800000,-65.354526,-65.354541,-65.353707
730.850000,-65.353976,-65.353991,-65.353159
730.900000,-65.353426,-65.353442,-65.352611
730.950000,-65.352878,-65.352893,-65.352065
731.000000,-65.352331,-65.352346,-65.351519
731.050000,-65.351784,-65.351799,-65.350974
731.100000,-65.351238,-65.351254,-65.350430
731.150000,-65.350693,-65.350709,-65.349887
731.200000,-65.350150,-65.350165,-65.349345
731.250000,-65.349606,-65.349622,-65.348803
731.300000,-65.349064,-65.349079,-65.348263
731.350000,-65.348523,-65.348538,-65.347723
731.400000,-65.347982,-65.347997,-65.347184
731.450000,-65.347443,-65.347458,-65.346646
731.500000,-65.346904,-65.346919,-65.346109
731.550000,-65.346366,-65.346381,-65.345573
731.600000,-65.345829,-65.345844,-65.345037
731.650000,-65.345292,-65.345307,-65.344503
731.700000,-65.344757,-65.344772,-65.343969
731.750000,-65.344223,-65.344237,-65.343436
731.800000,-65.343689,-65.343704,-65.342904
731.850000,-65.343156,-65.343171,-65.342373
731.900000,-65.342624,-65.342639,-65.341843
731.950000,-65.342093,-65.342108,-65.341313
732.000000,-65.341563,-65.341577,-65.340785
732.050000,-65.341033,-65.341048,-65.340257
732.100000,-65.340504,-65.340519,-65.339730
732.150000,-65.339977,-65.339991,-65.339204
732.200000,-65.339450,-65.339464,-65.338678
732.250000,-65.338924,-65.338938,-65.338154
732.300000,-65.338398,-65.338413,-65.337630
732.350000,-65.337874,-65.337888,-65.337107
732.400000,-65.337350,-65.337365,-65.336585
732.450000,-65.336828,-65.336842,-65.336064
732.500000,-65.336306,-65.336320,-65.335544
732.550000,-65.335784,-65.335799,-65.335024
732.600000,-65.335264,-65.335279,-65.334506
732.650000,-65.334745,-65.334759,-65.333988
732.700000,-65.334226,-65.334240,-65.333471
732.750000,-65.333708,-65.333723,-65.332954
732.800000,-65.333191,-65.333206,-65.332439
732.850000,-65.332675,-65.332689,-65.331924
732.900000,-65.332160,-65.332174,-65.331411
732.950000,-65.331645,-65.331659,-65.330898
733.000000,-65.331132,-65.331146,-65.330386
733.050000,-65.330619,-65.330633,-65.329874
733.100000,-65.330107,-65.330121,-65.329364
733.150000,-65.329595,-65.329609,-65.328854
733.200000,-65.329085,-65.329099,-65.328345
733.250000,-65.328575,-65.328589,-65.327837
733.300000,-65.328066,-65.328080,-65.327330
733.350000,-65.327558,-65.327572,-65.326823
733.400000,-65.327051,-65.327065,-65.326317
733.450000,-65.326545,-65.326558,-65.325812
733.500000,-65.326039,-65.326053,-65.325308
733.550000,-65.325534,-65.325548,-65.324805
733.600000,-65.325030,-65.325044,-65.324303
733.650000,-65.324527,-65.324541,-65.323801
733.700000,-65.324024,-65.324038,-65.323300
733.750000,-65.323523,-65.323536,-65.322800
733.800000,-65.323022,-65.323036,-65.322301
733.850000,-65.322522,-65.322536,-65.321802
733.900000,-65.322023,-65.322036,-65.321304
733.950000,-65.321524,-65.321538,-65.320807
734.000000,-65.321027,-65.321040,-65.320311
734.050000,-65.320530,-65.320543,-65.319816
734.100000,-65.320034,-65.320047,-65.319321
734.150000,-65.319538,-65.319552,-65.318827
734.200000,-65.319044,-65.319057,-65.318334
734.250000,-65.318550,-65.318563,-65.317842
734.300000,-65.318057,-65.318070,-65.317350
734.350000,-65.317565,-65.317578,-65.316860
734.400000,-65.317073,-65.317087,-65.316370
734.450000,-65.316583,-65.316596,-65.315881
734.500000,-65.316093,-65.316106,-65.315392
734.550000,-65.315604,-65.315617,-65.314905
734.600000,-65.315116,-65.315129,-65.314418
734.650000,-65.314628,-65.314641,-65.313932
734.700000,-65.314141,-65.314154,-65.313446
734.750000,-65.313655,-65.313668,-65.312962
734.800000,-65.313170,-65.313183,-65.312478
734.850000,-65.312686,-65.312699,-65.311995
734.900000,-65.312202,-65.312215,-65.311513
734.950000,-65.311719,-65.311732,-65.311031
735.000000,-65.311237,-65.311250,-65.310551
735.050000,-65.310756,-65.310768,-65.310071
735.100000,-65.310275,-65.310288,-65.309592
735.150000,-65.309795,-65.309808,-65.309113
735.200000,-65.309316,-65.309329,-65.308635
735.250000,-65.308838,-65.308850,-65.308158
735.300000,-65.308360,-65.308373,-65.307682
735.350000,-65.307883,-65.307896,-65.307207
735.400000,-65.307407,-65.307420,-65.306732
735.450000,-65.306932,-65.306944,-65.306258
735.500000,-65.306457,-65.306470,-65.305785
735.550000,-65.305983,-65.305996,-65.305313
735.600000,-65.305510,-65.305523,-65.304841
735.650000,-65.305038,-65.305051,-65.304370
735.700000,-65.304566,-65.304579,-65.303900
735.750000,-65.304096,-65.304108,-65.303430
735.800000,-65.303625,-65.303638,-65.302962
735.850000,-65.303156,-65.303169,-65.302494
735.900000,-65.302687,-65.302700,-65.302026
735.950000,-65.302220,-65.302232,-65.301560
736.000000,-65.301752,-65.301765,-65.301094
736.050000,-65.301286,-65.301298,-65.300629
736.100000,-65.300820,-65.300833,-65.300165
736.150000,-65.300356,-65.300368,-65.299701
736.200000,-65.299891,-65.299904,-65.299238
736.250000,-65.299428,-65.299440,-65.298776
736.300000,-65.298965,-65.298977,-65.298315
736.350000,-65.298503,-65.298515,-65.297854
736.400000,-65.298042,-65.298054,-65.297394
736.450000,-65.297581,-65.297594,-65.296935
736.500000,-65.297122,-65.297134,-65.296477
736.550000,-65.296662,-65.296675,-65.296019
736.600000,-65.296204,-65.296216,-65.295562
736.650000,-65.295746,-65.295759,-65.295106
736.700000,-65.295290,-65.295302,-65.294650
736.750000,-65.294833,-65.294845,-65.294195
736.800000,-65.294378,-65.294390,-65.293741
736.850000,-65.293923,-65.293935,-65.293288
736.900000,-65.293469,-65.293481,-65.292835
736.950000,-65.293016,-65.293028,-65.292383
737.000000,-65.292563,-65.292575,-65.291932
737.050000,-65.292111,-65.292123,-65.291481
737.100000,-65.291660,-65.291672,-65.291031
737.150000,-65.291210,-65.291222,-65.290582
737.200000,-65.290760,-65.290772,-65.290133
737.250000,-65.290311,-65.290323,-65.289686
737.300000,-65.289863,-65.289874,-65.289239
737.350000,-65.289415,-65.289427,-65.288792
737.400000,-65.288968,-65.288980,-65.288347
737.450000,-65.288522,-65.288534,-65.287902
737.500000,-65.288076,-65.288088,-65.287457
737.550000,-65.287632,-65.287643,-65.287014
737.600000,-65.287187,-65.287199,-65.286571
737.650000,-65.286744,-65.286756,-65.286129
737.700000,-65.286301,-65.286313,-65.285688
737.750000,-65.285859,-65.285871,-65.285247
737.800000,-65.285418,-65.285429,-65.284807
737.850000,-65.284977,-65.284989,-65.284367
737.900000,-65.284537,-65.284549,-65.283929
737.950000,-65.284098,-65.284110,-65.283491
738.000000,-65.283660,-65.283671,-65.283053
738.050000,-65.283222,-65.283233,-65.282617
738.100000,-65.282785,-65.282796,-65.282181
738.150000,-65.282348,-65.282360,-65.281746
738.200000,-65.281912,-65.281924,-65.281311
738.250000,-65.281477,-65.281489,-65.280877
738.300000,-65.281043,-65.281054,-65.280444
738.350000,-65.280609,-65.280620,-65.280012
738.400000,-65.280176,-65.280187,-65.279580
738.450000,-65.279744,-65.279755,-65.279149
738.500000,-65.279312,-65.279323,-65.278718
738.550000,-65.278881,-65.278892,-65.278288
738.600000,-65.278451,-65.278462,-65.277859
738.650000,-65.278021,-65.278032,-65.277431
738.700000,-65.277592,-65.277603,-65.277003
738.750000,-65.277164,-65.277175,-65.276576
738.800000,-65.276736,-65.276747,-65.276150
738.850000,-65.276309,-65.276320,-65.275724
738.900000,-65.275883,-65.275894,-65.275299
738.950000,-65.275457,-65.275468,-65.274874
739.000000,-65.275033,-65.275043,-65.274451
739.050000,-65.274608,-65.274619,-65.274028
739.100000,-65.274185,-65.274196,-65.273605
739.150000,-65.273762,-65.273773,-65.273183
739.200000,-65.273339,-65.273350,-65.272762
739.250000,-65.272918,-65.272929,-65.272342
739.300000,-65.272497,-65.272508,-65.271922
739.350000,-65.272077,-65.272088,-65.271503
739.400000,-65.271657,-65.271668,-65.271085
739.450000,-65.271238,-65.271249,-65.270667
739.500000,-65.270820,-65.270831,-65.270250
739.550000,-65.270402,-65.270413,-65.269833
739.600000,-65.269985,-65.269996,-65.269417
739.650000,-65.269569,-65.269580,-65.269002
739.700000,-65.269153,-65.269164,-65.268588
739.750000,-65.268738,-65.268749,-65.268174
739.800000,-65.268324,-65.268335,-65.267761
739.850000,-65.267910,-65.267921,-65.267348
739.900000,-65.267497,-65.267508,-65.266936
739.950000,-65.267085,-65.267095,-65.266525
740.000000,-65.266673,-65.266684,-65.266114
740.050000,-65.266262,-65.266272,-65.265704
740.100000,-65.265851,-65.265862,-65.265295
740.150000,-65.265442,-65.265452,-65.264886
740.200000,-65.265032,-65.265043,-65.264478
740.250000,-65.264624,-65.264634,-65.264071
740.300000,-65.264216,-65.264226,-65.263664
740.350000,-65.263809,-65.263819,-65.263258
740.400000,-65.263402,-65.263412,-65.262853
740.450000,-65.262996,-65.263007,-65.262448
740.500000,-65.262591,-65.262601,-65.262044
740.550000,-65.262186,-65.262196,-65.261640
740.600000,-65.261782,-65.261792,-65.261237
740.650000,-65.261379,-65.261389,-65.260835
740.700000,-65.260976,-65.260986,-65.260433
740.750000,-65.260574,-65.260584,-65.260032
740.800000,-65.260172,-65.260182,-65.259632
740.850000,-65.259771,-65.259781,-65.259232
740.900000,-65.259371,-65.259381,-65.258833
740.950000,-65.258971,-65.258982,-65.258434
741.000000,-65.258572,-65.258583,-65.258036
741.050000,-65.258174,-65.258184,-65.257639
741.100000,-65.257776,-65.257786,-65.257242
741.150000,-65.257379,-65.257389,-65.256846
741.200000,-65.256983,-65.256993,-65.256451
741.250000,-65.256587,-65.256597,-65.256056
741.300000,-65.256192,-65.256201,-65.255662
741.350000,-65.255797,-65.255807,-65.255268
741.400000,-65.255403,-65.255413,-65.254875
741.450000,-65.255009,-65.255019,-65.254483
741.500000,-65.254617,-65.254627,-65.254091
741.550000,-65.254224,-65.254234,-65.253700
741.600000,-65.253833,-65.253843,-65.253310
741.650000,-65.253442,-65.253452,-65.252920
741.700000,-65.253052,-65.253061,-65.252530
741.750000,-65.252662,-65.252672,-65.252142
741.800000,-65.252273,-65.252283,-65.251754
741.850000,-65.251884,-65.251894,-65.251366
741.900000,-65.251496,-65.251506,-65.250979
741.950000,-65.251109,-65.251119,-65.250593
742.000000,-65.250723,-65.250732,-65.250208
742.050000,-65.250336,-65.250346,-65.249823
742.100000,-65.249951,-65.249961,-65.249438
742.150000,-65.249566,-65.249576,-65.249054
742.200000,-65.249182,-65.249192,-65.248671
742.250000,-65.248798,-65.248808,-65.248289
742.300000,-65.248415,-65.248425,-65.247907
742.350000,-65.248033,-65.248042,-65.247525
742.400000,-65.247651,-65.247661,-65.247144
742.450000,-65.247270,-65.247279,-65.246764
742.500000,-65.246889,-65.246899,-65.246384
742.550000,-65.246509,-65.246519,-65.246005
742.600000,-65.246130,-65.246139,-65.245627
742.650000,-65.245751,-65.245760,-65.245249
742.700000,-65.245372,-65.245382,-65.244872
742.750000,-65.244995,-65.245004,-65.244495
742.800000,-65.244618,-65.244627,-65.244119
742.850000,-65.244241,-65.244251,-65.243744
742.900000,-65.243865,-65.243875,-65.243369
742.950000,-65.243490,-65.243499,-65.242995
743.000000,-65.243115,-65.243125,-65.242621
743.050000,-65.242741,-65.242751,-65.242248
743.100000,-65.242368,-65.242377,-65.241875
743.150000,-65.241995,-65.242004,-65.241503
743.200000,-65.241622,-65.241632,-65.241132
743.250000,-65.241251,-65.241260,-65.240761
743.300000,-65.240879,-65.240889,-65.240391
743.350000,-65.240509,-65.240518,-65.240021
743.400000,-65.240139,-65.240148,-65.239652
743.450000,-65.239769,-65.239778,-65.239284
743.500000,-65.239400,-65.239409,-65.238916
743.550000,-65.239032,-65.239041,-65.238548
743.600000,-65.238664,-65.238673,-65.238182
743.650000,-65.238297,-65.238306,-65.237815
743.700000,-65.237931,-65.237940,-65.237450
743.750000,-65.237565,-65.237574,-65.237085
743.800000,-65.237199,-65.237208,-65.236720
743.850000,-65.236834,-65.236843,-65.236356
743.900000,-65.236470,-65.236479,-65.235993
743.950000,-65.236106,-65.236115,-65.235630
744.000000,-65.235743,-65.235752,-65.235268
744.050000,-65.235381,-65.235389,-65.234906
744.100000,-65.235019,-65.235027,-65.234545
744.150000,-65.234657,-65.234666,-65.234185
744.200000,-65.234296,-65.234305,-65.233825
744.250000,-65.233936,-65.233945,-65.233466
744.300000,-65.233576,-65.233585,-65.233107
744.350000,-65.233217,-65.233226,-65.232749
744.400000,-65.232858,-65.232867,-65.232391
744.450000,-65.232500,-65.232509,-65.232034
744.500000,-65.232143,-65.232152,-65.231677
744.550000,-65.231786,-65.231795,-65.231321
744.600000,-65.231429,-65.231438,-65.230966
744.650000,-65.231074,-65.231082,-65.230611
744.700000,-65.230718,-65.230727,-65.230257
744.750000,-65.230364,-65.230372,-65.229903
744.800000,-65.230009,-65.230018,-65.229550
744.850000,-65.229656,-65.229664,-65.229197
744.900000,-65.229303,-65.229311,-65.228845
744.950000,-65.228950,-65.228959,-65.228493
745.000000,-65.228598,-65.228607,-65.228142
745.050000,-65.228247,-65.228256,-65.227792
745.100000,-65.227896,-65.227905,-65.227442
745.150000,-65.227546,-65.227554,-65.227092
745.200000,-65.227196,-65.227205,-65.226743
745.250000,-65.226847,-65.226855,-65.226395
745.300000,-65.226498,-65.226507,-65.226047
745.350000,-65.226150,-65.226159,-65.225700
745.400000,-65.225803,-65.225811,-65.225354
745.450000,-65.225455,-65.225464,-65.225007
745.500000,-65.225109,-65.225117,-65.224662
745.550000,-65.224763,-65.224771,-65.224317
745.600000,-65.224418,-65.224426,-65.223972
745.650000,-65.224073,-65.224081,-65.223628
745.700000,-65.223729,-65.223737,-65.223285
745.750000,-65.223385,-65.223393,-65.222942
745.800000,-65.223041,-65.223050,-65.222600
745.850000,-65.222699,-65.222707,-65.222258
745.900000,-65.222357,-65.222365,-65.221916
745.950000,-65.222015,-65.222023,-65.221576
746.000000,-65.221674,-65.221682,-65.221236
746.050000,-65.221333,-65.221342,-65.220896
746.100000,-65.220993,-65.221001,-65.220557
746.150000,-65.220654,-65.220662,-65.220218
746.200000,-65.220315,-65.220323,-65.219880
746.250000,-65.219976,-65.219984,-65.219542
746.300000,-65.219638,-65.219647,-65.219205
746.350000,-65.219301,-65.219309,-65.218869
746.400000,-65.218964,-65.218972,-65.218533
746.450000,-65.218628,-65.218636,-65.218197
746.500000,-65.218292,-65.218300,-65.217862
746.550000,-65.217957,-65.217965,-65.217528
746.600000,-65.217622,-65.217630,-65.217194
746.650000,-65.217288,-65.217296,-65.216861
746.700000,-65.216954,-65.216962,-65.216528
746.750000,-65.216621,-65.216629,-65.216195
746.800000,-65.216288,-65.216296,-65.215864
746.850000,-65.215956,-65.215964,-65.215532
746.900000,-65.215624,-65.215632,-65.215201
746.950000,-65.215293,-65.215301,-65.214871
747.000000,-65.214963,-65.214971,-65.214541
747.050000,-65.214633,-65.214640,-65.214212
747.100000,-65.214303,-65.214311,-65.213883
747.150000,-65.213974,-65.213982,-65.213555
747.200000,-65.213645,-65.213653,-65.213228
747.250000,-65.213317,-65.213325,-65.212900
747.300000,-65.212990,-65.212998,-65.212574
747.350000,-65.212663,-65.212671,-65.212247
747.400000,-65.212336,-65.212344,-65.211922
747.450000,-65.212010,-65.212018,-65.211597
747.500000,-65.211685,-65.211693,-65.211272
747.550000,-65.211360,-65.211368,-65.210948
747.600000,-65.211035,-65.211043,-65.210624
747.650000,-65.210711,-65.210719,-65.210301
747.700000,-65.210388,-65.210396,-65.209978
747.750000,-65.210065,-65.210073,-65.209656
747.800000,-65.209743,-65.209750,-65.209335
747.850000,-65.209421,-65.209428,-65.209014
747.900000,-65.209099,-65.209107,-65.208693
747.950000,-65.208778,-65.208786,-65.208373
748.000000,-65.208458,-65.208466,-65.208053
748.050000,-65.208138,-65.208146,-65.207734
748.100000,-65.207819,-65.207826,-65.207415
748.150000,-65.207500,-65.207507,-65.207097
748.200000,-65.207181,-65.207189,-65.206780
748.250000,-65.206863,-65.206871,-65.206463
748.300000,-65.206546,-65.206553,-65.206146
748.350000,-65.206229,-65.206236,-65.205830
748.400000,-65.205912,-65.205920,-65.205514
748.450000,-65.205596,-65.205604,-65.205199
748.500000,-65.205281,-65.205288,-65.204884
748.550000,-65.204966,-65.204973,-65.204570
748.600000,-65.204652,-65.204659,-65.204256
748.650000,-65.204338,-65.204345,-65.203943
748.700000,-65.204024,-65.204031,-65.203630
748.750000,-65.203711,-65.203718,-65.203318
748.800000,-65.203398,-65.203406,-65.203006
748.850000,-65.203086,-65.203094,-65.202695
748.900000,-65.202775,-65.202782,-65.202384
748.950000,-65.202464,-65.202471,-65.202074
749.000000,-65.202153,-65.202161,-65.201764
749.050000,-65.201843,-65.201850,-65.201455
749.100000,-65.201534,-65.201541,-65.201146
749.150000,-65.201224,-65.201232,-65.200838
749.200000,-65.200916,-65.200923,-65.200530
749.250000,-65.200608,-65.200615,-65.200222
749.300000,-65.200300,-65.200307,-65.199916
749.350000,-65.199993,-65.200000,-65.199609
749.400000,-65.199686,-65.199693,-65.199303
749.450000,-65.199380,-65.199387,-65.198998
749.500000,-65.199074,-65.199081,-65.198693
749.550000,-65.198769,-65.198776,-65.198388
749.600000,-65.198464,-65.198471,-65.198084
749.650000,-65.198159,-65.198167,-65.197780
749.700000,-65.197856,-65.197863,-65.197477
749.750000,-65.197552,-65.197559,-65.197175
749.800000,-65.197249,-65.197256,-65.196872
749.850000,-65.196947,-65.196954,-65.196571
749.900000,-65.196645,-65.196652,-65.196269
749.950000,-65.196343,-65.196350,-65.195969
750.000000,-65.196042,-65.196049,-65.195668
750.050000,-65.195742,-65.195749,-65.195369
750.100000,-65.195442,-65.195449,-65.195069
750.150000,-65.195142,-65.195149,-65.194770
750.200000,-65.194843,-65.194850,-65.194472
750.250000,-65.194544,-65.194551,-65.194174
750.300000,-65.194246,-65.194253,-65.193876
750.350000,-65.193948,-65.193955,-65.193579
750.400000,-65.193651,-65.193658,-65.193283
750.450000,-65.193354,-65.193361,-65.192987
750.500000,-65.193057,-65.193064,-65.192691
750.550000,-65.192762,-65.192768,-65.192396
750.600000,-65.192466,-65.192473,-65.192101
750.650000,-65.192171,-65.192178,-65.191807
750.700000,-65.191877,-65.191883,-65.191513
750.750000,-65.191582,-65.191589,-65.191220
750.800000,-65.191289,-65.191296,-65.190927
750.850000,-65.190996,-65.191002,-65.190634
750.900000,-65.190703,-65.190710,-65.190342
750.950000,-65.190411,-65.190417,-65.190051
751.000000,-65.190119,-65.190126,-65.189760
751.050000,-65.189827,-65.189834,-65.189469
751.100000,-65.189537,-65.189543,-65.189179
751.150000,-65.189246,-65.189253,-65.188889
751.200000,-65.188956,-65.188963,-65.188600
751.250000,-65.188667,-65.188673,-65.188311
751.300000,-65.188378,-65.188384,-65.188022
751.350000,-65.188089,-65.188096,-65.187734
751.400000,-65.187801,-65.187807,-65.187447
751.450000,-65.187513,-65.187520,-65.187160
751.500000,-65.187226,-65.187232,-65.186873
751.550000,-65.186939,-65.186945,-65.186587
751.600000,-65.186652,-65.186659,-65.186301
751.650000,-65.186366,-65.186373,-65.186016
751.700000,-65.186081,-65.186087,-65.185731
751.750000,-65.185796,-65.185802,-65.185447
751.800000,-65.185511,-65.185518,-65.185163
751.850000,-65.185227,-65.185234,-65.184880
751.900000,-65.184943,-65.184950,-65.184597
751.950000,-65.184660,-65.184667,-65.184314
752.000000,-65.184377,-65.184384,-65.184032
752.050000,-65.184095,-65.184101,-65.183750
752.100000,-65.183813,-65.183819,-65.183469
752.150000,-65.183531,-65.183538,-65.183188
752.200000,-65.183250,-65.183257,-65.182907
752.250000,-65.182969,-65.182976,-65.182627
752.300000,-65.182689,-65.182696,-65.182348
752.350000,-65.182409,-65.182416,-65.182069
752.400000,-65.182130,-65.182136,-65.181790
752.450000,-65.181851,-65.181858,-65.181512
752.500000,-65.181573,-65.181579,-65.181234
752.550000,-65.181295,-65.181301,-65.180957
752.600000,-65.181017,-65.181023,-65.180680
752.650000,-65.180740,-65.180746,-65.180403
752.700000,-65.180463,-65.180469,-65.180127
752.750000,-65.180187,-65.180193,-65.179851
752.800000,-65.179911,-65.179917,-65.179576
752.850000,-65.179635,-65.179642,-65.179301
752.900000,-65.179360,-65.179367,-65.179027
752.950000,-65.179086,-65.179092,-65.178753
753.000000,-65.178811,-65.178818,-65.178479
753.050000,-65.178538,-65.178544,-65.178206
753.100000,-65.178264,-65.178271,-65.177934
753.150000,-65.177991,-65.177998,-65.177661
753.200000,-65.177719,-65.177725,-65.177389
753.250000,-65.177447,-65.177453,-65.177118
753.300000,-65.177175,-65.177181,-65.176847
753.350000,-65.176904,-65.176910,-65.176576
753.400000,-65.176633,-65.176639,-65.176306
753.450000,-65.176363,-65.176369,-65.176037
753.500000,-65.176093,-65.176099,-65.175767
753.550000,-65.175823,-65.175829,-65.175498
753.600000,-65.175554,-65.175560,-65.175230
753.650000,-65.175286,-65.175292,-65.174962
753.700000,-65.175017,-65.175023,-65.174694
753.750000,-65.174749,-65.174755,-65.174427
753.800000,-65.174482,-65.174488,-65.174160
753.850000,-65.174215,-65.174221,-65.173894
753.900000,-65.173948,-65.173954,-65.173628
753.950000,-65.173682,-65.173688,-65.173362
754.000000,-65.173416,-65.173422,-65.173097
754.050000,-65.173151,-65.173157,-65.172832
754.100000,-65.172886,-65.172892,-65.172568
754.150000,-65.172621,-65.172627,-65.172304
754.200000,-65.172357,-65.172363,-65.172040
754.250000,-65.172093,-65.172099,-65.171777
754.300000,-65.171830,-65.171836,-65.171515
754.350000,-65.171567,-65.171573,-65.171252
754.400000,-65.171305,-65.171311,-65.170990
754.450000,-65.171043,-65.171048,-65.170729
754.500000,-65.170781,-65.170787,-65.170468
754.550000,-65.170520,-65.170525,-65.170207
754.600000,-65.170259,-65.170265,-65.169947
754.650000,-65.169998,-65.170004,-65.169687
754.700000,-65.169738,-65.169744,-65.169427
754.750000,-65.169478,-65.169484,-65.169168
754.800000,-65.169219,-65.169225,-65.168910
754.850000,-65.168960,-65.168966,-65.168651
754.900000,-65.168702,-65.168708,-65.168394
754.950000,-65.168444,-65.168450,-65.168136
755.000000,-65.168186,-65.168192,-65.167879
755.050000,-65.167929,-65.167935,-65.167622
755.100000,-65.167672,-65.167678,-65.167366
755.150000,-65.167416,-65.167421,-65.167110
755.200000,-65.167160,-65.167165,-65.166855
755.250000,-65.166904,-65.166910,-65.166600
755.300000,-65.166649,-65.166654,-65.166345
755.350000,-65.166394,-65.166399,-65.166091
755.400000,-65.166139,-65.166145,-65.165837
755.450000,-65.165885,-65.165891,-65.165583
755.500000,-65.165631,-65.165637,-65.165330
755.550000,-65.165378,-65.165384,-65.165078
755.600000,-65.165125,-65.165131,-65.164825
755.650000,-65.164873,-65.164878,-65.164573
755.700000,-65.164621,-65.164626,-65.164322
755.750000,-65.164369,-65.164374,-65.164071
755.800000,-65.164118,-65.164123,-65.163820
755.850000,-65.163867,-65.163872,-65.163570
755.900000,-65.163616,-65.163622,-65.163320
755.950000,-65.163366,-65.163371,-65.163070
756.000000,-65.163116,-65.163122,-65.162821
756.050000,-65.162867,-65.162872,-65.162572
756.100000,-65.162618,-65.162623,-65.162324
756.150000,-65.162369,-65.162375,-65.162075
756.200000,-65.162121,-65.162126,-65.161828
756.250000,-65.161873,-65.161878,-65.161581
756.300000,-65.161625,-65.161631,-65.161334
756.350000,-65.161378,-65.161384,-65.161087
756.400000,-65.161132,-65.161137,-65.160841
756.450000,-65.160885,-65.160891,-65.160595
756.500000,-65.160639,-65.160645,-65.160350
756.550000,-65.160394,-65.160399,-65.160105
756.600000,-65.160149,-65.160154,-65.159860
756.650000,-65.159904,-65.159909,-65.159616
756.700000,-65.159660,-65.159665,-65.159372
756.750000,-65.159415,-65.159421,-65.159129
756.800000,-65.159172,-65.159177,-65.158886
756.850000,-65.158929,-65.158934,-65.158643
756.900000,-65.158686,-65.158691,-65.158401
756.950000,-65.158443,-65.158448,-65.158159
757.000000,-65.158201,-65.158206,-65.157917
757.050000,-65.157959,-65.157965,-65.157676
757.100000,-65.157718,-65.157723,-65.157435
757.150000,-65.157477,-65.157482,-65.157194
757.200000,-65.157236,-65.157241,-65.156954
757.250000,-65.156996,-65.157001,-65.156715
757.300000,-65.156756,-65.156761,-65.156475
757.350000,-65.156516,-65.156522,-65.156236
757.400000,-65.156277,-65.156282,-65.155998
757.450000,-65.156038,-65.156044,-65.155759
757.500000,-65.155800,-65.155805,-65.155521
757.550000,-65.155562,-65.155567,-65.155284
757.600000,-65.155324,-65.155329,-65.155047
757.650000,-65.155087,-65.155092,-65.154810
757.700000,-65.154850,-65.154855,-65.154574
757.750000,-65.154613,-65.154619,-65.154338
757.800000,-65.154377,-65.154382,-65.154102
757.850000,-65.154141,-65.154147,-65.153867
757.900000,-65.153906,-65.153911,-65.153632
757.950000,-65.153671,-65.153676,-65.153397
758.000000,-65.153436,-65.153441,-65.153163
758.050000,-65.153202,-65.153207,-65.152929
758.100000,-65.152968,-65.152973,-65.152695
758.150000,-65.152734,-65.152739,-65.152462
758.200000,-65.152501,-65.152506,-65.152230
758.250000,-65.152268,-65.152273,-65.151997
758.300000,-65.152035,-65.152040,-65.151765
758.350000,-65.151803,-65.151808,-65.151533
758.400000,-65.151571,-65.151576,-65.151302
758.450000,-65.151339,-65.151345,-65.151071
758.500000,-65.151108,-65.151113,-65.150840
758.550000,-65.150878,-65.150883,-65.150610
758.600000,-65.150647,-65.150652,-65.150380
758.650000,-65.150417,-65.150422,-65.150151
758.700000,-65.150187,-65.150192,-65.149922
758.750000,-65.149958,-65.149963,-65.149693
758.800000,-65.149729,-65.149734,-65.149464
758.850000,-65.149500,-65.149505,-65.149236
758.900000,-65.149272,-65.149277,-65.149008
758.950000,-65.149044,-65.149049,-65.148781
759.000000,-65.148816,-65.148821,-65.148554
759.050000,-65.148589,-65.148594,-65.148327
759.100000,-65.148362,-65.148367,-65.148101
759.150000,-65.148136,-65.148141,-65.147875
759.200000,-65.147910,-65.147915,-65.147649
759.250000,-65.147684,-65.147689,-65.147424
759.300000,-65.147458,-65.147463,-65.147199
759.350000,-65.147233,-65.147238,-65.146974
759.400000,-65.147008,-65.147013,-65.146750
759.450000,-65.146784,-65.146789,-65.146526
759.500000,-65.146560,-65.146565,-65.146302
759.550000,-65.146336,-65.146341,-65.146079
759.600000,-65.146113,-65.146118,-65.145856
759.650000,-65.145890,-65.145894,-65.145633
759.700000,-65.145667,-65.145672,-65.145411
759.750000,-65.145445,-65.145449,-65.145189
759.800000,-65.145223,-65.145227,-65.144968
759.850000,-65.145001,-65.145006,-65.144747
759.900000,-65.144780,-65.144784,-65.144526
759.950000,-65.144559,-65.144563,-65.144305
760.000000,-65.144338,-65.144343,-65.144085
760.050000,-65.144118,-65.144122,-65.143865
760.100000,-65.143898,-65.143902,-65.143646
760.150000,-65.143678,-65.143683,-65.143427
760.200000,-65.143459,-65.143463,-65.143208
760.250000,-65.143240,-65.143244,-65.142989
760.300000,-65.143021,-65.143026,-65.142771
760.350000,-65.142803,-65.142808,-65.142554
760.400000,-65.142585,-65.142590,-65.142336
760.450000,-65.142367,-65.142372,-65.142119
760.500000,-65.142150,-65.142155,-65.141902
760.550000,-65.141933,-65.141938,-65.141686
760.600000,-65.141717,-65.141721,-65.141470
760.650000,-65.141500,-65.141505,-65.141254
760.700000,-65.141284,-65.141289,-65.141038
760.750000,-65.141069,-65.141073,-65.140823
760.800000,-65.140854,-65.140858,-65.140609
760.850000,-65.140639,-65.140643,-65.140394
760.900000,-65.140424,-65.140429,-65.140180
760.950000,-65.140210,-65.140214,-65.139966
761.000000,-65.139996,-65.140000,-65.139753
761.050000,-65.139782,-65.139787,-65.139540
761.100000,-65.139569,-65.139574,-65.139327
761.150000,-65.139356,-65.139361,-65.139114
761.200000,-65.139143,-65.139148,-65.138902
761.250000,-65.138931,-65.138936,-65.138690
761.300000,-65.138719,-65.138724,-65.138479
761.350000,-65.138508,-65.138512,-65.138268
761.400000,-65.138296,-65.138301,-65.138057
761.450000,-65.138085,-65.138090,-65.137846
761.500000,-65.137875,-65.137879,-65.137636
761.550000,-65.137664,-65.137669,-65.137426
761.600000,-65.137454,-65.137459,-65.137217
761.650000,-65.137245,-65.137249,-65.137008
761.700000,-65.137035,-65.137040,-65.136799
761.750000,-65.136826,-65.136831,-65.136590
761.800000,-65.136618,-65.136622,-65.136382
761.850000,-65.136409,-65.136414,-65.136174
761.900000,-65.136201,-65.136206,-65.135966
761.950000,-65.135994,-65.135998,-65.135759
762.000000,-65.135786,-65.135791,-65.135552
762.050000,-65.135579,-65.135583,-65.135346
762.100000,-65.135372,-65.135377,-65.135139
762.150000,-65.135166,-65.135170,-65.134933
762.200000,-65.134960,-65.134964,-65.134728
762.250000,-65.134754,-65.134758,-65.134522
762.300000,-65.134548,-65.134553,-65.134317
762.350000,-65.134343,-65.134348,-65.134112
762.400000,-65.134138,-65.134143,-65.133908
762.450000,-65.133934,-65.133938,-65.133704
762.500000,-65.133730,-65.133734,-65.133500
762.550000,-65.133526,-65.133530,-65.133297
762.600000,-65.133322,-65.133326,-65.133094
762.650000,-65.133119,-65.133123,-65.132891
762.700000,-65.132916,-65.132920,-65.132688
762.750000,-65.132713,-65.132717,-65.132486
762.800000,-65.132511,-65.132515,-65.132284
762.850000,-65.132309,-65.132313,-65.132082
762.900000,-65.132107,-65.132111,-65.131881
762.950000,-65.131906,-65.131910,-65.131680
763.000000,-65.131705,-65.131709,-65.131480
763.050000,-65.131504,-65.131508,-65.131279
763.100000,-65.131303,-65.131308,-65.131079
763.150000,-65.131103,-65.131107,-65.130879
763.200000,-65.130903,-65.130908,-65.130680
763.250000,-65.130704,-65.130708,-65.130481
763.300000,-65.130505,-65.130509,-65.130282
763.350000,-65.130306,-65.130310,-65.130084
763.400000,-65.130107,-65.130111,-65.129885
763.450000,-65.129909,-65.129913,-65.129687
763.500000,-65.129711,-65.129715,-65.129490
763.550000,-65.129513,-65.129517,-65.129293
763.600000,-65.129316,-65.129320,-65.129096
763.650000,-65.129118,-65.129123,-65.128899
763.700000,-65.128922,-65.128926,-65.128703
763.750000,-65.128725,-65.128729,-65.128507
763.800000,-65.128529,-65.128533,-65.128311
763.850000,-65.128333,-65.128337,-65.128115
763.900000,-65.128138,-65.128142,-65.127920
763.950000,-65.127942,-65.127946,-65.127725
764.000000,-65.127747,-65.127751,-65.127531
764.050000,-65.127553,-65.127557,-65.127336
764.100000,-65.127358,-65.127362,-65.127143
764.150000,-65.127164,-65.127168,-65.126949
764.200000,-65.126970,-65.126974,-65.126756
764.250000,-65.126777,-65.126781,-65.126562
764.300000,-65.126584,-65.126588,-65.126370
764.350000,-65.126391,-65.126395,-65.126177
764.400000,-65.126198,-65.126202,-65.125985
764.450000,-65.126006,-65.126010,-65.125793
764.500000,-65.125814,-65.125818,-65.125602
764.550000,-65.125622,-65.125626,-65.125410
764.600000,-65.125431,-65.125435,-65.125219
764.650000,-65.125240,-65.125244,-65.125029
764.700000,-65.125049,-65.125053,-65.124838
764.750000,-65.124859,-65.124863,-65.124648
764.800000,-65.124668,-65.124672,-65.124458
764.850000,-65.124478,-65.124482,-65.124269
764.900000,-65.124289,-65.124293,-65.124080
764.950000,-65.124099,-65.124103,-65.123891
765.000000,-65.123910,-65.123914,-65.123702
765.050000,-65.123722,-65.123726,-65.123514
765.100000,-65.123533,-65.123537,-65.123326
765.150000,-65.123345,-65.123349,-65.123138
765.200000,-65.123157,-65.123161,-65.122950
765.250000,-65.122970,-65.122973,-65.122763
765.300000,-65.122782,-65.122786,-65.122576
765.350000,-65.122595,-65.122599,-65.122390
765.400000,-65.122409,-65.122412,-65.122203
765.450000,-65.122222,-65.122226,-65.122017
765.500000,-65.122036,-65.122040,-65.121831
765.550000,-65.121850,-65.121854,-65.121646
765.600000,-65.121664,-65.121668,-65.121461
765.650000,-65.121479,-65.121483,-65.121276
765.700000,-65.121294,-65.121298,-65.121091
765.750000,-65.121109,-65.121113,-65.120907
765.800000,-65.120925,-65.120929,-65.120723
765.850000,-65.120741,-65.120745,-65.120539
765.900000,-65.120557,-65.120561,-65.120356
765.950000,-65.120373,-65.120377,-65.120172
766.000000,-65.120190,-65.120194,-65.119990
766.050000,-65.120007,-65.120011,-65.119807
766.100000,-65.119824,-65.119828,-65.119625
766.150000,-65.119642,-65.119646,-65.119443
766.200000,-65.119460,-65.119464,-65.119261
766.250000,-65.119278,-65.119282,-65.119079
766.300000,-65.119096,-65.119100,-65.118898
766.350000,-65.118915,-65.118919,-65.118717
766.400000,-65.118734,-65.118738,-65.118536
766.450000,-65.118553,-65.118557,-65.118356
766.500000,-65.118373,-65.118376,-65.118176
766.550000,-65.118192,-65.118196,-65.117996
766.600000,-65.118012,-65.118016,-65.117816
766.650000,-65.117833,-65.117837,-65.117637
766.700000,-65.117653,-65.117657,-65.117458
766.750000,-65.117474,-65.117478,-65.117279
766.800000,-65.117296,-65.117299,-65.117101
766.850000,-65.117117,-65.117121,-65.116923
766.900000,-65.116939,-65.116942,-65.116745
766.950000,-65.116761,-65.116764,-65.116567
767.000000,-65.116583,-65.116587,-65.116390
767.050000,-65.116405,-65.116409,-65.116213
767.100000,-65.116228,-65.116232,-65.116036
767.150000,-65.116051,-65.116055,-65.115859
767.200000,-65.115875,-65.115878,-65.115683
767.250000,-65.115698,-65.115702,-65.115507
767.300000,-65.115522,-65.115526,-65.115331
767.350000,-65.115346,-65.115350,-65.115156
767.400000,-65.115171,-65.115174,-65.114981
767.450000,-65.114996,-65.114999,-65.114806
767.500000,-65.114821,-65.114824,-65.114631
767.550000,-65.114646,-65.114649,-65.114457
767.600000,-65.114471,-65.114475,-65.114283
767.650000,-65.114297,-65.114301,-65.114109
767.700000,-65.114123,-65.114127,-65.113935
767.750000,-65.113950,-65.113953,-65.113762
767.800000,-65.113776,-65.113780,-65.113589
767.850000,-65.113603,-65.113607,-65.113416
767.900000,-65.113430,-65.113434,-65.113244
767.950000,-65.113258,-65.113261,-65.113071
768.000000,-65.113085,-65.113089,-65.112899
768.050000,-65.112913,-65.112917,-65.112728
768.100000,-65.112741,-65.112745,-65.112556
768.150000,-65.112570,-65.112573,-65.112385
768.200000,-65.112399,-65.112402,-65.112214
768.250000,-65.112228,-65.112231,-65.112044
768.300000,-65.112057,-65.112060,-65.111873
768.350000,-65.111886,-65.111890,-65.111703
768.400000,-65.111716,-65.111720,-65.111533
768.450000,-65.111546,-65.111550,-65.111364
768.500000,-65.111376,-65.111380,-65.111194
768.550000,-65.111207,-65.111210,-65.111025
768.600000,-65.111038,-65.111041,-65.110856
768.650000,-65.110869,-65.110872,-65.110688
768.700000,-65.110700,-65.110704,-65.110519
768.750000,-65.110532,-65.110535,-65.110351
768.800000,-65.110364,-65.110367,-65.110184
768.850000,-65.110196,-65.110199,-65.110016
768.900000,-65.110028,-65.110032,-65.109849
768.950000,-65.109861,-65.109864,-65.109682
769.000000,-65.109694,-65.109697,-65.109515
769.050000,-65.109527,-65.109530,-65.109348
769.100000,-65.109360,-65.109364,-65.109182
769.150000,-65.109194,-65.109197,-65.109016
769.200000,-65.109028,-65.109031,-65.108850
769.250000,-65.108862,-65.108865,-65.108685
769.300000,-65.108697,-65.108700,-65.108520
769.350000,-65.108531,-65.108535,-65.108355
769.400000,-65.108366,-65.108369,-65.108190
769.450000,-65.108201,-65.108205,-65.108026
769.500000,-65.108037,-65.108040,-65.107861
769.550000,-65.107872,-65.107876,-65.107697
769.600000,-65.107708,-65.107712,-65.107534
769.650000,-65.107545,-65.107548,-65.107370
769.700000,-65.107381,-65.107384,-65.107207
769.750000,-65.107218,-65.107221,-65.107044
769.800000,-65.107055,-65.107058,-65.106881
769.850000,-65.106892,-65.106895,-65.106719
769.900000,-65.106729,-65.106733,-65.106557
769.950000,-65.106567,-65.106570,-65.106395
770.000000,-65.106405,-65.106408,-65.106233
770.050000,-65.106243,-65.106247,-65.106072
770.100000,-65.106082,-65.106085,-65.105910
770.150000,-65.105921,-65.105924,-65.105749
770.200000,-65.105759,-65.105763,-65.105589
770.250000,-65.105599,-65.105602,-65.105428
770.300000,-65.105438,-65.105441,-65.105268
770.350000,-65.105278,-65.105281,-65.105108
770.400000,-65.105118,-65.105121,-65.104948
770.450000,-65.104958,-65.104961,-65.104789
770.500000,-65.104798,-65.104802,-65.104630
770.550000,-65.104639,-65.104642,-65.104471
770.600000,-65.104480,-65.104483,-65.104312
770.650000,-65.104321,-65.104324,-65.104153
770.700000,-65.104163,-65.104166,-65.103995
770.750000,-65.104004,-65.104007,-65.103837
770.800000,-65.103846,-65.103849,-65.103679
770.850000,-65.103688,-65.103692,-65.103522
770.900000,-65.103531,-65.103534,-65.103364
770.950000,-65.103373,-65.103377,-65.103207
771.000000,-65.103216,-65.103219,-65.103051
771.050000,-65.103059,-65.103062,-65.102894
771.100000,-65.102903,-65.102906,-65.102738
771.150000,-65.102746,-65.102749,-65.102582
771.200000,-65.102590,-65.102593,-65.102426
771.250000,-65.102434,-65.102437,-65.102270
771.300000,-65.102279,-65.102282,-65.102115
771.350000,-65.102123,-65.102126,-65.101960
771.400000,-65.101968,-65.101971,-65.101805
771.450000,-65.101813,-65.101816,-65.101650
771.500000,-65.101658,-65.101661,-65.101496
771.550000,-65.101504,-65.101507,-65.101341
771.600000,-65.101350,-65.101353,-65.101188
771.650000,-65.101195,-65.101199,-65.101034
771.700000,-65.101042,-65.101045,-65.100880
771.750000,-65.100888,-65.100891,-65.100727
771.800000,-65.100735,-65.100738,-65.100574
771.850000,-65.100582,-65.100585,-65.100421
771.900000,-65.100429,-65.100432,-65.100269
771.950000,-65.100276,-65.100279,-65.100117
772.000000,-65.100124,-65.100127,-65.099964
772.050000,-65.099972,-65.099975,-65.099813
772.100000,-65.099820,-65.099823,-65.099661
772.150000,-65.099668,-65.099671,-65.099510
772.200000,-65.099517,-65.099520,-65.099359
772.250000,-65.099366,-65.099369,-65.099208
772.300000,-65.099215,-65.099218,-65.099057
772.350000,-65.099064,-65.099067,-65.098907
772.400000,-65.098914,-65.098916,-65.098756
772.450000,-65.098763,-65.098766,-65.098606
772.500000,-65.098613,-65.098616,-65.098457
772.550000,-65.098463,-65.098466,-65.098307
772.600000,-65.098314,-65.098317,-65.098158
772.650000,-65.098164,-65.098167,-65.098009
772.700000,-65.098015,-65.098018,-65.097860
772.750000,-65.097866,-65.097869,-65.097711
772.800000,-65.097718,-65.097721,-65.097563
772.850000,-65.097569,-65.097572,-65.097415
772.900000,-65.097421,-65.097424,-65.097267
772.950000,-65.097273,-65.097276,-65.097119
773.000000,-65.097125,-65.097128,-65.096972
773.050000,-65.096978,-65.096981,-65.096825
773.100000,-65.096831,-65.096834,-65.096678
773.150000,-65.096684,-65.096686,-65.096531
773.200000,-65.096537,-65.096540,-65.096384
773.250000,-65.096390,-65.096393,-65.096238
773.300000,-65.096244,-65.096247,-65.096092
773.350000,-65.096098,-65.096100,-65.095946
773.400000,-65.095952,-65.095954,-65.095800
773.450000,-65.095806,-65.095809,-65.095655
773.500000,-65.095660,-65.095663,-65.095510
773.550000,-65.095515,-65.095518,-65.095365
773.600000,-65.095370,-65.095373,-65.095220
773.650000,-65.095225,-65.095228,-65.095075
773.700000,-65.095081,-65.095083,-65.094931
773.750000,-65.094936,-65.094939,-65.094787
773.800000,-65.094792,-65.094795,-65.094643
773.850000,-65.094648,-65.094651,-65.094499
773.900000,-65.094504,-65.094507,-65.094356
773.950000,-65.094361,-65.094364,-65.094213
774.000000,-65.094218,-65.094220,-65.094070
774.050000,-65.094075,-65.094077,-65.093927
774.100000,-65.093932,-65.093935,-65.093784
774.150000,-65.093789,-65.093792,-65.093642
774.200000,-65.093647,-65.093650,-65.093500
774.250000,-65.093505,-65.093507,-65.093358
774.300000,-65.093363,-65.093365,-65.093216
774.350000,-65.093221,-65.093224,-65.093075
774.400000,-65.093079,-65.093082,-65.092934
774.450000,-65.092938,-65.092941,-65.092793
774.500000,-65.092797,-65.092800,-65.092652
774.550000,-65.092656,-65.092659,-65.092511
774.600000,-65.092515,-65.092518,-65.092371
774.650000,-65.092375,-65.092378,-65.092231
774.700000,-65.092235,-65.092237,-65.092091
774.750000,-65.092095,-65.092097,-65.091951
774.800000,-65.091955,-65.091958,-65.091811
774.850000,-65.091815,-65.091818,-65.091672
774.900000,-65.091676,-65.091679,-65.091533
774.950000,-65.091537,-65.091540,-65.091394
775.000000,-65.091398,-65.091401,-65.091255
775.050000,-65.091259,-65.091262,-65.091117
775.100000,-65.091121,-65.091123,-65.090979
775.150000,-65.090982,-65.090985,-65.090841
775.200000,-65.090844,-65.090847,-65.090703
775.250000,-65.090706,-65.090709,-65.090565
775.300000,-65.090569,-65.090571,-65.090428
775.350000,-65.090431,-65.090434,-65.090291
775.400000,-65.090294,-65.090297,-65.090154
775.450000,-65.090157,-65.090160,-65.090017
775.500000,-65.090020,-65.090023,-65.089880
775.550000,-65.089884,-65.089886,-65.089744
775.600000,-65.089747,-65.089750,-65.089608
775.650000,-65.089611,-65.089614,-65.089472
775.700000,-65.089475,-65.089478,-65.089336
775.750000,-65.089339,-65.089342,-65.089201
775.800000,-65.089204,-65.089206,-65.089065
775.850000,-65.089068,-65.089071,-65.088930
775.900000,-65.088933,-65.088936,-65.088795
775.950000,-65.088798,-65.088801,-65.088661
776.000000,-65.088663,-65.088666,-65.088526
776.050000,-65.088529,-65.088531,-65.088392
776.100000,-65.088395,-65.088397,-65.088258
776.150000,-65.088260,-65.088263,-65.088124
776.200000,-65.088127,-65.088129,-65.087990
776.250000,-65.087993,-65.087995,-65.087857
776.300000,-65.087859,-65.087862,-65.087724
776.350000,-65.087726,-65.087729,-65.087591
776.400000,-65.087593,-65.087595,-65.087458
776.450000,-65.087460,-65.087463,-65.087325
776.500000,-65.087327,-65.087330,-65.087193
776.550000,-65.087195,-65.087197,-65.087061
776.600000,-65.087063,-65.087065,-65.086929
776.650000,-65.086931,-65.086933,-65.086797
776.700000,-65.086799,-65.086801,-65.086665
776.750000,-65.086667,-65.086669,-65.086534
776.800000,-65.086535,-65.086538,-65.086402
776.850000,-65.086404,-65.086407,-65.086271
776.900000,-65.086273,-65.086276,-65.086141
776.950000,-65.086142,-65.086145,-65.086010
777.000000,-65.086012,-65.086014,-65.085880
777.050000,-65.085881,-65.085884,-65.085749
777.100000,-65.085751,-65.085753,-65.085619
777.150000,-65.085621,-65.085623,-65.085490
777.200000,-65.085491,-65.085493,-65.085360
777.250000,-65.085361,-65.085364,-65.085230
777.300000,-65.085232,-65.085234,-65.085101
777.350000,-65.085103,-65.085105,-65.084972
777.400000,-65.084973,-65.084976,-65.084843
777.450000,-65.084845,-65.084847,-65.084715
777.500000,-65.084716,-65.084718,-65.084586
777.550000,-65.084587,-65.084590,-65.084458
777.600000,-65.084459,-65.084462,-65.084330
777.650000,-65.084331,-65.084334,-65.084202
777.700000,-65.084203,-65.084206,-65.084075
777.750000,-65.084076,-65.084078,-65.083947
777.800000,-65.083948,-65.083950,-65.083820
777.850000,-65.083821,-65.083823,-65.083693
777.900000,-65.083694,-65.083696,-65.083566
777.950000,-65.083567,-65.083569,-65.083439
778.000000,-65.083440,-65.083442,-65.083313
778.050000,-65.083313,-65.083316,-65.083187
778.100000,-65.083187,-65.083190,-65.083060
778.150000,-65.083061,-65.083063,-65.082935
778.200000,-65.082935,-65.082937,-65.082809
778.250000,-65.082809,-65.082812,-65.082683
778.300000,-65.082684,-65.082686,-65.082558
778.350000,-65.082558,-65.082561,-65.082433
778.400000,-65.082433,-65.082436,-65.082308
778.450000,-65.082308,-65.082311,-65.082183
778.500000,-65.082183,-65.082186,-65.082059
778.550000,-65.082059,-65.082061,-65.081934
778.600000,-65.081934,-65.081937,-65.081810
778.650000,-65.081810,-65.081813,-65.081686
778.700000,-65.081686,-65.081689,-65.081562
778.750000,-65.081562,-65.081565,-65.081439
778.800000,-65.081439,-65.081441,-65.081315
778.850000,-65.081315,-65.081318,-65.081192
778.900000,-65.081192,-65.081194,-65.081069
778.950000,-65.081069,-65.081071,-65.080946
779.000000,-65.080946,-65.080948,-65.080824
779.050000,-65.080823,-65.080826,-65.080701
779.100000,-65.080701,-65.080703,-65.080579
779.150000,-65.080578,-65.080581,-65.080457
779.200000,-65.080456,-65.080459,-65.080335
779.250000,-65.080334,-65.080337,-65.080213
779.300000,-65.080213,-65.080215,-65.080092
779.350000,-65.080091,-65.080093,-65.079970
779.400000,-65.079970,-65.079972,-65.079849
779.450000,-65.079848,-65.079851,-65.079728
779.500000,-65.079727,-65.079730,-65.079607
779.550000,-65.079607,-65.079609,-65.079487
779.600000,-65.079486,-65.079488,-65.079366
779.650000,-65.079365,-65.079368,-65.079246
779.700000,-65.079245,-65.079247,-65.079126
779.750000,-65.079125,-65.079127,-65.079006
779.800000,-65.079005,-65.079007,-65.078886
779.850000,-65.078885,-65.078888,-65.078767
779.900000,-65.078766,-65.078768,-65.078647
779.950000,-65.078647,-65.078649,-65.078528
780.000000,-65.078527,-65.078530,-65.078409
780.050000,-65.078408,-65.078411,-65.078291
780.100000,-65.078290,-65.078292,-65.078172
780.150000,-65.078171,-65.078173,-65.078054
780.200000,-65.078052,-65.078055,-65.077935
780.250000,-65.077934,-65.077936,-65.077817
780.300000,-65.077816,-65.077818,-65.077699
780.350000,-65.077698,-65.077700,-65.077582
780.400000,-65.077580,-65.077583,-65.077464
780.450000,-65.077463,-65.077465,-65.077347
780.500000,-65.077346,-65.077348,-65.077230
780.550000,-65.077228,-65.077231,-65.077113
780.600000,-65.077111,-65.077114,-65.076996
780.650000,-65.076995,-65.076997,-65.076879
780.700000,-65.076878,-65.076880,-65.076763
780.750000,-65.076761,-65.076764,-65.076647
780.800000,-65.076645,-65.076647,-65.076531
780.850000,-65.076529,-65.076531,-65.076415
780.900000,-65.076413,-65.076415,-65.076299
780.950000,-65.076297,-65.076299,-65.076183
781.000000,-65.076182,-65.076184,-65.076068
781.050000,-65.076066,-65.076068,-65.075953
781.100000,-65.075951,-65.075953,-65.075838
781.150000,-65.075836,-65.075838,-65.075723
781.200000,-65.075721,-65.075723,-65.075608
781.250000,-65.075606,-65.075609,-65.075494
781.300000,-65.075492,-65.075494,-65.075380
781.350000,-65.075378,-65.075380,-65.075265
781.400000,-65.075263,-65.075265,-65.075151
781.450000,-65.075149,-65.075151,-65.075038
781.500000,-65.075036,-65.075038,-65.074924
781.550000,-65.074922,-65.074924,-65.074811
781.600000,-65.074808,-65.074811,-65.074697
781.650000,-65.074695,-65.074697,-65.074584
781.700000,-65.074582,-65.074584,-65.074471
781.750000,-65.074469,-65.074471,-65.074359
781.800000,-65.074356,-65.074358,-65.074246
781.850000,-65.074244,-65.074246,-65.074134
781.900000,-65.074131,-65.074133,-65.074021
781.950000,-65.074019,-65.074021,-65.073909
782.000000,-65.073907,-65.073909,-65.073797
782.050000,-65.073795,-65.073797,-65.073686
782.100000,-65.073683,-65.073685,-65.073574
782.150000,-65.073572,-65.073574,-65.073463
782.200000,-65.073460,-65.073462,-65.073352
782.250000,-65.073349,-65.073351,-65.073240
782.300000,-65.073238,-65.073240,-65.073130
782.350000,-65.073127,-65.073129,-65.073019
782.400000,-65.073016,-65.073018,-65.072908
782.450000,-65.072906,-65.072908,-65.072798
782.500000,-65.072795,-65.072797,-65.072688
782.550000,-65.072685,-65.072687,-65.072578
782.600000,-65.072575,-65.072577,-65.072468
782.650000,-65.072465,-65.072467,-65.072358
782.700000,-65.072355,-65.072357,-65.072249
782.750000,-65.072246,-65.072248,-65.072139
782.800000,-65.072136,-65.072138,-65.072030
782.850000,-65.072027,-65.072029,-65.071921
782.900000,-65.071918,-65.071920,-65.071812
782.950000,-65.071809,-65.071811,-65.071704
783.000000,-65.071701,-65.071703,-65.071595
783.050000,-65.071592,-65.071594,-65.071487
783.100000,-65.071484,-65.071486,-65.071379
783.150000,-65.071375,-65.071377,-65.071271
783.200000,-65.071267,-65.071269,-65.071163
783.250000,-65.071159,-65.071161,-65.071055
783.300000,-65.071052,-65.071054,-65.070947
783.350000,-65.070944,-65.070946,-65.070840
783.400000,-65.070837,-65.070839,-65.070733
783.450000,-65.070730,-65.070731,-65.070626
783.500000,-65.070622,-65.070624,-65.070519
783.550000,-65.070516,-65.070518,-65.070412
783.600000,-65.070409,-65.070411,-65.070306
783.650000,-65.070302,-65.070304,-65.070199
783.700000,-65.070196,-65.070198,-65.070093
783.750000,-65.070090,-65.070092,-65.069987
783.800000,-65.069983,-65.069985,-65.069881
783.850000,-65.069878,-65.069879,-65.069775
783.900000,-65.069772,-65.069774,-65.069670
783.950000,-65.069666,-65.069668,-65.069564
784.000000,-65.069561,-65.069563,-65.069459
784.050000,-65.069455,-65.069457,-65.069354
784.100000,-65.069350,-65.069352,-65.069249
784.150000,-65.069245,-65.069247,-65.069144
784.200000,-65.069141,-65.069143,-65.069040
784.250000,-65.069036,-65.069038,-65.068935
784.300000,-65.068931,-65.068933,-65.068831
784.350000,-65.068827,-65.068829,-65.068727
784.400000,-65.068723,-65.068725,-65.068623
784.450000,-65.068619,-65.068621,-65.068519
784.500000,-65.068515,-65.068517,-65.068416
784.550000,-65.068411,-65.068413,-65.068312
784.600000,-65.068308,-65.068310,-65.068209
784.650000,-65.068205,-65.068206,-65.068106
784.700000,-65.068101,-65.068103,-65.068002
784.750000,-65.067998,-65.068000,-65.067900
784.800000,-65.067895,-65.067897,-65.067797
784.850000,-65.067793,-65.067795,-65.067694
784.900000,-65.067690,-65.067692,-65.067592
784.950000,-65.067588,-65.067590,-65.067490
785.000000,-65.067485,-65.067487,-65.067388
785.050000,-65.067383,-65.067385,-65.067286
785.100000,-65.067281,-65.067283,-65.067184
785.150000,-65.067180,-65.067181,-65.067082
785.200000,-65.067078,-65.067080,-65.066981
785.250000,-65.066976,-65.066978,-65.066880
785.300000,-65.066875,-65.066877,-65.066778
785.350000,-65.066774,-65.066776,-65.066677
785.400000,-65.066673,-65.066675,-65.066577
785.450000,-65.066572,-65.066574,-65.066476
785.500000,-65.066471,-65.066473,-65.066375
785.550000,-65.066371,-65.066373,-65.066275
785.600000,-65.066270,-65.066272,-65.066175
785.650000,-65.066170,-65.066172,-65.066075
785.700000,-65.066070,-65.066072,-65.065975
785.750000,-65.065970,-65.065972,-65.065875
785.800000,-65.065870,-65.065872,-65.065775
785.850000,-65.065771,-65.065772,-65.065676
785.900000,-65.065671,-65.065673,-65.065577
785.950000,-65.065572,-65.065574,-65.065477
786.000000,-65.065473,-65.065474,-65.065378
786.050000,-65.065374,-65.065375,-65.065280
786.100000,-65.065275,-65.065277,-65.065181
786.150000,-65.065176,-65.065178,-65.065082
786.200000,-65.065077,-65.065079,-65.064984
786.250000,-65.064979,-65.064981,-65.064886
786.300000,-65.064881,-65.064883,-65.064788
786.350000,-65.064783,-65.064784,-65.064690
786.400000,-65.064685,-65.064686,-65.064592
786.450000,-65.064587,-65.064589,-65.064494
786.500000,-65.064489,-65.064491,-65.064397
786.550000,-65.064392,-65.064393,-65.064299
786.600000,-65.064294,-65.064296,-65.064202
786.650000,-65.064197,-65.064199,-65.064105
786.700000,-65.064100,-65.064102,-65.064008
786.750000,-65.064003,-65.064005,-65.063911
786.800000,-65.063906,-65.063908,-65.063815
786.850000,-65.063810,-65.063811,-65.063718
786.900000,-65.063713,-65.063715,-65.063622
786.950000,-65.063617,-65.063618,-65.063526
787.000000,-65.063520,-65.063522,-65.063430
787.050000,-65.063424,-65.063426,-65.063334
787.100000,-65.063329,-65.063330,-65.063238
787.150000,-65.063233,-65.063234,-65.063143
787.200000,-65.063137,-65.063139,-65.063047
787.250000,-65.063042,-65.063043,-65.062952
787.300000,-65.062946,-65.062948,-65.062857
787.350000,-65.062851,-65.062853,-65.062762
787.400000,-65.062756,-65.062758,-65.062667
787.450000,-65.062661,-65.062663,-65.062572
787.500000,-65.062567,-65.062568,-65.062477
787.550000,-65.062472,-65.062474,-65.062383
787.600000,-65.062378,-65.062379,-65.062289
787.650000,-65.062283,-65.062285,-65.062195
787.700000,-65.062189,-65.062191,-65.062101
787.750000,-65.062095,-65.062097,-65.062007
787.800000,-65.062001,-65.062003,-65.061913
787.850000,-65.061907,-65.061909,-65.061819
787.900000,-65.061814,-65.061815,-65.061726
787.950000,-65.061720,-65.061722,-65.061633
788.000000,-65.061627,-65.061629,-65.061540
788.050000,-65.061534,-65.061536,-65.061447
788.100000,-65.061441,-65.061443,-65.061354
788.150000,-65.061348,-65.061350,-65.061261
788.200000,-65.061255,-65.061257,-65.061168
788.250000,-65.061163,-65.061164,-65.061076
788.300000,-65.061070,-65.061072,-65.060984
788.350000,-65.060978,-65.060980,-65.060892
788.400000,-65.060886,-65.060887,-65.060800
788.450000,-65.060794,-65.060795,-65.060708
788.500000,-65.060702,-65.060703,-65.060616
788.550000,-65.060610,-65.060612,-65.060524
788.600000,-65.060518,-65.060520,-65.060433
788.650000,-65.060427,-65.060429,-65.060342
788.700000,-65.060336,-65.060337,-65.060250
788.750000,-65.060244,-65.060246,-65.060159
788.800000,-65.060153,-65.060155,-65.060069
788.850000,-65.060063,-65.060064,-65.059978
788.900000,-65.059972,-65.059973,-65.059887
788.950000,-65.059881,-65.059883,-65.059797
789.000000,-65.059791,-65.059792,-65.059706
789.050000,-65.059700,-65.059702,-65.059616
789.100000,-65.059610,-65.059612,-65.059526
789.150000,-65.059520,-65.059522,-65.059436
789.200000,-65.059430,-65.059432,-65.059346
789.250000,-65.059340,-65.059342,-65.059257
789.300000,-65.059251,-65.059252,-65.059167
789.350000,-65.059161,-65.059163,-65.059078
789.400000,-65.059072,-65.059073,-65.058989
789.450000,-65.058982,-65.058984,-65.058899
789.500000,-65.058893,-65.058895,-65.058810
789.550000,-65.058804,-65.058806,-65.058722
789.600000,-65.058715,-65.058717,-65.058633
789.650000,-65.058627,-65.058628,-65.058544
789.700000,-65.058538,-65.058540,-65.058456
789.750000,-65.058450,-65.058451,-65.058368
789.800000,-65.058361,-65.058363,-65.058279
789.850000,-65.058273,-65.058275,-65.058191
789.900000,-65.058185,-65.058187,-65.058104
789.950000,-65.058097,-65.058099,-65.058016
790.000000,-65.058009,-65.058011,-65.057928
790.050000,-65.057922,-65.057923,-65.057841
790.100000,-65.057834,-65.057836,-65.057753
790.150000,-65.057747,-65.057748,-65.057666
790.200000,-65.057660,-65.057661,-65.057579
790.250000,-65.057572,-65.057574,-65.057492
790.300000,-65.057486,-65.057487,-65.057405
790.350000,-65.057399,-65.057400,-65.057319
790.400000,-65.057312,-65.057313,-65.057232
790.450000,-65.057225,-65.057227,-65.057146
790.500000,-65.057139,-65.057140,-65.057059
790.550000,-65.057053,-65.057054,-65.056973
790.600000,-65.056966,-65.056968,-65.056887
790.650000,-65.056880,-65.056882,-65.056801
790.700000,-65.056794,-65.056796,-65.056715
790.750000,-65.056709,-65.056710,-65.056630
790.800000,-65.056623,-65.056625,-65.056544
790.850000,-65.056537,-65.056539,-65.056459
790.900000,-65.056452,-65.056454,-65.056374
790.950000,-65.056367,-65.056368,-65.056288
791.000000,-65.056282,-65.056283,-65.056203
791.050000,-65.056197,-65.056198,-65.056119
791.100000,-65.056112,-65.056113,-65.056034
791.150000,-65.056027,-65.056029,-65.055949
791.200000,-65.055942,-65.055944,-65.055865
791.250000,-65.055858,-65.055859,-65.055780
791.300000,-65.055774,-65.055775,-65.055696
791.350000,-65.055689,-65.055691,-65.055612
791.400000,-65.055605,-65.055607,-65.055528
791.450000,-65.055521,-65.055523,-65.055444
791.500000,-65.055437,-65.055439,-65.055361
791.550000,-65.055354,-65.055355,-65.055277
791.600000,-65.055270,-65.055272,-65.055194
791.650000,-65.055187,-65.055188,-65.055110
791.700000,-65.055103,-65.055105,-65.055027
791.750000,-65.055020,-65.055022,-65.054944
791.800000,-65.054937,-65.054938,-65.054861
791.850000,-65.054854,-65.054855,-65.054778
791.900000,-65.054771,-65.054773,-65.054696
791.950000,-65.054688,-65.054690,-65.054613
792.000000,-65.054606,-65.054607,-65.054531
792.050000,-65.054523,-65.054525,-65.054448
792.100000,-65.054441,-65.054443,-65.054366
792.150000,-65.054359,-65.054360,-65.054284
792.200000,-65.054277,-65.054278,-65.054202
792.250000,-65.054195,-65.054196,-65.054120
792.300000,-65.054113,-65.054114,-65.054039
792.350000,-65.054031,-65.054033,-65.053957
792.400000,-65.053950,-65.053951,-65.053876
792.450000,-65.053868,-65.053870,-65.053794
792.500000,-65.053787,-65.053788,-65.053713
792.550000,-65.053706,-65.053707,-65.053632
792.600000,-65.053625,-65.053626,-65.053551
792.650000,-65.053544,-65.053545,-65.053470
792.700000,-65.053463,-65.053464,-65.053389
792.750000,-65.053382,-65.053384,-65.053309
792.800000,-65.053302,-65.053303,-65.053228
792.850000,-65.053221,-65.053223,-65.053148
792.900000,-65.053141,-65.053142,-65.053068
792.950000,-65.053061,-65.053062,-65.052988
793.000000,-65.052980,-65.052982,-65.052908
793.050000,-65.052901,-65.052902,-65.052828
793.100000,-65.052821,-65.052822,-65.052748
793.150000,-65.052741,-65.052742,-65.052669
793.200000,-65.052661,-65.052663,-65.052589
793.250000,-65.052582,-65.052583,-65.052510
793.300000,-65.052502,-65.052504,-65.052431
793.350000,-65.052423,-65.052425,-65.052351
793.400000,-65.052344,-65.052345,-65.052272
793.450000,-65.052265,-65.052266,-65.052194
793.500000,-65.052186,-65.052188,-65.052115
793.550000,-65.052107,-65.052109,-65.052036
793.600000,-65.052029,-65.052030,-65.051958
793.650000,-65.051950,-65.051952,-65.051879
793.700000,-65.051872,-65.051873,-65.051801
793.750000,-65.051794,-65.051795,-65.051723
793.800000,-65.051715,-65.051717,-65.051645
793.850000,-65.051637,-65.051639,-65.051567
793.900000,-65.051559,-65.051561,-65.051489
793.950000,-65.051482,-65.051483,-65.051411
794.000000,-65.051404,-65.051405,-65.051334
794.050000,-65.051326,-65.051328,-65.051256
794.100000,-65.051249,-65.051250,-65.051179
794.150000,-65.051172,-65.051173,-65.051102
794.200000,-65.051094,-65.051096,-65.051025
794.250000,-65.051017,-65.051018,-65.050948
794.300000,-65.050940,-65.050941,-65.050871
794.350000,-65.050863,-65.050865,-65.050794
794.400000,-65.050787,-65.050788,-65.050718
794.450000,-65.050710,-65.050711,-65.050641
794.500000,-65.050633,-65.050635,-65.050565
794.550000,-65.050557,-65.050558,-65.050488
794.600000,-65.050481,-65.050482,-65.050412
794.650000,-65.050405,-65.050406,-65.050336
794.700000,-65.050328,-65.050330,-65.050260
794.750000,-65.050253,-65.050254,-65.050184
794.800000,-65.050177,-65.050178,-65.050109
794.850000,-65.050101,-65.050102,-65.050033
794.900000,-65.050025,-65.050027,-65.049958
794.950000,-65.049950,-65.049951,-65.049882
795.000000,-65.049875,-65.049876,-65.049807
795.050000,-65.049799,-65.049801,-65.049732
795.100000,-65.049724,-65.049725,-65.049657
795.150000,-65.049649,-65.049650,-65.049582
795.200000,-65.049574,-65.049576,-65.049507
795.250000,-65.049499,-65.049501,-65.049433
795.300000,-65.049425,-65.049426,-65.049358
795.350000,-65.049350,-65.049352,-65.049284
795.400000,-65.049276,-65.049277,-65.049209
795.450000,-65.049201,-65.049203,-65.049135
795.500000,-65.049127,-65.049128,-65.049061
795.550000,-65.049053,-65.049054,-65.048987
795.600000,-65.048979,-65.048980,-65.048913
795.650000,-65.048905,-65.048906,-65.048839
795.700000,-65.048831,-65.048833,-65.048766
795.750000,-65.048758,-65.048759,-65.048692
795.800000,-65.048684,-65.048686,-65.048619
795.850000,-65.048611,-65.048612,-65.048545
795.900000,-65.048538,-65.048539,-65.048472
795.950000,-65.048464,-65.048466,-65.048399
796.000000,-65.048391,-65.048392,-65.048326
796.050000,-65.048318,-65.048319,-65.048253
796.100000,-65.048245,-65.048247,-65.048181
796.150000,-65.048173,-65.048174,-65.048108
796.200000,-65.048100,-65.048101,-65.048035
796.250000,-65.048027,-65.048029,-65.047963
796.300000,-65.047955,-65.047956,-65.047891
796.350000,-65.047883,-65.047884,-65.047818
796.400000,-65.047810,-65.047812,-65.047746
796.450000,-65.047738,-65.047739,-65.047674
796.500000,-65.047666,-65.047667,-65.047602
796.550000,-65.047594,-65.047596,-65.047531
796.600000,-65.047523,-65.047524,-65.047459
796.650000,-65.047451,-65.047452,-65.047387
796.700000,-65.047379,-65.047381,-65.047316
796.750000,-65.047308,-65.047309,-65.047245
796.800000,-65.047237,-65.047238,-65.047173
796.850000,-65.047165,-65.047167,-65.047102
796.900000,-65.047094,-65.047095,-65.047031
796.950000,-65.047023,-65.047024,-65.046960
797.000000,-65.046952,-65.046953,-65.046890
797.050000,-65.046881,-65.046883,-65.046819
797.100000,-65.046811,-65.046812,-65.046748
797.150000,-65.046740,-65.046741,-65.046678
797.200000,-65.046670,-65.046671,-65.046608
797.250000,-65.046599,-65.046601,-65.046537
797.300000,-65.046529,-65.046530,-65.046467
797.350000,-65.046459,-65.046460,-65.046397
797.400000,-65.046389,-65.046390,-65.046327
797.450000,-65.046319,-65.046320,-65.046257
797.500000,-65.046249,-65.046250,-65.046188
797.550000,-65.046179,-65.046181,-65.046118
797.600000,-65.046110,-65.046111,-65.046048
797.650000,-65.046040,-65.046041,-65.045979
797.700000,-65.045971,-65.045972,-65.045910
797.750000,-65.045902,-65.045903,-65.045841
797.800000,-65.045832,-65.045833,-65.045771
797.850000,-65.045763,-65.045764,-65.045702
797.900000,-65.045694,-65.045695,-65.045634
797.950000,-65.045625,-65.045626,-65.045565
798.000000,-65.045557,-65.045558,-65.045496
798.050000,-65.045488,-65.045489,-65.045428
798.100000,-65.045419,-65.045420,-65.045359
798.150000,-65.045351,-65.045352,-65.045291
798.200000,-65.045282,-65.045284,-65.045223
798.250000,-65.045214,-65.045215,-65.045154
798.300000,-65.045146,-65.045147,-65.045086
798.350000,-65.045078,-65.045079,-65.045018
798.400000,-65.045010,-65.045011,-65.044951
798.450000,-65.044942,-65.044943,-65.044883
798.500000,-65.044874,-65.044876,-65.044815
798.550000,-65.044807,-65.044808,-65.044748
798.600000,-65.044739,-65.044740,-65.044680
798.650000,-65.044672,-65.044673,-65.044613
798.700000,-65.044604,-65.044606,-65.044546
798.750000,-65.044537,-65.044538,-65.044479
798.800000,-65.044470,-65.044471,-65.044412
798.850000,-65.044403,-65.044404,-65.044345
798.900000,-65.044336,-65.044337,-65.044278
798.950000,-65.044269,-65.044270,-65.044211
799.000000,-65.044203,-65.044204,-65.044144
799.050000,-65.044136,-65.044137,-65.044078
799.100000,-65.044070,-65.044071,-65.044012
799.150000,-65.044003,-65.044004,-65.043945
799.200000,-65.043937,-65.043938,-65.043879
799.250000,-65.043871,-65.043872,-65.043813
799.300000,-65.043804,-65.043806,-65.043747
799.350000,-65.043738,-65.043740,-65.043681
799.400000,-65.043673,-65.043674,-65.043615
799.450000,-65.043607,-65.043608,-65.043549
799.500000,-65.043541,-65.043542,-65.043484
799.550000,-65.043475,-65.043476,-65.043418
799.600000,-65.043410,-65.043411,-65.043353
799.650000,-65.043344,-65.043346,-65.043288
799.700000,-65.043279,-65.043280,-65.043222
799.750000,-65.043214,-65.043215,-65.043157
799.800000,-65.043149,-65.043150,-65.043092
799.850000,-65.043084,-65.043085,-65.043027
799.900000,-65.043019,-65.043020,-65.042963
799.950000,-65.042954,-65.042955,-65.042898
800.000000,-65.042889,-65.042890,-65.042833
800.050000,-65.042825,-65.042826,-65.042769
800.100000,-65.042760,-65.042761,-65.042704
800.150000,-65.042696,-65.042697,-65.042640
800.200000,-65.042631,-65.042632,-65.042576
800.250000,-65.042567,-65.042568,-65.042512
800.300000,-65.042503,-65.042504,-65.042448
800.350000,-65.042439,-65.042440,-65.042384
800.400000,-65.042375,-65.042376,-65.042320
800.450000,-65.042311,-65.042312,-65.042256
800.500000,-65.042247,-65.042249,-65.042192
800.550000,-65.042184,-65.042185,-65.042129
800.600000,-65.042120,-65.042121,-65.042065
800.650000,-65.042057,-65.042058,-65.042002
800.700000,-65.041993,-65.041994,-65.041939
800.750000,-65.041930,-65.041931,-65.041876
800.800000,-65.041867,-65.041868,-65.041813
800.850000,-65.041804,-65.041805,-65.041750
800.900000,-65.041741,-65.041742,-65.041687
800.950000,-65.041678,-65.041679,-65.041624
801.000000,-65.041615,-65.041616,-65.041561
801.050000,-65.041553,-65.041554,-65.041499
801.100000,-65.041490,-65.041491,-65.041436
801.150000,-65.041428,-65.041429,-65.041374
801.200000,-65.041365,-65.041366,-65.041311
801.250000,-65.041303,-65.041304,-65.041249
801.300000,-65.041241,-65.041242,-65.041187
801.350000,-65.041178,-65.041179,-65.041125
801.400000,-65.041116,-65.041117,-65.041063
801.450000,-65.041055,-65.041056,-65.041001
801.500000,-65.040993,-65.040994,-65.040940
801.550000,-65.040931,-65.040932,-65.040878
801.600000,-65.040869,-65.040870,-65.040816
801.650000,-65.040808,-65.040809,-65.040755
801.700000,-65.040746,-65.040747,-65.040694
801.750000,-65.040685,-65.040686,-65.040632
801.800000,-65.040624,-65.040625,-65.040571
801.850000,-65.040562,-65.040563,-65.040510
801.900000,-65.040501,-65.040502,-65.040449
801.950000,-65.040440,-65.040441,-65.040388
802.000000,-65.040379,-65.040380,-65.040327
802.050000,-65.040319,-65.040320,-65.040267
802.100000,-65.040258,-65.040259,-65.040206
802.150000,-65.040197,-65.040198,-65.040145
802.200000,-65.040137,-65.040138,-65.040085
802.250000,-65.040076,-65.040077,-65.040025
802.300000,-65.040016,-65.040017,-65.039964
802.350000,-65.039956,-65.039957,-65.039904
802.400000,-65.039896,-65.039897,-65.039844
802.450000,-65.039835,-65.039836,-65.039784
802.500000,-65.039775,-65.039776,-65.039724
802.550000,-65.039716,-65.039717,-65.039665
802.600000,-65.039656,-65.039657,-65.039605
802.650000,-65.039596,-65.039597,-65.039545
802.700000,-65.039536,-65.039537,-65.039486
802.750000,-65.039477,-65.039478,-65.039426
802.800000,-65.039417,-65.039418,-65.039367
802.850000,-65.039358,-65.039359,-65.039308
802.900000,-65.039299,-65.039300,-65.039248
802.950000,-65.039240,-65.039241,-65.039189
803.000000,-65.039181,-65.039182,-65.039130
803.050000,-65.039122,-65.039123,-65.039071
803.100000,-65.039063,-65.039064,-65.039013
803.150000,-65.039004,-65.039005,-65.038954
803.200000,-65.038945,-65.038946,-65.038895
803.250000,-65.038887,-65.038888,-65.038837
803.300000,-65.038828,-65.038829,-65.038778
803.350000,-65.038770,-65.038771,-65.038720
803.400000,-65.038711,-65.038712,-65.038662
803.450000,-65.038653,-65.038654,-65.038603
803.500000,-65.038595,-65.038596,-65.038545
803.550000,-65.038537,-65.038538,-65.038487
803.600000,-65.038479,-65.038480,-65.038429
803.650000,-65.038421,-65.038422,-65.038372
803.700000,-65.038363,-65.038364,-65.038314
803.750000,-65.038305,-65.038306,-65.038256
803.800000,-65.038247,-65.038248,-65.038199
803.850000,-65.038190,-65.038191,-65.038141
803.900000,-65.038132,-65.038133,-65.038084
803.950000,-65.038075,-65.038076,-65.038026
804.000000,-65.038018,-65.038019,-65.037969
804.050000,-65.037960,-65.037961,-65.037912
804.100000,-65.037903,-65.037904,-65.037855
804.150000,-65.037846,-65.037847,-65.037798
804.200000,-65.037789,-65.037790,-65.037741
804.250000,-65.037732,-65.037733,-65.037684
804.300000,-65.037676,-65.037677,-65.037628
804.350000,-65.037619,-65.037620,-65.037571
804.400000,-65.037562,-65.037563,-65.037515
804.450000,-65.037506,-65.037507,-65.037458
804.500000,-65.037449,-65.037450,-65.037402
804.550000,-65.037393,-65.037394,-65.037345
804.600000,-65.037337,-65.037338,-65.037289
804.650000,-65.037280,-65.037281,-65.037233
804.700000,-65.037224,-65.037225,-65.037177
804.750000,-65.037168,-65.037169,-65.037121
804.800000,-65.037112,-65.037113,-65.037065
804.850000,-65.037057,-65.037057,-65.037010
804.900000,-65.037001,-65.037002,-65.036954
804.950000,-65.036945,-65.036946,-65.036898
805.000000,-65.036889,-65.036890,-65.036843
805.050000,-65.036834,-65.036835,-65.036787
805.100000,-65.036779,-65.036779,-65.036732
805.150000,-65.036723,-65.036724,-65.036677
805.200000,-65.036668,-65.036669,-65.036622
805.250000,-65.036613,-65.036614,-65.036566
805.300000,-65.036558,-65.036559,-65.036511
805.350000,-65.036503,-65.036504,-65.036457
805.400000,-65.036448,-65.036449,-65.036402
805.450000,-65.036393,-65.036394,-65.036347
805.500000,-65.036338,-65.036339,-65.036292
805.550000,-65.036283,-65.036284,-65.036238
805.600000,-65.036229,-65.036230,-65.036183
805.650000,-65.036174,-65.036175,-65.036129
805.700000,-65.036120,-65.036121,-65.036074
805.750000,-65.036066,-65.036066,-65.036020
805.800000,-65.036011,-65.036012,-65.035966
805.850000,-65.035957,-65.035958,-65.035912
805.900000,-65.035903,-65.035904,-65.035858
805.950000,-65.035849,-65.035850,-65.035804
806.000000,-65.035795,-65.035796,-65.035750
806.050000,-65.035741,-65.035742,-65.035696
806.100000,-65.035687,-65.035688,-65.035643
806.150000,-65.035634,-65.035635,-65.035589
806.200000,-65.035580,-65.035581,-65.035535
806.250000,-65.035527,-65.035527,-65.035482
806.300000,-65.035473,-65.035474,-65.035429
806.350000,-65.035420,-65.035421,-65.035375
806.400000,-65.035367,-65.035367,-65.035322
806.450000,-65.035313,-65.035314,-65.035269
806.500000,-65.035260,-65.035261,-65.035216
806.550000,-65.035207,-65.035208,-65.035163
806.600000,-65.035154,-65.035155,-65.035110
806.650000,-65.035101,-65.035102,-65.035057
806.700000,-65.035048,-65.035049,-65.035005
806.750000,-65.034996,-65.034997,-65.034952
806.800000,-65.034943,-65.034944,-65.034899
806.850000,-65.034891,-65.034891,-65.034847
806.900000,-65.034838,-65.034839,-65.034795
806.950000,-65.034786,-65.034787,-65.034742
807.000000,-65.034733,-65.034734,-65.034690
807.050000,-65.034681,-65.034682,-65.034638
807.100000,-65.034629,-65.034630,-65.034586
807.150000,-65.034577,-65.034578,-65.034534
807.200000,-65.034525,-65.034526,-65.034482
807.250000,-65.034473,-65.034474,-65.034430
807.300000,-65.034421,-65.034422,-65.034378
807.350000,-65.034369,-65.034370,-65.034326
807.400000,-65.034318,-65.034318,-65.034275
807.450000,-65.034266,-65.034267,-65.034223
807.500000,-65.034214,-65.034215,-65.034172
807.550000,-65.034163,-65.034164,-65.034120
807.600000,-65.034112,-65.034112,-65.034069
807.650000,-65.034060,-65.034061,-65.034018
807.700000,-65.034009,-65.034010,-65.033967
807.750000,-65.033958,-65.033959,-65.033916
807.800000,-65.033907,-65.033908,-65.033865
807.850000,-65.033856,-65.033857,-65.033814
807.900000,-65.033805,-65.033806,-65.033763
807.950000,-65.033754,-65.033755,-65.033712
808.000000,-65.033703,-65.033704,-65.033662
808.050000,-65.033653,-65.033653,-65.033611
808.100000,-65.033602,-65.033603,-65.033560
808.150000,-65.033552,-65.033552,-65.033510
808.200000,-65.033501,-65.033502,-65.033460
808.250000,-65.033451,-65.033452,-65.033409
808.300000,-65.033400,-65.033401,-65.033359
808.350000,-65.033350,-65.033351,-65.033309
808.400000,-65.033300,-65.033301,-65.033259
808.450000,-65.033250,-65.033251,-65.033209
808.500000,-65.033200,-65.033201,-65.033159
808.550000,-65.033150,-65.033151,-65.033109
808.600000,-65.033100,-65.033101,-65.033059
808.650000,-65.033050,-65.033051,-65.033010
808.700000,-65.033001,-65.033002,-65.032960
808.750000,-65.032951,-65.032952,-65.032910
808.800000,-65.032902,-65.032902,-65.032861
808.850000,-65.032852,-65.032853,-65.032812
808.900000,-65.032803,-65.032804,-65.032762
808.950000,-65.032753,-65.032754,-65.032713
809.000000,-65.032704,-65.032705,-65.032664
809.050000,-65.032655,-65.032656,-65.032615
809.100000,-65.032606,-65.032607,-65.032566
809.150000,-65.032557,-65.032558,-65.032517
809.200000,-65.032508,-65.032509,-65.032468
809.250000,-65.032459,-65.032460,-65.032419
809.300000,-65.032410,-65.032411,-65.032370
809.350000,-65.032362,-65.032362,-65.032322
809.400000,-65.032313,-65.032314,-65.032273
809.450000,-65.032264,-65.032265,-65.032225
809.500000,-65.032216,-65.032217,-65.032176
809.550000,-65.032167,-65.032168,-65.032128
809.600000,-65.032119,-65.032120,-65.032080
809.650000,-65.032071,-65.032072,-65.032031
809.700000,-65.032023,-65.032023,-65.031983
809.750000,-65.031974,-65.031975,-65.031935
809.800000,-65.031926,-65.031927,-65.031887
809.850000,-65.031878,-65.031879,-65.031839
809.900000,-65.031830,-65.031831,-65.031791
809.950000,-65.031783,-65.031783,-65.031744
810.000000,-65.031735,-65.031736,-65.031696
810.050000,-65.031687,-65.031688,-65.031648
810.100000,-65.031640,-65.031640,-65.031601
810.150000,-65.031592,-65.031593,-65.031553
810.200000,-65.031544,-65.031545,-65.031506
810.250000,-65.031497,-65.031498,-65.031459
810.300000,-65.031450,-65.031450,-65.031411
810.350000,-65.031402,-65.031403,-65.031364
810.400000,-65.031355,-65.031356,-65.031317
810.450000,-65.031308,-65.031309,-65.031270
810.500000,-65.031261,-65.031262,-65.031223
810.550000,-65.031214,-65.031215,-65.031176
810.600000,-65.031167,-65.031168,-65.031129
810.650000,-65.031120,-65.031121,-65.031082
810.700000,-65.031074,-65.031074,-65.031036
810.750000,-65.031027,-65.031028,-65.030989
810.800000,-65.030980,-65.030981,-65.030942
810.850000,-65.030934,-65.030934,-65.030896
810.900000,-65.030887,-65.030888,-65.030850
810.950000,-65.030841,-65.030841,-65.030803
811.000000,-65.030794,-65.030795,-65.030757
811.050000,-65.030748,-65.030749,-65.030711
811.100000,-65.030702,-65.030703,-65.030665
811.150000,-65.030656,-65.030657,-65.030619
811.200000,-65.030610,-65.030610,-65.030573
811.250000,-65.030564,-65.030564,-65.030527
811.300000,-65.030518,-65.030519,-65.030481
811.350000,-65.030472,-65.030473,-65.030435
811.400000,-65.030426,-65.030427,-65.030389
811.450000,-65.030380,-65.030381,-65.030344
811.500000,-65.030335,-65.030336,-65.030298
811.550000,-65.030289,-65.030290,-65.030252
811.600000,-65.030244,-65.030244,-65.030207
811.650000,-65.030198,-65.030199,-65.030162
811.700000,-65.030153,-65.030154,-65.030116
811.750000,-65.030108,-65.030108,-65.030071
811.800000,-65.030062,-65.030063,-65.030026
811.850000,-65.030017,-65.030018,-65.029981
811.900000,-65.029972,-65.029973,-65.029936
811.950000,-65.029927,-65.029928,-65.029891
812.000000,-65.029882,-65.029883,-65.029846
812.050000,-65.029837,-65.029838,-65.029801
812.100000,-65.029792,-65.029793,-65.029756
812.150000,-65.029748,-65.029748,-65.029712
812.200000,-65.029703,-65.029704,-65.029667
812.250000,-65.029658,-65.029659,-65.029622
812.300000,-65.029614,-65.029614,-65.029578
812.350000,-65.029569,-65.029570,-65.029534
812.400000,-65.029525,-65.029526,-65.029489
812.450000,-65.029481,-65.029481,-65.029445
812.500000,-65.029436,-65.029437,-65.029401
812.550000,-65.029392,-65.029393,-65.029357
812.600000,-65.029348,-65.029349,-65.029312
812.650000,-65.029304,-65.029304,-65.029268
812.700000,-65.029260,-65.029260,-65.029224
812.750000,-65.029216,-65.029216,-65.029181
812.800000,-65.029172,-65.029173,-65.029137
812.850000,-65.029128,-65.029129,-65.029093
812.900000,-65.029084,-65.029085,-65.029049
812.950000,-65.029041,-65.029041,-65.029006
813.000000,-65.028997,-65.028998,-65.028962
813.050000,-65.028953,-65.028954,-65.028919
813.100000,-65.028910,-65.028911,-65.028875
813.150000,-65.028867,-65.028867,-65.028832
813.200000,-65.028823,-65.028824,-65.028789
813.250000,-65.028780,-65.028781,-65.028745
813.300000,-65.028737,-65.028737,-65.028702
813.350000,-65.028694,-65.028694,-65.028659
813.400000,-65.028650,-65.028651,-65.028616
813.450000,-65.028607,-65.028608,-65.028573
813.500000,-65.028564,-65.028565,-65.028530
813.550000,-65.028522,-65.028522,-65.028487
813.600000,-65.028479,-65.028479,-65.028445
813.650000,-65.028436,-65.028437,-65.028402
813.700000,-65.028393,-65.028394,-65.028359
813.750000,-65.028351,-65.028351,-65.028317
813.800000,-65.028308,-65.028309,-65.028274
813.850000,-65.028265,-65.028266,-65.028232
813.900000,-65.028223,-65.028224,-65.028189
813.950000,-65.028181,-65.028181,-65.028147
814.000000,-65.028138,-65.028139,-65.028105
814.050000,-65.028096,-65.028097,-65.028063
814.100000,-65.028054,-65.028055,-65.028020
814.150000,-65.028012,-65.028012,-65.027978
814.200000,-65.027970,-65.027970,-65.027936
814.250000,-65.027928,-65.027928,-65.027894
814.300000,-65.027886,-65.027886,-65.027853
814.350000,-65.027844,-65.027845,-65.027811
814.400000,-65.027802,-65.027803,-65.027769
814.450000,-65.027760,-65.027761,-65.027727
814.500000,-65.027719,-65.027719,-65.027686
814.550000,-65.027677,-65.027678,-65.027644
814.600000,-65.027635,-65.027636,-65.027603
814.650000,-65.027594,-65.027595,-65.027561
814.700000,-65.027553,-65.027553,-65.027520
814.750000,-65.027511,-65.027512,-65.027478
814.800000,-65.027470,-65.027470,-65.027437
814.850000,-65.027429,-65.027429,-65.027396
814.900000,-65.027387,-65.027388,-65.027355
814.950000,-65.027346,-65.027347,-65.027314
815.000000,-65.027305,-65.027306,-65.027273
815.050000,-65.027264,-65.027265,-65.027232
815.100000,-65.027223,-65.027224,-65.027191
815.150000,-65.027182,-65.027183,-65.027150
815.200000,-65.027142,-65.027142,-65.027109
815.250000,-65.027101,-65.027102,-65.027069
815.300000,-65.027060,-65.027061,-65.027028
815.350000,-65.027020,-65.027020,-65.026988
815.400000,-65.026979,-65.026980,-65.026947
815.450000,-65.026939,-65.026939,-65.026907
815.500000,-65.026898,-65.026899,-65.026866
815.550000,-65.026858,-65.026858,-65.026826
815.600000,-65.026817,-65.026818,-65.026786
815.650000,-65.026777,-65.026778,-65.026745
815.700000,-65.026737,-65.026738,-65.026705
815.750000,-65.026697,-65.026697,-65.026665
815.800000,-65.026657,-65.026657,-65.026625
815.850000,-65.026617,-65.026617,-65.026585
815.900000,-65.026577,-65.026577,-65.026545
815.950000,-65.026537,-65.026537,-65.026506
816.000000,-65.026497,-65.026498,-65.026466
816.050000,-65.026457,-65.026458,-65.026426
816.100000,-65.026418,-65.026418,-65.026386
816.150000,-65.026378,-65.026378,-65.026347
816.200000,-65.026338,-65.026339,-65.026307
816.250000,-65.026299,-65.026299,-65.026268
816.300000,-65.026259,-65.026260,-65.026228
816.350000,-65.026220,-65.026220,-65.026189
816.400000,-65.026181,-65.026181,-65.026150
816.450000,-65.026141,-65.026142,-65.026110
816.500000,-65.026102,-65.026103,-65.026071
816.550000,-65.026063,-65.026063,-65.026032
816.600000,-65.026024,-65.026024,-65.025993
816.650000,-65.025985,-65.025985,-65.025954
816.700000,-65.025946,-65.025946,-65.025915
816.750000,-65.025907,-65.025907,-65.025876
816.800000,-65.025868,-65.025868,-65.025837
816.850000,-65.025829,-65.025830,-65.025799
816.900000,-65.025790,-65.025791,-65.025760
816.950000,-65.025752,-65.025752,-65.025721
817.000000,-65.025713,-65.025713,-65.025683
817.050000,-65.025674,-65.025675,-65.025644
817.100000,-65.025636,-65.025636,-65.025606
817.150000,-65.025597,-65.025598,-65.025567
817.200000,-65.025559,-65.025559,-65.025529
817.250000,-65.025521,-65.025521,-65.025491
817.300000,-65.025482,-65.025483,-65.025452
817.350000,-65.025444,-65.025445,-65.025414
817.400000,-65.025406,-65.025406,-65.025376
817.450000,-65.025368,-65.025368,-65.025338
817.500000,-65.025330,-65.025330,-65.025300
817.550000,-65.025292,-65.025292,-65.025262
817.600000,-65.025254,-65.025254,-65.025224
817.650000,-65.025216,-65.025216,-65.025186
817.700000,-65.025178,-65.025178,-65.025149
817.750000,-65.025140,-65.025141,-65.025111
817.800000,-65.025102,-65.025103,-65.025073
817.850000,-65.025065,-65.025065,-65.025036
817.900000,-65.025027,-65.025028,-65.024998
817.950000,-65.024990,-65.024990,-65.024960
818.000000,-65.024952,-65.024953,-65.024923
818.050000,-65.024915,-65.024915,-65.024886
818.100000,-65.024877,-65.024878,-65.024848
818.150000,-65.024840,-65.024841,-65.024811
818.200000,-65.024803,-65.024803,-65.024774
818.250000,-65.024765,-65.024766,-65.024737
818.300000,-65.024728,-65.024729,-65.024700
818.350000,-65.024691,-65.024692,-65.024663
818.400000,-65.024654,-65.024655,-65.024626
818.450000,-65.024617,-65.024618,-65.024589
818.500000,-65.024580,-65.024581,-65.024552
818.550000,-65.024543,-65.024544,-65.024515
818.600000,-65.024507,-65.024507,-65.024478
818.650000,-65.024470,-65.024470,-65.024441
818.700000,-65.024433,-65.024434,-65.024405
818.750000,-65.024396,-65.024397,-65.024368
818.800000,-65.024360,-65.024360,-65.024332
818.850000,-65.024323,-65.024324,-65.024295
818.900000,-65.024287,-65.024287,-65.024259
818.950000,-65.024250,-65.024251,-65.024222
819.000000,-65.024214,-65.024215,-65.024186
819.050000,-65.024178,-65.024178,-65.024150
819.100000,-65.024141,-65.024142,-65.024113
819.150000,-65.024105,-65.024106,-65.024077
819.200000,-65.024069,-65.024070,-65.024041
819.250000,-65.024033,-65.024033,-65.024005
819.300000,-65.023997,-65.023997,-65.023969
819.350000,-65.023961,-65.023961,-65.023933
819.400000,-65.023925,-65.023925,-65.023897
819.450000,-65.023889,-65.023890,-65.023861
819.500000,-65.023853,-65.023854,-65.023826
819.550000,-65.023817,-65.023818,-65.023790
819.600000,-65.023782,-65.023782,-65.023754
819.650000,-65.023746,-65.023747,-65.023719
819.700000,-65.023710,-65.023711,-65.023683
819.750000,-65.023675,-65.023675,-65.023648
819.800000,-65.023639,-65.023640,-65.023612
819.850000,-65.023604,-65.023604,-65.023577
819.900000,-65.023569,-65.023569,-65.023541
819.950000,-65.023533,-65.023534,-65.023506
820.000000,-65.023498,-65.023498,-65.023471
820.050000,-65.023463,-65.023463,-65.023436
820.100000,-65.023427,-65.023428,-65.023401
820.150000,-65.023392,-65.023393,-65.023365
820.200000,-65.023357,-65.023358,-65.023330
820.250000,-65.023322,-65.023323,-65.023295
820.300000,-65.023287,-65.023288,-65.023261
820.350000,-65.023252,-65.023253,-65.023226
820.400000,-65.023217,-65.023218,-65.023191
820.450000,-65.023183,-65.023183,-65.023156
820.500000,-65.023148,-65.023148,-65.023121
820.550000,-65.023113,-65.023114,-65.023087
820.600000,-65.023078,-65.023079,-65.023052
820.650000,-65.023044,-65.023044,-65.023017
820.700000,-65.023009,-65.023010,-65.022983
820.750000,-65.022975,-65.022975,-65.022949
820.800000,-65.022940,-65.022941,-65.022914
820.850000,-65.022906,-65.022906,-65.022880
820.900000,-65.022872,-65.022872,-65.022845
820.950000,-65.022837,-65.022838,-65.022811
821.000000,-65.022803,-65.022804,-65.022777
821.050000,-65.022769,-65.022769,-65.022743
821.100000,-65.022735,-65.022735,-65.022709
821.150000,-65.022701,-65.022701,-65.022675
821.200000,-65.022667,-65.022667,-65.022641
821.250000,-65.022633,-65.022633,-65.022607
821.300000,-65.022599,-65.022599,-65.022573
821.350000,-65.022565,-65.022565,-65.022539
821.400000,-65.022531,-65.022531,-65.022505
821.450000,-65.022497,-65.022498,-65.022472
821.500000,-65.022463,-65.022464,-65.022438
821.550000,-65.022430,-65.022430,-65.022404
821.600000,-65.022396,-65.022397,-65.022371
821.650000,-65.022363,-65.022363,-65.022337
821.700000,-65.022329,-65.022330,-65.022304
821.750000,-65.022296,-65.022296,-65.022270
821.800000,-65.022262,-65.022263,-65.022237
821.850000,-65.022229,-65.022229,-65.022204
821.900000,-65.022195,-65.022196,-65.022170
821.950000,-65.022162,-65.022163,-65.022137
822.000000,-65.022129,-65.022129,-65.022104
822.050000,-65.022096,-65.022096,-65.022071
822.100000,-65.022063,-65.022063,-65.022038
822.150000,-65.022030,-65.022030,-65.022005
822.200000,-65.021997,-65.021997,-65.021972
822.250000,-65.021964,-65.021964,-65.021939
822.300000,-65.021931,-65.021931,-65.021906
822.350000,-65.021898,-65.021898,-65.021873
822.400000,-65.021865,-65.021865,-65.021840
822.450000,-65.021832,-65.021833,-65.021807
822.500000,-65.021799,-65.021800,-65.021775
822.550000,-65.021767,-65.021767,-65.021742
822.600000,-65.021734,-65.021735,-65.021710
822.650000,-65.021702,-65.021702,-65.021677
822.700000,-65.021669,-65.021670,-65.021645
822.750000,-65.021637,-65.021637,-65.021612
822.800000,-65.021604,-65.021605,-65.021580
822.850000,-65.021572,-65.021572,-65.021547
822.900000,-65.021539,-65.021540,-65.021515
822.950000,-65.021507,-65.021508,-65.021483
823.000000,-65.021475,-65.021475,-65.021451
823.050000,-65.021443,-65.021443,-65.021419
823.100000,-65.021411,-65.021411,-65.021386
823.150000,-65.021379,-65.021379,-65.021354
823.200000,-65.021346,-65.021347,-65.021322
823.250000,-65.021314,-65.021315,-65.021290
823.300000,-65.021283,-65.021283,-65.021259
823.350000,-65.021251,-65.021251,-65.021227
823.400000,-65.021219,-65.021219,-65.021195
823.450000,-65.021187,-65.021187,-65.021163
823.500000,-65.021155,-65.021156,-65.021131
823.550000,-65.021124,-65.021124,-65.021100
823.600000,-65.021092,-65.021092,-65.021068
823.650000,-65.021060,-65.021061,-65.021037
823.700000,-65.021029,-65.021029,-65.021005
823.750000,-65.020997,-65.020998,-65.020974
823.800000,-65.020966,-65.020966,-65.020942
823.850000,-65.020934,-65.020935,-65.020911
823.900000,-65.020903,-65.020903,-65.020879
823.950000,-65.020872,-65.020872,-65.020848
824.000000,-65.020840,-65.020841,-65.020817
824.050000,-65.020809,-65.020810,-65.020786
824.100000,-65.020778,-65.020778,-65.020755
824.150000,-65.020747,-65.020747,-65.020724
824.200000,-65.020716,-65.020716,-65.020693
824.250000,-65.020685,-65.020685,-65.020662
824.300000,-65.020654,-65.020654,-65.020631
824.350000,-65.020623,-65.020623,-65.020600
824.400000,-65.020592,-65.020592,-65.020569
824.450000,-65.020561,-65.020561,-65.020538
824.500000,-65.020530,-65.020531,-65.020507
824.550000,-65.020499,-65.020500,-65.020476
824.600000,-65.020469,-65.020469,-65.020446
824.650000,-65.020438,-65.020438,-65.020415
824.700000,-65.020407,-65.020408,-65.020385
824.750000,-65.020377,-65.020377,-65.020354
824.800000,-65.020346,-65.020347,-65.020324
824.850000,-65.020316,-65.020316,-65.020293
824.900000,-65.020285,-65.020286,-65.020263
824.950000,-65.020255,-65.020255,-65.020232
825.000000,-65.020225,-65.020225,-65.020202
825.050000,-65.020194,-65.020195,-65.020172
825.100000,-65.020164,-65.020165,-65.020142
825.150000,-65.020134,-65.020134,-65.020111
825.200000,-65.020104,-65.020104,-65.020081
825.250000,-65.020074,-65.020074,-65.020051
825.300000,-65.020044,-65.020044,-65.020021
825.350000,-65.020014,-65.020014,-65.019991
825.400000,-65.019984,-65.019984,-65.019961
825.450000,-65.019954,-65.019954,-65.019931
825.500000,-65.019924,-65.019924,-65.019902
825.550000,-65.019894,-65.019894,-65.019872
825.600000,-65.019864,-65.019864,-65.019842
825.650000,-65.019834,-65.019835,-65.019812
825.700000,-65.019805,-65.019805,-65.019783
825.750000,-65.019775,-65.019775,-65.019753
825.800000,-65.019745,-65.019746,-65.019723
825.850000,-65.019716,-65.019716,-65.019694
825.900000,-65.019686,-65.019687,-65.019664
825.950000,-65.019657,-65.019657,-65.019635
826.000000,-65.019627,-65.019628,-65.019605
826.050000,-65.019598,-65.019598,-65.019576
826.100000,-65.019568,-65.019569,-65.019547
826.150000,-65.019539,-65.019540,-65.019518
826.200000,-65.019510,-65.019510,-65.019488
826.250000,-65.019481,-65.019481,-65.019459
826.300000,-65.019452,-65.019452,-65.019430
826.350000,-65.019422,-65.019423,-65.019401
826.400000,-65.019393,-65.019394,-65.019372
826.450000,-65.019364,-65.019365,-65.019343
826.500000,-65.019335,-65.019336,-65.019314
826.550000,-65.019306,-65.019307,-65.019285
826.600000,-65.019277,-65.019278,-65.019256
826.650000,-65.019249,-65.019249,-65.019227
826.700000,-65.019220,-65.019220,-65.019198
826.750000,-65.019191,-65.019191,-65.019170
826.800000,-65.019162,-65.019163,-65.019141
826.850000,-65.019133,-65.019134,-65.019112
826.900000,-65.019105,-65.019105,-65.019084
826.950000,-65.019076,-65.019077,-65.019055
827.000000,-65.019048,-65.019048,-65.019027
827.050000,-65.019019,-65.019019,-65.018998
827.100000,-65.018991,-65.018991,-65.018970
827.150000,-65.018962,-65.018963,-65.018941
827.200000,-65.018934,-65.018934,-65.018913
827.250000,-65.018905,-65.018906,-65.018885
827.300000,-65.018877,-65.018878,-65.018856
827.350000,-65.018849,-65.018849,-65.018828
827.400000,-65.018821,-65.018821,-65.018800
827.450000,-65.018792,-65.018793,-65.018772
827.500000,-65.018764,-65.018765,-65.018744
827.550000,-65.018736,-65.018737,-65.018716
827.600000,-65.018708,-65.018709,-65.018688
827.650000,-65.018680,-65.018681,-65.018660
827.700000,-65.018652,-65.018653,-65.018632
827.750000,-65.018624,-65.018625,-65.018604
827.800000,-65.018596,-65.018597,-65.018576
827.850000,-65.018568,-65.018569,-65.018548
827.900000,-65.018541,-65.018541,-65.018520
827.950000,-65.018513,-65.018513,-65.018493
828.000000,-65.018485,-65.018486,-65.018465
828.050000,-65.018458,-65.018458,-65.018437
828.100000,-65.018430,-65.018430,-65.018410
828.150000,-65.018402,-65.018403,-65.018382
828.200000,-65.018375,-65.018375,-65.018355
828.250000,-65.018347,-65.018348,-65.018327
828.300000,-65.018320,-65.018320,-65.018300
828.350000,-65.018292,-65.018293,-65.018272
828.400000,-65.018265,-65.018265,-65.018245
828.450000,-65.018238,-65.018238,-65.018218
828.500000,-65.018210,-65.018211,-65.018190
828.550000,-65.018183,-65.018183,-65.018163
828.600000,-65.018156,-65.018156,-65.018136
828.650000,-65.018129,-65.018129,-65.018109
828.700000,-65.018101,-65.018102,-65.018082
828.750000,-65.018074,-65.018075,-65.018055
828.800000,-65.018047,-65.018048,-65.018028
828.850000,-65.018020,-65.018021,-65.018001
828.900000,-65.017993,-65.017994,-65.017974
828.950000,-65.017966,-65.017967,-65.017947
829.000000,-65.017940,-65.017940,-65.017920
829.050000,-65.017913,-65.017913,-65.017893
829.100000,-65.017886,-65.017886,-65.017866
829.150000,-65.017859,-65.017859,-65.017840
829.200000,-65.017832,-65.017833,-65.017813
829.250000,-65.017806,-65.017806,-65.017786
829.300000,-65.017779,-65.017779,-65.017760
829.350000,-65.017752,-65.017753,-65.017733
829.400000,-65.017726,-65.017726,-65.017707
829.450000,-65.017699,-65.017700,-65.017680
829.500000,-65.017673,-65.017673,-65.017654
829.550000,-65.017646,-65.017647,-65.017627
829.600000,-65.017620,-65.017620,-65.017601
829.650000,-65.017594,-65.017594,-65.017574
829.700000,-65.017567,-65.017568,-65.017548
829.750000,-65.017541,-65.017541,-65.017522
829.800000,-65.017515,-65.017515,-65.017496
829.850000,-65.017488,-65.017489,-65.017470
829.900000,-65.017462,-65.017463,-65.017443
829.950000,-65.017436,-65.017436,-65.017417
830.000000,-65.017410,-65.017410,-65.017391
830.050000,-65.017384,-65.017384,-65.017365
830.100000,-65.017358,-65.017358,-65.017339
830.150000,-65.017332,-65.017332,-65.017313
830.200000,-65.017306,-65.017306,-65.017287
830.250000,-65.017280,-65.017280,-65.017261
830.300000,-65.017254,-65.017255,-65.017236
830.350000,-65.017228,-65.017229,-65.017210
830.400000,-65.017203,-65.017203,-65.017184
830.450000,-65.017177,-65.017177,-65.017158
830.500000,-65.017151,-65.017152,-65.017133
830.550000,-65.017126,-65.017126,-65.017107
830.600000,-65.017100,-65.017100,-65.017081
830.650000,-65.017074,-65.017075,-65.017056
830.700000,-65.017049,-65.017049,-65.017030
830.750000,-65.017023,-65.017024,-65.017005
830.800000,-65.016998,-65.016998,-65.016979
830.850000,-65.016972,-65.016973,-65.016954
830.900000,-65.016947,-65.016947,-65.016929
830.950000,-65.016922,-65.016922,-65.016903
831.000000,-65.016896,-65.016897,-65.016878
831.050000,-65.016871,-65.016871,-65.016853
831.100000,-65.016846,-65.016846,-65.016828
831.150000,-65.016821,-65.016821,-65.016802
831.200000,-65.016795,-65.016796,-65.016777
831.250000,-65.016770,-65.016771,-65.016752
831.300000,-65.016745,-65.016745,-65.016727
831.350000,-65.016720,-65.016720,-65.016702
831.400000,-65.016695,-65.016695,-65.016677
831.450000,-65.016670,-65.016670,-65.016652
831.500000,-65.016645,-65.016645,-65.016627
831.550000,-65.016620,-65.016621,-65.016602
831.600000,-65.016595,-65.016596,-65.016578
831.650000,-65.016571,-65.016571,-65.016553
831.700000,-65.016546,-65.016546,-65.016528
831.750000,-65.016521,-65.016521,-65.016503
831.800000,-65.016496,-65.016497,-65.016479
831.850000,-65.016472,-65.016472,-65.016454
831.900000,-65.016447,-65.016447,-65.016429
831.950000,-65.016422,-65.016423,-65.016405
832.000000,-65.016398,-65.016398,-65.016380
832.050000,-65.016373,-65.016374,-65.016356
832.100000,-65.016349,-65.016349,-65.016331
832.150000,-65.016324,-65.016325,-65.016307
832.200000,-65.016300,-65.016300,-65.016282
832.250000,-65.016275,-65.016276,-65.016258
832.300000,-65.016251,-65.016251,-65.016234
832.350000,-65.016227,-65.016227,-65.016210
832.400000,-65.016203,-65.016203,-65.016185
832.450000,-65.016178,-65.016179,-65.016161
832.500000,-65.016154,-65.016154,-65.016137
832.550000,-65.016130,-65.016130,-65.016113
832.600000,-65.016106,-65.016106,-65.016089
832.650000,-65.016082,-65.016082,-65.016065
832.700000,-65.016058,-65.016058,-65.016041
832.750000,-65.016034,-65.016034,-65.016017
832.800000,-65.016010,-65.016010,-65.015993
832.850000,-65.015986,-65.015986,-65.015969
832.900000,-65.015962,-65.015962,-65.015945
832.950000,-65.015938,-65.015938,-65.015921
833.000000,-65.015914,-65.015914,-65.015897
833.050000,-65.015890,-65.015891,-65.015873
833.100000,-65.015867,-65.015867,-65.015850
833.150000,-65.015843,-65.015843,-65.015826
833.200000,-65.015819,-65.015819,-65.015802
833.250000,-65.015795,-65.015796,-65.015779
833.300000,-65.015772,-65.015772,-65.015755
833.350000,-65.015748,-65.015749,-65.015731
833.400000,-65.015725,-65.015725,-65.015708
833.450000,-65.015701,-65.015701,-65.015684
833.500000,-65.015678,-65.015678,-65.015661
833.550000,-65.015654,-65.015655,-65.015638
833.600000,-65.015631,-65.015631,-65.015614
833.650000,-65.015607,-65.015608,-65.015591
833.700000,-65.015584,-65.015584,-65.015568
833.750000,-65.015561,-65.015561,-65.015544
833.800000,-65.015537,-65.015538,-65.015521
833.850000,-65.015514,-65.015515,-65.015498
833.900000,-65.015491,-65.015491,-65.015475
833.950000,-65.015468,-65.015468,-65.015452
834.000000,-65.015445,-65.015445,-65.015428
834.050000,-65.015422,-65.015422,-65.015405
834.100000,-65.015399,-65.015399,-65.015382
834.150000,-65.015376,-65.015376,-65.015359
834.200000,-65.015353,-65.015353,-65.015336
834.250000,-65.015330,-65.015330,-65.015313
834.300000,-65.015307,-65.015307,-65.015291
834.350000,-65.015284,-65.015284,-65.015268
834.400000,-65.015261,-65.015261,-65.015245
834.450000,-65.015238,-65.015238,-65.015222
834.500000,-65.015215,-65.015216,-65.015199
834.550000,-65.015193,-65.015193,-65.015177
834.600000,-65.015170,-65.015170,-65.015154
834.650000,-65.015147,-65.015147,-65.015131
834.700000,-65.015125,-65.015125,-65.015109
834.750000,-65.015102,-65.015102,-65.015086
834.800000,-65.015079,-65.015080,-65.015063
834.850000,-65.015057,-65.015057,-65.015041
834.900000,-65.015034,-65.015035,-65.015018
834.950000,-65.015012,-65.015012,-65.014996
835.000000,-65.014989,-65.014990,-65.014974
835.050000,-65.014967,-65.014967,-65.014951
835.100000,-65.014945,-65.014945,-65.014929
835.150000,-65.014922,-65.014922,-65.014907
835.200000,-65.014900,-65.014900,-65.014884
835.250000,-65.014878,-65.014878,-65.014862
835.300000,-65.014855,-65.014856,-65.014840
835.350000,-65.014833,-65.014833,-65.014818
835.400000,-65.014811,-65.014811,-65.014795
835.450000,-65.014789,-65.014789,-65.014773
835.500000,-65.014767,-65.014767,-65.014751
835.550000,-65.014745,-65.014745,-65.014729
835.600000,-65.014723,-65.014723,-65.014707
835.650000,-65.014701,-65.014701,-65.014685
835.700000,-65.014679,-65.014679,-65.014663
835.750000,-65.014657,-65.014657,-65.014641
835.800000,-65.014635,-65.014635,-65.014619
835.850000,-65.014613,-65.014613,-65.014598
835.900000,-65.014591,-65.014591,-65.014576
835.950000,-65.014569,-65.014569,-65.014554
836.000000,-65.014547,-65.014548,-65.014532
836.050000,-65.014526,-65.014526,-65.014511
836.100000,-65.014504,-65.014504,-65.014489
836.150000,-65.014482,-65.014483,-65.014467
836.200000,-65.014461,-65.014461,-65.014446
836.250000,-65.014439,-65.014439,-65.014424
836.300000,-65.014417,-65.014418,-65.014402
836.350000,-65.014396,-65.014396,-65.014381
836.400000,-65.014374,-65.014375,-65.014359
836.450000,-65.014353,-65.014353,-65.014338
836.500000,-65.014331,-65.014332,-65.014316
836.550000,-65.014310,-65.014310,-65.014295
836.600000,-65.014289,-65.014289,-65.014274
836.650000,-65.014267,-65.014268,-65.014252
836.700000,-65.014246,-65.014246,-65.014231
836.750000,-65.014225,-65.014225,-65.014210
836.800000,-65.014203,-65.014204,-65.014189
836.850000,-65.014182,-65.014182,-65.014167
836.900000,-65.014161,-65.014161,-65.014146
836.950000,-65.014140,-65.014140,-65.014125
837.000000,-65.014119,-65.014119,-65.014104
837.050000,-65.014098,-65.014098,-65.014083
837.100000,-65.014076,-65.014077,-65.014062
837.150000,-65.014055,-65.014056,-65.014041
837.200000,-65.014034,-65.014035,-65.014020
837.250000,-65.014013,-65.014014,-65.013999
837.300000,-65.013992,-65.013993,-65.013978
837.350000,-65.013972,-65.013972,-65.013957
837.400000,-65.013951,-65.013951,-65.013936
837.450000,-65.013930,-65.013930,-65.013915
837.500000,-65.013909,-65.013909,-65.013895
837.550000,-65.013888,-65.013888,-65.013874
837.600000,-65.013867,-65.013868,-65.013853
837.650000,-65.013847,-65.013847,-65.013832
837.700000,-65.013826,-65.013826,-65.013812
837.750000,-65.013805,-65.013806,-65.013791
837.800000,-65.013785,-65.013785,-65.013771
837.850000,-65.013764,-65.013764,-65.013750
837.900000,-65.013744,-65.013744,-65.013729
837.950000,-65.013723,-65.013723,-65.013709
838.000000,-65.013703,-65.013703,-65.013688
838.050000,-65.013682,-65.013682,-65.013668
838.100000,-65.013662,-65.013662,-65.013648
838.150000,-65.013641,-65.013641,-65.013627
838.200000,-65.013621,-65.013621,-65.013607
838.250000,-65.013600,-65.013601,-65.013586
838.300000,-65.013580,-65.013580,-65.013566
838.350000,-65.013560,-65.013560,-65.013546
838.400000,-65.013540,-65.013540,-65.013526
838.450000,-65.013519,-65.013520,-65.013505
838.500000,-65.013499,-65.013499,-65.013485
838.550000,-65.013479,-65.013479,-65.013465
838.600000,-65.013459,-65.013459,-65.013445
838.650000,-65.013439,-65.013439,-65.013425
838.700000,-65.013419,-65.013419,-65.013405
838.750000,-65.013399,-65.013399,-65.013385
838.800000,-65.013379,-65.013379,-65.013365
838.850000,-65.013359,-65.013359,-65.013345
838.900000,-65.013339,-65.013339,-65.013325
838.950000,-65.013319,-65.013319,-65.013305
839.000000,-65.013299,-65.013299,-65.013285
839.050000,-65.013279,-65.013279,-65.013265
839.100000,-65.013259,-65.013259,-65.013245
839.150000,-65.013239,-65.013240,-65.013226
839.200000,-65.013219,-65.013220,-65.013206
839.250000,-65.013200,-65.013200,-65.013186
839.300000,-65.013180,-65.013180,-65.013167
839.350000,-65.013160,-65.013161,-65.013147
839.400000,-65.013141,-65.013141,-65.013127
839.450000,-65.013121,-65.013121,-65.013108
839.500000,-65.013101,-65.013102,-65.013088
839.550000,-65.013082,-65.013082,-65.013068
839.600000,-65.013062,-65.013063,-65.013049
839.650000,-65.013043,-65.013043,-65.013029
839.700000,-65.013023,-65.013024,-65.013010
839.750000,-65.013004,-65.013004,-65.012991
839.800000,-65.012984,-65.012985,-65.012971
839.850000,-65.012965,-65.012965,-65.012952
839.900000,-65.012946,-65.012946,-65.012932
839.950000,-65.012926,-65.012927,-65.012913
840.000000,-65.012907,-65.012907,-65.012894
840.050000,-65.012888,-65.012888,-65.012875
840.100000,-65.012868,-65.012869,-65.012855
840.150000,-65.012849,-65.012849,-65.012836
840.200000,-65.012830,-65.012830,-65.012817
840.250000,-65.012811,-65.012811,-65.012798
840.300000,-65.012792,-65.012792,-65.012779
840.350000,-65.012773,-65.012773,-65.012760
840.400000,-65.012754,-65.012754,-65.012741
840.450000,-65.012734,-65.012735,-65.012722
840.500000,-65.012715,-65.012716,-65.012703
840.550000,-65.012696,-65.012697,-65.012684
840.600000,-65.012678,-65.012678,-65.012665
840.650000,-65.012659,-65.012659,-65.012646
840.700000,-65.012640,-65.012640,-65.012627
840.750000,-65.012621,-65.012621,-65.012608
840.800000,-65.012602,-65.012602,-65.012589
840.850000,-65.012583,-65.012583,-65.012570
840.900000,-65.012564,-65.012565,-65.012552
840.950000,-65.012546,-65.012546,-65.012533
841.000000,-65.012527,-65.012527,-65.012514
841.050000,-65.012508,-65.012508,-65.012495
841.100000,-65.012489,-65.012490,-65.012477
841.150000,-65.012471,-65.012471,-65.012458
841.200000,-65.012452,-65.012452,-65.012440
841.250000,-65.012434,-65.012434,-65.012421
841.300000,-65.012415,-65.012415,-65.012402
841.350000,-65.012396,-65.012397,-65.012384
841.400000,-65.012378,-65.012378,-65.012365
841.450000,-65.012359,-65.012360,-65.012347
841.500000,-65.012341,-65.012341,-65.012329
841.550000,-65.012323,-65.012323,-65.012310
841.600000,-65.012304,-65.012304,-65.012292
841.650000,-65.012286,-65.012286,-65.012273
841.700000,-65.012267,-65.012268,-65.012255
841.750000,-65.012249,-65.012249,-65.012237
841.800000,-65.012231,-65.012231,-65.012218
841.850000,-65.012213,-65.012213,-65.012200
841.900000,-65.012194,-65.012195,-65.012182
841.950000,-65.012176,-65.012176,-65.012164
842.000000,-65.012158,-65.012158,-65.012146
842.050000,-65.012140,-65.012140,-65.012128
842.100000,-65.012122,-65.012122,-65.012109
842.150000,-65.012104,-65.012104,-65.012091
842.200000,-65.012085,-65.012086,-65.012073
842.250000,-65.012067,-65.012068,-65.012055
842.300000,-65.012049,-65.012050,-65.012037
842.350000,-65.012031,-65.012032,-65.012019
842.400000,-65.012013,-65.012014,-65.012001
842.450000,-65.011995,-65.011996,-65.011983
842.500000,-65.011978,-65.011978,-65.011966
842.550000,-65.011960,-65.011960,-65.011948
842.600000,-65.011942,-65.011942,-65.011930
842.650000,-65.011924,-65.011924,-65.011912
842.700000,-65.011906,-65.011906,-65.011894
842.750000,-65.011888,-65.011889,-65.011876
842.800000,-65.011871,-65.011871,-65.011859
842.850000,-65.011853,-65.011853,-65.011841
842.900000,-65.011835,-65.011835,-65.011823
842.950000,-65.011818,-65.011818,-65.011806
843.000000,-65.011800,-65.011800,-65.011788
843.050000,-65.011782,-65.011783,-65.011771
843.100000,-65.011765,-65.011765,-65.011753
843.150000,-65.011747,-65.011747,-65.011735
843.200000,-65.011730,-65.011730,-65.011718
843.250000,-65.011712,-65.011712,-65.011700
843.300000,-65.011695,-65.011695,-65.011683
843.350000,-65.011677,-65.011677,-65.011665
843.400000,-65.011660,-65.011660,-65.011648
843.450000,-65.011642,-65.011643,-65.011631
843.500000,-65.011625,-65.011625,-65.011613
843.550000,-65.011608,-65.011608,-65.011596
843.600000,-65.011590,-65.011590,-65.011579
843.650000,-65.011573,-65.011573,-65.011561
843.700000,-65.011556,-65.011556,-65.011544
843.750000,-65.011538,-65.011539,-65.011527
843.800000,-65.011521,-65.011521,-65.011510
843.850000,-65.011504,-65.011504,-65.011493
843.900000,-65.011487,-65.011487,-65.011475
843.950000,-65.011470,-65.011470,-65.011458
844.000000,-65.011453,-65.011453,-65.011441
844.050000,-65.011435,-65.011436,-65.011424
844.100000,-65.011418,-65.011419,-65.011407
844.150000,-65.011401,-65.011402,-65.011390
844.200000,-65.011384,-65.011385,-65.011373
844.250000,-65.011367,-65.011368,-65.011356
844.300000,-65.011350,-65.011351,-65.011339
844.350000,-65.011333,-65.011334,-65.011322
844.400000,-65.011316,-65.011317,-65.011305
844.450000,-65.011300,-65.011300,-65.011288
844.500000,-65.011283,-65.011283,-65.011272
844.550000,-65.011266,-65.011266,-65.011255
844.600000,-65.011249,-65.011249,-65.011238
844.650000,-65.011232,-65.011232,-65.011221
844.700000,-65.011216,-65.011216,-65.011204
844.750000,-65.011199,-65.011199,-65.011188
844.800000,-65.011182,-65.011182,-65.011171
844.850000,-65.011165,-65.011166,-65.011154
844.900000,-65.011149,-65.011149,-65.011138
844.950000,-65.011132,-65.011132,-65.011121
845.000000,-65.011115,-65.011116,-65.011104
845.050000,-65.011099,-65.011099,-65.011088
845.100000,-65.011082,-65.011082,-65.011071
845.150000,-65.011066,-65.011066,-65.011055
845.200000,-65.011049,-65.011049,-65.011038
845.250000,-65.011033,-65.011033,-65.011022
845.300000,-65.011016,-65.011016,-65.011005
845.350000,-65.011000,-65.011000,-65.010989
845.400000,-65.010983,-65.010984,-65.010973
845.450000,-65.010967,-65.010967,-65.010956
845.500000,-65.010951,-65.010951,-65.010940
845.550000,-65.010934,-65.010935,-65.010924
845.600000,-65.010918,-65.010918,-65.010907
845.650000,-65.010902,-65.010902,-65.010891
845.700000,-65.010885,-65.010886,-65.010875
845.750000,-65.010869,-65.010869,-65.010858
845.800000,-65.010853,-65.010853,-65.010842
845.850000,-65.010837,-65.010837,-65.010826
845.900000,-65.010821,-65.010821,-65.010810
845.950000,-65.010804,-65.010805,-65.010794
846.000000,-65.010788,-65.010789,-65.010778
846.050000,-65.010772,-65.010772,-65.010762
846.100000,-65.010756,-65.010756,-65.010746
846.150000,-65.010740,-65.010740,-65.010730
846.200000,-65.010724,-65.010724,-65.010714
846.250000,-65.010708,-65.010708,-65.010698
846.300000,-65.010692,-65.010692,-65.010682
846.350000,-65.010676,-65.010676,-65.010666
846.400000,-65.010660,-65.010660,-65.010650
846.450000,-65.010644,-65.010644,-65.010634
846.500000,-65.010628,-65.010629,-65.010618
846.550000,-65.010613,-65.010613,-65.010602
846.600000,-65.010597,-65.010597,-65.010586
846.650000,-65.010581,-65.010581,-65.010571
846.700000,-65.010565,-65.010565,-65.010555
846.750000,-65.010549,-65.010550,-65.010539
846.800000,-65.010534,-65.010534,-65.010523
846.850000,-65.010518,-65.010518,-65.010508
846.900000,-65.010502,-65.010502,-65.010492
846.950000,-65.010487,-65.010487,-65.010476
847.000000,-65.010471,-65.010471,-65.010461
847.050000,-65.010455,-65.010455,-65.010445
847.100000,-65.010440,-65.010440,-65.010429
847.150000,-65.010424,-65.010424,-65.010414
847.200000,-65.010409,-65.010409,-65.010398
847.250000,-65.010393,-65.010393,-65.010383
847.300000,-65.010377,-65.010378,-65.010367
847.350000,-65.010362,-65.010362,-65.010352
847.400000,-65.010347,-65.010347,-65.010336
847.450000,-65.010331,-65.010331,-65.010321
847.500000,-65.010316,-65.010316,-65.010306
847.550000,-65.010300,-65.010301,-65.010290
847.600000,-65.010285,-65.010285,-65.010275
847.650000,-65.010270,-65.010270,-65.010260
847.700000,-65.010254,-65.010254,-65.010244
847.750000,-65.010239,-65.010239,-65.010229
847.800000,-65.010224,-65.010224,-65.010214
847.850000,-65.010208,-65.010209,-65.010199
847.900000,-65.010193,-65.010193,-65.010183
847.950000,-65.010178,-65.010178,-65.010168
848.000000,-65.010163,-65.010163,-65.010153
848.050000,-65.010148,-65.010148,-65.010138
848.100000,-65.010133,-65.010133,-65.010123
848.150000,-65.010117,-65.010118,-65.010108
848.200000,-65.010102,-65.010103,-65.010093
848.250000,-65.010087,-65.010087,-65.010077
848.300000,-65.010072,-65.010072,-65.010062
848.350000,-65.010057,-65.010057,-65.010047
848.400000,-65.010042,-65.010042,-65.010032
848.450000,-65.010027,-65.010027,-65.010017
848.500000,-65.010012,-65.010012,-65.010003
848.550000,-65.009997,-65.009997,-65.009988
848.600000,-65.009982,-65.009983,-65.009973
848.650000,-65.009968,-65.009968,-65.009958
848.700000,-65.009953,-65.009953,-65.009943
848.750000,-65.009938,-65.009938,-65.009928
848.800000,-65.009923,-65.009923,-65.009913
848.850000,-65.009908,-65.009908,-65.009899
848.900000,-65.009893,-65.009894,-65.009884
848.950000,-65.009879,-65.009879,-65.009869
849.000000,-65.009864,-65.009864,-65.009854
849.050000,-65.009849,-65.009849,-65.009840
849.100000,-65.009835,-65.009835,-65.009825
849.150000,-65.009820,-65.009820,-65.009810
849.200000,-65.009805,-65.009805,-65.009796
849.250000,-65.009791,-65.009791,-65.009781
849.300000,-65.009776,-65.009776,-65.009767
849.350000,-65.009761,-65.009762,-65.009752
849.400000,-65.009747,-65.009747,-65.009737
849.450000,-65.009732,-65.009732,-65.009723
849.500000,-65.009718,-65.009718,-65.009708
849.550000,-65.009703,-65.009703,-65.009694
849.600000,-65.009689,-65.009689,-65.009679
849.650000,-65.009674,-65.009675,-65.009665
849.700000,-65.009660,-65.009660,-65.009651
849.750000,-65.009646,-65.009646,-65.009636
849.800000,-65.009631,-65.009631,-65.009622
849.850000,-65.009617,-65.009617,-65.009608
849.900000,-65.009602,-65.009603,-65.009593
849.950000,-65.009588,-65.009588,-65.009579
850.000000,-65.009574,-65.009574,-65.009565
850.050000,-65.009560,-65.009560,-65.009550
850.100000,-65.009545,-65.009545,-65.009536
850.150000,-65.009531,-65.009531,-65.009522
850.200000,-65.009517,-65.009517,-65.009508
850.250000,-65.009503,-65.009503,-65.009494
850.300000,-65.009488,-65.009489,-65.009479
850.350000,-65.009474,-65.009474,-65.009465
850.400000,-65.009460,-65.009460,-65.009451
850.450000,-65.009446,-65.009446,-65.009437
850.500000,-65.009432,-65.009432,-65.009423
850.550000,-65.009418,-65.009418,-65.009409
850.600000,-65.009404,-65.009404,-65.009395
850.650000,-65.009390,-65.009390,-65.009381
850.700000,-65.009376,-65.009376,-65.009367
850.750000,-65.009362,-65.009362,-65.009353
850.800000,-65.009348,-65.009348,-65.009339
850.850000,-65.009334,-65.009334,-65.009325
850.900000,-65.009320,-65.009320,-65.009311
850.950000,-65.009306,-65.009306,-65.009297
851.000000,-65.009292,-65.009292,-65.009283
851.050000,-65.009278,-65.009279,-65.009270
851.100000,-65.009265,-65.009265,-65.009256
851.150000,-65.009251,-65.009251,-65.009242
851.200000,-65.009237,-65.009237,-65.009228
851.250000,-65.009223,-65.009223,-65.009214
851.300000,-65.009209,-65.009210,-65.009201
851.350000,-65.009196,-65.009196,-65.009187
851.400000,-65.009182,-65.009182,-65.009173
851.450000,-65.009168,-65.009169,-65.009160
851.500000,-65.009155,-65.009155,-65.009146
851.550000,-65.009141,-65.009141,-65.009132
851.600000,-65.009127,-65.009128,-65.009119
851.650000,-65.009114,-65.009114,-65.009105
851.700000,-65.009100,-65.009100,-65.009092
851.750000,-65.009087,-65.009087,-65.009078
851.800000,-65.009073,-65.009073,-65.009064
851.850000,-65.009060,-65.009060,-65.009051
851.900000,-65.009046,-65.009046,-65.009037
851.950000,-65.009033,-65.009033,-65.009024
852.000000,-65.009019,-65.009019,-65.009011
852.050000,-65.009006,-65.009006,-65.008997
852.100000,-65.008992,-65.008992,-65.008984
852.150000,-65.008979,-65.008979,-65.008970
852.200000,-65.008965,-65.008966,-65.008957
852.250000,-65.008952,-65.008952,-65.008944
852.300000,-65.008939,-65.008939,-65.008930
852.350000,-65.008925,-65.008926,-65.008917
852.400000,-65.008912,-65.008912,-65.008904
852.450000,-65.008899,-65.008899,-65.008890
852.500000,-65.008886,-65.008886,-65.008877
852.550000,-65.008872,-65.008872,-65.008864
852.600000,-65.008859,-65.008859,-65.008851
852.650000,-65.008846,-65.008846,-65.008837
852.700000,-65.008833,-65.008833,-65.008824
852.750000,-65.008820,-65.008820,-65.008811
852.800000,-65.008806,-65.008807,-65.008798
852.850000,-65.008793,-65.008793,-65.008785
852.900000,-65.008780,-65.008780,-65.008772
852.950000,-65.008767,-65.008767,-65.008759
853.000000,-65.008754,-65.008754,-65.008746
853.050000,-65.008741,-65.008741,-65.008733
853.100000,-65.008728,-65.008728,-65.008720
853.150000,-65.008715,-65.008715,-65.008707
853.200000,-65.008702,-65.008702,-65.008694
853.250000,-65.008689,-65.008689,-65.008681
853.300000,-65.008676,-65.008676,-65.008668
853.350000,-65.008663,-65.008663,-65.008655
853.400000,-65.008650,-65.008650,-65.008642
853.450000,-65.008637,-65.008637,-65.008629
853.500000,-65.008624,-65.008625,-65.008616
853.550000,-65.008612,-65.008612,-65.008603
853.600000,-65.008599,-65.008599,-65.008591
853.650000,-65.008586,-65.008586,-65.008578
853.700000,-65.008573,-65.008573,-65.008565
853.750000,-65.008560,-65.008560,-65.008552
853.800000,-65.008548,-65.008548,-65.008539
853.850000,-65.008535,-65.008535,-65.008527
853.900000,-65.008522,-65.008522,-65.008514
853.950000,-65.008509,-65.008510,-65.008501
854.000000,-65.008497,-65.008497,-65.008489
854.050000,-65.008484,-65.008484,-65.008476
854.100000,-65.008471,-65.008472,-65.008463
854.150000,-65.008459,-65.008459,-65.008451
854.200000,-65.008446,-65.008446,-65.008438
854.250000,-65.008434,-65.008434,-65.008426
854.300000,-65.008421,-65.008421,-65.008413
854.350000,-65.008408,-65.008409,-65.008401
854.400000,-65.008396,-65.008396,-65.008388
854.450000,-65.008383,-65.008384,-65.008376
854.500000,-65.008371,-65.008371,-65.008363
854.550000,-65.008358,-65.008359,-65.008351
854.600000,-65.008346,-65.008346,-65.008338
854.650000,-65.008334,-65.008334,-65.008326
854.700000,-65.008321,-65.008321,-65.008313
854.750000,-65.008309,-65.008309,-65.008301
854.800000,-65.008296,-65.008296,-65.008289
854.850000,-65.008284,-65.008284,-65.008276
854.900000,-65.008272,-65.008272,-65.008264
854.950000,-65.008259,-65.008259,-65.008252
855.000000,-65.008247,-65.008247,-65.008239
855.050000,-65.008235,-65.008235,-65.008227
855.100000,-65.008222,-65.008223,-65.008215
855.150000,-65.008210,-65.008210,-65.008203
855.200000,-65.008198,-65.008198,-65.008190
855.250000,-65.008186,-65.008186,-65.008178
855.300000,-65.008174,-65.008174,-65.008166
855.350000,-65.008161,-65.008162,-65.008154
855.400000,-65.008149,-65.008149,-65.008142
855.450000,-65.008137,-65.008137,-65.008129
855.500000,-65.008125,-65.008125,-65.008117
855.550000,-65.008113,-65.008113,-65.008105
855.600000,-65.008101,-65.008101,-65.008093
855.650000,-65.008089,-65.008089,-65.008081
855.700000,-65.008077,-65.008077,-65.008069
855.750000,-65.008065,-65.008065,-65.008057
855.800000,-65.008053,-65.008053,-65.008045
855.850000,-65.008041,-65.008041,-65.008033
855.900000,-65.008029,-65.008029,-65.008021
855.950000,-65.008017,-65.008017,-65.008009
856.000000,-65.008005,-65.008005,-65.007997
856.050000,-65.007993,-65.007993,-65.007985
856.100000,-65.007981,-65.007981,-65.007973
856.150000,-65.007969,-65.007969,-65.007962
856.200000,-65.007957,-65.007957,-65.007950
856.250000,-65.007945,-65.007945,-65.007938
856.300000,-65.007933,-65.007934,-65.007926
856.350000,-65.007922,-65.007922,-65.007914
856.400000,-65.007910,-65.007910,-65.007902
856.450000,-65.007898,-65.007898,-65.007891
856.500000,-65.007886,-65.007886,-65.007879
856.550000,-65.007874,-65.007875,-65.007867
856.600000,-65.007863,-65.007863,-65.007855
856.650000,-65.007851,-65.007851,-65.007844
856.700000,-65.007839,-65.007839,-65.007832
856.750000,-65.007828,-65.007828,-65.007820
856.800000,-65.007816,-65.007816,-65.007809
856.850000,-65.007804,-65.007805,-65.007797
856.900000,-65.007793,-65.007793,-65.007786
856.950000,-65.007781,-65.007781,-65.007774
857.000000,-65.007770,-65.007770,-65.007762
857.050000,-65.007758,-65.007758,-65.007751
857.100000,-65.007746,-65.007747,-65.007739
857.150000,-65.007735,-65.007735,-65.007728
857.200000,-65.007723,-65.007723,-65.007716
857.250000,-65.007712,-65.007712,-65.007705
857.300000,-65.007700,-65.007701,-65.007693
857.350000,-65.007689,-65.007689,-65.007682
857.400000,-65.007677,-65.007678,-65.007670
857.450000,-65.007666,-65.007666,-65.007659
857.500000,-65.007655,-65.007655,-65.007648
857.550000,-65.007643,-65.007643,-65.007636
857.600000,-65.007632,-65.007632,-65.007625
857.650000,-65.007620,-65.007621,-65.007613
857.700000,-65.007609,-65.007609,-65.007602
857.750000,-65.007598,-65.007598,-65.007591
857.800000,-65.007586,-65.007587,-65.007579
857.850000,-65.007575,-65.007575,-65.007568
857.900000,-65.007564,-65.007564,-65.007557
857.950000,-65.007553,-65.007553,-65.007546
858.000000,-65.007541,-65.007541,-65.007534
858.050000,-65.007530,-65.007530,-65.007523
858.100000,-65.007519,-65.007519,-65.007512
858.150000,-65.007508,-65.007508,-65.007501
858.200000,-65.007497,-65.007497,-65.007490
858.250000,-65.007485,-65.007485,-65.007478
858.300000,-65.007474,-65.007474,-65.007467
858.350000,-65.007463,-65.007463,-65.007456
858.400000,-65.007452,-65.007452,-65.007445
858.450000,-65.007441,-65.007441,-65.007434
858.500000,-65.007430,-65.007430,-65.007423
858.550000,-65.007419,-65.007419,-65.007412
858.600000,-65.007408,-65.007408,-65.007401
858.650000,-65.007397,-65.007397,-65.007390
858.700000,-65.007386,-65.007386,-65.007379
858.750000,-65.007375,-65.007375,-65.007368
858.800000,-65.007364,-65.007364,-65.007357
858.850000,-65.007353,-65.007353,-65.007346
858.900000,-65.007342,-65.007342,-65.007335
858.950000,-65.007331,-65.007331,-65.007324
859.000000,-65.007320,-65.007320,-65.007313
859.050000,-65.007309,-65.007309,-65.007302
859.100000,-65.007298,-65.007298,-65.007291
859.150000,-65.007287,-65.007287,-65.007281
859.200000,-65.007276,-65.007276,-65.007270
859.250000,-65.007266,-65.007266,-65.007259
859.300000,-65.007255,-65.007255,-65.007248
859.350000,-65.007244,-65.007244,-65.007237
859.400000,-65.007233,-65.007233,-65.007227
859.450000,-65.007222,-65.007222,-65.007216
859.500000,-65.007212,-65.007212,-65.007205
859.550000,-65.007201,-65.007201,-65.007194
859.600000,-65.007190,-65.007190,-65.007184
859.650000,-65.007179,-65.007180,-65.007173
859.700000,-65.007169,-65.007169,-65.007162
859.750000,-65.007158,-65.007158,-65.007152
859.800000,-65.007147,-65.007148,-65.007141
859.850000,-65.007137,-65.007137,-65.007130
859.900000,-65.007126,-65.007126,-65.007120
859.950000,-65.007116,-65.007116,-65.007109
860.000000,-65.007105,-65.007105,-65.007098
860.050000,-65.007094,-65.007094,-65.007088
860.100000,-65.007084,-65.007084,-65.007077
860.150000,-65.007073,-65.007073,-65.007067
860.200000,-65.007063,-65.007063,-65.007056
860.250000,-65.007052,-65.007052,-65.007046
860.300000,-65.007042,-65.007042,-65.007035
860.350000,-65.007031,-65.007031,-65.007025
860.400000,-65.007021,-65.007021,-65.007014
860.450000,-65.007010,-65.007010,-65.007004
860.500000,-65.007000,-65.007000,-65.006994
860.550000,-65.006989,-65.006990,-65.006983
860.600000,-65.006979,-65.006979,-65.006973
860.650000,-65.006969,-65.006969,-65.006962
860.700000,-65.006958,-65.006958,-65.006952
860.750000,-65.006948,-65.006948,-65.006942
860.800000,-65.006938,-65.006938,-65.006931
860.850000,-65.006927,-65.006927,-65.006921
860.900000,-65.006917,-65.006917,-65.006911
860.950000,-65.006907,-65.006907,-65.006900
861.000000,-65.006896,-65.006896,-65.006890
861.050000,-65.006886,-65.006886,-65.006880
861.100000,-65.006876,-65.006876,-65.006870
861.150000,-65.006866,-65.006866,-65.006859
861.200000,-65.006855,-65.006855,-65.006849
861.250000,-65.006845,-65.006845,-65.006839
861.300000,-65.006835,-65.006835,-65.006829
861.350000,-65.006825,-65.006825,-65.006819
861.400000,-65.006815,-65.006815,-65.006809
861.450000,-65.006804,-65.006805,-65.006798
861.500000,-65.006794,-65.006794,-65.006788
861.550000,-65.006784,-65.006784,-65.006778
861.600000,-65.006774,-65.006774,-65.006768
861.650000,-65.006764,-65.006764,-65.006758
861.700000,-65.006754,-65.006754,-65.006748
861.750000,-65.006744,-65.006744,-65.006738
861.800000,-65.006734,-65.006734,-65.006728
861.850000,-65.006724,-65.006724,-65.006718
861.900000,-65.006714,-65.006714,-65.006708
861.950000,-65.006704,-65.006704,-65.006698
862.000000,-65.006694,-65.006694,-65.006688
862.050000,-65.006684,-65.006684,-65.006678
862.100000,-65.006674,-65.006674,-65.006668
862.150000,-65.006664,-65.006664,-65.006658
862.200000,-65.006654,-65.006654,-65.006648
862.250000,-65.006644,-65.006644,-65.006638
862.300000,-65.006634,-65.006634,-65.006628
862.350000,-65.006624,-65.006625,-65.006619
862.400000,-65.006615,-65.006615,-65.006609
862.450000,-65.006605,-65.006605,-65.006599
862.500000,-65.006595,-65.006595,-65.006589
862.550000,-65.006585,-65.006585,-65.006579
862.600000,-65.006575,-65.006575,-65.006569
862.650000,-65.006566,-65.006566,-65.006560
862.700000,-65.006556,-65.006556,-65.006550
862.750000,-65.006546,-65.006546,-65.006540
862.800000,-65.006536,-65.006536,-65.006530
862.850000,-65.006527,-65.006527,-65.006521
862.900000,-65.006517,-65.006517,-65.006511
862.950000,-65.006507,-65.006507,-65.006501
863.000000,-65.006497,-65.006498,-65.006492
863.050000,-65.006488,-65.006488,-65.006482
863.100000,-65.006478,-65.006478,-65.006472
863.150000,-65.006468,-65.006469,-65.006463
863.200000,-65.006459,-65.006459,-65.006453
863.250000,-65.006449,-65.006449,-65.006443
863.300000,-65.006440,-65.006440,-65.006434
863.350000,-65.006430,-65.006430,-65.006424
863.400000,-65.006420,-65.006421,-65.006415
863.450000,-65.006411,-65.006411,-65.006405
863.500000,-65.006401,-65.006402,-65.006396
863.550000,-65.006392,-65.006392,-65.006386
863.600000,-65.006382,-65.006382,-65.006377
863.650000,-65.006373,-65.006373,-65.006367
863.700000,-65.006363,-65.006363,-65.006358
863.750000,-65.006354,-65.006354,-65.006348
863.800000,-65.006344,-65.006345,-65.006339
863.850000,-65.006335,-65.006335,-65.006329
863.900000,-65.006326,-65.006326,-65.006320
863.950000,-65.006316,-65.006316,-65.006311
864.000000,-65.006307,-65.006307,-65.006301
864.050000,-65.006297,-65.006297,-65.006292
864.100000,-65.006288,-65.006288,-65.006282
864.150000,-65.006279,-65.006279,-65.006273
864.200000,-65.006269,-65.006269,-65.006264
864.250000,-65.006260,-65.006260,-65.006254
864.300000,-65.006251,-65.006251,-65.006245
864.350000,-65.006241,-65.006241,-65.006236
864.400000,-65.006232,-65.006232,-65.006227
864.450000,-65.006223,-65.006223,-65.006217
864.500000,-65.006214,-65.006214,-65.006208
864.550000,-65.006204,-65.006204,-65.006199
864.600000,-65.006195,-65.006195,-65.006190
864.650000,-65.006186,-65.006186,-65.006180
864.700000,-65.006177,-65.006177,-65.006171
864.750000,-65.006167,-65.006168,-65.006162
864.800000,-65.006158,-65.006158,-65.006153
864.850000,-65.006149,-65.006149,-65.006144
864.900000,-65.006140,-65.006140,-65.006135
864.950000,-65.006131,-65.006131,-65.006125
865.000000,-65.006122,-65.006122,-65.006116
865.050000,-65.006113,-65.006113,-65.006107
865.100000,-65.006104,-65.006104,-65.006098
865.150000,-65.006094,-65.006095,-65.006089
865.200000,-65.006085,-65.006085,-65.006080
865.250000,-65.006076,-65.006076,-65.006071
865.300000,-65.006067,-65.006067,-65.006062
865.350000,-65.006058,-65.006058,-65.006053
865.400000,-65.006049,-65.006049,-65.006044
865.450000,-65.006040,-65.006040,-65.006035
865.500000,-65.006031,-65.006031,-65.006026
865.550000,-65.006022,-65.006022,-65.006017
865.600000,-65.006013,-65.006013,-65.006008
865.650000,-65.006004,-65.006004,-65.005999
865.700000,-65.005995,-65.005996,-65.005990
865.750000,-65.005987,-65.005987,-65.005981
865.800000,-65.005978,-65.005978,-65.005972
865.850000,-65.005969,-65.005969,-65.005963
865.900000,-65.005960,-65.005960,-65.005955
865.950000,-65.005951,-65.005951,-65.005946
866.000000,-65.005942,-65.005942,-65.005937
866.050000,-65.005933,-65.005933,-65.005928
866.100000,-65.005924,-65.005925,-65.005919
866.150000,-65.005916,-65.005916,-65.005910
866.200000,-65.005907,-65.005907,-65.005902
866.250000,-65.005898,-65.005898,-65.005893
866.300000,-65.005889,-65.005889,-65.005884
866.350000,-65.005881,-65.005881,-65.005875
866.400000,-65.005872,-65.005872,-65.005867
866.450000,-65.005863,-65.005863,-65.005858
866.500000,-65.005854,-65.005854,-65.005849
866.550000,-65.005846,-65.005846,-65.005841
866.600000,-65.005837,-65.005837,-65.005832
866.650000,-65.005828,-65.005828,-65.005823
866.700000,-65.005820,-65.005820,-65.005814
866.750000,-65.005811,-65.005811,-65.005806
866.800000,-65.005802,-65.005802,-65.005797
866.850000,-65.005794,-65.005794,-65.005789
866.900000,-65.005785,-65.005785,-65.005780
866.950000,-65.005776,-65.005777,-65.005771
867.000000,-65.005768,-65.005768,-65.005763
867.050000,-65.005759,-65.005759,-65.005754
867.100000,-65.005751,-65.005751,-65.005746
867.150000,-65.005742,-65.005742,-65.005737
867.200000,-65.005734,-65.005734,-65.005729
867.250000,-65.005725,-65.005725,-65.005720
867.300000,-65.005717,-65.005717,-65.005712
867.350000,-65.005708,-65.005708,-65.005703
867.400000,-65.005700,-65.005700,-65.005695
867.450000,-65.005691,-65.005691,-65.005686
867.500000,-65.005683,-65.005683,-65.005678
867.550000,-65.005674,-65.005674,-65.005669
867.600000,-65.005666,-65.005666,-65.005661
867.650000,-65.005657,-65.005657,-65.005652
867.700000,-65.005649,-65.005649,-65.005644
867.750000,-65.005640,-65.005641,-65.005636
867.800000,-65.005632,-65.005632,-65.005627
867.850000,-65.005624,-65.005624,-65.005619
867.900000,-65.005615,-65.005615,-65.005610
867.950000,-65.005607,-65.005607,-65.005602
868.000000,-65.005599,-65.005599,-65.005594
868.050000,-65.005590,-65.005590,-65.005585
868.100000,-65.005582,-65.005582,-65.005577
868.150000,-65.005574,-65.005574,-65.005569
868.200000,-65.005565,-65.005566,-65.005561
868.250000,-65.005557,-65.005557,-65.005552
868.300000,-65.005549,-65.005549,-65.005544
868.350000,-65.005541,-65.005541,-65.005536
868.400000,-65.005532,-65.005533,-65.005528
868.450000,-65.005524,-65.005524,-65.005519
868.500000,-65.005516,-65.005516,-65.005511
868.550000,-65.005508,-65.005508,-65.005503
868.600000,-65.005500,-65.005500,-65.005495
868.650000,-65.005491,-65.005491,-65.005487
868.700000,-65.005483,-65.005483,-65.005478
868.750000,-65.005475,-65.005475,-65.005470
868.800000,-65.005467,-65.005467,-65.005462
868.850000,-65.005459,-65.005459,-65.005454
868.900000,-65.005451,-65.005451,-65.005446
868.950000,-65.005443,-65.005443,-65.005438
869.000000,-65.005434,-65.005435,-65.005430
869.050000,-65.005426,-65.005427,-65.005422
869.100000,-65.005418,-65.005418,-65.005414
869.150000,-65.005410,-65.005410,-65.005406
869.200000,-65.005402,-65.005402,-65.005398
869.250000,-65.005394,-65.005394,-65.005390
869.300000,-65.005386,-65.005386,-65.005382
869.350000,-65.005378,-65.005378,-65.005374
869.400000,-65.005370,-65.005370,-65.005366
869.450000,-65.005362,-65.005362,-65.005358
869.500000,-65.005354,-65.005354,-65.005350
869.550000,-65.005346,-65.005346,-65.005342
869.600000,-65.005338,-65.005338,-65.005334
869.650000,-65.005330,-65.005330,-65.005326
869.700000,-65.005322,-65.005323,-65.005318
869.750000,-65.005315,-65.005315,-65.005310
869.800000,-65.005307,-65.005307,-65.005302
869.850000,-65.005299,-65.005299,-65.005294
869.900000,-65.005291,-65.005291,-65.005286
869.950000,-65.005283,-65.005283,-65.005278
870.000000,-65.005275,-65.005275,-65.005271
870.050000,-65.005267,-65.005267,-65.005263
870.100000,-65.005259,-65.005260,-65.005255
870.150000,-65.005252,-65.005252,-65.005247
870.200000,-65.005244,-65.005244,-65.005239
870.250000,-65.005236,-65.005236,-65.005232
870.300000,-65.005228,-65.005228,-65.005224
870.350000,-65.005221,-65.005221,-65.005216
870.400000,-65.005213,-65.005213,-65.005208
870.450000,-65.005205,-65.005205,-65.005201
870.500000,-65.005197,-65.005197,-65.005193
870.550000,-65.005190,-65.005190,-65.005185
870.600000,-65.005182,-65.005182,-65.005177
870.650000,-65.005174,-65.005174,-65.005170
870.700000,-65.005166,-65.005167,-65.005162
870.750000,-65.005159,-65.005159,-65.005154
870.800000,-65.005151,-65.005151,-65.005147
870.850000,-65.005143,-65.005143,-65.005139
870.900000,-65.005136,-65.005136,-65.005131
870.950000,-65.005128,-65.005128,-65.005124
871.000000,-65.005121,-65.005121,-65.005116
871.050000,-65.005113,-65.005113,-65.005109
871.100000,-65.005105,-65.005105,-65.005101
871.150000,-65.005098,-65.005098,-65.005093
871.200000,-65.005090,-65.005090,-65.005086
871.250000,-65.005083,-65.005083,-65.005078
871.300000,-65.005075,-65.005075,-65.005071
871.350000,-65.005067,-65.005068,-65.005063
871.400000,-65.005060,-65.005060,-65.005056
871.450000,-65.005052,-65.005052,-65.005048
871.500000,-65.005045,-65.005045,-65.005041
871.550000,-65.005037,-65.005037,-65.005033
871.600000,-65.005030,-65.005030,-65.005026
871.650000,-65.005022,-65.005023,-65.005018
871.700000,-65.005015,-65.005015,-65.005011
871.750000,-65.005008,-65.005008,-65.005003
871.800000,-65.005000,-65.005000,-65.004996
871.850000,-65.004993,-65.004993,-65.004988
871.900000,-65.004985,-65.004985,-65.004981
871.950000,-65.004978,-65.004978,-65.004974
872.000000,-65.004970,-65.004970,-65.004966
872.050000,-65.004963,-65.004963,-65.004959
872.100000,-65.004956,-65.004956,-65.004951
872.150000,-65.004948,-65.004948,-65.004944
872.200000,-65.004941,-65.004941,-65.004937
872.250000,-65.004934,-65.004934,-65.004929
872.300000,-65.004926,-65.004926,-65.004922
872.350000,-65.004919,-65.004919,-65.004915
872.400000,-65.004912,-65.004912,-65.004907
872.450000,-65.004904,-65.004904,-65.004900
872.500000,-65.004897,-65.004897,-65.004893
872.550000,-65.004890,-65.004890,-65.004886
872.600000,-65.004882,-65.004883,-65.004878
872.650000,-65.004875,-65.004875,-65.004871
872.700000,-65.004868,-65.004868,-65.004864
872.750000,-65.004861,-65.004861,-65.004857
872.800000,-65.004854,-65.004854,-65.004849
872.850000,-65.004846,-65.004846,-65.004842
872.900000,-65.004839,-65.004839,-65.004835
872.950000,-65.004832,-65.004832,-65.004828
873.000000,-65.004825,-65.004825,-65.004821
873.050000,-65.004818,-65.004818,-65.004814
873.100000,-65.004810,-65.004810,-65.004806
873.150000,-65.004803,-65.004803,-65.004799
873.200000,-65.004796,-65.004796,-65.004792
873.250000,-65.004789,-65.004789,-65.004785
873.300000,-65.004782,-65.004782,-65.004778
873.350000,-65.004775,-65.004775,-65.004771
873.400000,-65.004768,-65.004768,-65.004764
873.450000,-65.004761,-65.004761,-65.004757
873.500000,-65.004754,-65.004754,-65.004750
873.550000,-65.004746,-65.004747,-65.004742
873.600000,-65.004739,-65.004739,-65.004735
873.650000,-65.004732,-65.004732,-65.004728
873.700000,-65.004725,-65.004725,-65.004721
873.750000,-65.004718,-65.004718,-65.004714
873.800000,-65.004711,-65.004711,-65.004707
873.850000,-65.004704,-65.004704,-65.004700
873.900000,-65.004697,-65.004697,-65.004693
873.950000,-65.004690,-65.004690,-65.004686
874.000000,-65.004683,-65.004683,-65.004679
874.050000,-65.004676,-65.004676,-65.004672
874.100000,-65.004669,-65.004670,-65.004666
874.150000,-65.004663,-65.004663,-65.004659
874.200000,-65.004656,-65.004656,-65.004652
874.250000,-65.004649,-65.004649,-65.004645
874.300000,-65.004642,-65.004642,-65.004638
874.350000,-65.004635,-65.004635,-65.004631
874.400000,-65.004628,-65.004628,-65.004624
874.450000,-65.004621,-65.004621,-65.004617
874.500000,-65.004614,-65.004614,-65.004610
874.550000,-65.004607,-65.004607,-65.004604
874.600000,-65.004601,-65.004601,-65.004597
874.650000,-65.004594,-65.004594,-65.004590
874.700000,-65.004587,-65.004587,-65.004583
874.750000,-65.004580,-65.004580,-65.004576
874.800000,-65.004573,-65.004573,-65.004569
874.850000,-65.004566,-65.004567,-65.004563
874.900000,-65.004560,-65.004560,-65.004556
874.950000,-65.004553,-65.004553,-65.004549
875.000000,-65.004546,-65.004546,-65.004542
875.050000,-65.004539,-65.004539,-65.004536
875.100000,-65.004533,-65.004533,-65.004529
875.150000,-65.004526,-65.004526,-65.004522
875.200000,-65.004519,-65.004519,-65.004515
875.250000,-65.004512,-65.004513,-65.004509
875.300000,-65.004506,-65.004506,-65.004502
875.350000,-65.004499,-65.004499,-65.004495
875.400000,-65.004492,-65.004492,-65.004489
875.450000,-65.004486,-65.004486,-65.004482
875.500000,-65.004479,-65.004479,-65.004475
875.550000,-65.004472,-65.004472,-65.004469
875.600000,-65.004466,-65.004466,-65.004462
875.650000,-65.004459,-65.004459,-65.004455
875.700000,-65.004452,-65.004453,-65.004449
875.750000,-65.004446,-65.004446,-65.004442
875.800000,-65.004439,-65.004439,-65.004436
875.850000,-65.004433,-65.004433,-65.004429
875.900000,-65.004426,-65.004426,-65.004422
875.950000,-65.004420,-65.004420,-65.004416
876.000000,-65.004413,-65.004413,-65.004409
876.050000,-65.004406,-65.004406,-65.004403
876.100000,-65.004400,-65.004400,-65.004396
876.150000,-65.004393,-65.004393,-65.004390
876.200000,-65.004387,-65.004387,-65.004383
876.250000,-65.004380,-65.004380,-65.004377
876.300000,-65.004374,-65.004374,-65.004370
876.350000,-65.004367,-65.004367,-65.004364
876.400000,-65.004361,-65.004361,-65.004357
876.450000,-65.004354,-65.004354,-65.004351
876.500000,-65.004348,-65.004348,-65.004344
876.550000,-65.004341,-65.004341,-65.004338
876.600000,-65.004335,-65.004335,-65.004331
876.650000,-65.004328,-65.004329,-65.004325
876.700000,-65.004322,-65.004322,-65.004318
876.750000,-65.004316,-65.004316,-65.004312
876.800000,-65.004309,-65.004309,-65.004306
876.850000,-65.004303,-65.004303,-65.004299
876.900000,-65.004296,-65.004297,-65.004293
876.950000,-65.004290,-65.004290,-65.004287
877.000000,-65.004284,-65.004284,-65.004280
877.050000,-65.004277,-65.004277,-65.004274
877.100000,-65.004271,-65.004271,-65.004267
877.150000,-65.004265,-65.004265,-65.004261
877.200000,-65.004258,-65.004258,-65.004255
877.250000,-65.004252,-65.004252,-65.004248
877.300000,-65.004246,-65.004246,-65.004242
877.350000,-65.004239,-65.004239,-65.004236
877.400000,-65.004233,-65.004233,-65.004230
877.450000,-65.004227,-65.004227,-65.004223
877.500000,-65.004220,-65.004221,-65.004217
877.550000,-65.004214,-65.004214,-65.004211
877.600000,-65.004208,-65.004208,-65.004204
877.650000,-65.004202,-65.004202,-65.004198
877.700000,-65.004195,-65.004196,-65.004192
877.750000,-65.004189,-65.004189,-65.004186
877.800000,-65.004183,-65.004183,-65.004180
877.850000,-65.004177,-65.004177,-65.004173
877.900000,-65.004171,-65.004171,-65.004167
877.950000,-65.004164,-65.004164,-65.004161
878.000000,-65.004158,-65.004158,-65.004155
878.050000,-65.004152,-65.004152,-65.004149
878.100000,-65.004146,-65.004146,-65.004142
878.150000,-65.004140,-65.004140,-65.004136
878.200000,-65.004134,-65.004134,-65.004130
878.250000,-65.004127,-65.004128,-65.004124
878.300000,-65.004121,-65.004121,-65.004118
878.350000,-65.004115,-65.004115,-65.004112
878.400000,-65.004109,-65.004109,-65.004106
878.450000,-65.004103,-65.004103,-65.004100
878.500000,-65.004097,-65.004097,-65.004094
878.550000,-65.004091,-65.004091,-65.004087
878.600000,-65.004085,-65.004085,-65.004081
878.650000,-65.004079,-65.004079,-65.004075
878.700000,-65.004073,-65.004073,-65.004069
878.750000,-65.004067,-65.004067,-65.004063
878.800000,-65.004061,-65.004061,-65.004057
878.850000,-65.004054,-65.004055,-65.004051
878.900000,-65.004048,-65.004049,-65.004045
878.950000,-65.004042,-65.004043,-65.004039
879.000000,-65.004036,-65.004037,-65.004033
879.050000,-65.004030,-65.004031,-65.004027
879.100000,-65.004024,-65.004025,-65.004021
879.150000,-65.004019,-65.004019,-65.004015
879.200000,-65.004013,-65.004013,-65.004009
879.250000,-65.004007,-65.004007,-65.004003
879.300000,-65.004001,-65.004001,-65.003997
879.350000,-65.003995,-65.003995,-65.003991
879.400000,-65.003989,-65.003989,-65.003986
879.450000,-65.003983,-65.003983,-65.003980
879.500000,-65.003977,-65.003977,-65.003974
879.550000,-65.003971,-65.003971,-65.003968
879.600000,-65.003965,-65.003965,-65.003962
879.650000,-65.003959,-65.003959,-65.003956
879.700000,-65.003953,-65.003953,-65.003950
879.750000,-65.003947,-65.003948,-65.003944
879.800000,-65.003942,-65.003942,-65.003938
879.850000,-65.003936,-65.003936,-65.003933
879.900000,-65.003930,-65.003930,-65.003927
879.950000,-65.003924,-65.003924,-65.003921
880.000000,-65.003918,-65.003918,-65.003915
880.050000,-65.003912,-65.003913,-65.003909
880.100000,-65.003907,-65.003907,-65.003903
880.150000,-65.003901,-65.003901,-65.003898
880.200000,-65.003895,-65.003895,-65.003892
880.250000,-65.003889,-65.003889,-65.003886
880.300000,-65.003883,-65.003884,-65.003880
880.350000,-65.003878,-65.003878,-65.003875
880.400000,-65.003872,-65.003872,-65.003869
880.450000,-65.003866,-65.003866,-65.003863
880.500000,-65.003860,-65.003861,-65.003857
880.550000,-65.003855,-65.003855,-65.003852
880.600000,-65.003849,-65.003849,-65.003846
880.650000,-65.003843,-65.003843,-65.003840
880.700000,-65.003838,-65.003838,-65.003835
880.750000,-65.003832,-65.003832,-65.003829
880.800000,-65.003826,-65.003826,-65.003823
880.850000,-65.003821,-65.003821,-65.003817
880.900000,-65.003815,-65.003815,-65.003812
880.950000,-65.003809,-65.003809,-65.003806
881.000000,-65.003804,-65.003804,-65.003800
881.050000,-65.003798,-65.003798,-65.003795
881.100000,-65.003792,-65.003792,-65.003789
881.150000,-65.003787,-65.003787,-65.003784
881.200000,-65.003781,-65.003781,-65.003778
881.250000,-65.003775,-65.003775,-65.003772
881.300000,-65.003770,-65.003770,-65.003767
881.350000,-65.003764,-65.003764,-65.003761
881.400000,-65.003759,-65.003759,-65.003756
881.450000,-65.003753,-65.003753,-65.003750
881.500000,-65.003747,-65.003748,-65.003744
881.550000,-65.003742,-65.003742,-65.003739
881.600000,-65.003736,-65.003736,-65.003733
881.650000,-65.003731,-65.003731,-65.003728
881.700000,-65.003725,-65.003725,-65.003722
881.750000,-65.003720,-65.003720,-65.003717
881.800000,-65.003714,-65.003714,-65.003711
881.850000,-65.003709,-65.003709,-65.003706
881.900000,-65.003703,-65.003703,-65.003700
881.950000,-65.003698,-65.003698,-65.003695
882.000000,-65.003692,-65.003692,-65.003689
882.050000,-65.003687,-65.003687,-65.003684
882.100000,-65.003681,-65.003681,-65.003678
882.150000,-65.003676,-65.003676,-65.003673
882.200000,-65.003670,-65.003670,-65.003667
882.250000,-65.003665,-65.003665,-65.003662
882.300000,-65.003659,-65.003660,-65.003657
882.350000,-65.003654,-65.003654,-65.003651
882.400000,-65.003649,-65.003649,-65.003646
882.450000,-65.003643,-65.003643,-65.003640
882.500000,-65.003638,-65.003638,-65.003635
882.550000,-65.003632,-65.003632,-65.003629
882.600000,-65.003627,-65.003627,-65.003624
882.650000,-65.003622,-65.003622,-65.003619
882.700000,-65.003616,-65.003616,-65.003613
882.750000,-65.003611,-65.003611,-65.003608
882.800000,-65.003606,-65.003606,-65.003603
882.850000,-65.003600,-65.003600,-65.003597
882.900000,-65.003595,-65.003595,-65.003592
882.950000,-65.003589,-65.003590,-65.003587
883.000000,-65.003584,-65.003584,-65.003581
883.050000,-65.003579,-65.003579,-65.003576
883.100000,-65.003574,-65.003574,-65.003571
883.150000,-65.003568,-65.003568,-65.003565
883.200000,-65.003563,-65.003563,-65.003560
883.250000,-65.003558,-65.003558,-65.003555
883.300000,-65.003552,-65.003552,-65.003550
883.350000,-65.003547,-65.003547,-65.003544
883.400000,-65.003542,-65.003542,-65.003539
883.450000,-65.003537,-65.003537,-65.003534
883.500000,-65.003531,-65.003531,-65.003528
883.550000,-65.003526,-65.003526,-65.003523
883.600000,-65.003521,-65.003521,-65.003518
883.650000,-65.003516,-65.003516,-65.003513
883.700000,-65.003510,-65.003510,-65.003508
883.750000,-65.003505,-65.003505,-65.003502
883.800000,-65.003500,-65.003500,-65.003497
883.850000,-65.003495,-65.003495,-65.003492
883.900000,-65.003490,-65.003490,-65.003487
883.950000,-65.003484,-65.003484,-65.003482
884.000000,-65.003479,-65.003479,-65.003476
884.050000,-65.003474,-65.003474,-65.003471
884.100000,-65.003469,-65.003469,-65.003466
884.150000,-65.003464,-65.003464,-65.003461
884.200000,-65.003459,-65.003459,-65.003456
884.250000,-65.003454,-65.003454,-65.003451
884.300000,-65.003448,-65.003448,-65.003446
884.350000,-65.003443,-65.003443,-65.003441
884.400000,-65.003438,-65.003438,-65.003435
884.450000,-65.003433,-65.003433,-65.003430
884.500000,-65.003428,-65.003428,-65.003425
884.550000,-65.003423,-65.003423,-65.003420
884.600000,-65.003418,-65.003418,-65.003415
884.650000,-65.003413,-65.003413,-65.003410
884.700000,-65.003408,-65.003408,-65.003405
884.750000,-65.003403,-65.003403,-65.003400
884.800000,-65.003398,-65.003398,-65.003395
884.850000,-65.003393,-65.003393,-65.003390
884.900000,-65.003388,-65.003388,-65.003385
884.950000,-65.003382,-65.003383,-65.003380
885.000000,-65.003377,-65.003378,-65.003375
885.050000,-65.003372,-65.003372,-65.003370
885.100000,-65.003367,-65.003367,-65.003365
885.150000,-65.003362,-65.003362,-65.003360
885.200000,-65.003357,-65.003358,-65.003355
885.250000,-65.003352,-65.003353,-65.003350
885.300000,-65.003348,-65.003348,-65.003345
885.350000,-65.003343,-65.003343,-65.003340
885.400000,-65.003338,-65.003338,-65.003335
885.450000,-65.003333,-65.003333,-65.003330
885.500000,-65.003328,-65.003328,-65.003325
885.550000,-65.003323,-65.003323,-65.003320
885.600000,-65.003318,-65.003318,-65.003315
885.650000,-65.003313,-65.003313,-65.003310
885.700000,-65.003308,-65.003308,-65.003305
885.750000,-65.003303,-65.003303,-65.003300
885.800000,-65.003298,-65.003298,-65.003296
885.850000,-65.003293,-65.003293,-65.003291
885.900000,-65.003288,-65.003288,-65.003286
885.950000,-65.003284,-65.003284,-65.003281
886.000000,-65.003279,-65.003279,-65.003276
886.050000,-65.003274,-65.003274,-65.003271
886.100000,-65.003269,-65.003269,-65.003266
886.150000,-65.003264,-65.003264,-65.003261
886.200000,-65.003259,-65.003259,-65.003257
886.250000,-65.003254,-65.003254,-65.003252
886.300000,-65.003250,-65.003250,-65.003247
886.350000,-65.003245,-65.003245,-65.003242
886.400000,-65.003240,-65.003240,-65.003237
886.450000,-65.003235,-65.003235,-65.003233
886.500000,-65.003230,-65.003230,-65.003228
886.550000,-65.003226,-65.003226,-65.003223
886.600000,-65.003221,-65.003221,-65.003218
886.650000,-65.003216,-65.003216,-65.003213
886.700000,-65.003211,-65.003211,-65.003209
886.750000,-65.003206,-65.003206,-65.003204
886.800000,-65.003202,-65.003202,-65.003199
886.850000,-65.003197,-65.003197,-65.003194
886.900000,-65.003192,-65.003192,-65.003190
886.950000,-65.003187,-65.003188,-65.003185
887.000000,-65.003183,-65.003183,-65.003180
887.050000,-65.003178,-65.003178,-65.003176
887.100000,-65.003173,-65.003173,-65.003171
887.150000,-65.003169,-65.003169,-65.003166
887.200000,-65.003164,-65.003164,-65.003161
887.250000,-65.003159,-65.003159,-65.003157
887.300000,-65.003155,-65.003155,-65.003152
887.350000,-65.003150,-65.003150,-65.003147
887.400000,-65.003145,-65.003145,-65.003143
887.450000,-65.003140,-65.003141,-65.003138
887.500000,-65.003136,-65.003136,-65.003133
887.550000,-65.003131,-65.003131,-65.003129
887.600000,-65.003127,-65.003127,-65.003124
887.650000,-65.003122,-65.003122,-65.003119
887.700000,-65.003117,-65.003117,-65.003115
887.750000,-65.003113,-65.003113,-65.003110
887.800000,-65.003108,-65.003108,-65.003106
887.850000,-65.003103,-65.003103,-65.003101
887.900000,-65.003099,-65.003099,-65.003096
887.950000,-65.003094,-65.003094,-65.003092
888.000000,-65.003090,-65.003090,-65.003087
888.050000,-65.003085,-65.003085,-65.003083
888.100000,-65.003080,-65.003081,-65.003078
888.150000,-65.003076,-65.003076,-65.003074
888.200000,-65.003071,-65.003071,-65.003069
888.250000,-65.003067,-65.003067,-65.003064
888.300000,-65.003062,-65.003062,-65.003060
888.350000,-65.003058,-65.003058,-65.003055
888.400000,-65.003053,-65.003053,-65.003051
888.450000,-65.003049,-65.003049,-65.003046
888.500000,-65.003044,-65.003044,-65.003042
888.550000,-65.003040,-65.003040,-65.003037
888.600000,-65.003035,-65.003035,-65.003033
888.650000,-65.003031,-65.003031,-65.003028
888.700000,-65.003026,-65.003026,-65.003024
888.750000,-65.003022,-65.003022,-65.003019
888.800000,-65.003017,-65.003017,-65.003015
888.850000,-65.003013,-65.003013,-65.003010
888.900000,-65.003008,-65.003008,-65.003006
888.950000,-65.003004,-65.003004,-65.003001
889.000000,-65.002999,-65.002999,-65.002997
889.050000,-65.002995,-65.002995,-65.002992
889.100000,-65.002990,-65.002990,-65.002988
889.150000,-65.002986,-65.002986,-65.002984
889.200000,-65.002982,-65.002982,-65.002979
889.250000,-65.002977,-65.002977,-65.002975
889.300000,-65.002973,-65.002973,-65.002970
889.350000,-65.002968,-65.002968,-65.002966
889.400000,-65.002964,-65.002964,-65.002962
889.450000,-65.002959,-65.002960,-65.002957
889.500000,-65.002955,-65.002955,-65.002953
889.550000,-65.002951,-65.002951,-65.002948
889.600000,-65.002946,-65.002946,-65.002944
889.650000,-65.002942,-65.002942,-65.002940
889.700000,-65.002938,-65.002938,-65.002935
889.750000,-65.002933,-65.002933,-65.002931
889.800000,-65.002929,-65.002929,-65.002927
889.850000,-65.002925,-65.002925,-65.002922
889.900000,-65.002920,-65.002920,-65.002918
889.950000,-65.002916,-65.002916,-65.002914
890.000000,-65.002912,-65.002912,-65.002909
890.050000,-65.002907,-65.002907,-65.002905
890.100000,-65.002903,-65.002903,-65.002901
890.150000,-65.002899,-65.002899,-65.002896
890.200000,-65.002894,-65.002894,-65.002892
890.250000,-65.002890,-65.002890,-65.002888
890.300000,-65.002886,-65.002886,-65.002884
890.350000,-65.002881,-65.002882,-65.002879
890.400000,-65.002877,-65.002877,-65.002875
890.450000,-65.002873,-65.002873,-65.002871
890.500000,-65.002869,-65.002869,-65.002866
890.550000,-65.002864,-65.002864,-65.002862
890.600000,-65.002860,-65.002860,-65.002858
890.650000,-65.002856,-65.002856,-65.002854
890.700000,-65.002852,-65.002852,-65.002850
890.750000,-65.002847,-65.002848,-65.002845
890.800000,-65.002843,-65.002843,-65.002841
890.850000,-65.002839,-65.002839,-65.002837
890.900000,-65.002835,-65.002835,-65.002833
890.950000,-65.002831,-65.002831,-65.002828
891.000000,-65.002826,-65.002826,-65.002824
891.050000,-65.002822,-65.002822,-65.002820
891.100000,-65.002818,-65.002818,-65.002816
891.150000,-65.002814,-65.002814,-65.002812
891.200000,-65.002810,-65.002810,-65.002808
891.250000,-65.002806,-65.002806,-65.002803
891.300000,-65.002801,-65.002801,-65.002799
891.350000,-65.002797,-65.002797,-65.002795
891.400000,-65.002793,-65.002793,-65.002791
891.450000,-65.002789,-65.002789,-65.002787
891.500000,-65.002785,-65.002785,-65.002783
891.550000,-65.002781,-65.002781,-65.002779
891.600000,-65.002777,-65.002777,-65.002774
891.650000,-65.002772,-65.002772,-65.002770
891.700000,-65.002768,-65.002768,-65.002766
891.750000,-65.002764,-65.002764,-65.002762
891.800000,-65.002760,-65.002760,-65.002758
891.850000,-65.002756,-65.002756,-65.002754
891.900000,-65.002752,-65.002752,-65.002750
891.950000,-65.002748,-65.002748,-65.002746
892.000000,-65.002744,-65.002744,-65.002742
892.050000,-65.002740,-65.002740,-65.002738
892.100000,-65.002736,-65.002736,-65.002734
892.150000,-65.002732,-65.002732,-65.002730
892.200000,-65.002728,-65.002728,-65.002725
892.250000,-65.002724,-65.002724,-65.002721
892.300000,-65.002719,-65.002720,-65.002717
892.350000,-65.002715,-65.002715,-65.002713
892.400000,-65.002711,-65.002711,-65.002709
892.450000,-65.002707,-65.002707,-65.002705
892.500000,-65.002703,-65.002703,-65.002701
892.550000,-65.002699,-65.002699,-65.002697
892.600000,-65.002695,-65.002695,-65.002693
892.650000,-65.002691,-65.002691,-65.002689
892.700000,-65.002687,-65.002687,-65.002685
892.750000,-65.002683,-65.002683,-65.002681
892.800000,-65.002679,-65.002679,-65.002677
892.850000,-65.002675,-65.002676,-65.002673
892.900000,-65.002671,-65.002672,-65.002669
892.950000,-65.002668,-65.002668,-65.002666
893.000000,-65.002664,-65.002664,-65.002662
893.050000,-65.002660,-65.002660,-65.002658
893.100000,-65.002656,-65.002656,-65.002654
893.150000,-65.002652,-65.002652,-65.002650
893.200000,-65.002648,-65.002648,-65.002646
893.250000,-65.002644,-65.002644,-65.002642
893.300000,-65.002640,-65.002640,-65.002638
893.350000,-65.002636,-65.002636,-65.002634
893.400000,-65.002632,-65.002632,-65.002630
893.450000,-65.002628,-65.002628,-65.002626
893.500000,-65.002624,-65.002624,-65.002622
893.550000,-65.002620,-65.002621,-65.002618
893.600000,-65.002617,-65.002617,-65.002615
893.650000,-65.002613,-65.002613,-65.002611
893.700000,-65.002609,-65.002609,-65.002607
893.750000,-65.002605,-65.002605,-65.002603
893.800000,-65.002601,-65.002601,-65.002599
893.850000,-65.002597,-65.002597,-65.002595
893.900000,-65.002593,-65.002593,-65.002591
893.950000,-65.002590,-65.002590,-65.002588
894.000000,-65.002586,-65.002586,-65.002584
894.050000,-65.002582,-65.002582,-65.002580
894.100000,-65.002578,-65.002578,-65.002576
894.150000,-65.002574,-65.002574,-65.002572
894.200000,-65.002570,-65.002570,-65.002568
894.250000,-65.002567,-65.002567,-65.002565
894.300000,-65.002563,-65.002563,-65.002561
894.350000,-65.002559,-65.002559,-65.002557
894.400000,-65.002555,-65.002555,-65.002553
894.450000,-65.002551,-65.002551,-65.002550
894.500000,-65.002548,-65.002548,-65.002546
894.550000,-65.002544,-65.002544,-65.002542
894.600000,-65.002540,-65.002540,-65.002538
894.650000,-65.002536,-65.002536,-65.002534
894.700000,-65.002533,-65.002533,-65.002531
894.750000,-65.002529,-65.002529,-65.002527
894.800000,-65.002525,-65.002525,-65.002523
894.850000,-65.002521,-65.002521,-65.002519
894.900000,-65.002518,-65.002518,-65.002516
894.950000,-65.002514,-65.002514,-65.002512
895.000000,-65.002510,-65.002510,-65.002508
895.050000,-65.002506,-65.002506,-65.002505
895.100000,-65.002503,-65.002503,-65.002501
895.150000,-65.002499,-65.002499,-65.002497
895.200000,-65.002495,-65.002495,-65.002493
895.250000,-65.002492,-65.002492,-65.002490
895.300000,-65.002488,-65.002488,-65.002486
895.350000,-65.002484,-65.002484,-65.002482
895.400000,-65.002481,-65.002481,-65.002479
895.450000,-65.002477,-65.002477,-65.002475
895.500000,-65.002473,-65.002473,-65.002471
895.550000,-65.002470,-65.002470,-65.002468
895.600000,-65.002466,-65.002466,-65.002464
895.650000,-65.002462,-65.002462,-65.002460
895.700000,-65.002459,-65.002459,-65.002457
895.750000,-65.002455,-65.002455,-65.002453
895.800000,-65.002451,-65.002451,-65.002449
895.850000,-65.002448,-65.002448,-65.002446
895.900000,-65.002444,-65.002444,-65.002442
895.950000,-65.002440,-65.002440,-65.002439
896.000000,-65.002437,-65.002437,-65.002435
896.050000,-65.002433,-65.002433,-65.002431
896.100000,-65.002430,-65.002430,-65.002428
896.150000,-65.002426,-65.002426,-65.002424
896.200000,-65.002422,-65.002422,-65.002421
896.250000,-65.002419,-65.002419,-65.002417
896.300000,-65.002415,-65.002415,-65.002413
896.350000,-65.002412,-65.002412,-65.002410
896.400000,-65.002408,-65.002408,-65.002406
896.450000,-65.002405,-65.002405,-65.002403
896.500000,-65.002401,-65.002401,-65.002399
896.550000,-65.002397,-65.002397,-65.002396
896.600000,-65.002394,-65.002394,-65.002392
896.650000,-65.002390,-65.002390,-65.002389
896.700000,-65.002387,-65.002387,-65.002385
896.750000,-65.002383,-65.002383,-65.002381
896.800000,-65.002380,-65.002380,-65.002378
896.850000,-65.002376,-65.002376,-65.002374
896.900000,-65.002373,-65.002373,-65.002371
896.950000,-65.002369,-65.002369,-65.002367
897.000000,-65.002366,-65.002366,-65.002364
897.050000,-65.002362,-65.002362,-65.002360
897.100000,-65.002359,-65.002359,-65.002357
897.150000,-65.002355,-65.002355,-65.002353
897.200000,-65.002352,-65.002352,-65.002350
897.250000,-65.002348,-65.002348,-65.002346
897.300000,-65.002345,-65.002345,-65.002343
897.350000,-65.002341,-65.002341,-65.002339
897.400000,-65.002338,-65.002338,-65.002336
897.450000,-65.002334,-65.002334,-65.002333
897.500000,-65.002331,-65.002331,-65.002329
897.550000,-65.002327,-65.002327,-65.002326
897.600000,-65.002324,-65.002324,-65.002322
897.650000,-65.002320,-65.002320,-65.002319
897.700000,-65.002317,-65.002317,-65.002315
897.750000,-65.002314,-65.002314,-65.002312
897.800000,-65.002310,-65.002310,-65.002308
897.850000,-65.002307,-65.002307,-65.002305
897.900000,-65.002303,-65.002303,-65.002302
897.950000,-65.002300,-65.002300,-65.002298
898.000000,-65.002296,-65.002297,-65.002295
898.050000,-65.002293,-65.002293,-65.002291
898.100000,-65.002290,-65.002290,-65.002288
898.150000,-65.002286,-65.002286,-65.002285
898.200000,-65.002283,-65.002283,-65.002281
898.250000,-65.002280,-65.002280,-65.002278
898.300000,-65.002276,-65.002276,-65.002274
898.350000,-65.002273,-65.002273,-65.002271
898.400000,-65.002269,-65.002269,-65.002268
898.450000,-65.002266,-65.002266,-65.002264
898.500000,-65.002263,-65.002263,-65.002261
898.550000,-65.002259,-65.002259,-65.002258
898.600000,-65.002256,-65.002256,-65.002254
898.650000,-65.002253,-65.002253,-65.002251
898.700000,-65.002249,-65.002249,-65.002248
898.750000,-65.002246,-65.002246,-65.002244
898.800000,-65.002243,-65.002243,-65.002241
898.850000,-65.002239,-65.002239,-65.002238
898.900000,-65.002236,-65.002236,-65.002234
898.950000,-65.002233,-65.002233,-65.002231
899.000000,-65.002229,-65.002229,-65.002228
899.050000,-65.002226,-65.002226,-65.002224
899.100000,-65.002223,-65.002223,-65.002221
899.150000,-65.002220,-65.002220,-65.002218
899.200000,-65.002216,-65.002216,-65.002215
899.250000,-65.002213,-65.002213,-65.002211
899.300000,-65.002210,-65.002210,-65.002208
899.350000,-65.002206,-65.002206,-65.002205
899.400000,-65.002203,-65.002203,-65.002202
899.450000,-65.002200,-65.002200,-65.002198
899.500000,-65.002197,-65.002197,-65.002195
899.550000,-65.002193,-65.002193,-65.002192
899.600000,-65.002190,-65.002190,-65.002189
899.650000,-65.002187,-65.002187,-65.002185
899.700000,-65.002184,-65.002184,-65.002182
899.750000,-65.002180,-65.002180,-65.002179
899.800000,-65.002177,-65.002177,-65.002176
899.850000,-65.002174,-65.002174,-65.002172
899.900000,-65.002171,-65.002171,-65.002169
899.950000,-65.002168,-65.002168,-65.002166
900.000000,-65.002164,-65.002164,-65.002163
