path,cell_model,purpose,SHA256,size_bytes,status,source_generated,current_historical
.gitignore,legacy/shared project,Project metadata or historical artifact,3171e56f26b4e70359a2abf895e8e68efceadbc64604dd1d195c20b0dc7c1ffc,486,retained,source,current/supporting
archive/L796/historical_audits/channel_receptor_audit_L796_and_excit_interneuron.md,archived scientific history,"Scientific interpretation, provenance, or run documentation",bfbccd59f1997650648d4812e99f1517cc59572d7dc9aeae55224526f6c939c8,34319,retained archive,source,historical
archive/L796/historical_audits/channel_receptor_priority_table.csv,archived scientific history,Raw or summarized evidence for a model result,1b71bf82b4196ce4e5552e4dceb1e82429c12d43679bf74e6b2ac877a2792c9c,6690,retained archive,generated,historical
archive/L796/historical_scripts/L796_step5_1sec_sweep_fixed_1000ms_historical.py,archived scientific history,"Simulation, analysis, extraction, or validation workflow",f563f2cfe6fefafa3c31c29aa72178f44664cda3a22cf220d3fa11d88fdbf0d7,26545,retained archive,source,historical
archive/L796/README.md,archived scientific history,"Scientific interpretation, provenance, or run documentation",fd9e500e34b90b1d8194840a951ead997e407ca960a4a343f78aa97b0984f17d,509,retained archive,source,historical
archive/other_exploratory_models/early_project_work/deliverables/advanced/GABA_disinhibition_sweep.csv,archived scientific history,Raw or summarized evidence for a model result,4276600b797ed4efd3bc9baa17163d516fb2d3be7471c3a37ffba0e50141d32b,317,retained archive,generated,historical
archive/other_exploratory_models/early_project_work/deliverables/advanced/GABA_disinhibition_sweep.png,archived scientific history,"Visualization of morphology, simulation, or validation output",541d4ae94d50fb0b7a4941018c37714da65eed99fcc8d3e425fd3962e200238e,111600,retained archive,generated,historical
archive/other_exploratory_models/early_project_work/deliverables/week1/modeldb2018004_AP_parameters.csv,archived scientific history,Raw or summarized evidence for a model result,ed32c056b1362f9aa37cfd95b88f220501a6688e1dfa480a2428afe5a1a1e830,291,retained archive,generated,historical
archive/other_exploratory_models/early_project_work/deliverables/week1/modeldb2018004_AP_trace_with_parameters.png,archived scientific history,"Visualization of morphology, simulation, or validation output",4be74a2b9f13ce3af1745910a40a7c26d9345f8312898a01c8c05734c9e5e30c,130852,retained archive,generated,historical
archive/other_exploratory_models/early_project_work/deliverables/week1/modeldb2018004_mod_inventory.csv,archived scientific history,Raw or summarized evidence for a model result,b36576d3f20c20490adb433cf0bd965aba436ad8122db0d997a287283113d354,539,retained archive,generated,historical
archive/other_exploratory_models/early_project_work/deliverables/week1/modeldb2018004_mod_inventory.md,archived scientific history,"Scientific interpretation, provenance, or run documentation",12478d4fc18802ac57d47ed4bf8aaaae5c6d7182e187512cd794b4ca9035d997,940,retained archive,source,historical
archive/other_exploratory_models/early_project_work/deliverables/week1/modeldb2018004_section_summary.csv,archived scientific history,Raw or summarized evidence for a model result,5d62d99458292cb6d4aa353190a9373ec2a9b2350c1e638ca6abd7b5199e3506,18815,retained archive,generated,historical
archive/other_exploratory_models/early_project_work/deliverables/week1/modeldb2018004_soma_voltage_trace.csv,archived scientific history,Raw or summarized evidence for a model result,2dfdbaa79afdc8cf8c94c20488fc9ed46414fc63ad527d684c52c44c80eee3a6,61224,retained archive,generated,historical
archive/other_exploratory_models/early_project_work/deliverables/week1/modeldb2018004_soma_voltage_trace.png,archived scientific history,"Visualization of morphology, simulation, or validation output",b97d2b548e9968e0b0b5d5493511754524539082c0fc06e8e61858bd2469124d,107581,retained archive,generated,historical
archive/other_exploratory_models/early_project_work/deliverables/week1/modeldb267056_cell_rates.csv,archived scientific history,Raw or summarized evidence for a model result,8154a4bfd4ddbbda6d706b3f152ace98106ef2b77ef674fc11b921c4445e09cf,19776,retained archive,generated,historical
archive/other_exploratory_models/early_project_work/deliverables/week1/modeldb267056_population_rates.csv,archived scientific history,Raw or summarized evidence for a model result,10d69c8a905cad9f590b8558424e1b753f473cd9c4fdc3f7dbf5c64011f0d366,147,retained archive,generated,historical
archive/other_exploratory_models/early_project_work/deliverables/week1/modeldb267056_summary.txt,archived scientific history,"Scientific interpretation, provenance, or run documentation",b18eb8ac250798bf86cea7e81688c5650118c8cc2daf9157c5c1992303dd4f62,853,retained archive,source,historical
archive/other_exploratory_models/early_project_work/deliverables/week1/modeldb267056_tonic_firing.png,archived scientific history,"Visualization of morphology, simulation, or validation output",c935a3b1c38575a7a6d1b652e03dbfec092cd48d55ec5237e93110dd8d5351cc,371318,retained archive,generated,historical
archive/other_exploratory_models/early_project_work/deliverables/week1/morphology_decision.txt,archived scientific history,"Scientific interpretation, provenance, or run documentation",cbc86d83899a166d0d90e3066d9d3cbfdf9164c2c44218cd8d34f45004f5013e,796,retained archive,source,historical
archive/other_exploratory_models/early_project_work/deliverables/week1/neuromorpho_week1_table.csv,archived scientific history,Raw or summarized evidence for a model result,969d14524c60e1944f217accbefbf41e88bbddaf17c533880b4847b8df77c355,1909,retained archive,generated,historical
archive/other_exploratory_models/early_project_work/deliverables/week1/WEEK1_EVIDENCE_INDEX.md,archived scientific history,"Scientific interpretation, provenance, or run documentation",8b085d10bbc77fec287cc69ddf9e873e1aadd0554c36c041d332923a078df94f,1297,retained archive,source,historical
archive/other_exploratory_models/early_project_work/figures/01_ball_stick_AP_demo.png,archived scientific history,"Visualization of morphology, simulation, or validation output",bca7f400b251701f393959ab64faf80f4b3590cc64229965b8ef270bae430f2a,116633,retained archive,generated,historical
archive/other_exploratory_models/early_project_work/figures/01_ball_stick_CLEAR_AP_corrected.png,archived scientific history,"Visualization of morphology, simulation, or validation output",56afc6b583d492e18d69a8279287caf39a5e18d7d8684fd158198a469f49121a,156165,retained archive,generated,historical
archive/other_exploratory_models/early_project_work/figures/02_DRG_normal_vs_neuropathic.png,archived scientific history,"Visualization of morphology, simulation, or validation output",d920925cc579a4788a227f248532ac22ede312c14306b035ee260c0f7d60dbfb,139440,retained archive,generated,historical
archive/other_exploratory_models/early_project_work/figures/03_SDH_normal_vs_neuropathic_output.png,archived scientific history,"Visualization of morphology, simulation, or validation output",21e8776ee4bb7d542eff4e7d9de86dbee2bb380a351bd4e1015fe3f2331a4250,279792,retained archive,generated,historical
archive/other_exploratory_models/early_project_work/figures/modeldb2018004_AP_parameters_PENDING_fallback.png,archived scientific history,"Visualization of morphology, simulation, or validation output",10a26e2dd8fc4654d7cb959d5dba2f76a4981cb667725a449c2990d1e5f19579,101119,retained archive,generated,historical
archive/other_exploratory_models/early_project_work/figures/Screenshot 2026-05-29 185705.png,archived scientific history,"Visualization of morphology, simulation, or validation output",b56a4714f595273a881381bdd4f4188303f94666a11bca0972da4d25919e5c6f,119232,retained archive,generated,historical
archive/other_exploratory_models/early_project_work/figures/Screenshot 2026-05-29 185721.png,archived scientific history,"Visualization of morphology, simulation, or validation output",3c41020bbf676542bfa1860679327703d9e81dfedd39182b74edd2ccd5788a34,53325,retained archive,generated,historical
archive/other_exploratory_models/early_project_work/figures/Screenshot 2026-06-01 094922.png,archived scientific history,"Visualization of morphology, simulation, or validation output",e78d7dc9574ea21575bf22a57e9c9f44ab3e02dbe0b74ee6a8233303780b70f5,285648,retained archive,generated,historical
archive/other_exploratory_models/early_project_work/figures/Screenshot 2026-06-01 100718.png,archived scientific history,"Visualization of morphology, simulation, or validation output",ea1cb98092efdcc3a7fa60d2f0beee4e82f56a570190278c439fcf52ddfc623d,49499,retained archive,generated,historical
archive/other_exploratory_models/early_project_work/figures/Screenshot 2026-06-01 100737.png,archived scientific history,"Visualization of morphology, simulation, or validation output",6f6fcfe739a16b24a2d87b844be8a4739c7817ec7c85a237d77061f9618c480f,38207,retained archive,generated,historical
archive/other_exploratory_models/early_project_work/logs/01_ball_stick_ap_demo.log,archived scientific history,Execution provenance and diagnostic evidence,0d5a9e596a4025913a9082c312e3c17c4b4805731ec2e67e0a540d10e3420809,248,retained archive,generated,historical
archive/other_exploratory_models/early_project_work/logs/01_ball_stick_CLEAR_AP_corrected.log,archived scientific history,Execution provenance and diagnostic evidence,5881715039d5c03b617ffd6b186e2320e9e9dc72c8797a9944982f57cb95edbc,354,retained archive,generated,historical
archive/other_exploratory_models/early_project_work/logs/01_ball_stick_CLEAR_AP_corrected_terminal.log,archived scientific history,Execution provenance and diagnostic evidence,fe840fa74cc18f85a2bded4c8820050de2ff85f007097c1824d904d74edf61bc,638,retained archive,generated,historical
archive/other_exploratory_models/early_project_work/logs/02_DRG_normal_vs_neuropathic.log,archived scientific history,Execution provenance and diagnostic evidence,0103fcba263fae94b446deb6cc12fc4c3fcfa96a5664c1e99cdb233bdea7f363,336,retained archive,generated,historical
archive/other_exploratory_models/early_project_work/logs/03_SDH_normal_vs_neuropathic.log,archived scientific history,Execution provenance and diagnostic evidence,988c1328b59b6b78bff58bbfc71b96e0c5c455e869210576b9177a376658b173,534,retained archive,generated,historical
archive/other_exploratory_models/early_project_work/logs/07_DRG_AP_parameters_fallback.log,archived scientific history,Execution provenance and diagnostic evidence,68c40bae3ad90f89b6e5ec2abea7c86a4165affac9afd77ae012567c7e749200,287,retained archive,generated,historical
archive/other_exploratory_models/early_project_work/logs/08_make_neuromorpho_week1_table.log,archived scientific history,Execution provenance and diagnostic evidence,2e03a64154891d5082ace6350691d8045c5d88c3fdf3a346656a581b313474b4,4081,retained archive,generated,historical
archive/other_exploratory_models/early_project_work/logs/09_extract_modeldb267056_metrics.log,archived scientific history,Execution provenance and diagnostic evidence,478a10dbcc1287ac834037f9dda548c30b696c8a413aaf49c81862f2a178128f,1451,retained archive,generated,historical
archive/other_exploratory_models/early_project_work/logs/10_make_2018004_mod_inventory.log,archived scientific history,Execution provenance and diagnostic evidence,7fe4f074ba3371ae05aa90de8d782d4daebc68bc8e5b5a1caec42745df9c8d45,873,retained archive,generated,historical
archive/other_exploratory_models/early_project_work/logs/11_extract_AP_parameters_from_trace.log,archived scientific history,Execution provenance and diagnostic evidence,a37ea4758433ddcae73c48e432436882beb657fd6da68329349743d09a0c3cbb,647,retained archive,generated,historical
archive/other_exploratory_models/early_project_work/logs/12_inspect_modeldb2018004.log,archived scientific history,Execution provenance and diagnostic evidence,3cee44e5c615e5eefa9c190f20aece77f5880c7cffccc9480bfb8f6d6f2f636c,333,retained archive,generated,historical
archive/other_exploratory_models/early_project_work/logs/13_signature_modeldb2018004.log,archived scientific history,Execution provenance and diagnostic evidence,3265ad19516db6815138d15e017c37358afea016c796916577b28784294f757b,7312,retained archive,generated,historical
archive/other_exploratory_models/early_project_work/logs/14_run_modeldb2018004_AP_simulation.log,archived scientific history,Execution provenance and diagnostic evidence,e10aaa9d83d1330a1c3d18101a86463c930abd128d7284173a357b0f9b781448,1165,retained archive,generated,historical
archive/other_exploratory_models/early_project_work/logs/2018004_all_files.txt,archived scientific history,"Scientific interpretation, provenance, or run documentation",aa0e0b50304f131c9370e79534c367c37e4cc3827e4dd8e5cbcf61642c8e2853,2191,retained archive,source,historical
archive/other_exploratory_models/early_project_work/logs/2018004_axon_preview.txt,archived scientific history,"Scientific interpretation, provenance, or run documentation",59a33b09cb8c71b91e66f2d945814d63b4c7095eb5dc3ff3a227df1f65fc6669,10875,retained archive,source,historical
archive/other_exploratory_models/early_project_work/logs/2018004_file_tree.txt,archived scientific history,"Scientific interpretation, provenance, or run documentation",3669d67e4e337b7c9bed3a0c018eaae01949de20841ab3a464dced2be0a87b3b,1219,retained archive,source,historical
archive/other_exploratory_models/early_project_work/logs/2018004_keywords.txt,archived scientific history,"Scientific interpretation, provenance, or run documentation",38d6f6f03db7a7deae362056425f8e1b04c58daad50f4be9bf3d11e7ee4adcf5,17867,retained archive,source,historical
archive/other_exploratory_models/early_project_work/logs/2018004_nrnivmodl.log,archived scientific history,Execution provenance and diagnostic evidence,74a278f16855d1ce7e2a4694de37ae76c10cc11e15ffbb546304fda62ee4bde7,1631,retained archive,generated,historical
archive/other_exploratory_models/early_project_work/logs/2018004_pseudounipolar_preview.txt,archived scientific history,"Scientific interpretation, provenance, or run documentation",14cd904b1a95e49593f3a255f0a834c9595b12ec4431ee32f03b4c1d004adff9,10953,retained archive,source,historical
archive/other_exploratory_models/early_project_work/logs/2018004_readme_preview.txt,archived scientific history,"Scientific interpretation, provenance, or run documentation",52320896cc6cbed381ef14e4a77df9758ce2c63d29687ca27dfb5f3b44dc5cc1,3649,retained archive,source,historical
archive/other_exploratory_models/early_project_work/logs/2018004_run_candidates.txt,archived scientific history,"Scientific interpretation, provenance, or run documentation",2116c546387970aa6ed81b5e0619dbc975d1dc606ddd8260d7bd9af1ad04d840,79,retained archive,source,historical
archive/other_exploratory_models/early_project_work/logs/2018004_trace_candidates.txt,archived scientific history,"Scientific interpretation, provenance, or run documentation",b723564074ff0ea3b2baac029725c1b6c99d22e79986dd0d769f4d9be9c0e377,36,retained archive,source,historical
archive/other_exploratory_models/early_project_work/logs/267056_data_candidates.txt,archived scientific history,"Scientific interpretation, provenance, or run documentation",8e7381a27af0fc945babae035b5db8f0c1ff1d7f9b11295eea5597eeb333ce1c,493,retained archive,source,historical
archive/other_exploratory_models/early_project_work/logs/267056_existing_files.txt,archived scientific history,"Scientific interpretation, provenance, or run documentation",2923cfca33631d5214e067f1692b3811fecfddf724a086efd6589cb929d7a230,8304,retained archive,source,historical
archive/other_exploratory_models/early_project_work/logs/count_dorsal_horn.log,archived scientific history,Execution provenance and diagnostic evidence,5cbf323cc3525bde4e8297d63c3d3cbc4cf024342eb974aa2901a7857d47b6b8,63,retained archive,generated,historical
archive/other_exploratory_models/early_project_work/logs/download_dorsal_horn.log,archived scientific history,Execution provenance and diagnostic evidence,38543e1f132c5bb2ac3a9a10a6253f3d7049dc7b8e9156205dce347e4ab73fa7,1002,retained archive,generated,historical
archive/other_exploratory_models/early_project_work/logs/download_dorsal_horn_mouse.log,archived scientific history,Execution provenance and diagnostic evidence,21c0ddcdcb1d8bfe5222a9886ec5f90975b5cf59d55df2bfc029ace3bcde3bfe,28,retained archive,generated,historical
archive/other_exploratory_models/early_project_work/logs/download_dorsal_horn_rat.log,archived scientific history,Execution provenance and diagnostic evidence,21c0ddcdcb1d8bfe5222a9886ec5f90975b5cf59d55df2bfc029ace3bcde3bfe,28,retained archive,generated,historical
archive/other_exploratory_models/early_project_work/logs/download_drg_all.log,archived scientific history,Execution provenance and diagnostic evidence,26c0c7387bbc4c2519f44589c6f9cb7329c8b1f3eebb9831848d55020b63641b,994,retained archive,generated,historical
archive/other_exploratory_models/early_project_work/logs/download_drg_swc.log,archived scientific history,Execution provenance and diagnostic evidence,5e5ce97d7ce2dc59941865b5c1eae3ffe906ecd5341f737c8e0333fc714bd23f,2827,retained archive,generated,historical
archive/other_exploratory_models/early_project_work/logs/download_mouse_sensory.log,archived scientific history,Execution provenance and diagnostic evidence,21c0ddcdcb1d8bfe5222a9886ec5f90975b5cf59d55df2bfc029ace3bcde3bfe,28,retained archive,generated,historical
archive/other_exploratory_models/early_project_work/logs/download_neuromorpho_full.log,archived scientific history,Execution provenance and diagnostic evidence,9948dc804b311a5598777f9e53992d273fb38a3aec6a21b799a3da634dcbf5bf,869,retained archive,generated,historical
archive/other_exploratory_models/early_project_work/logs/download_pain_regions.log,archived scientific history,Execution provenance and diagnostic evidence,f2f98df63b41349466e44da57c534915fc5ae6bbb8022b16387f256e8ea0e47d,98,retained archive,generated,historical
archive/other_exploratory_models/early_project_work/logs/download_rat_all.log,archived scientific history,Execution provenance and diagnostic evidence,dde033cc07c4228fc1ab1aea9bcaaf215861cac8457d5c75da4fb6360fa92021,129,retained archive,generated,historical
archive/other_exploratory_models/early_project_work/logs/download_rat_sensory.log,archived scientific history,Execution provenance and diagnostic evidence,21c0ddcdcb1d8bfe5222a9886ec5f90975b5cf59d55df2bfc029ace3bcde3bfe,28,retained archive,generated,historical
archive/other_exploratory_models/early_project_work/logs/download_rat_spinal.log,archived scientific history,Execution provenance and diagnostic evidence,21c0ddcdcb1d8bfe5222a9886ec5f90975b5cf59d55df2bfc029ace3bcde3bfe,28,retained archive,generated,historical
archive/other_exploratory_models/early_project_work/logs/download_sdh_all.log,archived scientific history,Execution provenance and diagnostic evidence,f58d47b8b76a354c16fbc7edf689c3d57067eda8a94b1107ae29b90d9c365d2d,994,retained archive,generated,historical
archive/other_exploratory_models/early_project_work/logs/download_sdh_swc.log,archived scientific history,Execution provenance and diagnostic evidence,9b98a3a93b58dcc9e62dcbcfe64fece37fad01bfc07ae83fd704e66ef26fd92f,30,retained archive,generated,historical
archive/other_exploratory_models/early_project_work/logs/download_swc_dorsal_horn_strict_source.log,archived scientific history,Execution provenance and diagnostic evidence,203de7374b179c845f86cb73c89cc2cedd26882752df8521a9559a296f4f9e50,45,retained archive,generated,historical
archive/other_exploratory_models/early_project_work/logs/download_swc_top10.log,archived scientific history,Execution provenance and diagnostic evidence,c94583124028af333610579c5e7207e1d2b0aa2e3d15591c392d40b3ea139b3d,1462,retained archive,generated,historical
archive/other_exploratory_models/early_project_work/logs/fields.log,archived scientific history,Execution provenance and diagnostic evidence,9c9132b4d3ec0560549a7ca2a382f867f86055f836ee0b950d7e517bcc909ffa,710,retained archive,generated,historical
archive/other_exploratory_models/early_project_work/logs/filter_dorsal_horn.log,archived scientific history,Execution provenance and diagnostic evidence,0d304fc5fad6ea9b99e4e8c3eb89b0d21fd7a3160ec793b1f3b53bb24940d82c,1913,retained archive,generated,historical
archive/other_exploratory_models/early_project_work/logs/neuromorpho_fields.log,archived scientific history,Execution provenance and diagnostic evidence,9c9132b4d3ec0560549a7ca2a382f867f86055f836ee0b950d7e517bcc909ffa,710,retained archive,generated,historical
archive/other_exploratory_models/early_project_work/logs/neuromorpho_week1_verify.log,archived scientific history,Execution provenance and diagnostic evidence,78be19533d7ab4dac2ddbe2a00f2c2cb9e259ab5ce4ed2d125f22ce7efb8b5d4,4090,retained archive,generated,historical
archive/other_exploratory_models/early_project_work/logs/week1_final_check.log,archived scientific history,Execution provenance and diagnostic evidence,ef487cf6ac98f74e00044d1465b6eafe3898f1a2abbef2e5c744dfd9e632bbce,425,retained archive,generated,historical
archive/other_exploratory_models/early_project_work/logs/week1_final_deliverable_files.txt,archived scientific history,"Scientific interpretation, provenance, or run documentation",733f010a1adade6d18e858b05a6bdc7b6f083f79e6c5dc9c111535ff156cccb1,730,retained archive,source,historical
archive/other_exploratory_models/early_project_work/logs/week1_today_start.log,archived scientific history,Execution provenance and diagnostic evidence,e485fe87ca0846a13a1069631f93c862e18a57bf0f76a47e49fe7a0574da7741,4769,retained archive,generated,historical
archive/other_exploratory_models/early_project_work/metadata/dorsal_horn_all.csv,archived scientific history,Raw or summarized evidence for a model result,2d5553d6aa4cfd8da79b90cabe4b6b13241449e571ea8f63fec81b06ecca6409,7971533,retained archive,generated,historical
archive/other_exploratory_models/early_project_work/metadata/drg_all.csv,archived scientific history,Raw or summarized evidence for a model result,ae438c5ed706779004a8a83ead89d764a52335277343c8c66a88a2f5f193ba5e,8235455,retained archive,generated,historical
archive/other_exploratory_models/early_project_work/metadata/sdh_all.csv,archived scientific history,Raw or summarized evidence for a model result,2d5553d6aa4cfd8da79b90cabe4b6b13241449e571ea8f63fec81b06ecca6409,7971533,retained archive,generated,historical
archive/other_exploratory_models/early_project_work/modeldb/2018004_GITLINK_NOTE.md,archived scientific history,"Scientific interpretation, provenance, or run documentation",e37004ffcf9b99507b4152b1a6c42027e1ab308de589dc57869d1ef0c8498b52,545,retained archive,source,historical
archive/other_exploratory_models/early_project_work/notes/ONE_HOUR_COMPUTATIONAL_SUMMARY.md,archived scientific history,"Scientific interpretation, provenance, or run documentation",fb59b928ed589e510ab6d64a6b399f41089531fd91061858c43d8fd5585b27c7,3147,retained archive,source,historical
archive/other_exploratory_models/early_project_work/notes/WEEK1_DELIVERABLE_TRACKER.md,archived scientific history,"Scientific interpretation, provenance, or run documentation",07c271e4f41d6e07fa4bf43b5abc666ad11f4a490e5a326d8786962d36cfe332,1310,retained archive,source,historical
archive/other_exploratory_models/early_project_work/notes/WEEK1_PAPER_SUMMARIES_5POINT.md,archived scientific history,"Scientific interpretation, provenance, or run documentation",110450b0565d6c7d43ccae63d73c66b6fd6f418297c744e46d6de6c0ec826f44,4597,retained archive,source,historical
archive/other_exploratory_models/early_project_work/project1/data/baseline_100mN_data.json,archived scientific history,Project metadata or historical artifact,cd4fec2022ebfd92724f6c307e7c6a2a02b6a6b1f06a9db47897bac0486eca76,8253728,retained archive,source,historical
archive/other_exploratory_models/early_project_work/project1/data/direct_runs/gaba_scale_000_100mN_data.json,archived scientific history,Project metadata or historical artifact,95db977af1db0d827c8e9716b6029230381af90ae006b5d0815e34cf4fbfe1bc,10825873,retained archive,source,historical
archive/other_exploratory_models/early_project_work/project1/data/direct_runs/gaba_scale_025_100mN_data.json,archived scientific history,Project metadata or historical artifact,e2979c146f0e6ad2eac0ea1ec790b7b29102c1aa94942af7f7d1605506c89f4c,9468520,retained archive,source,historical
archive/other_exploratory_models/early_project_work/project1/data/direct_runs/gaba_scale_050_100mN_data.json,archived scientific history,Project metadata or historical artifact,99b8e7f03a7571e5376053aaa2f05e8a519bc8e8393b1dfe8ea58e0ad7896ec7,8782817,retained archive,source,historical
archive/other_exploratory_models/early_project_work/project1/data/direct_runs/gaba_scale_075_100mN_data.json,archived scientific history,Project metadata or historical artifact,fe90a849704deda1177fa6c1fe35489eefdd3053bc78c74d982023aea5c267ac,8428836,retained archive,source,historical
archive/other_exploratory_models/early_project_work/project1/data/direct_runs/gaba_scale_100_100mN_data.json,archived scientific history,Project metadata or historical artifact,55ca4a5fa60ec5211088895b77ee9c9f0629deb2b04a9f4f5c03e95c578f8060,8253756,retained archive,source,historical
archive/other_exploratory_models/early_project_work/project1/figures/baseline_population_firing_rates.png,archived scientific history,"Visualization of morphology, simulation, or validation output",72b4878fa7d19c25f2ecbc33273dc22b36c80dc6b2266f0025a5e0189dcf672d,128786,retained archive,generated,historical
archive/other_exploratory_models/early_project_work/project1/figures/baseline_raster_100_percent_GABA.png,archived scientific history,"Visualization of morphology, simulation, or validation output",f43639607424b0002a8b69622b4be2556fa1c589189527e6de8cd8216f7a1896,608992,retained archive,generated,historical
archive/other_exploratory_models/early_project_work/project1/figures/ei_ratio_gaba_sweep.png,archived scientific history,"Visualization of morphology, simulation, or validation output",0200ec4d54fb2d7b5554842e6a42dc26f2dc0b41dbc0b16f6ff05f1f89a7575a,111186,retained archive,generated,historical
archive/other_exploratory_models/early_project_work/project1/figures/gaba_strength_vs_projection_output.png,archived scientific history,"Visualization of morphology, simulation, or validation output",cc85f3d9f0a2fe4630d586fe9600accf03e62dc2aa8ea95e9a326a9ea1c4e65d,134706,retained archive,generated,historical
archive/other_exploratory_models/early_project_work/project1/figures/gaba_sweep_output_heatmap.png,archived scientific history,"Visualization of morphology, simulation, or validation output",47838f1506e1d7815f4cf5875eea13d028651c90b283a2f53efdceb0509f08a5,195271,retained archive,generated,historical
archive/other_exploratory_models/early_project_work/project1/figures/projection_output_barplot_gaba_sweep.png,archived scientific history,"Visualization of morphology, simulation, or validation output",5a05189a027534b632d41a10ca27bc4f2d9604de2fb8c3a4865b023c1e88589c,141704,retained archive,generated,historical
archive/other_exploratory_models/early_project_work/project1/logs/gaba_scale_000.log,archived scientific history,Execution provenance and diagnostic evidence,b5fb6146ab5fc8269cef42a117d33e62935ba13145255d0a55b9b5cedabb6bf4,1123670,retained archive,generated,historical
archive/other_exploratory_models/early_project_work/project1/logs/gaba_scale_025.log,archived scientific history,Execution provenance and diagnostic evidence,d82f21dcb9eb274ef464d951e847c15325532936aa07c001d71e2fee681dc252,1136861,retained archive,generated,historical
archive/other_exploratory_models/early_project_work/project1/logs/gaba_scale_050.log,archived scientific history,Execution provenance and diagnostic evidence,377beed0984463ca71e5a39f4d4469574471d753111a9957db56c3c8abbf9370,1135327,retained archive,generated,historical
archive/other_exploratory_models/early_project_work/project1/logs/gaba_scale_075.log,archived scientific history,Execution provenance and diagnostic evidence,0d4b53b716d51333fdfc5e17df771447c24d85a6f825fc10ab2d77af451707e1,1136487,retained archive,generated,historical
archive/other_exploratory_models/early_project_work/project1/logs/gaba_scale_100.log,archived scientific history,Execution provenance and diagnostic evidence,2638d600c0d690fd9442868310aa66c0c5ee696223468a6b4aa00b53d6dbca1c,1134583,retained archive,generated,historical
archive/other_exploratory_models/early_project_work/project1/notes/direct_gaba_weight_editing_plan.md,archived scientific history,"Scientific interpretation, provenance, or run documentation",4c595069eca7e08f2f417213d75ab4b5c4df09f270d1a77c4f29d27f162e820f,3686,retained archive,source,historical
archive/other_exploratory_models/early_project_work/project1/README.md,archived scientific history,"Scientific interpretation, provenance, or run documentation",c4534e613b7097e77ab67914611564f5f65979c633e826a298385c51a10f0903,1510,retained archive,source,historical
archive/other_exploratory_models/early_project_work/project1/results/baseline_population_rates.csv,archived scientific history,Raw or summarized evidence for a model result,ebf5a0a3ccf4ec7969aa4e57c0c1c6f1ac9c7080dd21b5ecca986538646ddd0f,1470,retained archive,generated,historical
archive/other_exploratory_models/early_project_work/project1/results/baseline_projection_output.csv,archived scientific history,Raw or summarized evidence for a model result,9e0b0ecaa2ed1bcf3745c5ff801201429efa986971977c9d984ef31ed4c9c64e,169,retained archive,generated,historical
archive/other_exploratory_models/early_project_work/project1/results/baseline_spike_table_mapped.csv,archived scientific history,Raw or summarized evidence for a model result,f6ee262c130252abb48efc00e85aeb61b53f15814f7c11763ac1d7fbac829977,1990581,retained archive,generated,historical
archive/other_exploratory_models/early_project_work/project1/results/baseline_summary_metrics.csv,archived scientific history,Raw or summarized evidence for a model result,962057206152863c44261d8a579a8a96a791dec78bd825e6fec20a112ea3bc08,248,retained archive,generated,historical
archive/other_exploratory_models/early_project_work/project1/results/gaba_disinhibition_sweep_summary.csv,archived scientific history,Raw or summarized evidence for a model result,ad95225e2788a600a648c9867fe092e472d359db5bc948e49c24ea1fc4848fa1,696,retained archive,generated,historical
archive/other_exploratory_models/early_project_work/project1/results/modeldb267056_inhibitory_synapse_search.txt,archived scientific history,"Scientific interpretation, provenance, or run documentation",045b09d840b91b901a53fe787a3a591688b2be6c1dbf8d17730ad141ad1e72d4,21088,retained archive,source,historical
archive/other_exploratory_models/early_project_work/project1/results/project1_population_mapping_inferred.csv,archived scientific history,Raw or summarized evidence for a model result,3b4bbf62aacda26273252c1190ffe1c91b06e26092b0619640a7c4de1d897d80,27624,retained archive,generated,historical
archive/other_exploratory_models/early_project_work/project1/scripts/01_copy_baseline_data.py,archived scientific history,"Simulation, analysis, extraction, or validation workflow",0b7d006a25ce5438a61853265b7dde9f7cd501ed9f505dde952a4199078eaf27,848,retained archive,source,historical
archive/other_exploratory_models/early_project_work/project1/scripts/02_make_population_mapping.py,archived scientific history,"Simulation, analysis, extraction, or validation workflow",0510f9f65f7ca26c544d0371e106d99884aba2a60a5dfdcdca7d65dadcbcf8a2,2194,retained archive,source,historical
archive/other_exploratory_models/early_project_work/project1/scripts/03_analyze_baseline_projection_output.py,archived scientific history,"Simulation, analysis, extraction, or validation workflow",3399a36167043fde717d98e7c8cb28e8a8b06ea303b38c678d7826497ed78818,5668,retained archive,source,historical
archive/other_exploratory_models/early_project_work/project1/scripts/04_gaba_disinhibition_sweep.py,archived scientific history,"Simulation, analysis, extraction, or validation workflow",22315a2b7b840c61db2be010eeb3d99c7b3e3eeeaabb962981fd7b9836f5fb73,4704,retained archive,source,historical
archive/other_exploratory_models/early_project_work/project1/scripts/06_patch_gaba_scale_into_model.py,archived scientific history,"Simulation, analysis, extraction, or validation workflow",163088519b51d896d91b8743499a1820d8cc4049a3985d5bae656c5a941a2e6c,2304,retained archive,source,historical
archive/other_exploratory_models/early_project_work/project1/scripts/07_patch_cfg_gaba_scale.py,archived scientific history,"Simulation, analysis, extraction, or validation workflow",74c9131b71fd610eb4f9c49adfaea778419805f3d6b869f0f026e98460bf8137,1967,retained archive,source,historical
archive/other_exploratory_models/early_project_work/project1/scripts/08_run_direct_gaba_sweep.sh,archived scientific history,"Simulation, analysis, extraction, or validation workflow",6a9f1e22729a07adda563b1a9960c98b3aab2359aa70945538947714114e6e4b,1102,retained archive,source,historical
archive/other_exploratory_models/early_project_work/project3/figures/project3_projection_output_barplot.png,archived scientific history,"Visualization of morphology, simulation, or validation output",08318baf1c49114be57b3ef3235b97ae5637723c81bf3f47f121fed48ca1fe37,235912,retained archive,generated,historical
archive/other_exploratory_models/early_project_work/project3/figures/project3_relative_output_vs_baseline.png,archived scientific history,"Visualization of morphology, simulation, or validation output",7141de1b6fba68a07e09a8ba820eb5e9800bb9faa2466bd0c1b5caa0cc0f1a59,248700,retained archive,generated,historical
archive/other_exploratory_models/early_project_work/project3/logs/all_inhibition_reduced.log,archived scientific history,Execution provenance and diagnostic evidence,c4f1baa42adc559e092a6b9b1831982867dc1ad4f34457bf6ad39e132e3437b7,1136016,retained archive,generated,historical
archive/other_exploratory_models/early_project_work/project3/logs/baseline_normal_inhibition.log,archived scientific history,Execution provenance and diagnostic evidence,ea78fb62311c4ec71bf76459bf68534fc41f13c3e46bba6726970b12a3db06b9,1134583,retained archive,generated,historical
archive/other_exploratory_models/early_project_work/project3/logs/only_DYN_inhibition_reduced.log,archived scientific history,Execution provenance and diagnostic evidence,05f11f32cfea2a03c8c189c02690bf6664d8298b6544c1fbf849897012a3e9c1,1134583,retained archive,generated,historical
archive/other_exploratory_models/early_project_work/project3/logs/only_ISLET_inhibition_reduced.log,archived scientific history,Execution provenance and diagnostic evidence,1391b0471bbbdab6ae04f604ad006693c065e88580cb0e43f6b853714b737cb6,1134583,retained archive,generated,historical
archive/other_exploratory_models/early_project_work/project3/logs/only_PV_inhibition_reduced.log,archived scientific history,Execution provenance and diagnostic evidence,775f2e92d786c8317a51578aec8a3ea7a243f255db54412af4a7c58332ba824b,1134957,retained archive,generated,historical
archive/other_exploratory_models/early_project_work/project3/logs/project3_terminal_output.txt,archived scientific history,"Scientific interpretation, provenance, or run documentation",64bf145148310d81f48f6d3d50facdb80c130e66f26b4f58f1e7c8984338741f,1046,retained archive,source,historical
archive/other_exploratory_models/early_project_work/project3/logs/test_original_model_run.log,archived scientific history,Execution provenance and diagnostic evidence,0d091e5edfd224db63719a6d266de28579a54ae2a4f84fda7aa2d69b8aee6edc,1093281,retained archive,generated,historical
archive/other_exploratory_models/early_project_work/project3/results/raw/all_inhibition_reduced.json,archived scientific history,Project metadata or historical artifact,4123b1f824fbab4e5141994179949e26898c122cc5edadf509cdbc0e6ad507b2,10175667,retained archive,source,historical
archive/other_exploratory_models/early_project_work/project3/results/raw/baseline_normal_inhibition.json,archived scientific history,Project metadata or historical artifact,55ca4a5fa60ec5211088895b77ee9c9f0629deb2b04a9f4f5c03e95c578f8060,8253756,retained archive,source,historical
archive/other_exploratory_models/early_project_work/project3/results/raw/only_DYN_inhibition_reduced.json,archived scientific history,Project metadata or historical artifact,55ca4a5fa60ec5211088895b77ee9c9f0629deb2b04a9f4f5c03e95c578f8060,8253756,retained archive,source,historical
archive/other_exploratory_models/early_project_work/project3/results/raw/only_ISLET_inhibition_reduced.json,archived scientific history,Project metadata or historical artifact,bf5b6a20e57ea6d60d97a77cb8a29ebd7a43a942de1bf76fafe57b65d4a8a55a,8254532,retained archive,source,historical
archive/other_exploratory_models/early_project_work/project3/results/raw/only_PV_inhibition_reduced.json,archived scientific history,Project metadata or historical artifact,b4ed8937cd412364fec2ba9cd4b048b91bb56b0b1262760ac5d01419e9c4134d,9299348,retained archive,source,historical
archive/other_exploratory_models/early_project_work/project3/results/summary/all_inhibition_reduced_population_summary.csv,archived scientific history,Raw or summarized evidence for a model result,3659941287d3c93af8914849d5d84a97b46b4c1bdb6de7bb7964e49dbb3fcd47,204,retained archive,generated,historical
archive/other_exploratory_models/early_project_work/project3/results/summary/all_inhibition_reduced_projection_output.csv,archived scientific history,Raw or summarized evidence for a model result,3659941287d3c93af8914849d5d84a97b46b4c1bdb6de7bb7964e49dbb3fcd47,204,retained archive,generated,historical
archive/other_exploratory_models/early_project_work/project3/results/summary/all_inhibition_reduced_spikes.csv,archived scientific history,Raw or summarized evidence for a model result,f11641d4ae91b6d3d708c8c01375a187abdf8e450c0e22b301851868439600fc,1996790,retained archive,generated,historical
archive/other_exploratory_models/early_project_work/project3/results/summary/baseline_normal_inhibition_population_summary.csv,archived scientific history,Raw or summarized evidence for a model result,ede8d41d1019e4efc0be04f358d6dabd9884b3f3e143f34a72734727ac79d7e5,204,retained archive,generated,historical
archive/other_exploratory_models/early_project_work/project3/results/summary/baseline_normal_inhibition_projection_output.csv,archived scientific history,Raw or summarized evidence for a model result,ede8d41d1019e4efc0be04f358d6dabd9884b3f3e143f34a72734727ac79d7e5,204,retained archive,generated,historical
archive/other_exploratory_models/early_project_work/project3/results/summary/baseline_normal_inhibition_spikes.csv,archived scientific history,Raw or summarized evidence for a model result,490242903a9f29ba50a1e17ab91647490a69cbf6b57b24969b74a1995e5369e4,845321,retained archive,generated,historical
archive/other_exploratory_models/early_project_work/project3/results/summary/only_DYN_inhibition_reduced_population_summary.csv,archived scientific history,Raw or summarized evidence for a model result,2904288738bde686f2751df6dac66c99af6b11ca1050b43e6b95939523720f4d,215,retained archive,generated,historical
archive/other_exploratory_models/early_project_work/project3/results/summary/only_DYN_inhibition_reduced_projection_output.csv,archived scientific history,Raw or summarized evidence for a model result,2904288738bde686f2751df6dac66c99af6b11ca1050b43e6b95939523720f4d,215,retained archive,generated,historical
archive/other_exploratory_models/early_project_work/project3/results/summary/only_DYN_inhibition_reduced_spikes.csv,archived scientific history,Raw or summarized evidence for a model result,490242903a9f29ba50a1e17ab91647490a69cbf6b57b24969b74a1995e5369e4,845321,retained archive,generated,historical
archive/other_exploratory_models/early_project_work/project3/results/summary/only_ISLET_inhibition_reduced_population_summary.csv,archived scientific history,Raw or summarized evidence for a model result,3ada9ede9e6726c3e0d60c6e674c749c844a40cf0f559c4fdc8ca9c9ea74c39a,219,retained archive,generated,historical
archive/other_exploratory_models/early_project_work/project3/results/summary/only_ISLET_inhibition_reduced_projection_output.csv,archived scientific history,Raw or summarized evidence for a model result,3ada9ede9e6726c3e0d60c6e674c749c844a40cf0f559c4fdc8ca9c9ea74c39a,219,retained archive,generated,historical
archive/other_exploratory_models/early_project_work/project3/results/summary/only_ISLET_inhibition_reduced_spikes.csv,archived scientific history,Raw or summarized evidence for a model result,d8bbe895ecba3fded7933aa1ef2ec93a9055020a1496872772c2bae2b3271d6b,845787,retained archive,generated,historical
archive/other_exploratory_models/early_project_work/project3/results/summary/only_PV_inhibition_reduced_population_summary.csv,archived scientific history,Raw or summarized evidence for a model result,06d255c8a5d7fc13b9b6d23ef9b9ba41605b931973321b6d3726ba82cbd79e49,212,retained archive,generated,historical
archive/other_exploratory_models/early_project_work/project3/results/summary/only_PV_inhibition_reduced_projection_output.csv,archived scientific history,Raw or summarized evidence for a model result,06d255c8a5d7fc13b9b6d23ef9b9ba41605b931973321b6d3726ba82cbd79e49,212,retained archive,generated,historical
archive/other_exploratory_models/early_project_work/project3/results/summary/only_PV_inhibition_reduced_spikes.csv,archived scientific history,Raw or summarized evidence for a model result,5bc7cc714e5920cfca97e5dd0f18620ef0cc267ac3db93482db0a7a2c3d26450,1471666,retained archive,generated,historical
archive/other_exploratory_models/early_project_work/project3/results/summary/project3_debug_run_status.csv,archived scientific history,Raw or summarized evidence for a model result,e58baab4d7091f74b2d95f8ede0f2725509f451f91ff8d2a6586c602b31397da,1042,retained archive,generated,historical
archive/other_exploratory_models/early_project_work/project3/results/summary/project3_population_summary.csv,archived scientific history,Raw or summarized evidence for a model result,b48cd688935b0d443398915117e73f594038a26ef0b9f8a31d18f6569dab0895,634,retained archive,generated,historical
archive/other_exploratory_models/early_project_work/project3/results/summary/project3_projection_output_summary.csv,archived scientific history,Raw or summarized evidence for a model result,b48cd688935b0d443398915117e73f594038a26ef0b9f8a31d18f6569dab0895,634,retained archive,generated,historical
archive/other_exploratory_models/early_project_work/project3/results/summary/project3_relative_output_vs_baseline.csv,archived scientific history,Raw or summarized evidence for a model result,86b3b9a35905cd9e1c9aa9d49f5a12c1a3cc39ccca8f6832213d280ea48d93bd,839,retained archive,generated,historical
archive/other_exploratory_models/early_project_work/project3/scripts/project3_inhibitory_population_sweep.py,archived scientific history,"Simulation, analysis, extraction, or validation workflow",ed9760c7bdfed5103ef230e368fdfb54ba7d2a1255f5fda999c8de63911125f5,10571,retained archive,source,historical
archive/other_exploratory_models/early_project_work/project4/figures/project4_abeta_allodynia_barplot.png,archived scientific history,"Visualization of morphology, simulation, or validation output",ea81ba84d523742d6eea83a8de4e78cb93cbcae17a6e8abab19a5a99e3ee2c94,132734,retained archive,generated,historical
archive/other_exploratory_models/early_project_work/project4/figures/project4_abeta_gaba_matrix.png,archived scientific history,"Visualization of morphology, simulation, or validation output",4c020cfc53371a4c1aa3abaae02f50b8ba4733f7b7d764bf5ec8bc57dc534ee7,92115,retained archive,generated,historical
archive/other_exploratory_models/early_project_work/project4/figures/project4_mechanical_allodynia_mechanism_diagram.png,archived scientific history,"Visualization of morphology, simulation, or validation output",a90549aad89aafca5b14efd7461f845747b1080396f4cec1ff4150938712100f,184276,retained archive,generated,historical
archive/other_exploratory_models/early_project_work/project4/logs/project4_terminal_output.txt,archived scientific history,"Scientific interpretation, provenance, or run documentation",4ab736e2b76c888ca8708df71eb385cf473500585edaaab55b1190aafb65c052,1828,retained archive,source,historical
archive/other_exploratory_models/early_project_work/project4/notes/project4_explanation.md,archived scientific history,"Scientific interpretation, provenance, or run documentation",d83443558ac93bfe5fdacabef38559cf87cee4f8e8b45b786f34e18fa189d596,1985,retained archive,source,historical
archive/other_exploratory_models/early_project_work/project4/results/project4_abeta_allodynia_condition_summary.csv,archived scientific history,Raw or summarized evidence for a model result,6f023ed7b003a4ec54b6c538d4b71b75d21221ac29fe1ae2d15c538051ab8ad8,838,retained archive,generated,historical
archive/other_exploratory_models/early_project_work/project4/results/project4_biological_interpretation.csv,archived scientific history,Raw or summarized evidence for a model result,ec68da469f859d2b8a16e08fbdc9673ea85f28db7e11f0717b2546f9038f0a8a,516,retained archive,generated,historical
archive/other_exploratory_models/early_project_work/project4/results/project4_methodology.json,archived scientific history,Project metadata or historical artifact,a8a6f7706dfd1b80ce66fa05d7297d5ca1a487c404fb328417746ffd4666f0f6,2698,retained archive,source,historical
archive/other_exploratory_models/early_project_work/project4/scripts/project4_abeta_allodynia_sweep.py,archived scientific history,"Simulation, analysis, extraction, or validation workflow",774a9280c65b463307dc2c89d57d4b9004bc6ebd97d7f78a73a722ec86e2abab,15669,retained archive,source,historical
archive/other_exploratory_models/early_project_work/project5/data/project4_abeta_allodynia_barplot.png,archived scientific history,"Visualization of morphology, simulation, or validation output",ea81ba84d523742d6eea83a8de4e78cb93cbcae17a6e8abab19a5a99e3ee2c94,132734,retained archive,generated,historical
archive/other_exploratory_models/early_project_work/project5/data/project4_abeta_allodynia_condition_summary.csv,archived scientific history,Raw or summarized evidence for a model result,6f023ed7b003a4ec54b6c538d4b71b75d21221ac29fe1ae2d15c538051ab8ad8,838,retained archive,generated,historical
archive/other_exploratory_models/early_project_work/project5/data/project4_abeta_gaba_matrix.png,archived scientific history,"Visualization of morphology, simulation, or validation output",4c020cfc53371a4c1aa3abaae02f50b8ba4733f7b7d764bf5ec8bc57dc534ee7,92115,retained archive,generated,historical
archive/other_exploratory_models/early_project_work/project5/data/project4_biological_interpretation.csv,archived scientific history,Raw or summarized evidence for a model result,ec68da469f859d2b8a16e08fbdc9673ea85f28db7e11f0717b2546f9038f0a8a,516,retained archive,generated,historical
archive/other_exploratory_models/early_project_work/project5/data/project4_mechanical_allodynia_mechanism_diagram.png,archived scientific history,"Visualization of morphology, simulation, or validation output",a90549aad89aafca5b14efd7461f845747b1080396f4cec1ff4150938712100f,184276,retained archive,generated,historical
archive/other_exploratory_models/early_project_work/project5/figures/project5_ampa_vs_nmda_currents.png,archived scientific history,"Visualization of morphology, simulation, or validation output",373ebf4edf763b71d74bf4f2584a74e82ea290cdd231d4e782515820e863b874,181459,retained archive,generated,historical
archive/other_exploratory_models/early_project_work/project5/figures/project5_late_spikes_barplot.png,archived scientific history,"Visualization of morphology, simulation, or validation output",147036c8d2d507dd3281011ba10a7f0466f73da8fed8a3fed5764ef7a15b9c55,172192,retained archive,generated,historical
archive/other_exploratory_models/early_project_work/project5/figures/project5_persistent_firing_index.png,archived scientific history,"Visualization of morphology, simulation, or validation output",2aaeb91c9667e389c34c0455ec81ec874fb5ae23221fd797d89a2a22c20f2d9c,168086,retained archive,generated,historical
archive/other_exploratory_models/early_project_work/project5/figures/project5_projection_rate_traces.png,archived scientific history,"Visualization of morphology, simulation, or validation output",68dc482cf1097c495922c7d26bcdfdacb66bcc88b42a2f8d42424939b202f47f,242364,retained archive,generated,historical
archive/other_exploratory_models/early_project_work/project5/figures/project5_total_spike_count_barplot.png,archived scientific history,"Visualization of morphology, simulation, or validation output",ba697e28f0b86c7639c594fd8a2a8ea79654e837c0a66e54f0cdfbabddf2ec7f,178890,retained archive,generated,historical
archive/other_exploratory_models/early_project_work/project5/logs/project5_terminal_output.txt,archived scientific history,"Scientific interpretation, provenance, or run documentation",d04b22476dd064d8f1fd2bb7e09b59ce330ecbc2dbb7744e1823b3c3a11460ff,1745,retained archive,source,historical
archive/other_exploratory_models/early_project_work/project5/notes/project5_easy_explanation.md,archived scientific history,"Scientific interpretation, provenance, or run documentation",c23b0545481b1f9c169d7868658eef0ce49ba8e4e15128ee83184cbc84ed1fd7,1416,retained archive,source,historical
archive/other_exploratory_models/early_project_work/project5/notes/project5_interpretation.md,archived scientific history,"Scientific interpretation, provenance, or run documentation",d035a3512ddef774cc1b95146582a25de07111f586fa649ce569aab5b4970b12,1951,retained archive,source,historical
archive/other_exploratory_models/early_project_work/project5/README.md,archived scientific history,"Scientific interpretation, provenance, or run documentation",e9b0a80e3917a7eae1f5031587f4e0d446eb282918b30b9dc1d7ea5b4d3a7a6f,2136,retained archive,source,historical
archive/other_exploratory_models/early_project_work/project5/results/project5_ampa_nmda_gaba_summary.csv,archived scientific history,Raw or summarized evidence for a model result,256199313802218d1a44539301c92a06e75317e237581e4fc464c80c56e842c1,723,retained archive,generated,historical
archive/other_exploratory_models/early_project_work/project5/results/project5_projection_timeseries.csv,archived scientific history,Raw or summarized evidence for a model result,4f922eb8fd15dd7aed2bf5710294fedbafdfa991440ee16efc3932778be2b1ee,282788,retained archive,generated,historical
archive/other_exploratory_models/early_project_work/project5/scripts/project5_ampa_nmda_gaba_loss.py,archived scientific history,"Simulation, analysis, extraction, or validation workflow",3d3cf6f46bfeadad5d65ad471e43a785ece6658a786e7fddd951529e48b0dba3,13074,retained archive,source,historical
archive/other_exploratory_models/early_project_work/python/01_ball_stick_ap_demo.py,archived scientific history,"Simulation, analysis, extraction, or validation workflow",59bbea1f7c6364fc9f912c1013bda3c14759c9364b9b9bc09c2bd91a885267ad,2376,retained archive,source,historical
archive/other_exploratory_models/early_project_work/python/01_ball_stick_CLEAR_AP_corrected.py,archived scientific history,"Simulation, analysis, extraction, or validation workflow",38af26f7db421ee73f80c4db58096d2bc8fbd02c5533a0cc1cc18ab3d0e94eac,4746,retained archive,source,historical
archive/other_exploratory_models/early_project_work/python/02_DRG_normal_vs_neuropathic.py,archived scientific history,"Simulation, analysis, extraction, or validation workflow",7febefcaa3d398643ea92e2250b1ca5e6a96eb58f11dbc30ad3b48e31e62b4d5,2927,retained archive,source,historical
archive/other_exploratory_models/early_project_work/python/03_SDH_normal_vs_neuropathic_output.py,archived scientific history,"Simulation, analysis, extraction, or validation workflow",d27ce5413bdffdbe8ecf3fbc141ab875a707fabc4b76ba60e84cb476002ec794,3855,retained archive,source,historical
archive/other_exploratory_models/early_project_work/python/04_make_1hr_summary.py,archived scientific history,"Simulation, analysis, extraction, or validation workflow",7eb12c5bef7cac9420f90e75a14cd4941e03c24130a5bc7b47b087875624108a,3074,retained archive,source,historical
archive/other_exploratory_models/early_project_work/python/07_DRG_AP_parameters_fallback.py,archived scientific history,"Simulation, analysis, extraction, or validation workflow",53d2716cee4acbdb55361cd6bd98d5bdf8d1a9f3b28bd2e2ab03c034dc8ade0f,1963,retained archive,source,historical
archive/other_exploratory_models/early_project_work/python/08_make_neuromorpho_week1_table.py,archived scientific history,"Simulation, analysis, extraction, or validation workflow",ee1e167293dce45a8c49ce08429ca7a9e7270926609f7a9180f644284c58d6d7,2482,retained archive,source,historical
archive/other_exploratory_models/early_project_work/python/09_extract_modeldb267056_metrics.py,archived scientific history,"Simulation, analysis, extraction, or validation workflow",a054a1582f8bc5ff574a5c59af82dad26459a8189fee57d4ac06a0066c2ca6ff,7932,retained archive,source,historical
archive/other_exploratory_models/early_project_work/python/10_make_2018004_mod_inventory.py,archived scientific history,"Simulation, analysis, extraction, or validation workflow",cfbdafb3a4f47147e403622860401fabada88f1ad904d285942c72d3c85a6895,2458,retained archive,source,historical
archive/other_exploratory_models/early_project_work/python/11_extract_AP_parameters_from_trace.py,archived scientific history,"Simulation, analysis, extraction, or validation workflow",3c7539116d798ccd5c2d4414a57873ac6ca3f5b01527f2cbacff7cc4162d1e57,2698,retained archive,source,historical
archive/other_exploratory_models/early_project_work/python/12_GABA_disinhibition_sweep.py,archived scientific history,"Simulation, analysis, extraction, or validation workflow",822e96c4047d271360e0839d205d28f5f37f30e66c52b120daf5a2e165b566f3,1095,retained archive,source,historical
archive/other_exploratory_models/early_project_work/python/12_inspect_modeldb2018004.py,archived scientific history,"Simulation, analysis, extraction, or validation workflow",6b67b74a0225bdaffeba040f402aa4fb68c95fa0fcd4251446beec516a3505d0,758,retained archive,source,historical
archive/other_exploratory_models/early_project_work/python/13_signature_modeldb2018004.py,archived scientific history,"Simulation, analysis, extraction, or validation workflow",07da4fea503c06d24f78b7bf3d5a211bd0162a96e9e03b2f4d0df11137b8b438,875,retained archive,source,historical
archive/other_exploratory_models/early_project_work/python/14_run_modeldb2018004_AP_simulation.py,archived scientific history,"Simulation, analysis, extraction, or validation workflow",7e08de327929b11352a34bc97682bd8db1825c41b2f3035af3911a4a21e1cd86,3092,retained archive,source,historical
archive/other_exploratory_models/early_project_work/README.md,archived scientific history,"Scientific interpretation, provenance, or run documentation",c2dcec6b352d3cd3c9f4cd182a2597f1f037023c41e66d3b5370248e9d55ed14,861,retained archive,source,historical
archive/other_exploratory_models/early_project_work/results/01_ball_stick_CLEAR_AP_metrics.csv,archived scientific history,Raw or summarized evidence for a model result,5ddf29c21d7859145afb93767db2943be99bc6364dba2ac4e15768c845751432,333,retained archive,generated,historical
archive/other_exploratory_models/early_project_work/results/01_ball_stick_CLEAR_AP_trace.csv,archived scientific history,Raw or summarized evidence for a model result,c2f8454b81d5f44a80e354e491144a054aaa0e8dd52c37985d09898c5ef31047,121875,retained archive,generated,historical
archive/other_exploratory_models/early_project_work/results/02_DRG_normal_vs_neuropathic_metrics.csv,archived scientific history,Raw or summarized evidence for a model result,b200fd0de4e6b6fa771a4689e3c88a209a25301527051ed7c30773f29f59eaaf,144,retained archive,generated,historical
archive/other_exploratory_models/early_project_work/results/02_DRG_normal_vs_neuropathic_trace.csv,archived scientific history,Raw or summarized evidence for a model result,5e5771355400ec3bbd2d5023a240b753ede4f24e8e2824c82eea19edf9d7b5f2,688687,retained archive,generated,historical
archive/other_exploratory_models/early_project_work/results/03_SDH_normal_vs_neuropathic_metrics.csv,archived scientific history,Raw or summarized evidence for a model result,84bb43b641d4a388a8c63b1112b1741ba4d34b33885c57092581adbb6478ed13,321,retained archive,generated,historical
archive/other_exploratory_models/early_project_work/results/03_SDH_normal_vs_neuropathic_trace.csv,archived scientific history,Raw or summarized evidence for a model result,3a9e7e1538d8bc80e3655f5861349809adb64aa568c5575ae7ca7e5a9f287e83,1380065,retained archive,generated,historical
archive/other_exploratory_models/early_project_work/results/ball_stick_ap_metrics.txt,archived scientific history,"Scientific interpretation, provenance, or run documentation",39b9a453b8321a7b994a8efb5bccb0ad27965922c4904d33ae7caac305125a19,133,retained archive,source,historical
archive/other_exploratory_models/early_project_work/results/ball_stick_ap_trace.csv,archived scientific history,Raw or summarized evidence for a model result,a2baa4f5a6242ae767b1ee5d8fcdc848ecc22328fd2d116085f43d149f88c705,249672,retained archive,generated,historical
archive/other_exploratory_models/early_project_work/results/modeldb2018004_AP_parameters_PENDING_fallback.csv,archived scientific history,Raw or summarized evidence for a model result,a432fefde3a4573c33f47de2eeca564e312fb3d3e567666039c9f7272977e87b,199,retained archive,generated,historical
archive/other_exploratory_models/early_project_work/results/neuromorpho_week1_table.csv,archived scientific history,Raw or summarized evidence for a model result,969d14524c60e1944f217accbefbf41e88bbddaf17c533880b4847b8df77c355,1909,retained archive,generated,historical
archive/other_exploratory_models/early_project_work/scripts/download_swc_from_csv.py,archived scientific history,"Simulation, analysis, extraction, or validation workflow",8ab453d5074cbc20dd0b02242697b6862e5eb3e7b36a902ace1eab9ebe0e2a03,1555,retained archive,source,historical
archive/other_exploratory_models/early_project_work/scripts/filter_rank_neurons.py,archived scientific history,"Simulation, analysis, extraction, or validation workflow",923b9a6790fdc63b11a18a22a48f2c10205b2dec1ed5c08bb7d3a787f9039c1d,4441,retained archive,source,historical
archive/other_exploratory_models/early_project_work/scripts/filter_rank_neurons_old.py,archived scientific history,"Simulation, analysis, extraction, or validation workflow",5ace0e247c4551d4c047605d83f2892c37790d1d8245256ed85a367db016c88d,3920,retained archive,source,historical
archive/other_exploratory_models/early_project_work/scripts/inspect_csv.py,archived scientific history,"Simulation, analysis, extraction, or validation workflow",7202d8cf94c7a259968ecd070ef287baeb004fac4995d3b0d02c3eafd0585f92,1173,retained archive,source,historical
archive/other_exploratory_models/early_project_work/scripts/neuromorpho_downloader.py,archived scientific history,"Simulation, analysis, extraction, or validation workflow",521e7985889ede1a490e3f92e89984dd086314ef3204b9b07a4757ace24b3f64,15920,retained archive,source,historical
archive/other_exploratory_models/early_project_work/selected/dorsal_horn_ranked.csv,archived scientific history,Raw or summarized evidence for a model result,f9e444a597fe5014cdc164d9dcaeb8dbf08c3f45bb6ef85a4242874b84260e8d,7990044,retained archive,generated,historical
archive/other_exploratory_models/early_project_work/selected/dorsal_horn_STRICT_spinal_only.csv,archived scientific history,Raw or summarized evidence for a model result,11f8ddfca5e89eefcf7d732237fe1f82bd690941dced7cc52d2724dbf9466279,612,retained archive,generated,historical
archive/other_exploratory_models/early_project_work/selected/drg_selected.csv,archived scientific history,Raw or summarized evidence for a model result,bc0c42009900d648721e16f445249d82b3c541e448d0942868709cd089bf9349,710249,retained archive,generated,historical
archive/other_exploratory_models/early_project_work/selected/sdh_selected.csv,archived scientific history,Raw or summarized evidence for a model result,7c55e6af3661cbff0dd41b2092ed320b7e8d7b72b7308a0e38f7c40ac876cf06,658,retained archive,generated,historical
archive/other_exploratory_models/GRP_14-1-15-A-A2sep_and_candidates/01_interneuron_search_report.md,archived scientific history,"Scientific interpretation, provenance, or run documentation",fd427940368bd725203813cad5c9b2f79375030a82e97dee791a5bc7cbd5610e,11759,retained archive,source,historical
archive/other_exploratory_models/GRP_14-1-15-A-A2sep_and_candidates/morphologies/01_14-1-15-A-A2sep.CNG.swc,archived scientific history,Cell reconstruction or morphology loader,6b55aabffd4c9b76ec1c9bd1ac823e51ded9671580f81574dd8384bed3e745b5,1222837,retained archive,source,historical
archive/other_exploratory_models/GRP_14-1-15-A-A2sep_and_candidates/morphologies/02_26-11-14-A-A4b.CNG.swc,archived scientific history,Cell reconstruction or morphology loader,6cac92657c0e9dfc2c4477a85b5b018feb8199ff6387bbfe9ead6741628b8c83,1139033,retained archive,source,historical
archive/other_exploratory_models/GRP_14-1-15-A-A2sep_and_candidates/morphologies/03_19-3-15-A.CNG.swc,archived scientific history,Cell reconstruction or morphology loader,b21cd05c32bca36f54b375c981157da79e5870163b3dc4b5003c0d6372674286,653375,retained archive,source,historical
archive/other_exploratory_models/GRP_14-1-15-A-A2sep_and_candidates/README.md,archived scientific history,"Scientific interpretation, provenance, or run documentation",f0bee5f42c6756efc880790f24311f9b4645273357c89a8fa18ad96107741f4f,365,retained archive,source,historical
archive/other_exploratory_models/GRP_14-1-15-A-A2sep_and_candidates/selected_interneuron_metadata.json,archived scientific history,Project metadata or historical artifact,493a33641afde36273ddc9d520d5d2646b39c9e44a5dc0f493c2be224e7fc672,2877,retained archive,source,historical
archive/other_exploratory_models/GRP_14-1-15-A-A2sep_and_candidates/top10_excitatory_interneuron_candidates.csv,archived scientific history,Raw or summarized evidence for a model result,5a2f46d54107b65a9a9368108b41b147e3bbde6cb096f4bb74273ebfd573e6c5,8342,retained archive,generated,historical
archive/README.md,archived scientific history,"Scientific interpretation, provenance, or run documentation",c6c97737c7c4e958793e8cf63fbbd906266551f3d3bd0480182e5d201215a426,685,retained archive,source,historical
cells/L292_E1_excitatory_interneuron/docs/evidence_matrix.md,L292-E1-LCN,"Scientific interpretation, provenance, or run documentation",50c54dadeeea96488c5b4ca1a5d6432f028620931fe47b5cbf08d6ef761441a7,6501,retained,source,current/supporting
cells/L292_E1_excitatory_interneuron/docs/MANIFEST.txt,L292-E1-LCN,"Scientific interpretation, provenance, or run documentation",6e4f239e60dfe9461f560caf50a23721c2709fd54910d72c2524a7317435ac0d,2059,retained,source,current/supporting
cells/L292_E1_excitatory_interneuron/docs/mechanism_audit.md,L292-E1-LCN,"Scientific interpretation, provenance, or run documentation",7d622c82df09ac919f394e63c3125debb5c3a2eb7b4a2b950ac942cb7250fbf6,4353,retained,source,current/supporting
cells/L292_E1_excitatory_interneuron/docs/medlock_excitatory_reference.md,L292-E1-LCN,"Scientific interpretation, provenance, or run documentation",e029df4f6843fcbd48cabcdb1bb6baf178b131260b79bffc04eea557b862fd92,5205,retained,source,current/supporting
cells/L292_E1_excitatory_interneuron/docs/stage_01_summary.md,L292-E1-LCN,"Scientific interpretation, provenance, or run documentation",9b65d7871c27e6236a483437ab39fa817cac7dd8d1259ea90a83a94a3605a2d3,1876,retained,source,current/supporting
cells/L292_E1_excitatory_interneuron/docs/temperature_audit.md,L292-E1-LCN,"Scientific interpretation, provenance, or run documentation",b679a6d0237dc59f3544e89c7a0c0b98cc4d3f296bd81ac12a89af3518513830,8257,retained,source,current/supporting
cells/L292_E1_excitatory_interneuron/figures/L292-E1-LCN_morphology.svg,L292-E1-LCN,"Visualization of morphology, simulation, or validation output",deba1671d41d103675f8e22513ac5f586ba52513312268305bdddbb791e1280e,7058929,retained,generated,current/supporting
cells/L292_E1_excitatory_interneuron/morphology/primary/L292-E1-LCN.CNG.swc,L292-E1-LCN,Cell reconstruction or morphology loader,65b44b3f94a93a77696ea31626073dd637250c48b0bae7d77bcaf9dfe654ea67,720790,retained,source,current/supporting
cells/L292_E1_excitatory_interneuron/morphology/primary/L292-E1-LCN.CNG.swc.std,L292-E1-LCN,Cell reconstruction or morphology loader,59d8d010c9c46fa5ddbb6ed0a6ff6aaa913115b61146b60f2385504bb73e2ff9,22315,retained,source,current/supporting
cells/L292_E1_excitatory_interneuron/morphology/primary/L292-E1-LCN.metadata.json,L292-E1-LCN,Project metadata or historical artifact,0ceb3b4e857838e4c964b59d24b67f26931c012ef553459cca06d25f5082080e,1571,retained,source,current/supporting
cells/L292_E1_excitatory_interneuron/morphology/primary/L292-E1-LCN.std,L292-E1-LCN,Cell reconstruction or morphology loader,314e51c3167862d1b6e78f8df281a24686c6f281390a4d2c26efed584371f4d1,21887,retained,source,current/supporting
cells/L292_E1_excitatory_interneuron/morphology/primary/ORIGINAL_DOWNLOAD_STATUS.md,L292-E1-LCN,"Scientific interpretation, provenance, or run documentation",f24ee3e73e1d3403449b54b90bce1765061d17bd55ced820ca3ed164bd06b80e,730,retained,source,current/supporting
cells/L292_E1_excitatory_interneuron/parameters/common/delayed_35C_borgka_plus10pct_diagnostic.json,L292-E1-LCN,Configuration-driven model parameters,a9a4fa9a18520decd8a01dd1791f3ca425427e9e26c961a1699f1b1848464614,455,retained,source,current/supporting
cells/L292_E1_excitatory_interneuron/parameters/common/delayed_35C_HH2K_plus10pct_diagnostic.json,L292-E1-LCN,Configuration-driven model parameters,42c54f4e3e4d51b76d212fd42f8f1575775a8e8ea60bfdfae1803f4d2196aded,437,retained,source,current/supporting
cells/L292_E1_excitatory_interneuron/parameters/common/delayed_35C_KDRI_plus10pct_diagnostic.json,L292-E1-LCN,Configuration-driven model parameters,cc858767922040b5e60dc3f60ff4f8f9ab79e561d5da4d4142073e978c746b01,448,retained,source,current/supporting
cells/L292_E1_excitatory_interneuron/parameters/common/delayed_35C_sodium_minus10pct_diagnostic.json,L292-E1-LCN,Configuration-driven model parameters,5977753105e7c328708c8c70f281765ab34303444feed22a3497974f48b647c3,442,retained,source,current/supporting
cells/L292_E1_excitatory_interneuron/parameters/common/delayed_35C_sodium_plus10pct_diagnostic.json,L292-E1-LCN,Configuration-driven model parameters,29e7b20f2e8dc5c1a954ef96dec675a4bcd1edc6146b6dd21bf26d909c53f102,441,retained,source,current/supporting
cells/L292_E1_excitatory_interneuron/parameters/common/delayed_35C_sodium_plus20pct_diagnostic.json,L292-E1-LCN,Configuration-driven model parameters,fa6392a3ee2e6cb02d55d3139a112e843353efff01dfabf629877abc7ebefc05,439,retained,source,current/supporting
cells/L292_E1_excitatory_interneuron/parameters/common/delayed_excitatory_23C.json,L292-E1-LCN,Configuration-driven model parameters,62e6728d3661d6e7069219581a52a0f1d01c5b96ac44e708636bac8f938fefae,3999,retained,source,current/supporting
cells/L292_E1_excitatory_interneuron/parameters/common/delayed_excitatory_area_preserved_23C.json,L292-E1-LCN,Configuration-driven model parameters,99ad9e25c5b531e8a8db54a7e94bd9fcfef53a541750d6f523cf14dfdc4c4d6e,1578,retained,source,current/supporting
cells/L292_E1_excitatory_interneuron/parameters/common/delayed_excitatory_final_23C.json,L292-E1-LCN,Configuration-driven model parameters,ef5ec797635e874ad4295eee70851c5eab3511fe8101312c21b04b8cb8bf0831,1148,selected/current,source,current
cells/L292_E1_excitatory_interneuron/parameters/common/delayed_excitatory_final_35C.json,L292-E1-LCN,Configuration-driven model parameters,382f63b034431c99b66676417cbfb7ddb42a88a307d052e7d3c0ec47be935f45,1377,retained failed gate,source,current failed gate
cells/L292_E1_excitatory_interneuron/parameters/common/delayed_no_borgka_diagnostic.json,L292-E1-LCN,Configuration-driven model parameters,2f8bfafe5ead49a6e8c17200f45497c9db79cecdb053460e8289407dd96a370c,447,retained,source,current/supporting
cells/L292_E1_excitatory_interneuron/parameters/common/delayed_no_HH2_K_diagnostic.json,L292-E1-LCN,Configuration-driven model parameters,6f22dd70d1ef748e13ddb1ebb0e28a65c872e4a61e7af9e3c986eb429786f1cd,434,retained,source,current/supporting
cells/L292_E1_excitatory_interneuron/parameters/common/delayed_no_KDRI_diagnostic.json,L292-E1-LCN,Configuration-driven model parameters,f3dc23a387cb0d9551bd35c90faff4baed149c3fc7a598c6b37dab3227b1f125,436,retained,source,current/supporting
cells/L292_E1_excitatory_interneuron/parameters/common/delayed_sodium_minus10pct_diagnostic.json,L292-E1-LCN,Configuration-driven model parameters,1256a09b7a74619d803ddb0cc38c7790ada30e7d30c313b738bc3ecd84708eb9,547,retained,source,current/supporting
cells/L292_E1_excitatory_interneuron/parameters/common/medlock_modeldb_267056_reference.json,L292-E1-LCN,Configuration-driven model parameters,735a9d470b5c7d72e41d0d70ad1992a30ddbe1c683688cad30eb9092803a41ee,78237,retained,source,current/supporting
cells/L292_E1_excitatory_interneuron/parameters/common/passive_23C.json,L292-E1-LCN,Configuration-driven model parameters,6d532b9b565c32aa3d571a9875fad3c16d75929b348ec3015838f9b8281925a1,4246,retained,source,current/supporting
cells/L292_E1_excitatory_interneuron/parameters/eTrC/eTrC_23C.json,L292-E1-LCN,Configuration-driven model parameters,893710a464c983783b23123024ca3244fd6379512fbbcabea08d296ed373587f,3806,retained,source,current/supporting
cells/L292_E1_excitatory_interneuron/parameters/eTrC/eTrC_area_preserved_23C.json,L292-E1-LCN,Configuration-driven model parameters,223f25c995065e0134a791c25b07e27e315ea1e0b3b5ce13079ab88d9630430c,4367,retained,source,current/supporting
cells/L292_E1_excitatory_interneuron/parameters/eTrC/eTrC_final_23C.json,L292-E1-LCN,Configuration-driven model parameters,ba5e1b594a757311b04d3282a4312a46d26d5c8e5f3457f6a6660981eb925a39,1249,selected/current,source,current
cells/L292_E1_excitatory_interneuron/parameters/eTrC/eTrC_final_35C.json,L292-E1-LCN,Configuration-driven model parameters,cb46e6462c3d5df332b77085fc2996fb043c8896b143f7678a895750c430c2f3,1071,selected/current,source,current
cells/L292_E1_excitatory_interneuron/parameters/README.md,L292-E1-LCN,"Scientific interpretation, provenance, or run documentation",b110c20730525c6395c9a5f087e229b59a589e7dbe24c922770479632ccf1aa0,984,retained,source,current/supporting
cells/L292_E1_excitatory_interneuron/README.md,L292-E1-LCN,"Scientific interpretation, provenance, or run documentation",aa697a4f1fb54b91d9743548cac1c9bd74a6809551cd04578499ea8e7a6c7ff9,2569,retained,source,current/supporting
cells/L292_E1_excitatory_interneuron/reports/delayed_excitatory_validation_23C.md,L292-E1-LCN,"Scientific interpretation, provenance, or run documentation",c7e033ff743e7d9bbb6a02d3122e6bdee076793e7d5f2ff0b17f5e70971fddb0,6102,retained,source,current/supporting
cells/L292_E1_excitatory_interneuron/reports/eTrC_validation_23C.md,L292-E1-LCN,"Scientific interpretation, provenance, or run documentation",7a804976869d4c035df244347b84d33e3d3b4dfd8e87a8c60df77f92f3181617,6452,retained,source,current/supporting
cells/L292_E1_excitatory_interneuron/reports/excitatory_interneurons_final_report.md,L292-E1-LCN,"Scientific interpretation, provenance, or run documentation",91d3cb74983226ade605264f8951b6d4270c247ad95dd34caef7887f317f04db,10915,retained,source,current/supporting
cells/L292_E1_excitatory_interneuron/reports/L292-E1-LCN_morphology_QA.md,L292-E1-LCN,"Scientific interpretation, provenance, or run documentation",c4b3de6c59c2c7abe8112dd091aaf3271e2a1a1e6657b756a08287c5e486c9ea,1813,retained,source,current/supporting
cells/L292_E1_excitatory_interneuron/reports/L292_E1_LCN_report_figures/01_complete_morphology_xy.png,L292-E1-LCN,"Visualization of morphology, simulation, or validation output",c9d56f973db727ae4fc864b4a91246e13d850a12142ce1673ace9983e6c5f991,196224,retained,generated,current/supporting
cells/L292_E1_excitatory_interneuron/reports/L292_E1_LCN_report_figures/02_soma_dendrites_xy.png,L292-E1-LCN,"Visualization of morphology, simulation, or validation output",a0ea48c8e1d7b74cf0b0314b505578e406270f6987ae0be1a3faab4778e4b3ec,275858,retained,generated,current/supporting
cells/L292_E1_excitatory_interneuron/reports/L292_E1_LCN_report_figures/03_complete_axon_xy.png,L292-E1-LCN,"Visualization of morphology, simulation, or validation output",4eeb88a6ad70958f3421a1a13d79cd3906968c0ccbc5843dce649ad7081745c6,177093,retained,generated,current/supporting
cells/L292_E1_excitatory_interneuron/reports/L292_E1_LCN_report_figures/04_axon_origin_region.png,L292-E1-LCN,"Visualization of morphology, simulation, or validation output",71a0d4bfc2936c01e3cc7e39dc811dd7e5dab2d192131782689401a98250f79d,481785,retained,generated,current/supporting
cells/L292_E1_excitatory_interneuron/reports/L292_E1_LCN_report_figures/05_complete_morphology_xz.png,L292-E1-LCN,"Visualization of morphology, simulation, or validation output",637a80f994499e45edf6d2e21ba1b7d74060fc4950b6b11be8362d9cdf1e3d03,148249,retained,generated,current/supporting
cells/L292_E1_excitatory_interneuron/reports/L292_E1_LCN_report_figures/06_passive_23C_response.png,L292-E1-LCN,"Visualization of morphology, simulation, or validation output",b3375678b288bb9ae40a15b56a35364a23f16e4b573310152ce438fcb8dcb07a,171640,retained,generated,current/supporting
cells/L292_E1_excitatory_interneuron/reports/L292_E1_LCN_report_figures/07_passive_convergence.png,L292-E1-LCN,"Visualization of morphology, simulation, or validation output",3057fd75b71608663e1392e510daec5caaf93148889f0ba2f7b76c5e424035aa,185513,retained,generated,current/supporting
cells/L292_E1_excitatory_interneuron/reports/L292_E1_LCN_report_figures/08_eTrC_23C_traces.png,L292-E1-LCN,"Visualization of morphology, simulation, or validation output",eabe67a9f7d94b52528d0dc86277add44a7f52e76d86c24f9ac79dbb20729af5,172933,retained,generated,current/supporting
cells/L292_E1_excitatory_interneuron/reports/L292_E1_LCN_report_figures/09_eTrC_23C_AP_zoom.png,L292-E1-LCN,"Visualization of morphology, simulation, or validation output",3b76e763631adf7e37cafb2fb2c6cf562da87ba986f080e61f570328114ed398,175062,retained,generated,current/supporting
cells/L292_E1_excitatory_interneuron/reports/L292_E1_LCN_report_figures/10_eTrC_23C_latency_current.png,L292-E1-LCN,"Visualization of morphology, simulation, or validation output",422d2e2c746a6dd9f94d268f01f9761ff97c658d0e985db10af0b5cce42a691d,118589,retained,generated,current/supporting
cells/L292_E1_excitatory_interneuron/reports/L292_E1_LCN_report_figures/11_delayed_23C_traces.png,L292-E1-LCN,"Visualization of morphology, simulation, or validation output",354b7d5f2efcf4b03f18b9b092099e4c8f484883838993bf126f26153314af40,303227,retained,generated,current/supporting
cells/L292_E1_excitatory_interneuron/reports/L292_E1_LCN_report_figures/12_delayed_23C_latency_current.png,L292-E1-LCN,"Visualization of morphology, simulation, or validation output",d87820a8ae62c61d927ba03085e0ee28525592f3491b971b797222c28c5146e3,139269,retained,generated,current/supporting
cells/L292_E1_excitatory_interneuron/reports/L292_E1_LCN_report_figures/13_eTrC_23C_vs_35C.png,L292-E1-LCN,"Visualization of morphology, simulation, or validation output",7b12d0c21201438d64988bc4e7baff05d878930997e51b090160005a8ed0e760,141623,retained,generated,current/supporting
cells/L292_E1_excitatory_interneuron/reports/L292_E1_LCN_report_figures/14_delayed_35C_block_traces.png,L292-E1-LCN,"Visualization of morphology, simulation, or validation output",3d512356bec52f7ccab78333882fdc86151572669810e141ed477df9d4d97ad0,342645,retained,generated,current/supporting
cells/L292_E1_excitatory_interneuron/reports/L292_E1_LCN_report_figures/15_depolarization_block_transition.png,L292-E1-LCN,"Visualization of morphology, simulation, or validation output",603675ff569d36459c1ea8fe3948f1b5e72dad5afc0e90f2767f7a3a8dedf57b,155006,retained,generated,current/supporting
cells/L292_E1_excitatory_interneuron/reports/L292_E1_LCN_report_figures/16_one_factor_diagnostics.png,L292-E1-LCN,"Visualization of morphology, simulation, or validation output",af04c42374621a03436430dd28237f289ecfb14f27f2dbe3ef9ada9754334ff6,224635,retained development evidence,generated,historical/diagnostic
cells/L292_E1_excitatory_interneuron/reports/L292_E1_LCN_report_figures/17_temperature_audit_summary.png,L292-E1-LCN,"Visualization of morphology, simulation, or validation output",e3a63c9ff2a5abd317ad7586aec38f6fb2bd67485e9b68684d5c4294945493c2,132425,retained,generated,current/supporting
cells/L292_E1_excitatory_interneuron/reports/L292_E1_LCN_report_figures/18_six_population_mapping.png,L292-E1-LCN,"Visualization of morphology, simulation, or validation output",bac490faf20aeac103953c19cdeeea823471a43e7d0ba749e72a697768b26fb5,206635,retained,generated,current/supporting
cells/L292_E1_excitatory_interneuron/reports/L292_E1_LCN_report_figures/19_readiness_gate_flow.png,L292-E1-LCN,"Visualization of morphology, simulation, or validation output",f60965138507b8ad9a7a9f075ac4c704996526d2dedd8aa760c088568fa8ee45,197206,retained,generated,current/supporting
cells/L292_E1_excitatory_interneuron/reports/L292_E1_LCN_report_figures/20_three_neuron_project_components.png,L292-E1-LCN,"Visualization of morphology, simulation, or validation output",8a61f1285cbd39b68f787288b3d48d3157e5eef4c31f06826ee8f9583378888e,144220,retained,generated,current/supporting
cells/L292_E1_excitatory_interneuron/reports/L292_E1_passive_23C.md,L292-E1-LCN,"Scientific interpretation, provenance, or run documentation",4d9fd7855b3c8c5f0e5b8c91e02dbb0596a377b00e0d9da9fcbb1e8f538b48c1,4531,retained,source,current/supporting
cells/L292_E1_excitatory_interneuron/reports/mechanism_compile_log.txt,L292-E1-LCN,"Scientific interpretation, provenance, or run documentation",ff09c3f1611007b2a4536757b4be2f571cca6126f1ece82de3d901016a00f81d,4891,retained,source,current/supporting
cells/L292_E1_excitatory_interneuron/reports/mechanism_compile_log_after_HH2_singularity_fix.txt,L292-E1-LCN,"Scientific interpretation, provenance, or run documentation",b7f31d634b58a5d47f5bb88274c261092c3c77e25907fd1ddbfa1841b40f52e7,958,retained,source,current/supporting
cells/L292_E1_excitatory_interneuron/reports/work_completed_report.md,L292-E1-LCN,"Scientific interpretation, provenance, or run documentation",e54f21c375e7816eb985d3b0299c73b1d85c3c006ad04d534e5495ca75e3c00a,14747,retained,source,current/supporting
cells/L292_E1_excitatory_interneuron/results/23C/delayed_excitatory/broad_initial_retry/metrics.csv,L292-E1-LCN,Raw or summarized evidence for a model result,78adcf53c28015c4bde4e347f60d4f613e166ab50acd97e2b7a628f51df643a6,2307,retained development evidence,generated,historical/diagnostic
cells/L292_E1_excitatory_interneuron/results/23C/delayed_excitatory/broad_initial_retry/section_inventory.json,L292-E1-LCN,Project metadata or historical artifact,931a2f1005a3d23f671da3d692f9c36dd24b4f4b2d6e94d17a8c2bb423b4b3bd,426445,retained development evidence,source,historical/diagnostic
cells/L292_E1_excitatory_interneuron/results/23C/delayed_excitatory/broad_initial_retry/summary.json,L292-E1-LCN,Project metadata or historical artifact,0b5448ebe220fe21a2f501c079be8444b5db06773d103bba27f9a68db14352d7,14755,retained development evidence,source,historical/diagnostic
cells/L292_E1_excitatory_interneuron/results/23C/delayed_excitatory/broad_initial_retry/trace_m0p020_nA.csv,L292-E1-LCN,Raw or summarized evidence for a model result,d8c16ec733bfa79a114b0d26aa18c05c654d44df72368a6ffa1b49178f459d69,1615716,retained development evidence,generated,historical/diagnostic
cells/L292_E1_excitatory_interneuron/results/23C/delayed_excitatory/broad_initial_retry/trace_p0p000_nA.csv,L292-E1-LCN,Raw or summarized evidence for a model result,78c026e21551eb50c38be3d3e3c8766b8b56e6b8ef2c61a5bfcbb61cc0b8b0ee,1615716,retained development evidence,generated,historical/diagnostic
cells/L292_E1_excitatory_interneuron/results/23C/delayed_excitatory/broad_initial_retry/trace_p0p050_nA.csv,L292-E1-LCN,Raw or summarized evidence for a model result,a238a3f8fbb39746985e250017501b22471d60cf23f08410963a6db0ce78e918,1615716,retained development evidence,generated,historical/diagnostic
cells/L292_E1_excitatory_interneuron/results/23C/delayed_excitatory/broad_initial_retry/trace_p0p100_nA.csv,L292-E1-LCN,Raw or summarized evidence for a model result,f7b4e5ddb76961fe397696003ba6ec6d6c2bc114c178e13a0679086f2061a9bd,1615716,retained development evidence,generated,historical/diagnostic
cells/L292_E1_excitatory_interneuron/results/23C/delayed_excitatory/broad_initial_retry/trace_p0p200_nA.csv,L292-E1-LCN,Raw or summarized evidence for a model result,b6866277c155ee5c6b0e22813bbe18627406923f836ea494cf89d2b2f77b9125,1615716,retained development evidence,generated,historical/diagnostic
cells/L292_E1_excitatory_interneuron/results/23C/delayed_excitatory/broad_initial_retry/trace_p0p400_nA.csv,L292-E1-LCN,Raw or summarized evidence for a model result,bdb4933a00394aede74ecb73c05a262706c8a4dadb1adedfdef436661585fbf3,1615149,retained development evidence,generated,historical/diagnostic
cells/L292_E1_excitatory_interneuron/results/23C/delayed_excitatory/broad_initial_retry/trace_p0p750_nA.csv,L292-E1-LCN,Raw or summarized evidence for a model result,3dce7842344a11361ce42383b0f36f3990ba867076d895db02c4fdade5747723,1611197,retained development evidence,generated,historical/diagnostic
cells/L292_E1_excitatory_interneuron/results/23C/delayed_excitatory/broad_initial_retry/trace_p1p000_nA.csv,L292-E1-LCN,Raw or summarized evidence for a model result,c24b30e747dbf43707554cb36a3f6048b541bba8990ffdf20ba0b7c6deaddd26,1608658,retained development evidence,generated,historical/diagnostic
cells/L292_E1_excitatory_interneuron/results/23C/delayed_excitatory/broad_initial_retry/validation.svg,L292-E1-LCN,"Visualization of morphology, simulation, or validation output",dc34d2a515478bcd54c7e1eaf4a7ac4362d809ef90122d65f1b338ef29473342,292968,retained development evidence,generated,historical/diagnostic
cells/L292_E1_excitatory_interneuron/results/23C/delayed_excitatory/final/metrics.csv,L292-E1-LCN,Raw or summarized evidence for a model result,103bb763f7dd2c7b0dea63a4eb8fe8df3ac9660c6d561870d777ad31494c9ac4,2191,retained,generated,current/supporting
cells/L292_E1_excitatory_interneuron/results/23C/delayed_excitatory/final/section_inventory.json,L292-E1-LCN,Project metadata or historical artifact,779e8a754f861a48d0cfd40c8ad7e421132049167856084f8a87ffb3a094e4b7,426445,retained,source,current/supporting
cells/L292_E1_excitatory_interneuron/results/23C/delayed_excitatory/final/summary.json,L292-E1-LCN,Project metadata or historical artifact,987fc1bc1b59d2383294b070aa4a673f678c458106d5003cab9f009603dfbcea,13519,retained,source,current/supporting
cells/L292_E1_excitatory_interneuron/results/23C/delayed_excitatory/final/SUPERSEDED_AFTER_HH2_FIX.md,L292-E1-LCN,"Scientific interpretation, provenance, or run documentation",9a82c3d7ed07b19a79b7096bb8bc1f79056800be2d52c84b570b7c7954423407,423,retained,source,current/supporting
cells/L292_E1_excitatory_interneuron/results/23C/delayed_excitatory/final/trace_m0p020_nA.csv,L292-E1-LCN,Raw or summarized evidence for a model result,4f43001161ede211b49935f82b1a4c4d419a4de64b2410fa132408fc070ad273,2163717,retained,generated,current/supporting
cells/L292_E1_excitatory_interneuron/results/23C/delayed_excitatory/final/trace_p0p000_nA.csv,L292-E1-LCN,Raw or summarized evidence for a model result,8a644e8ce344b95497caa58b2603d3ca32d106e04a5d76efb25d146faaa1a18d,2163717,retained,generated,current/supporting
cells/L292_E1_excitatory_interneuron/results/23C/delayed_excitatory/final/trace_p0p370_nA.csv,L292-E1-LCN,Raw or summarized evidence for a model result,1cf78ccebc7dfebaabf30fa800d1f2cc85774a9fa58c91614acd49a45f53d921,2163717,retained,generated,current/supporting
cells/L292_E1_excitatory_interneuron/results/23C/delayed_excitatory/final/trace_p0p380_nA.csv,L292-E1-LCN,Raw or summarized evidence for a model result,23a3691912de14d073153c8b3601a850a663a3eb2470373117e90d9e9c96c782,2163433,retained,generated,current/supporting
cells/L292_E1_excitatory_interneuron/results/23C/delayed_excitatory/final/trace_p0p390_nA.csv,L292-E1-LCN,Raw or summarized evidence for a model result,e0a2a144bf24354a6d419fcaee83f4f46f97579c78cc5d992eb85736918bc177,2163149,retained,generated,current/supporting
cells/L292_E1_excitatory_interneuron/results/23C/delayed_excitatory/final/trace_p0p750_nA.csv,L292-E1-LCN,Raw or summarized evidence for a model result,500c2c1e2fbc841bbe74c1507258f8fd640c96b2e701d63f2a0b5ee05f1522bc,2159198,retained,generated,current/supporting
cells/L292_E1_excitatory_interneuron/results/23C/delayed_excitatory/final/trace_p1p000_nA.csv,L292-E1-LCN,Raw or summarized evidence for a model result,6f98ffca486c0e335302eca3bc63d0496af42a9596fb01f7469e8380f7e4fdcc,2156659,retained,generated,current/supporting
cells/L292_E1_excitatory_interneuron/results/23C/delayed_excitatory/final/validation.svg,L292-E1-LCN,"Visualization of morphology, simulation, or validation output",6b0dfa703887a79c358d67a18b8c1dc60577f8823bb19aa043e51c35a51d3436,251991,retained,generated,current/supporting
cells/L292_E1_excitatory_interneuron/results/23C/delayed_excitatory/final_after_HH2_singularity_fix/metrics.csv,L292-E1-LCN,Raw or summarized evidence for a model result,e15fe0d0b74ed839aaeb8c66967447d2437249782366f6ad537e977e3acfca96,2191,retained,generated,current/supporting
cells/L292_E1_excitatory_interneuron/results/23C/delayed_excitatory/final_after_HH2_singularity_fix/section_inventory.json,L292-E1-LCN,Project metadata or historical artifact,60fc628bee4634bd30f5a6411b4a18f83c79e16e2648de74febb1db00092e21e,426445,retained,source,current/supporting
cells/L292_E1_excitatory_interneuron/results/23C/delayed_excitatory/final_after_HH2_singularity_fix/summary.json,L292-E1-LCN,Project metadata or historical artifact,7b558498de495bc3e22793530735a22e93609286f89c840c996d416d9aeddc46,13520,retained,source,current/supporting
cells/L292_E1_excitatory_interneuron/results/23C/delayed_excitatory/final_after_HH2_singularity_fix/trace_m0p020_nA.csv,L292-E1-LCN,Raw or summarized evidence for a model result,4f43001161ede211b49935f82b1a4c4d419a4de64b2410fa132408fc070ad273,2163717,retained,generated,current/supporting
cells/L292_E1_excitatory_interneuron/results/23C/delayed_excitatory/final_after_HH2_singularity_fix/trace_p0p000_nA.csv,L292-E1-LCN,Raw or summarized evidence for a model result,8a644e8ce344b95497caa58b2603d3ca32d106e04a5d76efb25d146faaa1a18d,2163717,retained,generated,current/supporting
cells/L292_E1_excitatory_interneuron/results/23C/delayed_excitatory/final_after_HH2_singularity_fix/trace_p0p370_nA.csv,L292-E1-LCN,Raw or summarized evidence for a model result,1cf78ccebc7dfebaabf30fa800d1f2cc85774a9fa58c91614acd49a45f53d921,2163717,retained,generated,current/supporting
cells/L292_E1_excitatory_interneuron/results/23C/delayed_excitatory/final_after_HH2_singularity_fix/trace_p0p380_nA.csv,L292-E1-LCN,Raw or summarized evidence for a model result,23a3691912de14d073153c8b3601a850a663a3eb2470373117e90d9e9c96c782,2163433,retained,generated,current/supporting
cells/L292_E1_excitatory_interneuron/results/23C/delayed_excitatory/final_after_HH2_singularity_fix/trace_p0p390_nA.csv,L292-E1-LCN,Raw or summarized evidence for a model result,e0a2a144bf24354a6d419fcaee83f4f46f97579c78cc5d992eb85736918bc177,2163149,retained,generated,current/supporting
cells/L292_E1_excitatory_interneuron/results/23C/delayed_excitatory/final_after_HH2_singularity_fix/trace_p0p750_nA.csv,L292-E1-LCN,Raw or summarized evidence for a model result,500c2c1e2fbc841bbe74c1507258f8fd640c96b2e701d63f2a0b5ee05f1522bc,2159198,retained,generated,current/supporting
cells/L292_E1_excitatory_interneuron/results/23C/delayed_excitatory/final_after_HH2_singularity_fix/trace_p1p000_nA.csv,L292-E1-LCN,Raw or summarized evidence for a model result,6f98ffca486c0e335302eca3bc63d0496af42a9596fb01f7469e8380f7e4fdcc,2156659,retained,generated,current/supporting
cells/L292_E1_excitatory_interneuron/results/23C/delayed_excitatory/final_after_HH2_singularity_fix/validation.svg,L292-E1-LCN,"Visualization of morphology, simulation, or validation output",6b0dfa703887a79c358d67a18b8c1dc60577f8823bb19aa043e51c35a51d3436,251991,retained,generated,current/supporting
cells/L292_E1_excitatory_interneuron/results/23C/delayed_excitatory/mechanism_contribution/baseline/metrics.csv,L292-E1-LCN,Raw or summarized evidence for a model result,2dda4b5ab6bdcb6146c9e6475feb1eaaed0583866d410cfff2f04340fb428727,1025,retained,generated,current/supporting
cells/L292_E1_excitatory_interneuron/results/23C/delayed_excitatory/mechanism_contribution/baseline/section_inventory.json,L292-E1-LCN,Project metadata or historical artifact,a8a786698c510d18ecdf079c7a119349d834ee5701ba0333db385ba5e96ebe7c,426245,retained,source,current/supporting
cells/L292_E1_excitatory_interneuron/results/23C/delayed_excitatory/mechanism_contribution/baseline/summary.json,L292-E1-LCN,Project metadata or historical artifact,56454a26edf4a8aeddcf0462357b8c3cf31a907ded930489dde635c083b51b50,5546,retained,source,current/supporting
cells/L292_E1_excitatory_interneuron/results/23C/delayed_excitatory/mechanism_contribution/baseline/trace_p0p400_nA.csv,L292-E1-LCN,Raw or summarized evidence for a model result,741e5df415afdb4384786a21dc7ecd2a89d2837344ce37e123422dda9c5a52c9,1081632,retained,generated,current/supporting
cells/L292_E1_excitatory_interneuron/results/23C/delayed_excitatory/mechanism_contribution/baseline/trace_p0p750_nA.csv,L292-E1-LCN,Raw or summarized evidence for a model result,3d70d376562ce9bf7d1e657e3d44bdc16c5767b5372bf9e57000aae6c1f8b200,1079595,retained,generated,current/supporting
cells/L292_E1_excitatory_interneuron/results/23C/delayed_excitatory/mechanism_contribution/baseline/validation.svg,L292-E1-LCN,"Visualization of morphology, simulation, or validation output",e3745f37a0813df7918c8fd1c60685b47558ca730d82576c9047a3a165142caa,76534,retained,generated,current/supporting
cells/L292_E1_excitatory_interneuron/results/23C/delayed_excitatory/mechanism_contribution/no_borgka/metrics.csv,L292-E1-LCN,Raw or summarized evidence for a model result,661fcf377255cf512bc07703370711d9d23ede445483149c0dc57c30e9ac21d0,1066,retained,generated,current/supporting
cells/L292_E1_excitatory_interneuron/results/23C/delayed_excitatory/mechanism_contribution/no_borgka/section_inventory.json,L292-E1-LCN,Project metadata or historical artifact,4acb1b61cd94274448a86296a2b742fed610dd3456d12f7deaf22649d122ed73,426245,retained,source,current/supporting
cells/L292_E1_excitatory_interneuron/results/23C/delayed_excitatory/mechanism_contribution/no_borgka/summary.json,L292-E1-LCN,Project metadata or historical artifact,3f3f0b3a066c794bb4ac8c9c2a001e3d4d9d0f0346466c4620b2d55434f43ee8,6225,retained,source,current/supporting
cells/L292_E1_excitatory_interneuron/results/23C/delayed_excitatory/mechanism_contribution/no_borgka/trace_p0p400_nA.csv,L292-E1-LCN,Raw or summarized evidence for a model result,180945ab7670d701fdc8d0117188da51537bdaa64f758a1fe5876e5fff256f6d,805707,retained,generated,current/supporting
cells/L292_E1_excitatory_interneuron/results/23C/delayed_excitatory/mechanism_contribution/no_borgka/trace_p0p750_nA.csv,L292-E1-LCN,Raw or summarized evidence for a model result,a51c0d22d725e230158401fba34d6170e6b3aaf5f37936c8e42ff8537fe6d05c,803228,retained,generated,current/supporting
cells/L292_E1_excitatory_interneuron/results/23C/delayed_excitatory/mechanism_contribution/no_borgka/validation.svg,L292-E1-LCN,"Visualization of morphology, simulation, or validation output",da862f27962fa328134b10817d0612cd738d3deae63b0751abceda4d9a6088bb,73853,retained,generated,current/supporting
cells/L292_E1_excitatory_interneuron/results/23C/delayed_excitatory/mechanism_contribution/no_HH2_K/metrics.csv,L292-E1-LCN,Raw or summarized evidence for a model result,44202fd48689b80c218a4f85001c3f0c806364c5dd1645dbe8a5d35af476a501,948,retained,generated,current/supporting
cells/L292_E1_excitatory_interneuron/results/23C/delayed_excitatory/mechanism_contribution/no_HH2_K/section_inventory.json,L292-E1-LCN,Project metadata or historical artifact,640a8ba7149641f99a238cfc790a52da707b12b50af597a1695708665354d1c4,426245,retained,source,current/supporting
cells/L292_E1_excitatory_interneuron/results/23C/delayed_excitatory/mechanism_contribution/no_HH2_K/summary.json,L292-E1-LCN,Project metadata or historical artifact,b94fe34c8db720cc8e290519076627e30bd2201878844bffd5ceec8e476fdd36,5059,retained,source,current/supporting
cells/L292_E1_excitatory_interneuron/results/23C/delayed_excitatory/mechanism_contribution/no_HH2_K/trace_p0p400_nA.csv,L292-E1-LCN,Raw or summarized evidence for a model result,7630e761acfd7dc38f0ffa29dc40e2bc567492b493af0af42e67db496b1a4c76,807290,retained,generated,current/supporting
cells/L292_E1_excitatory_interneuron/results/23C/delayed_excitatory/mechanism_contribution/no_HH2_K/trace_p0p750_nA.csv,L292-E1-LCN,Raw or summarized evidence for a model result,3553efb1bc64d5b553b71b37ab5c87c7f036857f6e078768aef58a104064dbd3,794965,retained,generated,current/supporting
cells/L292_E1_excitatory_interneuron/results/23C/delayed_excitatory/mechanism_contribution/no_HH2_K/validation.svg,L292-E1-LCN,"Visualization of morphology, simulation, or validation output",6fe0b3e91d0ff0bed9ca021cfd5cad1125cfff02b3075838286d37ecedca6113,73863,retained,generated,current/supporting
cells/L292_E1_excitatory_interneuron/results/23C/delayed_excitatory/mechanism_contribution/no_KDRI/metrics.csv,L292-E1-LCN,Raw or summarized evidence for a model result,bf602f73705a28114e33d9b289de71531978dabd7bcd0336c7f76f8c5484abc5,1064,retained,generated,current/supporting
cells/L292_E1_excitatory_interneuron/results/23C/delayed_excitatory/mechanism_contribution/no_KDRI/section_inventory.json,L292-E1-LCN,Project metadata or historical artifact,c4b553b0be0cc4f3361888ff78563c6ca8626d79f9abf5e825b3f51a8b43b920,426245,retained,source,current/supporting
cells/L292_E1_excitatory_interneuron/results/23C/delayed_excitatory/mechanism_contribution/no_KDRI/summary.json,L292-E1-LCN,Project metadata or historical artifact,12718d69d97dd4bacd7cd1c2a204c41335f79f1fca5ce4e5b2e6a6785f52e647,5640,retained,source,current/supporting
cells/L292_E1_excitatory_interneuron/results/23C/delayed_excitatory/mechanism_contribution/no_KDRI/trace_p0p400_nA.csv,L292-E1-LCN,Raw or summarized evidence for a model result,dd45c4d8c918caadb0504bf1558a7674081353106e4534e20c64700d92c49ec6,807479,retained,generated,current/supporting
cells/L292_E1_excitatory_interneuron/results/23C/delayed_excitatory/mechanism_contribution/no_KDRI/trace_p0p750_nA.csv,L292-E1-LCN,Raw or summarized evidence for a model result,cbd382773131e27f1b12e8b2f07789b4fc839f93fa4edb6ba22bf1f2e6ccc826,805233,retained,generated,current/supporting
cells/L292_E1_excitatory_interneuron/results/23C/delayed_excitatory/mechanism_contribution/no_KDRI/validation.svg,L292-E1-LCN,"Visualization of morphology, simulation, or validation output",97a088a23ee89401e62b349def62791195d4f29254629465b14ea198a6bda62e,73853,retained,generated,current/supporting
cells/L292_E1_excitatory_interneuron/results/23C/delayed_excitatory/mechanism_contribution/sodium_minus10pct/metrics.csv,L292-E1-LCN,Raw or summarized evidence for a model result,1a7b5c31d821c4d10ede2df79789a4ea8c4fdaaa81430750141c71a4582c3dcf,1007,retained,generated,current/supporting
cells/L292_E1_excitatory_interneuron/results/23C/delayed_excitatory/mechanism_contribution/sodium_minus10pct/section_inventory.json,L292-E1-LCN,Project metadata or historical artifact,5e1dcc28ac4224f3e8462f7cdf685b55728ccf6c037d5d3e14c0f12711e3d44f,426245,retained,source,current/supporting
cells/L292_E1_excitatory_interneuron/results/23C/delayed_excitatory/mechanism_contribution/sodium_minus10pct/summary.json,L292-E1-LCN,Project metadata or historical artifact,08378e1ca75e217edd6ae0c87ef827d253baaaf20982a31c47eabf9833f04539,5492,retained,source,current/supporting
cells/L292_E1_excitatory_interneuron/results/23C/delayed_excitatory/mechanism_contribution/sodium_minus10pct/trace_p0p400_nA.csv,L292-E1-LCN,Raw or summarized evidence for a model result,88524c92acd5dd1b1c8288b2b938c415ccf191c203514b060e91796399c9eb9a,807768,retained,generated,current/supporting
cells/L292_E1_excitatory_interneuron/results/23C/delayed_excitatory/mechanism_contribution/sodium_minus10pct/trace_p0p750_nA.csv,L292-E1-LCN,Raw or summarized evidence for a model result,8d08708cdd570b4074e07607db2376bc1cbbd4b142c980bca4360ef895b9a169,805458,retained,generated,current/supporting
cells/L292_E1_excitatory_interneuron/results/23C/delayed_excitatory/mechanism_contribution/sodium_minus10pct/validation.svg,L292-E1-LCN,"Visualization of morphology, simulation, or validation output",689bd39c0b20a4697d27c2b5707f8492fe103d76880f6bb2dac8859995fdaee6,73844,retained,generated,current/supporting
cells/L292_E1_excitatory_interneuron/results/23C/delayed_excitatory/one_current_diagnostic/metrics.csv,L292-E1-LCN,Raw or summarized evidence for a model result,f72ceb130268c6d9f77ee58682223547fd6b54d32ecbb56f809bd7adacdf2600,562,retained,generated,current/supporting
cells/L292_E1_excitatory_interneuron/results/23C/delayed_excitatory/one_current_diagnostic/section_inventory.json,L292-E1-LCN,Project metadata or historical artifact,350d4a904041c49a4e65dc2c131ebbb35ddd6ba304879cfbaeeb8ab8ee0979d6,426445,retained,source,current/supporting
cells/L292_E1_excitatory_interneuron/results/23C/delayed_excitatory/one_current_diagnostic/summary.json,L292-E1-LCN,Project metadata or historical artifact,cbd01b204424ca153a9f0be76e66edba7a67a54de29eeebd233e9ac364db4386,3651,retained,source,current/supporting
cells/L292_E1_excitatory_interneuron/results/23C/delayed_excitatory/one_current_diagnostic/trace_p0p000_nA.csv,L292-E1-LCN,Raw or summarized evidence for a model result,78c026e21551eb50c38be3d3e3c8766b8b56e6b8ef2c61a5bfcbb61cc0b8b0ee,1615716,retained,generated,current/supporting
cells/L292_E1_excitatory_interneuron/results/23C/delayed_excitatory/one_current_diagnostic/validation.svg,L292-E1-LCN,"Visualization of morphology, simulation, or validation output",587f5da8e22a73ce93bc8ec0fc8bd1f1e2661e01c096b1c71d34788466c4e1fb,37334,retained,generated,current/supporting
cells/L292_E1_excitatory_interneuron/results/23C/delayed_excitatory/rheobase_refinement_10pA/metrics.csv,L292-E1-LCN,Raw or summarized evidence for a model result,8560ba9e5ff2dad03cc3e45fd8fe0783e9762266b3f2187dae0b67c6c3d61538,1374,retained,generated,current/supporting
cells/L292_E1_excitatory_interneuron/results/23C/delayed_excitatory/rheobase_refinement_10pA/section_inventory.json,L292-E1-LCN,Project metadata or historical artifact,b8bffe1d8814049b2cbf855bd45498707fba7790ae13cfb1d36ff985bd7fb0a7,426445,retained,source,current/supporting
cells/L292_E1_excitatory_interneuron/results/23C/delayed_excitatory/rheobase_refinement_10pA/summary.json,L292-E1-LCN,Project metadata or historical artifact,dd3ecd6d34096316a850b0920c795d6aeedea8d27d66dc1f9b8df589607f9e92,7618,retained,source,current/supporting
cells/L292_E1_excitatory_interneuron/results/23C/delayed_excitatory/rheobase_refinement_10pA/trace_p0p360_nA.csv,L292-E1-LCN,Raw or summarized evidence for a model result,0e5f8a926bbe75daf75b36c538e549a37ebfdd521f5516306ae330169701d7ff,2163717,retained,generated,current/supporting
cells/L292_E1_excitatory_interneuron/results/23C/delayed_excitatory/rheobase_refinement_10pA/trace_p0p370_nA.csv,L292-E1-LCN,Raw or summarized evidence for a model result,1cf78ccebc7dfebaabf30fa800d1f2cc85774a9fa58c91614acd49a45f53d921,2163717,retained,generated,current/supporting
cells/L292_E1_excitatory_interneuron/results/23C/delayed_excitatory/rheobase_refinement_10pA/trace_p0p380_nA.csv,L292-E1-LCN,Raw or summarized evidence for a model result,23a3691912de14d073153c8b3601a850a663a3eb2470373117e90d9e9c96c782,2163433,retained,generated,current/supporting
cells/L292_E1_excitatory_interneuron/results/23C/delayed_excitatory/rheobase_refinement_10pA/trace_p0p390_nA.csv,L292-E1-LCN,Raw or summarized evidence for a model result,e0a2a144bf24354a6d419fcaee83f4f46f97579c78cc5d992eb85736918bc177,2163149,retained,generated,current/supporting
cells/L292_E1_excitatory_interneuron/results/23C/delayed_excitatory/rheobase_refinement_10pA/validation.svg,L292-E1-LCN,"Visualization of morphology, simulation, or validation output",cfb635b95446ff0374e239e046a2de9261f2ff621ec467ad5e8f421a47682ffc,144391,retained,generated,current/supporting
cells/L292_E1_excitatory_interneuron/results/23C/delayed_excitatory/rheobase_refinement_50pA/metrics.csv,L292-E1-LCN,Raw or summarized evidence for a model result,45d364458cf09afb3336158486638d79e6e04eab07596412c60445d876957aa3,1014,retained,generated,current/supporting
cells/L292_E1_excitatory_interneuron/results/23C/delayed_excitatory/rheobase_refinement_50pA/section_inventory.json,L292-E1-LCN,Project metadata or historical artifact,723d5d9fd58aaf12fba1696eea641ecf9bf3e2bcc620890e99f7f5fa270d8d23,426445,retained,source,current/supporting
cells/L292_E1_excitatory_interneuron/results/23C/delayed_excitatory/rheobase_refinement_50pA/summary.json,L292-E1-LCN,Project metadata or historical artifact,d4920e168debf8a3a59bfff5597d53f3d83052dce973db1e7e1bff0130e4d9a6,6054,retained,source,current/supporting
cells/L292_E1_excitatory_interneuron/results/23C/delayed_excitatory/rheobase_refinement_50pA/trace_p0p250_nA.csv,L292-E1-LCN,Raw or summarized evidence for a model result,f51a15021d6f2228e8f2f59f53e50ba074601dea15321302e0515663ba8bb261,2163717,retained,generated,current/supporting
cells/L292_E1_excitatory_interneuron/results/23C/delayed_excitatory/rheobase_refinement_50pA/trace_p0p300_nA.csv,L292-E1-LCN,Raw or summarized evidence for a model result,92295994ebb221afd9bc2c6f1a7bade2138b0fbc39b1b0c30ec8ec5d943226f3,2163717,retained,generated,current/supporting
cells/L292_E1_excitatory_interneuron/results/23C/delayed_excitatory/rheobase_refinement_50pA/trace_p0p350_nA.csv,L292-E1-LCN,Raw or summarized evidence for a model result,1b2f31dc7fe41c45207ca25f0c7a49a646dbd1e0f59ed3d01d300676119002b6,2163717,retained,generated,current/supporting
cells/L292_E1_excitatory_interneuron/results/23C/delayed_excitatory/rheobase_refinement_50pA/validation.svg,L292-E1-LCN,"Visualization of morphology, simulation, or validation output",f3984f45942ff0f4c643fc56c269ccc46b13f64af7259e219668521ec76c6bb4,108176,retained,generated,current/supporting
cells/L292_E1_excitatory_interneuron/results/23C/eTrC/area_preserved_broad/metrics.csv,L292-E1-LCN,Raw or summarized evidence for a model result,48691540b1c761bfb726062ae86f3c90cd02ff4ee1e8037b98008f0af57a4103,1573,retained,generated,current/supporting
cells/L292_E1_excitatory_interneuron/results/23C/eTrC/area_preserved_broad/section_inventory.json,L292-E1-LCN,Project metadata or historical artifact,2bdd0dd6328c84ec0a01f7b6d0c3b41184e81afc4eed5a3cd2f32d834e14e385,426445,retained,source,current/supporting
cells/L292_E1_excitatory_interneuron/results/23C/eTrC/area_preserved_broad/summary.json,L292-E1-LCN,Project metadata or historical artifact,497e103a45b6ea2eb6b33c4da1b816c59aa0930094cb646f61e975457cdc5d69,10573,retained,source,current/supporting
cells/L292_E1_excitatory_interneuron/results/23C/eTrC/area_preserved_broad/trace_m0p020_nA.csv,L292-E1-LCN,Raw or summarized evidence for a model result,b755cb4d13eb73e31bb1ce9fcf8711dbe9cc1132d4956118ee45cfd522620586,1615716,retained,generated,current/supporting
cells/L292_E1_excitatory_interneuron/results/23C/eTrC/area_preserved_broad/trace_p0p000_nA.csv,L292-E1-LCN,Raw or summarized evidence for a model result,be42adf50b78220fa457c7e5afddf993f2e2ebb9acaa5cc805f3f9a14f545ec6,1615716,retained,generated,current/supporting
cells/L292_E1_excitatory_interneuron/results/23C/eTrC/area_preserved_broad/trace_p0p050_nA.csv,L292-E1-LCN,Raw or summarized evidence for a model result,37a2aba5dae92f192499479c2705dbfc7cfb1e5d35fcb64a4ff269814bdc2048,1615716,retained,generated,current/supporting
cells/L292_E1_excitatory_interneuron/results/23C/eTrC/area_preserved_broad/trace_p0p100_nA.csv,L292-E1-LCN,Raw or summarized evidence for a model result,2055a9420c5f758acf7d7c99623503d652672dd1ba2d4d4f1ad77242ea73632a,1615716,retained,generated,current/supporting
cells/L292_E1_excitatory_interneuron/results/23C/eTrC/area_preserved_broad/trace_p0p200_nA.csv,L292-E1-LCN,Raw or summarized evidence for a model result,185485c45f76d3ae375970a7ed9c7732cb795dd9b2068204bab67678a92f1d5e,1615716,retained,generated,current/supporting
cells/L292_E1_excitatory_interneuron/results/23C/eTrC/area_preserved_broad/trace_p0p400_nA.csv,L292-E1-LCN,Raw or summarized evidence for a model result,fb7637fa77a11f0a7d06ed6a30dc541411fefebeec2a9d893d03a71ad4c1eb60,1615716,retained,generated,current/supporting
cells/L292_E1_excitatory_interneuron/results/23C/eTrC/area_preserved_broad/validation.svg,L292-E1-LCN,"Visualization of morphology, simulation, or validation output",ce8efb6bb9934bd02c8f4d13f8a380459862fd828d349f1e2a7b56b6f7beb041,218794,retained,generated,current/supporting
cells/L292_E1_excitatory_interneuron/results/23C/eTrC/area_preserved_extended/metrics.csv,L292-E1-LCN,Raw or summarized evidence for a model result,99c8586e4a0a9e5e3ae8fee32ef8308e66141119f8b0b0b0185ec2963af67978,1426,retained,generated,current/supporting
cells/L292_E1_excitatory_interneuron/results/23C/eTrC/area_preserved_extended/section_inventory.json,L292-E1-LCN,Project metadata or historical artifact,3c42907fe372be6f1638e93df96270c77f8ae1b709d361773f615e3e4fe23aab,426445,retained,source,current/supporting
cells/L292_E1_excitatory_interneuron/results/23C/eTrC/area_preserved_extended/summary.json,L292-E1-LCN,Project metadata or historical artifact,86457b6b48f038e51318de04e88600de28f69f44abdd1a70b298efac2e533de3,7625,retained,source,current/supporting
cells/L292_E1_excitatory_interneuron/results/23C/eTrC/area_preserved_extended/trace_p0p500_nA.csv,L292-E1-LCN,Raw or summarized evidence for a model result,b97badab8d4d0389302506b9e3334471bd2fe39d5b7fbb2713f0b17b749fdd6c,1615716,retained,generated,current/supporting
cells/L292_E1_excitatory_interneuron/results/23C/eTrC/area_preserved_extended/trace_p0p750_nA.csv,L292-E1-LCN,Raw or summarized evidence for a model result,deb20486d68e0396cd5d41b9fd46046f0873a9b97af371a4eeaa099477f1300f,1615589,retained,generated,current/supporting
cells/L292_E1_excitatory_interneuron/results/23C/eTrC/area_preserved_extended/trace_p1p000_nA.csv,L292-E1-LCN,Raw or summarized evidence for a model result,e6720163228aa9149c083f01a445b8f7d85bc537d10d4b4eaf6d23a22844d00d,1615588,retained,generated,current/supporting
cells/L292_E1_excitatory_interneuron/results/23C/eTrC/area_preserved_extended/trace_p1p500_nA.csv,L292-E1-LCN,Raw or summarized evidence for a model result,19df1d6d23e99e2006d30c5c573f9ad6e7c5d76a67bac5df5da69a4993fbc76d,1615586,retained,generated,current/supporting
cells/L292_E1_excitatory_interneuron/results/23C/eTrC/area_preserved_extended/validation.svg,L292-E1-LCN,"Visualization of morphology, simulation, or validation output",5aff8e559ff8d0cb1dd3f6e215eb7b982bacd92833b047d5a04f68e679b2b654,146938,retained,generated,current/supporting
cells/L292_E1_excitatory_interneuron/results/23C/eTrC/area_preserved_rheobase_10pA/metrics.csv,L292-E1-LCN,Raw or summarized evidence for a model result,f3d9c47af8fc40e9c217fbe9836f16c00a134e4cfcbde56539d75959af14865a,1497,retained,generated,current/supporting
cells/L292_E1_excitatory_interneuron/results/23C/eTrC/area_preserved_rheobase_10pA/section_inventory.json,L292-E1-LCN,Project metadata or historical artifact,eb3121602cf8b0a65c4ce02f48b5e829931fdb5ff202fa94dcd7faa59a5101a8,426445,retained,source,current/supporting
cells/L292_E1_excitatory_interneuron/results/23C/eTrC/area_preserved_rheobase_10pA/summary.json,L292-E1-LCN,Project metadata or historical artifact,b8b1fa1d5612c64e590dc3942ce6a1a074eaa5d0df7b8f28e078f2d43d244632,7833,retained,source,current/supporting
cells/L292_E1_excitatory_interneuron/results/23C/eTrC/area_preserved_rheobase_10pA/trace_p0p560_nA.csv,L292-E1-LCN,Raw or summarized evidence for a model result,5d2f68ef3d623260cecd2053199455cd019c17602e130467b480359260182c4f,1615590,retained,generated,current/supporting
cells/L292_E1_excitatory_interneuron/results/23C/eTrC/area_preserved_rheobase_10pA/trace_p0p570_nA.csv,L292-E1-LCN,Raw or summarized evidence for a model result,773bc05950380222e7a0344b42a99d80c3a226590b0219d83423ad758b007993,1615589,retained,generated,current/supporting
cells/L292_E1_excitatory_interneuron/results/23C/eTrC/area_preserved_rheobase_10pA/trace_p0p580_nA.csv,L292-E1-LCN,Raw or summarized evidence for a model result,961d3de291e0c27966455cfb0ab19660f7d76f58770a41ed2388283b689d35eb,1615587,retained,generated,current/supporting
cells/L292_E1_excitatory_interneuron/results/23C/eTrC/area_preserved_rheobase_10pA/trace_p0p590_nA.csv,L292-E1-LCN,Raw or summarized evidence for a model result,ba5cf406501ce565dc6b81983a15b78584cd32634f40e47b6b9430782d612f46,1615588,retained,generated,current/supporting
cells/L292_E1_excitatory_interneuron/results/23C/eTrC/area_preserved_rheobase_10pA/validation.svg,L292-E1-LCN,"Visualization of morphology, simulation, or validation output",62f71ff855e745a37344440185f30127ecc3d8ad51d151f147bf4a4013d0ebfd,146937,retained,generated,current/supporting
cells/L292_E1_excitatory_interneuron/results/23C/eTrC/area_preserved_rheobase_50pA/metrics.csv,L292-E1-LCN,Raw or summarized evidence for a model result,67a14adb4df8219901777f67b78a5459a7f5ff8f7aefef43c5eef9cfae1fdfe4,1427,retained,generated,current/supporting
cells/L292_E1_excitatory_interneuron/results/23C/eTrC/area_preserved_rheobase_50pA/section_inventory.json,L292-E1-LCN,Project metadata or historical artifact,f3c8b0420b8a6c77b1e1583cbd05f81b2f57d0bc88d7f453a23c3a85e06bf506,426445,retained,source,current/supporting
cells/L292_E1_excitatory_interneuron/results/23C/eTrC/area_preserved_rheobase_50pA/summary.json,L292-E1-LCN,Project metadata or historical artifact,df0a216bce3875129a2ddc6f5c18ce65e81758d989112e79b0a4f4416a864afb,7666,retained,source,current/supporting
cells/L292_E1_excitatory_interneuron/results/23C/eTrC/area_preserved_rheobase_50pA/trace_p0p550_nA.csv,L292-E1-LCN,Raw or summarized evidence for a model result,4b763d44208d38b554f9aff82c1c5be304aa212bd5057c0037b18891e7d09c62,1615716,retained,generated,current/supporting
cells/L292_E1_excitatory_interneuron/results/23C/eTrC/area_preserved_rheobase_50pA/trace_p0p600_nA.csv,L292-E1-LCN,Raw or summarized evidence for a model result,bc817ed00fd1d279c5b97026d7ebe6f5f62a47e4cb3fd69197090ed5ba4e7f63,1615589,retained,generated,current/supporting
cells/L292_E1_excitatory_interneuron/results/23C/eTrC/area_preserved_rheobase_50pA/trace_p0p650_nA.csv,L292-E1-LCN,Raw or summarized evidence for a model result,79c4981dba341d5aacc0a4d9bcea37c7450471c2a5cbc1e867ea9b45caf17df2,1615586,retained,generated,current/supporting
cells/L292_E1_excitatory_interneuron/results/23C/eTrC/area_preserved_rheobase_50pA/trace_p0p700_nA.csv,L292-E1-LCN,Raw or summarized evidence for a model result,eea236646fb18836ec043e2817f01e94e88bed0653b5614e66b9070c9c89215f,1615587,retained,generated,current/supporting
cells/L292_E1_excitatory_interneuron/results/23C/eTrC/area_preserved_rheobase_50pA/validation.svg,L292-E1-LCN,"Visualization of morphology, simulation, or validation output",34ee405950f2c6c4d392bdaab7b521aca20c23f0640097e784fc53a7c056843a,146937,retained,generated,current/supporting
cells/L292_E1_excitatory_interneuron/results/23C/eTrC/broad_initial/metrics.csv,L292-E1-LCN,Raw or summarized evidence for a model result,d0027d1fae06f726dbec0ea6e1be9734ebbdc899156619629f05fe09dc536b23,1973,retained,generated,current/supporting
cells/L292_E1_excitatory_interneuron/results/23C/eTrC/broad_initial/section_inventory.json,L292-E1-LCN,Project metadata or historical artifact,2f1214da3e0bec1a2fa53a06cf84857e7a6a8f3dc662cb24d5052c1a0d9039ca,426443,retained,source,current/supporting
cells/L292_E1_excitatory_interneuron/results/23C/eTrC/broad_initial/summary.json,L292-E1-LCN,Project metadata or historical artifact,2913c1f4c8d995f71f7b18aeb36d88d9965fc6c797b5a79da3bb9a51e8fc1585,13051,retained,source,current/supporting
cells/L292_E1_excitatory_interneuron/results/23C/eTrC/broad_initial/trace_m0p020_nA.csv,L292-E1-LCN,Raw or summarized evidence for a model result,c2213ac0ac46193f2bd1f604dead86731337e38d0dae6963032920916243a6f0,1615716,retained,generated,current/supporting
cells/L292_E1_excitatory_interneuron/results/23C/eTrC/broad_initial/trace_p0p000_nA.csv,L292-E1-LCN,Raw or summarized evidence for a model result,adb7847a83ae8e4af29568040e0df0bbc742ba0ce80b7109c53ed0a43dab8b82,1615716,retained,generated,current/supporting
cells/L292_E1_excitatory_interneuron/results/23C/eTrC/broad_initial/trace_p0p050_nA.csv,L292-E1-LCN,Raw or summarized evidence for a model result,e435823a9556c240e7956074f3cff4ca98e3a2806b3836aec41a456f433f39a6,1615716,retained,generated,current/supporting
cells/L292_E1_excitatory_interneuron/results/23C/eTrC/broad_initial/trace_p0p100_nA.csv,L292-E1-LCN,Raw or summarized evidence for a model result,b1b85da19702d1e9cb8dafcdbc882cd0f39628c7043e8c91b5c2e07dd0164981,1615716,retained,generated,current/supporting
cells/L292_E1_excitatory_interneuron/results/23C/eTrC/broad_initial/trace_p0p150_nA.csv,L292-E1-LCN,Raw or summarized evidence for a model result,c23a8871f312f90772bee8e690d3d9d65c6563a92cee9eb158f7ec345629642d,1615716,retained,generated,current/supporting
cells/L292_E1_excitatory_interneuron/results/23C/eTrC/broad_initial/trace_p0p200_nA.csv,L292-E1-LCN,Raw or summarized evidence for a model result,17a04585de27d561a893eb4bbc56b1991b82ec9a158a2a7500808e87243bac23,1615716,retained,generated,current/supporting
cells/L292_E1_excitatory_interneuron/results/23C/eTrC/broad_initial/trace_p0p300_nA.csv,L292-E1-LCN,Raw or summarized evidence for a model result,8e31deef0b83a5510e186cd79987d92b75ba0fa7fed0e58c4005b98bc2fd5217,1615716,retained,generated,current/supporting
cells/L292_E1_excitatory_interneuron/results/23C/eTrC/broad_initial/trace_p0p400_nA.csv,L292-E1-LCN,Raw or summarized evidence for a model result,b4b6908a0db0312b9ec96da5082ff3d23c1883e89a3e9b9c528ddc7435f33113,1615716,retained,generated,current/supporting
cells/L292_E1_excitatory_interneuron/results/23C/eTrC/broad_initial/validation.svg,L292-E1-LCN,"Visualization of morphology, simulation, or validation output",9c3a357cce79cc77d714d2c5c54e32f60679da9d51c34a312bc5a3d11e99dda1,292972,retained,generated,current/supporting
cells/L292_E1_excitatory_interneuron/results/23C/eTrC/exact_density_refined_axon/metrics.csv,L292-E1-LCN,Raw or summarized evidence for a model result,f64bda8c8b09232e9f669208eb2a0d1d6f754bc3922e82bfe160e5b5034c014c,1355,retained,generated,current/supporting
cells/L292_E1_excitatory_interneuron/results/23C/eTrC/exact_density_refined_axon/section_inventory.json,L292-E1-LCN,Project metadata or historical artifact,c6512822ba8d63481ced359aeb70bdf4642188759811c1a1aabf1d17cd6ea0de,426445,retained,source,current/supporting
cells/L292_E1_excitatory_interneuron/results/23C/eTrC/exact_density_refined_axon/summary.json,L292-E1-LCN,Project metadata or historical artifact,da50e3b5b9cf6445ba521b3afe89c49dc50b2945f43c3c4b33805bc5c3ea2714,7525,retained,source,current/supporting
cells/L292_E1_excitatory_interneuron/results/23C/eTrC/exact_density_refined_axon/trace_p0p500_nA.csv,L292-E1-LCN,Raw or summarized evidence for a model result,423f662d819fcb874e28ce504d93a6b1229e9fb5e04bab226852693502566cf4,1615716,retained,generated,current/supporting
cells/L292_E1_excitatory_interneuron/results/23C/eTrC/exact_density_refined_axon/trace_p0p750_nA.csv,L292-E1-LCN,Raw or summarized evidence for a model result,0959a25934258ae1ac0060a75136667521c46bd25e7a582989e93120d885e927,1615716,retained,generated,current/supporting
cells/L292_E1_excitatory_interneuron/results/23C/eTrC/exact_density_refined_axon/trace_p1p000_nA.csv,L292-E1-LCN,Raw or summarized evidence for a model result,99093a56489b4015e251d9bde8b2c1fcd7691d58257ea3de8b719ef45e4dd337,1615610,retained,generated,current/supporting
cells/L292_E1_excitatory_interneuron/results/23C/eTrC/exact_density_refined_axon/trace_p1p500_nA.csv,L292-E1-LCN,Raw or summarized evidence for a model result,2da1463dbdd24492d988d9dfe8ed34122b2bf871ae57574a05e7fa9cb9aefe96,1615611,retained,generated,current/supporting
cells/L292_E1_excitatory_interneuron/results/23C/eTrC/exact_density_refined_axon/validation.svg,L292-E1-LCN,"Visualization of morphology, simulation, or validation output",88929b7654faf157b6d0c7301b94262802efb7aaf0fe09cf9498b6459738a02f,146939,retained,generated,current/supporting
cells/L292_E1_excitatory_interneuron/results/23C/eTrC/extended_current_diagnostic/metrics.csv,L292-E1-LCN,Raw or summarized evidence for a model result,1455449118428d44b719be3f87e47416ebdb7ef1f8cc93b7e90b4236ca16e433,1687,retained,generated,current/supporting
cells/L292_E1_excitatory_interneuron/results/23C/eTrC/extended_current_diagnostic/section_inventory.json,L292-E1-LCN,Project metadata or historical artifact,294befb1e1d87a4494e81990855cbec431527069914a3d9e298a086022a10c7c,426443,retained,source,current/supporting
cells/L292_E1_excitatory_interneuron/results/23C/eTrC/extended_current_diagnostic/summary.json,L292-E1-LCN,Project metadata or historical artifact,fe0948a9516f4930a3adaf9f0ac82a47060a273dbff7dd8e29acc6732fe1d5f4,9127,retained,source,current/supporting
cells/L292_E1_excitatory_interneuron/results/23C/eTrC/extended_current_diagnostic/trace_p0p500_nA.csv,L292-E1-LCN,Raw or summarized evidence for a model result,eb692799293cca5d527a96ef3224f645cd03d3059044c5611ef8402ddb03ed65,1615716,retained,generated,current/supporting
cells/L292_E1_excitatory_interneuron/results/23C/eTrC/extended_current_diagnostic/trace_p0p750_nA.csv,L292-E1-LCN,Raw or summarized evidence for a model result,ff4835b838c98fdef96f4ca6ed6387796ae73552fe5e88ec465c675ccbebc800,1615600,retained,generated,current/supporting
cells/L292_E1_excitatory_interneuron/results/23C/eTrC/extended_current_diagnostic/trace_p1p000_nA.csv,L292-E1-LCN,Raw or summarized evidence for a model result,53419d57eed695cc3e3407c3f8c48bf3e20001371da5d329fcbbfa3411a1897f,1615600,retained,generated,current/supporting
cells/L292_E1_excitatory_interneuron/results/23C/eTrC/extended_current_diagnostic/trace_p1p250_nA.csv,L292-E1-LCN,Raw or summarized evidence for a model result,9f42b542f05b0c4a534c01ffdcd0c6cf5adafd280663d26d50812a17728c2025,1615600,retained,generated,current/supporting
cells/L292_E1_excitatory_interneuron/results/23C/eTrC/extended_current_diagnostic/trace_p1p500_nA.csv,L292-E1-LCN,Raw or summarized evidence for a model result,f9a6c3ebee78d1f61e30bb3dae0db97fd9100441413ac722348644508d4c9caa,1615601,retained,generated,current/supporting
cells/L292_E1_excitatory_interneuron/results/23C/eTrC/extended_current_diagnostic/validation.svg,L292-E1-LCN,"Visualization of morphology, simulation, or validation output",ce3407b29e3bbab90973ddff1094ce47f56124ecba5c5df99bfd8fff14e8b38c,183469,retained,generated,current/supporting
cells/L292_E1_excitatory_interneuron/results/23C/eTrC/final/metrics.csv,L292-E1-LCN,Raw or summarized evidence for a model result,c02cbdc9550e3400e140b49e7d912ffe76676763d80f83fdf4436262ff9a93b6,2529,retained,generated,current/supporting
cells/L292_E1_excitatory_interneuron/results/23C/eTrC/final/section_inventory.json,L292-E1-LCN,Project metadata or historical artifact,892dc100cc8b2072c1771b83a193065a3c645b70b3826a8f123d2d8edccdcd42,426445,retained,source,current/supporting
cells/L292_E1_excitatory_interneuron/results/23C/eTrC/final/summary.json,L292-E1-LCN,Project metadata or historical artifact,2f8fd761eea92a958841de9e2da0560cfcd9ea54883f531f89cbd8b47d92b7ef,15257,retained,source,current/supporting
cells/L292_E1_excitatory_interneuron/results/23C/eTrC/final/trace_m0p020_nA.csv,L292-E1-LCN,Raw or summarized evidence for a model result,b755cb4d13eb73e31bb1ce9fcf8711dbe9cc1132d4956118ee45cfd522620586,1615716,retained,generated,current/supporting
cells/L292_E1_excitatory_interneuron/results/23C/eTrC/final/trace_p0p000_nA.csv,L292-E1-LCN,Raw or summarized evidence for a model result,be42adf50b78220fa457c7e5afddf993f2e2ebb9acaa5cc805f3f9a14f545ec6,1615716,retained,generated,current/supporting
cells/L292_E1_excitatory_interneuron/results/23C/eTrC/final/trace_p0p500_nA.csv,L292-E1-LCN,Raw or summarized evidence for a model result,b97badab8d4d0389302506b9e3334471bd2fe39d5b7fbb2713f0b17b749fdd6c,1615716,retained,generated,current/supporting
cells/L292_E1_excitatory_interneuron/results/23C/eTrC/final/trace_p0p550_nA.csv,L292-E1-LCN,Raw or summarized evidence for a model result,4b763d44208d38b554f9aff82c1c5be304aa212bd5057c0037b18891e7d09c62,1615716,retained,generated,current/supporting
cells/L292_E1_excitatory_interneuron/results/23C/eTrC/final/trace_p0p560_nA.csv,L292-E1-LCN,Raw or summarized evidence for a model result,5d2f68ef3d623260cecd2053199455cd019c17602e130467b480359260182c4f,1615590,retained,generated,current/supporting
cells/L292_E1_excitatory_interneuron/results/23C/eTrC/final/trace_p0p600_nA.csv,L292-E1-LCN,Raw or summarized evidence for a model result,bc817ed00fd1d279c5b97026d7ebe6f5f62a47e4cb3fd69197090ed5ba4e7f63,1615589,retained,generated,current/supporting
cells/L292_E1_excitatory_interneuron/results/23C/eTrC/final/trace_p0p750_nA.csv,L292-E1-LCN,Raw or summarized evidence for a model result,deb20486d68e0396cd5d41b9fd46046f0873a9b97af371a4eeaa099477f1300f,1615589,retained,generated,current/supporting
cells/L292_E1_excitatory_interneuron/results/23C/eTrC/final/trace_p1p000_nA.csv,L292-E1-LCN,Raw or summarized evidence for a model result,e6720163228aa9149c083f01a445b8f7d85bc537d10d4b4eaf6d23a22844d00d,1615588,retained,generated,current/supporting
cells/L292_E1_excitatory_interneuron/results/23C/eTrC/final/trace_p1p500_nA.csv,L292-E1-LCN,Raw or summarized evidence for a model result,19df1d6d23e99e2006d30c5c573f9ad6e7c5d76a67bac5df5da69a4993fbc76d,1615586,retained,generated,current/supporting
cells/L292_E1_excitatory_interneuron/results/23C/eTrC/final/validation.svg,L292-E1-LCN,"Visualization of morphology, simulation, or validation output",17b4ce6deab08f7a46dd4173f5e37b0e8f1889adc87f296a0f746d0faae55204,329532,retained,generated,current/supporting
cells/L292_E1_excitatory_interneuron/results/23C/eTrC/geometry_mapping_audit.json,L292-E1-LCN,Project metadata or historical artifact,e49c608796ed722b78cf5816d5ac0665bb4e782a9c5f6213f6f2b556cc7b503c,1397,retained,source,current/supporting
cells/L292_E1_excitatory_interneuron/results/23C/eTrC/geometry_mapping_audit_refined_axon.json,L292-E1-LCN,Project metadata or historical artifact,7c7a984f397ec9f9cdc645da2889f6db705564edbc1675ce53606ab7c5e04659,1398,retained,source,current/supporting
cells/L292_E1_excitatory_interneuron/results/23C/eTrC/PRE_REFINED_PROXIMAL_AXON_MAPPING.md,L292-E1-LCN,"Scientific interpretation, provenance, or run documentation",24b885ddabf6ed48ddae84eb4ed8f9f0f1352a4aab1923a41bca933e983413e1,654,retained,source,current/supporting
cells/L292_E1_excitatory_interneuron/results/23C/eTrC/rheobase_refinement_10pA/metrics.csv,L292-E1-LCN,Raw or summarized evidence for a model result,7e5ca0e70398f968a8deba67dae4154f88debd94c07e0d8e6c25b8a609b61430,1426,retained,generated,current/supporting
cells/L292_E1_excitatory_interneuron/results/23C/eTrC/rheobase_refinement_10pA/section_inventory.json,L292-E1-LCN,Project metadata or historical artifact,41c6f3025dd1cf4ac201323aa3a31e5d982ea504cda2b8e4c74ffc122fd77fe1,426443,retained,source,current/supporting
cells/L292_E1_excitatory_interneuron/results/23C/eTrC/rheobase_refinement_10pA/summary.json,L292-E1-LCN,Project metadata or historical artifact,f1a55d05fdf63faee3d6078a7d33ff61fb95c1bdbe0a329cd1c530ea07004454,7734,retained,source,current/supporting
cells/L292_E1_excitatory_interneuron/results/23C/eTrC/rheobase_refinement_10pA/trace_p0p560_nA.csv,L292-E1-LCN,Raw or summarized evidence for a model result,c4268f2c70771e1a4514237afd31183fc4dad8c60c6ae96df3cc7f128b3edc47,1615716,retained,generated,current/supporting
cells/L292_E1_excitatory_interneuron/results/23C/eTrC/rheobase_refinement_10pA/trace_p0p570_nA.csv,L292-E1-LCN,Raw or summarized evidence for a model result,2f3f858690d6c814ffaefadc5601fd8f103910d063f776195a29a45b5f322367,1615602,retained,generated,current/supporting
cells/L292_E1_excitatory_interneuron/results/23C/eTrC/rheobase_refinement_10pA/trace_p0p580_nA.csv,L292-E1-LCN,Raw or summarized evidence for a model result,e428ed95a8a7b15462e15558f19a917a01dcd56e2dfd4c28d2a80b62e7ca1af4,1615602,retained,generated,current/supporting
cells/L292_E1_excitatory_interneuron/results/23C/eTrC/rheobase_refinement_10pA/trace_p0p590_nA.csv,L292-E1-LCN,Raw or summarized evidence for a model result,f1b3971bed3d7acc594eba186d2773f13c8f8777ea28ea81a5e78300ffd0fcfc,1615602,retained,generated,current/supporting
cells/L292_E1_excitatory_interneuron/results/23C/eTrC/rheobase_refinement_10pA/validation.svg,L292-E1-LCN,"Visualization of morphology, simulation, or validation output",c8fbf5a11008b9ebca645f1c73f3b4ccd07d76127d65e304f4817674c2b98de3,146939,retained,generated,current/supporting
cells/L292_E1_excitatory_interneuron/results/23C/eTrC/rheobase_refinement_50pA/metrics.csv,L292-E1-LCN,Raw or summarized evidence for a model result,24324a28ff3f9798b39bb6167b4541414cadfb22f284a2fe95301f4479523802,1423,retained,generated,current/supporting
cells/L292_E1_excitatory_interneuron/results/23C/eTrC/rheobase_refinement_50pA/section_inventory.json,L292-E1-LCN,Project metadata or historical artifact,c84f8cdaeb6b299dee98ddfd792d9e27b9acd2e20ab1d17ad99d9f2d8246eb65,426443,retained,source,current/supporting
cells/L292_E1_excitatory_interneuron/results/23C/eTrC/rheobase_refinement_50pA/summary.json,L292-E1-LCN,Project metadata or historical artifact,adbd0d486572ecdf83a2ceaf1e5115529426bc03071292abc4acb4959eb0a004,7726,retained,source,current/supporting
cells/L292_E1_excitatory_interneuron/results/23C/eTrC/rheobase_refinement_50pA/trace_p0p550_nA.csv,L292-E1-LCN,Raw or summarized evidence for a model result,b5b0fdfa0b2a4af20736af2eb98b7627dd081d4bd6e426813dee53ffcf0b41bb,1615716,retained,generated,current/supporting
cells/L292_E1_excitatory_interneuron/results/23C/eTrC/rheobase_refinement_50pA/trace_p0p600_nA.csv,L292-E1-LCN,Raw or summarized evidence for a model result,1ae26ef3f5c272eb8f6504c315a9e5525d41801ec6ed560c53a345dce39a062a,1615604,retained,generated,current/supporting
cells/L292_E1_excitatory_interneuron/results/23C/eTrC/rheobase_refinement_50pA/trace_p0p650_nA.csv,L292-E1-LCN,Raw or summarized evidence for a model result,6078171332091877dc59f728dbcbe095e442a1bdd903a0a4d3337255542ddee5,1615603,retained,generated,current/supporting
cells/L292_E1_excitatory_interneuron/results/23C/eTrC/rheobase_refinement_50pA/trace_p0p700_nA.csv,L292-E1-LCN,Raw or summarized evidence for a model result,e8f9f2b4680fae257381f8d3ed974eb8a5f132caf1866243a6dc13157e27ac96,1615602,retained,generated,current/supporting
cells/L292_E1_excitatory_interneuron/results/23C/eTrC/rheobase_refinement_50pA/validation.svg,L292-E1-LCN,"Visualization of morphology, simulation, or validation output",4296c9958df3d0fefe23b0a3e95f83addda4d44fb0fa32aca29cf0f5e69f6b76,146939,retained,generated,current/supporting
cells/L292_E1_excitatory_interneuron/results/23C/passive/convergence/convergence.csv,L292-E1-LCN,Raw or summarized evidence for a model result,cff6f8d72c964145b00c7699f31b979fe33ed97d3f57142a4b1604aaf33846ae,2105,retained,generated,current/supporting
cells/L292_E1_excitatory_interneuron/results/23C/passive/convergence/convergence.json,L292-E1-LCN,Project metadata or historical artifact,4db6d06a1316529a3408bbd77a9941f303884f662470f0cb8fe5a82900556820,6147,retained,source,current/supporting
cells/L292_E1_excitatory_interneuron/results/23C/passive/convergence/dt_0p0125__dlambda_0p05/metrics.csv,L292-E1-LCN,Raw or summarized evidence for a model result,69912b45d61436885b7f3f706a2c5554fbc23032689bda2b4cf45275b9e28040,668,retained,generated,current/supporting
cells/L292_E1_excitatory_interneuron/results/23C/passive/convergence/dt_0p0125__dlambda_0p05/section_inventory.json,L292-E1-LCN,Project metadata or historical artifact,bec6c4a24b9b6afb78b7d64a140377b6e40c6b67f9bc65fb5ba26a798c0ba0e4,258711,retained,source,current/supporting
cells/L292_E1_excitatory_interneuron/results/23C/passive/convergence/dt_0p0125__dlambda_0p05/summary.json,L292-E1-LCN,Project metadata or historical artifact,00aac07e47c0cbd99977472819d1467e1a7dc43153a58bd02bc7dabe0ed9ba7b,5027,retained,source,current/supporting
cells/L292_E1_excitatory_interneuron/results/23C/passive/convergence/dt_0p0125__dlambda_0p05/trace_m0p010_nA.csv,L292-E1-LCN,Raw or summarized evidence for a model result,ef3d42cf91d55bb29a20894af9a5644468a718ac1aa60bd42dca6b491695615d,3231316,retained,generated,current/supporting
cells/L292_E1_excitatory_interneuron/results/23C/passive/convergence/dt_0p0125__dlambda_0p05/trace_p0p000_nA.csv,L292-E1-LCN,Raw or summarized evidence for a model result,068adbac6fa81087f756aed0a925bb8f0abc757e93246887a684f46f689d1c77,3231316,retained,generated,current/supporting
cells/L292_E1_excitatory_interneuron/results/23C/passive/convergence/dt_0p0125__dlambda_0p05/validation.svg,L292-E1-LCN,"Visualization of morphology, simulation, or validation output",105f5990957e871958a4f114a04e81a40f87dba6e375464ebddf68c1e72f54ab,70276,retained,generated,current/supporting
cells/L292_E1_excitatory_interneuron/results/23C/passive/convergence/dt_0p0125__dlambda_0p1/metrics.csv,L292-E1-LCN,Raw or summarized evidence for a model result,cb0c31f00247caa9207835d3b218cd77374490e74a1219e5b907ad6c90ea57c2,666,retained,generated,current/supporting
cells/L292_E1_excitatory_interneuron/results/23C/passive/convergence/dt_0p0125__dlambda_0p1/section_inventory.json,L292-E1-LCN,Project metadata or historical artifact,cf43a204329938a47200ceb5bb57b29a36544fba86dbe8d42e9b277d0bc4d859,258578,retained,source,current/supporting
cells/L292_E1_excitatory_interneuron/results/23C/passive/convergence/dt_0p0125__dlambda_0p1/summary.json,L292-E1-LCN,Project metadata or historical artifact,f4d4e2f157b0b26c90934262545f01424f988e4a6eeeb940579949152680a3ef,5022,retained,source,current/supporting
cells/L292_E1_excitatory_interneuron/results/23C/passive/convergence/dt_0p0125__dlambda_0p1/trace_m0p010_nA.csv,L292-E1-LCN,Raw or summarized evidence for a model result,b2079308e23606f355288f7211c1ed2c33c2d42d8361e73c6e0fb0ae1ead9ff5,3231316,retained,generated,current/supporting
cells/L292_E1_excitatory_interneuron/results/23C/passive/convergence/dt_0p0125__dlambda_0p1/trace_p0p000_nA.csv,L292-E1-LCN,Raw or summarized evidence for a model result,068adbac6fa81087f756aed0a925bb8f0abc757e93246887a684f46f689d1c77,3231316,retained,generated,current/supporting
cells/L292_E1_excitatory_interneuron/results/23C/passive/convergence/dt_0p0125__dlambda_0p1/validation.svg,L292-E1-LCN,"Visualization of morphology, simulation, or validation output",2cde30738c74b5f0b405f13bafa6d60514b9d967634415f3e7d9f0aa358fed4b,70276,retained,generated,current/supporting
cells/L292_E1_excitatory_interneuron/results/23C/passive/convergence/dt_0p0125__dlambda_0p2/metrics.csv,L292-E1-LCN,Raw or summarized evidence for a model result,3b171dfadc1e11bb8df6258375f210588e6a9f25a48461fa71e828ce5fb7f363,670,retained,generated,current/supporting
cells/L292_E1_excitatory_interneuron/results/23C/passive/convergence/dt_0p0125__dlambda_0p2/section_inventory.json,L292-E1-LCN,Project metadata or historical artifact,3bd7a8c97c6174502a573eac846d2a2128482d53247b01e5e29831541f8f2e24,258508,retained,source,current/supporting
cells/L292_E1_excitatory_interneuron/results/23C/passive/convergence/dt_0p0125__dlambda_0p2/summary.json,L292-E1-LCN,Project metadata or historical artifact,f5d2ed490ff78a897b6ec6fda5276e42b6df95adf09bce2b3bd62c9556243eaf,5030,retained,source,current/supporting
cells/L292_E1_excitatory_interneuron/results/23C/passive/convergence/dt_0p0125__dlambda_0p2/trace_m0p010_nA.csv,L292-E1-LCN,Raw or summarized evidence for a model result,c27ce7fc862ee19261865579c46ece0a3ff444a38a5a3b454ae9707043e3eaf0,3231316,retained,generated,current/supporting
cells/L292_E1_excitatory_interneuron/results/23C/passive/convergence/dt_0p0125__dlambda_0p2/trace_p0p000_nA.csv,L292-E1-LCN,Raw or summarized evidence for a model result,068adbac6fa81087f756aed0a925bb8f0abc757e93246887a684f46f689d1c77,3231316,retained,generated,current/supporting
cells/L292_E1_excitatory_interneuron/results/23C/passive/convergence/dt_0p0125__dlambda_0p2/validation.svg,L292-E1-LCN,"Visualization of morphology, simulation, or validation output",65fe5ebccc3711ccb3fd7de7babc30e06ebfbf95b3e54f9d41f04f6d5682ea33,70276,retained,generated,current/supporting
cells/L292_E1_excitatory_interneuron/results/23C/passive/convergence/dt_0p025__dlambda_0p05/metrics.csv,L292-E1-LCN,Raw or summarized evidence for a model result,9bf972ee997afb64dbcc0f141d6884c156779ea196711afd860311e28e903a99,668,retained,generated,current/supporting
cells/L292_E1_excitatory_interneuron/results/23C/passive/convergence/dt_0p025__dlambda_0p05/section_inventory.json,L292-E1-LCN,Project metadata or historical artifact,a8fc7f5e9738b29e3cadf14fed31cc620f42b14508e396a294bbbb829bc24df2,258711,retained,source,current/supporting
cells/L292_E1_excitatory_interneuron/results/23C/passive/convergence/dt_0p025__dlambda_0p05/summary.json,L292-E1-LCN,Project metadata or historical artifact,b79dc0da18a5ce871faf1cb414410e1da236a8f8637b92e4f1c130bdbcd65b41,5026,retained,source,current/supporting
cells/L292_E1_excitatory_interneuron/results/23C/passive/convergence/dt_0p025__dlambda_0p05/trace_m0p010_nA.csv,L292-E1-LCN,Raw or summarized evidence for a model result,a9be215b2c5fa7fa92627d8d794ded8b509212b1395e2342a45dc1be481fc661,1615716,retained,generated,current/supporting
cells/L292_E1_excitatory_interneuron/results/23C/passive/convergence/dt_0p025__dlambda_0p05/trace_p0p000_nA.csv,L292-E1-LCN,Raw or summarized evidence for a model result,2ea505758053cf010c80193e5c59a0305c1a4c8c80141a140867cec62dca68c0,1615716,retained,generated,current/supporting
cells/L292_E1_excitatory_interneuron/results/23C/passive/convergence/dt_0p025__dlambda_0p05/validation.svg,L292-E1-LCN,"Visualization of morphology, simulation, or validation output",fa68e62641d5ba42373eb137d6d146d275a5c9bd310e312bc0e06449d98fd3ab,70276,retained,generated,current/supporting
cells/L292_E1_excitatory_interneuron/results/23C/passive/convergence/dt_0p025__dlambda_0p1/metrics.csv,L292-E1-LCN,Raw or summarized evidence for a model result,7932c6e000448bad31be699662288ac61edc2573c8c5a7a409b13d575b48935a,669,retained,generated,current/supporting
cells/L292_E1_excitatory_interneuron/results/23C/passive/convergence/dt_0p025__dlambda_0p1/section_inventory.json,L292-E1-LCN,Project metadata or historical artifact,dfe01b00c78721c8819024a7500d6fb83c0ce53d5d4f52f46709c5ce0fad321c,258578,retained,source,current/supporting
cells/L292_E1_excitatory_interneuron/results/23C/passive/convergence/dt_0p025__dlambda_0p1/summary.json,L292-E1-LCN,Project metadata or historical artifact,2ff0db0e00f6b419a8e3ec844e7c2700d901db9d89d1ff60eba766345763d445,5027,retained,source,current/supporting
cells/L292_E1_excitatory_interneuron/results/23C/passive/convergence/dt_0p025__dlambda_0p1/trace_m0p010_nA.csv,L292-E1-LCN,Raw or summarized evidence for a model result,1a23f1bffbaafb9a9fdc7616a55367439cd63f48b24697c0c3648655179d23b4,1615716,retained,generated,current/supporting
cells/L292_E1_excitatory_interneuron/results/23C/passive/convergence/dt_0p025__dlambda_0p1/trace_p0p000_nA.csv,L292-E1-LCN,Raw or summarized evidence for a model result,2ea505758053cf010c80193e5c59a0305c1a4c8c80141a140867cec62dca68c0,1615716,retained,generated,current/supporting
cells/L292_E1_excitatory_interneuron/results/23C/passive/convergence/dt_0p025__dlambda_0p1/validation.svg,L292-E1-LCN,"Visualization of morphology, simulation, or validation output",d5e5574fa28c229b8e5844a01901a3f1e004fe6f3fca344b84722c07a891ee64,70276,retained,generated,current/supporting
cells/L292_E1_excitatory_interneuron/results/23C/passive/convergence/dt_0p025__dlambda_0p2/metrics.csv,L292-E1-LCN,Raw or summarized evidence for a model result,c14285d72e7c2580fd09f96df85f9b72b89bc03d27d0770d2b7769694dda25ce,668,retained,generated,current/supporting
cells/L292_E1_excitatory_interneuron/results/23C/passive/convergence/dt_0p025__dlambda_0p2/section_inventory.json,L292-E1-LCN,Project metadata or historical artifact,d629ebbb1da866f90efe2d4ea461b09765aafb5e20ddc4dcc32fb87e15de3a58,258508,retained,source,current/supporting
cells/L292_E1_excitatory_interneuron/results/23C/passive/convergence/dt_0p025__dlambda_0p2/summary.json,L292-E1-LCN,Project metadata or historical artifact,fed3a29388bd3c0ea4e4368a80e79d855d099e63cee3b473b527871e9ccda7a9,5025,retained,source,current/supporting
cells/L292_E1_excitatory_interneuron/results/23C/passive/convergence/dt_0p025__dlambda_0p2/trace_m0p010_nA.csv,L292-E1-LCN,Raw or summarized evidence for a model result,65848825036ce80aba28b95bc4fd29d58eba9566536ae95280dce78c79c54e22,1615716,retained,generated,current/supporting
cells/L292_E1_excitatory_interneuron/results/23C/passive/convergence/dt_0p025__dlambda_0p2/trace_p0p000_nA.csv,L292-E1-LCN,Raw or summarized evidence for a model result,2ea505758053cf010c80193e5c59a0305c1a4c8c80141a140867cec62dca68c0,1615716,retained,generated,current/supporting
cells/L292_E1_excitatory_interneuron/results/23C/passive/convergence/dt_0p025__dlambda_0p2/validation.svg,L292-E1-LCN,"Visualization of morphology, simulation, or validation output",4d6e3015530a81aa8d9fd2b1c6a02ad31542fb69a50c5cf2bf0c88a9f1cf63fd,70276,retained,generated,current/supporting
cells/L292_E1_excitatory_interneuron/results/23C/passive/convergence/dt_0p05__dlambda_0p05/metrics.csv,L292-E1-LCN,Raw or summarized evidence for a model result,9c0e6822bfd767ca725a680e40777b8acb7ef292581d7406e20bb682f3f3f425,649,retained,generated,current/supporting
cells/L292_E1_excitatory_interneuron/results/23C/passive/convergence/dt_0p05__dlambda_0p05/section_inventory.json,L292-E1-LCN,Project metadata or historical artifact,90eb09bb208602fbeddc7d06d06aaccf86b4324b266aa5f4f6b7be1bd60c0f31,258711,retained,source,current/supporting
cells/L292_E1_excitatory_interneuron/results/23C/passive/convergence/dt_0p05__dlambda_0p05/summary.json,L292-E1-LCN,Project metadata or historical artifact,92ee28053982542224521221b4408155b9a6453fc8d2350d6bea5ac570fdd8f2,4987,retained,source,current/supporting
cells/L292_E1_excitatory_interneuron/results/23C/passive/convergence/dt_0p05__dlambda_0p05/trace_m0p010_nA.csv,L292-E1-LCN,Raw or summarized evidence for a model result,27ebabba427cdc6133642c9ba610cce6b0056ad83bc206651db7e0a5c46014a0,807916,retained,generated,current/supporting
cells/L292_E1_excitatory_interneuron/results/23C/passive/convergence/dt_0p05__dlambda_0p05/trace_p0p000_nA.csv,L292-E1-LCN,Raw or summarized evidence for a model result,20449bb014c397458ce4eb2cf9076c7f54f873d9f214ef10f58fc4ba00e7f091,807916,retained,generated,current/supporting
cells/L292_E1_excitatory_interneuron/results/23C/passive/convergence/dt_0p05__dlambda_0p05/validation.svg,L292-E1-LCN,"Visualization of morphology, simulation, or validation output",05a95efdb966075e46b933230aa5cb56db8f6e39affcb5203a4ffe3c57e70c7f,70276,retained,generated,current/supporting
cells/L292_E1_excitatory_interneuron/results/23C/passive/convergence/dt_0p05__dlambda_0p1/metrics.csv,L292-E1-LCN,Raw or summarized evidence for a model result,deaa467a4642f048f153a9415f786d09c58336c0d05709522ad9bbae6547fafe,650,retained,generated,current/supporting
cells/L292_E1_excitatory_interneuron/results/23C/passive/convergence/dt_0p05__dlambda_0p1/section_inventory.json,L292-E1-LCN,Project metadata or historical artifact,f0472d1af1fdb35ababf896030cc9cd71ccd6bf13637dab830ece382bcb9e11b,258578,retained,source,current/supporting
cells/L292_E1_excitatory_interneuron/results/23C/passive/convergence/dt_0p05__dlambda_0p1/summary.json,L292-E1-LCN,Project metadata or historical artifact,7be9c28c8bb4acefb0a62178e53c10dfe23ae47f71dd8a68a7666cc19d5d997c,4988,retained,source,current/supporting
cells/L292_E1_excitatory_interneuron/results/23C/passive/convergence/dt_0p05__dlambda_0p1/trace_m0p010_nA.csv,L292-E1-LCN,Raw or summarized evidence for a model result,af32defb892348bde581ed19ed6432db5c7fc5a1dcdb6964955dcc2f9bac338a,807916,retained,generated,current/supporting
cells/L292_E1_excitatory_interneuron/results/23C/passive/convergence/dt_0p05__dlambda_0p1/trace_p0p000_nA.csv,L292-E1-LCN,Raw or summarized evidence for a model result,20449bb014c397458ce4eb2cf9076c7f54f873d9f214ef10f58fc4ba00e7f091,807916,retained,generated,current/supporting
cells/L292_E1_excitatory_interneuron/results/23C/passive/convergence/dt_0p05__dlambda_0p1/validation.svg,L292-E1-LCN,"Visualization of morphology, simulation, or validation output",e22ff366bd9eee4184054573e90cdcfcfb77f93efa85b4fad329d0d2299b9c81,70276,retained,generated,current/supporting
cells/L292_E1_excitatory_interneuron/results/23C/passive/convergence/dt_0p05__dlambda_0p2/metrics.csv,L292-E1-LCN,Raw or summarized evidence for a model result,165dcae1f3498d33fd3b36ae316df6a71a2f0e7cb2e9f9619e508624e07cdc79,650,retained,generated,current/supporting
cells/L292_E1_excitatory_interneuron/results/23C/passive/convergence/dt_0p05__dlambda_0p2/section_inventory.json,L292-E1-LCN,Project metadata or historical artifact,930aeaf72ff1a2c0b808e643579313f26e5287bc5576fda5f54956ec172a96a2,258508,retained,source,current/supporting
cells/L292_E1_excitatory_interneuron/results/23C/passive/convergence/dt_0p05__dlambda_0p2/summary.json,L292-E1-LCN,Project metadata or historical artifact,0f9fcab6e1bf1f2eec4e4e28635f13e304788b6d297271eab93f9112656c9ea7,4988,retained,source,current/supporting
cells/L292_E1_excitatory_interneuron/results/23C/passive/convergence/dt_0p05__dlambda_0p2/trace_m0p010_nA.csv,L292-E1-LCN,Raw or summarized evidence for a model result,f236b616cdf776bc4a5179910b4321a302621215b498ed792323b8f103d1aa18,807916,retained,generated,current/supporting
cells/L292_E1_excitatory_interneuron/results/23C/passive/convergence/dt_0p05__dlambda_0p2/trace_p0p000_nA.csv,L292-E1-LCN,Raw or summarized evidence for a model result,20449bb014c397458ce4eb2cf9076c7f54f873d9f214ef10f58fc4ba00e7f091,807916,retained,generated,current/supporting
cells/L292_E1_excitatory_interneuron/results/23C/passive/convergence/dt_0p05__dlambda_0p2/validation.svg,L292-E1-LCN,"Visualization of morphology, simulation, or validation output",fdbc3a2c291b2c0a2ba17a558284f176daabe0c47ed7c957b15361e8073d926d,70276,retained,generated,current/supporting
cells/L292_E1_excitatory_interneuron/results/23C/passive/convergence/SUPERSEDED.md,L292-E1-LCN,"Scientific interpretation, provenance, or run documentation",86f1b2bb3851ef2ff1233709b2395c3d4798b1ff2879863c33b07f22c8934c83,394,retained,source,current/supporting
cells/L292_E1_excitatory_interneuron/results/23C/passive/convergence_strict_dlambda/convergence.csv,L292-E1-LCN,Raw or summarized evidence for a model result,28f7514a5a1029cd0c36b82507b3e5d55bddd975232e765f6c144ac94f83f107,2243,retained,generated,current/supporting
cells/L292_E1_excitatory_interneuron/results/23C/passive/convergence_strict_dlambda/convergence.json,L292-E1-LCN,Project metadata or historical artifact,d4f039d6065f943d359ac61bc447ff1a0213f86f696d2723b420fb6d9f4c386c,6300,retained,source,current/supporting
cells/L292_E1_excitatory_interneuron/results/23C/passive/convergence_strict_dlambda/dt_0p0125__dlambda_0p05/metrics.csv,L292-E1-LCN,Raw or summarized evidence for a model result,d46b49ad6f2bd34b458805a4424d181573b80e3ee7e84ee5bc957a800da742a9,669,retained,generated,current/supporting
cells/L292_E1_excitatory_interneuron/results/23C/passive/convergence_strict_dlambda/dt_0p0125__dlambda_0p05/section_inventory.json,L292-E1-LCN,Project metadata or historical artifact,2c634586ad002c1800ca63b405a9091498c42fb27a99ecbca626a5a5a360353a,426845,retained,source,current/supporting
cells/L292_E1_excitatory_interneuron/results/23C/passive/convergence_strict_dlambda/dt_0p0125__dlambda_0p05/summary.json,L292-E1-LCN,Project metadata or historical artifact,310b569dc673db41e979cc80ff1e9544f396d8e365c888fa35fed7c650e14456,5476,retained,source,current/supporting
cells/L292_E1_excitatory_interneuron/results/23C/passive/convergence_strict_dlambda/dt_0p0125__dlambda_0p05/trace_m0p010_nA.csv,L292-E1-LCN,Raw or summarized evidence for a model result,a0572452f5d404516222d7ac923eb3b594287f6705be15562d0de5936f4a8757,3231316,retained,generated,current/supporting
cells/L292_E1_excitatory_interneuron/results/23C/passive/convergence_strict_dlambda/dt_0p0125__dlambda_0p05/trace_p0p000_nA.csv,L292-E1-LCN,Raw or summarized evidence for a model result,068adbac6fa81087f756aed0a925bb8f0abc757e93246887a684f46f689d1c77,3231316,retained,generated,current/supporting
cells/L292_E1_excitatory_interneuron/results/23C/passive/convergence_strict_dlambda/dt_0p0125__dlambda_0p05/validation.svg,L292-E1-LCN,"Visualization of morphology, simulation, or validation output",76d2d97c3fdd17720442eb6dae23af46391cddf29b1350954f4291b8b0cd219a,70276,retained,generated,current/supporting
cells/L292_E1_excitatory_interneuron/results/23C/passive/convergence_strict_dlambda/dt_0p0125__dlambda_0p1/metrics.csv,L292-E1-LCN,Raw or summarized evidence for a model result,7cb41482a9521845b26cf5eeffc292b0a1807e93c5fe7fc21681144f45728ec3,668,retained,generated,current/supporting
cells/L292_E1_excitatory_interneuron/results/23C/passive/convergence_strict_dlambda/dt_0p0125__dlambda_0p1/section_inventory.json,L292-E1-LCN,Project metadata or historical artifact,8b9182aebba20ef4ef878c15e3644bc0adf99e6c644a535a78411ff1f3691751,426443,retained,source,current/supporting
cells/L292_E1_excitatory_interneuron/results/23C/passive/convergence_strict_dlambda/dt_0p0125__dlambda_0p1/summary.json,L292-E1-LCN,Project metadata or historical artifact,9476be0c4e34bc9e079c44a25eece6428bd11181565d68d618a3784783bc9de5,5472,retained,source,current/supporting
cells/L292_E1_excitatory_interneuron/results/23C/passive/convergence_strict_dlambda/dt_0p0125__dlambda_0p1/trace_m0p010_nA.csv,L292-E1-LCN,Raw or summarized evidence for a model result,56a8370fb7e7d74732ff0375bd8d35a70ad026ee2e19af22145a9d7380a68c7e,3231316,retained,generated,current/supporting
cells/L292_E1_excitatory_interneuron/results/23C/passive/convergence_strict_dlambda/dt_0p0125__dlambda_0p1/trace_p0p000_nA.csv,L292-E1-LCN,Raw or summarized evidence for a model result,068adbac6fa81087f756aed0a925bb8f0abc757e93246887a684f46f689d1c77,3231316,retained,generated,current/supporting
cells/L292_E1_excitatory_interneuron/results/23C/passive/convergence_strict_dlambda/dt_0p0125__dlambda_0p1/validation.svg,L292-E1-LCN,"Visualization of morphology, simulation, or validation output",1c8e9e43f69b23d1608760ae9007867d0e1fd5656f72e97b6887dfa997f8f819,70276,retained,generated,current/supporting
cells/L292_E1_excitatory_interneuron/results/23C/passive/convergence_strict_dlambda/dt_0p0125__dlambda_0p2/metrics.csv,L292-E1-LCN,Raw or summarized evidence for a model result,406f51fa29fbae8d3374459e55ed79e7ef51d4724c9b8fb9f3fe74fd5b0f431c,667,retained,generated,current/supporting
cells/L292_E1_excitatory_interneuron/results/23C/passive/convergence_strict_dlambda/dt_0p0125__dlambda_0p2/section_inventory.json,L292-E1-LCN,Project metadata or historical artifact,e591f4c40dbb62b7af9e54dbb4117a802002d26b4060a3373205bc93e9df7043,426243,retained,source,current/supporting
cells/L292_E1_excitatory_interneuron/results/23C/passive/convergence_strict_dlambda/dt_0p0125__dlambda_0p2/summary.json,L292-E1-LCN,Project metadata or historical artifact,1c9790a4965e43285678e38cb778babe44540789842a2abfbb4f0663d004ea26,5470,retained,source,current/supporting
cells/L292_E1_excitatory_interneuron/results/23C/passive/convergence_strict_dlambda/dt_0p0125__dlambda_0p2/trace_m0p010_nA.csv,L292-E1-LCN,Raw or summarized evidence for a model result,b179865f3718b83c2d15cd1cf66167f51731bee0d10d366c4532675bb518544e,3231316,retained,generated,current/supporting
cells/L292_E1_excitatory_interneuron/results/23C/passive/convergence_strict_dlambda/dt_0p0125__dlambda_0p2/trace_p0p000_nA.csv,L292-E1-LCN,Raw or summarized evidence for a model result,068adbac6fa81087f756aed0a925bb8f0abc757e93246887a684f46f689d1c77,3231316,retained,generated,current/supporting
cells/L292_E1_excitatory_interneuron/results/23C/passive/convergence_strict_dlambda/dt_0p0125__dlambda_0p2/validation.svg,L292-E1-LCN,"Visualization of morphology, simulation, or validation output",1b4de2869b136ceefe90f179ee25c5724751b941b7c76d63c6d13b38ecfe960f,70276,retained,generated,current/supporting
cells/L292_E1_excitatory_interneuron/results/23C/passive/convergence_strict_dlambda/dt_0p025__dlambda_0p05/metrics.csv,L292-E1-LCN,Raw or summarized evidence for a model result,244472df866bd52e73906fb2a12e9567d4a8a5dde95859d92c82b7f42606eddf,669,retained,generated,current/supporting
cells/L292_E1_excitatory_interneuron/results/23C/passive/convergence_strict_dlambda/dt_0p025__dlambda_0p05/section_inventory.json,L292-E1-LCN,Project metadata or historical artifact,fa60b530ff5bdaa58c34ccb0c3bc7f1b9c52aadc330a48d47d211035449c3bd2,426845,retained,source,current/supporting
cells/L292_E1_excitatory_interneuron/results/23C/passive/convergence_strict_dlambda/dt_0p025__dlambda_0p05/summary.json,L292-E1-LCN,Project metadata or historical artifact,c088a3773d54b41281ab95f4aa02fbb6ed2f09d69f4374641c3d58af718af1e9,5475,retained,source,current/supporting
cells/L292_E1_excitatory_interneuron/results/23C/passive/convergence_strict_dlambda/dt_0p025__dlambda_0p05/trace_m0p010_nA.csv,L292-E1-LCN,Raw or summarized evidence for a model result,310491f02322c84cbcdf9bbbb912d35d0ff05257806127f047c4349e56f46141,1615716,retained,generated,current/supporting
cells/L292_E1_excitatory_interneuron/results/23C/passive/convergence_strict_dlambda/dt_0p025__dlambda_0p05/trace_p0p000_nA.csv,L292-E1-LCN,Raw or summarized evidence for a model result,2ea505758053cf010c80193e5c59a0305c1a4c8c80141a140867cec62dca68c0,1615716,retained,generated,current/supporting
cells/L292_E1_excitatory_interneuron/results/23C/passive/convergence_strict_dlambda/dt_0p025__dlambda_0p05/validation.svg,L292-E1-LCN,"Visualization of morphology, simulation, or validation output",a7a9ce05af53427de41caf39f16cc09a7e89d67ff4eb4f6de7dae1a480776c20,70276,retained,generated,current/supporting
cells/L292_E1_excitatory_interneuron/results/23C/passive/convergence_strict_dlambda/dt_0p025__dlambda_0p1/metrics.csv,L292-E1-LCN,Raw or summarized evidence for a model result,0d1570588a99e913b613324e4bbe702d9f1f62aaa24a683b6b6aeea500133a72,669,retained,generated,current/supporting
cells/L292_E1_excitatory_interneuron/results/23C/passive/convergence_strict_dlambda/dt_0p025__dlambda_0p1/section_inventory.json,L292-E1-LCN,Project metadata or historical artifact,d0c3e63633ec54722675c34396bc2bee9f979106f3ed592ce6102478873475ff,426443,retained,source,current/supporting
cells/L292_E1_excitatory_interneuron/results/23C/passive/convergence_strict_dlambda/dt_0p025__dlambda_0p1/summary.json,L292-E1-LCN,Project metadata or historical artifact,4c265d940482fc2af5a1b3732cea8435f4c5d668552df56eb05648da97605d17,5473,retained,source,current/supporting
cells/L292_E1_excitatory_interneuron/results/23C/passive/convergence_strict_dlambda/dt_0p025__dlambda_0p1/trace_m0p010_nA.csv,L292-E1-LCN,Raw or summarized evidence for a model result,32e2f8c45ddcad5cccb5081f6fdc4f1991611e2c89427b2016d5a7cf4a073a50,1615716,retained,generated,current/supporting
cells/L292_E1_excitatory_interneuron/results/23C/passive/convergence_strict_dlambda/dt_0p025__dlambda_0p1/trace_p0p000_nA.csv,L292-E1-LCN,Raw or summarized evidence for a model result,2ea505758053cf010c80193e5c59a0305c1a4c8c80141a140867cec62dca68c0,1615716,retained,generated,current/supporting
cells/L292_E1_excitatory_interneuron/results/23C/passive/convergence_strict_dlambda/dt_0p025__dlambda_0p1/validation.svg,L292-E1-LCN,"Visualization of morphology, simulation, or validation output",839569cc4e8687a657d7a8ba4dbbd23f58c1a20dfc1b9e3b05a55bcd3e9ee489,70276,retained,generated,current/supporting
cells/L292_E1_excitatory_interneuron/results/23C/passive/convergence_strict_dlambda/dt_0p025__dlambda_0p2/metrics.csv,L292-E1-LCN,Raw or summarized evidence for a model result,101350863261c0b758d345c47f64164b36f1c066f72572478fb3dfd1b2885d7c,669,retained,generated,current/supporting
cells/L292_E1_excitatory_interneuron/results/23C/passive/convergence_strict_dlambda/dt_0p025__dlambda_0p2/section_inventory.json,L292-E1-LCN,Project metadata or historical artifact,e14933981e17f8765afea1ab83fca76ab5e62aa2f85d4796d9984b6dd4b971bc,426243,retained,source,current/supporting
cells/L292_E1_excitatory_interneuron/results/23C/passive/convergence_strict_dlambda/dt_0p025__dlambda_0p2/summary.json,L292-E1-LCN,Project metadata or historical artifact,35a411932bb841d746a1f13adfb16ae0a76ad2181d58650843dff55a4416a75b,5473,retained,source,current/supporting
cells/L292_E1_excitatory_interneuron/results/23C/passive/convergence_strict_dlambda/dt_0p025__dlambda_0p2/trace_m0p010_nA.csv,L292-E1-LCN,Raw or summarized evidence for a model result,b25e2664e37e0d470095e6e9282a0e3d753507d12bbfecee4cef713de4fcbc74,1615716,retained,generated,current/supporting
cells/L292_E1_excitatory_interneuron/results/23C/passive/convergence_strict_dlambda/dt_0p025__dlambda_0p2/trace_p0p000_nA.csv,L292-E1-LCN,Raw or summarized evidence for a model result,2ea505758053cf010c80193e5c59a0305c1a4c8c80141a140867cec62dca68c0,1615716,retained,generated,current/supporting
cells/L292_E1_excitatory_interneuron/results/23C/passive/convergence_strict_dlambda/dt_0p025__dlambda_0p2/validation.svg,L292-E1-LCN,"Visualization of morphology, simulation, or validation output",4dd88ebf33ddb92440ace5f8b25bb855cfc20f830f7108d62709803e1db0a5ab,70276,retained,generated,current/supporting
cells/L292_E1_excitatory_interneuron/results/23C/passive/convergence_strict_dlambda/dt_0p05__dlambda_0p05/metrics.csv,L292-E1-LCN,Raw or summarized evidence for a model result,0f86d4afeea1e91514984b3f4e6c2be6969eeafa84b008c8d18b16d3551096f1,649,retained,generated,current/supporting
cells/L292_E1_excitatory_interneuron/results/23C/passive/convergence_strict_dlambda/dt_0p05__dlambda_0p05/section_inventory.json,L292-E1-LCN,Project metadata or historical artifact,58eed09f97c63dba22d66deeccafe064ed5967ffbaf76bf1ac60c3e4fba9a176,426845,retained,source,current/supporting
cells/L292_E1_excitatory_interneuron/results/23C/passive/convergence_strict_dlambda/dt_0p05__dlambda_0p05/summary.json,L292-E1-LCN,Project metadata or historical artifact,fae6ed19756b6c7ac7c6d220f70b35a169060df85cc8571dfe22435c64ac8fab,5434,retained,source,current/supporting
cells/L292_E1_excitatory_interneuron/results/23C/passive/convergence_strict_dlambda/dt_0p05__dlambda_0p05/trace_m0p010_nA.csv,L292-E1-LCN,Raw or summarized evidence for a model result,f298a0b15e15ff66fb1da84a642bcd366d1bfe4d5f4f071876d24c8eef97e58f,807916,retained,generated,current/supporting
cells/L292_E1_excitatory_interneuron/results/23C/passive/convergence_strict_dlambda/dt_0p05__dlambda_0p05/trace_p0p000_nA.csv,L292-E1-LCN,Raw or summarized evidence for a model result,20449bb014c397458ce4eb2cf9076c7f54f873d9f214ef10f58fc4ba00e7f091,807916,retained,generated,current/supporting
cells/L292_E1_excitatory_interneuron/results/23C/passive/convergence_strict_dlambda/dt_0p05__dlambda_0p05/validation.svg,L292-E1-LCN,"Visualization of morphology, simulation, or validation output",c27deb3891fd5e8f2b7c204dc37e254f1d34ed5f76b8caedfbe0f7a36a425487,70276,retained,generated,current/supporting
cells/L292_E1_excitatory_interneuron/results/23C/passive/convergence_strict_dlambda/dt_0p05__dlambda_0p1/metrics.csv,L292-E1-LCN,Raw or summarized evidence for a model result,0e78178325192728131494d64ffa5326669f8b52750a7d4187c0db481cc3b625,651,retained,generated,current/supporting
cells/L292_E1_excitatory_interneuron/results/23C/passive/convergence_strict_dlambda/dt_0p05__dlambda_0p1/section_inventory.json,L292-E1-LCN,Project metadata or historical artifact,254cb8f854f34348ba5f2f3092c1e410946a61d7ee38d38ab69422a3ced01fb2,426443,retained,source,current/supporting
cells/L292_E1_excitatory_interneuron/results/23C/passive/convergence_strict_dlambda/dt_0p05__dlambda_0p1/summary.json,L292-E1-LCN,Project metadata or historical artifact,b16450a5b1e4a3623c325d0bc7a259e411c19be3228c1366595927d5d39c171c,5436,retained,source,current/supporting
cells/L292_E1_excitatory_interneuron/results/23C/passive/convergence_strict_dlambda/dt_0p05__dlambda_0p1/trace_m0p010_nA.csv,L292-E1-LCN,Raw or summarized evidence for a model result,bce166362165504bb973a4df5d7673a772613a4d66565296951de17ca5360e87,807916,retained,generated,current/supporting
cells/L292_E1_excitatory_interneuron/results/23C/passive/convergence_strict_dlambda/dt_0p05__dlambda_0p1/trace_p0p000_nA.csv,L292-E1-LCN,Raw or summarized evidence for a model result,20449bb014c397458ce4eb2cf9076c7f54f873d9f214ef10f58fc4ba00e7f091,807916,retained,generated,current/supporting
cells/L292_E1_excitatory_interneuron/results/23C/passive/convergence_strict_dlambda/dt_0p05__dlambda_0p1/validation.svg,L292-E1-LCN,"Visualization of morphology, simulation, or validation output",c16fb8c0ce784b20387613a2da535f0a4f7c8e6d2264feddefdb14ca3e40f658,70276,retained,generated,current/supporting
cells/L292_E1_excitatory_interneuron/results/23C/passive/convergence_strict_dlambda/dt_0p05__dlambda_0p2/metrics.csv,L292-E1-LCN,Raw or summarized evidence for a model result,04124d7f3b6d8e93cf494a7eecafef92e21a7baeff995adaf237b8e15d5a211c,649,retained,generated,current/supporting
cells/L292_E1_excitatory_interneuron/results/23C/passive/convergence_strict_dlambda/dt_0p05__dlambda_0p2/section_inventory.json,L292-E1-LCN,Project metadata or historical artifact,59bccf7bd5e5dc6121213e68e383bc3afdb4f068827ae82fc84b535b70b238e7,426243,retained,source,current/supporting
cells/L292_E1_excitatory_interneuron/results/23C/passive/convergence_strict_dlambda/dt_0p05__dlambda_0p2/summary.json,L292-E1-LCN,Project metadata or historical artifact,c418024869fbccbf53a7a38ecc36b9948f07856ab22b4a66e1964a5661206c96,5432,retained,source,current/supporting
cells/L292_E1_excitatory_interneuron/results/23C/passive/convergence_strict_dlambda/dt_0p05__dlambda_0p2/trace_m0p010_nA.csv,L292-E1-LCN,Raw or summarized evidence for a model result,6a004185e25abc4d439ef35f61b57abdf4736831842a8c0f256a26a72620aa24,807916,retained,generated,current/supporting
cells/L292_E1_excitatory_interneuron/results/23C/passive/convergence_strict_dlambda/dt_0p05__dlambda_0p2/trace_p0p000_nA.csv,L292-E1-LCN,Raw or summarized evidence for a model result,20449bb014c397458ce4eb2cf9076c7f54f873d9f214ef10f58fc4ba00e7f091,807916,retained,generated,current/supporting
cells/L292_E1_excitatory_interneuron/results/23C/passive/convergence_strict_dlambda/dt_0p05__dlambda_0p2/validation.svg,L292-E1-LCN,"Visualization of morphology, simulation, or validation output",53ae35dfa7e1472d3b34902478671f7d511336c164aa2d155028d91205b887b3,70276,retained,generated,current/supporting
cells/L292_E1_excitatory_interneuron/results/23C/passive/final/metrics.csv,L292-E1-LCN,Raw or summarized evidence for a model result,39d22a5210cf383d07ebc0d9360ebc763d1deef710900e3ff8ae6096518464c1,1060,retained,generated,current/supporting
cells/L292_E1_excitatory_interneuron/results/23C/passive/final/section_inventory.json,L292-E1-LCN,Project metadata or historical artifact,9fe84aceecb19128f68281e6ea64b5dd1409011f8cee7b9a22171a7580cb16dc,426433,retained,source,current/supporting
cells/L292_E1_excitatory_interneuron/results/23C/passive/final/summary.json,L292-E1-LCN,Project metadata or historical artifact,0ad72e6977352a97153a39f06d446b738a6fb795841761e3438b7e22ad36da58,7942,retained,source,current/supporting
cells/L292_E1_excitatory_interneuron/results/23C/passive/final/SUPERSEDED.md,L292-E1-LCN,"Scientific interpretation, provenance, or run documentation",06afe9fbe1a036f6acaf7608980146cf02ecdba15fe403928ba2d12b01a64619,376,retained,source,current/supporting
cells/L292_E1_excitatory_interneuron/results/23C/passive/final/trace_m0p005_nA.csv,L292-E1-LCN,Raw or summarized evidence for a model result,4e5e4966c938affc0a43a70f87f74046b6cf3e36650f61cfc5db4daa9c99d008,1615716,retained,generated,current/supporting
cells/L292_E1_excitatory_interneuron/results/23C/passive/final/trace_m0p010_nA.csv,L292-E1-LCN,Raw or summarized evidence for a model result,1a23f1bffbaafb9a9fdc7616a55367439cd63f48b24697c0c3648655179d23b4,1615716,retained,generated,current/supporting
cells/L292_E1_excitatory_interneuron/results/23C/passive/final/trace_m0p020_nA.csv,L292-E1-LCN,Raw or summarized evidence for a model result,236c6ec67aa62fd07d8c08d1fb9cf4c9ac37c08f7d8db39a51c9869fb0a4e04e,1615716,retained,generated,current/supporting
cells/L292_E1_excitatory_interneuron/results/23C/passive/final/trace_p0p000_nA.csv,L292-E1-LCN,Raw or summarized evidence for a model result,2ea505758053cf010c80193e5c59a0305c1a4c8c80141a140867cec62dca68c0,1615716,retained,generated,current/supporting
cells/L292_E1_excitatory_interneuron/results/23C/passive/final/validation.svg,L292-E1-LCN,"Visualization of morphology, simulation, or validation output",e1a4839f854221eb1f3f1b7730346fe854b873562433ac73068b16ef0e8ed665,141045,retained,generated,current/supporting
cells/L292_E1_excitatory_interneuron/results/23C/passive/final_strict_dlambda/metrics.csv,L292-E1-LCN,Raw or summarized evidence for a model result,2a576fb1d913e72d16dcec14ac3f9459222c3267a8806db6887300a0e13fede6,1059,retained,generated,current/supporting
cells/L292_E1_excitatory_interneuron/results/23C/passive/final_strict_dlambda/section_inventory.json,L292-E1-LCN,Project metadata or historical artifact,00e807b0793b742fc4884857872d2f0ce6106f199694e7f03507e9e7f09cf2f1,426443,retained,source,current/supporting
cells/L292_E1_excitatory_interneuron/results/23C/passive/final_strict_dlambda/summary.json,L292-E1-LCN,Project metadata or historical artifact,8f6b0177b5043d3b73d300aa92c870f5b47bc9559725b6c8f2e7105b373572b8,7940,retained,source,current/supporting
cells/L292_E1_excitatory_interneuron/results/23C/passive/final_strict_dlambda/trace_m0p005_nA.csv,L292-E1-LCN,Raw or summarized evidence for a model result,80c23dafa61ca070fb88629b800ec41a684b4a3ccd2362bac7b6f6d81f0f1190,1615716,retained,generated,current/supporting
cells/L292_E1_excitatory_interneuron/results/23C/passive/final_strict_dlambda/trace_m0p010_nA.csv,L292-E1-LCN,Raw or summarized evidence for a model result,32e2f8c45ddcad5cccb5081f6fdc4f1991611e2c89427b2016d5a7cf4a073a50,1615716,retained,generated,current/supporting
cells/L292_E1_excitatory_interneuron/results/23C/passive/final_strict_dlambda/trace_m0p020_nA.csv,L292-E1-LCN,Raw or summarized evidence for a model result,abb7c704d8c4402f8edf998bd9216f616d468269f185fb3052c305314a1ec60b,1615716,retained,generated,current/supporting
cells/L292_E1_excitatory_interneuron/results/23C/passive/final_strict_dlambda/trace_p0p000_nA.csv,L292-E1-LCN,Raw or summarized evidence for a model result,2ea505758053cf010c80193e5c59a0305c1a4c8c80141a140867cec62dca68c0,1615716,retained,generated,current/supporting
cells/L292_E1_excitatory_interneuron/results/23C/passive/final_strict_dlambda/validation.svg,L292-E1-LCN,"Visualization of morphology, simulation, or validation output",d6688418d3b934ae68658b35454591bdc8035c92ef240021954024447db5b82a,141045,retained,generated,current/supporting
cells/L292_E1_excitatory_interneuron/results/23C/passive/morphology_qa.json,L292-E1-LCN,Project metadata or historical artifact,b79c3b8038697ade8198165397e6b07ae8af61b76cd6536fb27ffa72294b03a4,8913,retained,source,current/supporting
cells/L292_E1_excitatory_interneuron/results/23C/passive/trials/candidate_gpas_2p9e-5/metrics.csv,L292-E1-LCN,Raw or summarized evidence for a model result,c256f7e5271b58d8b558e724d29b7e65f1899e9254219263bfe5fe0ca3772f44,785,retained development evidence,generated,historical/diagnostic
cells/L292_E1_excitatory_interneuron/results/23C/passive/trials/candidate_gpas_2p9e-5/section_inventory.json,L292-E1-LCN,Project metadata or historical artifact,4d539dfa6a631dcdf04d37350bef29386c244cc87c21869318f90068b1b54521,258578,retained development evidence,source,historical/diagnostic
cells/L292_E1_excitatory_interneuron/results/23C/passive/trials/candidate_gpas_2p9e-5/summary.json,L292-E1-LCN,Project metadata or historical artifact,98a806a62d6f127bb75d4a9df7700444cc561d41762635a3bb4f5fade004438e,6180,retained development evidence,source,historical/diagnostic
cells/L292_E1_excitatory_interneuron/results/23C/passive/trials/candidate_gpas_2p9e-5/trace_m0p005_nA.csv,L292-E1-LCN,Raw or summarized evidence for a model result,4e5e4966c938affc0a43a70f87f74046b6cf3e36650f61cfc5db4daa9c99d008,1615716,retained development evidence,generated,historical/diagnostic
cells/L292_E1_excitatory_interneuron/results/23C/passive/trials/candidate_gpas_2p9e-5/trace_m0p010_nA.csv,L292-E1-LCN,Raw or summarized evidence for a model result,1a23f1bffbaafb9a9fdc7616a55367439cd63f48b24697c0c3648655179d23b4,1615716,retained development evidence,generated,historical/diagnostic
cells/L292_E1_excitatory_interneuron/results/23C/passive/trials/candidate_gpas_2p9e-5/trace_m0p020_nA.csv,L292-E1-LCN,Raw or summarized evidence for a model result,236c6ec67aa62fd07d8c08d1fb9cf4c9ac37c08f7d8db39a51c9869fb0a4e04e,1615716,retained development evidence,generated,historical/diagnostic
cells/L292_E1_excitatory_interneuron/results/23C/passive/trials/candidate_gpas_2p9e-5/trace_p0p000_nA.csv,L292-E1-LCN,Raw or summarized evidence for a model result,2ea505758053cf010c80193e5c59a0305c1a4c8c80141a140867cec62dca68c0,1615716,retained development evidence,generated,historical/diagnostic
cells/L292_E1_excitatory_interneuron/results/23C/passive/trials/candidate_gpas_2p9e-5/validation.svg,L292-E1-LCN,"Visualization of morphology, simulation, or validation output",e1a4839f854221eb1f3f1b7730346fe854b873562433ac73068b16ef0e8ed665,141045,retained development evidence,generated,historical/diagnostic
cells/L292_E1_excitatory_interneuron/results/23C/passive/trials/candidate_gpas_3e-5/metrics.csv,L292-E1-LCN,Raw or summarized evidence for a model result,1d74c57416196b5fda6886b61caf76839a7bab8f0e0f6c1b5aed173c512b4290,780,retained development evidence,generated,historical/diagnostic
cells/L292_E1_excitatory_interneuron/results/23C/passive/trials/candidate_gpas_3e-5/section_inventory.json,L292-E1-LCN,Project metadata or historical artifact,fc58f5421af32f158a909fe49f58c224b120dc3714aa7d1ce0b315ac1da2428f,258578,retained development evidence,source,historical/diagnostic
cells/L292_E1_excitatory_interneuron/results/23C/passive/trials/candidate_gpas_3e-5/summary.json,L292-E1-LCN,Project metadata or historical artifact,0ac80a4f8366baaa188d07de3af25dc596016b0f9d40040723b516520e0fb7cb,6173,retained development evidence,source,historical/diagnostic
cells/L292_E1_excitatory_interneuron/results/23C/passive/trials/candidate_gpas_3e-5/trace_m0p005_nA.csv,L292-E1-LCN,Raw or summarized evidence for a model result,0624b34ad8c0c9a083bfb91cb51e8551b11452f663d4567547821a8b4881dc10,1615716,retained development evidence,generated,historical/diagnostic
cells/L292_E1_excitatory_interneuron/results/23C/passive/trials/candidate_gpas_3e-5/trace_m0p010_nA.csv,L292-E1-LCN,Raw or summarized evidence for a model result,6328dc24befbdfcba0c3416cbf6b90810a0ce699e07e2a22a4aa1aa76c39c648,1615716,retained development evidence,generated,historical/diagnostic
cells/L292_E1_excitatory_interneuron/results/23C/passive/trials/candidate_gpas_3e-5/trace_m0p020_nA.csv,L292-E1-LCN,Raw or summarized evidence for a model result,dd4379452260db38213ce6bf16c16c903334efa17c119730a3f7b667dd994cb5,1615716,retained development evidence,generated,historical/diagnostic
cells/L292_E1_excitatory_interneuron/results/23C/passive/trials/candidate_gpas_3e-5/trace_p0p000_nA.csv,L292-E1-LCN,Raw or summarized evidence for a model result,2ea505758053cf010c80193e5c59a0305c1a4c8c80141a140867cec62dca68c0,1615716,retained development evidence,generated,historical/diagnostic
cells/L292_E1_excitatory_interneuron/results/23C/passive/trials/candidate_gpas_3e-5/validation.svg,L292-E1-LCN,"Visualization of morphology, simulation, or validation output",904cac5a679c321d3523c0ffabca7d46b005aa7eb9fba66eb752903d0ee7d44b,141034,retained development evidence,generated,historical/diagnostic
cells/L292_E1_excitatory_interneuron/results/23C/passive/trials/starting_medlock_gpas/metrics.csv,L292-E1-LCN,Raw or summarized evidence for a model result,3ba56e0bbd4233da1357b9e4371589e15e884979f056947fd47b790513c8552a,783,retained development evidence,generated,historical/diagnostic
cells/L292_E1_excitatory_interneuron/results/23C/passive/trials/starting_medlock_gpas/section_inventory.json,L292-E1-LCN,Project metadata or historical artifact,dad54f0bd70fec2bae28ef3d078aae163d7817d04fe7f8d04543b5e80cb44ce0,258578,retained development evidence,source,historical/diagnostic
cells/L292_E1_excitatory_interneuron/results/23C/passive/trials/starting_medlock_gpas/summary.json,L292-E1-LCN,Project metadata or historical artifact,c3e46aafc63a47d0ca65e6a3056a848c7c3687d12c04cdd0481ca3f2661f4423,6177,retained development evidence,source,historical/diagnostic
cells/L292_E1_excitatory_interneuron/results/23C/passive/trials/starting_medlock_gpas/trace_m0p005_nA.csv,L292-E1-LCN,Raw or summarized evidence for a model result,4047a15f8e18d40213468f90632cb582cc8d90d897ccbf8b080d294bbb76e4db,1615716,retained development evidence,generated,historical/diagnostic
cells/L292_E1_excitatory_interneuron/results/23C/passive/trials/starting_medlock_gpas/trace_m0p010_nA.csv,L292-E1-LCN,Raw or summarized evidence for a model result,183a02e866f70fb763cd0b4e169a870ef6ef44e9cc065025d894db2b3540ff28,1615716,retained development evidence,generated,historical/diagnostic
cells/L292_E1_excitatory_interneuron/results/23C/passive/trials/starting_medlock_gpas/trace_m0p020_nA.csv,L292-E1-LCN,Raw or summarized evidence for a model result,8d18580ff7edc0e2104db2a49e2ce1c6d272c0ecf765eff03af11d98845515b4,1615716,retained development evidence,generated,historical/diagnostic
cells/L292_E1_excitatory_interneuron/results/23C/passive/trials/starting_medlock_gpas/trace_p0p000_nA.csv,L292-E1-LCN,Raw or summarized evidence for a model result,2ea505758053cf010c80193e5c59a0305c1a4c8c80141a140867cec62dca68c0,1615716,retained development evidence,generated,historical/diagnostic
cells/L292_E1_excitatory_interneuron/results/23C/passive/trials/starting_medlock_gpas/validation.svg,L292-E1-LCN,"Visualization of morphology, simulation, or validation output",8702bea773c29d3579fa59264c5ae546f7c21dffeef1a864a861a233519557d8,140948,retained development evidence,generated,historical/diagnostic
cells/L292_E1_excitatory_interneuron/results/35C/delayed_excitatory/initial_translation/metrics.csv,L292-E1-LCN,Raw or summarized evidence for a model result,dd4e12967548fc59d8e16f159f1c6f96ce48fbc078de5ff74c632387081fc2c8,1918,retained development evidence,generated,historical/diagnostic
cells/L292_E1_excitatory_interneuron/results/35C/delayed_excitatory/initial_translation/section_inventory.json,L292-E1-LCN,Project metadata or historical artifact,328fd66cd48258a3bfdcb47824ea5bd63af9c58fd6df970690c9048083331a3d,426445,retained development evidence,source,historical/diagnostic
cells/L292_E1_excitatory_interneuron/results/35C/delayed_excitatory/initial_translation/summary.json,L292-E1-LCN,Project metadata or historical artifact,6e7bfb735f77b9cad4b0a8d04c1b414593d61fccf5fc9cb43a5d93cbb31080ec,12068,retained development evidence,source,historical/diagnostic
cells/L292_E1_excitatory_interneuron/results/35C/delayed_excitatory/initial_translation/trace_m0p020_nA.csv,L292-E1-LCN,Raw or summarized evidence for a model result,0a17ad85be2474a47e6079feb7c7ff43826b79e0e99e81c70949c2ca3f249d4f,2163717,retained development evidence,generated,historical/diagnostic
cells/L292_E1_excitatory_interneuron/results/35C/delayed_excitatory/initial_translation/trace_p0p000_nA.csv,L292-E1-LCN,Raw or summarized evidence for a model result,508b755afa33af30858c704bf846337e4ede3bd863ec3c9951d73c0e8d6b9601,2163717,retained development evidence,generated,historical/diagnostic
cells/L292_E1_excitatory_interneuron/results/35C/delayed_excitatory/initial_translation/trace_p0p370_nA.csv,L292-E1-LCN,Raw or summarized evidence for a model result,5380f11a231794b99850681bf7dc06c2e52d033b903331e316f52e54a435d744,2163717,retained development evidence,generated,historical/diagnostic
cells/L292_E1_excitatory_interneuron/results/35C/delayed_excitatory/initial_translation/trace_p0p380_nA.csv,L292-E1-LCN,Raw or summarized evidence for a model result,c46fcd2735f3c83e450e1dc2fa7730611d382f3b5d09c73fa5d4cbb3d67c392e,2163717,retained development evidence,generated,historical/diagnostic
cells/L292_E1_excitatory_interneuron/results/35C/delayed_excitatory/initial_translation/trace_p0p390_nA.csv,L292-E1-LCN,Raw or summarized evidence for a model result,713e48fb36993b39b9795a5a13fcb838453f93a04dbc609cbb3d67f63a9b3433,2163355,retained development evidence,generated,historical/diagnostic
cells/L292_E1_excitatory_interneuron/results/35C/delayed_excitatory/initial_translation/trace_p0p750_nA.csv,L292-E1-LCN,Raw or summarized evidence for a model result,8765d46339d0fa388d30e69a872c48494562f16a2570dd690bc867b113170fd2,2161733,retained development evidence,generated,historical/diagnostic
cells/L292_E1_excitatory_interneuron/results/35C/delayed_excitatory/initial_translation/trace_p1p000_nA.csv,L292-E1-LCN,Raw or summarized evidence for a model result,26fdf17fff0edd3cdcbc3c01002d843c36a7da7424b73d5ec34ba144ab68446c,2163515,retained development evidence,generated,historical/diagnostic
cells/L292_E1_excitatory_interneuron/results/35C/delayed_excitatory/initial_translation/validation.svg,L292-E1-LCN,"Visualization of morphology, simulation, or validation output",f22841b14a335b3c0ac63ef5eeff82e32e748998ca943d0e8bd4bbc33436a48d,252008,retained development evidence,generated,historical/diagnostic
cells/L292_E1_excitatory_interneuron/results/35C/delayed_excitatory/intermediate_current_diagnostic/metrics.csv,L292-E1-LCN,Raw or summarized evidence for a model result,9331eee0bd1a12db7f7a4a90941bfa262cb66eb0e19cf1addde4055c09291152,1584,retained,generated,current/supporting
cells/L292_E1_excitatory_interneuron/results/35C/delayed_excitatory/intermediate_current_diagnostic/section_inventory.json,L292-E1-LCN,Project metadata or historical artifact,92226b2c35812a490db18b9963644835652b51c37a923579dde5c9b5e51d1963,426445,retained,source,current/supporting
cells/L292_E1_excitatory_interneuron/results/35C/delayed_excitatory/intermediate_current_diagnostic/summary.json,L292-E1-LCN,Project metadata or historical artifact,13e8cb798e4793363ca9d75412fdba5006b660bd4a47b4ee31895a1e101fab60,8232,retained,source,current/supporting
cells/L292_E1_excitatory_interneuron/results/35C/delayed_excitatory/intermediate_current_diagnostic/trace_p0p450_nA.csv,L292-E1-LCN,Raw or summarized evidence for a model result,ea8738e1ba972ec0caaa1144b15f1c7007549a7c9b4256b57ae27352693320cc,2162501,retained,generated,current/supporting
cells/L292_E1_excitatory_interneuron/results/35C/delayed_excitatory/intermediate_current_diagnostic/trace_p0p550_nA.csv,L292-E1-LCN,Raw or summarized evidence for a model result,e757baf0424347a7ac75e14ab77f84755568728796f764ce55224f0a9ef0e07d,2161845,retained,generated,current/supporting
cells/L292_E1_excitatory_interneuron/results/35C/delayed_excitatory/intermediate_current_diagnostic/trace_p0p650_nA.csv,L292-E1-LCN,Raw or summarized evidence for a model result,2207c57a1bef230a5ea13e43e959f52529c3679cf9904d7293aec9470270cc02,2161565,retained,generated,current/supporting
cells/L292_E1_excitatory_interneuron/results/35C/delayed_excitatory/intermediate_current_diagnostic/trace_p0p700_nA.csv,L292-E1-LCN,Raw or summarized evidence for a model result,dccdbe71eb63e9596573acf7125823750632628011692036b552b2364ec4227a,2161592,retained,generated,current/supporting
cells/L292_E1_excitatory_interneuron/results/35C/delayed_excitatory/intermediate_current_diagnostic/validation.svg,L292-E1-LCN,"Visualization of morphology, simulation, or validation output",65519ecec47c19325f9c2cfa3d057a5b1dac5866715bbbcb5250b416403ec76e,144312,retained,generated,current/supporting
cells/L292_E1_excitatory_interneuron/results/35C/delayed_excitatory/one_factor_block_diagnostics/baseline/metrics.csv,L292-E1-LCN,Raw or summarized evidence for a model result,c0091634f314430eeed33726f71c4e763bde537b6dde65b10ef6e3e753e3b64b,1306,retained development evidence,generated,historical/diagnostic
cells/L292_E1_excitatory_interneuron/results/35C/delayed_excitatory/one_factor_block_diagnostics/baseline/section_inventory.json,L292-E1-LCN,Project metadata or historical artifact,dee41392f3737de335816a7d315bfbfc096fca708430cf7a768625b55d9adb51,426245,retained development evidence,source,historical/diagnostic
cells/L292_E1_excitatory_interneuron/results/35C/delayed_excitatory/one_factor_block_diagnostics/baseline/summary.json,L292-E1-LCN,Project metadata or historical artifact,cd5a959b2d22b4f543c570bd99eae4729d4a6b1811f675064f1c06e56b1ebddc,6882,retained development evidence,source,historical/diagnostic
cells/L292_E1_excitatory_interneuron/results/35C/delayed_excitatory/one_factor_block_diagnostics/baseline/trace_p0p450_nA.csv,L292-E1-LCN,Raw or summarized evidence for a model result,ae0a3bc9d8e6210969109ed381a527ceb79986932899e0a8389378c730c66f9d,1081330,retained development evidence,generated,historical/diagnostic
cells/L292_E1_excitatory_interneuron/results/35C/delayed_excitatory/one_factor_block_diagnostics/baseline/trace_p0p550_nA.csv,L292-E1-LCN,Raw or summarized evidence for a model result,e584bd5cc733f46365bf7f8b3ea251dcf8f570b59bbed7ef44432e6bf891c0e2,1081013,retained development evidence,generated,historical/diagnostic
cells/L292_E1_excitatory_interneuron/results/35C/delayed_excitatory/one_factor_block_diagnostics/baseline/trace_p0p750_nA.csv,L292-E1-LCN,Raw or summarized evidence for a model result,47ea06e55dd168279d5b3961b6dfbfddf7ab157bbe15033cec60532c9cc8c318,1081145,retained development evidence,generated,historical/diagnostic
cells/L292_E1_excitatory_interneuron/results/35C/delayed_excitatory/one_factor_block_diagnostics/baseline/validation.svg,L292-E1-LCN,"Visualization of morphology, simulation, or validation output",eb6e8d2cd2b0a50680f14524facccf7faa32f2bf0c00f9400ca2707a8a87de04,114378,retained development evidence,generated,historical/diagnostic
cells/L292_E1_excitatory_interneuron/results/35C/delayed_excitatory/one_factor_block_diagnostics/borgka_plus10pct/metrics.csv,L292-E1-LCN,Raw or summarized evidence for a model result,fad8dadd676d38d887868edd633eef0d006c5a29e1c6034ac172dd27401a9e34,1300,retained development evidence,generated,historical/diagnostic
cells/L292_E1_excitatory_interneuron/results/35C/delayed_excitatory/one_factor_block_diagnostics/borgka_plus10pct/section_inventory.json,L292-E1-LCN,Project metadata or historical artifact,9aebf48e11ff1a506584825f434fa0ec43dd5cb21173b12a39cea0cad57925b8,426245,retained development evidence,source,historical/diagnostic
cells/L292_E1_excitatory_interneuron/results/35C/delayed_excitatory/one_factor_block_diagnostics/borgka_plus10pct/summary.json,L292-E1-LCN,Project metadata or historical artifact,cedee3a4484b7a918a98d0d3129f01f8c1e287fdda279d640d2c1e8b364f481b,6825,retained development evidence,source,historical/diagnostic
cells/L292_E1_excitatory_interneuron/results/35C/delayed_excitatory/one_factor_block_diagnostics/borgka_plus10pct/trace_p0p450_nA.csv,L292-E1-LCN,Raw or summarized evidence for a model result,c00e4543d23eafe4b51b83b2a710c2e1f5aa4d0b093a558399060b2b782e437e,807367,retained development evidence,generated,historical/diagnostic
cells/L292_E1_excitatory_interneuron/results/35C/delayed_excitatory/one_factor_block_diagnostics/borgka_plus10pct/trace_p0p550_nA.csv,L292-E1-LCN,Raw or summarized evidence for a model result,def139dbdd63813b1ca5f170b975afebb110a1b821efc14f31800f0747799a4d,807032,retained development evidence,generated,historical/diagnostic
cells/L292_E1_excitatory_interneuron/results/35C/delayed_excitatory/one_factor_block_diagnostics/borgka_plus10pct/trace_p0p750_nA.csv,L292-E1-LCN,Raw or summarized evidence for a model result,3e34fdd3ea33d16d9a3385a534e24f431481d43affaf1ef4ca53e23c5d52c026,807105,retained development evidence,generated,historical/diagnostic
cells/L292_E1_excitatory_interneuron/results/35C/delayed_excitatory/one_factor_block_diagnostics/borgka_plus10pct/validation.svg,L292-E1-LCN,"Visualization of morphology, simulation, or validation output",cbd5ee551ec861f7309c61acd7da3dc02790479ea9ed4006722c8bd68a52fe7a,110347,retained development evidence,generated,historical/diagnostic
cells/L292_E1_excitatory_interneuron/results/35C/delayed_excitatory/one_factor_block_diagnostics/HH2K_plus10pct/metrics.csv,L292-E1-LCN,Raw or summarized evidence for a model result,ea9ea157a42b0674877450d8d0349d62de51096dec6822d7d93ec5e754d5ff58,1080,retained development evidence,generated,historical/diagnostic
cells/L292_E1_excitatory_interneuron/results/35C/delayed_excitatory/one_factor_block_diagnostics/HH2K_plus10pct/section_inventory.json,L292-E1-LCN,Project metadata or historical artifact,49d8acc0258e24f29abcef6ac0093d24363e22de93a7f8a776b3fe50517f58e5,426245,retained development evidence,source,historical/diagnostic
cells/L292_E1_excitatory_interneuron/results/35C/delayed_excitatory/one_factor_block_diagnostics/HH2K_plus10pct/summary.json,L292-E1-LCN,Project metadata or historical artifact,80ac8277bfce01128afc75895248fe2172b76051370e422230b438c74765861d,6118,retained development evidence,source,historical/diagnostic
cells/L292_E1_excitatory_interneuron/results/35C/delayed_excitatory/one_factor_block_diagnostics/HH2K_plus10pct/trace_p0p450_nA.csv,L292-E1-LCN,Raw or summarized evidence for a model result,76995072cbc8ac687853d22e9d27b1bfb87b240fb4b3739065f885bb45c0b82b,807432,retained development evidence,generated,historical/diagnostic
cells/L292_E1_excitatory_interneuron/results/35C/delayed_excitatory/one_factor_block_diagnostics/HH2K_plus10pct/trace_p0p550_nA.csv,L292-E1-LCN,Raw or summarized evidence for a model result,59d9f78d36bb02904620c6f4e994bfb4b0a45644d4fcb86c22197555804ec1e0,807080,retained development evidence,generated,historical/diagnostic
cells/L292_E1_excitatory_interneuron/results/35C/delayed_excitatory/one_factor_block_diagnostics/HH2K_plus10pct/trace_p0p750_nA.csv,L292-E1-LCN,Raw or summarized evidence for a model result,afd38e91cdcba9763a1486e7c6a9b9a01b7f4b15dab5837ecda914384bbc6326,807187,retained development evidence,generated,historical/diagnostic
cells/L292_E1_excitatory_interneuron/results/35C/delayed_excitatory/one_factor_block_diagnostics/HH2K_plus10pct/validation.svg,L292-E1-LCN,"Visualization of morphology, simulation, or validation output",22876760b0babfbec5d4627bb9034cf4c21276ac2b04d0cf7fc18e662f6abc66,110324,retained development evidence,generated,historical/diagnostic
cells/L292_E1_excitatory_interneuron/results/35C/delayed_excitatory/one_factor_block_diagnostics/KDRI_plus10pct/metrics.csv,L292-E1-LCN,Raw or summarized evidence for a model result,78bb49d4d6621c83f31753b3afccadf9ffb9383e95d60f05d2d47518728b1f95,1302,retained development evidence,generated,historical/diagnostic
cells/L292_E1_excitatory_interneuron/results/35C/delayed_excitatory/one_factor_block_diagnostics/KDRI_plus10pct/section_inventory.json,L292-E1-LCN,Project metadata or historical artifact,89761d17e7baa62801cb25fc072ec8b8983bfcf01624cbf85421cc70448aec21,426245,retained development evidence,source,historical/diagnostic
cells/L292_E1_excitatory_interneuron/results/35C/delayed_excitatory/one_factor_block_diagnostics/KDRI_plus10pct/summary.json,L292-E1-LCN,Project metadata or historical artifact,549a8bc8e519b62c0e47103f3c0d59e014939c16acd7ee5e4ad12ea19f536082,6852,retained development evidence,source,historical/diagnostic
cells/L292_E1_excitatory_interneuron/results/35C/delayed_excitatory/one_factor_block_diagnostics/KDRI_plus10pct/trace_p0p450_nA.csv,L292-E1-LCN,Raw or summarized evidence for a model result,d171aa553a734dcdfce604407edc73b68ef4c0771116dbb68c8665d2dc592c80,807331,retained development evidence,generated,historical/diagnostic
cells/L292_E1_excitatory_interneuron/results/35C/delayed_excitatory/one_factor_block_diagnostics/KDRI_plus10pct/trace_p0p550_nA.csv,L292-E1-LCN,Raw or summarized evidence for a model result,5685a8268152f0b0ec4520947cf4d99ffb84f313fbab01db67f61ecacf424169,807033,retained development evidence,generated,historical/diagnostic
cells/L292_E1_excitatory_interneuron/results/35C/delayed_excitatory/one_factor_block_diagnostics/KDRI_plus10pct/trace_p0p750_nA.csv,L292-E1-LCN,Raw or summarized evidence for a model result,97f841a1eaabb596f8af89ab31c9c2625e14da714b425d5718f532aa76ff9b4c,807087,retained development evidence,generated,historical/diagnostic
cells/L292_E1_excitatory_interneuron/results/35C/delayed_excitatory/one_factor_block_diagnostics/KDRI_plus10pct/validation.svg,L292-E1-LCN,"Visualization of morphology, simulation, or validation output",4e03dab13251532f601a80f46c2aed860628563275e962b7d5183df7efad08dc,110345,retained development evidence,generated,historical/diagnostic
cells/L292_E1_excitatory_interneuron/results/35C/delayed_excitatory/one_factor_block_diagnostics/sodium_minus10pct/metrics.csv,L292-E1-LCN,Raw or summarized evidence for a model result,a826e985002a91ac4f728556a377900ff60d62e9d7ddab6306397aff6c641c7f,1006,retained development evidence,generated,historical/diagnostic
cells/L292_E1_excitatory_interneuron/results/35C/delayed_excitatory/one_factor_block_diagnostics/sodium_minus10pct/section_inventory.json,L292-E1-LCN,Project metadata or historical artifact,303fcf34911c25081bf422fb8714bfd485910dc2f15458f73e968e2f27201463,426245,retained development evidence,source,historical/diagnostic
cells/L292_E1_excitatory_interneuron/results/35C/delayed_excitatory/one_factor_block_diagnostics/sodium_minus10pct/summary.json,L292-E1-LCN,Project metadata or historical artifact,dd3d6fc03f170935ea639455d14b089509f76c74cb41b4a2650e4033142ff4cb,6013,retained development evidence,source,historical/diagnostic
cells/L292_E1_excitatory_interneuron/results/35C/delayed_excitatory/one_factor_block_diagnostics/sodium_minus10pct/trace_p0p450_nA.csv,L292-E1-LCN,Raw or summarized evidence for a model result,a4832f1a14890bb8a1946b393a5224e0d4f692b5c449abf9d51babc32ae6eba0,807685,retained development evidence,generated,historical/diagnostic
cells/L292_E1_excitatory_interneuron/results/35C/delayed_excitatory/one_factor_block_diagnostics/sodium_minus10pct/trace_p0p550_nA.csv,L292-E1-LCN,Raw or summarized evidence for a model result,a6229086d3e48d70aa9d7bd283bdc93fd308d52080845691ebed448cace02efd,807375,retained development evidence,generated,historical/diagnostic
cells/L292_E1_excitatory_interneuron/results/35C/delayed_excitatory/one_factor_block_diagnostics/sodium_minus10pct/trace_p0p750_nA.csv,L292-E1-LCN,Raw or summarized evidence for a model result,d81560aa89416173da96f18d008c9f54badac3bb93740c3e558e95ac5c93e77d,807842,retained development evidence,generated,historical/diagnostic
cells/L292_E1_excitatory_interneuron/results/35C/delayed_excitatory/one_factor_block_diagnostics/sodium_minus10pct/validation.svg,L292-E1-LCN,"Visualization of morphology, simulation, or validation output",a8e1fec6c89c4e3456df94475e8f630c5e93905830bb3856daebcbe07784db77,110337,retained development evidence,generated,historical/diagnostic
cells/L292_E1_excitatory_interneuron/results/35C/delayed_excitatory/one_factor_block_diagnostics/sodium_plus10pct/metrics.csv,L292-E1-LCN,Raw or summarized evidence for a model result,c66197f7c4b5d8c9d10ebd4bb133b292c66e407a158e0354cb545a522682b79d,1389,retained development evidence,generated,historical/diagnostic
cells/L292_E1_excitatory_interneuron/results/35C/delayed_excitatory/one_factor_block_diagnostics/sodium_plus10pct/section_inventory.json,L292-E1-LCN,Project metadata or historical artifact,594f1ea0767cff07fd8ef17fb5d33702d303a7f6e9a8123b467fe41f2383c036,426245,retained development evidence,source,historical/diagnostic
cells/L292_E1_excitatory_interneuron/results/35C/delayed_excitatory/one_factor_block_diagnostics/sodium_plus10pct/summary.json,L292-E1-LCN,Project metadata or historical artifact,2e210f6d573c2158d982ef44dd9d6e298d308decaf44581024582d254ef3d653,7948,retained development evidence,source,historical/diagnostic
cells/L292_E1_excitatory_interneuron/results/35C/delayed_excitatory/one_factor_block_diagnostics/sodium_plus10pct/trace_p0p450_nA.csv,L292-E1-LCN,Raw or summarized evidence for a model result,5d82441546c525ae5af10e4074a0dff2ff81e2d0a7c4185784c8c7a4b6af0a56,807025,retained development evidence,generated,historical/diagnostic
cells/L292_E1_excitatory_interneuron/results/35C/delayed_excitatory/one_factor_block_diagnostics/sodium_plus10pct/trace_p0p550_nA.csv,L292-E1-LCN,Raw or summarized evidence for a model result,06b0c6ae235139b876c5e8d754b2d48d78433c86815843deb5e238e9ec2bad54,806616,retained development evidence,generated,historical/diagnostic
cells/L292_E1_excitatory_interneuron/results/35C/delayed_excitatory/one_factor_block_diagnostics/sodium_plus10pct/trace_p0p750_nA.csv,L292-E1-LCN,Raw or summarized evidence for a model result,a240a6161b008f63f41acec554ea8763b3e3ea931f85b3667bc57c96ffd8b88c,806535,retained development evidence,generated,historical/diagnostic
cells/L292_E1_excitatory_interneuron/results/35C/delayed_excitatory/one_factor_block_diagnostics/sodium_plus10pct/validation.svg,L292-E1-LCN,"Visualization of morphology, simulation, or validation output",c0cdca7bfa0f3b330641e682ec960730b16d96bd602851f3b1b77ea34a55bb4a,110345,retained development evidence,generated,historical/diagnostic
cells/L292_E1_excitatory_interneuron/results/35C/delayed_excitatory/one_factor_block_diagnostics/sodium_plus20pct/metrics.csv,L292-E1-LCN,Raw or summarized evidence for a model result,ac5a859d59868595c4ca6c34c16c106e899f3be0a01a24c57c764a407833c6d3,1682,retained development evidence,generated,historical/diagnostic
cells/L292_E1_excitatory_interneuron/results/35C/delayed_excitatory/one_factor_block_diagnostics/sodium_plus20pct/section_inventory.json,L292-E1-LCN,Project metadata or historical artifact,33b55636a24b09adc1e54097e01ce439a719356d71f03e921ce8b5452969ad9a,426245,retained development evidence,source,historical/diagnostic
cells/L292_E1_excitatory_interneuron/results/35C/delayed_excitatory/one_factor_block_diagnostics/sodium_plus20pct/summary.json,L292-E1-LCN,Project metadata or historical artifact,672514166dbbb1932d5e604e318fda89ce0206cf292ed4c4d6d81686041393d3,9573,retained development evidence,source,historical/diagnostic
cells/L292_E1_excitatory_interneuron/results/35C/delayed_excitatory/one_factor_block_diagnostics/sodium_plus20pct/trace_p0p450_nA.csv,L292-E1-LCN,Raw or summarized evidence for a model result,8379e2c23595a1f657f66c096a8b9261e1dbdda8216fb686f994ac58f6468008,806753,retained development evidence,generated,historical/diagnostic
cells/L292_E1_excitatory_interneuron/results/35C/delayed_excitatory/one_factor_block_diagnostics/sodium_plus20pct/trace_p0p550_nA.csv,L292-E1-LCN,Raw or summarized evidence for a model result,d52cfe00655a0ab407c4b7963763a6a38f537694acdee2f6ff499ed8f83218ea,806218,retained development evidence,generated,historical/diagnostic
cells/L292_E1_excitatory_interneuron/results/35C/delayed_excitatory/one_factor_block_diagnostics/sodium_plus20pct/trace_p0p750_nA.csv,L292-E1-LCN,Raw or summarized evidence for a model result,f653bca6150e8fb7045434c8ccd27d55939f691257423db2aa27076b5ef5dfd6,806231,retained development evidence,generated,historical/diagnostic
cells/L292_E1_excitatory_interneuron/results/35C/delayed_excitatory/one_factor_block_diagnostics/sodium_plus20pct/trace_p1p000_nA.csv,L292-E1-LCN,Raw or summarized evidence for a model result,310930e410be398462ad746f49544cd339f5a602f3194260fa79b659c5354662,806512,retained development evidence,generated,historical/diagnostic
cells/L292_E1_excitatory_interneuron/results/35C/delayed_excitatory/one_factor_block_diagnostics/sodium_plus20pct/validation.svg,L292-E1-LCN,"Visualization of morphology, simulation, or validation output",9f07122ed987c5ad1942240f701665a02557f8459140ea6079cc1cd6774f9581,146877,retained development evidence,generated,historical/diagnostic
cells/L292_E1_excitatory_interneuron/results/35C/eTrC/final/metrics.csv,L292-E1-LCN,Raw or summarized evidence for a model result,cba3f2047d458f76117a2a56ae5833b6d5145c43f081b0d126a425f5d1144ab9,2267,retained,generated,current/supporting
cells/L292_E1_excitatory_interneuron/results/35C/eTrC/final/section_inventory.json,L292-E1-LCN,Project metadata or historical artifact,1f0c9ca15282718474556984330f78cd9bf25aeb56b8738446d10af83849e17e,426445,retained,source,current/supporting
cells/L292_E1_excitatory_interneuron/results/35C/eTrC/final/summary.json,L292-E1-LCN,Project metadata or historical artifact,5e4937ae66cb33f6293967d497fb653024d272551179f30a149db4f889d9b0fb,13867,retained,source,current/supporting
cells/L292_E1_excitatory_interneuron/results/35C/eTrC/final/trace_m0p020_nA.csv,L292-E1-LCN,Raw or summarized evidence for a model result,32155cbf7e1ec0ad1c726f6d6d675cad7a55d3ad52d6024c9862f11082eb069c,1615716,retained,generated,current/supporting
cells/L292_E1_excitatory_interneuron/results/35C/eTrC/final/trace_p0p000_nA.csv,L292-E1-LCN,Raw or summarized evidence for a model result,3e39af4b4e1536e5bb98b8b7e362777e2450fd5bb24e6d6d953a897b28f6f0b5,1615716,retained,generated,current/supporting
cells/L292_E1_excitatory_interneuron/results/35C/eTrC/final/trace_p0p750_nA.csv,L292-E1-LCN,Raw or summarized evidence for a model result,f960a9e8448c1cc4505e570d8fef3e11f747138d11678346e37576f0e54d6987,1615716,retained,generated,current/supporting
cells/L292_E1_excitatory_interneuron/results/35C/eTrC/final/trace_p0p870_nA.csv,L292-E1-LCN,Raw or summarized evidence for a model result,b020fba035f29d17bc3be505d74e3540d55316c7994b20291d1dbeefe4f639e8,1615716,retained,generated,current/supporting
cells/L292_E1_excitatory_interneuron/results/35C/eTrC/final/trace_p0p880_nA.csv,L292-E1-LCN,Raw or summarized evidence for a model result,54d5ee0a17a376ca38b4bad0cf29dd9498b16be46de429cb90f18d5a1cd4ef3d,1615585,retained,generated,current/supporting
cells/L292_E1_excitatory_interneuron/results/35C/eTrC/final/trace_p0p900_nA.csv,L292-E1-LCN,Raw or summarized evidence for a model result,6fef664c81318d447375a311a0c15b4fcba05c0cb81a412e13f74e053a9bf5e5,1615583,retained,generated,current/supporting
cells/L292_E1_excitatory_interneuron/results/35C/eTrC/final/trace_p1p000_nA.csv,L292-E1-LCN,Raw or summarized evidence for a model result,cd3a99bf1c1655ce6f6c6a58861171223fd811ae02e94f0f87c6d8357b4f2ad4,1615585,retained,generated,current/supporting
cells/L292_E1_excitatory_interneuron/results/35C/eTrC/final/trace_p1p500_nA.csv,L292-E1-LCN,Raw or summarized evidence for a model result,3df707ebb0994521e3c191759a255e6bb02372076ba074a8b3e272f93a446bd0,1615583,retained,generated,current/supporting
cells/L292_E1_excitatory_interneuron/results/35C/eTrC/final/validation.svg,L292-E1-LCN,"Visualization of morphology, simulation, or validation output",b2e1e01b4ee1f10e4c79ac97b622dc028904e4f2bae24a0c72286d39eee6d518,292999,retained,generated,current/supporting
cells/L292_E1_excitatory_interneuron/results/35C/eTrC/final_initial_translation/metrics.csv,L292-E1-LCN,Raw or summarized evidence for a model result,85efb26022a9d5debb127b05e9f546f2704dfef653451cb50c278c4a9a894698,2324,retained development evidence,generated,historical/diagnostic
cells/L292_E1_excitatory_interneuron/results/35C/eTrC/final_initial_translation/section_inventory.json,L292-E1-LCN,Project metadata or historical artifact,abeb92529cc80def352980a8ead91c59fdb2e89dd666c69815659eafaeb9805c,426445,retained development evidence,source,historical/diagnostic
cells/L292_E1_excitatory_interneuron/results/35C/eTrC/final_initial_translation/summary.json,L292-E1-LCN,Project metadata or historical artifact,c5cd6e6d782e3308dd5860a36595eb317b010ffd213cbea9a46eff83c75d6f2d,14791,retained development evidence,source,historical/diagnostic
cells/L292_E1_excitatory_interneuron/results/35C/eTrC/final_initial_translation/trace_m0p020_nA.csv,L292-E1-LCN,Raw or summarized evidence for a model result,32155cbf7e1ec0ad1c726f6d6d675cad7a55d3ad52d6024c9862f11082eb069c,1615716,retained development evidence,generated,historical/diagnostic
cells/L292_E1_excitatory_interneuron/results/35C/eTrC/final_initial_translation/trace_p0p000_nA.csv,L292-E1-LCN,Raw or summarized evidence for a model result,3e39af4b4e1536e5bb98b8b7e362777e2450fd5bb24e6d6d953a897b28f6f0b5,1615716,retained development evidence,generated,historical/diagnostic
cells/L292_E1_excitatory_interneuron/results/35C/eTrC/final_initial_translation/trace_p0p500_nA.csv,L292-E1-LCN,Raw or summarized evidence for a model result,8066e4778bdae2d52c4630235bde0833fa8eaa8eabad5d43a813616cce1f017d,1615716,retained development evidence,generated,historical/diagnostic
cells/L292_E1_excitatory_interneuron/results/35C/eTrC/final_initial_translation/trace_p0p550_nA.csv,L292-E1-LCN,Raw or summarized evidence for a model result,28d63871003dc4b187a5dfc09e2d43669b74050baf9c178fc4b9cdd7c8d51b08,1615716,retained development evidence,generated,historical/diagnostic
cells/L292_E1_excitatory_interneuron/results/35C/eTrC/final_initial_translation/trace_p0p560_nA.csv,L292-E1-LCN,Raw or summarized evidence for a model result,01fe360f46ced560fdb5268c308609a8eddd771ca7dc03aa3c417537698308ff,1615716,retained development evidence,generated,historical/diagnostic
cells/L292_E1_excitatory_interneuron/results/35C/eTrC/final_initial_translation/trace_p0p600_nA.csv,L292-E1-LCN,Raw or summarized evidence for a model result,37f54b6f1f53c61909a54ee99553f6989dc880a085e1855d81fc7928ace5b493,1615716,retained development evidence,generated,historical/diagnostic
cells/L292_E1_excitatory_interneuron/results/35C/eTrC/final_initial_translation/trace_p0p750_nA.csv,L292-E1-LCN,Raw or summarized evidence for a model result,f960a9e8448c1cc4505e570d8fef3e11f747138d11678346e37576f0e54d6987,1615716,retained development evidence,generated,historical/diagnostic
cells/L292_E1_excitatory_interneuron/results/35C/eTrC/final_initial_translation/trace_p1p000_nA.csv,L292-E1-LCN,Raw or summarized evidence for a model result,cd3a99bf1c1655ce6f6c6a58861171223fd811ae02e94f0f87c6d8357b4f2ad4,1615585,retained development evidence,generated,historical/diagnostic
cells/L292_E1_excitatory_interneuron/results/35C/eTrC/final_initial_translation/trace_p1p500_nA.csv,L292-E1-LCN,Raw or summarized evidence for a model result,3df707ebb0994521e3c191759a255e6bb02372076ba074a8b3e272f93a446bd0,1615583,retained development evidence,generated,historical/diagnostic
cells/L292_E1_excitatory_interneuron/results/35C/eTrC/final_initial_translation/validation.svg,L292-E1-LCN,"Visualization of morphology, simulation, or validation output",89365626ad80c338b868c7372288b5cafb04cfb160290d46b7dfb257cec5b0b5,329533,retained development evidence,generated,historical/diagnostic
cells/L292_E1_excitatory_interneuron/results/35C/eTrC/rheobase_refinement_10pA/metrics.csv,L292-E1-LCN,Raw or summarized evidence for a model result,a0fc07566ddcd424b4455da2b8228123503270771f73733ab39c70d7cc4a10b5,1363,retained,generated,current/supporting
cells/L292_E1_excitatory_interneuron/results/35C/eTrC/rheobase_refinement_10pA/section_inventory.json,L292-E1-LCN,Project metadata or historical artifact,bfbfe5ccb545f5ef9acdf3cea1d89f694ef14f71f5abeb56fa6d6bf7afbc6fbc,426445,retained,source,current/supporting
cells/L292_E1_excitatory_interneuron/results/35C/eTrC/rheobase_refinement_10pA/summary.json,L292-E1-LCN,Project metadata or historical artifact,42e2dbb738bef70dda76fd6947a91bbcd3854032f5d5e540ed109b9f65140e19,7746,retained,source,current/supporting
cells/L292_E1_excitatory_interneuron/results/35C/eTrC/rheobase_refinement_10pA/trace_p0p860_nA.csv,L292-E1-LCN,Raw or summarized evidence for a model result,c79ad8e0f55ed2a20e2aaa547baa579d559e0b7c053174dd5e3ae79af20450d5,1615716,retained,generated,current/supporting
cells/L292_E1_excitatory_interneuron/results/35C/eTrC/rheobase_refinement_10pA/trace_p0p870_nA.csv,L292-E1-LCN,Raw or summarized evidence for a model result,b020fba035f29d17bc3be505d74e3540d55316c7994b20291d1dbeefe4f639e8,1615716,retained,generated,current/supporting
cells/L292_E1_excitatory_interneuron/results/35C/eTrC/rheobase_refinement_10pA/trace_p0p880_nA.csv,L292-E1-LCN,Raw or summarized evidence for a model result,54d5ee0a17a376ca38b4bad0cf29dd9498b16be46de429cb90f18d5a1cd4ef3d,1615585,retained,generated,current/supporting
cells/L292_E1_excitatory_interneuron/results/35C/eTrC/rheobase_refinement_10pA/trace_p0p890_nA.csv,L292-E1-LCN,Raw or summarized evidence for a model result,8e2bba84235000f9e1a529950232a0eae935e2397c916cbfed40c97783ad6425,1615584,retained,generated,current/supporting
cells/L292_E1_excitatory_interneuron/results/35C/eTrC/rheobase_refinement_10pA/validation.svg,L292-E1-LCN,"Visualization of morphology, simulation, or validation output",661ecdf81795f56f121b37406ed55a6577a02a6eb6d65a9c12da70772c320522,146939,retained,generated,current/supporting
cells/L292_E1_excitatory_interneuron/results/35C/eTrC/rheobase_refinement_50pA/metrics.csv,L292-E1-LCN,Raw or summarized evidence for a model result,47f48f12a37aa82a04f14ea170be42edb4fe4aa230a89659d740905829ff9f80,1365,retained,generated,current/supporting
cells/L292_E1_excitatory_interneuron/results/35C/eTrC/rheobase_refinement_50pA/section_inventory.json,L292-E1-LCN,Project metadata or historical artifact,e79d3ac20e13c4ce4654e9682498ce7b8b643619b3587bd647218ca183e9a667,426445,retained,source,current/supporting
cells/L292_E1_excitatory_interneuron/results/35C/eTrC/rheobase_refinement_50pA/summary.json,L292-E1-LCN,Project metadata or historical artifact,32f00e596c6c6120be59f58f50b7f471805ec7443cd68e2475f3d5f81c1288c6,7743,retained,source,current/supporting
cells/L292_E1_excitatory_interneuron/results/35C/eTrC/rheobase_refinement_50pA/trace_p0p800_nA.csv,L292-E1-LCN,Raw or summarized evidence for a model result,47774392f210fdd780cfa1f1280cad7f08191578374f799e8d98339168354b2d,1615716,retained,generated,current/supporting
cells/L292_E1_excitatory_interneuron/results/35C/eTrC/rheobase_refinement_50pA/trace_p0p850_nA.csv,L292-E1-LCN,Raw or summarized evidence for a model result,7a6fdfcedece4ba1572104c1028d7e8ee802cde795aa12f3bdb110abe2a3282e,1615716,retained,generated,current/supporting
cells/L292_E1_excitatory_interneuron/results/35C/eTrC/rheobase_refinement_50pA/trace_p0p900_nA.csv,L292-E1-LCN,Raw or summarized evidence for a model result,6fef664c81318d447375a311a0c15b4fcba05c0cb81a412e13f74e053a9bf5e5,1615583,retained,generated,current/supporting
cells/L292_E1_excitatory_interneuron/results/35C/eTrC/rheobase_refinement_50pA/trace_p0p950_nA.csv,L292-E1-LCN,Raw or summarized evidence for a model result,e4b477020d9658878329106e660b5ccfd016d773f0edc3f3bf8242d5523feba8,1615584,retained,generated,current/supporting
cells/L292_E1_excitatory_interneuron/results/35C/eTrC/rheobase_refinement_50pA/validation.svg,L292-E1-LCN,"Visualization of morphology, simulation, or validation output",7b76ad5a6a3dc9e45f4552af9e8bf05da071a8dae27589865179d0975fec4f67,146939,retained,generated,current/supporting
cells/L292_E1_excitatory_interneuron/results/35C/temperature_runtime_probe.json,L292-E1-LCN,Project metadata or historical artifact,718726cc794fc87b5ccc760872f4df55c1ac2534c395ef76ec4a1a0d01ba0b8c,3383,retained,source,current/supporting
cells/L292_E1_excitatory_interneuron/results/35C/temperature_runtime_probe_after_HH2_fix.json,L292-E1-LCN,Project metadata or historical artifact,d734018e7c640787a1cea9329153118dd59a9aa992fff3c26f86683effeeab19,3477,retained,source,current/supporting
cells/L292_E1_excitatory_interneuron/scripts/audit_geometry_mapping.py,L292-E1-LCN,"Simulation, analysis, extraction, or validation workflow",b556b5962eda3e88a2d5756f36c9d0458e81d538ec44b84e8a4906ffe08ae8f0,3763,retained,source,current/supporting
cells/L292_E1_excitatory_interneuron/scripts/build_l292_complete_report.py,L292-E1-LCN,"Simulation, analysis, extraction, or validation workflow",ab36ddbc9964030647fa1e5dca3ec316a07253164853c9e6c7e8fda39a4775b7,24431,retained,source,current/supporting
cells/L292_E1_excitatory_interneuron/scripts/extract_medlock_reference.py,L292-E1-LCN,"Simulation, analysis, extraction, or validation workflow",0f7cabeacceb199f10a6c778633188c049deb91b9ae8d36c75429733160578a3,8841,retained,source,current/supporting
cells/L292_E1_excitatory_interneuron/scripts/generate_l292_report_figures.py,L292-E1-LCN,"Simulation, analysis, extraction, or validation workflow",b2634aac8e6d270ef26a7d32bbad440e256caff43b31039fa2577745cc76f65d,26335,retained,source,current/supporting
cells/L292_E1_excitatory_interneuron/scripts/morphology_qa.py,L292-E1-LCN,"Simulation, analysis, extraction, or validation workflow",17cf00db636e26323a64eba873941f65c4cee30c12a5be842ce857392f4e36e9,19609,retained,source,current/supporting
cells/L292_E1_excitatory_interneuron/scripts/rat_lcn.py,L292-E1-LCN,"Simulation, analysis, extraction, or validation workflow",b55e6e652d640533545fd2154f900994d68bcd677c6d28e90579343c9acb1f31,18370,retained,source,current/supporting
cells/L292_E1_excitatory_interneuron/scripts/run_passive_convergence.py,L292-E1-LCN,"Simulation, analysis, extraction, or validation workflow",9026ef680cf310031172e23db532f04db32081cbb63f2504a6cb5d1344ed41cb,5335,retained,source,current/supporting
cells/L292_E1_excitatory_interneuron/scripts/temperature_runtime_probe.py,L292-E1-LCN,"Simulation, analysis, extraction, or validation workflow",dd5996e91b3ada7233ea1b0d20f708047bbb2af4bb96e276addeae28eae30484,4470,retained,source,current/supporting
cells/L292_E1_excitatory_interneuron/scripts/validate_single_cell.py,L292-E1-LCN,"Simulation, analysis, extraction, or validation workflow",b7ed5f6352fd7f90da9cefde5b2d5ed0e9a2913ebc0213c5b8ad14769d542634,34508,retained,source,current/supporting
cells/L571_inhibitory_interneuron/docs/medlock_cells_reference.py,L571-LCN,"Simulation, analysis, extraction, or validation workflow",58b5ca045f357d3de383b59b09636643b2e4f20d41f6441959d05a33e77250a8,23506,retained,source,current/supporting
cells/L571_inhibitory_interneuron/figures/23C/action_potential.png,L571-LCN,"Visualization of morphology, simulation, or validation output",849e61788d8b9d9cdeef44e19f7a1b74ada908642f7efd2cbb65bb0fe3b27548,73839,retained,generated,current/supporting
cells/L571_inhibitory_interneuron/figures/23C/ais_vs_soma.png,L571-LCN,"Visualization of morphology, simulation, or validation output",a29615492df8c43cc9b5640e28b04ef8faf3157a5601df800fe18353e00230a5,104149,retained,generated,current/supporting
cells/L571_inhibitory_interneuron/figures/23C/current_step_traces.png,L571-LCN,"Visualization of morphology, simulation, or validation output",ccc0fc1ca7532a0b4c15e87bdc3f97da05b8c038b6ad86b0f9e81b8ac3e0525f,166290,retained,generated,current/supporting
cells/L571_inhibitory_interneuron/figures/23C/fi_curve.png,L571-LCN,"Visualization of morphology, simulation, or validation output",6001068bec68f1afa16ca578b35ce075c268d51514bb898655351341ab5fecd9,57591,retained,generated,current/supporting
cells/L571_inhibitory_interneuron/figures/23C/passive_response.png,L571-LCN,"Visualization of morphology, simulation, or validation output",64bcd577285fb32937d58f508a075f563f3858e6ef541addef3622ab03c40bda,66708,retained,generated,current/supporting
cells/L571_inhibitory_interneuron/figures/23C/sensitivity.png,L571-LCN,"Visualization of morphology, simulation, or validation output",f454fbf0c1c9d3fde3bc58523074c60dc672f200c532785e11a9cab284733247,57984,retained,generated,current/supporting
cells/L571_inhibitory_interneuron/figures/23C_vs_35C_comparison.png,L571-LCN,"Visualization of morphology, simulation, or validation output",cb55bc37f36e62adfc87d7ea5c5726a732460bee6034b3e74477fc0d4fb157e1,102829,retained,generated,current/supporting
cells/L571_inhibitory_interneuron/figures/35C/action_potential.png,L571-LCN,"Visualization of morphology, simulation, or validation output",5cae50bba51618264f9b8f5dada7c590d62ba0f6563e16978b2c8c688ef30299,73365,retained,generated,current/supporting
cells/L571_inhibitory_interneuron/figures/35C/ais_vs_soma.png,L571-LCN,"Visualization of morphology, simulation, or validation output",6bec975343db799a61f8113ad3606bf1a853170ef67792622976c584375fd616,104070,retained,generated,current/supporting
cells/L571_inhibitory_interneuron/figures/35C/current_step_traces.png,L571-LCN,"Visualization of morphology, simulation, or validation output",fa9a5aa433a48bc3c3413c898de4f671e9c5952c7c459b8296daaf07892fd3ec,166231,retained,generated,current/supporting
cells/L571_inhibitory_interneuron/figures/35C/fi_curve.png,L571-LCN,"Visualization of morphology, simulation, or validation output",12861bb40e56d4d08a568d7eaf129629b04bb29bf6c181fe20e37341e6366fe9,57154,retained,generated,current/supporting
cells/L571_inhibitory_interneuron/figures/35C/passive_response.png,L571-LCN,"Visualization of morphology, simulation, or validation output",6027be21fb029edf2d182289cc422dd7a4f47b32e06670b82e6bb4c593971f33,66648,retained,generated,current/supporting
cells/L571_inhibitory_interneuron/figures/35C/sensitivity.png,L571-LCN,"Visualization of morphology, simulation, or validation output",1c3524cb3ca44e25e4718f50ac0b378ac40b3dd1783ae951b9ea5042562a519e,57583,retained,generated,current/supporting
cells/L571_inhibitory_interneuron/figures/morphology.png,L571-LCN,"Visualization of morphology, simulation, or validation output",cab86d1ddc4e69b814adaa52a2b1ca584ad0916b428c2a4fb5dcaf679fa076f4,308812,retained,generated,current/supporting
cells/L571_inhibitory_interneuron/mechanisms/l571_kdr.mod,L571-LCN,Executable membrane or synaptic mechanism source,5ffd930ff28d650a0de3cef322c1429ffdb79f643b4179515b46b478e6d1da4f,1750,retained,source,current/supporting
cells/L571_inhibitory_interneuron/mechanisms/l571_na.mod,L571-LCN,Executable membrane or synaptic mechanism source,2b49185825b6d87620298dffae77e44e688bfdf561344ea58023a46f6035ca64,1979,retained,source,current/supporting
cells/L571_inhibitory_interneuron/mechanisms/MANIFEST.txt,L571-LCN,"Scientific interpretation, provenance, or run documentation",b37b039065073087127fdd9f272ee6e04a36521588daf7c87ad01f84ad3e319f,1024,retained,source,current/supporting
cells/L571_inhibitory_interneuron/morphology/L571-LCN.CNG.swc,L571-LCN,Cell reconstruction or morphology loader,696b553d7c31f58f305c79e32bb05d14c7a385b48947b93518a9abe1c01b867f,422739,retained,source,current/supporting
cells/L571_inhibitory_interneuron/morphology/L571-LCN.CNG.swc.std,L571-LCN,Cell reconstruction or morphology loader,0448db67079389ac0c72bc8986bce8d51730ca83f9ad4c1aef02bcca16372d97,10441,retained,source,current/supporting
cells/L571_inhibitory_interneuron/morphology/L571-LCN.std,L571-LCN,Cell reconstruction or morphology loader,f9a1773486dc4ed4f12ded4439354cb0956d0c29f0981eccc335d92499e600eb,10441,retained,source,current/supporting
cells/L571_inhibitory_interneuron/morphology/neuromorpho_metadata.json,L571-LCN,Project metadata or historical artifact,452d06ddacb5cce2d8a085ddb76ff228f7b0a8cf7cb6b231d534669de614e676,1480,retained,source,current/supporting
cells/L571_inhibitory_interneuron/parameters/L571_final_23C.json,L571-LCN,Configuration-driven model parameters,c64aff5a15053b119f3118dafe93f0c295a7afd3e1469a1ab6cbc33e24ee8096,2117,selected/current,source,current
cells/L571_inhibitory_interneuron/parameters/L571_final_35C.json,L571-LCN,Configuration-driven model parameters,912649e95ad6806bfba435adecfcc135d73b1597eabb592261134f4463907e7c,2119,selected/current,source,current
cells/L571_inhibitory_interneuron/parameters/L571_initial_23C.json,L571-LCN,Configuration-driven model parameters,09d82368efa96139a6a9caed31f66fcea22ab61d10c57d08c0e1d7907126768d,1776,retained development evidence,source,historical/diagnostic
cells/L571_inhibitory_interneuron/parameters/L571_initial_35C.json,L571-LCN,Configuration-driven model parameters,74158b16dd04f6170f842d207ac0c266aea1170ed5e89dc93aebb1b5ff525d6e,1913,retained development evidence,source,historical/diagnostic
cells/L571_inhibitory_interneuron/parameters/README.md,L571-LCN,"Scientific interpretation, provenance, or run documentation",7991734e1aa3e05c8e96326c316a85b5773b0cb65645d063ec5bae1b59df40f2,618,retained,source,current/supporting
cells/L571_inhibitory_interneuron/README.md,L571-LCN,"Scientific interpretation, provenance, or run documentation",da96d4789baa65ce529b8aeb3a464a395bf361bc2338fc601b6d24d1e7423a9f,1947,retained,source,current/supporting
cells/L571_inhibitory_interneuron/reports/L571_final_validation.md,L571-LCN,"Scientific interpretation, provenance, or run documentation",c1b9c70a310208700564d80632b0a5cbd926684ecdb9aaf949d89989988fca87,3941,retained,source,current/supporting
cells/L571_inhibitory_interneuron/reports/morphology_qa.md,L571-LCN,"Scientific interpretation, provenance, or run documentation",37a27bb89c8bf5fbca2cc3cc8940ad19d97e7a5921149015c14fb5d26dae2ee7,1969,retained,source,current/supporting
cells/L571_inhibitory_interneuron/results/23C/fi_curve.csv,L571-LCN,Raw or summarized evidence for a model result,34e8c4417230a19cccdf0016ad92aa4ad3c8ed28009fd40cb8a183dbf7ae8d43,2201,retained,generated,current/supporting
cells/L571_inhibitory_interneuron/results/23C/selected_traces.npz,L571-LCN,Raw or summarized evidence for a model result,9e8ab77cdedd7bcc8c887fece99c1c9856c3384afd649183a4fd256188e1f3ab,3406673,retained,generated,current/supporting
cells/L571_inhibitory_interneuron/results/23C/validation_metrics.json,L571-LCN,Project metadata or historical artifact,53a6a9bf7480fdd366c2c26156d6f864e7fa43291e972741cfaaf503f6ab69be,25679,retained,source,current/supporting
cells/L571_inhibitory_interneuron/results/35C/fi_curve.csv,L571-LCN,Raw or summarized evidence for a model result,34e8c4417230a19cccdf0016ad92aa4ad3c8ed28009fd40cb8a183dbf7ae8d43,2201,retained,generated,current/supporting
cells/L571_inhibitory_interneuron/results/35C/selected_traces.npz,L571-LCN,Raw or summarized evidence for a model result,9e8ab77cdedd7bcc8c887fece99c1c9856c3384afd649183a4fd256188e1f3ab,3406673,retained,generated,current/supporting
cells/L571_inhibitory_interneuron/results/35C/validation_metrics.json,L571-LCN,Project metadata or historical artifact,84013c868ec2769331a5a692e1a150fe86f8f9e62b30847b2c550cd96623c3d6,25719,retained,source,current/supporting
cells/L571_inhibitory_interneuron/results/morphology_qa.json,L571-LCN,Project metadata or historical artifact,84e064f9f8f6da594a8931c77659890965e2fb61091dbad1e3b73076bc901f48,7281,retained,source,current/supporting
cells/L571_inhibitory_interneuron/scripts/l571_model.py,L571-LCN,"Simulation, analysis, extraction, or validation workflow",9a4beccd2a182d85dd818cce7b1833a2c2b33bfef5005e71fc72949f66e1bf58,20540,retained,source,current/supporting
cells/L571_inhibitory_interneuron/scripts/morphology_qa.py,L571-LCN,"Simulation, analysis, extraction, or validation workflow",5eafc0c3b3e6c7b4036f0a76f024ec0cc908f900b6bf1fd16983183d578c32f3,14594,retained,source,current/supporting
cells/L571_inhibitory_interneuron/scripts/run_L571.py,L571-LCN,"Simulation, analysis, extraction, or validation workflow",8e6fc3f4b83bc1f3ba3c2fe49ba817f9cb4e0ecd7eb6c659571dfc711d35d64f,2664,retained,source,current/supporting
cells/L571_inhibitory_interneuron/scripts/validate_L571.py,L571-LCN,"Simulation, analysis, extraction, or validation workflow",23f0767890a25e1f96e7d6acf3cf7dcdff46105fafff77a96bc0db4040e49adc,30878,retained,source,current/supporting
cells/L796_projection_neuron/.gitignore,L796-ALT-PN,Project metadata or historical artifact,823cb519610b693d149dd784e1318d5eb3f4823119c10adb836ae6654892b3d7,196,retained,source,current/supporting
cells/L796_projection_neuron/build_L796_html_report.py,L796-ALT-PN,"Simulation, analysis, extraction, or validation workflow",7628d8a27926f080770c9ad04a43c82210a17d729d9e957f953e8e2f3043d7bc,13403,retained,source,current/supporting
cells/L796_projection_neuron/docs/L796_ALT_PN_biological_channel_inventory.md,L796-ALT-PN,"Scientific interpretation, provenance, or run documentation",ffd8c311e4be6d2855ba7daa47ef12a72a699109556c59ea7a7892c021d079dd,20142,retained,source,current/supporting
cells/L796_projection_neuron/docs/L796_ALT_PN_channel_evidence_and_fitting.csv,L796-ALT-PN,Raw or summarized evidence for a model result,cf5c44a7452c39d9edb5ea5855c8b4c0352cb2e3a0481c1f99c0341d55894d9c,9590,retained,generated,current/supporting
cells/L796_projection_neuron/environment.yml,L796-ALT-PN,Software environment or build metadata,2b979cf940e58279d02bbe35485fdc5252322576186ea81954fc2e960f13a361,150,retained,source,current/supporting
cells/L796_projection_neuron/figures/ablation_iNaP_iCaL/L796_iNaP_iCaL_ablation_40pA_traces.png,L796-ALT-PN,"Visualization of morphology, simulation, or validation output",f5146c5dc88027d1e96470c52e377e373be85889763a2432998552ff926a756b,150847,retained,generated,current/supporting
cells/L796_projection_neuron/figures/ablation_iNaP_iCaL/L796_iNaP_iCaL_ablation_FI_curves.png,L796-ALT-PN,"Visualization of morphology, simulation, or validation output",50a550fb0c3fd2f4e665e3e3905ade3c792d3c2751845f9e69068c52a0ebf58b,108590,retained,generated,current/supporting
cells/L796_projection_neuron/figures/ap_features/L796_step5_first_spike_latency.png,L796-ALT-PN,"Visualization of morphology, simulation, or validation output",55b1e748db27bce3ddb3711e7c85aeb747e02f168884a24d51d3028d939dc595,121139,retained,generated,current/supporting
cells/L796_projection_neuron/figures/ap_features/L796_step5_somatic_AP_peak.png,L796-ALT-PN,"Visualization of morphology, simulation, or validation output",604d7f3b68c4e1459717ea18d3e5130a1be53fdfb37b793153d77342c3073544,123814,retained,generated,current/supporting
cells/L796_projection_neuron/figures/ap_features/L796_step5_somatic_FI_curve_from_features.png,L796-ALT-PN,"Visualization of morphology, simulation, or validation output",9729f998300f5526e7aac2448c8722cde70802933d7ce9055b6a6c657e6afd95,111130,retained,generated,current/supporting
cells/L796_projection_neuron/figures/final_model/L796_final_before_after_AP_overlay.png,L796-ALT-PN,"Visualization of morphology, simulation, or validation output",c4fb7c32a8273eb6fcaa994e807f07814d67b9fc05cafb465af9a7f169dc04a5,315654,retained,generated,current/supporting
cells/L796_projection_neuron/figures/final_model/L796_final_before_after_FI_curve.png,L796-ALT-PN,"Visualization of morphology, simulation, or validation output",75465f9e28c50ef02534f6ff1c73ac8e9db32c1352e004f289febd27afcd9c99,105858,retained,generated,current/supporting
cells/L796_projection_neuron/figures/final_model_v2/L796_final_v2_before_after_AP_overlay.png,L796-ALT-PN,"Visualization of morphology, simulation, or validation output",70bbd468500d868a5b595069a2baadf0e0ca2bb47a986d8ff216a85d7e867e86,330650,retained,generated,current/supporting
cells/L796_projection_neuron/figures/final_model_v2/L796_final_v2_before_after_FI_curve.png,L796-ALT-PN,"Visualization of morphology, simulation, or validation output",cf7065f897dc4eab46ca0ee8eb9dcf36a07c2bafe1060627a28a8280f8f6e2cf,113313,retained,generated,current/supporting
cells/L796_projection_neuron/figures/morphology/L796_morphology_XY.png,L796-ALT-PN,"Visualization of morphology, simulation, or validation output",187e47da6b38396c9e3b7d13c160dbf846ca782ceb65df8b1953f905e436a767,139947,retained,generated,current/supporting
cells/L796_projection_neuron/figures/morphology/L796_morphology_XZ.png,L796-ALT-PN,"Visualization of morphology, simulation, or validation output",0a1c3021d7c064b1940596a113829f7b4c8247ec0399ca2ac83c3c421e257989,122840,retained,generated,current/supporting
cells/L796_projection_neuron/figures/morphology/L796_morphology_YZ.png,L796-ALT-PN,"Visualization of morphology, simulation, or validation output",7838f641a23ab292e1f8df5832ede7ee0cc539831a6ed593060323049e51079f,136180,retained,generated,current/supporting
cells/L796_projection_neuron/figures/passive/L796_passive_best_fit.png,L796-ALT-PN,"Visualization of morphology, simulation, or validation output",44df5b83afd88ab62cfea2cef02ea167407aa0380e715c2aca17e3c3aa1daed4,125048,retained,generated,current/supporting
cells/L796_projection_neuron/figures/step3_active_grid/L796_active_score_distribution.png,L796-ALT-PN,"Visualization of morphology, simulation, or validation output",799ad4aab404197599621e3baa13b7f94e4947df7dc8baadee6884584085ee8a,61200,retained development evidence,generated,historical/diagnostic
cells/L796_projection_neuron/figures/step3_active_grid/L796_active_spike_count_distribution.png,L796-ALT-PN,"Visualization of morphology, simulation, or validation output",2e704af27df43b6a7ac2077441c8be39580c4496748234fc7d5230a4ab280402,63645,retained development evidence,generated,historical/diagnostic
cells/L796_projection_neuron/figures/step3_active_grid/L796_active_top3_FI_validation.png,L796-ALT-PN,"Visualization of morphology, simulation, or validation output",b8550c52b396b036b53358da81f712a263300c7330f06f64337ddb8db053af78,94007,retained development evidence,generated,historical/diagnostic
cells/L796_projection_neuron/figures/step4_validation/L796_step4_AIS_current_traces_overlay.png,L796-ALT-PN,"Visualization of morphology, simulation, or validation output",7dc6bdd9e19d888af7b4e654d74689aa1727ddd11ae15193fa459e1368dd7723,442869,retained,generated,current/supporting
cells/L796_projection_neuron/figures/step4_validation/L796_step4_FI_curve.png,L796-ALT-PN,"Visualization of morphology, simulation, or validation output",43ddec93f2d9185c417ae4e800c96c26099db73150a6e9220994ec9aaa679f25,92351,retained,generated,current/supporting
cells/L796_projection_neuron/figures/step4_validation/L796_step4_frequency_curve.png,L796-ALT-PN,"Visualization of morphology, simulation, or validation output",159ae2e91f377e99b8a50996d06dfad8f7ab5f4f3d966c5dfd4378c69b396e14,88989,retained,generated,current/supporting
cells/L796_projection_neuron/figures/step4_validation/L796_step4_soma_current_traces_overlay.png,L796-ALT-PN,"Visualization of morphology, simulation, or validation output",30cd2be481ae23edab612954165763d989e3dc1ea6240582823f38487b112749,472652,retained,generated,current/supporting
cells/L796_projection_neuron/figures/step5_final_model/best_I_-10pA_ais_vs_soma_check.png,L796-ALT-PN,"Visualization of morphology, simulation, or validation output",225a6ebcdd115af8baa8d694cce716d4ebe4f5ebde944a44e9725e328a7cbd20,132448,retained,generated,current/supporting
cells/L796_projection_neuron/figures/step5_final_model/best_I_0pA_ais_vs_soma_check.png,L796-ALT-PN,"Visualization of morphology, simulation, or validation output",6ddcd6b85a289d6b7df0de3ee673f18152be9dc27a2db19edae0974c38f0274e,105839,retained,generated,current/supporting
cells/L796_projection_neuron/figures/step5_final_model/best_I_100pA_ais_vs_soma_check.png,L796-ALT-PN,"Visualization of morphology, simulation, or validation output",9d058c399653c78ed0fe629c8b80a72f252145d8458b62e74ea4845759412c4e,264171,retained,generated,current/supporting
cells/L796_projection_neuron/figures/step5_final_model/best_I_100pA_first_spike_zoom.png,L796-ALT-PN,"Visualization of morphology, simulation, or validation output",7994781f315809887cb18ab9546627bebaf72b246551ae063ba27d68bde705e9,151649,retained,generated,current/supporting
cells/L796_projection_neuron/figures/step5_final_model/best_I_120pA_ais_vs_soma_check.png,L796-ALT-PN,"Visualization of morphology, simulation, or validation output",71b92da87c13e307569c88f3e36995f8ca64dbbaacae78610321ca4cdc7cca5c,283347,retained,generated,current/supporting
cells/L796_projection_neuron/figures/step5_final_model/best_I_120pA_first_spike_zoom.png,L796-ALT-PN,"Visualization of morphology, simulation, or validation output",405d107362270d62beacf4e57dc2849f6ea2f9648533a73fb7e644d2e10864d8,151019,retained,generated,current/supporting
cells/L796_projection_neuron/figures/step5_final_model/best_I_20pA_ais_vs_soma_check.png,L796-ALT-PN,"Visualization of morphology, simulation, or validation output",b1181f08170df152b185ab488856c87e6a1c3ba4be7844146543df71b5b3b1ea,154406,retained,generated,current/supporting
cells/L796_projection_neuron/figures/step5_final_model/best_I_40pA_ais_vs_soma_check.png,L796-ALT-PN,"Visualization of morphology, simulation, or validation output",43b24dceeb1bfb0959cd32da36380da00492ffd9bdde3fdff82c988032564c23,207119,retained,generated,current/supporting
cells/L796_projection_neuron/figures/step5_final_model/best_I_40pA_first_spike_zoom.png,L796-ALT-PN,"Visualization of morphology, simulation, or validation output",21bd48e4cf2d90211f1df45fb39a8ff419eb528be8563c76212b6beb620552d4,149471,retained,generated,current/supporting
cells/L796_projection_neuron/figures/step5_final_model/best_I_60pA_ais_vs_soma_check.png,L796-ALT-PN,"Visualization of morphology, simulation, or validation output",ab4cc7dc8ce903a116a51e4f7abd1d6c8879dc8b2ddd081e15e87629c331c8bb,230888,retained,generated,current/supporting
cells/L796_projection_neuron/figures/step5_final_model/best_I_60pA_first_spike_soma_visible_zoom.png,L796-ALT-PN,"Visualization of morphology, simulation, or validation output",879d85246f7eac376ff777a1e5d8890f5bf6b74ac3c6c5a0b1756685d922bdca,143565,retained,generated,current/supporting
cells/L796_projection_neuron/figures/step5_final_model/best_I_60pA_first_spike_zoom.png,L796-ALT-PN,"Visualization of morphology, simulation, or validation output",fd0f5388fb78e5b995e664f27e96abe6961c6f6560072fcb8adf3ee2e936eca2,152103,retained,generated,current/supporting
cells/L796_projection_neuron/figures/step5_final_model/best_I_60pA_soma_ais_clear_3panel.png,L796-ALT-PN,"Visualization of morphology, simulation, or validation output",9c04336d74811658681f6e9c375ca6966a3c73d4c01464ce3fc627500167556f,333508,retained,generated,current/supporting
cells/L796_projection_neuron/figures/step5_final_model/best_I_80pA_ais_vs_soma_check.png,L796-ALT-PN,"Visualization of morphology, simulation, or validation output",9882afaf10c418a929320bb2242c763ab3c6c05e035dcdcf83a1327d0296a578,248508,retained,generated,current/supporting
cells/L796_projection_neuron/figures/step5_final_model/best_I_80pA_first_spike_zoom.png,L796-ALT-PN,"Visualization of morphology, simulation, or validation output",bc1965baf977e7a781b64e562db620211b936a50c463b01ae055c4ab174a952c,152656,retained,generated,current/supporting
cells/L796_projection_neuron/figures/step5_final_model/L796_step5_tuned_AIS_trace_overlay.png,L796-ALT-PN,"Visualization of morphology, simulation, or validation output",9a51f531ac222307fb4564c52e382376f58076b2145afefd70422f7c88d3731a,429611,retained,generated,current/supporting
cells/L796_projection_neuron/figures/step5_final_model/L796_step5_tuned_FI_curve.png,L796-ALT-PN,"Visualization of morphology, simulation, or validation output",2c32c9ae0ccc827caeec311a35ba6b48664385446276e62708b96988e38c6bac,92218,retained,generated,current/supporting
cells/L796_projection_neuron/figures/step5_final_model/L796_step5_tuned_frequency_curve.png,L796-ALT-PN,"Visualization of morphology, simulation, or validation output",4d8b8a33dd0fbe388b75a8abe4efcba515e988622b9c592ea68c0dbc8fb12337,91434,retained,generated,current/supporting
cells/L796_projection_neuron/figures/validation/L796_AIS_lead_over_soma.png,L796-ALT-PN,"Visualization of morphology, simulation, or validation output",dfb7a5333ecd98284dbc1d4dddcb40f9c3ab5bf55fc5e3766700df62cdbcba6f,124261,retained,generated,current/supporting
cells/L796_projection_neuron/figures/validation/L796_AIS_minus_soma_peak.png,L796-ALT-PN,"Visualization of morphology, simulation, or validation output",b6af02f23e0368e72df2b0e1e9bc42d260b7e7b251132a9bd622db17ad4ba9a7,123944,retained,generated,current/supporting
cells/L796_projection_neuron/literature_targets/06_receptor_target_values.csv,L796-ALT-PN,Raw or summarized evidence for a model result,c870b330b34d361eaab7d185acbb604901f48e0961b1feb5f016d154c0f685fd,5603,retained,generated,current/supporting
cells/L796_projection_neuron/literature_targets/07_channel_evidence_and_fitting.csv,L796-ALT-PN,Raw or summarized evidence for a model result,550dee27bb969f3dff27ce20ca122cd59c1cffe8cfca0fd81eae40eb238d2ebb,9615,retained,generated,current/supporting
cells/L796_projection_neuron/literature_targets/L796_literature_targets.json,L796-ALT-PN,Project metadata or historical artifact,b234b36a34f0c89dd7bab342950b4c41440b32223b0ecbc40be43c1ba4bde567,1221,retained,source,current/supporting
cells/L796_projection_neuron/morphology/L796-ALT-PN.CNG.swc,L796-ALT-PN,Cell reconstruction or morphology loader,1abcc0b63e42fa9f3bb27f57cd82bb459159b33f11d7b856bbf33d8773e090dc,169140,retained,source,current/supporting
cells/L796_projection_neuron/parameters/L796_channels_extended_parameter_set.json,L796-ALT-PN,Configuration-driven model parameters,b108f37b406f2dcc09eb4216a9a874e55c90b96e73e3752d892266e5eed4def7,7712,retained,source,current/supporting
cells/L796_projection_neuron/parameters/L796_final_parameter_set.json,L796-ALT-PN,Configuration-driven model parameters,756ff9b820e7b6256921d893fb41ac7c794d736fb4c21101b49d121b5b7d45ec,1697,selected/current,source,current
cells/L796_projection_neuron/parameters/L796_final_v2_parameter_set.json,L796-ALT-PN,Configuration-driven model parameters,1425557fe9b100c5ef10b52b82369274b1292e5bc3ed4f2dca7ba07269941bc0,1932,retained,source,current/supporting
cells/L796_projection_neuron/parameters/L796_step4_final_parameter_set.json,L796-ALT-PN,Configuration-driven model parameters,1dbfbd261ae63944cf076f27e19db271f56bcc7307da84ff0f53001f80618907,726,retained,source,current/supporting
cells/L796_projection_neuron/parameters/L796_step5_best_tuned_parameter_set.json,L796-ALT-PN,Configuration-driven model parameters,02b4939e9f2dbfd866e47cdb98cbab37b5b3f31314fd86720fe752512094226b,1351,retained,source,current/supporting
cells/L796_projection_neuron/parameters/README.md,L796-ALT-PN,"Scientific interpretation, provenance, or run documentation",0daa2bf703cc8b9aae8361d072491af410c805ff295b3c9044f0477382be5b14,1060,retained,source,current/supporting
cells/L796_projection_neuron/plots/channels/L796_A_type_K_first_spike_latency.png,L796-ALT-PN,"Visualization of morphology, simulation, or validation output",97e1ba2cafd3ee4f1a2d7a0c6ece4623127821cc0bdf402bacb25c01b2c957f4,89768,retained,generated,current/supporting
cells/L796_projection_neuron/plots/channels/L796_A_type_K_prepulse_dependence.png,L796-ALT-PN,"Visualization of morphology, simulation, or validation output",428ef4fe27d61ea8cb26e6870aee474b04dd2d3c2b0ed09dc27c91bca1690e25,99213,retained,generated,current/supporting
cells/L796_projection_neuron/plots/channels/L796_NK1_SP_response.png,L796-ALT-PN,"Visualization of morphology, simulation, or validation output",e9841e31d419cbf6b9a4482cca4eaea8381cd4893cf8bcc9aab25c47a2a4d201,76327,retained,generated,current/supporting
cells/L796_projection_neuron/plots/channels/L796_T_type_rebound_test.png,L796-ALT-PN,"Visualization of morphology, simulation, or validation output",3ef03623f66b514042f099d1ca361136c2afecc03d5a148442130a4337b073f3,103811,retained,generated,current/supporting
cells/L796_projection_neuron/plots/receptors/L796_AMPA_NMDA_summation.png,L796-ALT-PN,"Visualization of morphology, simulation, or validation output",f9afdb13a35951a780156ef9585ab20e348d724d1f2790353fedbfddc1df1898,120065,retained,generated,current/supporting
cells/L796_projection_neuron/plots/receptors/L796_EPSP_to_spike_conversion.png,L796-ALT-PN,"Visualization of morphology, simulation, or validation output",02afc4e6166b68edd53dfe19e7daf33820b7bb1e89727cb001e216d67265e8bc,119188,retained,generated,current/supporting
cells/L796_projection_neuron/plots/receptors/L796_EPSP_traces_by_location.png,L796-ALT-PN,"Visualization of morphology, simulation, or validation output",b75692871e3e1ba61a0220dad66d0ee9497b3d3b552a51cc27f661fe5ba17497,109240,retained,generated,current/supporting
cells/L796_projection_neuron/plots/receptors/L796_excitability_index.png,L796-ALT-PN,"Visualization of morphology, simulation, or validation output",261bc7d243a28d25dd6f8479bd57eeaf093dd024f1ef8b9ad3367e717a7329c6,52027,retained,generated,current/supporting
cells/L796_projection_neuron/plots/receptors/L796_IPSP_traces.png,L796-ALT-PN,"Visualization of morphology, simulation, or validation output",788bef5c1ffda689a8344dd870ebbb96202228c9adeb6cee29d8c2de6ecf35b4,149176,retained,generated,current/supporting
cells/L796_projection_neuron/plots/receptors/L796_nAChR_depolarization.png,L796-ALT-PN,"Visualization of morphology, simulation, or validation output",4ea5eda8b3e7c5e4cd37b4ea949c29bce01a110577fa4492d76964fcb5277056,127576,retained,generated,current/supporting
cells/L796_projection_neuron/plots/receptors/L796_NMDA_mgblock.png,L796-ALT-PN,"Visualization of morphology, simulation, or validation output",7318d74a21febcf83f43323a3e2097c4a0b1e1589ae4aa0c4f801fa04bb7450a,79890,retained,generated,current/supporting
cells/L796_projection_neuron/plots/receptors/L796_normal_vs_neuropathic_FI.png,L796-ALT-PN,"Visualization of morphology, simulation, or validation output",27efd9539d6869a956b75ac1ff6c0965056f42c077cbc54c98a3e07e12c41d7b,103194,retained,generated,current/supporting
cells/L796_projection_neuron/plots/receptors/L796_shunting_demo.png,L796-ALT-PN,"Visualization of morphology, simulation, or validation output",6a0c5fae12a3d6bf004c301c7a18734731e13885f38b390ddd8f5018bfd60162,86127,retained,generated,current/supporting
cells/L796_projection_neuron/README.md,L796-ALT-PN,"Scientific interpretation, provenance, or run documentation",42ac85393a792d5b0fa578788dae7c11f7ea0cbae6f570f1abdb8d49bce255c2,2880,retained,source,current/supporting
cells/L796_projection_neuron/reports/ablation_iNaP_iCaL/L796_iNaP_iCaL_ablation_report.md,L796-ALT-PN,"Scientific interpretation, provenance, or run documentation",84b9df28287056b35fef7b4bbb51e5d85809035e98fff07240ef6e566a67fda9,5521,retained,source,current/supporting
cells/L796_projection_neuron/reports/build_master_report_docx.js,L796-ALT-PN,Project metadata or historical artifact,7e02fbf11e3c907889240a7c1297a8dded7da8bc873305dcf15d01c1c0af5fdf,5948,retained,source,current/supporting
cells/L796_projection_neuron/reports/L796_channel_complement_report.md,L796-ALT-PN,"Scientific interpretation, provenance, or run documentation",bba1b7f41440e9322160cff32a66366001ee8d7bb4b5ddc7692f655040ddd5ad,15884,retained,source,current/supporting
cells/L796_projection_neuron/reports/L796_deferred_channels_closeout.md,L796-ALT-PN,"Scientific interpretation, provenance, or run documentation",8c3462bc5535abcf7d00b9337dcbd64251f98137b9daaf2379264159160d5b72,2305,retained,source,current/supporting
cells/L796_projection_neuron/reports/L796_final_completion_report.md,L796-ALT-PN,"Scientific interpretation, provenance, or run documentation",bfc9ec0cf8f47f328c694982bff86f1b8a8ebf1f2ef158dfbffeafbef395c4e9,6412,retained,source,current/supporting
cells/L796_projection_neuron/reports/L796_final_v2_completion_report.md,L796-ALT-PN,"Scientific interpretation, provenance, or run documentation",32da2bb9e6c12999bb4d8263aeee086ef1ccb91c258a02d1c4b9d387e166be7d,8878,retained,source,current/supporting
cells/L796_projection_neuron/reports/L796_ligand_gated_receptor_report.md,L796-ALT-PN,"Scientific interpretation, provenance, or run documentation",660336985277908272462e3d445d12977cf80eeb53f35a8b5adc14dd42f232d4,11889,retained,source,current/supporting
cells/L796_projection_neuron/reports/L796_MASTER_REPORT.docx,L796-ALT-PN,"Scientific interpretation, provenance, or run documentation",f8e8d2d5b8edd4f4578a05593ffdfa38f900d7239bba844f02fbabf356b473aa,13342,retained,generated,current/supporting
cells/L796_projection_neuron/reports/L796_MASTER_REPORT.md,L796-ALT-PN,"Scientific interpretation, provenance, or run documentation",6e80de45b69c3c4b526eb3520024dfe15939b19f19e093565e6ccbf827c85b02,8665,retained,source,current/supporting
cells/L796_projection_neuron/reports/L796_model_vs_literature_validation_table.csv,L796-ALT-PN,Raw or summarized evidence for a model result,797bb460c8b78023c8a0434634d7fecd39093bee7c95d4fd2658720118a86061,1078,retained,generated,current/supporting
cells/L796_projection_neuron/reports/L796_model_vs_literature_validation_table.md,L796-ALT-PN,"Scientific interpretation, provenance, or run documentation",edcfc9fd7dcae1ed326d70c6ac8e10985d68ac4611efae064eedf9408b26d0dc,2077,retained,source,current/supporting
cells/L796_projection_neuron/reports/L796_model_vs_literature_validation_table_STIM_WINDOW.csv,L796-ALT-PN,Raw or summarized evidence for a model result,db4deb46b229aa4b83c2dcdceb07de7cf048d26dc7d4baa6a377821a0301987a,1698,retained,generated,current/supporting
cells/L796_projection_neuron/reports/L796_model_vs_literature_validation_table_STIM_WINDOW.md,L796-ALT-PN,"Scientific interpretation, provenance, or run documentation",63973cef34e37811905ca17f351d2d7b93d90c50f923998758e61576326c9fe4,2958,retained,source,current/supporting
cells/L796_projection_neuron/reports/L796_morphology_check_report.txt,L796-ALT-PN,"Scientific interpretation, provenance, or run documentation",177613e6efc53bc833db59ecdf1578b3d577259974b18b58563d5d4c0107af45,1036,retained,source,current/supporting
cells/L796_projection_neuron/reports/L796_passive_fit_report.txt,L796-ALT-PN,"Scientific interpretation, provenance, or run documentation",0bbac2f4ac3a64f3219a52f4abe0b0b0eb674aa2408b06fea845bd6f6b36d11a,1161,retained,source,current/supporting
cells/L796_projection_neuron/reports/L796_report.html,L796-ALT-PN,"Scientific interpretation, provenance, or run documentation",a29b510118c4f62a6d9fa25a7f6dfd94e4add9071d4f12977d473004f7d05a1f,2833465,retained,generated,current/supporting
cells/L796_projection_neuron/reports/L796_single_cell_final_status.md,L796-ALT-PN,"Scientific interpretation, provenance, or run documentation",6cc86a84d3615702216da9e17f87e5f8d5c4fbb223aae060de54b5647b83e47d,6480,retained,source,current/supporting
cells/L796_projection_neuron/reports/L796_step3_active_grid_report.txt,L796-ALT-PN,"Scientific interpretation, provenance, or run documentation",58609b62e8f96e0c6d57e131b10d0cab8f4ab021a96b3236a4a1f8d44379e1a1,2022,retained development evidence,source,historical/diagnostic
cells/L796_projection_neuron/reports/L796_step4_report_ready_features.md,L796-ALT-PN,"Scientific interpretation, provenance, or run documentation",28499bf571273f0baec7a28d3a8856e692b7dd5f9297e354269e3605da8f401b,3093,retained,source,current/supporting
cells/L796_projection_neuron/reports/L796_step4_validated_active_model_report.txt,L796-ALT-PN,"Scientific interpretation, provenance, or run documentation",ad2d03908bfff7bc749668ddabbe9ce067165ea1c5669fea8eb68152ed28fde9,1676,retained,source,current/supporting
cells/L796_projection_neuron/reports/L796_step5_AIS_soma_summary_STIM_WINDOW.csv,L796-ALT-PN,Raw or summarized evidence for a model result,98d449f07b3d6deab7688becdccaec2f58ffaeb140cb5ebd671ef1bdd6dbb1ce,676,retained,generated,current/supporting
cells/L796_projection_neuron/reports/L796_step5_AIS_soma_summary_STIM_WINDOW.md,L796-ALT-PN,"Scientific interpretation, provenance, or run documentation",d4638cacfc7b00bb0c2313b71a67d6c0cd5a6b89cd2da87e45b39bf44938827b,1370,retained,source,current/supporting
cells/L796_projection_neuron/reports/L796_step5_somatic_AP_features_summary_STIM_WINDOW.csv,L796-ALT-PN,Raw or summarized evidence for a model result,c17fd7348b66bee2b0e13cd1f67aef69a2a116a973b024b71fa6641e77ad4537,1727,retained,generated,current/supporting
cells/L796_projection_neuron/reports/L796_step5_tuning_report.txt,L796-ALT-PN,"Scientific interpretation, provenance, or run documentation",9f7cabb19475331528c1d20c92d34ebd5c5d741f1ff8c02abc575b52b7b0db5e,1828,retained,source,current/supporting
cells/L796_projection_neuron/reports/package-lock.json,L796-ALT-PN,Project metadata or historical artifact,fab2be928090708aad896fe82a7c7a19a38547f12cab6b4b0d23a5f106de4183,7531,retained,source,current/supporting
cells/L796_projection_neuron/reports/package.json,L796-ALT-PN,Project metadata or historical artifact,825061ba11e2dc1a41d7ac18ffd989da87d68f4910e2d8cf3f3dc812f56e6140,54,retained,source,current/supporting
cells/L796_projection_neuron/reports/temperature_sensitivity_fixed_intrinsic/L796_temperature_sensitivity_report.md,L796-ALT-PN,"Scientific interpretation, provenance, or run documentation",21104201655130253977b77f472c8d079a593a2e8b0e0bb9466e9ecd66821f2e,2591,retained,source,current/supporting
cells/L796_projection_neuron/requirements.txt,L796-ALT-PN,"Scientific interpretation, provenance, or run documentation",4d60049e4d6b389033f8cfc179a45e040423800deca20e461df504e12dfb0e6d,42,retained,source,current/supporting
cells/L796_projection_neuron/results/ablation_iNaP_iCaL/A_final_as_is_40pA_trace.csv,L796-ALT-PN,Raw or summarized evidence for a model result,ebaeb984a2e2954faddc736dffa2fba444815ca281aacef800a726fba0eebe66,2152920,retained,generated,current/supporting
cells/L796_projection_neuron/results/ablation_iNaP_iCaL/A_final_as_is_parameter_changes.csv,L796-ALT-PN,Raw or summarized evidence for a model result,d4c32af029602b854b7b5a73757ee2e36fcbee4eb354b7fc3a288830214dcee1,33349,retained,generated,current/supporting
cells/L796_projection_neuron/results/ablation_iNaP_iCaL/B_CaL_ModelDB_scale_1p0_40pA_trace.csv,L796-ALT-PN,Raw or summarized evidence for a model result,21b1bb9c8f2a7a043f0645a35b5c30e33483991222b65165b1bf2ef5ee005261,2153317,retained,generated,current/supporting
cells/L796_projection_neuron/results/ablation_iNaP_iCaL/B_CaL_ModelDB_scale_1p0_parameter_changes.csv,L796-ALT-PN,Raw or summarized evidence for a model result,63798ac0b224482d534897cd5df24a34228a1719f231aa3bdef49a438bcc2e70,37157,retained,generated,current/supporting
cells/L796_projection_neuron/results/ablation_iNaP_iCaL/C_CaL_removed_40pA_trace.csv,L796-ALT-PN,Raw or summarized evidence for a model result,3ae99f023bab8f42060516d2bef259009b7f70347b26802a3adf5bb576027d05,2153147,retained,generated,current/supporting
cells/L796_projection_neuron/results/ablation_iNaP_iCaL/C_CaL_removed_parameter_changes.csv,L796-ALT-PN,Raw or summarized evidence for a model result,d07f4093b886d43699c6d4178b832e648941a8d3337c083d657970b61afa8f82,26143,retained,generated,current/supporting
cells/L796_projection_neuron/results/ablation_iNaP_iCaL/D_iNaP_removed_40pA_trace.csv,L796-ALT-PN,Raw or summarized evidence for a model result,af5cab1b2f7b96a5e4ffea853e0188e44a0eb884df3cc42db43a2f0841634a12,2152772,retained,generated,current/supporting
cells/L796_projection_neuron/results/ablation_iNaP_iCaL/D_iNaP_removed_parameter_changes.csv,L796-ALT-PN,Raw or summarized evidence for a model result,4f409c5f28f433bf4538d63114e20bdf714555f83a01eed32476123baa394975,33727,retained,generated,current/supporting
cells/L796_projection_neuron/results/ablation_iNaP_iCaL/E_CaL_and_iNaP_removed_40pA_trace.csv,L796-ALT-PN,Raw or summarized evidence for a model result,9406d5a2c9f3f548e68ddeb0e0136f4bc8e0956559ec2b2715895f57479ec4f8,2152705,retained,generated,current/supporting
cells/L796_projection_neuron/results/ablation_iNaP_iCaL/E_CaL_and_iNaP_removed_parameter_changes.csv,L796-ALT-PN,Raw or summarized evidence for a model result,203ec77f960593289670ce82755ea95a829e628235e7ebcc1c48aa88c7c9682c,29569,retained,generated,current/supporting
cells/L796_projection_neuron/results/ablation_iNaP_iCaL/L796_iNaP_iCaL_ablation_summary.csv,L796-ALT-PN,Raw or summarized evidence for a model result,314788d225eb1aac953a4b716bdc2e2d3f43632edadb774c752e41bb1e96d4f4,1798,retained,generated,current/supporting
cells/L796_projection_neuron/results/ap_features/L796_step5_somatic_AP_features_per_spike.csv,L796-ALT-PN,Raw or summarized evidence for a model result,59ff3014a1a7dd844b2daec8a132ac1815c845867ade0892e429b812ccd49add,5859,retained,generated,current/supporting
cells/L796_projection_neuron/results/ap_features/L796_step5_somatic_AP_features_summary.csv,L796-ALT-PN,Raw or summarized evidence for a model result,ed0b45a8830b36696bc163b5ede93edc8d94ca1492411a809a812bb68eb3c79d,1759,retained,generated,current/supporting
cells/L796_projection_neuron/results/ap_features/L796_step5_somatic_AP_features_summary_STIM_WINDOW.csv,L796-ALT-PN,Raw or summarized evidence for a model result,c17fd7348b66bee2b0e13cd1f67aef69a2a116a973b024b71fa6641e77ad4537,1727,retained,generated,current/supporting
cells/L796_projection_neuron/results/channels/L796_A_type_K_search.csv,L796-ALT-PN,Raw or summarized evidence for a model result,53075addca6b358edacd049c9701fa3f54a04dfdb0380976d3bdd06ed80db2db,945,retained,generated,current/supporting
cells/L796_projection_neuron/results/channels/L796_channel_status_map.csv,L796-ALT-PN,Raw or summarized evidence for a model result,4168c9ecc5d67c8688c415b591e13716fe7d3e4cc46048d6c2ffb58edaf135f6,7872,retained,generated,current/supporting
cells/L796_projection_neuron/results/channels/L796_channel_validation.csv,L796-ALT-PN,Raw or summarized evidence for a model result,ad28c193771aac145055dd2229ed5b6eff3bf3efed9836c8811399ae808d9bbd,925,retained,generated,current/supporting
cells/L796_projection_neuron/results/final_model/L796_final_search_candidates.csv,L796-ALT-PN,Raw or summarized evidence for a model result,4c447c01bdfe3e47f621575cd776cfc056d54e6a889477638f49ab85acc08727,5898,retained,generated,current/supporting
cells/L796_projection_neuron/results/final_model/L796_final_validation_vs_targets.csv,L796-ALT-PN,Raw or summarized evidence for a model result,48fa5c4053e12e896d748e567880a6f06cb725f0900109f1f67c0cd7ad20f8d8,858,retained,generated,current/supporting
cells/L796_projection_neuron/results/final_model_v2/L796_final_v2_search_candidates.csv,L796-ALT-PN,Raw or summarized evidence for a model result,f3df34182592d42d685eccfed027458e41f953c075f52caf470c394a0d88e4fe,18323,retained,generated,current/supporting
cells/L796_projection_neuron/results/final_model_v2/L796_final_v2_validation_vs_targets.csv,L796-ALT-PN,Raw or summarized evidence for a model result,8783575961e679c2dceedc84cbc7c562ec7d24bd428c212b06166879c8a75e99,937,retained,generated,current/supporting
cells/L796_projection_neuron/results/fine_rheobase/fine_rheobase_run_log.txt,L796-ALT-PN,"Scientific interpretation, provenance, or run documentation",bd013808a71f1d8ab82ed936d40f7d263350c495fb6d41cc4a1acdd8c9eb99dc,837,retained,source,current/supporting
cells/L796_projection_neuron/results/L796_final_v2_search_candidates.csv,L796-ALT-PN,Raw or summarized evidence for a model result,f3df34182592d42d685eccfed027458e41f953c075f52caf470c394a0d88e4fe,18323,retained,generated,current/supporting
cells/L796_projection_neuron/results/L796_final_v2_validation_vs_targets.csv,L796-ALT-PN,Raw or summarized evidence for a model result,8783575961e679c2dceedc84cbc7c562ec7d24bd428c212b06166879c8a75e99,937,retained,generated,current/supporting
cells/L796_projection_neuron/results/L796_final_validation_vs_targets.csv,L796-ALT-PN,Raw or summarized evidence for a model result,48fa5c4053e12e896d748e567880a6f06cb725f0900109f1f67c0cd7ad20f8d8,858,retained,generated,current/supporting
cells/L796_projection_neuron/results/morphology/L796_morphology_global_summary.csv,L796-ALT-PN,Raw or summarized evidence for a model result,904ecc3bb5e284a3e32ffe32563bafa4d175acb4a4e9222109b44badf0adc521,414,retained,generated,current/supporting
cells/L796_projection_neuron/results/morphology/L796_morphology_type_metrics.csv,L796-ALT-PN,Raw or summarized evidence for a model result,668397b6d64d1cc7c4183850cc650617d8eb244f6cd9e924a3e5ea1f3682cf9b,279,retained,generated,current/supporting
cells/L796_projection_neuron/results/passive/L796_passive_best_fit.dat,L796-ALT-PN,Raw or summarized evidence for a model result,03a372d1cb2caa4017fee2f11613ee5c32aab56729f6def98d09a3b5fccd56da,731623,retained,generated,current/supporting
cells/L796_projection_neuron/results/passive/L796_passive_best_fit_summary.csv,L796-ALT-PN,Raw or summarized evidence for a model result,104ca7fa20ee76290952efcfff56f20cd407723ceb95d8836f144f87b37ee431,439,retained,generated,current/supporting
cells/L796_projection_neuron/results/passive/L796_passive_gpas_fit_history.csv,L796-ALT-PN,Raw or summarized evidence for a model result,a6d2a127a0df9478e6495f48b8138a8b94fc446459192860e60cf0fcbe7d29dd,734,retained,generated,current/supporting
cells/L796_projection_neuron/results/receptors/L796_EPSP_summation.csv,L796-ALT-PN,Raw or summarized evidence for a model result,7f5d9b9f7843837163268cb697bf4c0cfe4d3e5bb5cd4e3c1e33685f733ae5e0,349,retained,generated,current/supporting
cells/L796_projection_neuron/results/receptors/L796_EPSP_to_spike_conversion.csv,L796-ALT-PN,Raw or summarized evidence for a model result,d8663c0bd1c902b006f0cbb1e49a456a7ac5be333ca53fec6f1881b0f84255b6,215,retained,generated,current/supporting
cells/L796_projection_neuron/results/receptors/L796_EPSP_validation.csv,L796-ALT-PN,Raw or summarized evidence for a model result,e43663bb833b6ee89fd91d5f3c12df3dbcde645f06d935f4aa54e3c5c444cd0d,632,retained,generated,current/supporting
cells/L796_projection_neuron/results/receptors/L796_excitability_index.csv,L796-ALT-PN,Raw or summarized evidence for a model result,6704ed2facf5ad191dedc81e628d7e86f1d01eeb64636be088fa0c1fa09b09a6,75,retained,generated,current/supporting
cells/L796_projection_neuron/results/receptors/L796_IPSP_validation.csv,L796-ALT-PN,Raw or summarized evidence for a model result,66d2ce435f51900cf570d427ff4367065acd74adaae9600aef50fbda0df4416f,374,retained,generated,current/supporting
cells/L796_projection_neuron/results/receptors/L796_nAChR_validation.csv,L796-ALT-PN,Raw or summarized evidence for a model result,cb63db6292dbeed62c189c736c7e4f5f6afad5a44f55fead5b929d8bb8234052,264,retained,generated,current/supporting
cells/L796_projection_neuron/results/receptors/L796_NMDA_mgblock.csv,L796-ALT-PN,Raw or summarized evidence for a model result,1ffbabaad7a41c12fff31e2af33db15315b17d5eaa7449766a2a406d31771891,305,retained,generated,current/supporting
cells/L796_projection_neuron/results/receptors/L796_NMDA_voltage_clamp.csv,L796-ALT-PN,Raw or summarized evidence for a model result,abd2691b2df0bf928b40552aab64e30da7076301eb0a2ae5297be28682ceb091,351,retained,generated,current/supporting
cells/L796_projection_neuron/results/receptors/L796_normal_vs_neuropathic_FI.csv,L796-ALT-PN,Raw or summarized evidence for a model result,af6f716c3a491eaab585521663ce51119cb5ec2b802f12cfcb1511c6eb48e353,507,retained,generated,current/supporting
cells/L796_projection_neuron/results/receptors/L796_receptor_calibration.json,L796-ALT-PN,Project metadata or historical artifact,f82592f1c5b25aa04bb7429126d5bc6ec49bc5ff0e8782d385c0e02ded0ad9c3,1018,retained,source,current/supporting
cells/L796_projection_neuron/results/receptors/L796_shunting_validation.csv,L796-ALT-PN,Raw or summarized evidence for a model result,9569e8816381b43d52b06328ed32e131d2ad95009360e64764de14ce1e1c2bb8,190,retained,generated,current/supporting
cells/L796_projection_neuron/results/step3_active_grid/L796_active_grid_summary.csv,L796-ALT-PN,Raw or summarized evidence for a model result,215bac92fa48207b47d221309b9e3c28babb6dfac51fd31dd87f99ff1a23537c,102416,retained development evidence,generated,historical/diagnostic
cells/L796_projection_neuron/results/step3_active_grid/L796_active_grid_top20.csv,L796-ALT-PN,Raw or summarized evidence for a model result,da9d5611703e9eb84fcd85172bf62241b1d7dfe617108ec2d60052b507170139,5741,retained development evidence,generated,historical/diagnostic
cells/L796_projection_neuron/results/step3_active_grid/L796_active_multispike_candidates.csv,L796-ALT-PN,Raw or summarized evidence for a model result,b4825e7670e5615295f94b17711d771a38d56df666ea39e9a3e5d496caa57ace,86600,retained development evidence,generated,historical/diagnostic
cells/L796_projection_neuron/results/step3_active_grid/L796_active_top3_validation_FI.csv,L796-ALT-PN,Raw or summarized evidence for a model result,f3f1c3dfd257fc0ce7d4251bf316137027e321c251e0efb10a28b844e9b8baf5,3512,retained development evidence,generated,historical/diagnostic
cells/L796_projection_neuron/results/step4_validation/L796_step4_current_sweep_features.csv,L796-ALT-PN,Raw or summarized evidence for a model result,f4f1ab0bd5d47d331642fb777f2205f14590d99b183cef7cc54d889aa42c2000,2924,retained,generated,current/supporting
cells/L796_projection_neuron/results/step4_validation/L796_step4_final_ephys_features.csv,L796-ALT-PN,Raw or summarized evidence for a model result,2c2e722bd48c36e35e14550176fc1e7c2aef4053216dce4333ba12b901c377ae,2649,retained,generated,current/supporting
cells/L796_projection_neuron/results/step4_validation/L796_step4_report_ready_features.csv,L796-ALT-PN,Raw or summarized evidence for a model result,4d84f9b5a1c96f3434bf9d0f5f3a216920dae76ab36c0ddbb7cab395f701ce19,1197,retained,generated,current/supporting
cells/L796_projection_neuron/results/step4_validation/L796_step4_Rin_check.csv,L796-ALT-PN,Raw or summarized evidence for a model result,0bc49a2be78ab98bbb9b16e91b4150b16962973e588257e88e5364baa2e2ba66,185,retained,generated,current/supporting
cells/L796_projection_neuron/results/step5_final_model/best_I_-10pA_ais_vs_soma_check.csv,L796-ALT-PN,Raw or summarized evidence for a model result,7eb70257593da06f682a3ddda54a9d260d4fc514f645237f5ca74b08f8da61a6,2,retained,generated,current/supporting
cells/L796_projection_neuron/results/step5_final_model/best_I_0pA_ais_vs_soma_check.csv,L796-ALT-PN,Raw or summarized evidence for a model result,7eb70257593da06f682a3ddda54a9d260d4fc514f645237f5ca74b08f8da61a6,2,retained,generated,current/supporting
cells/L796_projection_neuron/results/step5_final_model/best_I_100pA_ais_vs_soma_check.csv,L796-ALT-PN,Raw or summarized evidence for a model result,dc76f4a103263bea622703813eae70a646aa12460132091a8876168f129e0854,793,retained,generated,current/supporting
cells/L796_projection_neuron/results/step5_final_model/best_I_120pA_ais_vs_soma_check.csv,L796-ALT-PN,Raw or summarized evidence for a model result,3825ac604a27e7dd1a989fcc378b2bf2aa243f49443fb8c59ee65609037173f2,900,retained,generated,current/supporting
cells/L796_projection_neuron/results/step5_final_model/best_I_20pA_ais_vs_soma_check.csv,L796-ALT-PN,Raw or summarized evidence for a model result,7eb70257593da06f682a3ddda54a9d260d4fc514f645237f5ca74b08f8da61a6,2,retained,generated,current/supporting
cells/L796_projection_neuron/results/step5_final_model/best_I_40pA_ais_vs_soma_check.csv,L796-ALT-PN,Raw or summarized evidence for a model result,d4131b473a558a5eea0d755daf664d15d4d9cafb74d2864081922619150c5ecb,463,retained,generated,current/supporting
cells/L796_projection_neuron/results/step5_final_model/best_I_60pA_ais_vs_soma_check.csv,L796-ALT-PN,Raw or summarized evidence for a model result,102dface5d73d449271daac099c13432e7f7815cdd936a8e61f60332925030e7,580,retained,generated,current/supporting
cells/L796_projection_neuron/results/step5_final_model/best_I_80pA_ais_vs_soma_check.csv,L796-ALT-PN,Raw or summarized evidence for a model result,a6f7a0d3d90dd6d100bae4c7c5292d90be58ab682ebfa165da36b6bc9ebe4dbd,705,retained,generated,current/supporting
cells/L796_projection_neuron/results/step5_final_model/L796_step5_all_tuning_candidates.csv,L796-ALT-PN,Raw or summarized evidence for a model result,9fa8215daf80310e879e4e6f5994d2d8f9974a907e648e88fa8c7c58671bf753,250586,retained,generated,current/supporting
cells/L796_projection_neuron/results/step5_final_model/L796_step5_best_model_features.csv,L796-ALT-PN,Raw or summarized evidence for a model result,8c39373a65925737bb85efad4a5204329eb469217e56ccf7d481a10ce950b142,3029,retained,generated,current/supporting
cells/L796_projection_neuron/results/step5_final_model/L796_step5_top20_tuned_candidates.csv,L796-ALT-PN,Raw or summarized evidence for a model result,f83fb90d40eb2f32831e3347501ae7b3757e3a8b8570e95b8adf00e904a74bf8,21335,retained,generated,current/supporting
cells/L796_projection_neuron/results/temperature_sensitivity_fixed_intrinsic/L796_intrinsic_fixed_23p0C.csv,L796-ALT-PN,Raw or summarized evidence for a model result,7e92fb0242063e432be5a9925dfe947cc0f1c825cde07b19cecd3cf08e9a0fd5,268,retained,generated,current/supporting
cells/L796_projection_neuron/results/temperature_sensitivity_fixed_intrinsic/L796_intrinsic_fixed_37p0C.csv,L796-ALT-PN,Raw or summarized evidence for a model result,83236b311f0c412bb57c116cb3157574d32d92463c56c100b4c015128320133a,266,retained,generated,current/supporting
cells/L796_projection_neuron/results/temperature_sensitivity_fixed_intrinsic/L796_intrinsic_fixed_6p3C.csv,L796-ALT-PN,Raw or summarized evidence for a model result,8f64a51110c227cbbf723afa6bf7923ca6a3f1dad7d3be8179d7596f4c04907f,269,retained,generated,current/supporting
cells/L796_projection_neuron/results/temperature_sensitivity_fixed_intrinsic/L796_intrinsic_temperature_comparison.csv,L796-ALT-PN,Raw or summarized evidence for a model result,dd7027e04b0bfb93b685eba04f60bc01886989ef42714c518a2d66faf4e476b4,240,retained,generated,current/supporting
cells/L796_projection_neuron/run_validation.sh,L796-ALT-PN,"Simulation, analysis, extraction, or validation workflow",855d45b949d37d6c0fd4ebbc0cd2894057559c095aa173b179c7a798a8f246a1,1375,retained,source,current/supporting
cells/L796_projection_neuron/scripts/05_passive_validation.py,L796-ALT-PN,"Simulation, analysis, extraction, or validation workflow",6b8c311e26886ad8bf587d374bd5f1696624c2fcd345e27db581cd4fffa9ab4b,7289,retained,source,current/supporting
cells/L796_projection_neuron/scripts/06_active_validation.py,L796-ALT-PN,"Simulation, analysis, extraction, or validation workflow",7e47d93d25825d2d8a2028d08bb890597181217a1325595e0e2619e871961628,16356,retained,source,current/supporting
cells/L796_projection_neuron/scripts/07_tuning.py,L796-ALT-PN,"Simulation, analysis, extraction, or validation workflow",a2951ea6e1c62370566bac1a22d5d22e62899ea73f9abfda54254169f7d367fa,22566,retained,source,current/supporting
cells/L796_projection_neuron/scripts/13_finish_L796.py,L796-ALT-PN,"Simulation, analysis, extraction, or validation workflow",472d5e07aa330ba87e052cdb7cf51eeb0fb0c6139a4e1848d6bf1429f5bbad18,46049,retained,source,current/supporting
cells/L796_projection_neuron/scripts/14_finalize_from_csv.py,L796-ALT-PN,"Simulation, analysis, extraction, or validation workflow",cf378c466f057bde0d3a2cdf7bea2f31df67d89bb4410ae70024d64a38db647c,1922,retained,source,current/supporting
cells/L796_projection_neuron/scripts/14_L796_ligand_gated_receptors.py,L796-ALT-PN,"Simulation, analysis, extraction, or validation workflow",c85ed9475f6725f73b0b8abed54ca7e96d0773ecb85ea0f0971e8dc8c77d7d2a,53768,retained,source,current/supporting
cells/L796_projection_neuron/scripts/15_close_halfwidth_v2.py,L796-ALT-PN,"Simulation, analysis, extraction, or validation workflow",7dc7ed2c80bac3052e1f804852c0288647b2236aa750cd9718d7767693649c64,50640,retained,source,current/supporting
cells/L796_projection_neuron/scripts/15_L796_neuropathic_receptor_manipulations.py,L796-ALT-PN,"Simulation, analysis, extraction, or validation workflow",7c58b983792c981a0840b3db6417200e061c0d4150f9ce9aed35bf58c0a0c1aa,22580,retained,source,current/supporting
cells/L796_projection_neuron/scripts/16_finalize_v2_from_csv.py,L796-ALT-PN,"Simulation, analysis, extraction, or validation workflow",85ebca8722072d9976261cb56b4471cf77c3ba698f3bd9df77a6989dbfc7d98a,5030,retained,source,current/supporting
cells/L796_projection_neuron/scripts/17_L796_channel_complement.py,L796-ALT-PN,"Simulation, analysis, extraction, or validation workflow",13a9882ae1f4acec3dea550edaa7357901df45d7a78e6cb1bec2a8b0514269fe,61075,retained,source,current/supporting
cells/L796_projection_neuron/scripts/19_temperature_sensitivity_fixed_intrinsic.py,L796-ALT-PN,"Simulation, analysis, extraction, or validation workflow",1f1ad37715f4578aecd21dc1e285b51883fcb4a204e17642df847f4ad6dd7cf8,14558,retained,source,current/supporting
cells/L796_projection_neuron/scripts/20_external_trace_validation.py,L796-ALT-PN,"Simulation, analysis, extraction, or validation workflow",e808f6f482fcece6c0880ac9e627e6a49e5b285c8dda51c1354b58e0a3fe611f,3644,retained,source,current/supporting
cells/L796_projection_neuron/scripts/check_ais_vs_soma.py,L796-ALT-PN,"Simulation, analysis, extraction, or validation workflow",570cad085dabc6ebabe43301a9f5af13ed4aa4f52c06d776c57ee91da0017996,9192,retained,source,current/supporting
cells/L796_projection_neuron/scripts/check_L796_morphology.py,L796-ALT-PN,"Simulation, analysis, extraction, or validation workflow",71ed0d3598891b531a40e554a9b5e798a94abdfac90a25f1c666a4d238c6d7e0,10397,retained,source,current/supporting
cells/L796_projection_neuron/scripts/extract_L796_step4_final_features.py,L796-ALT-PN,"Simulation, analysis, extraction, or validation workflow",bb15da1c8b9dd38542b40c2acc39860b0c68efa0dee1b8400058285e9f6b021f,6793,retained,source,current/supporting
cells/L796_projection_neuron/scripts/extract_step5_somatic_AP_features.py,L796-ALT-PN,"Simulation, analysis, extraction, or validation workflow",1b210e742c0a6c6f90212b00ce7f53e6829cfe8ae1e88a406f5d20134564ace9,10814,retained,source,current/supporting
cells/L796_projection_neuron/scripts/fit_L796_passive_gpas.py,L796-ALT-PN,"Simulation, analysis, extraction, or validation workflow",f738bbe6e52cd23e20cede9ea1f6cf63c91cfb3eb8c72d326835e9f4f5fea9ef,12930,retained,source,current/supporting
cells/L796_projection_neuron/scripts/L796_step3_active_grid_search.py,L796-ALT-PN,"Simulation, analysis, extraction, or validation workflow",d0db19d0a605d82b5df3e74e5239e3f2bc4779f29e5011fdcf9bf8c01c330d4d,20727,retained development evidence,source,historical/diagnostic
cells/L796_projection_neuron/scripts/L796_step4_validate_best_active_model.py,L796-ALT-PN,"Simulation, analysis, extraction, or validation workflow",b93efe2a192c2bba79d665272b7853d91ce1c470f3cbd1822d367e1cd64045c3,21721,retained,source,current/supporting
cells/L796_projection_neuron/scripts/L796_step5_1sec_sweep.py,L796-ALT-PN,"Simulation, analysis, extraction, or validation workflow",0e81075e6cc4d49d1f46ebe7b0915f6e9115aae8d1ea4b92952fcf4541dec158,26510,retained,source,current/supporting
cells/L796_projection_neuron/scripts/L796_step5_fine_rheobase.py,L796-ALT-PN,"Simulation, analysis, extraction, or validation workflow",09e5e9ebe053b280214954d1f9e1343978a3870e507ba57bf92b8d240195ddb0,26519,retained,source,current/supporting
cells/L796_projection_neuron/scripts/L796_step5_tune_active_conductances.py,L796-ALT-PN,"Simulation, analysis, extraction, or validation workflow",71846e0719a66677944fbb6e59ee856b4a600c226fa53201715fac72b35cee5d,26469,retained,source,current/supporting
cells/L796_projection_neuron/scripts/make_AIS_soma_summary_stim_window.py,L796-ALT-PN,"Simulation, analysis, extraction, or validation workflow",2650a31d5ca854a3224abedfff99be713697026df6d569029bfa11807d1abd27,2550,retained,source,current/supporting
cells/L796_projection_neuron/scripts/make_model_validation_table.py,L796-ALT-PN,"Simulation, analysis, extraction, or validation workflow",17c3cac38b5629977e5a2372d5207765d549e8c408705b6879b19fb88641925e,3548,retained,source,current/supporting
cells/L796_projection_neuron/scripts/make_model_validation_table_stim_window.py,L796-ALT-PN,"Simulation, analysis, extraction, or validation workflow",729e62e2faa26544cae4afc02bc81340df732efb17902174910130f379f828af,5360,retained,source,current/supporting
cells/L796_projection_neuron/scripts/make_somatic_AP_summary_stim_window.py,L796-ALT-PN,"Simulation, analysis, extraction, or validation workflow",fce6dcb0c1ba423a532ceb65d5071c925ac76ad4f718a49e989c53f221e89055,3477,retained,source,current/supporting
cells/L796_projection_neuron/scripts/plot_soma_ais_clear.py,L796-ALT-PN,"Simulation, analysis, extraction, or validation workflow",a73ab3b1aabf571077edf2d09dabde33f3309d566e60b034d884c0fa927eda23,3628,retained,source,current/supporting
cells/L796_projection_neuron/scripts/smoke_test_L796.py,L796-ALT-PN,"Simulation, analysis, extraction, or validation workflow",07ce6bbb8584b48a27f0b6190de2fbf80aa48d6f6bac6d3a698a01c3db85a4fb,3469,retained,source,current/supporting
cells/L796_projection_neuron/traces/step3_active_top_traces/top1_BNa1p25_KDR0p5_KCa0p5_CaL1p0.dat,L796-ALT-PN,Raw or summarized evidence for a model result,c930649a25309931bf2d4125dc255c599e0e11b5a6639aaa2e694c19ddb5fd26,1082829,retained development evidence,generated,historical/diagnostic
cells/L796_projection_neuron/traces/step3_active_top_traces/top1_BNa1p25_KDR0p5_KCa0p5_CaL1p0.png,L796-ALT-PN,"Visualization of morphology, simulation, or validation output",bbc403008b7a68dc4c88d14e1ca72bfc84e6bec4a1c26f938fac0bbb5165ecf4,165095,retained development evidence,generated,historical/diagnostic
cells/L796_projection_neuron/traces/step3_active_top_traces/top2_BNa1p25_KDR0p75_KCa0p0_CaL0p5.dat,L796-ALT-PN,Raw or summarized evidence for a model result,65c9c145fb71b54476c89dbca91f419c57af4ac791fed8b76a3631c296a62577,1082905,retained development evidence,generated,historical/diagnostic
cells/L796_projection_neuron/traces/step3_active_top_traces/top2_BNa1p25_KDR0p75_KCa0p0_CaL0p5.png,L796-ALT-PN,"Visualization of morphology, simulation, or validation output",4dce0e774a8e6748a2c9af22333748f995fa580cd04636a5b3b221a79c9adcbb,168408,retained development evidence,generated,historical/diagnostic
cells/L796_projection_neuron/traces/step3_active_top_traces/top3_BNa1p25_KDR0p75_KCa0p5_CaL0p5.dat,L796-ALT-PN,Raw or summarized evidence for a model result,a22fdb0e35431072bef25c5bbf59a2fb2e59627e466cfae48bf94b0063d3c46b,1082905,retained development evidence,generated,historical/diagnostic
cells/L796_projection_neuron/traces/step3_active_top_traces/top3_BNa1p25_KDR0p75_KCa0p5_CaL0p5.png,L796-ALT-PN,"Visualization of morphology, simulation, or validation output",6e05fca618ab0853514e6cf747e38604f21b3faf57760664ea5dd4ddb8dc9078,166711,retained development evidence,generated,historical/diagnostic
cells/L796_projection_neuron/traces/step3_active_top_traces/top4_BNa1p25_KDR0p75_KCa1p0_CaL0p5.dat,L796-ALT-PN,Raw or summarized evidence for a model result,5103f7f81ac2655446185534381f5bc2f16c8eac77142716edfaadb42f2569cc,1082907,retained development evidence,generated,historical/diagnostic
cells/L796_projection_neuron/traces/step3_active_top_traces/top4_BNa1p25_KDR0p75_KCa1p0_CaL0p5.png,L796-ALT-PN,"Visualization of morphology, simulation, or validation output",d07aff1e0f8f429f9c21505d7598dddb77e03a2f4ac6c8c39f5302d083f1f88d,168843,retained development evidence,generated,historical/diagnostic
cells/L796_projection_neuron/traces/step3_active_top_traces/top5_BNa1p25_KDR0p75_KCa2p0_CaL0p5.dat,L796-ALT-PN,Raw or summarized evidence for a model result,a16f5fd12246fed647cf530c0f4289cecf8a19038cc3756cae05a208cf25fec5,1082907,retained development evidence,generated,historical/diagnostic
cells/L796_projection_neuron/traces/step3_active_top_traces/top5_BNa1p25_KDR0p75_KCa2p0_CaL0p5.png,L796-ALT-PN,"Visualization of morphology, simulation, or validation output",ceba888a0b5667b8783f7aaa2c7ec7b64c438c59784d1b6354caa2e961643ff5,167634,retained development evidence,generated,historical/diagnostic
cells/L796_projection_neuron/traces/step4_traces/I_000pA.dat,L796-ALT-PN,Raw or summarized evidence for a model result,b6d81d0407af61db8c0dcdad331eae8e7b1a5f57efcde811482a417bba0b7c47,1083658,retained,generated,current/supporting
cells/L796_projection_neuron/traces/step4_traces/I_000pA.png,L796-ALT-PN,"Visualization of morphology, simulation, or validation output",ba8680c1b6db2d92a0fad13d33448adf426fdb13284838e6c87834d46e1e2059,93583,retained,generated,current/supporting
cells/L796_projection_neuron/traces/step4_traces/I_020pA.dat,L796-ALT-PN,Raw or summarized evidence for a model result,8b53f76409192ae0d893b35ddd556a36c99e088f819ca59a8d3397afe0935414,1083658,retained,generated,current/supporting
cells/L796_projection_neuron/traces/step4_traces/I_020pA.png,L796-ALT-PN,"Visualization of morphology, simulation, or validation output",ad2e98c39c1079792881d9db50c03b66b4ff4690d37b276c18d910471b1be0c1,118045,retained,generated,current/supporting
cells/L796_projection_neuron/traces/step4_traces/I_040pA.dat,L796-ALT-PN,Raw or summarized evidence for a model result,0979143a1a5a5a0961f53ba409bce5b8cea5ee21c73bc30010a2ee609322c58c,1083269,retained,generated,current/supporting
cells/L796_projection_neuron/traces/step4_traces/I_040pA.png,L796-ALT-PN,"Visualization of morphology, simulation, or validation output",6ae0111d4184cbbb47f4a2513cbc4d55c64df8bdddd41562ef229aecd1405313,153689,retained,generated,current/supporting
cells/L796_projection_neuron/traces/step4_traces/I_060pA.dat,L796-ALT-PN,Raw or summarized evidence for a model result,41a63b8687b2b18787758762f6787d3246984313e26353590965f866422955be,1082829,retained,generated,current/supporting
cells/L796_projection_neuron/traces/step4_traces/I_060pA.png,L796-ALT-PN,"Visualization of morphology, simulation, or validation output",c81f6ec66baa003f3e93cf9345554c118add5f8cf1a6aa1b7609b3e72205d29e,159496,retained,generated,current/supporting
cells/L796_projection_neuron/traces/step4_traces/I_080pA.dat,L796-ALT-PN,Raw or summarized evidence for a model result,388ce635d0e1c52c36e165c803929edf42a7a31f9c0525029edbe007ffe06281,1082535,retained,generated,current/supporting
cells/L796_projection_neuron/traces/step4_traces/I_080pA.png,L796-ALT-PN,"Visualization of morphology, simulation, or validation output",841f98f5fc71a0f874c988cff323ee43422e5f0d20ea640f72b1826a94e9a85e,170963,retained,generated,current/supporting
cells/L796_projection_neuron/traces/step4_traces/I_100pA.dat,L796-ALT-PN,Raw or summarized evidence for a model result,75d4d3a411476c0205f9da5208cdb251473eec79e57b77c92d3d692be53f187c,1082287,retained,generated,current/supporting
cells/L796_projection_neuron/traces/step4_traces/I_100pA.png,L796-ALT-PN,"Visualization of morphology, simulation, or validation output",c4e2dcbba74574a3fabd9aab2b889de36a503bab5c77ff96983a2aafbbd2654f,179787,retained,generated,current/supporting
cells/L796_projection_neuron/traces/step4_traces/I_120pA.dat,L796-ALT-PN,Raw or summarized evidence for a model result,4113a74697c93722506515a0e5470c2297812254bcb04546aea5502a62eaa64f,1082294,retained,generated,current/supporting
cells/L796_projection_neuron/traces/step4_traces/I_120pA.png,L796-ALT-PN,"Visualization of morphology, simulation, or validation output",05c22cf9f4169b92ab5e0315f1db6000e81bae5bf76cc5f3cc8fe257985f8798,185479,retained,generated,current/supporting
cells/L796_projection_neuron/traces/step4_traces/Rin_check_minus10pA.dat,L796-ALT-PN,Raw or summarized evidence for a model result,c26e5a239af74663c9080c268ff1b4b45b731f6e6b3c04b85619aa210f0b7aaa,1083658,retained,generated,current/supporting
cells/L796_projection_neuron/traces/step4_traces/Rin_check_minus10pA.png,L796-ALT-PN,"Visualization of morphology, simulation, or validation output",78cf7147aa58970b917cafe8b67013ab57d930d8590d93b13fd21f2bf2ee85ef,111577,retained,generated,current/supporting
cells/L796_projection_neuron/traces/step5_best_traces/best_I_-10pA.dat,L796-ALT-PN,Raw or summarized evidence for a model result,4b88a598a9f88d7e0fb866002a75daeed9672437ebd6809aa4f1539f2dee3562,1219658,retained,generated,current/supporting
cells/L796_projection_neuron/traces/step5_best_traces/best_I_-10pA.png,L796-ALT-PN,"Visualization of morphology, simulation, or validation output",239900b60b2c947e5c54bcb64cfe718ffe04db97702157cc8a7c08cf0ebcb17e,107877,retained,generated,current/supporting
cells/L796_projection_neuron/traces/step5_best_traces/best_I_0pA.dat,L796-ALT-PN,Raw or summarized evidence for a model result,2210b238d5e219e51364bd9c25df34b00e2f687cba80053a124b27b47eba2c98,1219658,retained,generated,current/supporting
cells/L796_projection_neuron/traces/step5_best_traces/best_I_0pA.png,L796-ALT-PN,"Visualization of morphology, simulation, or validation output",2970709ad3f703939b2569866f340ba526be06e70f79cd636259f19903b57247,89493,retained,generated,current/supporting
cells/L796_projection_neuron/traces/step5_best_traces/best_I_100pA.dat,L796-ALT-PN,Raw or summarized evidence for a model result,e5ae72c34d12b7b749a62bf048868e585356a21df2374d9fc9f4d1ac0d9098bb,1218154,retained,generated,current/supporting
cells/L796_projection_neuron/traces/step5_best_traces/best_I_100pA.png,L796-ALT-PN,"Visualization of morphology, simulation, or validation output",d1e63d30f1cc64dcc1536bbd3f4aa1c60670b5729d6244a20e2c34077925e7ee,170003,retained,generated,current/supporting
cells/L796_projection_neuron/traces/step5_best_traces/best_I_120pA.dat,L796-ALT-PN,Raw or summarized evidence for a model result,611eb0c7b726c68dddfb72d4e9701b736ac3a17b149bc8af682ba720a0015e02,1217982,retained,generated,current/supporting
cells/L796_projection_neuron/traces/step5_best_traces/best_I_120pA.png,L796-ALT-PN,"Visualization of morphology, simulation, or validation output",522ded5adce9172efea6f1ef775552b08f8e515d7f6acba409c110c15be099b8,180089,retained,generated,current/supporting
cells/L796_projection_neuron/traces/step5_best_traces/best_I_20pA.dat,L796-ALT-PN,Raw or summarized evidence for a model result,d4b5a095984a9e942c29736e3a59adc76697bfcc8511682f2813bb7171a31773,1219658,retained,generated,current/supporting
cells/L796_projection_neuron/traces/step5_best_traces/best_I_20pA.png,L796-ALT-PN,"Visualization of morphology, simulation, or validation output",f2cd933f218f40e2efce8babab98a22420292161c171c64c59533d241d14902b,117761,retained,generated,current/supporting
cells/L796_projection_neuron/traces/step5_best_traces/best_I_40pA.dat,L796-ALT-PN,Raw or summarized evidence for a model result,a117f61fa75e8b8547147f3371d0ce84057c0c9df47b4f1a9d6dc72bbed7fdb5,1219017,retained,generated,current/supporting
cells/L796_projection_neuron/traces/step5_best_traces/best_I_40pA.png,L796-ALT-PN,"Visualization of morphology, simulation, or validation output",df11af7395d33772df2b1f66befcd0f6d226d980e741aa56ed631c179b7ac743,142168,retained,generated,current/supporting
cells/L796_projection_neuron/traces/step5_best_traces/best_I_60pA.dat,L796-ALT-PN,Raw or summarized evidence for a model result,38f76c8f27f1279704904bf14331fbe8579d529f098d4485e6da4f0feb56be80,1218687,retained,generated,current/supporting
cells/L796_projection_neuron/traces/step5_best_traces/best_I_60pA.png,L796-ALT-PN,"Visualization of morphology, simulation, or validation output",67abdc66c31eac8201553156615a18e56733d4c71a98738ee831b8182c286cd7,153300,retained,generated,current/supporting
cells/L796_projection_neuron/traces/step5_best_traces/best_I_80pA.dat,L796-ALT-PN,Raw or summarized evidence for a model result,60dac982069e37cb79d5b48263cbccbb09103ec281b5799a4ce597acdcedc5b1,1218405,retained,generated,current/supporting
cells/L796_projection_neuron/traces/step5_best_traces/best_I_80pA.png,L796-ALT-PN,"Visualization of morphology, simulation, or validation output",4f1f5824ef442dda6892e088816985327c8a3abd1cb0bdb4b302edc223567632,162259,retained,generated,current/supporting
cells/L796_projection_neuron/validation/ais_soma/L796_step5_AIS_soma_summary.csv,L796-ALT-PN,Raw or summarized evidence for a model result,352033138542605fcda26256e04c2c0b46f49c36629fd2cd85ac09ee0001629c,586,retained,generated,current/supporting
cells/L796_projection_neuron/validation/ais_soma/L796_step5_AIS_soma_summary_STIM_WINDOW.csv,L796-ALT-PN,Raw or summarized evidence for a model result,98d449f07b3d6deab7688becdccaec2f58ffaeb140cb5ebd671ef1bdd6dbb1ce,676,retained,generated,current/supporting
cells/L796_projection_neuron/validation/ais_soma/L796_step5_AIS_soma_summary_STIM_WINDOW.md,L796-ALT-PN,"Scientific interpretation, provenance, or run documentation",d4638cacfc7b00bb0c2313b71a67d6c0cd5a6b89cd2da87e45b39bf44938827b,1370,retained,source,current/supporting
cells/L796_projection_neuron/validation/ap_features/L796_model_vs_literature_validation_table.csv,L796-ALT-PN,Raw or summarized evidence for a model result,797bb460c8b78023c8a0434634d7fecd39093bee7c95d4fd2658720118a86061,1078,retained,generated,current/supporting
cells/L796_projection_neuron/validation/ap_features/L796_model_vs_literature_validation_table.md,L796-ALT-PN,"Scientific interpretation, provenance, or run documentation",edcfc9fd7dcae1ed326d70c6ac8e10985d68ac4611efae064eedf9408b26d0dc,2077,retained,source,current/supporting
cells/L796_projection_neuron/validation/ap_features/L796_model_vs_literature_validation_table_STIM_WINDOW.csv,L796-ALT-PN,Raw or summarized evidence for a model result,bcc468349b6bbab6b3df74e8d405470a7ffd78e76ef70aa6b08addf5591c0eb3,1208,retained,generated,current/supporting
cells/L796_projection_neuron/validation/ap_features/L796_model_vs_literature_validation_table_STIM_WINDOW.md,L796-ALT-PN,"Scientific interpretation, provenance, or run documentation",27ce91c6832019bb7895748c6b8c11c928bad1541d6e6430950385bf7f8d888c,2266,retained,source,current/supporting
cells/L796_projection_neuron/validation/baseline_v1/BASELINE_V1_NOTE.md,L796-ALT-PN,"Scientific interpretation, provenance, or run documentation",7da7284ad1a45b07482c40c123ed1ba57c774b56e437f2b30eb91ecad2d1e41e,635,retained,source,current/supporting
cells/L796_projection_neuron/validation/baseline_v1/L796-ALT-PN.CNG.swc,L796-ALT-PN,Cell reconstruction or morphology loader,1abcc0b63e42fa9f3bb27f57cd82bb459159b33f11d7b856bbf33d8773e090dc,169140,retained,source,current/supporting
cells/L796_projection_neuron/validation/baseline_v1/L796_step5_AIS_soma_summary_STIM_WINDOW.csv,L796-ALT-PN,Raw or summarized evidence for a model result,98d449f07b3d6deab7688becdccaec2f58ffaeb140cb5ebd671ef1bdd6dbb1ce,676,retained,generated,current/supporting
cells/L796_projection_neuron/validation/baseline_v1/L796_step5_best_model_features.csv,L796-ALT-PN,Raw or summarized evidence for a model result,8c39373a65925737bb85efad4a5204329eb469217e56ccf7d481a10ce950b142,3029,retained,generated,current/supporting
cells/L796_projection_neuron/validation/baseline_v1/L796_step5_best_tuned_parameter_set.json,L796-ALT-PN,Configuration-driven model parameters,02b4939e9f2dbfd866e47cdb98cbab37b5b3f31314fd86720fe752512094226b,1351,retained,source,current/supporting
cells/L796_projection_neuron/validation/baseline_v1/L796_step5_somatic_AP_features_summary.csv,L796-ALT-PN,Raw or summarized evidence for a model result,ed0b45a8830b36696bc163b5ede93edc8d94ca1492411a809a812bb68eb3c79d,1759,retained,generated,current/supporting
cells/L796_projection_neuron/validation/baseline_v1/L796_step5_somatic_AP_features_summary_STIM_WINDOW.csv,L796-ALT-PN,Raw or summarized evidence for a model result,c17fd7348b66bee2b0e13cd1f67aef69a2a116a973b024b71fa6641e77ad4537,1727,retained,generated,current/supporting
cells/L796_projection_neuron/validation/baseline_v1/L796_step5_tuned_FI_curve.png,L796-ALT-PN,"Visualization of morphology, simulation, or validation output",2c32c9ae0ccc827caeec311a35ba6b48664385446276e62708b96988e38c6bac,92218,retained,generated,current/supporting
cells/L796_projection_neuron/validation/baseline_v1/L796_step5_tuned_frequency_curve.png,L796-ALT-PN,"Visualization of morphology, simulation, or validation output",4d8b8a33dd0fbe388b75a8abe4efcba515e988622b9c592ea68c0dbc8fb12337,91434,retained,generated,current/supporting
docs/duplicate_file_audit_before_cleanup.csv,legacy/shared project,Raw or summarized evidence for a model result,d71d98878fcfa68d179db7b73f160c7b1f51e44459639ef9543d9a6302345772,26054,retained,generated,current/supporting
docs/model_status.md,legacy/shared project,"Scientific interpretation, provenance, or run documentation",a00151d4c14e8ce22a7c37671568851162b664999ac5efb227121ecdb86de1b0,2752,retained,source,current/supporting
docs/repository_audit_before_cleanup.csv,legacy/shared project,Raw or summarized evidence for a model result,ce0887ec1e01afdb36d88c9a4ef21382d7a2441613ca66e67bb6670bcf61d089,200999,retained,generated,current/supporting
docs/repository_audit_before_cleanup.md,legacy/shared project,"Scientific interpretation, provenance, or run documentation",bd2e1844bebea14ee83b797b9b920c76656e3eec76067d77d048de5b07ee5b19,1203,retained,source,current/supporting
docs/source_collection_duplicate_audit.csv,legacy/shared project,Raw or summarized evidence for a model result,fc5e582508cc02e1e7e76af955b4f776d6321bf66ec35a80d62d723a70d0d2c0,16344,retained,generated,current/supporting
docs/source_collections_before_import.csv,legacy/shared project,Raw or summarized evidence for a model result,b141f4b14030754c2b8b35b90d2aba6bf46709c76d5d6a03cdde7f09a4a50c74,259941,retained,generated,current/supporting
docs/source_collections_before_import.md,legacy/shared project,"Scientific interpretation, provenance, or run documentation",fbb7a048dbab7b1afa936e87d2730b4f92b8dfd4d5d48026400473ea76594a90,1245,retained,source,current/supporting
docs/validation_report.md,legacy/shared project,"Scientific interpretation, provenance, or run documentation",ddb4a5b854456fe5afb409744f54cdc5d88d023da639dc37c6a5369d32afb008,2931,retained,source,current/supporting
environment/environment.yml,legacy/shared project,Software environment or build metadata,016a5054c9182dda112bed7e330adb777b2c3f92a713b44028e82ed2752bcdfe,200,retained,source,current/supporting
external/medlock_267056_excitatory_scaffold/.gitattributes,external Medlock reproduction,Project metadata or historical artifact,2a696f03a54a1d8f7a5542e8d94d8a36c821d56595c2d2122c6ff1f22eae064c,103,retained,source,current/supporting
external/medlock_267056_excitatory_scaffold/.github/workflows/tests.yml,external Medlock reproduction,Software environment or build metadata,21c7b1e7fefbe56b832046043fe6562335fe7eb0f57ff8ed16e13ef8e530ef4f,870,retained,source,current/supporting
external/medlock_267056_excitatory_scaffold/.gitignore,external Medlock reproduction,Project metadata or historical artifact,3a19c5114dea4e14ec973e5ed4659cd2f7ccd6adb012b99a49927fde35978d53,239,retained,source,current/supporting
external/medlock_267056_excitatory_scaffold/AGENTS.md,external Medlock reproduction,"Scientific interpretation, provenance, or run documentation",630262a242b3d3c48532406428e45e04c422ce722c738124092e3f65259c9bce,905,retained,source,current/supporting
external/medlock_267056_excitatory_scaffold/environment.yml,external Medlock reproduction,Software environment or build metadata,ebb91ff2b900f9a2dbd4accad46e98109219356b14ed40bd4409a73fb785cddf,107,retained,source,current/supporting
external/medlock_267056_excitatory_scaffold/mods/B_NA.mod,external Medlock reproduction,Executable membrane or synaptic mechanism source,7177506efad6b6f60f1b9ac86686617bf5ffc94b8754585e2bb1e3ae6ae77496,1894,retained,source,current/supporting
external/medlock_267056_excitatory_scaffold/mods/borgka.mod,external Medlock reproduction,Executable membrane or synaptic mechanism source,11229af171b80435e0d20a472d1d64eebe90b4acdc5533877c8804f212a4910d,2279,retained,source,current/supporting
external/medlock_267056_excitatory_scaffold/mods/CaIntraCellDyn.mod,external Medlock reproduction,Executable membrane or synaptic mechanism source,7a6578df5a3122edf4536ff98edbb42a769c4d23b981a32fc82c1f1779fb6bd5,2274,retained,source,current/supporting
external/medlock_267056_excitatory_scaffold/mods/HH2.mod,external Medlock reproduction,Executable membrane or synaptic mechanism source,8610826d2f69d7bae61780022490db020d5a5beeffbecb8caa396a404e1e27ba,2463,retained,source,current/supporting
external/medlock_267056_excitatory_scaffold/mods/iKCa.mod,external Medlock reproduction,Executable membrane or synaptic mechanism source,7ef01e9f2129281b83aa4f3080c06203d1096c45f041eadf5b7221c105ec61c8,2633,retained,source,current/supporting
external/medlock_267056_excitatory_scaffold/mods/KDRI.mod,external Medlock reproduction,Executable membrane or synaptic mechanism source,fc6e0b93628d41f318c64ab134ddaa3e4f9e840be180fe5857a528ae75a3ce36,1818,retained,source,current/supporting
external/medlock_267056_excitatory_scaffold/mods/MANIFEST.txt,external Medlock reproduction,"Scientific interpretation, provenance, or run documentation",e53b0aabecb32fe649a792ee5bdc8058b765466c80ea15cc1804abf922f7e242,1058,retained,source,current/supporting
external/medlock_267056_excitatory_scaffold/pyproject.toml,external Medlock reproduction,Software environment or build metadata,347865757bfdf80951377ce807f65fda79899e1e2564e6e38c1928915013b0f9,635,retained,source,current/supporting
external/medlock_267056_excitatory_scaffold/README.md,external Medlock reproduction,"Scientific interpretation, provenance, or run documentation",e616aee6902b758c55d3bd6f5922739955e235c0c493e45d8685026138a85cd7,4796,retained,source,current/supporting
external/medlock_267056_excitatory_scaffold/src/sdh_exc/__init__.py,external Medlock reproduction,"Simulation, analysis, extraction, or validation workflow",88de479efe5d48bffb17a669207d5b54637bb488036cd083d5017140f00905cc,93,retained,source,current/supporting
external/medlock_267056_excitatory_scaffold/src/sdh_exc/catalog.py,external Medlock reproduction,"Simulation, analysis, extraction, or validation workflow",2ca3a0c730fa1c73aaba51e2ddc7ddb035910e21c44f3d041e7f46fac5f6fe01,3108,retained,source,current/supporting
external/medlock_267056_excitatory_scaffold/src/sdh_exc/cell_rules.py,external Medlock reproduction,"Simulation, analysis, extraction, or validation workflow",dfe90d188ef29bdc2c8a0c97728c1c67e70e7ab552ab7f0ce9141f954fb58358,6970,retained,source,current/supporting
external/medlock_267056_excitatory_scaffold/src/sdh_exc/data/populations.json,external Medlock reproduction,Project metadata or historical artifact,9117af38c464ad8f84cf1f6bbf63936184fcb98df573904da082d03fcc58bd6e,1581,retained,source,current/supporting
external/medlock_267056_excitatory_scaffold/src/sdh_exc/netparams.py,external Medlock reproduction,"Simulation, analysis, extraction, or validation workflow",2478b58560c89a80e50ee26a9390458cc3eb0f7b36358a2e9be2aa330dfaecb5,2956,retained,source,current/supporting
external/medlock_267056_excitatory_scaffold/src/sdh_exc/run.py,external Medlock reproduction,"Simulation, analysis, extraction, or validation workflow",b4aa3993c84e123a924964b6371efc144e0f6fd19257c73c1e5f9c8f55dd0d33,4266,retained,source,current/supporting
external/medlock_267056_excitatory_scaffold/src/sdh_exc/sim_config.py,external Medlock reproduction,"Simulation, analysis, extraction, or validation workflow",395b33cd396641de93ddfb0fcbc1ba4205b36151865bd65e3a3796ef5af76f8a,1688,retained,source,current/supporting
external/medlock_267056_excitatory_scaffold/tests/test_catalog.py,external Medlock reproduction,"Simulation, analysis, extraction, or validation workflow",b71584ff0379838de66a4fd6fdcf3f8a9da8b3ec67460b138d7770fa8a56a71b,1779,retained,source,current/supporting
external/medlock_267056_excitatory_scaffold/tests/test_rules_and_mods.py,external Medlock reproduction,"Simulation, analysis, extraction, or validation workflow",0384cbf75ff0abd2cd671451477e37ede78bef8211afb79618e2698ea6a2a622,4093,retained,source,current/supporting
external/medlock_267056_excitatory_scaffold/THIRD_PARTY_NOTICE.md,external Medlock reproduction,"Scientific interpretation, provenance, or run documentation",18f2238291f37740c544cce466de6309b0fc28a10d71ad32f6eb03bfe61abfe2,1106,retained,source,current/supporting
README.md,legacy/shared project,"Scientific interpretation, provenance, or run documentation",4911478344f96f3a7782388ba71e0bb5828945910a46f71465d8306c7fae955d,3643,retained,source,current/supporting
requirements.txt,legacy/shared project,"Scientific interpretation, provenance, or run documentation",5cbdfea34dbfecad8119af8561ebada7720eebfa6dc1b70527d74d727d2e87b6,75,retained,source,current/supporting
scripts/repository_inventory.py,shared morphology screening,"Simulation, analysis, extraction, or validation workflow",440d291cf120a0d6d6f6f21f43ad984e6b3ac95d13dc082eb7ab6df570d96b50,37088,retained,source,current/supporting
scripts/run_smoke_tests.sh,shared morphology screening,"Simulation, analysis, extraction, or validation workflow",ee62a8422d9be986c3f8f3aceb69abe23f1ac4fe6629ad2ca131d5b5027cf751,861,retained,source,current/supporting
shared/mechanisms/medlock_267056/AMPA_DynSyn.mod,shared mechanisms,Executable membrane or synaptic mechanism source,d91aa61d798d8a5cd2423f244fae15651792009c9e19d0be85d806e22412c148,1782,retained,source,current/supporting
shared/mechanisms/medlock_267056/B_A.mod,shared mechanisms,Executable membrane or synaptic mechanism source,cfc0dc8dd558d10e96a8d3f9fb4ebd2caf335c421000ce4d2a5e3ccce63dd2b2,1502,retained,source,current/supporting
shared/mechanisms/medlock_267056/B_DR.mod,shared mechanisms,Executable membrane or synaptic mechanism source,3e879c1b0a4ea0f81896495e44a8a0eacdeb6677d46706e7d9e76d8228f141a9,1111,retained,source,current/supporting
shared/mechanisms/medlock_267056/B_NA.mod,shared mechanisms,Executable membrane or synaptic mechanism source,7177506efad6b6f60f1b9ac86686617bf5ffc94b8754585e2bb1e3ae6ae77496,1894,retained,source,current/supporting
shared/mechanisms/medlock_267056/borgka.mod,shared mechanisms,Executable membrane or synaptic mechanism source,90463e07d702f203548af574b76bd29eaf8f42e347474d4ca8c47d942892a2fa,2399,retained,source,current/supporting
shared/mechanisms/medlock_267056/CaIntraCellDyn.mod,shared mechanisms,Executable membrane or synaptic mechanism source,1bc6be5184381f909bf8f7c0648f742143d4a1766f5d06f81c22255a7cc6328c,2360,retained,source,current/supporting
shared/mechanisms/medlock_267056/GABAa_DynSyn.mod,shared mechanisms,Executable membrane or synaptic mechanism source,4ba19bfd12dd0de81b34772dcecd9021a40d79139c4677699fbe73766f989576,1644,retained,source,current/supporting
shared/mechanisms/medlock_267056/GABAb_DynSyn.mod,shared mechanisms,Executable membrane or synaptic mechanism source,3e59e407fd6ca9aef77dd5d91701fc641842a58edc491573b2f8a84b194cb122,1646,retained,source,current/supporting
shared/mechanisms/medlock_267056/Glycine_DynSyn.mod,shared mechanisms,Executable membrane or synaptic mechanism source,5bd41347728ba63d131d8da5dc6061da2ea1cdfe04483a6334ef16ea071bfc29,1768,retained,source,current/supporting
shared/mechanisms/medlock_267056/HH2.mod,shared mechanisms,Executable membrane or synaptic mechanism source,c757964c0b3b7de363be293d2f064d40579748eb85d9f465b5cd1b853621ad0e,2719,retained,source,current/supporting
shared/mechanisms/medlock_267056/HH2new.mod,shared mechanisms,Executable membrane or synaptic mechanism source,a0084d17cf17644e8e1d1b94535a1f2cbeb1cec1bdeb43f381cc0b1cc88abf7d,2188,retained,source,current/supporting
shared/mechanisms/medlock_267056/iCaAN.mod,shared mechanisms,Executable membrane or synaptic mechanism source,93629abe92da28eb92c4cdf5803a28d582623a054e1c0e5d89fe4cbf148d5acb,3212,retained,source,current/supporting
shared/mechanisms/medlock_267056/iCaL.mod,shared mechanisms,Executable membrane or synaptic mechanism source,9932e9ed633b8e77936c3e60a1f97984f756edd1d993016f0005b4ddae1930e2,2027,retained,source,current/supporting
shared/mechanisms/medlock_267056/iKCa.mod,shared mechanisms,Executable membrane or synaptic mechanism source,7459c6c1478306843014917e3df9366b42055c0c58cdc3d2d4b56964c3036971,2730,retained,source,current/supporting
shared/mechanisms/medlock_267056/iNaP.mod,shared mechanisms,Executable membrane or synaptic mechanism source,6f801b3815bf7a1db14f00071edc4583af0a866b30863cc83f8f2d3d9333f576,2239,retained,source,current/supporting
shared/mechanisms/medlock_267056/KDR.mod,shared mechanisms,Executable membrane or synaptic mechanism source,f5ee2d416b68b04019b88a43684373d1f51e00866c7a122602a64a520c4c92ad,1310,retained,source,current/supporting
shared/mechanisms/medlock_267056/KDRI.mod,shared mechanisms,Executable membrane or synaptic mechanism source,fc6e0b93628d41f318c64ab134ddaa3e4f9e840be180fe5857a528ae75a3ce36,1818,retained,source,current/supporting
shared/mechanisms/medlock_267056/MANIFEST.txt,shared mechanisms,"Scientific interpretation, provenance, or run documentation",91e7d75053222e7a475225a95129f7965d5f56f6fbae4ebc90a87275e7637188,3051,retained,source,current/supporting
shared/mechanisms/medlock_267056/NK1_DynSyn.mod,shared mechanisms,Executable membrane or synaptic mechanism source,e29ed3493cedae4546cae68ca719c0e31dbd9fd4647ac8c1b009aca476e91c7d,3734,retained,source,current/supporting
shared/mechanisms/medlock_267056/NMDA_DynSyn.mod,shared mechanisms,Executable membrane or synaptic mechanism source,cc83f9bbb0ed1cb81b07fa0a3bab9cbf81e19604a9ec5766137023d8fc08e8b4,2242,retained,source,current/supporting
shared/mechanisms/medlock_267056/SS.mod,shared mechanisms,Executable membrane or synaptic mechanism source,210ebd45d402872ab2c5880cd2d07a9e03ec6fdab4e2520aeef2ffa4344c6f8e,1680,retained,source,current/supporting
shared/mechanisms/medlock_267056/vecevent.mod,shared mechanisms,Executable membrane or synaptic mechanism source,ae45ebdcb50da753b89b16de76eb89d0c0eac049c3ce2c8a29b5ea78f0cb3a5f,1106,retained,source,current/supporting
shared/mechanisms/medlock_267056/vsource.mod,shared mechanisms,Executable membrane or synaptic mechanism source,2736732f087b3adb29e360d38a170b0f468bc6ddfeed6d0504543bbe6c1812d9,1164,retained,source,current/supporting
shared/mechanisms/README.md,shared mechanisms,"Scientific interpretation, provenance, or run documentation",6b6eab72014e85ae4436e8e5aebb079adbd7eff166e23f9fbc7f55dcbf8013c9,883,retained,source,current/supporting
tests/test_repository_structure.py,legacy/shared project,"Simulation, analysis, extraction, or validation workflow",1f1d591afd1ab4d1dd9a6f24dcf49c315b2c8038eadd4a7506a43490f424f950,3652,retained,source,current/supporting
